sample,strategy,entry_idx,exit_idx,side,entry_price,exit_price,exit_type,pnl
TRAIN,late_limit_97_to_99,270.0,,UP,0.5076206011241415,1.0,settlement,9.679752094092894
TRAIN,late_limit_97_to_99,270.0,,UP,0.5078295097011429,1.0,settlement,9.671648100333886
TRAIN,late_limit_97_to_99,270.0,,DOWN,0.5065249973291928,1.0,settlement,9.72236227773169
TRAIN,late_limit_97_to_99,270.0,,DOWN,0.5091799029272619,1.0,settlement,9.619423988476889
TRAIN,late_limit_97_to_99,270.0,,DOWN,0.5075006429607113,1.0,settlement,9.684408533673839
TRAIN,late_limit_97_to_99,270.0,,UP,0.5065052369418348,1.0,settlement,9.723132490352441
TRAIN,late_limit_97_to_99,270.0,,UP,0.5061523422840557,1.0,settlement,9.736897606902588
TRAIN,late_limit_97_to_99,270.0,,DOWN,0.5055658567906074,1.0,settlement,9.759816745302377
TRAIN,late_limit_97_to_99,270.0,,DOWN,0.5062981762348749,1.0,settlement,9.731206836978487
TRAIN,late_limit_97_to_99,270.0,,UP,0.5073984800162934,1.0,settlement,9.688375948778727
TRAIN,late_limit_97_to_99,270.0,,UP,0.5056653841536334,1.0,settlement,9.75592359172001
TRAIN,late_limit_97_to_99,270.0,,DOWN,0.5072520787875189,1.0,settlement,9.694064107736988
TRAIN,late_limit_97_to_99,270.0,,DOWN,0.5054437739458886,1.0,settlement,9.76459428223281
TRAIN,late_limit_97_to_99,270.0,,DOWN,0.5067216724185055,1.0,settlement,9.71469962765066
TRAIN,late_limit_97_to_99,270.0,,DOWN,0.5054449101825135,1.0,settlement,9.764549806603164
TRAIN,late_limit_97_to_99,270.0,,UP,0.5061848469232336,1.0,settlement,9.73562891853333
TRAIN,late_limit_97_to_99,270.0,,UP,0.5057009009486819,1.0,settlement,9.754534673045384
TRAIN,late_limit_97_to_99,270.0,,DOWN,0.5066482274255774,1.0,settlement,9.717560419016607
TRAIN,late_limit_97_to_99,270.0,,UP,0.5052077532447518,1.0,settlement,9.77383716060158
TRAIN,late_limit_97_to_99,270.0,,DOWN,0.5050602518155572,1.0,settlement,9.779617895196981
TRAIN,late_limit_97_to_99,270.0,,DOWN,0.5052616515608456,1.0,settlement,9.771725671457894
TRAIN,late_limit_97_to_99,270.0,,DOWN,0.505696070471525,1.0,settlement,9.754723562071035
TRAIN,late_limit_97_to_99,270.0,,DOWN,0.5050234704789635,1.0,settlement,9.781059920078597
TRAIN,late_limit_97_to_99,270.0,,DOWN,0.505406994584846,1.0,settlement,9.76603404215696
TRAIN,late_limit_97_to_99,270.0,,DOWN,0.5082603090972413,1.0,settlement,9.65495753851356
TRAIN,late_limit_97_to_99,270.0,,DOWN,0.5055375103815062,1.0,settlement,9.760925835658476
TRAIN,late_limit_97_to_99,270.0,,UP,0.5052270502351788,1.0,settlement,9.77308114113266
TRAIN,late_limit_97_to_99,270.0,,DOWN,0.5050839587810556,1.0,settlement,9.778688566814715
TRAIN,late_limit_97_to_99,270.0,,UP,0.5053152191308046,1.0,settlement,9.769627585729665
TRAIN,late_limit_97_to_99,270.0,,UP,0.5054987516882284,1.0,settlement,9.762442521574421
TRAIN,late_limit_97_to_99,270.0,,DOWN,0.5067983976437319,1.0,settlement,9.71171195191856
TRAIN,late_limit_97_to_99,270.0,,DOWN,0.5109086715561871,1.0,settlement,9.552969802099458
TRAIN,late_limit_97_to_99,270.0,,UP,0.5086339689850683,1.0,settlement,9.640503642637295
TRAIN,late_limit_97_to_99,270.0,,DOWN,0.510443078885826,1.0,settlement,9.570822980355786
TRAIN,late_limit_97_to_99,270.0,,UP,0.5054498975461835,1.0,settlement,9.76435458894576
TRAIN,late_limit_97_to_99,270.0,,DOWN,0.5054456102806023,1.0,settlement,9.764522402812872
TRAIN,late_limit_97_to_99,270.0,,UP,0.5094864590049422,1.0,settlement,9.60760702125549
TRAIN,late_limit_97_to_99,270.0,,UP,0.5067372831607546,1.0,settlement,9.714091672957984
TRAIN,late_limit_97_to_99,270.0,,UP,0.506812155480909,1.0,settlement,9.711176318198408
TRAIN,late_limit_97_to_99,270.0,,DOWN,0.5095310362081215,1.0,settlement,9.605889866138462
TRAIN,late_limit_97_to_99,270.0,,UP,0.509623188720358,1.0,settlement,9.602341018487746
TRAIN,late_limit_97_to_99,270.0,,DOWN,0.5061345460390715,1.0,settlement,9.737592281061254
TRAIN,late_limit_97_to_99,270.0,,DOWN,0.5051429154812591,1.0,settlement,9.776377804235487
TRAIN,late_limit_97_to_99,270.0,,DOWN,0.5059261410165715,1.0,settlement,9.74573098181233
TRAIN,late_limit_97_to_99,270.0,,UP,0.5077613964944065,1.0,settlement,9.674289619179742
TRAIN,late_limit_97_to_99,270.0,,UP,0.5055413688298521,1.0,settlement,9.760774861504277
TRAIN,late_limit_97_to_99,270.0,,DOWN,0.5064506857566993,1.0,settlement,9.725259077019071
TRAIN,late_limit_97_to_99,270.0,,UP,0.507054427517606,1.0,settlement,9.701748706459682
TRAIN,late_limit_97_to_99,270.0,,UP,0.5056102293213616,1.0,settlement,9.75808086165932
TRAIN,late_limit_97_to_99,270.0,,DOWN,0.5051242646143027,1.0,settlement,9.77710875231007
TRAIN,late_limit_97_to_99,270.0,,DOWN,0.5061824966676757,1.0,settlement,9.735720645878647
TRAIN,late_limit_97_to_99,270.0,,UP,0.5073374058092325,1.0,settlement,9.690748479208668
TRAIN,late_limit_97_to_99,270.0,,DOWN,0.5070415135529966,1.0,settlement,9.702251004512252
TRAIN,late_limit_97_to_99,270.0,,UP,0.5051701195792458,1.0,settlement,9.775311742367027
TRAIN,late_limit_97_to_99,270.0,,UP,0.507065304420647,1.0,settlement,9.701325661249115
TRAIN,late_limit_97_to_99,270.0,,DOWN,0.5057497268388823,1.0,settlement,9.752625607736057
TRAIN,late_limit_97_to_99,270.0,,UP,0.505405345849349,1.0,settlement,9.766098588242464
TRAIN,late_limit_97_to_99,270.0,,UP,0.5070739305516506,1.0,settlement,9.70099017025171
TRAIN,late_limit_97_to_99,270.0,,DOWN,0.506738664875656,1.0,settlement,9.714037864376916
TRAIN,late_limit_97_to_99,270.0,,DOWN,0.5060888053908058,1.0,settlement,9.739377985604563
TRAIN,late_limit_97_to_99,270.0,,DOWN,0.5051644804074552,1.0,settlement,9.775532718242992
TRAIN,late_limit_97_to_99,270.0,,DOWN,0.5075930867056372,1.0,settlement,9.68081993216584
TRAIN,late_limit_97_to_99,270.0,,DOWN,0.5076384705567311,1.0,settlement,9.679058641148536
TRAIN,late_limit_97_to_99,270.0,,DOWN,0.5062881095125974,1.0,settlement,9.731599557862381
TRAIN,late_limit_97_to_99,270.0,,DOWN,0.50545403651666,1.0,settlement,9.764192582405851
TRAIN,late_limit_97_to_99,270.0,,UP,0.5062787025466559,1.0,settlement,9.731966554584538
TRAIN,late_limit_97_to_99,270.0,,DOWN,0.5059615546757562,1.0,settlement,9.74434752321936
TRAIN,late_limit_97_to_99,270.0,,UP,0.5078676506908661,1.0,settlement,9.670169252553748
TRAIN,late_limit_97_to_99,270.0,,UP,0.505868773322735,1.0,settlement,9.747972500686817
TRAIN,late_limit_97_to_99,270.0,,DOWN,0.5054062188457736,1.0,settlement,9.766064411390897
TRAIN,late_limit_97_to_99,270.0,,UP,0.505263350340047,1.0,settlement,9.771659128392958
TRAIN,late_limit_97_to_99,270.0,,UP,0.5056507967486934,1.0,settlement,9.756494102846165
TRAIN,late_limit_97_to_99,270.0,,UP,0.5060798301708584,1.0,settlement,9.739728414040695
TRAIN,late_limit_97_to_99,270.0,,DOWN,0.5068406142018157,1.0,settlement,9.71006842742512
TRAIN,late_limit_97_to_99,270.0,,DOWN,0.5063523224514863,1.0,settlement,9.729094763869877
TRAIN,late_limit_97_to_99,270.0,,DOWN,0.5056995039367903,1.0,settlement,9.754589300862644
TRAIN,late_limit_97_to_99,270.0,,UP,0.5069077603377625,1.0,settlement,9.707454938422732
TRAIN,late_limit_97_to_99,270.0,,DOWN,0.5183589236210879,1.0,settlement,9.271652066377545
TRAIN,late_limit_97_to_99,270.0,,DOWN,0.5079042494503151,1.0,settlement,9.668750410776457
TRAIN,late_limit_97_to_99,270.0,,DOWN,0.5054038052940032,1.0,settlement,9.766158899580912
TRAIN,late_limit_97_to_99,270.0,,DOWN,0.5075822295697899,1.0,settlement,9.681241330839484
TRAIN,late_limit_97_to_99,270.0,,UP,0.507571032967348,1.0,settlement,9.681675924132772
TRAIN,late_limit_97_to_99,270.0,,DOWN,0.5057464552948069,1.0,settlement,9.752753511778657
TRAIN,late_limit_97_to_99,270.0,,DOWN,0.5059371000376789,1.0,settlement,9.745302839533345
TRAIN,late_limit_97_to_99,270.0,,DOWN,0.5064447451479452,1.0,settlement,9.725490689371746
TRAIN,late_limit_97_to_99,270.0,,UP,0.5064119976501988,1.0,settlement,9.726767545794683
TRAIN,late_limit_97_to_99,270.0,,UP,0.5056535672179382,1.0,settlement,9.756385747695063
TRAIN,late_limit_97_to_99,270.0,,UP,0.5059847603396833,1.0,settlement,9.743441083258492
TRAIN,late_limit_97_to_99,270.0,,DOWN,0.5057188422368067,1.0,settlement,9.7538331357593
TRAIN,late_limit_97_to_99,270.0,,DOWN,0.5051334873759891,1.0,settlement,9.776747295347377
TRAIN,late_limit_97_to_99,270.0,,DOWN,0.5078770430633943,1.0,settlement,9.669805114407936
TRAIN,late_limit_97_to_99,270.0,,DOWN,0.5051647602795531,1.0,settlement,9.77552175109384
TRAIN,late_limit_97_to_99,270.0,,DOWN,0.5055047627004322,1.0,settlement,9.762207286395267
TRAIN,late_limit_97_to_99,270.0,,DOWN,0.5067923846997552,1.0,settlement,9.7119460629315
TRAIN,late_limit_97_to_99,270.0,,UP,0.5053796176620069,1.0,settlement,9.767105871546853
TRAIN,late_limit_97_to_99,270.0,,UP,0.5084198907281074,1.0,settlement,9.648782009450915
TRAIN,late_limit_97_to_99,270.0,,DOWN,0.5050063420689644,1.0,settlement,9.78173151693684
TRAIN,late_limit_97_to_99,270.0,,DOWN,0.5061467114748067,1.0,settlement,9.73711739954226
TRAIN,late_limit_97_to_99,270.0,,DOWN,0.5058615784842727,1.0,settlement,9.748253659357331
TRAIN,late_limit_97_to_99,270.0,,DOWN,0.5082276340289147,1.0,settlement,9.6562224846496
TRAIN,late_limit_97_to_99,270.0,,UP,0.5060251449104467,1.0,settlement,9.741863813644557
TRAIN,late_limit_97_to_99,270.0,,DOWN,0.5068387879535966,1.0,settlement,9.71013951906843
TRAIN,late_limit_97_to_99,270.0,,UP,0.5075404568711531,1.0,settlement,9.682862825255825
TRAIN,late_limit_97_to_99,270.0,,DOWN,0.5064014116643668,1.0,settlement,9.727180338880668
TRAIN,late_limit_97_to_99,270.0,,DOWN,0.5064549553146237,1.0,settlement,9.725092618923487
TRAIN,late_limit_97_to_99,270.0,,UP,0.5061101745822532,1.0,settlement,9.738543697040015
TRAIN,late_limit_97_to_99,270.0,,DOWN,0.5075039839958572,1.0,settlement,9.684278814255833
TRAIN,late_limit_97_to_99,270.0,,UP,0.5077909036600584,1.0,settlement,9.673145205874974
TRAIN,late_limit_97_to_99,270.0,,UP,0.5079464672985439,1.0,settlement,9.6671139850305
TRAIN,late_limit_97_to_99,270.0,,DOWN,0.505597281627178,1.0,settlement,9.758587352797306
TRAIN,late_limit_97_to_99,270.0,,DOWN,0.5056112957523852,1.0,settlement,9.758039145900206
TRAIN,late_limit_97_to_99,270.0,,DOWN,0.5055776958203083,1.0,settlement,9.759353564588785
TRAIN,late_limit_97_to_99,270.0,,UP,0.5066949868521329,1.0,settlement,9.715738974102514
TRAIN,late_limit_97_to_99,270.0,,DOWN,0.5069984533375453,1.0,settlement,9.703926047841968
TRAIN,late_limit_97_to_99,270.0,,UP,0.5077370689768103,1.0,settlement,9.675233243757365
TRAIN,late_limit_97_to_99,270.0,,UP,0.5067918903436314,1.0,settlement,9.7119653106909
TRAIN,late_limit_97_to_99,270.0,,DOWN,0.5050893771022098,1.0,settlement,9.77847617736851
TRAIN,late_limit_97_to_99,270.0,,DOWN,0.5051144967480999,1.0,settlement,9.777491587312312
TRAIN,late_limit_97_to_99,270.0,,UP,0.5050578376758488,1.0,settlement,9.779712535929601
TRAIN,late_limit_97_to_99,270.0,,UP,0.5055398767890428,1.0,settlement,9.760833242108237
TRAIN,late_limit_97_to_99,270.0,,UP,0.5060076187050022,1.0,settlement,9.742548290463404
TRAIN,late_limit_97_to_99,270.0,,UP,0.5066452858115721,1.0,settlement,9.717675016518616
TRAIN,late_limit_97_to_99,270.0,,DOWN,0.5054179079533517,1.0,settlement,9.765606807036534
TRAIN,late_limit_97_to_99,270.0,,DOWN,0.5054542091785286,1.0,settlement,9.764185824176128
TRAIN,late_limit_97_to_99,270.0,,DOWN,0.5055673845449614,1.0,settlement,9.759756973445889
TRAIN,late_limit_97_to_99,270.0,,DOWN,0.5087619089962511,1.0,settlement,9.635559551872205
TRAIN,late_limit_97_to_99,270.0,,UP,0.5060722492439363,1.0,settlement,9.740024413391243
TRAIN,late_limit_97_to_99,270.0,,UP,0.5125531584544296,1.0,settlement,9.490171452565708
TRAIN,late_limit_97_to_99,270.0,,DOWN,0.5086921672373682,1.0,settlement,9.638254331511568
TRAIN,late_limit_97_to_99,270.0,,UP,0.5092408670382721,1.0,settlement,9.617072841698011
TRAIN,late_limit_97_to_99,270.0,,DOWN,0.507236459827248,1.0,settlement,9.694671148453622
TRAIN,late_limit_97_to_99,270.0,,UP,0.5050732941247194,1.0,settlement,9.77910661744604
TRAIN,late_limit_97_to_99,270.0,,DOWN,0.5074052710564273,1.0,settlement,9.688112174672156
TRAIN,late_limit_97_to_99,270.0,,DOWN,0.5056007167512117,1.0,settlement,9.758452974228376
TRAIN,late_limit_97_to_99,270.0,,DOWN,0.5107682364077566,1.0,settlement,9.558351367990703
TRAIN,late_limit_97_to_99,270.0,,UP,0.5083516235720954,1.0,settlement,9.651423354039473
TRAIN,late_limit_97_to_99,270.0,,UP,0.5063321637741589,1.0,settlement,9.729881037500778
TRAIN,late_limit_97_to_99,270.0,,UP,0.5072210897501943,1.0,settlement,9.69526855266406
TRAIN,late_limit_97_to_99,270.0,,DOWN,0.5063609814072342,1.0,settlement,9.728757047213382
TRAIN,late_limit_97_to_99,270.0,,DOWN,0.5080009580994832,1.0,settlement,9.665002243719535
TRAIN,late_limit_97_to_99,270.0,,DOWN,0.5070511141953965,1.0,settlement,9.701877578098397
TRAIN,late_limit_97_to_99,270.0,,DOWN,0.5098671625018482,1.0,settlement,9.592951638092114
TRAIN,late_limit_97_to_99,270.0,,UP,0.5067928815345065,1.0,settlement,9.711926718704554
TRAIN,late_limit_97_to_99,270.0,,DOWN,0.507628798092122,1.0,settlement,9.67943399110554
TRAIN,late_limit_97_to_99,270.0,,DOWN,0.5116289211678087,1.0,settlement,9.52541580091816
TRAIN,late_limit_97_to_99,270.0,,DOWN,0.5131171821687205,1.0,settlement,9.468725670293093
TRAIN,late_limit_97_to_99,270.0,,DOWN,0.5077013977882922,1.0,settlement,9.676617034270858
TRAIN,late_limit_97_to_99,270.0,,UP,0.5070252915562193,1.0,settlement,9.702882007141834
TRAIN,late_limit_97_to_99,270.0,,UP,0.506356171672223,1.0,settlement,9.72894463510805
TRAIN,late_limit_97_to_99,270.0,,DOWN,0.5068026559651555,1.0,settlement,9.711546159630892
TRAIN,late_limit_97_to_99,270.0,,DOWN,0.5053986833744236,1.0,settlement,9.766359420710085
TRAIN,late_limit_97_to_99,270.0,,DOWN,0.5060758868844889,1.0,settlement,9.739882379621232
TRAIN,late_limit_97_to_99,270.0,,UP,0.5079859305765424,1.0,settlement,9.665584576427985
TRAIN,late_limit_97_to_99,270.0,,UP,0.5084369070300545,1.0,settlement,9.648123737148147
TRAIN,late_limit_97_to_99,270.0,,DOWN,0.507528620129225,1.0,settlement,9.683322341612655
TRAIN,late_limit_97_to_99,270.0,,DOWN,0.5058284239326948,1.0,settlement,9.74954937061938
TRAIN,late_limit_97_to_99,270.0,,UP,0.5062984120698781,1.0,settlement,9.731197636819417
TRAIN,late_limit_97_to_99,270.0,,UP,0.5069063136611237,1.0,settlement,9.7075112392567
TRAIN,late_limit_97_to_99,270.0,,UP,0.5052948376804868,1.0,settlement,9.770425815359907
TRAIN,late_limit_97_to_99,270.0,,DOWN,0.5078418037025777,1.0,settlement,9.671171398439256
TRAIN,late_limit_97_to_99,270.0,,UP,0.507234994620995,1.0,settlement,9.69472809653439
TRAIN,late_limit_97_to_99,270.0,,DOWN,0.508345308566627,1.0,settlement,9.651667725619102
TRAIN,late_limit_97_to_99,270.0,,UP,0.5072087611394888,1.0,settlement,9.695747767317993
TRAIN,late_limit_97_to_99,270.0,,DOWN,0.5052688009075174,1.0,settlement,9.771445626642532
TRAIN,late_limit_97_to_99,270.0,,UP,0.5077501967825538,1.0,settlement,9.674724026434088
TRAIN,late_limit_97_to_99,270.0,,DOWN,0.5057956577125245,1.0,settlement,9.750830072415585
TRAIN,late_limit_97_to_99,270.0,,UP,0.5066420151017998,1.0,settlement,9.717802436283723
TRAIN,late_limit_97_to_99,270.0,,DOWN,0.5057253569870135,1.0,settlement,9.753578409391068
TRAIN,late_limit_97_to_99,270.0,,DOWN,0.5054563398560138,1.0,settlement,9.7641024268261
TRAIN,late_limit_97_to_99,270.0,,UP,0.507202160621563,1.0,settlement,9.696004339857822
TRAIN,late_limit_97_to_99,270.0,,UP,0.5055413130389039,1.0,settlement,9.760777044487462
TRAIN,late_limit_97_to_99,270.0,,UP,0.5078391371100309,1.0,settlement,9.671274794036503
TRAIN,late_limit_97_to_99,270.0,,UP,0.505696535962764,1.0,settlement,9.754705359532721
TRAIN,late_limit_97_to_99,270.0,,DOWN,0.5082249343671837,1.0,settlement,9.656327003616028
TRAIN,late_limit_97_to_99,270.0,,UP,0.5055040813060433,1.0,settlement,9.762233951827938
TRAIN,late_limit_97_to_99,270.0,,DOWN,0.512244938468777,1.0,settlement,9.501910806756626
TRAIN,late_limit_97_to_99,270.0,,UP,0.5063535007189053,1.0,settlement,9.729048808396318
TRAIN,late_limit_97_to_99,270.0,,DOWN,0.5126283686244135,1.0,settlement,9.487309021609533
TRAIN,late_limit_97_to_99,270.0,,DOWN,0.5100834553694525,1.0,settlement,9.58463507438605
TRAIN,late_limit_97_to_99,270.0,,UP,0.5050343877652739,1.0,settlement,9.78063188221497
TRAIN,late_limit_97_to_99,270.0,,UP,0.5073290318268381,1.0,settlement,9.691073825188084
TRAIN,late_limit_97_to_99,270.0,,DOWN,0.5067735558168852,1.0,settlement,9.712679192150556
TRAIN,late_limit_97_to_99,270.0,,UP,0.5068954829712313,1.0,settlement,9.707932751311471
TRAIN,late_limit_97_to_99,270.0,,DOWN,0.5067022689667385,1.0,settlement,9.715455340257083
TRAIN,late_limit_97_to_99,270.0,,UP,0.5051265968205725,1.0,settlement,9.777017347617768
TRAIN,late_limit_97_to_99,270.0,,UP,0.5070265947095276,1.0,settlement,9.70283131564122
TRAIN,late_limit_97_to_99,270.0,,UP,0.5051726178400564,1.0,settlement,9.77521384741031
TRAIN,late_limit_97_to_99,270.0,,UP,0.507802706240658,1.0,settlement,9.672687488870523
TRAIN,late_limit_97_to_99,270.0,,UP,0.5067634148572955,1.0,settlement,9.713074067345605
TRAIN,late_limit_97_to_99,270.0,,UP,0.5057267059996464,1.0,settlement,9.753525663892844
TRAIN,late_limit_97_to_99,270.0,,DOWN,0.5050700146145319,1.0,settlement,9.779235176596206
TRAIN,late_limit_97_to_99,270.0,,UP,0.506996049586124,1.0,settlement,9.704019562210195
TRAIN,late_limit_97_to_99,270.0,,DOWN,0.5057572739479222,1.0,settlement,9.752330552836892
TRAIN,late_limit_97_to_99,270.0,,UP,0.5056492053243734,1.0,settlement,9.756556345193921
TRAIN,late_limit_97_to_99,270.0,,UP,0.5063764356083374,1.0,settlement,9.728154331049112
TRAIN,late_limit_97_to_99,270.0,,DOWN,0.5057228055710453,1.0,settlement,9.753678168830717
TRAIN,late_limit_97_to_99,270.0,,DOWN,0.5051662303508551,1.0,settlement,9.77546414465326
TRAIN,late_limit_97_to_99,270.0,,UP,0.5094527455107679,1.0,settlement,9.60890589582393
TRAIN,late_limit_97_to_99,270.0,,DOWN,0.5056790791915872,1.0,settlement,9.755388010883657
TRAIN,late_limit_97_to_99,270.0,,UP,0.5061462426794812,1.0,settlement,9.737135698688835
TRAIN,late_limit_97_to_99,270.0,,DOWN,0.5060172846595558,1.0,settlement,9.742170785782381
TRAIN,late_limit_97_to_99,270.0,,DOWN,0.5076769156890028,1.0,settlement,9.677566879574034
TRAIN,late_limit_97_to_99,270.0,,DOWN,0.5075959036350363,1.0,settlement,9.680710601459158
TRAIN,late_limit_97_to_99,270.0,,UP,0.506298707948983,1.0,settlement,9.731186094292081
TRAIN,late_limit_97_to_99,270.0,,UP,0.525223925760411,1.0,settlement,9.019498220729677
TRAIN,late_limit_97_to_99,270.0,,DOWN,0.5054431812707482,1.0,settlement,9.764617481353163
TRAIN,late_limit_97_to_99,270.0,,UP,0.5103723712469831,1.0,settlement,9.573537117942319
TRAIN,late_limit_97_to_99,270.0,,DOWN,0.5060612348423134,1.0,settlement,9.740454489496631
TRAIN,late_limit_97_to_99,270.0,,DOWN,0.5068107453236487,1.0,settlement,9.711231218497574
TRAIN,late_limit_97_to_99,270.0,,DOWN,0.505280705012671,1.0,settlement,9.77097935225773
TRAIN,late_limit_97_to_99,270.0,,DOWN,0.5051088386659809,1.0,settlement,9.777713353047886
TRAIN,late_limit_97_to_99,270.0,,DOWN,0.5052523771874463,1.0,settlement,9.772088966837352
TRAIN,late_limit_97_to_99,270.0,,DOWN,0.5092303593923279,1.0,settlement,9.617478040258927
TRAIN,late_limit_97_to_99,270.0,,UP,0.5059322927230505,1.0,settlement,9.745490647330634
TRAIN,late_limit_97_to_99,270.0,,DOWN,0.5058350334042864,1.0,settlement,9.74929105265737
TRAIN,late_limit_97_to_99,270.0,,DOWN,0.5053279690281894,1.0,settlement,9.769128274912795
TRAIN,late_limit_97_to_99,270.0,,UP,0.5054497819314193,1.0,settlement,9.764359114347833
TRAIN,late_limit_97_to_99,270.0,,UP,0.5056061551850842,1.0,settlement,9.758240231943695
TRAIN,late_limit_97_to_99,270.0,,UP,0.5084178546960575,1.0,settlement,9.648860775902929
TRAIN,late_limit_97_to_99,270.0,,UP,0.5052474252635019,1.0,settlement,9.772282948863513
TRAIN,late_limit_97_to_99,270.0,,DOWN,0.5071535533827166,1.0,settlement,9.697893985559112
TRAIN,late_limit_97_to_99,270.0,,DOWN,0.5075808354384158,1.0,settlement,9.681295442651297
TRAIN,late_limit_97_to_99,270.0,,UP,0.5051395267803489,1.0,settlement,9.77651060715414
TRAIN,late_limit_97_to_99,270.0,,UP,0.505841728524672,1.0,settlement,9.74902939416604
TRAIN,late_limit_97_to_99,270.0,,DOWN,0.5066375543059197,1.0,settlement,9.717976221876683
TRAIN,late_limit_97_to_99,270.0,,DOWN,0.5060952376353638,1.0,settlement,9.739126852730617
TRAIN,late_limit_97_to_99,270.0,,UP,0.5051088986027736,1.0,settlement,9.777711003828845
TRAIN,late_limit_97_to_99,270.0,,DOWN,0.507704629694962,1.0,settlement,9.676491651077082
TRAIN,late_limit_97_to_99,270.0,,UP,0.5052390718756148,1.0,settlement,9.772610185266725
TRAIN,late_limit_97_to_99,270.0,,DOWN,0.5051070407325249,1.0,settlement,9.777783823202366
TRAIN,late_limit_97_to_99,270.0,,DOWN,0.5100250645253362,1.0,settlement,9.58687953504143
TRAIN,late_limit_97_to_99,270.0,,UP,0.5053743502098059,1.0,settlement,9.767312110020036
TRAIN,late_limit_97_to_99,270.0,,UP,0.5063873500235089,1.0,settlement,9.727728689383241
TRAIN,late_limit_97_to_99,270.0,,DOWN,0.5051002496319889,1.0,settlement,9.778050005490798
TRAIN,late_limit_97_to_99,270.0,,UP,0.50506051536779,1.0,settlement,9.779607563299425
TRAIN,late_limit_97_to_99,270.0,,UP,0.5050384949289168,1.0,settlement,9.78047085600372
TRAIN,late_limit_97_to_99,270.0,,UP,0.5068590052939471,1.0,settlement,9.709352533059196
TRAIN,late_limit_97_to_99,270.0,,UP,0.5067776249403532,1.0,settlement,9.712520750451407
TRAIN,late_limit_97_to_99,270.0,,DOWN,0.5051414739193845,1.0,settlement,9.776434298712722
TRAIN,late_limit_97_to_99,270.0,,DOWN,0.5085315373278556,1.0,settlement,9.644463786348997
TRAIN,late_limit_97_to_99,270.0,,DOWN,0.5061139847622695,1.0,settlement,9.738394948713328
TRAIN,late_limit_97_to_99,270.0,,UP,0.5061721067102495,1.0,settlement,9.736126162290386
TRAIN,late_limit_97_to_99,270.0,,DOWN,0.5084809478517461,1.0,settlement,9.646420231177714
TRAIN,late_limit_97_to_99,270.0,,UP,0.5065710601295527,1.0,settlement,9.720567093277214
TRAIN,late_limit_97_to_99,270.0,,DOWN,0.5051910131543184,1.0,settlement,9.774493052364228
TRAIN,late_limit_97_to_99,270.0,,DOWN,0.5052007119204072,1.0,settlement,9.774113040710578
TRAIN,late_limit_97_to_99,270.0,,UP,0.5051779906834984,1.0,settlement,9.775003314515239
TRAIN,late_limit_97_to_99,270.0,,UP,0.5066364131137086,1.0,settlement,9.718020681422317
TRAIN,late_limit_97_to_99,270.0,,UP,0.505842639503233,1.0,settlement,9.748993791864962
TRAIN,late_limit_97_to_99,270.0,,UP,0.5053571852627287,1.0,settlement,9.76798420527281
TRAIN,late_limit_97_to_99,270.0,,UP,0.5059975922957278,1.0,settlement,9.742939887973911
TRAIN,late_limit_97_to_99,270.0,,UP,0.5090571798658051,1.0,settlement,9.62415864370314
TRAIN,late_limit_97_to_99,270.0,,DOWN,0.5053049692122585,1.0,settlement,9.770029010776259
TRAIN,late_limit_97_to_99,270.0,,DOWN,0.5050646823371058,1.0,settlement,9.779444209257722
TRAIN,late_limit_97_to_99,270.0,,DOWN,0.5077642930495836,1.0,settlement,9.674177272570628
TRAIN,late_limit_97_to_99,270.0,,DOWN,0.5069893215437357,1.0,settlement,9.704281311391181
TRAIN,late_limit_97_to_99,270.0,,UP,0.5053181828681137,1.0,settlement,9.769511517755866
TRAIN,late_limit_97_to_99,270.0,,DOWN,0.5066994065767525,1.0,settlement,9.715566827598497
TRAIN,late_limit_97_to_99,270.0,,DOWN,0.5061550363476658,1.0,settlement,9.736792448729563
TRAIN,late_limit_97_to_99,270.0,,UP,0.5051084399610538,1.0,settlement,9.77772898027807
TRAIN,late_limit_97_to_99,270.0,,UP,0.5075181077717261,1.0,settlement,9.683730461766789
TRAIN,late_limit_97_to_99,270.0,,UP,0.5055533508640287,1.0,settlement,9.760306040716074
TRAIN,late_limit_97_to_99,270.0,,DOWN,0.5062982442418337,1.0,settlement,9.731204183958209
TRAIN,late_limit_97_to_99,270.0,,UP,0.5061970117240271,1.0,settlement,9.735154156168523
TRAIN,late_limit_97_to_99,270.0,,UP,0.5054375837074767,1.0,settlement,9.76483658980834
TRAIN,late_limit_97_to_99,270.0,,UP,0.5061198221393881,1.0,settlement,9.738167063541617
TRAIN,late_limit_97_to_99,270.0,,UP,0.5069145400733914,1.0,settlement,9.707191093299855
TRAIN,late_limit_97_to_99,270.0,,DOWN,0.5055540335432874,1.0,settlement,9.76027933020885
TRAIN,late_limit_97_to_99,270.0,,DOWN,0.5056653624630504,1.0,settlement,9.755924440010883
TRAIN,late_limit_97_to_99,270.0,,DOWN,0.5051755277441894,1.0,settlement,9.775099823330706
TRAIN,late_limit_97_to_99,270.0,,UP,0.5056305662032029,1.0,settlement,9.757285370800147
TRAIN,late_limit_97_to_99,270.0,,UP,0.5073315079902461,1.0,settlement,9.690977620164407
TRAIN,late_limit_97_to_99,270.0,,DOWN,0.5051256066255666,1.0,settlement,9.777056155604242
TRAIN,late_limit_97_to_99,270.0,,UP,0.5058253560933441,1.0,settlement,9.749669273271106
TRAIN,late_limit_97_to_99,270.0,,UP,0.5057525649868853,1.0,settlement,9.752514649054348
TRAIN,late_limit_97_to_99,270.0,,UP,0.5069421913343896,1.0,settlement,9.706115069802493
TRAIN,late_limit_97_to_99,270.0,,DOWN,0.5077922770259561,1.0,settlement,9.673091944147163
TRAIN,late_limit_97_to_99,270.0,,DOWN,0.5064159131849906,1.0,settlement,9.726614866636432
TRAIN,late_limit_97_to_99,270.0,,UP,0.5056288167016582,1.0,settlement,9.757353801218201
TRAIN,late_limit_97_to_99,270.0,,UP,0.5059104086763955,1.0,settlement,9.746345638475447
TRAIN,late_limit_97_to_99,270.0,,DOWN,0.5059684378074087,1.0,settlement,9.744078651495627
TRAIN,late_limit_97_to_99,270.0,,DOWN,0.5065491102331441,1.0,settlement,9.721422495831458
TRAIN,late_limit_97_to_99,270.0,,DOWN,0.5052129333780998,1.0,settlement,9.773634207135451
TRAIN,late_limit_97_to_99,270.0,,UP,0.5050152518356334,1.0,settlement,9.781382163512728
TRAIN,late_limit_97_to_99,270.0,,UP,0.5052012756914245,1.0,settlement,9.774090951797145
TRAIN,late_limit_97_to_99,270.0,,DOWN,0.5064056699417304,1.0,settlement,9.727014288269423
TRAIN,late_limit_97_to_99,270.0,,DOWN,0.5062209463124733,1.0,settlement,9.734220114446497
TRAIN,late_limit_97_to_99,270.0,,DOWN,0.5084923499396081,1.0,settlement,9.645979244697912
TRAIN,late_limit_97_to_99,270.0,,UP,0.5064889792878293,1.0,settlement,9.723766219871028
TRAIN,late_limit_97_to_99,270.0,,UP,0.506493702821933,1.0,settlement,9.723582090527355
TRAIN,late_limit_97_to_99,270.0,,DOWN,0.5066351121984544,1.0,settlement,9.718071363839648
TRAIN,late_limit_97_to_99,270.0,,UP,0.50638836331156,1.0,settlement,9.727689173985638
TRAIN,late_limit_97_to_99,270.0,,DOWN,0.5055961406246686,1.0,settlement,9.758631988062469
TRAIN,late_limit_97_to_99,270.0,,UP,0.5055424247684163,1.0,settlement,9.760733544926318
TRAIN,late_limit_97_to_99,270.0,,DOWN,0.5056923135609707,1.0,settlement,9.754870473277055
TRAIN,late_limit_97_to_99,270.0,,UP,0.505753985285859,1.0,settlement,9.752459122290187
TRAIN,late_limit_97_to_99,270.0,,DOWN,0.5053722669199421,1.0,settlement,9.767393679012738
TRAIN,late_limit_97_to_99,270.0,,DOWN,0.5055398962659545,1.0,settlement,9.760832480013008
TRAIN,late_limit_97_to_99,270.0,,DOWN,0.5080321936214162,1.0,settlement,9.663791943807336
TRAIN,late_limit_97_to_99,270.0,,DOWN,0.512302328061323,1.0,settlement,9.499723905691468
TRAIN,late_limit_97_to_99,270.0,,UP,0.5070702623899094,1.0,settlement,9.701132832495993
TRAIN,late_limit_97_to_99,270.0,,UP,0.5066799918131792,1.0,settlement,9.716323047244295
TRAIN,late_limit_97_to_99,270.0,,DOWN,0.5061313115955717,1.0,settlement,9.737718542397907
TRAIN,late_limit_97_to_99,270.0,,UP,0.5059730803908687,1.0,settlement,9.743897305119297
TRAIN,late_limit_97_to_99,270.0,,UP,0.5069293885541752,1.0,settlement,9.706613263676083
TRAIN,late_limit_97_to_99,270.0,,UP,0.5050064360094909,1.0,settlement,9.781727833448965
TRAIN,late_limit_97_to_99,270.0,,DOWN,0.5054202233792474,1.0,settlement,9.765516165419431
TRAIN,late_limit_97_to_99,270.0,,UP,0.5055877176932978,1.0,settlement,9.758961493811942
TRAIN,late_limit_97_to_99,270.0,,DOWN,0.5052347799679722,1.0,settlement,9.77277832106871
TRAIN,late_limit_97_to_99,270.0,,DOWN,0.5063709778799663,1.0,settlement,9.728367179073341
TRAIN,late_limit_97_to_99,270.0,,DOWN,0.5050073578809305,1.0,settlement,9.78169168615911
TRAIN,late_limit_97_to_99,270.0,,UP,0.50944616752558,1.0,settlement,9.609159344883846
TRAIN,late_limit_97_to_99,270.0,,UP,0.5068664968577047,1.0,settlement,9.709060930234166
TRAIN,late_limit_97_to_99,270.0,,DOWN,0.506975947084158,1.0,settlement,9.704801654820912
TRAIN,late_limit_97_to_99,270.0,,DOWN,0.5062424835063543,1.0,settlement,9.733379705981317
TRAIN,late_limit_97_to_99,270.0,,DOWN,0.5058179040509725,1.0,settlement,9.749960533054352
TRAIN,late_limit_97_to_99,270.0,,DOWN,0.5056471270786422,1.0,settlement,9.75663762825003
TRAIN,late_limit_97_to_99,270.0,,DOWN,0.5068208678683594,1.0,settlement,9.710837133954357
TRAIN,late_limit_97_to_99,270.0,,UP,0.5056930889227931,1.0,settlement,9.754840153148216
TRAIN,late_limit_97_to_99,270.0,,DOWN,0.5050652803428637,1.0,settlement,9.779420766383897
TRAIN,late_limit_97_to_99,270.0,,UP,0.5055232960573572,1.0,settlement,9.761482036518036
TRAIN,late_limit_97_to_99,270.0,,UP,0.5054831938878569,1.0,settlement,9.763051387102166
TRAIN,late_limit_97_to_99,270.0,,DOWN,0.5057935617939173,1.0,settlement,9.750911999220826
TRAIN,late_limit_97_to_99,270.0,,UP,0.5085148522406499,1.0,settlement,9.645109005051427
TRAIN,late_limit_97_to_99,270.0,,UP,0.5055074303593804,1.0,settlement,9.762102891921291
TRAIN,late_limit_97_to_99,270.0,,UP,0.5062808991025676,1.0,settlement,9.731880858483855
TRAIN,late_limit_97_to_99,270.0,,UP,0.5065662548644237,1.0,settlement,9.720754351425121
TRAIN,late_limit_97_to_99,270.0,,UP,0.5057508352352053,1.0,settlement,9.752582274331559
TRAIN,late_limit_97_to_99,270.0,,UP,0.5052264642434088,1.0,settlement,9.77310409832804
TRAIN,late_limit_97_to_99,270.0,,DOWN,0.5066778838766984,1.0,settlement,9.716405156443596
TRAIN,late_limit_97_to_99,270.0,,DOWN,0.5057517429805298,1.0,settlement,9.75254678563703
TRAIN,late_limit_97_to_99,270.0,,UP,0.5055978281064258,1.0,settlement,9.75856597496113
TRAIN,late_limit_97_to_99,270.0,,DOWN,0.5050722241659599,1.0,settlement,9.779148560412889
TRAIN,late_limit_97_to_99,270.0,,DOWN,0.5064033892295244,1.0,settlement,9.727103223804765
TRAIN,late_limit_97_to_99,270.0,,UP,0.505691375482092,1.0,settlement,9.754907156497726
TRAIN,late_limit_97_to_99,270.0,,DOWN,0.507326777136423,1.0,settlement,9.691161426259477
TRAIN,late_limit_97_to_99,270.0,,UP,0.5111049907216212,1.0,settlement,9.5454516812312
TRAIN,late_limit_97_to_99,270.0,,UP,0.5079535568612467,1.0,settlement,9.666839209852437
TRAIN,late_limit_97_to_99,270.0,,DOWN,0.506914223569262,1.0,settlement,9.707203410447715
TRAIN,late_limit_97_to_99,270.0,,UP,0.5055937273296505,1.0,settlement,9.758726395234596
TRAIN,late_limit_97_to_99,270.0,,DOWN,0.5100380187449659,1.0,settlement,9.586381548980757
TRAIN,late_limit_97_to_99,270.0,,DOWN,0.507156873740774,1.0,settlement,9.697764892429234
TRAIN,late_limit_97_to_99,270.0,,UP,0.5050438288237817,1.0,settlement,9.78026173825236
TRAIN,late_limit_97_to_99,270.0,,UP,0.5053524951832702,1.0,settlement,9.768167853754079
TRAIN,late_limit_97_to_99,270.0,,DOWN,0.5057676471016065,1.0,settlement,9.751925027839995
TRAIN,late_limit_97_to_99,270.0,,DOWN,0.5052039915758185,1.0,settlement,9.773984542379154
TRAIN,late_limit_97_to_99,270.0,,UP,0.5073614883442512,1.0,settlement,9.689812884368695
TRAIN,late_limit_97_to_99,270.0,,DOWN,0.5061667721450097,1.0,settlement,9.73633437497778
TRAIN,late_limit_97_to_99,270.0,,UP,0.5054931924452896,1.0,settlement,9.7626600821777
TRAIN,late_limit_97_to_99,270.0,,DOWN,0.5092637036708213,1.0,settlement,9.616192267226285
TRAIN,late_limit_97_to_99,270.0,,UP,0.5055507717980005,1.0,settlement,9.760406949899057
TRAIN,late_limit_97_to_99,270.0,,DOWN,0.5093744149250358,1.0,settlement,9.611924389982743
TRAIN,late_limit_97_to_99,270.0,,DOWN,0.5055095955859388,1.0,settlement,9.762018160127997
TRAIN,late_limit_97_to_99,270.0,,DOWN,0.5130995956706603,1.0,settlement,9.46939364672318
TRAIN,late_limit_97_to_99,270.0,,UP,0.5093444701279719,1.0,settlement,9.61307856760969
TRAIN,late_limit_97_to_99,270.0,,UP,0.5051438078181706,1.0,settlement,9.7763428339194
TRAIN,late_limit_97_to_99,270.0,,UP,0.5075148637065683,1.0,settlement,9.683856409182404
TRAIN,late_limit_97_to_99,270.0,,DOWN,0.5060191636860453,1.0,settlement,9.742097401916588
TRAIN,late_limit_97_to_99,270.0,,DOWN,0.5078976063254047,1.0,settlement,9.66900793281767
TRAIN,late_limit_97_to_99,270.0,,DOWN,0.5078968341431764,1.0,settlement,9.669037867050367
TRAIN,late_limit_97_to_99,270.0,,UP,0.5072981424984832,1.0,settlement,9.692274030315222
TRAIN,late_limit_97_to_99,270.0,,UP,0.505471980475504,1.0,settlement,9.76349025517274
TRAIN,late_limit_97_to_99,270.0,,DOWN,0.5050904697839388,1.0,settlement,9.778433346560021
TRAIN,late_limit_97_to_99,270.0,,UP,0.505400527581703,1.0,settlement,9.766287220255034
TRAIN,late_limit_97_to_99,270.0,,DOWN,0.509023339549944,1.0,settlement,9.625464604514125
TRAIN,late_limit_97_to_99,270.0,,UP,0.5062468192340176,1.0,settlement,9.733210529066852
TRAIN,late_limit_97_to_99,270.0,,DOWN,0.5053169643791463,1.0,settlement,9.769559236916617
TRAIN,late_limit_97_to_99,270.0,,UP,0.5071585178847613,1.0,settlement,9.697700969920891
TRAIN,late_limit_97_to_99,270.0,,UP,0.5062546422949901,1.0,settlement,9.732905286294816
TRAIN,late_limit_97_to_99,270.0,,DOWN,0.5082335852398558,1.0,settlement,9.65599208399539
TRAIN,late_limit_97_to_99,270.0,,UP,0.5055285293461429,1.0,settlement,9.761277256367961
TRAIN,late_limit_97_to_99,270.0,,UP,0.5071106167351775,1.0,settlement,9.699563483763907
TRAIN,late_limit_97_to_99,270.0,,DOWN,0.5063052050510182,1.0,settlement,9.730932639517984
TRAIN,late_limit_97_to_99,270.0,,UP,0.5060006901380095,1.0,settlement,9.742818895113647
TRAIN,late_limit_97_to_99,270.0,,DOWN,0.5050235903018626,1.0,settlement,9.781055222039829
TRAIN,late_limit_97_to_99,270.0,,UP,0.5065302194810027,1.0,settlement,9.72215874078772
TRAIN,late_limit_97_to_99,270.0,,DOWN,0.5071225949039652,1.0,settlement,9.699097710275996
TRAIN,late_limit_97_to_99,270.0,,DOWN,0.5248589717798124,1.0,settlement,9.032737092574987
TRAIN,late_limit_97_to_99,270.0,,DOWN,0.5052067733522995,1.0,settlement,9.773875552469342
TRAIN,late_limit_97_to_99,270.0,,DOWN,0.5055411858207227,1.0,settlement,9.760782022270774
TRAIN,late_limit_97_to_99,270.0,,DOWN,0.5126567902994924,1.0,settlement,9.486227537058532
TRAIN,late_limit_97_to_99,270.0,,UP,0.507315946687258,1.0,settlement,9.691582230559451
TRAIN,late_limit_97_to_99,270.0,,UP,0.5068511621521068,1.0,settlement,9.709657830002143
TRAIN,late_limit_97_to_99,270.0,,DOWN,0.506435472560306,1.0,settlement,9.725852219720267
TRAIN,late_limit_97_to_99,270.0,,UP,0.5088913001390908,1.0,settlement,9.630561912272402
TRAIN,late_limit_97_to_99,270.0,,UP,0.5055252923852255,1.0,settlement,9.76140391911331
TRAIN,late_limit_97_to_99,270.0,,DOWN,0.5071541009476198,1.0,settlement,9.697872696513649
TRAIN,late_limit_97_to_99,270.0,,UP,0.5061803370264039,1.0,settlement,9.735804934553137
TRAIN,late_limit_97_to_99,270.0,,DOWN,0.5065872297298236,1.0,settlement,9.719937000254163
TRAIN,late_limit_97_to_99,270.0,,UP,0.5068670430398755,1.0,settlement,9.709039670889187
TRAIN,late_limit_97_to_99,270.0,,UP,0.5053918069198067,1.0,settlement,9.766628637584454
TRAIN,late_limit_97_to_99,270.0,,UP,0.5068165159025317,1.0,settlement,9.711006560021314
TRAIN,late_limit_97_to_99,270.0,,DOWN,0.5058041175178455,1.0,settlement,9.750499396235512
TRAIN,late_limit_97_to_99,270.0,,DOWN,0.506655513466786,1.0,settlement,9.717276579850257
TRAIN,late_limit_97_to_99,270.0,,DOWN,0.5070472097181699,1.0,settlement,9.702029444868185
TRAIN,late_limit_97_to_99,270.0,,UP,0.5068000839880024,1.0,settlement,9.711646295932212
TRAIN,late_limit_97_to_99,270.0,,UP,0.5061618814550644,1.0,settlement,9.736525266685401
TRAIN,late_limit_97_to_99,270.0,,DOWN,0.5050637035982943,1.0,settlement,9.779482577654331
TRAIN,late_limit_97_to_99,270.0,,DOWN,0.5056832885674786,1.0,settlement,9.755223397886908
TRAIN,late_limit_97_to_99,270.0,,DOWN,0.5066693371827883,1.0,settlement,9.71673807774232
TRAIN,late_limit_97_to_99,270.0,,DOWN,0.5065066054884961,1.0,settlement,9.723079145741018
TRAIN,late_limit_97_to_99,270.0,,UP,0.5099257856207535,1.0,settlement,9.590696854301243
TRAIN,late_limit_97_to_99,270.0,,UP,0.5053724702689207,1.0,settlement,9.767385717070741
TRAIN,late_limit_97_to_99,270.0,,DOWN,0.5101317782887171,1.0,settlement,9.582777998943524
TRAIN,late_limit_97_to_99,270.0,,UP,0.5078018073983741,1.0,settlement,9.672722346210417
TRAIN,late_limit_97_to_99,270.0,,UP,0.50580528401522,1.0,settlement,9.750453801149089
TRAIN,late_limit_97_to_99,270.0,,UP,0.5064161592570849,1.0,settlement,9.72660527158148
TRAIN,late_limit_97_to_99,270.0,,DOWN,0.5074090134423511,1.0,settlement,9.687966817850274
TRAIN,late_limit_97_to_99,270.0,,UP,0.505027494293255,1.0,settlement,9.780902154830578
TRAIN,late_limit_97_to_99,270.0,,UP,0.5051352216696223,1.0,settlement,9.776679326670237
TRAIN,late_limit_97_to_99,270.0,,UP,0.5056921836416421,1.0,settlement,9.754875553715266
TRAIN,late_limit_97_to_99,270.0,,UP,0.5059080990047956,1.0,settlement,9.746435879701558
TRAIN,late_limit_97_to_99,270.0,,DOWN,0.5151560576927858,1.0,settlement,9.391593536891914
TRAIN,late_limit_97_to_99,270.0,,UP,0.5083537276111496,1.0,settlement,9.651341935450919
TRAIN,late_limit_97_to_99,270.0,,UP,0.5055067901469067,1.0,settlement,9.762127945489858
TRAIN,late_limit_97_to_99,270.0,,DOWN,0.5064094422084412,1.0,settlement,9.726867191871868
TRAIN,late_limit_97_to_99,270.0,,DOWN,0.5071485253416403,1.0,settlement,9.698089475392845
TRAIN,late_limit_97_to_99,270.0,,UP,0.5061086446318755,1.0,settlement,9.738603426490819
TRAIN,late_limit_97_to_99,270.0,,UP,0.5070027831815053,1.0,settlement,9.703757603949946
TRAIN,late_limit_97_to_99,270.0,,DOWN,0.5057128702902434,1.0,settlement,9.754066644300963
TRAIN,late_limit_97_to_99,270.0,,UP,0.5060902216771456,1.0,settlement,9.739322689264256
TRAIN,late_limit_97_to_99,270.0,,DOWN,0.5125238855644975,1.0,settlement,9.491285779366027
TRAIN,late_limit_97_to_99,270.0,,DOWN,0.5096073213685474,1.0,settlement,9.602951988101466
TRAIN,late_limit_97_to_99,270.0,,DOWN,0.5101807595725001,1.0,settlement,9.580895981219246
TRAIN,late_limit_97_to_99,270.0,,UP,0.5076707727881836,1.0,settlement,9.67780522341064
TRAIN,late_limit_97_to_99,270.0,,DOWN,0.5082740033877474,1.0,settlement,9.6544274413958
TRAIN,late_limit_97_to_99,270.0,,UP,0.5054594920946092,1.0,settlement,9.763979045601253
TRAIN,late_limit_97_to_99,270.0,,UP,0.5084781777285027,1.0,settlement,9.646527371287522
TRAIN,late_limit_97_to_99,270.0,,DOWN,0.5083112469428944,1.0,settlement,9.652985911963182
TRAIN,late_limit_97_to_99,270.0,,UP,0.5072913812869229,1.0,settlement,9.692536756748137
TRAIN,late_limit_97_to_99,270.0,,DOWN,0.5053942667136572,1.0,settlement,9.766532334498628
TRAIN,late_limit_97_to_99,270.0,,UP,0.5054981198070991,1.0,settlement,9.762467249959418
TRAIN,late_limit_97_to_99,270.0,,UP,0.5050180923326238,1.0,settlement,9.78127078974752
TRAIN,late_limit_97_to_99,270.0,,DOWN,0.5091995421402421,1.0,settlement,9.61866651955047
TRAIN,late_limit_97_to_99,270.0,,UP,0.5095161683417838,1.0,settlement,9.6064625567132
TRAIN,late_limit_97_to_99,270.0,,UP,0.509958180414308,1.0,settlement,9.5894510963147
TRAIN,late_limit_97_to_99,270.0,,UP,0.509381618451606,1.0,settlement,9.611646761022755
TRAIN,late_limit_97_to_99,270.0,,DOWN,0.5058225555383354,1.0,settlement,9.749778730719566
TRAIN,late_limit_97_to_99,270.0,,UP,0.5062087306718813,1.0,settlement,9.734696815930434
TRAIN,late_limit_97_to_99,270.0,,DOWN,0.5075264873334182,1.0,settlement,9.683405141553777
TRAIN,late_limit_97_to_99,270.0,,DOWN,0.5096650002429823,1.0,settlement,9.600731255300069
TRAIN,late_limit_97_to_99,270.0,,DOWN,0.5067068247330487,1.0,settlement,9.715277900131614
TRAIN,late_limit_97_to_99,270.0,,DOWN,0.507528290089028,1.0,settlement,9.683335154471589
TRAIN,late_limit_97_to_99,270.0,,DOWN,0.5075399706165031,1.0,settlement,9.682881701815745
TRAIN,late_limit_97_to_99,270.0,,UP,0.5086721491357031,1.0,settlement,9.639027955415362
TRAIN,late_limit_97_to_99,270.0,,UP,0.5068204757561618,1.0,settlement,9.710852399126697
TRAIN,late_limit_97_to_99,270.0,,DOWN,0.5115308662624724,1.0,settlement,9.529162444615583
TRAIN,late_limit_97_to_99,270.0,,UP,0.507604534948041,1.0,settlement,9.680375610362919
TRAIN,late_limit_97_to_99,270.0,,UP,0.505719372024754,1.0,settlement,9.753812420835086
TRAIN,late_limit_97_to_99,270.0,,DOWN,0.5090076894517889,1.0,settlement,9.62606862967079
TRAIN,late_limit_97_to_99,270.0,,UP,0.5109123926674183,1.0,settlement,9.552827246939703
TRAIN,late_limit_97_to_99,270.0,,DOWN,0.5055903774852392,1.0,settlement,9.75885744135222
TRAIN,late_limit_97_to_99,270.0,,UP,0.5059836789536375,1.0,settlement,9.743483321596003
TRAIN,late_limit_97_to_99,270.0,,UP,0.5068580655404071,1.0,settlement,9.709389112784656
TRAIN,late_limit_97_to_99,270.0,,UP,0.5064479059106296,1.0,settlement,9.725367456933768
TRAIN,late_limit_97_to_99,270.0,,UP,0.5096793282196457,1.0,settlement,9.60017968225408
TRAIN,late_limit_97_to_99,270.0,,UP,0.5059719785197835,1.0,settlement,9.74394034557983
TRAIN,late_limit_97_to_99,270.0,,DOWN,0.5087268801779053,1.0,settlement,9.636912952000749
TRAIN,late_limit_97_to_99,270.0,,DOWN,0.507151037981752,1.0,settlement,9.697991783662314
TRAIN,late_limit_97_to_99,270.0,,DOWN,0.5070940526051603,1.0,settlement,9.700207619524818
TRAIN,late_limit_97_to_99,270.0,,DOWN,0.505042754576983,1.0,settlement,9.780303854226887
TRAIN,late_limit_97_to_99,270.0,,DOWN,0.505569071806655,1.0,settlement,9.75969096144454
TRAIN,late_limit_97_to_99,270.0,,DOWN,0.5136001798304541,1.0,settlement,9.450398167113427
TRAIN,late_limit_97_to_99,270.0,,DOWN,0.5070068255074628,1.0,settlement,9.703600347965743
TRAIN,late_limit_97_to_99,270.0,,UP,0.5050307349945711,1.0,settlement,9.78077509561373
TRAIN,late_limit_97_to_99,270.0,,DOWN,0.506694652243299,1.0,settlement,9.715752007104886
TRAIN,late_limit_97_to_99,270.0,,UP,0.5059163278139971,1.0,settlement,9.746114375491267
TRAIN,late_limit_97_to_99,270.0,,DOWN,0.5052601464457124,1.0,settlement,9.771784628860392
TRAIN,late_limit_97_to_99,270.0,,DOWN,0.5075633835543377,1.0,settlement,9.681972845189375
TRAIN,late_limit_97_to_99,270.0,,UP,0.5097456990648378,1.0,settlement,9.597625059604546
TRAIN,late_limit_97_to_99,270.0,,DOWN,0.5121676695724765,1.0,settlement,9.50485600730584
TRAIN,late_limit_97_to_99,270.0,,UP,0.509905990333182,1.0,settlement,9.591458169898761
TRAIN,late_limit_97_to_99,270.0,,UP,0.5052178235341848,1.0,settlement,9.773442618564637
TRAIN,late_limit_97_to_99,270.0,,UP,0.5051824060787485,1.0,settlement,9.774830302227876
TRAIN,late_limit_97_to_99,270.0,,UP,0.5051741596440976,1.0,settlement,9.775153431927599
TRAIN,late_limit_97_to_99,270.0,,UP,0.5054509358510294,1.0,settlement,9.764313947629688
TRAIN,late_limit_97_to_99,270.0,,DOWN,0.5072396394849588,1.0,settlement,9.694547566025804
TRAIN,late_limit_97_to_99,270.0,,DOWN,0.5050823952205775,1.0,settlement,9.778749856709698
TRAIN,late_limit_97_to_99,270.0,,DOWN,0.506250317891934,1.0,settlement,9.733074016112788
TRAIN,late_limit_97_to_99,270.0,,UP,0.5079932042683954,1.0,settlement,9.665302708727879
TRAIN,late_limit_97_to_99,270.0,,UP,0.5051368216403722,1.0,settlement,9.776616622653204
TRAIN,late_limit_97_to_99,270.0,,UP,0.5106174502747381,1.0,settlement,9.564132885821845
TRAIN,late_limit_97_to_99,270.0,,DOWN,0.5058997755916853,1.0,settlement,9.746761090779884
TRAIN,late_limit_97_to_99,270.0,,UP,0.5056175533340638,1.0,settlement,9.757794370586172
TRAIN,late_limit_97_to_99,270.0,,UP,0.5064154903682938,1.0,settlement,9.726631353490863
TRAIN,late_limit_97_to_99,270.0,,UP,0.5051812874609238,1.0,settlement,9.774874133720775
TRAIN,late_limit_97_to_99,270.0,,UP,0.5059145456816381,1.0,settlement,9.746184003519048
TRAIN,late_limit_97_to_99,270.0,,UP,0.5070811387488522,1.0,settlement,9.700709834866906
TRAIN,late_limit_97_to_99,270.0,,UP,0.505027098931943,1.0,settlement,9.780917656000064
TRAIN,late_limit_97_to_99,270.0,,DOWN,0.5056325280212016,1.0,settlement,9.757208636349226
TRAIN,late_limit_97_to_99,270.0,,UP,0.5058186180432723,1.0,settlement,9.74993262660907
TRAIN,late_limit_97_to_99,270.0,,DOWN,0.507074319313764,1.0,settlement,9.700975050626194
TRAIN,late_limit_97_to_99,270.0,,DOWN,0.5064899897664391,1.0,settlement,9.723726829845862
TRAIN,late_limit_97_to_99,270.0,,DOWN,0.5050970686436619,1.0,settlement,9.77817468918008
TRAIN,late_limit_97_to_99,270.0,,DOWN,0.5054458345101221,1.0,settlement,9.764513625860612
TRAIN,late_limit_97_to_99,270.0,,DOWN,0.5060076654894865,1.0,settlement,9.742546463256641
TRAIN,late_limit_97_to_99,270.0,,DOWN,0.5053700007691925,1.0,settlement,9.767482408492032
TRAIN,late_limit_97_to_99,270.0,,UP,0.5078873670673035,1.0,settlement,9.669404872861968
TRAIN,late_limit_97_to_99,270.0,,DOWN,0.5062395647681438,1.0,settlement,9.733493594638283
TRAIN,late_limit_97_to_99,270.0,,UP,0.5084130706540537,1.0,settlement,9.64904585504733
TRAIN,late_limit_97_to_99,270.0,,UP,0.5075034705109741,1.0,settlement,9.68429875076837
TRAIN,late_limit_97_to_99,270.0,,DOWN,0.5056820671109056,1.0,settlement,9.755271164217124
TRAIN,late_limit_97_to_99,270.0,,UP,0.5070703961010973,1.0,settlement,9.70112763216066
TRAIN,late_limit_97_to_99,270.0,,UP,0.5054501534538671,1.0,settlement,9.764344572194712
TRAIN,late_limit_97_to_99,270.0,,UP,0.5065901575421093,1.0,settlement,9.719822914283071
TRAIN,late_limit_97_to_99,270.0,,UP,0.5056528764275343,1.0,settlement,9.75641276491999
TRAIN,late_limit_97_to_99,270.0,,UP,0.505025111453298,1.0,settlement,9.780995580642028
TRAIN,late_limit_97_to_99,270.0,,DOWN,0.5053165526229834,1.0,settlement,9.769575362398626
TRAIN,late_limit_97_to_99,270.0,,DOWN,0.5054264659006781,1.0,settlement,9.765271794542535
TRAIN,late_limit_97_to_99,270.0,,DOWN,0.5068576487634205,1.0,settlement,9.709405335791967
TRAIN,late_limit_97_to_99,270.0,,UP,0.507268842263636,1.0,settlement,9.693412626283155
TRAIN,late_limit_97_to_99,270.0,,DOWN,0.506245911176281,1.0,settlement,9.733245960574045
TRAIN,late_limit_97_to_99,270.0,,DOWN,0.5053031667192319,1.0,settlement,9.770099604810962
TRAIN,late_limit_97_to_99,270.0,,UP,0.5058008222350878,1.0,settlement,9.750628200663868
TRAIN,late_limit_97_to_99,270.0,,DOWN,0.5052912996039839,1.0,settlement,9.77056438897203
TRAIN,late_limit_97_to_99,270.0,,UP,0.5052252099224803,1.0,settlement,9.773153238600976
TRAIN,late_limit_97_to_99,270.0,,DOWN,0.505524312770946,1.0,settlement,9.761442251880414
TRAIN,late_limit_97_to_99,270.0,,UP,0.5053166711677848,1.0,settlement,9.769570719861747
TRAIN,late_limit_97_to_99,270.0,,UP,0.5054851088265448,1.0,settlement,9.762976442598745
TRAIN,late_limit_97_to_99,270.0,,UP,0.5068135435368581,1.0,settlement,9.711122278646737
TRAIN,late_limit_97_to_99,270.0,,DOWN,0.5050181574543245,1.0,settlement,9.781268236388971
TRAIN,late_limit_97_to_99,270.0,,DOWN,0.5064984011429857,1.0,settlement,9.723398947427231
TRAIN,late_limit_97_to_99,270.0,,UP,0.5079785732765628,1.0,settlement,9.665869692294326
TRAIN,late_limit_97_to_99,270.0,,UP,0.5055882901186326,1.0,settlement,9.758939100139312
TRAIN,late_limit_97_to_99,270.0,,DOWN,0.5061040108685136,1.0,settlement,9.738784331385215
TRAIN,late_limit_97_to_99,270.0,,DOWN,0.5061993589897468,1.0,settlement,9.7350625507658
TRAIN,late_limit_97_to_99,270.0,,DOWN,0.5057225576984097,1.0,settlement,9.75368786061458
TRAIN,late_limit_97_to_99,270.0,,DOWN,0.5054772570876779,1.0,settlement,9.763283737858544
TRAIN,late_limit_97_to_99,270.0,,UP,0.5075782594695999,1.0,settlement,9.681395427080787
TRAIN,late_limit_97_to_99,270.0,,UP,0.5054876884551136,1.0,settlement,9.762875485182033
TRAIN,late_limit_97_to_99,270.0,,UP,0.5088338815935246,1.0,settlement,9.632779348503313
TRAIN,late_limit_97_to_99,270.0,,UP,0.5050476494208895,1.0,settlement,9.780111952736444
TRAIN,late_limit_97_to_99,270.0,,DOWN,0.5053532264269085,1.0,settlement,9.768139220372316
TRAIN,late_limit_97_to_99,270.0,,UP,0.5069022378930315,1.0,settlement,9.70766985911441
TRAIN,late_limit_97_to_99,270.0,,UP,0.5070959995685925,1.0,settlement,9.700131905018797
TRAIN,late_limit_97_to_99,270.0,,UP,0.5068323391691497,1.0,settlement,9.710390559515204
TRAIN,late_limit_97_to_99,270.0,,UP,0.5063242912257573,1.0,settlement,9.730188117167089
TRAIN,late_limit_97_to_99,270.0,,UP,0.5061940077086772,1.0,settlement,9.735271393404485
TRAIN,late_limit_97_to_99,270.0,,UP,0.507699180741141,1.0,settlement,9.67670304648112
TRAIN,late_limit_97_to_99,270.0,,DOWN,0.5071168995549272,1.0,settlement,9.699319172318123
TRAIN,late_limit_97_to_99,270.0,,DOWN,0.505608121151289,1.0,settlement,9.758163327815264
TRAIN,late_limit_97_to_99,270.0,,UP,0.5050142637075424,1.0,settlement,9.78142090757079
TRAIN,late_limit_97_to_99,270.0,,UP,0.5055760623183517,1.0,settlement,9.759417471120674
TRAIN,late_limit_97_to_99,270.0,,UP,0.5058900153728693,1.0,settlement,9.747142454134899
TRAIN,late_limit_97_to_99,270.0,,UP,0.5057147478503229,1.0,settlement,9.753993229399974
TRAIN,late_limit_97_to_99,270.0,,UP,0.5056146158782074,1.0,settlement,9.757909273114848
TRAIN,late_limit_97_to_99,270.0,,UP,0.5062643639132917,1.0,settlement,9.732525978132461
TRAIN,late_limit_97_to_99,270.0,,DOWN,0.5062104073448948,1.0,settlement,9.734631384310383
TRAIN,late_limit_97_to_99,270.0,,DOWN,0.5054228089758516,1.0,settlement,9.765414948453163
TRAIN,late_limit_97_to_99,270.0,,DOWN,0.5069260096632298,1.0,settlement,9.706744750468378
TRAIN,late_limit_97_to_99,270.0,,DOWN,0.5055518071362823,1.0,settlement,9.760366440870591
TRAIN,late_limit_97_to_99,270.0,,DOWN,0.5071374755747472,1.0,settlement,9.698519103063397
TRAIN,late_limit_97_to_99,270.0,,DOWN,0.508408793919343,1.0,settlement,9.649211311058597
TRAIN,late_limit_97_to_99,270.0,,UP,0.5076734389838398,1.0,settlement,9.677701774621145
TRAIN,late_limit_97_to_99,270.0,,UP,0.5058001927944711,1.0,settlement,9.750652804127025
TRAIN,late_limit_97_to_99,270.0,,DOWN,0.5066793904774501,1.0,settlement,9.716346470648588
TRAIN,late_limit_97_to_99,270.0,,DOWN,0.5051285984027989,1.0,settlement,9.776938901538525
TRAIN,late_limit_97_to_99,270.0,,DOWN,0.5065983224210794,1.0,settlement,9.719504766239833
TRAIN,late_limit_97_to_99,270.0,,UP,0.5061836162236676,1.0,settlement,9.735676950992612
TRAIN,late_limit_97_to_99,270.0,,UP,0.5053629640657084,1.0,settlement,9.767757930554996
TRAIN,late_limit_97_to_99,270.0,,UP,0.5051439495396243,1.0,settlement,9.776337279925361
TRAIN,late_limit_97_to_99,270.0,,UP,0.5066454566948733,1.0,settlement,9.71766835932073
TRAIN,late_limit_97_to_99,270.0,,UP,0.5066237417583656,1.0,settlement,9.718514356418584
TRAIN,late_limit_97_to_99,270.0,,DOWN,0.5054212689610792,1.0,settlement,9.765475234462414
TRAIN,late_limit_97_to_99,270.0,,DOWN,0.5060945766130206,1.0,settlement,9.739152660603168
TRAIN,late_limit_97_to_99,270.0,,DOWN,0.5104976502301845,1.0,settlement,9.568728754169545
TRAIN,late_limit_97_to_99,270.0,,UP,0.5064697142727169,1.0,settlement,9.724517230136563
TRAIN,late_limit_97_to_99,270.0,,DOWN,0.5052794694785112,1.0,settlement,9.771027746131857
TRAIN,late_limit_97_to_99,270.0,,UP,0.5059251243287877,1.0,settlement,9.745770702269489
TRAIN,late_limit_97_to_99,270.0,,DOWN,0.5060062206442429,1.0,settlement,9.742602893039699
TRAIN,late_limit_97_to_99,270.0,,UP,0.5057172047602498,1.0,settlement,9.753897162033066
TRAIN,late_limit_97_to_99,270.0,,UP,0.5052681524307514,1.0,settlement,9.771471027595652
TRAIN,late_limit_97_to_99,270.0,,DOWN,0.5057212568184847,1.0,settlement,9.753738724985485
TRAIN,late_limit_97_to_99,270.0,,UP,0.5056322798079551,1.0,settlement,9.757218344916812
TRAIN,late_limit_97_to_99,270.0,,UP,0.5057684551074411,1.0,settlement,9.751893440597609
TRAIN,late_limit_97_to_99,270.0,,DOWN,0.5057420407146499,1.0,settlement,9.752926106497455
TRAIN,late_limit_97_to_99,270.0,,DOWN,0.5051096900413733,1.0,settlement,9.77767998349211
TRAIN,late_limit_97_to_99,270.0,,UP,0.5057865760296696,1.0,settlement,9.75118506880538
TRAIN,late_limit_97_to_99,270.0,,UP,0.5050371724311068,1.0,settlement,9.780522705809584
TRAIN,late_limit_97_to_99,270.0,,UP,0.5051591814682492,1.0,settlement,9.775740366303786
TRAIN,late_limit_97_to_99,270.0,,UP,0.5052288117199181,1.0,settlement,9.773012132379467
TRAIN,late_limit_97_to_99,270.0,,DOWN,0.505345424546359,1.0,settlement,9.76844472367955
TRAIN,late_limit_97_to_99,270.0,,UP,0.5059449817400354,1.0,settlement,9.744994932073855
TRAIN,late_limit_97_to_99,270.0,,UP,0.5053698202438266,1.0,settlement,9.767489476865247
TRAIN,late_limit_97_to_99,270.0,,DOWN,0.5051483166299894,1.0,settlement,9.7761661373303
TRAIN,late_limit_97_to_99,270.0,,UP,0.506209410389892,1.0,settlement,9.734670290103484
TRAIN,late_limit_97_to_99,270.0,,UP,0.5053581347109025,1.0,settlement,9.767947028339904
TRAIN,late_limit_97_to_99,270.0,,DOWN,0.5071968000777717,1.0,settlement,9.696212717561778
TRAIN,late_limit_97_to_99,270.0,,DOWN,0.5052953840898943,1.0,settlement,9.77040441466007
TRAIN,late_limit_97_to_99,270.0,,UP,0.508863746871812,1.0,settlement,9.631625924373626
TRAIN,late_limit_97_to_99,270.0,,UP,0.5050786844777454,1.0,settlement,9.778895315370644
TRAIN,late_limit_97_to_99,270.0,,UP,0.505231317230163,1.0,settlement,9.77291397616273
TRAIN,late_limit_97_to_99,270.0,,UP,0.5050821606357525,1.0,settlement,9.778759052216156
TRAIN,late_limit_97_to_99,270.0,,UP,0.5061379582947644,1.0,settlement,9.737459080309097
TRAIN,late_limit_97_to_99,270.0,,UP,0.5055998161889613,1.0,settlement,9.758488203133822
TRAIN,late_limit_97_to_99,270.0,,DOWN,0.5056981629452199,1.0,settlement,9.754641738382698
TRAIN,late_limit_97_to_99,270.0,,DOWN,0.5052420408154276,1.0,settlement,9.77249387849961
TRAIN,late_limit_97_to_99,270.0,,UP,0.5057284342518917,1.0,settlement,9.753458090788762
TRAIN,late_limit_97_to_99,270.0,,DOWN,0.5067604954809414,1.0,settlement,9.71318774682603
TRAIN,late_limit_97_to_99,270.0,,DOWN,0.5054774869426093,1.0,settlement,9.763274741839048
TRAIN,late_limit_97_to_99,270.0,,UP,0.5058535874381968,1.0,settlement,9.74856594146772
TRAIN,late_limit_97_to_99,270.0,,DOWN,0.5058246949449271,1.0,settlement,9.749695113617921
TRAIN,late_limit_97_to_99,270.0,,UP,0.5091587434059484,1.0,settlement,9.620240159888755
TRAIN,late_limit_97_to_99,270.0,,UP,0.5050551517510493,1.0,settlement,9.779817832427891
TRAIN,late_limit_97_to_99,270.0,,UP,0.5060575581639523,1.0,settlement,9.74059805584448
TRAIN,late_limit_97_to_99,270.0,,DOWN,0.5056976352411301,1.0,settlement,9.754662373557935
TRAIN,late_limit_97_to_99,270.0,,UP,0.5060492679402437,1.0,settlement,9.74092177882735
TRAIN,late_limit_97_to_99,270.0,,DOWN,0.5057330751465616,1.0,settlement,9.753276638278003
TRAIN,late_limit_97_to_99,270.0,,DOWN,0.5053869507634728,1.0,settlement,9.766818763114681
TRAIN,late_limit_97_to_99,270.0,,DOWN,0.5051863498188617,1.0,settlement,9.77467577377254
TRAIN,late_limit_97_to_99,270.0,,DOWN,0.506475715705513,1.0,settlement,9.72428326947552
TRAIN,late_limit_97_to_99,270.0,,DOWN,0.5051143968126858,1.0,settlement,9.777495504188437
TRAIN,late_limit_97_to_99,270.0,,UP,0.5059820329076854,1.0,settlement,9.743547615581964
TRAIN,late_limit_97_to_99,270.0,,UP,0.5086524454312444,1.0,settlement,9.639789488521629
TRAIN,late_limit_97_to_99,270.0,,UP,0.5062213127243712,1.0,settlement,9.734205815994216
TRAIN,late_limit_97_to_99,270.0,,UP,0.505285379788521,1.0,settlement,9.770796250992536
TRAIN,late_limit_97_to_99,270.0,,DOWN,0.5057128140813277,1.0,settlement,9.754068842146879
TRAIN,late_limit_97_to_99,270.0,,DOWN,0.5053145643618026,1.0,settlement,9.76965322843941
TRAIN,late_limit_97_to_99,270.0,,DOWN,0.5052535286347072,1.0,settlement,9.772043861666706
TRAIN,late_limit_97_to_99,270.0,,DOWN,0.5075374744888058,1.0,settlement,9.682978602854988
TRAIN,late_limit_97_to_99,270.0,,UP,0.5058524647998259,1.0,settlement,9.748609813845945
TRAIN,late_limit_97_to_99,270.0,,DOWN,0.5054215440089281,1.0,settlement,9.765464467306824
TRAIN,late_limit_97_to_99,270.0,,DOWN,0.5055142047607032,1.0,settlement,9.761837791746586
TRAIN,late_limit_97_to_99,270.0,,UP,0.505894152870091,1.0,settlement,9.746980786923444
TRAIN,late_limit_97_to_99,270.0,,UP,0.5055374487888402,1.0,settlement,9.760928245687566
TRAIN,late_limit_97_to_99,270.0,,UP,0.506330201142024,1.0,settlement,9.729957591794989
TRAIN,late_limit_97_to_99,270.0,,UP,0.5052021204668066,1.0,settlement,9.774057853043065
TRAIN,late_limit_97_to_99,270.0,,DOWN,0.5050819250645979,1.0,settlement,9.778768286394413
TRAIN,late_limit_97_to_99,270.0,,DOWN,0.5053167076968222,1.0,settlement,9.769569289285716
TRAIN,late_limit_97_to_99,270.0,,DOWN,0.5054562993465173,1.0,settlement,9.764104012411302
TRAIN,late_limit_97_to_99,270.0,,DOWN,0.5056693228784774,1.0,settlement,9.755769554450907
TRAIN,late_limit_97_to_99,270.0,,UP,0.5059803162639263,1.0,settlement,9.743614667539486
TRAIN,late_limit_97_to_99,270.0,,UP,0.5055951168103814,1.0,settlement,9.758672039173202
TRAIN,late_limit_97_to_99,270.0,,UP,0.5068146168024757,1.0,settlement,9.711080494660177
TRAIN,late_limit_97_to_99,270.0,,UP,0.5072120987421511,1.0,settlement,9.695618031981628
TRAIN,late_limit_97_to_99,270.0,,DOWN,0.5065888483260771,1.0,settlement,9.719873929406514
TRAIN,late_limit_97_to_99,270.0,,DOWN,0.5056487034808749,1.0,settlement,9.756575972923915
TRAIN,late_limit_97_to_99,270.0,,UP,0.505378405835,1.0,settlement,9.767153318269955
TRAIN,late_limit_97_to_99,270.0,,UP,0.5056690104010315,1.0,settlement,9.755781774859585
TRAIN,late_limit_97_to_99,270.0,,DOWN,0.5052312506973524,1.0,settlement,9.772916582648762
TRAIN,late_limit_97_to_99,270.0,,DOWN,0.5058751710089203,1.0,settlement,9.747722499714591
TRAIN,late_limit_97_to_99,270.0,,DOWN,0.5072473911770382,1.0,settlement,9.694246290741052
TRAIN,late_limit_97_to_99,270.0,,DOWN,0.5067985240876579,1.0,settlement,9.7117070289462
TRAIN,late_limit_97_to_99,270.0,,UP,0.5062516700222539,1.0,settlement,9.733021258301072
TRAIN,late_limit_97_to_99,270.0,,DOWN,0.5053226309634621,1.0,settlement,9.769337320859197
TRAIN,late_limit_97_to_99,270.0,,UP,0.5055259609981992,1.0,settlement,9.761377756058746
TRAIN,late_limit_97_to_99,270.0,,DOWN,0.5059242221629742,1.0,settlement,9.745805948659807
TRAIN,late_limit_97_to_99,270.0,,DOWN,0.505014890590279,1.0,settlement,9.78139632776303
TRAIN,late_limit_97_to_99,270.0,,UP,0.5050950713106118,1.0,settlement,9.778252978498038
TRAIN,late_limit_97_to_99,270.0,,UP,0.5070668606756487,1.0,settlement,9.701265133902368
TRAIN,late_limit_97_to_99,270.0,,DOWN,0.5055791067003796,1.0,settlement,9.759298367893752
TRAIN,late_limit_97_to_99,270.0,,DOWN,0.505257605555765,1.0,settlement,9.771884159765122
TRAIN,late_limit_97_to_99,270.0,,DOWN,0.5071867843170189,1.0,settlement,9.69660206696053
TRAIN,late_limit_97_to_99,270.0,,DOWN,0.5057404364666559,1.0,settlement,9.752988827756731
TRAIN,late_limit_97_to_99,270.0,,DOWN,0.5061582500442274,1.0,settlement,9.736667009035639
TRAIN,late_limit_97_to_99,270.0,,DOWN,0.5054579093248407,1.0,settlement,9.76404099632624
TRAIN,late_limit_97_to_99,270.0,,UP,0.5063839540474446,1.0,settlement,9.727861124096894
TRAIN,late_limit_97_to_99,270.0,,UP,0.5051373008449155,1.0,settlement,9.776597842356026
TRAIN,late_limit_97_to_99,270.0,,UP,0.5076329076395137,1.0,settlement,9.679274514136342
TRAIN,late_limit_97_to_99,270.0,,DOWN,0.5058914229095591,1.0,settlement,9.747087456210448
TRAIN,late_limit_97_to_99,270.0,,DOWN,0.5061270273407309,1.0,settlement,9.737885787173894
TRAIN,late_limit_97_to_99,270.0,,DOWN,0.5065104464490392,1.0,settlement,9.72292943039254
TRAIN,late_limit_97_to_99,270.0,,DOWN,0.5054981874331366,1.0,settlement,9.762464603441774
TRAIN,late_limit_97_to_99,270.0,,DOWN,0.5075192670665043,1.0,settlement,9.683685453757601
TRAIN,late_limit_97_to_99,270.0,,UP,0.5053662693987708,1.0,settlement,9.767628509312463
TRAIN,late_limit_97_to_99,270.0,,DOWN,0.5069952348977415,1.0,settlement,9.704051256649294
TRAIN,late_limit_97_to_99,270.0,,UP,0.5058184311304761,1.0,settlement,9.749939932102823
TRAIN,late_limit_97_to_99,270.0,,DOWN,0.5052023732588956,1.0,settlement,9.774047948534495
TRAIN,late_limit_97_to_99,270.0,,UP,0.5055774322697858,1.0,settlement,9.75936387529222
TRAIN,late_limit_97_to_99,270.0,,UP,0.5053280157796779,1.0,settlement,9.769126444079802
TRAIN,late_limit_97_to_99,270.0,,UP,0.5051908162414992,1.0,settlement,9.774500767843815
TRAIN,late_limit_97_to_99,270.0,,UP,0.5055729399334972,1.0,settlement,9.75953962748757
TRAIN,late_limit_97_to_99,270.0,,UP,0.5050631547919755,1.0,settlement,9.779504091956149
TRAIN,late_limit_97_to_99,270.0,,DOWN,0.5051679079160855,1.0,settlement,9.77539840773322
TRAIN,late_limit_97_to_99,270.0,,UP,0.506485944096338,1.0,settlement,9.72388453729313
TRAIN,late_limit_97_to_99,270.0,,UP,0.50627762656343,1.0,settlement,9.732008533102995
TRAIN,late_limit_97_to_99,270.0,,UP,0.5051981436623747,1.0,settlement,9.774213667346782
TRAIN,late_limit_97_to_99,270.0,,UP,0.5056004419981727,1.0,settlement,9.758463722221475
TRAIN,late_limit_97_to_99,270.0,,UP,0.5051962454188005,1.0,settlement,9.774288042877561
TRAIN,late_limit_97_to_99,270.0,,UP,0.5050897284365778,1.0,settlement,9.778462405785511
TRAIN,late_limit_97_to_99,270.0,,DOWN,0.5052576332377517,1.0,settlement,9.771883075410056
TRAIN,late_limit_97_to_99,270.0,,DOWN,0.5056086336650564,1.0,settlement,9.758143279540125
TRAIN,late_limit_97_to_99,270.0,,DOWN,0.5063394695426903,1.0,settlement,9.729596074411663
TRAIN,late_limit_97_to_99,270.0,,UP,0.5073887523623736,1.0,settlement,9.688753797636547
TRAIN,late_limit_97_to_99,270.0,,UP,0.5071278582302542,1.0,settlement,9.698893051739315
TRAIN,late_limit_97_to_99,270.0,,UP,0.5066333722949229,1.0,settlement,9.718139149228353
TRAIN,late_limit_97_to_99,270.0,,DOWN,0.5068241049286971,1.0,settlement,9.710711114079423
TRAIN,late_limit_97_to_99,270.0,,UP,0.5051120313172395,1.0,settlement,9.777588218047065
TRAIN,late_limit_97_to_99,270.0,,DOWN,0.5065463717867382,1.0,settlement,9.721529220171995
TRAIN,late_limit_97_to_99,270.0,,DOWN,0.505309926372308,1.0,settlement,9.769834867863029
TRAIN,late_limit_97_to_99,270.0,,UP,0.5058051671278857,1.0,settlement,9.750458369935238
TRAIN,late_limit_97_to_99,270.0,,UP,0.506334316111679,1.0,settlement,9.729797084253644
TRAIN,late_limit_97_to_99,270.0,,DOWN,0.5053031682687027,1.0,settlement,9.770099544126243
TRAIN,late_limit_97_to_99,270.0,,UP,0.5057819586472467,1.0,settlement,9.75136556382078
TRAIN,late_limit_97_to_99,270.0,,UP,0.505379602518174,1.0,settlement,9.76710646447269
TRAIN,late_limit_97_to_99,270.0,,UP,0.5056608184039334,1.0,settlement,9.756102153937842
TRAIN,late_limit_97_to_99,270.0,,DOWN,0.5061671033363527,1.0,settlement,9.736321448165917
TRAIN,late_limit_97_to_99,270.0,,DOWN,0.50541874645032,1.0,settlement,9.765573982430322
TRAIN,late_limit_97_to_99,270.0,,DOWN,0.5063645857004867,1.0,settlement,9.7286164759456
TRAIN,late_limit_97_to_99,270.0,,UP,0.5067952724712039,1.0,settlement,9.711833628278765
TRAIN,late_limit_97_to_99,270.0,,UP,0.5095773172077535,1.0,settlement,9.60410739707832
TRAIN,late_limit_97_to_99,270.0,,UP,0.5062028172200922,1.0,settlement,9.734927589927054
TRAIN,late_limit_97_to_99,270.0,,DOWN,0.5063577242160984,1.0,settlement,9.728884082851078
TRAIN,late_limit_97_to_99,270.0,,DOWN,0.5063548338961706,1.0,settlement,9.728996811296415
TRAIN,late_limit_97_to_99,270.0,,UP,0.5058039356321155,1.0,settlement,9.750506505653732
TRAIN,late_limit_97_to_99,270.0,,UP,0.5067341374843459,1.0,settlement,9.714214177170806
TRAIN,late_limit_97_to_99,270.0,,UP,0.50523294597154,1.0,settlement,9.772850168886858
TRAIN,late_limit_97_to_99,270.0,,DOWN,0.506640320025954,1.0,settlement,9.7178684734127
TRAIN,late_limit_97_to_99,270.0,,DOWN,0.5056756140449546,1.0,settlement,9.755523521905484
TRAIN,late_limit_97_to_99,270.0,,UP,0.5070845979648113,1.0,settlement,9.70057530466335
TRAIN,late_limit_97_to_99,270.0,,DOWN,0.5052277424005461,1.0,settlement,9.773054024479855
TRAIN,late_limit_97_to_99,270.0,,UP,0.505357829085524,1.0,settlement,9.767958995501495
TRAIN,late_limit_97_to_99,270.0,,DOWN,0.5054847017175128,1.0,settlement,9.76299237548131
TRAIN,late_limit_97_to_99,270.0,,UP,0.5059640010959426,1.0,settlement,9.744251959308396
TRAIN,late_limit_97_to_99,270.0,,UP,0.5077205538063754,1.0,settlement,9.675873891710925
TRAIN,late_limit_97_to_99,270.0,,DOWN,0.5058216422138005,1.0,settlement,9.74981442753927
TRAIN,late_limit_97_to_99,270.0,,DOWN,0.5102616636699828,1.0,settlement,9.577788178081917
TRAIN,late_limit_97_to_99,270.0,,UP,0.506098182685549,1.0,settlement,9.739011871839189
TRAIN,late_limit_97_to_99,270.0,,UP,0.5050003150527811,1.0,settlement,9.781967844227644
TRAIN,late_limit_97_to_99,270.0,,UP,0.505875722565167,1.0,settlement,9.747700946968845
TRAIN,late_limit_97_to_99,270.0,,UP,0.5073898953053864,1.0,settlement,9.688709401832352
TRAIN,late_limit_97_to_99,270.0,,UP,0.5093327681075581,1.0,settlement,9.613529641447013
TRAIN,late_limit_97_to_99,270.0,,UP,0.5075311594162911,1.0,settlement,9.683223761671986
TRAIN,late_limit_97_to_99,270.0,,DOWN,0.5081457879168554,1.0,settlement,9.659391697794089
TRAIN,late_limit_97_to_99,270.0,,UP,0.5072419558976666,1.0,settlement,9.694457535956364
TRAIN,late_limit_97_to_99,270.0,,UP,0.5057509096355984,1.0,settlement,9.752579365611343
TRAIN,late_limit_97_to_99,270.0,,UP,0.5066814540415031,1.0,settlement,9.716266090333125
TRAIN,late_limit_97_to_99,270.0,,DOWN,0.5064783524770473,1.0,settlement,9.724180478973544
TRAIN,late_limit_97_to_99,270.0,,UP,0.5052849789636722,1.0,settlement,9.770811950336956
TRAIN,late_limit_97_to_99,270.0,,UP,0.5055525908144296,1.0,settlement,9.760335778499936
TRAIN,late_limit_97_to_99,270.0,,DOWN,0.505311212440175,1.0,settlement,9.76978450074255
TRAIN,late_limit_97_to_99,270.0,,UP,0.5068740230022464,1.0,settlement,9.708767990060682
TRAIN,late_limit_97_to_99,270.0,,DOWN,0.505511263916861,1.0,settlement,9.761952873842695
TRAIN,late_limit_97_to_99,270.0,,UP,0.506286959603052,1.0,settlement,9.731644418889193
TRAIN,late_limit_97_to_99,270.0,,UP,0.5055401003308355,1.0,settlement,9.760824495338355
TRAIN,late_limit_97_to_99,270.0,,UP,0.5051984395993271,1.0,settlement,9.774202072221364
TRAIN,late_limit_97_to_99,270.0,,DOWN,0.5057061190430302,1.0,settlement,9.754330630848283
TRAIN,late_limit_97_to_99,270.0,,DOWN,0.5061570830634422,1.0,settlement,9.736712559422173
TRAIN,late_limit_97_to_99,270.0,,DOWN,0.5060457102083865,1.0,settlement,9.741060707108971
TRAIN,late_limit_97_to_99,270.0,,DOWN,0.5054957281539629,1.0,settlement,9.762560846793583
TRAIN,late_limit_97_to_99,270.0,,DOWN,0.5057013841702757,1.0,settlement,9.75451577754211
TRAIN,late_limit_97_to_99,270.0,,UP,0.5062177399959785,1.0,settlement,9.734345235075015
TRAIN,late_limit_97_to_99,270.0,,UP,0.5063266146397518,1.0,settlement,9.73009748818939
TRAIN,late_limit_97_to_99,270.0,,DOWN,0.507712175938218,1.0,settlement,9.676198897575524
TRAIN,late_limit_97_to_99,270.0,,UP,0.5055200557747126,1.0,settlement,9.761608831869072
TRAIN,late_limit_97_to_99,270.0,,DOWN,0.5061301804506264,1.0,settlement,9.737762698712476
TRAIN,late_limit_97_to_99,270.0,,DOWN,0.5051186153645862,1.0,settlement,9.777330163296725
TRAIN,late_limit_97_to_99,270.0,,DOWN,0.5065491828179277,1.0,settlement,9.721419667030368
TRAIN,late_limit_97_to_99,270.0,,UP,0.5050607645604916,1.0,settlement,9.779597794340823
TRAIN,late_limit_97_to_99,270.0,,UP,0.5069842908970166,1.0,settlement,9.704477029272084
TRAIN,late_limit_97_to_99,270.0,,DOWN,0.5061879779427779,1.0,settlement,9.735506720332364
TRAIN,late_limit_97_to_99,270.0,,UP,0.5050166823269919,1.0,settlement,9.781326074858505
TRAIN,late_limit_97_to_99,270.0,,UP,0.5054078836641894,1.0,settlement,9.765999235904971
TRAIN,late_limit_97_to_99,270.0,,UP,0.5056181704592809,1.0,settlement,9.757770231074662
TRAIN,late_limit_97_to_99,270.0,,UP,0.5071473363239376,1.0,settlement,9.698135704872467
TRAIN,late_limit_97_to_99,270.0,,UP,0.5055756542202456,1.0,settlement,9.759433436966223
TRAIN,late_limit_97_to_99,270.0,,UP,0.5054778115989943,1.0,settlement,9.763262035511861
TRAIN,late_limit_97_to_99,270.0,,DOWN,0.5058545451037275,1.0,settlement,9.748528516333604
TRAIN,late_limit_97_to_99,270.0,,DOWN,0.5050697729103358,1.0,settlement,9.77924465164001
TRAIN,late_limit_97_to_99,270.0,,DOWN,0.5054950897602096,1.0,settlement,9.762585830346392
TRAIN,late_limit_97_to_99,270.0,,DOWN,0.505362433334063,1.0,settlement,9.767778711659073
TRAIN,late_limit_97_to_99,270.0,,DOWN,0.5050587891668207,1.0,settlement,9.77967523483094
TRAIN,late_limit_97_to_99,270.0,,UP,0.5065975972116392,1.0,settlement,9.71953302392459
TRAIN,late_limit_97_to_99,270.0,,DOWN,0.5053795622325011,1.0,settlement,9.767108041776083
TRAIN,late_limit_97_to_99,270.0,,DOWN,0.5051231839625742,1.0,settlement,9.7771511058992
TRAIN,late_limit_97_to_99,270.0,,UP,0.5050015712697122,1.0,settlement,9.781918585831846
TRAIN,late_limit_97_to_99,270.0,,UP,0.5055697956033516,1.0,settlement,9.759662643940011
TRAIN,late_limit_97_to_99,270.0,,UP,0.5057795204741808,1.0,settlement,9.751460874146808
TRAIN,late_limit_97_to_99,270.0,,DOWN,0.5062216857655141,1.0,settlement,9.734191258870883
TRAIN,late_limit_97_to_99,270.0,,UP,0.5057581397999813,1.0,settlement,9.752296702836713
TRAIN,late_limit_97_to_99,270.0,,UP,0.5060731499013087,1.0,settlement,9.739989246515329
TRAIN,late_limit_97_to_99,270.0,,DOWN,0.5050559765436023,1.0,settlement,9.779785497908435
TRAIN,late_limit_97_to_99,270.0,,UP,0.5054125450523343,1.0,settlement,9.765816750877292
TRAIN,late_limit_97_to_99,270.0,,UP,0.5052518265785265,1.0,settlement,9.772110535687087
TRAIN,late_limit_97_to_99,270.0,,DOWN,0.5062152044828867,1.0,settlement,9.734444179951659
TRAIN,late_limit_97_to_99,270.0,,DOWN,0.5055093178446286,1.0,settlement,9.762029028935846
TRAIN,late_limit_97_to_99,270.0,,UP,0.5052858742873781,1.0,settlement,9.770776882697028
TRAIN,late_limit_97_to_99,270.0,,UP,0.5069417882924354,1.0,settlement,9.706130752967994
TRAIN,late_limit_97_to_99,270.0,,UP,0.5057934239385975,1.0,settlement,9.750917387834573
TRAIN,late_limit_97_to_99,270.0,,UP,0.5058980685370853,1.0,settlement,9.74682778986918
TRAIN,late_limit_97_to_99,270.0,,DOWN,0.5052199785460864,1.0,settlement,9.773358189788603
TRAIN,late_limit_97_to_99,270.0,,DOWN,0.5066405671105639,1.0,settlement,9.717858847409875
TRAIN,late_limit_97_to_99,270.0,,DOWN,0.5060355704831662,1.0,settlement,9.741456670826388
TRAIN,late_limit_97_to_99,270.0,,DOWN,0.505643386931356,1.0,settlement,9.756783912250704
TRAIN,late_limit_97_to_99,270.0,,UP,0.505240589685017,1.0,settlement,9.772550725653925
TRAIN,late_limit_97_to_99,270.0,,DOWN,0.5051309807387133,1.0,settlement,9.77684553375801
TRAIN,late_limit_97_to_99,270.0,,DOWN,0.5058055477361499,1.0,settlement,9.750443493072229
TRAIN,late_limit_97_to_99,270.0,,DOWN,0.5053845196148812,1.0,settlement,9.76691394746383
TRAIN,late_limit_97_to_99,270.0,,UP,0.5056591665312307,1.0,settlement,9.756166757934917
TRAIN,late_limit_97_to_99,270.0,,DOWN,0.506447309886961,1.0,settlement,9.725390694704252
TRAIN,late_limit_97_to_99,270.0,,UP,0.505072888247714,1.0,settlement,9.779122528025063
TRAIN,late_limit_97_to_99,270.0,,DOWN,0.5079559054017696,1.0,settlement,9.666748187503526
TRAIN,late_limit_97_to_99,270.0,,UP,0.505569173818867,1.0,settlement,9.759686970358587
TRAIN,late_limit_97_to_99,270.0,,DOWN,0.5050613357866974,1.0,settlement,9.779575400923783
TRAIN,late_limit_97_to_99,270.0,,UP,0.5058351693262845,1.0,settlement,9.74928574048909
TRAIN,late_limit_97_to_99,270.0,,UP,0.5053655086930307,1.0,settlement,9.767658294808964
TRAIN,late_limit_97_to_99,270.0,,DOWN,0.5054114959076713,1.0,settlement,9.765857822725113
TRAIN,late_limit_97_to_99,270.0,,UP,0.5058468132080136,1.0,settlement,9.748830679353937
TRAIN,late_limit_97_to_99,270.0,,UP,0.5053468890089231,1.0,settlement,9.768387378048004
TRAIN,late_limit_97_to_99,270.0,,DOWN,0.5057102226200253,1.0,settlement,9.754170172378906
TRAIN,late_limit_97_to_99,270.0,,DOWN,0.5075049764302119,1.0,settlement,9.684240282213512
TRAIN,late_limit_97_to_99,270.0,,DOWN,0.5052402466505718,1.0,settlement,9.772564163868125
TRAIN,late_limit_97_to_99,270.0,,UP,0.5052055827035513,1.0,settlement,9.773922201900692
TRAIN,late_limit_97_to_99,270.0,,DOWN,0.5076960945720175,1.0,settlement,9.67682277826048
TRAIN,late_limit_97_to_99,270.0,,DOWN,0.5053093428400289,1.0,settlement,9.769857721205454
TRAIN,late_limit_97_to_99,270.0,,UP,0.508048068263156,1.0,settlement,9.663176897388094
TRAIN,late_limit_97_to_99,270.0,,DOWN,0.50516751787539,1.0,settlement,9.77541369179383
TRAIN,late_limit_97_to_99,270.0,,UP,0.5052827650357445,1.0,settlement,9.77089866501301
TRAIN,late_limit_97_to_99,270.0,,DOWN,0.5055485845066284,1.0,settlement,9.760492531215636
TRAIN,late_limit_97_to_99,270.0,,UP,0.5052365258756165,1.0,settlement,9.772709924661871
TRAIN,late_limit_97_to_99,270.0,,DOWN,0.5062907225171357,1.0,settlement,9.731497618369936
TRAIN,late_limit_97_to_99,270.0,,UP,0.5050163800067735,1.0,settlement,9.78133792861506
TRAIN,late_limit_97_to_99,270.0,,UP,0.5058835278653936,1.0,settlement,9.747395950201444
TRAIN,late_limit_97_to_99,270.0,,UP,0.5053348398076825,1.0,settlement,9.768859212251712
TRAIN,late_limit_97_to_99,270.0,,DOWN,0.5067248593348587,1.0,settlement,9.714575511306634
TRAIN,late_limit_97_to_99,270.0,,DOWN,0.5081765549672189,1.0,settlement,9.658200228353849
TRAIN,late_limit_97_to_99,270.0,,DOWN,0.5068952662959517,1.0,settlement,9.707941184129115
TRAIN,late_limit_97_to_99,270.0,,DOWN,0.506166238271782,1.0,settlement,9.736355212752414
TRAIN,late_limit_97_to_99,270.0,,UP,0.5069281085710455,1.0,settlement,9.706663072972031
TRAIN,late_limit_97_to_99,270.0,,DOWN,0.505679820138108,1.0,settlement,9.755359035029052
TRAIN,late_limit_97_to_99,270.0,,UP,0.5059332335399951,1.0,settlement,9.745453892068703
TRAIN,late_limit_97_to_99,270.0,,DOWN,0.5053570002871745,1.0,settlement,9.767991448258151
TRAIN,late_limit_97_to_99,270.0,,DOWN,0.507427149127552,1.0,settlement,9.687262445837913
TRAIN,late_limit_97_to_99,270.0,,DOWN,0.5055051674173653,1.0,settlement,9.7621914483885
TRAIN,late_limit_97_to_99,270.0,,DOWN,0.5066058237907609,1.0,settlement,9.71921248116211
TRAIN,late_limit_97_to_99,270.0,,DOWN,0.5055485700527453,1.0,settlement,9.760493096749677
TRAIN,late_limit_97_to_99,270.0,,UP,0.5076445474090151,1.0,settlement,9.678822829949326
TRAIN,late_limit_97_to_99,270.0,,DOWN,0.5074124759924225,1.0,settlement,9.687832331953416
TRAIN,late_limit_97_to_99,270.0,,UP,0.5052903418951323,1.0,settlement,9.770601899284657
TRAIN,late_limit_97_to_99,270.0,,UP,0.5068568525899905,1.0,settlement,9.709436326846422
TRAIN,late_limit_97_to_99,270.0,,DOWN,0.5082880060108929,1.0,settlement,9.653885438456904
TRAIN,late_limit_97_to_99,270.0,,UP,0.5070206152538553,1.0,settlement,9.70306391327539
TRAIN,late_limit_97_to_99,270.0,,UP,0.505797137373859,1.0,settlement,9.750772234735916
TRAIN,late_limit_97_to_99,270.0,,DOWN,0.5056001637213324,1.0,settlement,9.758474608073147
TRAIN,late_limit_97_to_99,270.0,,DOWN,0.5058832791873223,1.0,settlement,9.747405667300427
TRAIN,late_limit_97_to_99,270.0,,UP,0.5054580848597886,1.0,settlement,9.764034125745457
TRAIN,late_limit_97_to_99,270.0,,DOWN,0.5068233925444675,1.0,settlement,9.710738847304928
TRAIN,late_limit_97_to_99,270.0,,UP,0.5063707093985531,1.0,settlement,9.728377649800482
TRAIN,late_limit_97_to_99,270.0,,UP,0.5062851023567411,1.0,settlement,9.731716875433069
TRAIN,late_limit_97_to_99,270.0,,DOWN,0.5067682747503611,1.0,settlement,9.712884827737284
TRAIN,late_limit_97_to_99,270.0,,UP,0.5058547307998834,1.0,settlement,9.748521259428546
TRAIN,late_limit_97_to_99,270.0,,UP,0.5051329684523344,1.0,settlement,9.776767632567672
TRAIN,late_limit_97_to_99,270.0,,DOWN,0.5063648951231258,1.0,settlement,9.72860440822707
TRAIN,late_limit_97_to_99,270.0,,UP,0.5054237220429117,1.0,settlement,9.765379205353117
TRAIN,late_limit_97_to_99,270.0,,DOWN,0.5060606262102337,1.0,settlement,9.740478255120525
TRAIN,late_limit_97_to_99,270.0,,DOWN,0.5074735676211019,1.0,settlement,9.685459826956667
TRAIN,late_limit_97_to_99,270.0,,UP,0.5076366221602576,1.0,settlement,9.679130368972995
TRAIN,late_limit_97_to_99,270.0,,UP,0.5056802429949128,1.0,settlement,9.755342498600648
TRAIN,late_limit_97_to_99,270.0,,DOWN,0.5063432965959824,1.0,settlement,9.72944680264845
TRAIN,late_limit_97_to_99,270.0,,UP,0.5065700567879111,1.0,settlement,9.720606192574
TRAIN,late_limit_97_to_99,270.0,,UP,0.5051073635077908,1.0,settlement,9.777771171961462
TRAIN,late_limit_97_to_99,270.0,,DOWN,0.5054580620948478,1.0,settlement,9.764035016783506
TRAIN,late_limit_97_to_99,270.0,,UP,0.5062617538058557,1.0,settlement,9.732627815204978
TRAIN,late_limit_97_to_99,270.0,,UP,0.505310532178752,1.0,settlement,9.769811142235469
TRAIN,late_limit_97_to_99,270.0,,UP,0.5069430268901204,1.0,settlement,9.706082556743588
TRAIN,late_limit_97_to_99,270.0,,DOWN,0.5052154402259611,1.0,settlement,9.77353599234305
TRAIN,late_limit_97_to_99,270.0,,DOWN,0.5060336683391088,1.0,settlement,9.741530952716552
TRAIN,late_limit_97_to_99,270.0,,UP,0.5078952682208443,1.0,settlement,9.669098571502687
TRAIN,late_limit_97_to_99,270.0,,DOWN,0.5059481506395006,1.0,settlement,9.744871138199347
TRAIN,late_limit_97_to_99,270.0,,UP,0.5055102084595465,1.0,settlement,9.761994176681895
TRAIN,late_limit_97_to_99,270.0,,UP,0.5066343466990723,1.0,settlement,9.71810118708699
TRAIN,late_limit_97_to_99,270.0,,UP,0.5062874217724386,1.0,settlement,9.731626388408891
TRAIN,late_limit_97_to_99,270.0,,UP,0.5058189000580724,1.0,settlement,9.749921604060095
TRAIN,late_limit_97_to_99,270.0,,UP,0.5053666597713945,1.0,settlement,9.767613224274744
TRAIN,late_limit_97_to_99,270.0,,UP,0.5053811986025118,1.0,settlement,9.76704397324665
TRAIN,late_limit_97_to_99,270.0,,UP,0.5095864260460388,1.0,settlement,9.603756616893374
TRAIN,late_limit_97_to_99,270.0,,DOWN,0.5060217629706542,1.0,settlement,9.741995889848582
TRAIN,late_limit_97_to_99,270.0,,DOWN,0.5059880343410682,1.0,settlement,9.743313203686082
TRAIN,late_limit_97_to_99,270.0,,DOWN,0.5071452133645741,1.0,settlement,9.698218246913136
TRAIN,late_limit_97_to_99,270.0,,UP,0.5063019978970217,1.0,settlement,9.731057751176266
TRAIN,late_limit_97_to_99,270.0,,DOWN,0.5057532938126378,1.0,settlement,9.752486155482394
TRAIN,late_limit_97_to_99,270.0,,DOWN,0.5054431117776669,1.0,settlement,9.764620201528786
TRAIN,late_limit_97_to_99,270.0,,UP,0.5065080222571781,1.0,settlement,9.723023921786037
TRAIN,late_limit_97_to_99,270.0,,DOWN,0.5052881338915158,1.0,settlement,9.770688380081722
TRAIN,late_limit_97_to_99,270.0,,DOWN,0.5070226385417859,1.0,settlement,9.70298520784069
TRAIN,late_limit_97_to_99,270.0,,UP,0.5062367603331352,1.0,settlement,9.73360302444133
TRAIN,late_limit_97_to_99,270.0,,UP,0.5052196536460865,1.0,settlement,9.773370918632438
TRAIN,late_limit_97_to_99,270.0,,DOWN,0.5054197475686877,1.0,settlement,9.765534791833549
TRAIN,late_limit_97_to_99,270.0,,UP,0.5059381036229034,1.0,settlement,9.745263632828522
TRAIN,late_limit_97_to_99,270.0,,DOWN,0.5053933172419091,1.0,settlement,9.76656950703891
TRAIN,late_limit_97_to_99,270.0,,UP,0.5053256434716706,1.0,settlement,9.769219346357229
TRAIN,late_limit_97_to_99,270.0,,DOWN,0.5063305415944869,1.0,settlement,9.729944312087067
TRAIN,late_limit_97_to_99,270.0,,DOWN,0.5051819221864392,1.0,settlement,9.77484926285518
TRAIN,late_limit_97_to_99,270.0,,DOWN,0.505292445409702,1.0,settlement,9.770519511709274
TRAIN,late_limit_97_to_99,270.0,,DOWN,0.5050025188255823,1.0,settlement,9.781881430721732
TRAIN,late_limit_97_to_99,270.0,,DOWN,0.5061490522955612,1.0,settlement,9.737026027504228
TRAIN,late_limit_97_to_99,270.0,,DOWN,0.5052498333579606,1.0,settlement,9.772188615953837
TRAIN,late_limit_97_to_99,270.0,,DOWN,0.5055849926118302,1.0,settlement,9.759068101567717
TRAIN,late_limit_97_to_99,270.0,,DOWN,0.5062263995484205,1.0,settlement,9.734007315542026
TRAIN,late_limit_97_to_99,270.0,,UP,0.506741848037563,1.0,settlement,9.71391390256511
TRAIN,late_limit_97_to_99,270.0,,UP,0.5052051450600877,1.0,settlement,9.773939348758269
TRAIN,late_limit_97_to_99,270.0,,DOWN,0.5056988494397808,1.0,settlement,9.75461489397913
TRAIN,late_limit_97_to_99,270.0,,DOWN,0.5052492605952098,1.0,settlement,9.772211052856331
TRAIN,late_limit_97_to_99,270.0,,UP,0.5062301360722246,1.0,settlement,9.73386150968556
TRAIN,late_limit_97_to_99,270.0,,UP,0.505350080899955,1.0,settlement,9.768262390680643
TRAIN,late_limit_97_to_99,270.0,,UP,0.5050955352431353,1.0,settlement,9.77823479371353
TRAIN,late_limit_97_to_99,270.0,,UP,0.506200420297211,1.0,settlement,9.735021132002597
TRAIN,late_limit_97_to_99,270.0,,DOWN,0.5058834071206542,1.0,settlement,9.747400668302571
TRAIN,late_limit_97_to_99,270.0,,UP,0.5065709574499796,1.0,settlement,9.720571094598196
TRAIN,late_limit_97_to_99,270.0,,DOWN,0.5060123708398293,1.0,settlement,9.742362693629385
TRAIN,late_limit_97_to_99,270.0,,DOWN,0.5053190632135228,1.0,settlement,9.769477041309433
TRAIN,late_limit_97_to_99,270.0,,DOWN,0.5060316713978886,1.0,settlement,9.741608937194528
TRAIN,late_limit_97_to_99,270.0,,DOWN,0.5086302742739308,1.0,settlement,9.640646457340726
TRAIN,late_limit_97_to_99,270.0,,UP,0.5063089032307688,1.0,settlement,9.730788374823689
TRAIN,late_limit_97_to_99,270.0,,DOWN,0.5054829436509267,1.0,settlement,9.763061180607785
TRAIN,late_limit_97_to_99,270.0,,DOWN,0.505118870722386,1.0,settlement,9.777320154954204
TRAIN,late_limit_97_to_99,270.0,,DOWN,0.5053086890947868,1.0,settlement,9.76988332441713
TRAIN,late_limit_97_to_99,270.0,,UP,0.5055271970797433,1.0,settlement,9.761329387947
TRAIN,late_limit_97_to_99,270.0,,UP,0.5067938583373369,1.0,settlement,9.711888687063972
TRAIN,late_limit_97_to_99,270.0,,DOWN,0.5052432061373165,1.0,settlement,9.772448227957309
TRAIN,late_limit_97_to_99,270.0,,DOWN,0.5067093125129939,1.0,settlement,9.71518100625704
TRAIN,late_limit_97_to_99,270.0,,DOWN,0.506719309361067,1.0,settlement,9.71479165932952
TRAIN,late_limit_97_to_99,270.0,,UP,0.5060458427276461,1.0,settlement,9.7410555322396
TRAIN,late_limit_97_to_99,270.0,,UP,0.5071405104096692,1.0,settlement,9.69840110331943
TRAIN,late_limit_97_to_99,270.0,,UP,0.5058072946571947,1.0,settlement,9.750375211329033
TRAIN,late_limit_97_to_99,270.0,,UP,0.5055698635735205,1.0,settlement,9.759659984709096
TRAIN,late_limit_97_to_99,270.0,,DOWN,0.50688068481694,1.0,settlement,9.708508699461493
TRAIN,late_limit_97_to_99,270.0,,DOWN,0.5055521652914622,1.0,settlement,9.760352427597212
TRAIN,late_limit_97_to_99,270.0,,UP,0.5054824965363729,1.0,settlement,9.76307867932363
TRAIN,late_limit_97_to_99,270.0,,UP,0.5056946760754021,1.0,settlement,9.754778088644422
TRAIN,late_limit_97_to_99,270.0,,UP,0.505207063324115,1.0,settlement,9.77386419145235
TRAIN,late_limit_97_to_99,270.0,,DOWN,0.5064782517756198,1.0,settlement,9.724184404644891
TRAIN,late_limit_97_to_99,270.0,,DOWN,0.5053118306032173,1.0,settlement,9.769760291308586
TRAIN,late_limit_97_to_99,270.0,,DOWN,0.505228298061105,1.0,settlement,9.773032255668596
TRAIN,late_limit_97_to_99,270.0,,DOWN,0.5052583381925343,1.0,settlement,9.77185546105602
TRAIN,late_limit_97_to_99,270.0,,DOWN,0.5055268998230256,1.0,settlement,9.761341019638703
TRAIN,late_limit_97_to_99,270.0,,UP,0.506088044036402,1.0,settlement,9.739407711439078
TRAIN,late_limit_97_to_99,270.0,,UP,0.5050003153284287,1.0,settlement,9.781967833419007
TRAIN,late_limit_97_to_99,270.0,,DOWN,0.5051131480103025,1.0,settlement,9.777544449973487
TRAIN,late_limit_97_to_99,270.0,,UP,0.5064313905092805,1.0,settlement,9.726011379633757
TRAIN,late_limit_97_to_99,270.0,,UP,0.5053525552690535,1.0,settlement,9.768165500965804
TRAIN,late_limit_97_to_99,270.0,,DOWN,0.5051131011167952,1.0,settlement,9.777546287930754
TRAIN,late_limit_97_to_99,270.0,,UP,0.5055848235890067,1.0,settlement,9.75907471393775
TRAIN,late_limit_97_to_99,270.0,,DOWN,0.5054360815455542,1.0,settlement,9.76489539057317
TRAIN,late_limit_97_to_99,270.0,,UP,0.5051276181926087,1.0,settlement,9.776977317892232
TRAIN,late_limit_97_to_99,270.0,,DOWN,0.5050504568805637,1.0,settlement,9.78000188845456
TRAIN,late_limit_97_to_99,270.0,,UP,0.5055309507712342,1.0,settlement,9.761182506717098
TRAIN,late_limit_97_to_99,270.0,,DOWN,0.5054569485541968,1.0,settlement,9.764078601756065
TRAIN,late_limit_97_to_99,270.0,,UP,0.5050829716923092,1.0,settlement,9.778727259591491
TRAIN,late_limit_97_to_99,270.0,,UP,0.5057084147473138,1.0,settlement,9.75424086367374
TRAIN,late_limit_97_to_99,270.0,,DOWN,0.5090700718298801,1.0,settlement,9.623661164472814
TRAIN,late_limit_97_to_99,270.0,,UP,0.5050814559859461,1.0,settlement,9.778786673883054
TRAIN,late_limit_97_to_99,270.0,,DOWN,0.5051698906589128,1.0,settlement,9.775320712714311
TRAIN,late_limit_97_to_99,270.0,,UP,0.5059436397430633,1.0,settlement,9.745047357998939
TRAIN,late_limit_97_to_99,270.0,,UP,0.5052445750524359,1.0,settlement,9.772394602083889
TRAIN,late_limit_97_to_99,270.0,,UP,0.5051858648818279,1.0,settlement,9.774694775039244
TRAIN,late_limit_97_to_99,270.0,,DOWN,0.5061026592881149,1.0,settlement,9.738837098516775
TRAIN,late_limit_97_to_99,270.0,,DOWN,0.5055592311922875,1.0,settlement,9.760075969370519
TRAIN,late_limit_97_to_99,270.0,,UP,0.505255306015824,1.0,settlement,9.771974237449793
TRAIN,late_limit_97_to_99,270.0,,DOWN,0.5077631575420698,1.0,settlement,9.67422131453377
TRAIN,late_limit_97_to_99,270.0,,DOWN,0.5053305387362658,1.0,settlement,9.769027643189887
TRAIN,late_limit_97_to_99,270.0,,UP,0.5050300518727083,1.0,settlement,9.780801878856266
TRAIN,late_limit_97_to_99,270.0,,DOWN,0.5061930602852501,1.0,settlement,9.73530836863863
TRAIN,late_limit_97_to_99,270.0,,UP,0.5077007472548155,1.0,settlement,9.67664227218675
TRAIN,late_limit_97_to_99,270.0,,UP,0.505880785942682,1.0,settlement,9.747503091396386
TRAIN,late_limit_97_to_99,270.0,,UP,0.5050856194256487,1.0,settlement,9.778623471742012
TRAIN,late_limit_97_to_99,270.0,,DOWN,0.5058978794345094,1.0,settlement,9.746835178629254
TRAIN,late_limit_97_to_99,270.0,,DOWN,0.5064905199483009,1.0,settlement,9.723706162596553
TRAIN,late_limit_97_to_99,270.0,,UP,0.5105760557404838,1.0,settlement,9.56572065330618
TRAIN,late_limit_97_to_99,270.0,,UP,0.5083218828837452,1.0,settlement,9.652574281613273
TRAIN,late_limit_97_to_99,270.0,,DOWN,0.5060688569271538,1.0,settlement,9.740156870193363
TRAIN,late_limit_97_to_99,270.0,,UP,0.5059134882997955,1.0,settlement,9.746225315728633
TRAIN,late_limit_97_to_99,270.0,,DOWN,0.5054061786853196,1.0,settlement,9.766065983625989
TRAIN,late_limit_97_to_99,270.0,,UP,0.5056676907535286,1.0,settlement,9.755833383972671
TRAIN,late_limit_97_to_99,270.0,,DOWN,0.5062232357015121,1.0,settlement,9.734130776202399
TRAIN,late_limit_97_to_99,270.0,,UP,0.5068353655865919,1.0,settlement,9.710272745325064
TRAIN,late_limit_97_to_99,270.0,,UP,0.5066971244535812,1.0,settlement,9.715655715007134
TRAIN,late_limit_97_to_99,270.0,,DOWN,0.5074873602408759,1.0,settlement,9.684924266987771
TRAIN,late_limit_97_to_99,270.0,,DOWN,0.5054542031084622,1.0,settlement,9.764186061767031
TRAIN,late_limit_97_to_99,270.0,,UP,0.5050088112082164,1.0,settlement,9.781634700343822
TRAIN,late_limit_97_to_99,270.0,,DOWN,0.5063291845328398,1.0,settlement,9.7299972458163
TRAIN,late_limit_97_to_99,270.0,,DOWN,0.5057558186290262,1.0,settlement,9.752387447973263
TRAIN,late_limit_97_to_99,270.0,,DOWN,0.5056142585284894,1.0,settlement,9.757923251419815
TRAIN,late_limit_97_to_99,270.0,,UP,0.505703477441277,1.0,settlement,9.754433924396366
TRAIN,late_limit_97_to_99,270.0,,UP,0.5055192270285446,1.0,settlement,9.761641261758264
TRAIN,late_limit_97_to_99,270.0,,DOWN,0.5050859519298817,1.0,settlement,9.778610438067073
TRAIN,late_limit_97_to_99,270.0,,DOWN,0.5074357644543351,1.0,settlement,9.686927852736943
TRAIN,late_limit_97_to_99,270.0,,UP,0.50558593005649,1.0,settlement,9.759031427719286
TRAIN,late_limit_97_to_99,270.0,,DOWN,0.5065334370673457,1.0,settlement,9.722033335245467
TRAIN,late_limit_97_to_99,270.0,,UP,0.507068873813556,1.0,settlement,9.701186837583126
TRAIN,late_limit_97_to_99,270.0,,UP,0.506484539209194,1.0,settlement,9.72393930289289
TRAIN,late_limit_97_to_99,270.0,,DOWN,0.5051374438833343,1.0,settlement,9.77659223660637
TRAIN,late_limit_97_to_99,270.0,,DOWN,0.5061340029166421,1.0,settlement,9.737613482544372
TRAIN,late_limit_97_to_99,270.0,,DOWN,0.5134943130245005,1.0,settlement,9.45441236710029
TRAIN,late_limit_97_to_99,270.0,,UP,0.5060451496523203,1.0,settlement,9.741082596820714
TRAIN,late_limit_97_to_99,270.0,,UP,0.5058481803838858,1.0,settlement,9.748777249353843
TRAIN,late_limit_97_to_99,270.0,,UP,0.5053603175171519,1.0,settlement,9.767861558126
TRAIN,late_limit_97_to_99,270.0,,DOWN,0.5052202595215,1.0,settlement,9.773347181823464
TRAIN,late_limit_97_to_99,270.0,,UP,0.5052795804829093,1.0,settlement,9.771023398259494
TRAIN,late_limit_97_to_99,270.0,,UP,0.5069251393074253,1.0,settlement,9.706778619940348
TRAIN,late_limit_97_to_99,270.0,,UP,0.5050589761539026,1.0,settlement,9.779667904432571
TRAIN,late_limit_97_to_99,270.0,,DOWN,0.5067322259560175,1.0,settlement,9.71428861985968
TRAIN,late_limit_97_to_99,270.0,,UP,0.5052559759512143,1.0,settlement,9.771947994625133
TRAIN,late_limit_97_to_99,270.0,,UP,0.5058733687719449,1.0,settlement,9.747792924691687
TRAIN,late_limit_97_to_99,270.0,,DOWN,0.5067293640901219,1.0,settlement,9.71440007360911
TRAIN,late_limit_97_to_99,270.0,,UP,0.5055411879751633,1.0,settlement,9.760781937971963
TRAIN,late_limit_97_to_99,270.0,,UP,0.5082677594699335,1.0,settlement,9.654669135868232
TRAIN,late_limit_97_to_99,270.0,,DOWN,0.5060274261991605,1.0,settlement,9.741774722590304
TRAIN,late_limit_97_to_99,270.0,,DOWN,0.5063886947210096,1.0,settlement,9.727676249979105
TRAIN,late_limit_97_to_99,270.0,,DOWN,0.5061309709443742,1.0,settlement,9.737731840320517
TRAIN,late_limit_97_to_99,270.0,,UP,0.50675319278322,1.0,settlement,9.7134721170229
TRAIN,late_limit_97_to_99,270.0,,DOWN,0.5059297884492041,1.0,settlement,9.745588483438372
TRAIN,late_limit_97_to_99,270.0,,UP,0.5050236870845738,1.0,settlement,9.781051427366712
TRAIN,late_limit_97_to_99,270.0,,UP,0.5062423194941172,1.0,settlement,9.733386105675436
TRAIN,late_limit_97_to_99,270.0,,DOWN,0.5058256780134602,1.0,settlement,9.749656691358986
TRAIN,late_limit_97_to_99,270.0,,UP,0.5064043188755164,1.0,settlement,9.727066972503813
TRAIN,late_limit_97_to_99,270.0,,DOWN,0.5075481834923373,1.0,settlement,9.682562880221546
TRAIN,late_limit_97_to_99,270.0,,DOWN,0.5060252260569394,1.0,settlement,9.74186064462085
TRAIN,late_limit_97_to_99,270.0,,DOWN,0.5060147940094378,1.0,settlement,9.742268056956231
TRAIN,late_limit_97_to_99,270.0,,DOWN,0.5063607368209619,1.0,settlement,9.728766586410472
TRAIN,late_limit_97_to_99,270.0,,DOWN,0.5066746686957907,1.0,settlement,9.716530396793996
TRAIN,late_limit_97_to_99,270.0,,UP,0.5056452466109538,1.0,settlement,9.756711176509992
TRAIN,late_limit_97_to_99,270.0,,UP,0.5063811260056185,1.0,settlement,9.727971412127722
TRAIN,late_limit_97_to_99,270.0,,DOWN,0.5052302231007589,1.0,settlement,9.77295683980822
TRAIN,late_limit_97_to_99,270.0,,UP,0.5064647633785874,1.0,settlement,9.724710240631097
TRAIN,late_limit_97_to_99,270.0,,DOWN,0.5053930342431975,1.0,settlement,9.76658058668049
TRAIN,late_limit_97_to_99,270.0,,UP,0.5086939529316749,1.0,settlement,9.638185324139577
TRAIN,late_limit_97_to_99,270.0,,DOWN,0.505000316072678,1.0,settlement,9.781967804235656
TRAIN,late_limit_97_to_99,270.0,,DOWN,0.5058128407781356,1.0,settlement,9.750158433732398
TRAIN,late_limit_97_to_99,270.0,,UP,0.5063899511202167,1.0,settlement,9.72762725421067
TRAIN,late_limit_97_to_99,270.0,,DOWN,0.5075286615301909,1.0,settlement,9.683320734340711
TRAIN,late_limit_97_to_99,270.0,,UP,0.5104394434160574,1.0,settlement,9.570962510804705
TRAIN,late_limit_97_to_99,270.0,,DOWN,0.5055801498161664,1.0,settlement,9.75925755913497
TRAIN,late_limit_97_to_99,270.0,,UP,0.5051694978849194,1.0,settlement,9.775336103760683
TRAIN,late_limit_97_to_99,270.0,,DOWN,0.5051720786350616,1.0,settlement,9.77523497620707
TRAIN,late_limit_97_to_99,270.0,,UP,0.5052972810025763,1.0,settlement,9.770330120436594
TRAIN,late_limit_97_to_99,270.0,,DOWN,0.505208228374458,1.0,settlement,9.773818545227744
TRAIN,late_limit_97_to_99,270.0,,DOWN,0.505060041222384,1.0,settlement,9.779626150976533
TRAIN,late_limit_97_to_99,270.0,,DOWN,0.5067842700240482,1.0,settlement,9.712262012641936
TRAIN,late_limit_97_to_99,270.0,,DOWN,0.5052507198276032,1.0,settlement,9.772153890274723
TRAIN,late_limit_97_to_99,270.0,,DOWN,0.5059482697134835,1.0,settlement,9.744866486573738
TRAIN,late_limit_97_to_99,270.0,,UP,0.5055322229918263,1.0,settlement,9.761132725463643
TRAIN,late_limit_97_to_99,270.0,,DOWN,0.5078568118316263,1.0,settlement,9.670589487092233
TRAIN,late_limit_97_to_99,270.0,,DOWN,0.5062963566197474,1.0,settlement,9.731277822270556
TRAIN,late_limit_97_to_99,270.0,,DOWN,0.5088788653007753,1.0,settlement,9.631042088551766
TRAIN,late_limit_97_to_99,270.0,,UP,0.5073040092758473,1.0,settlement,9.692046065384996
TRAIN,late_limit_97_to_99,270.0,,UP,0.50557127553198,1.0,settlement,9.759604744113766
TRAIN,late_limit_97_to_99,270.0,,UP,0.5059331610727428,1.0,settlement,9.74545672317021
TRAIN,late_limit_97_to_99,270.0,,UP,0.5072972814252888,1.0,settlement,9.692307489415807
TRAIN,late_limit_97_to_99,270.0,,UP,0.5053826916258998,1.0,settlement,9.766985517506239
TRAIN,late_limit_97_to_99,270.0,,DOWN,0.5061069036372648,1.0,settlement,9.7386713955737
TRAIN,late_limit_97_to_99,270.0,,UP,0.5050608122213954,1.0,settlement,9.779595925918837
TRAIN,late_limit_97_to_99,270.0,,DOWN,0.5072361652776216,1.0,settlement,9.694682596669303
TRAIN,late_limit_97_to_99,270.0,,UP,0.5054509935374547,1.0,settlement,9.764311689673203
TRAIN,late_limit_97_to_99,270.0,,UP,0.5057664227227763,1.0,settlement,9.751972892477404
TRAIN,late_limit_97_to_99,270.0,,UP,0.5056947717898478,1.0,settlement,9.754774345809754
TRAIN,late_limit_97_to_99,270.0,,DOWN,0.506403141015158,1.0,settlement,9.72711290288121
TRAIN,late_limit_97_to_99,270.0,,DOWN,0.5055487174582275,1.0,settlement,9.760487329247908
TRAIN,late_limit_97_to_99,270.0,,DOWN,0.5052466264855577,1.0,settlement,9.77231423979799
TRAIN,late_limit_97_to_99,270.0,,UP,0.5068622446126253,1.0,settlement,9.709226444243452
TRAIN,late_limit_97_to_99,270.0,,DOWN,0.5065756370517683,1.0,settlement,9.72038873681182
TRAIN,late_limit_97_to_99,270.0,,UP,0.5065477785608503,1.0,settlement,9.721474394401525
TRAIN,late_limit_97_to_99,270.0,,UP,0.5052499832026778,1.0,settlement,9.77218274607753
TRAIN,late_limit_97_to_99,270.0,,DOWN,0.5056971957765245,1.0,settlement,9.75467955827692
TRAIN,late_limit_97_to_99,270.0,,UP,0.5054241857074792,1.0,settlement,9.765361054699568
TRAIN,late_limit_97_to_99,270.0,,DOWN,0.5058995835067892,1.0,settlement,9.746768596016842
TRAIN,late_limit_97_to_99,270.0,,UP,0.5055327070652693,1.0,settlement,9.761113784016551
TRAIN,late_limit_97_to_99,270.0,,UP,0.5057298010232049,1.0,settlement,9.753404651590149
TRAIN,late_limit_97_to_99,270.0,,DOWN,0.5055078017651998,1.0,settlement,9.762088357648807
TRAIN,late_limit_97_to_99,270.0,,UP,0.5050823005904582,1.0,settlement,9.778753566121132
TRAIN,late_limit_97_to_99,270.0,,UP,0.5058111171773251,1.0,settlement,9.750225802479235
TRAIN,late_limit_97_to_99,270.0,,DOWN,0.506546616323985,1.0,settlement,9.721519689875972
TRAIN,late_limit_97_to_99,270.0,,UP,0.5050418044979726,1.0,settlement,9.780341102337683
TRAIN,late_limit_97_to_99,270.0,,DOWN,0.5055013727530089,1.0,settlement,9.762339948038207
TRAIN,late_limit_97_to_99,270.0,,DOWN,0.505095679320637,1.0,settlement,9.77822914630785
TRAIN,late_limit_97_to_99,270.0,,DOWN,0.5052021746507225,1.0,settlement,9.774055730091856
TRAIN,late_limit_97_to_99,270.0,,UP,0.5068840591780766,1.0,settlement,9.70837736545753
TRAIN,late_limit_97_to_99,270.0,,UP,0.5067110245666886,1.0,settlement,9.715114325865418
TRAIN,late_limit_97_to_99,270.0,,DOWN,0.5054608957338649,1.0,settlement,9.763924106495466
TRAIN,late_limit_97_to_99,270.0,,UP,0.5072727197695278,1.0,settlement,9.693261940329371
TRAIN,late_limit_97_to_99,270.0,,UP,0.5076339298431821,1.0,settlement,9.679234846435879
TRAIN,late_limit_97_to_99,270.0,,DOWN,0.5056054257190804,1.0,settlement,9.758268767147495
TRAIN,late_limit_97_to_99,270.0,,DOWN,0.5058474175960433,1.0,settlement,9.748807059495046
TRAIN,late_limit_97_to_99,270.0,,DOWN,0.5057865980588733,1.0,settlement,9.751184207684375
TRAIN,late_limit_97_to_99,270.0,,DOWN,0.5066827669081612,1.0,settlement,9.716214951657417
TRAIN,late_limit_97_to_99,270.0,,UP,0.5051515896073984,1.0,settlement,9.776037874040853
TRAIN,late_limit_97_to_99,270.0,,DOWN,0.5050041050115389,1.0,settlement,9.78181923426446
TRAIN,late_limit_97_to_99,270.0,,UP,0.505443521845272,1.0,settlement,9.764604150216478
TRAIN,late_limit_97_to_99,270.0,,DOWN,0.50651985429677,1.0,settlement,9.722562735045326
TRAIN,late_limit_97_to_99,270.0,,DOWN,0.50669224901436,1.0,settlement,9.715845613293745
TRAIN,late_limit_97_to_99,270.0,,DOWN,0.5050616039918553,1.0,settlement,9.779564886665316
TRAIN,late_limit_97_to_99,270.0,,DOWN,0.5052249627258439,1.0,settlement,9.773162923001522
TRAIN,late_limit_97_to_99,270.0,,UP,0.5060052093699295,1.0,settlement,9.742642389496062
TRAIN,late_limit_97_to_99,270.0,,UP,0.5056956866414909,1.0,settlement,9.754738571360257
TRAIN,late_limit_97_to_99,270.0,,DOWN,0.5056551309008506,1.0,settlement,9.756324591395892
TRAIN,late_limit_97_to_99,270.0,,DOWN,0.5060425425057747,1.0,settlement,9.741184406518322
TRAIN,late_limit_97_to_99,270.0,,UP,0.5050444882628349,1.0,settlement,9.780235884953974
TRAIN,late_limit_97_to_99,270.0,,UP,0.5060832944864816,1.0,settlement,9.739593151848482
TRAIN,late_limit_97_to_99,270.0,,UP,0.5056469843303315,1.0,settlement,9.756643211357812
TRAIN,late_limit_97_to_99,270.0,,UP,0.5050901451639043,1.0,settlement,9.778446070958186
TRAIN,late_limit_97_to_99,270.0,,DOWN,0.5101767672339289,1.0,settlement,9.581049366120485
TRAIN,late_limit_97_to_99,270.0,,UP,0.5073026414190495,1.0,settlement,9.692099215623156
TRAIN,late_limit_97_to_99,270.0,,DOWN,0.5070807578701143,1.0,settlement,9.700724647495775
TRAIN,late_limit_97_to_99,270.0,,UP,0.5061297897410804,1.0,settlement,9.737777950821027
TRAIN,late_limit_97_to_99,270.0,,UP,0.5059214427730709,1.0,settlement,9.745914536430234
TRAIN,late_limit_97_to_99,270.0,,UP,0.5059104843290626,1.0,settlement,9.746342682662483
TRAIN,late_limit_97_to_99,270.0,,DOWN,0.505742979185075,1.0,settlement,9.752889415318077
TRAIN,late_limit_97_to_99,270.0,,DOWN,0.5075144366171723,1.0,settlement,9.683872990598665
TRAIN,late_limit_97_to_99,270.0,,DOWN,0.5215010863083098,1.0,settlement,9.155415473800243
TRAIN,late_limit_97_to_99,270.0,,DOWN,0.5118736597609596,1.0,settlement,9.516070687188538
TRAIN,late_limit_97_to_99,270.0,,UP,0.5166291809629397,1.0,settlement,9.336243062695576
TRAIN,late_limit_97_to_99,270.0,,UP,0.5105058425087649,1.0,settlement,9.568414406497826
TRAIN,late_limit_97_to_99,270.0,,DOWN,0.5099757456942792,1.0,settlement,9.588775680863087
TRAIN,late_limit_97_to_99,270.0,,DOWN,0.5058772773873333,1.0,settlement,9.74764019061353
TRAIN,late_limit_97_to_99,270.0,,UP,0.5074993918552584,1.0,settlement,9.684457109678775
TRAIN,late_limit_97_to_99,270.0,,UP,0.506106219854157,1.0,settlement,9.738698090850704
TRAIN,late_limit_97_to_99,270.0,,DOWN,0.5089389424871147,1.0,settlement,9.628722401023932
TRAIN,late_limit_97_to_99,270.0,,DOWN,0.5062141986592984,1.0,settlement,9.734483431094716
TRAIN,late_limit_97_to_99,270.0,,DOWN,0.506210751477496,1.0,settlement,9.734617954700948
TRAIN,late_limit_97_to_99,270.0,,UP,0.506146096904627,1.0,settlement,9.737141388930436
TRAIN,late_limit_97_to_99,270.0,,UP,0.5066775494456074,1.0,settlement,9.716418183402293
TRAIN,late_limit_97_to_99,270.0,,DOWN,0.5073972596644777,1.0,settlement,9.68842334980803
TRAIN,late_limit_97_to_99,270.0,,UP,0.5088031375629746,1.0,settlement,9.63396685228243
TRAIN,late_limit_97_to_99,270.0,,DOWN,0.5060651936220865,1.0,settlement,9.740299910030338
TRAIN,late_limit_97_to_99,270.0,,DOWN,0.511140598288037,1.0,settlement,9.544088693977734
TRAIN,late_limit_97_to_99,270.0,,UP,0.5056821441493936,1.0,settlement,9.755268151540076
TRAIN,late_limit_97_to_99,270.0,,DOWN,0.5068679456137145,1.0,settlement,9.709004539618348
TRAIN,late_limit_97_to_99,270.0,,UP,0.5391019156303972,1.0,settlement,8.529368329189722
TRAIN,late_limit_97_to_99,270.0,,DOWN,0.5170013198130391,1.0,settlement,9.322310390264104
TRAIN,late_limit_97_to_99,270.0,,DOWN,0.5051948578096709,1.0,settlement,9.774342411472922
TRAIN,late_limit_97_to_99,270.0,,DOWN,0.5096512559934155,1.0,settlement,9.601260386198668
TRAIN,late_limit_97_to_99,270.0,,DOWN,0.5115633006761963,1.0,settlement,9.527922978020058
TRAIN,late_limit_97_to_99,270.0,,UP,0.5051990760365773,1.0,settlement,9.774177135977148
TRAIN,late_limit_97_to_99,270.0,,DOWN,0.5057657323672424,1.0,settlement,9.751999880646093
TRAIN,late_limit_97_to_99,270.0,,DOWN,0.5082477886745655,1.0,settlement,9.6554422209657
TRAIN,late_limit_97_to_99,270.0,,UP,0.5083093738757419,1.0,settlement,9.65305840486927
TRAIN,late_limit_97_to_99,270.0,,UP,0.5078901939909273,1.0,settlement,9.669295281370673
TRAIN,late_limit_97_to_99,270.0,,DOWN,0.5088015002015921,1.0,settlement,9.634030100221604
TRAIN,late_limit_97_to_99,270.0,,UP,0.5055000611174967,1.0,settlement,9.762391277843257
TRAIN,late_limit_97_to_99,270.0,,UP,0.5099687694391555,1.0,settlement,9.58904392439095
TRAIN,late_limit_97_to_99,270.0,,DOWN,0.5057004309284788,1.0,settlement,9.754553052366884
TRAIN,late_limit_97_to_99,270.0,,UP,0.5072710386505592,1.0,settlement,9.693327270963405
TRAIN,late_limit_97_to_99,270.0,,UP,0.508511277320693,1.0,settlement,9.645247254081038
TRAIN,late_limit_97_to_99,270.0,,DOWN,0.5061581936552978,1.0,settlement,9.736669210041807
TRAIN,late_limit_97_to_99,270.0,,UP,0.5070822485712683,1.0,settlement,9.700666673257725
TRAIN,late_limit_97_to_99,270.0,,UP,0.507170336619901,1.0,settlement,9.697241482706243
TRAIN,late_limit_97_to_99,270.0,,DOWN,0.5081388129196435,1.0,settlement,9.659661828118196
TRAIN,late_limit_97_to_99,270.0,,DOWN,0.5051469958311289,1.0,settlement,9.77621789801361
TRAIN,late_limit_97_to_99,270.0,,DOWN,0.5068701058290828,1.0,settlement,9.708920457131896
TRAIN,late_limit_97_to_99,270.0,,UP,0.5087424957947028,1.0,settlement,9.636309592103323
TRAIN,late_limit_97_to_99,270.0,,UP,0.5075492374912521,1.0,settlement,9.682521965018921
TRAIN,late_limit_97_to_99,270.0,,DOWN,0.5062522803526366,1.0,settlement,9.732997444346069
TRAIN,late_limit_97_to_99,270.0,,UP,0.506431727128465,1.0,settlement,9.725998254693334
TRAIN,late_limit_97_to_99,270.0,,DOWN,0.5052267669583449,1.0,settlement,9.773092238963823
TRAIN,late_limit_97_to_99,270.0,,DOWN,0.5066554451304889,1.0,settlement,9.717279241959996
TRAIN,late_limit_97_to_99,270.0,,UP,0.5069158066207273,1.0,settlement,9.707141804204905
TRAIN,late_limit_97_to_99,270.0,,UP,0.5167193842959837,1.0,settlement,9.332864057199501
TRAIN,late_limit_97_to_99,270.0,,UP,0.508486688552485,1.0,settlement,9.646198201701438
TRAIN,late_limit_97_to_99,270.0,,DOWN,0.5059092709573533,1.0,settlement,9.746390090216337
TRAIN,late_limit_97_to_99,270.0,,DOWN,0.505369297132829,1.0,settlement,9.767509959022394
TRAIN,late_limit_97_to_99,270.0,,DOWN,0.5094145093464485,1.0,settlement,9.610379222667731
TRAIN,late_limit_97_to_99,270.0,,UP,0.5071522528291876,1.0,settlement,9.697944550604351
TRAIN,late_limit_97_to_99,270.0,,DOWN,0.5064907886828991,1.0,settlement,9.723695686953043
TRAIN,late_limit_97_to_99,270.0,,UP,0.5077281660048276,1.0,settlement,9.675578598066032
TRAIN,late_limit_97_to_99,270.0,,UP,0.5093276629230619,1.0,settlement,9.613726435767113
TRAIN,late_limit_97_to_99,270.0,,UP,0.505834420748074,1.0,settlement,9.749314996814746
TRAIN,late_limit_97_to_99,270.0,,DOWN,0.5064175785891353,1.0,settlement,9.726549927946245
TRAIN,late_limit_97_to_99,270.0,,DOWN,0.5063085669378679,1.0,settlement,9.730801493404634
TRAIN,late_limit_97_to_99,270.0,,UP,0.506388195381888,1.0,settlement,9.727695722761847
TRAIN,late_limit_97_to_99,270.0,,UP,0.5057104389029365,1.0,settlement,9.754161715335577
TRAIN,late_limit_97_to_99,270.0,,UP,0.5066291105995012,1.0,settlement,9.718305183780028
TRAIN,late_limit_97_to_99,270.0,,UP,0.505498684720648,1.0,settlement,9.762445142317763
TRAIN,late_limit_97_to_99,270.0,,UP,0.5067939424448481,1.0,settlement,9.711885412360175
TRAIN,late_limit_97_to_99,270.0,,UP,0.5093478048845724,1.0,settlement,9.61295002766564
TRAIN,late_limit_97_to_99,270.0,,DOWN,0.5058124185378942,1.0,settlement,9.750174937392973
TRAIN,late_limit_97_to_99,270.0,,DOWN,0.507332684845659,1.0,settlement,9.690931896773428
TRAIN,late_limit_97_to_99,270.0,,DOWN,0.5054863333714738,1.0,settlement,9.762928518170561
TRAIN,late_limit_97_to_99,270.0,,UP,0.5053872073502176,1.0,settlement,9.766808717281819
TRAIN,late_limit_97_to_99,270.0,,DOWN,0.5053137492956702,1.0,settlement,9.769685148956398
TRAIN,late_limit_97_to_99,270.0,,UP,0.507712702508352,1.0,settlement,9.676178469821714
TRAIN,late_limit_97_to_99,270.0,,DOWN,0.5052647597292167,1.0,settlement,9.771603921396053
TRAIN,late_limit_97_to_99,270.0,,UP,0.5084117992828886,1.0,settlement,9.649095040880113
TRAIN,late_limit_97_to_99,270.0,,UP,0.5069218020104029,1.0,settlement,9.706908490305537
TRAIN,late_limit_97_to_99,270.0,,UP,0.5050939126542472,1.0,settlement,9.77829839455087
TRAIN,late_limit_97_to_99,270.0,,DOWN,0.5064405788474529,1.0,settlement,9.7256531282659
TRAIN,late_limit_97_to_99,270.0,,UP,0.5069494005078343,1.0,settlement,9.705834550711657
TRAIN,late_limit_97_to_99,270.0,,DOWN,0.5087313081344588,1.0,settlement,9.636741859805056
TRAIN,late_limit_97_to_99,270.0,,UP,0.5055476018970461,1.0,settlement,9.760530977647647
TRAIN,late_limit_97_to_99,270.0,,UP,0.505518071243117,1.0,settlement,9.761686489286227
TRAIN,late_limit_97_to_99,270.0,,UP,0.5053268593215431,1.0,settlement,9.76917173218558
TRAIN,late_limit_97_to_99,270.0,,DOWN,0.5057036287754438,1.0,settlement,9.75442800680489
TRAIN,late_limit_97_to_99,270.0,,DOWN,0.5071742449924255,1.0,settlement,9.697089538230294
TRAIN,late_limit_97_to_99,270.0,,DOWN,0.5061451563357847,1.0,settlement,9.737178103598886
TRAIN,late_limit_97_to_99,270.0,,DOWN,0.5063635537427268,0.0,settlement,-10.02
TRAIN,late_limit_97_to_99,270.0,,UP,0.5051232721127249,0.0,settlement,-10.02
TRAIN,late_limit_97_to_99,270.0,,DOWN,0.505711914207879,1.0,settlement,9.754104028503033
TRAIN,late_limit_97_to_99,270.0,,UP,0.507068484271063,1.0,settlement,9.701201987884367
TRAIN,late_limit_97_to_99,270.0,,DOWN,0.5069968804727015,1.0,settlement,9.70398723770537
TRAIN,late_limit_97_to_99,270.0,,DOWN,0.5053363428931429,1.0,settlement,9.768800351758145
TRAIN,late_limit_97_to_99,270.0,,DOWN,0.5080317160334524,1.0,settlement,9.663810448049919
TRAIN,late_limit_97_to_99,270.0,,DOWN,0.5059370949262493,1.0,settlement,9.745303039220133
TRAIN,late_limit_97_to_99,270.0,,DOWN,0.5059931238044878,1.0,settlement,9.743114417072455
TRAIN,late_limit_97_to_99,270.0,,DOWN,0.5050562219938447,1.0,settlement,9.779775875490301
TRAIN,late_limit_97_to_99,270.0,,DOWN,0.5051430909783415,1.0,settlement,9.776370926567338
TRAIN,late_limit_97_to_99,270.0,,UP,0.505682096039695,1.0,settlement,9.755270032924045
TRAIN,late_limit_97_to_99,270.0,,UP,0.5055099459609423,1.0,settlement,9.762004448974064
TRAIN,late_limit_97_to_99,270.0,,DOWN,0.5074517189742939,1.0,settlement,9.686308257685837
TRAIN,late_limit_97_to_99,270.0,,DOWN,0.506044716157406,1.0,settlement,9.741099524828325
TRAIN,late_limit_97_to_99,270.0,,DOWN,0.5051465807288963,1.0,settlement,9.77623416547846
TRAIN,late_limit_97_to_99,270.0,,UP,0.5078051598450566,1.0,settlement,9.672592338075567
TRAIN,late_limit_97_to_99,270.0,,DOWN,0.5063379053681151,1.0,settlement,9.729657084689034
TRAIN,late_limit_97_to_99,270.0,,UP,0.5061618641802218,0.0,settlement,-10.02
TRAIN,late_limit_97_to_99,270.0,,DOWN,0.5065833125307416,1.0,settlement,9.720089641016664
TRAIN,late_limit_97_to_99,270.0,,UP,0.5056112537372822,1.0,settlement,9.758040789408621
TRAIN,late_limit_97_to_99,270.0,,UP,0.5054815015686772,1.0,settlement,9.763117619471089
TRAIN,late_limit_97_to_99,270.0,,DOWN,0.50569145243068,1.0,settlement,9.754904147447096
TRAIN,late_limit_97_to_99,270.0,,UP,0.505639969709664,1.0,settlement,9.756917567932678
TRAIN,late_limit_97_to_99,270.0,,UP,0.5076768934681922,1.0,settlement,9.677567741728502
TRAIN,late_limit_97_to_99,270.0,,UP,0.5050978783433185,1.0,settlement,9.778142951618044
TRAIN,late_limit_97_to_99,270.0,,UP,0.5079269342535141,1.0,settlement,9.667871080703208
TRAIN,late_limit_97_to_99,270.0,,UP,0.5101037114103154,1.0,settlement,9.583856581149703
TRAIN,late_limit_97_to_99,270.0,,DOWN,0.5063532867169802,0.0,settlement,-10.02
TRAIN,late_limit_97_to_99,270.0,,UP,0.5078230833372812,1.0,settlement,9.671897292818201
TRAIN,late_limit_97_to_99,270.0,,DOWN,0.5078175699209589,1.0,settlement,9.672111089335655
TRAIN,late_limit_97_to_99,270.0,,DOWN,0.5091628141707947,1.0,settlement,9.620083135854415
TRAIN,late_limit_97_to_99,270.0,,DOWN,0.5053884609037008,1.0,settlement,9.76675963855346
TRAIN,late_limit_97_to_99,270.0,,DOWN,0.5051504906844794,1.0,settlement,9.776080939068258
TRAIN,late_limit_97_to_99,270.0,,UP,0.5071004687892492,1.0,settlement,9.699958105887685
TRAIN,late_limit_97_to_99,270.0,,DOWN,0.5064760335255312,1.0,settlement,9.724270879691893
TRAIN,late_limit_97_to_99,270.0,,DOWN,0.5055964770879332,1.0,settlement,9.758618825820662
TRAIN,late_limit_97_to_99,270.0,,UP,0.5064802453618114,1.0,settlement,9.724106688418534
TRAIN,late_limit_97_to_99,270.0,,DOWN,0.5076412464749641,1.0,settlement,9.67895092142238
TRAIN,late_limit_97_to_99,270.0,,DOWN,0.5070655060399459,1.0,settlement,9.70131781965901
TRAIN,late_limit_97_to_99,270.0,,DOWN,0.5054422303501599,1.0,settlement,9.764654703411324
TRAIN,late_limit_97_to_99,270.0,,DOWN,0.506406950159978,1.0,settlement,9.726964366979796
TRAIN,late_limit_97_to_99,270.0,,UP,0.5063482979003957,1.0,settlement,9.729251733373282
TRAIN,late_limit_97_to_99,270.0,,DOWN,0.5077046058819078,1.0,settlement,9.67649257490881
TRAIN,late_limit_97_to_99,270.0,,DOWN,0.5053151187933713,1.0,settlement,9.76963151523892
TRAIN,late_limit_97_to_99,270.0,,DOWN,0.5065704156594044,1.0,settlement,9.720592207665675
TRAIN,late_limit_97_to_99,270.0,,UP,0.5061322409129467,1.0,settlement,9.737682264939867
TRAIN,late_limit_97_to_99,270.0,,UP,0.5059188608748166,1.0,settlement,9.746015409483569
TRAIN,late_limit_97_to_99,270.0,,UP,0.5055778842400998,1.0,settlement,9.759346193179177
TRAIN,late_limit_97_to_99,270.0,,DOWN,0.5059115977606483,1.0,settlement,9.746299180061687
TRAIN,late_limit_97_to_99,270.0,,DOWN,0.5060064031888998,1.0,settlement,9.742595763569518
TRAIN,late_limit_97_to_99,270.0,,DOWN,0.5060282622748211,1.0,settlement,9.741742071570414
TRAIN,late_limit_97_to_99,270.0,,DOWN,0.505274875499795,1.0,settlement,9.771207686921805
TRAIN,late_limit_97_to_99,270.0,,DOWN,0.5059488561462925,1.0,settlement,9.744843577605703
TRAIN,late_limit_97_to_99,270.0,,UP,0.5058796375883954,1.0,settlement,9.747547963921832
TRAIN,late_limit_97_to_99,270.0,,DOWN,0.5060435081182932,1.0,settlement,9.74114669899567
TRAIN,late_limit_97_to_99,270.0,,DOWN,0.5050411606013999,1.0,settlement,9.780366346560864
TRAIN,late_limit_97_to_99,270.0,,UP,0.5050935525923094,0.0,settlement,-10.02
TRAIN,late_limit_97_to_99,270.0,,DOWN,0.5060713355173948,1.0,settlement,9.740060090691063
TRAIN,late_limit_97_to_99,270.0,,UP,0.5051958901530273,1.0,settlement,9.774301962691997
TRAIN,late_limit_97_to_99,270.0,,UP,0.5061100461662502,1.0,settlement,9.738548710402672
TRAIN,late_limit_97_to_99,270.0,,UP,0.5056742092650633,1.0,settlement,9.755578458972227
TRAIN,late_limit_97_to_99,270.0,,DOWN,0.5054311699734108,1.0,settlement,9.765087652045818
TRAIN,late_limit_97_to_99,270.0,,UP,0.5057002491822561,1.0,settlement,9.754560159245575
TRAIN,late_limit_97_to_99,270.0,,UP,0.5069010925672766,1.0,settlement,9.707714433112585
TRAIN,late_limit_97_to_99,270.0,,UP,0.50571441260483,1.0,settlement,9.754006337869779
TRAIN,late_limit_97_to_99,270.0,,DOWN,0.5061177727591106,1.0,settlement,9.738247068631498
TRAIN,late_limit_97_to_99,270.0,,UP,0.5067307703619859,1.0,settlement,9.714345306989046
TRAIN,late_limit_97_to_99,270.0,,UP,0.5064121693944562,1.0,settlement,9.726760848890201
TRAIN,late_limit_97_to_99,270.0,,DOWN,0.5077971173938967,1.0,settlement,9.672904227817881
TRAIN,late_limit_97_to_99,270.0,,DOWN,0.5074619374930102,1.0,settlement,9.685911441166446
TRAIN,late_limit_97_to_99,270.0,,UP,0.5065634644687971,1.0,settlement,9.720863093011268
TRAIN,late_limit_97_to_99,270.0,,UP,0.5087410998721446,1.0,settlement,9.636363526581935
TRAIN,late_limit_97_to_99,270.0,,DOWN,0.5062040775075193,1.0,settlement,9.734878406429782
TRAIN,late_limit_97_to_99,270.0,,UP,0.505102859462908,1.0,settlement,9.777947710360063
TRAIN,late_limit_97_to_99,270.0,,UP,0.5075967989149426,1.0,settlement,9.680675854095938
TRAIN,late_limit_97_to_99,270.0,,UP,0.5052701416053451,1.0,settlement,9.771393111470992
TRAIN,late_limit_97_to_99,270.0,,UP,0.5052460681628781,1.0,settlement,9.772336111314896
TRAIN,late_limit_97_to_99,270.0,,UP,0.5064469956144446,1.0,settlement,9.725402947582982
TRAIN,late_limit_97_to_99,270.0,,UP,0.5068874662464226,0.0,settlement,-10.02
TRAIN,late_limit_97_to_99,270.0,,DOWN,0.5060349468042665,1.0,settlement,9.74148102646354
TRAIN,late_limit_97_to_99,270.0,,UP,0.5069767690094567,1.0,settlement,9.704769676405963
TRAIN,late_limit_97_to_99,270.0,,DOWN,0.5073470296793609,1.0,settlement,9.69037458585284
TRAIN,late_limit_97_to_99,270.0,,UP,0.5057555880085762,1.0,settlement,9.752396464021725
TRAIN,late_limit_97_to_99,270.0,,DOWN,0.5057431941750014,1.0,settlement,9.752881009921648
TRAIN,late_limit_97_to_99,270.0,,UP,0.5060617444340868,1.0,settlement,9.740434591203275
TRAIN,late_limit_97_to_99,270.0,,UP,0.5055293042774232,1.0,settlement,9.761246933436375
TRAIN,late_limit_97_to_99,270.0,,DOWN,0.5056544229928956,0.0,settlement,-10.02
TRAIN,late_limit_97_to_99,270.0,,DOWN,0.5060024506125157,1.0,settlement,9.74275013667425
TRAIN,late_limit_97_to_99,270.0,,UP,0.5067303778313039,1.0,settlement,9.714360593887879
TRAIN,late_limit_97_to_99,270.0,,UP,0.5056286918931714,1.0,settlement,9.757358683025029
TRAIN,late_limit_97_to_99,270.0,,UP,0.5088523128453456,1.0,settlement,9.632067500849267
TRAIN,late_limit_97_to_99,270.0,,DOWN,0.5089746325281129,1.0,settlement,9.627344604050883
TRAIN,late_limit_97_to_99,270.0,,UP,0.5077506991636334,1.0,settlement,9.674704539987822
TRAIN,late_limit_97_to_99,270.0,,DOWN,0.5050668768037524,1.0,settlement,9.77935818259089
TRAIN,late_limit_97_to_99,270.0,,DOWN,0.5089312332672894,1.0,settlement,9.629020037149157
TRAIN,late_limit_97_to_99,270.0,,DOWN,0.5061818275534223,1.0,settlement,9.735746760672878
TRAIN,late_limit_97_to_99,270.0,,UP,0.5080313421271827,1.0,settlement,9.663824935148504
TRAIN,late_limit_97_to_99,270.0,,DOWN,0.5119775079268979,1.0,settlement,9.512108042191258
TRAIN,late_limit_97_to_99,270.0,,UP,0.5076144159677815,1.0,settlement,9.679992130709515
TRAIN,late_limit_97_to_99,270.0,,DOWN,0.5054258249759142,0.0,settlement,-10.02
TRAIN,late_limit_97_to_99,270.0,,UP,0.5072338097923305,1.0,settlement,9.694774147437368
TRAIN,late_limit_97_to_99,270.0,,DOWN,0.5123240519343057,1.0,settlement,9.498896218603221
TRAIN,late_limit_97_to_99,270.0,,UP,0.5052313864940998,1.0,settlement,9.772911262682968
TRAIN,late_limit_97_to_99,270.0,,DOWN,0.5099904433658268,1.0,settlement,9.5882105656768
TRAIN,late_limit_97_to_99,270.0,,UP,0.5059140795640036,1.0,settlement,9.74620221484643
TRAIN,late_limit_97_to_99,270.0,,DOWN,0.5074896054138754,1.0,settlement,9.684837090889086
TRAIN,late_limit_97_to_99,270.0,,DOWN,0.5106041372829705,1.0,settlement,9.564643503305817
TRAIN,late_limit_97_to_99,270.0,,UP,0.5098211130519544,1.0,settlement,9.594723172480556
TRAIN,late_limit_97_to_99,270.0,,UP,0.5146414953101591,1.0,settlement,9.411002146403483
TRAIN,late_limit_97_to_99,270.0,,UP,0.5123944753599272,1.0,settlement,9.496213544214317
TRAIN,late_limit_97_to_99,270.0,,DOWN,0.5061303855335775,1.0,settlement,9.737754692909235
TRAIN,late_limit_97_to_99,270.0,,DOWN,0.511047126531525,1.0,settlement,9.547667013157799
TRAIN,late_limit_97_to_99,270.0,,UP,0.505899311389387,0.0,settlement,-10.02
TRAIN,late_limit_97_to_99,270.0,,DOWN,0.5091272423522056,1.0,settlement,9.621455353673984
TRAIN,late_limit_97_to_99,270.0,,UP,0.5053709099811594,0.0,settlement,-10.02
TRAIN,late_limit_97_to_99,270.0,,UP,0.5078238308414942,1.0,settlement,9.671868306828781
TRAIN,late_limit_97_to_99,270.0,,UP,0.5108138569402332,1.0,settlement,9.556602835130278
TRAIN,late_limit_97_to_99,270.0,,UP,0.5063192291437416,1.0,settlement,9.730385575739309
TRAIN,late_limit_97_to_99,270.0,,DOWN,0.5074183914428348,1.0,settlement,9.687602579333369
TRAIN,late_limit_97_to_99,270.0,,DOWN,0.5062470077793265,1.0,settlement,9.733203172232887
TRAIN,late_limit_97_to_99,270.0,,UP,0.5065030690136892,1.0,settlement,9.72321699466293
TRAIN,late_limit_97_to_99,270.0,,DOWN,0.5084295988089321,1.0,settlement,9.648406448850356
TRAIN,late_limit_97_to_99,270.0,,DOWN,0.5106324976758495,1.0,settlement,9.563555777423353
TRAIN,late_limit_97_to_99,270.0,,UP,0.5051343981191098,1.0,settlement,9.776711602368483
TRAIN,late_limit_97_to_99,270.0,,UP,0.5058002666813641,1.0,settlement,9.750649916046086
TRAIN,late_limit_97_to_99,270.0,,DOWN,0.50670855663185,1.0,settlement,9.715210446160903
TRAIN,late_limit_97_to_99,270.0,,DOWN,0.5080827749460094,1.0,settlement,9.661832357065506
TRAIN,late_limit_97_to_99,270.0,,UP,0.505181401831502,1.0,settlement,9.774869652258886
TRAIN,late_limit_97_to_99,270.0,,UP,0.5067085210311663,1.0,settlement,9.715211832731203
TRAIN,late_limit_97_to_99,270.0,,UP,0.5065508913187431,1.0,settlement,9.721353082937487
TRAIN,late_limit_97_to_99,270.0,,DOWN,0.5071248804115059,1.0,settlement,9.69900884035804
TRAIN,late_limit_97_to_99,270.0,,UP,0.5063353105935747,0.0,settlement,-10.02
TRAIN,late_limit_97_to_99,270.0,,DOWN,0.5063016510425841,1.0,settlement,9.731071282125683
TRAIN,late_limit_97_to_99,270.0,,UP,0.5074157215435294,1.0,settlement,9.687706275991165
TRAIN,late_limit_97_to_99,270.0,,DOWN,0.5076992583541479,1.0,settlement,9.676700035406505
TRAIN,late_limit_97_to_99,270.0,,UP,0.5061111713647141,1.0,settlement,9.738504782724497
TRAIN,late_limit_97_to_99,270.0,,DOWN,0.5083783304518404,1.0,settlement,9.65038994583448
TRAIN,late_limit_97_to_99,270.0,,DOWN,0.506960957171258,1.0,settlement,9.705384881309254
TRAIN,late_limit_97_to_99,270.0,,DOWN,0.5131234249049875,1.0,settlement,9.468488567544252
TRAIN,late_limit_97_to_99,270.0,,DOWN,0.5076649233303469,1.0,settlement,9.678032187055038
TRAIN,late_limit_97_to_99,270.0,,UP,0.5081104181460386,1.0,settlement,9.660761588174815
TRAIN,late_limit_97_to_99,270.0,,UP,0.5073531491275458,1.0,settlement,9.69013684885211
TRAIN,late_limit_97_to_99,270.0,,UP,0.5058129599207842,1.0,settlement,9.750153776933885
TRAIN,late_limit_97_to_99,270.0,,DOWN,0.5061716161475965,1.0,settlement,9.736145309191066
TRAIN,late_limit_97_to_99,270.0,,DOWN,0.5068192966491224,1.0,settlement,9.710898302641247
TRAIN,late_limit_97_to_99,270.0,,UP,0.5061189737711947,1.0,settlement,9.738200182632909
TRAIN,late_limit_97_to_99,270.0,,UP,0.5056678532417813,1.0,settlement,9.755827029325857
TRAIN,late_limit_97_to_99,270.0,,DOWN,0.5076577463772313,1.0,settlement,9.678310665723952
TRAIN,late_limit_97_to_99,270.0,,UP,0.5073978784343273,1.0,settlement,9.688399315458124
TRAIN,late_limit_97_to_99,270.0,,DOWN,0.5051774667273066,1.0,settlement,9.775023845348933
TRAIN,late_limit_97_to_99,270.0,,DOWN,0.5085562562354112,1.0,settlement,9.64350797456514
TRAIN,late_limit_97_to_99,270.0,,DOWN,0.5054600742888163,0.0,settlement,-10.02
TRAIN,late_limit_97_to_99,270.0,,UP,0.506881409547609,1.0,settlement,9.708480491965542
TRAIN,late_limit_97_to_99,270.0,,DOWN,0.506447951580889,1.0,settlement,9.725365676343976
TRAIN,late_limit_97_to_99,270.0,,UP,0.5061458704092031,1.0,settlement,9.737150230061765
TRAIN,late_limit_97_to_99,270.0,,DOWN,0.5061962577445356,1.0,settlement,9.735183581477102
TRAIN,late_limit_97_to_99,270.0,,DOWN,0.5060988821644995,1.0,settlement,9.73898456292116
TRAIN,late_limit_97_to_99,270.0,,UP,0.5057832896346531,1.0,settlement,9.7513135347421
TRAIN,late_limit_97_to_99,270.0,,DOWN,0.5073609075506494,1.0,settlement,9.689835446874092
TRAIN,late_limit_97_to_99,270.0,,DOWN,0.5113357631558488,1.0,settlement,9.536621540183809
TRAIN,late_limit_97_to_99,270.0,,DOWN,0.5058261370329792,1.0,settlement,9.749638751087339
TRAIN,late_limit_97_to_99,270.0,,DOWN,0.5062826765519894,1.0,settlement,9.731811513884804
TRAIN,late_limit_97_to_99,270.0,,DOWN,0.5080279957401769,1.0,settlement,9.66395459275899
TRAIN,late_limit_97_to_99,270.0,,UP,0.5062818660960374,1.0,settlement,9.731843132582362
TRAIN,late_limit_97_to_99,270.0,,UP,0.5078597450232554,1.0,settlement,9.67047576224434
TRAIN,late_limit_97_to_99,270.0,,DOWN,0.5056310668205503,1.0,settlement,9.757265789621716
TRAIN,late_limit_97_to_99,270.0,,UP,0.5050221865730422,1.0,settlement,9.781110259843373
TRAIN,late_limit_97_to_99,270.0,,UP,0.5082566308395372,1.0,settlement,9.655099926354175
TRAIN,late_limit_97_to_99,270.0,,UP,0.5064770822569701,1.0,settlement,9.724229996425237
TRAIN,late_limit_97_to_99,270.0,,DOWN,0.5050256039653144,0.0,settlement,-10.02
TRAIN,late_limit_97_to_99,270.0,,DOWN,0.5050382295993987,0.0,settlement,-10.02
TRAIN,late_limit_97_to_99,270.0,,UP,0.5077659878750379,1.0,settlement,9.674111537185151
TRAIN,late_limit_97_to_99,270.0,,DOWN,0.5056522975495511,1.0,settlement,9.756435405240211
TRAIN,late_limit_97_to_99,270.0,,UP,0.505279073641346,1.0,settlement,9.771043250483267
TRAIN,late_limit_97_to_99,270.0,,UP,0.5068895825734943,1.0,settlement,9.708162392349212
TRAIN,late_limit_97_to_99,270.0,,DOWN,0.5051526559178398,1.0,settlement,9.775996087223273
TRAIN,late_limit_97_to_99,270.0,,DOWN,0.507533248486261,1.0,settlement,9.683142660752601
TRAIN,late_limit_97_to_99,270.0,,UP,0.5069923233019068,1.0,settlement,9.704164529499476
TRAIN,late_limit_97_to_99,270.0,,UP,0.5050804304606392,1.0,settlement,9.778826873731543
TRAIN,late_limit_97_to_99,270.0,,DOWN,0.5063351986387068,1.0,settlement,9.72976266095112
TRAIN,late_limit_97_to_99,270.0,,UP,0.505775516951632,1.0,settlement,9.751617377351845
TRAIN,late_limit_97_to_99,270.0,,UP,0.5050681280693329,0.0,settlement,-10.02
TRAIN,late_limit_97_to_99,270.0,,DOWN,0.5060567525652165,1.0,settlement,9.740629513013523
TRAIN,late_limit_97_to_99,270.0,,UP,0.5086314616553183,1.0,settlement,9.640600560286714
TRAIN,late_limit_97_to_99,270.0,,UP,0.5068900705748525,1.0,settlement,9.708143399335537
TRAIN,late_limit_97_to_99,270.0,,UP,0.506408377945923,1.0,settlement,9.726908691680165
TRAIN,late_limit_97_to_99,270.0,,UP,0.5091347530880181,1.0,settlement,9.621165603698675
TRAIN,late_limit_97_to_99,270.0,,DOWN,0.5081861373809559,1.0,settlement,9.65782917404458
TRAIN,late_limit_97_to_99,270.0,,UP,0.5051358498298207,1.0,settlement,9.776654708567964
TRAIN,late_limit_97_to_99,270.0,,UP,0.506113559739535,1.0,settlement,9.738411541367071
TRAIN,late_limit_97_to_99,270.0,,DOWN,0.5052281161822895,0.0,settlement,-10.02
TRAIN,late_limit_97_to_99,270.0,,DOWN,0.5064553438149454,1.0,settlement,9.725077472524248
TRAIN,late_limit_97_to_99,270.0,,DOWN,0.5054325411166365,1.0,settlement,9.765033978831891
TRAIN,late_limit_97_to_99,270.0,,DOWN,0.5068250143370042,1.0,settlement,9.710675710790152
TRAIN,late_limit_97_to_99,270.0,,UP,0.5100214897553352,1.0,settlement,9.587016960789526
TRAIN,late_limit_97_to_99,270.0,,DOWN,0.5126270546759776,1.0,settlement,9.487359022088334
TRAIN,late_limit_97_to_99,270.0,,UP,0.5068277385979236,1.0,settlement,9.710569656001397
TRAIN,late_limit_97_to_99,270.0,,UP,0.5059085922230705,1.0,settlement,9.746416609091106
TRAIN,late_limit_97_to_99,270.0,,UP,0.5066958004450727,1.0,settlement,9.71570728475779
TRAIN,late_limit_97_to_99,270.0,,DOWN,0.5061690692164447,1.0,settlement,9.736244717758261
TRAIN,late_limit_97_to_99,270.0,,DOWN,0.5055010088635651,1.0,settlement,9.76235418853339
TRAIN,late_limit_97_to_99,270.0,,DOWN,0.5050856114553595,1.0,settlement,9.778623784165788
TRAIN,late_limit_97_to_99,270.0,,UP,0.5061406737078348,1.0,settlement,9.737353082776373
TRAIN,late_limit_97_to_99,270.0,,DOWN,0.5081972884024024,1.0,settlement,9.657397397055309
TRAIN,late_limit_97_to_99,270.0,,UP,0.5051568938243572,1.0,settlement,9.775830012916728
TRAIN,late_limit_97_to_99,270.0,,UP,0.5059379869282588,1.0,settlement,9.745268191688453
TRAIN,late_limit_97_to_99,270.0,,DOWN,0.5140281584832115,1.0,settlement,9.434187158749996
TRAIN,late_limit_97_to_99,270.0,,DOWN,0.5061187632817228,1.0,settlement,9.738208399860614
TRAIN,late_limit_97_to_99,270.0,,UP,0.5074948508594607,1.0,settlement,9.684633422515802
TRAIN,late_limit_97_to_99,270.0,,UP,0.5065958496952374,1.0,settlement,9.719601115989981
TRAIN,late_limit_97_to_99,270.0,,UP,0.5062613441246168,1.0,settlement,9.732643799599462
TRAIN,late_limit_97_to_99,270.0,,UP,0.5063469087364605,1.0,settlement,9.729305915491867
TRAIN,late_limit_97_to_99,270.0,,UP,0.5063545979107765,1.0,settlement,9.729006015270894
TRAIN,late_limit_97_to_99,270.0,,DOWN,0.5067410371107074,1.0,settlement,9.71394548232593
TRAIN,late_limit_97_to_99,270.0,,UP,0.5079102995012956,1.0,settlement,9.668515885223727
TRAIN,late_limit_97_to_99,270.0,,DOWN,0.5051928134936491,1.0,settlement,9.774422511367955
TRAIN,late_limit_97_to_99,270.0,,DOWN,0.5050604786294753,1.0,settlement,9.779609003531323
TRAIN,late_limit_97_to_99,270.0,,UP,0.5064320786338854,1.0,settlement,9.725984549350187
TRAIN,late_limit_97_to_99,270.0,,UP,0.5080085538416993,1.0,settlement,9.664707913631123
TRAIN,late_limit_97_to_99,270.0,,DOWN,0.5066072495105295,1.0,settlement,9.719156930071048
TRAIN,late_limit_97_to_99,270.0,,DOWN,0.5065978767116309,1.0,settlement,9.719522133236786
TRAIN,late_limit_97_to_99,270.0,,DOWN,0.507228599189739,1.0,settlement,9.694976671217432
TRAIN,late_limit_97_to_99,270.0,,UP,0.5066785325577187,1.0,settlement,9.716379888683843
TRAIN,late_limit_97_to_99,270.0,,UP,0.5083459779708712,1.0,settlement,9.6516418214152
TRAIN,late_limit_97_to_99,270.0,,UP,0.5053137216108184,0.0,settlement,-10.02
TRAIN,late_limit_97_to_99,270.0,,UP,0.5088525293389252,1.0,settlement,9.63205913978944
TRAIN,late_limit_97_to_99,270.0,,UP,0.5081819033195759,1.0,settlement,9.657993125448602
TRAIN,late_limit_97_to_99,270.0,,UP,0.5090105975908185,1.0,settlement,9.625956385447918
TRAIN,late_limit_97_to_99,270.0,,DOWN,0.5052417720387797,1.0,settlement,9.772504407637246
TRAIN,late_limit_97_to_99,270.0,,UP,0.5083128121499487,1.0,settlement,9.652925334508527
TRAIN,late_limit_97_to_99,270.0,,DOWN,0.5078906254709202,1.0,settlement,9.669278554271248
TRAIN,late_limit_97_to_99,270.0,,DOWN,0.5057942440139732,1.0,settlement,9.750885332027895
TRAIN,late_limit_97_to_99,270.0,,UP,0.5056871703429342,1.0,settlement,9.755071598550646
TRAIN,late_limit_97_to_99,270.0,,UP,0.5068149556229282,1.0,settlement,9.711067303862336
TRAIN,late_limit_97_to_99,270.0,,UP,0.516905718424919,1.0,settlement,9.325887738428086
TRAIN,late_limit_97_to_99,270.0,,UP,0.5050555322126534,1.0,settlement,9.779802917096855
TRAIN,late_limit_97_to_99,270.0,,UP,0.5221662523472251,1.0,settlement,9.130988703403023
TRAIN,late_limit_97_to_99,270.0,,DOWN,0.5063082119696941,1.0,settlement,9.730815340515484
TRAIN,late_limit_97_to_99,270.0,,DOWN,0.5110805913195746,1.0,settlement,9.546385751767044
TRAIN,late_limit_97_to_99,270.0,,DOWN,0.5072841571538246,1.0,settlement,9.692817479075508
TRAIN,late_limit_97_to_99,270.0,,UP,0.5082626263337024,1.0,settlement,9.654867837782842
TRAIN,late_limit_97_to_99,270.0,,DOWN,0.5073479918056413,1.0,settlement,9.690337207426804
TRAIN,late_limit_97_to_99,270.0,,DOWN,0.506897910100874,1.0,settlement,9.707838289982245
TRAIN,late_limit_97_to_99,270.0,,UP,0.5050603903699646,0.0,settlement,-10.02
TRAIN,late_limit_97_to_99,270.0,,UP,0.5054490794249918,1.0,settlement,9.76438661195344
TRAIN,late_limit_97_to_99,270.0,,UP,0.5085031096693342,1.0,settlement,9.64556312016013
TRAIN,late_limit_97_to_99,270.0,,DOWN,0.5056256540282348,0.0,settlement,-10.02
TRAIN,late_limit_97_to_99,270.0,,DOWN,0.5066526647688055,1.0,settlement,9.717387554377463
TRAIN,late_limit_97_to_99,270.0,,DOWN,0.5109561607720495,1.0,settlement,9.551150653884086
TRAIN,late_limit_97_to_99,270.0,,DOWN,0.5055531701428394,1.0,settlement,9.76031311162502
TRAIN,late_limit_97_to_99,270.0,,UP,0.5068008290135855,1.0,settlement,9.71161728930782
TRAIN,late_limit_97_to_99,270.0,,DOWN,0.5065790323729703,1.0,settlement,9.720256427821258
TRAIN,late_limit_97_to_99,270.0,,UP,0.5070912826844741,1.0,settlement,9.700315338613837
TRAIN,late_limit_97_to_99,270.0,,UP,0.5051051258053544,0.0,settlement,-10.02
TRAIN,late_limit_97_to_99,270.0,,DOWN,0.5078942242922694,1.0,settlement,9.669139040583907
TRAIN,late_limit_97_to_99,270.0,,UP,0.5080640337370657,1.0,settlement,9.662558370536459
TRAIN,late_limit_97_to_99,270.0,,DOWN,0.5067788208933537,1.0,settlement,9.712474183455264
TRAIN,late_limit_97_to_99,270.0,,DOWN,0.5063362853351218,1.0,settlement,9.729720274108814
TRAIN,late_limit_97_to_99,270.0,,DOWN,0.5057462681350454,1.0,settlement,9.75276082901274
TRAIN,late_limit_97_to_99,270.0,,UP,0.5059717984513662,1.0,settlement,9.743947379294887
TRAIN,late_limit_97_to_99,270.0,,UP,0.5079851467079148,1.0,settlement,9.665614953127509
TRAIN,late_limit_97_to_99,270.0,,DOWN,0.5099053895499354,1.0,settlement,9.591481276607873
TRAIN,late_limit_97_to_99,270.0,,UP,0.5060060815345305,1.0,settlement,9.742608326116702
TRAIN,late_limit_97_to_99,270.0,,DOWN,0.5069623801523212,1.0,settlement,9.705329514579393
TRAIN,late_limit_97_to_99,270.0,,UP,0.5053731959934286,1.0,settlement,9.76735730204819
TRAIN,late_limit_97_to_99,270.0,,UP,0.5051677086853676,1.0,settlement,9.775406214747338
TRAIN,late_limit_97_to_99,270.0,,DOWN,0.5064784516628938,1.0,settlement,9.724176612386035
TRAIN,late_limit_97_to_99,270.0,,UP,0.5077916338086667,1.0,settlement,9.673116889294693
TRAIN,late_limit_97_to_99,270.0,,DOWN,0.5066238915219531,0.0,settlement,-10.02
TRAIN,late_limit_97_to_99,270.0,,UP,0.5070859135633167,1.0,settlement,9.700524141026769
TRAIN,late_limit_97_to_99,270.0,,UP,0.5055154618906157,1.0,settlement,9.761788597722095
TRAIN,late_limit_97_to_99,270.0,,DOWN,0.5117054332537335,1.0,settlement,9.522493298173394
TRAIN,late_limit_97_to_99,270.0,,UP,0.5054179932147002,0.0,settlement,-10.02
TRAIN,late_limit_97_to_99,270.0,,DOWN,0.5053160675160305,0.0,settlement,-10.02
TRAIN,late_limit_97_to_99,270.0,,UP,0.505,1.0,settlement,9.781980198019802
TRAIN,late_limit_97_to_99,270.0,,UP,0.5071325927515911,1.0,settlement,9.698708958819186
TRAIN,late_limit_97_to_99,270.0,,DOWN,0.5061183082344738,1.0,settlement,9.738226164320487
TRAIN,late_limit_97_to_99,270.0,,DOWN,0.5062456436279702,1.0,settlement,9.733256400066526
TRAIN,late_limit_97_to_99,270.0,,UP,0.5059330541364927,1.0,settlement,9.745460900884645
TRAIN,late_limit_97_to_99,270.0,,DOWN,0.5069637017833177,1.0,settlement,9.705278091554803
TRAIN,late_limit_97_to_99,270.0,,DOWN,0.508133213084282,1.0,settlement,9.659878706022194
TRAIN,late_limit_97_to_99,270.0,,UP,0.5063538361224726,1.0,settlement,9.729035726829732
TRAIN,late_limit_97_to_99,270.0,,UP,0.5078614224763933,1.0,settlement,9.670410725112372
TRAIN,late_limit_97_to_99,270.0,,UP,0.5051747333607747,0.0,settlement,-10.02
TRAIN,late_limit_97_to_99,270.0,,UP,0.5064169330024478,1.0,settlement,9.726575101096913
TRAIN,late_limit_97_to_99,270.0,,DOWN,0.5054877860671766,0.0,settlement,-10.02
TRAIN,late_limit_97_to_99,270.0,,DOWN,0.5069320605760709,1.0,settlement,9.706509285358933
TRAIN,late_limit_97_to_99,270.0,,UP,0.5066146992904893,1.0,settlement,9.718866665347328
TRAIN,late_limit_97_to_99,270.0,,DOWN,0.5058877461433521,0.0,settlement,-10.02
TRAIN,late_limit_97_to_99,270.0,,DOWN,0.5064573497315161,1.0,settlement,9.724999268548899
TRAIN,late_limit_97_to_99,270.0,,DOWN,0.5070243049824877,0.0,settlement,-10.02
TRAIN,late_limit_97_to_99,270.0,,DOWN,0.5095600399628794,1.0,settlement,9.604772775998065
TRAIN,late_limit_97_to_99,270.0,,DOWN,0.5069772631491651,1.0,settlement,9.704750451102093
TRAIN,late_limit_97_to_99,270.0,,DOWN,0.5062658188735184,1.0,settlement,9.732469211235301
TRAIN,late_limit_97_to_99,270.0,,UP,0.5062436106312848,0.0,settlement,-10.02
TRAIN,late_limit_97_to_99,270.0,,DOWN,0.5061977327311641,1.0,settlement,9.735126017743124
TRAIN,late_limit_97_to_99,270.0,,DOWN,0.5052851054906972,1.0,settlement,9.770806994575285
TRAIN,late_limit_97_to_99,270.0,,UP,0.5050592662719017,0.0,settlement,-10.02
TRAIN,late_limit_97_to_99,270.0,,UP,0.5055386334957822,1.0,settlement,9.760881889976133
TRAIN,late_limit_97_to_99,270.0,,UP,0.5066733523900477,1.0,settlement,9.716581671068013
TRAIN,late_limit_97_to_99,270.0,,UP,0.5060239515522343,1.0,settlement,9.741910418123261
TRAIN,late_limit_97_to_99,270.0,,DOWN,0.505083478601396,1.0,settlement,9.778707389302362
TRAIN,late_limit_97_to_99,270.0,,UP,0.505223355737909,1.0,settlement,9.773225880055367
TRAIN,late_limit_97_to_99,270.0,,DOWN,0.5084812323535556,1.0,settlement,9.646409227561875
TRAIN,late_limit_97_to_99,270.0,,DOWN,0.5068678693457926,1.0,settlement,9.70900750822273
TRAIN,late_limit_97_to_99,270.0,,DOWN,0.5099564517133484,1.0,settlement,9.589517570376973
TRAIN,late_limit_97_to_99,270.0,,UP,0.5072203076949453,0.0,settlement,-10.02
TRAIN,late_limit_97_to_99,270.0,,UP,0.5099743953604864,1.0,settlement,9.588827601886337
TRAIN,late_limit_97_to_99,270.0,,UP,0.5057070174204403,1.0,settlement,9.754295502184199
TRAIN,late_limit_97_to_99,270.0,,DOWN,0.5053723766059385,0.0,settlement,-10.02
TRAIN,late_limit_97_to_99,270.0,,UP,0.505170505368454,0.0,settlement,-10.02
TRAIN,late_limit_97_to_99,270.0,,UP,0.5073675703243109,1.0,settlement,9.689576616432085
TRAIN,late_limit_97_to_99,270.0,,DOWN,0.5056546230184574,0.0,settlement,-10.02
TRAIN,late_limit_97_to_99,270.0,,DOWN,0.5060081833731224,1.0,settlement,9.742526236905064
TRAIN,late_limit_97_to_99,270.0,,UP,0.5068010311582914,1.0,settlement,9.711609419075266
TRAIN,late_limit_97_to_99,270.0,,UP,0.5064002692534184,1.0,settlement,9.727224887425347
TRAIN,late_limit_97_to_99,270.0,,DOWN,0.5080993471169352,1.0,settlement,9.661190414319854
TRAIN,late_limit_97_to_99,270.0,,UP,0.506642696413847,1.0,settlement,9.717775893707113
TRAIN,late_limit_97_to_99,270.0,,UP,0.5058918196663273,0.0,settlement,-10.02
TRAIN,late_limit_97_to_99,270.0,,DOWN,0.5065237126378764,1.0,settlement,9.722412350098985
TRAIN,late_limit_97_to_99,270.0,,DOWN,0.5104506397258971,1.0,settlement,9.57053279935122
TRAIN,late_limit_97_to_99,270.0,,DOWN,0.5056736791442148,1.0,settlement,9.755599190615705
TRAIN,late_limit_97_to_99,270.0,,DOWN,0.5097433443345657,1.0,settlement,9.597715682103317
TRAIN,late_limit_97_to_99,270.0,,UP,0.5072378378913155,1.0,settlement,9.694617587623014
TRAIN,late_limit_97_to_99,270.0,,DOWN,0.5053516411823377,1.0,settlement,9.768201294060635
TRAIN,late_limit_97_to_99,270.0,,DOWN,0.5076186676376301,1.0,settlement,9.6798271291682
TRAIN,late_limit_97_to_99,270.0,,UP,0.506289915423568,1.0,settlement,9.73152910488822
TRAIN,late_limit_97_to_99,270.0,,DOWN,0.5079720869552882,1.0,settlement,9.666121062160258
TRAIN,late_limit_97_to_99,270.0,,DOWN,0.507492945609883,1.0,settlement,9.684707398410108
TRAIN,late_limit_97_to_99,270.0,,DOWN,0.5079425164135231,1.0,settlement,9.667267115593965
TRAIN,late_limit_97_to_99,270.0,,UP,0.5063688135121918,1.0,settlement,9.72845158934582
TRAIN,late_limit_97_to_99,270.0,,DOWN,0.5103473130684931,1.0,settlement,9.574499165429938
TRAIN,late_limit_97_to_99,270.0,,UP,0.5052256640605183,1.0,settlement,9.773135446900326
TRAIN,late_limit_97_to_99,270.0,,UP,0.5053489979827458,1.0,settlement,9.768304795137698
TRAIN,late_limit_97_to_99,270.0,,UP,0.5060481644388313,1.0,settlement,9.740964869992634
TRAIN,late_limit_97_to_99,270.0,,DOWN,0.5081567018848234,1.0,settlement,9.658969032404016
TRAIN,late_limit_97_to_99,270.0,,UP,0.5057716005586589,0.0,settlement,-10.02
TRAIN,late_limit_97_to_99,270.0,,DOWN,0.5132078333409488,1.0,settlement,9.465283252402184
TRAIN,late_limit_97_to_99,270.0,,UP,0.5083785915021211,1.0,settlement,9.650379845171507
TRAIN,late_limit_97_to_99,270.0,,UP,0.5075906287716294,1.0,settlement,9.680915330529299
TRAIN,late_limit_97_to_99,270.0,,UP,0.506236480455752,1.0,settlement,9.733613945398112
TRAIN,late_limit_97_to_99,270.0,,DOWN,0.5054434930407755,1.0,settlement,9.764605277712562
TRAIN,late_limit_97_to_99,270.0,,UP,0.5072012084291074,1.0,settlement,9.696041353631202
TRAIN,late_limit_97_to_99,270.0,,DOWN,0.5063041279214169,1.0,settlement,9.730974658362047
TRAIN,late_limit_97_to_99,270.0,,DOWN,0.5069014381598008,1.0,settlement,9.707700983258007
TRAIN,late_limit_97_to_99,270.0,,UP,0.5058036906352869,0.0,settlement,-10.02
TRAIN,late_limit_97_to_99,270.0,,UP,0.5056234177450192,1.0,settlement,9.757564980273322
TRAIN,late_limit_97_to_99,270.0,,UP,0.5074699894643596,1.0,settlement,9.685598769604315
TRAIN,late_limit_97_to_99,270.0,,UP,0.5068325324041423,1.0,settlement,9.710383037105672
TRAIN,late_limit_97_to_99,270.0,,DOWN,0.5072296264882248,1.0,settlement,9.694936742229405
TRAIN,late_limit_97_to_99,270.0,,UP,0.5055506302429271,1.0,settlement,9.760412488448093
TRAIN,late_limit_97_to_99,270.0,,DOWN,0.5087050970347607,1.0,settlement,9.637754676117748
TRAIN,late_limit_97_to_99,270.0,,UP,0.5137149694828356,1.0,settlement,9.446047505034063
TRAIN,late_limit_97_to_99,270.0,,UP,0.508643077258945,1.0,settlement,9.640151581909965
TRAIN,late_limit_97_to_99,270.0,,DOWN,0.5065587664510277,1.0,settlement,9.721046177248944
TRAIN,late_limit_97_to_99,270.0,,DOWN,0.5052189447806451,1.0,settlement,9.773398690426738
TRAIN,late_limit_97_to_99,270.0,,UP,0.5058363059729927,1.0,settlement,9.749241317632734
TRAIN,late_limit_97_to_99,270.0,,UP,0.5061045119018388,1.0,settlement,9.738764770584666
TRAIN,late_limit_97_to_99,270.0,,DOWN,0.5077476551127785,1.0,settlement,9.674822613762434
TRAIN,late_limit_97_to_99,270.0,,DOWN,0.5070253611678315,1.0,settlement,9.70287929930566
TRAIN,late_limit_97_to_99,270.0,,DOWN,0.5057250502607001,1.0,settlement,9.753590402225523
TRAIN,late_limit_97_to_99,270.0,,UP,0.5075876772212947,1.0,settlement,9.681029888557099
TRAIN,late_limit_97_to_99,270.0,,UP,0.5058983236403741,1.0,settlement,9.746817822287664
TRAIN,late_limit_97_to_99,270.0,,UP,0.5054783555522095,0.0,settlement,-10.02
TRAIN,late_limit_97_to_99,270.0,,DOWN,0.506361057747354,1.0,settlement,9.728754069846826
TRAIN,late_limit_97_to_99,270.0,,UP,0.5106761670180521,1.0,settlement,9.561881132993047
TRAIN,late_limit_97_to_99,270.0,,DOWN,0.5074877356362121,1.0,settlement,9.684909690996765
TRAIN,late_limit_97_to_99,270.0,,UP,0.5090167816280688,1.0,settlement,9.62571770701826
TRAIN,late_limit_97_to_99,270.0,,DOWN,0.5057971397367135,1.0,settlement,9.750772142375851
TRAIN,late_limit_97_to_99,270.0,,UP,0.5069373195401051,1.0,settlement,9.706304642696313
TRAIN,late_limit_97_to_99,270.0,,UP,0.5057930539638492,1.0,settlement,9.750931849757539
TRAIN,late_limit_97_to_99,270.0,,DOWN,0.510570096384806,1.0,settlement,9.565949257128466
TRAIN,late_limit_97_to_99,270.0,,UP,0.5052436617079139,1.0,settlement,9.772430381404952
TRAIN,late_limit_97_to_99,270.0,,DOWN,0.5075060412866108,1.0,settlement,9.68419893849611
TRAIN,late_limit_97_to_99,270.0,,UP,0.5053079610752026,1.0,settlement,9.769911836579489
TRAIN,late_limit_97_to_99,270.0,,UP,0.50778095074467,1.0,settlement,9.67353120737361
TRAIN,late_limit_97_to_99,270.0,,UP,0.5051025749875117,1.0,settlement,9.777958860627951
TRAIN,late_limit_97_to_99,270.0,,DOWN,0.5075236964811985,1.0,settlement,9.683513489779397
TRAIN,late_limit_97_to_99,270.0,,UP,0.5056150118290026,1.0,settlement,9.757893784890172
TRAIN,late_limit_97_to_99,270.0,,DOWN,0.5052895520976998,1.0,settlement,9.770632833165052
TRAIN,late_limit_97_to_99,270.0,,UP,0.5075964409764868,1.0,settlement,9.680689746292423
TRAIN,late_limit_97_to_99,270.0,,UP,0.5064836815981342,1.0,settlement,9.723972734613053
TRAIN,late_limit_97_to_99,270.0,,DOWN,0.5058779316398807,1.0,settlement,9.747614625100308
TRAIN,late_limit_97_to_99,270.0,,UP,0.5094424293211778,1.0,settlement,9.609303380412989
TRAIN,late_limit_97_to_99,270.0,,UP,0.5084306994831552,1.0,settlement,9.648363869777121
TRAIN,late_limit_97_to_99,270.0,,DOWN,0.505704372753379,1.0,settlement,9.754398915227064
TRAIN,late_limit_97_to_99,270.0,,DOWN,0.5103695825657079,1.0,settlement,9.573644177868974
TRAIN,late_limit_97_to_99,270.0,,DOWN,0.5059048657901727,1.0,settlement,9.746562206079997
TRAIN,late_limit_97_to_99,270.0,,UP,0.508727753074234,1.0,settlement,9.636879223848421
TRAIN,late_limit_97_to_99,270.0,,UP,0.5137346144369223,1.0,settlement,9.445303133137095
TRAIN,late_limit_97_to_99,270.0,,DOWN,0.5065817630228951,1.0,settlement,9.720150021050099
TRAIN,late_limit_97_to_99,270.0,,UP,0.5078765880980886,1.0,settlement,9.66982275290204
TRAIN,late_limit_97_to_99,270.0,,DOWN,0.5093240399083274,1.0,settlement,9.613866097896906
TRAIN,late_limit_97_to_99,270.0,,DOWN,0.5081612720734004,1.0,settlement,9.658792048040151
TRAIN,late_limit_97_to_99,270.0,,DOWN,0.5065986515147026,1.0,settlement,9.71949194317936
TRAIN,late_limit_97_to_99,270.0,,DOWN,0.5108997406392363,1.0,settlement,9.553311952533054
TRAIN,late_limit_97_to_99,270.0,,DOWN,0.5156332555065047,1.0,settlement,9.373628888767144
TRAIN,late_limit_97_to_99,270.0,,UP,0.5064359628898544,1.0,settlement,9.725833101854413
TRAIN,late_limit_97_to_99,270.0,,UP,0.5078445665793468,1.0,settlement,9.67106427062182
TRAIN,late_limit_97_to_99,270.0,,UP,0.507993508423809,1.0,settlement,9.66529092237375
TRAIN,late_limit_97_to_99,270.0,,UP,0.5130065331755758,1.0,settlement,9.472929140879994
TRAIN,late_limit_97_to_99,270.0,,DOWN,0.5060995063732266,1.0,settlement,9.738960192751957
TRAIN,late_limit_97_to_99,270.0,,UP,0.5095321222381921,1.0,settlement,9.605848035004314
TRAIN,late_limit_97_to_99,270.0,,DOWN,0.5128174517319496,1.0,settlement,9.480116398587416
TRAIN,late_limit_97_to_99,270.0,,UP,0.5065819139007866,1.0,settlement,9.720144141739905
TRAIN,late_limit_97_to_99,270.0,,UP,0.5073616948722943,1.0,settlement,9.689804861238201
TRAIN,late_limit_97_to_99,270.0,,DOWN,0.5084070635917135,1.0,settlement,9.649278253833824
TRAIN,late_limit_97_to_99,270.0,,UP,0.5057386969837108,1.0,settlement,9.753056836744467
TRAIN,late_limit_97_to_99,270.0,,UP,0.505972092184171,1.0,settlement,9.743935905698244
TRAIN,late_limit_97_to_99,270.0,,DOWN,0.5122404345206258,1.0,settlement,9.502082455982574
TRAIN,late_limit_97_to_99,270.0,,UP,0.506412034866871,1.0,settlement,9.726766094587123
TRAIN,late_limit_97_to_99,270.0,,UP,0.5088354460867711,1.0,settlement,9.632718922994826
TRAIN,late_limit_97_to_99,270.0,,DOWN,0.5066051750578316,1.0,settlement,9.719237758197885
TRAIN,late_limit_97_to_99,270.0,,UP,0.5073487902482128,1.0,settlement,9.690306188189886
TRAIN,late_limit_97_to_99,270.0,,UP,0.5063348186462644,1.0,settlement,9.729777482686213
TRAIN,late_limit_97_to_99,270.0,,DOWN,0.5074938580811265,1.0,settlement,9.68467196945156
TRAIN,late_limit_97_to_99,270.0,,UP,0.5051175113167373,0.0,settlement,-10.02
TRAIN,late_limit_97_to_99,270.0,,UP,0.5138871878829184,1.0,settlement,9.439523871761427
TRAIN,late_limit_97_to_99,270.0,,UP,0.5132451789140766,1.0,settlement,9.463865432809296
TRAIN,late_limit_97_to_99,270.0,,DOWN,0.509520455047113,1.0,settlement,9.60629743505655
TRAIN,late_limit_97_to_99,270.0,,DOWN,0.5067133967993732,1.0,settlement,9.71502193382776
TRAIN,late_limit_97_to_99,270.0,,DOWN,0.5077200580237918,1.0,settlement,9.675893124496962
TRAIN,late_limit_97_to_99,270.0,,UP,0.5108805945788113,1.0,settlement,9.5540454934374
TRAIN,late_limit_97_to_99,270.0,,DOWN,0.5066865817234505,1.0,settlement,9.716066358785085
TRAIN,late_limit_97_to_99,270.0,,UP,0.5267597538362874,1.0,settlement,8.963986394503326
TRAIN,late_limit_97_to_99,270.0,,DOWN,0.5113034316629573,1.0,settlement,9.537858173327951
TRAIN,late_limit_97_to_99,270.0,,UP,0.5059139076080027,1.0,settlement,9.746208933216955
TRAIN,late_limit_97_to_99,270.0,,DOWN,0.5148233899086255,1.0,settlement,9.404136890468148
TRAIN,late_limit_97_to_99,270.0,,DOWN,0.505220984417713,1.0,settlement,9.773318782127372
TRAIN,late_limit_97_to_99,270.0,,DOWN,0.5151429191011155,1.0,settlement,9.392088624743643
TRAIN,late_limit_97_to_99,270.0,,DOWN,0.5094961141948271,1.0,settlement,9.60723506891376
TRAIN,late_limit_97_to_99,270.0,,DOWN,0.5076671641706612,1.0,settlement,9.677945240039843
TRAIN,late_limit_97_to_99,270.0,,DOWN,0.5075403757197722,1.0,settlement,9.682865975575687
TRAIN,late_limit_97_to_99,270.0,,DOWN,0.508458075988487,1.0,settlement,9.647304881644615
TRAIN,late_limit_97_to_99,270.0,,UP,0.5083197049260962,1.0,settlement,9.652658571152351
TRAIN,late_limit_97_to_99,270.0,,UP,0.5094037421409504,1.0,settlement,9.61079414762727
TRAIN,late_limit_97_to_99,270.0,,UP,0.5052128297585897,1.0,settlement,9.77363826682388
TRAIN,late_limit_97_to_99,270.0,,DOWN,0.5088394534435805,1.0,settlement,9.632564148327756
TRAIN,late_limit_97_to_99,270.0,,UP,0.505215725643342,0.0,settlement,-10.02
TRAIN,late_limit_97_to_99,270.0,,UP,0.5067277906954428,1.0,settlement,9.71446134911174
TRAIN,late_limit_97_to_99,270.0,,DOWN,0.5055919852509415,1.0,settlement,9.758794545243195
TRAIN,late_limit_97_to_99,270.0,,UP,0.5075663964446823,1.0,settlement,9.681855895201807
TRAIN,late_limit_97_to_99,270.0,,DOWN,0.5063180499347815,1.0,settlement,9.730431574161923
TRAIN,late_limit_97_to_99,270.0,,DOWN,0.5052757346951461,1.0,settlement,9.771174032992931
TRAIN,late_limit_97_to_99,270.0,,DOWN,0.5068702113630451,1.0,settlement,9.708916349431142
TRAIN,late_limit_97_to_99,270.0,,UP,0.5057283261072986,1.0,settlement,9.753462319131273
TRAIN,late_limit_97_to_99,270.0,,UP,0.5058482806861886,1.0,settlement,9.748773329494949
TRAIN,late_limit_97_to_99,270.0,,DOWN,0.505530700501054,1.0,settlement,9.761192299673503
TRAIN,late_limit_97_to_99,270.0,,UP,0.5055010064356484,1.0,settlement,9.762354283547854
TRAIN,late_limit_97_to_99,270.0,,DOWN,0.5064598878708665,1.0,settlement,9.72490031587601
TRAIN,late_limit_97_to_99,270.0,,UP,0.5064622084919115,1.0,settlement,9.724809844305899
TRAIN,late_limit_97_to_99,270.0,,DOWN,0.5074370129136668,1.0,settlement,9.686879367314418
TRAIN,late_limit_97_to_99,270.0,,DOWN,0.5062602387194194,1.0,settlement,9.73268692894964
TRAIN,late_limit_97_to_99,270.0,,DOWN,0.5074888028445188,1.0,settlement,9.684868253149887
TRAIN,late_limit_97_to_99,270.0,,UP,0.5058851849898577,1.0,settlement,9.74733119828462
TRAIN,late_limit_97_to_99,270.0,,UP,0.5067411709047933,1.0,settlement,9.71394027200289
TRAIN,late_limit_97_to_99,270.0,,DOWN,0.5063395498354956,1.0,settlement,9.729592942619032
TRAIN,late_limit_97_to_99,270.0,,DOWN,0.5050567186504741,1.0,settlement,9.779756405023747
TRAIN,late_limit_97_to_99,270.0,,UP,0.506757954187697,1.0,settlement,9.713286704950509
TRAIN,late_limit_97_to_99,270.0,,UP,0.5073033399390057,1.0,settlement,9.692072073490241
TRAIN,late_limit_97_to_99,270.0,,UP,0.5072804159102399,1.0,settlement,9.69296286306751
TRAIN,late_limit_97_to_99,270.0,,DOWN,0.5087704346676364,1.0,settlement,9.635230175732762
TRAIN,late_limit_97_to_99,270.0,,UP,0.505392054993994,1.0,settlement,9.766618925220023
TRAIN,late_limit_97_to_99,270.0,,DOWN,0.5053861474487039,1.0,settlement,9.76685021439965
TRAIN,late_limit_97_to_99,270.0,,DOWN,0.5061706225732335,1.0,settlement,9.736184088998932
TRAIN,late_limit_97_to_99,270.0,,UP,0.5078276357563356,1.0,settlement,9.671720764874191
TRAIN,late_limit_97_to_99,270.0,,DOWN,0.5055450183657922,1.0,settlement,9.760632063838077
TRAIN,late_limit_97_to_99,270.0,,UP,0.5102556708195147,1.0,settlement,9.57801835017166
TRAIN,late_limit_97_to_99,270.0,,UP,0.5060102343562464,1.0,settlement,9.74244613455723
TRAIN,late_limit_97_to_99,270.0,,UP,0.5067886763379993,1.0,settlement,9.712090448940039
TRAIN,late_limit_97_to_99,270.0,,DOWN,0.5105956936716832,1.0,settlement,9.56496737034777
TRAIN,late_limit_97_to_99,270.0,,DOWN,0.5059324459924405,1.0,settlement,9.745484659486372
TRAIN,late_limit_97_to_99,270.0,,DOWN,0.5056931938567718,0.0,settlement,-10.02
TRAIN,late_limit_97_to_99,270.0,,DOWN,0.5071828670419697,1.0,settlement,9.69675435000941
TRAIN,late_limit_97_to_99,270.0,,DOWN,0.5053085202968932,1.0,settlement,9.769889935211296
TRAIN,late_limit_97_to_99,270.0,,UP,0.5072982112445936,1.0,settlement,9.692271359022207
TRAIN,late_limit_97_to_99,270.0,,UP,0.5076737355627656,1.0,settlement,9.677690267381703
TRAIN,late_limit_97_to_99,270.0,,UP,0.5055298737692409,1.0,settlement,9.761224649375912
TRAIN,late_limit_97_to_99,270.0,,UP,0.5068113512399124,1.0,settlement,9.711207628903797
TRAIN,late_limit_97_to_99,270.0,,UP,0.5063024752900509,1.0,settlement,9.731039127887325
TRAIN,late_limit_97_to_99,270.0,,UP,0.5094455231114486,1.0,settlement,9.609184174442838
TRAIN,late_limit_97_to_99,270.0,,DOWN,0.508177223193235,1.0,settlement,9.658174352567329
TRAIN,late_limit_97_to_99,270.0,,DOWN,0.5062303042200369,1.0,settlement,9.73385494830713
TRAIN,late_limit_97_to_99,270.0,,DOWN,0.5089037211717792,1.0,settlement,9.630082292529604
TRAIN,late_limit_97_to_99,270.0,,UP,0.5068488730672495,1.0,settlement,9.709746935183944
TRAIN,late_limit_97_to_99,270.0,,DOWN,0.5056008799910173,0.0,settlement,-10.02
TRAIN,late_limit_97_to_99,270.0,,DOWN,0.5065507291088046,1.0,settlement,9.721359404601802
TRAIN,late_limit_97_to_99,270.0,,DOWN,0.5069332237864018,1.0,settlement,9.706464020857975
TRAIN,late_limit_97_to_99,270.0,,DOWN,0.5070446106966252,1.0,settlement,9.702130536524326
TRAIN,late_limit_97_to_99,270.0,,UP,0.5057214291621712,1.0,settlement,9.753731986336831
TRAIN,late_limit_97_to_99,270.0,,UP,0.5087714383901489,1.0,settlement,9.635191399190827
TRAIN,late_limit_97_to_99,270.0,,DOWN,0.5065319297536486,1.0,settlement,9.722092082652111
TRAIN,late_limit_97_to_99,270.0,,UP,0.5057863132750737,0.0,settlement,-10.02
TRAIN,late_limit_97_to_99,270.0,,UP,0.5060989079958376,0.0,settlement,-10.02
TRAIN,late_limit_97_to_99,270.0,,DOWN,0.5057502189484705,1.0,settlement,9.752606368399562
TRAIN,late_limit_97_to_99,270.0,,UP,0.5088053420975522,1.0,settlement,9.63388169623958
TRAIN,late_limit_97_to_99,270.0,,DOWN,0.505516711650532,1.0,settlement,9.761739692342921
TRAIN,late_limit_97_to_99,270.0,,UP,0.5092048002196149,1.0,settlement,9.618463729499606
TRAIN,late_limit_97_to_99,270.0,,DOWN,0.5081247383339261,1.0,settlement,9.660206936565771
TRAIN,late_limit_97_to_99,270.0,,UP,0.5053634435845336,1.0,settlement,9.767739154756
TRAIN,late_limit_97_to_99,270.0,,DOWN,0.5055651904743127,1.0,settlement,9.759842814372107
TRAIN,late_limit_97_to_99,270.0,,UP,0.5073554549759797,1.0,settlement,9.690047269469964
TRAIN,late_limit_97_to_99,270.0,,DOWN,0.5060862664904712,1.0,settlement,9.73947711315396
TRAIN,late_limit_97_to_99,270.0,,DOWN,0.5076333543174738,1.0,settlement,9.67925718030341
TRAIN,late_limit_97_to_99,270.0,,UP,0.5073709148149373,1.0,settlement,9.689446694727234
TRAIN,late_limit_97_to_99,270.0,,UP,0.505478137074598,0.0,settlement,-10.02
TRAIN,late_limit_97_to_99,270.0,,DOWN,0.5077234399561982,1.0,settlement,9.675761930673737
TRAIN,late_limit_97_to_99,270.0,,UP,0.5051803552000415,0.0,settlement,-10.02
TRAIN,late_limit_97_to_99,270.0,,DOWN,0.5082437444996876,1.0,settlement,9.65559878153335
TRAIN,late_limit_97_to_99,270.0,,UP,0.5089245681678443,1.0,settlement,9.629277369336947
TRAIN,late_limit_97_to_99,270.0,,DOWN,0.5096946288947884,1.0,settlement,9.599590698226109
TRAIN,late_limit_97_to_99,270.0,,UP,0.5051357863737248,1.0,settlement,9.776657195460505
TRAIN,late_limit_97_to_99,270.0,,DOWN,0.5077512497810958,1.0,settlement,9.674683182584484
TRAIN,late_limit_97_to_99,270.0,,UP,0.5069920434436709,1.0,settlement,9.704175417184917
TRAIN,late_limit_97_to_99,270.0,,UP,0.5073039385492423,1.0,settlement,9.692048813572011
TRAIN,late_limit_97_to_99,270.0,,DOWN,0.5054173755070063,0.0,settlement,-10.02
TRAIN,late_limit_97_to_99,270.0,,UP,0.5095523081860278,1.0,settlement,9.605070555757724
TRAIN,late_limit_97_to_99,270.0,,DOWN,0.5052727983574011,0.0,settlement,-10.02
TRAIN,late_limit_97_to_99,270.0,,DOWN,0.5056053538901114,0.0,settlement,-10.02
TRAIN,late_limit_97_to_99,270.0,,DOWN,0.5063430941686277,1.0,settlement,9.72945469814129
TRAIN,late_limit_97_to_99,270.0,,DOWN,0.5051475465587961,0.0,settlement,-10.02
TRAIN,late_limit_97_to_99,270.0,,DOWN,0.5110132044923625,1.0,settlement,9.548965952521598
TRAIN,late_limit_97_to_99,270.0,,DOWN,0.5063820979879381,1.0,settlement,9.727933506603147
TRAIN,late_limit_97_to_99,270.0,,UP,0.5053595905810486,0.0,settlement,-10.02
TRAIN,late_limit_97_to_99,270.0,,UP,0.5050923884875633,0.0,settlement,-10.02
TRAIN,late_limit_97_to_99,270.0,,DOWN,0.5058642460583204,1.0,settlement,9.748149415420663
TRAIN,late_limit_97_to_99,270.0,,UP,0.5065096659997618,1.0,settlement,9.722959851045967
TRAIN,late_limit_97_to_99,270.0,,DOWN,0.5076851064446016,1.0,settlement,9.677249088182965
TRAIN,late_limit_97_to_99,270.0,,UP,0.5067802822301346,0.0,settlement,-10.02
TRAIN,late_limit_97_to_99,270.0,,DOWN,0.5071984475875743,1.0,settlement,9.696148674278767
TRAIN,late_limit_97_to_99,270.0,,UP,0.5070769845002312,1.0,settlement,9.700871397576595
TRAIN,late_limit_97_to_99,270.0,,UP,0.5058043216822214,0.0,settlement,-10.02
TRAIN,late_limit_97_to_99,270.0,,DOWN,0.5084744259490658,0.0,settlement,-10.02
TRAIN,late_limit_97_to_99,270.0,,UP,0.5066350307722564,1.0,settlement,9.718074536135305
TRAIN,late_limit_97_to_99,270.0,,DOWN,0.5068812731081519,1.0,settlement,9.708485802367228
TRAIN,late_limit_97_to_99,270.0,,DOWN,0.511370206883602,1.0,settlement,9.53530428912179
TRAIN,late_limit_97_to_99,270.0,,DOWN,0.5060605954048204,1.0,settlement,9.740479457999601
TRAIN,late_limit_97_to_99,270.0,,DOWN,0.50552164391727,1.0,settlement,9.76154668613265
TRAIN,late_limit_97_to_99,270.0,,DOWN,0.5055383764895606,1.0,settlement,9.760891946205199
TRAIN,late_limit_97_to_99,270.0,,UP,0.5070343918976112,0.0,settlement,-10.02
TRAIN,late_limit_97_to_99,270.0,,UP,0.5057795982507215,1.0,settlement,9.751457833779352
TRAIN,late_limit_97_to_99,270.0,,UP,0.5050049725881937,1.0,settlement,9.781785215597274
TRAIN,late_limit_97_to_99,270.0,,UP,0.5089659556829182,1.0,settlement,9.627679551733948
TRAIN,late_limit_97_to_99,270.0,,UP,0.5107478715784556,1.0,settlement,9.559132007139276
TRAIN,late_limit_97_to_99,270.0,,DOWN,0.5070415052230534,1.0,settlement,9.702251328519715
TRAIN,late_limit_97_to_99,270.0,,UP,0.5056941562707541,1.0,settlement,9.754798415202355
TRAIN,late_limit_97_to_99,270.0,,DOWN,0.5057147028804837,1.0,settlement,9.753994987769449
TRAIN,late_limit_97_to_99,270.0,,DOWN,0.5059654811370642,0.0,settlement,-10.02
TRAIN,late_limit_97_to_99,270.0,,UP,0.505631865068032,1.0,settlement,9.757234566999678
TRAIN,late_limit_97_to_99,270.0,,DOWN,0.5057200441838484,0.0,settlement,-10.02
TRAIN,late_limit_97_to_99,270.0,,UP,0.5079825268785642,1.0,settlement,9.665716478178297
TRAIN,late_limit_97_to_99,270.0,,UP,0.5085939581652965,1.0,settlement,9.642050324140758
TRAIN,late_limit_97_to_99,270.0,,UP,0.5050447212236742,0.0,settlement,-10.02
TRAIN,late_limit_97_to_99,270.0,,DOWN,0.5065624644628103,0.0,settlement,-10.02
TRAIN,late_limit_97_to_99,270.0,,UP,0.5057061932698552,0.0,settlement,-10.02
TRAIN,late_limit_97_to_99,270.0,,DOWN,0.5061994966603721,1.0,settlement,9.73505717799907
TRAIN,late_limit_97_to_99,270.0,,DOWN,0.5069407896483905,1.0,settlement,9.706169612305036
TRAIN,late_limit_97_to_99,270.0,,UP,0.5058806999521247,1.0,settlement,9.747506451513914
TRAIN,late_limit_97_to_99,270.0,,UP,0.5070721833681946,1.0,settlement,9.701058121499859
TRAIN,late_limit_97_to_99,270.0,,UP,0.506010827654635,1.0,settlement,9.742422963062065
TRAIN,late_limit_97_to_99,270.0,,DOWN,0.5051977524810548,0.0,settlement,-10.02
TRAIN,late_limit_97_to_99,270.0,,UP,0.5059642198501823,1.0,settlement,9.744243414210267
TRAIN,late_limit_97_to_99,270.0,,UP,0.5059585349888592,1.0,settlement,9.744465481781411
TRAIN,late_limit_97_to_99,270.0,,UP,0.5078133093235605,1.0,settlement,9.672276307843592
TRAIN,late_limit_97_to_99,270.0,,UP,0.5075060004657199,1.0,settlement,9.684200523389599
TRAIN,late_limit_97_to_99,270.0,,DOWN,0.5063889230116627,1.0,settlement,9.727667347316142
TRAIN,late_limit_97_to_99,270.0,,DOWN,0.5090095709872555,1.0,settlement,9.625996008688759
TRAIN,late_limit_97_to_99,270.0,,UP,0.5067647926849966,1.0,settlement,9.713020415678262
TRAIN,late_limit_97_to_99,270.0,,UP,0.5074499805173737,1.0,settlement,9.686375768907194
TRAIN,late_limit_97_to_99,270.0,,UP,0.5056279084647078,1.0,settlement,9.757389326400258
TRAIN,late_limit_97_to_99,270.0,,UP,0.5067696756770959,1.0,settlement,9.712830277658153
TRAIN,late_limit_97_to_99,270.0,,UP,0.5072640515575424,1.0,settlement,9.693598803808854
TRAIN,late_limit_97_to_99,270.0,,UP,0.505944009457114,1.0,settlement,9.745032914867714
TRAIN,late_limit_97_to_99,270.0,,DOWN,0.508070708596503,1.0,settlement,9.66229978780719
TRAIN,late_limit_97_to_99,270.0,,UP,0.5054892795768061,1.0,settlement,9.76281321489541
TRAIN,late_limit_97_to_99,270.0,,DOWN,0.5067793201541769,1.0,settlement,9.712454743728909
TRAIN,late_limit_97_to_99,270.0,,UP,0.505539982596152,1.0,settlement,9.760829102074108
TRAIN,late_limit_97_to_99,270.0,,DOWN,0.5066842393658485,1.0,settlement,9.716157596920151
TRAIN,late_limit_97_to_99,270.0,,UP,0.5063372001255116,1.0,settlement,9.729684592641394
TRAIN,late_limit_97_to_99,270.0,,UP,0.5098897691762759,1.0,settlement,9.592082070512895
TRAIN,late_limit_97_to_99,270.0,,UP,0.5058055406862814,1.0,settlement,9.750443768630753
TRAIN,late_limit_97_to_99,270.0,,UP,0.5065204318843594,1.0,settlement,9.7225402225098
TRAIN,late_limit_97_to_99,270.0,,UP,0.5069915903324173,1.0,settlement,9.70419304518116
TRAIN,late_limit_97_to_99,270.0,,UP,0.5054248008313735,1.0,settlement,9.765336975057405
TRAIN,late_limit_97_to_99,270.0,,UP,0.507777408111977,1.0,settlement,9.673668604087958
TRAIN,late_limit_97_to_99,270.0,,UP,0.5053049249407656,1.0,settlement,9.770030744648395
TRAIN,late_limit_97_to_99,270.0,,UP,0.5091135117368369,1.0,settlement,9.621985076933186
TRAIN,late_limit_97_to_99,270.0,,DOWN,0.510125812264285,1.0,settlement,9.583007257392456
TRAIN,late_limit_97_to_99,270.0,,UP,0.5069611113735984,1.0,settlement,9.705378881439742
TRAIN,late_limit_97_to_99,270.0,,DOWN,0.5054264109195769,1.0,settlement,9.765273946816354
TRAIN,late_limit_97_to_99,270.0,,UP,0.5062848526205853,1.0,settlement,9.731726618402497
TRAIN,late_limit_97_to_99,270.0,,UP,0.5069537876734053,1.0,settlement,9.705663843826134
TRAIN,late_limit_97_to_99,270.0,,DOWN,0.5074749312014103,1.0,settlement,9.68540687857373
TRAIN,late_limit_97_to_99,270.0,,DOWN,0.5087827719642256,1.0,settlement,9.634753562888204
TRAIN,late_limit_97_to_99,270.0,,DOWN,0.5085717073088719,1.0,settlement,9.642910571481476
TRAIN,late_limit_97_to_99,270.0,,DOWN,0.5054113461864659,1.0,settlement,9.765863684015141
TRAIN,late_limit_97_to_99,270.0,,UP,0.5053472547089003,1.0,settlement,9.768373057968603
TRAIN,late_limit_97_to_99,270.0,,UP,0.5058747940811598,1.0,settlement,9.747737228662267
TRAIN,late_limit_97_to_99,270.0,,DOWN,0.5058434017883051,1.0,settlement,9.748964000809462
TRAIN,late_limit_97_to_99,270.0,,DOWN,0.5098676438055599,1.0,settlement,9.592933123902132
TRAIN,late_limit_97_to_99,270.0,,DOWN,0.5066953651025546,1.0,settlement,9.715724241282551
TRAIN,late_limit_97_to_99,270.0,,DOWN,0.5061080890135211,1.0,settlement,9.73862511798906
TRAIN,late_limit_97_to_99,270.0,,UP,0.5068550134634606,0.0,settlement,-10.02
TRAIN,late_limit_97_to_99,270.0,,DOWN,0.5083364547086314,1.0,settlement,9.652010353323579
TRAIN,late_limit_97_to_99,270.0,,DOWN,0.5051891865577662,1.0,settlement,9.774564622686242
TRAIN,late_limit_97_to_99,270.0,,UP,0.5063971144741366,0.0,settlement,-10.02
TRAIN,late_limit_97_to_99,270.0,,UP,0.5092738200193212,1.0,settlement,9.615802208761906
TRAIN,late_limit_97_to_99,270.0,,UP,0.5067798477148341,1.0,settlement,9.712434202133107
TRAIN,late_limit_97_to_99,270.0,,UP,0.505020493569755,1.0,settlement,9.78117664001049
TRAIN,late_limit_97_to_99,270.0,,UP,0.5076312582954895,1.0,settlement,9.679338519022114
TRAIN,late_limit_97_to_99,270.0,,DOWN,0.5065107408930639,1.0,settlement,9.722917953463952
TRAIN,late_limit_97_to_99,270.0,,DOWN,0.5061791239970544,1.0,settlement,9.735852278210888
TRAIN,late_limit_97_to_99,270.0,,DOWN,0.5061092107308013,1.0,settlement,9.738581325877085
TRAIN,late_limit_97_to_99,270.0,,UP,0.5067423420422933,1.0,settlement,9.713894664688173
TRAIN,late_limit_97_to_99,270.0,,UP,0.5058369557708646,1.0,settlement,9.749215922076335
TRAIN,late_limit_97_to_99,270.0,,DOWN,0.5114234616336356,1.0,settlement,9.533267986683843
TRAIN,late_limit_97_to_99,270.0,,UP,0.5054702907218867,1.0,settlement,9.763556390066991
TRAIN,late_limit_97_to_99,270.0,,DOWN,0.5063124552302,1.0,settlement,9.73064981455651
TRAIN,late_limit_97_to_99,270.0,,DOWN,0.5061281702728974,1.0,settlement,9.73784117016869
TRAIN,late_limit_97_to_99,270.0,,UP,0.5088226261418669,1.0,settlement,9.633214079383055
TRAIN,late_limit_97_to_99,270.0,,UP,0.5051321921846716,0.0,settlement,-10.02
TRAIN,late_limit_97_to_99,270.0,,DOWN,0.5080062897599656,1.0,settlement,9.664795644410283
TRAIN,late_limit_97_to_99,270.0,,UP,0.506113845437679,1.0,settlement,9.738400387865624
TRAIN,late_limit_97_to_99,270.0,,UP,0.5083654657813559,1.0,settlement,9.65088772371671
TRAIN,late_limit_97_to_99,270.0,,UP,0.5051660062517354,1.0,settlement,9.775472926214238
TRAIN,late_limit_97_to_99,270.0,,UP,0.5051663310111009,1.0,settlement,9.77546020017762
TRAIN,late_limit_97_to_99,270.0,,DOWN,0.5085941227626148,1.0,settlement,9.642043960872662
TRAIN,late_limit_97_to_99,270.0,,DOWN,0.5050408007871324,1.0,settlement,9.780380453251457
TRAIN,late_limit_97_to_99,270.0,,DOWN,0.5050843982639183,1.0,settlement,9.778671339625838
TRAIN,late_limit_97_to_99,270.0,,DOWN,0.5053931954289453,1.0,settlement,9.766574276119094
TRAIN,late_limit_97_to_99,270.0,,UP,0.5064231842646428,1.0,settlement,9.726331350371737
TRAIN,late_limit_97_to_99,270.0,,DOWN,0.5053611380222366,1.0,settlement,9.767829430524962
TRAIN,late_limit_97_to_99,270.0,,DOWN,0.507718752541612,1.0,settlement,9.675943767963172
TRAIN,late_limit_97_to_99,270.0,,UP,0.5054878498037053,1.0,settlement,9.762869170610674
TRAIN,late_limit_97_to_99,270.0,,DOWN,0.5053060169719793,1.0,settlement,9.769987975849752
TRAIN,late_limit_97_to_99,270.0,,UP,0.5068004649692313,1.0,settlement,9.711631462901515
TRAIN,late_limit_97_to_99,270.0,,DOWN,0.5053191728334775,0.0,settlement,-10.02
TRAIN,late_limit_97_to_99,270.0,,DOWN,0.5063187695671175,1.0,settlement,9.730403502816227
TRAIN,late_limit_97_to_99,270.0,,UP,0.5057181647309644,0.0,settlement,-10.02
TRAIN,late_limit_97_to_99,270.0,,DOWN,0.506483987051899,1.0,settlement,9.72396082728536
TRAIN,late_limit_97_to_99,270.0,,UP,0.50827678845223,1.0,settlement,9.654319636848502
TRAIN,late_limit_97_to_99,270.0,,DOWN,0.5061215957072991,1.0,settlement,9.738097826323958
TRAIN,late_limit_97_to_99,270.0,,DOWN,0.5064025945953701,0.0,settlement,-10.02
TRAIN,late_limit_97_to_99,270.0,,UP,0.5060373271135603,0.0,settlement,-10.02
TRAIN,late_limit_97_to_99,270.0,,DOWN,0.5054444774982384,1.0,settlement,9.76456674310949
TRAIN,late_limit_97_to_99,270.0,,UP,0.5065848152183846,1.0,settlement,9.720031085789813
TRAIN,late_limit_97_to_99,270.0,,DOWN,0.5057193092090084,1.0,settlement,9.753814876954017
TRAIN,late_limit_97_to_99,270.0,,UP,0.5058291320224475,1.0,settlement,9.749521696026445
TRAIN,late_limit_97_to_99,270.0,,UP,0.5065835265198697,1.0,settlement,9.720081302481457
TRAIN,late_limit_97_to_99,270.0,,DOWN,0.5050055079951354,0.0,settlement,-10.02
TRAIN,late_limit_97_to_99,270.0,,DOWN,0.511603462919256,1.0,settlement,9.52638841367314
TRAIN,late_limit_97_to_99,270.0,,UP,0.5053992762553733,1.0,settlement,9.766336209447001
TRAIN,late_limit_97_to_99,270.0,,UP,0.5062645518051413,1.0,settlement,9.732518647303891
TRAIN,late_limit_97_to_99,270.0,,UP,0.5078018298796569,1.0,settlement,9.672721474378857
TRAIN,late_limit_97_to_99,270.0,,DOWN,0.5072676138855701,1.0,settlement,9.69346036345977
TRAIN,late_limit_97_to_99,270.0,,DOWN,0.5065857633230637,1.0,settlement,9.719994141175114
TRAIN,late_limit_97_to_99,270.0,,DOWN,0.5081111775736601,1.0,settlement,9.660732173128224
TRAIN,late_limit_97_to_99,270.0,,DOWN,0.5085513645970995,1.0,settlement,9.643697113314236
TRAIN,late_limit_97_to_99,270.0,,UP,0.5068940436642055,1.0,settlement,9.707988768052186
TRAIN,late_limit_97_to_99,270.0,,DOWN,0.5113300368442181,1.0,settlement,9.536840551979157
TRAIN,late_limit_97_to_99,270.0,,UP,0.5050660880083105,0.0,settlement,-10.02
TRAIN,late_limit_97_to_99,270.0,,DOWN,0.5056900176042969,1.0,settlement,9.754960256037748
TRAIN,late_limit_97_to_99,270.0,,DOWN,0.5079859871037614,1.0,settlement,9.665582385872774
TRAIN,late_limit_97_to_99,270.0,,UP,0.5052539909612126,0.0,settlement,-10.02
TRAIN,late_limit_97_to_99,270.0,,UP,0.5090470671136801,1.0,settlement,9.624548895449792
TRAIN,late_limit_97_to_99,270.0,,UP,0.5069341924715371,1.0,settlement,9.70642632615765
TRAIN,late_limit_97_to_99,270.0,,DOWN,0.5054370481962384,1.0,settlement,9.76485755186955
TRAIN,late_limit_97_to_99,270.0,,UP,0.5074354570060109,1.0,settlement,9.6869397928997
TRAIN,late_limit_97_to_99,270.0,,DOWN,0.5061166840321694,0.0,settlement,-10.02
TRAIN,late_limit_97_to_99,270.0,,DOWN,0.5052216669955103,1.0,settlement,9.773292040439877
TRAIN,late_limit_97_to_99,270.0,,DOWN,0.518361084290008,1.0,settlement,9.27157165356435
TRAIN,late_limit_97_to_99,270.0,,DOWN,0.5095301103746323,1.0,settlement,9.60592552704588
TRAIN,late_limit_97_to_99,270.0,,UP,0.5083232410331439,1.0,settlement,9.65252171998954
TRAIN,late_limit_97_to_99,270.0,,DOWN,0.5057661464039183,1.0,settlement,9.751983694641623
TRAIN,late_limit_97_to_99,270.0,,UP,0.5088573753414135,1.0,settlement,9.63187198729425
TRAIN,late_limit_97_to_99,270.0,,DOWN,0.5079580846843114,1.0,settlement,9.666663725836464
TRAIN,late_limit_97_to_99,270.0,,UP,0.5062609869805779,1.0,settlement,9.732657734188866
TRAIN,late_limit_97_to_99,270.0,,DOWN,0.5058518282153699,0.0,settlement,-10.02
TRAIN,late_limit_97_to_99,270.0,,UP,0.5095256066222152,1.0,settlement,9.60609900274245
TRAIN,late_limit_97_to_99,270.0,,UP,0.5080772509032571,1.0,settlement,9.662046346735764
TRAIN,late_limit_97_to_99,270.0,,DOWN,0.5115564442381354,1.0,settlement,9.528184980629206
TRAIN,late_limit_97_to_99,270.0,,UP,0.5073514530028066,1.0,settlement,9.690202741736666
TRAIN,late_limit_97_to_99,270.0,,UP,0.5081623378807302,1.0,settlement,9.658750774220266
TRAIN,late_limit_97_to_99,270.0,,UP,0.5065909076725312,1.0,settlement,9.719793684698672
TRAIN,late_limit_97_to_99,270.0,,UP,0.5063375321812045,1.0,settlement,9.72967164081621
TRAIN,late_limit_97_to_99,270.0,,UP,0.5064775282094527,1.0,settlement,9.724212611668968
TRAIN,late_limit_97_to_99,270.0,,UP,0.5053644346748896,1.0,settlement,9.767700348231248
TRAIN,late_limit_97_to_99,270.0,,DOWN,0.5059035013151626,1.0,settlement,9.746615518579507
TRAIN,late_limit_97_to_99,270.0,,DOWN,0.5078181988100022,1.0,settlement,9.672086702354385
TRAIN,late_limit_97_to_99,270.0,,UP,0.5085835640509112,1.0,settlement,9.642452164889388
TRAIN,late_limit_97_to_99,270.0,,UP,0.5110288720221439,1.0,settlement,9.548365991592508
TRAIN,late_limit_97_to_99,270.0,,DOWN,0.5076335598874584,1.0,settlement,9.679249202942739
TRAIN,late_limit_97_to_99,270.0,,DOWN,0.5053743948115156,0.0,settlement,-10.02
TRAIN,late_limit_97_to_99,270.0,,DOWN,0.5051360997503221,1.0,settlement,9.776644913999977
TRAIN,late_limit_97_to_99,270.0,,UP,0.5061771270226758,1.0,settlement,9.735930219170132
TRAIN,late_limit_97_to_99,270.0,,UP,0.5067197574755108,1.0,settlement,9.714774206990121
TRAIN,late_limit_97_to_99,270.0,,UP,0.5091188154487464,1.0,settlement,9.621780457840323
TRAIN,late_limit_97_to_99,270.0,,UP,0.5061661718245226,1.0,settlement,9.736357806279464
TRAIN,late_limit_97_to_99,270.0,,DOWN,0.509571399530252,1.0,settlement,9.604335292794087
TRAIN,late_limit_97_to_99,270.0,,UP,0.5050574803755028,1.0,settlement,9.779726543135542
TRAIN,late_limit_97_to_99,270.0,,DOWN,0.5092326979970039,1.0,settlement,9.6173878569338
TRAIN,late_limit_97_to_99,270.0,,UP,0.5065459544045479,1.0,settlement,9.721545486737025
TRAIN,late_limit_97_to_99,270.0,,UP,0.5069094258804007,1.0,settlement,9.707390120300076
TRAIN,late_limit_97_to_99,270.0,,UP,0.5068037144179914,1.0,settlement,9.711504950558432
TRAIN,late_limit_97_to_99,270.0,,DOWN,0.5094576190552466,1.0,settlement,9.608718122901564
TRAIN,late_limit_97_to_99,270.0,,UP,0.5108596861873633,1.0,settlement,9.55484661714409
TRAIN,late_limit_97_to_99,270.0,,UP,0.5057868815929334,1.0,settlement,9.751173124351975
TRAIN,late_limit_97_to_99,270.0,,DOWN,0.5073641630715487,1.0,settlement,9.689708977986676
TRAIN,late_limit_97_to_99,270.0,,UP,0.5051468491064725,0.0,settlement,-10.02
TRAIN,late_limit_97_to_99,270.0,,DOWN,0.5062221058813771,1.0,settlement,9.734174864784151
TRAIN,late_limit_97_to_99,270.0,,UP,0.5132577893112026,1.0,settlement,9.46338672739893
TRAIN,late_limit_97_to_99,270.0,,DOWN,0.5107004522470096,1.0,settlement,9.560949960003793
TRAIN,late_limit_97_to_99,270.0,,DOWN,0.5096711390007417,1.0,settlement,9.600494932489102
TRAIN,late_limit_97_to_99,270.0,,DOWN,0.5053912136919259,0.0,settlement,-10.02
TRAIN,late_limit_97_to_99,270.0,,DOWN,0.5112996019707817,1.0,settlement,9.538004663910243
TRAIN,late_limit_97_to_99,270.0,,DOWN,0.5072474948232991,1.0,settlement,9.694242262514326
TRAIN,late_limit_97_to_99,270.0,,DOWN,0.5086607962755303,1.0,settlement,9.639466727573833
TRAIN,late_limit_97_to_99,270.0,,UP,0.5085220366187481,1.0,settlement,9.644831177212591
TRAIN,late_limit_97_to_99,270.0,,DOWN,0.5053825314853574,1.0,settlement,9.766991787407541
TRAIN,late_limit_97_to_99,270.0,,DOWN,0.5080093796166543,1.0,settlement,9.664675915917215
TRAIN,late_limit_97_to_99,270.0,,UP,0.5055438159238309,1.0,settlement,9.760679112306018
TRAIN,late_limit_97_to_99,270.0,,DOWN,0.5080287529622226,1.0,settlement,9.663925253623603
TRAIN,late_limit_97_to_99,270.0,,DOWN,0.512686758307407,1.0,settlement,9.485087342248072
TRAIN,late_limit_97_to_99,270.0,,DOWN,0.5059717320451455,1.0,settlement,9.74394997321263
TRAIN,late_limit_97_to_99,270.0,,UP,0.5077400232640079,1.0,settlement,9.675118646970112
TRAIN,late_limit_97_to_99,270.0,,DOWN,0.5077790019852632,1.0,settlement,9.673606787407529
TRAIN,late_limit_97_to_99,270.0,,UP,0.5053756352783404,0.0,settlement,-10.02
TRAIN,late_limit_97_to_99,270.0,,UP,0.5068836576757929,1.0,settlement,9.70839299229506
TRAIN,late_limit_97_to_99,270.0,,UP,0.5065579352040561,1.0,settlement,9.72107857173674
TRAIN,late_limit_97_to_99,270.0,,UP,0.5059086866890079,1.0,settlement,9.746412918201578
TRAIN,late_limit_97_to_99,270.0,,UP,0.5059507226263824,1.0,settlement,9.744770664008847
TRAIN,late_limit_97_to_99,270.0,,DOWN,0.5068216359555396,1.0,settlement,9.710807231909964
TRAIN,late_limit_97_to_99,270.0,,DOWN,0.5075654358174778,1.0,settlement,9.68189318327821
TRAIN,late_limit_97_to_99,270.0,,DOWN,0.5058326097564375,1.0,settlement,9.749385775296457
TRAIN,late_limit_97_to_99,270.0,,UP,0.5073882971445606,1.0,settlement,9.68877147990445
TRAIN,late_limit_97_to_99,270.0,,UP,0.5054327333843472,1.0,settlement,9.765026452561948
TRAIN,late_limit_97_to_99,270.0,,DOWN,0.5060634991396845,1.0,settlement,9.740366074613462
TRAIN,late_limit_97_to_99,270.0,,UP,0.5058960073042039,1.0,settlement,9.746908328230447
TRAIN,late_limit_97_to_99,270.0,,UP,0.505401649698828,1.0,settlement,9.766243289785585
TRAIN,late_limit_97_to_99,270.0,,UP,0.5069374697366342,1.0,settlement,9.706298798144143
TRAIN,late_limit_97_to_99,270.0,,DOWN,0.5113539588605295,1.0,settlement,9.535925649394407
TRAIN,late_limit_97_to_99,270.0,,UP,0.5072811335142724,1.0,settlement,9.692934976949324
TRAIN,late_limit_97_to_99,270.0,,DOWN,0.5056165820191433,1.0,settlement,9.757832364725306
TRAIN,late_limit_97_to_99,270.0,,UP,0.5087916305619625,1.0,settlement,9.634411352944145
TRAIN,late_limit_97_to_99,270.0,,DOWN,0.5077946701762607,1.0,settlement,9.672999133939115
TRAIN,late_limit_97_to_99,270.0,,DOWN,0.5054802030890858,1.0,settlement,9.76316843842369
TRAIN,late_limit_97_to_99,270.0,,DOWN,0.5096941233096329,1.0,settlement,9.599610159650837
TRAIN,late_limit_97_to_99,270.0,,UP,0.505459335337544,1.0,settlement,9.763985181166028
TRAIN,late_limit_97_to_99,270.0,,DOWN,0.5050799820200116,1.0,settlement,9.778844452330311
TRAIN,late_limit_97_to_99,270.0,,DOWN,0.5058531244289057,1.0,settlement,9.748584035711403
TRAIN,late_limit_97_to_99,270.0,,UP,0.5067038608791392,1.0,settlement,9.715393337342729
TRAIN,late_limit_97_to_99,270.0,,DOWN,0.506956780041221,1.0,settlement,9.705547410938845
TRAIN,late_limit_97_to_99,270.0,,UP,0.5050451098666006,1.0,settlement,9.780211515049295
TRAIN,late_limit_97_to_99,270.0,,UP,0.5075521213799884,1.0,settlement,9.68241001615933
TRAIN,late_limit_97_to_99,270.0,,UP,0.506299669814811,1.0,settlement,9.731148571077867
TRAIN,late_limit_97_to_99,270.0,,UP,0.5053805704536446,1.0,settlement,9.76706856700823
TRAIN,late_limit_97_to_99,270.0,,UP,0.5070238140005555,1.0,settlement,9.702939483053637
TRAIN,late_limit_97_to_99,270.0,,DOWN,0.5065244977421569,1.0,settlement,9.722381749698584
TRAIN,late_limit_97_to_99,270.0,,UP,0.5070315928413252,1.0,settlement,9.702636895191432
TRAIN,late_limit_97_to_99,270.0,,UP,0.5077468265425534,1.0,settlement,9.674854752897044
TRAIN,late_limit_97_to_99,270.0,,DOWN,0.5077377474902037,1.0,settlement,9.675206924107883
TRAIN,late_limit_97_to_99,270.0,,UP,0.5067807255809511,1.0,settlement,9.712400020810659
TRAIN,late_limit_97_to_99,270.0,,UP,0.5065277245924588,1.0,settlement,9.722255980254157
TRAIN,late_limit_97_to_99,270.0,,UP,0.5053791873468207,1.0,settlement,9.767122719672695
TRAIN,late_limit_97_to_99,270.0,,UP,0.5052426987298099,1.0,settlement,9.772468105210027
TRAIN,late_limit_97_to_99,270.0,,DOWN,0.5082558192841644,1.0,settlement,9.655131342488435
TRAIN,late_limit_97_to_99,270.0,,DOWN,0.5066858795822518,1.0,settlement,9.716093708087381
TRAIN,late_limit_97_to_99,270.0,,UP,0.5052534917753976,0.0,settlement,-10.02
TRAIN,late_limit_97_to_99,270.0,,DOWN,0.5057430529295971,0.0,settlement,-10.02
TRAIN,late_limit_97_to_99,270.0,,UP,0.5075624941175882,1.0,settlement,9.682007370314633
TRAIN,late_limit_97_to_99,270.0,,DOWN,0.5073052398690211,1.0,settlement,9.691998248986856
TRAIN,late_limit_97_to_99,270.0,,DOWN,0.5059933925237958,1.0,settlement,9.743103921420715
TRAIN,late_limit_97_to_99,270.0,,DOWN,0.5053825124041625,1.0,settlement,9.766992534484135
TRAIN,late_limit_97_to_99,270.0,,DOWN,0.5095045266277901,1.0,settlement,9.606911003492087
TRAIN,late_limit_97_to_99,270.0,,UP,0.5101527057595822,1.0,settlement,9.581973854300529
TRAIN,late_limit_97_to_99,270.0,,DOWN,0.5066914672364508,1.0,settlement,9.715876063871896
TRAIN,late_limit_97_to_99,270.0,,UP,0.5062722443239304,1.0,settlement,9.732218519018112
TRAIN,late_limit_97_to_99,270.0,,DOWN,0.5062131334572874,1.0,settlement,9.734524999584526
TRAIN,late_limit_97_to_99,270.0,,UP,0.5067323558652232,1.0,settlement,9.714283560648973
TRAIN,late_limit_97_to_99,270.0,,DOWN,0.5072478744039496,1.0,settlement,9.694227510072217
TRAIN,late_limit_97_to_99,270.0,,DOWN,0.5060680805932359,1.0,settlement,9.740187183268993
TRAIN,late_limit_97_to_99,270.0,,UP,0.5051243663625898,0.0,settlement,-10.02
TRAIN,late_limit_97_to_99,270.0,,UP,0.5075494218042019,1.0,settlement,9.6825148101887
TRAIN,late_limit_97_to_99,270.0,,DOWN,0.5062189340122701,0.0,settlement,-10.02
TRAIN,late_limit_97_to_99,270.0,,DOWN,0.5054946267805601,1.0,settlement,9.762603949104076
TRAIN,late_limit_97_to_99,270.0,,DOWN,0.5078941339483417,1.0,settlement,9.669142542877072
TRAIN,late_limit_97_to_99,270.0,,UP,0.5057169324459112,0.0,settlement,-10.02
TRAIN,late_limit_97_to_99,270.0,,UP,0.5057437525288496,1.0,settlement,9.752859180162705
TRAIN,late_limit_97_to_99,270.0,,UP,0.5052129681677565,1.0,settlement,9.773632844118698
TRAIN,late_limit_97_to_99,270.0,,UP,0.505232361495259,1.0,settlement,9.772873066175986
TRAIN,late_limit_97_to_99,270.0,,DOWN,0.5068214703330838,1.0,settlement,9.710813679673013
TRAIN,late_limit_97_to_99,270.0,,UP,0.5062924723877407,1.0,settlement,9.731429352363683
TRAIN,late_limit_97_to_99,270.0,,DOWN,0.5058296337543448,1.0,settlement,9.749502086658058
TRAIN,late_limit_97_to_99,270.0,,DOWN,0.5052550180194245,0.0,settlement,-10.02
TRAIN,late_limit_97_to_99,270.0,,UP,0.5055827262652781,1.0,settlement,9.759156764056499
TRAIN,late_limit_97_to_99,270.0,,UP,0.506555950306619,1.0,settlement,9.721155925514221
TRAIN,late_limit_97_to_99,270.0,,UP,0.5068651021392901,1.0,settlement,9.709115217823634
TRAIN,late_limit_97_to_99,270.0,,DOWN,0.5058429602302367,1.0,settlement,9.748981257440956
TRAIN,late_limit_97_to_99,270.0,,UP,0.5058738054544512,1.0,settlement,9.747775860654638
TRAIN,late_limit_97_to_99,270.0,,DOWN,0.5057620734485295,1.0,settlement,9.752142920514348
TRAIN,late_limit_97_to_99,270.0,,UP,0.5073694434663539,1.0,settlement,9.68950385123685
TRAIN,late_limit_97_to_99,270.0,,DOWN,0.5050101599634268,0.0,settlement,-10.02
TRAIN,late_limit_97_to_99,270.0,,UP,0.5091748585714075,1.0,settlement,9.61961855472796
TRAIN,late_limit_97_to_99,270.0,,DOWN,0.5066038132682993,1.0,settlement,9.7192908187684
TRAIN,late_limit_97_to_99,270.0,,UP,0.5077128167334606,1.0,settlement,9.676174038580175
TRAIN,late_limit_97_to_99,270.0,,DOWN,0.5053910317885476,1.0,settlement,9.766658984847076
TRAIN,late_limit_97_to_99,270.0,,DOWN,0.5201157821948313,1.0,settlement,9.206488298049909
TRAIN,late_limit_97_to_99,270.0,,UP,0.5087960831675323,1.0,settlement,9.634239352128187
TRAIN,late_limit_97_to_99,270.0,,DOWN,0.5056962718409416,1.0,settlement,9.754715687730709
TRAIN,late_limit_97_to_99,270.0,,DOWN,0.5232804005183179,1.0,settlement,9.090213166965235
TRAIN,late_limit_97_to_99,270.0,,DOWN,0.5093821402999014,1.0,settlement,9.611626648928933
TRAIN,late_limit_97_to_99,270.0,,UP,0.5074620675994828,1.0,settlement,9.68590638883487
TRAIN,late_limit_97_to_99,270.0,,DOWN,0.5147271390127431,1.0,settlement,9.407769087870903
TRAIN,late_limit_97_to_99,270.0,,DOWN,0.5070794738121948,1.0,settlement,9.700774585531075
TRAIN,late_limit_97_to_99,270.0,,DOWN,0.5073684879498849,1.0,settlement,9.689540969733514
TRAIN,late_limit_97_to_99,270.0,,DOWN,0.5063889586304701,1.0,settlement,9.72766595828831
TRAIN,late_limit_97_to_99,270.0,,UP,0.5081863238494028,1.0,settlement,9.657821953672695
TRAIN,late_limit_97_to_99,270.0,,UP,0.5079684759491971,1.0,settlement,9.666261005299312
TRAIN,late_limit_97_to_99,270.0,,DOWN,0.5117544871576541,1.0,settlement,9.520620064791615
TRAIN,late_limit_97_to_99,270.0,,DOWN,0.5057642679016018,1.0,settlement,9.752057131457011
TRAIN,late_limit_97_to_99,270.0,,DOWN,0.5142248008045266,1.0,settlement,9.426747773259038
TRAIN,late_limit_97_to_99,270.0,,UP,0.5052867876793917,1.0,settlement,9.770741107493741
TRAIN,late_limit_97_to_99,270.0,,UP,0.5085659400722555,1.0,settlement,9.643133552709468
TRAIN,late_limit_97_to_99,270.0,,DOWN,0.5050317429074583,1.0,settlement,9.780735578382036
TRAIN,late_limit_97_to_99,270.0,,UP,0.5060659770294029,1.0,settlement,9.740269320415095
TRAIN,late_limit_97_to_99,270.0,,UP,0.5060024776554726,1.0,settlement,9.742749080467565
TRAIN,late_limit_97_to_99,270.0,,DOWN,0.5122494342783243,1.0,settlement,9.50173947070994
TRAIN,late_limit_97_to_99,270.0,,UP,0.5085266780641883,1.0,settlement,9.64465169156329
TRAIN,late_limit_97_to_99,270.0,,UP,0.507406701164688,1.0,settlement,9.688056628038737
TRAIN,late_limit_97_to_99,270.0,,UP,0.5057347768626809,0.0,settlement,-10.02
TRAIN,late_limit_97_to_99,270.0,,DOWN,0.50570472670611,1.0,settlement,9.754385074734518
TRAIN,late_limit_97_to_99,270.0,,UP,0.5059348913000524,1.0,settlement,9.745389128043648
TRAIN,late_limit_97_to_99,270.0,,DOWN,0.5104270113494546,1.0,settlement,9.571439672368125
TRAIN,late_limit_97_to_99,270.0,,UP,0.5053807409558563,0.0,settlement,-10.02
TRAIN,late_limit_97_to_99,270.0,,UP,0.509760377251909,1.0,settlement,9.597060184060336
TRAIN,late_limit_97_to_99,270.0,,DOWN,0.5062845781955122,1.0,settlement,9.731737324573007
TRAIN,late_limit_97_to_99,270.0,,DOWN,0.5060307911827123,1.0,settlement,9.741643311521937
TRAIN,late_limit_97_to_99,270.0,,DOWN,0.507118149627452,1.0,settlement,9.699270563174231
TRAIN,late_limit_97_to_99,270.0,,DOWN,0.5098155700237513,1.0,settlement,9.594936435805835
TRAIN,late_limit_97_to_99,270.0,,DOWN,0.5068983699636801,1.0,settlement,9.707820392708133
TRAIN,late_limit_97_to_99,270.0,,UP,0.5069564364593159,1.0,settlement,9.705560779624342
TRAIN,late_limit_97_to_99,270.0,,DOWN,0.5051704973333876,1.0,settlement,9.775296939917087
TRAIN,late_limit_97_to_99,270.0,,UP,0.5064361710084977,0.0,settlement,-10.02
TRAIN,late_limit_97_to_99,270.0,,UP,0.5076367765668255,1.0,settlement,9.679124377139363
TRAIN,late_limit_97_to_99,270.0,,DOWN,0.5084153374740145,1.0,settlement,9.648958158665128
TRAIN,late_limit_97_to_99,270.0,,UP,0.5055103153202152,1.0,settlement,9.761989994933153
TRAIN,late_limit_97_to_99,270.0,,DOWN,0.5078346341725323,1.0,settlement,9.67144939532145
TRAIN,late_limit_97_to_99,270.0,,UP,0.5056936294277147,1.0,settlement,9.754819017033771
TRAIN,late_limit_97_to_99,270.0,,DOWN,0.5057380597638291,1.0,settlement,9.753081750402227
TRAIN,late_limit_97_to_99,270.0,,DOWN,0.5087541382533671,1.0,settlement,9.63585977213192
TRAIN,late_limit_97_to_99,270.0,,UP,0.5050272815351018,1.0,settlement,9.780910496564832
TRAIN,late_limit_97_to_99,270.0,,UP,0.5055740495663873,1.0,settlement,9.759496215394442
TRAIN,late_limit_97_to_99,270.0,,DOWN,0.506004619969012,1.0,settlement,9.74266540928501
TRAIN,late_limit_97_to_99,270.0,,UP,0.5059152851545885,1.0,settlement,9.746155112202985
TRAIN,late_limit_97_to_99,270.0,,UP,0.5086795287490752,1.0,settlement,9.63874275418869
TRAIN,late_limit_97_to_99,270.0,,DOWN,0.5076067426535712,1.0,settlement,9.680289928624429
TRAIN,late_limit_97_to_99,270.0,,UP,0.5068949103561301,1.0,settlement,9.707955037019964
TRAIN,late_limit_97_to_99,270.0,,DOWN,0.5066260397520677,1.0,settlement,9.718424824933582
TRAIN,late_limit_97_to_99,270.0,,UP,0.5086555179148088,1.0,settlement,9.639670735499287
TRAIN,late_limit_97_to_99,270.0,,UP,0.5058516575023105,1.0,settlement,9.748641362916409
TRAIN,late_limit_97_to_99,270.0,,UP,0.5053008206880328,1.0,settlement,9.770191487090202
TRAIN,late_limit_97_to_99,270.0,,UP,0.505097749757608,1.0,settlement,9.778147991747957
TRAIN,late_limit_97_to_99,270.0,,UP,0.5078515022006707,1.0,settlement,9.670795353891926
TRAIN,late_limit_97_to_99,270.0,,DOWN,0.5078143866405725,1.0,settlement,9.672234531114082
TRAIN,late_limit_97_to_99,270.0,,UP,0.5056500565591109,1.0,settlement,9.756523052422505
TRAIN,late_limit_97_to_99,270.0,,UP,0.5071779063038282,1.0,settlement,9.696947200790397
TRAIN,late_limit_97_to_99,270.0,,DOWN,0.5052245083616526,0.0,settlement,-10.02
TRAIN,late_limit_97_to_99,270.0,,DOWN,0.505589539590018,1.0,settlement,9.758890220135864
TRAIN,late_limit_97_to_99,270.0,,UP,0.5052084603473087,1.0,settlement,9.773809456645754
TRAIN,late_limit_97_to_99,270.0,,UP,0.5125447171659615,1.0,settlement,9.490492772793537
TRAIN,late_limit_97_to_99,270.0,,DOWN,0.5075249455183398,1.0,settlement,9.683464998724169
TRAIN,late_limit_97_to_99,270.0,,DOWN,0.5066797150881927,1.0,settlement,9.716333826309587
TRAIN,late_limit_97_to_99,270.0,,UP,0.5064738800808737,1.0,settlement,9.724354829124064
TRAIN,late_limit_97_to_99,270.0,,DOWN,0.5058910438677127,1.0,settlement,9.747102266817233
TRAIN,late_limit_97_to_99,270.0,,DOWN,0.5056744339541798,1.0,settlement,9.755569671980137
TRAIN,late_limit_97_to_99,270.0,,UP,0.5061076901508352,1.0,settlement,9.738640689730879
TRAIN,late_limit_97_to_99,270.0,,UP,0.5061732553910958,1.0,settlement,9.736081328859385
TRAIN,late_limit_97_to_99,270.0,,UP,0.5069124402800472,1.0,settlement,9.70727280963046
TRAIN,late_limit_97_to_99,270.0,,UP,0.5057550588411512,1.0,settlement,9.752417151720127
TRAIN,late_limit_97_to_99,270.0,,DOWN,0.506505483798713,1.0,settlement,9.723122868091266
TRAIN,late_limit_97_to_99,270.0,,DOWN,0.5067588121474708,1.0,settlement,9.713253295830054
TRAIN,late_limit_97_to_99,270.0,,UP,0.5087495910658267,1.0,settlement,9.636035455576629
TRAIN,late_limit_97_to_99,270.0,,UP,0.5053817537772781,0.0,settlement,-10.02
TRAIN,late_limit_97_to_99,270.0,,DOWN,0.505419036213966,1.0,settlement,9.765562639090156
TRAIN,late_limit_97_to_99,270.0,,UP,0.5076187370121505,1.0,settlement,9.679824436860052
TRAIN,late_limit_97_to_99,270.0,,UP,0.5071384169861656,1.0,settlement,9.69848249917299
TRAIN,late_limit_97_to_99,270.0,,UP,0.5068143608863914,1.0,settlement,9.711090457875997
TRAIN,late_limit_97_to_99,270.0,,UP,0.5066025333697006,1.0,settlement,9.719340688812455
TRAIN,late_limit_97_to_99,270.0,,DOWN,0.5056774695670704,1.0,settlement,9.75545095802148
TRAIN,late_limit_97_to_99,270.0,,UP,0.5055070942800628,1.0,settlement,9.76211604377557
TRAIN,late_limit_97_to_99,270.0,,DOWN,0.5082875664523091,1.0,settlement,9.653902452103885
TRAIN,late_limit_97_to_99,270.0,,DOWN,0.5051379144749658,1.0,settlement,9.776573793899193
TRAIN,late_limit_97_to_99,270.0,,UP,0.5055995353899205,1.0,settlement,9.758499187678165
TRAIN,late_limit_97_to_99,270.0,,DOWN,0.5073684917573654,1.0,settlement,9.689540821825837
TRAIN,late_limit_97_to_99,270.0,,DOWN,0.5062481428882032,1.0,settlement,9.733158881628412
TRAIN,late_limit_97_to_99,270.0,,UP,0.5062534211487035,1.0,settlement,9.732952932761844
TRAIN,late_limit_97_to_99,270.0,,DOWN,0.5055459998475249,1.0,settlement,9.7605936611427
TRAIN,late_limit_97_to_99,270.0,,DOWN,0.5093494353573272,1.0,settlement,9.612887180849892
TRAIN,late_limit_97_to_99,270.0,,DOWN,0.5066736122943695,1.0,settlement,9.71657154695113
TRAIN,late_limit_97_to_99,270.0,,UP,0.5050891464648988,0.0,settlement,-10.02
TRAIN,late_limit_97_to_99,270.0,,DOWN,0.5057712579971282,1.0,settlement,9.751783868463281
TRAIN,late_limit_97_to_99,270.0,,DOWN,0.5059100881132489,1.0,settlement,9.746358163155431
TRAIN,late_limit_97_to_99,270.0,,DOWN,0.5052633209619147,1.0,settlement,9.771660279163171
TRAIN,late_limit_97_to_99,270.0,,DOWN,0.5066297257045079,1.0,settlement,9.718281219275525
TRAIN,late_limit_97_to_99,270.0,,UP,0.5082749252538546,1.0,settlement,9.654391757581912
TRAIN,late_limit_97_to_99,270.0,,DOWN,0.5061255479849464,1.0,settlement,9.737943537553708
TRAIN,late_limit_97_to_99,270.0,,UP,0.5057960225782103,1.0,settlement,9.75081581034718
TRAIN,late_limit_97_to_99,270.0,,UP,0.5081131832552114,1.0,settlement,9.660654487126884
TRAIN,late_limit_97_to_99,270.0,,DOWN,0.5055269936670022,1.0,settlement,9.761337347510949
TRAIN,late_limit_97_to_99,270.0,,UP,0.5052341323779135,1.0,settlement,9.772803690705587
TRAIN,late_limit_97_to_99,270.0,,UP,0.5051857053895483,0.0,settlement,-10.02
TRAIN,late_limit_97_to_99,270.0,,DOWN,0.506115509785548,1.0,settlement,9.738335412872875
TRAIN,late_limit_97_to_99,270.0,,UP,0.505256153839296,1.0,settlement,9.771941026374208
TRAIN,late_limit_97_to_99,270.0,,UP,0.5065461361276162,1.0,settlement,9.72153840447153
TRAIN,late_limit_97_to_99,270.0,,DOWN,0.5054251858931337,1.0,settlement,9.7653219014582
TRAIN,late_limit_97_to_99,270.0,,DOWN,0.5068640072969465,1.0,settlement,9.709157833338708
TRAIN,late_limit_97_to_99,270.0,,DOWN,0.5054683048916427,1.0,settlement,9.763634113604216
TRAIN,late_limit_97_to_99,270.0,,UP,0.5070276965075039,1.0,settlement,9.702788456886601
TRAIN,late_limit_97_to_99,270.0,,UP,0.5052893578491865,1.0,settlement,9.770640441282946
TRAIN,late_limit_97_to_99,270.0,,UP,0.5054374914452205,1.0,settlement,9.764840201320528
TRAIN,late_limit_97_to_99,270.0,,UP,0.5070878072057027,1.0,settlement,9.700450497725043
TRAIN,late_limit_97_to_99,270.0,,UP,0.5051104451888045,0.0,settlement,-10.02
TRAIN,late_limit_97_to_99,270.0,,UP,0.5075630128221791,1.0,settlement,9.681987235826078
TRAIN,late_limit_97_to_99,270.0,,DOWN,0.5055497216669923,1.0,settlement,9.760448037882693
TRAIN,late_limit_97_to_99,270.0,,DOWN,0.5053334752530495,1.0,settlement,9.768912648212005
TRAIN,late_limit_97_to_99,270.0,,DOWN,0.5050813094411724,1.0,settlement,9.778792418321938
TRAIN,late_limit_97_to_99,270.0,,DOWN,0.5055990024028439,0.0,settlement,-10.02
TRAIN,late_limit_97_to_99,270.0,,DOWN,0.5076684945405364,1.0,settlement,9.67789362062041
TRAIN,late_limit_97_to_99,270.0,,DOWN,0.50654768340326,1.0,settlement,9.72147810293913
TRAIN,late_limit_97_to_99,270.0,,UP,0.5070099254613901,1.0,settlement,9.70347975416809
TRAIN,late_limit_97_to_99,270.0,,UP,0.5060123479386963,1.0,settlement,9.742363588035417
TRAIN,late_limit_97_to_99,270.0,,UP,0.5058439794164539,1.0,settlement,9.748941426437632
TRAIN,late_limit_97_to_99,270.0,,DOWN,0.5069888032565074,1.0,settlement,9.704301475235088
TRAIN,late_limit_97_to_99,270.0,,DOWN,0.5059159107055305,1.0,settlement,9.746130671902353
TRAIN,late_limit_97_to_99,270.0,,DOWN,0.5052313333796169,1.0,settlement,9.772913343492643
TRAIN,late_limit_97_to_99,270.0,,DOWN,0.5056438127472301,1.0,settlement,9.756767257703935
TRAIN,late_limit_97_to_99,270.0,,DOWN,0.506443122332756,1.0,settlement,9.725553960607542
TRAIN,late_limit_97_to_99,270.0,,UP,0.5056274757730924,0.0,settlement,-10.02
TRAIN,late_limit_97_to_99,270.0,,DOWN,0.5064884107101816,1.0,settlement,9.723788383979656
TRAIN,late_limit_97_to_99,270.0,,DOWN,0.5072986352160813,1.0,settlement,9.692254884621462
TRAIN,late_limit_97_to_99,270.0,,UP,0.5063107279604322,1.0,settlement,9.730717193536325
TRAIN,late_limit_97_to_99,270.0,,DOWN,0.5082452416279964,1.0,settlement,9.65554082349751
TRAIN,late_limit_97_to_99,270.0,,UP,0.506964820037027,1.0,settlement,9.70523458189788
TRAIN,late_limit_97_to_99,270.0,,UP,0.5053318937543122,1.0,settlement,9.768974580064622
TRAIN,late_limit_97_to_99,270.0,,DOWN,0.5054895579145803,1.0,settlement,9.762802321882663
TRAIN,late_limit_97_to_99,270.0,,UP,0.5056616517294555,1.0,settlement,9.756069563112344
TRAIN,late_limit_97_to_99,270.0,,UP,0.506380970680909,1.0,settlement,9.727977469519487
TRAIN,late_limit_97_to_99,270.0,,DOWN,0.5075453177961077,1.0,settlement,9.68267412459359
TRAIN,late_limit_97_to_99,270.0,,DOWN,0.5063955744899595,1.0,settlement,9.72740796278083
TRAIN,late_limit_97_to_99,270.0,,DOWN,0.50723819867778,1.0,settlement,9.694603565084499
TRAIN,late_limit_97_to_99,270.0,,DOWN,0.5070118007435133,1.0,settlement,9.703406803027832
TRAIN,late_limit_97_to_99,270.0,,UP,0.5062762414984641,1.0,settlement,9.732062570430411
TRAIN,late_limit_97_to_99,270.0,,DOWN,0.5056737274529318,1.0,settlement,9.755597301386004
TRAIN,late_limit_97_to_99,270.0,,DOWN,0.5075013435077523,1.0,settlement,9.684381334011672
TRAIN,late_limit_97_to_99,270.0,,UP,0.5075706827275228,1.0,settlement,9.681689518912307
TRAIN,late_limit_97_to_99,270.0,,UP,0.5090116616829655,1.0,settlement,9.625915315449948
TRAIN,late_limit_97_to_99,270.0,,DOWN,0.5122422720016592,1.0,settlement,9.502012427681116
TRAIN,late_limit_97_to_99,270.0,,DOWN,0.5078091058320356,1.0,settlement,9.672439314602656
TRAIN,late_limit_97_to_99,270.0,,UP,0.5062440507407103,1.0,settlement,9.733318553311417
TRAIN,late_limit_97_to_99,270.0,,UP,0.5100095128258371,1.0,settlement,9.58747740682809
TRAIN,late_limit_97_to_99,270.0,,UP,0.5088777158425969,1.0,settlement,9.631086476526203
TRAIN,late_limit_97_to_99,270.0,,UP,0.5080881245225547,1.0,settlement,9.661625130280107
TRAIN,late_limit_97_to_99,270.0,,DOWN,0.5059098240627468,1.0,settlement,9.746368479849334
TRAIN,late_limit_97_to_99,270.0,,UP,0.50844254051552,1.0,settlement,9.647905816576248
TRAIN,late_limit_97_to_99,270.0,,UP,0.5067988066084818,1.0,settlement,9.711696029279167
TRAIN,late_limit_97_to_99,270.0,,UP,0.5065409629487218,1.0,settlement,9.721740019972131
TRAIN,late_limit_97_to_99,270.0,,UP,0.5075962029951834,1.0,settlement,9.680698982759907
TRAIN,late_limit_97_to_99,270.0,,DOWN,0.5059105053038556,1.0,settlement,9.746341863159941
TRAIN,late_limit_97_to_99,270.0,,UP,0.5118397474374414,1.0,settlement,9.517365064096023
TRAIN,late_limit_97_to_99,270.0,,UP,0.5120494336704219,1.0,settlement,9.509364437177467
TRAIN,late_limit_97_to_99,270.0,,UP,0.5086191113485148,1.0,settlement,9.64107795966759
TRAIN,late_limit_97_to_99,270.0,,DOWN,0.5120469556716823,1.0,settlement,9.509458947534231
TRAIN,late_limit_97_to_99,270.0,,UP,0.5083137956999447,1.0,settlement,9.65288726883768
TRAIN,late_limit_97_to_99,270.0,,UP,0.5064176801650979,1.0,settlement,9.726545967233779
TRAIN,late_limit_97_to_99,270.0,,DOWN,0.5083819765409293,1.0,settlement,9.650248870821073
TRAIN,late_limit_97_to_99,270.0,,DOWN,0.506019033214394,0.0,settlement,-10.02
TRAIN,late_limit_97_to_99,270.0,,UP,0.5066892198391757,1.0,settlement,9.715963601463681
TRAIN,late_limit_97_to_99,270.0,,DOWN,0.5056581897578554,1.0,settlement,9.756204959300081
TRAIN,late_limit_97_to_99,270.0,,DOWN,0.5056291482684904,1.0,settlement,9.757340832198174
TRAIN,late_limit_97_to_99,270.0,,UP,0.5066561085961468,1.0,settlement,9.71725339601294
TRAIN,late_limit_97_to_99,270.0,,DOWN,0.5091453818433704,1.0,settlement,9.620755581038193
TRAIN,late_limit_97_to_99,270.0,,UP,0.5096628325940488,1.0,settlement,9.600814704306867
TRAIN,late_limit_97_to_99,270.0,,UP,0.5057186701561925,1.0,settlement,9.753839864190645
TRAIN,late_limit_97_to_99,270.0,,DOWN,0.5075128679739911,1.0,settlement,9.683933892199317
TRAIN,late_limit_97_to_99,270.0,,UP,0.5053979881794766,1.0,settlement,9.76638663763103
TRAIN,late_limit_97_to_99,270.0,,UP,0.5051258238765146,1.0,settlement,9.77704764103418
TRAIN,late_limit_97_to_99,270.0,,UP,0.5051805226637474,0.0,settlement,-10.02
TRAIN,late_limit_97_to_99,270.0,,UP,0.5062156385507699,1.0,settlement,9.73442724098511
TRAIN,late_limit_97_to_99,270.0,,DOWN,0.5051027503803204,1.0,settlement,9.777951985948278
TRAIN,late_limit_97_to_99,270.0,,UP,0.5054383033257513,0.0,settlement,-10.02
TRAIN,late_limit_97_to_99,270.0,,DOWN,0.5056906973931417,1.0,settlement,9.754933672995076
TRAIN,late_limit_97_to_99,270.0,,UP,0.5072785012346915,1.0,settlement,9.693037267813398
TRAIN,late_limit_97_to_99,270.0,,UP,0.5087002429245088,1.0,settlement,9.637942253988665
TRAIN,late_limit_97_to_99,270.0,,UP,0.5085119345915883,1.0,settlement,9.645221836005692
TRAIN,late_limit_97_to_99,270.0,,UP,0.5070349707211154,1.0,settlement,9.702505502485948
TRAIN,late_limit_97_to_99,270.0,,DOWN,0.5051515044058038,1.0,settlement,9.776041212948048
TRAIN,late_limit_97_to_99,270.0,,UP,0.5058061815189046,1.0,settlement,9.750418720409112
TRAIN,late_limit_97_to_99,270.0,,DOWN,0.5073323811081679,1.0,settlement,9.690943697614895
TRAIN,late_limit_97_to_99,270.0,,DOWN,0.51095761954991,1.0,settlement,9.551094778484277
TRAIN,late_limit_97_to_99,270.0,,UP,0.5076702186460625,1.0,settlement,9.677826724344055
TRAIN,late_limit_97_to_99,270.0,,UP,0.5104184774199281,1.0,settlement,9.571767230975198
TRAIN,late_limit_97_to_99,270.0,,UP,0.50991003254525,1.0,settlement,9.591302703899217
TRAIN,late_limit_97_to_99,270.0,,UP,0.505135512963269,1.0,settlement,9.776667910630849
TRAIN,late_limit_97_to_99,270.0,,DOWN,0.506977172689146,1.0,settlement,9.704753970592517
TRAIN,late_limit_97_to_99,270.0,,DOWN,0.5085705078179956,1.0,settlement,9.642956947512861
TRAIN,late_limit_97_to_99,270.0,,DOWN,0.5066255294124237,1.0,settlement,9.718444708062467
TRAIN,late_limit_97_to_99,270.0,,DOWN,0.5061836500436769,1.0,settlement,9.735675631042476
TRAIN,late_limit_97_to_99,270.0,,DOWN,0.509241933708214,1.0,settlement,9.617031709430691
TRAIN,late_limit_97_to_99,270.0,,DOWN,0.5052989736500375,0.0,settlement,-10.02
TRAIN,late_limit_97_to_99,270.0,,DOWN,0.5093529838218961,1.0,settlement,9.612750406144023
TRAIN,late_limit_97_to_99,270.0,,UP,0.5051093311279443,1.0,settlement,9.777694051046936
TRAIN,late_limit_97_to_99,270.0,,DOWN,0.5082595782174383,1.0,settlement,9.65498583120042
TRAIN,late_limit_97_to_99,270.0,,DOWN,0.505674215505362,1.0,settlement,9.755578214930686
TRAIN,late_limit_97_to_99,270.0,,UP,0.5073515294871717,1.0,settlement,9.690199770380016
TRAIN,late_limit_97_to_99,270.0,,DOWN,0.5067617915147257,1.0,settlement,9.713137279568198
TRAIN,late_limit_97_to_99,270.0,,DOWN,0.5074441452963222,1.0,settlement,9.686602377214335
TRAIN,late_limit_97_to_99,270.0,,UP,0.5052664933479747,1.0,settlement,9.771536014467216
TRAIN,late_limit_97_to_99,270.0,,UP,0.5052342776958918,1.0,settlement,9.772797997801632
TRAIN,late_limit_97_to_99,270.0,,DOWN,0.5060141935964216,1.0,settlement,9.742291505948614
TRAIN,late_limit_97_to_99,270.0,,UP,0.507200273977115,1.0,settlement,9.696077677929651
TRAIN,late_limit_97_to_99,270.0,,UP,0.508152461703076,1.0,settlement,9.659133239825188
TRAIN,late_limit_97_to_99,270.0,,DOWN,0.5052460885398726,1.0,settlement,9.772335313073537
TRAIN,late_limit_97_to_99,270.0,,DOWN,0.5062668354388352,1.0,settlement,9.732429548998482
TRAIN,late_limit_97_to_99,270.0,,UP,0.5055978811237727,1.0,settlement,9.758563900966891
TRAIN,late_limit_97_to_99,270.0,,UP,0.5052461619289629,1.0,settlement,9.772332438155146
TRAIN,late_limit_97_to_99,270.0,,DOWN,0.5053055473423114,1.0,settlement,9.770006368613359
TRAIN,late_limit_97_to_99,270.0,,DOWN,0.5050803041245295,1.0,settlement,9.778831826026739
TRAIN,late_limit_97_to_99,270.0,,DOWN,0.5050919238619453,0.0,settlement,-10.02
TRAIN,late_limit_97_to_99,270.0,,DOWN,0.5083185601872007,1.0,settlement,9.652702874192233
TRAIN,late_limit_97_to_99,270.0,,DOWN,0.5053687325656996,0.0,settlement,-10.02
TRAIN,late_limit_97_to_99,270.0,,UP,0.5054511399608276,1.0,settlement,9.764305958386007
TRAIN,late_limit_97_to_99,270.0,,DOWN,0.5059429963520352,1.0,settlement,9.745072492558034
TRAIN,late_limit_97_to_99,270.0,,UP,0.5078560814918416,1.0,settlement,9.670617803817013
TRAIN,late_limit_97_to_99,270.0,,DOWN,0.5067095838969008,1.0,settlement,9.715170436473688
TRAIN,late_limit_97_to_99,270.0,,DOWN,0.5087938141548082,1.0,settlement,9.634327002012942
TRAIN,late_limit_97_to_99,270.0,,UP,0.5058110110393029,1.0,settlement,9.750229951010244
TRAIN,late_limit_97_to_99,270.0,,UP,0.5050446338159561,1.0,settlement,9.780230178555094
TRAIN,late_limit_97_to_99,270.0,,UP,0.5063392755635499,1.0,settlement,9.729603640503917
TRAIN,late_limit_97_to_99,270.0,,DOWN,0.507138420184632,1.0,settlement,9.698482374810684
TRAIN,late_limit_97_to_99,270.0,,UP,0.5078968514294722,1.0,settlement,9.66903719693294
TRAIN,late_limit_97_to_99,270.0,,DOWN,0.5075854242797647,1.0,settlement,9.681117332495194
TRAIN,late_limit_97_to_99,270.0,,UP,0.5083080688730808,1.0,settlement,9.653108912416055
TRAIN,late_limit_97_to_99,270.0,,DOWN,0.507631299861473,1.0,settlement,9.679336905996319
TRAIN,late_limit_97_to_99,270.0,,DOWN,0.5064317268298769,1.0,settlement,9.725998266335417
TRAIN,late_limit_97_to_99,270.0,,UP,0.5050398687837041,0.0,settlement,-10.02
TRAIN,late_limit_97_to_99,270.0,,DOWN,0.5057989296054687,1.0,settlement,9.750702179619402
TRAIN,late_limit_97_to_99,270.0,,DOWN,0.5062332306181277,1.0,settlement,9.733740756586968
TRAIN,late_limit_97_to_99,270.0,,UP,0.5051744195612772,0.0,settlement,-10.02
TRAIN,late_limit_97_to_99,270.0,,DOWN,0.507849673744858,1.0,settlement,9.670866248392958
TRAIN,late_limit_97_to_99,270.0,,UP,0.5068152289188635,1.0,settlement,9.711056664046904
TRAIN,late_limit_97_to_99,270.0,,DOWN,0.5062724876776435,1.0,settlement,9.732209024574239
TRAIN,late_limit_97_to_99,270.0,,UP,0.5054307126556267,1.0,settlement,9.765105553752651
TRAIN,late_limit_97_to_99,270.0,,UP,0.5057140032433999,1.0,settlement,9.75402234437832
TRAIN,late_limit_97_to_99,270.0,,DOWN,0.5051258068809187,1.0,settlement,9.777048307130858
TRAIN,late_limit_97_to_99,270.0,,DOWN,0.5066778304568191,1.0,settlement,9.716407237285342
TRAIN,late_limit_97_to_99,270.0,,UP,0.5065435019263111,1.0,settlement,9.72164106729522
TRAIN,late_limit_97_to_99,270.0,,UP,0.5082563879752533,1.0,settlement,9.655109327867208
TRAIN,late_limit_97_to_99,270.0,,UP,0.5064833185935189,1.0,settlement,9.723986885430985
TRAIN,late_limit_97_to_99,270.0,,UP,0.5067765504070179,1.0,settlement,9.712562589899818
TRAIN,late_limit_97_to_99,270.0,,DOWN,0.5068597218124046,1.0,settlement,9.709324642807445
TRAIN,late_limit_97_to_99,270.0,,DOWN,0.505901507844159,1.0,settlement,9.746693407603882
TRAIN,late_limit_97_to_99,270.0,,UP,0.5071888785822487,1.0,settlement,9.696520653909296
TRAIN,late_limit_97_to_99,270.0,,DOWN,0.506984451959766,1.0,settlement,9.704470763047372
TRAIN,late_limit_97_to_99,270.0,,DOWN,0.50571440358151,1.0,settlement,9.754006690691817
TRAIN,late_limit_97_to_99,270.0,,UP,0.5065246364156841,1.0,settlement,9.722376344737963
TRAIN,late_limit_97_to_99,270.0,,UP,0.5061362971362028,1.0,settlement,9.73752392504063
TRAIN,late_limit_97_to_99,270.0,,DOWN,0.505278710423551,1.0,settlement,9.771057477203975
TRAIN,late_limit_97_to_99,270.0,,DOWN,0.5057603824766349,1.0,settlement,9.752209027190816
TRAIN,late_limit_97_to_99,270.0,,UP,0.5060217394840475,1.0,settlement,9.741996807086295
TRAIN,late_limit_97_to_99,270.0,,UP,0.5058715337715503,0.0,settlement,-10.02
TRAIN,late_limit_97_to_99,270.0,,UP,0.5066090822429652,1.0,settlement,9.719085520784425
TRAIN,late_limit_97_to_99,270.0,,DOWN,0.5063231300003941,1.0,settlement,9.730233413180663
TRAIN,late_limit_97_to_99,270.0,,DOWN,0.5060379936522358,1.0,settlement,9.74136204285146
TRAIN,late_limit_97_to_99,270.0,,DOWN,0.5051205665738571,1.0,settlement,9.777253689011758
TRAIN,late_limit_97_to_99,270.0,,UP,0.5068488420227077,1.0,settlement,9.709748143632893
TRAIN,late_limit_97_to_99,270.0,,DOWN,0.5069425909230566,1.0,settlement,9.706099521035892
TRAIN,late_limit_97_to_99,270.0,,DOWN,0.5050411570982908,0.0,settlement,-10.02
TRAIN,late_limit_97_to_99,270.0,,DOWN,0.5070312501606479,1.0,settlement,9.702650224875878
TRAIN,late_limit_97_to_99,270.0,,DOWN,0.5051260468940894,1.0,settlement,9.77703890046422
TRAIN,late_limit_97_to_99,270.0,,DOWN,0.5050672737154173,1.0,settlement,9.779342623086983
TRAIN,late_limit_97_to_99,270.0,,DOWN,0.5054839303514461,0.0,settlement,-10.02
TRAIN,late_limit_97_to_99,270.0,,UP,0.5052983275985582,1.0,settlement,9.770289129839846
TRAIN,late_limit_97_to_99,270.0,,UP,0.5073152858525161,1.0,settlement,9.691607907093786
TRAIN,late_limit_97_to_99,270.0,,DOWN,0.5086933791452765,1.0,settlement,9.638207497810043
TRAIN,late_limit_97_to_99,270.0,,DOWN,0.5061489871176382,0.0,settlement,-10.02
TRAIN,late_limit_97_to_99,270.0,,DOWN,0.5062235608215374,1.0,settlement,9.734118089192162
TRAIN,late_limit_97_to_99,270.0,,UP,0.5085272022192296,1.0,settlement,9.644631422585984
TRAIN,late_limit_97_to_99,270.0,,DOWN,0.5092904957586061,1.0,settlement,9.615159272125528
TRAIN,late_limit_97_to_99,270.0,,DOWN,0.5052787770670413,0.0,settlement,-10.02
TRAIN,late_limit_97_to_99,270.0,,UP,0.5074019422541565,1.0,settlement,9.688241469424693
TRAIN,late_limit_97_to_99,270.0,,DOWN,0.5053120929129226,1.0,settlement,9.769750018357943
TRAIN,late_limit_97_to_99,270.0,,DOWN,0.5075071708323534,1.0,settlement,9.684155083364004
TRAIN,late_limit_97_to_99,270.0,,DOWN,0.5059246529909501,1.0,settlement,9.745789116781541
TRAIN,late_limit_97_to_99,270.0,,UP,0.5069101590603585,1.0,settlement,9.70736158718272
TRAIN,late_limit_97_to_99,270.0,,DOWN,0.5064316954417275,1.0,settlement,9.725999490173397
TRAIN,late_limit_97_to_99,270.0,,UP,0.5053526215964323,1.0,settlement,9.768162903775064
TRAIN,late_limit_97_to_99,270.0,,DOWN,0.5056170099312086,0.0,settlement,-10.02
TRAIN,late_limit_97_to_99,270.0,,DOWN,0.5068746814229917,1.0,settlement,9.708742362759494
TRAIN,late_limit_97_to_99,270.0,,UP,0.5062112870069057,1.0,settlement,9.734597055959327
TRAIN,late_limit_97_to_99,270.0,,UP,0.5069535514887121,1.0,settlement,9.705673033819668
TRAIN,late_limit_97_to_99,270.0,,UP,0.506205627503202,0.0,settlement,-10.02
TRAIN,late_limit_97_to_99,270.0,,DOWN,0.5147438937694037,1.0,settlement,9.407136719915762
TRAIN,late_limit_97_to_99,270.0,,UP,0.5070591015233769,1.0,settlement,9.70156691390929
TRAIN,late_limit_97_to_99,270.0,,UP,0.5064526241356765,0.0,settlement,-10.02
TRAIN,late_limit_97_to_99,270.0,,DOWN,0.5055026218629799,1.0,settlement,9.762291065367751
TRAIN,late_limit_97_to_99,270.0,,UP,0.5067314490710566,1.0,settlement,9.714318875080806
TRAIN,late_limit_97_to_99,270.0,,DOWN,0.5081883277381252,1.0,settlement,9.657744360065479
TRAIN,late_limit_97_to_99,270.0,,DOWN,0.5070406622412448,1.0,settlement,9.70228411780139
TRAIN,late_limit_97_to_99,270.0,,UP,0.5068464314200146,1.0,settlement,9.709841979913591
TRAIN,late_limit_97_to_99,270.0,,UP,0.5098902016670763,1.0,settlement,9.592065435470598
TRAIN,late_limit_97_to_99,270.0,,DOWN,0.5062041599578636,1.0,settlement,9.734875188762572
TRAIN,late_limit_97_to_99,270.0,,DOWN,0.5112356192693303,1.0,settlement,9.54045240801537
TRAIN,late_limit_97_to_99,270.0,,UP,0.506296716292614,1.0,settlement,9.731263790975298
TRAIN,late_limit_97_to_99,270.0,,DOWN,0.5107995615225503,1.0,settlement,9.557150712880023
TRAIN,late_limit_97_to_99,270.0,,UP,0.5061783868047891,1.0,settlement,9.735881050402423
TRAIN,late_limit_97_to_99,270.0,,UP,0.5051239038462071,1.0,settlement,9.777122891742334
TRAIN,late_limit_97_to_99,270.0,,UP,0.5081564967673459,1.0,settlement,9.658976975824036
TRAIN,late_limit_97_to_99,270.0,,UP,0.5060628301074381,1.0,settlement,9.740392198488436
TRAIN,late_limit_97_to_99,270.0,,DOWN,0.5059195063170666,1.0,settlement,9.745990192386188
TRAIN,late_limit_97_to_99,270.0,,UP,0.5074533618195548,1.0,settlement,9.686244459871954
TRAIN,late_limit_97_to_99,270.0,,UP,0.5060714821631279,1.0,settlement,9.740054364763797
TRAIN,late_limit_97_to_99,270.0,,DOWN,0.5051697255070448,0.0,settlement,-10.02
TRAIN,late_limit_97_to_99,270.0,,UP,0.506251365412171,1.0,settlement,9.733033143640753
TRAIN,late_limit_97_to_99,270.0,,DOWN,0.5074208927982587,1.0,settlement,9.68750542976916
TRAIN,late_limit_97_to_99,270.0,,UP,0.5069513560246072,1.0,settlement,9.705758460175822
TRAIN,late_limit_97_to_99,270.0,,DOWN,0.5063727418986471,1.0,settlement,9.728298382936156
TRAIN,late_limit_97_to_99,270.0,,UP,0.5069486020275548,1.0,settlement,9.70586562031087
TRAIN,late_limit_97_to_99,270.0,,DOWN,0.5061527118026926,1.0,settlement,9.736883183307292
TRAIN,late_limit_97_to_99,270.0,,DOWN,0.505262070898025,1.0,settlement,9.771709245514018
TRAIN,late_limit_97_to_99,270.0,,DOWN,0.5050003158022264,1.0,settlement,9.781967814840549
TRAIN,late_limit_97_to_99,270.0,,UP,0.5071125546046171,1.0,settlement,9.699488127831401
TRAIN,late_limit_97_to_99,270.0,,DOWN,0.5052064111816988,1.0,settlement,9.773889742233443
TRAIN,late_limit_97_to_99,270.0,,UP,0.5063091797377368,1.0,settlement,9.730777588468577
TRAIN,late_limit_97_to_99,270.0,,DOWN,0.5060243139469756,1.0,settlement,9.741896265419104
TRAIN,late_limit_97_to_99,270.0,,DOWN,0.5068653296078102,1.0,settlement,9.709106363888719
TRAIN,late_limit_97_to_99,270.0,,DOWN,0.5059245653241086,1.0,settlement,9.74579254180658
TRAIN,late_limit_97_to_99,270.0,,UP,0.5082230222971353,1.0,settlement,9.656401031186356
TRAIN,late_limit_97_to_99,270.0,,DOWN,0.5055442272044168,0.0,settlement,-10.02
TRAIN,late_limit_97_to_99,270.0,,UP,0.5058828816005294,1.0,settlement,9.747421203029564
TRAIN,late_limit_97_to_99,270.0,,UP,0.5073625081990251,1.0,settlement,9.68977326546419
TRAIN,late_limit_97_to_99,270.0,,DOWN,0.5063306873648367,1.0,settlement,9.729938626166064
TRAIN,late_limit_97_to_99,270.0,,UP,0.5050691176470469,0.0,settlement,-10.02
TRAIN,late_limit_97_to_99,270.0,,UP,0.5063942737993735,1.0,settlement,9.727458684656973
TRAIN,late_limit_97_to_99,270.0,,UP,0.5056510654365246,1.0,settlement,9.756483594209534
TRAIN,late_limit_97_to_99,270.0,,DOWN,0.5063278229047331,1.0,settlement,9.730050357950656
TRAIN,late_limit_97_to_99,270.0,,DOWN,0.5063941128413542,1.0,settlement,9.727464961412089
TRAIN,late_limit_97_to_99,270.0,,DOWN,0.5058911675690182,1.0,settlement,9.747097433334236
TRAIN,late_limit_97_to_99,270.0,,UP,0.5082068364213523,1.0,settlement,9.657027704737601
TRAIN,late_limit_97_to_99,270.0,,UP,0.5093544853522716,1.0,settlement,9.612692530593819
TRAIN,late_limit_97_to_99,270.0,,UP,0.5050608187466878,0.0,settlement,-10.02
TRAIN,late_limit_97_to_99,270.0,,UP,0.5059987662012654,1.0,settlement,9.742894038406437
TRAIN,late_limit_97_to_99,270.0,,DOWN,0.5071320964975969,1.0,settlement,9.698728254557214
TRAIN,late_limit_97_to_99,270.0,,DOWN,0.5095627161225261,1.0,settlement,9.604669709146197
TRAIN,late_limit_97_to_99,270.0,,UP,0.5063354050229221,1.0,settlement,9.729754610873588
TRAIN,late_limit_97_to_99,270.0,,UP,0.505642362512477,0.0,settlement,-10.02
TRAIN,late_limit_97_to_99,270.0,,UP,0.5052994024055013,1.0,settlement,9.770247034519603
TRAIN,late_limit_97_to_99,270.0,,UP,0.5062020144204784,1.0,settlement,9.7349589198068
TRAIN,late_limit_97_to_99,270.0,,DOWN,0.5051813752326143,1.0,settlement,9.774870694501416
TRAIN,late_limit_97_to_99,270.0,,UP,0.5057512440923166,0.0,settlement,-10.02
TRAIN,late_limit_97_to_99,270.0,,DOWN,0.5054295076158214,1.0,settlement,9.76515272519671
TRAIN,late_limit_97_to_99,270.0,,UP,0.5052158517191837,1.0,settlement,9.77351987070735
TRAIN,late_limit_97_to_99,270.0,,UP,0.5075563289204867,1.0,settlement,9.682246687119115
TRAIN,late_limit_97_to_99,270.0,,UP,0.5065955753457171,1.0,settlement,9.719611806075644
TRAIN,late_limit_97_to_99,270.0,,DOWN,0.5051209796226054,0.0,settlement,-10.02
TRAIN,late_limit_97_to_99,270.0,,UP,0.5055173690874002,0.0,settlement,-10.02
TRAIN,late_limit_97_to_99,270.0,,UP,0.5066852480862205,1.0,settlement,9.716118305734337
TRAIN,late_limit_97_to_99,270.0,,UP,0.505831476249051,1.0,settlement,9.749430076107807
TRAIN,late_limit_97_to_99,270.0,,UP,0.5073763372378279,1.0,settlement,9.689236056297581
TRAIN,late_limit_97_to_99,270.0,,DOWN,0.5074015338888275,1.0,settlement,9.688257330950474
TRAIN,late_limit_97_to_99,270.0,,UP,0.5052010680553778,1.0,settlement,9.77409908710614
TRAIN,late_limit_97_to_99,270.0,,UP,0.5052509966170604,0.0,settlement,-10.02
TRAIN,late_limit_97_to_99,270.0,,UP,0.5078333336553232,1.0,settlement,9.671499823418845
TRAIN,late_limit_97_to_99,270.0,,UP,0.5094884809499988,1.0,settlement,9.607529127555292
TRAIN,late_limit_97_to_99,270.0,,UP,0.5051965522375818,1.0,settlement,9.774276021300402
TRAIN,late_limit_97_to_99,270.0,,DOWN,0.5054699001598638,1.0,settlement,9.763571676250798
TRAIN,late_limit_97_to_99,270.0,,DOWN,0.505758102271992,1.0,settlement,9.752298169969986
TRAIN,late_limit_97_to_99,270.0,,UP,0.5071471160544588,1.0,settlement,9.698144269060919
TRAIN,late_limit_97_to_99,270.0,,DOWN,0.5059567855873688,1.0,settlement,9.744533819604634
TRAIN,late_limit_97_to_99,270.0,,UP,0.5065434077696792,1.0,settlement,9.721644736884844
TRAIN,late_limit_97_to_99,270.0,,UP,0.5081588703279162,1.0,settlement,9.658885057240024
TRAIN,late_limit_97_to_99,270.0,,DOWN,0.5072376364001255,1.0,settlement,9.694625418906565
TRAIN,late_limit_97_to_99,270.0,,DOWN,0.5053196272902577,1.0,settlement,9.769454950769127
TRAIN,late_limit_97_to_99,270.0,,UP,0.5056799419782376,1.0,settlement,9.755354270291303
TRAIN,late_limit_97_to_99,270.0,,DOWN,0.5083272189242052,1.0,settlement,9.65236777358378
TRAIN,late_limit_97_to_99,270.0,,UP,0.506858890951318,1.0,settlement,9.709356983816754
TRAIN,late_limit_97_to_99,270.0,,DOWN,0.5078199337092444,1.0,settlement,9.672019426960041
TRAIN,late_limit_97_to_99,270.0,,DOWN,0.5071850591705094,1.0,settlement,9.696669131292612
TRAIN,late_limit_97_to_99,270.0,,UP,0.506771562592725,1.0,settlement,9.712756804344718
TRAIN,late_limit_97_to_99,270.0,,DOWN,0.506026615084136,1.0,settlement,9.74180639893283
TRAIN,late_limit_97_to_99,270.0,,UP,0.5057951220028354,1.0,settlement,9.750851012564613
TRAIN,late_limit_97_to_99,270.0,,UP,0.5052998339304979,0.0,settlement,-10.02
TRAIN,late_limit_97_to_99,270.0,,DOWN,0.5058021222089074,1.0,settlement,9.750577387711672
TRAIN,late_limit_97_to_99,270.0,,UP,0.5052659413512435,1.0,settlement,9.771557636473155
TRAIN,late_limit_97_to_99,270.0,,UP,0.5051213321317285,0.0,settlement,-10.02
TRAIN,late_limit_97_to_99,270.0,,DOWN,0.5084162827817165,1.0,settlement,9.648921587811149
TRAIN,late_limit_97_to_99,270.0,,UP,0.5060517435069044,1.0,settlement,9.740825109900175
TRAIN,late_limit_97_to_99,270.0,,UP,0.5061053362932556,1.0,settlement,9.73873258567193
TRAIN,late_limit_97_to_99,270.0,,UP,0.5060547303150607,1.0,settlement,9.74070847865443
TRAIN,late_limit_97_to_99,270.0,,UP,0.5073281509542085,1.0,settlement,9.691108049477432
TRAIN,late_limit_97_to_99,270.0,,DOWN,0.5059591640900797,1.0,settlement,9.744440906973324
TRAIN,late_limit_97_to_99,270.0,,DOWN,0.5056902168467649,1.0,settlement,9.754952464682972
TRAIN,late_limit_97_to_99,270.0,,UP,0.5058892267462127,1.0,settlement,9.747173268974667
TRAIN,late_limit_97_to_99,270.0,,DOWN,0.5071880318073331,1.0,settlement,9.696553571592808
TRAIN,late_limit_97_to_99,270.0,,UP,0.5052055602061327,1.0,settlement,9.77392308334814
TRAIN,late_limit_97_to_99,270.0,,UP,0.506496452486059,1.0,settlement,9.723474906717623
TRAIN,late_limit_97_to_99,270.0,,UP,0.505435716884068,1.0,settlement,9.76490966496874
TRAIN,late_limit_97_to_99,270.0,,DOWN,0.5067386820176182,1.0,settlement,9.71403719681365
TRAIN,late_limit_97_to_99,270.0,,UP,0.5050264428378142,0.0,settlement,-10.02
TRAIN,late_limit_97_to_99,270.0,,DOWN,0.5057446110233189,1.0,settlement,9.752825616008234
TRAIN,late_limit_97_to_99,270.0,,DOWN,0.5050809789871366,0.0,settlement,-10.02
TRAIN,late_limit_97_to_99,270.0,,UP,0.5064335397391895,1.0,settlement,9.725927580448062
TRAIN,late_limit_97_to_99,270.0,,UP,0.5069857403052973,1.0,settlement,9.70442063948029
TRAIN,late_limit_97_to_99,270.0,,DOWN,0.5050629109696146,0.0,settlement,-10.02
TRAIN,late_limit_97_to_99,270.0,,UP,0.5052530866747483,1.0,settlement,9.772061174358349
TRAIN,late_limit_97_to_99,270.0,,UP,0.5052323073619925,1.0,settlement,9.77287518688928
TRAIN,late_limit_97_to_99,270.0,,DOWN,0.506503690518087,1.0,settlement,9.723192768785768
TRAIN,late_limit_97_to_99,270.0,,DOWN,0.5050198174550588,0.0,settlement,-10.02
TRAIN,late_limit_97_to_99,270.0,,UP,0.5052195213099573,1.0,settlement,9.773376103266006
TRAIN,late_limit_97_to_99,270.0,,UP,0.5059135228451713,1.0,settlement,9.74622396602824
TRAIN,late_limit_97_to_99,270.0,,UP,0.5063698655884629,1.0,settlement,9.728410558315499
TRAIN,late_limit_97_to_99,270.0,,UP,0.5054302932441191,1.0,settlement,9.76512197164659
TRAIN,late_limit_97_to_99,270.0,,UP,0.5059833752943548,1.0,settlement,9.743495182391161
TRAIN,late_limit_97_to_99,270.0,,UP,0.5052014742469741,1.0,settlement,9.774083172273905
TRAIN,late_limit_97_to_99,270.0,,UP,0.5054320811013949,0.0,settlement,-10.02
TRAIN,late_limit_97_to_99,270.0,,UP,0.5068324723084872,1.0,settlement,9.710385376557777
TRAIN,late_limit_97_to_99,270.0,,DOWN,0.5052441416099394,0.0,settlement,-10.02
TRAIN,late_limit_97_to_99,270.0,,DOWN,0.505107929599351,1.0,settlement,9.777748983928937
TRAIN,late_limit_97_to_99,270.0,,UP,0.5053394594372822,1.0,settlement,9.768678309695904
TRAIN,late_limit_97_to_99,270.0,,DOWN,0.5063007196824704,1.0,settlement,9.731107614999168
TRAIN,late_limit_97_to_99,270.0,,DOWN,0.5056028671486894,1.0,settlement,9.758368853788891
TRAIN,late_limit_97_to_99,270.0,,DOWN,0.506005266858622,1.0,settlement,9.742640144206252
TRAIN,late_limit_97_to_99,270.0,,UP,0.5091334546349534,1.0,settlement,9.621215694949687
TRAIN,late_limit_97_to_99,270.0,,DOWN,0.511428649607185,1.0,settlement,9.533069636753314
TRAIN,late_limit_97_to_99,270.0,,DOWN,0.508507718412845,1.0,settlement,9.64538488582241
TRAIN,late_limit_97_to_99,270.0,,UP,0.5057401195181098,1.0,settlement,9.753001219536262
TRAIN,late_limit_97_to_99,270.0,,DOWN,0.507926664442064,1.0,settlement,9.667881538931564
TRAIN,late_limit_97_to_99,270.0,,UP,0.5058651201965367,1.0,settlement,9.74811525592996
TRAIN,late_limit_97_to_99,270.0,,DOWN,0.5055662584917354,1.0,settlement,9.759801029113717
TRAIN,late_limit_97_to_99,270.0,,DOWN,0.5070445980260143,1.0,settlement,9.7021310293635
TRAIN,late_limit_97_to_99,270.0,,UP,0.5050795233541233,0.0,settlement,-10.02
TRAIN,late_limit_97_to_99,270.0,,UP,0.5062847802019516,1.0,settlement,9.731729443676162
TRAIN,late_limit_97_to_99,270.0,,UP,0.5051630378987623,0.0,settlement,-10.02
TRAIN,late_limit_97_to_99,270.0,,UP,0.5061000823454658,1.0,settlement,9.738937705870523
TRAIN,late_limit_97_to_99,270.0,,DOWN,0.506243952814159,1.0,settlement,9.733322374343455
TRAIN,late_limit_97_to_99,270.0,,DOWN,0.507889990905774,1.0,settlement,9.669303154342423
TRAIN,late_limit_97_to_99,270.0,,DOWN,0.5053689454434706,1.0,settlement,9.767523729272316
TRAIN,late_limit_97_to_99,270.0,,DOWN,0.5054460768368955,1.0,settlement,9.764504140541469
TRAIN,late_limit_97_to_99,270.0,,DOWN,0.5077445240433074,1.0,settlement,9.674944064324489
TRAIN,late_limit_97_to_99,270.0,,UP,0.5101898937528024,1.0,settlement,9.580545056749415
TRAIN,late_limit_97_to_99,270.0,,DOWN,0.5053390037967811,1.0,settlement,9.768696152219903
TRAIN,late_limit_97_to_99,270.0,,UP,0.5075535293928478,1.0,settlement,9.682355359369343
TRAIN,late_limit_97_to_99,270.0,,UP,0.5066976490626094,1.0,settlement,9.715635281710895
TRAIN,late_limit_97_to_99,270.0,,DOWN,0.5052684031719998,0.0,settlement,-10.02
TRAIN,late_limit_97_to_99,270.0,,DOWN,0.506857991145007,0.0,settlement,-10.02
TRAIN,late_limit_97_to_99,270.0,,UP,0.5060324877545362,1.0,settlement,9.74157705678919
TRAIN,late_limit_97_to_99,270.0,,UP,0.5085901937680001,1.0,settlement,9.642195855395567
TRAIN,late_limit_97_to_99,270.0,,DOWN,0.5060516282162992,1.0,settlement,9.740829611886454
TRAIN,late_limit_97_to_99,270.0,,DOWN,0.5055572302768395,1.0,settlement,9.760154255778463
TRAIN,late_limit_97_to_99,270.0,,DOWN,0.5068670488129466,1.0,settlement,9.709039446181052
TRAIN,late_limit_97_to_99,270.0,,UP,0.5071127238985279,1.0,settlement,9.699481544700852
TRAIN,late_limit_97_to_99,270.0,,UP,0.5076973878953436,1.0,settlement,9.67677260199218
TRAIN,late_limit_97_to_99,270.0,,UP,0.505000314009101,0.0,settlement,-10.02
TRAIN,late_limit_97_to_99,270.0,,UP,0.5061165108516296,1.0,settlement,9.738296332149392
TRAIN,late_limit_97_to_99,270.0,,UP,0.5051372356241948,1.0,settlement,9.776600398390876
TRAIN,late_limit_97_to_99,270.0,,DOWN,0.5057212212178527,1.0,settlement,9.753740116972939
TRAIN,late_limit_97_to_99,270.0,,DOWN,0.5070729780390725,1.0,settlement,9.701027215197911
TRAIN,late_limit_97_to_99,270.0,,UP,0.5050031427608939,1.0,settlement,9.781856965343177
TRAIN,late_limit_97_to_99,270.0,,DOWN,0.505150172430792,0.0,settlement,-10.02
TRAIN,late_limit_97_to_99,270.0,,UP,0.5065320940683027,0.0,settlement,-10.02
TRAIN,late_limit_97_to_99,270.0,,DOWN,0.5054739441724068,0.0,settlement,-10.02
TRAIN,late_limit_97_to_99,270.0,,DOWN,0.5071713917349193,1.0,settlement,9.69720046312598
TRAIN,late_limit_97_to_99,270.0,,DOWN,0.505732241220329,1.0,settlement,9.753309243385505
TRAIN,late_limit_97_to_99,270.0,,UP,0.5053887990979515,1.0,settlement,9.766746397721128
TRAIN,late_limit_97_to_99,270.0,,UP,0.5060375801765623,0.0,settlement,-10.02
TRAIN,late_limit_97_to_99,270.0,,UP,0.5065156719593588,1.0,settlement,9.722725750847783
TRAIN,late_limit_97_to_99,270.0,,UP,0.505471085081148,1.0,settlement,9.763525299759937
TRAIN,late_limit_97_to_99,270.0,,UP,0.5064901093777449,1.0,settlement,9.723722167221851
TRAIN,late_limit_97_to_99,270.0,,UP,0.5050021998078444,1.0,settlement,9.781893939877975
TRAIN,late_limit_97_to_99,270.0,,UP,0.5058186984668597,1.0,settlement,9.749929483251758
TRAIN,late_limit_97_to_99,270.0,,UP,0.5060579290961442,1.0,settlement,9.740583571649037
TRAIN,late_limit_97_to_99,270.0,,DOWN,0.5061910998452169,0.0,settlement,-10.02
TRAIN,late_limit_97_to_99,270.0,,DOWN,0.5064563518393795,1.0,settlement,9.725038172946949
TRAIN,late_limit_97_to_99,270.0,,DOWN,0.5053018198271564,0.0,settlement,-10.02
TRAIN,late_limit_97_to_99,270.0,,UP,0.5072199418250817,1.0,settlement,9.695313171674488
TRAIN,late_limit_97_to_99,270.0,,UP,0.505266290552,1.0,settlement,9.771543958088056
TRAIN,late_limit_97_to_99,270.0,,DOWN,0.5061214395499781,1.0,settlement,9.738103922433279
TRAIN,late_limit_97_to_99,270.0,,DOWN,0.5064256392602501,1.0,settlement,9.72623562623582
TRAIN,late_limit_97_to_99,270.0,,UP,0.5060473413600426,1.0,settlement,9.740997010920367
TRAIN,late_limit_97_to_99,270.0,,DOWN,0.5070455423639236,1.0,settlement,9.702094298233007
TRAIN,late_limit_97_to_99,270.0,,DOWN,0.5100687614520086,1.0,settlement,9.585199839200268
TRAIN,late_limit_97_to_99,270.0,,UP,0.5077175153503729,1.0,settlement,9.675991762464722
TRAIN,late_limit_97_to_99,270.0,,DOWN,0.5052071673714836,1.0,settlement,9.77386011490788
TRAIN,late_limit_97_to_99,270.0,,UP,0.506372768635424,1.0,settlement,9.728297340214507
TRAIN,late_limit_97_to_99,270.0,,DOWN,0.5056099621457354,0.0,settlement,-10.02
TRAIN,late_limit_97_to_99,270.0,,DOWN,0.5054303734726097,0.0,settlement,-10.02
TRAIN,late_limit_97_to_99,270.0,,DOWN,0.5067288068723095,1.0,settlement,9.714421774288233
TRAIN,late_limit_97_to_99,270.0,,UP,0.505676686985178,1.0,settlement,9.755481562378439
TRAIN,late_limit_97_to_99,270.0,,UP,0.5052723449527056,1.0,settlement,9.771306806898405
TRAIN,late_limit_97_to_99,270.0,,DOWN,0.50519908984578,1.0,settlement,9.774176594919556
TRAIN,late_limit_97_to_99,270.0,,DOWN,0.506340571540488,1.0,settlement,9.729553091461842
TRAIN,late_limit_97_to_99,270.0,,UP,0.505814009974123,1.0,settlement,9.750112734741357
TRAIN,late_limit_97_to_99,270.0,,UP,0.5078054556184871,1.0,settlement,9.672580868042058
TRAIN,late_limit_97_to_99,270.0,,DOWN,0.5055471573247435,0.0,settlement,-10.02
TRAIN,late_limit_97_to_99,270.0,,DOWN,0.5064490804921372,1.0,settlement,9.725321662510655
TRAIN,late_limit_97_to_99,270.0,,UP,0.505429706632794,1.0,settlement,9.765144934635241
TRAIN,late_limit_97_to_99,270.0,,DOWN,0.5052646799092608,1.0,settlement,9.771607048004768
TRAIN,late_limit_97_to_99,270.0,,DOWN,0.505198436677664,1.0,settlement,9.774202186695177
TRAIN,late_limit_97_to_99,270.0,,DOWN,0.5059106579231515,1.0,settlement,9.746335900199622
TRAIN,late_limit_97_to_99,270.0,,DOWN,0.505144094767013,1.0,settlement,9.776331588538685
TRAIN,late_limit_97_to_99,270.0,,UP,0.5051337374576168,0.0,settlement,-10.02
TRAIN,late_limit_97_to_99,270.0,,DOWN,0.5053783098246128,1.0,settlement,9.76715707737915
TRAIN,late_limit_97_to_99,270.0,,DOWN,0.5052792403715551,1.0,settlement,9.771036719906679
TRAIN,late_limit_97_to_99,270.0,,UP,0.5053739677619747,0.0,settlement,-10.02
TRAIN,late_limit_97_to_99,270.0,,UP,0.5059109684365306,1.0,settlement,9.74632376819985
TRAIN,late_limit_97_to_99,270.0,,DOWN,0.5052430490386727,1.0,settlement,9.772454382157314
TRAIN,late_limit_97_to_99,270.0,,DOWN,0.5050711461579652,0.0,settlement,-10.02
TRAIN,late_limit_97_to_99,270.0,,DOWN,0.5050236091128427,0.0,settlement,-10.02
TRAIN,late_limit_97_to_99,270.0,,DOWN,0.5052376121220591,0.0,settlement,-10.02
TRAIN,late_limit_97_to_99,270.0,,UP,0.5062347303062262,1.0,settlement,9.733682237389964
TRAIN,late_limit_97_to_99,270.0,,UP,0.5062613555010749,1.0,settlement,9.732643355727689
TRAIN,late_limit_97_to_99,270.0,,DOWN,0.505378767879783,1.0,settlement,9.767139143088716
TRAIN,late_limit_97_to_99,270.0,,DOWN,0.5053093765652298,0.0,settlement,-10.02
TRAIN,late_limit_97_to_99,270.0,,DOWN,0.5054275710192221,1.0,settlement,9.765228534000347
TRAIN,late_limit_97_to_99,270.0,,DOWN,0.5052899174911234,0.0,settlement,-10.02
TRAIN,late_limit_97_to_99,270.0,,DOWN,0.5051449140785127,0.0,settlement,-10.02
TRAIN,late_limit_97_to_99,270.0,,DOWN,0.5056223892063738,1.0,settlement,9.757605211857857
TRAIN,late_limit_97_to_99,270.0,,DOWN,0.5054627167999043,1.0,settlement,9.763852829562232
TRAIN,late_limit_97_to_99,270.0,,UP,0.5050003143968373,1.0,settlement,9.781967869948375
TRAIN,late_limit_97_to_99,270.0,,DOWN,0.505016347810534,1.0,settlement,9.781339191007103
TRAIN,late_limit_97_to_99,270.0,,UP,0.5050201235745979,1.0,settlement,9.781191147035297
TRAIN,late_limit_97_to_99,270.0,,UP,0.5056049644708331,0.0,settlement,-10.02
TRAIN,late_limit_97_to_99,270.0,,UP,0.5053482852787698,1.0,settlement,9.768332703026012
TRAIN,late_limit_97_to_99,270.0,,DOWN,0.5059206375915472,1.0,settlement,9.745945994228165
TRAIN,late_limit_97_to_99,270.0,,DOWN,0.5055671677878888,1.0,settlement,9.759765453826919
TRAIN,late_limit_97_to_99,270.0,,UP,0.505527851551247,1.0,settlement,9.761303778445267
TRAIN,late_limit_97_to_99,270.0,,UP,0.5053268049741594,1.0,settlement,9.769173860490866
TRAIN,late_limit_97_to_99,270.0,,UP,0.5074888288251777,1.0,settlement,9.684867244368153
TRAIN,late_limit_97_to_99,270.0,,UP,0.5051756562654709,0.0,settlement,-10.02
TRAIN,late_limit_97_to_99,270.0,,UP,0.505289494228367,1.0,settlement,9.770635099728537
TRAIN,late_limit_97_to_99,270.0,,UP,0.5050864319247705,0.0,settlement,-10.02
TRAIN,late_limit_97_to_99,270.0,,UP,0.5052304044300789,1.0,settlement,9.77294973603265
TRAIN,late_limit_97_to_99,270.0,,UP,0.5055452052443088,0.0,settlement,-10.02
TRAIN,late_limit_97_to_99,270.0,,UP,0.5064010609669832,1.0,settlement,9.727194014374287
TRAIN,late_limit_97_to_99,270.0,,DOWN,0.5051790460533877,1.0,settlement,9.77496196076033
TRAIN,late_limit_97_to_99,270.0,,DOWN,0.5054030349190525,1.0,settlement,9.766189059196375
TRAIN,late_limit_97_to_99,270.0,,UP,0.5056991924845411,1.0,settlement,9.754601479723924
TRAIN,late_limit_97_to_99,270.0,,DOWN,0.5068624656483662,1.0,settlement,9.709217840599504
TRAIN,late_limit_97_to_99,270.0,,DOWN,0.5070067603735235,1.0,settlement,9.70360288180925
TRAIN,late_limit_97_to_99,270.0,,UP,0.5056607162989304,1.0,settlement,9.756106147206264
TRAIN,late_limit_97_to_99,270.0,,UP,0.5054203479293311,1.0,settlement,9.765511289700232
TRAIN,late_limit_97_to_99,270.0,,DOWN,0.5053768693353374,1.0,settlement,9.767213477244855
TRAIN,late_limit_97_to_99,270.0,,DOWN,0.5052788450388207,0.0,settlement,-10.02
TRAIN,late_limit_97_to_99,270.0,,UP,0.5051278783599953,1.0,settlement,9.776967121409175
TRAIN,late_limit_97_to_99,270.0,,UP,0.5051718637912747,1.0,settlement,9.775243394892968
TRAIN,late_limit_97_to_99,270.0,,UP,0.5055355642800486,1.0,settlement,9.761001983987732
TRAIN,late_limit_97_to_99,270.0,,DOWN,0.5067835561596102,1.0,settlement,9.712289807861335
TRAIN,late_limit_97_to_99,270.0,,UP,0.5055104947960452,1.0,settlement,9.761982971559537
TRAIN,late_limit_97_to_99,270.0,,DOWN,0.5050047148168163,1.0,settlement,9.781795323093895
TRAIN,late_limit_97_to_99,270.0,,UP,0.5053347500537984,1.0,settlement,9.768862727005004
TRAIN,late_limit_97_to_99,270.0,,DOWN,0.5055070447070459,1.0,settlement,9.762117983727116
TRAIN,late_limit_97_to_99,270.0,,DOWN,0.5057251006856349,1.0,settlement,9.7535884306366
TRAIN,late_limit_97_to_99,270.0,,DOWN,0.5051745157599192,0.0,settlement,-10.02
TRAIN,late_limit_97_to_99,270.0,,DOWN,0.5056080583903947,1.0,settlement,9.758165782869522
TRAIN,late_limit_97_to_99,270.0,,DOWN,0.5057323388964406,1.0,settlement,9.753305424408921
TRAIN,late_limit_97_to_99,270.0,,UP,0.5059671702949373,0.0,settlement,-10.02
TRAIN,late_limit_97_to_99,270.0,,UP,0.5051283229416724,1.0,settlement,9.776949697383547
TRAIN,late_limit_97_to_99,270.0,,UP,0.5053619495654982,1.0,settlement,9.76779765393464
TRAIN,late_limit_97_to_99,270.0,,UP,0.5066102462002918,1.0,settlement,9.719040169445037
TRAIN,late_limit_97_to_99,270.0,,UP,0.505781263686042,1.0,settlement,9.751392730370863
TRAIN,late_limit_97_to_99,270.0,,UP,0.5052462119657806,1.0,settlement,9.772330478030941
TRAIN,late_limit_97_to_99,270.0,,DOWN,0.5066566296773894,1.0,settlement,9.717233096836097
TRAIN,late_limit_97_to_99,270.0,,UP,0.5058326971211262,1.0,settlement,9.749382360835028
TRAIN,late_limit_97_to_99,270.0,,DOWN,0.5054540149476174,1.0,settlement,9.764193426649005
TRAIN,late_limit_97_to_99,270.0,,UP,0.5050047135794732,1.0,settlement,9.781795371611494
TRAIN,late_limit_97_to_99,270.0,,UP,0.5062286249341494,1.0,settlement,9.73392047674271
TRAIN,late_limit_97_to_99,270.0,,UP,0.5052729276090833,0.0,settlement,-10.02
TRAIN,late_limit_97_to_99,270.0,,UP,0.5060959656172689,1.0,settlement,9.739098430676727
TRAIN,late_limit_97_to_99,270.0,,DOWN,0.5050389489626032,0.0,settlement,-10.02
TRAIN,late_limit_97_to_99,270.0,,DOWN,0.5051677214953431,1.0,settlement,9.775405712778081
TRAIN,late_limit_97_to_99,270.0,,DOWN,0.5056738640987443,1.0,settlement,9.755591957521606
TRAIN,late_limit_97_to_99,270.0,,DOWN,0.5055703615081412,1.0,settlement,9.759640503785686
TRAIN,late_limit_97_to_99,270.0,,DOWN,0.5054073611691249,1.0,settlement,9.766019690864162
TRAIN,late_limit_97_to_99,270.0,,DOWN,0.5052719066095498,1.0,settlement,9.77132397663171
TRAIN,late_limit_97_to_99,270.0,,UP,0.5057291957695625,1.0,settlement,9.753428316281227
TRAIN,late_limit_97_to_99,270.0,,DOWN,0.5060705880797601,1.0,settlement,9.740089275182168
TRAIN,late_limit_97_to_99,270.0,,UP,0.5054082022325586,1.0,settlement,9.765986764414638
TRAIN,late_limit_97_to_99,270.0,,DOWN,0.5056893550777753,0.0,settlement,-10.02
TRAIN,late_limit_97_to_99,270.0,,DOWN,0.5053851483335462,1.0,settlement,9.76688933177783
TRAIN,late_limit_97_to_99,270.0,,DOWN,0.5053132655735934,1.0,settlement,9.769704093061474
TRAIN,late_limit_97_to_99,270.0,,UP,0.5053575703153385,0.0,settlement,-10.02
TRAIN,late_limit_97_to_99,270.0,,DOWN,0.5053570484178701,1.0,settlement,9.767989563630646
TRAIN,late_limit_97_to_99,270.0,,UP,0.5053413207442587,1.0,settlement,9.768605422711442
TRAIN,late_limit_97_to_99,270.0,,UP,0.5052673554435395,1.0,settlement,9.77150224581932
TRAIN,late_limit_97_to_99,270.0,,DOWN,0.505009120979231,1.0,settlement,9.781622554083057
TRAIN,late_limit_97_to_99,270.0,,UP,0.506571679897495,1.0,settlement,9.72054294157049
TRAIN,late_limit_97_to_99,270.0,,DOWN,0.5063191564504821,1.0,settlement,9.730388411341885
TRAIN,late_limit_97_to_99,270.0,,DOWN,0.5058495210845989,1.0,settlement,9.748724854298295
TRAIN,late_limit_97_to_99,270.0,,DOWN,0.5051638886253302,1.0,settlement,9.775555908028881
TRAIN,late_limit_97_to_99,270.0,,DOWN,0.5052092354186485,1.0,settlement,9.773779089793091
TRAIN,late_limit_97_to_99,270.0,,UP,0.5055355071059532,1.0,settlement,9.76100422114196
TRAIN,late_limit_97_to_99,270.0,,UP,0.5059001928761104,1.0,settlement,9.74674478645414
TRAIN,late_limit_97_to_99,270.0,,DOWN,0.505698416948504,1.0,settlement,9.754631805933286
TRAIN,late_limit_97_to_99,270.0,,DOWN,0.5054054462413266,1.0,settlement,9.766094658000757
TRAIN,late_limit_97_to_99,270.0,,DOWN,0.5052429127888586,0.0,settlement,-10.02
TRAIN,late_limit_97_to_99,270.0,,DOWN,0.5054367365081535,1.0,settlement,9.764869752613809
TRAIN,late_limit_97_to_99,270.0,,UP,0.5054534112412863,1.0,settlement,9.764217056606903
TRAIN,late_limit_97_to_99,270.0,,UP,0.5057865442666072,1.0,settlement,9.751186310422803
TRAIN,late_limit_97_to_99,270.0,,UP,0.5053741420566279,1.0,settlement,9.76732026000548
TRAIN,late_limit_97_to_99,270.0,,UP,0.5055991172859193,1.0,settlement,9.75851554346156
TRAIN,late_limit_97_to_99,270.0,,DOWN,0.5061918002185901,1.0,settlement,9.735357545660904
TRAIN,late_limit_97_to_99,270.0,,DOWN,0.505005032130042,1.0,settlement,9.781782880897982
TRAIN,late_limit_97_to_99,270.0,,DOWN,0.5050553542168794,1.0,settlement,9.779809895106723
TRAIN,late_limit_97_to_99,270.0,,DOWN,0.5052752200934457,1.0,settlement,9.771194189476773
TRAIN,late_limit_97_to_99,270.0,,DOWN,0.5051984953712723,1.0,settlement,9.774199887018593
TRAIN,late_limit_97_to_99,270.0,,UP,0.5055202633021283,1.0,settlement,9.7616007110746
TRAIN,late_limit_97_to_99,270.0,,UP,0.5055686657209127,1.0,settlement,9.759706849000537
TRAIN,late_limit_97_to_99,270.0,,DOWN,0.5055704999735314,1.0,settlement,9.75963508654785
TRAIN,late_limit_97_to_99,270.0,,DOWN,0.5054633700733505,1.0,settlement,9.76382726041819
TRAIN,late_limit_97_to_99,270.0,,DOWN,0.5053017330722125,1.0,settlement,9.77015575347513
TRAIN,late_limit_97_to_99,270.0,,UP,0.5054945803555738,1.0,settlement,9.76260576595267
TRAIN,late_limit_97_to_99,270.0,,DOWN,0.5061172640576846,1.0,settlement,9.738266927761334
TRAIN,late_limit_97_to_99,270.0,,UP,0.5051010361714395,1.0,settlement,9.778019176119521
TRAIN,late_limit_97_to_99,270.0,,UP,0.5059647449414847,1.0,settlement,9.744222902835869
TRAIN,late_limit_97_to_99,270.0,,UP,0.5054054638315594,1.0,settlement,9.766093969361563
TRAIN,late_limit_97_to_99,270.0,,DOWN,0.5053170300875656,1.0,settlement,9.76955666360011
TRAIN,late_limit_97_to_99,270.0,,UP,0.5053016200561965,1.0,settlement,9.770160179751379
TRAIN,late_limit_97_to_99,270.0,,UP,0.5051072392578646,1.0,settlement,9.77777604196018
TRAIN,late_limit_97_to_99,270.0,,DOWN,0.5052802172673069,0.0,settlement,-10.02
TRAIN,late_limit_97_to_99,270.0,,DOWN,0.5052207499247605,1.0,settlement,9.77332796899027
TRAIN,late_limit_97_to_99,270.0,,UP,0.5053675904227181,1.0,settlement,9.767576784723044
TRAIN,late_limit_97_to_99,270.0,,DOWN,0.5050936995807113,0.0,settlement,-10.02
TRAIN,late_limit_97_to_99,270.0,,DOWN,0.5057821387861516,1.0,settlement,9.751358522069268
TRAIN,late_limit_97_to_99,270.0,,UP,0.5055653430220128,1.0,settlement,9.759836846064406
TRAIN,late_limit_97_to_99,270.0,,UP,0.5056205074471688,1.0,settlement,9.757678817833312
TRAIN,late_limit_97_to_99,270.0,,DOWN,0.5061316750050395,1.0,settlement,9.737704356085658
TRAIN,late_limit_97_to_99,270.0,,UP,0.5066891799164869,1.0,settlement,9.715965156485506
TRAIN,late_limit_97_to_99,270.0,,DOWN,0.5057467183325555,1.0,settlement,9.75274322801333
TRAIN,late_limit_97_to_99,270.0,,UP,0.5051159850815977,1.0,settlement,9.777433253640893
TRAIN,late_limit_97_to_99,270.0,,UP,0.5057956920695976,1.0,settlement,9.750828729446745
TRAIN,late_limit_97_to_99,270.0,,UP,0.5054600694937308,1.0,settlement,9.763956445889008
TRAIN,late_limit_97_to_99,270.0,,UP,0.505,1.0,settlement,9.781980198019802
TRAIN,late_limit_97_to_99,270.0,,UP,0.5052123986248188,1.0,settlement,9.773655158147072
TRAIN,late_limit_97_to_99,270.0,,UP,0.5053377198779944,1.0,settlement,9.768746429643802
TRAIN,late_limit_97_to_99,270.0,,UP,0.5055481045930094,1.0,settlement,9.760511308712122
TRAIN,late_limit_97_to_99,270.0,,UP,0.5053052171587331,1.0,settlement,9.770019300075163
TRAIN,late_limit_97_to_99,270.0,,DOWN,0.5054097924546551,1.0,settlement,9.765924509757475
TRAIN,late_limit_97_to_99,270.0,,DOWN,0.5060513799624285,0.0,settlement,-10.02
TRAIN,late_limit_97_to_99,270.0,,DOWN,0.505629721815574,1.0,settlement,9.757318398318866
TRAIN,late_limit_97_to_99,270.0,,DOWN,0.505757116130012,1.0,settlement,9.752336722651986
TRAIN,late_limit_97_to_99,270.0,,UP,0.5060441830808233,1.0,settlement,9.741120341547017
TRAIN,late_limit_97_to_99,270.0,,UP,0.505346916288094,1.0,settlement,9.76838630984954
TRAIN,late_limit_97_to_99,270.0,,UP,0.5058126096689529,1.0,settlement,9.75016746685073
TRAIN,late_limit_97_to_99,270.0,,DOWN,0.5059635726779171,1.0,settlement,9.74426869442977
TRAIN,late_limit_97_to_99,270.0,,DOWN,0.5051022883936743,1.0,settlement,9.77797009394273
TRAIN,late_limit_97_to_99,270.0,,DOWN,0.5055639303888052,1.0,settlement,9.7598921143553
TRAIN,late_limit_97_to_99,270.0,,DOWN,0.5051374751197475,0.0,settlement,-10.02
TRAIN,late_limit_97_to_99,270.0,,DOWN,0.5059356712635555,1.0,settlement,9.74535865720907
TRAIN,late_limit_97_to_99,270.0,,DOWN,0.5057190838415537,1.0,settlement,9.753823688910046
TRAIN,late_limit_97_to_99,270.0,,UP,0.5052276668881468,0.0,settlement,-10.02
TRAIN,late_limit_97_to_99,270.0,,UP,0.5052169457730704,1.0,settlement,9.77347700758186
TRAIN,late_limit_97_to_99,270.0,,DOWN,0.5050291968988603,1.0,settlement,9.780835400022728
TRAIN,late_limit_97_to_99,270.0,,UP,0.5060028214782811,0.0,settlement,-10.02
TRAIN,late_limit_97_to_99,270.0,,UP,0.5056900181828594,1.0,settlement,9.754960233413115
TRAIN,late_limit_97_to_99,270.0,,DOWN,0.5053343141077361,0.0,settlement,-10.02
TRAIN,late_limit_97_to_99,270.0,,UP,0.5056254012721749,1.0,settlement,9.757487394501101
TRAIN,late_limit_97_to_99,270.0,,UP,0.5055976131569875,1.0,settlement,9.758574383607723
TRAIN,late_limit_97_to_99,270.0,,DOWN,0.505561990530808,1.0,settlement,9.759968010452358
TRAIN,late_limit_97_to_99,270.0,,UP,0.5052432211531218,1.0,settlement,9.77244763972666
TRAIN,late_limit_97_to_99,270.0,,UP,0.5051954987022905,1.0,settlement,9.774317300307057
TRAIN,late_limit_97_to_99,270.0,,UP,0.5054332957593272,1.0,settlement,9.765004438571285
TRAIN,late_limit_97_to_99,270.0,,UP,0.5055905522900576,1.0,settlement,9.758850602934121
TRAIN,late_limit_97_to_99,270.0,,DOWN,0.5073898755962261,1.0,settlement,9.688710167401652
TRAIN,late_limit_97_to_99,270.0,,UP,0.5053726726484628,1.0,settlement,9.767377793092507
TRAIN,late_limit_97_to_99,270.0,,DOWN,0.5052483364188588,0.0,settlement,-10.02
TRAIN,late_limit_97_to_99,270.0,,DOWN,0.5053365444122246,1.0,settlement,9.768792460342176
TRAIN,late_limit_97_to_99,270.0,,DOWN,0.5064233716556042,1.0,settlement,9.726324043671013
TRAIN,late_limit_97_to_99,270.0,,UP,0.5055293477206286,1.0,settlement,9.761245233513751
TRAIN,late_limit_97_to_99,270.0,,DOWN,0.5054328794256139,1.0,settlement,9.765020735818062
TRAIN,late_limit_97_to_99,270.0,,UP,0.5063950705423217,1.0,settlement,9.727427614748585
TRAIN,late_limit_97_to_99,270.0,,UP,0.505263691523395,1.0,settlement,9.771645763916869
TRAIN,late_limit_97_to_99,270.0,,DOWN,0.505619727248649,0.0,settlement,-10.02
TRAIN,late_limit_97_to_99,270.0,,DOWN,0.5057568745227369,1.0,settlement,9.752346168179347
TRAIN,late_limit_97_to_99,270.0,,DOWN,0.5055800050121972,0.0,settlement,-10.02
TRAIN,late_limit_97_to_99,270.0,,DOWN,0.5052891475159391,1.0,settlement,9.770648679397087
TRAIN,late_limit_97_to_99,270.0,,UP,0.5052445692450831,1.0,settlement,9.772394829580481
TRAIN,late_limit_97_to_99,270.0,,DOWN,0.5053795811661813,1.0,settlement,9.767107300466403
TRAIN,late_limit_97_to_99,270.0,,UP,0.5057116975555513,1.0,settlement,9.754112499941773
TRAIN,late_limit_97_to_99,270.0,,DOWN,0.5051048402323984,1.0,settlement,9.777870072674428
TRAIN,late_limit_97_to_99,270.0,,DOWN,0.5051604094168679,0.0,settlement,-10.02
TRAIN,late_limit_97_to_99,270.0,,UP,0.5051867493688844,0.0,settlement,-10.02
TRAIN,late_limit_97_to_99,270.0,,DOWN,0.5052266883388137,1.0,settlement,9.773095319014164
TRAIN,late_limit_97_to_99,270.0,,DOWN,0.5057182168401732,1.0,settlement,9.7538575890779
TRAIN,late_limit_97_to_99,270.0,,UP,0.5057203528602483,1.0,settlement,9.753774069882883
TRAIN,late_limit_97_to_99,270.0,,DOWN,0.5053037443907046,1.0,settlement,9.770076980446689
TRAIN,late_limit_97_to_99,270.0,,UP,0.5053888602533704,1.0,settlement,9.766744003393
TRAIN,late_limit_97_to_99,270.0,,DOWN,0.5050351781421217,1.0,settlement,9.780600894351767
TRAIN,late_limit_97_to_99,270.0,,UP,0.5075617352622938,1.0,settlement,9.682036826775917
TRAIN,late_limit_97_to_99,270.0,,UP,0.5060884208115998,1.0,settlement,9.739393000857994
TRAIN,late_limit_97_to_99,270.0,,UP,0.5077765370183235,1.0,settlement,9.673702388692966
TRAIN,late_limit_97_to_99,270.0,,UP,0.5055770522288638,1.0,settlement,9.759378743387298
TRAIN,late_limit_97_to_99,270.0,,UP,0.5050538459731012,1.0,settlement,9.779869023336953
TRAIN,late_limit_97_to_99,270.0,,UP,0.5054870371051207,1.0,settlement,9.762900976589055
TRAIN,late_limit_97_to_99,270.0,,DOWN,0.5056989891791187,0.0,settlement,-10.02
TRAIN,late_limit_97_to_99,270.0,,DOWN,0.5058603351330385,1.0,settlement,9.748302247635316
TRAIN,late_limit_97_to_99,270.0,,DOWN,0.5063032205862293,1.0,settlement,9.731010053661873
TRAIN,late_limit_97_to_99,270.0,,UP,0.5054171693109395,0.0,settlement,-10.02
TRAIN,late_limit_97_to_99,270.0,,UP,0.5051967214026699,1.0,settlement,9.774269393188408
TRAIN,late_limit_97_to_99,270.0,,DOWN,0.5056152852773638,1.0,settlement,9.757883088550876
TRAIN,late_limit_97_to_99,270.0,,DOWN,0.5051319151067933,1.0,settlement,9.776808914530442
TRAIN,late_limit_97_to_99,270.0,,UP,0.5066183102398452,1.0,settlement,9.718725975509575
TRAIN,late_limit_97_to_99,270.0,,DOWN,0.5051020920452721,1.0,settlement,9.77797779001023
TRAIN,late_limit_97_to_99,270.0,,UP,0.5050798778034774,1.0,settlement,9.778848537559284
TRAIN,late_limit_97_to_99,270.0,,UP,0.505473844320826,1.0,settlement,9.7634173070545
TRAIN,late_limit_97_to_99,270.0,,UP,0.5050050094200087,1.0,settlement,9.78178377138251
TRAIN,late_limit_97_to_99,270.0,,DOWN,0.5072588811821698,1.0,settlement,9.693799740075406
TRAIN,late_limit_97_to_99,270.0,,UP,0.5058302819951932,1.0,settlement,9.749476751285183
TRAIN,late_limit_97_to_99,270.0,,DOWN,0.5052105160967258,1.0,settlement,9.77372891376124
TRAIN,late_limit_97_to_99,270.0,,UP,0.5054538989852138,1.0,settlement,9.764197965584462
TRAIN,late_limit_97_to_99,270.0,,DOWN,0.505531908013578,1.0,settlement,9.761145050356372
TRAIN,late_limit_97_to_99,270.0,,DOWN,0.5051848258645165,1.0,settlement,9.774735486932183
TRAIN,late_limit_97_to_99,270.0,,DOWN,0.5051363203594441,1.0,settlement,9.776636268174531
TRAIN,late_limit_97_to_99,270.0,,DOWN,0.5057974914378419,1.0,settlement,9.75075839497103
TRAIN,late_limit_97_to_99,270.0,,UP,0.5057971371354729,1.0,settlement,9.750772244054033
TRAIN,late_limit_97_to_99,270.0,,UP,0.5056301019336193,1.0,settlement,9.757303530304512
TRAIN,late_limit_97_to_99,270.0,,DOWN,0.5053321403159162,1.0,settlement,9.768964924630254
TRAIN,late_limit_97_to_99,270.0,,DOWN,0.5055973081638553,1.0,settlement,9.758586314702399
TRAIN,late_limit_97_to_99,270.0,,UP,0.5054813151627705,1.0,settlement,9.763124914874233
TRAIN,late_limit_97_to_99,270.0,,UP,0.505058903417204,1.0,settlement,9.779670755906857
TRAIN,late_limit_97_to_99,270.0,,UP,0.5051243686323426,1.0,settlement,9.777104675578528
TRAIN,late_limit_97_to_99,270.0,,DOWN,0.506185040429887,1.0,settlement,9.735621366264233
TRAIN,late_limit_97_to_99,270.0,,UP,0.5053405761044415,1.0,settlement,9.768634582023441
TRAIN,late_limit_97_to_99,270.0,,UP,0.5050551462953311,1.0,settlement,9.779818046309934
TRAIN,late_limit_97_to_99,270.0,,UP,0.5091469999194798,1.0,settlement,9.620693162449104
TRAIN,late_limit_97_to_99,270.0,,DOWN,0.5057289062828363,1.0,settlement,9.753439634884849
TRAIN,late_limit_97_to_99,270.0,,DOWN,0.5060396788195037,1.0,settlement,9.741296235362682
TRAIN,late_limit_97_to_99,270.0,,DOWN,0.5053494904083722,1.0,settlement,9.768285512901208
TRAIN,late_limit_97_to_99,270.0,,UP,0.5053760805665218,0.0,settlement,-10.02
TRAIN,late_limit_97_to_99,270.0,,UP,0.5054223981459675,1.0,settlement,9.76543103092153
TRAIN,late_limit_97_to_99,270.0,,DOWN,0.5053000699383983,0.0,settlement,-10.02
TRAIN,late_limit_97_to_99,270.0,,DOWN,0.5054921142137287,1.0,settlement,9.76270227925231
TRAIN,late_limit_97_to_99,270.0,,UP,0.5051849083080517,1.0,settlement,9.774732256534865
TRAIN,late_limit_97_to_99,270.0,,DOWN,0.5052089866223725,1.0,settlement,9.773788837479014
TRAIN,late_limit_97_to_99,270.0,,UP,0.5054711925904157,0.0,settlement,-10.02
TRAIN,late_limit_97_to_99,270.0,,DOWN,0.5053104650144262,1.0,settlement,9.769813772636805
TRAIN,late_limit_97_to_99,270.0,,DOWN,0.5071165049148817,1.0,settlement,9.699334517969351
TRAIN,late_limit_97_to_99,270.0,,UP,0.5056183671636411,1.0,settlement,9.75776253678606
TRAIN,late_limit_97_to_99,270.0,,UP,0.5062100464235232,1.0,settlement,9.734645469113133
TRAIN,late_limit_97_to_99,270.0,,UP,0.5051578337421878,0.0,settlement,-10.02
TRAIN,late_limit_97_to_99,270.0,,UP,0.5067387546227193,1.0,settlement,9.714034369337451
TRAIN,late_limit_97_to_99,270.0,,DOWN,0.5054767878335636,1.0,settlement,9.763302103464067
TRAIN,late_limit_97_to_99,270.0,,UP,0.5063466443077831,1.0,settlement,9.729316229143397
TRAIN,late_limit_97_to_99,270.0,,UP,0.5069216067084199,1.0,settlement,9.706916090503075
TRAIN,late_limit_97_to_99,270.0,,UP,0.5062112925953441,1.0,settlement,9.734596837873813
TRAIN,late_limit_97_to_99,270.0,,DOWN,0.5051116619656301,1.0,settlement,9.777602694590811
TRAIN,late_limit_97_to_99,270.0,,DOWN,0.5053574395672674,1.0,settlement,9.76797424761947
TRAIN,late_limit_97_to_99,270.0,,DOWN,0.5051039793088247,1.0,settlement,9.777903817118652
TRAIN,late_limit_97_to_99,270.0,,UP,0.5057292176963045,1.0,settlement,9.75342745897094
TRAIN,late_limit_97_to_99,270.0,,DOWN,0.5053094573154484,1.0,settlement,9.76985323790867
TRAIN,late_limit_97_to_99,270.0,,UP,0.5057067340956917,1.0,settlement,9.754306580833
TRAIN,late_limit_97_to_99,270.0,,DOWN,0.5052404723892435,1.0,settlement,9.772555320659023
TRAIN,late_limit_97_to_99,270.0,,UP,0.5067359726458656,1.0,settlement,9.714142709044538
TRAIN,late_limit_97_to_99,270.0,,DOWN,0.5060777339592114,1.0,settlement,9.739810260306719
TRAIN,late_limit_97_to_99,270.0,,UP,0.5052328732420978,0.0,settlement,-10.02
TRAIN,late_limit_97_to_99,270.0,,UP,0.5051533047263344,1.0,settlement,9.775970661653847
TRAIN,late_limit_97_to_99,270.0,,DOWN,0.5050415213565217,0.0,settlement,-10.02
TRAIN,late_limit_97_to_99,270.0,,UP,0.5054793493928986,1.0,settlement,9.763201849908228
TRAIN,late_limit_97_to_99,270.0,,UP,0.5075986122166873,1.0,settlement,9.680605477091273
TRAIN,late_limit_97_to_99,270.0,,DOWN,0.5066107783660592,1.0,settlement,9.719019434707626
TRAIN,late_limit_97_to_99,270.0,,UP,0.5079208301906071,1.0,settlement,9.66810768451317
TRAIN,late_limit_97_to_99,270.0,,UP,0.5057856817966336,1.0,settlement,9.751220024415009
TRAIN,late_limit_97_to_99,270.0,,DOWN,0.5067151396872681,1.0,settlement,9.714954053616296
TRAIN,late_limit_97_to_99,270.0,,DOWN,0.5050249395942995,0.0,settlement,-10.02
TRAIN,late_limit_97_to_99,270.0,,DOWN,0.5064302826982855,1.0,settlement,9.726054573829014
TRAIN,late_limit_97_to_99,270.0,,DOWN,0.5065289757851034,1.0,settlement,9.7222072143066
TRAIN,late_limit_97_to_99,270.0,,UP,0.5054081504350333,1.0,settlement,9.765988792211672
TRAIN,late_limit_97_to_99,270.0,,UP,0.5061681589736509,1.0,settlement,9.736280245436301
TRAIN,late_limit_97_to_99,270.0,,DOWN,0.5053523611281486,1.0,settlement,9.76817310297314
TRAIN,late_limit_97_to_99,270.0,,UP,0.5059361698848109,1.0,settlement,9.74533917762146
TRAIN,late_limit_97_to_99,270.0,,UP,0.505683452986893,0.0,settlement,-10.02
TRAIN,late_limit_97_to_99,270.0,,UP,0.5051781473022754,0.0,settlement,-10.02
TRAIN,late_limit_97_to_99,270.0,,DOWN,0.5062606297602285,1.0,settlement,9.732671671775325
TRAIN,late_limit_97_to_99,270.0,,DOWN,0.5053968792859418,1.0,settlement,9.766430051029722
TRAIN,late_limit_97_to_99,270.0,,DOWN,0.5051036870993492,1.0,settlement,9.777915270480086
TRAIN,late_limit_97_to_99,270.0,,UP,0.5054743577888836,1.0,settlement,9.763397210777207
TRAIN,late_limit_97_to_99,270.0,,UP,0.5054293136961171,0.0,settlement,-10.02
TRAIN,late_limit_97_to_99,270.0,,DOWN,0.5060504827394037,1.0,settlement,9.74087434175932
TRAIN,late_limit_97_to_99,270.0,,UP,0.50535480939597,1.0,settlement,9.768077236175099
TRAIN,late_limit_97_to_99,270.0,,DOWN,0.5050546468733156,1.0,settlement,9.77983762531014
TRAIN,late_limit_97_to_99,270.0,,UP,0.5056850127299901,1.0,settlement,9.755155973110654
TRAIN,late_limit_97_to_99,270.0,,UP,0.505403285195395,1.0,settlement,9.766179261050667
TRAIN,late_limit_97_to_99,270.0,,DOWN,0.5055041455518848,1.0,settlement,9.762231437652183
TRAIN,late_limit_97_to_99,270.0,,DOWN,0.5061347325111897,1.0,settlement,9.737585001892594
TRAIN,late_limit_97_to_99,270.0,,UP,0.505396150926605,1.0,settlement,9.766458566543829
TRAIN,late_limit_97_to_99,270.0,,DOWN,0.5053899019119,1.0,settlement,9.766703220958316
TRAIN,late_limit_97_to_99,270.0,,UP,0.5052271681382069,1.0,settlement,9.773076522093248
TRAIN,late_limit_97_to_99,270.0,,UP,0.5060696798875626,1.0,settlement,9.74012473662081
TRAIN,late_limit_97_to_99,270.0,,DOWN,0.5057878369646853,1.0,settlement,9.75113577900888
TRAIN,late_limit_97_to_99,270.0,,UP,0.5066874556716726,1.0,settlement,9.716032317484252
TRAIN,late_limit_97_to_99,270.0,,UP,0.5071069254633793,1.0,settlement,9.699707024040926
TRAIN,late_limit_97_to_99,270.0,,UP,0.506940041936308,1.0,settlement,9.706198707452668
TRAIN,late_limit_97_to_99,270.0,,DOWN,0.5072811722047198,1.0,settlement,9.692933473439407
TRAIN,late_limit_97_to_99,270.0,,DOWN,0.5065394749719675,1.0,settlement,9.721798011997805
TRAIN,late_limit_97_to_99,270.0,,DOWN,0.5057888876752029,1.0,settlement,9.751094707050175
TRAIN,late_limit_97_to_99,270.0,,DOWN,0.5057710742015081,1.0,settlement,9.75179105346745
TRAIN,late_limit_97_to_99,270.0,,UP,0.5058703252821024,1.0,settlement,9.747911854531939
TRAIN,late_limit_97_to_99,270.0,,DOWN,0.5066077725542439,1.0,settlement,9.71913655051408
TRAIN,late_limit_97_to_99,270.0,,UP,0.5055785413194919,1.0,settlement,9.759320486785985
TRAIN,late_limit_97_to_99,270.0,,UP,0.5051683659506281,1.0,settlement,9.77538045930876
TRAIN,late_limit_97_to_99,270.0,,DOWN,0.5064968380898677,1.0,settlement,9.723459875707459
TRAIN,late_limit_97_to_99,270.0,,DOWN,0.5077043339366737,1.0,settlement,9.676503125079304
TRAIN,late_limit_97_to_99,270.0,,UP,0.5057812036935445,1.0,settlement,9.751395075525686
TRAIN,late_limit_97_to_99,270.0,,UP,0.5050688087355136,1.0,settlement,9.779282448337927
TRAIN,late_limit_97_to_99,270.0,,UP,0.5059940340751762,1.0,settlement,9.743078863720925
TRAIN,late_limit_97_to_99,270.0,,DOWN,0.5051447497973837,0.0,settlement,-10.02
TRAIN,late_limit_97_to_99,270.0,,UP,0.5051250251464973,1.0,settlement,9.77707894515775
TRAIN,late_limit_97_to_99,270.0,,DOWN,0.5053041455955617,1.0,settlement,9.770061267385405
TRAIN,late_limit_97_to_99,270.0,,DOWN,0.5052050495256732,1.0,settlement,9.773943091797673
TRAIN,late_limit_97_to_99,270.0,,UP,0.5055206350218987,0.0,settlement,-10.02
TRAIN,late_limit_97_to_99,270.0,,UP,0.5055054175237427,1.0,settlement,9.76218166085296
TRAIN,late_limit_97_to_99,270.0,,DOWN,0.5055751289103162,1.0,settlement,9.759453988477144
TRAIN,late_limit_97_to_99,270.0,,UP,0.5051397333295642,1.0,settlement,9.77650251245586
TRAIN,late_limit_97_to_99,270.0,,UP,0.5055203650147169,1.0,settlement,9.761596730942536
TRAIN,late_limit_97_to_99,270.0,,UP,0.5052431603078196,1.0,settlement,9.772450023286801
TRAIN,late_limit_97_to_99,270.0,,DOWN,0.5065131727859824,1.0,settlement,9.722823162913695
TRAIN,late_limit_97_to_99,270.0,,UP,0.5058513703600442,1.0,settlement,9.748652584419037
TRAIN,late_limit_97_to_99,270.0,,UP,0.5051259765151376,1.0,settlement,9.777041658775829
TRAIN,late_limit_97_to_99,270.0,,UP,0.5052731837052559,1.0,settlement,9.771273953365714
TRAIN,late_limit_97_to_99,270.0,,UP,0.5053881473455495,1.0,settlement,9.766771914859909
TRAIN,late_limit_97_to_99,270.0,,UP,0.5060030719911475,1.0,settlement,9.74272586774918
TRAIN,late_limit_97_to_99,270.0,,UP,0.505502353560985,1.0,settlement,9.762301565077827
TRAIN,late_limit_97_to_99,270.0,,UP,0.5055288563467399,1.0,settlement,9.761264460877868
TRAIN,late_limit_97_to_99,270.0,,UP,0.506499392932247,1.0,settlement,9.72336028737881
TRAIN,late_limit_97_to_99,270.0,,DOWN,0.5067033299286371,1.0,settlement,9.71541401712986
TRAIN,late_limit_97_to_99,270.0,,UP,0.5054906407947162,1.0,settlement,9.762759942455752
TRAIN,late_limit_97_to_99,270.0,,UP,0.5050543005534899,1.0,settlement,9.779851202219213
TRAIN,late_limit_97_to_99,270.0,,DOWN,0.5054749887848755,0.0,settlement,-10.02
TRAIN,late_limit_97_to_99,270.0,,UP,0.5064200895899648,1.0,settlement,9.726452017922
TRAIN,late_limit_97_to_99,270.0,,DOWN,0.5056666759190749,0.0,settlement,-10.02
TRAIN,late_limit_97_to_99,270.0,,DOWN,0.5055786649666941,1.0,settlement,9.759315649442541
TRAIN,late_limit_97_to_99,270.0,,DOWN,0.5062143088320504,1.0,settlement,9.734479131718413
TRAIN,late_limit_97_to_99,270.0,,UP,0.5051219720259963,0.0,settlement,-10.02
TRAIN,late_limit_97_to_99,270.0,,UP,0.505480109931454,1.0,settlement,9.763172084369568
TRAIN,late_limit_97_to_99,270.0,,DOWN,0.5074067431359682,1.0,settlement,9.688054997842887
TRAIN,late_limit_97_to_99,270.0,,DOWN,0.5057266632953487,1.0,settlement,9.753527333598221
TRAIN,late_limit_97_to_99,270.0,,UP,0.5053718896550933,1.0,settlement,9.767408450487444
TRAIN,late_limit_97_to_99,270.0,,DOWN,0.506002566615519,1.0,settlement,9.74274560598899
TRAIN,late_limit_97_to_99,270.0,,DOWN,0.5056084285420803,0.0,settlement,-10.02
TRAIN,late_limit_97_to_99,270.0,,DOWN,0.5052450107853635,1.0,settlement,9.772377532745526
TRAIN,late_limit_97_to_99,270.0,,UP,0.5053471308346763,1.0,settlement,9.768377908633042
TRAIN,late_limit_97_to_99,270.0,,DOWN,0.5058254950543407,1.0,settlement,9.749663842123464
TRAIN,late_limit_97_to_99,270.0,,DOWN,0.5052301741402202,1.0,settlement,9.772958757892056
TRAIN,late_limit_97_to_99,270.0,,DOWN,0.505031230404903,1.0,settlement,9.780755672045498
TRAIN,late_limit_97_to_99,270.0,,DOWN,0.5056725311034217,1.0,settlement,9.755644087645269
TRAIN,late_limit_97_to_99,270.0,,UP,0.5050215637431477,1.0,settlement,9.781134680035105
TRAIN,late_limit_97_to_99,270.0,,DOWN,0.5050615577321415,1.0,settlement,9.779566700151594
TRAIN,late_limit_97_to_99,270.0,,UP,0.5063418329071318,1.0,settlement,9.729503892628404
TRAIN,late_limit_97_to_99,270.0,,DOWN,0.5052055633494977,1.0,settlement,9.773922960191292
TRAIN,late_limit_97_to_99,270.0,,UP,0.5052790105553976,1.0,settlement,9.771045721468028
TRAIN,late_limit_97_to_99,270.0,,DOWN,0.5055822186988761,1.0,settlement,9.759176620837575
TRAIN,late_limit_97_to_99,270.0,,UP,0.5050143806390832,1.0,settlement,9.781416322729754
TRAIN,late_limit_97_to_99,270.0,,DOWN,0.5050331381471177,1.0,settlement,9.780680875493303
TRAIN,late_limit_97_to_99,270.0,,DOWN,0.5051785290595731,1.0,settlement,9.774982218693527
TRAIN,late_limit_97_to_99,270.0,,DOWN,0.5055628556312403,0.0,settlement,-10.02
TRAIN,late_limit_97_to_99,270.0,,UP,0.5054561923965153,1.0,settlement,9.764108198550467
TRAIN,late_limit_97_to_99,270.0,,UP,0.5051560254504079,1.0,settlement,9.775864042369456
TRAIN,late_limit_97_to_99,270.0,,UP,0.5053357158906246,0.0,settlement,-10.02
TRAIN,late_limit_97_to_99,270.0,,DOWN,0.5056949801811448,1.0,settlement,9.7547661968444
TRAIN,late_limit_97_to_99,270.0,,DOWN,0.5060506098991578,1.0,settlement,9.740869376271927
TRAIN,late_limit_97_to_99,270.0,,DOWN,0.5061233077218652,0.0,settlement,-10.02
TRAIN,late_limit_97_to_99,270.0,,DOWN,0.5068353863841922,1.0,settlement,9.710271935708498
TRAIN,late_limit_97_to_99,270.0,,DOWN,0.5056687421275796,1.0,settlement,9.755792266544749
TRAIN,late_limit_97_to_99,270.0,,UP,0.5062161082808007,1.0,settlement,9.734408910379734
TRAIN,late_limit_97_to_99,270.0,,DOWN,0.5054063120498918,1.0,settlement,9.766060762558972
TRAIN,late_limit_97_to_99,270.0,,DOWN,0.5057993351105929,1.0,settlement,9.750686329220859
TRAIN,late_limit_97_to_99,270.0,,UP,0.5053694901743492,0.0,settlement,-10.02
TRAIN,late_limit_97_to_99,270.0,,DOWN,0.5050228654803157,1.0,settlement,9.78108364101342
TRAIN,late_limit_97_to_99,270.0,,UP,0.5050134750689763,0.0,settlement,-10.02
TRAIN,late_limit_97_to_99,270.0,,UP,0.5057749716349694,1.0,settlement,9.751638694722232
TRAIN,late_limit_97_to_99,270.0,,DOWN,0.5051886316868396,0.0,settlement,-10.02
TRAIN,late_limit_97_to_99,270.0,,DOWN,0.505284795544713,1.0,settlement,9.77081913442435
TRAIN,late_limit_97_to_99,270.0,,UP,0.5050319591800156,0.0,settlement,-10.02
TRAIN,late_limit_97_to_99,270.0,,DOWN,0.5065725892223502,1.0,settlement,9.72050750624151
TRAIN,late_limit_97_to_99,270.0,,DOWN,0.5056204014752396,1.0,settlement,9.757682962995915
TRAIN,late_limit_97_to_99,270.0,,DOWN,0.5051933373912516,0.0,settlement,-10.02
TRAIN,late_limit_97_to_99,270.0,,UP,0.5072244885685442,1.0,settlement,9.695136444262278
TRAIN,late_limit_97_to_99,270.0,,UP,0.5061624199290092,1.0,settlement,9.736504248977095
TRAIN,late_limit_97_to_99,270.0,,UP,0.5057869136292137,1.0,settlement,9.751171872056144
TRAIN,late_limit_97_to_99,270.0,,UP,0.5050732723685532,1.0,settlement,9.779107470297848
TRAIN,late_limit_97_to_99,270.0,,DOWN,0.5055007452882703,1.0,settlement,9.762364503334872
TRAIN,late_limit_97_to_99,270.0,,UP,0.5050003131680484,0.0,settlement,-10.02
TRAIN,late_limit_97_to_99,270.0,,UP,0.5050012527506548,1.0,settlement,9.781931075480951
TRAIN,late_limit_97_to_99,270.0,,UP,0.5056349835292311,1.0,settlement,9.757112592570238
TRAIN,late_limit_97_to_99,270.0,,UP,0.5050131471923246,1.0,settlement,9.781464685812807
TRAIN,late_limit_97_to_99,270.0,,UP,0.5051806090791783,1.0,settlement,9.77490071526612
TRAIN,late_limit_97_to_99,270.0,,DOWN,0.5054345374665964,1.0,settlement,9.764955832506576
TRAIN,late_limit_97_to_99,270.0,,DOWN,0.5052069421486584,0.0,settlement,-10.02
TRAIN,late_limit_97_to_99,270.0,,DOWN,0.5053477945607114,1.0,settlement,9.768351918489714
TRAIN,late_limit_97_to_99,270.0,,UP,0.5052902634801174,1.0,settlement,9.77060497054974
TRAIN,late_limit_97_to_99,270.0,,DOWN,0.5050003130997766,1.0,settlement,9.781967920808452
TRAIN,late_limit_97_to_99,270.0,,DOWN,0.506340304718374,1.0,settlement,9.729563498726396
TRAIN,late_limit_97_to_99,270.0,,UP,0.5053957093511053,1.0,settlement,9.766475854413837
TRAIN,late_limit_97_to_99,270.0,,UP,0.5057213588568629,1.0,settlement,9.753734735278119
TRAIN,late_limit_97_to_99,270.0,,DOWN,0.5050767305028232,1.0,settlement,9.77897191075229
TRAIN,late_limit_97_to_99,270.0,,UP,0.505119646275736,1.0,settlement,9.777289758437103
TRAIN,late_limit_97_to_99,270.0,,UP,0.5054130723981404,1.0,settlement,9.765796106441972
TRAIN,late_limit_97_to_99,270.0,,UP,0.5051566043947916,1.0,settlement,9.77584135494103
TRAIN,late_limit_97_to_99,270.0,,DOWN,0.5054401645908834,1.0,settlement,9.764735564286358
TRAIN,late_limit_97_to_99,270.0,,DOWN,0.5054819761377601,1.0,settlement,9.76309904619562
TRAIN,late_limit_97_to_99,270.0,,UP,0.5059406590098576,1.0,settlement,9.745163803143093
TRAIN,late_limit_97_to_99,270.0,,DOWN,0.5050425954826834,1.0,settlement,9.780310091553208
TRAIN,late_limit_97_to_99,270.0,,UP,0.5069279727730495,1.0,settlement,9.70666835743345
TRAIN,late_limit_97_to_99,270.0,,DOWN,0.5054159922664331,1.0,settlement,9.765681800761936
TRAIN,late_limit_97_to_99,270.0,,UP,0.5050269267511822,1.0,settlement,9.780924406802615
TRAIN,late_limit_97_to_99,270.0,,DOWN,0.5053701855606901,1.0,settlement,9.767475173085959
TRAIN,late_limit_97_to_99,270.0,,DOWN,0.5062773566525023,1.0,settlement,9.732019063463234
TRAIN,late_limit_97_to_99,270.0,,DOWN,0.5052281044393537,1.0,settlement,9.773039841077118
TRAIN,late_limit_97_to_99,270.0,,DOWN,0.5052626013667284,0.0,settlement,-10.02
TRAIN,late_limit_97_to_99,270.0,,UP,0.5058170805782095,1.0,settlement,9.749992718649995
TRAIN,late_limit_97_to_99,270.0,,UP,0.5050980409319079,1.0,settlement,9.778136578692642
TRAIN,late_limit_97_to_99,270.0,,DOWN,0.505582568246777,1.0,settlement,9.759162945979888
TRAIN,late_limit_97_to_99,270.0,,UP,0.5054200878572497,1.0,settlement,9.765521470655099
TRAIN,late_limit_97_to_99,270.0,,UP,0.5050294629260395,1.0,settlement,9.780824969818603
TRAIN,late_limit_97_to_99,270.0,,UP,0.5050965225575788,1.0,settlement,9.77819609401497
TRAIN,late_limit_97_to_99,270.0,,UP,0.5054386834353367,1.0,settlement,9.764793542181167
TRAIN,late_limit_97_to_99,270.0,,DOWN,0.5051727286268288,0.0,settlement,-10.02
TRAIN,late_limit_97_to_99,270.0,,UP,0.5052874281276517,1.0,settlement,9.770716022868633
TRAIN,late_limit_97_to_99,270.0,,UP,0.5052318990979779,0.0,settlement,-10.02
TRAIN,late_limit_97_to_99,270.0,,DOWN,0.5064365526402262,1.0,settlement,9.725810107636573
TRAIN,late_limit_97_to_99,270.0,,DOWN,0.506989131700262,1.0,settlement,9.704288697202522
TRAIN,late_limit_97_to_99,270.0,,UP,0.5054617831001296,1.0,settlement,9.76388937471668
TRAIN,late_limit_97_to_99,270.0,,DOWN,0.5076250824054794,1.0,settlement,9.679578185957773
TRAIN,late_limit_97_to_99,270.0,,DOWN,0.5079949395561648,1.0,settlement,9.665235464622935
TRAIN,late_limit_97_to_99,270.0,,DOWN,0.5055301566198424,0.0,settlement,-10.02
TRAIN,late_limit_97_to_99,270.0,,UP,0.5052136099845076,1.0,settlement,9.773607698546861
TRAIN,late_limit_97_to_99,270.0,,UP,0.5054072468697005,1.0,settlement,9.766024165534194
TRAIN,late_limit_97_to_99,270.0,,UP,0.5062456867939066,1.0,settlement,9.733254715770084
TRAIN,late_limit_97_to_99,270.0,,UP,0.5067444534626437,1.0,settlement,9.713812440706235
TRAIN,late_limit_97_to_99,270.0,,DOWN,0.5050003146367755,1.0,settlement,9.781967860539968
TRAIN,late_limit_97_to_99,270.0,,UP,0.505714919154725,1.0,settlement,9.75398653121497
TRAIN,late_limit_97_to_99,270.0,,DOWN,0.5050157310019091,1.0,settlement,9.781363375673138
TRAIN,late_limit_97_to_99,270.0,,DOWN,0.5060909589676436,1.0,settlement,9.739293903211856
TRAIN,late_limit_97_to_99,270.0,,UP,0.5059756635299898,1.0,settlement,9.743796405214432
TRAIN,late_limit_97_to_99,270.0,,DOWN,0.5052109499221312,1.0,settlement,9.773711916856339
TRAIN,late_limit_97_to_99,270.0,,UP,0.505577702979633,1.0,settlement,9.759353284499664
TRAIN,late_limit_97_to_99,270.0,,DOWN,0.5071297102612432,1.0,settlement,9.698821038602908
TRAIN,late_limit_97_to_99,270.0,,DOWN,0.5055370413394101,1.0,settlement,9.760944188590422
TRAIN,late_limit_97_to_99,270.0,,UP,0.5055334537438484,1.0,settlement,9.76108456708971
TRAIN,late_limit_97_to_99,270.0,,DOWN,0.5057840271712949,1.0,settlement,9.751284704119929
TRAIN,late_limit_97_to_99,270.0,,UP,0.5052303193418676,1.0,settlement,9.772953069456292
TRAIN,late_limit_97_to_99,270.0,,UP,0.505544897977082,1.0,settlement,9.760636774329257
TRAIN,late_limit_97_to_99,270.0,,UP,0.5059938678288993,0.0,settlement,-10.02
TRAIN,late_limit_97_to_99,270.0,,UP,0.5062142751942625,1.0,settlement,9.734480444397672
TRAIN,late_limit_97_to_99,270.0,,UP,0.5052577511034644,1.0,settlement,9.77187845839152
TRAIN,late_limit_97_to_99,270.0,,UP,0.5061057546025688,1.0,settlement,9.73871625457555
TRAIN,late_limit_97_to_99,270.0,,UP,0.5057389538612084,1.0,settlement,9.753046793513029
TRAIN,late_limit_97_to_99,270.0,,DOWN,0.5057905004083897,1.0,settlement,9.751031666126025
TRAIN,late_limit_97_to_99,270.0,,UP,0.5055689546784836,1.0,settlement,9.759695543923375
TRAIN,late_limit_97_to_99,270.0,,UP,0.5050072288249308,0.0,settlement,-10.02
TRAIN,late_limit_97_to_99,270.0,,DOWN,0.5054379255685657,1.0,settlement,9.764823208015166
TRAIN,late_limit_97_to_99,270.0,,UP,0.5051839392507914,1.0,settlement,9.774770227316434
TRAIN,late_limit_97_to_99,270.0,,UP,0.5055441772270446,1.0,settlement,9.760664975415011
TRAIN,late_limit_97_to_99,270.0,,DOWN,0.5061589416502527,1.0,settlement,9.736640013898704
TRAIN,late_limit_97_to_99,270.0,,UP,0.505559231685434,1.0,settlement,9.76007595007609
TRAIN,late_limit_97_to_99,270.0,,DOWN,0.5052526887235351,1.0,settlement,9.772076763141808
TRAIN,late_limit_97_to_99,270.0,,UP,0.5057028386483338,1.0,settlement,9.754458903035761
TRAIN,late_limit_97_to_99,270.0,,UP,0.5056076631907992,1.0,settlement,9.758181242135048
TRAIN,late_limit_97_to_99,270.0,,DOWN,0.5067684410231605,1.0,settlement,9.712878353297015
TRAIN,late_limit_97_to_99,270.0,,DOWN,0.5051420008948339,1.0,settlement,9.776413646629067
TRAIN,late_limit_97_to_99,270.0,,UP,0.5051984739438174,1.0,settlement,9.774200726568484
TRAIN,late_limit_97_to_99,270.0,,UP,0.5061432886258299,1.0,settlement,9.737251009195091
TRAIN,late_limit_97_to_99,270.0,,DOWN,0.5051063592919377,1.0,settlement,9.777810532455153
TRAIN,late_limit_97_to_99,270.0,,DOWN,0.5051876860453611,0.0,settlement,-10.02
TRAIN,late_limit_97_to_99,270.0,,UP,0.5050995177583516,1.0,settlement,9.778078692255203
TRAIN,late_limit_97_to_99,270.0,,UP,0.5058910874610907,1.0,settlement,9.747100563457
TRAIN,late_limit_97_to_99,270.0,,DOWN,0.5052045403361435,1.0,settlement,9.773963041872879
TRAIN,late_limit_97_to_99,270.0,,DOWN,0.5051242068957628,1.0,settlement,9.77711101444718
TRAIN,late_limit_97_to_99,270.0,,UP,0.5050159971530517,1.0,settlement,9.781352940052255
TRAIN,late_limit_97_to_99,270.0,,UP,0.5055585191756383,1.0,settlement,9.760103827161217
TRAIN,late_limit_97_to_99,270.0,,DOWN,0.5052616069434447,1.0,settlement,9.771727419176987
TRAIN,late_limit_97_to_99,270.0,,DOWN,0.505763354291432,1.0,settlement,9.752092847671559
TRAIN,late_limit_97_to_99,270.0,,DOWN,0.5053556795740298,1.0,settlement,9.768043162845455
TRAIN,late_limit_97_to_99,270.0,,UP,0.5050091038601653,1.0,settlement,9.781623225328932
TRAIN,late_limit_97_to_99,270.0,,UP,0.505207782676475,1.0,settlement,9.773836007478533
TRAIN,late_limit_97_to_99,270.0,,UP,0.5054732409716303,1.0,settlement,9.763440921180734
TRAIN,late_limit_97_to_99,270.0,,UP,0.5074063508953721,1.0,settlement,9.688070232770922
TRAIN,late_limit_97_to_99,270.0,,DOWN,0.5060374028557472,1.0,settlement,9.741385114156543
TRAIN,late_limit_97_to_99,270.0,,DOWN,0.5061409562758618,1.0,settlement,9.737342052654803
TRAIN,late_limit_97_to_99,270.0,,DOWN,0.5057960702369587,1.0,settlement,9.750813947437617
TRAIN,late_limit_97_to_99,270.0,,DOWN,0.5050633390155513,1.0,settlement,9.77949687001949
TRAIN,late_limit_97_to_99,270.0,,DOWN,0.5053449997673659,0.0,settlement,-10.02
TRAIN,late_limit_97_to_99,270.0,,DOWN,0.505388147683312,1.0,settlement,9.766771901635956
TRAIN,late_limit_97_to_99,270.0,,DOWN,0.5060380977776088,1.0,settlement,9.741357976637467
TRAIN,late_limit_97_to_99,270.0,,UP,0.5053536804426445,1.0,settlement,9.768121442473511
TRAIN,late_limit_97_to_99,270.0,,DOWN,0.5055537211844024,1.0,settlement,9.760291551552967
TRAIN,late_limit_97_to_99,270.0,,UP,0.5052271852679091,1.0,settlement,9.773075851009988
TRAIN,late_limit_97_to_99,270.0,,DOWN,0.5050050199110131,1.0,settlement,9.781783360019073
TRAIN,late_limit_97_to_99,270.0,,UP,0.5055863687400005,1.0,settlement,9.759014265992867
TRAIN,late_limit_97_to_99,270.0,,DOWN,0.5050112989270764,1.0,settlement,9.781537156189447
TRAIN,late_limit_97_to_99,270.0,,DOWN,0.5053367986868428,1.0,settlement,9.768782503047042
TRAIN,late_limit_97_to_99,270.0,,DOWN,0.5050006276893129,0.0,settlement,-10.02
TRAIN,late_limit_97_to_99,270.0,,UP,0.5053116534111474,1.0,settlement,9.769767230765783
TRAIN,late_limit_97_to_99,270.0,,DOWN,0.5070123291824132,1.0,settlement,9.70338624610092
TRAIN,late_limit_97_to_99,270.0,,DOWN,0.5050150758827162,1.0,settlement,9.781389062536388
TRAIN,late_limit_97_to_99,270.0,,DOWN,0.5061662213169186,1.0,settlement,9.736355874523763
TRAIN,late_limit_97_to_99,270.0,,UP,0.5050147655944156,1.0,settlement,9.781401228793257
TRAIN,late_limit_97_to_99,270.0,,DOWN,0.5055617561073205,1.0,settlement,9.759977182208388
TRAIN,late_limit_97_to_99,270.0,,DOWN,0.5058991843380075,1.0,settlement,9.746784192556987
TRAIN,late_limit_97_to_99,270.0,,DOWN,0.5089476453641443,1.0,settlement,9.62838641280117
TRAIN,late_limit_97_to_99,270.0,,DOWN,0.5063608961433808,1.0,settlement,9.72876037261852
TRAIN,late_limit_97_to_99,270.0,,DOWN,0.5055159416276241,1.0,settlement,9.761769824711589
TRAIN,late_limit_97_to_99,270.0,,DOWN,0.5056244773116713,1.0,settlement,9.757523535190554
TRAIN,late_limit_97_to_99,270.0,,UP,0.507049585266044,1.0,settlement,9.70193704636026
TRAIN,late_limit_97_to_99,270.0,,DOWN,0.5051139687667233,1.0,settlement,9.777512281071559
TRAIN,late_limit_97_to_99,270.0,,UP,0.5067165757560609,1.0,settlement,9.714898123431656
TRAIN,late_limit_97_to_99,270.0,,DOWN,0.5053577744102059,1.0,settlement,9.767961136386639
TRAIN,late_limit_97_to_99,270.0,,DOWN,0.5063833355491176,1.0,settlement,9.727885244201584
TRAIN,late_limit_97_to_99,270.0,,UP,0.5059433662760878,1.0,settlement,9.74505804118619
TRAIN,late_limit_97_to_99,270.0,,UP,0.5061859608334247,1.0,settlement,9.735585444399145
TRAIN,late_limit_97_to_99,270.0,,DOWN,0.5078920134338704,1.0,settlement,9.669224747579225
TRAIN,late_limit_97_to_99,270.0,,UP,0.5083503977042466,1.0,settlement,9.651470790936422
TRAIN,late_limit_97_to_99,270.0,,UP,0.505294232646087,1.0,settlement,9.770449512223305
TRAIN,late_limit_97_to_99,270.0,,DOWN,0.5051403140465781,1.0,settlement,9.77647975409446
TRAIN,late_limit_97_to_99,270.0,,UP,0.5057543134849243,1.0,settlement,9.752446291351472
TRAIN,late_limit_97_to_99,270.0,,DOWN,0.506051995738894,1.0,settlement,9.740815260492852
TRAIN,late_limit_97_to_99,270.0,,UP,0.5056944808772273,1.0,settlement,9.754785721712874
TRAIN,late_limit_97_to_99,270.0,,UP,0.5070628525939493,1.0,settlement,9.701421020774116
TRAIN,late_limit_97_to_99,270.0,,UP,0.5055093173554446,1.0,settlement,9.762029048079018
TRAIN,late_limit_97_to_99,270.0,,DOWN,0.5063905689457351,1.0,settlement,9.727603160973565
TRAIN,late_limit_97_to_99,270.0,,UP,0.5057797006740898,1.0,settlement,9.75145382994269
TRAIN,late_limit_97_to_99,270.0,,UP,0.5055496112348782,1.0,settlement,9.760452358718169
TRAIN,late_limit_97_to_99,270.0,,DOWN,0.5050348814576956,1.0,settlement,9.780612526280827
TRAIN,late_limit_97_to_99,270.0,,DOWN,0.5051533569401535,1.0,settlement,9.775968615496542
TRAIN,late_limit_97_to_99,270.0,,UP,0.506699263002795,1.0,settlement,9.715572419699452
TRAIN,late_limit_97_to_99,270.0,,UP,0.505680251023989,0.0,settlement,-10.02
TRAIN,late_limit_97_to_99,270.0,,UP,0.5054325892997918,1.0,settlement,9.765032092714165
TRAIN,late_limit_97_to_99,270.0,,UP,0.5054363019043363,0.0,settlement,-10.02
TRAIN,late_limit_97_to_99,270.0,,DOWN,0.5054273063765192,1.0,settlement,9.765238893583792
TRAIN,late_limit_97_to_99,270.0,,DOWN,0.5052724271211744,1.0,settlement,9.771303588394307
TRAIN,late_limit_97_to_99,270.0,,UP,0.5059764348062216,1.0,settlement,9.743766278620846
TRAIN,late_limit_97_to_99,270.0,,UP,0.5054575760803329,0.0,settlement,-10.02
TRAIN,late_limit_97_to_99,270.0,,UP,0.5057758675744277,1.0,settlement,9.751603670925334
TRAIN,late_limit_97_to_99,270.0,,DOWN,0.5050838136556072,0.0,settlement,-10.02
TRAIN,late_limit_97_to_99,270.0,,UP,0.5131138196600831,1.0,settlement,9.468853382714563
TRAIN,late_limit_97_to_99,270.0,,DOWN,0.5121770239825149,1.0,settlement,9.504499404997496
TRAIN,late_limit_97_to_99,270.0,,DOWN,0.5070714254712093,1.0,settlement,9.701087597683582
TRAIN,late_limit_97_to_99,270.0,,UP,0.5072225461128732,1.0,settlement,9.695211945201429
TRAIN,late_limit_97_to_99,270.0,,DOWN,0.5054262611182256,1.0,settlement,9.76527981089782
TRAIN,late_limit_97_to_99,270.0,,DOWN,0.5061607930206854,1.0,settlement,9.73656775057907
TRAIN,late_limit_97_to_99,270.0,,DOWN,0.5058487292204796,1.0,settlement,9.748755800593091
TRAIN,late_limit_97_to_99,270.0,,UP,0.5055863024972549,1.0,settlement,9.759016857471718
TRAIN,late_limit_97_to_99,270.0,,DOWN,0.5067797001569613,1.0,settlement,9.712439947580322
TRAIN,late_limit_97_to_99,270.0,,UP,0.5054389716773011,0.0,settlement,-10.02
TRAIN,late_limit_97_to_99,270.0,,UP,0.5056907218317362,1.0,settlement,9.754932717328764
TRAIN,late_limit_97_to_99,270.0,,UP,0.5052556227540173,1.0,settlement,9.77196183011798
TRAIN,late_limit_97_to_99,270.0,,DOWN,0.5055760341477659,1.0,settlement,9.759418573225481
TRAIN,late_limit_97_to_99,270.0,,UP,0.5061814869480777,1.0,settlement,9.735760054151811
TRAIN,late_limit_97_to_99,270.0,,DOWN,0.5054471465818599,1.0,settlement,9.764462267966227
TRAIN,late_limit_97_to_99,270.0,,UP,0.5056804333790383,1.0,settlement,9.755335053362426
TRAIN,late_limit_97_to_99,270.0,,DOWN,0.5058051421527762,1.0,settlement,9.750459346139952
TRAIN,late_limit_97_to_99,270.0,,DOWN,0.5064842553516093,1.0,settlement,9.723950368324566
TRAIN,late_limit_97_to_99,270.0,,DOWN,0.5050012513184635,1.0,settlement,9.781931131639528
TRAIN,late_limit_97_to_99,270.0,,DOWN,0.5055094469197249,1.0,settlement,9.76202397785853
TRAIN,late_limit_97_to_99,270.0,,UP,0.5066523343549542,1.0,settlement,9.717400426135466
TRAIN,late_limit_97_to_99,270.0,,DOWN,0.5055352587947183,1.0,settlement,9.761013937270558
TRAIN,late_limit_97_to_99,270.0,,DOWN,0.5070270516716066,1.0,settlement,9.702813540285899
TRAIN,late_limit_97_to_99,270.0,,UP,0.5061260953457795,1.0,settlement,9.737922169905339
TRAIN,late_limit_97_to_99,270.0,,UP,0.5072468185939977,1.0,settlement,9.694268544292317
TRAIN,late_limit_97_to_99,270.0,,DOWN,0.5057521136203668,1.0,settlement,9.752532295349557
TRAIN,late_limit_97_to_99,270.0,,UP,0.5070754716964182,1.0,settlement,9.70093023262406
TRAIN,late_limit_97_to_99,270.0,,DOWN,0.5057337653426061,1.0,settlement,9.753249652859473
TRAIN,late_limit_97_to_99,270.0,,DOWN,0.5050065563307579,1.0,settlement,9.781723115551841
TRAIN,late_limit_97_to_99,270.0,,UP,0.5061527743034581,1.0,settlement,9.736880743687507
TRAIN,late_limit_97_to_99,270.0,,DOWN,0.5051676255429955,0.0,settlement,-10.02
TRAIN,late_limit_97_to_99,270.0,,DOWN,0.5065158253968506,1.0,settlement,9.722719770236381
TRAIN,late_limit_97_to_99,270.0,,DOWN,0.5061981364421911,1.0,settlement,9.735110262327133
TRAIN,late_limit_97_to_99,270.0,,UP,0.5056692982362563,0.0,settlement,-10.02
TRAIN,late_limit_97_to_99,270.0,,DOWN,0.5054479928332752,1.0,settlement,9.764429143630124
TRAIN,late_limit_97_to_99,270.0,,UP,0.5053183539029249,1.0,settlement,9.769504819611338
TRAIN,late_limit_97_to_99,270.0,,UP,0.5052008993589772,1.0,settlement,9.774105696740591
TRAIN,late_limit_97_to_99,270.0,,UP,0.508143906979784,1.0,settlement,9.659464542704516
TRAIN,late_limit_97_to_99,270.0,,UP,0.5053301652314832,1.0,settlement,9.769042269857707
TRAIN,late_limit_97_to_99,270.0,,UP,0.5058290841267181,1.0,settlement,9.749523567954512
TRAIN,late_limit_97_to_99,270.0,,UP,0.5057861105114023,1.0,settlement,9.751203265919976
TRAIN,late_limit_97_to_99,270.0,,UP,0.5051615879661367,1.0,settlement,9.77564606299865
TRAIN,late_limit_97_to_99,270.0,,DOWN,0.5052592534207584,0.0,settlement,-10.02
TRAIN,late_limit_97_to_99,270.0,,DOWN,0.5054552064513999,1.0,settlement,9.764146789595909
TRAIN,late_limit_97_to_99,270.0,,DOWN,0.5053977931772099,1.0,settlement,9.766394271994091
TRAIN,late_limit_97_to_99,270.0,,UP,0.5066851007055744,1.0,settlement,9.716124046423896
TRAIN,late_limit_97_to_99,270.0,,UP,0.5072655726793525,1.0,settlement,9.693539689241039
TRAIN,late_limit_97_to_99,270.0,,DOWN,0.5052098636319706,1.0,settlement,9.773754476822099
TRAIN,late_limit_97_to_99,270.0,,DOWN,0.5068055172912397,1.0,settlement,9.711434759131524
TRAIN,late_limit_97_to_99,270.0,,DOWN,0.505135283998181,1.0,settlement,9.776676883961269
TRAIN,late_limit_97_to_99,270.0,,DOWN,0.5081397580444559,1.0,settlement,9.659625224533453
TRAIN,late_limit_97_to_99,270.0,,DOWN,0.5059797747656362,1.0,settlement,9.743635818510498
TRAIN,late_limit_97_to_99,270.0,,DOWN,0.5050965253986007,1.0,settlement,9.778195982655841
TRAIN,late_limit_97_to_99,270.0,,UP,0.5059136772647823,1.0,settlement,9.746217932800135
TRAIN,late_limit_97_to_99,270.0,,UP,0.5058327544358638,1.0,settlement,9.74938012081211
TRAIN,late_limit_97_to_99,270.0,,UP,0.5052053233510394,0.0,settlement,-10.02
TRAIN,late_limit_97_to_99,270.0,,UP,0.5050337107966443,0.0,settlement,-10.02
TRAIN,late_limit_97_to_99,270.0,,UP,0.5055359004573595,1.0,settlement,9.760988829780391
TRAIN,late_limit_97_to_99,270.0,,DOWN,0.5051061036942552,1.0,settlement,9.777820550695779
TRAIN,late_limit_97_to_99,270.0,,UP,0.5068254498070229,1.0,settlement,9.710658757975878
TRAIN,late_limit_97_to_99,270.0,,UP,0.5058767316940651,1.0,settlement,9.747661514124783
TRAIN,late_limit_97_to_99,270.0,,DOWN,0.5051074997288366,1.0,settlement,9.777765832755264
TRAIN,late_limit_97_to_99,270.0,,UP,0.5110758807669306,1.0,settlement,9.546566093852448
TRAIN,late_limit_97_to_99,270.0,,DOWN,0.5080265232309565,1.0,settlement,9.664011646482184
TRAIN,late_limit_97_to_99,270.0,,UP,0.5076701870805126,1.0,settlement,9.677827949101289
TRAIN,late_limit_97_to_99,270.0,,DOWN,0.5060112109355167,1.0,settlement,9.742407993909733
TRAIN,late_limit_97_to_99,270.0,,DOWN,0.5054725272167823,1.0,settlement,9.763468856481087
TRAIN,late_limit_97_to_99,270.0,,DOWN,0.5051346289013513,1.0,settlement,9.776702557790628
TRAIN,late_limit_97_to_99,270.0,,DOWN,0.5050360702073039,1.0,settlement,9.780565919767405
TRAIN,late_limit_97_to_99,270.0,,DOWN,0.5084859623822425,1.0,settlement,9.64622628705477
TRAIN,late_limit_97_to_99,270.0,,DOWN,0.5056356150846292,1.0,settlement,9.757087890310657
TRAIN,late_limit_97_to_99,270.0,,DOWN,0.5058405762299384,1.0,settlement,9.749074427620318
TRAIN,late_limit_97_to_99,270.0,,UP,0.5054020200568371,1.0,settlement,9.766228790449649
TRAIN,late_limit_97_to_99,270.0,,DOWN,0.5050196311477045,1.0,settlement,9.78121045448087
TRAIN,late_limit_97_to_99,270.0,,DOWN,0.5050666913542768,1.0,settlement,9.779365452483468
TRAIN,late_limit_97_to_99,270.0,,DOWN,0.5057964471941769,1.0,settlement,9.750799212753204
TRAIN,late_limit_97_to_99,270.0,,UP,0.5059836209172895,1.0,settlement,9.743485588468577
TRAIN,late_limit_97_to_99,270.0,,UP,0.5065244133420527,1.0,settlement,9.722385039291414
TRAIN,late_limit_97_to_99,270.0,,DOWN,0.5077805119640985,1.0,settlement,9.673548224842133
TRAIN,late_limit_97_to_99,270.0,,UP,0.5122915512507751,1.0,settlement,9.500134531956856
TRAIN,late_limit_97_to_99,270.0,,DOWN,0.5051509363908152,0.0,settlement,-10.02
TRAIN,late_limit_97_to_99,270.0,,DOWN,0.5062019850206128,1.0,settlement,9.734960067161325
TRAIN,late_limit_97_to_99,270.0,,DOWN,0.5064311679664814,1.0,settlement,9.726020056691812
TRAIN,late_limit_97_to_99,270.0,,DOWN,0.5057630081146983,1.0,settlement,9.752106380963657
TRAIN,late_limit_97_to_99,270.0,,UP,0.507090512296381,1.0,settlement,9.700345298346392
TRAIN,late_limit_97_to_99,270.0,,UP,0.5078644821437254,1.0,settlement,9.67029209876899
TRAIN,late_limit_97_to_99,270.0,,UP,0.5081428835232041,1.0,settlement,9.65950417934635
TRAIN,late_limit_97_to_99,270.0,,UP,0.5150924928527958,1.0,settlement,9.393989018973766
TRAIN,late_limit_97_to_99,270.0,,UP,0.5060727546676524,1.0,settlement,9.74000467870907
TRAIN,late_limit_97_to_99,270.0,,DOWN,0.5071005842346922,1.0,settlement,9.699953616483867
TRAIN,late_limit_97_to_99,270.0,,UP,0.5128668443350292,1.0,settlement,9.478238403314528
TRAIN,late_limit_97_to_99,270.0,,DOWN,0.5076211616406762,1.0,settlement,9.6797303415782
TRAIN,late_limit_97_to_99,270.0,,UP,0.5057830064900418,0.0,settlement,-10.02
TRAIN,late_limit_97_to_99,270.0,,UP,0.5066546579180149,1.0,settlement,9.717309908671886
TRAIN,late_limit_97_to_99,270.0,,UP,0.5063779335048617,1.0,settlement,9.728095914815352
TRAIN,late_limit_97_to_99,270.0,,DOWN,0.5098662630914951,1.0,settlement,9.592986235579797
TRAIN,late_limit_97_to_99,270.0,,DOWN,0.5050128341306807,1.0,settlement,9.781476960904978
TRAIN,late_limit_97_to_99,270.0,,UP,0.5092198858620576,1.0,settlement,9.617881939883425
TRAIN,late_limit_97_to_99,270.0,,DOWN,0.5064914871257475,1.0,settlement,9.723668460744104
TRAIN,late_limit_97_to_99,270.0,,DOWN,0.5077432699164716,1.0,settlement,9.674992710873532
TRAIN,late_limit_97_to_99,270.0,,DOWN,0.5064238550294811,1.0,settlement,9.726305196104672
TRAIN,late_limit_97_to_99,270.0,,DOWN,0.5060360565148055,0.0,settlement,-10.02
TRAIN,late_limit_97_to_99,270.0,,DOWN,0.5052346114108727,0.0,settlement,-10.02
TRAIN,late_limit_97_to_99,270.0,,UP,0.5115564324023061,1.0,settlement,9.528185432913581
TRAIN,late_limit_97_to_99,270.0,,DOWN,0.508734874987753,1.0,settlement,9.636604042018416
TRAIN,late_limit_97_to_99,270.0,,DOWN,0.5052946876345298,0.0,settlement,-10.02
TRAIN,late_limit_97_to_99,270.0,,DOWN,0.5086462392674654,1.0,settlement,9.64002936422306
TRAIN,late_limit_97_to_99,270.0,,UP,0.5085023105755335,1.0,settlement,9.645594023912679
TRAIN,late_limit_97_to_99,270.0,,DOWN,0.5064749460112695,1.0,settlement,9.72431327502919
TRAIN,late_limit_97_to_99,270.0,,DOWN,0.5088663717397309,1.0,settlement,9.631524556066921
TRAIN,late_limit_97_to_99,270.0,,UP,0.5070816147426022,1.0,settlement,9.700691323182884
TRAIN,late_limit_97_to_99,270.0,,DOWN,0.5052605441174711,1.0,settlement,9.77176905148374
TRAIN,late_limit_97_to_99,270.0,,DOWN,0.5072107887276687,1.0,settlement,9.69566895310895
TRAIN,late_limit_97_to_99,270.0,,DOWN,0.5082021437321539,1.0,settlement,9.65720940049884
TRAIN,late_limit_97_to_99,270.0,,DOWN,0.5070354556256331,1.0,settlement,9.702486640822698
TRAIN,late_limit_97_to_99,270.0,,DOWN,0.5092818523141751,1.0,settlement,9.615492516688022
TRAIN,late_limit_97_to_99,270.0,,DOWN,0.5081463678058937,1.0,settlement,9.659369239966484
TRAIN,late_limit_97_to_99,270.0,,DOWN,0.5061533143080564,1.0,settlement,9.736859665476324
TRAIN,late_limit_97_to_99,270.0,,DOWN,0.5062065819323361,1.0,settlement,9.734780670427327
TRAIN,late_limit_97_to_99,270.0,,UP,0.5069783315920203,1.0,settlement,9.70470888173438
TRAIN,late_limit_97_to_99,270.0,,UP,0.5057470837325694,1.0,settlement,9.752728942294471
TRAIN,late_limit_97_to_99,270.0,,DOWN,0.5072528841718412,1.0,settlement,9.694032806982161
TRAIN,late_limit_97_to_99,270.0,,UP,0.5068674789920186,1.0,settlement,9.709022702120265
TRAIN,late_limit_97_to_99,270.0,,DOWN,0.5071270584648339,1.0,settlement,9.69892414944654
TRAIN,late_limit_97_to_99,270.0,,DOWN,0.5054993146565485,1.0,settlement,9.762420490113428
TRAIN,late_limit_97_to_99,270.0,,DOWN,0.5054469316922686,1.0,settlement,9.764470679284493
TRAIN,late_limit_97_to_99,270.0,,UP,0.5052927352783675,1.0,settlement,9.77050815858448
TRAIN,late_limit_97_to_99,270.0,,UP,0.5066372509386458,1.0,settlement,9.717988040699773
TRAIN,late_limit_97_to_99,270.0,,DOWN,0.5050848009313638,0.0,settlement,-10.02
TRAIN,late_limit_97_to_99,270.0,,UP,0.5076922408582476,1.0,settlement,9.676972289935179
TRAIN,late_limit_97_to_99,270.0,,UP,0.5092577966973034,1.0,settlement,9.616420030980649
TRAIN,late_limit_97_to_99,270.0,,DOWN,0.5085146340607163,1.0,settlement,9.645117442433342
TRAIN,late_limit_97_to_99,270.0,,UP,0.5073388888412811,1.0,settlement,9.69069086156425
TRAIN,late_limit_97_to_99,270.0,,UP,0.5068912335384673,1.0,settlement,9.708098136937128
TRAIN,late_limit_97_to_99,270.0,,DOWN,0.5067705070363026,1.0,settlement,9.71279790586481
TRAIN,late_limit_97_to_99,270.0,,DOWN,0.5056161281486468,0.0,settlement,-10.02
TRAIN,late_limit_97_to_99,270.0,,UP,0.5066640888060836,1.0,settlement,9.716942524512167
TRAIN,late_limit_97_to_99,270.0,,DOWN,0.5063965003746725,1.0,settlement,9.727371857035351
TRAIN,late_limit_97_to_99,270.0,,UP,0.5055730673379486,0.0,settlement,-10.02
TRAIN,late_limit_97_to_99,270.0,,DOWN,0.5052766931952114,1.0,settlement,9.771136489520494
TRAIN,late_limit_97_to_99,270.0,,DOWN,0.506869457357194,1.0,settlement,9.708945697655125
TRAIN,late_limit_97_to_99,270.0,,DOWN,0.5071682630180162,1.0,settlement,9.6973220983758
TRAIN,late_limit_97_to_99,270.0,,DOWN,0.5075545952486283,1.0,settlement,9.682313984767386
TRAIN,late_limit_97_to_99,270.0,,UP,0.5051556663996256,1.0,settlement,9.775878112726268
TRAIN,late_limit_97_to_99,270.0,,DOWN,0.5053251742148718,1.0,settlement,9.769237723090065
TRAIN,late_limit_97_to_99,270.0,,UP,0.5057913161581353,1.0,settlement,9.750999779034377
TRAIN,late_limit_97_to_99,270.0,,DOWN,0.5051364438421084,1.0,settlement,9.776631428806038
TRAIN,late_limit_97_to_99,270.0,,DOWN,0.5051177015728752,1.0,settlement,9.777365977991298
TRAIN,late_limit_97_to_99,270.0,,UP,0.50514725721985,1.0,settlement,9.776207654449966
TRAIN,late_limit_97_to_99,270.0,,DOWN,0.5072101848175753,1.0,settlement,9.695692427581339
TRAIN,late_limit_97_to_99,270.0,,UP,0.5052331126780452,1.0,settlement,9.77284363804635
TRAIN,late_limit_97_to_99,270.0,,UP,0.5059798674647342,1.0,settlement,9.74363219767233
TRAIN,late_limit_97_to_99,270.0,,DOWN,0.5081130281984342,1.0,settlement,9.660660492914353
TRAIN,late_limit_97_to_99,270.0,,UP,0.5058742515467295,1.0,settlement,9.74775842894677
TRAIN,late_limit_97_to_99,270.0,,DOWN,0.5056173480407097,1.0,settlement,9.757802400867885
TRAIN,late_limit_97_to_99,270.0,,DOWN,0.5053570891120006,1.0,settlement,9.767987970192962
TRAIN,late_limit_97_to_99,270.0,,DOWN,0.505455241175915,1.0,settlement,9.7641454304352
TRAIN,late_limit_97_to_99,270.0,,UP,0.5065654010237867,1.0,settlement,9.720787625427327
TRAIN,late_limit_97_to_99,270.0,,UP,0.5071152102472932,1.0,settlement,9.699384861525903
TRAIN,late_limit_97_to_99,270.0,,DOWN,0.5057201423178198,0.0,settlement,-10.02
TRAIN,late_limit_97_to_99,270.0,,UP,0.5053537115183917,0.0,settlement,-10.02
TRAIN,late_limit_97_to_99,270.0,,UP,0.5060067071618074,1.0,settlement,9.742583891604955
TRAIN,late_limit_97_to_99,270.0,,DOWN,0.5055533911759064,1.0,settlement,9.76030446347163
TRAIN,late_limit_97_to_99,270.0,,DOWN,0.5057454814834822,0.0,settlement,-10.02
TRAIN,late_limit_97_to_99,270.0,,UP,0.505664891263951,1.0,settlement,9.755942868021108
TRAIN,late_limit_97_to_99,270.0,,DOWN,0.5053973359318756,1.0,settlement,9.76641217322906
TRAIN,late_limit_97_to_99,270.0,,DOWN,0.5053143064615868,1.0,settlement,9.769663328600384
TRAIN,late_limit_97_to_99,270.0,,UP,0.5060801348206314,0.0,settlement,-10.02
TRAIN,late_limit_97_to_99,270.0,,UP,0.5060962219472088,1.0,settlement,9.739088422997764
TRAIN,late_limit_97_to_99,270.0,,UP,0.5063311224158621,1.0,settlement,9.729921656577051
TRAIN,late_limit_97_to_99,270.0,,UP,0.5053857741594446,1.0,settlement,9.766864829410672
TRAIN,late_limit_97_to_99,270.0,,DOWN,0.505357197789086,1.0,settlement,9.767983714785363
TRAIN,late_limit_97_to_99,270.0,,DOWN,0.5071950464827436,1.0,settlement,9.69628088512933
TRAIN,late_limit_97_to_99,270.0,,UP,0.5057016998868095,1.0,settlement,9.754503432039652
TRAIN,late_limit_97_to_99,270.0,,UP,0.5051343097740059,1.0,settlement,9.776715064700202
TRAIN,late_limit_97_to_99,270.0,,DOWN,0.507773254129562,1.0,settlement,9.673829713702148
TRAIN,late_limit_97_to_99,270.0,,UP,0.5076680100600071,1.0,settlement,9.677912418822661
TRAIN,late_limit_97_to_99,270.0,,UP,0.5061608516231348,1.0,settlement,9.736565463196985
TRAIN,late_limit_97_to_99,270.0,,DOWN,0.5057450177652202,1.0,settlement,9.752809713851214
TRAIN,late_limit_97_to_99,270.0,,DOWN,0.5093008286103429,1.0,settlement,9.614760907979644
TRAIN,late_limit_97_to_99,270.0,,DOWN,0.5099215796483015,1.0,settlement,9.590858608684709
TRAIN,late_limit_97_to_99,270.0,,DOWN,0.5053092675707501,1.0,settlement,9.769860669040401
TRAIN,late_limit_97_to_99,270.0,,UP,0.5055575518772116,1.0,settlement,9.760141673027114
TRAIN,late_limit_97_to_99,270.0,,UP,0.506685829475614,1.0,settlement,9.716095659808232
TRAIN,late_limit_97_to_99,270.0,,UP,0.5063612442853255,1.0,settlement,9.728746794620758
TRAIN,late_limit_97_to_99,270.0,,DOWN,0.5051461747850775,1.0,settlement,9.776250074059572
TRAIN,late_limit_97_to_99,270.0,,DOWN,0.5064487596845846,1.0,settlement,9.725334170090541
TRAIN,late_limit_97_to_99,270.0,,DOWN,0.5087124003677581,1.0,settlement,9.637472459430526
TRAIN,late_limit_97_to_99,270.0,,DOWN,0.505655927502433,1.0,settlement,9.756293436116959
TRAIN,late_limit_97_to_99,270.0,,UP,0.5060823227534712,1.0,settlement,9.739631092412843
TRAIN,late_limit_97_to_99,270.0,,UP,0.5055408635520373,1.0,settlement,9.760794631986581
TRAIN,late_limit_97_to_99,270.0,,UP,0.5076867340693318,1.0,settlement,9.677185939537193
TRAIN,late_limit_97_to_99,270.0,,DOWN,0.5054081669741447,1.0,settlement,9.765988144729707
TRAIN,late_limit_97_to_99,270.0,,DOWN,0.5071430255095214,1.0,settlement,9.698303312863473
TRAIN,late_limit_97_to_99,270.0,,DOWN,0.5064459932770431,1.0,settlement,9.725442026884913
TRAIN,late_limit_97_to_99,270.0,,DOWN,0.5055673407849407,1.0,settlement,9.759758685507776
TRAIN,late_limit_97_to_99,270.0,,DOWN,0.5051066774038346,0.0,settlement,-10.02
TRAIN,late_limit_97_to_99,270.0,,UP,0.5097097718073342,1.0,settlement,9.599007821925596
TRAIN,late_limit_97_to_99,270.0,,DOWN,0.5069410344384521,1.0,settlement,9.706160086995492
TRAIN,late_limit_97_to_99,270.0,,DOWN,0.5053137807616707,0.0,settlement,-10.02
TRAIN,late_limit_97_to_99,270.0,,UP,0.5064244010745202,1.0,settlement,9.726283904926813
TRAIN,late_limit_97_to_99,270.0,,DOWN,0.5054197494711804,1.0,settlement,9.765534717357163
TRAIN,late_limit_97_to_99,270.0,,DOWN,0.5050209769771723,1.0,settlement,9.781157686271744
TRAIN,late_limit_97_to_99,270.0,,UP,0.5077951085886985,1.0,settlement,9.672982131696259
TRAIN,late_limit_97_to_99,270.0,,DOWN,0.50536080127964,1.0,settlement,9.767842615966028
TRAIN,late_limit_97_to_99,270.0,,UP,0.5064428110933572,1.0,settlement,9.725566095431471
TRAIN,late_limit_97_to_99,270.0,,DOWN,0.505274698911314,0.0,settlement,-10.02
TRAIN,late_limit_97_to_99,270.0,,UP,0.5064826756300805,1.0,settlement,9.724011949786206
TRAIN,late_limit_97_to_99,270.0,,DOWN,0.5053994771028151,1.0,settlement,9.766328346290845
TRAIN,late_limit_97_to_99,270.0,,DOWN,0.5056446800896143,1.0,settlement,9.756733334221419
TRAIN,late_limit_97_to_99,270.0,,DOWN,0.5054341713194747,1.0,settlement,9.76497016514383
TRAIN,late_limit_97_to_99,270.0,,UP,0.505468344794534,1.0,settlement,9.763632551836388
TRAIN,late_limit_97_to_99,270.0,,UP,0.5060422551799892,1.0,settlement,9.7411956267233
TRAIN,late_limit_97_to_99,270.0,,UP,0.5138022954514122,1.0,settlement,9.442739050658158
TRAIN,late_limit_97_to_99,270.0,,UP,0.5122707674971329,1.0,settlement,9.500926499199409
TRAIN,late_limit_97_to_99,270.0,,UP,0.5077490832292639,1.0,settlement,9.67476721927374
TRAIN,late_limit_97_to_99,270.0,,UP,0.5050935154173454,1.0,settlement,9.778313965162006
TRAIN,late_limit_97_to_99,270.0,,DOWN,0.5069252934767752,1.0,settlement,9.706772620506754
TRAIN,late_limit_97_to_99,270.0,,DOWN,0.5085618034138509,1.0,settlement,9.64329349328331
TRAIN,late_limit_97_to_99,270.0,,UP,0.5065827592340297,1.0,settlement,9.72011120141621
TRAIN,late_limit_97_to_99,270.0,,DOWN,0.5055605323308471,1.0,settlement,9.760025062272536
TRAIN,late_limit_97_to_99,270.0,,DOWN,0.5072812266442274,1.0,settlement,9.69293135792175
TRAIN,late_limit_97_to_99,270.0,,DOWN,0.505678057505016,1.0,settlement,9.755427965649481
TRAIN,late_limit_97_to_99,270.0,,UP,0.5075036676899085,1.0,settlement,9.68429109511408
TRAIN,late_limit_97_to_99,270.0,,UP,0.5051129439771838,1.0,settlement,9.777552446907212
TRAIN,late_limit_97_to_99,270.0,,DOWN,0.5054968562669816,1.0,settlement,9.762516698221429
TRAIN,late_limit_97_to_99,270.0,,DOWN,0.5063058690909147,1.0,settlement,9.730906735399412
TRAIN,late_limit_97_to_99,270.0,,UP,0.5067135397764345,1.0,settlement,9.715016365286132
TRAIN,late_limit_97_to_99,270.0,,DOWN,0.505552327282821,1.0,settlement,9.760346089487395
TRAIN,late_limit_97_to_99,270.0,,UP,0.5062223336185572,1.0,settlement,9.734165977858822
TRAIN,late_limit_97_to_99,270.0,,UP,0.5083694259188966,1.0,settlement,9.6507344898341
TRAIN,late_limit_97_to_99,270.0,,UP,0.5053051355937255,1.0,settlement,9.77002249452731
TRAIN,late_limit_97_to_99,270.0,,DOWN,0.5068995571345721,1.0,settlement,9.70777418968072
TRAIN,late_limit_97_to_99,270.0,,DOWN,0.5062775798727243,1.0,settlement,9.73201035470295
TRAIN,late_limit_97_to_99,270.0,,DOWN,0.5051302059381574,0.0,settlement,-10.02
TRAIN,late_limit_97_to_99,270.0,,DOWN,0.5060315247312476,1.0,settlement,9.741614664839275
TRAIN,late_limit_97_to_99,270.0,,UP,0.5063070575156764,1.0,settlement,9.730860375258306
TRAIN,late_limit_97_to_99,270.0,,DOWN,0.5063742631633378,1.0,settlement,9.728239054508123
TRAIN,late_limit_97_to_99,270.0,,UP,0.5057162128403417,1.0,settlement,9.753935946872783
TRAIN,late_limit_97_to_99,270.0,,DOWN,0.5069194352712282,1.0,settlement,9.70700059260794
TRAIN,late_limit_97_to_99,270.0,,UP,0.5050326149750316,1.0,settlement,9.78070138736365
TRAIN,late_limit_97_to_99,270.0,,UP,0.507984492365926,1.0,settlement,9.66564031044576
TRAIN,late_limit_97_to_99,270.0,,DOWN,0.5053246604356393,1.0,settlement,9.769257843420945
TRAIN,late_limit_97_to_99,270.0,,DOWN,0.5050108686518183,0.0,settlement,-10.02
TRAIN,late_limit_97_to_99,270.0,,DOWN,0.5071499054559327,1.0,settlement,9.698035816273894
TRAIN,late_limit_97_to_99,270.0,,DOWN,0.5061966720900226,1.0,settlement,9.735167410941784
TRAIN,late_limit_97_to_99,270.0,,UP,0.5054815323810874,1.0,settlement,9.763116413560493
TRAIN,late_limit_97_to_99,270.0,,DOWN,0.5054642951149354,1.0,settlement,9.763791054373371
TRAIN,late_limit_97_to_99,270.0,,DOWN,0.5075485694459446,1.0,settlement,9.68254789786188
TRAIN,late_limit_97_to_99,270.0,,DOWN,0.5055270798404107,1.0,settlement,9.761333975534782
TRAIN,late_limit_97_to_99,270.0,,DOWN,0.5055730601481562,0.0,settlement,-10.02
TRAIN,late_limit_97_to_99,270.0,,DOWN,0.5055274626038001,1.0,settlement,9.761318997969763
TRAIN,late_limit_97_to_99,270.0,,UP,0.505496499836691,1.0,settlement,9.76253064705822
TRAIN,late_limit_97_to_99,270.0,,UP,0.5062012348642199,1.0,settlement,9.73498934269162
TRAIN,late_limit_97_to_99,270.0,,DOWN,0.5053412645541069,1.0,settlement,9.768607623055686
TRAIN,late_limit_97_to_99,270.0,,DOWN,0.5051730234801991,1.0,settlement,9.775197952394151
TRAIN,late_limit_97_to_99,270.0,,DOWN,0.5051502786056811,1.0,settlement,9.77608925011793
TRAIN,late_limit_97_to_99,270.0,,DOWN,0.5058698943068111,1.0,settlement,9.74792869578236
TRAIN,late_limit_97_to_99,270.0,,UP,0.5067968781986766,1.0,settlement,9.71177111023908
TRAIN,late_limit_97_to_99,270.0,,DOWN,0.5059176457245421,1.0,settlement,9.746062884955624
TRAIN,late_limit_97_to_99,270.0,,DOWN,0.5055421048786877,1.0,settlement,9.760746061496992
TRAIN,late_limit_97_to_99,270.0,,DOWN,0.5070281503597057,1.0,settlement,9.702770802578922
TRAIN,late_limit_97_to_99,270.0,,UP,0.5056135236480882,1.0,settlement,9.757951997502534
TRAIN,late_limit_97_to_99,270.0,,DOWN,0.5059213930284322,1.0,settlement,9.74591647991057
TRAIN,late_limit_97_to_99,270.0,,DOWN,0.5050823380714452,0.0,settlement,-10.02
TRAIN,late_limit_97_to_99,270.0,,DOWN,0.5093032403697786,1.0,settlement,9.614667929345043
TRAIN,late_limit_97_to_99,270.0,,UP,0.5063261251586771,1.0,settlement,9.730116581217509
TRAIN,late_limit_97_to_99,270.0,,UP,0.5065280344183093,1.0,settlement,9.722243904592329
TRAIN,late_limit_97_to_99,270.0,,DOWN,0.5053394387252365,1.0,settlement,9.768679120762645
TRAIN,late_limit_97_to_99,270.0,,UP,0.5053064376671298,1.0,settlement,9.769971499606129
TRAIN,late_limit_97_to_99,270.0,,DOWN,0.5107141422895184,1.0,settlement,9.560425079223883
TRAIN,late_limit_97_to_99,270.0,,UP,0.5063060911268488,1.0,settlement,9.730898073818793
TRAIN,late_limit_97_to_99,270.0,,UP,0.5090079675341858,1.0,settlement,9.626057896585646
TRAIN,late_limit_97_to_99,270.0,,UP,0.5060165821567744,1.0,settlement,9.742198221602536
TRAIN,late_limit_97_to_99,270.0,,DOWN,0.5057020480871992,1.0,settlement,9.754489816334857
TRAIN,late_limit_97_to_99,270.0,,UP,0.5063311073816721,1.0,settlement,9.729922242999788
TRAIN,late_limit_97_to_99,270.0,,UP,0.5051513740213441,1.0,settlement,9.776046322497919
TRAIN,late_limit_97_to_99,270.0,,DOWN,0.5139170941497625,1.0,settlement,9.438391467877235
TRAIN,late_limit_97_to_99,270.0,,DOWN,0.5064288018587578,1.0,settlement,9.726112312918932
TRAIN,late_limit_97_to_99,270.0,,DOWN,0.5067848377244263,1.0,settlement,9.71223990856192
TRAIN,late_limit_97_to_99,270.0,,UP,0.510347170406578,1.0,settlement,9.574504642855779
TRAIN,late_limit_97_to_99,270.0,,UP,0.5076139953416013,1.0,settlement,9.680008454791423
TRAIN,late_limit_97_to_99,270.0,,DOWN,0.5053394211079435,0.0,settlement,-10.02
TRAIN,late_limit_97_to_99,270.0,,UP,0.5062455788963319,1.0,settlement,9.733258925838012
TRAIN,late_limit_97_to_99,270.0,,UP,0.5086340580675939,1.0,settlement,9.6405001992829
TRAIN,late_limit_97_to_99,270.0,,DOWN,0.5050540098778562,1.0,settlement,9.779862597702039
TRAIN,late_limit_97_to_99,270.0,,DOWN,0.5052638021876544,1.0,settlement,9.771641429096501
TRAIN,late_limit_97_to_99,270.0,,UP,0.5063853179346879,1.0,settlement,9.727807935635628
TRAIN,late_limit_97_to_99,270.0,,DOWN,0.505841041934988,1.0,settlement,9.74905622712446
TRAIN,late_limit_97_to_99,270.0,,DOWN,0.5062486062259449,1.0,settlement,9.733140802795372
TRAIN,late_limit_97_to_99,270.0,,UP,0.5075317328234173,1.0,settlement,9.683201501056178
TRAIN,late_limit_97_to_99,270.0,,UP,0.5056466305327806,1.0,settlement,9.756657048942227
TRAIN,late_limit_97_to_99,270.0,,UP,0.5068217911235507,1.0,settlement,9.710801191147372
TRAIN,late_limit_97_to_99,270.0,,DOWN,0.5054871572819758,0.0,settlement,-10.02
TRAIN,late_limit_97_to_99,270.0,,UP,0.5050054114529803,0.0,settlement,-10.02
TRAIN,late_limit_97_to_99,270.0,,UP,0.5054427166638191,0.0,settlement,-10.02
TRAIN,late_limit_97_to_99,270.0,,UP,0.507192657145868,1.0,settlement,9.69637376667307
TRAIN,late_limit_97_to_99,270.0,,DOWN,0.5052952458648926,1.0,settlement,9.770409828383446
TRAIN,late_limit_97_to_99,270.0,,UP,0.5058370458705873,1.0,settlement,9.749212400782497
TRAIN,late_limit_97_to_99,270.0,,DOWN,0.5065871760321498,1.0,settlement,9.719939092665399
TRAIN,late_limit_97_to_99,270.0,,UP,0.507642000840486,1.0,settlement,9.678921648412327
TRAIN,late_limit_97_to_99,270.0,,DOWN,0.5051308731854212,1.0,settlement,9.776849748934758
TRAIN,late_limit_97_to_99,270.0,,UP,0.5058385181711671,1.0,settlement,9.749154860239749
TRAIN,late_limit_97_to_99,270.0,,UP,0.5076973294949703,1.0,settlement,9.676774867709973
TRAIN,late_limit_97_to_99,270.0,,DOWN,0.5084002148173788,1.0,settlement,9.649543223131946
TRAIN,late_limit_97_to_99,270.0,,DOWN,0.5067334990756085,1.0,settlement,9.714239039341514
TRAIN,late_limit_97_to_99,270.0,,DOWN,0.5107657057123214,1.0,settlement,9.558448373024287
TRAIN,late_limit_97_to_99,270.0,,UP,0.5086008641345358,1.0,settlement,9.64178334560357
TRAIN,late_limit_97_to_99,270.0,,DOWN,0.5121303922823485,1.0,settlement,9.506277195606827
TRAIN,late_limit_97_to_99,270.0,,UP,0.5071471388106158,1.0,settlement,9.698143384289711
TRAIN,late_limit_97_to_99,270.0,,UP,0.5091712287211585,1.0,settlement,9.619758564355923
TRAIN,late_limit_97_to_99,270.0,,UP,0.5058410598329742,1.0,settlement,9.749055527643293
TRAIN,late_limit_97_to_99,270.0,,DOWN,0.5057724281545547,1.0,settlement,9.751738124372778
TRAIN,late_limit_97_to_99,270.0,,DOWN,0.5063533673648685,1.0,settlement,9.72905400953756
TRAIN,late_limit_97_to_99,270.0,,DOWN,0.506176642473326,1.0,settlement,9.735949130993276
TRAIN,late_limit_97_to_99,270.0,,UP,0.5066591161896447,1.0,settlement,9.717136233145279
TRAIN,late_limit_97_to_99,270.0,,DOWN,0.5054647034387391,1.0,settlement,9.763775072658408
TRAIN,late_limit_97_to_99,270.0,,UP,0.5051459930216289,1.0,settlement,9.776257197217497
TRAIN,late_limit_97_to_99,270.0,,DOWN,0.5062341693838884,1.0,settlement,9.73370412505044
TRAIN,late_limit_97_to_99,270.0,,UP,0.5054581350666505,1.0,settlement,9.764032160608881
TRAIN,late_limit_97_to_99,270.0,,UP,0.5083576575137194,1.0,settlement,9.651189864451137
TRAIN,late_limit_97_to_99,270.0,,UP,0.5052121367870175,1.0,settlement,9.773665416663782
TRAIN,late_limit_97_to_99,270.0,,UP,0.5067200586816474,1.0,settlement,9.714762476183349
TRAIN,late_limit_97_to_99,270.0,,UP,0.5076933440677726,1.0,settlement,9.676929488729105
TRAIN,late_limit_97_to_99,270.0,,DOWN,0.5081079326209167,1.0,settlement,9.660857861081034
TRAIN,late_limit_97_to_99,270.0,,DOWN,0.5052647192046815,1.0,settlement,9.771605508772964
TRAIN,late_limit_97_to_99,270.0,,UP,0.5054020567616324,1.0,settlement,9.76622735347592
TRAIN,late_limit_97_to_99,270.0,,DOWN,0.5050084355954801,1.0,settlement,9.781649428308086
TRAIN,late_limit_97_to_99,270.0,,UP,0.5082988927927854,1.0,settlement,9.65346406177719
TRAIN,late_limit_97_to_99,270.0,,UP,0.5053899535727149,1.0,settlement,9.766701198367237
TRAIN,late_limit_97_to_99,270.0,,DOWN,0.5075385777184142,1.0,settlement,9.682935774762068
TRAIN,late_limit_97_to_99,270.0,,DOWN,0.5080815637809938,1.0,settlement,9.661879274624603
TRAIN,late_limit_97_to_99,270.0,,UP,0.5078392847550822,1.0,settlement,9.67126906915589
TRAIN,late_limit_97_to_99,270.0,,UP,0.5051935161326727,1.0,settlement,9.774394980662862
TRAIN,late_limit_97_to_99,270.0,,DOWN,0.5051011806798542,1.0,settlement,9.778013511946728
TRAIN,late_limit_97_to_99,270.0,,UP,0.5063180261648859,1.0,settlement,9.730432501376978
TRAIN,late_limit_97_to_99,270.0,,DOWN,0.5057509047651921,1.0,settlement,9.752579556022262
TRAIN,late_limit_97_to_99,270.0,,DOWN,0.5061778219811238,1.0,settlement,9.735903095203007
TRAIN,late_limit_97_to_99,270.0,,UP,0.5059342393905053,1.0,settlement,9.745414596266336
TRAIN,late_limit_97_to_99,270.0,,DOWN,0.5058733759085051,1.0,settlement,9.747792645819441
TRAIN,late_limit_97_to_99,270.0,,UP,0.5058114329652555,1.0,settlement,9.750213459542156
TRAIN,late_limit_97_to_99,270.0,,UP,0.5060328383088748,1.0,settlement,9.741563366953176
TRAIN,late_limit_97_to_99,270.0,,UP,0.5060078764144554,1.0,settlement,9.742538225411554
TRAIN,late_limit_97_to_99,270.0,,UP,0.5055741516922939,1.0,settlement,9.759492219939027
TRAIN,late_limit_97_to_99,270.0,,UP,0.5055274855762847,1.0,settlement,9.76131809905515
TRAIN,late_limit_97_to_99,270.0,,UP,0.5068236586201376,1.0,settlement,9.710728488929842
TRAIN,late_limit_97_to_99,270.0,,UP,0.5062040355611549,1.0,settlement,9.734880043408687
TRAIN,late_limit_97_to_99,270.0,,UP,0.5062030587523824,1.0,settlement,9.734918163960891
TRAIN,late_limit_97_to_99,270.0,,DOWN,0.5051650246184564,0.0,settlement,-10.02
TRAIN,late_limit_97_to_99,270.0,,DOWN,0.5050592056431537,1.0,settlement,9.77965890784186
TRAIN,late_limit_97_to_99,270.0,,UP,0.5052252683401772,0.0,settlement,-10.02
TRAIN,late_limit_97_to_99,270.0,,DOWN,0.5052857306791269,1.0,settlement,9.77078250747265
TRAIN,late_limit_97_to_99,270.0,,DOWN,0.5054017633982385,1.0,settlement,9.766238838506698
TRAIN,late_limit_97_to_99,270.0,,DOWN,0.5059924565513102,1.0,settlement,9.743140478727572
TRAIN,late_limit_97_to_99,270.0,,DOWN,0.5079230419881061,1.0,settlement,9.668021950841457
TRAIN,late_limit_97_to_99,270.0,,DOWN,0.506302178990719,1.0,settlement,9.73105068663611
TRAIN,late_limit_97_to_99,270.0,,UP,0.5055731414210698,1.0,settlement,9.759531744688623
TRAIN,late_limit_97_to_99,270.0,,DOWN,0.5057329196610195,1.0,settlement,9.753282717491984
TRAIN,late_limit_97_to_99,270.0,,DOWN,0.5052377277927362,1.0,settlement,9.77266283950652
TRAIN,late_limit_97_to_99,270.0,,UP,0.5054397623138996,1.0,settlement,9.764751310858628
TRAIN,late_limit_97_to_99,270.0,,UP,0.5054175355905656,1.0,settlement,9.76562138394208
TRAIN,late_limit_97_to_99,270.0,,DOWN,0.5093170257100251,1.0,settlement,9.61413649103772
TRAIN,late_limit_97_to_99,270.0,,DOWN,0.506892815532562,1.0,settlement,9.708036566258286
TRAIN,late_limit_97_to_99,270.0,,UP,0.5072184402458813,1.0,settlement,9.6953715372658
TRAIN,late_limit_97_to_99,270.0,,DOWN,0.505901500604831,1.0,settlement,9.746693690460479
TRAIN,late_limit_97_to_99,270.0,,UP,0.5059011595919911,1.0,settlement,9.746707014597462
TRAIN,late_limit_97_to_99,270.0,,DOWN,0.5074870801195951,1.0,settlement,9.684935143656045
TRAIN,late_limit_97_to_99,270.0,,UP,0.506968375545878,1.0,settlement,9.705096243394873
TRAIN,late_limit_97_to_99,270.0,,DOWN,0.5054786385325375,0.0,settlement,-10.02
TRAIN,late_limit_97_to_99,270.0,,DOWN,0.505839192016199,1.0,settlement,9.749128525098072
TRAIN,late_limit_97_to_99,270.0,,DOWN,0.5079847951423946,1.0,settlement,9.665628577124782
TRAIN,late_limit_97_to_99,270.0,,UP,0.5059968884749897,1.0,settlement,9.742967377405677
TRAIN,late_limit_97_to_99,270.0,,DOWN,0.5074878518302882,1.0,settlement,9.684905179373938
TRAIN,late_limit_97_to_99,270.0,,UP,0.5063848536367095,1.0,settlement,9.727826042155279
TRAIN,late_limit_97_to_99,270.0,,DOWN,0.5066015537354107,1.0,settlement,9.71937885951062
TRAIN,late_limit_97_to_99,270.0,,DOWN,0.5051729112248413,1.0,settlement,9.775202351119773
TRAIN,late_limit_97_to_99,270.0,,DOWN,0.512512800919307,1.0,settlement,9.491707770152768
TRAIN,late_limit_97_to_99,270.0,,DOWN,0.5074901291791849,1.0,settlement,9.684816754118966
TRAIN,late_limit_97_to_99,270.0,,DOWN,0.5080689953528119,1.0,settlement,9.662366157879458
TRAIN,late_limit_97_to_99,270.0,,DOWN,0.5065661294617017,0.0,settlement,-10.02
TRAIN,late_limit_97_to_99,270.0,,DOWN,0.506471826215867,1.0,settlement,9.724434897229266
TRAIN,late_limit_97_to_99,270.0,,UP,0.5072449500885037,1.0,settlement,9.694341164471343
TRAIN,late_limit_97_to_99,270.0,,UP,0.5095814680388644,1.0,settlement,9.603947547553531
TRAIN,late_limit_97_to_99,270.0,,DOWN,0.5073920687413281,1.0,settlement,9.688624978720483
TRAIN,late_limit_97_to_99,270.0,,UP,0.5096036342795445,1.0,settlement,9.603093964268066
TRAIN,late_limit_97_to_99,270.0,,UP,0.506416013031302,1.0,settlement,9.726610973341973
TRAIN,late_limit_97_to_99,270.0,,UP,0.5067270408103923,1.0,settlement,9.714490553350618
TRAIN,late_limit_97_to_99,270.0,,DOWN,0.5056299173935016,1.0,settlement,9.757310748441327
TRAIN,late_limit_97_to_99,270.0,,UP,0.5055000124418956,1.0,settlement,9.762393182729042
TRAIN,late_limit_97_to_99,270.0,,DOWN,0.5058124763720361,1.0,settlement,9.750172676889019
TRAIN,late_limit_97_to_99,270.0,,UP,0.5058308243761306,1.0,settlement,9.749455553313815
TRAIN,late_limit_97_to_99,270.0,,DOWN,0.5081814104353494,1.0,settlement,9.658012211098374
TRAIN,late_limit_97_to_99,270.0,,UP,0.5053269504172994,1.0,settlement,9.769168164773308
TRAIN,late_limit_97_to_99,270.0,,DOWN,0.5062465482734296,1.0,settlement,9.733221101665436
TRAIN,late_limit_97_to_99,270.0,,UP,0.505036602467288,1.0,settlement,9.780545051876146
TRAIN,late_limit_97_to_99,270.0,,UP,0.5058458551993038,1.0,settlement,9.748868119043873
TRAIN,late_limit_97_to_99,270.0,,DOWN,0.5085486414947521,1.0,settlement,9.643802405621397
TRAIN,late_limit_97_to_99,270.0,,DOWN,0.5081713760121324,1.0,settlement,9.658400775885603
TRAIN,late_limit_97_to_99,270.0,,DOWN,0.5053361638466859,0.0,settlement,-10.02
TRAIN,late_limit_97_to_99,270.0,,UP,0.506339168521053,1.0,settlement,9.729607815663606
TRAIN,late_limit_97_to_99,270.0,,UP,0.5054232275512097,1.0,settlement,9.76539856280506
TRAIN,late_limit_97_to_99,270.0,,DOWN,0.5060778979393926,1.0,settlement,9.739803857700956
TRAIN,late_limit_97_to_99,270.0,,UP,0.5053143228736958,1.0,settlement,9.769662685851706
TRAIN,late_limit_97_to_99,270.0,,DOWN,0.5080493137663172,1.0,settlement,9.66312864329467
TRAIN,late_limit_97_to_99,270.0,,UP,0.5051361353841481,1.0,settlement,9.776643517484956
TRAIN,late_limit_97_to_99,270.0,,UP,0.5081125134722646,1.0,settlement,9.660680429740786
TRAIN,late_limit_97_to_99,270.0,,DOWN,0.5075899074584928,1.0,settlement,9.68094332661201
TRAIN,late_limit_97_to_99,270.0,,UP,0.5056210309966246,0.0,settlement,-10.02
TRAIN,late_limit_97_to_99,270.0,,UP,0.5061544906596832,1.0,settlement,9.736813748637815
TRAIN,late_limit_97_to_99,270.0,,DOWN,0.5089748881023514,1.0,settlement,9.627334738426367
TRAIN,late_limit_97_to_99,270.0,,UP,0.5053700209659915,0.0,settlement,-10.02
TRAIN,late_limit_97_to_99,270.0,,DOWN,0.5062365047943539,1.0,settlement,9.733612995693097
TRAIN,late_limit_97_to_99,270.0,,DOWN,0.5070642866608112,1.0,settlement,9.701365245131665
TRAIN,late_limit_97_to_99,270.0,,DOWN,0.5064503639091981,1.0,settlement,9.725271625064739
TRAIN,late_limit_97_to_99,270.0,,UP,0.5051358484716709,1.0,settlement,9.776654761794877
TRAIN,late_limit_97_to_99,270.0,,UP,0.5050712964727468,1.0,settlement,9.779184926636571
TRAIN,late_limit_97_to_99,270.0,,DOWN,0.5061775218148704,1.0,settlement,9.735914810569966
TRAIN,late_limit_97_to_99,270.0,,UP,0.5060176444483752,1.0,settlement,9.742156734477703
TRAIN,late_limit_97_to_99,270.0,,UP,0.5058914529743759,1.0,settlement,9.747086281464643
TRAIN,late_limit_97_to_99,270.0,,DOWN,0.5052306131651609,0.0,settlement,-10.02
TRAIN,late_limit_97_to_99,270.0,,DOWN,0.5070578547451522,1.0,settlement,9.70161540624592
TRAIN,late_limit_97_to_99,270.0,,UP,0.5086892161167015,1.0,settlement,9.638368377335208
TRAIN,late_limit_97_to_99,270.0,,DOWN,0.5068210294231289,1.0,settlement,9.71083084453332
TRAIN,late_limit_97_to_99,270.0,,UP,0.5059357561568735,1.0,settlement,9.745355340687446
TRAIN,late_limit_97_to_99,270.0,,UP,0.5062289488091185,1.0,settlement,9.733907838586795
TRAIN,late_limit_97_to_99,270.0,,UP,0.5069707022097723,1.0,settlement,9.705005718106055
TRAIN,late_limit_97_to_99,270.0,,DOWN,0.5062954858905628,1.0,settlement,9.731311790604288
TRAIN,late_limit_97_to_99,270.0,,DOWN,0.5051001406746859,0.0,settlement,-10.02
TRAIN,late_limit_97_to_99,270.0,,UP,0.5051448094278079,1.0,settlement,9.776303581397357
TRAIN,late_limit_97_to_99,270.0,,UP,0.5051964350948175,0.0,settlement,-10.02
TRAIN,late_limit_97_to_99,270.0,,UP,0.5066612383361095,1.0,settlement,9.717053564311126
TRAIN,late_limit_97_to_99,270.0,,DOWN,0.5052305727145193,0.0,settlement,-10.02
TRAIN,late_limit_97_to_99,270.0,,DOWN,0.5051177266700224,1.0,settlement,9.777364994344548
TRAIN,late_limit_97_to_99,270.0,,UP,0.5057625034882723,1.0,settlement,9.752126108656611
TRAIN,late_limit_97_to_99,270.0,,UP,0.5053041755214472,1.0,settlement,9.770060095348565
TRAIN,late_limit_97_to_99,270.0,,DOWN,0.5062310335618682,1.0,settlement,9.733826488351522
TRAIN,late_limit_97_to_99,270.0,,DOWN,0.5054696844364409,0.0,settlement,-10.02
TRAIN,late_limit_97_to_99,270.0,,UP,0.5054219756856603,1.0,settlement,9.765447568705149
TRAIN,late_limit_97_to_99,270.0,,DOWN,0.5060663583100093,1.0,settlement,9.740254432629438
TRAIN,late_limit_97_to_99,270.0,,DOWN,0.5059865486342362,1.0,settlement,9.743371233864018
TRAIN,late_limit_97_to_99,270.0,,DOWN,0.5063364430990002,1.0,settlement,9.729714120507765
TRAIN,late_limit_97_to_99,270.0,,DOWN,0.5073787745362436,1.0,settlement,9.689141378923942
TRAIN,late_limit_97_to_99,270.0,,UP,0.5055700570416789,0.0,settlement,-10.02
TRAIN,late_limit_97_to_99,270.0,,UP,0.5051964726261012,1.0,settlement,9.774279140585087
TRAIN,late_limit_97_to_99,270.0,,UP,0.5096085382169767,1.0,settlement,9.602905132217952
TRAIN,late_limit_97_to_99,270.0,,UP,0.5058088801154241,1.0,settlement,9.750313241076409
TRAIN,late_limit_97_to_99,270.0,,UP,0.5051973177540328,1.0,settlement,9.774246027388326
TRAIN,late_limit_97_to_99,270.0,,UP,0.5092431969013298,1.0,settlement,9.616982999181008
TRAIN,late_limit_97_to_99,270.0,,DOWN,0.5068617263418033,1.0,settlement,9.709246617560702
TRAIN,late_limit_97_to_99,270.0,,DOWN,0.5061671526517356,1.0,settlement,9.736319523326365
TRAIN,late_limit_97_to_99,270.0,,DOWN,0.505311351126576,1.0,settlement,9.76977906929126
TRAIN,late_limit_97_to_99,270.0,,UP,0.5057975712829385,1.0,settlement,9.750755273963332
TRAIN,late_limit_97_to_99,270.0,,UP,0.5050892286338051,1.0,settlement,9.778481997029683
TRAIN,late_limit_97_to_99,270.0,,UP,0.5061560096610261,0.0,settlement,-10.02
TRAIN,late_limit_97_to_99,270.0,,DOWN,0.5061845506679864,1.0,settlement,9.73564048093428
TRAIN,late_limit_97_to_99,270.0,,DOWN,0.5062203791921049,1.0,settlement,9.734242245164754
TRAIN,late_limit_97_to_99,270.0,,UP,0.5055449183741083,1.0,settlement,9.760635976247514
TRAIN,late_limit_97_to_99,270.0,,UP,0.5073381660089447,1.0,settlement,9.690718944459807
TRAIN,late_limit_97_to_99,270.0,,DOWN,0.5071143659849743,1.0,settlement,9.699417691070298
TRAIN,late_limit_97_to_99,270.0,,UP,0.5054829917465992,0.0,settlement,-10.02
TRAIN,late_limit_97_to_99,270.0,,DOWN,0.5052465275083697,1.0,settlement,9.772318117088581
TRAIN,late_limit_97_to_99,270.0,,UP,0.5050425906804499,1.0,settlement,9.78031027982587
TRAIN,late_limit_97_to_99,270.0,,UP,0.5053063570054502,1.0,settlement,9.769974658664626
TRAIN,late_limit_97_to_99,270.0,,DOWN,0.505431222924522,1.0,settlement,9.765085579276409
TRAIN,late_limit_97_to_99,270.0,,DOWN,0.5068473025068118,1.0,settlement,9.709808071466664
TRAIN,late_limit_97_to_99,270.0,,DOWN,0.5064224048495292,1.0,settlement,9.726361741185706
TRAIN,late_limit_97_to_99,270.0,,UP,0.5055594207101572,1.0,settlement,9.760068554460009
TRAIN,late_limit_97_to_99,270.0,,UP,0.5055302499368642,1.0,settlement,9.761209930066304
TRAIN,late_limit_97_to_99,270.0,,DOWN,0.5065944019667085,1.0,settlement,9.71965752716147
TRAIN,late_limit_97_to_99,270.0,,UP,0.5072748134903191,1.0,settlement,9.693180576016989
TRAIN,late_limit_97_to_99,270.0,,UP,0.5052101387393424,1.0,settlement,9.773743698321521
TRAIN,late_limit_97_to_99,270.0,,DOWN,0.505103405482415,0.0,settlement,-10.02
TRAIN,late_limit_97_to_99,270.0,,UP,0.5060180846391371,1.0,settlement,9.742139543157677
TRAIN,late_limit_97_to_99,270.0,,UP,0.5052379459159251,1.0,settlement,9.772654294545141
TRAIN,late_limit_97_to_99,270.0,,UP,0.5062532238881003,1.0,settlement,9.732960629462283
TRAIN,late_limit_97_to_99,270.0,,DOWN,0.5052062207343564,0.0,settlement,-10.02
TRAIN,late_limit_97_to_99,270.0,,UP,0.5052509099803928,1.0,settlement,9.77214644143455
TRAIN,late_limit_97_to_99,270.0,,UP,0.5054636524675468,0.0,settlement,-10.02
TRAIN,late_limit_97_to_99,270.0,,UP,0.5062179323917307,1.0,settlement,9.734337727138474
TRAIN,late_limit_97_to_99,270.0,,DOWN,0.5072275072766302,1.0,settlement,9.695019111820823
TRAIN,late_limit_97_to_99,270.0,,UP,0.5070914186120731,1.0,settlement,9.70031005251548
TRAIN,late_limit_97_to_99,270.0,,DOWN,0.5054008906562603,1.0,settlement,9.766273005999366
TRAIN,late_limit_97_to_99,270.0,,UP,0.5053025273705701,1.0,settlement,9.770124644807826
TRAIN,late_limit_97_to_99,270.0,,DOWN,0.5050388818074837,1.0,settlement,9.780455688106624
TRAIN,late_limit_97_to_99,270.0,,DOWN,0.5053165955449893,1.0,settlement,9.769573681455867
TRAIN,late_limit_97_to_99,270.0,,DOWN,0.5061830497064888,1.0,settlement,9.735699061433447
TRAIN,late_limit_97_to_99,270.0,,UP,0.5068526245915393,1.0,settlement,9.709600903337073
TRAIN,late_limit_97_to_99,270.0,,UP,0.5050462397508786,1.0,settlement,9.780167218218764
TRAIN,late_limit_97_to_99,270.0,,UP,0.5058572074535401,1.0,settlement,9.74842447365631
TRAIN,late_limit_97_to_99,270.0,,UP,0.5051750106999053,1.0,settlement,9.775120083523706
TRAIN,late_limit_97_to_99,270.0,,UP,0.5067314197340534,1.0,settlement,9.714320017590925
TRAIN,late_limit_97_to_99,270.0,,DOWN,0.5061472237601303,1.0,settlement,9.737097402828251
TRAIN,late_limit_97_to_99,270.0,,UP,0.5062040553357915,1.0,settlement,9.734879271693071
TRAIN,late_limit_97_to_99,270.0,,UP,0.5058342079524714,1.0,settlement,9.74932331341974
TRAIN,late_limit_97_to_99,270.0,,UP,0.5058507497880699,1.0,settlement,9.748676836378277
TRAIN,late_limit_97_to_99,270.0,,DOWN,0.5058556046819281,1.0,settlement,9.748487108663745
TRAIN,late_limit_97_to_99,270.0,,UP,0.5063251786261087,1.0,settlement,9.730153502408402
TRAIN,late_limit_97_to_99,270.0,,DOWN,0.505340631111278,1.0,settlement,9.768632428010644
TRAIN,late_limit_97_to_99,270.0,,UP,0.5064128819226277,1.0,settlement,9.726733064993102
TRAIN,late_limit_97_to_99,270.0,,UP,0.5110181512273643,1.0,settlement,9.548776521894542
TRAIN,late_limit_97_to_99,270.0,,DOWN,0.5066220052575935,1.0,settlement,9.718582012274556
TRAIN,late_limit_97_to_99,270.0,,UP,0.5055851471371214,1.0,settlement,9.759062056361927
TRAIN,late_limit_97_to_99,270.0,,DOWN,0.5066404992888958,1.0,settlement,9.717861489627609
TRAIN,late_limit_97_to_99,270.0,,DOWN,0.5054135782833874,0.0,settlement,-10.02
TRAIN,late_limit_97_to_99,270.0,,UP,0.5065961588209199,1.0,settlement,9.719589070857854
TRAIN,late_limit_97_to_99,270.0,,DOWN,0.5050355776354621,0.0,settlement,-10.02
TRAIN,late_limit_97_to_99,270.0,,UP,0.5057847601112622,1.0,settlement,9.75125605326702
TRAIN,late_limit_97_to_99,270.0,,UP,0.5059038696408377,1.0,settlement,9.746601127402759
TRAIN,late_limit_97_to_99,270.0,,UP,0.50526910461326,1.0,settlement,9.771433730455652
TRAIN,late_limit_97_to_99,270.0,,UP,0.5054260628016602,1.0,settlement,9.765287574147536
TRAIN,late_limit_97_to_99,270.0,,DOWN,0.5078003559297848,1.0,settlement,9.672778634804132
TRAIN,late_limit_97_to_99,270.0,,DOWN,0.510367277560216,1.0,settlement,9.573732669940117
TRAIN,late_limit_97_to_99,270.0,,UP,0.5060190867650747,1.0,settlement,9.742100405992428
TRAIN,late_limit_97_to_99,270.0,,DOWN,0.5066814501610456,1.0,settlement,9.716266241484785
TRAIN,late_limit_97_to_99,270.0,,DOWN,0.5059889834187354,1.0,settlement,9.74327613386874
TRAIN,late_limit_97_to_99,270.0,,DOWN,0.5081938622568366,1.0,settlement,9.657530058295137
TRAIN,late_limit_97_to_99,270.0,,UP,0.5055479563902355,1.0,settlement,9.760517107423414
TRAIN,late_limit_97_to_99,270.0,,DOWN,0.5098168437646121,1.0,settlement,9.594887429292367
TRAIN,late_limit_97_to_99,270.0,,DOWN,0.5062086562223213,1.0,settlement,9.734699721310395
TRAIN,late_limit_97_to_99,270.0,,DOWN,0.5056479158074131,1.0,settlement,9.756606779901603
TRAIN,late_limit_97_to_99,270.0,,DOWN,0.5064902795564171,1.0,settlement,9.723715533411568
TRAIN,late_limit_97_to_99,270.0,,DOWN,0.5050351154528133,1.0,settlement,9.780603352172893
TRAIN,late_limit_97_to_99,270.0,,DOWN,0.5057464160771478,1.0,settlement,9.752755045039361
TRAIN,late_limit_97_to_99,270.0,,UP,0.5077949913736448,1.0,settlement,9.67298667745586
TRAIN,late_limit_97_to_99,270.0,,UP,0.5051798326447691,1.0,settlement,9.774931138970807
TRAIN,late_limit_97_to_99,270.0,,DOWN,0.506547228519966,1.0,settlement,9.721495830937787
TRAIN,late_limit_97_to_99,270.0,,DOWN,0.505418585254196,1.0,settlement,9.765580292759878
TRAIN,late_limit_97_to_99,270.0,,UP,0.5062787766952747,1.0,settlement,9.731963661749393
TRAIN,late_limit_97_to_99,270.0,,DOWN,0.5056967728691059,1.0,settlement,9.75469609557582
TRAIN,late_limit_97_to_99,270.0,,UP,0.5078357218423253,1.0,settlement,9.671407220669753
TRAIN,late_limit_97_to_99,270.0,,DOWN,0.5050328906237679,0.0,settlement,-10.02
TRAIN,late_limit_97_to_99,270.0,,UP,0.5056264074903515,1.0,settlement,9.757448036455301
TRAIN,late_limit_97_to_99,270.0,,DOWN,0.5073919682445255,1.0,settlement,9.688628882317541
TRAIN,late_limit_97_to_99,270.0,,DOWN,0.5051079620560999,1.0,settlement,9.777747711783938
TRAIN,late_limit_97_to_99,270.0,,UP,0.5056390977798711,1.0,settlement,9.756951671473548
TRAIN,late_limit_97_to_99,270.0,,DOWN,0.5123101896518191,1.0,settlement,9.499424368264648
TRAIN,late_limit_97_to_99,270.0,,UP,0.5076083602993757,1.0,settlement,9.68022714776059
TRAIN,late_limit_97_to_99,270.0,,UP,0.5086335419292972,1.0,settlement,9.640520149868632
TRAIN,late_limit_97_to_99,270.0,,UP,0.5080949718269168,1.0,settlement,9.661359892312639
TRAIN,late_limit_97_to_99,270.0,,DOWN,0.5053946615452617,0.0,settlement,-10.02
TRAIN,late_limit_97_to_99,270.0,,DOWN,0.5080366894055636,1.0,settlement,9.663617755443333
TRAIN,late_limit_97_to_99,270.0,,UP,0.5056305628212296,1.0,settlement,9.757285503082993
TRAIN,late_limit_97_to_99,270.0,,DOWN,0.5076733640511552,1.0,settlement,9.677704682005654
TRAIN,late_limit_97_to_99,270.0,,DOWN,0.5055034185010221,1.0,settlement,9.762259889860232
TRAIN,late_limit_97_to_99,270.0,,UP,0.5070197671528355,1.0,settlement,9.703096904396652
TRAIN,late_limit_97_to_99,270.0,,DOWN,0.509469108595165,1.0,settlement,9.60827545633628
TRAIN,late_limit_97_to_99,270.0,,UP,0.5058665755642506,1.0,settlement,9.748058383469715
TRAIN,late_limit_97_to_99,270.0,,UP,0.5069036519577769,1.0,settlement,9.707614826560693
TRAIN,late_limit_97_to_99,270.0,,DOWN,0.5072269693054449,0.0,settlement,-10.02
TRAIN,late_limit_97_to_99,270.0,,DOWN,0.5080206759948459,1.0,settlement,9.664238206284057
TRAIN,late_limit_97_to_99,270.0,,DOWN,0.5055219723035759,1.0,settlement,9.761533836069948
TRAIN,late_limit_97_to_99,270.0,,DOWN,0.5052517528829622,1.0,settlement,9.772113422546454
TRAIN,late_limit_97_to_99,270.0,,DOWN,0.5068024729326875,1.0,settlement,9.711553285708177
TRAIN,late_limit_97_to_99,270.0,,DOWN,0.5051050955962453,1.0,settlement,9.777860063548992
TRAIN,late_limit_97_to_99,270.0,,DOWN,0.5063998879646748,1.0,settlement,9.72723975590132
TRAIN,late_limit_97_to_99,270.0,,DOWN,0.5065509052526456,1.0,settlement,9.721352539904029
TRAIN,late_limit_97_to_99,270.0,,UP,0.5078874374634883,1.0,settlement,9.669402143794695
TRAIN,late_limit_97_to_99,270.0,,DOWN,0.5090911174740423,1.0,settlement,9.622849102567347
TRAIN,late_limit_97_to_99,270.0,,DOWN,0.5071151245743555,1.0,settlement,9.699388192954114
TRAIN,late_limit_97_to_99,270.0,,DOWN,0.5137093155881686,1.0,settlement,9.446261748729544
TRAIN,late_limit_97_to_99,270.0,,UP,0.5065697684536011,1.0,settlement,9.720617428724317
TRAIN,late_limit_97_to_99,270.0,,DOWN,0.5093361633045299,1.0,settlement,9.613398765799086
TRAIN,late_limit_97_to_99,270.0,,UP,0.5110322107467704,1.0,settlement,9.548238145667998
TRAIN,late_limit_97_to_99,270.0,,DOWN,0.5050947453710959,0.0,settlement,-10.02
TRAIN,late_limit_97_to_99,270.0,,UP,0.5074174616890896,1.0,settlement,9.687638690067999
TRAIN,late_limit_97_to_99,270.0,,DOWN,0.5074114323434843,1.0,settlement,9.687872867221202
TRAIN,late_limit_97_to_99,270.0,,DOWN,0.5062911680119894,1.0,settlement,9.731480238666126
TRAIN,late_limit_97_to_99,270.0,,UP,0.5083219519222163,1.0,settlement,9.652571609754531
TRAIN,late_limit_97_to_99,270.0,,DOWN,0.5068551327905724,1.0,settlement,9.709503270379042
TRAIN,late_limit_97_to_99,270.0,,DOWN,0.5076225316572086,1.0,settlement,9.679677174205654
TRAIN,late_limit_97_to_99,270.0,,UP,0.5055641001940765,1.0,settlement,9.759885470825935
TRAIN,late_limit_97_to_99,270.0,,UP,0.5074093305246418,1.0,settlement,9.68795450225636
TRAIN,late_limit_97_to_99,270.0,,DOWN,0.5055091493254421,1.0,settlement,9.762035623576999
TRAIN,late_limit_97_to_99,270.0,,DOWN,0.5063835064300044,1.0,settlement,9.727878580208586
TRAIN,late_limit_97_to_99,270.0,,DOWN,0.5051251694819033,1.0,settlement,9.777073288303566
TRAIN,late_limit_97_to_99,270.0,,UP,0.5063501757614978,1.0,settlement,9.729178490875498
TRAIN,late_limit_97_to_99,270.0,,UP,0.5059943523406838,0.0,settlement,-10.02
TRAIN,late_limit_97_to_99,270.0,,DOWN,0.5060913147146239,1.0,settlement,9.739280013803096
TRAIN,late_limit_97_to_99,270.0,,DOWN,0.5053286222556609,1.0,settlement,9.76910269393112
TRAIN,late_limit_97_to_99,270.0,,UP,0.505375087506685,1.0,settlement,9.767283242108213
TRAIN,late_limit_97_to_99,270.0,,UP,0.50685481242934,1.0,settlement,9.709515740553588
TRAIN,late_limit_97_to_99,270.0,,DOWN,0.5053540550967682,1.0,settlement,9.768106772162223
TRAIN,late_limit_97_to_99,270.0,,UP,0.5084753388530516,1.0,settlement,9.646637171738984
TRAIN,late_limit_97_to_99,270.0,,DOWN,0.5086554134975366,1.0,settlement,9.639674771255393
TRAIN,late_limit_97_to_99,270.0,,UP,0.5060612786769912,1.0,settlement,9.740452777859733
TRAIN,late_limit_97_to_99,270.0,,DOWN,0.5063219295279027,1.0,settlement,9.730280240328629
TRAIN,late_limit_97_to_99,270.0,,UP,0.5097144119621806,1.0,settlement,9.598829221454253
TRAIN,late_limit_97_to_99,270.0,,UP,0.5068646245205699,1.0,settlement,9.709133808576087
TRAIN,late_limit_97_to_99,270.0,,UP,0.5056500086384453,1.0,settlement,9.756524926651974
TRAIN,late_limit_97_to_99,270.0,,DOWN,0.5059898155226942,1.0,settlement,9.743243633016345
TRAIN,late_limit_97_to_99,270.0,,UP,0.5056250250301958,1.0,settlement,9.757502111179729
TRAIN,late_limit_97_to_99,270.0,,DOWN,0.5058994180110491,1.0,settlement,9.746775062353592
TRAIN,late_limit_97_to_99,270.0,,DOWN,0.5080712043144665,1.0,settlement,9.662280584062746
TRAIN,late_limit_97_to_99,270.0,,DOWN,0.5054994762296275,1.0,settlement,9.762414167047353
TRAIN,late_limit_97_to_99,270.0,,UP,0.508493715498234,1.0,settlement,9.64592643175888
TRAIN,late_limit_97_to_99,270.0,,UP,0.5061175823140494,1.0,settlement,9.738254503387186
TRAIN,late_limit_97_to_99,270.0,,DOWN,0.5066181846666854,1.0,settlement,9.718730868058373
TRAIN,late_limit_97_to_99,270.0,,DOWN,0.5070159315261199,1.0,settlement,9.703246111616181
TRAIN,late_limit_97_to_99,270.0,,UP,0.5100608485866507,1.0,settlement,9.585503985866442
TRAIN,late_limit_97_to_99,270.0,,UP,0.5052459970170896,1.0,settlement,9.772338898355997
TRAIN,late_limit_97_to_99,270.0,,UP,0.5067062657993177,1.0,settlement,9.715299669573312
TRAIN,late_limit_97_to_99,270.0,,UP,0.5104398555739944,1.0,settlement,9.570946691956305
TRAIN,late_limit_97_to_99,270.0,,DOWN,0.5055352211383356,1.0,settlement,9.761015410721662
TRAIN,late_limit_97_to_99,270.0,,UP,0.5058983195337483,1.0,settlement,9.746817982744659
TRAIN,late_limit_97_to_99,270.0,,UP,0.5065810036609408,1.0,settlement,9.72017961141924
TRAIN,late_limit_97_to_99,270.0,,DOWN,0.5062604540272272,1.0,settlement,9.732678528317738
TRAIN,late_limit_97_to_99,270.0,,DOWN,0.5064875183448087,1.0,settlement,9.723823169976242
TRAIN,late_limit_97_to_99,270.0,,DOWN,0.5055974611783618,1.0,settlement,9.758580328891835
TRAIN,late_limit_97_to_99,270.0,,UP,0.5059677779098293,1.0,settlement,9.744104428369635
TRAIN,late_limit_97_to_99,270.0,,UP,0.5050575878140632,1.0,settlement,9.779722331231458
TRAIN,late_limit_97_to_99,270.0,,DOWN,0.5065155331369667,1.0,settlement,9.722731161802106
TRAIN,late_limit_97_to_99,270.0,,UP,0.5069716238749559,1.0,settlement,9.704969858404723
TRAIN,late_limit_97_to_99,270.0,,UP,0.5059651437073416,1.0,settlement,9.74420732607652
TRAIN,late_limit_97_to_99,270.0,,DOWN,0.5080570294295291,1.0,settlement,9.662829723325512
TRAIN,late_limit_97_to_99,270.0,,UP,0.505455666661629,1.0,settlement,9.764128776410328
TRAIN,late_limit_97_to_99,270.0,,DOWN,0.5054126544974619,1.0,settlement,9.765812466336296
TRAIN,late_limit_97_to_99,270.0,,DOWN,0.5070282182269302,1.0,settlement,9.702768162627802
TRAIN,late_limit_97_to_99,270.0,,UP,0.5074514498157519,1.0,settlement,9.686318710156119
TRAIN,late_limit_97_to_99,270.0,,UP,0.5060014615984403,1.0,settlement,9.742788764305864
TRAIN,late_limit_97_to_99,270.0,,DOWN,0.5054084352510229,1.0,settlement,9.765977642089151
TRAIN,late_limit_97_to_99,270.0,,UP,0.5050586674897576,1.0,settlement,9.779680004903188
TRAIN,late_limit_97_to_99,270.0,,UP,0.508875420630612,1.0,settlement,9.631175110025424
TRAIN,late_limit_97_to_99,270.0,,DOWN,0.5087776272848007,1.0,settlement,9.634952308667959
TRAIN,late_limit_97_to_99,270.0,,DOWN,0.5060361207205585,1.0,settlement,9.741435183244885
TRAIN,late_limit_97_to_99,270.0,,DOWN,0.5065952257307874,1.0,settlement,9.719625428910291
TRAIN,late_limit_97_to_99,270.0,,UP,0.5058477910603139,1.0,settlement,9.748792464308039
TRAIN,late_limit_97_to_99,270.0,,UP,0.5054639280470498,1.0,settlement,9.763805421361695
TRAIN,late_limit_97_to_99,270.0,,UP,0.5062950291218087,0.0,settlement,-10.02
TRAIN,late_limit_97_to_99,270.0,,UP,0.5079922450246824,1.0,settlement,9.665339880560811
TRAIN,late_limit_97_to_99,270.0,,DOWN,0.5076185775396115,1.0,settlement,9.679830625721458
TRAIN,late_limit_97_to_99,270.0,,UP,0.5116367812225802,1.0,settlement,9.525115533141559
TRAIN,late_limit_97_to_99,270.0,,UP,0.505424136738022,0.0,settlement,-10.02
TRAIN,late_limit_97_to_99,270.0,,DOWN,0.5057219904116327,0.0,settlement,-10.02
TRAIN,late_limit_97_to_99,270.0,,UP,0.5077695536647481,1.0,settlement,9.673973236139407
TRAIN,late_limit_97_to_99,270.0,,UP,0.5053832674280613,1.0,settlement,9.766962973449548
TRAIN,late_limit_97_to_99,270.0,,UP,0.5054371402454829,1.0,settlement,9.764853948689161
TRAIN,late_limit_97_to_99,270.0,,UP,0.5061159758535334,0.0,settlement,-10.02
TRAIN,late_limit_97_to_99,270.0,,DOWN,0.5074832622849993,1.0,settlement,9.685083385359153
TRAIN,late_limit_97_to_99,270.0,,UP,0.5057503831422078,1.0,settlement,9.752599949149584
TRAIN,late_limit_97_to_99,270.0,,DOWN,0.5064549276491004,1.0,settlement,9.725093697515657
TRAIN,late_limit_97_to_99,270.0,,DOWN,0.5075410569976425,1.0,settlement,9.68283952820481
TRAIN,late_limit_97_to_99,270.0,,UP,0.5074015232720672,1.0,settlement,9.68825774332181
TRAIN,late_limit_97_to_99,270.0,,UP,0.5056555708398791,1.0,settlement,9.756307385262843
TRAIN,late_limit_97_to_99,270.0,,UP,0.5133045283474709,1.0,settlement,9.461612664111755
TRAIN,late_limit_97_to_99,270.0,,UP,0.5094402591759072,1.0,settlement,9.609386998539215
TRAIN,late_limit_97_to_99,270.0,,DOWN,0.5098392357725682,1.0,settlement,9.594025948487129
TRAIN,late_limit_97_to_99,270.0,,DOWN,0.5063830927987792,1.0,settlement,9.727894710958857
TRAIN,late_limit_97_to_99,270.0,,DOWN,0.5088760970274829,1.0,settlement,9.631148989731244
TRAIN,late_limit_97_to_99,270.0,,UP,0.5060110615972101,1.0,settlement,9.742413826360384
TRAIN,late_limit_97_to_99,270.0,,UP,0.5069145039300651,1.0,settlement,9.707192499861119
TRAIN,late_limit_97_to_99,270.0,,UP,0.5070676410799562,1.0,settlement,9.701234781817138
TRAIN,late_limit_97_to_99,270.0,,DOWN,0.5087387055023934,1.0,settlement,9.636456038910438
TRAIN,late_limit_97_to_99,270.0,,UP,0.5084715269970318,1.0,settlement,9.646784606522079
TRAIN,late_limit_97_to_99,270.0,,UP,0.5059305854786472,1.0,settlement,9.745557345261645
TRAIN,late_limit_97_to_99,270.0,,DOWN,0.5053264234119292,1.0,settlement,9.76918880291414
TRAIN,late_limit_97_to_99,270.0,,DOWN,0.5071946942647084,1.0,settlement,9.696294576971521
TRAIN,late_limit_97_to_99,270.0,,UP,0.5075287715527486,1.0,settlement,9.683316463036576
TRAIN,late_limit_97_to_99,270.0,,DOWN,0.5051221732202189,0.0,settlement,-10.02
TRAIN,late_limit_97_to_99,270.0,,UP,0.510533424823503,1.0,settlement,9.56735611376887
TRAIN,late_limit_97_to_99,270.0,,UP,0.5066865251982743,1.0,settlement,9.716068560510553
TRAIN,late_limit_97_to_99,270.0,,UP,0.5141773354000327,1.0,settlement,9.428542966639995
TRAIN,late_limit_97_to_99,270.0,,DOWN,0.506355958737111,0.0,settlement,-10.02
TRAIN,late_limit_97_to_99,270.0,,DOWN,0.5132847545808241,1.0,settlement,9.462363173179646
TRAIN,late_limit_97_to_99,270.0,,UP,0.5094622424499676,1.0,settlement,9.60853999132637
TRAIN,late_limit_97_to_99,270.0,,UP,0.5092586163330926,1.0,settlement,9.616388426777771
TRAIN,late_limit_97_to_99,270.0,,UP,0.512021987467771,1.0,settlement,9.510411280686352
TRAIN,late_limit_97_to_99,270.0,,DOWN,0.506223198845483,1.0,settlement,9.734132214419414
TRAIN,late_limit_97_to_99,270.0,,UP,0.5112140312170456,1.0,settlement,9.541278426167281
TRAIN,late_limit_97_to_99,270.0,,DOWN,0.5082945021766552,1.0,settlement,9.653633999929731
TRAIN,late_limit_97_to_99,270.0,,UP,0.5070770695048192,1.0,settlement,9.700868091640181
TRAIN,late_limit_97_to_99,270.0,,UP,0.5114829701533014,1.0,settlement,9.530993060439151
TRAIN,late_limit_97_to_99,270.0,,UP,0.517913229347012,1.0,settlement,9.288253648218365
TRAIN,late_limit_97_to_99,270.0,,DOWN,0.5087368601012855,1.0,settlement,9.63652734108765
TRAIN,late_limit_97_to_99,270.0,,DOWN,0.5093072866530984,1.0,settlement,9.614511938195072
TRAIN,late_limit_97_to_99,270.0,,DOWN,0.5076222846707293,1.0,settlement,9.679686759194446
TRAIN,late_limit_97_to_99,270.0,,UP,0.5079356654335723,1.0,settlement,9.667532655270488
TRAIN,late_limit_97_to_99,270.0,,DOWN,0.5098420269388484,1.0,settlement,9.593918570113136
TRAIN,late_limit_97_to_99,270.0,,DOWN,0.5051635654409695,1.0,settlement,9.775568572469705
TRAIN,late_limit_97_to_99,270.0,,DOWN,0.5069101370172188,1.0,settlement,9.707362445032974
TRAIN,late_limit_97_to_99,270.0,,DOWN,0.5102724349695112,1.0,settlement,9.577374489957506
TRAIN,late_limit_97_to_99,270.0,,UP,0.5091013779733223,1.0,settlement,9.622453217881517
TRAIN,late_limit_97_to_99,270.0,,UP,0.5065546496440362,1.0,settlement,9.72120661418695
TRAIN,late_limit_97_to_99,270.0,,DOWN,0.5065052596598022,1.0,settlement,9.72313160482592
TRAIN,late_limit_97_to_99,270.0,,DOWN,0.5050675136387912,1.0,settlement,9.779333217760058
TRAIN,late_limit_97_to_99,270.0,,DOWN,0.5100369122444054,1.0,settlement,9.586424084082928
TRAIN,late_limit_97_to_99,270.0,,UP,0.5094775774927783,1.0,settlement,9.607949181221322
TRAIN,late_limit_97_to_99,270.0,,DOWN,0.5088239295527447,1.0,settlement,9.63316373542019
TRAIN,late_limit_97_to_99,270.0,,DOWN,0.5086873162465193,1.0,settlement,9.638441798367573
TRAIN,late_limit_97_to_99,270.0,,DOWN,0.5090727309335544,1.0,settlement,9.623558557264833
TRAIN,late_limit_97_to_99,270.0,,UP,0.5082892453017278,1.0,settlement,9.653837470363662
TRAIN,late_limit_97_to_99,270.0,,DOWN,0.5086212502492257,1.0,settlement,9.640995279100068
TRAIN,late_limit_97_to_99,270.0,,UP,0.50874174079709,1.0,settlement,9.636338763027641
TRAIN,late_limit_97_to_99,270.0,,UP,0.5058935699721953,1.0,settlement,9.747003562724895
TRAIN,late_limit_97_to_99,270.0,,DOWN,0.5091256382722721,1.0,settlement,9.62151723715034
TRAIN,late_limit_97_to_99,270.0,,UP,0.5069331683728492,0.0,settlement,-10.02
TRAIN,late_limit_97_to_99,270.0,,DOWN,0.5079908918525523,1.0,settlement,9.66539231782637
TRAIN,late_limit_97_to_99,270.0,,UP,0.5055465370456219,1.0,settlement,9.7605726421138
TRAIN,late_limit_97_to_99,270.0,,UP,0.5060973742370135,1.0,settlement,9.739043435220115
TRAIN,late_limit_97_to_99,270.0,,DOWN,0.5068513867217875,1.0,settlement,9.709649088420143
TRAIN,late_limit_97_to_99,270.0,,UP,0.5070146576761619,1.0,settlement,9.703295665324045
TRAIN,late_limit_97_to_99,270.0,,UP,0.5055958236670767,1.0,settlement,9.758644387270042
TRAIN,late_limit_97_to_99,270.0,,DOWN,0.5055917546821084,1.0,settlement,9.758803565116516
TRAIN,late_limit_97_to_99,270.0,,DOWN,0.5085790324960687,1.0,settlement,9.642627361809886
TRAIN,late_limit_97_to_99,270.0,,UP,0.5099002012671859,1.0,settlement,9.59168082528376
TRAIN,late_limit_97_to_99,270.0,,UP,0.5051554418354336,1.0,settlement,9.775886912879656
TRAIN,late_limit_97_to_99,270.0,,DOWN,0.509052078205749,1.0,settlement,9.624355515150636
TRAIN,late_limit_97_to_99,270.0,,UP,0.506469120053624,1.0,settlement,9.724540395555053
TRAIN,late_limit_97_to_99,270.0,,UP,0.5052471549708786,1.0,settlement,9.772293537162778
TRAIN,late_limit_97_to_99,270.0,,DOWN,0.5086140222652847,1.0,settlement,9.641274684212625
TRAIN,late_limit_97_to_99,270.0,,UP,0.5057579557959737,1.0,settlement,9.752303896360395
TRAIN,late_limit_97_to_99,270.0,,DOWN,0.5052799045337114,0.0,settlement,-10.02
TRAIN,late_limit_97_to_99,270.0,,UP,0.5064552650720487,1.0,settlement,9.72508054245895
TRAIN,late_limit_97_to_99,270.0,,DOWN,0.5051476115357185,0.0,settlement,-10.02
TRAIN,late_limit_97_to_99,270.0,,UP,0.5053896510476062,1.0,settlement,9.766713042642081
TRAIN,late_limit_97_to_99,270.0,,UP,0.5058650261259159,1.0,settlement,9.74811893200713
TRAIN,late_limit_97_to_99,270.0,,DOWN,0.5053271916411127,1.0,settlement,9.769158718183679
TRAIN,late_limit_97_to_99,270.0,,DOWN,0.5066204371775712,1.0,settlement,9.718643106683409
TRAIN,late_limit_97_to_99,270.0,,UP,0.5054088543950565,0.0,settlement,-10.02
TRAIN,late_limit_97_to_99,270.0,,DOWN,0.5051156014294227,1.0,settlement,9.777448290452874
TRAIN,late_limit_97_to_99,270.0,,UP,0.5087080728276779,1.0,settlement,9.63763968402256
TRAIN,late_limit_97_to_99,270.0,,DOWN,0.5068423556455955,1.0,settlement,9.710000637500787
TRAIN,late_limit_97_to_99,270.0,,DOWN,0.5062741369352494,1.0,settlement,9.73214467903772
TRAIN,late_limit_97_to_99,270.0,,UP,0.5050444824560483,1.0,settlement,9.780236112608666
TRAIN,late_limit_97_to_99,270.0,,DOWN,0.5060575025413646,1.0,settlement,9.740600227802393
TRAIN,late_limit_97_to_99,270.0,,UP,0.5052694744388038,1.0,settlement,9.771419244368303
TRAIN,late_limit_97_to_99,270.0,,DOWN,0.5060524063339235,1.0,settlement,9.740799227187956
TRAIN,late_limit_97_to_99,270.0,,UP,0.5062537450045661,1.0,settlement,9.732940296589423
TRAIN,late_limit_97_to_99,270.0,,DOWN,0.5064144023353004,1.0,settlement,9.726673779192662
TRAIN,late_limit_97_to_99,270.0,,DOWN,0.5056059123935278,1.0,settlement,9.758249729438901
TRAIN,late_limit_97_to_99,270.0,,DOWN,0.5055190707575955,1.0,settlement,9.761647376850714
TRAIN,late_limit_97_to_99,270.0,,DOWN,0.5059637251737502,1.0,settlement,9.744262737543004
TRAIN,late_limit_97_to_99,270.0,,UP,0.5073613996716579,1.0,settlement,9.689816329093151
TRAIN,late_limit_97_to_99,270.0,,DOWN,0.5054878774652125,1.0,settlement,9.762868088044698
TRAIN,late_limit_97_to_99,270.0,,UP,0.5071658461129597,1.0,settlement,9.697416061515955
TRAIN,late_limit_97_to_99,270.0,,DOWN,0.5058573137083474,1.0,settlement,9.748420321319127
TRAIN,late_limit_97_to_99,270.0,,UP,0.5066090970130716,1.0,settlement,9.719084945294576
TRAIN,late_limit_97_to_99,270.0,,DOWN,0.5054261208725906,1.0,settlement,9.765285300917068
TRAIN,late_limit_97_to_99,270.0,,DOWN,0.5054287352834664,1.0,settlement,9.765182958368136
TRAIN,late_limit_97_to_99,270.0,,DOWN,0.505523426502802,1.0,settlement,9.761476932097374
TRAIN,late_limit_97_to_99,270.0,,DOWN,0.5052055409336409,0.0,settlement,-10.02
TRAIN,late_limit_97_to_99,270.0,,DOWN,0.505153142431862,1.0,settlement,9.775977021659045
TRAIN,late_limit_97_to_99,270.0,,DOWN,0.5055934722023658,0.0,settlement,-10.02
TRAIN,late_limit_97_to_99,270.0,,UP,0.5061124547493301,1.0,settlement,9.7384546797072
TRAIN,late_limit_97_to_99,270.0,,DOWN,0.5064090640923813,1.0,settlement,9.726881936093779
TRAIN,late_limit_97_to_99,270.0,,UP,0.5057440610905205,0.0,settlement,-10.02
TRAIN,late_limit_97_to_99,270.0,,UP,0.505412037587786,1.0,settlement,9.765836617045515
TRAIN,late_limit_97_to_99,270.0,,DOWN,0.5055282498943213,0.0,settlement,-10.02
TRAIN,late_limit_97_to_99,270.0,,UP,0.5060674361609856,1.0,settlement,9.74021234612474
TRAIN,late_limit_97_to_99,270.0,,DOWN,0.505713544269231,1.0,settlement,9.754040290833533
TRAIN,late_limit_97_to_99,270.0,,DOWN,0.5051553619779806,0.0,settlement,-10.02
TRAIN,late_limit_97_to_99,270.0,,DOWN,0.5081270521603448,1.0,settlement,9.660117320036711
TRAIN,late_limit_97_to_99,270.0,,DOWN,0.5052444653245645,0.0,settlement,-10.02
TRAIN,late_limit_97_to_99,270.0,,UP,0.5089384202314181,1.0,settlement,9.62874256389
TRAIN,late_limit_97_to_99,270.0,,UP,0.5089289659272825,1.0,settlement,9.629107575906446
TRAIN,late_limit_97_to_99,270.0,,DOWN,0.505515521538458,1.0,settlement,9.761786263588014
TRAIN,late_limit_97_to_99,270.0,,UP,0.5056631709311499,1.0,settlement,9.756010148387059
TRAIN,late_limit_97_to_99,270.0,,UP,0.505910778136356,1.0,settlement,9.74633120337425
TRAIN,late_limit_97_to_99,270.0,,UP,0.5056662649338298,0.0,settlement,-10.02
TRAIN,late_limit_97_to_99,270.0,,UP,0.5052316681501162,1.0,settlement,9.772900228551716
TRAIN,late_limit_97_to_99,270.0,,DOWN,0.505076438746911,1.0,settlement,9.778983347569902
TRAIN,late_limit_97_to_99,270.0,,DOWN,0.506333592822953,1.0,settlement,9.729825296495086
TRAIN,late_limit_97_to_99,270.0,,DOWN,0.5050451472961585,0.0,settlement,-10.02
TRAIN,late_limit_97_to_99,270.0,,DOWN,0.5071571407771486,1.0,settlement,9.697754510320756
TRAIN,late_limit_97_to_99,270.0,,UP,0.5065592499667777,1.0,settlement,9.721027334227621
TRAIN,late_limit_97_to_99,270.0,,UP,0.5067013642186705,1.0,settlement,9.71549057918942
TRAIN,late_limit_97_to_99,270.0,,DOWN,0.5057206639987483,0.0,settlement,-10.02
TRAIN,late_limit_97_to_99,270.0,,UP,0.5071599310169083,1.0,settlement,9.697646029229798
TRAIN,late_limit_97_to_99,270.0,,DOWN,0.5054583094014561,1.0,settlement,9.764025337008722
TRAIN,late_limit_97_to_99,270.0,,DOWN,0.5068863830512137,1.0,settlement,9.708286918667614
TRAIN,late_limit_97_to_99,270.0,,UP,0.5050809798051822,1.0,settlement,9.778805339803451
TRAIN,late_limit_97_to_99,270.0,,DOWN,0.5057324359070343,1.0,settlement,9.753301631454462
TRAIN,late_limit_97_to_99,270.0,,DOWN,0.5058909703656561,1.0,settlement,9.74710513882475
TRAIN,late_limit_97_to_99,270.0,,DOWN,0.5053863869115031,1.0,settlement,9.766840838969955
TRAIN,late_limit_97_to_99,270.0,,UP,0.5051359447356943,1.0,settlement,9.776650989135938
TRAIN,late_limit_97_to_99,270.0,,UP,0.506448826470781,1.0,settlement,9.725331566242534
TRAIN,late_limit_97_to_99,270.0,,UP,0.5052841028393931,1.0,settlement,9.770846266102591
TRAIN,late_limit_97_to_99,270.0,,UP,0.5050222815929436,0.0,settlement,-10.02
TRAIN,late_limit_97_to_99,270.0,,UP,0.5071645740581444,1.0,settlement,9.697465516141392
TRAIN,late_limit_97_to_99,270.0,,DOWN,0.5057222078114906,1.0,settlement,9.753701541158204
TRAIN,late_limit_97_to_99,270.0,,DOWN,0.5052476050080206,1.0,settlement,9.772275907653743
TRAIN,late_limit_97_to_99,270.0,,UP,0.50727375418386,1.0,settlement,9.693221741757071
TRAIN,late_limit_97_to_99,270.0,,DOWN,0.5072520243136452,1.0,settlement,9.694066224833392
TRAIN,late_limit_97_to_99,270.0,,DOWN,0.5069392621303931,1.0,settlement,9.706229051534454
TRAIN,late_limit_97_to_99,270.0,,UP,0.5061575122586796,1.0,settlement,9.736695806757773
TRAIN,late_limit_97_to_99,270.0,,DOWN,0.5055373011219714,1.0,settlement,9.760934023674135
TRAIN,late_limit_97_to_99,270.0,,UP,0.5065274326633341,1.0,settlement,9.7222673583931
TRAIN,late_limit_97_to_99,270.0,,DOWN,0.5057028363745252,0.0,settlement,-10.02
TRAIN,late_limit_97_to_99,270.0,,DOWN,0.505146256726153,1.0,settlement,9.776246862858855
TRAIN,late_limit_97_to_99,270.0,,DOWN,0.5061443423466014,1.0,settlement,9.73720987739921
TRAIN,late_limit_97_to_99,270.0,,UP,0.5066596140260213,1.0,settlement,9.717116839721932
TRAIN,late_limit_97_to_99,270.0,,DOWN,0.506092804973706,1.0,settlement,9.739221829916254
TRAIN,late_limit_97_to_99,270.0,,DOWN,0.5076917378651925,1.0,settlement,9.676991804612157
TRAIN,late_limit_97_to_99,270.0,,UP,0.5052767900329632,1.0,settlement,9.771132696492195
TRAIN,late_limit_97_to_99,270.0,,DOWN,0.5054926312302651,1.0,settlement,9.762682045556346
TRAIN,late_limit_97_to_99,270.0,,DOWN,0.5062863952403646,1.0,settlement,9.731666436251757
TRAIN,late_limit_97_to_99,270.0,,UP,0.5061164233030027,1.0,settlement,9.738299749963225
TRAIN,late_limit_97_to_99,270.0,,UP,0.5054438129722064,1.0,settlement,9.764592754625102
TRAIN,late_limit_97_to_99,270.0,,DOWN,0.505327339190985,1.0,settlement,9.769152939972969
TRAIN,late_limit_97_to_99,270.0,,DOWN,0.5058080276860512,1.0,settlement,9.750346559637599
TRAIN,late_limit_97_to_99,270.0,,UP,0.5055427449193995,0.0,settlement,-10.02
TRAIN,late_limit_97_to_99,270.0,,DOWN,0.5055284193200903,1.0,settlement,9.761281561676562
TRAIN,late_limit_97_to_99,270.0,,UP,0.5055886658325208,1.0,settlement,9.758924401981272
TRAIN,late_limit_97_to_99,270.0,,UP,0.5064909515570782,1.0,settlement,9.723689337899387
TRAIN,late_limit_97_to_99,270.0,,DOWN,0.5059509489749009,1.0,settlement,9.74476182179486
TRAIN,late_limit_97_to_99,270.0,,DOWN,0.5102004810370769,1.0,settlement,9.58013832145581
TRAIN,late_limit_97_to_99,270.0,,UP,0.5052959774238406,1.0,settlement,9.770381176163674
TRAIN,late_limit_97_to_99,270.0,,UP,0.5053917015163812,1.0,settlement,9.766632764241916
TRAIN,late_limit_97_to_99,270.0,,UP,0.5057193137443879,1.0,settlement,9.753814699618978
TRAIN,late_limit_97_to_99,270.0,,DOWN,0.5063669579395061,1.0,settlement,9.728523957194426
TRAIN,late_limit_97_to_99,270.0,,DOWN,0.5060481021733003,1.0,settlement,9.740967301435344
TRAIN,late_limit_97_to_99,270.0,,UP,0.5065860167154526,1.0,settlement,9.71998426730551
TRAIN,late_limit_97_to_99,270.0,,UP,0.5055489031057904,1.0,settlement,9.760480065461472
TRAIN,late_limit_97_to_99,270.0,,UP,0.5065885049260692,1.0,settlement,9.719887310430359
TRAIN,late_limit_97_to_99,270.0,,DOWN,0.5055417529455869,1.0,settlement,9.760759831871557
TRAIN,late_limit_97_to_99,270.0,,DOWN,0.5064078673568269,1.0,settlement,9.726928601632025
TRAIN,late_limit_97_to_99,270.0,,UP,0.5053500272744493,1.0,settlement,9.768264490523364
TRAIN,late_limit_97_to_99,270.0,,DOWN,0.5053837801132918,0.0,settlement,-10.02
TRAIN,late_limit_97_to_99,270.0,,DOWN,0.5084950641093172,1.0,settlement,9.645874274543953
TRAIN,late_limit_97_to_99,270.0,,UP,0.5054495295945697,1.0,settlement,9.764368991343574
TRAIN,late_limit_97_to_99,270.0,,DOWN,0.5053777230100032,1.0,settlement,9.767180053051263
TRAIN,late_limit_97_to_99,270.0,,UP,0.508767954130012,1.0,settlement,9.635326006332097
TRAIN,late_limit_97_to_99,270.0,,DOWN,0.5059697877081349,1.0,settlement,9.74402592197546
TRAIN,late_limit_97_to_99,270.0,,UP,0.5051339791005661,1.0,settlement,9.77672802412906
TRAIN,late_limit_97_to_99,270.0,,DOWN,0.5052550276795956,1.0,settlement,9.771985140505002
TRAIN,late_limit_97_to_99,270.0,,UP,0.5080322060064667,1.0,settlement,9.663791463946502
TRAIN,late_limit_97_to_99,270.0,,UP,0.5054319714145041,0.0,settlement,-10.02
TRAIN,late_limit_97_to_99,270.0,,UP,0.5057568537959161,1.0,settlement,9.752346978485473
TRAIN,late_limit_97_to_99,270.0,,UP,0.5070665128414108,1.0,settlement,9.701278662169479
TRAIN,late_limit_97_to_99,270.0,,UP,0.5072321618242129,1.0,settlement,9.694838199604572
TRAIN,late_limit_97_to_99,270.0,,UP,0.5063754777509771,1.0,settlement,9.728191686560603
TRAIN,late_limit_97_to_99,270.0,,UP,0.5067662611014608,1.0,settlement,9.712963236867651
TRAIN,late_limit_97_to_99,270.0,,UP,0.5053526137675446,1.0,settlement,9.768163210331917
TRAIN,late_limit_97_to_99,270.0,,UP,0.5060658000978474,1.0,settlement,9.740276229032883
TRAIN,late_limit_97_to_99,270.0,,UP,0.5075197708709625,1.0,settlement,9.683665894313531
TRAIN,late_limit_97_to_99,270.0,,DOWN,0.5050787236386679,0.0,settlement,-10.02
TRAIN,late_limit_97_to_99,270.0,,UP,0.5203919476554913,1.0,settlement,9.196285042558301
TRAIN,late_limit_97_to_99,270.0,,UP,0.5103163313421056,1.0,settlement,9.575688763674318
TRAIN,late_limit_97_to_99,270.0,,UP,0.5050358951534929,0.0,settlement,-10.02
TRAIN,late_limit_97_to_99,270.0,,DOWN,0.5062721075655199,1.0,settlement,9.732223854650805
TRAIN,late_limit_97_to_99,270.0,,DOWN,0.5069394860153155,1.0,settlement,9.706220339636129
TRAIN,late_limit_97_to_99,270.0,,DOWN,0.5119980113905765,1.0,settlement,9.51132585972394
TRAIN,late_limit_97_to_99,270.0,,DOWN,0.5095002204239096,1.0,settlement,9.607076886600545
TRAIN,late_limit_97_to_99,270.0,,DOWN,0.507421792393256,1.0,settlement,9.687470490841509
TRAIN,late_limit_97_to_99,270.0,,UP,0.5115655669221164,1.0,settlement,9.527836380321617
TRAIN,late_limit_97_to_99,270.0,,DOWN,0.5134832021512045,1.0,settlement,9.454833759129123
TRAIN,late_limit_97_to_99,270.0,,UP,0.5059176025020736,1.0,settlement,9.74606457364569
TRAIN,late_limit_97_to_99,270.0,,DOWN,0.5050002934080614,1.0,settlement,9.78196869295595
TRAIN,late_limit_97_to_99,270.0,,DOWN,0.5132577817379843,1.0,settlement,9.463387014880084
TRAIN,late_limit_97_to_99,270.0,,UP,0.5100496502614068,1.0,settlement,9.585934431824189
TRAIN,late_limit_97_to_99,270.0,,DOWN,0.5096770664835301,1.0,settlement,9.600266748500335
TRAIN,late_limit_97_to_99,270.0,,DOWN,0.505811679194983,0.0,settlement,-10.02
TRAIN,late_limit_97_to_99,270.0,,DOWN,0.5052855238676756,1.0,settlement,9.77079060776498
TRAIN,late_limit_97_to_99,270.0,,DOWN,0.5143533342957354,1.0,settlement,9.421888159804066
TRAIN,late_limit_97_to_99,270.0,,UP,0.5083618909267689,1.0,settlement,9.651026051479796
TRAIN,late_limit_97_to_99,270.0,,DOWN,0.5062558686377198,1.0,settlement,9.732857437305224
TRAIN,late_limit_97_to_99,270.0,,DOWN,0.5053491092656994,1.0,settlement,9.768300437554071
TRAIN,late_limit_97_to_99,270.0,,DOWN,0.5061332637373616,1.0,settlement,9.737642337432135
TRAIN,late_limit_97_to_99,270.0,,UP,0.5059459463588318,1.0,settlement,9.744957248827731
TRAIN,late_limit_97_to_99,270.0,,UP,0.5086338906617475,1.0,settlement,9.640506670111403
TRAIN,late_limit_97_to_99,270.0,,DOWN,0.5069637954186094,1.0,settlement,9.705274448331789
TRAIN,late_limit_97_to_99,270.0,,UP,0.5083602121616306,1.0,settlement,9.6510910113881
TRAIN,late_limit_97_to_99,270.0,,UP,0.5053029872592542,1.0,settlement,9.770106633328357
TRAIN,late_limit_97_to_99,270.0,,DOWN,0.5065447551073573,1.0,settlement,9.721592226891374
TRAIN,late_limit_97_to_99,270.0,,DOWN,0.5052517361925852,0.0,settlement,-10.02
TRAIN,late_limit_97_to_99,270.0,,DOWN,0.5050605718000202,0.0,settlement,-10.02
TRAIN,late_limit_97_to_99,270.0,,DOWN,0.5060540520807216,0.0,settlement,-10.02
TRAIN,late_limit_97_to_99,270.0,,DOWN,0.506986440317626,1.0,settlement,9.704393405344373
TRAIN,late_limit_97_to_99,270.0,,UP,0.5064857823514992,1.0,settlement,9.723890842448245
TRAIN,late_limit_97_to_99,270.0,,DOWN,0.5050203544731021,0.0,settlement,-10.02
TRAIN,late_limit_97_to_99,270.0,,DOWN,0.5053199787817758,0.0,settlement,-10.02
TRAIN,late_limit_97_to_99,270.0,,UP,0.5068621295331008,1.0,settlement,9.709230923627224
TRAIN,late_limit_97_to_99,270.0,,DOWN,0.5061809223045944,1.0,settlement,9.735782091650027
TRAIN,late_limit_97_to_99,270.0,,UP,0.5071412126422984,1.0,settlement,9.698373799475245
TRAIN,late_limit_97_to_99,270.0,,UP,0.5080873292481461,1.0,settlement,9.661655936584225
TRAIN,late_limit_97_to_99,270.0,,UP,0.5085381066149571,1.0,settlement,9.644209761121331
TRAIN,late_limit_97_to_99,270.0,,DOWN,0.5060716585739357,1.0,settlement,9.740047476634235
TRAIN,late_limit_97_to_99,270.0,,DOWN,0.5057774898166798,1.0,settlement,9.751540255032946
TRAIN,late_limit_97_to_99,270.0,,UP,0.5070926005635344,1.0,settlement,9.700264087637944
TRAIN,late_limit_97_to_99,270.0,,UP,0.5067791766306746,1.0,settlement,9.712460332101802
TRAIN,late_limit_97_to_99,270.0,,UP,0.5063357307725257,1.0,settlement,9.729741904927028
TRAIN,late_limit_97_to_99,270.0,,UP,0.5053690909652571,1.0,settlement,9.767518031425226
TRAIN,late_limit_97_to_99,270.0,,DOWN,0.5061383587606884,1.0,settlement,9.737443447846218
TRAIN,late_limit_97_to_99,270.0,,UP,0.5078232340309254,1.0,settlement,9.671891449360153
TRAIN,late_limit_97_to_99,270.0,,UP,0.505122954052551,1.0,settlement,9.777160116702277
TRAIN,late_limit_97_to_99,270.0,,UP,0.5069180009683316,1.0,settlement,9.707056409316039
TRAIN,late_limit_97_to_99,270.0,,UP,0.5052675683142984,1.0,settlement,9.7714939075994
TRAIN,late_limit_97_to_99,270.0,,DOWN,0.5090368994912132,1.0,settlement,9.624941280278673
TRAIN,late_limit_97_to_99,270.0,,UP,0.5067924789332364,1.0,settlement,9.711942393954459
TRAIN,late_limit_97_to_99,270.0,,DOWN,0.5062174028305827,0.0,settlement,-10.02
TRAIN,late_limit_97_to_99,270.0,,UP,0.5081239959548581,1.0,settlement,9.660235689731927
TRAIN,late_limit_97_to_99,270.0,,DOWN,0.5059739100913864,1.0,settlement,9.743864896104729
TRAIN,late_limit_97_to_99,270.0,,UP,0.5076599529790253,1.0,settlement,9.678225044773551
TRAIN,late_limit_97_to_99,270.0,,DOWN,0.5053356140062625,1.0,settlement,9.76882889476314
TRAIN,late_limit_97_to_99,270.0,,UP,0.5061411189541659,1.0,settlement,9.737335702467515
TRAIN,late_limit_97_to_99,270.0,,UP,0.5059080106045868,1.0,settlement,9.74643933360429
TRAIN,late_limit_97_to_99,270.0,,DOWN,0.5056717693285891,1.0,settlement,9.755673878883137
TRAIN,late_limit_97_to_99,270.0,,DOWN,0.5062237179527982,1.0,settlement,9.734111957536587
TRAIN,late_limit_97_to_99,270.0,,DOWN,0.5139593057622295,1.0,settlement,9.436793345086844
TRAIN,late_limit_97_to_99,270.0,,UP,0.5054000086437571,1.0,settlement,9.766307536549196
TRAIN,late_limit_97_to_99,270.0,,UP,0.5079081954252438,1.0,settlement,9.668597447472859
TRAIN,late_limit_97_to_99,270.0,,UP,0.5076578701812173,1.0,settlement,9.67830586184023
TRAIN,late_limit_97_to_99,270.0,,DOWN,0.5061601671682406,1.0,settlement,9.736592179005147
TRAIN,late_limit_97_to_99,270.0,,DOWN,0.5088421185205559,1.0,settlement,9.63246121739041
TRAIN,late_limit_97_to_99,270.0,,DOWN,0.5053632553031581,1.0,settlement,9.767746527003009
TRAIN,late_limit_97_to_99,270.0,,DOWN,0.5062069807689197,1.0,settlement,9.734765105787702
TRAIN,late_limit_97_to_99,270.0,,DOWN,0.5061974869620337,1.0,settlement,9.735135609256847
TRAIN,late_limit_97_to_99,270.0,,UP,0.5074909104302969,1.0,settlement,9.684786419762851
TRAIN,late_limit_97_to_99,270.0,,UP,0.5075076168753434,1.0,settlement,9.684137765593874
TRAIN,late_limit_97_to_99,270.0,,UP,0.505742293826245,1.0,settlement,9.752916210633636
TRAIN,late_limit_97_to_99,270.0,,DOWN,0.5067039769948252,1.0,settlement,9.715388814803259
TRAIN,late_limit_97_to_99,270.0,,DOWN,0.5059523299652819,1.0,settlement,9.744707874131528
TRAIN,late_limit_97_to_99,270.0,,DOWN,0.5081491172807083,1.0,settlement,9.659262759549119
TRAIN,late_limit_97_to_99,270.0,,UP,0.5059863825611954,1.0,settlement,9.743377720527036
TRAIN,late_limit_97_to_99,270.0,,UP,0.509369542830824,1.0,settlement,9.612112168358056
TRAIN,late_limit_97_to_99,270.0,,UP,0.5061735550991286,1.0,settlement,9.736069631179383
TRAIN,late_limit_97_to_99,270.0,,UP,0.5066967249608831,1.0,settlement,9.715671275104448
TRAIN,late_limit_97_to_99,270.0,,UP,0.505041554314263,0.0,settlement,-10.02
TRAIN,late_limit_97_to_99,270.0,,UP,0.5059694420192796,1.0,settlement,9.74403942516939
TRAIN,late_limit_97_to_99,270.0,,DOWN,0.5050892457682205,0.0,settlement,-10.02
TRAIN,late_limit_97_to_99,270.0,,UP,0.5058422660831605,1.0,settlement,9.74900838562193
TRAIN,late_limit_97_to_99,270.0,,UP,0.5052399097389203,1.0,settlement,9.772577362242505
TRAIN,late_limit_97_to_99,270.0,,UP,0.5052874623296271,1.0,settlement,9.77071468327161
TRAIN,late_limit_97_to_99,270.0,,DOWN,0.5058749226475128,1.0,settlement,9.74773220476057
TRAIN,late_limit_97_to_99,270.0,,DOWN,0.5050114786003996,1.0,settlement,9.781530111185251
TRAIN,late_limit_97_to_99,270.0,,DOWN,0.5054429397606836,1.0,settlement,9.764626934812437
TRAIN,late_limit_97_to_99,270.0,,DOWN,0.5060941041953869,1.0,settlement,9.739171104943985
TRAIN,late_limit_97_to_99,270.0,,DOWN,0.5055218282271812,1.0,settlement,9.76153947391171
TRAIN,late_limit_97_to_99,270.0,,UP,0.5054388279721063,1.0,settlement,9.76478788446358
TRAIN,late_limit_97_to_99,270.0,,DOWN,0.5050527439751394,0.0,settlement,-10.02
TRAIN,late_limit_97_to_99,270.0,,UP,0.5054973999096801,1.0,settlement,9.762495422897828
TRAIN,late_limit_97_to_99,270.0,,DOWN,0.5053079422278292,1.0,settlement,9.769912574719203
TRAIN,late_limit_97_to_99,270.0,,UP,0.5072867512281946,1.0,settlement,9.692716675113136
TRAIN,late_limit_97_to_99,270.0,,UP,0.5062615426706968,1.0,settlement,9.732636052990909
TRAIN,late_limit_97_to_99,270.0,,UP,0.5051804540028302,1.0,settlement,9.774906791750055
TRAIN,late_limit_97_to_99,270.0,,UP,0.5072004796122477,1.0,settlement,9.69606968440754
TRAIN,late_limit_97_to_99,270.0,,UP,0.5067617010699502,1.0,settlement,9.7131408014586
TRAIN,late_limit_97_to_99,270.0,,DOWN,0.5065991874052651,1.0,settlement,9.719471062357393
TRAIN,late_limit_97_to_99,270.0,,UP,0.505880131930375,1.0,settlement,9.747528647233601
TRAIN,late_limit_97_to_99,270.0,,DOWN,0.5074392289269584,1.0,settlement,9.68679330635554
TRAIN,late_limit_97_to_99,270.0,,UP,0.5067056803424883,1.0,settlement,9.715322472092446
TRAIN,late_limit_97_to_99,270.0,,UP,0.505298602604875,0.0,settlement,-10.02
TRAIN,late_limit_97_to_99,270.0,,UP,0.5050870001703901,1.0,settlement,9.778569348699374
TRAIN,late_limit_97_to_99,270.0,,DOWN,0.5079117309612026,1.0,settlement,9.668460396603564
TRAIN,late_limit_97_to_99,270.0,,UP,0.5054160149095713,0.0,settlement,-10.02
TRAIN,late_limit_97_to_99,270.0,,DOWN,0.5064921721673453,1.0,settlement,9.723641757006256
TRAIN,late_limit_97_to_99,270.0,,DOWN,0.5079132871855626,1.0,settlement,9.668400072011838
TRAIN,late_limit_97_to_99,270.0,,UP,0.505123800748918,0.0,settlement,-10.02
TRAIN,late_limit_97_to_99,270.0,,DOWN,0.5097733217598687,1.0,settlement,9.596562054439072
TRAIN,late_limit_97_to_99,270.0,,UP,0.5088238470596376,1.0,settlement,9.633166921690943
TRAIN,late_limit_97_to_99,270.0,,DOWN,0.506312424177706,1.0,settlement,9.73065102587763
TRAIN,late_limit_97_to_99,270.0,,DOWN,0.5054758185668408,1.0,settlement,9.763340038604966
TRAIN,late_limit_97_to_99,270.0,,DOWN,0.505635309396503,0.0,settlement,-10.02
TRAIN,late_limit_97_to_99,270.0,,DOWN,0.5075312303596476,1.0,settlement,9.683221007530477
TRAIN,late_limit_97_to_99,270.0,,DOWN,0.5074767636643979,1.0,settlement,9.685335723732077
TRAIN,late_limit_97_to_99,270.0,,DOWN,0.505771466399823,0.0,settlement,-10.02
TRAIN,late_limit_97_to_99,270.0,,UP,0.5052051904757311,0.0,settlement,-10.02
TRAIN,late_limit_97_to_99,270.0,,UP,0.5068411830452865,1.0,settlement,9.710046283761624
TRAIN,late_limit_97_to_99,270.0,,DOWN,0.5067183101026084,1.0,settlement,9.714830576726232
TRAIN,late_limit_97_to_99,270.0,,DOWN,0.5067418221845199,1.0,settlement,9.713914909353388
TRAIN,late_limit_97_to_99,270.0,,UP,0.506709855802859,1.0,settlement,9.715159846368984
TRAIN,late_limit_97_to_99,270.0,,UP,0.505230014723127,0.0,settlement,-10.02
TRAIN,late_limit_97_to_99,270.0,,UP,0.5067078645129074,1.0,settlement,9.715237402744652
TRAIN,late_limit_97_to_99,270.0,,DOWN,0.5058600479922731,1.0,settlement,9.748313468694306
TRAIN,late_limit_97_to_99,270.0,,UP,0.5068717677652984,1.0,settlement,9.708855769750414
TRAIN,late_limit_97_to_99,270.0,,DOWN,0.506334918864002,1.0,settlement,9.729773573656946
TRAIN,late_limit_97_to_99,270.0,,DOWN,0.5052196746537324,1.0,settlement,9.773370095600104
TRAIN,late_limit_97_to_99,270.0,,DOWN,0.5061084556742631,1.0,settlement,9.738610803444288
TRAIN,late_limit_97_to_99,270.0,,UP,0.5051056275692686,0.0,settlement,-10.02
TRAIN,late_limit_97_to_99,270.0,,DOWN,0.5056685221914007,1.0,settlement,9.75580086785568
TRAIN,late_limit_97_to_99,270.0,,DOWN,0.506730664825244,1.0,settlement,9.714349417059054
TRAIN,late_limit_97_to_99,270.0,,UP,0.5051941222316607,0.0,settlement,-10.02
TRAIN,late_limit_97_to_99,270.0,,UP,0.5055076556255784,0.0,settlement,-10.02
TRAIN,late_limit_97_to_99,270.0,,DOWN,0.5068044449263228,1.0,settlement,9.71147650955145
TRAIN,late_limit_97_to_99,270.0,,UP,0.5063220642539211,0.0,settlement,-10.02
TRAIN,late_limit_97_to_99,270.0,,DOWN,0.5054793341494939,0.0,settlement,-10.02
TRAIN,late_limit_97_to_99,270.0,,DOWN,0.5056387798455313,1.0,settlement,9.756964106777811
TRAIN,late_limit_97_to_99,270.0,,UP,0.5072849549369075,1.0,settlement,9.692786477658753
TRAIN,late_limit_97_to_99,270.0,,UP,0.5056598566578047,0.0,settlement,-10.02
TRAIN,late_limit_97_to_99,270.0,,DOWN,0.5065050275408884,1.0,settlement,9.723140652622117
TRAIN,late_limit_97_to_99,270.0,,DOWN,0.5119839935129707,1.0,settlement,9.511860618112582
TRAIN,late_limit_97_to_99,270.0,,UP,0.5052229368058059,1.0,settlement,9.773242292647002
TRAIN,late_limit_97_to_99,270.0,,DOWN,0.5062545614553883,1.0,settlement,9.732908440472812
TRAIN,late_limit_97_to_99,270.0,,DOWN,0.5083709242817648,1.0,settlement,9.650676512682491
TRAIN,late_limit_97_to_99,270.0,,UP,0.5054880194887629,1.0,settlement,9.762862529786034
TRAIN,late_limit_97_to_99,270.0,,UP,0.5104641276727669,1.0,settlement,9.570015160498215
TRAIN,late_limit_97_to_99,270.0,,DOWN,0.5057363454773175,1.0,settlement,9.75314877490549
TRAIN,late_limit_97_to_99,270.0,,DOWN,0.5054570037955142,1.0,settlement,9.76407643955719
TRAIN,late_limit_97_to_99,270.0,,UP,0.5057033611562334,1.0,settlement,9.754438471470973
TRAIN,late_limit_97_to_99,270.0,,DOWN,0.5050050412985938,0.0,settlement,-10.02
TRAIN,late_limit_97_to_99,270.0,,DOWN,0.5054832416533913,1.0,settlement,9.763049517706815
TRAIN,late_limit_97_to_99,270.0,,DOWN,0.5076158297674439,1.0,settlement,9.679937262755065
TRAIN,late_limit_97_to_99,270.0,,UP,0.5058733613209097,1.0,settlement,9.747793215852543
TRAIN,late_limit_97_to_99,270.0,,DOWN,0.5074496987760232,1.0,settlement,9.686386710091977
TRAIN,late_limit_97_to_99,270.0,,UP,0.5069988278578832,1.0,settlement,9.703911477765978
TRAIN,late_limit_97_to_99,270.0,,UP,0.5053515511386069,1.0,settlement,9.768204819929839
TRAIN,late_limit_97_to_99,270.0,,UP,0.5082879415033447,1.0,settlement,9.653887935297789
TRAIN,late_limit_97_to_99,270.0,,UP,0.5057102253231622,1.0,settlement,9.75417006668144
TRAIN,late_limit_97_to_99,270.0,,DOWN,0.5052228498441348,1.0,settlement,9.7732456995662
TRAIN,late_limit_97_to_99,270.0,,DOWN,0.5055555831514981,0.0,settlement,-10.02
TRAIN,late_limit_97_to_99,270.0,,UP,0.507675189815047,1.0,settlement,9.677633842699969
TRAIN,late_limit_97_to_99,270.0,,UP,0.5058144901572006,1.0,settlement,9.75009396645029
TRAIN,late_limit_97_to_99,270.0,,DOWN,0.5077476210818547,1.0,settlement,9.674823933774544
TRAIN,late_limit_97_to_99,270.0,,UP,0.506194837442512,1.0,settlement,9.735239011373142
TRAIN,late_limit_97_to_99,270.0,,DOWN,0.5073251010945089,1.0,settlement,9.691226545711789
TRAIN,late_limit_97_to_99,270.0,,UP,0.5052545019581615,1.0,settlement,9.772005734227122
TRAIN,late_limit_97_to_99,270.0,,DOWN,0.5054983225771631,0.0,settlement,-10.02
TRAIN,late_limit_97_to_99,270.0,,UP,0.505399619545826,1.0,settlement,9.76632276966578
TRAIN,late_limit_97_to_99,270.0,,DOWN,0.5070706542031501,1.0,settlement,9.701117593986524
TRAIN,late_limit_97_to_99,270.0,,UP,0.5050486007645125,0.0,settlement,-10.02
TRAIN,late_limit_97_to_99,270.0,,DOWN,0.5065817990283422,1.0,settlement,9.720148618013258
TRAIN,late_limit_97_to_99,270.0,,DOWN,0.5051438018552716,1.0,settlement,9.776343067602546
TRAIN,late_limit_97_to_99,270.0,,UP,0.5067197815793856,1.0,settlement,9.714773268237494
TRAIN,late_limit_97_to_99,270.0,,UP,0.5052362749309354,1.0,settlement,9.772719755458922
TRAIN,late_limit_97_to_99,270.0,,DOWN,0.5062542169374483,1.0,settlement,9.732921882793086
TRAIN,late_limit_97_to_99,270.0,,DOWN,0.5050707867914296,0.0,settlement,-10.02
TRAIN,late_limit_97_to_99,270.0,,DOWN,0.506285352077296,1.0,settlement,9.731707133081883
TRAIN,late_limit_97_to_99,270.0,,DOWN,0.5064854909108024,1.0,settlement,9.723902203431745
TRAIN,late_limit_97_to_99,270.0,,DOWN,0.5051933441898148,0.0,settlement,-10.02
TRAIN,late_limit_97_to_99,270.0,,DOWN,0.5070618465561333,1.0,settlement,9.701460149127922
TRAIN,late_limit_97_to_99,270.0,,UP,0.505228810129236,0.0,settlement,-10.02
TRAIN,late_limit_97_to_99,270.0,,UP,0.5061139640574326,1.0,settlement,9.738395757018125
TRAIN,late_limit_97_to_99,270.0,,UP,0.5052781917039755,0.0,settlement,-10.02
TRAIN,late_limit_97_to_99,270.0,,UP,0.5058882595743438,0.0,settlement,-10.02
TRAIN,late_limit_97_to_99,270.0,,DOWN,0.5077792201397352,1.0,settlement,9.673598326548518
TRAIN,late_limit_97_to_99,270.0,,UP,0.5053916106374207,1.0,settlement,9.766636322252342
TRAIN,late_limit_97_to_99,270.0,,DOWN,0.5055642633604925,0.0,settlement,-10.02
TRAIN,late_limit_97_to_99,270.0,,UP,0.5070186948498474,1.0,settlement,9.703138617130243
TRAIN,late_limit_97_to_99,270.0,,DOWN,0.5053066500130404,0.0,settlement,-10.02
TRAIN,late_limit_97_to_99,270.0,,DOWN,0.5055798963270901,0.0,settlement,-10.02
TRAIN,late_limit_97_to_99,270.0,,UP,0.5051296459177098,1.0,settlement,9.776897847546035
TRAIN,late_limit_97_to_99,270.0,,UP,0.5054828806747995,0.0,settlement,-10.02
TRAIN,late_limit_97_to_99,270.0,,UP,0.5070205101589136,1.0,settlement,9.703068001461592
TRAIN,late_limit_97_to_99,270.0,,DOWN,0.5050127367556837,0.0,settlement,-10.02
TRAIN,late_limit_97_to_99,270.0,,UP,0.5074084325712469,1.0,settlement,9.687989379139587
TRAIN,late_limit_97_to_99,270.0,,DOWN,0.5061051678083218,1.0,settlement,9.738739163452525
TRAIN,late_limit_97_to_99,270.0,,DOWN,0.5077291417488042,1.0,settlement,9.675540747486654
TRAIN,late_limit_97_to_99,270.0,,DOWN,0.5063465102080814,1.0,settlement,9.729321459509087
TRAIN,late_limit_97_to_99,270.0,,UP,0.5059480818358639,1.0,settlement,9.744873826014679
TRAIN,late_limit_97_to_99,270.0,,UP,0.5061104892602392,1.0,settlement,9.738531412017537
TRAIN,late_limit_97_to_99,270.0,,UP,0.5055147867717142,0.0,settlement,-10.02
TRAIN,late_limit_97_to_99,270.0,,DOWN,0.5051237831968062,0.0,settlement,-10.02
TRAIN,late_limit_97_to_99,270.0,,DOWN,0.5064226492001095,1.0,settlement,9.726352213501745
TRAIN,late_limit_97_to_99,270.0,,DOWN,0.5068386360925207,1.0,settlement,9.710145430693949
TRAIN,late_limit_97_to_99,270.0,,DOWN,0.505534904514729,1.0,settlement,9.761027799849266
TRAIN,late_limit_97_to_99,270.0,,UP,0.5068504089586794,1.0,settlement,9.709687148807731
TRAIN,late_limit_97_to_99,270.0,,UP,0.5062381489691924,0.0,settlement,-10.02
TRAIN,late_limit_97_to_99,270.0,,UP,0.505882907299497,1.0,settlement,9.74742019884004
TRAIN,late_limit_97_to_99,270.0,,UP,0.5051686531613064,1.0,settlement,9.775369204761166
TRAIN,late_limit_97_to_99,270.0,,UP,0.5056423905760794,1.0,settlement,9.756822881892834
TRAIN,late_limit_97_to_99,270.0,,UP,0.5062505681459945,1.0,settlement,9.733064251606258
TRAIN,late_limit_97_to_99,270.0,,UP,0.5056638443502277,1.0,settlement,9.755983811636536
TRAIN,late_limit_97_to_99,270.0,,DOWN,0.5058367207382645,0.0,settlement,-10.02
TRAIN,late_limit_97_to_99,270.0,,DOWN,0.5058487791268492,0.0,settlement,-10.02
TRAIN,late_limit_97_to_99,270.0,,DOWN,0.5072296831941565,1.0,settlement,9.694934538190694
TRAIN,late_limit_97_to_99,270.0,,DOWN,0.5058657658180507,1.0,settlement,9.748090026469178
TRAIN,late_limit_97_to_99,270.0,,DOWN,0.5054309729678624,0.0,settlement,-10.02
TRAIN,late_limit_97_to_99,270.0,,UP,0.5058781721271396,1.0,settlement,9.747605227858607
TRAIN,late_limit_97_to_99,270.0,,UP,0.5062375811237152,0.0,settlement,-10.02
TRAIN,late_limit_97_to_99,270.0,,DOWN,0.5055903356184275,1.0,settlement,9.758859079195432
TRAIN,late_limit_97_to_99,270.0,,DOWN,0.5058480594674077,1.0,settlement,9.748781974825999
TRAIN,late_limit_97_to_99,270.0,,UP,0.5062019437990939,0.0,settlement,-10.02
TRAIN,late_limit_97_to_99,270.0,,DOWN,0.5051934374160164,1.0,settlement,9.774398064924199
TRAIN,late_limit_97_to_99,270.0,,UP,0.5051661713734903,1.0,settlement,9.775466455742908
TRAIN,late_limit_97_to_99,270.0,,DOWN,0.5053947515542886,1.0,settlement,9.766513352673428
TRAIN,late_limit_97_to_99,270.0,,DOWN,0.5055341828253779,1.0,settlement,9.761056038804423
TRAIN,late_limit_97_to_99,270.0,,DOWN,0.5050894997206631,1.0,settlement,9.778471370975726
TRAIN,late_limit_97_to_99,270.0,,UP,0.5072574345406644,1.0,settlement,9.693855961628785
TRAIN,late_limit_97_to_99,270.0,,DOWN,0.5062017894303895,1.0,settlement,9.734967700237956
TRAIN,late_limit_97_to_99,270.0,,UP,0.5081840388631583,1.0,settlement,9.657910432548547
TRAIN,late_limit_97_to_99,270.0,,UP,0.5069200015639757,1.0,settlement,9.70697855509249
TRAIN,late_limit_97_to_99,270.0,,UP,0.5074970758649,1.0,settlement,9.684547032034693
TRAIN,late_limit_97_to_99,270.0,,DOWN,0.5076121058673136,1.0,settlement,9.680081783734945
TRAIN,late_limit_97_to_99,270.0,,DOWN,0.5057202912244372,1.0,settlement,9.75377647985659
TRAIN,late_limit_97_to_99,270.0,,UP,0.5050593099573102,0.0,settlement,-10.02
TRAIN,late_limit_97_to_99,270.0,,DOWN,0.508577308338302,1.0,settlement,9.642694021236341
TRAIN,late_limit_97_to_99,270.0,,UP,0.50755218811325,1.0,settlement,9.682407425674821
TRAIN,late_limit_97_to_99,270.0,,UP,0.5072698561287187,1.0,settlement,9.693373225675213
TRAIN,late_limit_97_to_99,270.0,,UP,0.5069049766563319,1.0,settlement,9.707563272237774
TRAIN,late_limit_97_to_99,270.0,,DOWN,0.5076867701336589,1.0,settlement,9.677184540316652
TRAIN,late_limit_97_to_99,270.0,,DOWN,0.5051386330559059,0.0,settlement,-10.02
TRAIN,late_limit_97_to_99,270.0,,DOWN,0.5061809248107875,1.0,settlement,9.735781993835587
TRAIN,late_limit_97_to_99,270.0,,DOWN,0.5055263246446571,1.0,settlement,9.761363526477414
TRAIN,late_limit_97_to_99,270.0,,UP,0.5061500239926212,1.0,settlement,9.736988098346476
TRAIN,late_limit_97_to_99,270.0,,UP,0.5070077040167704,1.0,settlement,9.703566172219798
TRAIN,late_limit_97_to_99,270.0,,UP,0.5068476372174809,1.0,settlement,9.709795042349473
TRAIN,late_limit_97_to_99,270.0,,UP,0.5075515789424009,1.0,settlement,9.682431072793182
TRAIN,late_limit_97_to_99,270.0,,DOWN,0.5054421153389306,1.0,settlement,9.76465920532636
TRAIN,late_limit_97_to_99,270.0,,DOWN,0.5077692724289765,1.0,settlement,9.673984143947457
TRAIN,late_limit_97_to_99,270.0,,DOWN,0.5054321152731652,1.0,settlement,9.76505064838512
TRAIN,late_limit_97_to_99,270.0,,UP,0.5063325832839316,1.0,settlement,9.729864674208393
TRAIN,late_limit_97_to_99,270.0,,DOWN,0.5063028303260663,1.0,settlement,9.731025277816158
TRAIN,late_limit_97_to_99,270.0,,UP,0.5054058441240636,1.0,settlement,9.766079081319976
TRAIN,late_limit_97_to_99,270.0,,DOWN,0.5051257234552212,1.0,settlement,9.777051576777378
TRAIN,late_limit_97_to_99,270.0,,DOWN,0.5071074921929661,1.0,settlement,9.69968498583091
TRAIN,late_limit_97_to_99,270.0,,DOWN,0.5060657627639914,1.0,settlement,9.740277686802525
TRAIN,late_limit_97_to_99,270.0,,UP,0.5061690283448204,1.0,settlement,9.73624631301551
TRAIN,late_limit_97_to_99,270.0,,DOWN,0.5055699894199072,1.0,settlement,9.759655061159854
TRAIN,late_limit_97_to_99,270.0,,DOWN,0.5066517743369207,1.0,settlement,9.717422242500735
TRAIN,late_limit_97_to_99,270.0,,UP,0.5051024790379398,1.0,settlement,9.77796262146017
TRAIN,late_limit_97_to_99,270.0,,DOWN,0.5062289757112168,1.0,settlement,9.733906788821578
TRAIN,late_limit_97_to_99,270.0,,DOWN,0.5080452181300324,1.0,settlement,9.66328731998917
TRAIN,late_limit_97_to_99,270.0,,UP,0.5059999075995021,1.0,settlement,9.742849458689982
TRAIN,late_limit_97_to_99,270.0,,UP,0.505763407519215,1.0,settlement,9.752090766807957
TRAIN,late_limit_97_to_99,270.0,,DOWN,0.5054868910898126,1.0,settlement,9.762906691092105
TRAIN,late_limit_97_to_99,270.0,,UP,0.5064475377661884,1.0,settlement,9.72538181014259
TRAIN,late_limit_97_to_99,270.0,,DOWN,0.5057902108688507,1.0,settlement,9.751042984050475
TRAIN,late_limit_97_to_99,270.0,,DOWN,0.5058566991550094,1.0,settlement,9.748444337505365
TRAIN,late_limit_97_to_99,270.0,,UP,0.5065269704659627,1.0,settlement,9.722285372881192
TRAIN,late_limit_97_to_99,270.0,,UP,0.5060206125708373,1.0,settlement,9.742040817260406
TRAIN,late_limit_97_to_99,270.0,,DOWN,0.505838479236634,1.0,settlement,9.749156381877278
TRAIN,late_limit_97_to_99,270.0,,UP,0.5057895007506764,0.0,settlement,-10.02
TRAIN,late_limit_97_to_99,270.0,,DOWN,0.5076911730686596,1.0,settlement,9.677013717131558
TRAIN,late_limit_97_to_99,270.0,,UP,0.5095486834084734,1.0,settlement,9.605210162663937
TRAIN,late_limit_97_to_99,270.0,,DOWN,0.5063323247433028,1.0,settlement,9.729874758775747
TRAIN,late_limit_97_to_99,270.0,,DOWN,0.5082158183714193,1.0,settlement,9.656679942873605
TRAIN,late_limit_97_to_99,270.0,,UP,0.506656918874159,1.0,settlement,9.717221830940304
TRAIN,late_limit_97_to_99,270.0,,DOWN,0.506194650932737,1.0,settlement,9.735246290282902
TRAIN,late_limit_97_to_99,270.0,,UP,0.5065804724385151,1.0,settlement,9.720200311834414
TRAIN,late_limit_97_to_99,270.0,,UP,0.5067277748301153,1.0,settlement,9.714461966985297
TRAIN,late_limit_97_to_99,270.0,,DOWN,0.5076071603731617,1.0,settlement,9.680273716881008
TRAIN,late_limit_97_to_99,270.0,,DOWN,0.5062159169872624,1.0,settlement,9.734416375357917
TRAIN,late_limit_97_to_99,270.0,,DOWN,0.5058076169020661,1.0,settlement,9.75036261582472
TRAIN,late_limit_97_to_99,270.0,,UP,0.5055158725051676,1.0,settlement,9.76177252960099
TRAIN,late_limit_97_to_99,270.0,,DOWN,0.5061327192458287,1.0,settlement,9.73766359246773
TRAIN,late_limit_97_to_99,270.0,,UP,0.505013600634132,0.0,settlement,-10.02
TRAIN,late_limit_97_to_99,270.0,,DOWN,0.5065141655255118,1.0,settlement,9.722784468080839
TRAIN,late_limit_97_to_99,270.0,,DOWN,0.5059204883721202,1.0,settlement,9.745951824122784
TRAIN,late_limit_97_to_99,270.0,,DOWN,0.5063852566358912,1.0,settlement,9.72781032614137
TRAIN,late_limit_97_to_99,270.0,,DOWN,0.5061956097656509,1.0,settlement,9.735208870005046
TRAIN,late_limit_97_to_99,270.0,,DOWN,0.508348692118077,1.0,settlement,9.651536791673784
TRAIN,late_limit_97_to_99,270.0,,UP,0.5067971369610141,1.0,settlement,9.71176103551915
TRAIN,late_limit_97_to_99,270.0,,UP,0.5052993249995864,0.0,settlement,-10.02
TRAIN,late_limit_97_to_99,270.0,,DOWN,0.5061408678810405,1.0,settlement,9.737345503169927
TRAIN,late_limit_97_to_99,270.0,,UP,0.5077015370754948,1.0,settlement,9.676611630531678
TRAIN,late_limit_97_to_99,270.0,,DOWN,0.5103817587592011,1.0,settlement,9.573176731690396
TRAIN,late_limit_97_to_99,270.0,,UP,0.507797587110344,1.0,settlement,9.672886011738786
TRAIN,late_limit_97_to_99,270.0,,DOWN,0.5096875797464043,1.0,settlement,9.599862043676858
TRAIN,late_limit_97_to_99,270.0,,UP,0.5078113427395609,1.0,settlement,9.6723525694633
TRAIN,late_limit_97_to_99,270.0,,UP,0.5094178420980545,1.0,settlement,9.61025079532877
TRAIN,late_limit_97_to_99,270.0,,UP,0.50689814082196,1.0,settlement,9.707829310607675
TRAIN,late_limit_97_to_99,270.0,,UP,0.5086871571043856,1.0,settlement,9.638447948486228
TRAIN,late_limit_97_to_99,270.0,,UP,0.5095932785194118,1.0,settlement,9.60349273729495
TRAIN,late_limit_97_to_99,270.0,,DOWN,0.5062120622946084,1.0,settlement,9.734566800860112
TRAIN,late_limit_97_to_99,270.0,,DOWN,0.5079737191443149,1.0,settlement,9.666057807961142
TRAIN,late_limit_97_to_99,270.0,,DOWN,0.5075509932321026,1.0,settlement,9.682453809260913
TRAIN,late_limit_97_to_99,270.0,,UP,0.5165660769331671,1.0,settlement,9.338607633256938
TRAIN,late_limit_97_to_99,270.0,,UP,0.5082454571286049,1.0,settlement,9.655532480892653
TRAIN,late_limit_97_to_99,270.0,,UP,0.5073192658960467,1.0,settlement,9.691453264716092
TRAIN,late_limit_97_to_99,270.0,,DOWN,0.5083108760041076,1.0,settlement,9.653000268283048
TRAIN,late_limit_97_to_99,270.0,,UP,0.5223758517282007,1.0,settlement,9.123304513247557
TRAIN,late_limit_97_to_99,270.0,,DOWN,0.5143176879065638,1.0,settlement,9.423235640413559
TRAIN,late_limit_97_to_99,270.0,,UP,0.5104346594205486,1.0,settlement,9.57114612505373
TRAIN,late_limit_97_to_99,270.0,,UP,0.508028783162437,1.0,settlement,9.663924083495484
TRAIN,late_limit_97_to_99,270.0,,UP,0.5078132805942203,1.0,settlement,9.67227742192652
TRAIN,late_limit_97_to_99,270.0,,DOWN,0.5084367703447085,1.0,settlement,9.648129024618399
TRAIN,late_limit_97_to_99,270.0,,UP,0.5093354898976811,1.0,settlement,9.613424723670583
TRAIN,late_limit_97_to_99,270.0,,DOWN,0.5093812685815194,1.0,settlement,9.611660245079541
TRAIN,late_limit_97_to_99,270.0,,UP,0.5062109780877905,1.0,settlement,9.734609111353041
TRAIN,late_limit_97_to_99,270.0,,UP,0.510129181749885,1.0,settlement,9.582877776364839
TRAIN,late_limit_97_to_99,270.0,,DOWN,0.510168565830546,1.0,settlement,9.58136447003583
TRAIN,late_limit_97_to_99,270.0,,DOWN,0.5070528432645697,1.0,settlement,9.70181032575772
TRAIN,late_limit_97_to_99,270.0,,DOWN,0.5079919232609915,1.0,settlement,9.665352349317352
TRAIN,late_limit_97_to_99,270.0,,DOWN,0.5096728263226431,1.0,settlement,9.600429976915432
TRAIN,late_limit_97_to_99,270.0,,UP,0.5082302087965669,1.0,settlement,9.656122802064242
TRAIN,late_limit_97_to_99,270.0,,DOWN,0.5110499690445568,1.0,settlement,9.547558175760564
TRAIN,late_limit_97_to_99,270.0,,UP,0.5066746189628236,1.0,settlement,9.716532334045596
TRAIN,late_limit_97_to_99,270.0,,UP,0.5096810367742514,1.0,settlement,9.60011391141714
TRAIN,late_limit_97_to_99,270.0,,UP,0.5142714279217442,1.0,settlement,9.42498460747013
TRAIN,late_limit_97_to_99,270.0,,DOWN,0.5050127658910334,1.0,settlement,9.781479636571603
TRAIN,late_limit_97_to_99,270.0,,UP,0.5059223245752867,1.0,settlement,9.74588008523805
TRAIN,late_limit_97_to_99,270.0,,DOWN,0.5064910090003488,1.0,settlement,9.723687098684735
TRAIN,late_limit_97_to_99,270.0,,DOWN,0.5069666313422507,1.0,settlement,9.70516410700224
TRAIN,late_limit_97_to_99,270.0,,DOWN,0.5059202723530407,1.0,settlement,9.745960263837404
TRAIN,late_limit_97_to_99,270.0,,DOWN,0.5102893415688249,1.0,settlement,9.576725201541873
TRAIN,late_limit_97_to_99,270.0,,UP,0.5129111021054051,1.0,settlement,9.476555950830175
TRAIN,late_limit_97_to_99,270.0,,DOWN,0.5052179581332866,1.0,settlement,9.77343734523744
TRAIN,late_limit_97_to_99,270.0,,DOWN,0.5058894310353906,1.0,settlement,9.747165286559284
TRAIN,late_limit_97_to_99,270.0,,DOWN,0.5059395010907312,1.0,settlement,9.74520903871208
TRAIN,late_limit_97_to_99,270.0,,DOWN,0.5054675701570411,1.0,settlement,9.76366287058367
TRAIN,late_limit_97_to_99,270.0,,DOWN,0.5169922028620356,1.0,settlement,9.322651484182241
TRAIN,late_limit_97_to_99,270.0,,UP,0.5066911431590247,1.0,settlement,9.7158886868514
TRAIN,late_limit_97_to_99,270.0,,DOWN,0.5083083941699167,1.0,settlement,9.653096322421174
TRAIN,late_limit_97_to_99,270.0,,UP,0.5058695933153141,1.0,settlement,9.747940457664331
TRAIN,late_limit_97_to_99,270.0,,DOWN,0.5077787181044661,1.0,settlement,9.673617797393952
TRAIN,late_limit_97_to_99,270.0,,UP,0.5066861387034056,1.0,settlement,9.716083614976512
TRAIN,late_limit_97_to_99,270.0,,DOWN,0.5077333652789915,1.0,settlement,9.6753769120632
TRAIN,late_limit_97_to_99,270.0,,UP,0.5059267390625218,1.0,settlement,9.74570761713429
TRAIN,late_limit_97_to_99,270.0,,DOWN,0.5070119200265674,1.0,settlement,9.703402162765723
TRAIN,late_limit_97_to_99,270.0,,DOWN,0.5054255085356268,0.0,settlement,-10.02
TRAIN,late_limit_97_to_99,270.0,,DOWN,0.5059871264618873,1.0,settlement,9.743348664470886
TRAIN,late_limit_97_to_99,270.0,,UP,0.5063058449437154,1.0,settlement,9.730907677377637
TRAIN,late_limit_97_to_99,270.0,,UP,0.5058781375214713,1.0,settlement,9.747606580103621
TRAIN,late_limit_97_to_99,270.0,,UP,0.5091099216420608,1.0,settlement,9.622123586486861
TRAIN,late_limit_97_to_99,270.0,,UP,0.5053022770027634,0.0,settlement,-10.02
TRAIN,late_limit_97_to_99,270.0,,DOWN,0.5072686310943172,1.0,settlement,9.693420832719866
TRAIN,late_limit_97_to_99,270.0,,DOWN,0.5095846482105516,1.0,settlement,9.60382508012324
TRAIN,late_limit_97_to_99,270.0,,UP,0.5065136507198268,1.0,settlement,9.722804534070505
TRAIN,late_limit_97_to_99,270.0,,UP,0.5059579237118492,1.0,settlement,9.744489360374466
TRAIN,late_limit_97_to_99,270.0,,UP,0.5073913759438237,1.0,settlement,9.688651889083665
TRAIN,late_limit_97_to_99,270.0,,UP,0.5095099015021307,1.0,settlement,9.606703957112757
TRAIN,late_limit_97_to_99,270.0,,UP,0.5082285376266272,1.0,settlement,9.656187501589201
TRAIN,late_limit_97_to_99,270.0,,DOWN,0.5066416346017296,1.0,settlement,9.717817259848747
TRAIN,late_limit_97_to_99,270.0,,DOWN,0.507802847252539,1.0,settlement,9.672682020403936
TRAIN,late_limit_97_to_99,270.0,,UP,0.5050737833919238,0.0,settlement,-10.02
TRAIN,late_limit_97_to_99,270.0,,DOWN,0.5064566846522743,1.0,settlement,9.725025197694553
TRAIN,late_limit_97_to_99,270.0,,UP,0.5090416360177384,1.0,settlement,9.624758488186874
TRAIN,late_limit_97_to_99,270.0,,UP,0.5078698415085334,1.0,settlement,9.670084314313389
TRAIN,late_limit_97_to_99,270.0,,UP,0.5052941534202137,1.0,settlement,9.770452615199332
TRAIN,late_limit_97_to_99,270.0,,DOWN,0.5063890358962094,1.0,settlement,9.727662945154329
TRAIN,late_limit_97_to_99,270.0,,UP,0.5082015686202981,1.0,settlement,9.657231668427773
TRAIN,late_limit_97_to_99,270.0,,DOWN,0.5065253387376408,1.0,settlement,9.722348970975343
TRAIN,late_limit_97_to_99,270.0,,UP,0.5056697419248048,1.0,settlement,9.755753166356236
TRAIN,late_limit_97_to_99,270.0,,DOWN,0.5066314994193576,1.0,settlement,9.71821211563206
TRAIN,late_limit_97_to_99,270.0,,UP,0.5056617536587675,1.0,settlement,9.756065576729846
TRAIN,late_limit_97_to_99,270.0,,UP,0.5055054100013415,1.0,settlement,9.76218195523063
TRAIN,late_limit_97_to_99,270.0,,UP,0.5067782762763119,1.0,settlement,9.712495389261075
TRAIN,late_limit_97_to_99,270.0,,DOWN,0.5066361166205461,1.0,settlement,9.718032232490195
TRAIN,late_limit_97_to_99,270.0,,UP,0.5063839173996125,1.0,settlement,9.727862553281895
TRAIN,late_limit_97_to_99,270.0,,DOWN,0.5061397405569815,1.0,settlement,9.73738950866711
TRAIN,late_limit_97_to_99,270.0,,DOWN,0.505634306909949,0.0,settlement,-10.02
TRAIN,late_limit_97_to_99,270.0,,DOWN,0.5078920623657588,1.0,settlement,9.66922285065856
TRAIN,late_limit_97_to_99,270.0,,UP,0.5066051869070729,1.0,settlement,9.719237296507014
TRAIN,late_limit_97_to_99,270.0,,DOWN,0.5065616803232761,1.0,settlement,9.720932621706066
TRAIN,late_limit_97_to_99,270.0,,UP,0.5109020416851583,1.0,settlement,9.553223796514924
TRAIN,late_limit_97_to_99,270.0,,DOWN,0.5060380576416571,1.0,settlement,9.741359543991734
TRAIN,late_limit_97_to_99,270.0,,DOWN,0.507672987214335,1.0,settlement,9.677719303268919
TRAIN,late_limit_97_to_99,270.0,,DOWN,0.5063028121747589,1.0,settlement,9.731025985904129
TRAIN,late_limit_97_to_99,270.0,,UP,0.5092845689205401,1.0,settlement,9.615387777791135
TRAIN,late_limit_97_to_99,270.0,,DOWN,0.5063384310055619,1.0,settlement,9.729636582276637
TRAIN,late_limit_97_to_99,270.0,,UP,0.5074794739966041,1.0,settlement,9.685230482025204
TRAIN,late_limit_97_to_99,270.0,,UP,0.5152083973131178,1.0,settlement,9.389621528203666
TRAIN,late_limit_97_to_99,270.0,,DOWN,0.5054043314305924,1.0,settlement,9.766138301771377
TRAIN,late_limit_97_to_99,270.0,,DOWN,0.5094804358022041,1.0,settlement,9.607839063642288
TRAIN,late_limit_97_to_99,270.0,,DOWN,0.5073565072298428,1.0,settlement,9.690006390969174
TRAIN,late_limit_97_to_99,270.0,,DOWN,0.5091151791043842,1.0,settlement,9.621920748840399
TRAIN,late_limit_97_to_99,270.0,,DOWN,0.5058789907940542,1.0,settlement,9.747573237828036
TRAIN,late_limit_97_to_99,270.0,,DOWN,0.5057997061968841,0.0,settlement,-10.02
TRAIN,late_limit_97_to_99,270.0,,DOWN,0.5113947678095431,1.0,settlement,9.534365100043935
TRAIN,late_limit_97_to_99,270.0,,DOWN,0.5114507302540271,1.0,settlement,9.53222548031793
TRAIN,late_limit_97_to_99,270.0,,DOWN,0.5067120980878392,1.0,settlement,9.71507251501717
TRAIN,late_limit_97_to_99,270.0,,UP,0.5086405857680268,1.0,settlement,9.640247883877379
TRAIN,late_limit_97_to_99,270.0,,DOWN,0.508996624086078,1.0,settlement,9.626495726676701
TRAIN,late_limit_97_to_99,270.0,,UP,0.5053428743481939,1.0,settlement,9.768544585492165
TRAIN,late_limit_97_to_99,270.0,,DOWN,0.5063513278967517,1.0,settlement,9.729133554240551
TRAIN,late_limit_97_to_99,270.0,,UP,0.5054880181087238,0.0,settlement,-10.02
TRAIN,late_limit_97_to_99,270.0,,DOWN,0.5073993328725381,1.0,settlement,9.68834282218511
TRAIN,late_limit_97_to_99,270.0,,UP,0.5064740089097359,1.0,settlement,9.724349806866805
TRAIN,late_limit_97_to_99,270.0,,DOWN,0.5054783299479584,1.0,settlement,9.763241748522734
TRAIN,late_limit_97_to_99,270.0,,DOWN,0.5061130166668762,0.0,settlement,-10.02
TRAIN,late_limit_97_to_99,270.0,,UP,0.505756379063677,1.0,settlement,9.752365537955885
TRAIN,late_limit_97_to_99,270.0,,DOWN,0.5053066200275188,1.0,settlement,9.769964357592237
TRAIN,late_limit_97_to_99,270.0,,UP,0.5054114725750521,1.0,settlement,9.765858736150928
TRAIN,late_limit_97_to_99,270.0,,DOWN,0.5050424558525161,0.0,settlement,-10.02
TRAIN,late_limit_97_to_99,270.0,,DOWN,0.50811373055722,1.0,settlement,9.660633288601666
TRAIN,late_limit_97_to_99,270.0,,DOWN,0.5099228307967968,1.0,settlement,9.590810491411357
TRAIN,late_limit_97_to_99,270.0,,UP,0.5071428036762362,1.0,settlement,9.69831193800016
TRAIN,late_limit_97_to_99,270.0,,UP,0.5062058139158834,1.0,settlement,9.734810642419266
TRAIN,late_limit_97_to_99,270.0,,UP,0.5062061287980649,1.0,settlement,9.734798354069685
TRAIN,late_limit_97_to_99,270.0,,DOWN,0.5059528882440606,1.0,settlement,9.744686065348084
TRAIN,late_limit_97_to_99,270.0,,UP,0.5064609426833899,1.0,settlement,9.724859192925805
TRAIN,late_limit_97_to_99,270.0,,UP,0.5066707140157266,0.0,settlement,-10.02
TRAIN,late_limit_97_to_99,270.0,,UP,0.5052341300006179,1.0,settlement,9.772803783837347
TRAIN,late_limit_97_to_99,270.0,,DOWN,0.5071325038967687,0.0,settlement,-10.02
TRAIN,late_limit_97_to_99,270.0,,DOWN,0.5081464614636372,1.0,settlement,9.659365612812788
TRAIN,late_limit_97_to_99,270.0,,UP,0.5063873940908973,1.0,settlement,9.72772697087516
TRAIN,late_limit_97_to_99,270.0,,UP,0.5063714045636305,1.0,settlement,9.728350538509531
TRAIN,late_limit_97_to_99,270.0,,UP,0.5054975587984779,1.0,settlement,9.76248920483236
TRAIN,late_limit_97_to_99,270.0,,DOWN,0.5093823783353854,1.0,settlement,9.611617475027462
TRAIN,late_limit_97_to_99,270.0,,DOWN,0.5066603137980271,0.0,settlement,-10.02
TRAIN,late_limit_97_to_99,270.0,,UP,0.5123511842215607,1.0,settlement,9.497862567632144
TRAIN,late_limit_97_to_99,270.0,,UP,0.509387962386352,1.0,settlement,9.611402267836414
TRAIN,late_limit_97_to_99,270.0,,UP,0.5070113525517955,0.0,settlement,-10.02
TRAIN,late_limit_97_to_99,270.0,,DOWN,0.5064711978603141,1.0,settlement,9.724459393242775
TRAIN,late_limit_97_to_99,270.0,,UP,0.5056586861234386,0.0,settlement,-10.02
TRAIN,late_limit_97_to_99,270.0,,DOWN,0.5066756522254555,1.0,settlement,9.716492085375162
TRAIN,late_limit_97_to_99,270.0,,DOWN,0.505576739841573,1.0,settlement,9.759390964729882
TRAIN,late_limit_97_to_99,270.0,,UP,0.5081759109234151,1.0,settlement,9.658225167794416
TRAIN,late_limit_97_to_99,270.0,,DOWN,0.5055559320368433,1.0,settlement,9.760205050133269
TRAIN,late_limit_97_to_99,270.0,,DOWN,0.5059204155218788,1.0,settlement,9.74595467033005
TRAIN,late_limit_97_to_99,270.0,,UP,0.5050302852188497,0.0,settlement,-10.02
TRAIN,late_limit_97_to_99,270.0,,DOWN,0.5055523210134636,1.0,settlement,9.760346334783588
TRAIN,late_limit_97_to_99,270.0,,UP,0.5053282721260527,1.0,settlement,9.76911640531668
TRAIN,late_limit_97_to_99,270.0,,DOWN,0.5055502935578727,1.0,settlement,9.76042566175516
TRAIN,late_limit_97_to_99,270.0,,DOWN,0.5057550306269103,1.0,settlement,9.75241825475165
TRAIN,late_limit_97_to_99,270.0,,DOWN,0.5087519025211807,1.0,settlement,9.635946150655766
TRAIN,late_limit_97_to_99,270.0,,DOWN,0.5067608064287726,0.0,settlement,-10.02
TRAIN,late_limit_97_to_99,270.0,,DOWN,0.5068113953247909,1.0,settlement,9.711205912589008
TRAIN,late_limit_97_to_99,270.0,,UP,0.5058331025755137,0.0,settlement,-10.02
TRAIN,late_limit_97_to_99,270.0,,UP,0.5052927764012638,0.0,settlement,-10.02
TRAIN,late_limit_97_to_99,270.0,,DOWN,0.5057105993384013,1.0,settlement,9.75415544203059
TRAIN,late_limit_97_to_99,270.0,,UP,0.5056216465910774,1.0,settlement,9.75763425957022
TRAIN,late_limit_97_to_99,270.0,,DOWN,0.5059102222179291,1.0,settlement,9.746352923567407
TRAIN,late_limit_97_to_99,270.0,,DOWN,0.5059693186345658,1.0,settlement,9.744044244790377
TRAIN,late_limit_97_to_99,270.0,,UP,0.507950613205844,1.0,settlement,9.666953298248227
TRAIN,late_limit_97_to_99,270.0,,UP,0.5058865901323042,1.0,settlement,9.747276292863795
TRAIN,late_limit_97_to_99,270.0,,UP,0.5056774633153515,1.0,settlement,9.755451202506492
TRAIN,late_limit_97_to_99,270.0,,DOWN,0.5065468256129864,1.0,settlement,9.721511533309329
TRAIN,late_limit_97_to_99,270.0,,DOWN,0.5050784100125864,0.0,settlement,-10.02
TRAIN,late_limit_97_to_99,270.0,,UP,0.5051240393542409,0.0,settlement,-10.02
TRAIN,late_limit_97_to_99,270.0,,UP,0.5060199182086589,1.0,settlement,9.742067934797124
TRAIN,late_limit_97_to_99,270.0,,UP,0.5055437635765199,1.0,settlement,9.760681160527035
TRAIN,late_limit_97_to_99,270.0,,DOWN,0.506527316371011,1.0,settlement,9.72227189097024
TRAIN,late_limit_97_to_99,270.0,,UP,0.505609330012227,1.0,settlement,9.758116040220568
TRAIN,late_limit_97_to_99,270.0,,UP,0.5060161315483754,0.0,settlement,-10.02
TRAIN,late_limit_97_to_99,270.0,,UP,0.5063272608119989,0.0,settlement,-10.02
TRAIN,late_limit_97_to_99,270.0,,DOWN,0.505541113661271,1.0,settlement,9.760784845721425
TRAIN,late_limit_97_to_99,270.0,,UP,0.5068785146699912,1.0,settlement,9.708593164992621
TRAIN,late_limit_97_to_99,270.0,,DOWN,0.505158797303228,0.0,settlement,-10.02
TRAIN,late_limit_97_to_99,270.0,,UP,0.5060612182044871,1.0,settlement,9.740455139163107
TRAIN,late_limit_97_to_99,270.0,,UP,0.5103574738351935,1.0,settlement,9.574109056251888
TRAIN,late_limit_97_to_99,270.0,,DOWN,0.5064170301199548,0.0,settlement,-10.02
TRAIN,late_limit_97_to_99,270.0,,DOWN,0.5069639439479705,0.0,settlement,-10.02
TRAIN,late_limit_97_to_99,270.0,,DOWN,0.5073102487222317,1.0,settlement,9.69180362546808
TRAIN,late_limit_97_to_99,270.0,,DOWN,0.5052699456825489,0.0,settlement,-10.02
TRAIN,late_limit_97_to_99,270.0,,DOWN,0.5058647387704365,0.0,settlement,-10.02
TRAIN,late_limit_97_to_99,270.0,,UP,0.5082767386324029,1.0,settlement,9.654321565268845
TRAIN,late_limit_97_to_99,270.0,,UP,0.5051196507914958,1.0,settlement,9.777289581449718
TRAIN,late_limit_97_to_99,270.0,,DOWN,0.5053907195523143,1.0,settlement,9.766671209273905
TRAIN,late_limit_97_to_99,270.0,,DOWN,0.5054149929953264,0.0,settlement,-10.02
TRAIN,late_limit_97_to_99,270.0,,DOWN,0.506698870279318,1.0,settlement,9.71558771600871
TRAIN,late_limit_97_to_99,270.0,,UP,0.5056884501681943,1.0,settlement,9.755021550668111
TRAIN,late_limit_97_to_99,270.0,,DOWN,0.5070680602676646,1.0,settlement,9.70121847848458
TRAIN,late_limit_97_to_99,270.0,,UP,0.5052003092930221,1.0,settlement,9.774128815942358
TRAIN,late_limit_97_to_99,270.0,,DOWN,0.5052020272578178,0.0,settlement,-10.02
TRAIN,late_limit_97_to_99,270.0,,DOWN,0.5068584574806385,1.0,settlement,9.709373856570185
TRAIN,late_limit_97_to_99,270.0,,DOWN,0.5055720084915445,0.0,settlement,-10.02
TRAIN,late_limit_97_to_99,270.0,,DOWN,0.5080494171427262,1.0,settlement,9.663124638229242
TRAIN,late_limit_97_to_99,270.0,,DOWN,0.5059794013554823,1.0,settlement,9.743650403970445
TRAIN,late_limit_97_to_99,270.0,,DOWN,0.5053868044748874,1.0,settlement,9.766824490580657
TRAIN,late_limit_97_to_99,270.0,,DOWN,0.5052650196554126,0.0,settlement,-10.02
TRAIN,late_limit_97_to_99,270.0,,DOWN,0.507743036474496,0.0,settlement,-10.02
TRAIN,late_limit_97_to_99,270.0,,DOWN,0.5070669731534184,1.0,settlement,9.70126075932458
TRAIN,late_limit_97_to_99,270.0,,DOWN,0.505234719032459,1.0,settlement,9.772780708242554
TRAIN,late_limit_97_to_99,270.0,,DOWN,0.5110785471917808,1.0,settlement,9.546464010174013
TRAIN,late_limit_97_to_99,270.0,,UP,0.505264418476057,1.0,settlement,9.771617288550217
TRAIN,late_limit_97_to_99,270.0,,DOWN,0.5050509992823403,1.0,settlement,9.779980624154092
TRAIN,late_limit_97_to_99,270.0,,DOWN,0.5063447247746513,1.0,settlement,9.729391098032075
TRAIN,late_limit_97_to_99,270.0,,DOWN,0.505472152101692,1.0,settlement,9.763483537957946
TRAIN,late_limit_97_to_99,270.0,,DOWN,0.510362916589673,1.0,settlement,9.573900095292203
TRAIN,late_limit_97_to_99,270.0,,UP,0.5057483445991515,1.0,settlement,9.752679647475365
TRAIN,late_limit_97_to_99,270.0,,DOWN,0.5060638999990207,0.0,settlement,-10.02
TRAIN,late_limit_97_to_99,270.0,,UP,0.508520473399383,1.0,settlement,9.644891627964363
TRAIN,late_limit_97_to_99,270.0,,DOWN,0.5053253538632775,1.0,settlement,9.769230687810754
TRAIN,late_limit_97_to_99,270.0,,UP,0.5053526175029848,1.0,settlement,9.768163064062762
TRAIN,late_limit_97_to_99,270.0,,UP,0.5056798965534947,1.0,settlement,9.755356046692523
TRAIN,late_limit_97_to_99,270.0,,DOWN,0.5057024544687422,1.0,settlement,9.754473925591967
TRAIN,late_limit_97_to_99,270.0,,DOWN,0.5051807934881852,1.0,settlement,9.774893489421373
TRAIN,late_limit_97_to_99,270.0,,UP,0.5083433505957974,1.0,settlement,9.651743494391393
TRAIN,late_limit_97_to_99,270.0,,DOWN,0.5057684829304809,1.0,settlement,9.751892352917775
TRAIN,late_limit_97_to_99,270.0,,DOWN,0.5097635555354071,1.0,settlement,9.596937875240911
TRAIN,late_limit_97_to_99,270.0,,DOWN,0.5051148951137028,0.0,settlement,-10.02
TRAIN,late_limit_97_to_99,270.0,,UP,0.5055021479825431,1.0,settlement,9.762309610176647
TRAIN,late_limit_97_to_99,270.0,,UP,0.5075803374648953,1.0,settlement,9.681314771066383
TRAIN,late_limit_97_to_99,270.0,,UP,0.5050806695991751,0.0,settlement,-10.02
TRAIN,late_limit_97_to_99,270.0,,UP,0.5057808496975998,1.0,settlement,9.751408913522283
TRAIN,late_limit_97_to_99,270.0,,UP,0.508884623485045,1.0,settlement,9.630819731034528
TRAIN,late_limit_97_to_99,270.0,,DOWN,0.5069779014823955,1.0,settlement,9.704725615771725
TRAIN,late_limit_97_to_99,270.0,,DOWN,0.5054014562448681,1.0,settlement,9.766250863422481
TRAIN,late_limit_97_to_99,270.0,,UP,0.5069822062690493,1.0,settlement,9.704558133097716
TRAIN,late_limit_97_to_99,270.0,,UP,0.5062001601033591,1.0,settlement,9.735031286355458
TRAIN,late_limit_97_to_99,270.0,,DOWN,0.5060649952398896,1.0,settlement,9.740307656252156
TRAIN,late_limit_97_to_99,270.0,,DOWN,0.506447205171141,1.0,settlement,9.725394777370237
TRAIN,late_limit_97_to_99,270.0,,UP,0.5059478349932504,1.0,settlement,9.744883468931942
TRAIN,late_limit_97_to_99,270.0,,UP,0.505084060219274,1.0,settlement,9.778684590558377
TRAIN,late_limit_97_to_99,270.0,,DOWN,0.5050790828767873,0.0,settlement,-10.02
TRAIN,late_limit_97_to_99,270.0,,DOWN,0.5059698543744274,1.0,settlement,9.744023317878948
TRAIN,late_limit_97_to_99,270.0,,UP,0.5060172038269937,1.0,settlement,9.742173942645202
TRAIN,late_limit_97_to_99,270.0,,DOWN,0.5050275234091249,0.0,settlement,-10.02
TRAIN,late_limit_97_to_99,270.0,,DOWN,0.5074918232592168,1.0,settlement,9.68475097663238
TRAIN,late_limit_97_to_99,270.0,,DOWN,0.5052230563635313,1.0,settlement,9.773237608705927
TRAIN,late_limit_97_to_99,270.0,,UP,0.5059553698579768,1.0,settlement,9.744589123358903
TRAIN,late_limit_97_to_99,270.0,,UP,0.505506274223677,1.0,settlement,9.762148135267633
TRAIN,late_limit_97_to_99,270.0,,UP,0.5056818478748712,1.0,settlement,9.755279737694789
TRAIN,late_limit_97_to_99,270.0,,UP,0.505437754083841,1.0,settlement,9.764829920602292
TRAIN,late_limit_97_to_99,270.0,,UP,0.5066566822319435,1.0,settlement,9.717231049529666
TRAIN,late_limit_97_to_99,270.0,,UP,0.5054283747751906,1.0,settlement,9.765197070599562
TRAIN,late_limit_97_to_99,270.0,,UP,0.5079335654352366,1.0,settlement,9.667614051320335
TRAIN,late_limit_97_to_99,270.0,,UP,0.5074390984477449,1.0,settlement,9.686798373617599
TRAIN,late_limit_97_to_99,270.0,,UP,0.5051393789248364,1.0,settlement,9.77651640164046
TRAIN,late_limit_97_to_99,270.0,,UP,0.5052816041958578,1.0,settlement,9.770944132855846
TRAIN,late_limit_97_to_99,270.0,,UP,0.5053697281663762,1.0,settlement,9.76749308211004
TRAIN,late_limit_97_to_99,270.0,,DOWN,0.505615855923588,0.0,settlement,-10.02
TRAIN,late_limit_97_to_99,270.0,,DOWN,0.5063426840581453,1.0,settlement,9.729470694142904
TRAIN,late_limit_97_to_99,270.0,,UP,0.5071423015293525,1.0,settlement,9.698331462084155
TRAIN,late_limit_97_to_99,270.0,,DOWN,0.5061642656918798,1.0,settlement,9.73643220552309
TRAIN,late_limit_97_to_99,270.0,,UP,0.5063050948162579,1.0,settlement,9.730936939769645
TRAIN,late_limit_97_to_99,270.0,,DOWN,0.5064989732856954,1.0,settlement,9.723376645226502
TRAIN,late_limit_97_to_99,270.0,,DOWN,0.5057390565753267,1.0,settlement,9.75304277766525
TRAIN,late_limit_97_to_99,270.0,,UP,0.5064963813103184,1.0,settlement,9.723477681182555
TRAIN,late_limit_97_to_99,270.0,,DOWN,0.5055194613532138,1.0,settlement,9.76163209232583
TRAIN,late_limit_97_to_99,270.0,,DOWN,0.5065185871290038,1.0,settlement,9.722612125412741
TRAIN,late_limit_97_to_99,270.0,,UP,0.5074023524942062,1.0,settlement,9.688225535107637
TRAIN,late_limit_97_to_99,270.0,,DOWN,0.5069824157254698,1.0,settlement,9.704549984027427
TRAIN,late_limit_97_to_99,270.0,,DOWN,0.5079840794775488,0.0,settlement,-10.02
TRAIN,late_limit_97_to_99,270.0,,UP,0.5110534571877501,1.0,settlement,9.547424619390089
TRAIN,late_limit_97_to_99,270.0,,DOWN,0.5079544366188494,1.0,settlement,9.66680511300197
TRAIN,late_limit_97_to_99,270.0,,UP,0.5059916460312163,1.0,settlement,9.743172136211648
TRAIN,late_limit_97_to_99,270.0,,UP,0.5061234693158301,1.0,settlement,9.738024684209659
TRAIN,late_limit_97_to_99,270.0,,DOWN,0.5098125102041137,1.0,settlement,9.595054161766843
TRAIN,late_limit_97_to_99,270.0,,UP,0.5060797305792405,1.0,settlement,9.739732302564981
TRAIN,late_limit_97_to_99,270.0,,DOWN,0.5068194293336327,1.0,settlement,9.710893137123854
TRAIN,late_limit_97_to_99,270.0,,UP,0.5063773854999477,1.0,settlement,9.728117286333738
TRAIN,late_limit_97_to_99,270.0,,DOWN,0.5051758494289104,1.0,settlement,9.775087218252356
TRAIN,late_limit_97_to_99,270.0,,DOWN,0.5055527013966318,0.0,settlement,-10.02
TRAIN,late_limit_97_to_99,270.0,,UP,0.5068311710715567,1.0,settlement,9.710436032293988
TRAIN,late_limit_97_to_99,270.0,,UP,0.5065169257721519,1.0,settlement,9.722676880453015
TRAIN,late_limit_97_to_99,270.0,,DOWN,0.509119808171395,1.0,settlement,9.621742158720927
TRAIN,late_limit_97_to_99,270.0,,DOWN,0.5102568945713998,1.0,settlement,9.577971348137677
TRAIN,late_limit_97_to_99,270.0,,UP,0.5065057502609458,1.0,settlement,9.723112481641358
TRAIN,late_limit_97_to_99,270.0,,UP,0.5109726312626328,1.0,settlement,9.550519805120715
TRAIN,late_limit_97_to_99,270.0,,DOWN,0.505722010340662,1.0,settlement,9.753709262256251
TRAIN,late_limit_97_to_99,270.0,,UP,0.507347347279047,1.0,settlement,9.690362247148762
TRAIN,late_limit_97_to_99,270.0,,UP,0.5085940977963959,1.0,settlement,9.64204492605668
TRAIN,late_limit_97_to_99,270.0,,UP,0.5053262539288887,1.0,settlement,9.769195440075503
TRAIN,late_limit_97_to_99,270.0,,UP,0.5114209078827099,1.0,settlement,9.533365624804329
TRAIN,late_limit_97_to_99,270.0,,UP,0.5056907379656664,1.0,settlement,9.75493208641473
TRAIN,late_limit_97_to_99,270.0,,UP,0.5124338329276432,1.0,settlement,9.49471459811285
TRAIN,late_limit_97_to_99,270.0,,DOWN,0.5081612610516445,1.0,settlement,9.658792474863013
TRAIN,late_limit_97_to_99,270.0,,UP,0.5076020699816339,1.0,settlement,9.68047127735673
TRAIN,late_limit_97_to_99,270.0,,UP,0.5062041010863547,0.0,settlement,-10.02
TRAIN,late_limit_97_to_99,270.0,,DOWN,0.5102429089926884,1.0,settlement,9.57850852164081
TRAIN,late_limit_97_to_99,270.0,,DOWN,0.5054340424271393,1.0,settlement,9.76497521057171
TRAIN,late_limit_97_to_99,270.0,,UP,0.509288129229245,1.0,settlement,9.615250511599331
TRAIN,late_limit_97_to_99,270.0,,UP,0.5066540177167825,1.0,settlement,9.71733484847239
TRAIN,late_limit_97_to_99,270.0,,UP,0.5057975303014449,0.0,settlement,-10.02
TRAIN,late_limit_97_to_99,270.0,,UP,0.5094959314308121,1.0,settlement,9.607242109504398
TRAIN,late_limit_97_to_99,270.0,,DOWN,0.5064049331256426,1.0,settlement,9.727043020054722
TRAIN,late_limit_97_to_99,270.0,,DOWN,0.5065049414451656,1.0,settlement,9.723144008561672
TRAIN,late_limit_97_to_99,270.0,,UP,0.5074998218356649,1.0,settlement,9.684440415031577
TRAIN,late_limit_97_to_99,270.0,,DOWN,0.5180622979181476,1.0,settlement,9.282697841910842
TRAIN,late_limit_97_to_99,270.0,,DOWN,0.506734614268875,1.0,settlement,9.71419560932928
TRAIN,late_limit_97_to_99,270.0,,DOWN,0.5052489855229143,0.0,settlement,-10.02
TRAIN,late_limit_97_to_99,270.0,,DOWN,0.507990959212406,1.0,settlement,9.665389707533564
TRAIN,late_limit_97_to_99,270.0,,DOWN,0.5108865470661884,1.0,settlement,9.553817430554577
TRAIN,late_limit_97_to_99,270.0,,UP,0.5069273104041965,1.0,settlement,9.706694132984353
TRAIN,late_limit_97_to_99,270.0,,UP,0.5056189832207834,1.0,settlement,9.757738439130964
TRAIN,late_limit_97_to_99,270.0,,UP,0.5094442195289622,1.0,settlement,9.609234402239583
TRAIN,late_limit_97_to_99,270.0,,UP,0.5062887333050733,1.0,settlement,9.731575222145665
TRAIN,late_limit_97_to_99,270.0,,DOWN,0.5064553852289153,0.0,settlement,-10.02
TRAIN,late_limit_97_to_99,270.0,,DOWN,0.505075721513568,0.0,settlement,-10.02
TRAIN,late_limit_97_to_99,270.0,,DOWN,0.5067175993373572,0.0,settlement,-10.02
TRAIN,late_limit_97_to_99,270.0,,DOWN,0.5064403138599981,1.0,settlement,9.725663459888839
TRAIN,late_limit_97_to_99,270.0,,DOWN,0.5052567917173442,0.0,settlement,-10.02
TRAIN,late_limit_97_to_99,270.0,,UP,0.5067866961700526,1.0,settlement,9.712167548148294
TRAIN,late_limit_97_to_99,270.0,,UP,0.5089737750760401,1.0,settlement,9.627377703312927
TRAIN,late_limit_97_to_99,270.0,,UP,0.508230858934618,1.0,settlement,9.65609763201424
TRAIN,late_limit_97_to_99,270.0,,DOWN,0.5080071534081464,1.0,settlement,9.664762178861949
TRAIN,late_limit_97_to_99,270.0,,DOWN,0.5054215100632261,0.0,settlement,-10.02
TRAIN,late_limit_97_to_99,270.0,,DOWN,0.506006120939842,1.0,settlement,9.742606787100268
TRAIN,late_limit_97_to_99,270.0,,UP,0.5067176814497285,1.0,settlement,9.714855060494077
TRAIN,late_limit_97_to_99,270.0,,UP,0.5066197008543791,1.0,settlement,9.718671794909852
TRAIN,late_limit_97_to_99,270.0,,UP,0.5052299987904163,1.0,settlement,9.772965627419687
TRAIN,late_limit_97_to_99,270.0,,DOWN,0.5072381590104847,1.0,settlement,9.694605106815903
TRAIN,late_limit_97_to_99,270.0,,DOWN,0.5051378812552125,0.0,settlement,-10.02
TRAIN,late_limit_97_to_99,270.0,,UP,0.5054262323101814,1.0,settlement,9.765280938609802
TRAIN,late_limit_97_to_99,270.0,,UP,0.5073634380878685,1.0,settlement,9.689737141658469
TRAIN,late_limit_97_to_99,270.0,,UP,0.5079065667964783,1.0,settlement,9.668660579982362
TRAIN,late_limit_97_to_99,270.0,,DOWN,0.5050802839318538,1.0,settlement,9.778832617567023
TRAIN,late_limit_97_to_99,270.0,,DOWN,0.5089690321970257,1.0,settlement,9.627560789374165
TRAIN,late_limit_97_to_99,270.0,,UP,0.50762155890987,1.0,settlement,9.679714924392197
TRAIN,late_limit_97_to_99,270.0,,UP,0.506671463990113,1.0,settlement,9.716655230686403
TRAIN,late_limit_97_to_99,270.0,,DOWN,0.5075267809109371,1.0,settlement,9.68339374417139
TRAIN,late_limit_97_to_99,270.0,,UP,0.5057101153489697,0.0,settlement,-10.02
TRAIN,late_limit_97_to_99,270.0,,UP,0.505817532267036,1.0,settlement,9.749975064289995
TRAIN,late_limit_97_to_99,270.0,,DOWN,0.5054650376824135,1.0,settlement,9.763761990444642
TRAIN,late_limit_97_to_99,270.0,,UP,0.5054965617865063,1.0,settlement,9.762528222661672
TRAIN,late_limit_97_to_99,270.0,,UP,0.505228541201367,1.0,settlement,9.773022730309965
TRAIN,late_limit_97_to_99,270.0,,UP,0.5055316896186554,1.0,settlement,9.761153596015784
TRAIN,late_limit_97_to_99,270.0,,UP,0.5069533607308961,1.0,settlement,9.705680456250604
TRAIN,late_limit_97_to_99,270.0,,UP,0.5066728076253184,1.0,settlement,9.716602891456024
TRAIN,late_limit_97_to_99,270.0,,UP,0.5060943459941384,1.0,settlement,9.739161664524545
TRAIN,late_limit_97_to_99,270.0,,DOWN,0.5071539191816979,1.0,settlement,9.69787976347532
TRAIN,late_limit_97_to_99,270.0,,UP,0.5080757391598647,1.0,settlement,9.662104909271267
TRAIN,late_limit_97_to_99,270.0,,DOWN,0.5058794343193818,1.0,settlement,9.747555906782729
TRAIN,late_limit_97_to_99,270.0,,DOWN,0.5075668577426886,1.0,settlement,9.681837989330475
TRAIN,late_limit_97_to_99,270.0,,DOWN,0.5066642127910985,1.0,settlement,9.716937694715526
TRAIN,late_limit_97_to_99,270.0,,DOWN,0.5057741078970325,0.0,settlement,-10.02
TRAIN,late_limit_97_to_99,270.0,,DOWN,0.5072283380067694,1.0,settlement,9.69498682289029
TRAIN,late_limit_97_to_99,270.0,,DOWN,0.5063112591970406,1.0,settlement,9.730696470505137
TRAIN,late_limit_97_to_99,270.0,,UP,0.5070817972089099,1.0,settlement,9.70068422696734
TRAIN,late_limit_97_to_99,270.0,,UP,0.507746445344979,1.0,settlement,9.674869539078077
TRAIN,late_limit_97_to_99,270.0,,UP,0.5087489475202606,1.0,settlement,9.636060319617187
TRAIN,late_limit_97_to_99,270.0,,DOWN,0.5050602919134228,0.0,settlement,-10.02
TRAIN,late_limit_97_to_99,270.0,,DOWN,0.5066429348555648,1.0,settlement,9.717766604503879
TRAIN,late_limit_97_to_99,270.0,,DOWN,0.5068226914589097,1.0,settlement,9.710766140747555
TRAIN,late_limit_97_to_99,270.0,,DOWN,0.5054513275750053,0.0,settlement,-10.02
TRAIN,late_limit_97_to_99,270.0,,DOWN,0.5080340848887942,1.0,settlement,9.663718666610617
TRAIN,late_limit_97_to_99,270.0,,UP,0.5060962196882458,1.0,settlement,9.739088511192552
TRAIN,late_limit_97_to_99,270.0,,DOWN,0.5056051859943459,1.0,settlement,9.758278144702079
TRAIN,late_limit_97_to_99,270.0,,DOWN,0.5091404136125794,1.0,settlement,9.620947237021547
TRAIN,late_limit_97_to_99,270.0,,UP,0.5070703907582447,1.0,settlement,9.70112783995642
TRAIN,late_limit_97_to_99,270.0,,UP,0.5055350532009627,1.0,settlement,9.761021981921306
TRAIN,late_limit_97_to_99,270.0,,UP,0.5061201479747258,1.0,settlement,9.738154343421577
TRAIN,late_limit_97_to_99,270.0,,UP,0.50737071748275,1.0,settlement,9.689454360341536
TRAIN,late_limit_97_to_99,270.0,,DOWN,0.5062545723292271,1.0,settlement,9.732908016200213
TRAIN,late_limit_97_to_99,270.0,,DOWN,0.5088674277174777,1.0,settlement,9.63148377614765
TRAIN,late_limit_97_to_99,270.0,,DOWN,0.508395020293568,1.0,settlement,9.649744196600498
TRAIN,late_limit_97_to_99,270.0,,DOWN,0.5050707794539494,0.0,settlement,-10.02
TRAIN,late_limit_97_to_99,270.0,,UP,0.50602472682991,1.0,settlement,9.741880141009986
TRAIN,late_limit_97_to_99,270.0,,DOWN,0.5059918242468708,1.0,settlement,9.743165175414081
TRAIN,late_limit_97_to_99,270.0,,DOWN,0.5072353303956313,1.0,settlement,9.694715045973322
TRAIN,late_limit_97_to_99,270.0,,UP,0.5067284928977063,1.0,settlement,9.714434001955183
TRAIN,late_limit_97_to_99,270.0,,UP,0.5063329996122177,1.0,settlement,9.72984843503908
TRAIN,late_limit_97_to_99,270.0,,UP,0.5062126262947039,1.0,settlement,9.73454479118081
TRAIN,late_limit_97_to_99,270.0,,UP,0.5067762866938093,1.0,settlement,9.712572858212546
TRAIN,late_limit_97_to_99,270.0,,UP,0.5061718462842717,1.0,settlement,9.736136326839265
TRAIN,late_limit_97_to_99,270.0,,DOWN,0.5054789476542876,0.0,settlement,-10.02
TRAIN,late_limit_97_to_99,270.0,,DOWN,0.5065530936303275,1.0,settlement,9.721267254598594
TRAIN,late_limit_97_to_99,270.0,,UP,0.5054986937989431,1.0,settlement,9.762444787043105
TRAIN,late_limit_97_to_99,270.0,,DOWN,0.5058408376794664,1.0,settlement,9.749064209751783
TRAIN,late_limit_97_to_99,270.0,,DOWN,0.505733310518402,1.0,settlement,9.753267435655957
TRAIN,late_limit_97_to_99,270.0,,DOWN,0.5053259746044431,1.0,settlement,9.769206378769187
TRAIN,late_limit_97_to_99,270.0,,DOWN,0.5061531045793416,1.0,settlement,9.736867851894129
TRAIN,late_limit_97_to_99,270.0,,DOWN,0.5076584922199203,1.0,settlement,9.67828172532165
TRAIN,late_limit_97_to_99,270.0,,DOWN,0.5056349566342447,1.0,settlement,9.757113644525141
TRAIN,late_limit_97_to_99,270.0,,UP,0.505,0.0,settlement,-10.02
TRAIN,late_limit_97_to_99,270.0,,UP,0.5058208231723524,1.0,settlement,9.749846439462655
TRAIN,late_limit_97_to_99,270.0,,DOWN,0.5052039785387878,1.0,settlement,9.773985053172407
TRAIN,late_limit_97_to_99,270.0,,DOWN,0.5057791342209194,1.0,settlement,9.751475973210272
TRAIN,late_limit_97_to_99,270.0,,UP,0.505806860321252,1.0,settlement,9.750392188134267
TRAIN,late_limit_97_to_99,270.0,,UP,0.5060780136538242,1.0,settlement,9.739799339633759
TRAIN,late_limit_97_to_99,270.0,,DOWN,0.5069820783294992,1.0,settlement,9.704563110692
TRAIN,late_limit_97_to_99,270.0,,UP,0.506815318916258,1.0,settlement,9.711053160317594
TRAIN,late_limit_97_to_99,270.0,,UP,0.5055435130852824,1.0,settlement,9.760690961636481
TRAIN,late_limit_97_to_99,270.0,,DOWN,0.5059581656085897,0.0,settlement,-10.02
TRAIN,late_limit_97_to_99,270.0,,UP,0.5053928081102743,1.0,settlement,9.766589439986742
TRAIN,late_limit_97_to_99,270.0,,UP,0.5053543872816616,0.0,settlement,-10.02
TRAIN,late_limit_97_to_99,270.0,,UP,0.5061227538449433,1.0,settlement,9.738052614768666
TRAIN,late_limit_97_to_99,270.0,,DOWN,0.5053447783300157,1.0,settlement,9.768470028415916
TRAIN,late_limit_97_to_99,270.0,,UP,0.5060253217192829,1.0,settlement,9.741856908709185
TRAIN,late_limit_97_to_99,270.0,,DOWN,0.5079844234086556,1.0,settlement,9.665642982708846
TRAIN,late_limit_97_to_99,270.0,,UP,0.5052825061046092,0.0,settlement,-10.02
TRAIN,late_limit_97_to_99,270.0,,UP,0.5056331456812723,1.0,settlement,9.757184477347412
TRAIN,late_limit_97_to_99,270.0,,DOWN,0.5053878296556568,1.0,settlement,9.766784352946221
TRAIN,late_limit_97_to_99,270.0,,DOWN,0.5051315976318355,1.0,settlement,9.776821356814999
TRAIN,late_limit_97_to_99,270.0,,DOWN,0.5061388351309873,1.0,settlement,9.737424852436046
TRAIN,late_limit_97_to_99,270.0,,DOWN,0.5073080513119054,1.0,settlement,9.691889007359272
TRAIN,late_limit_97_to_99,270.0,,DOWN,0.5050592602731542,1.0,settlement,9.779656766201338
TRAIN,late_limit_97_to_99,270.0,,UP,0.5063519639196088,1.0,settlement,9.729108747581861
TRAIN,late_limit_97_to_99,270.0,,UP,0.5070209299501971,1.0,settlement,9.703051671618894
TRAIN,late_limit_97_to_99,270.0,,DOWN,0.5061629522967556,1.0,settlement,9.736483469649816
TRAIN,late_limit_97_to_99,270.0,,UP,0.5054342716221087,0.0,settlement,-10.02
TRAIN,late_limit_97_to_99,270.0,,UP,0.5079517574056314,1.0,settlement,9.66690895189555
TRAIN,late_limit_97_to_99,270.0,,DOWN,0.5058316984665308,1.0,settlement,9.749421391177737
TRAIN,late_limit_97_to_99,270.0,,DOWN,0.5056745617178661,0.0,settlement,-10.02
TRAIN,late_limit_97_to_99,270.0,,DOWN,0.5058861401288356,1.0,settlement,9.747293876549513
TRAIN,late_limit_97_to_99,270.0,,UP,0.506161931638044,0.0,settlement,-10.02
TRAIN,late_limit_97_to_99,270.0,,UP,0.5059615232788505,1.0,settlement,9.744348749674987
TRAIN,late_limit_97_to_99,270.0,,UP,0.5068281628918995,1.0,settlement,9.710553138446816
TRAIN,late_limit_97_to_99,270.0,,DOWN,0.5058947018041579,1.0,settlement,9.746959338252179
TRAIN,late_limit_97_to_99,270.0,,UP,0.5051696885950361,1.0,settlement,9.775328630685905
TRAIN,late_limit_97_to_99,270.0,,UP,0.506561529877227,1.0,settlement,9.720938484656848
TRAIN,late_limit_97_to_99,270.0,,DOWN,0.505322418984356,1.0,settlement,9.769345622343316
TRAIN,late_limit_97_to_99,270.0,,DOWN,0.5061270418328979,1.0,settlement,9.737885221437317
TRAIN,late_limit_97_to_99,270.0,,DOWN,0.5068649436276366,1.0,settlement,9.709121387701263
TRAIN,late_limit_97_to_99,270.0,,DOWN,0.5051507782328974,1.0,settlement,9.776069670488653
TRAIN,late_limit_97_to_99,270.0,,UP,0.505691856447955,1.0,settlement,9.754888348492091
TRAIN,late_limit_97_to_99,270.0,,UP,0.5055071016956865,1.0,settlement,9.762115753578406
TRAIN,late_limit_97_to_99,270.0,,DOWN,0.5050792265884954,0.0,settlement,-10.02
TRAIN,late_limit_97_to_99,270.0,,UP,0.5064192122107948,1.0,settlement,9.726486228957569
TRAIN,late_limit_97_to_99,270.0,,DOWN,0.5054537071027762,1.0,settlement,9.764205476143943
TRAIN,late_limit_97_to_99,270.0,,UP,0.5051332911643566,0.0,settlement,-10.02
TRAIN,late_limit_97_to_99,270.0,,UP,0.5053366465615764,0.0,settlement,-10.02
TRAIN,late_limit_97_to_99,270.0,,DOWN,0.5060971095358323,1.0,settlement,9.739053769683675
TRAIN,late_limit_97_to_99,270.0,,UP,0.5050345815552648,1.0,settlement,9.78062428439016
TRAIN,late_limit_97_to_99,270.0,,UP,0.5057807858772312,1.0,settlement,9.75141140831576
TRAIN,late_limit_97_to_99,270.0,,DOWN,0.5052633468205888,0.0,settlement,-10.02
TRAIN,late_limit_97_to_99,270.0,,DOWN,0.5069135306185035,1.0,settlement,9.707230377533303
TRAIN,late_limit_97_to_99,270.0,,DOWN,0.5063193777270245,1.0,settlement,9.730379779838032
TRAIN,late_limit_97_to_99,270.0,,UP,0.5050617500801219,0.0,settlement,-10.02
TRAIN,late_limit_97_to_99,270.0,,UP,0.5071128548347816,1.0,settlement,9.699476453141816
TRAIN,late_limit_97_to_99,270.0,,DOWN,0.5079219142794059,1.0,settlement,9.668065662981096
TRAIN,late_limit_97_to_99,270.0,,DOWN,0.508173105213695,1.0,settlement,9.658333814606028
TRAIN,late_limit_97_to_99,270.0,,UP,0.5056754729114262,0.0,settlement,-10.02
TRAIN,late_limit_97_to_99,270.0,,UP,0.5051890653371188,1.0,settlement,9.774569372412838
TRAIN,late_limit_97_to_99,270.0,,UP,0.5064033610265497,1.0,settlement,9.727104323574427
TRAIN,late_limit_97_to_99,270.0,,UP,0.5055274640634413,1.0,settlement,9.761318940853918
TRAIN,late_limit_97_to_99,270.0,,UP,0.5050849096140697,1.0,settlement,9.778651295365169
TRAIN,late_limit_97_to_99,270.0,,DOWN,0.5052492512466141,1.0,settlement,9.772211419070388
TRAIN,late_limit_97_to_99,270.0,,UP,0.5058992625523735,1.0,settlement,9.74678113652072
TRAIN,late_limit_97_to_99,270.0,,DOWN,0.5052798247141204,1.0,settlement,9.771013832103524
TRAIN,late_limit_97_to_99,270.0,,UP,0.5054013880510745,0.0,settlement,-10.02
TRAIN,late_limit_97_to_99,270.0,,DOWN,0.5052677898765193,1.0,settlement,9.771485228939422
TRAIN,late_limit_97_to_99,270.0,,DOWN,0.5066223262240849,1.0,settlement,9.718569507055015
TRAIN,late_limit_97_to_99,270.0,,UP,0.5058679314728408,1.0,settlement,9.748005397940279
TRAIN,late_limit_97_to_99,270.0,,UP,0.5070185879812598,1.0,settlement,9.703142774342655
TRAIN,late_limit_97_to_99,270.0,,UP,0.5057733344021806,1.0,settlement,9.751702697256484
TRAIN,late_limit_97_to_99,270.0,,UP,0.5055387940013407,0.0,settlement,-10.02
TRAIN,late_limit_97_to_99,270.0,,UP,0.5057005412742089,1.0,settlement,9.754548737486207
TRAIN,late_limit_97_to_99,270.0,,DOWN,0.5050837292979904,1.0,settlement,9.77869756228116
TRAIN,late_limit_97_to_99,270.0,,DOWN,0.5054760162395081,1.0,settlement,9.7633323020844
TRAIN,late_limit_97_to_99,270.0,,DOWN,0.5058769256900977,1.0,settlement,9.747653933530152
TRAIN,late_limit_97_to_99,270.0,,DOWN,0.5065506146135806,1.0,settlement,9.721363866725234
TRAIN,late_limit_97_to_99,270.0,,DOWN,0.5060963716317156,1.0,settlement,9.739082578993397
TRAIN,late_limit_97_to_99,270.0,,DOWN,0.5053700166118132,1.0,settlement,9.767481788183012
TRAIN,late_limit_97_to_99,270.0,,UP,0.5052294563270232,0.0,settlement,-10.02
TRAIN,late_limit_97_to_99,270.0,,UP,0.5058475401650497,1.0,settlement,9.748802269429174
TRAIN,late_limit_97_to_99,270.0,,UP,0.5052168924177877,0.0,settlement,-10.02
TRAIN,late_limit_97_to_99,270.0,,UP,0.5054067067148322,1.0,settlement,9.766045311904303
TRAIN,late_limit_97_to_99,270.0,,UP,0.5059531086023006,0.0,settlement,-10.02
TRAIN,late_limit_97_to_99,270.0,,UP,0.506634033374631,1.0,settlement,9.718113393984119
TRAIN,late_limit_97_to_99,270.0,,UP,0.5052017671576772,0.0,settlement,-10.02
TRAIN,late_limit_97_to_99,270.0,,DOWN,0.5051911098483157,1.0,settlement,9.774489263681843
TRAIN,late_limit_97_to_99,270.0,,UP,0.5061856913482583,1.0,settlement,9.735595961956875
TRAIN,late_limit_97_to_99,270.0,,DOWN,0.5052693036590229,1.0,settlement,9.771425933819291
TRAIN,late_limit_97_to_99,270.0,,DOWN,0.5052100923676439,0.0,settlement,-10.02
TRAIN,late_limit_97_to_99,270.0,,DOWN,0.5050482534236614,1.0,settlement,9.780088273172318
TRAIN,late_limit_97_to_99,270.0,,UP,0.5051101044605466,1.0,settlement,9.777663740423321
TRAIN,late_limit_97_to_99,270.0,,UP,0.505085826937389,0.0,settlement,-10.02
TRAIN,late_limit_97_to_99,270.0,,UP,0.5068565497651746,1.0,settlement,9.709448114329344
TRAIN,late_limit_97_to_99,270.0,,DOWN,0.5059298354331206,1.0,settlement,9.745586647877992
TRAIN,late_limit_97_to_99,270.0,,DOWN,0.5055346803852042,0.0,settlement,-10.02
TRAIN,late_limit_97_to_99,270.0,,DOWN,0.5059380947440147,1.0,settlement,9.745263979696205
TRAIN,late_limit_97_to_99,270.0,,DOWN,0.5064858935370576,1.0,settlement,9.723886508200131
TRAIN,late_limit_97_to_99,270.0,,DOWN,0.5058711424881092,1.0,settlement,9.747879920596692
TRAIN,late_limit_97_to_99,270.0,,DOWN,0.5057894235501653,1.0,settlement,9.751073759924477
TRAIN,late_limit_97_to_99,270.0,,UP,0.5054586681476088,1.0,settlement,9.764011295419525
TRAIN,late_limit_97_to_99,270.0,,DOWN,0.5058308557932079,1.0,settlement,9.749454325435948
TRAIN,late_limit_97_to_99,270.0,,UP,0.505683730999206,1.0,settlement,9.755206096190783
TRAIN,late_limit_97_to_99,270.0,,UP,0.5058794162841469,1.0,settlement,9.747556611520857
TRAIN,late_limit_97_to_99,270.0,,DOWN,0.5051210677868279,1.0,settlement,9.777234044928452
TRAIN,late_limit_97_to_99,270.0,,UP,0.5057258227142162,0.0,settlement,-10.02
TRAIN,late_limit_97_to_99,270.0,,DOWN,0.5050002890096977,1.0,settlement,9.78196886542369
TRAIN,late_limit_97_to_99,270.0,,UP,0.5052742962724335,0.0,settlement,-10.02
TRAIN,late_limit_97_to_99,270.0,,DOWN,0.5055438953150532,1.0,settlement,9.760676005924342
TRAIN,late_limit_97_to_99,270.0,,UP,0.505222030255347,1.0,settlement,9.773277808859298
TRAIN,late_limit_97_to_99,270.0,,DOWN,0.5051673878489297,1.0,settlement,9.775418786991256
TRAIN,late_limit_97_to_99,270.0,,DOWN,0.5062607916710248,1.0,settlement,9.73266535453557
TRAIN,late_limit_97_to_99,270.0,,UP,0.5052100313013789,0.0,settlement,-10.02
TRAIN,late_limit_97_to_99,270.0,,UP,0.5050975120584037,1.0,settlement,9.778157308768755
TRAIN,late_limit_97_to_99,270.0,,DOWN,0.5061571243551491,1.0,settlement,9.73671094769264
TRAIN,late_limit_97_to_99,270.0,,UP,0.505,1.0,settlement,9.781980198019802
TRAIN,late_limit_97_to_99,270.0,,UP,0.5094723939378932,1.0,settlement,9.608148883016892
TRAIN,late_limit_97_to_99,270.0,,UP,0.5067631303818738,1.0,settlement,9.713085144660095
TRAIN,late_limit_97_to_99,270.0,,UP,0.5052842767880157,1.0,settlement,9.770839452927106
TRAIN,late_limit_97_to_99,270.0,,DOWN,0.5066909251768927,1.0,settlement,9.715897177374675
TRAIN,late_limit_97_to_99,270.0,,UP,0.5072454467700084,1.0,settlement,9.694321860702928
TRAIN,late_limit_97_to_99,270.0,,DOWN,0.5053334041197629,1.0,settlement,9.768915433799467
TRAIN,late_limit_97_to_99,270.0,,UP,0.5053088883519461,1.0,settlement,9.76987552072314
TRAIN,late_limit_97_to_99,270.0,,UP,0.5052975943617837,1.0,settlement,9.770317847506288
TRAIN,late_limit_97_to_99,270.0,,UP,0.5064434969442055,1.0,settlement,9.725539355008625
TRAIN,late_limit_97_to_99,270.0,,DOWN,0.5059680781825785,1.0,settlement,9.744092699127755
TRAIN,late_limit_97_to_99,270.0,,UP,0.505352839098616,1.0,settlement,9.768154387015471
TRAIN,late_limit_97_to_99,270.0,,DOWN,0.5076012343653501,1.0,settlement,9.680503708394095
TRAIN,late_limit_97_to_99,270.0,,DOWN,0.5052451884080226,1.0,settlement,9.77237057458975
TRAIN,late_limit_97_to_99,270.0,,UP,0.5061487809114437,1.0,settlement,9.737036620719653
TRAIN,late_limit_97_to_99,270.0,,UP,0.5056126411344146,1.0,settlement,9.757986518619397
TRAIN,late_limit_97_to_99,270.0,,DOWN,0.5051425393326063,1.0,settlement,9.776392545383302
TRAIN,late_limit_97_to_99,270.0,,DOWN,0.5064290982317288,1.0,settlement,9.72610075707826
TRAIN,late_limit_97_to_99,270.0,,DOWN,0.5058766064661362,1.0,settlement,9.747666407538077
TRAIN,late_limit_97_to_99,270.0,,DOWN,0.5053871430137994,0.0,settlement,-10.02
TRAIN,late_limit_97_to_99,270.0,,UP,0.5060986253814493,1.0,settlement,9.738994588185147
TRAIN,late_limit_97_to_99,270.0,,UP,0.50551702985119,1.0,settlement,9.761727240610906
TRAIN,late_limit_97_to_99,270.0,,DOWN,0.5050395449844561,1.0,settlement,9.780429687754005
TRAIN,late_limit_97_to_99,270.0,,UP,0.5060827359002632,1.0,settlement,9.739614961397855
TRAIN,late_limit_97_to_99,270.0,,DOWN,0.5054198119083231,1.0,settlement,9.765532273146974
TRAIN,late_limit_97_to_99,270.0,,DOWN,0.5051881491271132,1.0,settlement,9.77460527187435
TRAIN,late_limit_97_to_99,270.0,,UP,0.5057189010281906,1.0,settlement,9.75383083699014
TRAIN,late_limit_97_to_99,270.0,,DOWN,0.5060124767236552,1.0,settlement,9.742358558327059
TRAIN,late_limit_97_to_99,270.0,,UP,0.5052912671351961,1.0,settlement,9.77056566066556
TRAIN,late_limit_97_to_99,270.0,,UP,0.5051873296240755,1.0,settlement,9.774637382218767
TRAIN,late_limit_97_to_99,270.0,,DOWN,0.5051093938574113,0.0,settlement,-10.02
TRAIN,late_limit_97_to_99,270.0,,UP,0.5051142941709423,0.0,settlement,-10.02
TRAIN,late_limit_97_to_99,270.0,,UP,0.5065525793803234,1.0,settlement,9.72128729584837
TRAIN,late_limit_97_to_99,270.0,,DOWN,0.505554044064629,1.0,settlement,9.760278918551428
TRAIN,late_limit_97_to_99,270.0,,UP,0.5057742003241548,1.0,settlement,9.75166884667292
TRAIN,late_limit_97_to_99,270.0,,UP,0.5056397052542698,0.0,settlement,-10.02
TRAIN,late_limit_97_to_99,270.0,,DOWN,0.5058822555948893,0.0,settlement,-10.02
TRAIN,late_limit_97_to_99,270.0,,DOWN,0.5057540750916772,1.0,settlement,9.752455611331094
TRAIN,late_limit_97_to_99,270.0,,DOWN,0.50569038530197,1.0,settlement,9.754945877265513
TRAIN,late_limit_97_to_99,270.0,,UP,0.5061797349830204,1.0,settlement,9.735828431842389
TRAIN,late_limit_97_to_99,270.0,,UP,0.5056030348380386,1.0,settlement,9.758362294054134
TRAIN,late_limit_97_to_99,270.0,,UP,0.5051346947201605,0.0,settlement,-10.02
TRAIN,late_limit_97_to_99,270.0,,UP,0.5074404696859549,1.0,settlement,9.686745120642048
TRAIN,late_limit_97_to_99,270.0,,DOWN,0.5054922620247169,1.0,settlement,9.7626964945925
TRAIN,late_limit_97_to_99,270.0,,DOWN,0.5056451313249178,1.0,settlement,9.756715685558916
TRAIN,late_limit_97_to_99,270.0,,UP,0.5053082052278932,1.0,settlement,9.76990227457323
TRAIN,late_limit_97_to_99,270.0,,DOWN,0.5079622396750566,1.0,settlement,9.666502694367594
TRAIN,late_limit_97_to_99,270.0,,DOWN,0.5064856897999902,1.0,settlement,9.72389445030317
TRAIN,late_limit_97_to_99,270.0,,DOWN,0.5091872204821755,1.0,settlement,9.6191417493363
TRAIN,late_limit_97_to_99,270.0,,UP,0.508255929274896,1.0,settlement,9.655127084629417
TRAIN,late_limit_97_to_99,270.0,,DOWN,0.5072599047500571,1.0,settlement,9.69375996083766
TRAIN,late_limit_97_to_99,270.0,,DOWN,0.5059958673144216,1.0,settlement,9.743007261452757
TRAIN,late_limit_97_to_99,270.0,,DOWN,0.5053961400616672,1.0,settlement,9.766458991910433
TRAIN,late_limit_97_to_99,270.0,,UP,0.5058209312673546,1.0,settlement,9.74984221460468
TRAIN,late_limit_97_to_99,270.0,,UP,0.5060054228094913,1.0,settlement,9.742634053360636
TRAIN,late_limit_97_to_99,270.0,,UP,0.5058895460532716,1.0,settlement,9.74716079234215
TRAIN,late_limit_97_to_99,270.0,,DOWN,0.5059144031109979,1.0,settlement,9.74618957378447
TRAIN,late_limit_97_to_99,270.0,,UP,0.505209182183439,0.0,settlement,-10.02
TRAIN,late_limit_97_to_99,270.0,,UP,0.5055190911966684,1.0,settlement,9.761646577042082
TRAIN,late_limit_97_to_99,270.0,,UP,0.5064991623562314,1.0,settlement,9.72336927524234
TRAIN,late_limit_97_to_99,270.0,,DOWN,0.5055387065802935,1.0,settlement,9.760879030301755
TRAIN,late_limit_97_to_99,270.0,,UP,0.5058055504692462,1.0,settlement,9.750443386243575
TRAIN,late_limit_97_to_99,270.0,,UP,0.5053414042238916,1.0,settlement,9.768602153742183
TRAIN,late_limit_97_to_99,270.0,,DOWN,0.5051665035103038,1.0,settlement,9.775453440621945
TRAIN,late_limit_97_to_99,270.0,,DOWN,0.5052628682716053,1.0,settlement,9.771678011502868
TRAIN,late_limit_97_to_99,270.0,,DOWN,0.506769209271655,1.0,settlement,9.71284843878404
TRAIN,late_limit_97_to_99,270.0,,UP,0.5057971234535928,1.0,settlement,9.750772778856078
TRAIN,late_limit_97_to_99,270.0,,UP,0.5052361268140791,0.0,settlement,-10.02
TRAIN,late_limit_97_to_99,270.0,,UP,0.5075212541880301,1.0,settlement,9.683608307003297
TRAIN,late_limit_97_to_99,270.0,,UP,0.5052850808783086,0.0,settlement,-10.02
TRAIN,late_limit_97_to_99,270.0,,DOWN,0.5054540910706958,0.0,settlement,-10.02
TRAIN,late_limit_97_to_99,270.0,,DOWN,0.5056929550910673,1.0,settlement,9.754845386562998
TRAIN,late_limit_97_to_99,270.0,,UP,0.5054526447657375,1.0,settlement,9.764247057673835
TRAIN,late_limit_97_to_99,270.0,,UP,0.5074135411369058,1.0,settlement,9.687790961971764
TRAIN,late_limit_97_to_99,270.0,,DOWN,0.505726174271223,1.0,settlement,9.753546454087541
TRAIN,late_limit_97_to_99,270.0,,UP,0.5056424848106887,0.0,settlement,-10.02
TRAIN,late_limit_97_to_99,270.0,,UP,0.5058723173198022,1.0,settlement,9.747834011913728
TRAIN,late_limit_97_to_99,270.0,,DOWN,0.5055616664845475,0.0,settlement,-10.02
TRAIN,late_limit_97_to_99,270.0,,DOWN,0.5054706216442321,1.0,settlement,9.76354343813546
TRAIN,late_limit_97_to_99,270.0,,UP,0.5057750680054269,0.0,settlement,-10.02
TRAIN,late_limit_97_to_99,270.0,,UP,0.5071015853307679,1.0,settlement,9.699914686279843
TRAIN,late_limit_97_to_99,270.0,,UP,0.5059741501302301,1.0,settlement,9.743855519943367
TRAIN,late_limit_97_to_99,270.0,,DOWN,0.5056488490608394,1.0,settlement,9.756570279104512
TRAIN,late_limit_97_to_99,270.0,,DOWN,0.5051428766068311,1.0,settlement,9.776379327711119
TRAIN,late_limit_97_to_99,270.0,,UP,0.5058510542426511,1.0,settlement,9.748664938282626
TRAIN,late_limit_97_to_99,270.0,,UP,0.5056764998109867,1.0,settlement,9.755488882196087
TRAIN,late_limit_97_to_99,270.0,,DOWN,0.5066701249782106,1.0,settlement,9.71670739009933
TRAIN,late_limit_97_to_99,270.0,,UP,0.5057017946468737,1.0,settlement,9.754499726628211
TRAIN,late_limit_97_to_99,270.0,,UP,0.5052492447219995,0.0,settlement,-10.02
TRAIN,late_limit_97_to_99,270.0,,UP,0.5067510981755217,1.0,settlement,9.713553683462042
TRAIN,late_limit_97_to_99,270.0,,UP,0.5087474162295359,1.0,settlement,9.636119482852006
TRAIN,late_limit_97_to_99,270.0,,UP,0.5064300586756768,1.0,settlement,9.72606330862384
TRAIN,late_limit_97_to_99,270.0,,DOWN,0.506671714856357,1.0,settlement,9.716645458558965
TRAIN,late_limit_97_to_99,270.0,,DOWN,0.5054549555733695,1.0,settlement,9.764156609279592
TRAIN,late_limit_97_to_99,270.0,,DOWN,0.5050305169258479,1.0,settlement,9.780783645452996
TRAIN,late_limit_97_to_99,270.0,,DOWN,0.5059203214769464,1.0,settlement,9.745958344600073
TRAIN,late_limit_97_to_99,270.0,,UP,0.5055385351782007,1.0,settlement,9.760885736979542
TRAIN,late_limit_97_to_99,270.0,,DOWN,0.5062515173450806,1.0,settlement,9.733027215489045
TRAIN,late_limit_97_to_99,270.0,,UP,0.5079204668473073,1.0,settlement,9.66812176849379
TRAIN,late_limit_97_to_99,270.0,,DOWN,0.5062849744193253,1.0,settlement,9.731721866660816
TRAIN,late_limit_97_to_99,270.0,,UP,0.5068621718218184,1.0,settlement,9.709229277570525
TRAIN,late_limit_97_to_99,270.0,,DOWN,0.505657369658714,1.0,settlement,9.756237033288674
TRAIN,late_limit_97_to_99,270.0,,UP,0.5058897082602296,1.0,settlement,9.747154454259032
TRAIN,late_limit_97_to_99,270.0,,DOWN,0.5067522663954253,1.0,settlement,9.713508191548712
TRAIN,late_limit_97_to_99,270.0,,DOWN,0.5050940592507921,1.0,settlement,9.77829264836937
TRAIN,late_limit_97_to_99,270.0,,UP,0.5050017263917028,1.0,settlement,9.781912503252585
TRAIN,late_limit_97_to_99,270.0,,DOWN,0.5065728826208905,1.0,settlement,9.720496072869754
TRAIN,late_limit_97_to_99,270.0,,UP,0.5060492960900411,1.0,settlement,9.74092067959463
TRAIN,late_limit_97_to_99,270.0,,UP,0.5051717263961084,1.0,settlement,9.775248778746846
TRAIN,late_limit_97_to_99,270.0,,UP,0.5067604743453162,1.0,settlement,9.713188569844558
TRAIN,late_limit_97_to_99,270.0,,UP,0.5053979252377341,1.0,settlement,9.766389101807455
TRAIN,late_limit_97_to_99,270.0,,DOWN,0.505083026582375,0.0,settlement,-10.02
TRAIN,late_limit_97_to_99,270.0,,UP,0.5063634442020987,1.0,settlement,9.728660995379482
TRAIN,late_limit_97_to_99,270.0,,UP,0.5133964120049842,1.0,settlement,9.458125998089205
TRAIN,late_limit_97_to_99,270.0,,DOWN,0.5080871771511147,1.0,settlement,9.661661828331894
TRAIN,late_limit_97_to_99,270.0,,UP,0.5080322017898129,1.0,settlement,9.663791627321448
TRAIN,late_limit_97_to_99,270.0,,DOWN,0.5060932025651792,1.0,settlement,9.739206306889908
TRAIN,late_limit_97_to_99,270.0,,UP,0.5057678791648481,1.0,settlement,9.751915955818614
TRAIN,late_limit_97_to_99,270.0,,DOWN,0.5054185745531015,1.0,settlement,9.765580711674769
TRAIN,late_limit_97_to_99,270.0,,UP,0.5088633451226279,1.0,settlement,9.631641439393047
TRAIN,late_limit_97_to_99,270.0,,DOWN,0.5088620044539228,1.0,settlement,9.631693214413485
TRAIN,late_limit_97_to_99,270.0,,DOWN,0.505554233746809,1.0,settlement,9.760271497059971
TRAIN,late_limit_97_to_99,270.0,,DOWN,0.5061969639572101,1.0,settlement,9.735156020345709
TRAIN,late_limit_97_to_99,270.0,,UP,0.505,1.0,settlement,9.781980198019802
TRAIN,late_limit_97_to_99,270.0,,UP,0.5059306414515055,1.0,settlement,9.745555158529616
TRAIN,late_limit_97_to_99,270.0,,DOWN,0.5059489103271959,1.0,settlement,9.744841461034127
TRAIN,late_limit_97_to_99,270.0,,DOWN,0.5051404668939207,0.0,settlement,-10.02
TRAIN,late_limit_97_to_99,270.0,,UP,0.5054393085677324,1.0,settlement,9.76476907215049
TRAIN,late_limit_97_to_99,270.0,,DOWN,0.5089659441021829,1.0,settlement,9.627679998786604
TRAIN,late_limit_97_to_99,270.0,,UP,0.5068055066523354,1.0,settlement,9.711435173335484
TRAIN,late_limit_97_to_99,270.0,,DOWN,0.5065231098580779,1.0,settlement,9.722435844243883
TRAIN,late_limit_97_to_99,270.0,,DOWN,0.505600027863635,1.0,settlement,9.758479922665455
TRAIN,late_limit_97_to_99,270.0,,DOWN,0.5061652624044174,1.0,settlement,9.736393302253468
TRAIN,late_limit_97_to_99,270.0,,UP,0.5053613868314101,1.0,settlement,9.767819688202707
TRAIN,late_limit_97_to_99,270.0,,DOWN,0.5097922501797157,1.0,settlement,9.595833697893067
TRAIN,late_limit_97_to_99,270.0,,UP,0.5064337483335244,1.0,settlement,9.725919447323747
TRAIN,late_limit_97_to_99,270.0,,UP,0.5059101839433472,1.0,settlement,9.746354418988766
TRAIN,late_limit_97_to_99,270.0,,UP,0.506451422942637,1.0,settlement,9.725230336005286
TRAIN,late_limit_97_to_99,270.0,,DOWN,0.5051085522580696,1.0,settlement,9.777724578796697
TRAIN,late_limit_97_to_99,270.0,,DOWN,0.5070709105543763,1.0,settlement,9.701107623916123
TRAIN,late_limit_97_to_99,270.0,,UP,0.50640957627605,1.0,settlement,9.726861964057488
TRAIN,late_limit_97_to_99,270.0,,UP,0.5078753219257369,1.0,settlement,9.6698718411489
TRAIN,late_limit_97_to_99,270.0,,DOWN,0.5051142749274856,0.0,settlement,-10.02
TRAIN,late_limit_97_to_99,270.0,,DOWN,0.505837535428156,1.0,settlement,9.749193267826005
TRAIN,late_limit_97_to_99,270.0,,DOWN,0.5064907613092867,1.0,settlement,9.72369675401352
TRAIN,late_limit_97_to_99,270.0,,DOWN,0.5050516024802886,1.0,settlement,9.779956976456255
TRAIN,late_limit_97_to_99,270.0,,UP,0.5072463902778475,1.0,settlement,9.694285190915675
TRAIN,late_limit_97_to_99,270.0,,UP,0.50538604646911,1.0,settlement,9.766854167947859
TRAIN,late_limit_97_to_99,270.0,,UP,0.5059213498753945,1.0,settlement,9.745918165863017
TRAIN,late_limit_97_to_99,270.0,,UP,0.5061134674177514,0.0,settlement,-10.02
TRAIN,late_limit_97_to_99,270.0,,UP,0.5079057419018053,1.0,settlement,9.668692556528189
TRAIN,late_limit_97_to_99,270.0,,DOWN,0.5068897988548496,1.0,settlement,9.708153974673987
TRAIN,late_limit_97_to_99,270.0,,UP,0.5062870499919487,1.0,settlement,9.731640892570777
TRAIN,late_limit_97_to_99,270.0,,UP,0.5067987140234037,1.0,settlement,9.711699633985663
TRAIN,late_limit_97_to_99,270.0,,DOWN,0.5058359520695436,1.0,settlement,9.749255148999723
TRAIN,late_limit_97_to_99,270.0,,DOWN,0.5053169652163351,1.0,settlement,9.769559204130076
TRAIN,late_limit_97_to_99,270.0,,DOWN,0.5065074263887327,1.0,settlement,9.723047147990346
TRAIN,late_limit_97_to_99,270.0,,UP,0.5059882330425521,0.0,settlement,-10.02
TRAIN,late_limit_97_to_99,270.0,,DOWN,0.5082086342567503,1.0,settlement,9.656958095418613
TRAIN,late_limit_97_to_99,270.0,,DOWN,0.5066158119033597,1.0,settlement,9.718823315501975
TRAIN,late_limit_97_to_99,270.0,,UP,0.5060990746521079,1.0,settlement,9.73897704787149
TRAIN,late_limit_97_to_99,270.0,,DOWN,0.505215639754188,0.0,settlement,-10.02
TRAIN,late_limit_97_to_99,270.0,,DOWN,0.5069777990159858,1.0,settlement,9.704729602379857
TRAIN,late_limit_97_to_99,270.0,,UP,0.5083614516553258,1.0,settlement,9.651043049070726
TRAIN,late_limit_97_to_99,270.0,,DOWN,0.5079073426952344,1.0,settlement,9.668630502828577
TRAIN,late_limit_97_to_99,270.0,,DOWN,0.509263611017767,1.0,settlement,9.616195839743838
TRAIN,late_limit_97_to_99,270.0,,UP,0.5065408426188884,1.0,settlement,9.721744709663636
TRAIN,late_limit_97_to_99,270.0,,UP,0.5073892167955711,1.0,settlement,9.688735757443254
TRAIN,late_limit_97_to_99,270.0,,UP,0.5068334232127769,1.0,settlement,9.71034835905413
TRAIN,late_limit_97_to_99,270.0,,DOWN,0.5061682694673805,1.0,settlement,9.736275932749752
TRAIN,late_limit_97_to_99,270.0,,DOWN,0.5062498148818438,1.0,settlement,9.733093642777824
TRAIN,late_limit_97_to_99,270.0,,UP,0.5063543410747589,1.0,settlement,9.729016032477514
TRAIN,late_limit_97_to_99,270.0,,DOWN,0.5059190539882715,1.0,settlement,9.746007864633274
TRAIN,late_limit_97_to_99,270.0,,DOWN,0.5051740214925821,1.0,settlement,9.775158845369962
TRAIN,late_limit_97_to_99,270.0,,DOWN,0.5059159286461837,1.0,settlement,9.7461299709612
TRAIN,late_limit_97_to_99,270.0,,UP,0.5058142817193093,1.0,settlement,9.750102113386518
TRAIN,late_limit_97_to_99,270.0,,DOWN,0.5077727323395939,1.0,settlement,9.673849951186607
TRAIN,late_limit_97_to_99,270.0,,UP,0.5079176333125837,1.0,settlement,9.668231603185511
TRAIN,late_limit_97_to_99,270.0,,DOWN,0.5056873154408846,0.0,settlement,-10.02
TRAIN,late_limit_97_to_99,270.0,,DOWN,0.5071398285671522,1.0,settlement,9.69842761443822
TRAIN,late_limit_97_to_99,270.0,,UP,0.5083700582968984,1.0,settlement,9.650710020769552
TRAIN,late_limit_97_to_99,270.0,,DOWN,0.5054284433174326,0.0,settlement,-10.02
TRAIN,late_limit_97_to_99,270.0,,DOWN,0.5050776734573605,1.0,settlement,9.778934947070503
TRAIN,late_limit_97_to_99,270.0,,DOWN,0.5057849503093544,1.0,settlement,9.751248618377588
TRAIN,late_limit_97_to_99,270.0,,UP,0.5055400757260924,0.0,settlement,-10.02
TRAIN,late_limit_97_to_99,270.0,,UP,0.5059368308256764,0.0,settlement,-10.02
TRAIN,late_limit_97_to_99,270.0,,UP,0.5061930876332854,1.0,settlement,9.735307301320873
TRAIN,late_limit_97_to_99,270.0,,UP,0.5058380129067624,1.0,settlement,9.749174606976858
TRAIN,late_limit_97_to_99,270.0,,DOWN,0.5057579739870547,1.0,settlement,9.752303185191025
TRAIN,late_limit_97_to_99,270.0,,DOWN,0.5051908542004147,0.0,settlement,-10.02
TRAIN,late_limit_97_to_99,270.0,,DOWN,0.5057249542784105,0.0,settlement,-10.02
TRAIN,late_limit_97_to_99,270.0,,DOWN,0.5058987453438504,1.0,settlement,9.746801345204322
TRAIN,late_limit_97_to_99,270.0,,UP,0.5051398514278812,0.0,settlement,-10.02
TRAIN,late_limit_97_to_99,270.0,,DOWN,0.5059324925870635,1.0,settlement,9.745482839153976
TRAIN,late_limit_97_to_99,270.0,,DOWN,0.5145924086705784,1.0,settlement,9.412855657226771
TRAIN,late_limit_97_to_99,270.0,,DOWN,0.5171066001798654,1.0,settlement,9.318372390763713
TRAIN,late_limit_97_to_99,270.0,,DOWN,0.5195585798883744,1.0,settlement,9.227107808610281
TRAIN,late_limit_97_to_99,270.0,,DOWN,0.5149878884960036,1.0,settlement,9.397932389059672
TRAIN,late_limit_97_to_99,270.0,,UP,0.5103472184353914,1.0,settlement,9.574502798815534
TRAIN,late_limit_97_to_99,270.0,,DOWN,0.5059703344546989,1.0,settlement,9.744004565163557
TRAIN,late_limit_97_to_99,270.0,,DOWN,0.5102600359366,1.0,settlement,9.577850695174774
TRAIN,late_limit_97_to_99,270.0,,UP,0.5092353530105649,1.0,settlement,9.617285472975663
TRAIN,late_limit_97_to_99,270.0,,UP,0.5098269968318405,1.0,settlement,9.594496804096007
TRAIN,late_limit_97_to_99,270.0,,UP,0.5069602356232684,1.0,settlement,9.705412956118291
TRAIN,late_limit_97_to_99,270.0,,DOWN,0.5088316090384251,1.0,settlement,9.63286712218548
TRAIN,late_limit_97_to_99,270.0,,UP,0.5063498111399342,1.0,settlement,9.729192712222446
TRAIN,late_limit_97_to_99,270.0,,UP,0.5077674544656298,1.0,settlement,9.674054654455784
TRAIN,late_limit_97_to_99,270.0,,DOWN,0.5059453790876026,1.0,settlement,9.744979409503681
TRAIN,late_limit_97_to_99,270.0,,UP,0.5062996158987961,1.0,settlement,9.731150674384264
TRAIN,late_limit_97_to_99,270.0,,DOWN,0.5070845717176923,1.0,settlement,9.700576325416723
TRAIN,late_limit_97_to_99,270.0,,UP,0.505413338068685,0.0,settlement,-10.02
TRAIN,late_limit_97_to_99,270.0,,DOWN,0.5051649025428996,1.0,settlement,9.77551617632577
TRAIN,late_limit_97_to_99,270.0,,UP,0.5074784780918417,1.0,settlement,9.685269152695447
TRAIN,late_limit_97_to_99,270.0,,DOWN,0.5080372506227798,1.0,settlement,9.663596011397694
TRAIN,late_limit_97_to_99,270.0,,DOWN,0.505200489348126,0.0,settlement,-10.02
TRAIN,late_limit_97_to_99,270.0,,DOWN,0.5060716493382761,1.0,settlement,9.740047837249325
TRAIN,late_limit_97_to_99,270.0,,DOWN,0.5055272854809646,1.0,settlement,9.761325928799042
TRAIN,late_limit_97_to_99,270.0,,UP,0.5077279182781395,1.0,settlement,9.675588207780766
TRAIN,late_limit_97_to_99,270.0,,DOWN,0.5063136600254984,1.0,settlement,9.730602817029254
TRAIN,late_limit_97_to_99,270.0,,DOWN,0.5061402014445934,0.0,settlement,-10.02
TRAIN,late_limit_97_to_99,270.0,,UP,0.5050665941045053,1.0,settlement,9.77936926481988
TRAIN,late_limit_97_to_99,270.0,,UP,0.5051540091194784,0.0,settlement,-10.02
TRAIN,late_limit_97_to_99,270.0,,UP,0.5056422751726855,1.0,settlement,9.756827395582835
TRAIN,late_limit_97_to_99,270.0,,DOWN,0.505965944411439,1.0,settlement,9.74417604871099
TRAIN,late_limit_97_to_99,270.0,,UP,0.5062569031003946,1.0,settlement,9.73281707520129
TRAIN,late_limit_97_to_99,270.0,,DOWN,0.5052492073725297,1.0,settlement,9.772213137757213
TRAIN,late_limit_97_to_99,270.0,,DOWN,0.5060807366932215,0.0,settlement,-10.02
TRAIN,late_limit_97_to_99,270.0,,DOWN,0.5072474209325931,1.0,settlement,9.694245134286994
TRAIN,late_limit_97_to_99,270.0,,UP,0.5054495077844228,1.0,settlement,9.76436984503912
TRAIN,late_limit_97_to_99,270.0,,UP,0.5058537702753225,0.0,settlement,-10.02
TRAIN,late_limit_97_to_99,270.0,,UP,0.505935633919068,1.0,settlement,9.745360116144042
TRAIN,late_limit_97_to_99,270.0,,DOWN,0.5050763981261571,1.0,settlement,9.778984939902532
TRAIN,late_limit_97_to_99,270.0,,DOWN,0.505111663792596,0.0,settlement,-10.02
TRAIN,late_limit_97_to_99,270.0,,DOWN,0.5052544657571264,0.0,settlement,-10.02
TRAIN,late_limit_97_to_99,270.0,,DOWN,0.5080151785453692,1.0,settlement,9.664451217842764
TRAIN,late_limit_97_to_99,270.0,,DOWN,0.5055730411390149,1.0,settlement,9.759535668022991
TRAIN,late_limit_97_to_99,270.0,,UP,0.5059677242987488,1.0,settlement,9.744106522524937
TRAIN,late_limit_97_to_99,270.0,,UP,0.5066026989230046,1.0,settlement,9.719334238169619
TRAIN,late_limit_97_to_99,270.0,,DOWN,0.5064677580835572,1.0,settlement,9.724593491675336
TRAIN,late_limit_97_to_99,270.0,,UP,0.505571236191072,1.0,settlement,9.759606283259103
TRAIN,late_limit_97_to_99,270.0,,UP,0.5088445257517402,1.0,settlement,9.63236824593234
TRAIN,late_limit_97_to_99,270.0,,UP,0.505171368058569,1.0,settlement,9.775262820280446
TRAIN,late_limit_97_to_99,270.0,,UP,0.5060405959972744,0.0,settlement,-10.02
TRAIN,late_limit_97_to_99,270.0,,DOWN,0.5050721850964502,0.0,settlement,-10.02
TRAIN,late_limit_97_to_99,270.0,,DOWN,0.5053887958951314,1.0,settlement,9.76674652311645
TRAIN,late_limit_97_to_99,270.0,,UP,0.5073099935561013,1.0,settlement,9.691813540085807
TRAIN,late_limit_97_to_99,270.0,,DOWN,0.5062957798232386,1.0,settlement,9.731300323876425
TRAIN,late_limit_97_to_99,270.0,,UP,0.5055412373596526,1.0,settlement,9.760780005659143
TRAIN,late_limit_97_to_99,270.0,,UP,0.5053013976264046,1.0,settlement,9.770168891227797
TRAIN,late_limit_97_to_99,270.0,,UP,0.505042508844493,0.0,settlement,-10.02
TRAIN,late_limit_97_to_99,270.0,,UP,0.505859823810369,1.0,settlement,9.748322229418019
TRAIN,late_limit_97_to_99,270.0,,DOWN,0.5062243206920001,1.0,settlement,9.73408843717775
TRAIN,late_limit_97_to_99,270.0,,DOWN,0.5059190027424587,1.0,settlement,9.746009866782103
TRAIN,late_limit_97_to_99,270.0,,DOWN,0.5065303110203573,1.0,settlement,9.722155173016098
TRAIN,late_limit_97_to_99,270.0,,DOWN,0.5051875710843224,1.0,settlement,9.774627921142717
TRAIN,late_limit_97_to_99,270.0,,UP,0.5052832829637949,1.0,settlement,9.770878378845023
TRAIN,late_limit_97_to_99,270.0,,UP,0.5052850057506031,1.0,settlement,9.77081090115658
TRAIN,late_limit_97_to_99,270.0,,UP,0.5071795484923364,1.0,settlement,9.696883359603966
TRAIN,late_limit_97_to_99,270.0,,UP,0.5056226512124874,1.0,settlement,9.757594963397931
TRAIN,late_limit_97_to_99,270.0,,DOWN,0.5053933650579187,1.0,settlement,9.766567635002467
TRAIN,late_limit_97_to_99,270.0,,UP,0.5059010386918432,1.0,settlement,9.746711738441885
TRAIN,late_limit_97_to_99,270.0,,DOWN,0.505115494478934,1.0,settlement,9.777452482260081
TRAIN,late_limit_97_to_99,270.0,,DOWN,0.5056620014988266,1.0,settlement,9.756055883889086
TRAIN,late_limit_97_to_99,270.0,,DOWN,0.5050032283563403,0.0,settlement,-10.02
TRAIN,late_limit_97_to_99,270.0,,DOWN,0.5051581511122002,1.0,settlement,9.775780743086358
TRAIN,late_limit_97_to_99,270.0,,UP,0.5052312488616858,0.0,settlement,-10.02
TRAIN,late_limit_97_to_99,270.0,,UP,0.5067488293705235,1.0,settlement,9.713642034105664
TRAIN,late_limit_97_to_99,270.0,,DOWN,0.5050390008604849,1.0,settlement,9.78045102053903
TRAIN,late_limit_97_to_99,270.0,,DOWN,0.5051973810146849,1.0,settlement,9.774243548759259
TRAIN,late_limit_97_to_99,270.0,,UP,0.5063422919660426,1.0,settlement,9.729485987377569
TRAIN,late_limit_97_to_99,270.0,,UP,0.5052968883787682,1.0,settlement,9.770345497841355
TRAIN,late_limit_97_to_99,270.0,,DOWN,0.5084517853057324,1.0,settlement,9.647548210076582
TRAIN,late_limit_97_to_99,270.0,,DOWN,0.5054718141158353,1.0,settlement,9.763496766267512
TRAIN,late_limit_97_to_99,270.0,,UP,0.5057668273437244,1.0,settlement,9.75195707460643
TRAIN,late_limit_97_to_99,270.0,,DOWN,0.5071794855477115,1.0,settlement,9.696885806611114
TRAIN,late_limit_97_to_99,270.0,,DOWN,0.5051295651118294,0.0,settlement,-10.02
TRAIN,late_limit_97_to_99,270.0,,UP,0.5052379468193415,1.0,settlement,9.772654259153878
TRAIN,late_limit_97_to_99,270.0,,UP,0.5052428713898885,1.0,settlement,9.772461341395445
TRAIN,late_limit_97_to_99,270.0,,DOWN,0.5051994050732441,0.0,settlement,-10.02
TRAIN,late_limit_97_to_99,270.0,,DOWN,0.5051752919514952,1.0,settlement,9.775109062776881
TRAIN,late_limit_97_to_99,270.0,,UP,0.5057326361674116,1.0,settlement,9.753293801608091
TRAIN,late_limit_97_to_99,270.0,,DOWN,0.5059457099769639,1.0,settlement,9.744966483173283
TRAIN,late_limit_97_to_99,270.0,,DOWN,0.5069796934243948,1.0,settlement,9.70465589786248
TRAIN,late_limit_97_to_99,270.0,,DOWN,0.506469291478075,1.0,settlement,9.724533712628656
TRAIN,late_limit_97_to_99,270.0,,UP,0.5052733665105296,1.0,settlement,9.771266792985827
TRAIN,late_limit_97_to_99,270.0,,DOWN,0.505219267857136,1.0,settlement,9.773386032988281
TRAIN,late_limit_97_to_99,270.0,,DOWN,0.5052272279493008,1.0,settlement,9.773074178898952
TRAIN,late_limit_97_to_99,270.0,,UP,0.5094110267291309,1.0,settlement,9.610513426866397
TRAIN,late_limit_97_to_99,270.0,,DOWN,0.5064369541839916,1.0,settlement,9.725794451577361
TRAIN,late_limit_97_to_99,270.0,,UP,0.5053977058816569,1.0,settlement,9.766397689627787
TRAIN,late_limit_97_to_99,270.0,,UP,0.5052104162048751,1.0,settlement,9.773732827441858
TRAIN,late_limit_97_to_99,270.0,,DOWN,0.5057005882743166,1.0,settlement,9.75454689962811
TRAIN,late_limit_97_to_99,270.0,,DOWN,0.5055875983482049,1.0,settlement,9.758966162680412
TRAIN,late_limit_97_to_99,270.0,,DOWN,0.5061136888885446,1.0,settlement,9.738406499457835
TRAIN,late_limit_97_to_99,270.0,,DOWN,0.5054811860229546,1.0,settlement,9.763129969046737
TRAIN,late_limit_97_to_99,270.0,,DOWN,0.5058977455316971,1.0,settlement,9.746840410585403
TRAIN,late_limit_97_to_99,270.0,,DOWN,0.5075274354520015,1.0,settlement,9.683368333367138
TRAIN,late_limit_97_to_99,270.0,,UP,0.5067410305782653,1.0,settlement,9.713945736717914
TRAIN,late_limit_97_to_99,270.0,,DOWN,0.5052577921660224,1.0,settlement,9.77187684989548
TRAIN,late_limit_97_to_99,270.0,,UP,0.5054943883020993,0.0,settlement,-10.02
TRAIN,late_limit_97_to_99,270.0,,UP,0.5077298656821287,1.0,settlement,9.675512665115978
TRAIN,late_limit_97_to_99,270.0,,DOWN,0.5051734685367576,1.0,settlement,9.775180512874414
TRAIN,late_limit_97_to_99,270.0,,UP,0.5051602286218019,0.0,settlement,-10.02
TRAIN,late_limit_97_to_99,270.0,,UP,0.5057708326033012,1.0,settlement,9.751800498118975
TRAIN,late_limit_97_to_99,270.0,,DOWN,0.5071131335032972,1.0,settlement,9.69946561690653
TRAIN,late_limit_97_to_99,270.0,,UP,0.5055433882927313,1.0,settlement,9.760695844467403
TRAIN,late_limit_97_to_99,270.0,,UP,0.5052943012887748,1.0,settlement,9.770446823751168
TRAIN,late_limit_97_to_99,270.0,,DOWN,0.5050314882727683,1.0,settlement,9.780745561827192
TRAIN,late_limit_97_to_99,270.0,,UP,0.5058521287524034,1.0,settlement,9.748622946518516
TRAIN,late_limit_97_to_99,270.0,,DOWN,0.5050005883570563,1.0,settlement,9.781957127482762
TRAIN,late_limit_97_to_99,270.0,,DOWN,0.5070177056727232,1.0,settlement,9.703177096412759
TRAIN,late_limit_97_to_99,270.0,,DOWN,0.5055941309846536,1.0,settlement,9.758710604343491
TRAIN,late_limit_97_to_99,270.0,,UP,0.5059340136213885,1.0,settlement,9.745423416428803
TRAIN,late_limit_97_to_99,270.0,,UP,0.505440831989657,1.0,settlement,9.764709439946145
TRAIN,late_limit_97_to_99,270.0,,DOWN,0.5052360896183908,1.0,settlement,9.772727015113045
TRAIN,late_limit_97_to_99,270.0,,DOWN,0.5052063845524012,1.0,settlement,9.773890785564245
TRAIN,late_limit_97_to_99,270.0,,DOWN,0.5069918123746021,1.0,settlement,9.7041844067716
TRAIN,late_limit_97_to_99,270.0,,UP,0.5086985125934871,1.0,settlement,9.63800912020994
TRAIN,late_limit_97_to_99,270.0,,UP,0.5051779499819316,1.0,settlement,9.775004909374342
TRAIN,late_limit_97_to_99,270.0,,DOWN,0.5061244250151954,1.0,settlement,9.737987375732303
TRAIN,late_limit_97_to_99,270.0,,DOWN,0.5144564154272238,1.0,settlement,9.41799260758684
TRAIN,late_limit_97_to_99,270.0,,UP,0.5053546082740616,0.0,settlement,-10.02
TRAIN,late_limit_97_to_99,270.0,,DOWN,0.5076637977964271,1.0,settlement,9.678075859271718
TRAIN,late_limit_97_to_99,270.0,,UP,0.5079216400695902,1.0,settlement,9.66807629190578
TRAIN,late_limit_97_to_99,270.0,,DOWN,0.5091740752070187,1.0,settlement,9.619648770283963
TRAIN,late_limit_97_to_99,270.0,,UP,0.507963155881314,1.0,settlement,9.66646718608959
TRAIN,late_limit_97_to_99,270.0,,UP,0.5062467044973776,1.0,settlement,9.733215005969093
TRAIN,late_limit_97_to_99,270.0,,DOWN,0.5063080286993671,1.0,settlement,9.730822489796516
TRAIN,late_limit_97_to_99,270.0,,UP,0.5052547890570236,1.0,settlement,9.77199448789666
TRAIN,late_limit_97_to_99,270.0,,DOWN,0.5079602666513822,1.0,settlement,9.666579160852148
TRAIN,late_limit_97_to_99,270.0,,UP,0.5055394200674793,1.0,settlement,9.760851112788004
TRAIN,late_limit_97_to_99,270.0,,UP,0.505130622666159,1.0,settlement,9.776859567171801
TRAIN,late_limit_97_to_99,270.0,,DOWN,0.5069149134310232,1.0,settlement,9.707176563647732
TRAIN,late_limit_97_to_99,270.0,,DOWN,0.5057542014882903,1.0,settlement,9.752450669856728
TRAIN,late_limit_97_to_99,270.0,,UP,0.5063695662699398,1.0,settlement,9.728422231736406
TRAIN,late_limit_97_to_99,270.0,,UP,0.5064079820937243,1.0,settlement,9.726924127568815
TRAIN,late_limit_97_to_99,270.0,,DOWN,0.5053790963323693,1.0,settlement,9.767126283164206
TRAIN,late_limit_97_to_99,270.0,,UP,0.5063933774242214,1.0,settlement,9.727493639954716
TRAIN,late_limit_97_to_99,270.0,,UP,0.5061209525027976,1.0,settlement,9.738122935929479
TRAIN,late_limit_97_to_99,270.0,,UP,0.5050588668248724,0.0,settlement,-10.02
TRAIN,late_limit_97_to_99,270.0,,DOWN,0.5061401038626759,1.0,settlement,9.737375326878194
TRAIN,late_limit_97_to_99,270.0,,DOWN,0.5074183561489495,1.0,settlement,9.687603950111264
TRAIN,late_limit_97_to_99,270.0,,DOWN,0.507432771965939,1.0,settlement,9.687044070601026
TRAIN,late_limit_97_to_99,270.0,,DOWN,0.5070693421939494,1.0,settlement,9.701168621105655
TRAIN,late_limit_97_to_99,270.0,,DOWN,0.5058421627991162,1.0,settlement,9.749012422104627
TRAIN,late_limit_97_to_99,270.0,,UP,0.5060907705046719,1.0,settlement,9.73930126136866
TRAIN,late_limit_97_to_99,270.0,,UP,0.5062377510252102,1.0,settlement,9.73356436723347
TRAIN,late_limit_97_to_99,270.0,,DOWN,0.5053864594398608,1.0,settlement,9.766837999346844
TRAIN,late_limit_97_to_99,270.0,,UP,0.5071207703850766,1.0,settlement,9.699168655637216
TRAIN,late_limit_97_to_99,270.0,,DOWN,0.5062458204732929,1.0,settlement,9.733249499721158
TRAIN,late_limit_97_to_99,270.0,,DOWN,0.5064154257936183,1.0,settlement,9.726633871447952
TRAIN,late_limit_97_to_99,270.0,,DOWN,0.5057094093932067,1.0,settlement,9.75420197104668
TRAIN,late_limit_97_to_99,270.0,,UP,0.5070513480936483,1.0,settlement,9.701868480572664
TRAIN,late_limit_97_to_99,270.0,,UP,0.5060446700266464,1.0,settlement,9.741101326239516
TRAIN,late_limit_97_to_99,270.0,,UP,0.5063413152054491,1.0,settlement,9.72952408523582
TRAIN,late_limit_97_to_99,270.0,,UP,0.5053675489151165,1.0,settlement,9.767578409945827
TRAIN,late_limit_97_to_99,270.0,,UP,0.5061992028238013,1.0,settlement,9.735068645338856
TRAIN,late_limit_97_to_99,270.0,,DOWN,0.5058469447658166,1.0,settlement,9.748825537988633
TRAIN,late_limit_97_to_99,270.0,,UP,0.5068585153339277,1.0,settlement,9.709371604641618
TRAIN,late_limit_97_to_99,270.0,,DOWN,0.5078623080541781,1.0,settlement,9.670376390234523
TRAIN,late_limit_97_to_99,270.0,,UP,0.5071456220719239,1.0,settlement,9.698202356051866
TRAIN,late_limit_97_to_99,270.0,,DOWN,0.5068477482726251,1.0,settlement,9.709790719364435
TRAIN,late_limit_97_to_99,270.0,,UP,0.5064929160711892,1.0,settlement,9.723612758829717
TRAIN,late_limit_97_to_99,270.0,,UP,0.5050945481721575,0.0,settlement,-10.02
TRAIN,late_limit_97_to_99,270.0,,UP,0.5052184733023269,1.0,settlement,9.773417161957017
TRAIN,late_limit_97_to_99,270.0,,DOWN,0.5063508939183556,1.0,settlement,9.729150480639632
TRAIN,late_limit_97_to_99,270.0,,DOWN,0.5053687117921714,1.0,settlement,9.767532877801933
TRAIN,late_limit_97_to_99,270.0,,DOWN,0.5062602760007592,1.0,settlement,9.73268547434878
TRAIN,late_limit_97_to_99,270.0,,UP,0.5059701413444204,1.0,settlement,9.744012108360504
TRAIN,late_limit_97_to_99,270.0,,UP,0.5064906810565627,1.0,settlement,9.723699882374031
TRAIN,late_limit_97_to_99,270.0,,UP,0.5065706699236865,1.0,settlement,9.720582299220904
TRAIN,late_limit_97_to_99,270.0,,UP,0.5052038304504457,1.0,settlement,9.773990855302664
TRAIN,late_limit_97_to_99,270.0,,DOWN,0.5061693294073785,1.0,settlement,9.736234562271818
TRAIN,late_limit_97_to_99,270.0,,UP,0.5060323673003039,1.0,settlement,9.74158176076812
TRAIN,late_limit_97_to_99,270.0,,UP,0.5050924649557018,1.0,settlement,9.778355140532597
TRAIN,late_limit_97_to_99,270.0,,UP,0.5059458333860191,1.0,settlement,9.744961662151585
TRAIN,late_limit_97_to_99,270.0,,UP,0.5052647455052616,0.0,settlement,-10.02
TRAIN,late_limit_97_to_99,270.0,,DOWN,0.5058540713453897,0.0,settlement,-10.02
TRAIN,late_limit_97_to_99,270.0,,DOWN,0.5053941728806034,0.0,settlement,-10.02
TRAIN,late_limit_97_to_99,270.0,,DOWN,0.5067416707519834,0.0,settlement,-10.02
TRAIN,late_limit_97_to_99,270.0,,UP,0.50943551772833,1.0,settlement,9.60956969429989
TRAIN,late_limit_97_to_99,270.0,,DOWN,0.5056336054300192,0.0,settlement,-10.02
TRAIN,late_limit_97_to_99,270.0,,DOWN,0.5074933059633965,0.0,settlement,-10.02
TRAIN,late_limit_97_to_99,270.0,,DOWN,0.5068524040143103,0.0,settlement,-10.02
TRAIN,late_limit_97_to_99,270.0,,DOWN,0.505423163709495,1.0,settlement,9.765401061965886
TRAIN,late_limit_97_to_99,270.0,,DOWN,0.5061242192862175,1.0,settlement,9.737995406943597
TRAIN,late_limit_97_to_99,270.0,,DOWN,0.5060308557797261,0.0,settlement,-10.02
TRAIN,late_limit_97_to_99,270.0,,DOWN,0.5054442116742143,1.0,settlement,9.764577148240313
TRAIN,late_limit_97_to_99,270.0,,UP,0.5075295876199135,1.0,settlement,9.683284781672576
TRAIN,late_limit_97_to_99,270.0,,UP,0.5061935099442247,1.0,settlement,9.735290819714098
TRAIN,late_limit_97_to_99,270.0,,DOWN,0.5072105468620748,1.0,settlement,9.69567835461294
TRAIN,late_limit_97_to_99,270.0,,UP,0.5050863265812119,1.0,settlement,9.778595752308728
TRAIN,late_limit_97_to_99,270.0,,DOWN,0.5055464004369038,1.0,settlement,9.760577987218959
TRAIN,late_limit_97_to_99,270.0,,UP,0.5053594801697895,0.0,settlement,-10.02
TRAIN,late_limit_97_to_99,270.0,,DOWN,0.5054924238840409,0.0,settlement,-10.02
TRAIN,late_limit_97_to_99,270.0,,DOWN,0.5057931071904687,1.0,settlement,9.75092976918378
TRAIN,late_limit_97_to_99,270.0,,DOWN,0.5057340262322295,1.0,settlement,9.753239452565666
TRAIN,late_limit_97_to_99,270.0,,DOWN,0.5051434638240709,1.0,settlement,9.77635631489187
TRAIN,late_limit_97_to_99,270.0,,DOWN,0.5061285273326953,1.0,settlement,9.737827231553506
TRAIN,late_limit_97_to_99,270.0,,UP,0.5051157727692647,1.0,settlement,9.777441574979225
TRAIN,late_limit_97_to_99,270.0,,DOWN,0.5060427195226479,1.0,settlement,9.741177493933794
TRAIN,late_limit_97_to_99,270.0,,UP,0.50639142516378,1.0,settlement,9.72756977128067
TRAIN,late_limit_97_to_99,270.0,,UP,0.5053689932068405,1.0,settlement,9.767521859116393
TRAIN,late_limit_97_to_99,270.0,,UP,0.5074979964880505,1.0,settlement,9.684511287140538
TRAIN,late_limit_97_to_99,270.0,,UP,0.5053153373981114,1.0,settlement,9.769622954035778
TRAIN,late_limit_97_to_99,270.0,,UP,0.5106628012674649,1.0,settlement,9.562393656205238
TRAIN,late_limit_97_to_99,270.0,,DOWN,0.5077824272169024,1.0,settlement,9.67347394475398
TRAIN,late_limit_97_to_99,270.0,,UP,0.5061125941413458,1.0,settlement,9.738449237892759
TRAIN,late_limit_97_to_99,270.0,,UP,0.5059921849903871,1.0,settlement,9.743151085406549
TRAIN,late_limit_97_to_99,270.0,,UP,0.5074620612106335,1.0,settlement,9.685906636928422
TRAIN,late_limit_97_to_99,270.0,,DOWN,0.5075663403110175,1.0,settlement,9.681858074103921
TRAIN,late_limit_97_to_99,270.0,,DOWN,0.5088495841658452,1.0,settlement,9.63217288404186
TRAIN,late_limit_97_to_99,270.0,,UP,0.5074551208627801,1.0,settlement,9.686176150115312
TRAIN,late_limit_97_to_99,270.0,,UP,0.505055731741425,1.0,settlement,9.779795094929703
TRAIN,late_limit_97_to_99,270.0,,DOWN,0.5053567727555537,1.0,settlement,9.768000357595096
TRAIN,late_limit_97_to_99,270.0,,DOWN,0.5065607779142437,1.0,settlement,9.720967789047641
TRAIN,late_limit_97_to_99,270.0,,UP,0.5068305599956408,1.0,settlement,9.71045982090348
TRAIN,late_limit_97_to_99,270.0,,DOWN,0.505389580893396,0.0,settlement,-10.02
TRAIN,late_limit_97_to_99,270.0,,DOWN,0.5071838851662783,1.0,settlement,9.696714770465427
TRAIN,late_limit_97_to_99,270.0,,UP,0.5054716867829839,0.0,settlement,-10.02
TRAIN,late_limit_97_to_99,270.0,,UP,0.5069015406596248,1.0,settlement,9.707696994148257
TRAIN,late_limit_97_to_99,270.0,,DOWN,0.5236754386618874,1.0,settlement,9.0757972471505
TRAIN,late_limit_97_to_99,270.0,,UP,0.5100529435712731,1.0,settlement,9.585807840225971
TRAIN,late_limit_97_to_99,270.0,,DOWN,0.5058536424042658,0.0,settlement,-10.02
TRAIN,late_limit_97_to_99,270.0,,DOWN,0.5120811877528894,1.0,settlement,9.508153424034031
TRAIN,late_limit_97_to_99,270.0,,UP,0.5086108356688438,1.0,settlement,9.641397867879864
TRAIN,late_limit_97_to_99,270.0,,DOWN,0.5086453884073209,1.0,settlement,9.640062251448246
TRAIN,late_limit_97_to_99,270.0,,UP,0.5074859291285515,1.0,settlement,9.684979834952024
TRAIN,late_limit_97_to_99,270.0,,UP,0.5100894198108998,1.0,settlement,9.584405838700196
TRAIN,late_limit_97_to_99,270.0,,DOWN,0.5069729198621181,1.0,settlement,9.70491943498621
TRAIN,late_limit_97_to_99,270.0,,DOWN,0.5055342008936861,1.0,settlement,9.761055331809295
TRAIN,late_limit_97_to_99,270.0,,UP,0.5059838261821327,1.0,settlement,9.743477570922249
TRAIN,late_limit_97_to_99,270.0,,UP,0.5075754363255819,1.0,settlement,9.681505006608607
TRAIN,late_limit_97_to_99,270.0,,DOWN,0.5086415356512755,1.0,settlement,9.640211168550731
TRAIN,late_limit_97_to_99,270.0,,DOWN,0.5055677041703276,1.0,settlement,9.759744468469773
TRAIN,late_limit_97_to_99,270.0,,DOWN,0.5080448682802913,1.0,settlement,9.663300874289991
TRAIN,late_limit_97_to_99,270.0,,UP,0.5057943655872646,1.0,settlement,9.750880579876096
TRAIN,late_limit_97_to_99,270.0,,DOWN,0.5064935431699044,1.0,settlement,9.72358831390962
TRAIN,late_limit_97_to_99,270.0,,UP,0.509091684245047,1.0,settlement,9.622827234213048
TRAIN,late_limit_97_to_99,270.0,,DOWN,0.5087107627436758,1.0,settlement,9.637535740085575
TRAIN,late_limit_97_to_99,270.0,,UP,0.5073022917453083,1.0,settlement,9.692112802795126
TRAIN,late_limit_97_to_99,270.0,,UP,0.5058555935111677,1.0,settlement,9.748487545209347
TRAIN,late_limit_97_to_99,270.0,,DOWN,0.5070602564528858,1.0,settlement,9.701521994160007
TRAIN,late_limit_97_to_99,270.0,,UP,0.5085228621816139,1.0,settlement,9.644799252287303
TRAIN,late_limit_97_to_99,270.0,,UP,0.5057166101824361,1.0,settlement,9.753920410469657
TRAIN,late_limit_97_to_99,270.0,,DOWN,0.5077418979094837,1.0,settlement,9.675045930172033
TRAIN,late_limit_97_to_99,270.0,,UP,0.5096656913465449,1.0,settlement,9.600704649708401
TRAIN,late_limit_97_to_99,270.0,,UP,0.505398880201954,1.0,settlement,9.766351714914894
TRAIN,late_limit_97_to_99,270.0,,DOWN,0.5062106283435395,1.0,settlement,9.734622759942344
TRAIN,late_limit_97_to_99,270.0,,UP,0.5060060731824075,1.0,settlement,9.742608652317799
TRAIN,late_limit_97_to_99,270.0,,UP,0.5080814283363212,1.0,settlement,9.661884521432587
TRAIN,late_limit_97_to_99,270.0,,UP,0.507345003554687,1.0,settlement,9.690453300881071
TRAIN,late_limit_97_to_99,270.0,,DOWN,0.5051733395867143,1.0,settlement,9.775185565772468
TRAIN,late_limit_97_to_99,270.0,,UP,0.5050873007425519,1.0,settlement,9.778557566778144
TRAIN,late_limit_97_to_99,270.0,,UP,0.506849290337609,1.0,settlement,9.709730692409703
TRAIN,late_limit_97_to_99,270.0,,UP,0.5082258659391046,1.0,settlement,9.656290937144462
TRAIN,late_limit_97_to_99,270.0,,DOWN,0.5063844783662549,1.0,settlement,9.727840676836973
TRAIN,late_limit_97_to_99,270.0,,UP,0.5050602656442953,1.0,settlement,9.779617353076073
TRAIN,late_limit_97_to_99,270.0,,DOWN,0.5066298593361275,1.0,settlement,9.718276012992405
TRAIN,late_limit_97_to_99,270.0,,UP,0.5063630701987556,1.0,settlement,9.728675581880093
TRAIN,late_limit_97_to_99,270.0,,DOWN,0.5063565964087274,1.0,settlement,9.728928069514218
TRAIN,late_limit_97_to_99,270.0,,DOWN,0.5064571206315448,1.0,settlement,9.725008200358882
TRAIN,late_limit_97_to_99,270.0,,UP,0.5074156042212735,1.0,settlement,9.687710832714568
TRAIN,late_limit_97_to_99,270.0,,UP,0.5061861035355893,1.0,settlement,9.735579874975592
TRAIN,late_limit_97_to_99,270.0,,DOWN,0.5051347759538694,1.0,settlement,9.776696794665419
TRAIN,late_limit_97_to_99,270.0,,UP,0.5058123620209979,1.0,settlement,9.750177146411595
TRAIN,late_limit_97_to_99,270.0,,DOWN,0.5050771340357271,1.0,settlement,9.778956092303797
TRAIN,late_limit_97_to_99,270.0,,UP,0.5053546471516955,0.0,settlement,-10.02
TRAIN,late_limit_97_to_99,270.0,,UP,0.5073112518591456,1.0,settlement,9.691764648138513
TRAIN,late_limit_97_to_99,270.0,,DOWN,0.5059331228232178,1.0,settlement,9.745458217477058
TRAIN,late_limit_97_to_99,270.0,,DOWN,0.5058892045709881,1.0,settlement,9.74717413545196
TRAIN,late_limit_97_to_99,270.0,,DOWN,0.5078514863440428,1.0,settlement,9.67079596869689
TRAIN,late_limit_97_to_99,270.0,,UP,0.5065570976432086,1.0,settlement,9.721111212389843
TRAIN,late_limit_97_to_99,270.0,,UP,0.5063613681137017,1.0,settlement,9.728741965154292
TRAIN,late_limit_97_to_99,270.0,,UP,0.5072682913926062,1.0,settlement,9.693434034181301
TRAIN,late_limit_97_to_99,270.0,,DOWN,0.505344245741335,1.0,settlement,9.768490883734316
TRAIN,late_limit_97_to_99,270.0,,DOWN,0.5092160871436057,1.0,settlement,9.618028437188528
TRAIN,late_limit_97_to_99,270.0,,UP,0.5052159947167288,0.0,settlement,-10.02
TRAIN,late_limit_97_to_99,270.0,,UP,0.5053879736925411,1.0,settlement,9.766778713661324
TRAIN,late_limit_97_to_99,270.0,,DOWN,0.5052997790618027,0.0,settlement,-10.02
TRAIN,late_limit_97_to_99,270.0,,DOWN,0.5053047498336692,0.0,settlement,-10.02
TRAIN,late_limit_97_to_99,270.0,,DOWN,0.5070182760757455,0.0,settlement,-10.02
TRAIN,late_limit_97_to_99,270.0,,DOWN,0.5072258510470958,1.0,settlement,9.695083486688265
TRAIN,late_limit_97_to_99,270.0,,DOWN,0.5050964967683942,0.0,settlement,-10.02
TRAIN,late_limit_97_to_99,270.0,,UP,0.5072322929844328,1.0,settlement,9.69483310173807
TRAIN,late_limit_97_to_99,270.0,,DOWN,0.5085893832892981,1.0,settlement,9.642227188709825
TRAIN,late_limit_97_to_99,270.0,,UP,0.5060371679058964,1.0,settlement,9.741394289242443
TRAIN,late_limit_97_to_99,270.0,,UP,0.5052806073701862,0.0,settlement,-10.02
TRAIN,late_limit_97_to_99,270.0,,DOWN,0.5077000773570112,1.0,settlement,9.676668261423309
TRAIN,late_limit_97_to_99,270.0,,UP,0.5054506715082547,1.0,settlement,9.764324294515625
TRAIN,late_limit_97_to_99,270.0,,DOWN,0.5056942354490142,1.0,settlement,9.754795318995157
TRAIN,late_limit_97_to_99,270.0,,UP,0.5051434047614892,1.0,settlement,9.776358629529462
TRAIN,late_limit_97_to_99,270.0,,UP,0.5055274955458489,0.0,settlement,-10.02
TRAIN,late_limit_97_to_99,270.0,,UP,0.505157002634216,1.0,settlement,9.775825748932547
TRAIN,late_limit_97_to_99,270.0,,DOWN,0.5063768714039304,1.0,settlement,9.728137335488864
TRAIN,late_limit_97_to_99,270.0,,UP,0.5053568130600709,1.0,settlement,9.767998779411563
TRAIN,late_limit_97_to_99,270.0,,DOWN,0.5050515644437755,0.0,settlement,-10.02
TRAIN,late_limit_97_to_99,270.0,,DOWN,0.5052234222004188,1.0,settlement,9.77322327624206
TRAIN,late_limit_97_to_99,270.0,,UP,0.5070088363201101,1.0,settlement,9.7035221235598
TRAIN,late_limit_97_to_99,270.0,,UP,0.506566232163444,1.0,settlement,9.7207552360764
TRAIN,late_limit_97_to_99,270.0,,DOWN,0.5059729142671844,0.0,settlement,-10.02
TRAIN,late_limit_97_to_99,270.0,,DOWN,0.5068207581306693,1.0,settlement,9.710841406108678
TRAIN,late_limit_97_to_99,270.0,,DOWN,0.5068904935114081,1.0,settlement,9.708126938673665
TRAIN,late_limit_97_to_99,270.0,,DOWN,0.5068544063070316,1.0,settlement,9.709531549031084
TRAIN,late_limit_97_to_99,270.0,,DOWN,0.5055008608613455,1.0,settlement,9.762359980476699
TRAIN,late_limit_97_to_99,270.0,,DOWN,0.5054381246171239,1.0,settlement,9.76481541647681
TRAIN,late_limit_97_to_99,270.0,,DOWN,0.5060455990819953,1.0,settlement,9.741065046590169
TRAIN,late_limit_97_to_99,270.0,,UP,0.5051540883631113,1.0,settlement,9.775939952507859
TRAIN,late_limit_97_to_99,270.0,,UP,0.5053039837151648,1.0,settlement,9.770067607376923
TRAIN,late_limit_97_to_99,270.0,,UP,0.5053203058745815,1.0,settlement,9.769428375914028
TRAIN,late_limit_97_to_99,270.0,,UP,0.5059873460554848,1.0,settlement,9.743340087369369
TRAIN,late_limit_97_to_99,270.0,,DOWN,0.5065619554464967,1.0,settlement,9.720921900038352
TRAIN,late_limit_97_to_99,270.0,,DOWN,0.5078481689578508,1.0,settlement,9.670924593704616
TRAIN,late_limit_97_to_99,270.0,,UP,0.5061145698342258,1.0,settlement,9.738372107871601
TRAIN,late_limit_97_to_99,270.0,,UP,0.5072809523412897,1.0,settlement,9.69294201733042
TRAIN,late_limit_97_to_99,270.0,,UP,0.5055975410491547,1.0,settlement,9.758577204408894
TRAIN,late_limit_97_to_99,270.0,,UP,0.5054250092998155,1.0,settlement,9.765328814364334
TRAIN,late_limit_97_to_99,270.0,,UP,0.5070449817993141,1.0,settlement,9.702116102034417
TRAIN,late_limit_97_to_99,270.0,,UP,0.5053000782511095,1.0,settlement,9.770220564799693
TRAIN,late_limit_97_to_99,270.0,,UP,0.5053097860794088,1.0,settlement,9.769840362261483
TRAIN,late_limit_97_to_99,270.0,,UP,0.50633280076601,1.0,settlement,9.729856191167972
TRAIN,late_limit_97_to_99,270.0,,UP,0.5055821020861238,1.0,settlement,9.759181182914073
TRAIN,late_limit_97_to_99,270.0,,DOWN,0.5062308323444943,1.0,settlement,9.733834340131455
TRAIN,late_limit_97_to_99,270.0,,UP,0.5054153414347091,0.0,settlement,-10.02
TRAIN,late_limit_97_to_99,270.0,,UP,0.5055977419360707,1.0,settlement,9.758569345874236
TRAIN,late_limit_97_to_99,270.0,,DOWN,0.5061385421673957,0.0,settlement,-10.02
TRAIN,late_limit_97_to_99,270.0,,UP,0.505762221773483,0.0,settlement,-10.02
TRAIN,late_limit_97_to_99,270.0,,DOWN,0.5053572929846154,1.0,settlement,9.767979987268987
TRAIN,late_limit_97_to_99,270.0,,UP,0.5052379778429579,0.0,settlement,-10.02
TRAIN,late_limit_97_to_99,270.0,,DOWN,0.5061123266656723,1.0,settlement,9.738459680050038
TRAIN,late_limit_97_to_99,270.0,,DOWN,0.5073923744521418,1.0,settlement,9.688613104005604
TRAIN,late_limit_97_to_99,270.0,,DOWN,0.5056597359612666,1.0,settlement,9.756144487735124
TRAIN,late_limit_97_to_99,270.0,,DOWN,0.5060519210533104,1.0,settlement,9.740818176889288
TRAIN,late_limit_97_to_99,270.0,,DOWN,0.50926311011753,1.0,settlement,9.616215153483541
TRAIN,late_limit_97_to_99,270.0,,DOWN,0.5052682235402669,1.0,settlement,9.771468242219786
TRAIN,late_limit_97_to_99,270.0,,DOWN,0.5053571861975926,1.0,settlement,9.767984168666874
TRAIN,late_limit_97_to_99,270.0,,UP,0.5081518142470898,1.0,settlement,9.659158313774082
TRAIN,late_limit_97_to_99,270.0,,DOWN,0.505908270127243,1.0,settlement,9.746429193744667
TRAIN,late_limit_97_to_99,270.0,,UP,0.5054853529625519,1.0,settlement,9.762966887946273
TRAIN,late_limit_97_to_99,270.0,,UP,0.5051838742885939,1.0,settlement,9.774772772749571
TRAIN,late_limit_97_to_99,270.0,,UP,0.5060287262931411,1.0,settlement,9.741723950444321
TRAIN,late_limit_97_to_99,270.0,,UP,0.5059537888258622,1.0,settlement,9.744650884829667
TRAIN,late_limit_97_to_99,270.0,,DOWN,0.5081731520832672,1.0,settlement,9.658331999643778
TRAIN,late_limit_97_to_99,270.0,,UP,0.5050775778818245,0.0,settlement,-10.02
TRAIN,late_limit_97_to_99,270.0,,UP,0.5052155100405963,0.0,settlement,-10.02
TRAIN,late_limit_97_to_99,270.0,,UP,0.5067363769241,1.0,settlement,9.714126964991543
TRAIN,late_limit_97_to_99,270.0,,UP,0.5052852759386501,1.0,settlement,9.770800318539585
TRAIN,late_limit_97_to_99,270.0,,DOWN,0.5055167942644784,1.0,settlement,9.761736459517422
TRAIN,late_limit_97_to_99,270.0,,DOWN,0.5060573569013336,1.0,settlement,9.740605914775205
TRAIN,late_limit_97_to_99,270.0,,DOWN,0.5071422433214132,1.0,settlement,9.69833372528241
TRAIN,late_limit_97_to_99,270.0,,UP,0.5060998584626694,1.0,settlement,9.738946446608448
TRAIN,late_limit_97_to_99,270.0,,UP,0.505253343704368,1.0,settlement,9.772051105853073
TRAIN,late_limit_97_to_99,270.0,,UP,0.506366854153899,1.0,settlement,9.728528004877507
TRAIN,late_limit_97_to_99,270.0,,UP,0.5094505539791245,1.0,settlement,9.608990334574774
TRAIN,late_limit_97_to_99,270.0,,DOWN,0.5081323979406299,1.0,settlement,9.65991027639296
TRAIN,late_limit_97_to_99,270.0,,UP,0.5055313566981472,1.0,settlement,9.761166623005348
TRAIN,late_limit_97_to_99,270.0,,UP,0.5055885875960999,1.0,settlement,9.7589274626363
TRAIN,late_limit_97_to_99,270.0,,UP,0.506378340428195,1.0,settlement,9.728080045335219
TRAIN,late_limit_97_to_99,270.0,,UP,0.5054163855394764,1.0,settlement,9.765666405188071
TRAIN,late_limit_97_to_99,270.0,,DOWN,0.5053982067328627,1.0,settlement,9.766378081245705
TRAIN,late_limit_97_to_99,270.0,,DOWN,0.5054627112846984,1.0,settlement,9.763853045427851
TRAIN,late_limit_97_to_99,270.0,,DOWN,0.5054372636779801,1.0,settlement,9.764849117043166
TRAIN,late_limit_97_to_99,270.0,,DOWN,0.5051378520121108,1.0,settlement,9.776576241845856
TRAIN,late_limit_97_to_99,270.0,,UP,0.5056823393597294,1.0,settlement,9.755260517623611
TRAIN,late_limit_97_to_99,270.0,,DOWN,0.505061778726018,1.0,settlement,9.779558036690641
TRAIN,late_limit_97_to_99,270.0,,UP,0.5062743855055393,1.0,settlement,9.732134981141737
TRAIN,late_limit_97_to_99,270.0,,UP,0.5053025546737172,1.0,settlement,9.770123575482767
TRAIN,late_limit_97_to_99,270.0,,DOWN,0.5061409669761164,1.0,settlement,9.737341634967628
TRAIN,late_limit_97_to_99,270.0,,DOWN,0.505966237977448,1.0,settlement,9.744164581364263
TRAIN,late_limit_97_to_99,270.0,,UP,0.5061276040871133,1.0,settlement,9.737863272517394
TRAIN,late_limit_97_to_99,270.0,,DOWN,0.505120333286466,1.0,settlement,9.777262832277941
TRAIN,late_limit_97_to_99,270.0,,UP,0.5076678622441636,1.0,settlement,9.677918154193666
TRAIN,late_limit_97_to_99,270.0,,DOWN,0.5071973942894014,1.0,settlement,9.69618961885697
TRAIN,late_limit_97_to_99,270.0,,DOWN,0.5050802177424395,1.0,settlement,9.778835212151186
TRAIN,late_limit_97_to_99,270.0,,DOWN,0.5065577181453124,1.0,settlement,9.721087030740645
TRAIN,late_limit_97_to_99,270.0,,UP,0.5053002574600713,1.0,settlement,9.770213546032473
TRAIN,late_limit_97_to_99,270.0,,UP,0.5076448595180744,1.0,settlement,9.678810718763827
TRAIN,late_limit_97_to_99,270.0,,UP,0.5060093390140059,1.0,settlement,9.742481102593263
TRAIN,late_limit_97_to_99,270.0,,UP,0.5051359117200539,1.0,settlement,9.776652283043372
TRAIN,late_limit_97_to_99,270.0,,DOWN,0.5055486369284771,1.0,settlement,9.760490480117266
TRAIN,late_limit_97_to_99,270.0,,UP,0.5050154294856896,1.0,settlement,9.781375197949998
TRAIN,late_limit_97_to_99,270.0,,UP,0.5051830681341763,1.0,settlement,9.774804360592714
TRAIN,late_limit_97_to_99,270.0,,DOWN,0.5053053274138083,1.0,settlement,9.770014981992716
TRAIN,late_limit_97_to_99,270.0,,UP,0.5059516342053227,1.0,settlement,9.744735053591803
TRAIN,late_limit_97_to_99,270.0,,UP,0.5077898842823186,1.0,settlement,9.673184739458588
TRAIN,late_limit_97_to_99,270.0,,DOWN,0.505128645584016,1.0,settlement,9.776937052418145
TRAIN,late_limit_97_to_99,270.0,,UP,0.505804111794463,1.0,settlement,9.75049961994688
TRAIN,late_limit_97_to_99,270.0,,DOWN,0.5057110292394708,1.0,settlement,9.754138632172626
TRAIN,late_limit_97_to_99,270.0,,DOWN,0.5063880717813855,1.0,settlement,9.727700542830192
TRAIN,late_limit_97_to_99,270.0,,UP,0.5093256711989512,1.0,settlement,9.61380321368846
TRAIN,late_limit_97_to_99,270.0,,DOWN,0.506226088246939,1.0,settlement,9.734019463180967
TRAIN,late_limit_97_to_99,270.0,,DOWN,0.5058019007839684,1.0,settlement,9.750586042678936
TRAIN,late_limit_97_to_99,270.0,,DOWN,0.505628496422082,1.0,settlement,9.757366328760732
TRAIN,late_limit_97_to_99,270.0,,DOWN,0.5061159584139442,1.0,settlement,9.738317898802865
TRAIN,late_limit_97_to_99,270.0,,UP,0.5061651868194289,1.0,settlement,9.73639625244996
TRAIN,late_limit_97_to_99,270.0,,DOWN,0.5071971540664447,1.0,settlement,9.696198957003539
TRAIN,late_limit_97_to_99,270.0,,UP,0.5061679397786122,1.0,settlement,9.736288800854915
TRAIN,late_limit_97_to_99,270.0,,UP,0.5062086210373987,1.0,settlement,9.734701094395625
TRAIN,late_limit_97_to_99,270.0,,UP,0.5138423622928431,1.0,settlement,9.441221444215834
TRAIN,late_limit_97_to_99,270.0,,DOWN,0.508235145530852,1.0,settlement,9.655931678347415
TRAIN,late_limit_97_to_99,270.0,,UP,0.5072450278216049,1.0,settlement,9.69433814333404
TRAIN,late_limit_97_to_99,270.0,,DOWN,0.5074175160699361,1.0,settlement,9.68763657796497
TRAIN,late_limit_97_to_99,270.0,,UP,0.5080210698089557,1.0,settlement,9.66422294721075
TRAIN,late_limit_97_to_99,270.0,,DOWN,0.5061860043223446,1.0,settlement,9.735583747099998
TRAIN,late_limit_97_to_99,270.0,,UP,0.5054178516882051,1.0,settlement,9.765609009649808
TRAIN,late_limit_97_to_99,270.0,,UP,0.505674177239584,0.0,settlement,-10.02
TRAIN,late_limit_97_to_99,270.0,,DOWN,0.5071271569316308,1.0,settlement,9.698920320704037
TRAIN,late_limit_97_to_99,270.0,,DOWN,0.5116443536440411,1.0,settlement,9.524826262183584
TRAIN,late_limit_97_to_99,270.0,,UP,0.5096614352888266,1.0,settlement,9.600868497403521
TRAIN,late_limit_97_to_99,270.0,,UP,0.5156592768894469,1.0,settlement,9.372650240526784
TRAIN,late_limit_97_to_99,270.0,,DOWN,0.5102025905438902,1.0,settlement,9.580057281833323
TRAIN,late_limit_97_to_99,270.0,,UP,0.5087009649021222,1.0,settlement,9.637914354308474
TRAIN,late_limit_97_to_99,270.0,,DOWN,0.5092885726035056,1.0,settlement,9.61523341762718
TRAIN,late_limit_97_to_99,270.0,,DOWN,0.5067253768352612,1.0,settlement,9.714555357094437
TRAIN,late_limit_97_to_99,270.0,,UP,0.5092365758346511,1.0,settlement,9.617238318181993
TRAIN,late_limit_97_to_99,270.0,,DOWN,0.5103490158267426,1.0,settlement,9.574433789199038
TRAIN,late_limit_97_to_99,270.0,,UP,0.5069342239075019,1.0,settlement,9.706425102884072
TRAIN,late_limit_97_to_99,270.0,,DOWN,0.5053214145991733,0.0,settlement,-10.02
TRAIN,late_limit_97_to_99,270.0,,UP,0.5086024706712223,1.0,settlement,9.641721239384886
TRAIN,late_limit_97_to_99,270.0,,UP,0.505422066550941,1.0,settlement,9.765444011657749
TRAIN,late_limit_97_to_99,270.0,,UP,0.5078817816706305,1.0,settlement,9.669621405804158
TRAIN,late_limit_97_to_99,270.0,,DOWN,0.5051875194014258,1.0,settlement,9.774629946219882
TRAIN,late_limit_97_to_99,270.0,,UP,0.5057621947555593,1.0,settlement,9.752138178167144
TRAIN,late_limit_97_to_99,270.0,,UP,0.514904314080976,1.0,settlement,9.401084124821214
TRAIN,late_limit_97_to_99,270.0,,DOWN,0.51233547878745,1.0,settlement,9.498460879709345
TRAIN,late_limit_97_to_99,270.0,,DOWN,0.5072357788017241,1.0,settlement,9.694697617789597
TRAIN,late_limit_97_to_99,270.0,,DOWN,0.5065109136335287,1.0,settlement,9.722911220339885
TRAIN,late_limit_97_to_99,270.0,,DOWN,0.5059151595659831,1.0,settlement,9.746160018962168
TRAIN,late_limit_97_to_99,270.0,,UP,0.5059991825525164,1.0,settlement,9.742877776906536
TRAIN,late_limit_97_to_99,270.0,,UP,0.5067841884631089,1.0,settlement,9.712265188316831
TRAIN,late_limit_97_to_99,270.0,,DOWN,0.512235448505384,1.0,settlement,9.502272480708431
TRAIN,late_limit_97_to_99,270.0,,UP,0.5053686748040456,1.0,settlement,9.767534326059
TRAIN,late_limit_97_to_99,270.0,,UP,0.5077653835959361,1.0,settlement,9.674134974663197
TRAIN,late_limit_97_to_99,270.0,,DOWN,0.5058621467164122,1.0,settlement,9.748231453787806
TRAIN,late_limit_97_to_99,270.0,,DOWN,0.5065806995168233,1.0,settlement,9.720191463152862
TRAIN,late_limit_97_to_99,270.0,,UP,0.5087739729150074,1.0,settlement,9.63509348425443
TRAIN,late_limit_97_to_99,270.0,,DOWN,0.5063155172258065,1.0,settlement,9.730530370453177
TRAIN,late_limit_97_to_99,270.0,,UP,0.5090237357796048,1.0,settlement,9.625449312268934
TRAIN,late_limit_97_to_99,270.0,,UP,0.5068739229291738,1.0,settlement,9.70877188514848
TRAIN,late_limit_97_to_99,270.0,,UP,0.5079388741383941,1.0,settlement,9.66740828699671
TRAIN,late_limit_97_to_99,270.0,,UP,0.5071394154750536,1.0,settlement,9.698443676149058
TRAIN,late_limit_97_to_99,270.0,,UP,0.5051537099956394,1.0,settlement,9.775954779954645
TRAIN,late_limit_97_to_99,270.0,,DOWN,0.5061880732354911,1.0,settlement,9.73550300124862
TRAIN,late_limit_97_to_99,270.0,,UP,0.5054715292285514,1.0,settlement,9.763507916384448
TRAIN,late_limit_97_to_99,270.0,,UP,0.5054501994495283,1.0,settlement,9.764342771831373
TRAIN,late_limit_97_to_99,270.0,,UP,0.5059673054182706,1.0,settlement,9.744122884843812
TRAIN,late_limit_97_to_99,270.0,,DOWN,0.509760878821386,1.0,settlement,9.597040882228779
TRAIN,late_limit_97_to_99,270.0,,UP,0.5082408180101275,1.0,settlement,9.655712075138233
TRAIN,late_limit_97_to_99,270.0,,UP,0.5058097006508834,1.0,settlement,9.75028116924577
TRAIN,late_limit_97_to_99,270.0,,DOWN,0.5064219515987123,0.0,settlement,-10.02
TRAIN,late_limit_97_to_99,270.0,,UP,0.5074139366361392,1.0,settlement,9.687775600911188
TRAIN,late_limit_97_to_99,270.0,,UP,0.506087435456538,1.0,settlement,9.739431472506464
TRAIN,late_limit_97_to_99,270.0,,DOWN,0.507456973866678,1.0,settlement,9.686104192051676
TRAIN,late_limit_97_to_99,270.0,,UP,0.509234373087434,1.0,settlement,9.617323261136242
TRAIN,late_limit_97_to_99,270.0,,UP,0.5065353788766228,1.0,settlement,9.721957653930641
TRAIN,late_limit_97_to_99,270.0,,DOWN,0.5060912897166301,1.0,settlement,9.739280989797681
TRAIN,late_limit_97_to_99,270.0,,DOWN,0.5050223520188398,0.0,settlement,-10.02
TRAIN,late_limit_97_to_99,270.0,,DOWN,0.5054632720799085,1.0,settlement,9.763831095880501
TRAIN,late_limit_97_to_99,270.0,,DOWN,0.5116872962315019,1.0,settlement,9.523185992008127
TRAIN,late_limit_97_to_99,270.0,,DOWN,0.5054324334496144,1.0,settlement,9.7650381934322
TRAIN,late_limit_97_to_99,270.0,,DOWN,0.505402498674247,0.0,settlement,-10.02
TRAIN,late_limit_97_to_99,270.0,,UP,0.5059627864852804,1.0,settlement,9.744299405230908
TRAIN,late_limit_97_to_99,270.0,,UP,0.5052712084950108,1.0,settlement,9.771351321571974
TRAIN,late_limit_97_to_99,270.0,,UP,0.5051939673417927,1.0,settlement,9.774377301489878
TRAIN,late_limit_97_to_99,270.0,,DOWN,0.5073886870698179,1.0,settlement,9.688756333828106
TRAIN,late_limit_97_to_99,270.0,,UP,0.5070299553331273,1.0,settlement,9.702700591585028
TRAIN,late_limit_97_to_99,270.0,,UP,0.5088172377300414,1.0,settlement,9.633422208360031
TRAIN,late_limit_97_to_99,270.0,,DOWN,0.5058972094895998,1.0,settlement,9.74686135527217
TRAIN,late_limit_97_to_99,270.0,,UP,0.5081136320722629,1.0,settlement,9.660637103193917
TRAIN,late_limit_97_to_99,270.0,,UP,0.5053641904817624,0.0,settlement,-10.02
TRAIN,late_limit_97_to_99,270.0,,UP,0.5063412346919932,1.0,settlement,9.729527225612959
TRAIN,late_limit_97_to_99,270.0,,UP,0.5058972674774177,1.0,settlement,9.746859089521337
TRAIN,late_limit_97_to_99,270.0,,DOWN,0.5067763176447538,1.0,settlement,9.712571653061975
TRAIN,late_limit_97_to_99,270.0,,DOWN,0.5060600368079783,1.0,settlement,9.740501269920362
TRAIN,late_limit_97_to_99,270.0,,UP,0.5059941428259854,1.0,settlement,9.743074616140493
TRAIN,late_limit_97_to_99,270.0,,UP,0.5112246225410336,1.0,settlement,9.540873164315059
TRAIN,late_limit_97_to_99,270.0,,UP,0.5116330488335348,1.0,settlement,9.525258115750859
TRAIN,late_limit_97_to_99,270.0,,UP,0.5076774466596226,1.0,settlement,9.67754627824663
TRAIN,late_limit_97_to_99,270.0,,UP,0.5126742994145043,1.0,settlement,9.485561350394242
TRAIN,late_limit_97_to_99,270.0,,DOWN,0.5062487526570673,0.0,settlement,-10.02
TRAIN,late_limit_97_to_99,270.0,,DOWN,0.5090416419984064,1.0,settlement,9.62475825738301
TRAIN,late_limit_97_to_99,270.0,,UP,0.5119483091882024,1.0,settlement,9.513222047079367
TRAIN,late_limit_97_to_99,270.0,,UP,0.5097159232953608,1.0,settlement,9.598771050645372
TRAIN,late_limit_97_to_99,270.0,,DOWN,0.507828444737164,1.0,settlement,9.671689395570752
TRAIN,late_limit_97_to_99,270.0,,DOWN,0.5056751427846121,1.0,settlement,9.755541951563579
TRAIN,late_limit_97_to_99,270.0,,UP,0.5058597437208466,0.0,settlement,-10.02
TRAIN,late_limit_97_to_99,270.0,,DOWN,0.5090061224972448,1.0,settlement,9.626129109290094
TRAIN,late_limit_97_to_99,270.0,,DOWN,0.5050348231548208,1.0,settlement,9.780614812128416
TRAIN,late_limit_97_to_99,270.0,,DOWN,0.5058247421328497,1.0,settlement,9.749693269321341
TRAIN,late_limit_97_to_99,270.0,,UP,0.5072439651806832,1.0,settlement,9.69437944350495
TRAIN,late_limit_97_to_99,270.0,,UP,0.5070191636976839,1.0,settlement,9.703120378863268
TRAIN,late_limit_97_to_99,270.0,,DOWN,0.5065834078278552,1.0,settlement,9.720085927563886
TRAIN,late_limit_97_to_99,270.0,,UP,0.5065397552281029,1.0,settlement,9.72178708934078
TRAIN,late_limit_97_to_99,270.0,,DOWN,0.5055637799979219,1.0,settlement,9.759897998312113
TRAIN,late_limit_97_to_99,270.0,,DOWN,0.5079530275900339,1.0,settlement,9.666859722924901
TRAIN,late_limit_97_to_99,270.0,,UP,0.506855442038636,1.0,settlement,9.70949123280348
TRAIN,late_limit_97_to_99,270.0,,DOWN,0.5059361144651685,1.0,settlement,9.74534134269329
TRAIN,late_limit_97_to_99,270.0,,UP,0.5085025307232292,1.0,settlement,9.645585510021505
TRAIN,late_limit_97_to_99,270.0,,UP,0.5064327243742454,1.0,settlement,9.72595937171344
TRAIN,late_limit_97_to_99,270.0,,DOWN,0.5067034701812031,1.0,settlement,9.715408554482334
TRAIN,late_limit_97_to_99,270.0,,DOWN,0.5052282383057524,0.0,settlement,-10.02
TRAIN,late_limit_97_to_99,270.0,,DOWN,0.5061217744035662,1.0,settlement,9.738090850338128
TRAIN,late_limit_97_to_99,270.0,,UP,0.5074195766911348,1.0,settlement,9.68755654562965
TRAIN,late_limit_97_to_99,270.0,,UP,0.5071164631236129,1.0,settlement,9.699336143031971
TRAIN,late_limit_97_to_99,270.0,,DOWN,0.505926500154989,1.0,settlement,9.745716950854586
TRAIN,late_limit_97_to_99,270.0,,UP,0.5053460746135615,0.0,settlement,-10.02
TRAIN,late_limit_97_to_99,270.0,,DOWN,0.5060853861749816,1.0,settlement,9.739511483981975
TRAIN,late_limit_97_to_99,270.0,,DOWN,0.50649778105795,1.0,settlement,9.723423118483257
TRAIN,late_limit_97_to_99,270.0,,UP,0.5082355870166502,1.0,settlement,9.655914586580089
TRAIN,late_limit_97_to_99,270.0,,UP,0.5067738208115141,1.0,settlement,9.712668873831447
TRAIN,late_limit_97_to_99,270.0,,UP,0.5146121417099934,1.0,settlement,9.41211049543297
TRAIN,late_limit_97_to_99,270.0,,UP,0.5179791923664675,1.0,settlement,9.28579480290215
TRAIN,late_limit_97_to_99,270.0,,UP,0.5089560638694949,1.0,settlement,9.628061414126648
TRAIN,late_limit_97_to_99,270.0,,DOWN,0.5079187499492728,1.0,settlement,9.66818831948757
TRAIN,late_limit_97_to_99,270.0,,UP,0.507409095070067,1.0,settlement,9.687963647398007
TRAIN,late_limit_97_to_99,270.0,,DOWN,0.5103013983579494,1.0,settlement,9.576262193633124
TRAIN,late_limit_97_to_99,270.0,,UP,0.5066256361973365,1.0,settlement,9.71844054765694
TRAIN,late_limit_97_to_99,270.0,,UP,0.510126115538197,1.0,settlement,9.582995603253377
TRAIN,late_limit_97_to_99,270.0,,UP,0.5126651135290164,1.0,settlement,9.485910849215621
TRAIN,late_limit_97_to_99,270.0,,DOWN,0.5052312766882405,1.0,settlement,9.77291556443096
TRAIN,late_limit_97_to_99,270.0,,DOWN,0.5057622691181685,0.0,settlement,-10.02
TRAIN,late_limit_97_to_99,270.0,,UP,0.5076608300679861,1.0,settlement,9.67819101202036
TRAIN,late_limit_97_to_99,270.0,,DOWN,0.5066663782811726,1.0,settlement,9.716853339122768
TRAIN,late_limit_97_to_99,270.0,,DOWN,0.5066618231906509,1.0,settlement,9.717030781253708
TRAIN,late_limit_97_to_99,270.0,,UP,0.5080321424955963,1.0,settlement,9.66379392468594
TRAIN,late_limit_97_to_99,270.0,,UP,0.508419364888585,1.0,settlement,9.648802352151556
TRAIN,late_limit_97_to_99,270.0,,DOWN,0.5060364950243362,0.0,settlement,-10.02
TRAIN,late_limit_97_to_99,270.0,,DOWN,0.5064267333605185,1.0,settlement,9.72619296584632
TRAIN,late_limit_97_to_99,270.0,,DOWN,0.5090577829996564,1.0,settlement,9.62413536921947
TRAIN,late_limit_97_to_99,270.0,,DOWN,0.5066488875469748,1.0,settlement,9.717534702615595
TRAIN,late_limit_97_to_99,270.0,,UP,0.5069785220086177,1.0,settlement,9.70470147331018
TRAIN,late_limit_97_to_99,270.0,,DOWN,0.5078566583172609,1.0,settlement,9.670595439142485
TRAIN,late_limit_97_to_99,270.0,,UP,0.5065906626679924,1.0,settlement,9.71980323153679
TRAIN,late_limit_97_to_99,270.0,,DOWN,0.5082839540415246,1.0,settlement,9.654042275950037
TRAIN,late_limit_97_to_99,270.0,,DOWN,0.5058488131335944,0.0,settlement,-10.02
TRAIN,late_limit_97_to_99,270.0,,UP,0.5062373618057942,1.0,settlement,9.733579554715405
TRAIN,late_limit_97_to_99,270.0,,DOWN,0.5077177492241881,1.0,settlement,9.675982689753074
TRAIN,late_limit_97_to_99,270.0,,DOWN,0.5063788684132962,1.0,settlement,9.728059454641784
TRAIN,late_limit_97_to_99,270.0,,DOWN,0.5064929743009695,1.0,settlement,9.723610488973488
TRAIN,late_limit_97_to_99,270.0,,UP,0.510736834207822,1.0,settlement,9.559555125508997
TRAIN,late_limit_97_to_99,270.0,,UP,0.5056483132306653,1.0,settlement,9.75659123612705
TRAIN,late_limit_97_to_99,270.0,,DOWN,0.5087226428098279,1.0,settlement,9.637076682820716
TRAIN,late_limit_97_to_99,270.0,,DOWN,0.509053502033484,1.0,settlement,9.624300569691847
TRAIN,late_limit_97_to_99,270.0,,UP,0.5052055718275588,1.0,settlement,9.773922628021388
TRAIN,late_limit_97_to_99,270.0,,DOWN,0.5055203030874397,0.0,settlement,-10.02
TRAIN,late_limit_97_to_99,270.0,,UP,0.5069540505515758,1.0,settlement,9.70565361519413
TRAIN,late_limit_97_to_99,270.0,,DOWN,0.5056345351637149,0.0,settlement,-10.02
TRAIN,late_limit_97_to_99,270.0,,DOWN,0.5058845269556907,0.0,settlement,-10.02
TRAIN,late_limit_97_to_99,270.0,,UP,0.5066882754769878,0.0,settlement,-10.02
TRAIN,late_limit_97_to_99,270.0,,DOWN,0.5054706637569041,1.0,settlement,9.763541789893662
TRAIN,late_limit_97_to_99,270.0,,DOWN,0.5066057779535483,1.0,settlement,9.719214267147422
TRAIN,late_limit_97_to_99,270.0,,UP,0.5059261919909238,1.0,settlement,9.745728990325524
TRAIN,late_limit_97_to_99,270.0,,UP,0.5064963866047991,1.0,settlement,9.723477474801097
TRAIN,late_limit_97_to_99,270.0,,UP,0.5062774892621488,1.0,settlement,9.732013889801912
TRAIN,late_limit_97_to_99,270.0,,UP,0.5069292016450788,1.0,settlement,9.706620537045715
TRAIN,late_limit_97_to_99,270.0,,DOWN,0.5056540180453047,1.0,settlement,9.756368115607533
TRAIN,late_limit_97_to_99,270.0,,UP,0.5052764252841998,0.0,settlement,-10.02
TRAIN,late_limit_97_to_99,270.0,,UP,0.507517658699851,1.0,settlement,9.68374789641371
TRAIN,late_limit_97_to_99,270.0,,UP,0.5052030366980134,1.0,settlement,9.774021954736448
TRAIN,late_limit_97_to_99,270.0,,UP,0.5057645496953121,1.0,settlement,9.752046115182058
TRAIN,late_limit_97_to_99,270.0,,DOWN,0.5062058990901075,1.0,settlement,9.734807318474065
TRAIN,late_limit_97_to_99,270.0,,DOWN,0.5067531340200253,1.0,settlement,9.713474405320266
TRAIN,late_limit_97_to_99,270.0,,DOWN,0.5075157278468111,1.0,settlement,9.683822859689595
TRAIN,late_limit_97_to_99,270.0,,UP,0.5073818759506743,1.0,settlement,9.689020905138051
TRAIN,late_limit_97_to_99,270.0,,UP,0.5055512339298728,1.0,settlement,9.76038886833603
TRAIN,late_limit_97_to_99,270.0,,DOWN,0.5057487448642958,0.0,settlement,-10.02
TRAIN,late_limit_97_to_99,270.0,,DOWN,0.5080807662780307,1.0,settlement,9.661910168053527
TRAIN,late_limit_97_to_99,270.0,,UP,0.5052899347376543,1.0,settlement,9.770617846349907
TRAIN,late_limit_97_to_99,270.0,,DOWN,0.5055955282904978,1.0,settlement,9.75865594225419
TRAIN,late_limit_97_to_99,270.0,,UP,0.5066291990669833,1.0,settlement,9.718301737081408
TRAIN,late_limit_97_to_99,270.0,,DOWN,0.5058880008169347,1.0,settlement,9.747221171190997
TRAIN,late_limit_97_to_99,270.0,,DOWN,0.5059974811777445,0.0,settlement,-10.02
TRAIN,late_limit_97_to_99,270.0,,DOWN,0.5069552245711274,1.0,settlement,9.70560793403357
TRAIN,late_limit_97_to_99,270.0,,DOWN,0.5057354602611065,0.0,settlement,-10.02
TRAIN,late_limit_97_to_99,270.0,,UP,0.5074989776371093,1.0,settlement,9.684473192358961
TRAIN,late_limit_97_to_99,270.0,,UP,0.5053865210883581,1.0,settlement,9.766835585691595
TRAIN,late_limit_97_to_99,270.0,,UP,0.5073362411063964,1.0,settlement,9.69079372960238
TRAIN,late_limit_97_to_99,270.0,,DOWN,0.5059886767417633,1.0,settlement,9.743288112282414
TRAIN,late_limit_97_to_99,270.0,,DOWN,0.5052234417064293,1.0,settlement,9.773222512051827
TRAIN,late_limit_97_to_99,270.0,,UP,0.5053442971123211,1.0,settlement,9.768488872126987
TRAIN,late_limit_97_to_99,270.0,,UP,0.505119186410895,0.0,settlement,-10.02
TRAIN,late_limit_97_to_99,270.0,,UP,0.5056567121778033,1.0,settlement,9.756262747371018
TRAIN,late_limit_97_to_99,270.0,,DOWN,0.5051296190016091,0.0,settlement,-10.02
TRAIN,late_limit_97_to_99,270.0,,DOWN,0.505329818018598,0.0,settlement,-10.02
TRAIN,late_limit_97_to_99,270.0,,DOWN,0.5058340633038894,1.0,settlement,9.749328966666113
TRAIN,late_limit_97_to_99,270.0,,UP,0.5057996231422329,1.0,settlement,9.750675070645435
TRAIN,late_limit_97_to_99,270.0,,DOWN,0.506423312559576,1.0,settlement,9.726326347927742
TRAIN,late_limit_97_to_99,270.0,,DOWN,0.5052472334341034,0.0,settlement,-10.02
TRAIN,late_limit_97_to_99,270.0,,DOWN,0.5069095565038616,1.0,settlement,9.70738503682919
TRAIN,late_limit_97_to_99,270.0,,UP,0.5054545146631527,1.0,settlement,9.76417386708722
TRAIN,late_limit_97_to_99,270.0,,DOWN,0.5056019515364175,1.0,settlement,9.758404671129359
TRAIN,late_limit_97_to_99,270.0,,DOWN,0.5052374485512127,0.0,settlement,-10.02
TRAIN,late_limit_97_to_99,270.0,,DOWN,0.506362553617896,1.0,settlement,9.728695729080428
TRAIN,late_limit_97_to_99,270.0,,UP,0.505147089831462,1.0,settlement,9.776214214232958
TRAIN,late_limit_97_to_99,270.0,,UP,0.5057132524287573,0.0,settlement,-10.02
TRAIN,late_limit_97_to_99,270.0,,UP,0.505897430691022,1.0,settlement,9.746852712299152
TRAIN,late_limit_97_to_99,270.0,,DOWN,0.5053639736716972,1.0,settlement,9.767718398969937
TRAIN,late_limit_97_to_99,270.0,,UP,0.5051046304576756,0.0,settlement,-10.02
TRAIN,late_limit_97_to_99,270.0,,DOWN,0.5058421763259254,1.0,settlement,9.7490118934582
TRAIN,late_limit_97_to_99,270.0,,UP,0.5058349349931438,0.0,settlement,-10.02
TRAIN,late_limit_97_to_99,270.0,,UP,0.505225843710795,1.0,settlement,9.773128408776078
TRAIN,late_limit_97_to_99,270.0,,DOWN,0.5050483977574501,1.0,settlement,9.78008261466163
TRAIN,late_limit_97_to_99,270.0,,DOWN,0.5055665663625585,1.0,settlement,9.759788983966693
TRAIN,late_limit_97_to_99,270.0,,DOWN,0.5053952279678168,1.0,settlement,9.76649470081026
TRAIN,late_limit_97_to_99,270.0,,UP,0.5067530888512285,1.0,settlement,9.713476164238596
TRAIN,late_limit_97_to_99,270.0,,UP,0.5063052098494316,1.0,settlement,9.730932452332194
TRAIN,late_limit_97_to_99,270.0,,DOWN,0.5050973090249701,1.0,settlement,9.778165267013211
TRAIN,late_limit_97_to_99,270.0,,UP,0.5067926992307888,1.0,settlement,9.711933816682883
TRAIN,late_limit_97_to_99,270.0,,UP,0.5056784343391107,1.0,settlement,9.755413228901798
TRAIN,late_limit_97_to_99,270.0,,DOWN,0.5056876430808878,1.0,settlement,9.75505311198684
TRAIN,late_limit_97_to_99,270.0,,DOWN,0.5053324329140696,0.0,settlement,-10.02
TRAIN,late_limit_97_to_99,270.0,,UP,0.5059541530454517,1.0,settlement,9.744636656913979
TRAIN,late_limit_97_to_99,270.0,,DOWN,0.5058558474695685,1.0,settlement,9.748477620695262
TRAIN,late_limit_97_to_99,270.0,,UP,0.5069240432226899,1.0,settlement,9.706821273709117
TRAIN,late_limit_97_to_99,270.0,,UP,0.5064302417439677,1.0,settlement,9.726056170665316
TRAIN,late_limit_97_to_99,270.0,,UP,0.5058699449356422,1.0,settlement,9.747926717354638
TRAIN,late_limit_97_to_99,270.0,,UP,0.5066194397529034,1.0,settlement,9.718681967824534
TRAIN,late_limit_97_to_99,270.0,,UP,0.5108988807089385,1.0,settlement,9.553344897768618
TRAIN,late_limit_97_to_99,270.0,,DOWN,0.5090044982103915,1.0,settlement,9.62619180215301
TRAIN,late_limit_97_to_99,270.0,,DOWN,0.5070539734012972,1.0,settlement,9.701766369209992
TRAIN,late_limit_97_to_99,270.0,,DOWN,0.5054229654659296,1.0,settlement,9.765408822453079
TRAIN,late_limit_97_to_99,270.0,,UP,0.5066306164351159,1.0,settlement,9.718246516494723
TRAIN,late_limit_97_to_99,270.0,,DOWN,0.5076970694423694,1.0,settlement,9.676784956792307
TRAIN,late_limit_97_to_99,270.0,,UP,0.505179896218447,0.0,settlement,-10.02
TRAIN,late_limit_97_to_99,270.0,,DOWN,0.5066242200224303,1.0,settlement,9.718495722840213
TRAIN,late_limit_97_to_99,270.0,,DOWN,0.5056755441559445,1.0,settlement,9.75552625506468
TRAIN,late_limit_97_to_99,270.0,,UP,0.5065641743244131,1.0,settlement,9.720835429857726
TRAIN,late_limit_97_to_99,270.0,,DOWN,0.5054754197041217,0.0,settlement,-10.02
TRAIN,late_limit_97_to_99,270.0,,DOWN,0.5056908669002308,1.0,settlement,9.754927044456448
TRAIN,late_limit_97_to_99,270.0,,UP,0.5059152016314008,1.0,settlement,9.746158375461881
TRAIN,late_limit_97_to_99,270.0,,UP,0.50506148040603,0.0,settlement,-10.02
TRAIN,late_limit_97_to_99,270.0,,UP,0.5050806712406419,1.0,settlement,9.778817435315347
TRAIN,late_limit_97_to_99,270.0,,DOWN,0.5054654624179779,1.0,settlement,9.763745366425912
TRAIN,late_limit_97_to_99,270.0,,UP,0.5076757059988883,1.0,settlement,9.677613814953553
TRAIN,late_limit_97_to_99,270.0,,UP,0.5095158041360275,1.0,settlement,9.606476585857305
TRAIN,late_limit_97_to_99,270.0,,DOWN,0.5050410369982622,1.0,settlement,9.780371192478778
TRAIN,late_limit_97_to_99,270.0,,DOWN,0.5083074265725077,1.0,settlement,9.65313377148454
TRAIN,late_limit_97_to_99,270.0,,UP,0.5067750462210068,1.0,settlement,9.712621159170013
TRAIN,late_limit_97_to_99,270.0,,DOWN,0.5060040763764898,1.0,settlement,9.742686640017403
TRAIN,late_limit_97_to_99,270.0,,UP,0.5062312646055217,1.0,settlement,9.733817472716648
TRAIN,late_limit_97_to_99,270.0,,DOWN,0.5063646756412498,1.0,settlement,9.728612968185839
TRAIN,late_limit_97_to_99,270.0,,UP,0.5064945829727717,1.0,settlement,9.723547781512174
TRAIN,late_limit_97_to_99,270.0,,UP,0.5059288743311283,1.0,settlement,9.745624196129675
TRAIN,late_limit_97_to_99,270.0,,UP,0.5051124420657064,0.0,settlement,-10.02
TRAIN,late_limit_97_to_99,270.0,,DOWN,0.5061479138512727,1.0,settlement,9.737070465647353
TRAIN,late_limit_97_to_99,270.0,,DOWN,0.5053832127818333,1.0,settlement,9.76696511298023
TRAIN,late_limit_97_to_99,270.0,,DOWN,0.5059497192112157,1.0,settlement,9.744809862114703
TRAIN,late_limit_97_to_99,270.0,,DOWN,0.5053639138745457,0.0,settlement,-10.02
TRAIN,late_limit_97_to_99,270.0,,DOWN,0.5088709541154773,1.0,settlement,9.631347594366165
TRAIN,late_limit_97_to_99,270.0,,DOWN,0.5063933407504456,1.0,settlement,9.727495070098236
TRAIN,late_limit_97_to_99,270.0,,UP,0.5051056057747687,0.0,settlement,-10.02
TRAIN,late_limit_97_to_99,270.0,,UP,0.5064533142814558,1.0,settlement,9.725156597874708
TRAIN,late_limit_97_to_99,270.0,,DOWN,0.5059078455360427,1.0,settlement,9.746445783034538
TRAIN,late_limit_97_to_99,270.0,,UP,0.5072567729133605,1.0,settlement,9.693881674888946
TRAIN,late_limit_97_to_99,270.0,,UP,0.5056390896341251,1.0,settlement,9.756951990076342
TRAIN,late_limit_97_to_99,270.0,,DOWN,0.505693105112668,1.0,settlement,9.754839520052403
TRAIN,late_limit_97_to_99,270.0,,UP,0.5060016843773364,1.0,settlement,9.742780063282922
TRAIN,late_limit_97_to_99,270.0,,DOWN,0.5052704290526941,1.0,settlement,9.771381852186543
TRAIN,late_limit_97_to_99,270.0,,DOWN,0.5050462499499492,0.0,settlement,-10.02
TRAIN,late_limit_97_to_99,270.0,,DOWN,0.5098542100250362,1.0,settlement,9.593449890918727
TRAIN,late_limit_97_to_99,270.0,,DOWN,0.5056144813510817,1.0,settlement,9.757914535355916
TRAIN,late_limit_97_to_99,270.0,,UP,0.5059046532551693,1.0,settlement,9.74657051018698
TRAIN,late_limit_97_to_99,270.0,,DOWN,0.5055899596872916,1.0,settlement,9.758873785755199
TRAIN,late_limit_97_to_99,270.0,,UP,0.5060269442557577,0.0,settlement,-10.02
TRAIN,late_limit_97_to_99,270.0,,UP,0.5062029634941944,1.0,settlement,9.734921881477074
TRAIN,late_limit_97_to_99,270.0,,UP,0.5052712928832155,1.0,settlement,9.77134801610691
TRAIN,late_limit_97_to_99,270.0,,DOWN,0.5057693565294245,1.0,settlement,9.751858201571814
TRAIN,late_limit_97_to_99,270.0,,UP,0.5059322007918994,1.0,settlement,9.745494238848046
TRAIN,late_limit_97_to_99,270.0,,DOWN,0.5054692986816165,1.0,settlement,9.763595217518386
TRAIN,late_limit_97_to_99,270.0,,DOWN,0.5061177831277571,1.0,settlement,9.738246663851651
TRAIN,late_limit_97_to_99,270.0,,DOWN,0.5052304721221671,1.0,settlement,9.772947084121945
TRAIN,late_limit_97_to_99,270.0,,UP,0.5060870967779978,1.0,settlement,9.73944469571537
TRAIN,late_limit_97_to_99,270.0,,DOWN,0.5064982711638119,1.0,settlement,9.723404014040153
TRAIN,late_limit_97_to_99,270.0,,UP,0.5083482028975849,1.0,settlement,9.651555723026064
TRAIN,late_limit_97_to_99,270.0,,DOWN,0.507117719309143,1.0,settlement,9.699287296100024
TRAIN,late_limit_97_to_99,270.0,,UP,0.505928291650043,1.0,settlement,9.7456469603347
TRAIN,late_limit_97_to_99,270.0,,UP,0.5062841859155786,1.0,settlement,9.731752628646142
TRAIN,late_limit_97_to_99,270.0,,DOWN,0.5051537004569092,1.0,settlement,9.775955153758243
TRAIN,late_limit_97_to_99,270.0,,DOWN,0.5078887496645715,1.0,settlement,9.66935127349123
TRAIN,late_limit_97_to_99,270.0,,UP,0.5078559603616057,1.0,settlement,9.67062250028484
TRAIN,late_limit_97_to_99,270.0,,DOWN,0.5078384171818312,1.0,settlement,9.671302709025866
TRAIN,late_limit_97_to_99,270.0,,DOWN,0.5053948110468661,0.0,settlement,-10.02
TRAIN,late_limit_97_to_99,270.0,,UP,0.5065390281860427,1.0,settlement,9.721815424984747
TRAIN,late_limit_97_to_99,270.0,,UP,0.5052276471216786,0.0,settlement,-10.02
TRAIN,late_limit_97_to_99,270.0,,DOWN,0.5052788957411626,1.0,settlement,9.77105021857605
TRAIN,late_limit_97_to_99,270.0,,UP,0.5068217452150847,1.0,settlement,9.710802978384848
TRAIN,late_limit_97_to_99,270.0,,DOWN,0.5051585977182583,0.0,settlement,-10.02
TRAIN,late_limit_97_to_99,270.0,,UP,0.5061504761284866,1.0,settlement,9.73697044975513
TRAIN,late_limit_97_to_99,270.0,,UP,0.5083737640019763,1.0,settlement,9.650566634436164
TRAIN,late_limit_97_to_99,270.0,,DOWN,0.5059131407499912,1.0,settlement,9.746238894636132
TRAIN,late_limit_97_to_99,270.0,,DOWN,0.5058222186177238,1.0,settlement,9.74979189907338
TRAIN,late_limit_97_to_99,270.0,,UP,0.5070441900909463,1.0,settlement,9.702146896518713
TRAIN,late_limit_97_to_99,270.0,,UP,0.5074803374959841,1.0,settlement,9.685196952737375
TRAIN,late_limit_97_to_99,270.0,,DOWN,0.5082870470645031,1.0,settlement,9.653922555675457
TRAIN,late_limit_97_to_99,270.0,,UP,0.5120435607231376,1.0,settlement,9.50958843165105
TRAIN,late_limit_97_to_99,270.0,,UP,0.5092894648050958,1.0,settlement,9.615199019533975
TRAIN,late_limit_97_to_99,270.0,,UP,0.5141742433416079,1.0,settlement,9.428659923161856
TRAIN,late_limit_97_to_99,270.0,,DOWN,0.5066152873660201,1.0,settlement,9.718843752607068
TRAIN,late_limit_97_to_99,270.0,,UP,0.5124032738481472,1.0,settlement,9.495878430869553
TRAIN,late_limit_97_to_99,270.0,,UP,0.5086840435303203,1.0,settlement,9.638568274717166
TRAIN,late_limit_97_to_99,270.0,,DOWN,0.5078485014912117,1.0,settlement,9.670911700313543
TRAIN,late_limit_97_to_99,270.0,,UP,0.5071319250272084,1.0,settlement,9.698734921812477
TRAIN,late_limit_97_to_99,270.0,,UP,0.5054782890367834,1.0,settlement,9.763243349690743
TRAIN,late_limit_97_to_99,270.0,,DOWN,0.5057788781531991,1.0,settlement,9.75148598319091
TRAIN,late_limit_97_to_99,270.0,,UP,0.5069919071975372,1.0,settlement,9.704180717748105
TRAIN,late_limit_97_to_99,270.0,,UP,0.5106824243641264,1.0,settlement,9.561641197954774
TRAIN,late_limit_97_to_99,270.0,,DOWN,0.510355445823082,1.0,settlement,9.57418691784973
TRAIN,late_limit_97_to_99,270.0,,DOWN,0.5105680963892446,1.0,settlement,9.566025979140392
TRAIN,late_limit_97_to_99,270.0,,UP,0.5056954577230415,0.0,settlement,-10.02
TRAIN,late_limit_97_to_99,270.0,,DOWN,0.5095919296672524,1.0,settlement,9.603544679229294
TRAIN,late_limit_97_to_99,270.0,,UP,0.5061566627617807,1.0,settlement,9.736728964973505
TRAIN,late_limit_97_to_99,270.0,,DOWN,0.5089026512886577,1.0,settlement,9.630123603557017
TRAIN,late_limit_97_to_99,270.0,,UP,0.505291208552344,0.0,settlement,-10.02
TRAIN,late_limit_97_to_99,270.0,,DOWN,0.5153243191890245,1.0,settlement,9.385255346258809
TRAIN,late_limit_97_to_99,270.0,,UP,0.5069534998906191,1.0,settlement,9.705675041512904
TRAIN,late_limit_97_to_99,270.0,,UP,0.5063937482970898,1.0,settlement,9.727479177276937
TRAIN,late_limit_97_to_99,270.0,,UP,0.5079909134556341,1.0,settlement,9.665391480675297
TRAIN,late_limit_97_to_99,270.0,,DOWN,0.5070410263474144,1.0,settlement,9.702269955228829
TRAIN,late_limit_97_to_99,270.0,,UP,0.5119643981255237,1.0,settlement,9.512608198174348
TRAIN,late_limit_97_to_99,270.0,,UP,0.507985280450232,1.0,settlement,9.665609770300648
TRAIN,late_limit_97_to_99,270.0,,UP,0.5077422019469002,1.0,settlement,9.675034136724765
TRAIN,late_limit_97_to_99,270.0,,DOWN,0.5063480060113663,1.0,settlement,9.729263118013591
TRAIN,late_limit_97_to_99,270.0,,UP,0.5083560474782592,1.0,settlement,9.651252165890025
TRAIN,late_limit_97_to_99,270.0,,DOWN,0.5083332431198441,1.0,settlement,9.652134638738179
TRAIN,late_limit_97_to_99,270.0,,UP,0.5092038928140269,1.0,settlement,9.61849872540592
TRAIN,late_limit_97_to_99,270.0,,UP,0.5096958368423748,1.0,settlement,9.599544201010481
TRAIN,late_limit_97_to_99,270.0,,DOWN,0.5097926446849482,1.0,settlement,9.595818518095722
TRAIN,late_limit_97_to_99,270.0,,DOWN,0.509607344929221,1.0,settlement,9.602951080873634
TRAIN,late_limit_97_to_99,270.0,,DOWN,0.507257597609278,1.0,settlement,9.693849624195543
TRAIN,late_limit_97_to_99,270.0,,UP,0.5064268970583364,1.0,settlement,9.726186583071787
TRAIN,late_limit_97_to_99,270.0,,DOWN,0.5056796216679439,1.0,settlement,9.755366796502098
TRAIN,late_limit_97_to_99,270.0,,UP,0.5063370923812986,1.0,settlement,9.729688795205764
TRAIN,late_limit_97_to_99,270.0,,UP,0.5051162549138742,0.0,settlement,-10.02
TRAIN,late_limit_97_to_99,270.0,,DOWN,0.5077619942634115,1.0,settlement,9.67426643383692
TRAIN,late_limit_97_to_99,270.0,,DOWN,0.5135270392780397,1.0,settlement,9.453171294074131
TRAIN,late_limit_97_to_99,270.0,,DOWN,0.5103622072492405,1.0,settlement,9.573927328393264
TRAIN,late_limit_97_to_99,270.0,,UP,0.506675451396294,1.0,settlement,9.716499908258914
TRAIN,late_limit_97_to_99,270.0,,UP,0.5066776683966678,1.0,settlement,9.716413549947891
TRAIN,late_limit_97_to_99,270.0,,UP,0.5069253345584411,1.0,settlement,9.706771021832104
TRAIN,late_limit_97_to_99,270.0,,UP,0.5073536175104782,1.0,settlement,9.690118652684038
TRAIN,late_limit_97_to_99,270.0,,UP,0.5057497336541894,0.0,settlement,-10.02
TRAIN,late_limit_97_to_99,270.0,,DOWN,0.5089048372914254,1.0,settlement,9.630039196372344
TRAIN,late_limit_97_to_99,270.0,,DOWN,0.5122576327739673,1.0,settlement,9.501427032425461
TRAIN,late_limit_97_to_99,270.0,,UP,0.5052493975580542,1.0,settlement,9.772205687590116
TRAIN,late_limit_97_to_99,270.0,,UP,0.5104408413709638,1.0,settlement,9.570908856629838
TRAIN,late_limit_97_to_99,270.0,,UP,0.5084847742663063,1.0,settlement,9.64627223878831
TRAIN,late_limit_97_to_99,270.0,,UP,0.5056290074903644,1.0,settlement,9.757346338640524
TRAIN,late_limit_97_to_99,270.0,,UP,0.5069708905158485,1.0,settlement,9.704998391574097
TRAIN,late_limit_97_to_99,270.0,,UP,0.5059120242519795,1.0,settlement,9.746282516778656
TRAIN,late_limit_97_to_99,270.0,,UP,0.5056410765285133,1.0,settlement,9.75687427741266
TRAIN,late_limit_97_to_99,270.0,,DOWN,0.5085776429015413,1.0,settlement,9.642681086309494
TRAIN,late_limit_97_to_99,270.0,,UP,0.5052981555484711,1.0,settlement,9.770295868279185
TRAIN,late_limit_97_to_99,270.0,,DOWN,0.5126665615835017,1.0,settlement,9.48585575371338
TRAIN,late_limit_97_to_99,270.0,,UP,0.5064452455082304,1.0,settlement,9.725471181123936
TRAIN,late_limit_97_to_99,270.0,,DOWN,0.506853323639854,1.0,settlement,9.709573692419006
TRAIN,late_limit_97_to_99,270.0,,DOWN,0.5128188903878824,1.0,settlement,9.480061693195953
TRAIN,late_limit_97_to_99,270.0,,UP,0.5078166841802393,1.0,settlement,9.6721454365818
TRAIN,late_limit_97_to_99,270.0,,DOWN,0.5159023935174797,1.0,settlement,9.363511543373335
TRAIN,late_limit_97_to_99,270.0,,UP,0.512576137143339,1.0,settlement,9.489296815359854
TRAIN,late_limit_97_to_99,270.0,,UP,0.505057323996674,1.0,settlement,9.779732673643704
TRAIN,late_limit_97_to_99,270.0,,UP,0.5084923614701712,1.0,settlement,9.645978798752541
TRAIN,late_limit_97_to_99,270.0,,UP,0.5078776251688141,1.0,settlement,9.669782546880437
TRAIN,late_limit_97_to_99,270.0,,DOWN,0.5063461965541508,1.0,settlement,9.729333693139647
TRAIN,late_limit_97_to_99,270.0,,UP,0.5072462878037545,1.0,settlement,9.69428917360326
TRAIN,late_limit_97_to_99,270.0,,DOWN,0.510051809595946,1.0,settlement,9.585851428939783
TRAIN,late_limit_97_to_99,270.0,,UP,0.5095228001700661,1.0,settlement,9.606207103317551
TRAIN,late_limit_97_to_99,270.0,,DOWN,0.5056612774940196,1.0,settlement,9.756084199206395
TRAIN,late_limit_97_to_99,270.0,,UP,0.506792668513706,1.0,settlement,9.711935012650159
TRAIN,late_limit_97_to_99,270.0,,DOWN,0.5060906155755179,1.0,settlement,9.739307310269258
TRAIN,late_limit_97_to_99,270.0,,UP,0.5054385228861131,1.0,settlement,9.764799826690751
TRAIN,late_limit_97_to_99,270.0,,UP,0.5070582696936585,1.0,settlement,9.701599267164195
TRAIN,late_limit_97_to_99,270.0,,UP,0.5053395600698305,0.0,settlement,-10.02
TRAIN,late_limit_97_to_99,270.0,,UP,0.5100031900423312,1.0,settlement,9.587720491258068
TRAIN,late_limit_97_to_99,270.0,,UP,0.5062816478057337,1.0,settlement,9.731851648861504
TRAIN,late_limit_97_to_99,270.0,,UP,0.5061484083917688,1.0,settlement,9.737051161681823
TRAIN,late_limit_97_to_99,270.0,,DOWN,0.5080274882888735,1.0,settlement,9.663974254388815
TRAIN,late_limit_97_to_99,270.0,,DOWN,0.5090675113216988,1.0,settlement,9.623759968175666
TRAIN,late_limit_97_to_99,270.0,,DOWN,0.5057417114454056,1.0,settlement,9.752938979899607
TRAIN,late_limit_97_to_99,270.0,,UP,0.5070415901153409,1.0,settlement,9.70224802648875
TRAIN,late_limit_97_to_99,270.0,,DOWN,0.5064876919411169,1.0,settlement,9.723816402872387
TRAIN,late_limit_97_to_99,270.0,,UP,0.5070531896090597,1.0,settlement,9.70179685470482
TRAIN,late_limit_97_to_99,270.0,,DOWN,0.5058018345054135,1.0,settlement,9.750588633349395
TRAIN,late_limit_97_to_99,270.0,,DOWN,0.507165568572767,1.0,settlement,9.697426851632226
TRAIN,late_limit_97_to_99,270.0,,DOWN,0.5072557114516897,1.0,settlement,9.693922927317075
TRAIN,late_limit_97_to_99,270.0,,UP,0.5078270059030682,1.0,settlement,9.671745188338324
TRAIN,late_limit_97_to_99,270.0,,DOWN,0.506755433169724,1.0,settlement,9.713384874535269
TRAIN,late_limit_97_to_99,270.0,,DOWN,0.5053597627000868,1.0,settlement,9.767883282537174
TRAIN,late_limit_97_to_99,270.0,,DOWN,0.5060639439252989,1.0,settlement,9.740348706992886
TRAIN,late_limit_97_to_99,270.0,,DOWN,0.5080981518336202,1.0,settlement,9.661236713639063
TRAIN,late_limit_97_to_99,270.0,,UP,0.5062307388297066,1.0,settlement,9.733837989209796
TRAIN,late_limit_97_to_99,270.0,,DOWN,0.5070137614691536,1.0,settlement,9.703330528590385
TRAIN,late_limit_97_to_99,270.0,,DOWN,0.5053748352337756,1.0,settlement,9.767293119520314
TRAIN,late_limit_97_to_99,270.0,,DOWN,0.505325747320743,1.0,settlement,9.769215279491288
TRAIN,late_limit_97_to_99,270.0,,DOWN,0.5055003102736357,1.0,settlement,9.762381527296856
TRAIN,late_limit_97_to_99,270.0,,UP,0.5106434380668352,1.0,settlement,9.563136205289211
TRAIN,late_limit_97_to_99,270.0,,UP,0.5067029013791171,1.0,settlement,9.715430708572086
TRAIN,late_limit_97_to_99,270.0,,DOWN,0.5072009266642067,1.0,settlement,9.696052306466939
TRAIN,late_limit_97_to_99,270.0,,UP,0.5086362962073051,1.0,settlement,9.64041368767025
TRAIN,late_limit_97_to_99,270.0,,UP,0.5056585815243829,1.0,settlement,9.756189637390339
TRAIN,late_limit_97_to_99,270.0,,DOWN,0.510107005059179,1.0,settlement,9.583730003354631
TRAIN,late_limit_97_to_99,270.0,,DOWN,0.5062208278394448,1.0,settlement,9.734224737611239
TRAIN,late_limit_97_to_99,270.0,,DOWN,0.5082254328864445,1.0,settlement,9.656307703070723
TRAIN,late_limit_97_to_99,270.0,,UP,0.5066541385970134,1.0,settlement,9.717330139434388
TRAIN,late_limit_97_to_99,270.0,,UP,0.5050002841263126,0.0,settlement,-10.02
TRAIN,late_limit_97_to_99,270.0,,UP,0.5051753590566485,0.0,settlement,-10.02
TRAIN,late_limit_97_to_99,270.0,,UP,0.5067119146342294,1.0,settlement,9.715079660044136
TRAIN,late_limit_97_to_99,270.0,,UP,0.5064318164609936,1.0,settlement,9.725994771578932
TRAIN,late_limit_97_to_99,270.0,,DOWN,0.505947754666904,1.0,settlement,9.74488660688613
TRAIN,late_limit_97_to_99,270.0,,UP,0.5071678594872053,1.0,settlement,9.69733778656823
TRAIN,late_limit_97_to_99,270.0,,UP,0.5052454055939616,0.0,settlement,-10.02
TRAIN,late_limit_97_to_99,270.0,,UP,0.5058584288788963,1.0,settlement,9.748376741616028
TRAIN,late_limit_97_to_99,270.0,,UP,0.506963351891974,1.0,settlement,9.705291705367383
TRAIN,late_limit_97_to_99,270.0,,DOWN,0.5055575811962916,1.0,settlement,9.760140525906436
TRAIN,late_limit_97_to_99,270.0,,DOWN,0.5056049673310301,1.0,settlement,9.758286698383625
TRAIN,late_limit_97_to_99,270.0,,UP,0.5058898557505244,1.0,settlement,9.747148691219106
TRAIN,late_limit_97_to_99,270.0,,DOWN,0.5056364092187507,0.0,settlement,-10.02
TRAIN,late_limit_97_to_99,270.0,,UP,0.5053816141635621,0.0,settlement,-10.02
TRAIN,late_limit_97_to_99,270.0,,UP,0.5066338321839461,1.0,settlement,9.718121232237902
TRAIN,late_limit_97_to_99,270.0,,DOWN,0.5090006321697641,1.0,settlement,9.626341021959195
TRAIN,late_limit_97_to_99,270.0,,UP,0.5079250830014138,1.0,settlement,9.66794283776721
TRAIN,late_limit_97_to_99,270.0,,UP,0.5116799512506623,1.0,settlement,9.523466527382443
TRAIN,late_limit_97_to_99,270.0,,UP,0.5073656570280711,1.0,settlement,9.689650942035929
TRAIN,late_limit_97_to_99,270.0,,DOWN,0.5078844480445251,1.0,settlement,9.669518036046107
TRAIN,late_limit_97_to_99,270.0,,DOWN,0.5092332451979987,1.0,settlement,9.617366755408568
TRAIN,late_limit_97_to_99,270.0,,UP,0.5093047137777634,1.0,settlement,9.614611126657525
TRAIN,late_limit_97_to_99,270.0,,DOWN,0.5061703831740688,0.0,settlement,-10.02
TRAIN,late_limit_97_to_99,270.0,,DOWN,0.5074955053610977,1.0,settlement,9.684608010044762
TRAIN,late_limit_97_to_99,270.0,,UP,0.5068684006683095,1.0,settlement,9.708986827379515
TRAIN,late_limit_97_to_99,270.0,,UP,0.5057578021436285,1.0,settlement,9.752309903308486
TRAIN,late_limit_97_to_99,270.0,,DOWN,0.5077577027636356,1.0,settlement,9.674432887126603
TRAIN,late_limit_97_to_99,270.0,,UP,0.5061090439098382,0.0,settlement,-10.02
TRAIN,late_limit_97_to_99,270.0,,UP,0.5093108728583787,1.0,settlement,9.614373685913133
TRAIN,late_limit_97_to_99,270.0,,UP,0.5072877817795564,1.0,settlement,9.692676628875589
TRAIN,late_limit_97_to_99,270.0,,UP,0.5055348942737,1.0,settlement,9.761028200569537
TRAIN,late_limit_97_to_99,270.0,,UP,0.5054899019804806,1.0,settlement,9.76278885655395
TRAIN,late_limit_97_to_99,270.0,,DOWN,0.5060777049185087,1.0,settlement,9.739811394201318
TRAIN,late_limit_97_to_99,270.0,,DOWN,0.5082498957035907,1.0,settlement,9.655360653358521
TRAIN,late_limit_97_to_99,270.0,,UP,0.5068944371636686,1.0,settlement,9.707973453319141
TRAIN,late_limit_97_to_99,270.0,,DOWN,0.5065508395594708,1.0,settlement,9.721355100105338
TRAIN,late_limit_97_to_99,270.0,,DOWN,0.5069509568803278,1.0,settlement,9.705773991113361
TRAIN,late_limit_97_to_99,270.0,,UP,0.5065122676442657,1.0,settlement,9.722858443506073
TRAIN,late_limit_97_to_99,270.0,,UP,0.50544788591412,1.0,settlement,9.764433328699461
TRAIN,late_limit_97_to_99,270.0,,DOWN,0.5066109719447037,1.0,settlement,9.719011892327302
TRAIN,late_limit_97_to_99,270.0,,DOWN,0.5050208518784433,1.0,settlement,9.781162591217054
TRAIN,late_limit_97_to_99,270.0,,DOWN,0.5052561727867987,0.0,settlement,-10.02
TRAIN,late_limit_97_to_99,270.0,,DOWN,0.5076097718462981,1.0,settlement,9.680172365925127
TRAIN,late_limit_97_to_99,270.0,,DOWN,0.5053020893444612,1.0,settlement,9.770141800072913
TRAIN,late_limit_97_to_99,270.0,,UP,0.5051243875204685,0.0,settlement,-10.02
TRAIN,late_limit_97_to_99,270.0,,DOWN,0.506511017567345,1.0,settlement,9.72290716918199
TRAIN,late_limit_97_to_99,270.0,,DOWN,0.5073422553736205,1.0,settlement,9.690560068835051
TRAIN,late_limit_97_to_99,270.0,,DOWN,0.5092323865443433,1.0,settlement,9.617399867396713
TRAIN,late_limit_97_to_99,270.0,,UP,0.505695785687796,0.0,settlement,-10.02
TRAIN,late_limit_97_to_99,270.0,,UP,0.5072207846868246,1.0,settlement,9.695280410234648
TRAIN,late_limit_97_to_99,270.0,,DOWN,0.5063677111304528,1.0,settlement,9.728494582474976
TRAIN,late_limit_97_to_99,270.0,,UP,0.5063147528225704,1.0,settlement,9.730560188603341
TRAIN,late_limit_97_to_99,270.0,,UP,0.5062358767177104,1.0,settlement,9.733637503602388
TRAIN,late_limit_97_to_99,270.0,,DOWN,0.506811935438186,1.0,settlement,9.711184884890429
TRAIN,late_limit_97_to_99,270.0,,DOWN,0.5052715723330209,1.0,settlement,9.771337070135171
TRAIN,late_limit_97_to_99,270.0,,DOWN,0.5054520282547053,1.0,settlement,9.764271188958098
TRAIN,late_limit_97_to_99,270.0,,DOWN,0.50549748279501,1.0,settlement,9.762492179204806
TRAIN,late_limit_97_to_99,270.0,,UP,0.5073874064729068,1.0,settlement,9.688806076829529
TRAIN,late_limit_97_to_99,270.0,,DOWN,0.5051666740814709,1.0,settlement,9.775446756622841
TRAIN,late_limit_97_to_99,270.0,,UP,0.50540605226541,1.0,settlement,9.766070932820128
TRAIN,late_limit_97_to_99,270.0,,DOWN,0.5068467423323068,1.0,settlement,9.709829877141924
TRAIN,late_limit_97_to_99,270.0,,DOWN,0.5051790013412671,1.0,settlement,9.774963712762538
TRAIN,late_limit_97_to_99,270.0,,UP,0.5061756904726014,1.0,settlement,9.735986287415926
TRAIN,late_limit_97_to_99,270.0,,UP,0.5053292162710382,1.0,settlement,9.7690794318063
TRAIN,late_limit_97_to_99,270.0,,UP,0.5067742701426579,1.0,settlement,9.712651377870827
TRAIN,late_limit_97_to_99,270.0,,UP,0.5066221581421461,1.0,settlement,9.718576055716536
TRAIN,late_limit_97_to_99,270.0,,DOWN,0.5068302285755272,1.0,settlement,9.71047272280014
TRAIN,late_limit_97_to_99,270.0,,DOWN,0.5051826553395485,1.0,settlement,9.774820535314497
TRAIN,late_limit_97_to_99,270.0,,UP,0.5051105802086517,1.0,settlement,9.777645093613337
TRAIN,late_limit_97_to_99,270.0,,DOWN,0.5082380445542961,1.0,settlement,9.655819445530863
TRAIN,late_limit_97_to_99,270.0,,DOWN,0.5078618193385417,1.0,settlement,9.670395338291772
TRAIN,late_limit_97_to_99,270.0,,DOWN,0.5079306311489238,1.0,settlement,9.667727785544852
TRAIN,late_limit_97_to_99,270.0,,DOWN,0.5065409175498757,1.0,settlement,9.72174178933011
TRAIN,late_limit_97_to_99,270.0,,DOWN,0.5053804306091014,1.0,settlement,9.767074042316331
TRAIN,late_limit_97_to_99,270.0,,UP,0.5057575698331986,0.0,settlement,-10.02
TRAIN,late_limit_97_to_99,270.0,,UP,0.5073035658939355,1.0,settlement,9.692063293658673
TRAIN,late_limit_97_to_99,270.0,,UP,0.5052967158730183,1.0,settlement,9.770352254165477
TRAIN,late_limit_97_to_99,270.0,,DOWN,0.5057977221661603,1.0,settlement,9.750749376200012
TRAIN,late_limit_97_to_99,270.0,,DOWN,0.5064184921670816,1.0,settlement,9.726514305209694
TRAIN,late_limit_97_to_99,270.0,,UP,0.5050708445241927,0.0,settlement,-10.02
TRAIN,late_limit_97_to_99,270.0,,UP,0.5062673008258338,1.0,settlement,9.732411391547096
TRAIN,late_limit_97_to_99,270.0,,DOWN,0.505756416035256,1.0,settlement,9.752364092565276
TRAIN,late_limit_97_to_99,270.0,,UP,0.507504528100506,1.0,settlement,9.684257688947369
TRAIN,late_limit_97_to_99,270.0,,DOWN,0.5125141123994811,1.0,settlement,9.491657841346353
TRAIN,late_limit_97_to_99,270.0,,UP,0.5069971707174743,1.0,settlement,9.703975946154795
TRAIN,late_limit_97_to_99,270.0,,UP,0.5055247342107131,1.0,settlement,9.76142576072607
TRAIN,late_limit_97_to_99,270.0,,DOWN,0.5073651767711079,1.0,settlement,9.68966959861218
TRAIN,late_limit_97_to_99,270.0,,UP,0.505836950079877,1.0,settlement,9.7492161444926
TRAIN,late_limit_97_to_99,270.0,,DOWN,0.5064565996282334,1.0,settlement,9.725028512493552
TRAIN,late_limit_97_to_99,270.0,,UP,0.5060143010407946,1.0,settlement,9.742287309729228
TRAIN,late_limit_97_to_99,270.0,,UP,0.5059385761361176,1.0,settlement,9.745245173377732
TRAIN,late_limit_97_to_99,270.0,,DOWN,0.5055229164871808,1.0,settlement,9.761496889377085
TRAIN,late_limit_97_to_99,270.0,,UP,0.5057150978863441,1.0,settlement,9.753979542622695
TRAIN,late_limit_97_to_99,270.0,,UP,0.5051336688924934,0.0,settlement,-10.02
TRAIN,late_limit_97_to_99,270.0,,UP,0.5077231608109468,1.0,settlement,9.675772759367085
TRAIN,late_limit_97_to_99,270.0,,UP,0.5053097599250252,1.0,settlement,9.76984138656601
TRAIN,late_limit_97_to_99,270.0,,UP,0.5065277645540543,1.0,settlement,9.722254422724433
TRAIN,late_limit_97_to_99,270.0,,UP,0.5061362646185088,1.0,settlement,9.737525194400607
TRAIN,late_limit_97_to_99,270.0,,UP,0.5088653994286327,1.0,settlement,9.631562105083702
TRAIN,late_limit_97_to_99,270.0,,DOWN,0.5055517220559678,1.0,settlement,9.76036976974818
TRAIN,late_limit_97_to_99,270.0,,DOWN,0.5051569202753688,1.0,settlement,9.775828976368068
TRAIN,late_limit_97_to_99,270.0,,DOWN,0.5062296594065273,1.0,settlement,9.733880109915702
TRAIN,late_limit_97_to_99,270.0,,UP,0.5077580492044416,1.0,settlement,9.674419449712442
TRAIN,late_limit_97_to_99,270.0,,DOWN,0.5064659770890555,1.0,settlement,9.724662923807081
TRAIN,late_limit_97_to_99,270.0,,DOWN,0.5062169109175353,1.0,settlement,9.73437758860063
TRAIN,late_limit_97_to_99,270.0,,DOWN,0.5060614056014423,1.0,settlement,9.740447821772204
TRAIN,late_limit_97_to_99,270.0,,UP,0.5057487073904392,1.0,settlement,9.752665463838696
TRAIN,late_limit_97_to_99,270.0,,UP,0.5057459964724013,1.0,settlement,9.752771449997436
TRAIN,late_limit_97_to_99,270.0,,DOWN,0.5054538703412232,1.0,settlement,9.764199086751816
TRAIN,late_limit_97_to_99,270.0,,DOWN,0.5076792249172394,1.0,settlement,9.677477283278975
TRAIN,late_limit_97_to_99,270.0,,UP,0.505433229151276,0.0,settlement,-10.02
TRAIN,late_limit_97_to_99,270.0,,UP,0.5059960225478218,1.0,settlement,9.743001198403487
TRAIN,late_limit_97_to_99,270.0,,DOWN,0.5054881432419304,1.0,settlement,9.762857686562839
TRAIN,late_limit_97_to_99,270.0,,UP,0.5051737204007232,1.0,settlement,9.77517064361071
TRAIN,late_limit_97_to_99,270.0,,UP,0.5065267409142984,1.0,settlement,9.722294319841144
TRAIN,late_limit_97_to_99,270.0,,UP,0.5055868512667294,0.0,settlement,-10.02
TRAIN,late_limit_97_to_99,270.0,,UP,0.5086447053824426,1.0,settlement,9.640088651627948
TRAIN,late_limit_97_to_99,270.0,,DOWN,0.5057616612130887,1.0,settlement,9.75215903636234
TRAIN,late_limit_97_to_99,270.0,,DOWN,0.5074802796857224,1.0,settlement,9.685199197479957
TRAIN,late_limit_97_to_99,270.0,,DOWN,0.5053472351801459,1.0,settlement,9.768373822675027
TRAIN,late_limit_97_to_99,270.0,,DOWN,0.5075182309558003,1.0,settlement,9.683725679306484
TRAIN,late_limit_97_to_99,270.0,,DOWN,0.5070815973699501,1.0,settlement,9.700691998815191
TRAIN,late_limit_97_to_99,270.0,,UP,0.5057063781206345,1.0,settlement,9.754320500293424
TRAIN,late_limit_97_to_99,270.0,,UP,0.5088524653745741,1.0,settlement,9.632061610114924
TRAIN,late_limit_97_to_99,270.0,,UP,0.5058408566549953,1.0,settlement,9.74906346815797
TRAIN,late_limit_97_to_99,270.0,,DOWN,0.5073601940332396,1.0,settlement,9.68986316546712
TRAIN,late_limit_97_to_99,270.0,,DOWN,0.5095771490679374,1.0,settlement,9.604113872238784
TRAIN,late_limit_97_to_99,270.0,,UP,0.5062879599459514,1.0,settlement,9.731605392843129
TRAIN,late_limit_97_to_99,270.0,,UP,0.5064612892520741,1.0,settlement,9.724845681626885
TRAIN,late_limit_97_to_99,270.0,,UP,0.5065329439503441,1.0,settlement,9.722052554394782
TRAIN,late_limit_97_to_99,270.0,,DOWN,0.5072198459261182,1.0,settlement,9.695316899206272
TRAIN,late_limit_97_to_99,270.0,,UP,0.5054699510316066,1.0,settlement,9.763569685183338
TRAIN,late_limit_97_to_99,270.0,,UP,0.5054666894609027,0.0,settlement,-10.02
TRAIN,late_limit_97_to_99,270.0,,UP,0.5053863336023112,1.0,settlement,9.7668429261267
TRAIN,late_limit_97_to_99,270.0,,UP,0.50599738092694,1.0,settlement,9.742948143488277
TRAIN,late_limit_97_to_99,270.0,,UP,0.5057160611505185,1.0,settlement,9.753941878076237
TRAIN,late_limit_97_to_99,270.0,,UP,0.5054051542895193,1.0,settlement,9.766106087615288
TRAIN,late_limit_97_to_99,270.0,,UP,0.5087385781104266,1.0,settlement,9.636460961034892
TRAIN,late_limit_97_to_99,270.0,,DOWN,0.5058401037241136,1.0,settlement,9.749092893935558
TRAIN,late_limit_97_to_99,270.0,,DOWN,0.5063410195488336,1.0,settlement,9.729535617142627
TRAIN,late_limit_97_to_99,270.0,,DOWN,0.5050178656062793,1.0,settlement,9.78127967947212
TRAIN,late_limit_97_to_99,270.0,,UP,0.5063711466813033,1.0,settlement,9.728360595857048
TRAIN,late_limit_97_to_99,270.0,,DOWN,0.5050498726478196,0.0,settlement,-10.02
TRAIN,late_limit_97_to_99,270.0,,UP,0.5057648993537964,1.0,settlement,9.75203244585925
TRAIN,late_limit_97_to_99,270.0,,DOWN,0.50669880915935,1.0,settlement,9.715590096591551
TRAIN,late_limit_97_to_99,270.0,,UP,0.5065352119235214,1.0,settlement,9.721964160844635
TRAIN,late_limit_97_to_99,270.0,,UP,0.5100566176625527,1.0,settlement,9.585666613693224
TRAIN,late_limit_97_to_99,270.0,,DOWN,0.5088063010566758,1.0,settlement,9.633844654109549
TRAIN,late_limit_97_to_99,270.0,,UP,0.5051869621444356,1.0,settlement,9.774651781098317
TRAIN,late_limit_97_to_99,270.0,,DOWN,0.5053634528353735,1.0,settlement,9.767738792535095
TRAIN,late_limit_97_to_99,270.0,,DOWN,0.5059529472354941,1.0,settlement,9.744683760890386
TRAIN,late_limit_97_to_99,270.0,,DOWN,0.5065890097519558,1.0,settlement,9.719867639245393
TRAIN,late_limit_97_to_99,270.0,,UP,0.5086382096662129,1.0,settlement,9.640339726664202
TRAIN,late_limit_97_to_99,270.0,,DOWN,0.5055436930441207,1.0,settlement,9.760683920286315
TRAIN,late_limit_97_to_99,270.0,,DOWN,0.5056830443507138,1.0,settlement,9.755232948219149
TRAIN,late_limit_97_to_99,270.0,,DOWN,0.5053651885965619,1.0,settlement,9.767670828239616
TRAIN,late_limit_97_to_99,270.0,,UP,0.5086579544578248,1.0,settlement,9.639576562916304
TRAIN,late_limit_97_to_99,270.0,,DOWN,0.5099747094987567,1.0,settlement,9.588815523085032
TRAIN,late_limit_97_to_99,270.0,,DOWN,0.5067312807941378,1.0,settlement,9.714325428515536
TRAIN,late_limit_97_to_99,270.0,,DOWN,0.5108263850605188,1.0,settlement,9.556122714991076
TRAIN,late_limit_97_to_99,270.0,,UP,0.5057062612163058,1.0,settlement,9.754325071531394
TRAIN,late_limit_97_to_99,270.0,,DOWN,0.5058013694852433,1.0,settlement,9.750606809896642
TRAIN,late_limit_97_to_99,270.0,,UP,0.5114023905414872,1.0,settlement,9.534073631552094
TRAIN,late_limit_97_to_99,270.0,,DOWN,0.5073507846490035,1.0,settlement,9.690228706787597
TRAIN,late_limit_97_to_99,270.0,,DOWN,0.5059409841133993,0.0,settlement,-10.02
TRAIN,late_limit_97_to_99,270.0,,UP,0.5069244139457538,1.0,settlement,9.70680684712515
TRAIN,late_limit_97_to_99,270.0,,UP,0.5080767283853526,1.0,settlement,9.662066588209225
TRAIN,late_limit_97_to_99,270.0,,UP,0.5117671772277962,1.0,settlement,9.520135524457114
TRAIN,late_limit_97_to_99,270.0,,UP,0.5067615479384805,1.0,settlement,9.713146764351531
TRAIN,late_limit_97_to_99,270.0,,DOWN,0.5098786870372464,1.0,settlement,9.592508336261378
TRAIN,late_limit_97_to_99,270.0,,DOWN,0.5116746353464766,1.0,settlement,9.523669568902072
TRAIN,late_limit_97_to_99,270.0,,DOWN,0.5059742892941927,1.0,settlement,9.74385008406152
TRAIN,late_limit_97_to_99,270.0,,UP,0.508732633425787,1.0,settlement,9.636690652338075
TRAIN,late_limit_97_to_99,270.0,,UP,0.505677968748043,1.0,settlement,9.755431436647296
TRAIN,late_limit_97_to_99,270.0,,DOWN,0.5057030243784245,1.0,settlement,9.754451640449084
TRAIN,late_limit_97_to_99,270.0,,UP,0.5053456248939922,0.0,settlement,-10.02
TRAIN,late_limit_97_to_99,270.0,,DOWN,0.5090907000349517,1.0,settlement,9.622865209113915
TRAIN,late_limit_97_to_99,270.0,,UP,0.5081195269327144,1.0,settlement,9.660408781700308
TRAIN,late_limit_97_to_99,270.0,,DOWN,0.5086580281291752,1.0,settlement,9.639573715526755
TRAIN,late_limit_97_to_99,270.0,,DOWN,0.507863268707562,1.0,settlement,9.670339144724014
TRAIN,late_limit_97_to_99,270.0,,DOWN,0.5066726579897894,1.0,settlement,9.71660872026278
TRAIN,late_limit_97_to_99,270.0,,DOWN,0.514610846916453,1.0,settlement,9.412159387855848
TRAIN,late_limit_97_to_99,270.0,,UP,0.5078088621694132,1.0,settlement,9.672448763652806
TRAIN,late_limit_97_to_99,270.0,,UP,0.5090202494129856,1.0,settlement,9.62558386730634
TRAIN,late_limit_97_to_99,270.0,,UP,0.507589447137162,1.0,settlement,9.680961192949656
TRAIN,late_limit_97_to_99,270.0,,DOWN,0.5054734063115724,1.0,settlement,9.763434450033216
TRAIN,late_limit_97_to_99,270.0,,DOWN,0.5050988121460268,0.0,settlement,-10.02
TRAIN,late_limit_97_to_99,270.0,,UP,0.5073952478271438,1.0,settlement,9.68850149429609
TRAIN,late_limit_97_to_99,270.0,,UP,0.5052191919390161,1.0,settlement,9.773389007294636
TRAIN,late_limit_97_to_99,270.0,,DOWN,0.5050397930976318,0.0,settlement,-10.02
TRAIN,late_limit_97_to_99,270.0,,UP,0.5065028995140276,1.0,settlement,9.723223601670714
TRAIN,late_limit_97_to_99,270.0,,UP,0.5063551533820794,1.0,settlement,9.728984350623012
TRAIN,late_limit_97_to_99,270.0,,DOWN,0.5055195217304864,1.0,settlement,9.761629729685133
TRAIN,late_limit_97_to_99,270.0,,DOWN,0.5069282540999981,1.0,settlement,9.706657409842009
TRAIN,late_limit_97_to_99,270.0,,UP,0.5060413474205923,1.0,settlement,9.741231075231841
TRAIN,late_limit_97_to_99,270.0,,DOWN,0.507246519581091,1.0,settlement,9.694280165507077
TRAIN,late_limit_97_to_99,270.0,,UP,0.5060248898431754,1.0,settlement,9.741873774823897
TRAIN,late_limit_97_to_99,270.0,,DOWN,0.509652660140753,1.0,settlement,9.601206327537376
TRAIN,late_limit_97_to_99,270.0,,UP,0.5075630865942535,1.0,settlement,9.681984372228413
TRAIN,late_limit_97_to_99,270.0,,UP,0.5074389722601946,1.0,settlement,9.68680327421205
TRAIN,late_limit_97_to_99,270.0,,DOWN,0.5057861388929167,1.0,settlement,9.751202156485284
TRAIN,late_limit_97_to_99,270.0,,DOWN,0.5053078199170726,1.0,settlement,9.769917364906654
TRAIN,late_limit_97_to_99,270.0,,UP,0.5050349301711072,0.0,settlement,-10.02
TRAIN,late_limit_97_to_99,270.0,,DOWN,0.5051559418272412,1.0,settlement,9.775867319363158
TRAIN,late_limit_97_to_99,270.0,,UP,0.5080550613283646,1.0,settlement,9.662905970573195
TRAIN,late_limit_97_to_99,270.0,,DOWN,0.5062948782118107,0.0,settlement,-10.02
TRAIN,late_limit_97_to_99,270.0,,DOWN,0.505974345175793,1.0,settlement,9.74384790127186
TRAIN,late_limit_97_to_99,270.0,,DOWN,0.5078317851593704,1.0,settlement,9.671559867332345
TRAIN,late_limit_97_to_99,270.0,,UP,0.5059530346814008,1.0,settlement,9.744680344880251
TRAIN,late_limit_97_to_99,270.0,,UP,0.5090453020533035,1.0,settlement,9.624617010831138
TRAIN,late_limit_97_to_99,270.0,,UP,0.5052694941006951,1.0,settlement,9.771418474211508
TRAIN,late_limit_97_to_99,270.0,,UP,0.5084091336515668,1.0,settlement,9.649198167579346
TRAIN,late_limit_97_to_99,270.0,,DOWN,0.5060710820988358,1.0,settlement,9.740069985676435
TRAIN,late_limit_97_to_99,270.0,,UP,0.5067683757089984,1.0,settlement,9.712880896542568
TRAIN,late_limit_97_to_99,270.0,,UP,0.5057420283614819,1.0,settlement,9.752926589467556
TRAIN,late_limit_97_to_99,270.0,,DOWN,0.5051955260532144,1.0,settlement,9.774316228656897
TRAIN,late_limit_97_to_99,270.0,,DOWN,0.507254545623018,1.0,settlement,9.693968236041815
TRAIN,late_limit_97_to_99,270.0,,UP,0.5083146373087629,1.0,settlement,9.652854696737272
TRAIN,late_limit_97_to_99,270.0,,DOWN,0.5069863856067834,1.0,settlement,9.704395533879207
TRAIN,late_limit_97_to_99,270.0,,UP,0.5064055703527179,1.0,settlement,9.727018171689686
TRAIN,late_limit_97_to_99,270.0,,UP,0.5058164195246758,1.0,settlement,9.7500185561338
TRAIN,late_limit_97_to_99,270.0,,UP,0.505665084223052,1.0,settlement,9.755935321626712
TRAIN,late_limit_97_to_99,270.0,,UP,0.5055173307884464,1.0,settlement,9.761715464439522
TRAIN,late_limit_97_to_99,270.0,,UP,0.5057242960677131,1.0,settlement,9.75361989082895
TRAIN,late_limit_97_to_99,270.0,,UP,0.5077248489977416,1.0,settlement,9.675707270857803
TRAIN,late_limit_97_to_99,270.0,,UP,0.5096428000145442,1.0,settlement,9.601585941594035
TRAIN,late_limit_97_to_99,270.0,,UP,0.5102388692742859,1.0,settlement,9.57866368907376
TRAIN,late_limit_97_to_99,270.0,,UP,0.5091732572718837,1.0,settlement,9.619680319385456
TRAIN,late_limit_97_to_99,270.0,,DOWN,0.5062883610947161,1.0,settlement,9.731589743002619
TRAIN,late_limit_97_to_99,270.0,,DOWN,0.5069282000500732,1.0,settlement,9.706659513146484
TRAIN,late_limit_97_to_99,270.0,,UP,0.5055833095789094,1.0,settlement,9.759133943976131
TRAIN,late_limit_97_to_99,270.0,,DOWN,0.5054636510376871,1.0,settlement,9.763816263485197
TRAIN,late_limit_97_to_99,270.0,,DOWN,0.5080797781825241,1.0,settlement,9.661948444733358
TRAIN,late_limit_97_to_99,270.0,,DOWN,0.5073281769734425,1.0,settlement,9.69110703855796
TRAIN,late_limit_97_to_99,270.0,,DOWN,0.5078567611226877,1.0,settlement,9.67059145317592
TRAIN,late_limit_97_to_99,270.0,,DOWN,0.5073097506844985,1.0,settlement,9.691822977002289
TRAIN,late_limit_97_to_99,270.0,,UP,0.5054198989258407,1.0,settlement,9.765528866696403
TRAIN,late_limit_97_to_99,270.0,,UP,0.5084582885922477,1.0,settlement,9.647296658073333
TRAIN,late_limit_97_to_99,270.0,,DOWN,0.5059037693349483,1.0,settlement,9.746605046540402
TRAIN,late_limit_97_to_99,270.0,,DOWN,0.5064257702724891,1.0,settlement,9.726230517888865
TRAIN,late_limit_97_to_99,270.0,,UP,0.5069763434222606,1.0,settlement,9.704786234593595
TRAIN,late_limit_97_to_99,270.0,,UP,0.5054002914884235,1.0,settlement,9.766296463244238
TRAIN,late_limit_97_to_99,270.0,,UP,0.5065895632449057,1.0,settlement,9.719846071731247
TRAIN,late_limit_97_to_99,270.0,,UP,0.5050196649840435,0.0,settlement,-10.02
TRAIN,late_limit_97_to_99,270.0,,DOWN,0.5065249355824478,1.0,settlement,9.722364684378476
TRAIN,late_limit_97_to_99,270.0,,DOWN,0.5061658754785909,1.0,settlement,9.736369373073167
TRAIN,late_limit_97_to_99,270.0,,DOWN,0.5055454105352924,1.0,settlement,9.760616719300419
TRAIN,late_limit_97_to_99,270.0,,DOWN,0.5068514587148899,1.0,settlement,9.709646286023855
TRAIN,late_limit_97_to_99,270.0,,UP,0.505245622173076,1.0,settlement,9.772353582381797
TRAIN,late_limit_97_to_99,270.0,,DOWN,0.5055834732276748,1.0,settlement,9.759127541807107
TRAIN,late_limit_97_to_99,270.0,,DOWN,0.507379203019758,1.0,settlement,9.689124734485002
TRAIN,late_limit_97_to_99,270.0,,UP,0.5084843087140497,1.0,settlement,9.646290244609261
TRAIN,late_limit_97_to_99,270.0,,UP,0.5061045731040025,1.0,settlement,9.738762381198718
TRAIN,late_limit_97_to_99,270.0,,UP,0.5050354511722389,1.0,settlement,9.780590189835145
TRAIN,late_limit_97_to_99,270.0,,UP,0.506755291438236,1.0,settlement,9.713390393652777
TRAIN,late_limit_97_to_99,270.0,,DOWN,0.5070678904123881,1.0,settlement,9.701225084607906
TRAIN,late_limit_97_to_99,270.0,,UP,0.5125877179458448,1.0,settlement,9.48885604531107
TRAIN,late_limit_97_to_99,270.0,,DOWN,0.5056813627409477,0.0,settlement,-10.02
TRAIN,late_limit_97_to_99,270.0,,DOWN,0.5068530359644327,1.0,settlement,9.709584890365988
TRAIN,late_limit_97_to_99,270.0,,DOWN,0.5085415562710053,1.0,settlement,9.644076370330946
TRAIN,late_limit_97_to_99,270.0,,UP,0.5070876474859318,1.0,settlement,9.700456709167682
TRAIN,late_limit_97_to_99,270.0,,UP,0.505697386598816,0.0,settlement,-10.02
TRAIN,late_limit_97_to_99,270.0,,DOWN,0.5051567401718079,1.0,settlement,9.775836034176084
TRAIN,late_limit_97_to_99,270.0,,UP,0.5173608175680022,1.0,settlement,9.30887002732014
TRAIN,late_limit_97_to_99,270.0,,DOWN,0.510934334242895,1.0,settlement,9.551986711008663
TRAIN,late_limit_97_to_99,270.0,,UP,0.5069419099988735,1.0,settlement,9.70612601712536
TRAIN,late_limit_97_to_99,270.0,,DOWN,0.5052244693848972,1.0,settlement,9.773182250604059
TRAIN,late_limit_97_to_99,270.0,,DOWN,0.5081856395117551,1.0,settlement,9.657848452403357
TRAIN,late_limit_97_to_99,270.0,,DOWN,0.5090885705551348,1.0,settlement,9.622947373765466
TRAIN,late_limit_97_to_99,270.0,,DOWN,0.5057704232530414,1.0,settlement,9.75181650061991
TRAIN,late_limit_97_to_99,270.0,,DOWN,0.50645358418452,1.0,settlement,9.72514607513692
TRAIN,late_limit_97_to_99,270.0,,DOWN,0.5058139281733574,1.0,settlement,9.750115931984983
TRAIN,late_limit_97_to_99,270.0,,DOWN,0.5064175004717556,1.0,settlement,9.72655297394828
TRAIN,late_limit_97_to_99,270.0,,UP,0.5059409816220061,1.0,settlement,9.745151199930088
TRAIN,late_limit_97_to_99,270.0,,DOWN,0.506566187994555,1.0,settlement,9.720756957326746
TRAIN,late_limit_97_to_99,270.0,,DOWN,0.5063962094216731,1.0,settlement,9.727383203007076
TRAIN,late_limit_97_to_99,270.0,,UP,0.5050039432779303,1.0,settlement,9.781825576036091
TRAIN,late_limit_97_to_99,270.0,,UP,0.5079770416817856,1.0,settlement,9.665929046896466
TRAIN,late_limit_97_to_99,270.0,,UP,0.5063350352578936,1.0,settlement,9.729769033672856
TRAIN,late_limit_97_to_99,270.0,,DOWN,0.5052234428541725,1.0,settlement,9.773222467086502
TRAIN,late_limit_97_to_99,270.0,,DOWN,0.5082436502232314,1.0,settlement,9.655602431250816
TRAIN,late_limit_97_to_99,270.0,,DOWN,0.5055219852195207,1.0,settlement,9.761533330657308
TRAIN,late_limit_97_to_99,270.0,,UP,0.5055658936651434,0.0,settlement,-10.02
TRAIN,late_limit_97_to_99,270.0,,DOWN,0.5052125051045516,1.0,settlement,9.773650986391441
TRAIN,late_limit_97_to_99,270.0,,DOWN,0.5071806471270287,1.0,settlement,9.696840649669731
TRAIN,late_limit_97_to_99,270.0,,UP,0.5076473450513662,1.0,settlement,9.67871426982082
TRAIN,late_limit_97_to_99,270.0,,UP,0.5116924070753573,1.0,settlement,9.52299079237127
TRAIN,late_limit_97_to_99,270.0,,DOWN,0.5065885795126049,1.0,settlement,9.719884404068331
TRAIN,late_limit_97_to_99,270.0,,UP,0.5060210475448212,0.0,settlement,-10.02
TRAIN,late_limit_97_to_99,270.0,,DOWN,0.5067112899348903,1.0,settlement,9.715103990449762
TRAIN,late_limit_97_to_99,270.0,,UP,0.5067077137518058,1.0,settlement,9.715243274583685
TRAIN,late_limit_97_to_99,270.0,,UP,0.5058937008550343,1.0,settlement,9.746998448683073
TRAIN,late_limit_97_to_99,270.0,,DOWN,0.5074599688465288,1.0,settlement,9.68598788852309
TRAIN,late_limit_97_to_99,270.0,,DOWN,0.5077105516853465,1.0,settlement,9.676261909083777
TRAIN,late_limit_97_to_99,270.0,,DOWN,0.5064095196248943,1.0,settlement,9.726864173104726
TRAIN,late_limit_97_to_99,270.0,,UP,0.5057800695023764,1.0,settlement,9.751439412072394
TRAIN,late_limit_97_to_99,270.0,,UP,0.5054298684054045,0.0,settlement,-10.02
TRAIN,late_limit_97_to_99,270.0,,UP,0.5050744074268515,1.0,settlement,9.779062975583994
TRAIN,late_limit_97_to_99,270.0,,UP,0.5066759493457942,1.0,settlement,9.716480511679546
TRAIN,late_limit_97_to_99,270.0,,DOWN,0.5060904758698066,1.0,settlement,9.739312764804001
TRAIN,late_limit_97_to_99,270.0,,UP,0.5074652845350052,1.0,settlement,9.685781468703002
TRAIN,late_limit_97_to_99,270.0,,UP,0.505618969308083,1.0,settlement,9.757738983338687
TRAIN,late_limit_97_to_99,270.0,,DOWN,0.5059009451770535,1.0,settlement,9.746715392279476
TRAIN,late_limit_97_to_99,270.0,,DOWN,0.5067670665922265,0.0,settlement,-10.02
TRAIN,late_limit_97_to_99,270.0,,UP,0.5062258732674547,1.0,settlement,9.73402785214159
TRAIN,late_limit_97_to_99,270.0,,DOWN,0.5063668150135437,1.0,settlement,9.72852953136854
TRAIN,late_limit_97_to_99,270.0,,UP,0.5078973319621941,1.0,settlement,9.669018568706246
TRAIN,late_limit_97_to_99,270.0,,DOWN,0.5061611695347252,1.0,settlement,9.73655305441985
TRAIN,late_limit_97_to_99,270.0,,UP,0.5077840128430773,1.0,settlement,9.673412449143694
TRAIN,late_limit_97_to_99,270.0,,UP,0.5075272050288955,1.0,settlement,9.683377278919782
TRAIN,late_limit_97_to_99,270.0,,UP,0.5079103084902303,1.0,settlement,9.668515536778774
TRAIN,late_limit_97_to_99,270.0,,UP,0.5067941263191483,1.0,settlement,9.711878253266505
TRAIN,late_limit_97_to_99,270.0,,UP,0.5096139342395272,1.0,settlement,9.602697356033893
TRAIN,late_limit_97_to_99,270.0,,DOWN,0.5126164763572482,1.0,settlement,9.4877615746219
TRAIN,late_limit_97_to_99,270.0,,DOWN,0.5077395770089136,1.0,settlement,9.675135957117728
TRAIN,late_limit_97_to_99,270.0,,UP,0.5064495056523157,0.0,settlement,-10.02
TRAIN,late_limit_97_to_99,270.0,,UP,0.5081632699742608,1.0,settlement,9.658714678663248
TRAIN,late_limit_97_to_99,270.0,,UP,0.5057184618088629,0.0,settlement,-10.02
TRAIN,late_limit_97_to_99,270.0,,UP,0.5062800720018499,1.0,settlement,9.731913126779087
TRAIN,late_limit_97_to_99,270.0,,UP,0.5075530815028648,1.0,settlement,9.682372745703756
TRAIN,late_limit_97_to_99,270.0,,DOWN,0.50523248964708,1.0,settlement,9.7728680457294
TRAIN,late_limit_97_to_99,270.0,,DOWN,0.5060091669150872,1.0,settlement,9.742487824016216
TRAIN,late_limit_97_to_99,270.0,,DOWN,0.5068201632939483,1.0,settlement,9.710864563492407
TRAIN,late_limit_97_to_99,270.0,,UP,0.5059505426536617,1.0,settlement,9.744777694576563
TRAIN,late_limit_97_to_99,270.0,,UP,0.505373760345444,0.0,settlement,-10.02
TRAIN,late_limit_97_to_99,270.0,,DOWN,0.5053854098399392,1.0,settlement,9.766879093258954
TRAIN,late_limit_97_to_99,270.0,,DOWN,0.5063776400805383,0.0,settlement,-10.02
TRAIN,late_limit_97_to_99,270.0,,DOWN,0.5075203490449868,1.0,settlement,9.683643447631688
TRAIN,late_limit_97_to_99,270.0,,DOWN,0.5056309768407657,1.0,settlement,9.757269309093811
TRAIN,late_limit_97_to_99,270.0,,UP,0.5063131266060463,1.0,settlement,9.730623625013838
TRAIN,late_limit_97_to_99,270.0,,UP,0.5051838024246204,1.0,settlement,9.774775588617814
TRAIN,late_limit_97_to_99,270.0,,DOWN,0.5063036591686153,1.0,settlement,9.73099294447264
TRAIN,late_limit_97_to_99,270.0,,DOWN,0.5062208838052803,1.0,settlement,9.734222553660068
TRAIN,late_limit_97_to_99,270.0,,UP,0.5057913759353934,1.0,settlement,9.750997442386875
TRAIN,late_limit_97_to_99,270.0,,UP,0.5051585555953753,1.0,settlement,9.775764892498142
TRAIN,late_limit_97_to_99,270.0,,UP,0.5069355581688045,1.0,settlement,9.706373182664173
TRAIN,late_limit_97_to_99,270.0,,UP,0.5073432961323217,1.0,settlement,9.690519634799454
TRAIN,late_limit_97_to_99,270.0,,DOWN,0.5155357556693762,1.0,settlement,9.377296676378755
TRAIN,late_limit_97_to_99,270.0,,UP,0.5086747431072808,1.0,settlement,9.63892770479264
TRAIN,late_limit_97_to_99,270.0,,UP,0.5051492416133211,0.0,settlement,-10.02
TRAIN,late_limit_97_to_99,270.0,,UP,0.5068455287163768,1.0,settlement,9.709877119219595
TRAIN,late_limit_97_to_99,270.0,,DOWN,0.5078066997204793,1.0,settlement,9.672532622166013
TRAIN,late_limit_97_to_99,270.0,,DOWN,0.5051147910042744,1.0,settlement,9.777480054222721
TRAIN,late_limit_97_to_99,270.0,,UP,0.5072469562162925,1.0,settlement,9.694263195570471
TRAIN,late_limit_97_to_99,270.0,,UP,0.5064798318984987,1.0,settlement,9.72412280646163
TRAIN,late_limit_97_to_99,270.0,,UP,0.50522244878903,1.0,settlement,9.773261411817796
TRAIN,late_limit_97_to_99,270.0,,UP,0.505883764259565,1.0,settlement,9.747386713104866
TRAIN,late_limit_97_to_99,270.0,,DOWN,0.506109801973642,0.0,settlement,-10.02
TRAIN,late_limit_97_to_99,270.0,,DOWN,0.5069195301505938,1.0,settlement,9.706996900334925
TRAIN,late_limit_97_to_99,270.0,,DOWN,0.505003921973689,1.0,settlement,9.781826411401624
TRAIN,late_limit_97_to_99,270.0,,UP,0.5051389729746985,1.0,settlement,9.776532310922846
TRAIN,late_limit_97_to_99,270.0,,DOWN,0.5053577734205726,1.0,settlement,9.767961175137057
TRAIN,late_limit_97_to_99,270.0,,DOWN,0.5054119131410665,1.0,settlement,9.76584148887856
TRAIN,late_limit_97_to_99,270.0,,UP,0.5072266867274138,1.0,settlement,9.695051005141714
TRAIN,late_limit_97_to_99,270.0,,UP,0.5050299644710353,0.0,settlement,-10.02
TRAIN,late_limit_97_to_99,270.0,,UP,0.5067380479876897,1.0,settlement,9.71406188801306
TRAIN,late_limit_97_to_99,270.0,,DOWN,0.5061252201245042,1.0,settlement,9.737956336457707
TRAIN,late_limit_97_to_99,270.0,,DOWN,0.5056647014196233,1.0,settlement,9.755950292606151
TRAIN,late_limit_97_to_99,270.0,,DOWN,0.5064164114052886,1.0,settlement,9.726595439611316
TRAIN,late_limit_97_to_99,270.0,,UP,0.5055693658771964,1.0,settlement,9.759679456347868
TRAIN,late_limit_97_to_99,270.0,,DOWN,0.5070417502522301,1.0,settlement,9.702241797693105
TRAIN,late_limit_97_to_99,270.0,,UP,0.5066569442655681,1.0,settlement,9.717220841797886
TRAIN,late_limit_97_to_99,270.0,,DOWN,0.5058841225589055,1.0,settlement,9.747372712583193
TRAIN,late_limit_97_to_99,270.0,,DOWN,0.5071549638265535,1.0,settlement,9.697839148312056
TRAIN,late_limit_97_to_99,270.0,,UP,0.5057375574351566,1.0,settlement,9.75310139020505
TRAIN,late_limit_97_to_99,270.0,,UP,0.5050353640335199,0.0,settlement,-10.02
TRAIN,late_limit_97_to_99,270.0,,DOWN,0.5053694150798174,1.0,settlement,9.767505340861621
TRAIN,late_limit_97_to_99,270.0,,DOWN,0.5056086694625658,1.0,settlement,9.758141879231324
TRAIN,late_limit_97_to_99,270.0,,DOWN,0.5063093303283376,1.0,settlement,9.730771714033157
TRAIN,late_limit_97_to_99,270.0,,UP,0.5053684519593081,0.0,settlement,-10.02
TRAIN,late_limit_97_to_99,270.0,,DOWN,0.5072979406975778,1.0,settlement,9.692281871771744
TRAIN,late_limit_97_to_99,270.0,,DOWN,0.507529885878602,1.0,settlement,9.683273202697539
TRAIN,late_limit_97_to_99,270.0,,UP,0.5068261024302729,1.0,settlement,9.710633351457584
TRAIN,late_limit_97_to_99,270.0,,DOWN,0.5062401397466549,1.0,settlement,9.733471158972982
TRAIN,late_limit_97_to_99,270.0,,DOWN,0.5067298249885028,1.0,settlement,9.714382124097174
TRAIN,late_limit_97_to_99,270.0,,DOWN,0.505188170004293,1.0,settlement,9.77460445385137
TRAIN,late_limit_97_to_99,270.0,,UP,0.5082847384086573,1.0,settlement,9.654011915659904
TRAIN,late_limit_97_to_99,270.0,,UP,0.5078521943868783,1.0,settlement,9.67076851597114
TRAIN,late_limit_97_to_99,270.0,,UP,0.5053581286929817,1.0,settlement,9.767947263979327
TRAIN,late_limit_97_to_99,270.0,,UP,0.5059107884621727,1.0,settlement,9.74633079993649
TRAIN,late_limit_97_to_99,270.0,,DOWN,0.5060644899713496,1.0,settlement,9.740327385480342
TRAIN,late_limit_97_to_99,270.0,,DOWN,0.5053985134578164,0.0,settlement,-10.02
TRAIN,late_limit_97_to_99,270.0,,UP,0.5065064626302744,1.0,settlement,9.723084714201413
TRAIN,late_limit_97_to_99,270.0,,DOWN,0.5065490822421824,1.0,settlement,9.721423586705807
TRAIN,late_limit_97_to_99,270.0,,DOWN,0.5053685286592848,1.0,settlement,9.767540048307826
TRAIN,late_limit_97_to_99,270.0,,UP,0.5063780496964514,1.0,settlement,9.72809138349205
TRAIN,late_limit_97_to_99,270.0,,DOWN,0.505825884951201,1.0,settlement,9.74964860342159
TRAIN,late_limit_97_to_99,270.0,,UP,0.5057317508548939,1.0,settlement,9.753328415896181
TRAIN,late_limit_97_to_99,270.0,,UP,0.5067553912846163,1.0,settlement,9.713386505568632
TRAIN,late_limit_97_to_99,270.0,,UP,0.5069717642363929,1.0,settlement,9.704964397301541
TRAIN,late_limit_97_to_99,270.0,,DOWN,0.5064463969212104,1.0,settlement,9.725426289518524
TRAIN,late_limit_97_to_99,270.0,,DOWN,0.5062469108489668,1.0,settlement,9.73320695434997
TRAIN,late_limit_97_to_99,270.0,,UP,0.5053149539720261,1.0,settlement,9.769637970131384
TRAIN,late_limit_97_to_99,270.0,,DOWN,0.5074664366341669,1.0,settlement,9.6857367307407
TRAIN,late_limit_97_to_99,270.0,,DOWN,0.5069464959172596,1.0,settlement,9.705947571461532
TRAIN,late_limit_97_to_99,270.0,,UP,0.5058270258465748,1.0,settlement,9.749604012880791
TRAIN,late_limit_97_to_99,270.0,,DOWN,0.5059203920546519,1.0,settlement,9.745955587178138
TRAIN,late_limit_97_to_99,270.0,,DOWN,0.5056681468832739,1.0,settlement,9.755815545503115
TRAIN,late_limit_97_to_99,270.0,,DOWN,0.5054937514721118,1.0,settlement,9.762638204483725
TRAIN,late_limit_97_to_99,270.0,,DOWN,0.5090496948486645,1.0,settlement,9.624447489498845
TRAIN,late_limit_97_to_99,270.0,,DOWN,0.5065758975010639,1.0,settlement,9.720378587552123
TRAIN,late_limit_97_to_99,270.0,,UP,0.5073335749604315,1.0,settlement,9.690897314020525
TRAIN,late_limit_97_to_99,270.0,,UP,0.5054024411143391,1.0,settlement,9.766212306279034
TRAIN,late_limit_97_to_99,270.0,,DOWN,0.5052326929107885,0.0,settlement,-10.02
TRAIN,late_limit_97_to_99,270.0,,DOWN,0.5057014327626659,1.0,settlement,9.754513877426895
TRAIN,late_limit_97_to_99,270.0,,DOWN,0.5069642351059268,1.0,settlement,9.70525734070879
TRAIN,late_limit_97_to_99,270.0,,DOWN,0.5082241546636025,1.0,settlement,9.656357190498113
TRAIN,late_limit_97_to_99,270.0,,UP,0.5069245918290808,1.0,settlement,9.706799924852906
TRAIN,late_limit_97_to_99,270.0,,DOWN,0.5061570248664291,1.0,settlement,9.73671483101301
TRAIN,late_limit_97_to_99,270.0,,UP,0.5063435321058818,1.0,settlement,9.72943761680932
TRAIN,late_limit_97_to_99,270.0,,DOWN,0.5061039227571468,1.0,settlement,9.738787771337797
TRAIN,late_limit_97_to_99,270.0,,UP,0.5055174343741125,1.0,settlement,9.761711410964743
TRAIN,late_limit_97_to_99,270.0,,DOWN,0.5055658828893818,1.0,settlement,9.75981572421098
TRAIN,late_limit_97_to_99,270.0,,UP,0.5065686199061757,1.0,settlement,9.720662186797423
TRAIN,late_limit_97_to_99,270.0,,UP,0.5061172390756049,1.0,settlement,9.738267903034572
TRAIN,late_limit_97_to_99,270.0,,UP,0.5063152200199356,1.0,settlement,9.73054196396913
TRAIN,late_limit_97_to_99,270.0,,UP,0.5051641082921203,0.0,settlement,-10.02
TRAIN,late_limit_97_to_99,270.0,,UP,0.5059198735546212,1.0,settlement,9.745975844632163
TRAIN,late_limit_97_to_99,270.0,,UP,0.5055825193992645,1.0,settlement,9.759164856969438
TRAIN,late_limit_97_to_99,270.0,,UP,0.5078064012990771,1.0,settlement,9.672544194830682
TRAIN,late_limit_97_to_99,270.0,,UP,0.5055299050578623,1.0,settlement,9.761223425062088
TRAIN,late_limit_97_to_99,270.0,,UP,0.5097937097466061,1.0,settlement,9.595777536703068
TRAIN,late_limit_97_to_99,270.0,,DOWN,0.507708716736931,1.0,settlement,9.676333094831413
TRAIN,late_limit_97_to_99,270.0,,UP,0.5070853643375751,1.0,settlement,9.700545500388046
TRAIN,late_limit_97_to_99,270.0,,UP,0.5054691391521746,0.0,settlement,-10.02
TRAIN,late_limit_97_to_99,270.0,,DOWN,0.5065660138076825,1.0,settlement,9.720763745347696
TRAIN,late_limit_97_to_99,270.0,,UP,0.5052417786189227,1.0,settlement,9.772504149864602
TRAIN,late_limit_97_to_99,270.0,,DOWN,0.505637240301159,0.0,settlement,-10.02
TRAIN,late_limit_97_to_99,270.0,,DOWN,0.5066207404802835,1.0,settlement,9.718631289591226
TRAIN,late_limit_97_to_99,270.0,,UP,0.5052816700063595,1.0,settlement,9.770941555180777
TRAIN,late_limit_97_to_99,270.0,,DOWN,0.5066370518555229,1.0,settlement,9.71799579674581
TRAIN,late_limit_97_to_99,270.0,,DOWN,0.5051846044676555,1.0,settlement,9.774744161963575
TRAIN,late_limit_97_to_99,270.0,,UP,0.5057115099774265,1.0,settlement,9.75411983454039
TRAIN,late_limit_97_to_99,270.0,,DOWN,0.5051839977274769,0.0,settlement,-10.02
TRAIN,late_limit_97_to_99,270.0,,UP,0.5081809002199792,1.0,settlement,9.65803196789026
TRAIN,late_limit_97_to_99,270.0,,UP,0.5074986955577198,1.0,settlement,9.684484144556116
TRAIN,late_limit_97_to_99,270.0,,UP,0.5071973070762593,1.0,settlement,9.696193009077742
TRAIN,late_limit_97_to_99,270.0,,DOWN,0.5059091565469539,1.0,settlement,9.74639456034809
TRAIN,late_limit_97_to_99,270.0,,UP,0.5062720159019082,1.0,settlement,9.732227430910445
TRAIN,late_limit_97_to_99,270.0,,DOWN,0.5081294784606128,1.0,settlement,9.660023348173333
TRAIN,late_limit_97_to_99,270.0,,DOWN,0.5098152182005514,1.0,settlement,9.594949972062611
TRAIN,late_limit_97_to_99,270.0,,DOWN,0.5068124139781544,1.0,settlement,9.71116625440639
TRAIN,late_limit_97_to_99,270.0,,DOWN,0.5090042726800322,1.0,settlement,9.626200507016474
TRAIN,late_limit_97_to_99,270.0,,DOWN,0.5310562057869451,1.0,settlement,8.81039853602974
TRAIN,late_limit_97_to_99,270.0,,UP,0.5127574063093389,1.0,settlement,9.482399920416068
TRAIN,late_limit_97_to_99,270.0,,DOWN,0.508076289491581,1.0,settlement,9.662083590255207
TRAIN,late_limit_97_to_99,270.0,,UP,0.5103561506102217,1.0,settlement,9.574159858842144
TRAIN,late_limit_97_to_99,270.0,,DOWN,0.5080143924262496,1.0,settlement,9.664481678246428
TRAIN,late_limit_97_to_99,270.0,,DOWN,0.5102718035046011,1.0,settlement,9.577398741844906
TRAIN,late_limit_97_to_99,270.0,,DOWN,0.5093826604387737,1.0,settlement,9.61160660275748
TRAIN,late_limit_97_to_99,270.0,,UP,0.5106627216716692,1.0,settlement,9.562396708466817
TRAIN,late_limit_97_to_99,270.0,,UP,0.5099955889765988,1.0,settlement,9.588012728241168
TRAIN,late_limit_97_to_99,270.0,,DOWN,0.5050051202090552,1.0,settlement,9.781779427227065
TRAIN,late_limit_97_to_99,270.0,,UP,0.5086859248962541,1.0,settlement,9.638495567848647
TRAIN,late_limit_97_to_99,270.0,,UP,0.5071586038860323,1.0,settlement,9.697697626297554
TRAIN,late_limit_97_to_99,270.0,,DOWN,0.5073820077945124,1.0,settlement,9.689015783724752
TRAIN,late_limit_97_to_99,270.0,,DOWN,0.5068446691570133,1.0,settlement,9.709910579176164
TRAIN,late_limit_97_to_99,270.0,,UP,0.5076769432931476,1.0,settlement,9.677565808549446
TRAIN,late_limit_97_to_99,270.0,,UP,0.5120125225074124,1.0,settlement,9.510772315935363
TRAIN,late_limit_97_to_99,270.0,,UP,0.5053583501970675,1.0,settlement,9.767938590705864
TRAIN,late_limit_97_to_99,270.0,,DOWN,0.5068326674497202,1.0,settlement,9.71037777994458
TRAIN,late_limit_97_to_99,270.0,,UP,0.5076474823889533,1.0,settlement,9.67870894058354
TRAIN,late_limit_97_to_99,270.0,,DOWN,0.5095170051896557,1.0,settlement,9.606430321550771
TRAIN,late_limit_97_to_99,270.0,,UP,0.5060976438071436,1.0,settlement,9.739032910674162
TRAIN,late_limit_97_to_99,270.0,,UP,0.5097352328852646,1.0,settlement,9.598027860065312
TRAIN,late_limit_97_to_99,270.0,,DOWN,0.5074516048133239,1.0,settlement,9.686312690997791
TRAIN,late_limit_97_to_99,270.0,,DOWN,0.5051799288029812,1.0,settlement,9.774927371114881
TRAIN,late_limit_97_to_99,270.0,,DOWN,0.5096333845810066,1.0,settlement,9.60194844872941
TRAIN,late_limit_97_to_99,270.0,,UP,0.5059703673290553,1.0,settlement,9.744003281039085
TRAIN,late_limit_97_to_99,270.0,,UP,0.5050583927745533,0.0,settlement,-10.02
TRAIN,late_limit_97_to_99,270.0,,DOWN,0.5072834922287789,1.0,settlement,9.69284331777569
TRAIN,late_limit_97_to_99,270.0,,DOWN,0.5067571825113437,1.0,settlement,9.713316754274423
TRAIN,late_limit_97_to_99,270.0,,UP,0.5087436753733636,1.0,settlement,9.636264016768497
TRAIN,late_limit_97_to_99,270.0,,UP,0.5089220138641036,1.0,settlement,9.629375989992603
TRAIN,late_limit_97_to_99,270.0,,DOWN,0.5062919083054452,1.0,settlement,9.731451358308128
TRAIN,late_limit_97_to_99,270.0,,UP,0.5058610424908814,0.0,settlement,-10.02
TRAIN,late_limit_97_to_99,270.0,,DOWN,0.5055803290270898,1.0,settlement,9.7592505480651
TRAIN,late_limit_97_to_99,270.0,,UP,0.5101253649605045,1.0,settlement,9.583024446302982
TRAIN,late_limit_97_to_99,270.0,,UP,0.5058035414891787,1.0,settlement,9.75052191164609
TRAIN,late_limit_97_to_99,270.0,,DOWN,0.5086836723550606,1.0,settlement,9.63858261914098
TRAIN,late_limit_97_to_99,270.0,,DOWN,0.5053907128382104,0.0,settlement,-10.02
TRAIN,late_limit_97_to_99,270.0,,UP,0.5066575426907507,1.0,settlement,9.717197529700481
TRAIN,late_limit_97_to_99,270.0,,DOWN,0.506828246934189,1.0,settlement,9.710549866725337
TRAIN,late_limit_97_to_99,270.0,,UP,0.5093886013733463,1.0,settlement,9.61137764182261
TRAIN,late_limit_97_to_99,270.0,,UP,0.5071162035660616,1.0,settlement,9.699346235990088
TRAIN,late_limit_97_to_99,270.0,,DOWN,0.5092965692031065,1.0,settlement,9.614925119654632
TRAIN,late_limit_97_to_99,270.0,,UP,0.5082009654317469,1.0,settlement,9.657255023520875
TRAIN,late_limit_97_to_99,270.0,,UP,0.5064669367301186,1.0,settlement,9.724625512106645
TRAIN,late_limit_97_to_99,270.0,,UP,0.5068016999132228,1.0,settlement,9.711583382045191
TRAIN,late_limit_97_to_99,270.0,,UP,0.5065841428589741,1.0,settlement,9.720057285574885
TRAIN,late_limit_97_to_99,270.0,,UP,0.5075887921241297,1.0,settlement,9.680986615863898
TRAIN,late_limit_97_to_99,270.0,,UP,0.5116104783381612,1.0,settlement,9.526120385341798
TRAIN,late_limit_97_to_99,270.0,,UP,0.5100205924770368,1.0,settlement,9.587051455378717
TRAIN,late_limit_97_to_99,270.0,,DOWN,0.5069191674892098,1.0,settlement,9.707011013472592
TRAIN,late_limit_97_to_99,270.0,,DOWN,0.506347073727457,1.0,settlement,9.729299480266242
TRAIN,late_limit_97_to_99,270.0,,DOWN,0.5069629074906195,1.0,settlement,9.705308996467426
TRAIN,late_limit_97_to_99,270.0,,UP,0.5076936782321804,1.0,settlement,9.676916524193476
TRAIN,late_limit_97_to_99,270.0,,UP,0.5057378248659541,1.0,settlement,9.753090934320568
TRAIN,late_limit_97_to_99,270.0,,UP,0.5066581728239046,1.0,settlement,9.717172982455029
TRAIN,late_limit_97_to_99,270.0,,UP,0.5056027927554678,0.0,settlement,-10.02
TRAIN,late_limit_97_to_99,270.0,,UP,0.5097967954910718,1.0,settlement,9.595658804538587
TRAIN,late_limit_97_to_99,270.0,,UP,0.507248755910432,1.0,settlement,9.694193250314768
TRAIN,late_limit_97_to_99,270.0,,UP,0.5058824230501392,1.0,settlement,9.747439120945455
TRAIN,late_limit_97_to_99,270.0,,UP,0.5069878604046333,1.0,settlement,9.704338156773371
TRAIN,late_limit_97_to_99,270.0,,UP,0.5059689047650399,0.0,settlement,-10.02
TRAIN,late_limit_97_to_99,270.0,,DOWN,0.5059283969261669,1.0,settlement,9.74564284739953
TRAIN,late_limit_97_to_99,270.0,,DOWN,0.5072669919911834,1.0,settlement,9.693484531581362
TRAIN,late_limit_97_to_99,270.0,,UP,0.5090953687359194,1.0,settlement,9.622685072602284
TRAIN,late_limit_97_to_99,270.0,,DOWN,0.509012408835171,1.0,settlement,9.62588647825718
TRAIN,late_limit_97_to_99,270.0,,DOWN,0.5074890366899275,1.0,settlement,9.68485917336168
TRAIN,late_limit_97_to_99,270.0,,DOWN,0.5064735989508538,1.0,settlement,9.724365788690125
TRAIN,late_limit_97_to_99,270.0,,DOWN,0.5087325441813721,1.0,settlement,9.636694100613354
TRAIN,late_limit_97_to_99,270.0,,UP,0.5050137271026897,1.0,settlement,9.781441947669268
TRAIN,late_limit_97_to_99,270.0,,UP,0.5056156662065013,1.0,settlement,9.757868187960465
TRAIN,late_limit_97_to_99,270.0,,UP,0.5070579445527023,1.0,settlement,9.701611913252702
TRAIN,late_limit_97_to_99,270.0,,UP,0.50557289813486,1.0,settlement,9.759541262776576
TRAIN,late_limit_97_to_99,270.0,,UP,0.505750183766928,1.0,settlement,9.752607743843036
TRAIN,late_limit_97_to_99,270.0,,DOWN,0.5060481625476451,1.0,settlement,9.740964943842648
TRAIN,late_limit_97_to_99,270.0,,UP,0.5072318952811006,1.0,settlement,9.694848559470309
TRAIN,late_limit_97_to_99,270.0,,DOWN,0.5080971536035565,1.0,settlement,9.661275380264215
TRAIN,late_limit_97_to_99,270.0,,DOWN,0.5058214118199684,1.0,settlement,9.749823432384062
TRAIN,late_limit_97_to_99,270.0,,DOWN,0.509875434691856,1.0,settlement,9.592633438681968
TRAIN,late_limit_97_to_99,270.0,,UP,0.5062910227449589,1.0,settlement,9.731485905839264
TRAIN,late_limit_97_to_99,270.0,,UP,0.5063976432939192,1.0,settlement,9.72732728800612
TRAIN,late_limit_97_to_99,270.0,,DOWN,0.5053951826235666,1.0,settlement,9.766496476062173
TRAIN,late_limit_97_to_99,270.0,,UP,0.5052939356380199,0.0,settlement,-10.02
TRAIN,late_limit_97_to_99,270.0,,UP,0.5069726073643632,1.0,settlement,9.704931593420312
TRAIN,late_limit_97_to_99,270.0,,DOWN,0.5059533056734982,1.0,settlement,9.744669758780471
TRAIN,late_limit_97_to_99,270.0,,DOWN,0.505712079941657,1.0,settlement,9.754097548062685
TRAIN,late_limit_97_to_99,270.0,,UP,0.5076942005846853,1.0,settlement,9.676896258581476
TRAIN,late_limit_97_to_99,270.0,,DOWN,0.5050411885135179,1.0,settlement,9.780365252253759
TRAIN,late_limit_97_to_99,270.0,,DOWN,0.5055207135002456,1.0,settlement,9.761583094310023
TRAIN,late_limit_97_to_99,270.0,,DOWN,0.5069146967913191,1.0,settlement,9.707184994434453
TRAIN,late_limit_97_to_99,270.0,,DOWN,0.506392600856925,1.0,settlement,9.727523923291642
TRAIN,late_limit_97_to_99,270.0,,UP,0.5065954455781193,1.0,settlement,9.7196168625009
TRAIN,late_limit_97_to_99,270.0,,DOWN,0.5053221853915096,0.0,settlement,-10.02
TRAIN,late_limit_97_to_99,270.0,,DOWN,0.5055374521586246,1.0,settlement,9.760928113832918
TRAIN,late_limit_97_to_99,270.0,,UP,0.5050002806569864,1.0,settlement,9.781969192948516
TRAIN,late_limit_97_to_99,270.0,,UP,0.5057542701738524,1.0,settlement,9.752447984596376
TRAIN,late_limit_97_to_99,270.0,,DOWN,0.5077686028699947,1.0,settlement,9.674010113028444
TRAIN,late_limit_97_to_99,270.0,,DOWN,0.5052827894599795,1.0,settlement,9.770897708365428
TRAIN,late_limit_97_to_99,270.0,,UP,0.5063894282417161,1.0,settlement,9.727647644860937
TRAIN,late_limit_97_to_99,270.0,,UP,0.5061834489603779,1.0,settlement,9.735683479059706
TRAIN,late_limit_97_to_99,270.0,,DOWN,0.5052815286609236,1.0,settlement,9.77094709141969
TRAIN,late_limit_97_to_99,270.0,,DOWN,0.5059345855599494,1.0,settlement,9.74540107241804
TRAIN,late_limit_97_to_99,270.0,,UP,0.5084074926324452,1.0,settlement,9.64926165509825
TRAIN,late_limit_97_to_99,270.0,,DOWN,0.5066793143102731,1.0,settlement,9.716349437538597
TRAIN,late_limit_97_to_99,270.0,,UP,0.5060963565951232,1.0,settlement,9.739083166054076
TRAIN,late_limit_97_to_99,270.0,,UP,0.5082974904632052,1.0,settlement,9.65351833841856
TRAIN,late_limit_97_to_99,270.0,,DOWN,0.506414321499861,1.0,settlement,9.726676931218552
TRAIN,late_limit_97_to_99,270.0,,DOWN,0.5065822400775774,1.0,settlement,9.720131431509746
TRAIN,late_limit_97_to_99,270.0,,DOWN,0.5051574161758284,1.0,settlement,9.775809543295576
TRAIN,late_limit_97_to_99,270.0,,UP,0.5084358020860064,1.0,settlement,9.648166480354217
TRAIN,late_limit_97_to_99,270.0,,DOWN,0.5070346416806955,1.0,settlement,9.702518301417143
TRAIN,late_limit_97_to_99,270.0,,DOWN,0.5085278261164708,1.0,settlement,9.644607296650953
TRAIN,late_limit_97_to_99,270.0,,DOWN,0.5050510445060691,1.0,settlement,9.779978851206657
TRAIN,late_limit_97_to_99,270.0,,UP,0.5059492820164633,1.0,settlement,9.744826941042298
TRAIN,late_limit_97_to_99,270.0,,DOWN,0.506296651676099,1.0,settlement,9.731266311746129
TRAIN,late_limit_97_to_99,270.0,,UP,0.5073629199201737,1.0,settlement,9.689757271133171
TRAIN,late_limit_97_to_99,270.0,,UP,0.5079878932579152,1.0,settlement,9.665508518453628
TRAIN,late_limit_97_to_99,270.0,,DOWN,0.5073414370695787,1.0,settlement,9.690591860503922
TRAIN,late_limit_97_to_99,270.0,,DOWN,0.5052141886763826,1.0,settlement,9.773585026182925
TRAIN,late_limit_97_to_99,270.0,,DOWN,0.5058425111511079,1.0,settlement,9.748998808035626
TRAIN,late_limit_97_to_99,270.0,,UP,0.5053380175611641,1.0,settlement,9.768734772541904
TRAIN,late_limit_97_to_99,270.0,,UP,0.5054471010649593,0.0,settlement,-10.02
TRAIN,late_limit_97_to_99,270.0,,DOWN,0.5055847553659857,1.0,settlement,9.759077382903172
TRAIN,late_limit_97_to_99,270.0,,UP,0.5072424440679738,1.0,settlement,9.694438562755476
TRAIN,late_limit_97_to_99,270.0,,DOWN,0.5073188000504893,1.0,settlement,9.69147136476074
TRAIN,late_limit_97_to_99,270.0,,UP,0.5052978626759386,1.0,settlement,9.770307338808745
TRAIN,late_limit_97_to_99,270.0,,DOWN,0.511663814398381,1.0,settlement,9.524082889187877
TRAIN,late_limit_97_to_99,270.0,,UP,0.5066739008614866,1.0,settlement,9.716560306337506
TRAIN,late_limit_97_to_99,270.0,,UP,0.5053501596116104,0.0,settlement,-10.02
TRAIN,late_limit_97_to_99,270.0,,UP,0.506401271306509,1.0,settlement,9.72718581215273
TRAIN,late_limit_97_to_99,270.0,,DOWN,0.5070829480661136,1.0,settlement,9.70063946961237
TRAIN,late_limit_97_to_99,270.0,,DOWN,0.5074501662987804,1.0,settlement,9.68636855425154
TRAIN,late_limit_97_to_99,270.0,,DOWN,0.505291494786629,1.0,settlement,9.770556744325827
TRAIN,late_limit_97_to_99,270.0,,UP,0.5097188072026808,1.0,settlement,9.598660050783007
TRAIN,late_limit_97_to_99,270.0,,UP,0.5058389071783796,1.0,settlement,9.749139657091636
TRAIN,late_limit_97_to_99,270.0,,DOWN,0.508567219862161,1.0,settlement,9.643084071187953
TRAIN,late_limit_97_to_99,270.0,,UP,0.5064103517348144,1.0,settlement,9.726831725976595
TRAIN,late_limit_97_to_99,270.0,,DOWN,0.507186019964481,1.0,settlement,9.69663178078196
TRAIN,late_limit_97_to_99,270.0,,UP,0.5053879311563769,1.0,settlement,9.76678037902295
TRAIN,late_limit_97_to_99,270.0,,DOWN,0.5061399069241113,1.0,settlement,9.737383014454466
TRAIN,late_limit_97_to_99,270.0,,UP,0.5054351276392467,1.0,settlement,9.764932730551092
TRAIN,late_limit_97_to_99,270.0,,UP,0.5069968247257641,1.0,settlement,9.703989406460337
TRAIN,late_limit_97_to_99,270.0,,DOWN,0.5063313665614967,1.0,settlement,9.729912133451535
TRAIN,late_limit_97_to_99,270.0,,DOWN,0.5050157708955513,1.0,settlement,9.781361811467523
TRAIN,late_limit_97_to_99,270.0,,UP,0.5060150978665752,1.0,settlement,9.742256189906762
TRAIN,late_limit_97_to_99,270.0,,UP,0.5051734438608727,1.0,settlement,9.775181479796966
TRAIN,late_limit_97_to_99,270.0,,DOWN,0.5072955341679187,1.0,settlement,9.692375383714541
TRAIN,late_limit_97_to_99,270.0,,UP,0.5059958081248552,1.0,settlement,9.743009573258135
TRAIN,late_limit_97_to_99,270.0,,UP,0.5065151599387315,1.0,settlement,9.722745708163224
TRAIN,late_limit_97_to_99,270.0,,UP,0.5055404372808232,1.0,settlement,9.760811311133732
TRAIN,late_limit_97_to_99,270.0,,DOWN,0.5052781001905219,0.0,settlement,-10.02
TRAIN,late_limit_97_to_99,270.0,,DOWN,0.5053608173912224,0.0,settlement,-10.02
TRAIN,late_limit_97_to_99,270.0,,UP,0.5065412778221202,1.0,settlement,9.72172774822046
TRAIN,late_limit_97_to_99,270.0,,UP,0.5054447364089879,1.0,settlement,9.764556608595
TRAIN,late_limit_97_to_99,270.0,,DOWN,0.505386004530346,1.0,settlement,9.7668558099328
TRAIN,late_limit_97_to_99,270.0,,DOWN,0.5057879932960129,1.0,settlement,9.751129668053412
TRAIN,late_limit_97_to_99,270.0,,DOWN,0.5072847103149887,1.0,settlement,9.692795983523123
TRAIN,late_limit_97_to_99,270.0,,DOWN,0.5058667647179426,1.0,settlement,9.748050991797665
TRAIN,late_limit_97_to_99,270.0,,UP,0.5057480229383505,1.0,settlement,9.752692223097384
TRAIN,late_limit_97_to_99,270.0,,UP,0.5050873107023142,1.0,settlement,9.778557176372523
TRAIN,late_limit_97_to_99,270.0,,DOWN,0.5050202756056151,0.0,settlement,-10.02
TRAIN,late_limit_97_to_99,270.0,,UP,0.507005829268451,1.0,settlement,9.70363910377285
TRAIN,late_limit_97_to_99,270.0,,DOWN,0.5061891983200862,1.0,settlement,9.73545909155602
TRAIN,late_limit_97_to_99,270.0,,UP,0.5052683570347914,1.0,settlement,9.771463013211068
TRAIN,late_limit_97_to_99,270.0,,UP,0.506737078040806,1.0,settlement,9.7140996610371
TRAIN,late_limit_97_to_99,270.0,,DOWN,0.5056838281161539,1.0,settlement,9.755202298348038
TRAIN,late_limit_97_to_99,270.0,,UP,0.5051065260611124,1.0,settlement,9.777803995884444
TRAIN,late_limit_97_to_99,270.0,,DOWN,0.5062052661338444,1.0,settlement,9.734832019775801
TRAIN,late_limit_97_to_99,270.0,,UP,0.5062016426789875,1.0,settlement,9.734973427341473
TRAIN,late_limit_97_to_99,270.0,,UP,0.5052083218556463,1.0,settlement,9.77381488267984
TRAIN,late_limit_97_to_99,270.0,,DOWN,0.5084587311709657,1.0,settlement,9.647279539030219
TRAIN,fixed_97_to_99,270.0,,UP,0.97,1.0,settlement,0.2892783505154646
TRAIN,fixed_97_to_99,270.0,,UP,0.97,1.0,settlement,0.2892783505154646
TRAIN,fixed_97_to_99,270.0,,DOWN,0.97,1.0,settlement,0.2892783505154646
TRAIN,fixed_97_to_99,270.0,,DOWN,0.97,1.0,settlement,0.2892783505154646
TRAIN,fixed_97_to_99,270.0,,DOWN,0.97,1.0,settlement,0.2892783505154646
TRAIN,fixed_97_to_99,270.0,,UP,0.97,1.0,settlement,0.2892783505154646
TRAIN,fixed_97_to_99,270.0,,UP,0.97,1.0,settlement,0.2892783505154646
TRAIN,fixed_97_to_99,270.0,,DOWN,0.97,1.0,settlement,0.2892783505154646
TRAIN,fixed_97_to_99,270.0,,DOWN,0.97,1.0,settlement,0.2892783505154646
TRAIN,fixed_97_to_99,270.0,,UP,0.97,1.0,settlement,0.2892783505154646
TRAIN,fixed_97_to_99,270.0,,UP,0.97,1.0,settlement,0.2892783505154646
TRAIN,fixed_97_to_99,270.0,,DOWN,0.97,1.0,settlement,0.2892783505154646
TRAIN,fixed_97_to_99,270.0,,DOWN,0.97,1.0,settlement,0.2892783505154646
TRAIN,fixed_97_to_99,270.0,,DOWN,0.97,1.0,settlement,0.2892783505154646
TRAIN,fixed_97_to_99,270.0,,DOWN,0.97,1.0,settlement,0.2892783505154646
TRAIN,fixed_97_to_99,270.0,,UP,0.97,1.0,settlement,0.2892783505154646
TRAIN,fixed_97_to_99,270.0,,UP,0.97,1.0,settlement,0.2892783505154646
TRAIN,fixed_97_to_99,270.0,,DOWN,0.97,1.0,settlement,0.2892783505154646
TRAIN,fixed_97_to_99,270.0,,UP,0.97,1.0,settlement,0.2892783505154646
TRAIN,fixed_97_to_99,270.0,,DOWN,0.97,1.0,settlement,0.2892783505154646
TRAIN,fixed_97_to_99,270.0,,DOWN,0.97,1.0,settlement,0.2892783505154646
TRAIN,fixed_97_to_99,270.0,,DOWN,0.97,1.0,settlement,0.2892783505154646
TRAIN,fixed_97_to_99,270.0,,DOWN,0.97,1.0,settlement,0.2892783505154646
TRAIN,fixed_97_to_99,270.0,,DOWN,0.97,1.0,settlement,0.2892783505154646
TRAIN,fixed_97_to_99,270.0,,DOWN,0.97,1.0,settlement,0.2892783505154646
TRAIN,fixed_97_to_99,270.0,,DOWN,0.97,1.0,settlement,0.2892783505154646
TRAIN,fixed_97_to_99,270.0,,UP,0.97,1.0,settlement,0.2892783505154646
TRAIN,fixed_97_to_99,270.0,,DOWN,0.97,1.0,settlement,0.2892783505154646
TRAIN,fixed_97_to_99,270.0,,UP,0.97,1.0,settlement,0.2892783505154646
TRAIN,fixed_97_to_99,270.0,,UP,0.97,1.0,settlement,0.2892783505154646
TRAIN,fixed_97_to_99,270.0,,DOWN,0.97,1.0,settlement,0.2892783505154646
TRAIN,fixed_97_to_99,270.0,,DOWN,0.97,1.0,settlement,0.2892783505154646
TRAIN,fixed_97_to_99,270.0,,UP,0.97,1.0,settlement,0.2892783505154646
TRAIN,fixed_97_to_99,270.0,,DOWN,0.97,1.0,settlement,0.2892783505154646
TRAIN,fixed_97_to_99,270.0,,UP,0.97,1.0,settlement,0.2892783505154646
TRAIN,fixed_97_to_99,270.0,,DOWN,0.97,1.0,settlement,0.2892783505154646
TRAIN,fixed_97_to_99,270.0,,UP,0.97,1.0,settlement,0.2892783505154646
TRAIN,fixed_97_to_99,270.0,,UP,0.97,1.0,settlement,0.2892783505154646
TRAIN,fixed_97_to_99,270.0,,UP,0.97,1.0,settlement,0.2892783505154646
TRAIN,fixed_97_to_99,270.0,,DOWN,0.97,1.0,settlement,0.2892783505154646
TRAIN,fixed_97_to_99,270.0,,UP,0.97,1.0,settlement,0.2892783505154646
TRAIN,fixed_97_to_99,270.0,,DOWN,0.97,1.0,settlement,0.2892783505154646
TRAIN,fixed_97_to_99,270.0,,DOWN,0.97,1.0,settlement,0.2892783505154646
TRAIN,fixed_97_to_99,270.0,,DOWN,0.97,1.0,settlement,0.2892783505154646
TRAIN,fixed_97_to_99,270.0,,UP,0.97,1.0,settlement,0.2892783505154646
TRAIN,fixed_97_to_99,270.0,,UP,0.97,1.0,settlement,0.2892783505154646
TRAIN,fixed_97_to_99,270.0,,DOWN,0.97,1.0,settlement,0.2892783505154646
TRAIN,fixed_97_to_99,270.0,,UP,0.97,1.0,settlement,0.2892783505154646
TRAIN,fixed_97_to_99,270.0,,UP,0.97,1.0,settlement,0.2892783505154646
TRAIN,fixed_97_to_99,270.0,,DOWN,0.97,1.0,settlement,0.2892783505154646
TRAIN,fixed_97_to_99,270.0,,DOWN,0.97,1.0,settlement,0.2892783505154646
TRAIN,fixed_97_to_99,270.0,,UP,0.97,1.0,settlement,0.2892783505154646
TRAIN,fixed_97_to_99,270.0,,DOWN,0.97,1.0,settlement,0.2892783505154646
TRAIN,fixed_97_to_99,270.0,,UP,0.97,1.0,settlement,0.2892783505154646
TRAIN,fixed_97_to_99,270.0,,UP,0.97,1.0,settlement,0.2892783505154646
TRAIN,fixed_97_to_99,270.0,,DOWN,0.97,1.0,settlement,0.2892783505154646
TRAIN,fixed_97_to_99,270.0,,UP,0.97,1.0,settlement,0.2892783505154646
TRAIN,fixed_97_to_99,270.0,,UP,0.97,1.0,settlement,0.2892783505154646
TRAIN,fixed_97_to_99,270.0,,DOWN,0.97,1.0,settlement,0.2892783505154646
TRAIN,fixed_97_to_99,270.0,,DOWN,0.97,1.0,settlement,0.2892783505154646
TRAIN,fixed_97_to_99,270.0,,DOWN,0.97,1.0,settlement,0.2892783505154646
TRAIN,fixed_97_to_99,270.0,,DOWN,0.97,1.0,settlement,0.2892783505154646
TRAIN,fixed_97_to_99,270.0,,DOWN,0.97,1.0,settlement,0.2892783505154646
TRAIN,fixed_97_to_99,270.0,,DOWN,0.97,1.0,settlement,0.2892783505154646
TRAIN,fixed_97_to_99,270.0,,DOWN,0.97,1.0,settlement,0.2892783505154646
TRAIN,fixed_97_to_99,270.0,,UP,0.97,1.0,settlement,0.2892783505154646
TRAIN,fixed_97_to_99,270.0,,DOWN,0.97,1.0,settlement,0.2892783505154646
TRAIN,fixed_97_to_99,270.0,,UP,0.97,1.0,settlement,0.2892783505154646
TRAIN,fixed_97_to_99,270.0,,UP,0.97,1.0,settlement,0.2892783505154646
TRAIN,fixed_97_to_99,270.0,,DOWN,0.97,1.0,settlement,0.2892783505154646
TRAIN,fixed_97_to_99,270.0,,UP,0.97,1.0,settlement,0.2892783505154646
TRAIN,fixed_97_to_99,270.0,,UP,0.97,1.0,settlement,0.2892783505154646
TRAIN,fixed_97_to_99,270.0,,UP,0.97,1.0,settlement,0.2892783505154646
TRAIN,fixed_97_to_99,270.0,,DOWN,0.97,1.0,settlement,0.2892783505154646
TRAIN,fixed_97_to_99,270.0,,DOWN,0.97,1.0,settlement,0.2892783505154646
TRAIN,fixed_97_to_99,270.0,,DOWN,0.97,1.0,settlement,0.2892783505154646
TRAIN,fixed_97_to_99,270.0,,UP,0.97,1.0,settlement,0.2892783505154646
TRAIN,fixed_97_to_99,270.0,,DOWN,0.97,1.0,settlement,0.2892783505154646
TRAIN,fixed_97_to_99,270.0,,DOWN,0.97,1.0,settlement,0.2892783505154646
TRAIN,fixed_97_to_99,270.0,,DOWN,0.97,1.0,settlement,0.2892783505154646
TRAIN,fixed_97_to_99,270.0,,DOWN,0.97,1.0,settlement,0.2892783505154646
TRAIN,fixed_97_to_99,270.0,,UP,0.97,1.0,settlement,0.2892783505154646
TRAIN,fixed_97_to_99,270.0,,DOWN,0.97,1.0,settlement,0.2892783505154646
TRAIN,fixed_97_to_99,270.0,,DOWN,0.97,1.0,settlement,0.2892783505154646
TRAIN,fixed_97_to_99,270.0,,DOWN,0.97,1.0,settlement,0.2892783505154646
TRAIN,fixed_97_to_99,270.0,,UP,0.97,1.0,settlement,0.2892783505154646
TRAIN,fixed_97_to_99,270.0,,UP,0.97,1.0,settlement,0.2892783505154646
TRAIN,fixed_97_to_99,270.0,,UP,0.97,1.0,settlement,0.2892783505154646
TRAIN,fixed_97_to_99,270.0,,DOWN,0.97,1.0,settlement,0.2892783505154646
TRAIN,fixed_97_to_99,270.0,,DOWN,0.97,1.0,settlement,0.2892783505154646
TRAIN,fixed_97_to_99,270.0,,DOWN,0.97,1.0,settlement,0.2892783505154646
TRAIN,fixed_97_to_99,270.0,,DOWN,0.97,1.0,settlement,0.2892783505154646
TRAIN,fixed_97_to_99,270.0,,DOWN,0.97,1.0,settlement,0.2892783505154646
TRAIN,fixed_97_to_99,270.0,,DOWN,0.97,1.0,settlement,0.2892783505154646
TRAIN,fixed_97_to_99,270.0,,UP,0.97,1.0,settlement,0.2892783505154646
TRAIN,fixed_97_to_99,270.0,,UP,0.97,1.0,settlement,0.2892783505154646
TRAIN,fixed_97_to_99,270.0,,DOWN,0.97,1.0,settlement,0.2892783505154646
TRAIN,fixed_97_to_99,270.0,,DOWN,0.97,1.0,settlement,0.2892783505154646
TRAIN,fixed_97_to_99,270.0,,DOWN,0.97,1.0,settlement,0.2892783505154646
TRAIN,fixed_97_to_99,270.0,,DOWN,0.97,1.0,settlement,0.2892783505154646
TRAIN,fixed_97_to_99,270.0,,UP,0.97,1.0,settlement,0.2892783505154646
TRAIN,fixed_97_to_99,270.0,,DOWN,0.97,1.0,settlement,0.2892783505154646
TRAIN,fixed_97_to_99,270.0,,UP,0.97,1.0,settlement,0.2892783505154646
TRAIN,fixed_97_to_99,270.0,,DOWN,0.97,1.0,settlement,0.2892783505154646
TRAIN,fixed_97_to_99,270.0,,DOWN,0.97,1.0,settlement,0.2892783505154646
TRAIN,fixed_97_to_99,270.0,,UP,0.97,1.0,settlement,0.2892783505154646
TRAIN,fixed_97_to_99,270.0,,DOWN,0.97,1.0,settlement,0.2892783505154646
TRAIN,fixed_97_to_99,270.0,,UP,0.97,1.0,settlement,0.2892783505154646
TRAIN,fixed_97_to_99,270.0,,UP,0.97,1.0,settlement,0.2892783505154646
TRAIN,fixed_97_to_99,270.0,,DOWN,0.97,1.0,settlement,0.2892783505154646
TRAIN,fixed_97_to_99,270.0,,DOWN,0.97,1.0,settlement,0.2892783505154646
TRAIN,fixed_97_to_99,270.0,,DOWN,0.97,1.0,settlement,0.2892783505154646
TRAIN,fixed_97_to_99,270.0,,UP,0.97,1.0,settlement,0.2892783505154646
TRAIN,fixed_97_to_99,270.0,,DOWN,0.97,1.0,settlement,0.2892783505154646
TRAIN,fixed_97_to_99,270.0,,UP,0.97,1.0,settlement,0.2892783505154646
TRAIN,fixed_97_to_99,270.0,,UP,0.97,1.0,settlement,0.2892783505154646
TRAIN,fixed_97_to_99,270.0,,DOWN,0.97,1.0,settlement,0.2892783505154646
TRAIN,fixed_97_to_99,270.0,,DOWN,0.97,1.0,settlement,0.2892783505154646
TRAIN,fixed_97_to_99,270.0,,UP,0.97,1.0,settlement,0.2892783505154646
TRAIN,fixed_97_to_99,270.0,,UP,0.97,1.0,settlement,0.2892783505154646
TRAIN,fixed_97_to_99,270.0,,UP,0.97,1.0,settlement,0.2892783505154646
TRAIN,fixed_97_to_99,270.0,,UP,0.97,1.0,settlement,0.2892783505154646
TRAIN,fixed_97_to_99,270.0,,DOWN,0.97,1.0,settlement,0.2892783505154646
TRAIN,fixed_97_to_99,270.0,,DOWN,0.97,1.0,settlement,0.2892783505154646
TRAIN,fixed_97_to_99,270.0,,DOWN,0.97,1.0,settlement,0.2892783505154646
TRAIN,fixed_97_to_99,270.0,,DOWN,0.97,1.0,settlement,0.2892783505154646
TRAIN,fixed_97_to_99,270.0,,UP,0.97,1.0,settlement,0.2892783505154646
TRAIN,fixed_97_to_99,270.0,,UP,0.97,1.0,settlement,0.2892783505154646
TRAIN,fixed_97_to_99,270.0,,DOWN,0.97,1.0,settlement,0.2892783505154646
TRAIN,fixed_97_to_99,270.0,,UP,0.97,1.0,settlement,0.2892783505154646
TRAIN,fixed_97_to_99,270.0,,DOWN,0.97,1.0,settlement,0.2892783505154646
TRAIN,fixed_97_to_99,270.0,,UP,0.97,1.0,settlement,0.2892783505154646
TRAIN,fixed_97_to_99,270.0,,DOWN,0.97,1.0,settlement,0.2892783505154646
TRAIN,fixed_97_to_99,270.0,,DOWN,0.97,1.0,settlement,0.2892783505154646
TRAIN,fixed_97_to_99,270.0,,DOWN,0.97,1.0,settlement,0.2892783505154646
TRAIN,fixed_97_to_99,270.0,,UP,0.97,1.0,settlement,0.2892783505154646
TRAIN,fixed_97_to_99,270.0,,UP,0.97,1.0,settlement,0.2892783505154646
TRAIN,fixed_97_to_99,270.0,,UP,0.97,1.0,settlement,0.2892783505154646
TRAIN,fixed_97_to_99,270.0,,DOWN,0.97,1.0,settlement,0.2892783505154646
TRAIN,fixed_97_to_99,270.0,,DOWN,0.97,1.0,settlement,0.2892783505154646
TRAIN,fixed_97_to_99,270.0,,DOWN,0.97,1.0,settlement,0.2892783505154646
TRAIN,fixed_97_to_99,270.0,,DOWN,0.97,1.0,settlement,0.2892783505154646
TRAIN,fixed_97_to_99,270.0,,UP,0.97,1.0,settlement,0.2892783505154646
TRAIN,fixed_97_to_99,270.0,,DOWN,0.97,1.0,settlement,0.2892783505154646
TRAIN,fixed_97_to_99,270.0,,DOWN,0.97,1.0,settlement,0.2892783505154646
TRAIN,fixed_97_to_99,270.0,,DOWN,0.97,1.0,settlement,0.2892783505154646
TRAIN,fixed_97_to_99,270.0,,DOWN,0.97,1.0,settlement,0.2892783505154646
TRAIN,fixed_97_to_99,270.0,,UP,0.97,1.0,settlement,0.2892783505154646
TRAIN,fixed_97_to_99,270.0,,UP,0.97,1.0,settlement,0.2892783505154646
TRAIN,fixed_97_to_99,270.0,,DOWN,0.97,1.0,settlement,0.2892783505154646
TRAIN,fixed_97_to_99,270.0,,DOWN,0.97,1.0,settlement,0.2892783505154646
TRAIN,fixed_97_to_99,270.0,,DOWN,0.97,1.0,settlement,0.2892783505154646
TRAIN,fixed_97_to_99,270.0,,UP,0.97,1.0,settlement,0.2892783505154646
TRAIN,fixed_97_to_99,270.0,,UP,0.97,1.0,settlement,0.2892783505154646
TRAIN,fixed_97_to_99,270.0,,DOWN,0.97,1.0,settlement,0.2892783505154646
TRAIN,fixed_97_to_99,270.0,,DOWN,0.97,1.0,settlement,0.2892783505154646
TRAIN,fixed_97_to_99,270.0,,UP,0.97,1.0,settlement,0.2892783505154646
TRAIN,fixed_97_to_99,270.0,,UP,0.97,1.0,settlement,0.2892783505154646
TRAIN,fixed_97_to_99,270.0,,UP,0.97,1.0,settlement,0.2892783505154646
TRAIN,fixed_97_to_99,270.0,,DOWN,0.97,1.0,settlement,0.2892783505154646
TRAIN,fixed_97_to_99,270.0,,UP,0.97,1.0,settlement,0.2892783505154646
TRAIN,fixed_97_to_99,270.0,,DOWN,0.97,1.0,settlement,0.2892783505154646
TRAIN,fixed_97_to_99,270.0,,UP,0.97,1.0,settlement,0.2892783505154646
TRAIN,fixed_97_to_99,270.0,,DOWN,0.97,1.0,settlement,0.2892783505154646
TRAIN,fixed_97_to_99,270.0,,UP,0.97,1.0,settlement,0.2892783505154646
TRAIN,fixed_97_to_99,270.0,,DOWN,0.97,1.0,settlement,0.2892783505154646
TRAIN,fixed_97_to_99,270.0,,UP,0.97,1.0,settlement,0.2892783505154646
TRAIN,fixed_97_to_99,270.0,,DOWN,0.97,1.0,settlement,0.2892783505154646
TRAIN,fixed_97_to_99,270.0,,DOWN,0.97,1.0,settlement,0.2892783505154646
TRAIN,fixed_97_to_99,270.0,,UP,0.97,1.0,settlement,0.2892783505154646
TRAIN,fixed_97_to_99,270.0,,UP,0.97,1.0,settlement,0.2892783505154646
TRAIN,fixed_97_to_99,270.0,,UP,0.97,1.0,settlement,0.2892783505154646
TRAIN,fixed_97_to_99,270.0,,UP,0.97,1.0,settlement,0.2892783505154646
TRAIN,fixed_97_to_99,270.0,,DOWN,0.97,1.0,settlement,0.2892783505154646
TRAIN,fixed_97_to_99,270.0,,UP,0.97,1.0,settlement,0.2892783505154646
TRAIN,fixed_97_to_99,270.0,,DOWN,0.97,1.0,settlement,0.2892783505154646
TRAIN,fixed_97_to_99,270.0,,UP,0.97,1.0,settlement,0.2892783505154646
TRAIN,fixed_97_to_99,270.0,,DOWN,0.97,1.0,settlement,0.2892783505154646
TRAIN,fixed_97_to_99,270.0,,DOWN,0.97,1.0,settlement,0.2892783505154646
TRAIN,fixed_97_to_99,270.0,,UP,0.97,1.0,settlement,0.2892783505154646
TRAIN,fixed_97_to_99,270.0,,UP,0.97,1.0,settlement,0.2892783505154646
TRAIN,fixed_97_to_99,270.0,,DOWN,0.97,1.0,settlement,0.2892783505154646
TRAIN,fixed_97_to_99,270.0,,UP,0.97,1.0,settlement,0.2892783505154646
TRAIN,fixed_97_to_99,270.0,,DOWN,0.97,1.0,settlement,0.2892783505154646
TRAIN,fixed_97_to_99,270.0,,UP,0.97,1.0,settlement,0.2892783505154646
TRAIN,fixed_97_to_99,270.0,,UP,0.97,1.0,settlement,0.2892783505154646
TRAIN,fixed_97_to_99,270.0,,UP,0.97,1.0,settlement,0.2892783505154646
TRAIN,fixed_97_to_99,270.0,,UP,0.97,1.0,settlement,0.2892783505154646
TRAIN,fixed_97_to_99,270.0,,UP,0.97,1.0,settlement,0.2892783505154646
TRAIN,fixed_97_to_99,270.0,,UP,0.97,1.0,settlement,0.2892783505154646
TRAIN,fixed_97_to_99,270.0,,DOWN,0.97,1.0,settlement,0.2892783505154646
TRAIN,fixed_97_to_99,270.0,,UP,0.97,1.0,settlement,0.2892783505154646
TRAIN,fixed_97_to_99,270.0,,DOWN,0.97,1.0,settlement,0.2892783505154646
TRAIN,fixed_97_to_99,270.0,,UP,0.97,1.0,settlement,0.2892783505154646
TRAIN,fixed_97_to_99,270.0,,UP,0.97,1.0,settlement,0.2892783505154646
TRAIN,fixed_97_to_99,270.0,,DOWN,0.97,1.0,settlement,0.2892783505154646
TRAIN,fixed_97_to_99,270.0,,DOWN,0.97,1.0,settlement,0.2892783505154646
TRAIN,fixed_97_to_99,270.0,,UP,0.97,1.0,settlement,0.2892783505154646
TRAIN,fixed_97_to_99,270.0,,DOWN,0.97,1.0,settlement,0.2892783505154646
TRAIN,fixed_97_to_99,270.0,,UP,0.97,1.0,settlement,0.2892783505154646
TRAIN,fixed_97_to_99,270.0,,DOWN,0.97,1.0,settlement,0.2892783505154646
TRAIN,fixed_97_to_99,270.0,,DOWN,0.97,1.0,settlement,0.2892783505154646
TRAIN,fixed_97_to_99,270.0,,DOWN,0.97,1.0,settlement,0.2892783505154646
TRAIN,fixed_97_to_99,270.0,,UP,0.97,1.0,settlement,0.2892783505154646
TRAIN,fixed_97_to_99,270.0,,UP,0.97,1.0,settlement,0.2892783505154646
TRAIN,fixed_97_to_99,270.0,,DOWN,0.97,1.0,settlement,0.2892783505154646
TRAIN,fixed_97_to_99,270.0,,UP,0.97,1.0,settlement,0.2892783505154646
TRAIN,fixed_97_to_99,270.0,,DOWN,0.97,1.0,settlement,0.2892783505154646
TRAIN,fixed_97_to_99,270.0,,DOWN,0.97,1.0,settlement,0.2892783505154646
TRAIN,fixed_97_to_99,270.0,,DOWN,0.97,1.0,settlement,0.2892783505154646
TRAIN,fixed_97_to_99,270.0,,DOWN,0.97,1.0,settlement,0.2892783505154646
TRAIN,fixed_97_to_99,270.0,,DOWN,0.97,1.0,settlement,0.2892783505154646
TRAIN,fixed_97_to_99,270.0,,DOWN,0.97,1.0,settlement,0.2892783505154646
TRAIN,fixed_97_to_99,270.0,,UP,0.97,1.0,settlement,0.2892783505154646
TRAIN,fixed_97_to_99,270.0,,DOWN,0.97,1.0,settlement,0.2892783505154646
TRAIN,fixed_97_to_99,270.0,,DOWN,0.97,1.0,settlement,0.2892783505154646
TRAIN,fixed_97_to_99,270.0,,UP,0.97,1.0,settlement,0.2892783505154646
TRAIN,fixed_97_to_99,270.0,,UP,0.97,1.0,settlement,0.2892783505154646
TRAIN,fixed_97_to_99,270.0,,UP,0.97,1.0,settlement,0.2892783505154646
TRAIN,fixed_97_to_99,270.0,,UP,0.97,1.0,settlement,0.2892783505154646
TRAIN,fixed_97_to_99,270.0,,DOWN,0.97,1.0,settlement,0.2892783505154646
TRAIN,fixed_97_to_99,270.0,,DOWN,0.97,1.0,settlement,0.2892783505154646
TRAIN,fixed_97_to_99,270.0,,UP,0.97,1.0,settlement,0.2892783505154646
TRAIN,fixed_97_to_99,270.0,,UP,0.97,1.0,settlement,0.2892783505154646
TRAIN,fixed_97_to_99,270.0,,DOWN,0.97,1.0,settlement,0.2892783505154646
TRAIN,fixed_97_to_99,270.0,,DOWN,0.97,1.0,settlement,0.2892783505154646
TRAIN,fixed_97_to_99,270.0,,UP,0.97,1.0,settlement,0.2892783505154646
TRAIN,fixed_97_to_99,270.0,,DOWN,0.97,1.0,settlement,0.2892783505154646
TRAIN,fixed_97_to_99,270.0,,UP,0.97,1.0,settlement,0.2892783505154646
TRAIN,fixed_97_to_99,270.0,,DOWN,0.97,1.0,settlement,0.2892783505154646
TRAIN,fixed_97_to_99,270.0,,DOWN,0.97,1.0,settlement,0.2892783505154646
TRAIN,fixed_97_to_99,270.0,,UP,0.97,1.0,settlement,0.2892783505154646
TRAIN,fixed_97_to_99,270.0,,UP,0.97,1.0,settlement,0.2892783505154646
TRAIN,fixed_97_to_99,270.0,,DOWN,0.97,1.0,settlement,0.2892783505154646
TRAIN,fixed_97_to_99,270.0,,UP,0.97,1.0,settlement,0.2892783505154646
TRAIN,fixed_97_to_99,270.0,,UP,0.97,1.0,settlement,0.2892783505154646
TRAIN,fixed_97_to_99,270.0,,UP,0.97,1.0,settlement,0.2892783505154646
TRAIN,fixed_97_to_99,270.0,,UP,0.97,1.0,settlement,0.2892783505154646
TRAIN,fixed_97_to_99,270.0,,DOWN,0.97,1.0,settlement,0.2892783505154646
TRAIN,fixed_97_to_99,270.0,,DOWN,0.97,1.0,settlement,0.2892783505154646
TRAIN,fixed_97_to_99,270.0,,DOWN,0.97,1.0,settlement,0.2892783505154646
TRAIN,fixed_97_to_99,270.0,,UP,0.97,1.0,settlement,0.2892783505154646
TRAIN,fixed_97_to_99,270.0,,DOWN,0.97,1.0,settlement,0.2892783505154646
TRAIN,fixed_97_to_99,270.0,,UP,0.97,1.0,settlement,0.2892783505154646
TRAIN,fixed_97_to_99,270.0,,DOWN,0.97,1.0,settlement,0.2892783505154646
TRAIN,fixed_97_to_99,270.0,,DOWN,0.97,1.0,settlement,0.2892783505154646
TRAIN,fixed_97_to_99,270.0,,UP,0.97,1.0,settlement,0.2892783505154646
TRAIN,fixed_97_to_99,270.0,,UP,0.97,1.0,settlement,0.2892783505154646
TRAIN,fixed_97_to_99,270.0,,UP,0.97,1.0,settlement,0.2892783505154646
TRAIN,fixed_97_to_99,270.0,,UP,0.97,1.0,settlement,0.2892783505154646
TRAIN,fixed_97_to_99,270.0,,UP,0.97,1.0,settlement,0.2892783505154646
TRAIN,fixed_97_to_99,270.0,,UP,0.97,1.0,settlement,0.2892783505154646
TRAIN,fixed_97_to_99,270.0,,DOWN,0.97,1.0,settlement,0.2892783505154646
TRAIN,fixed_97_to_99,270.0,,DOWN,0.97,1.0,settlement,0.2892783505154646
TRAIN,fixed_97_to_99,270.0,,DOWN,0.97,1.0,settlement,0.2892783505154646
TRAIN,fixed_97_to_99,270.0,,DOWN,0.97,1.0,settlement,0.2892783505154646
TRAIN,fixed_97_to_99,270.0,,UP,0.97,1.0,settlement,0.2892783505154646
TRAIN,fixed_97_to_99,270.0,,DOWN,0.97,1.0,settlement,0.2892783505154646
TRAIN,fixed_97_to_99,270.0,,DOWN,0.97,1.0,settlement,0.2892783505154646
TRAIN,fixed_97_to_99,270.0,,UP,0.97,1.0,settlement,0.2892783505154646
TRAIN,fixed_97_to_99,270.0,,UP,0.97,1.0,settlement,0.2892783505154646
TRAIN,fixed_97_to_99,270.0,,UP,0.97,1.0,settlement,0.2892783505154646
TRAIN,fixed_97_to_99,270.0,,DOWN,0.97,1.0,settlement,0.2892783505154646
TRAIN,fixed_97_to_99,270.0,,UP,0.97,1.0,settlement,0.2892783505154646
TRAIN,fixed_97_to_99,270.0,,UP,0.97,1.0,settlement,0.2892783505154646
TRAIN,fixed_97_to_99,270.0,,UP,0.97,1.0,settlement,0.2892783505154646
TRAIN,fixed_97_to_99,270.0,,UP,0.97,1.0,settlement,0.2892783505154646
TRAIN,fixed_97_to_99,270.0,,DOWN,0.97,1.0,settlement,0.2892783505154646
TRAIN,fixed_97_to_99,270.0,,DOWN,0.97,1.0,settlement,0.2892783505154646
TRAIN,fixed_97_to_99,270.0,,DOWN,0.97,1.0,settlement,0.2892783505154646
TRAIN,fixed_97_to_99,270.0,,UP,0.97,1.0,settlement,0.2892783505154646
TRAIN,fixed_97_to_99,270.0,,UP,0.97,1.0,settlement,0.2892783505154646
TRAIN,fixed_97_to_99,270.0,,DOWN,0.97,1.0,settlement,0.2892783505154646
TRAIN,fixed_97_to_99,270.0,,UP,0.97,1.0,settlement,0.2892783505154646
TRAIN,fixed_97_to_99,270.0,,UP,0.97,1.0,settlement,0.2892783505154646
TRAIN,fixed_97_to_99,270.0,,UP,0.97,1.0,settlement,0.2892783505154646
TRAIN,fixed_97_to_99,270.0,,DOWN,0.97,1.0,settlement,0.2892783505154646
TRAIN,fixed_97_to_99,270.0,,DOWN,0.97,1.0,settlement,0.2892783505154646
TRAIN,fixed_97_to_99,270.0,,UP,0.97,1.0,settlement,0.2892783505154646
TRAIN,fixed_97_to_99,270.0,,UP,0.97,1.0,settlement,0.2892783505154646
TRAIN,fixed_97_to_99,270.0,,DOWN,0.97,1.0,settlement,0.2892783505154646
TRAIN,fixed_97_to_99,270.0,,DOWN,0.97,1.0,settlement,0.2892783505154646
TRAIN,fixed_97_to_99,270.0,,DOWN,0.97,1.0,settlement,0.2892783505154646
TRAIN,fixed_97_to_99,270.0,,UP,0.97,1.0,settlement,0.2892783505154646
TRAIN,fixed_97_to_99,270.0,,UP,0.97,1.0,settlement,0.2892783505154646
TRAIN,fixed_97_to_99,270.0,,DOWN,0.97,1.0,settlement,0.2892783505154646
TRAIN,fixed_97_to_99,270.0,,DOWN,0.97,1.0,settlement,0.2892783505154646
TRAIN,fixed_97_to_99,270.0,,DOWN,0.97,1.0,settlement,0.2892783505154646
TRAIN,fixed_97_to_99,270.0,,UP,0.97,1.0,settlement,0.2892783505154646
TRAIN,fixed_97_to_99,270.0,,UP,0.97,1.0,settlement,0.2892783505154646
TRAIN,fixed_97_to_99,270.0,,DOWN,0.97,1.0,settlement,0.2892783505154646
TRAIN,fixed_97_to_99,270.0,,UP,0.97,1.0,settlement,0.2892783505154646
TRAIN,fixed_97_to_99,270.0,,DOWN,0.97,1.0,settlement,0.2892783505154646
TRAIN,fixed_97_to_99,270.0,,UP,0.97,1.0,settlement,0.2892783505154646
TRAIN,fixed_97_to_99,270.0,,DOWN,0.97,1.0,settlement,0.2892783505154646
TRAIN,fixed_97_to_99,270.0,,UP,0.97,1.0,settlement,0.2892783505154646
TRAIN,fixed_97_to_99,270.0,,DOWN,0.97,1.0,settlement,0.2892783505154646
TRAIN,fixed_97_to_99,270.0,,DOWN,0.97,1.0,settlement,0.2892783505154646
TRAIN,fixed_97_to_99,270.0,,DOWN,0.97,1.0,settlement,0.2892783505154646
TRAIN,fixed_97_to_99,270.0,,DOWN,0.97,1.0,settlement,0.2892783505154646
TRAIN,fixed_97_to_99,270.0,,UP,0.97,1.0,settlement,0.2892783505154646
TRAIN,fixed_97_to_99,270.0,,UP,0.97,1.0,settlement,0.2892783505154646
TRAIN,fixed_97_to_99,270.0,,DOWN,0.97,1.0,settlement,0.2892783505154646
TRAIN,fixed_97_to_99,270.0,,UP,0.97,1.0,settlement,0.2892783505154646
TRAIN,fixed_97_to_99,270.0,,UP,0.97,1.0,settlement,0.2892783505154646
TRAIN,fixed_97_to_99,270.0,,UP,0.97,1.0,settlement,0.2892783505154646
TRAIN,fixed_97_to_99,270.0,,DOWN,0.97,1.0,settlement,0.2892783505154646
TRAIN,fixed_97_to_99,270.0,,UP,0.97,1.0,settlement,0.2892783505154646
TRAIN,fixed_97_to_99,270.0,,DOWN,0.97,1.0,settlement,0.2892783505154646
TRAIN,fixed_97_to_99,270.0,,DOWN,0.97,1.0,settlement,0.2892783505154646
TRAIN,fixed_97_to_99,270.0,,DOWN,0.97,1.0,settlement,0.2892783505154646
TRAIN,fixed_97_to_99,270.0,,UP,0.97,1.0,settlement,0.2892783505154646
TRAIN,fixed_97_to_99,270.0,,UP,0.97,1.0,settlement,0.2892783505154646
TRAIN,fixed_97_to_99,270.0,,DOWN,0.97,1.0,settlement,0.2892783505154646
TRAIN,fixed_97_to_99,270.0,,DOWN,0.97,1.0,settlement,0.2892783505154646
TRAIN,fixed_97_to_99,270.0,,DOWN,0.97,1.0,settlement,0.2892783505154646
TRAIN,fixed_97_to_99,270.0,,DOWN,0.97,1.0,settlement,0.2892783505154646
TRAIN,fixed_97_to_99,270.0,,DOWN,0.97,1.0,settlement,0.2892783505154646
TRAIN,fixed_97_to_99,270.0,,UP,0.97,1.0,settlement,0.2892783505154646
TRAIN,fixed_97_to_99,270.0,,DOWN,0.97,1.0,settlement,0.2892783505154646
TRAIN,fixed_97_to_99,270.0,,UP,0.97,1.0,settlement,0.2892783505154646
TRAIN,fixed_97_to_99,270.0,,UP,0.97,1.0,settlement,0.2892783505154646
TRAIN,fixed_97_to_99,270.0,,DOWN,0.97,1.0,settlement,0.2892783505154646
TRAIN,fixed_97_to_99,270.0,,UP,0.97,1.0,settlement,0.2892783505154646
TRAIN,fixed_97_to_99,270.0,,UP,0.97,1.0,settlement,0.2892783505154646
TRAIN,fixed_97_to_99,270.0,,UP,0.97,1.0,settlement,0.2892783505154646
TRAIN,fixed_97_to_99,270.0,,UP,0.97,1.0,settlement,0.2892783505154646
TRAIN,fixed_97_to_99,270.0,,UP,0.97,1.0,settlement,0.2892783505154646
TRAIN,fixed_97_to_99,270.0,,UP,0.97,1.0,settlement,0.2892783505154646
TRAIN,fixed_97_to_99,270.0,,DOWN,0.97,1.0,settlement,0.2892783505154646
TRAIN,fixed_97_to_99,270.0,,DOWN,0.97,1.0,settlement,0.2892783505154646
TRAIN,fixed_97_to_99,270.0,,UP,0.97,1.0,settlement,0.2892783505154646
TRAIN,fixed_97_to_99,270.0,,DOWN,0.97,1.0,settlement,0.2892783505154646
TRAIN,fixed_97_to_99,270.0,,DOWN,0.97,1.0,settlement,0.2892783505154646
TRAIN,fixed_97_to_99,270.0,,UP,0.97,1.0,settlement,0.2892783505154646
TRAIN,fixed_97_to_99,270.0,,DOWN,0.97,1.0,settlement,0.2892783505154646
TRAIN,fixed_97_to_99,270.0,,UP,0.97,1.0,settlement,0.2892783505154646
TRAIN,fixed_97_to_99,270.0,,UP,0.97,1.0,settlement,0.2892783505154646
TRAIN,fixed_97_to_99,270.0,,DOWN,0.97,1.0,settlement,0.2892783505154646
TRAIN,fixed_97_to_99,270.0,,UP,0.97,1.0,settlement,0.2892783505154646
TRAIN,fixed_97_to_99,270.0,,DOWN,0.97,1.0,settlement,0.2892783505154646
TRAIN,fixed_97_to_99,270.0,,DOWN,0.97,1.0,settlement,0.2892783505154646
TRAIN,fixed_97_to_99,270.0,,UP,0.97,1.0,settlement,0.2892783505154646
TRAIN,fixed_97_to_99,270.0,,UP,0.97,1.0,settlement,0.2892783505154646
TRAIN,fixed_97_to_99,270.0,,DOWN,0.97,1.0,settlement,0.2892783505154646
TRAIN,fixed_97_to_99,270.0,,DOWN,0.97,1.0,settlement,0.2892783505154646
TRAIN,fixed_97_to_99,270.0,,UP,0.97,1.0,settlement,0.2892783505154646
TRAIN,fixed_97_to_99,270.0,,DOWN,0.97,1.0,settlement,0.2892783505154646
TRAIN,fixed_97_to_99,270.0,,UP,0.97,1.0,settlement,0.2892783505154646
TRAIN,fixed_97_to_99,270.0,,DOWN,0.97,1.0,settlement,0.2892783505154646
TRAIN,fixed_97_to_99,270.0,,UP,0.97,1.0,settlement,0.2892783505154646
TRAIN,fixed_97_to_99,270.0,,DOWN,0.97,1.0,settlement,0.2892783505154646
TRAIN,fixed_97_to_99,270.0,,DOWN,0.97,1.0,settlement,0.2892783505154646
TRAIN,fixed_97_to_99,270.0,,DOWN,0.97,1.0,settlement,0.2892783505154646
TRAIN,fixed_97_to_99,270.0,,UP,0.97,1.0,settlement,0.2892783505154646
TRAIN,fixed_97_to_99,270.0,,UP,0.97,1.0,settlement,0.2892783505154646
TRAIN,fixed_97_to_99,270.0,,UP,0.97,1.0,settlement,0.2892783505154646
TRAIN,fixed_97_to_99,270.0,,DOWN,0.97,1.0,settlement,0.2892783505154646
TRAIN,fixed_97_to_99,270.0,,DOWN,0.97,1.0,settlement,0.2892783505154646
TRAIN,fixed_97_to_99,270.0,,DOWN,0.97,1.0,settlement,0.2892783505154646
TRAIN,fixed_97_to_99,270.0,,UP,0.97,1.0,settlement,0.2892783505154646
TRAIN,fixed_97_to_99,270.0,,UP,0.97,1.0,settlement,0.2892783505154646
TRAIN,fixed_97_to_99,270.0,,DOWN,0.97,1.0,settlement,0.2892783505154646
TRAIN,fixed_97_to_99,270.0,,UP,0.97,1.0,settlement,0.2892783505154646
TRAIN,fixed_97_to_99,270.0,,DOWN,0.97,1.0,settlement,0.2892783505154646
TRAIN,fixed_97_to_99,270.0,,UP,0.97,1.0,settlement,0.2892783505154646
TRAIN,fixed_97_to_99,270.0,,DOWN,0.97,1.0,settlement,0.2892783505154646
TRAIN,fixed_97_to_99,270.0,,UP,0.97,1.0,settlement,0.2892783505154646
TRAIN,fixed_97_to_99,270.0,,UP,0.97,1.0,settlement,0.2892783505154646
TRAIN,fixed_97_to_99,270.0,,DOWN,0.97,1.0,settlement,0.2892783505154646
TRAIN,fixed_97_to_99,270.0,,UP,0.97,1.0,settlement,0.2892783505154646
TRAIN,fixed_97_to_99,270.0,,UP,0.97,1.0,settlement,0.2892783505154646
TRAIN,fixed_97_to_99,270.0,,DOWN,0.97,1.0,settlement,0.2892783505154646
TRAIN,fixed_97_to_99,270.0,,UP,0.97,1.0,settlement,0.2892783505154646
TRAIN,fixed_97_to_99,270.0,,DOWN,0.97,1.0,settlement,0.2892783505154646
TRAIN,fixed_97_to_99,270.0,,UP,0.97,1.0,settlement,0.2892783505154646
TRAIN,fixed_97_to_99,270.0,,DOWN,0.97,1.0,settlement,0.2892783505154646
TRAIN,fixed_97_to_99,270.0,,DOWN,0.97,1.0,settlement,0.2892783505154646
TRAIN,fixed_97_to_99,270.0,,DOWN,0.97,1.0,settlement,0.2892783505154646
TRAIN,fixed_97_to_99,270.0,,DOWN,0.97,1.0,settlement,0.2892783505154646
TRAIN,fixed_97_to_99,270.0,,DOWN,0.97,1.0,settlement,0.2892783505154646
TRAIN,fixed_97_to_99,270.0,,UP,0.97,1.0,settlement,0.2892783505154646
TRAIN,fixed_97_to_99,270.0,,UP,0.97,1.0,settlement,0.2892783505154646
TRAIN,fixed_97_to_99,270.0,,DOWN,0.97,1.0,settlement,0.2892783505154646
TRAIN,fixed_97_to_99,270.0,,UP,0.97,1.0,settlement,0.2892783505154646
TRAIN,fixed_97_to_99,270.0,,UP,0.97,1.0,settlement,0.2892783505154646
TRAIN,fixed_97_to_99,270.0,,DOWN,0.97,1.0,settlement,0.2892783505154646
TRAIN,fixed_97_to_99,270.0,,UP,0.97,1.0,settlement,0.2892783505154646
TRAIN,fixed_97_to_99,270.0,,DOWN,0.97,1.0,settlement,0.2892783505154646
TRAIN,fixed_97_to_99,270.0,,UP,0.97,1.0,settlement,0.2892783505154646
TRAIN,fixed_97_to_99,270.0,,UP,0.97,1.0,settlement,0.2892783505154646
TRAIN,fixed_97_to_99,270.0,,UP,0.97,1.0,settlement,0.2892783505154646
TRAIN,fixed_97_to_99,270.0,,DOWN,0.97,1.0,settlement,0.2892783505154646
TRAIN,fixed_97_to_99,270.0,,DOWN,0.97,1.0,settlement,0.2892783505154646
TRAIN,fixed_97_to_99,270.0,,DOWN,0.97,1.0,settlement,0.2892783505154646
TRAIN,fixed_97_to_99,270.0,,UP,0.97,1.0,settlement,0.2892783505154646
TRAIN,fixed_97_to_99,270.0,,UP,0.97,1.0,settlement,0.2892783505154646
TRAIN,fixed_97_to_99,270.0,,DOWN,0.97,1.0,settlement,0.2892783505154646
TRAIN,fixed_97_to_99,270.0,,DOWN,0.97,1.0,settlement,0.2892783505154646
TRAIN,fixed_97_to_99,270.0,,DOWN,0.97,1.0,settlement,0.2892783505154646
TRAIN,fixed_97_to_99,270.0,,DOWN,0.97,1.0,settlement,0.2892783505154646
TRAIN,fixed_97_to_99,270.0,,UP,0.97,1.0,settlement,0.2892783505154646
TRAIN,fixed_97_to_99,270.0,,UP,0.97,1.0,settlement,0.2892783505154646
TRAIN,fixed_97_to_99,270.0,,DOWN,0.97,1.0,settlement,0.2892783505154646
TRAIN,fixed_97_to_99,270.0,,UP,0.97,1.0,settlement,0.2892783505154646
TRAIN,fixed_97_to_99,270.0,,UP,0.97,1.0,settlement,0.2892783505154646
TRAIN,fixed_97_to_99,270.0,,UP,0.97,1.0,settlement,0.2892783505154646
TRAIN,fixed_97_to_99,270.0,,DOWN,0.97,1.0,settlement,0.2892783505154646
TRAIN,fixed_97_to_99,270.0,,UP,0.97,1.0,settlement,0.2892783505154646
TRAIN,fixed_97_to_99,270.0,,UP,0.97,1.0,settlement,0.2892783505154646
TRAIN,fixed_97_to_99,270.0,,UP,0.97,1.0,settlement,0.2892783505154646
TRAIN,fixed_97_to_99,270.0,,UP,0.97,1.0,settlement,0.2892783505154646
TRAIN,fixed_97_to_99,270.0,,DOWN,0.97,1.0,settlement,0.2892783505154646
TRAIN,fixed_97_to_99,270.0,,UP,0.97,1.0,settlement,0.2892783505154646
TRAIN,fixed_97_to_99,270.0,,UP,0.97,1.0,settlement,0.2892783505154646
TRAIN,fixed_97_to_99,270.0,,DOWN,0.97,1.0,settlement,0.2892783505154646
TRAIN,fixed_97_to_99,270.0,,DOWN,0.97,1.0,settlement,0.2892783505154646
TRAIN,fixed_97_to_99,270.0,,UP,0.97,1.0,settlement,0.2892783505154646
TRAIN,fixed_97_to_99,270.0,,UP,0.97,1.0,settlement,0.2892783505154646
TRAIN,fixed_97_to_99,270.0,,DOWN,0.97,1.0,settlement,0.2892783505154646
TRAIN,fixed_97_to_99,270.0,,UP,0.97,1.0,settlement,0.2892783505154646
TRAIN,fixed_97_to_99,270.0,,DOWN,0.97,1.0,settlement,0.2892783505154646
TRAIN,fixed_97_to_99,270.0,,DOWN,0.97,1.0,settlement,0.2892783505154646
TRAIN,fixed_97_to_99,270.0,,DOWN,0.97,1.0,settlement,0.2892783505154646
TRAIN,fixed_97_to_99,270.0,,UP,0.97,1.0,settlement,0.2892783505154646
TRAIN,fixed_97_to_99,270.0,,DOWN,0.97,1.0,settlement,0.2892783505154646
TRAIN,fixed_97_to_99,270.0,,UP,0.97,1.0,settlement,0.2892783505154646
TRAIN,fixed_97_to_99,270.0,,UP,0.97,1.0,settlement,0.2892783505154646
TRAIN,fixed_97_to_99,270.0,,DOWN,0.97,1.0,settlement,0.2892783505154646
TRAIN,fixed_97_to_99,270.0,,UP,0.97,1.0,settlement,0.2892783505154646
TRAIN,fixed_97_to_99,270.0,,DOWN,0.97,1.0,settlement,0.2892783505154646
TRAIN,fixed_97_to_99,270.0,,UP,0.97,1.0,settlement,0.2892783505154646
TRAIN,fixed_97_to_99,270.0,,UP,0.97,1.0,settlement,0.2892783505154646
TRAIN,fixed_97_to_99,270.0,,DOWN,0.97,1.0,settlement,0.2892783505154646
TRAIN,fixed_97_to_99,270.0,,UP,0.97,1.0,settlement,0.2892783505154646
TRAIN,fixed_97_to_99,270.0,,UP,0.97,1.0,settlement,0.2892783505154646
TRAIN,fixed_97_to_99,270.0,,UP,0.97,1.0,settlement,0.2892783505154646
TRAIN,fixed_97_to_99,270.0,,DOWN,0.97,1.0,settlement,0.2892783505154646
TRAIN,fixed_97_to_99,270.0,,UP,0.97,1.0,settlement,0.2892783505154646
TRAIN,fixed_97_to_99,270.0,,DOWN,0.97,1.0,settlement,0.2892783505154646
TRAIN,fixed_97_to_99,270.0,,DOWN,0.97,1.0,settlement,0.2892783505154646
TRAIN,fixed_97_to_99,270.0,,DOWN,0.97,1.0,settlement,0.2892783505154646
TRAIN,fixed_97_to_99,270.0,,DOWN,0.97,1.0,settlement,0.2892783505154646
TRAIN,fixed_97_to_99,270.0,,DOWN,0.97,1.0,settlement,0.2892783505154646
TRAIN,fixed_97_to_99,270.0,,UP,0.97,1.0,settlement,0.2892783505154646
TRAIN,fixed_97_to_99,270.0,,UP,0.97,1.0,settlement,0.2892783505154646
TRAIN,fixed_97_to_99,270.0,,DOWN,0.97,1.0,settlement,0.2892783505154646
TRAIN,fixed_97_to_99,270.0,,UP,0.97,1.0,settlement,0.2892783505154646
TRAIN,fixed_97_to_99,270.0,,UP,0.97,1.0,settlement,0.2892783505154646
TRAIN,fixed_97_to_99,270.0,,DOWN,0.97,1.0,settlement,0.2892783505154646
TRAIN,fixed_97_to_99,270.0,,UP,0.97,1.0,settlement,0.2892783505154646
TRAIN,fixed_97_to_99,270.0,,DOWN,0.97,1.0,settlement,0.2892783505154646
TRAIN,fixed_97_to_99,270.0,,UP,0.97,1.0,settlement,0.2892783505154646
TRAIN,fixed_97_to_99,270.0,,UP,0.97,1.0,settlement,0.2892783505154646
TRAIN,fixed_97_to_99,270.0,,UP,0.97,1.0,settlement,0.2892783505154646
TRAIN,fixed_97_to_99,270.0,,UP,0.97,1.0,settlement,0.2892783505154646
TRAIN,fixed_97_to_99,270.0,,UP,0.97,1.0,settlement,0.2892783505154646
TRAIN,fixed_97_to_99,270.0,,DOWN,0.97,1.0,settlement,0.2892783505154646
TRAIN,fixed_97_to_99,270.0,,DOWN,0.97,1.0,settlement,0.2892783505154646
TRAIN,fixed_97_to_99,270.0,,DOWN,0.97,1.0,settlement,0.2892783505154646
TRAIN,fixed_97_to_99,270.0,,DOWN,0.97,1.0,settlement,0.2892783505154646
TRAIN,fixed_97_to_99,270.0,,DOWN,0.97,1.0,settlement,0.2892783505154646
TRAIN,fixed_97_to_99,270.0,,DOWN,0.97,1.0,settlement,0.2892783505154646
TRAIN,fixed_97_to_99,270.0,,DOWN,0.97,1.0,settlement,0.2892783505154646
TRAIN,fixed_97_to_99,270.0,,UP,0.97,1.0,settlement,0.2892783505154646
TRAIN,fixed_97_to_99,270.0,,DOWN,0.97,1.0,settlement,0.2892783505154646
TRAIN,fixed_97_to_99,270.0,,UP,0.97,1.0,settlement,0.2892783505154646
TRAIN,fixed_97_to_99,270.0,,DOWN,0.97,1.0,settlement,0.2892783505154646
TRAIN,fixed_97_to_99,270.0,,DOWN,0.97,1.0,settlement,0.2892783505154646
TRAIN,fixed_97_to_99,270.0,,UP,0.97,1.0,settlement,0.2892783505154646
TRAIN,fixed_97_to_99,270.0,,DOWN,0.97,1.0,settlement,0.2892783505154646
TRAIN,fixed_97_to_99,270.0,,UP,0.97,1.0,settlement,0.2892783505154646
TRAIN,fixed_97_to_99,270.0,,UP,0.97,1.0,settlement,0.2892783505154646
TRAIN,fixed_97_to_99,270.0,,UP,0.97,1.0,settlement,0.2892783505154646
TRAIN,fixed_97_to_99,270.0,,UP,0.97,1.0,settlement,0.2892783505154646
TRAIN,fixed_97_to_99,270.0,,UP,0.97,1.0,settlement,0.2892783505154646
TRAIN,fixed_97_to_99,270.0,,DOWN,0.97,1.0,settlement,0.2892783505154646
TRAIN,fixed_97_to_99,270.0,,DOWN,0.97,1.0,settlement,0.2892783505154646
TRAIN,fixed_97_to_99,270.0,,DOWN,0.97,1.0,settlement,0.2892783505154646
TRAIN,fixed_97_to_99,270.0,,UP,0.97,1.0,settlement,0.2892783505154646
TRAIN,fixed_97_to_99,270.0,,UP,0.97,1.0,settlement,0.2892783505154646
TRAIN,fixed_97_to_99,270.0,,UP,0.97,1.0,settlement,0.2892783505154646
TRAIN,fixed_97_to_99,270.0,,DOWN,0.97,1.0,settlement,0.2892783505154646
TRAIN,fixed_97_to_99,270.0,,UP,0.97,1.0,settlement,0.2892783505154646
TRAIN,fixed_97_to_99,270.0,,UP,0.97,1.0,settlement,0.2892783505154646
TRAIN,fixed_97_to_99,270.0,,UP,0.97,1.0,settlement,0.2892783505154646
TRAIN,fixed_97_to_99,270.0,,UP,0.97,1.0,settlement,0.2892783505154646
TRAIN,fixed_97_to_99,270.0,,UP,0.97,1.0,settlement,0.2892783505154646
TRAIN,fixed_97_to_99,270.0,,UP,0.97,1.0,settlement,0.2892783505154646
TRAIN,fixed_97_to_99,270.0,,DOWN,0.97,1.0,settlement,0.2892783505154646
TRAIN,fixed_97_to_99,270.0,,UP,0.97,1.0,settlement,0.2892783505154646
TRAIN,fixed_97_to_99,270.0,,DOWN,0.97,1.0,settlement,0.2892783505154646
TRAIN,fixed_97_to_99,270.0,,DOWN,0.97,1.0,settlement,0.2892783505154646
TRAIN,fixed_97_to_99,270.0,,DOWN,0.97,1.0,settlement,0.2892783505154646
TRAIN,fixed_97_to_99,270.0,,DOWN,0.97,1.0,settlement,0.2892783505154646
TRAIN,fixed_97_to_99,270.0,,DOWN,0.97,1.0,settlement,0.2892783505154646
TRAIN,fixed_97_to_99,270.0,,DOWN,0.97,1.0,settlement,0.2892783505154646
TRAIN,fixed_97_to_99,270.0,,UP,0.97,1.0,settlement,0.2892783505154646
TRAIN,fixed_97_to_99,270.0,,DOWN,0.97,1.0,settlement,0.2892783505154646
TRAIN,fixed_97_to_99,270.0,,UP,0.97,1.0,settlement,0.2892783505154646
TRAIN,fixed_97_to_99,270.0,,UP,0.97,1.0,settlement,0.2892783505154646
TRAIN,fixed_97_to_99,270.0,,DOWN,0.97,1.0,settlement,0.2892783505154646
TRAIN,fixed_97_to_99,270.0,,UP,0.97,1.0,settlement,0.2892783505154646
TRAIN,fixed_97_to_99,270.0,,UP,0.97,1.0,settlement,0.2892783505154646
TRAIN,fixed_97_to_99,270.0,,UP,0.97,1.0,settlement,0.2892783505154646
TRAIN,fixed_97_to_99,270.0,,UP,0.97,1.0,settlement,0.2892783505154646
TRAIN,fixed_97_to_99,270.0,,UP,0.97,1.0,settlement,0.2892783505154646
TRAIN,fixed_97_to_99,270.0,,DOWN,0.97,1.0,settlement,0.2892783505154646
TRAIN,fixed_97_to_99,270.0,,DOWN,0.97,1.0,settlement,0.2892783505154646
TRAIN,fixed_97_to_99,270.0,,DOWN,0.97,1.0,settlement,0.2892783505154646
TRAIN,fixed_97_to_99,270.0,,UP,0.97,1.0,settlement,0.2892783505154646
TRAIN,fixed_97_to_99,270.0,,DOWN,0.97,1.0,settlement,0.2892783505154646
TRAIN,fixed_97_to_99,270.0,,DOWN,0.97,1.0,settlement,0.2892783505154646
TRAIN,fixed_97_to_99,270.0,,UP,0.97,1.0,settlement,0.2892783505154646
TRAIN,fixed_97_to_99,270.0,,DOWN,0.97,1.0,settlement,0.2892783505154646
TRAIN,fixed_97_to_99,270.0,,UP,0.97,1.0,settlement,0.2892783505154646
TRAIN,fixed_97_to_99,270.0,,DOWN,0.97,1.0,settlement,0.2892783505154646
TRAIN,fixed_97_to_99,270.0,,UP,0.97,1.0,settlement,0.2892783505154646
TRAIN,fixed_97_to_99,270.0,,UP,0.97,1.0,settlement,0.2892783505154646
TRAIN,fixed_97_to_99,270.0,,UP,0.97,1.0,settlement,0.2892783505154646
TRAIN,fixed_97_to_99,270.0,,DOWN,0.97,1.0,settlement,0.2892783505154646
TRAIN,fixed_97_to_99,270.0,,DOWN,0.97,1.0,settlement,0.2892783505154646
TRAIN,fixed_97_to_99,270.0,,UP,0.97,1.0,settlement,0.2892783505154646
TRAIN,fixed_97_to_99,270.0,,UP,0.97,1.0,settlement,0.2892783505154646
TRAIN,fixed_97_to_99,270.0,,DOWN,0.97,1.0,settlement,0.2892783505154646
TRAIN,fixed_97_to_99,270.0,,DOWN,0.97,1.0,settlement,0.2892783505154646
TRAIN,fixed_97_to_99,270.0,,DOWN,0.97,1.0,settlement,0.2892783505154646
TRAIN,fixed_97_to_99,270.0,,DOWN,0.97,1.0,settlement,0.2892783505154646
TRAIN,fixed_97_to_99,270.0,,UP,0.97,1.0,settlement,0.2892783505154646
TRAIN,fixed_97_to_99,270.0,,UP,0.97,1.0,settlement,0.2892783505154646
TRAIN,fixed_97_to_99,270.0,,UP,0.97,1.0,settlement,0.2892783505154646
TRAIN,fixed_97_to_99,270.0,,UP,0.97,1.0,settlement,0.2892783505154646
TRAIN,fixed_97_to_99,270.0,,DOWN,0.97,1.0,settlement,0.2892783505154646
TRAIN,fixed_97_to_99,270.0,,UP,0.97,1.0,settlement,0.2892783505154646
TRAIN,fixed_97_to_99,270.0,,UP,0.97,1.0,settlement,0.2892783505154646
TRAIN,fixed_97_to_99,270.0,,UP,0.97,1.0,settlement,0.2892783505154646
TRAIN,fixed_97_to_99,270.0,,UP,0.97,1.0,settlement,0.2892783505154646
TRAIN,fixed_97_to_99,270.0,,UP,0.97,1.0,settlement,0.2892783505154646
TRAIN,fixed_97_to_99,270.0,,UP,0.97,1.0,settlement,0.2892783505154646
TRAIN,fixed_97_to_99,270.0,,DOWN,0.97,1.0,settlement,0.2892783505154646
TRAIN,fixed_97_to_99,270.0,,DOWN,0.97,1.0,settlement,0.2892783505154646
TRAIN,fixed_97_to_99,270.0,,UP,0.97,1.0,settlement,0.2892783505154646
TRAIN,fixed_97_to_99,270.0,,UP,0.97,1.0,settlement,0.2892783505154646
TRAIN,fixed_97_to_99,270.0,,UP,0.97,1.0,settlement,0.2892783505154646
TRAIN,fixed_97_to_99,270.0,,UP,0.97,1.0,settlement,0.2892783505154646
TRAIN,fixed_97_to_99,270.0,,UP,0.97,1.0,settlement,0.2892783505154646
TRAIN,fixed_97_to_99,270.0,,UP,0.97,1.0,settlement,0.2892783505154646
TRAIN,fixed_97_to_99,270.0,,DOWN,0.97,1.0,settlement,0.2892783505154646
TRAIN,fixed_97_to_99,270.0,,DOWN,0.97,1.0,settlement,0.2892783505154646
TRAIN,fixed_97_to_99,270.0,,DOWN,0.97,1.0,settlement,0.2892783505154646
TRAIN,fixed_97_to_99,270.0,,DOWN,0.97,1.0,settlement,0.2892783505154646
TRAIN,fixed_97_to_99,270.0,,DOWN,0.97,1.0,settlement,0.2892783505154646
TRAIN,fixed_97_to_99,270.0,,DOWN,0.97,1.0,settlement,0.2892783505154646
TRAIN,fixed_97_to_99,270.0,,UP,0.97,1.0,settlement,0.2892783505154646
TRAIN,fixed_97_to_99,270.0,,UP,0.97,1.0,settlement,0.2892783505154646
TRAIN,fixed_97_to_99,270.0,,DOWN,0.97,1.0,settlement,0.2892783505154646
TRAIN,fixed_97_to_99,270.0,,DOWN,0.97,1.0,settlement,0.2892783505154646
TRAIN,fixed_97_to_99,270.0,,DOWN,0.97,1.0,settlement,0.2892783505154646
TRAIN,fixed_97_to_99,270.0,,UP,0.97,1.0,settlement,0.2892783505154646
TRAIN,fixed_97_to_99,270.0,,UP,0.97,1.0,settlement,0.2892783505154646
TRAIN,fixed_97_to_99,270.0,,UP,0.97,1.0,settlement,0.2892783505154646
TRAIN,fixed_97_to_99,270.0,,UP,0.97,1.0,settlement,0.2892783505154646
TRAIN,fixed_97_to_99,270.0,,UP,0.97,1.0,settlement,0.2892783505154646
TRAIN,fixed_97_to_99,270.0,,DOWN,0.97,1.0,settlement,0.2892783505154646
TRAIN,fixed_97_to_99,270.0,,DOWN,0.97,1.0,settlement,0.2892783505154646
TRAIN,fixed_97_to_99,270.0,,DOWN,0.97,1.0,settlement,0.2892783505154646
TRAIN,fixed_97_to_99,270.0,,UP,0.97,1.0,settlement,0.2892783505154646
TRAIN,fixed_97_to_99,270.0,,DOWN,0.97,1.0,settlement,0.2892783505154646
TRAIN,fixed_97_to_99,270.0,,UP,0.97,1.0,settlement,0.2892783505154646
TRAIN,fixed_97_to_99,270.0,,DOWN,0.97,1.0,settlement,0.2892783505154646
TRAIN,fixed_97_to_99,270.0,,UP,0.97,1.0,settlement,0.2892783505154646
TRAIN,fixed_97_to_99,270.0,,UP,0.97,1.0,settlement,0.2892783505154646
TRAIN,fixed_97_to_99,270.0,,DOWN,0.97,1.0,settlement,0.2892783505154646
TRAIN,fixed_97_to_99,270.0,,UP,0.97,1.0,settlement,0.2892783505154646
TRAIN,fixed_97_to_99,270.0,,UP,0.97,1.0,settlement,0.2892783505154646
TRAIN,fixed_97_to_99,270.0,,DOWN,0.97,1.0,settlement,0.2892783505154646
TRAIN,fixed_97_to_99,270.0,,DOWN,0.97,1.0,settlement,0.2892783505154646
TRAIN,fixed_97_to_99,270.0,,UP,0.97,1.0,settlement,0.2892783505154646
TRAIN,fixed_97_to_99,270.0,,UP,0.97,1.0,settlement,0.2892783505154646
TRAIN,fixed_97_to_99,270.0,,UP,0.97,1.0,settlement,0.2892783505154646
TRAIN,fixed_97_to_99,270.0,,UP,0.97,1.0,settlement,0.2892783505154646
TRAIN,fixed_97_to_99,270.0,,DOWN,0.97,1.0,settlement,0.2892783505154646
TRAIN,fixed_97_to_99,270.0,,UP,0.97,1.0,settlement,0.2892783505154646
TRAIN,fixed_97_to_99,270.0,,UP,0.97,1.0,settlement,0.2892783505154646
TRAIN,fixed_97_to_99,270.0,,DOWN,0.97,1.0,settlement,0.2892783505154646
TRAIN,fixed_97_to_99,270.0,,UP,0.97,1.0,settlement,0.2892783505154646
TRAIN,fixed_97_to_99,270.0,,UP,0.97,1.0,settlement,0.2892783505154646
TRAIN,fixed_97_to_99,270.0,,DOWN,0.97,1.0,settlement,0.2892783505154646
TRAIN,fixed_97_to_99,270.0,,DOWN,0.97,1.0,settlement,0.2892783505154646
TRAIN,fixed_97_to_99,270.0,,UP,0.97,1.0,settlement,0.2892783505154646
TRAIN,fixed_97_to_99,270.0,,UP,0.97,1.0,settlement,0.2892783505154646
TRAIN,fixed_97_to_99,270.0,,UP,0.97,1.0,settlement,0.2892783505154646
TRAIN,fixed_97_to_99,270.0,,UP,0.97,1.0,settlement,0.2892783505154646
TRAIN,fixed_97_to_99,270.0,,UP,0.97,1.0,settlement,0.2892783505154646
TRAIN,fixed_97_to_99,270.0,,UP,0.97,1.0,settlement,0.2892783505154646
TRAIN,fixed_97_to_99,270.0,,DOWN,0.97,1.0,settlement,0.2892783505154646
TRAIN,fixed_97_to_99,270.0,,DOWN,0.97,1.0,settlement,0.2892783505154646
TRAIN,fixed_97_to_99,270.0,,UP,0.97,1.0,settlement,0.2892783505154646
TRAIN,fixed_97_to_99,270.0,,DOWN,0.97,1.0,settlement,0.2892783505154646
TRAIN,fixed_97_to_99,270.0,,DOWN,0.97,1.0,settlement,0.2892783505154646
TRAIN,fixed_97_to_99,270.0,,UP,0.97,1.0,settlement,0.2892783505154646
TRAIN,fixed_97_to_99,270.0,,DOWN,0.97,1.0,settlement,0.2892783505154646
TRAIN,fixed_97_to_99,270.0,,UP,0.97,1.0,settlement,0.2892783505154646
TRAIN,fixed_97_to_99,270.0,,UP,0.97,1.0,settlement,0.2892783505154646
TRAIN,fixed_97_to_99,270.0,,UP,0.97,1.0,settlement,0.2892783505154646
TRAIN,fixed_97_to_99,270.0,,DOWN,0.97,1.0,settlement,0.2892783505154646
TRAIN,fixed_97_to_99,270.0,,UP,0.97,1.0,settlement,0.2892783505154646
TRAIN,fixed_97_to_99,270.0,,DOWN,0.97,1.0,settlement,0.2892783505154646
TRAIN,fixed_97_to_99,270.0,,DOWN,0.97,1.0,settlement,0.2892783505154646
TRAIN,fixed_97_to_99,270.0,,DOWN,0.97,1.0,settlement,0.2892783505154646
TRAIN,fixed_97_to_99,270.0,,DOWN,0.97,1.0,settlement,0.2892783505154646
TRAIN,fixed_97_to_99,270.0,,DOWN,0.97,1.0,settlement,0.2892783505154646
TRAIN,fixed_97_to_99,270.0,,UP,0.97,1.0,settlement,0.2892783505154646
TRAIN,fixed_97_to_99,270.0,,UP,0.97,1.0,settlement,0.2892783505154646
TRAIN,fixed_97_to_99,270.0,,UP,0.97,1.0,settlement,0.2892783505154646
TRAIN,fixed_97_to_99,270.0,,UP,0.97,1.0,settlement,0.2892783505154646
TRAIN,fixed_97_to_99,270.0,,DOWN,0.97,1.0,settlement,0.2892783505154646
TRAIN,fixed_97_to_99,270.0,,DOWN,0.97,1.0,settlement,0.2892783505154646
TRAIN,fixed_97_to_99,270.0,,DOWN,0.97,1.0,settlement,0.2892783505154646
TRAIN,fixed_97_to_99,270.0,,DOWN,0.97,1.0,settlement,0.2892783505154646
TRAIN,fixed_97_to_99,270.0,,UP,0.97,1.0,settlement,0.2892783505154646
TRAIN,fixed_97_to_99,270.0,,DOWN,0.97,1.0,settlement,0.2892783505154646
TRAIN,fixed_97_to_99,270.0,,DOWN,0.97,1.0,settlement,0.2892783505154646
TRAIN,fixed_97_to_99,270.0,,UP,0.97,1.0,settlement,0.2892783505154646
TRAIN,fixed_97_to_99,270.0,,UP,0.97,1.0,settlement,0.2892783505154646
TRAIN,fixed_97_to_99,270.0,,UP,0.97,1.0,settlement,0.2892783505154646
TRAIN,fixed_97_to_99,270.0,,UP,0.97,1.0,settlement,0.2892783505154646
TRAIN,fixed_97_to_99,270.0,,DOWN,0.97,1.0,settlement,0.2892783505154646
TRAIN,fixed_97_to_99,270.0,,DOWN,0.97,1.0,settlement,0.2892783505154646
TRAIN,fixed_97_to_99,270.0,,DOWN,0.97,1.0,settlement,0.2892783505154646
TRAIN,fixed_97_to_99,270.0,,DOWN,0.97,1.0,settlement,0.2892783505154646
TRAIN,fixed_97_to_99,270.0,,UP,0.97,1.0,settlement,0.2892783505154646
TRAIN,fixed_97_to_99,270.0,,UP,0.97,1.0,settlement,0.2892783505154646
TRAIN,fixed_97_to_99,270.0,,UP,0.97,1.0,settlement,0.2892783505154646
TRAIN,fixed_97_to_99,270.0,,UP,0.97,1.0,settlement,0.2892783505154646
TRAIN,fixed_97_to_99,270.0,,DOWN,0.97,1.0,settlement,0.2892783505154646
TRAIN,fixed_97_to_99,270.0,,DOWN,0.97,1.0,settlement,0.2892783505154646
TRAIN,fixed_97_to_99,270.0,,UP,0.97,1.0,settlement,0.2892783505154646
TRAIN,fixed_97_to_99,270.0,,UP,0.97,1.0,settlement,0.2892783505154646
TRAIN,fixed_97_to_99,270.0,,DOWN,0.97,1.0,settlement,0.2892783505154646
TRAIN,fixed_97_to_99,270.0,,DOWN,0.97,1.0,settlement,0.2892783505154646
TRAIN,fixed_97_to_99,270.0,,DOWN,0.97,1.0,settlement,0.2892783505154646
TRAIN,fixed_97_to_99,270.0,,DOWN,0.97,1.0,settlement,0.2892783505154646
TRAIN,fixed_97_to_99,270.0,,UP,0.97,1.0,settlement,0.2892783505154646
TRAIN,fixed_97_to_99,270.0,,DOWN,0.97,1.0,settlement,0.2892783505154646
TRAIN,fixed_97_to_99,270.0,,UP,0.97,1.0,settlement,0.2892783505154646
TRAIN,fixed_97_to_99,270.0,,DOWN,0.97,1.0,settlement,0.2892783505154646
TRAIN,fixed_97_to_99,270.0,,DOWN,0.97,1.0,settlement,0.2892783505154646
TRAIN,fixed_97_to_99,270.0,,UP,0.97,1.0,settlement,0.2892783505154646
TRAIN,fixed_97_to_99,270.0,,UP,0.97,1.0,settlement,0.2892783505154646
TRAIN,fixed_97_to_99,270.0,,DOWN,0.97,1.0,settlement,0.2892783505154646
TRAIN,fixed_97_to_99,270.0,,DOWN,0.97,1.0,settlement,0.2892783505154646
TRAIN,fixed_97_to_99,270.0,,DOWN,0.97,1.0,settlement,0.2892783505154646
TRAIN,fixed_97_to_99,270.0,,DOWN,0.97,1.0,settlement,0.2892783505154646
TRAIN,fixed_97_to_99,270.0,,DOWN,0.97,1.0,settlement,0.2892783505154646
TRAIN,fixed_97_to_99,270.0,,DOWN,0.97,1.0,settlement,0.2892783505154646
TRAIN,fixed_97_to_99,270.0,,UP,0.97,1.0,settlement,0.2892783505154646
TRAIN,fixed_97_to_99,270.0,,UP,0.97,1.0,settlement,0.2892783505154646
TRAIN,fixed_97_to_99,270.0,,UP,0.97,1.0,settlement,0.2892783505154646
TRAIN,fixed_97_to_99,270.0,,DOWN,0.97,1.0,settlement,0.2892783505154646
TRAIN,fixed_97_to_99,270.0,,DOWN,0.97,1.0,settlement,0.2892783505154646
TRAIN,fixed_97_to_99,270.0,,DOWN,0.97,1.0,settlement,0.2892783505154646
TRAIN,fixed_97_to_99,270.0,,DOWN,0.97,1.0,settlement,0.2892783505154646
TRAIN,fixed_97_to_99,270.0,,DOWN,0.97,1.0,settlement,0.2892783505154646
TRAIN,fixed_97_to_99,270.0,,UP,0.97,1.0,settlement,0.2892783505154646
TRAIN,fixed_97_to_99,270.0,,DOWN,0.97,1.0,settlement,0.2892783505154646
TRAIN,fixed_97_to_99,270.0,,UP,0.97,1.0,settlement,0.2892783505154646
TRAIN,fixed_97_to_99,270.0,,DOWN,0.97,1.0,settlement,0.2892783505154646
TRAIN,fixed_97_to_99,270.0,,UP,0.97,1.0,settlement,0.2892783505154646
TRAIN,fixed_97_to_99,270.0,,UP,0.97,1.0,settlement,0.2892783505154646
TRAIN,fixed_97_to_99,270.0,,UP,0.97,1.0,settlement,0.2892783505154646
TRAIN,fixed_97_to_99,270.0,,UP,0.97,1.0,settlement,0.2892783505154646
TRAIN,fixed_97_to_99,270.0,,UP,0.97,1.0,settlement,0.2892783505154646
TRAIN,fixed_97_to_99,270.0,,DOWN,0.97,1.0,settlement,0.2892783505154646
TRAIN,fixed_97_to_99,270.0,,UP,0.97,1.0,settlement,0.2892783505154646
TRAIN,fixed_97_to_99,270.0,,UP,0.97,1.0,settlement,0.2892783505154646
TRAIN,fixed_97_to_99,270.0,,UP,0.97,1.0,settlement,0.2892783505154646
TRAIN,fixed_97_to_99,270.0,,UP,0.97,1.0,settlement,0.2892783505154646
TRAIN,fixed_97_to_99,270.0,,UP,0.97,1.0,settlement,0.2892783505154646
TRAIN,fixed_97_to_99,270.0,,UP,0.97,1.0,settlement,0.2892783505154646
TRAIN,fixed_97_to_99,270.0,,DOWN,0.97,1.0,settlement,0.2892783505154646
TRAIN,fixed_97_to_99,270.0,,DOWN,0.97,1.0,settlement,0.2892783505154646
TRAIN,fixed_97_to_99,270.0,,DOWN,0.97,1.0,settlement,0.2892783505154646
TRAIN,fixed_97_to_99,270.0,,UP,0.97,1.0,settlement,0.2892783505154646
TRAIN,fixed_97_to_99,270.0,,UP,0.97,1.0,settlement,0.2892783505154646
TRAIN,fixed_97_to_99,270.0,,UP,0.97,1.0,settlement,0.2892783505154646
TRAIN,fixed_97_to_99,270.0,,DOWN,0.97,1.0,settlement,0.2892783505154646
TRAIN,fixed_97_to_99,270.0,,UP,0.97,1.0,settlement,0.2892783505154646
TRAIN,fixed_97_to_99,270.0,,DOWN,0.97,1.0,settlement,0.2892783505154646
TRAIN,fixed_97_to_99,270.0,,DOWN,0.97,1.0,settlement,0.2892783505154646
TRAIN,fixed_97_to_99,270.0,,UP,0.97,1.0,settlement,0.2892783505154646
TRAIN,fixed_97_to_99,270.0,,UP,0.97,1.0,settlement,0.2892783505154646
TRAIN,fixed_97_to_99,270.0,,DOWN,0.97,1.0,settlement,0.2892783505154646
TRAIN,fixed_97_to_99,270.0,,UP,0.97,1.0,settlement,0.2892783505154646
TRAIN,fixed_97_to_99,270.0,,UP,0.97,1.0,settlement,0.2892783505154646
TRAIN,fixed_97_to_99,270.0,,UP,0.97,1.0,settlement,0.2892783505154646
TRAIN,fixed_97_to_99,270.0,,DOWN,0.97,1.0,settlement,0.2892783505154646
TRAIN,fixed_97_to_99,270.0,,DOWN,0.97,1.0,settlement,0.2892783505154646
TRAIN,fixed_97_to_99,270.0,,DOWN,0.97,1.0,settlement,0.2892783505154646
TRAIN,fixed_97_to_99,270.0,,UP,0.97,1.0,settlement,0.2892783505154646
TRAIN,fixed_97_to_99,270.0,,UP,0.97,1.0,settlement,0.2892783505154646
TRAIN,fixed_97_to_99,270.0,,UP,0.97,1.0,settlement,0.2892783505154646
TRAIN,fixed_97_to_99,270.0,,DOWN,0.97,1.0,settlement,0.2892783505154646
TRAIN,fixed_97_to_99,270.0,,DOWN,0.97,1.0,settlement,0.2892783505154646
TRAIN,fixed_97_to_99,270.0,,UP,0.97,1.0,settlement,0.2892783505154646
TRAIN,fixed_97_to_99,270.0,,UP,0.97,1.0,settlement,0.2892783505154646
TRAIN,fixed_97_to_99,270.0,,UP,0.97,1.0,settlement,0.2892783505154646
TRAIN,fixed_97_to_99,270.0,,DOWN,0.97,1.0,settlement,0.2892783505154646
TRAIN,fixed_97_to_99,270.0,,DOWN,0.97,1.0,settlement,0.2892783505154646
TRAIN,fixed_97_to_99,270.0,,UP,0.97,1.0,settlement,0.2892783505154646
TRAIN,fixed_97_to_99,270.0,,DOWN,0.97,1.0,settlement,0.2892783505154646
TRAIN,fixed_97_to_99,270.0,,UP,0.97,1.0,settlement,0.2892783505154646
TRAIN,fixed_97_to_99,270.0,,DOWN,0.97,1.0,settlement,0.2892783505154646
TRAIN,fixed_97_to_99,270.0,,UP,0.97,1.0,settlement,0.2892783505154646
TRAIN,fixed_97_to_99,270.0,,UP,0.97,1.0,settlement,0.2892783505154646
TRAIN,fixed_97_to_99,270.0,,DOWN,0.97,1.0,settlement,0.2892783505154646
TRAIN,fixed_97_to_99,270.0,,DOWN,0.97,1.0,settlement,0.2892783505154646
TRAIN,fixed_97_to_99,270.0,,UP,0.97,1.0,settlement,0.2892783505154646
TRAIN,fixed_97_to_99,270.0,,UP,0.97,1.0,settlement,0.2892783505154646
TRAIN,fixed_97_to_99,270.0,,UP,0.97,1.0,settlement,0.2892783505154646
TRAIN,fixed_97_to_99,270.0,,UP,0.97,1.0,settlement,0.2892783505154646
TRAIN,fixed_97_to_99,270.0,,UP,0.97,1.0,settlement,0.2892783505154646
TRAIN,fixed_97_to_99,270.0,,UP,0.97,1.0,settlement,0.2892783505154646
TRAIN,fixed_97_to_99,270.0,,DOWN,0.97,1.0,settlement,0.2892783505154646
TRAIN,fixed_97_to_99,270.0,,UP,0.97,1.0,settlement,0.2892783505154646
TRAIN,fixed_97_to_99,270.0,,UP,0.97,1.0,settlement,0.2892783505154646
TRAIN,fixed_97_to_99,270.0,,UP,0.97,1.0,settlement,0.2892783505154646
TRAIN,fixed_97_to_99,270.0,,DOWN,0.97,1.0,settlement,0.2892783505154646
TRAIN,fixed_97_to_99,270.0,,UP,0.97,1.0,settlement,0.2892783505154646
TRAIN,fixed_97_to_99,270.0,,UP,0.97,1.0,settlement,0.2892783505154646
TRAIN,fixed_97_to_99,270.0,,DOWN,0.97,1.0,settlement,0.2892783505154646
TRAIN,fixed_97_to_99,270.0,,UP,0.97,1.0,settlement,0.2892783505154646
TRAIN,fixed_97_to_99,270.0,,DOWN,0.97,1.0,settlement,0.2892783505154646
TRAIN,fixed_97_to_99,270.0,,UP,0.97,1.0,settlement,0.2892783505154646
TRAIN,fixed_97_to_99,270.0,,UP,0.97,1.0,settlement,0.2892783505154646
TRAIN,fixed_97_to_99,270.0,,UP,0.97,1.0,settlement,0.2892783505154646
TRAIN,fixed_97_to_99,270.0,,DOWN,0.97,1.0,settlement,0.2892783505154646
TRAIN,fixed_97_to_99,270.0,,DOWN,0.97,1.0,settlement,0.2892783505154646
TRAIN,fixed_97_to_99,270.0,,DOWN,0.97,1.0,settlement,0.2892783505154646
TRAIN,fixed_97_to_99,270.0,,DOWN,0.97,1.0,settlement,0.2892783505154646
TRAIN,fixed_97_to_99,270.0,,DOWN,0.97,1.0,settlement,0.2892783505154646
TRAIN,fixed_97_to_99,270.0,,UP,0.97,1.0,settlement,0.2892783505154646
TRAIN,fixed_97_to_99,270.0,,UP,0.97,1.0,settlement,0.2892783505154646
TRAIN,fixed_97_to_99,270.0,,DOWN,0.97,1.0,settlement,0.2892783505154646
TRAIN,fixed_97_to_99,270.0,,UP,0.97,1.0,settlement,0.2892783505154646
TRAIN,fixed_97_to_99,270.0,,DOWN,0.97,1.0,settlement,0.2892783505154646
TRAIN,fixed_97_to_99,270.0,,DOWN,0.97,1.0,settlement,0.2892783505154646
TRAIN,fixed_97_to_99,270.0,,DOWN,0.97,1.0,settlement,0.2892783505154646
TRAIN,fixed_97_to_99,270.0,,UP,0.97,1.0,settlement,0.2892783505154646
TRAIN,fixed_97_to_99,270.0,,UP,0.97,1.0,settlement,0.2892783505154646
TRAIN,fixed_97_to_99,270.0,,DOWN,0.97,1.0,settlement,0.2892783505154646
TRAIN,fixed_97_to_99,270.0,,UP,0.97,1.0,settlement,0.2892783505154646
TRAIN,fixed_97_to_99,270.0,,UP,0.97,1.0,settlement,0.2892783505154646
TRAIN,fixed_97_to_99,270.0,,UP,0.97,1.0,settlement,0.2892783505154646
TRAIN,fixed_97_to_99,270.0,,UP,0.97,1.0,settlement,0.2892783505154646
TRAIN,fixed_97_to_99,270.0,,UP,0.97,1.0,settlement,0.2892783505154646
TRAIN,fixed_97_to_99,270.0,,UP,0.97,1.0,settlement,0.2892783505154646
TRAIN,fixed_97_to_99,270.0,,DOWN,0.97,1.0,settlement,0.2892783505154646
TRAIN,fixed_97_to_99,270.0,,DOWN,0.97,1.0,settlement,0.2892783505154646
TRAIN,fixed_97_to_99,270.0,,DOWN,0.97,1.0,settlement,0.2892783505154646
TRAIN,fixed_97_to_99,270.0,,DOWN,0.97,1.0,settlement,0.2892783505154646
TRAIN,fixed_97_to_99,270.0,,DOWN,0.97,1.0,settlement,0.2892783505154646
TRAIN,fixed_97_to_99,270.0,,UP,0.97,1.0,settlement,0.2892783505154646
TRAIN,fixed_97_to_99,270.0,,DOWN,0.97,1.0,settlement,0.2892783505154646
TRAIN,fixed_97_to_99,270.0,,DOWN,0.97,1.0,settlement,0.2892783505154646
TRAIN,fixed_97_to_99,270.0,,UP,0.97,1.0,settlement,0.2892783505154646
TRAIN,fixed_97_to_99,270.0,,UP,0.97,1.0,settlement,0.2892783505154646
TRAIN,fixed_97_to_99,270.0,,UP,0.97,1.0,settlement,0.2892783505154646
TRAIN,fixed_97_to_99,270.0,,DOWN,0.97,1.0,settlement,0.2892783505154646
TRAIN,fixed_97_to_99,270.0,,UP,0.97,1.0,settlement,0.2892783505154646
TRAIN,fixed_97_to_99,270.0,,UP,0.97,1.0,settlement,0.2892783505154646
TRAIN,fixed_97_to_99,270.0,,DOWN,0.97,1.0,settlement,0.2892783505154646
TRAIN,fixed_97_to_99,270.0,,UP,0.97,1.0,settlement,0.2892783505154646
TRAIN,fixed_97_to_99,270.0,,UP,0.97,1.0,settlement,0.2892783505154646
TRAIN,fixed_97_to_99,270.0,,DOWN,0.97,1.0,settlement,0.2892783505154646
TRAIN,fixed_97_to_99,270.0,,DOWN,0.97,1.0,settlement,0.2892783505154646
TRAIN,fixed_97_to_99,270.0,,UP,0.97,1.0,settlement,0.2892783505154646
TRAIN,fixed_97_to_99,270.0,,UP,0.97,1.0,settlement,0.2892783505154646
TRAIN,fixed_97_to_99,270.0,,UP,0.97,1.0,settlement,0.2892783505154646
TRAIN,fixed_97_to_99,270.0,,UP,0.97,1.0,settlement,0.2892783505154646
TRAIN,fixed_97_to_99,270.0,,DOWN,0.97,1.0,settlement,0.2892783505154646
TRAIN,fixed_97_to_99,270.0,,DOWN,0.97,1.0,settlement,0.2892783505154646
TRAIN,fixed_97_to_99,270.0,,DOWN,0.97,1.0,settlement,0.2892783505154646
TRAIN,fixed_97_to_99,270.0,,DOWN,0.97,1.0,settlement,0.2892783505154646
TRAIN,fixed_97_to_99,270.0,,UP,0.97,1.0,settlement,0.2892783505154646
TRAIN,fixed_97_to_99,270.0,,DOWN,0.97,1.0,settlement,0.2892783505154646
TRAIN,fixed_97_to_99,270.0,,DOWN,0.97,1.0,settlement,0.2892783505154646
TRAIN,fixed_97_to_99,270.0,,DOWN,0.97,1.0,settlement,0.2892783505154646
TRAIN,fixed_97_to_99,270.0,,UP,0.97,1.0,settlement,0.2892783505154646
TRAIN,fixed_97_to_99,270.0,,DOWN,0.97,1.0,settlement,0.2892783505154646
TRAIN,fixed_97_to_99,270.0,,UP,0.97,1.0,settlement,0.2892783505154646
TRAIN,fixed_97_to_99,270.0,,DOWN,0.97,1.0,settlement,0.2892783505154646
TRAIN,fixed_97_to_99,270.0,,UP,0.97,1.0,settlement,0.2892783505154646
TRAIN,fixed_97_to_99,270.0,,DOWN,0.97,1.0,settlement,0.2892783505154646
TRAIN,fixed_97_to_99,270.0,,UP,0.97,1.0,settlement,0.2892783505154646
TRAIN,fixed_97_to_99,270.0,,UP,0.97,1.0,settlement,0.2892783505154646
TRAIN,fixed_97_to_99,270.0,,DOWN,0.97,1.0,settlement,0.2892783505154646
TRAIN,fixed_97_to_99,270.0,,UP,0.97,1.0,settlement,0.2892783505154646
TRAIN,fixed_97_to_99,270.0,,UP,0.97,1.0,settlement,0.2892783505154646
TRAIN,fixed_97_to_99,270.0,,DOWN,0.97,1.0,settlement,0.2892783505154646
TRAIN,fixed_97_to_99,270.0,,DOWN,0.97,1.0,settlement,0.2892783505154646
TRAIN,fixed_97_to_99,270.0,,DOWN,0.97,1.0,settlement,0.2892783505154646
TRAIN,fixed_97_to_99,270.0,,UP,0.97,1.0,settlement,0.2892783505154646
TRAIN,fixed_97_to_99,270.0,,DOWN,0.97,1.0,settlement,0.2892783505154646
TRAIN,fixed_97_to_99,270.0,,DOWN,0.97,1.0,settlement,0.2892783505154646
TRAIN,fixed_97_to_99,270.0,,UP,0.97,1.0,settlement,0.2892783505154646
TRAIN,fixed_97_to_99,270.0,,DOWN,0.97,1.0,settlement,0.2892783505154646
TRAIN,fixed_97_to_99,270.0,,UP,0.97,1.0,settlement,0.2892783505154646
TRAIN,fixed_97_to_99,270.0,,DOWN,0.97,1.0,settlement,0.2892783505154646
TRAIN,fixed_97_to_99,270.0,,UP,0.97,1.0,settlement,0.2892783505154646
TRAIN,fixed_97_to_99,270.0,,DOWN,0.97,1.0,settlement,0.2892783505154646
TRAIN,fixed_97_to_99,270.0,,UP,0.97,1.0,settlement,0.2892783505154646
TRAIN,fixed_97_to_99,270.0,,UP,0.97,1.0,settlement,0.2892783505154646
TRAIN,fixed_97_to_99,270.0,,UP,0.97,1.0,settlement,0.2892783505154646
TRAIN,fixed_97_to_99,270.0,,DOWN,0.97,1.0,settlement,0.2892783505154646
TRAIN,fixed_97_to_99,270.0,,DOWN,0.97,1.0,settlement,0.2892783505154646
TRAIN,fixed_97_to_99,270.0,,DOWN,0.97,1.0,settlement,0.2892783505154646
TRAIN,fixed_97_to_99,270.0,,DOWN,0.97,1.0,settlement,0.2892783505154646
TRAIN,fixed_97_to_99,270.0,,UP,0.97,1.0,settlement,0.2892783505154646
TRAIN,fixed_97_to_99,270.0,,DOWN,0.97,1.0,settlement,0.2892783505154646
TRAIN,fixed_97_to_99,270.0,,UP,0.97,1.0,settlement,0.2892783505154646
TRAIN,fixed_97_to_99,270.0,,DOWN,0.97,1.0,settlement,0.2892783505154646
TRAIN,fixed_97_to_99,270.0,,DOWN,0.97,1.0,settlement,0.2892783505154646
TRAIN,fixed_97_to_99,270.0,,DOWN,0.97,1.0,settlement,0.2892783505154646
TRAIN,fixed_97_to_99,270.0,,DOWN,0.97,1.0,settlement,0.2892783505154646
TRAIN,fixed_97_to_99,270.0,,DOWN,0.97,1.0,settlement,0.2892783505154646
TRAIN,fixed_97_to_99,270.0,,UP,0.97,1.0,settlement,0.2892783505154646
TRAIN,fixed_97_to_99,270.0,,DOWN,0.97,1.0,settlement,0.2892783505154646
TRAIN,fixed_97_to_99,270.0,,UP,0.97,1.0,settlement,0.2892783505154646
TRAIN,fixed_97_to_99,270.0,,UP,0.97,1.0,settlement,0.2892783505154646
TRAIN,fixed_97_to_99,270.0,,DOWN,0.97,1.0,settlement,0.2892783505154646
TRAIN,fixed_97_to_99,270.0,,UP,0.97,1.0,settlement,0.2892783505154646
TRAIN,fixed_97_to_99,270.0,,UP,0.97,1.0,settlement,0.2892783505154646
TRAIN,fixed_97_to_99,270.0,,DOWN,0.97,1.0,settlement,0.2892783505154646
TRAIN,fixed_97_to_99,270.0,,DOWN,0.97,1.0,settlement,0.2892783505154646
TRAIN,fixed_97_to_99,270.0,,UP,0.97,1.0,settlement,0.2892783505154646
TRAIN,fixed_97_to_99,270.0,,DOWN,0.97,1.0,settlement,0.2892783505154646
TRAIN,fixed_97_to_99,270.0,,UP,0.97,1.0,settlement,0.2892783505154646
TRAIN,fixed_97_to_99,270.0,,UP,0.97,1.0,settlement,0.2892783505154646
TRAIN,fixed_97_to_99,270.0,,DOWN,0.97,1.0,settlement,0.2892783505154646
TRAIN,fixed_97_to_99,270.0,,UP,0.97,1.0,settlement,0.2892783505154646
TRAIN,fixed_97_to_99,270.0,,UP,0.97,1.0,settlement,0.2892783505154646
TRAIN,fixed_97_to_99,270.0,,DOWN,0.97,1.0,settlement,0.2892783505154646
TRAIN,fixed_97_to_99,270.0,,UP,0.97,1.0,settlement,0.2892783505154646
TRAIN,fixed_97_to_99,270.0,,DOWN,0.97,1.0,settlement,0.2892783505154646
TRAIN,fixed_97_to_99,270.0,,DOWN,0.97,1.0,settlement,0.2892783505154646
TRAIN,fixed_97_to_99,270.0,,UP,0.97,1.0,settlement,0.2892783505154646
TRAIN,fixed_97_to_99,270.0,,UP,0.97,1.0,settlement,0.2892783505154646
TRAIN,fixed_97_to_99,270.0,,DOWN,0.97,1.0,settlement,0.2892783505154646
TRAIN,fixed_97_to_99,270.0,,UP,0.97,1.0,settlement,0.2892783505154646
TRAIN,fixed_97_to_99,270.0,,UP,0.97,1.0,settlement,0.2892783505154646
TRAIN,fixed_97_to_99,270.0,,DOWN,0.97,1.0,settlement,0.2892783505154646
TRAIN,fixed_97_to_99,270.0,,UP,0.97,1.0,settlement,0.2892783505154646
TRAIN,fixed_97_to_99,270.0,,UP,0.97,1.0,settlement,0.2892783505154646
TRAIN,fixed_97_to_99,270.0,,UP,0.97,1.0,settlement,0.2892783505154646
TRAIN,fixed_97_to_99,270.0,,DOWN,0.97,1.0,settlement,0.2892783505154646
TRAIN,fixed_97_to_99,270.0,,DOWN,0.97,1.0,settlement,0.2892783505154646
TRAIN,fixed_97_to_99,270.0,,UP,0.97,1.0,settlement,0.2892783505154646
TRAIN,fixed_97_to_99,270.0,,DOWN,0.97,1.0,settlement,0.2892783505154646
TRAIN,fixed_97_to_99,270.0,,UP,0.97,1.0,settlement,0.2892783505154646
TRAIN,fixed_97_to_99,270.0,,UP,0.97,1.0,settlement,0.2892783505154646
TRAIN,fixed_97_to_99,270.0,,UP,0.97,1.0,settlement,0.2892783505154646
TRAIN,fixed_97_to_99,270.0,,UP,0.97,1.0,settlement,0.2892783505154646
TRAIN,fixed_97_to_99,270.0,,UP,0.97,1.0,settlement,0.2892783505154646
TRAIN,fixed_97_to_99,270.0,,UP,0.97,1.0,settlement,0.2892783505154646
TRAIN,fixed_97_to_99,270.0,,UP,0.97,1.0,settlement,0.2892783505154646
TRAIN,fixed_97_to_99,270.0,,DOWN,0.97,1.0,settlement,0.2892783505154646
TRAIN,fixed_97_to_99,270.0,,DOWN,0.97,1.0,settlement,0.2892783505154646
TRAIN,fixed_97_to_99,270.0,,DOWN,0.97,1.0,settlement,0.2892783505154646
TRAIN,fixed_97_to_99,270.0,,UP,0.97,1.0,settlement,0.2892783505154646
TRAIN,fixed_97_to_99,270.0,,DOWN,0.97,1.0,settlement,0.2892783505154646
TRAIN,fixed_97_to_99,270.0,,DOWN,0.97,1.0,settlement,0.2892783505154646
TRAIN,fixed_97_to_99,270.0,,UP,0.97,1.0,settlement,0.2892783505154646
TRAIN,fixed_97_to_99,270.0,,DOWN,0.97,1.0,settlement,0.2892783505154646
TRAIN,fixed_97_to_99,270.0,,DOWN,0.97,1.0,settlement,0.2892783505154646
TRAIN,fixed_97_to_99,270.0,,UP,0.97,1.0,settlement,0.2892783505154646
TRAIN,fixed_97_to_99,270.0,,UP,0.97,1.0,settlement,0.2892783505154646
TRAIN,fixed_97_to_99,270.0,,DOWN,0.97,1.0,settlement,0.2892783505154646
TRAIN,fixed_97_to_99,270.0,,UP,0.97,1.0,settlement,0.2892783505154646
TRAIN,fixed_97_to_99,270.0,,DOWN,0.97,1.0,settlement,0.2892783505154646
TRAIN,fixed_97_to_99,270.0,,UP,0.97,1.0,settlement,0.2892783505154646
TRAIN,fixed_97_to_99,270.0,,DOWN,0.97,1.0,settlement,0.2892783505154646
TRAIN,fixed_97_to_99,270.0,,DOWN,0.97,1.0,settlement,0.2892783505154646
TRAIN,fixed_97_to_99,270.0,,DOWN,0.97,1.0,settlement,0.2892783505154646
TRAIN,fixed_97_to_99,270.0,,DOWN,0.97,1.0,settlement,0.2892783505154646
TRAIN,fixed_97_to_99,270.0,,DOWN,0.97,1.0,settlement,0.2892783505154646
TRAIN,fixed_97_to_99,270.0,,DOWN,0.97,1.0,settlement,0.2892783505154646
TRAIN,fixed_97_to_99,270.0,,DOWN,0.97,1.0,settlement,0.2892783505154646
TRAIN,fixed_97_to_99,270.0,,DOWN,0.97,1.0,settlement,0.2892783505154646
TRAIN,fixed_97_to_99,270.0,,UP,0.97,1.0,settlement,0.2892783505154646
TRAIN,fixed_97_to_99,270.0,,UP,0.97,1.0,settlement,0.2892783505154646
TRAIN,fixed_97_to_99,270.0,,DOWN,0.97,1.0,settlement,0.2892783505154646
TRAIN,fixed_97_to_99,270.0,,DOWN,0.97,1.0,settlement,0.2892783505154646
TRAIN,fixed_97_to_99,270.0,,UP,0.97,1.0,settlement,0.2892783505154646
TRAIN,fixed_97_to_99,270.0,,UP,0.97,1.0,settlement,0.2892783505154646
TRAIN,fixed_97_to_99,270.0,,UP,0.97,1.0,settlement,0.2892783505154646
TRAIN,fixed_97_to_99,270.0,,UP,0.97,1.0,settlement,0.2892783505154646
TRAIN,fixed_97_to_99,270.0,,DOWN,0.97,1.0,settlement,0.2892783505154646
TRAIN,fixed_97_to_99,270.0,,UP,0.97,1.0,settlement,0.2892783505154646
TRAIN,fixed_97_to_99,270.0,,DOWN,0.97,1.0,settlement,0.2892783505154646
TRAIN,fixed_97_to_99,270.0,,DOWN,0.97,1.0,settlement,0.2892783505154646
TRAIN,fixed_97_to_99,270.0,,DOWN,0.97,1.0,settlement,0.2892783505154646
TRAIN,fixed_97_to_99,270.0,,DOWN,0.97,1.0,settlement,0.2892783505154646
TRAIN,fixed_97_to_99,270.0,,UP,0.97,1.0,settlement,0.2892783505154646
TRAIN,fixed_97_to_99,270.0,,DOWN,0.97,1.0,settlement,0.2892783505154646
TRAIN,fixed_97_to_99,270.0,,DOWN,0.97,1.0,settlement,0.2892783505154646
TRAIN,fixed_97_to_99,270.0,,DOWN,0.97,1.0,settlement,0.2892783505154646
TRAIN,fixed_97_to_99,270.0,,UP,0.97,1.0,settlement,0.2892783505154646
TRAIN,fixed_97_to_99,270.0,,UP,0.97,1.0,settlement,0.2892783505154646
TRAIN,fixed_97_to_99,270.0,,DOWN,0.97,1.0,settlement,0.2892783505154646
TRAIN,fixed_97_to_99,270.0,,DOWN,0.97,1.0,settlement,0.2892783505154646
TRAIN,fixed_97_to_99,270.0,,DOWN,0.97,1.0,settlement,0.2892783505154646
TRAIN,fixed_97_to_99,270.0,,UP,0.97,1.0,settlement,0.2892783505154646
TRAIN,fixed_97_to_99,270.0,,UP,0.97,1.0,settlement,0.2892783505154646
TRAIN,fixed_97_to_99,270.0,,UP,0.97,1.0,settlement,0.2892783505154646
TRAIN,fixed_97_to_99,270.0,,UP,0.97,1.0,settlement,0.2892783505154646
TRAIN,fixed_97_to_99,270.0,,DOWN,0.97,1.0,settlement,0.2892783505154646
TRAIN,fixed_97_to_99,270.0,,DOWN,0.97,1.0,settlement,0.2892783505154646
TRAIN,fixed_97_to_99,270.0,,UP,0.97,1.0,settlement,0.2892783505154646
TRAIN,fixed_97_to_99,270.0,,UP,0.97,1.0,settlement,0.2892783505154646
TRAIN,fixed_97_to_99,270.0,,UP,0.97,1.0,settlement,0.2892783505154646
TRAIN,fixed_97_to_99,270.0,,DOWN,0.97,1.0,settlement,0.2892783505154646
TRAIN,fixed_97_to_99,270.0,,DOWN,0.97,1.0,settlement,0.2892783505154646
TRAIN,fixed_97_to_99,270.0,,DOWN,0.97,1.0,settlement,0.2892783505154646
TRAIN,fixed_97_to_99,270.0,,DOWN,0.97,1.0,settlement,0.2892783505154646
TRAIN,fixed_97_to_99,270.0,,DOWN,0.97,1.0,settlement,0.2892783505154646
TRAIN,fixed_97_to_99,270.0,,UP,0.97,1.0,settlement,0.2892783505154646
TRAIN,fixed_97_to_99,270.0,,UP,0.97,1.0,settlement,0.2892783505154646
TRAIN,fixed_97_to_99,270.0,,DOWN,0.97,1.0,settlement,0.2892783505154646
TRAIN,fixed_97_to_99,270.0,,UP,0.97,1.0,settlement,0.2892783505154646
TRAIN,fixed_97_to_99,270.0,,UP,0.97,1.0,settlement,0.2892783505154646
TRAIN,fixed_97_to_99,270.0,,DOWN,0.97,1.0,settlement,0.2892783505154646
TRAIN,fixed_97_to_99,270.0,,UP,0.97,1.0,settlement,0.2892783505154646
TRAIN,fixed_97_to_99,270.0,,DOWN,0.97,1.0,settlement,0.2892783505154646
TRAIN,fixed_97_to_99,270.0,,UP,0.97,1.0,settlement,0.2892783505154646
TRAIN,fixed_97_to_99,270.0,,DOWN,0.97,1.0,settlement,0.2892783505154646
TRAIN,fixed_97_to_99,270.0,,UP,0.97,1.0,settlement,0.2892783505154646
TRAIN,fixed_97_to_99,270.0,,DOWN,0.97,1.0,settlement,0.2892783505154646
TRAIN,fixed_97_to_99,270.0,,UP,0.97,1.0,settlement,0.2892783505154646
TRAIN,fixed_97_to_99,270.0,,UP,0.97,1.0,settlement,0.2892783505154646
TRAIN,fixed_97_to_99,270.0,,DOWN,0.97,1.0,settlement,0.2892783505154646
TRAIN,fixed_97_to_99,270.0,,UP,0.97,1.0,settlement,0.2892783505154646
TRAIN,fixed_97_to_99,270.0,,DOWN,0.97,1.0,settlement,0.2892783505154646
TRAIN,fixed_97_to_99,270.0,,UP,0.97,1.0,settlement,0.2892783505154646
TRAIN,fixed_97_to_99,270.0,,UP,0.97,1.0,settlement,0.2892783505154646
TRAIN,fixed_97_to_99,270.0,,UP,0.97,1.0,settlement,0.2892783505154646
TRAIN,fixed_97_to_99,270.0,,DOWN,0.97,1.0,settlement,0.2892783505154646
TRAIN,fixed_97_to_99,270.0,,DOWN,0.97,1.0,settlement,0.2892783505154646
TRAIN,fixed_97_to_99,270.0,,UP,0.97,1.0,settlement,0.2892783505154646
TRAIN,fixed_97_to_99,270.0,,DOWN,0.97,1.0,settlement,0.2892783505154646
TRAIN,fixed_97_to_99,270.0,,DOWN,0.97,1.0,settlement,0.2892783505154646
TRAIN,fixed_97_to_99,270.0,,UP,0.97,1.0,settlement,0.2892783505154646
TRAIN,fixed_97_to_99,270.0,,DOWN,0.97,1.0,settlement,0.2892783505154646
TRAIN,fixed_97_to_99,270.0,,UP,0.97,1.0,settlement,0.2892783505154646
TRAIN,fixed_97_to_99,270.0,,UP,0.97,1.0,settlement,0.2892783505154646
TRAIN,fixed_97_to_99,270.0,,UP,0.97,1.0,settlement,0.2892783505154646
TRAIN,fixed_97_to_99,270.0,,DOWN,0.97,1.0,settlement,0.2892783505154646
TRAIN,fixed_97_to_99,270.0,,DOWN,0.97,1.0,settlement,0.2892783505154646
TRAIN,fixed_97_to_99,270.0,,UP,0.97,1.0,settlement,0.2892783505154646
TRAIN,fixed_97_to_99,270.0,,UP,0.97,1.0,settlement,0.2892783505154646
TRAIN,fixed_97_to_99,270.0,,DOWN,0.97,1.0,settlement,0.2892783505154646
TRAIN,fixed_97_to_99,270.0,,UP,0.97,1.0,settlement,0.2892783505154646
TRAIN,fixed_97_to_99,270.0,,DOWN,0.97,1.0,settlement,0.2892783505154646
TRAIN,fixed_97_to_99,270.0,,UP,0.97,1.0,settlement,0.2892783505154646
TRAIN,fixed_97_to_99,270.0,,DOWN,0.97,1.0,settlement,0.2892783505154646
TRAIN,fixed_97_to_99,270.0,,UP,0.97,1.0,settlement,0.2892783505154646
TRAIN,fixed_97_to_99,270.0,,UP,0.97,1.0,settlement,0.2892783505154646
TRAIN,fixed_97_to_99,270.0,,DOWN,0.97,1.0,settlement,0.2892783505154646
TRAIN,fixed_97_to_99,270.0,,DOWN,0.97,1.0,settlement,0.2892783505154646
TRAIN,fixed_97_to_99,270.0,,UP,0.97,1.0,settlement,0.2892783505154646
TRAIN,fixed_97_to_99,270.0,,DOWN,0.97,1.0,settlement,0.2892783505154646
TRAIN,fixed_97_to_99,270.0,,DOWN,0.97,1.0,settlement,0.2892783505154646
TRAIN,fixed_97_to_99,270.0,,DOWN,0.97,1.0,settlement,0.2892783505154646
TRAIN,fixed_97_to_99,270.0,,UP,0.97,1.0,settlement,0.2892783505154646
TRAIN,fixed_97_to_99,270.0,,UP,0.97,1.0,settlement,0.2892783505154646
TRAIN,fixed_97_to_99,270.0,,DOWN,0.97,1.0,settlement,0.2892783505154646
TRAIN,fixed_97_to_99,270.0,,DOWN,0.97,1.0,settlement,0.2892783505154646
TRAIN,fixed_97_to_99,270.0,,UP,0.97,1.0,settlement,0.2892783505154646
TRAIN,fixed_97_to_99,270.0,,DOWN,0.97,1.0,settlement,0.2892783505154646
TRAIN,fixed_97_to_99,270.0,,UP,0.97,1.0,settlement,0.2892783505154646
TRAIN,fixed_97_to_99,270.0,,UP,0.97,1.0,settlement,0.2892783505154646
TRAIN,fixed_97_to_99,270.0,,DOWN,0.97,1.0,settlement,0.2892783505154646
TRAIN,fixed_97_to_99,270.0,,DOWN,0.97,1.0,settlement,0.2892783505154646
TRAIN,fixed_97_to_99,270.0,,DOWN,0.97,1.0,settlement,0.2892783505154646
TRAIN,fixed_97_to_99,270.0,,UP,0.97,1.0,settlement,0.2892783505154646
TRAIN,fixed_97_to_99,270.0,,UP,0.97,1.0,settlement,0.2892783505154646
TRAIN,fixed_97_to_99,270.0,,UP,0.97,1.0,settlement,0.2892783505154646
TRAIN,fixed_97_to_99,270.0,,DOWN,0.97,1.0,settlement,0.2892783505154646
TRAIN,fixed_97_to_99,270.0,,UP,0.97,1.0,settlement,0.2892783505154646
TRAIN,fixed_97_to_99,270.0,,UP,0.97,1.0,settlement,0.2892783505154646
TRAIN,fixed_97_to_99,270.0,,UP,0.97,1.0,settlement,0.2892783505154646
TRAIN,fixed_97_to_99,270.0,,DOWN,0.97,1.0,settlement,0.2892783505154646
TRAIN,fixed_97_to_99,270.0,,UP,0.97,1.0,settlement,0.2892783505154646
TRAIN,fixed_97_to_99,270.0,,UP,0.97,1.0,settlement,0.2892783505154646
TRAIN,fixed_97_to_99,270.0,,DOWN,0.97,1.0,settlement,0.2892783505154646
TRAIN,fixed_97_to_99,270.0,,UP,0.97,1.0,settlement,0.2892783505154646
TRAIN,fixed_97_to_99,270.0,,UP,0.97,1.0,settlement,0.2892783505154646
TRAIN,fixed_97_to_99,270.0,,DOWN,0.97,1.0,settlement,0.2892783505154646
TRAIN,fixed_97_to_99,270.0,,DOWN,0.97,1.0,settlement,0.2892783505154646
TRAIN,fixed_97_to_99,270.0,,DOWN,0.97,1.0,settlement,0.2892783505154646
TRAIN,fixed_97_to_99,270.0,,UP,0.97,1.0,settlement,0.2892783505154646
TRAIN,fixed_97_to_99,270.0,,DOWN,0.97,1.0,settlement,0.2892783505154646
TRAIN,fixed_97_to_99,270.0,,UP,0.97,1.0,settlement,0.2892783505154646
TRAIN,fixed_97_to_99,270.0,,UP,0.97,1.0,settlement,0.2892783505154646
TRAIN,fixed_97_to_99,270.0,,DOWN,0.97,1.0,settlement,0.2892783505154646
TRAIN,fixed_97_to_99,270.0,,UP,0.97,1.0,settlement,0.2892783505154646
TRAIN,fixed_97_to_99,270.0,,DOWN,0.97,1.0,settlement,0.2892783505154646
TRAIN,fixed_97_to_99,270.0,,DOWN,0.97,1.0,settlement,0.2892783505154646
TRAIN,fixed_97_to_99,270.0,,DOWN,0.97,1.0,settlement,0.2892783505154646
TRAIN,fixed_97_to_99,270.0,,DOWN,0.97,1.0,settlement,0.2892783505154646
TRAIN,fixed_97_to_99,270.0,,DOWN,0.97,1.0,settlement,0.2892783505154646
TRAIN,fixed_97_to_99,270.0,,UP,0.97,1.0,settlement,0.2892783505154646
TRAIN,fixed_97_to_99,270.0,,UP,0.97,1.0,settlement,0.2892783505154646
TRAIN,fixed_97_to_99,270.0,,DOWN,0.97,1.0,settlement,0.2892783505154646
TRAIN,fixed_97_to_99,270.0,,UP,0.97,1.0,settlement,0.2892783505154646
TRAIN,fixed_97_to_99,270.0,,DOWN,0.97,1.0,settlement,0.2892783505154646
TRAIN,fixed_97_to_99,270.0,,UP,0.97,1.0,settlement,0.2892783505154646
TRAIN,fixed_97_to_99,270.0,,DOWN,0.97,1.0,settlement,0.2892783505154646
TRAIN,fixed_97_to_99,270.0,,DOWN,0.97,1.0,settlement,0.2892783505154646
TRAIN,fixed_97_to_99,270.0,,UP,0.97,1.0,settlement,0.2892783505154646
TRAIN,fixed_97_to_99,270.0,,DOWN,0.97,1.0,settlement,0.2892783505154646
TRAIN,fixed_97_to_99,270.0,,UP,0.97,1.0,settlement,0.2892783505154646
TRAIN,fixed_97_to_99,270.0,,DOWN,0.97,1.0,settlement,0.2892783505154646
TRAIN,fixed_97_to_99,270.0,,UP,0.97,1.0,settlement,0.2892783505154646
TRAIN,fixed_97_to_99,270.0,,DOWN,0.97,1.0,settlement,0.2892783505154646
TRAIN,fixed_97_to_99,270.0,,UP,0.97,1.0,settlement,0.2892783505154646
TRAIN,fixed_97_to_99,270.0,,DOWN,0.97,1.0,settlement,0.2892783505154646
TRAIN,fixed_97_to_99,270.0,,DOWN,0.97,1.0,settlement,0.2892783505154646
TRAIN,fixed_97_to_99,270.0,,DOWN,0.97,1.0,settlement,0.2892783505154646
TRAIN,fixed_97_to_99,270.0,,DOWN,0.97,1.0,settlement,0.2892783505154646
TRAIN,fixed_97_to_99,270.0,,DOWN,0.97,1.0,settlement,0.2892783505154646
TRAIN,fixed_97_to_99,270.0,,UP,0.97,1.0,settlement,0.2892783505154646
TRAIN,fixed_97_to_99,270.0,,DOWN,0.97,1.0,settlement,0.2892783505154646
TRAIN,fixed_97_to_99,270.0,,DOWN,0.97,1.0,settlement,0.2892783505154646
TRAIN,fixed_97_to_99,270.0,,DOWN,0.97,1.0,settlement,0.2892783505154646
TRAIN,fixed_97_to_99,270.0,,UP,0.97,1.0,settlement,0.2892783505154646
TRAIN,fixed_97_to_99,270.0,,UP,0.97,1.0,settlement,0.2892783505154646
TRAIN,fixed_97_to_99,270.0,,UP,0.97,1.0,settlement,0.2892783505154646
TRAIN,fixed_97_to_99,270.0,,UP,0.97,1.0,settlement,0.2892783505154646
TRAIN,fixed_97_to_99,270.0,,UP,0.97,1.0,settlement,0.2892783505154646
TRAIN,fixed_97_to_99,270.0,,DOWN,0.97,1.0,settlement,0.2892783505154646
TRAIN,fixed_97_to_99,270.0,,UP,0.97,1.0,settlement,0.2892783505154646
TRAIN,fixed_97_to_99,270.0,,DOWN,0.97,1.0,settlement,0.2892783505154646
TRAIN,fixed_97_to_99,270.0,,UP,0.97,1.0,settlement,0.2892783505154646
TRAIN,fixed_97_to_99,270.0,,UP,0.97,1.0,settlement,0.2892783505154646
TRAIN,fixed_97_to_99,270.0,,UP,0.97,1.0,settlement,0.2892783505154646
TRAIN,fixed_97_to_99,270.0,,DOWN,0.97,1.0,settlement,0.2892783505154646
TRAIN,fixed_97_to_99,270.0,,DOWN,0.97,1.0,settlement,0.2892783505154646
TRAIN,fixed_97_to_99,270.0,,DOWN,0.97,1.0,settlement,0.2892783505154646
TRAIN,fixed_97_to_99,270.0,,UP,0.97,1.0,settlement,0.2892783505154646
TRAIN,fixed_97_to_99,270.0,,DOWN,0.97,1.0,settlement,0.2892783505154646
TRAIN,fixed_97_to_99,270.0,,UP,0.97,1.0,settlement,0.2892783505154646
TRAIN,fixed_97_to_99,270.0,,UP,0.97,1.0,settlement,0.2892783505154646
TRAIN,fixed_97_to_99,270.0,,DOWN,0.97,1.0,settlement,0.2892783505154646
TRAIN,fixed_97_to_99,270.0,,UP,0.97,1.0,settlement,0.2892783505154646
TRAIN,fixed_97_to_99,270.0,,DOWN,0.97,1.0,settlement,0.2892783505154646
TRAIN,fixed_97_to_99,270.0,,UP,0.97,1.0,settlement,0.2892783505154646
TRAIN,fixed_97_to_99,270.0,,UP,0.97,1.0,settlement,0.2892783505154646
TRAIN,fixed_97_to_99,270.0,,DOWN,0.97,1.0,settlement,0.2892783505154646
TRAIN,fixed_97_to_99,270.0,,UP,0.97,1.0,settlement,0.2892783505154646
TRAIN,fixed_97_to_99,270.0,,UP,0.97,1.0,settlement,0.2892783505154646
TRAIN,fixed_97_to_99,270.0,,DOWN,0.97,1.0,settlement,0.2892783505154646
TRAIN,fixed_97_to_99,270.0,,UP,0.97,1.0,settlement,0.2892783505154646
TRAIN,fixed_97_to_99,270.0,,DOWN,0.97,1.0,settlement,0.2892783505154646
TRAIN,fixed_97_to_99,270.0,,DOWN,0.97,1.0,settlement,0.2892783505154646
TRAIN,fixed_97_to_99,270.0,,DOWN,0.97,1.0,settlement,0.2892783505154646
TRAIN,fixed_97_to_99,270.0,,UP,0.97,1.0,settlement,0.2892783505154646
TRAIN,fixed_97_to_99,270.0,,UP,0.97,1.0,settlement,0.2892783505154646
TRAIN,fixed_97_to_99,270.0,,DOWN,0.97,1.0,settlement,0.2892783505154646
TRAIN,fixed_97_to_99,270.0,,UP,0.97,1.0,settlement,0.2892783505154646
TRAIN,fixed_97_to_99,270.0,,UP,0.97,1.0,settlement,0.2892783505154646
TRAIN,fixed_97_to_99,270.0,,DOWN,0.97,1.0,settlement,0.2892783505154646
TRAIN,fixed_97_to_99,270.0,,DOWN,0.97,1.0,settlement,0.2892783505154646
TRAIN,fixed_97_to_99,270.0,,DOWN,0.97,1.0,settlement,0.2892783505154646
TRAIN,fixed_97_to_99,270.0,,DOWN,0.97,1.0,settlement,0.2892783505154646
TRAIN,fixed_97_to_99,270.0,,UP,0.97,1.0,settlement,0.2892783505154646
TRAIN,fixed_97_to_99,270.0,,DOWN,0.97,1.0,settlement,0.2892783505154646
TRAIN,fixed_97_to_99,270.0,,UP,0.97,1.0,settlement,0.2892783505154646
TRAIN,fixed_97_to_99,270.0,,DOWN,0.97,1.0,settlement,0.2892783505154646
TRAIN,fixed_97_to_99,270.0,,DOWN,0.97,1.0,settlement,0.2892783505154646
TRAIN,fixed_97_to_99,270.0,,DOWN,0.97,1.0,settlement,0.2892783505154646
TRAIN,fixed_97_to_99,270.0,,DOWN,0.97,1.0,settlement,0.2892783505154646
TRAIN,fixed_97_to_99,270.0,,UP,0.97,1.0,settlement,0.2892783505154646
TRAIN,fixed_97_to_99,270.0,,UP,0.97,1.0,settlement,0.2892783505154646
TRAIN,fixed_97_to_99,270.0,,DOWN,0.97,1.0,settlement,0.2892783505154646
TRAIN,fixed_97_to_99,270.0,,DOWN,0.97,1.0,settlement,0.2892783505154646
TRAIN,fixed_97_to_99,270.0,,UP,0.97,1.0,settlement,0.2892783505154646
TRAIN,fixed_97_to_99,270.0,,UP,0.97,1.0,settlement,0.2892783505154646
TRAIN,fixed_97_to_99,270.0,,UP,0.97,1.0,settlement,0.2892783505154646
TRAIN,fixed_97_to_99,270.0,,UP,0.97,1.0,settlement,0.2892783505154646
TRAIN,fixed_97_to_99,270.0,,DOWN,0.97,1.0,settlement,0.2892783505154646
TRAIN,fixed_97_to_99,270.0,,UP,0.97,1.0,settlement,0.2892783505154646
TRAIN,fixed_97_to_99,270.0,,DOWN,0.97,1.0,settlement,0.2892783505154646
TRAIN,fixed_97_to_99,270.0,,UP,0.97,1.0,settlement,0.2892783505154646
TRAIN,fixed_97_to_99,270.0,,UP,0.97,1.0,settlement,0.2892783505154646
TRAIN,fixed_97_to_99,270.0,,UP,0.97,1.0,settlement,0.2892783505154646
TRAIN,fixed_97_to_99,270.0,,DOWN,0.97,1.0,settlement,0.2892783505154646
TRAIN,fixed_97_to_99,270.0,,DOWN,0.97,1.0,settlement,0.2892783505154646
TRAIN,fixed_97_to_99,270.0,,DOWN,0.97,1.0,settlement,0.2892783505154646
TRAIN,fixed_97_to_99,270.0,,DOWN,0.97,1.0,settlement,0.2892783505154646
TRAIN,fixed_97_to_99,270.0,,UP,0.97,1.0,settlement,0.2892783505154646
TRAIN,fixed_97_to_99,270.0,,UP,0.97,1.0,settlement,0.2892783505154646
TRAIN,fixed_97_to_99,270.0,,DOWN,0.97,1.0,settlement,0.2892783505154646
TRAIN,fixed_97_to_99,270.0,,DOWN,0.97,1.0,settlement,0.2892783505154646
TRAIN,fixed_97_to_99,270.0,,UP,0.97,1.0,settlement,0.2892783505154646
TRAIN,fixed_97_to_99,270.0,,UP,0.97,1.0,settlement,0.2892783505154646
TRAIN,fixed_97_to_99,270.0,,DOWN,0.97,1.0,settlement,0.2892783505154646
TRAIN,fixed_97_to_99,270.0,,DOWN,0.97,1.0,settlement,0.2892783505154646
TRAIN,fixed_97_to_99,270.0,,DOWN,0.97,1.0,settlement,0.2892783505154646
TRAIN,fixed_97_to_99,270.0,,UP,0.97,1.0,settlement,0.2892783505154646
TRAIN,fixed_97_to_99,270.0,,UP,0.97,1.0,settlement,0.2892783505154646
TRAIN,fixed_97_to_99,270.0,,DOWN,0.97,1.0,settlement,0.2892783505154646
TRAIN,fixed_97_to_99,270.0,,UP,0.97,1.0,settlement,0.2892783505154646
TRAIN,fixed_97_to_99,270.0,,DOWN,0.97,1.0,settlement,0.2892783505154646
TRAIN,fixed_97_to_99,270.0,,DOWN,0.97,1.0,settlement,0.2892783505154646
TRAIN,fixed_97_to_99,270.0,,UP,0.97,1.0,settlement,0.2892783505154646
TRAIN,fixed_97_to_99,270.0,,DOWN,0.97,1.0,settlement,0.2892783505154646
TRAIN,fixed_97_to_99,270.0,,UP,0.97,1.0,settlement,0.2892783505154646
TRAIN,fixed_97_to_99,270.0,,DOWN,0.97,1.0,settlement,0.2892783505154646
TRAIN,fixed_97_to_99,270.0,,DOWN,0.97,1.0,settlement,0.2892783505154646
TRAIN,fixed_97_to_99,270.0,,DOWN,0.97,1.0,settlement,0.2892783505154646
TRAIN,fixed_97_to_99,270.0,,DOWN,0.97,1.0,settlement,0.2892783505154646
TRAIN,fixed_97_to_99,270.0,,UP,0.97,1.0,settlement,0.2892783505154646
TRAIN,fixed_97_to_99,270.0,,DOWN,0.97,1.0,settlement,0.2892783505154646
TRAIN,fixed_97_to_99,270.0,,DOWN,0.97,1.0,settlement,0.2892783505154646
TRAIN,fixed_97_to_99,270.0,,UP,0.97,1.0,settlement,0.2892783505154646
TRAIN,fixed_97_to_99,270.0,,UP,0.97,1.0,settlement,0.2892783505154646
TRAIN,fixed_97_to_99,270.0,,DOWN,0.97,1.0,settlement,0.2892783505154646
TRAIN,fixed_97_to_99,270.0,,UP,0.97,1.0,settlement,0.2892783505154646
TRAIN,fixed_97_to_99,270.0,,UP,0.97,1.0,settlement,0.2892783505154646
TRAIN,fixed_97_to_99,270.0,,DOWN,0.97,1.0,settlement,0.2892783505154646
TRAIN,fixed_97_to_99,270.0,,UP,0.97,1.0,settlement,0.2892783505154646
TRAIN,fixed_97_to_99,270.0,,UP,0.97,1.0,settlement,0.2892783505154646
TRAIN,fixed_97_to_99,270.0,,DOWN,0.97,1.0,settlement,0.2892783505154646
TRAIN,fixed_97_to_99,270.0,,UP,0.97,1.0,settlement,0.2892783505154646
TRAIN,fixed_97_to_99,270.0,,UP,0.97,1.0,settlement,0.2892783505154646
TRAIN,fixed_97_to_99,270.0,,DOWN,0.97,1.0,settlement,0.2892783505154646
TRAIN,fixed_97_to_99,270.0,,DOWN,0.97,1.0,settlement,0.2892783505154646
TRAIN,fixed_97_to_99,270.0,,DOWN,0.97,1.0,settlement,0.2892783505154646
TRAIN,fixed_97_to_99,270.0,,UP,0.97,1.0,settlement,0.2892783505154646
TRAIN,fixed_97_to_99,270.0,,UP,0.97,1.0,settlement,0.2892783505154646
TRAIN,fixed_97_to_99,270.0,,DOWN,0.97,1.0,settlement,0.2892783505154646
TRAIN,fixed_97_to_99,270.0,,UP,0.97,1.0,settlement,0.2892783505154646
TRAIN,fixed_97_to_99,270.0,,DOWN,0.97,1.0,settlement,0.2892783505154646
TRAIN,fixed_97_to_99,270.0,,DOWN,0.97,1.0,settlement,0.2892783505154646
TRAIN,fixed_97_to_99,270.0,,UP,0.97,1.0,settlement,0.2892783505154646
TRAIN,fixed_97_to_99,270.0,,UP,0.97,1.0,settlement,0.2892783505154646
TRAIN,fixed_97_to_99,270.0,,UP,0.97,1.0,settlement,0.2892783505154646
TRAIN,fixed_97_to_99,270.0,,DOWN,0.97,1.0,settlement,0.2892783505154646
TRAIN,fixed_97_to_99,270.0,,DOWN,0.97,1.0,settlement,0.2892783505154646
TRAIN,fixed_97_to_99,270.0,,DOWN,0.97,1.0,settlement,0.2892783505154646
TRAIN,fixed_97_to_99,270.0,,UP,0.97,1.0,settlement,0.2892783505154646
TRAIN,fixed_97_to_99,270.0,,DOWN,0.97,1.0,settlement,0.2892783505154646
TRAIN,fixed_97_to_99,270.0,,UP,0.97,1.0,settlement,0.2892783505154646
TRAIN,fixed_97_to_99,270.0,,UP,0.97,1.0,settlement,0.2892783505154646
TRAIN,fixed_97_to_99,270.0,,UP,0.97,1.0,settlement,0.2892783505154646
TRAIN,fixed_97_to_99,270.0,,DOWN,0.97,1.0,settlement,0.2892783505154646
TRAIN,fixed_97_to_99,270.0,,DOWN,0.97,1.0,settlement,0.2892783505154646
TRAIN,fixed_97_to_99,270.0,,UP,0.97,1.0,settlement,0.2892783505154646
TRAIN,fixed_97_to_99,270.0,,UP,0.97,1.0,settlement,0.2892783505154646
TRAIN,fixed_97_to_99,270.0,,UP,0.97,1.0,settlement,0.2892783505154646
TRAIN,fixed_97_to_99,270.0,,UP,0.97,1.0,settlement,0.2892783505154646
TRAIN,fixed_97_to_99,270.0,,UP,0.97,1.0,settlement,0.2892783505154646
TRAIN,fixed_97_to_99,270.0,,UP,0.97,1.0,settlement,0.2892783505154646
TRAIN,fixed_97_to_99,270.0,,DOWN,0.97,1.0,settlement,0.2892783505154646
TRAIN,fixed_97_to_99,270.0,,DOWN,0.97,1.0,settlement,0.2892783505154646
TRAIN,fixed_97_to_99,270.0,,DOWN,0.97,1.0,settlement,0.2892783505154646
TRAIN,fixed_97_to_99,270.0,,UP,0.97,1.0,settlement,0.2892783505154646
TRAIN,fixed_97_to_99,270.0,,DOWN,0.97,1.0,settlement,0.2892783505154646
TRAIN,fixed_97_to_99,270.0,,UP,0.97,1.0,settlement,0.2892783505154646
TRAIN,fixed_97_to_99,270.0,,DOWN,0.97,1.0,settlement,0.2892783505154646
TRAIN,fixed_97_to_99,270.0,,UP,0.97,1.0,settlement,0.2892783505154646
TRAIN,fixed_97_to_99,270.0,,UP,0.97,1.0,settlement,0.2892783505154646
TRAIN,fixed_97_to_99,270.0,,UP,0.97,1.0,settlement,0.2892783505154646
TRAIN,fixed_97_to_99,270.0,,DOWN,0.97,1.0,settlement,0.2892783505154646
TRAIN,fixed_97_to_99,270.0,,UP,0.97,1.0,settlement,0.2892783505154646
TRAIN,fixed_97_to_99,270.0,,DOWN,0.97,1.0,settlement,0.2892783505154646
TRAIN,fixed_97_to_99,270.0,,UP,0.97,1.0,settlement,0.2892783505154646
TRAIN,fixed_97_to_99,270.0,,UP,0.97,1.0,settlement,0.2892783505154646
TRAIN,fixed_97_to_99,270.0,,UP,0.97,1.0,settlement,0.2892783505154646
TRAIN,fixed_97_to_99,270.0,,DOWN,0.97,1.0,settlement,0.2892783505154646
TRAIN,fixed_97_to_99,270.0,,DOWN,0.97,1.0,settlement,0.2892783505154646
TRAIN,fixed_97_to_99,270.0,,DOWN,0.97,1.0,settlement,0.2892783505154646
TRAIN,fixed_97_to_99,270.0,,DOWN,0.97,0.0,settlement,-10.02
TRAIN,fixed_97_to_99,270.0,,UP,0.97,0.0,settlement,-10.02
TRAIN,fixed_97_to_99,270.0,,DOWN,0.97,1.0,settlement,0.2892783505154646
TRAIN,fixed_97_to_99,270.0,,UP,0.97,1.0,settlement,0.2892783505154646
TRAIN,fixed_97_to_99,270.0,,DOWN,0.97,1.0,settlement,0.2892783505154646
TRAIN,fixed_97_to_99,270.0,,DOWN,0.97,1.0,settlement,0.2892783505154646
TRAIN,fixed_97_to_99,270.0,,DOWN,0.97,1.0,settlement,0.2892783505154646
TRAIN,fixed_97_to_99,270.0,,DOWN,0.97,1.0,settlement,0.2892783505154646
TRAIN,fixed_97_to_99,270.0,,DOWN,0.97,1.0,settlement,0.2892783505154646
TRAIN,fixed_97_to_99,270.0,,DOWN,0.97,1.0,settlement,0.2892783505154646
TRAIN,fixed_97_to_99,270.0,,DOWN,0.97,1.0,settlement,0.2892783505154646
TRAIN,fixed_97_to_99,270.0,,UP,0.97,1.0,settlement,0.2892783505154646
TRAIN,fixed_97_to_99,270.0,,UP,0.97,1.0,settlement,0.2892783505154646
TRAIN,fixed_97_to_99,270.0,,DOWN,0.97,1.0,settlement,0.2892783505154646
TRAIN,fixed_97_to_99,270.0,,DOWN,0.97,1.0,settlement,0.2892783505154646
TRAIN,fixed_97_to_99,270.0,,DOWN,0.97,1.0,settlement,0.2892783505154646
TRAIN,fixed_97_to_99,270.0,,UP,0.97,1.0,settlement,0.2892783505154646
TRAIN,fixed_97_to_99,270.0,,DOWN,0.97,1.0,settlement,0.2892783505154646
TRAIN,fixed_97_to_99,270.0,,UP,0.97,0.0,settlement,-10.02
TRAIN,fixed_97_to_99,270.0,,DOWN,0.97,1.0,settlement,0.2892783505154646
TRAIN,fixed_97_to_99,270.0,,UP,0.97,1.0,settlement,0.2892783505154646
TRAIN,fixed_97_to_99,270.0,,UP,0.97,1.0,settlement,0.2892783505154646
TRAIN,fixed_97_to_99,270.0,,DOWN,0.97,1.0,settlement,0.2892783505154646
TRAIN,fixed_97_to_99,270.0,,UP,0.97,1.0,settlement,0.2892783505154646
TRAIN,fixed_97_to_99,270.0,,UP,0.97,1.0,settlement,0.2892783505154646
TRAIN,fixed_97_to_99,270.0,,UP,0.97,1.0,settlement,0.2892783505154646
TRAIN,fixed_97_to_99,270.0,,UP,0.97,1.0,settlement,0.2892783505154646
TRAIN,fixed_97_to_99,270.0,,UP,0.97,1.0,settlement,0.2892783505154646
TRAIN,fixed_97_to_99,270.0,,DOWN,0.97,0.0,settlement,-10.02
TRAIN,fixed_97_to_99,270.0,,UP,0.97,1.0,settlement,0.2892783505154646
TRAIN,fixed_97_to_99,270.0,,DOWN,0.97,1.0,settlement,0.2892783505154646
TRAIN,fixed_97_to_99,270.0,,DOWN,0.97,1.0,settlement,0.2892783505154646
TRAIN,fixed_97_to_99,270.0,,DOWN,0.97,1.0,settlement,0.2892783505154646
TRAIN,fixed_97_to_99,270.0,,DOWN,0.97,1.0,settlement,0.2892783505154646
TRAIN,fixed_97_to_99,270.0,,UP,0.97,1.0,settlement,0.2892783505154646
TRAIN,fixed_97_to_99,270.0,,DOWN,0.97,1.0,settlement,0.2892783505154646
TRAIN,fixed_97_to_99,270.0,,DOWN,0.97,1.0,settlement,0.2892783505154646
TRAIN,fixed_97_to_99,270.0,,UP,0.97,1.0,settlement,0.2892783505154646
TRAIN,fixed_97_to_99,270.0,,DOWN,0.97,1.0,settlement,0.2892783505154646
TRAIN,fixed_97_to_99,270.0,,DOWN,0.97,1.0,settlement,0.2892783505154646
TRAIN,fixed_97_to_99,270.0,,DOWN,0.97,1.0,settlement,0.2892783505154646
TRAIN,fixed_97_to_99,270.0,,DOWN,0.97,1.0,settlement,0.2892783505154646
TRAIN,fixed_97_to_99,270.0,,UP,0.97,1.0,settlement,0.2892783505154646
TRAIN,fixed_97_to_99,270.0,,DOWN,0.97,1.0,settlement,0.2892783505154646
TRAIN,fixed_97_to_99,270.0,,DOWN,0.97,1.0,settlement,0.2892783505154646
TRAIN,fixed_97_to_99,270.0,,DOWN,0.97,1.0,settlement,0.2892783505154646
TRAIN,fixed_97_to_99,270.0,,UP,0.97,1.0,settlement,0.2892783505154646
TRAIN,fixed_97_to_99,270.0,,UP,0.97,1.0,settlement,0.2892783505154646
TRAIN,fixed_97_to_99,270.0,,UP,0.97,1.0,settlement,0.2892783505154646
TRAIN,fixed_97_to_99,270.0,,DOWN,0.97,1.0,settlement,0.2892783505154646
TRAIN,fixed_97_to_99,270.0,,DOWN,0.97,1.0,settlement,0.2892783505154646
TRAIN,fixed_97_to_99,270.0,,DOWN,0.97,1.0,settlement,0.2892783505154646
TRAIN,fixed_97_to_99,270.0,,DOWN,0.97,1.0,settlement,0.2892783505154646
TRAIN,fixed_97_to_99,270.0,,DOWN,0.97,1.0,settlement,0.2892783505154646
TRAIN,fixed_97_to_99,270.0,,UP,0.97,1.0,settlement,0.2892783505154646
TRAIN,fixed_97_to_99,270.0,,DOWN,0.97,1.0,settlement,0.2892783505154646
TRAIN,fixed_97_to_99,270.0,,DOWN,0.97,1.0,settlement,0.2892783505154646
TRAIN,fixed_97_to_99,270.0,,UP,0.97,0.0,settlement,-10.02
TRAIN,fixed_97_to_99,270.0,,DOWN,0.97,1.0,settlement,0.2892783505154646
TRAIN,fixed_97_to_99,270.0,,UP,0.97,1.0,settlement,0.2892783505154646
TRAIN,fixed_97_to_99,270.0,,UP,0.97,1.0,settlement,0.2892783505154646
TRAIN,fixed_97_to_99,270.0,,UP,0.97,1.0,settlement,0.2892783505154646
TRAIN,fixed_97_to_99,270.0,,DOWN,0.97,1.0,settlement,0.2892783505154646
TRAIN,fixed_97_to_99,270.0,,UP,0.97,1.0,settlement,0.2892783505154646
TRAIN,fixed_97_to_99,270.0,,UP,0.97,1.0,settlement,0.2892783505154646
TRAIN,fixed_97_to_99,270.0,,UP,0.97,1.0,settlement,0.2892783505154646
TRAIN,fixed_97_to_99,270.0,,DOWN,0.97,1.0,settlement,0.2892783505154646
TRAIN,fixed_97_to_99,270.0,,UP,0.97,1.0,settlement,0.2892783505154646
TRAIN,fixed_97_to_99,270.0,,UP,0.97,1.0,settlement,0.2892783505154646
TRAIN,fixed_97_to_99,270.0,,DOWN,0.97,1.0,settlement,0.2892783505154646
TRAIN,fixed_97_to_99,270.0,,DOWN,0.97,1.0,settlement,0.2892783505154646
TRAIN,fixed_97_to_99,270.0,,UP,0.97,1.0,settlement,0.2892783505154646
TRAIN,fixed_97_to_99,270.0,,UP,0.97,1.0,settlement,0.2892783505154646
TRAIN,fixed_97_to_99,270.0,,DOWN,0.97,1.0,settlement,0.2892783505154646
TRAIN,fixed_97_to_99,270.0,,UP,0.97,1.0,settlement,0.2892783505154646
TRAIN,fixed_97_to_99,270.0,,UP,0.97,1.0,settlement,0.2892783505154646
TRAIN,fixed_97_to_99,270.0,,UP,0.97,1.0,settlement,0.2892783505154646
TRAIN,fixed_97_to_99,270.0,,UP,0.97,1.0,settlement,0.2892783505154646
TRAIN,fixed_97_to_99,270.0,,UP,0.97,1.0,settlement,0.2892783505154646
TRAIN,fixed_97_to_99,270.0,,UP,0.97,0.0,settlement,-10.02
TRAIN,fixed_97_to_99,270.0,,DOWN,0.97,1.0,settlement,0.2892783505154646
TRAIN,fixed_97_to_99,270.0,,UP,0.97,1.0,settlement,0.2892783505154646
TRAIN,fixed_97_to_99,270.0,,DOWN,0.97,1.0,settlement,0.2892783505154646
TRAIN,fixed_97_to_99,270.0,,UP,0.97,1.0,settlement,0.2892783505154646
TRAIN,fixed_97_to_99,270.0,,DOWN,0.97,1.0,settlement,0.2892783505154646
TRAIN,fixed_97_to_99,270.0,,UP,0.97,1.0,settlement,0.2892783505154646
TRAIN,fixed_97_to_99,270.0,,UP,0.97,1.0,settlement,0.2892783505154646
TRAIN,fixed_97_to_99,270.0,,DOWN,0.97,0.0,settlement,-10.02
TRAIN,fixed_97_to_99,270.0,,DOWN,0.97,1.0,settlement,0.2892783505154646
TRAIN,fixed_97_to_99,270.0,,UP,0.97,1.0,settlement,0.2892783505154646
TRAIN,fixed_97_to_99,270.0,,UP,0.97,1.0,settlement,0.2892783505154646
TRAIN,fixed_97_to_99,270.0,,UP,0.97,1.0,settlement,0.2892783505154646
TRAIN,fixed_97_to_99,270.0,,DOWN,0.97,1.0,settlement,0.2892783505154646
TRAIN,fixed_97_to_99,270.0,,UP,0.97,1.0,settlement,0.2892783505154646
TRAIN,fixed_97_to_99,270.0,,DOWN,0.97,1.0,settlement,0.2892783505154646
TRAIN,fixed_97_to_99,270.0,,DOWN,0.97,1.0,settlement,0.2892783505154646
TRAIN,fixed_97_to_99,270.0,,DOWN,0.97,1.0,settlement,0.2892783505154646
TRAIN,fixed_97_to_99,270.0,,UP,0.97,1.0,settlement,0.2892783505154646
TRAIN,fixed_97_to_99,270.0,,DOWN,0.97,1.0,settlement,0.2892783505154646
TRAIN,fixed_97_to_99,270.0,,UP,0.97,1.0,settlement,0.2892783505154646
TRAIN,fixed_97_to_99,270.0,,DOWN,0.97,0.0,settlement,-10.02
TRAIN,fixed_97_to_99,270.0,,UP,0.97,1.0,settlement,0.2892783505154646
TRAIN,fixed_97_to_99,270.0,,DOWN,0.97,1.0,settlement,0.2892783505154646
TRAIN,fixed_97_to_99,270.0,,UP,0.97,1.0,settlement,0.2892783505154646
TRAIN,fixed_97_to_99,270.0,,DOWN,0.97,1.0,settlement,0.2892783505154646
TRAIN,fixed_97_to_99,270.0,,UP,0.97,1.0,settlement,0.2892783505154646
TRAIN,fixed_97_to_99,270.0,,DOWN,0.97,1.0,settlement,0.2892783505154646
TRAIN,fixed_97_to_99,270.0,,DOWN,0.97,1.0,settlement,0.2892783505154646
TRAIN,fixed_97_to_99,270.0,,UP,0.97,1.0,settlement,0.2892783505154646
TRAIN,fixed_97_to_99,270.0,,UP,0.97,1.0,settlement,0.2892783505154646
TRAIN,fixed_97_to_99,270.0,,UP,0.97,1.0,settlement,0.2892783505154646
TRAIN,fixed_97_to_99,270.0,,DOWN,0.97,1.0,settlement,0.2892783505154646
TRAIN,fixed_97_to_99,270.0,,DOWN,0.97,1.0,settlement,0.2892783505154646
TRAIN,fixed_97_to_99,270.0,,UP,0.97,0.0,settlement,-10.02
TRAIN,fixed_97_to_99,270.0,,DOWN,0.97,1.0,settlement,0.2892783505154646
TRAIN,fixed_97_to_99,270.0,,UP,0.97,0.0,settlement,-10.02
TRAIN,fixed_97_to_99,270.0,,UP,0.97,1.0,settlement,0.2892783505154646
TRAIN,fixed_97_to_99,270.0,,UP,0.97,1.0,settlement,0.2892783505154646
TRAIN,fixed_97_to_99,270.0,,UP,0.97,1.0,settlement,0.2892783505154646
TRAIN,fixed_97_to_99,270.0,,DOWN,0.97,1.0,settlement,0.2892783505154646
TRAIN,fixed_97_to_99,270.0,,DOWN,0.97,1.0,settlement,0.2892783505154646
TRAIN,fixed_97_to_99,270.0,,UP,0.97,1.0,settlement,0.2892783505154646
TRAIN,fixed_97_to_99,270.0,,DOWN,0.97,1.0,settlement,0.2892783505154646
TRAIN,fixed_97_to_99,270.0,,DOWN,0.97,1.0,settlement,0.2892783505154646
TRAIN,fixed_97_to_99,270.0,,UP,0.97,1.0,settlement,0.2892783505154646
TRAIN,fixed_97_to_99,270.0,,UP,0.97,1.0,settlement,0.2892783505154646
TRAIN,fixed_97_to_99,270.0,,DOWN,0.97,1.0,settlement,0.2892783505154646
TRAIN,fixed_97_to_99,270.0,,DOWN,0.97,1.0,settlement,0.2892783505154646
TRAIN,fixed_97_to_99,270.0,,UP,0.97,1.0,settlement,0.2892783505154646
TRAIN,fixed_97_to_99,270.0,,UP,0.97,1.0,settlement,0.2892783505154646
TRAIN,fixed_97_to_99,270.0,,UP,0.97,1.0,settlement,0.2892783505154646
TRAIN,fixed_97_to_99,270.0,,DOWN,0.97,1.0,settlement,0.2892783505154646
TRAIN,fixed_97_to_99,270.0,,UP,0.97,0.0,settlement,-10.02
TRAIN,fixed_97_to_99,270.0,,DOWN,0.97,1.0,settlement,0.2892783505154646
TRAIN,fixed_97_to_99,270.0,,UP,0.97,1.0,settlement,0.2892783505154646
TRAIN,fixed_97_to_99,270.0,,DOWN,0.97,1.0,settlement,0.2892783505154646
TRAIN,fixed_97_to_99,270.0,,UP,0.97,1.0,settlement,0.2892783505154646
TRAIN,fixed_97_to_99,270.0,,DOWN,0.97,1.0,settlement,0.2892783505154646
TRAIN,fixed_97_to_99,270.0,,DOWN,0.97,1.0,settlement,0.2892783505154646
TRAIN,fixed_97_to_99,270.0,,DOWN,0.97,1.0,settlement,0.2892783505154646
TRAIN,fixed_97_to_99,270.0,,DOWN,0.97,1.0,settlement,0.2892783505154646
TRAIN,fixed_97_to_99,270.0,,UP,0.97,1.0,settlement,0.2892783505154646
TRAIN,fixed_97_to_99,270.0,,UP,0.97,1.0,settlement,0.2892783505154646
TRAIN,fixed_97_to_99,270.0,,UP,0.97,1.0,settlement,0.2892783505154646
TRAIN,fixed_97_to_99,270.0,,DOWN,0.97,1.0,settlement,0.2892783505154646
TRAIN,fixed_97_to_99,270.0,,DOWN,0.97,1.0,settlement,0.2892783505154646
TRAIN,fixed_97_to_99,270.0,,UP,0.97,1.0,settlement,0.2892783505154646
TRAIN,fixed_97_to_99,270.0,,UP,0.97,1.0,settlement,0.2892783505154646
TRAIN,fixed_97_to_99,270.0,,DOWN,0.97,1.0,settlement,0.2892783505154646
TRAIN,fixed_97_to_99,270.0,,UP,0.97,1.0,settlement,0.2892783505154646
TRAIN,fixed_97_to_99,270.0,,DOWN,0.97,1.0,settlement,0.2892783505154646
TRAIN,fixed_97_to_99,270.0,,DOWN,0.97,1.0,settlement,0.2892783505154646
TRAIN,fixed_97_to_99,270.0,,DOWN,0.97,0.0,settlement,-10.02
TRAIN,fixed_97_to_99,270.0,,UP,0.97,1.0,settlement,0.2892783505154646
TRAIN,fixed_97_to_99,270.0,,DOWN,0.97,1.0,settlement,0.2892783505154646
TRAIN,fixed_97_to_99,270.0,,UP,0.97,1.0,settlement,0.2892783505154646
TRAIN,fixed_97_to_99,270.0,,DOWN,0.97,1.0,settlement,0.2892783505154646
TRAIN,fixed_97_to_99,270.0,,DOWN,0.97,1.0,settlement,0.2892783505154646
TRAIN,fixed_97_to_99,270.0,,UP,0.97,1.0,settlement,0.2892783505154646
TRAIN,fixed_97_to_99,270.0,,DOWN,0.97,1.0,settlement,0.2892783505154646
TRAIN,fixed_97_to_99,270.0,,DOWN,0.97,1.0,settlement,0.2892783505154646
TRAIN,fixed_97_to_99,270.0,,DOWN,0.97,1.0,settlement,0.2892783505154646
TRAIN,fixed_97_to_99,270.0,,DOWN,0.97,1.0,settlement,0.2892783505154646
TRAIN,fixed_97_to_99,270.0,,DOWN,0.97,1.0,settlement,0.2892783505154646
TRAIN,fixed_97_to_99,270.0,,UP,0.97,1.0,settlement,0.2892783505154646
TRAIN,fixed_97_to_99,270.0,,UP,0.97,1.0,settlement,0.2892783505154646
TRAIN,fixed_97_to_99,270.0,,DOWN,0.97,1.0,settlement,0.2892783505154646
TRAIN,fixed_97_to_99,270.0,,UP,0.97,1.0,settlement,0.2892783505154646
TRAIN,fixed_97_to_99,270.0,,UP,0.97,1.0,settlement,0.2892783505154646
TRAIN,fixed_97_to_99,270.0,,UP,0.97,1.0,settlement,0.2892783505154646
TRAIN,fixed_97_to_99,270.0,,DOWN,0.97,0.0,settlement,-10.02
TRAIN,fixed_97_to_99,270.0,,DOWN,0.97,0.0,settlement,-10.02
TRAIN,fixed_97_to_99,270.0,,UP,0.97,1.0,settlement,0.2892783505154646
TRAIN,fixed_97_to_99,270.0,,DOWN,0.97,1.0,settlement,0.2892783505154646
TRAIN,fixed_97_to_99,270.0,,UP,0.97,1.0,settlement,0.2892783505154646
TRAIN,fixed_97_to_99,270.0,,UP,0.97,1.0,settlement,0.2892783505154646
TRAIN,fixed_97_to_99,270.0,,DOWN,0.97,1.0,settlement,0.2892783505154646
TRAIN,fixed_97_to_99,270.0,,DOWN,0.97,1.0,settlement,0.2892783505154646
TRAIN,fixed_97_to_99,270.0,,UP,0.97,1.0,settlement,0.2892783505154646
TRAIN,fixed_97_to_99,270.0,,UP,0.97,1.0,settlement,0.2892783505154646
TRAIN,fixed_97_to_99,270.0,,DOWN,0.97,1.0,settlement,0.2892783505154646
TRAIN,fixed_97_to_99,270.0,,UP,0.97,1.0,settlement,0.2892783505154646
TRAIN,fixed_97_to_99,270.0,,UP,0.97,0.0,settlement,-10.02
TRAIN,fixed_97_to_99,270.0,,DOWN,0.97,1.0,settlement,0.2892783505154646
TRAIN,fixed_97_to_99,270.0,,UP,0.97,1.0,settlement,0.2892783505154646
TRAIN,fixed_97_to_99,270.0,,UP,0.97,1.0,settlement,0.2892783505154646
TRAIN,fixed_97_to_99,270.0,,UP,0.97,1.0,settlement,0.2892783505154646
TRAIN,fixed_97_to_99,270.0,,UP,0.97,1.0,settlement,0.2892783505154646
TRAIN,fixed_97_to_99,270.0,,DOWN,0.97,1.0,settlement,0.2892783505154646
TRAIN,fixed_97_to_99,270.0,,UP,0.97,1.0,settlement,0.2892783505154646
TRAIN,fixed_97_to_99,270.0,,UP,0.97,1.0,settlement,0.2892783505154646
TRAIN,fixed_97_to_99,270.0,,DOWN,0.97,0.0,settlement,-10.02
TRAIN,fixed_97_to_99,270.0,,DOWN,0.97,1.0,settlement,0.2892783505154646
TRAIN,fixed_97_to_99,270.0,,DOWN,0.97,1.0,settlement,0.2892783505154646
TRAIN,fixed_97_to_99,270.0,,DOWN,0.97,1.0,settlement,0.2892783505154646
TRAIN,fixed_97_to_99,270.0,,UP,0.97,1.0,settlement,0.2892783505154646
TRAIN,fixed_97_to_99,270.0,,DOWN,0.97,1.0,settlement,0.2892783505154646
TRAIN,fixed_97_to_99,270.0,,UP,0.97,1.0,settlement,0.2892783505154646
TRAIN,fixed_97_to_99,270.0,,UP,0.97,1.0,settlement,0.2892783505154646
TRAIN,fixed_97_to_99,270.0,,UP,0.97,1.0,settlement,0.2892783505154646
TRAIN,fixed_97_to_99,270.0,,DOWN,0.97,1.0,settlement,0.2892783505154646
TRAIN,fixed_97_to_99,270.0,,DOWN,0.97,1.0,settlement,0.2892783505154646
TRAIN,fixed_97_to_99,270.0,,DOWN,0.97,1.0,settlement,0.2892783505154646
TRAIN,fixed_97_to_99,270.0,,UP,0.97,1.0,settlement,0.2892783505154646
TRAIN,fixed_97_to_99,270.0,,DOWN,0.97,1.0,settlement,0.2892783505154646
TRAIN,fixed_97_to_99,270.0,,UP,0.97,1.0,settlement,0.2892783505154646
TRAIN,fixed_97_to_99,270.0,,UP,0.97,1.0,settlement,0.2892783505154646
TRAIN,fixed_97_to_99,270.0,,DOWN,0.97,1.0,settlement,0.2892783505154646
TRAIN,fixed_97_to_99,270.0,,DOWN,0.97,1.0,settlement,0.2892783505154646
TRAIN,fixed_97_to_99,270.0,,UP,0.97,1.0,settlement,0.2892783505154646
TRAIN,fixed_97_to_99,270.0,,UP,0.97,1.0,settlement,0.2892783505154646
TRAIN,fixed_97_to_99,270.0,,UP,0.97,1.0,settlement,0.2892783505154646
TRAIN,fixed_97_to_99,270.0,,UP,0.97,1.0,settlement,0.2892783505154646
TRAIN,fixed_97_to_99,270.0,,UP,0.97,1.0,settlement,0.2892783505154646
TRAIN,fixed_97_to_99,270.0,,DOWN,0.97,1.0,settlement,0.2892783505154646
TRAIN,fixed_97_to_99,270.0,,UP,0.97,1.0,settlement,0.2892783505154646
TRAIN,fixed_97_to_99,270.0,,DOWN,0.97,1.0,settlement,0.2892783505154646
TRAIN,fixed_97_to_99,270.0,,DOWN,0.97,1.0,settlement,0.2892783505154646
TRAIN,fixed_97_to_99,270.0,,UP,0.97,1.0,settlement,0.2892783505154646
TRAIN,fixed_97_to_99,270.0,,UP,0.97,1.0,settlement,0.2892783505154646
TRAIN,fixed_97_to_99,270.0,,DOWN,0.97,1.0,settlement,0.2892783505154646
TRAIN,fixed_97_to_99,270.0,,DOWN,0.97,1.0,settlement,0.2892783505154646
TRAIN,fixed_97_to_99,270.0,,DOWN,0.97,1.0,settlement,0.2892783505154646
TRAIN,fixed_97_to_99,270.0,,UP,0.97,1.0,settlement,0.2892783505154646
TRAIN,fixed_97_to_99,270.0,,UP,0.97,1.0,settlement,0.2892783505154646
TRAIN,fixed_97_to_99,270.0,,UP,0.97,0.0,settlement,-10.02
TRAIN,fixed_97_to_99,270.0,,UP,0.97,1.0,settlement,0.2892783505154646
TRAIN,fixed_97_to_99,270.0,,UP,0.97,1.0,settlement,0.2892783505154646
TRAIN,fixed_97_to_99,270.0,,UP,0.97,1.0,settlement,0.2892783505154646
TRAIN,fixed_97_to_99,270.0,,DOWN,0.97,1.0,settlement,0.2892783505154646
TRAIN,fixed_97_to_99,270.0,,UP,0.97,1.0,settlement,0.2892783505154646
TRAIN,fixed_97_to_99,270.0,,DOWN,0.97,1.0,settlement,0.2892783505154646
TRAIN,fixed_97_to_99,270.0,,DOWN,0.97,1.0,settlement,0.2892783505154646
TRAIN,fixed_97_to_99,270.0,,UP,0.97,1.0,settlement,0.2892783505154646
TRAIN,fixed_97_to_99,270.0,,UP,0.97,1.0,settlement,0.2892783505154646
TRAIN,fixed_97_to_99,270.0,,UP,0.97,1.0,settlement,0.2892783505154646
TRAIN,fixed_97_to_99,270.0,,UP,0.97,1.0,settlement,0.2892783505154646
TRAIN,fixed_97_to_99,270.0,,UP,0.97,1.0,settlement,0.2892783505154646
TRAIN,fixed_97_to_99,270.0,,DOWN,0.97,1.0,settlement,0.2892783505154646
TRAIN,fixed_97_to_99,270.0,,DOWN,0.97,1.0,settlement,0.2892783505154646
TRAIN,fixed_97_to_99,270.0,,DOWN,0.97,1.0,settlement,0.2892783505154646
TRAIN,fixed_97_to_99,270.0,,UP,0.97,1.0,settlement,0.2892783505154646
TRAIN,fixed_97_to_99,270.0,,DOWN,0.97,1.0,settlement,0.2892783505154646
TRAIN,fixed_97_to_99,270.0,,DOWN,0.97,1.0,settlement,0.2892783505154646
TRAIN,fixed_97_to_99,270.0,,UP,0.97,0.0,settlement,-10.02
TRAIN,fixed_97_to_99,270.0,,UP,0.97,1.0,settlement,0.2892783505154646
TRAIN,fixed_97_to_99,270.0,,UP,0.97,1.0,settlement,0.2892783505154646
TRAIN,fixed_97_to_99,270.0,,DOWN,0.97,0.0,settlement,-10.02
TRAIN,fixed_97_to_99,270.0,,DOWN,0.97,1.0,settlement,0.2892783505154646
TRAIN,fixed_97_to_99,270.0,,DOWN,0.97,1.0,settlement,0.2892783505154646
TRAIN,fixed_97_to_99,270.0,,DOWN,0.97,1.0,settlement,0.2892783505154646
TRAIN,fixed_97_to_99,270.0,,UP,0.97,1.0,settlement,0.2892783505154646
TRAIN,fixed_97_to_99,270.0,,DOWN,0.97,1.0,settlement,0.2892783505154646
TRAIN,fixed_97_to_99,270.0,,UP,0.97,1.0,settlement,0.2892783505154646
TRAIN,fixed_97_to_99,270.0,,UP,0.97,0.0,settlement,-10.02
TRAIN,fixed_97_to_99,270.0,,DOWN,0.97,1.0,settlement,0.2892783505154646
TRAIN,fixed_97_to_99,270.0,,UP,0.97,1.0,settlement,0.2892783505154646
TRAIN,fixed_97_to_99,270.0,,DOWN,0.97,1.0,settlement,0.2892783505154646
TRAIN,fixed_97_to_99,270.0,,DOWN,0.97,1.0,settlement,0.2892783505154646
TRAIN,fixed_97_to_99,270.0,,DOWN,0.97,1.0,settlement,0.2892783505154646
TRAIN,fixed_97_to_99,270.0,,UP,0.97,1.0,settlement,0.2892783505154646
TRAIN,fixed_97_to_99,270.0,,UP,0.97,1.0,settlement,0.2892783505154646
TRAIN,fixed_97_to_99,270.0,,DOWN,0.97,1.0,settlement,0.2892783505154646
TRAIN,fixed_97_to_99,270.0,,UP,0.97,1.0,settlement,0.2892783505154646
TRAIN,fixed_97_to_99,270.0,,DOWN,0.97,1.0,settlement,0.2892783505154646
TRAIN,fixed_97_to_99,270.0,,UP,0.97,1.0,settlement,0.2892783505154646
TRAIN,fixed_97_to_99,270.0,,UP,0.97,1.0,settlement,0.2892783505154646
TRAIN,fixed_97_to_99,270.0,,DOWN,0.97,1.0,settlement,0.2892783505154646
TRAIN,fixed_97_to_99,270.0,,UP,0.97,1.0,settlement,0.2892783505154646
TRAIN,fixed_97_to_99,270.0,,DOWN,0.97,0.0,settlement,-10.02
TRAIN,fixed_97_to_99,270.0,,UP,0.97,1.0,settlement,0.2892783505154646
TRAIN,fixed_97_to_99,270.0,,UP,0.97,1.0,settlement,0.2892783505154646
TRAIN,fixed_97_to_99,270.0,,DOWN,0.97,1.0,settlement,0.2892783505154646
TRAIN,fixed_97_to_99,270.0,,UP,0.97,0.0,settlement,-10.02
TRAIN,fixed_97_to_99,270.0,,DOWN,0.97,0.0,settlement,-10.02
TRAIN,fixed_97_to_99,270.0,,UP,0.97,1.0,settlement,0.2892783505154646
TRAIN,fixed_97_to_99,270.0,,UP,0.97,1.0,settlement,0.2892783505154646
TRAIN,fixed_97_to_99,270.0,,DOWN,0.97,1.0,settlement,0.2892783505154646
TRAIN,fixed_97_to_99,270.0,,DOWN,0.97,1.0,settlement,0.2892783505154646
TRAIN,fixed_97_to_99,270.0,,UP,0.97,1.0,settlement,0.2892783505154646
TRAIN,fixed_97_to_99,270.0,,DOWN,0.97,1.0,settlement,0.2892783505154646
TRAIN,fixed_97_to_99,270.0,,DOWN,0.97,1.0,settlement,0.2892783505154646
TRAIN,fixed_97_to_99,270.0,,UP,0.97,1.0,settlement,0.2892783505154646
TRAIN,fixed_97_to_99,270.0,,UP,0.97,1.0,settlement,0.2892783505154646
TRAIN,fixed_97_to_99,270.0,,UP,0.97,0.0,settlement,-10.02
TRAIN,fixed_97_to_99,270.0,,UP,0.97,1.0,settlement,0.2892783505154646
TRAIN,fixed_97_to_99,270.0,,DOWN,0.97,0.0,settlement,-10.02
TRAIN,fixed_97_to_99,270.0,,DOWN,0.97,1.0,settlement,0.2892783505154646
TRAIN,fixed_97_to_99,270.0,,UP,0.97,1.0,settlement,0.2892783505154646
TRAIN,fixed_97_to_99,270.0,,DOWN,0.97,0.0,settlement,-10.02
TRAIN,fixed_97_to_99,270.0,,DOWN,0.97,1.0,settlement,0.2892783505154646
TRAIN,fixed_97_to_99,270.0,,DOWN,0.97,0.0,settlement,-10.02
TRAIN,fixed_97_to_99,270.0,,DOWN,0.97,1.0,settlement,0.2892783505154646
TRAIN,fixed_97_to_99,270.0,,DOWN,0.97,1.0,settlement,0.2892783505154646
TRAIN,fixed_97_to_99,270.0,,DOWN,0.97,1.0,settlement,0.2892783505154646
TRAIN,fixed_97_to_99,270.0,,UP,0.97,0.0,settlement,-10.02
TRAIN,fixed_97_to_99,270.0,,DOWN,0.97,1.0,settlement,0.2892783505154646
TRAIN,fixed_97_to_99,270.0,,DOWN,0.97,1.0,settlement,0.2892783505154646
TRAIN,fixed_97_to_99,270.0,,UP,0.97,0.0,settlement,-10.02
TRAIN,fixed_97_to_99,270.0,,UP,0.97,1.0,settlement,0.2892783505154646
TRAIN,fixed_97_to_99,270.0,,UP,0.97,1.0,settlement,0.2892783505154646
TRAIN,fixed_97_to_99,270.0,,UP,0.97,1.0,settlement,0.2892783505154646
TRAIN,fixed_97_to_99,270.0,,DOWN,0.97,1.0,settlement,0.2892783505154646
TRAIN,fixed_97_to_99,270.0,,UP,0.97,1.0,settlement,0.2892783505154646
TRAIN,fixed_97_to_99,270.0,,DOWN,0.97,1.0,settlement,0.2892783505154646
TRAIN,fixed_97_to_99,270.0,,DOWN,0.97,1.0,settlement,0.2892783505154646
TRAIN,fixed_97_to_99,270.0,,DOWN,0.97,1.0,settlement,0.2892783505154646
TRAIN,fixed_97_to_99,270.0,,UP,0.97,0.0,settlement,-10.02
TRAIN,fixed_97_to_99,270.0,,UP,0.97,1.0,settlement,0.2892783505154646
TRAIN,fixed_97_to_99,270.0,,UP,0.97,1.0,settlement,0.2892783505154646
TRAIN,fixed_97_to_99,270.0,,DOWN,0.97,0.0,settlement,-10.02
TRAIN,fixed_97_to_99,270.0,,UP,0.97,0.0,settlement,-10.02
TRAIN,fixed_97_to_99,270.0,,UP,0.97,1.0,settlement,0.2892783505154646
TRAIN,fixed_97_to_99,270.0,,DOWN,0.97,0.0,settlement,-10.02
TRAIN,fixed_97_to_99,270.0,,DOWN,0.97,1.0,settlement,0.2892783505154646
TRAIN,fixed_97_to_99,270.0,,UP,0.97,1.0,settlement,0.2892783505154646
TRAIN,fixed_97_to_99,270.0,,UP,0.97,1.0,settlement,0.2892783505154646
TRAIN,fixed_97_to_99,270.0,,DOWN,0.97,1.0,settlement,0.2892783505154646
TRAIN,fixed_97_to_99,270.0,,UP,0.97,1.0,settlement,0.2892783505154646
TRAIN,fixed_97_to_99,270.0,,UP,0.97,0.0,settlement,-10.02
TRAIN,fixed_97_to_99,270.0,,DOWN,0.97,1.0,settlement,0.2892783505154646
TRAIN,fixed_97_to_99,270.0,,DOWN,0.97,1.0,settlement,0.2892783505154646
TRAIN,fixed_97_to_99,270.0,,DOWN,0.97,1.0,settlement,0.2892783505154646
TRAIN,fixed_97_to_99,270.0,,DOWN,0.97,1.0,settlement,0.2892783505154646
TRAIN,fixed_97_to_99,270.0,,UP,0.97,1.0,settlement,0.2892783505154646
TRAIN,fixed_97_to_99,270.0,,DOWN,0.97,1.0,settlement,0.2892783505154646
TRAIN,fixed_97_to_99,270.0,,DOWN,0.97,1.0,settlement,0.2892783505154646
TRAIN,fixed_97_to_99,270.0,,UP,0.97,1.0,settlement,0.2892783505154646
TRAIN,fixed_97_to_99,270.0,,DOWN,0.97,1.0,settlement,0.2892783505154646
TRAIN,fixed_97_to_99,270.0,,DOWN,0.97,1.0,settlement,0.2892783505154646
TRAIN,fixed_97_to_99,270.0,,DOWN,0.97,1.0,settlement,0.2892783505154646
TRAIN,fixed_97_to_99,270.0,,UP,0.97,1.0,settlement,0.2892783505154646
TRAIN,fixed_97_to_99,270.0,,DOWN,0.97,1.0,settlement,0.2892783505154646
TRAIN,fixed_97_to_99,270.0,,UP,0.97,1.0,settlement,0.2892783505154646
TRAIN,fixed_97_to_99,270.0,,UP,0.97,1.0,settlement,0.2892783505154646
TRAIN,fixed_97_to_99,270.0,,UP,0.97,1.0,settlement,0.2892783505154646
TRAIN,fixed_97_to_99,270.0,,DOWN,0.97,1.0,settlement,0.2892783505154646
TRAIN,fixed_97_to_99,270.0,,UP,0.97,0.0,settlement,-10.02
TRAIN,fixed_97_to_99,270.0,,DOWN,0.97,1.0,settlement,0.2892783505154646
TRAIN,fixed_97_to_99,270.0,,UP,0.97,1.0,settlement,0.2892783505154646
TRAIN,fixed_97_to_99,270.0,,UP,0.97,1.0,settlement,0.2892783505154646
TRAIN,fixed_97_to_99,270.0,,UP,0.97,1.0,settlement,0.2892783505154646
TRAIN,fixed_97_to_99,270.0,,DOWN,0.97,1.0,settlement,0.2892783505154646
TRAIN,fixed_97_to_99,270.0,,UP,0.97,1.0,settlement,0.2892783505154646
TRAIN,fixed_97_to_99,270.0,,DOWN,0.97,1.0,settlement,0.2892783505154646
TRAIN,fixed_97_to_99,270.0,,DOWN,0.97,1.0,settlement,0.2892783505154646
TRAIN,fixed_97_to_99,270.0,,UP,0.97,0.0,settlement,-10.02
TRAIN,fixed_97_to_99,270.0,,UP,0.97,1.0,settlement,0.2892783505154646
TRAIN,fixed_97_to_99,270.0,,UP,0.97,1.0,settlement,0.2892783505154646
TRAIN,fixed_97_to_99,270.0,,UP,0.97,1.0,settlement,0.2892783505154646
TRAIN,fixed_97_to_99,270.0,,DOWN,0.97,1.0,settlement,0.2892783505154646
TRAIN,fixed_97_to_99,270.0,,UP,0.97,1.0,settlement,0.2892783505154646
TRAIN,fixed_97_to_99,270.0,,DOWN,0.97,1.0,settlement,0.2892783505154646
TRAIN,fixed_97_to_99,270.0,,UP,0.97,1.0,settlement,0.2892783505154646
TRAIN,fixed_97_to_99,270.0,,UP,0.97,1.0,settlement,0.2892783505154646
TRAIN,fixed_97_to_99,270.0,,DOWN,0.97,1.0,settlement,0.2892783505154646
TRAIN,fixed_97_to_99,270.0,,DOWN,0.97,1.0,settlement,0.2892783505154646
TRAIN,fixed_97_to_99,270.0,,UP,0.97,1.0,settlement,0.2892783505154646
TRAIN,fixed_97_to_99,270.0,,UP,0.97,1.0,settlement,0.2892783505154646
TRAIN,fixed_97_to_99,270.0,,DOWN,0.97,1.0,settlement,0.2892783505154646
TRAIN,fixed_97_to_99,270.0,,DOWN,0.97,1.0,settlement,0.2892783505154646
TRAIN,fixed_97_to_99,270.0,,DOWN,0.97,1.0,settlement,0.2892783505154646
TRAIN,fixed_97_to_99,270.0,,UP,0.97,1.0,settlement,0.2892783505154646
TRAIN,fixed_97_to_99,270.0,,UP,0.97,1.0,settlement,0.2892783505154646
TRAIN,fixed_97_to_99,270.0,,UP,0.97,0.0,settlement,-10.02
TRAIN,fixed_97_to_99,270.0,,DOWN,0.97,1.0,settlement,0.2892783505154646
TRAIN,fixed_97_to_99,270.0,,UP,0.97,1.0,settlement,0.2892783505154646
TRAIN,fixed_97_to_99,270.0,,DOWN,0.97,1.0,settlement,0.2892783505154646
TRAIN,fixed_97_to_99,270.0,,UP,0.97,1.0,settlement,0.2892783505154646
TRAIN,fixed_97_to_99,270.0,,DOWN,0.97,1.0,settlement,0.2892783505154646
TRAIN,fixed_97_to_99,270.0,,UP,0.97,1.0,settlement,0.2892783505154646
TRAIN,fixed_97_to_99,270.0,,UP,0.97,1.0,settlement,0.2892783505154646
TRAIN,fixed_97_to_99,270.0,,DOWN,0.97,1.0,settlement,0.2892783505154646
TRAIN,fixed_97_to_99,270.0,,UP,0.97,1.0,settlement,0.2892783505154646
TRAIN,fixed_97_to_99,270.0,,DOWN,0.97,1.0,settlement,0.2892783505154646
TRAIN,fixed_97_to_99,270.0,,UP,0.97,1.0,settlement,0.2892783505154646
TRAIN,fixed_97_to_99,270.0,,UP,0.97,1.0,settlement,0.2892783505154646
TRAIN,fixed_97_to_99,270.0,,UP,0.97,1.0,settlement,0.2892783505154646
TRAIN,fixed_97_to_99,270.0,,DOWN,0.97,1.0,settlement,0.2892783505154646
TRAIN,fixed_97_to_99,270.0,,UP,0.97,1.0,settlement,0.2892783505154646
TRAIN,fixed_97_to_99,270.0,,DOWN,0.97,1.0,settlement,0.2892783505154646
TRAIN,fixed_97_to_99,270.0,,UP,0.97,1.0,settlement,0.2892783505154646
TRAIN,fixed_97_to_99,270.0,,UP,0.97,1.0,settlement,0.2892783505154646
TRAIN,fixed_97_to_99,270.0,,DOWN,0.97,1.0,settlement,0.2892783505154646
TRAIN,fixed_97_to_99,270.0,,UP,0.97,1.0,settlement,0.2892783505154646
TRAIN,fixed_97_to_99,270.0,,UP,0.97,1.0,settlement,0.2892783505154646
TRAIN,fixed_97_to_99,270.0,,DOWN,0.97,1.0,settlement,0.2892783505154646
TRAIN,fixed_97_to_99,270.0,,DOWN,0.97,1.0,settlement,0.2892783505154646
TRAIN,fixed_97_to_99,270.0,,DOWN,0.97,1.0,settlement,0.2892783505154646
TRAIN,fixed_97_to_99,270.0,,UP,0.97,1.0,settlement,0.2892783505154646
TRAIN,fixed_97_to_99,270.0,,UP,0.97,1.0,settlement,0.2892783505154646
TRAIN,fixed_97_to_99,270.0,,DOWN,0.97,1.0,settlement,0.2892783505154646
TRAIN,fixed_97_to_99,270.0,,UP,0.97,1.0,settlement,0.2892783505154646
TRAIN,fixed_97_to_99,270.0,,DOWN,0.97,1.0,settlement,0.2892783505154646
TRAIN,fixed_97_to_99,270.0,,DOWN,0.97,1.0,settlement,0.2892783505154646
TRAIN,fixed_97_to_99,270.0,,DOWN,0.97,1.0,settlement,0.2892783505154646
TRAIN,fixed_97_to_99,270.0,,DOWN,0.97,1.0,settlement,0.2892783505154646
TRAIN,fixed_97_to_99,270.0,,DOWN,0.97,1.0,settlement,0.2892783505154646
TRAIN,fixed_97_to_99,270.0,,UP,0.97,1.0,settlement,0.2892783505154646
TRAIN,fixed_97_to_99,270.0,,UP,0.97,1.0,settlement,0.2892783505154646
TRAIN,fixed_97_to_99,270.0,,UP,0.97,1.0,settlement,0.2892783505154646
TRAIN,fixed_97_to_99,270.0,,UP,0.97,1.0,settlement,0.2892783505154646
TRAIN,fixed_97_to_99,270.0,,DOWN,0.97,1.0,settlement,0.2892783505154646
TRAIN,fixed_97_to_99,270.0,,UP,0.97,1.0,settlement,0.2892783505154646
TRAIN,fixed_97_to_99,270.0,,DOWN,0.97,1.0,settlement,0.2892783505154646
TRAIN,fixed_97_to_99,270.0,,UP,0.97,1.0,settlement,0.2892783505154646
TRAIN,fixed_97_to_99,270.0,,UP,0.97,1.0,settlement,0.2892783505154646
TRAIN,fixed_97_to_99,270.0,,DOWN,0.97,1.0,settlement,0.2892783505154646
TRAIN,fixed_97_to_99,270.0,,UP,0.97,1.0,settlement,0.2892783505154646
TRAIN,fixed_97_to_99,270.0,,UP,0.97,1.0,settlement,0.2892783505154646
TRAIN,fixed_97_to_99,270.0,,DOWN,0.97,1.0,settlement,0.2892783505154646
TRAIN,fixed_97_to_99,270.0,,UP,0.97,1.0,settlement,0.2892783505154646
TRAIN,fixed_97_to_99,270.0,,UP,0.97,1.0,settlement,0.2892783505154646
TRAIN,fixed_97_to_99,270.0,,DOWN,0.97,1.0,settlement,0.2892783505154646
TRAIN,fixed_97_to_99,270.0,,UP,0.97,1.0,settlement,0.2892783505154646
TRAIN,fixed_97_to_99,270.0,,UP,0.97,1.0,settlement,0.2892783505154646
TRAIN,fixed_97_to_99,270.0,,DOWN,0.97,1.0,settlement,0.2892783505154646
TRAIN,fixed_97_to_99,270.0,,UP,0.97,0.0,settlement,-10.02
TRAIN,fixed_97_to_99,270.0,,UP,0.97,1.0,settlement,0.2892783505154646
TRAIN,fixed_97_to_99,270.0,,UP,0.97,1.0,settlement,0.2892783505154646
TRAIN,fixed_97_to_99,270.0,,DOWN,0.97,1.0,settlement,0.2892783505154646
TRAIN,fixed_97_to_99,270.0,,DOWN,0.97,1.0,settlement,0.2892783505154646
TRAIN,fixed_97_to_99,270.0,,DOWN,0.97,1.0,settlement,0.2892783505154646
TRAIN,fixed_97_to_99,270.0,,UP,0.97,1.0,settlement,0.2892783505154646
TRAIN,fixed_97_to_99,270.0,,DOWN,0.97,1.0,settlement,0.2892783505154646
TRAIN,fixed_97_to_99,270.0,,UP,0.97,1.0,settlement,0.2892783505154646
TRAIN,fixed_97_to_99,270.0,,DOWN,0.97,1.0,settlement,0.2892783505154646
TRAIN,fixed_97_to_99,270.0,,UP,0.97,1.0,settlement,0.2892783505154646
TRAIN,fixed_97_to_99,270.0,,DOWN,0.97,1.0,settlement,0.2892783505154646
TRAIN,fixed_97_to_99,270.0,,DOWN,0.97,1.0,settlement,0.2892783505154646
TRAIN,fixed_97_to_99,270.0,,DOWN,0.97,1.0,settlement,0.2892783505154646
TRAIN,fixed_97_to_99,270.0,,DOWN,0.97,1.0,settlement,0.2892783505154646
TRAIN,fixed_97_to_99,270.0,,DOWN,0.97,1.0,settlement,0.2892783505154646
TRAIN,fixed_97_to_99,270.0,,DOWN,0.97,1.0,settlement,0.2892783505154646
TRAIN,fixed_97_to_99,270.0,,DOWN,0.97,1.0,settlement,0.2892783505154646
TRAIN,fixed_97_to_99,270.0,,UP,0.97,1.0,settlement,0.2892783505154646
TRAIN,fixed_97_to_99,270.0,,UP,0.97,1.0,settlement,0.2892783505154646
TRAIN,fixed_97_to_99,270.0,,UP,0.97,1.0,settlement,0.2892783505154646
TRAIN,fixed_97_to_99,270.0,,DOWN,0.97,1.0,settlement,0.2892783505154646
TRAIN,fixed_97_to_99,270.0,,UP,0.97,0.0,settlement,-10.02
TRAIN,fixed_97_to_99,270.0,,UP,0.97,1.0,settlement,0.2892783505154646
TRAIN,fixed_97_to_99,270.0,,DOWN,0.97,1.0,settlement,0.2892783505154646
TRAIN,fixed_97_to_99,270.0,,UP,0.97,1.0,settlement,0.2892783505154646
TRAIN,fixed_97_to_99,270.0,,DOWN,0.97,1.0,settlement,0.2892783505154646
TRAIN,fixed_97_to_99,270.0,,DOWN,0.97,1.0,settlement,0.2892783505154646
TRAIN,fixed_97_to_99,270.0,,DOWN,0.97,1.0,settlement,0.2892783505154646
TRAIN,fixed_97_to_99,270.0,,UP,0.97,1.0,settlement,0.2892783505154646
TRAIN,fixed_97_to_99,270.0,,UP,0.97,1.0,settlement,0.2892783505154646
TRAIN,fixed_97_to_99,270.0,,DOWN,0.97,1.0,settlement,0.2892783505154646
TRAIN,fixed_97_to_99,270.0,,UP,0.97,1.0,settlement,0.2892783505154646
TRAIN,fixed_97_to_99,270.0,,DOWN,0.97,1.0,settlement,0.2892783505154646
TRAIN,fixed_97_to_99,270.0,,UP,0.97,1.0,settlement,0.2892783505154646
TRAIN,fixed_97_to_99,270.0,,DOWN,0.97,1.0,settlement,0.2892783505154646
TRAIN,fixed_97_to_99,270.0,,DOWN,0.97,1.0,settlement,0.2892783505154646
TRAIN,fixed_97_to_99,270.0,,DOWN,0.97,1.0,settlement,0.2892783505154646
TRAIN,fixed_97_to_99,270.0,,UP,0.97,1.0,settlement,0.2892783505154646
TRAIN,fixed_97_to_99,270.0,,UP,0.97,1.0,settlement,0.2892783505154646
TRAIN,fixed_97_to_99,270.0,,DOWN,0.97,1.0,settlement,0.2892783505154646
TRAIN,fixed_97_to_99,270.0,,DOWN,0.97,1.0,settlement,0.2892783505154646
TRAIN,fixed_97_to_99,270.0,,UP,0.97,1.0,settlement,0.2892783505154646
TRAIN,fixed_97_to_99,270.0,,UP,0.97,1.0,settlement,0.2892783505154646
TRAIN,fixed_97_to_99,270.0,,UP,0.97,1.0,settlement,0.2892783505154646
TRAIN,fixed_97_to_99,270.0,,DOWN,0.97,1.0,settlement,0.2892783505154646
TRAIN,fixed_97_to_99,270.0,,UP,0.97,1.0,settlement,0.2892783505154646
TRAIN,fixed_97_to_99,270.0,,DOWN,0.97,1.0,settlement,0.2892783505154646
TRAIN,fixed_97_to_99,270.0,,DOWN,0.97,1.0,settlement,0.2892783505154646
TRAIN,fixed_97_to_99,270.0,,UP,0.97,1.0,settlement,0.2892783505154646
TRAIN,fixed_97_to_99,270.0,,DOWN,0.97,1.0,settlement,0.2892783505154646
TRAIN,fixed_97_to_99,270.0,,UP,0.97,1.0,settlement,0.2892783505154646
TRAIN,fixed_97_to_99,270.0,,UP,0.97,1.0,settlement,0.2892783505154646
TRAIN,fixed_97_to_99,270.0,,UP,0.97,1.0,settlement,0.2892783505154646
TRAIN,fixed_97_to_99,270.0,,DOWN,0.97,1.0,settlement,0.2892783505154646
TRAIN,fixed_97_to_99,270.0,,DOWN,0.97,1.0,settlement,0.2892783505154646
TRAIN,fixed_97_to_99,270.0,,DOWN,0.97,0.0,settlement,-10.02
TRAIN,fixed_97_to_99,270.0,,DOWN,0.97,1.0,settlement,0.2892783505154646
TRAIN,fixed_97_to_99,270.0,,DOWN,0.97,1.0,settlement,0.2892783505154646
TRAIN,fixed_97_to_99,270.0,,UP,0.97,1.0,settlement,0.2892783505154646
TRAIN,fixed_97_to_99,270.0,,UP,0.97,1.0,settlement,0.2892783505154646
TRAIN,fixed_97_to_99,270.0,,UP,0.97,1.0,settlement,0.2892783505154646
TRAIN,fixed_97_to_99,270.0,,UP,0.97,1.0,settlement,0.2892783505154646
TRAIN,fixed_97_to_99,270.0,,UP,0.97,1.0,settlement,0.2892783505154646
TRAIN,fixed_97_to_99,270.0,,UP,0.97,1.0,settlement,0.2892783505154646
TRAIN,fixed_97_to_99,270.0,,DOWN,0.97,1.0,settlement,0.2892783505154646
TRAIN,fixed_97_to_99,270.0,,DOWN,0.97,1.0,settlement,0.2892783505154646
TRAIN,fixed_97_to_99,270.0,,DOWN,0.97,1.0,settlement,0.2892783505154646
TRAIN,fixed_97_to_99,270.0,,UP,0.97,1.0,settlement,0.2892783505154646
TRAIN,fixed_97_to_99,270.0,,DOWN,0.97,0.0,settlement,-10.02
TRAIN,fixed_97_to_99,270.0,,DOWN,0.97,1.0,settlement,0.2892783505154646
TRAIN,fixed_97_to_99,270.0,,DOWN,0.97,1.0,settlement,0.2892783505154646
TRAIN,fixed_97_to_99,270.0,,DOWN,0.97,1.0,settlement,0.2892783505154646
TRAIN,fixed_97_to_99,270.0,,UP,0.97,1.0,settlement,0.2892783505154646
TRAIN,fixed_97_to_99,270.0,,UP,0.97,1.0,settlement,0.2892783505154646
TRAIN,fixed_97_to_99,270.0,,DOWN,0.97,1.0,settlement,0.2892783505154646
TRAIN,fixed_97_to_99,270.0,,UP,0.97,0.0,settlement,-10.02
TRAIN,fixed_97_to_99,270.0,,UP,0.97,0.0,settlement,-10.02
TRAIN,fixed_97_to_99,270.0,,DOWN,0.97,1.0,settlement,0.2892783505154646
TRAIN,fixed_97_to_99,270.0,,UP,0.97,1.0,settlement,0.2892783505154646
TRAIN,fixed_97_to_99,270.0,,DOWN,0.97,1.0,settlement,0.2892783505154646
TRAIN,fixed_97_to_99,270.0,,UP,0.97,1.0,settlement,0.2892783505154646
TRAIN,fixed_97_to_99,270.0,,DOWN,0.97,1.0,settlement,0.2892783505154646
TRAIN,fixed_97_to_99,270.0,,UP,0.97,1.0,settlement,0.2892783505154646
TRAIN,fixed_97_to_99,270.0,,DOWN,0.97,1.0,settlement,0.2892783505154646
TRAIN,fixed_97_to_99,270.0,,UP,0.97,1.0,settlement,0.2892783505154646
TRAIN,fixed_97_to_99,270.0,,DOWN,0.97,1.0,settlement,0.2892783505154646
TRAIN,fixed_97_to_99,270.0,,DOWN,0.97,1.0,settlement,0.2892783505154646
TRAIN,fixed_97_to_99,270.0,,UP,0.97,1.0,settlement,0.2892783505154646
TRAIN,fixed_97_to_99,270.0,,UP,0.97,0.0,settlement,-10.02
TRAIN,fixed_97_to_99,270.0,,DOWN,0.97,1.0,settlement,0.2892783505154646
TRAIN,fixed_97_to_99,270.0,,UP,0.97,0.0,settlement,-10.02
TRAIN,fixed_97_to_99,270.0,,DOWN,0.97,1.0,settlement,0.2892783505154646
TRAIN,fixed_97_to_99,270.0,,UP,0.97,1.0,settlement,0.2892783505154646
TRAIN,fixed_97_to_99,270.0,,DOWN,0.97,1.0,settlement,0.2892783505154646
TRAIN,fixed_97_to_99,270.0,,UP,0.97,1.0,settlement,0.2892783505154646
TRAIN,fixed_97_to_99,270.0,,DOWN,0.97,1.0,settlement,0.2892783505154646
TRAIN,fixed_97_to_99,270.0,,UP,0.97,1.0,settlement,0.2892783505154646
TRAIN,fixed_97_to_99,270.0,,UP,0.97,1.0,settlement,0.2892783505154646
TRAIN,fixed_97_to_99,270.0,,DOWN,0.97,0.0,settlement,-10.02
TRAIN,fixed_97_to_99,270.0,,UP,0.97,1.0,settlement,0.2892783505154646
TRAIN,fixed_97_to_99,270.0,,DOWN,0.97,0.0,settlement,-10.02
TRAIN,fixed_97_to_99,270.0,,DOWN,0.97,0.0,settlement,-10.02
TRAIN,fixed_97_to_99,270.0,,DOWN,0.97,1.0,settlement,0.2892783505154646
TRAIN,fixed_97_to_99,270.0,,DOWN,0.97,0.0,settlement,-10.02
TRAIN,fixed_97_to_99,270.0,,DOWN,0.97,1.0,settlement,0.2892783505154646
TRAIN,fixed_97_to_99,270.0,,DOWN,0.97,1.0,settlement,0.2892783505154646
TRAIN,fixed_97_to_99,270.0,,UP,0.97,0.0,settlement,-10.02
TRAIN,fixed_97_to_99,270.0,,UP,0.97,0.0,settlement,-10.02
TRAIN,fixed_97_to_99,270.0,,DOWN,0.97,1.0,settlement,0.2892783505154646
TRAIN,fixed_97_to_99,270.0,,UP,0.97,1.0,settlement,0.2892783505154646
TRAIN,fixed_97_to_99,270.0,,DOWN,0.97,1.0,settlement,0.2892783505154646
TRAIN,fixed_97_to_99,270.0,,UP,0.97,0.0,settlement,-10.02
TRAIN,fixed_97_to_99,270.0,,DOWN,0.97,1.0,settlement,0.2892783505154646
TRAIN,fixed_97_to_99,270.0,,UP,0.97,1.0,settlement,0.2892783505154646
TRAIN,fixed_97_to_99,270.0,,UP,0.97,0.0,settlement,-10.02
TRAIN,fixed_97_to_99,270.0,,DOWN,0.97,0.0,settlement,-10.02
TRAIN,fixed_97_to_99,270.0,,UP,0.97,1.0,settlement,0.2892783505154646
TRAIN,fixed_97_to_99,270.0,,DOWN,0.97,1.0,settlement,0.2892783505154646
TRAIN,fixed_97_to_99,270.0,,DOWN,0.97,1.0,settlement,0.2892783505154646
TRAIN,fixed_97_to_99,270.0,,DOWN,0.97,1.0,settlement,0.2892783505154646
TRAIN,fixed_97_to_99,270.0,,DOWN,0.97,1.0,settlement,0.2892783505154646
TRAIN,fixed_97_to_99,270.0,,DOWN,0.97,1.0,settlement,0.2892783505154646
TRAIN,fixed_97_to_99,270.0,,UP,0.97,0.0,settlement,-10.02
TRAIN,fixed_97_to_99,270.0,,UP,0.97,1.0,settlement,0.2892783505154646
TRAIN,fixed_97_to_99,270.0,,UP,0.97,1.0,settlement,0.2892783505154646
TRAIN,fixed_97_to_99,270.0,,UP,0.97,1.0,settlement,0.2892783505154646
TRAIN,fixed_97_to_99,270.0,,UP,0.97,1.0,settlement,0.2892783505154646
TRAIN,fixed_97_to_99,270.0,,DOWN,0.97,1.0,settlement,0.2892783505154646
TRAIN,fixed_97_to_99,270.0,,UP,0.97,1.0,settlement,0.2892783505154646
TRAIN,fixed_97_to_99,270.0,,DOWN,0.97,1.0,settlement,0.2892783505154646
TRAIN,fixed_97_to_99,270.0,,DOWN,0.97,0.0,settlement,-10.02
TRAIN,fixed_97_to_99,270.0,,UP,0.97,1.0,settlement,0.2892783505154646
TRAIN,fixed_97_to_99,270.0,,DOWN,0.97,0.0,settlement,-10.02
TRAIN,fixed_97_to_99,270.0,,UP,0.97,1.0,settlement,0.2892783505154646
TRAIN,fixed_97_to_99,270.0,,UP,0.97,1.0,settlement,0.2892783505154646
TRAIN,fixed_97_to_99,270.0,,UP,0.97,0.0,settlement,-10.02
TRAIN,fixed_97_to_99,270.0,,DOWN,0.97,0.0,settlement,-10.02
TRAIN,fixed_97_to_99,270.0,,UP,0.97,0.0,settlement,-10.02
TRAIN,fixed_97_to_99,270.0,,DOWN,0.97,1.0,settlement,0.2892783505154646
TRAIN,fixed_97_to_99,270.0,,DOWN,0.97,1.0,settlement,0.2892783505154646
TRAIN,fixed_97_to_99,270.0,,UP,0.97,1.0,settlement,0.2892783505154646
TRAIN,fixed_97_to_99,270.0,,UP,0.97,1.0,settlement,0.2892783505154646
TRAIN,fixed_97_to_99,270.0,,UP,0.97,1.0,settlement,0.2892783505154646
TRAIN,fixed_97_to_99,270.0,,DOWN,0.97,0.0,settlement,-10.02
TRAIN,fixed_97_to_99,270.0,,UP,0.97,1.0,settlement,0.2892783505154646
TRAIN,fixed_97_to_99,270.0,,UP,0.97,1.0,settlement,0.2892783505154646
TRAIN,fixed_97_to_99,270.0,,UP,0.97,1.0,settlement,0.2892783505154646
TRAIN,fixed_97_to_99,270.0,,UP,0.97,1.0,settlement,0.2892783505154646
TRAIN,fixed_97_to_99,270.0,,DOWN,0.97,1.0,settlement,0.2892783505154646
TRAIN,fixed_97_to_99,270.0,,DOWN,0.97,1.0,settlement,0.2892783505154646
TRAIN,fixed_97_to_99,270.0,,UP,0.97,1.0,settlement,0.2892783505154646
TRAIN,fixed_97_to_99,270.0,,UP,0.97,1.0,settlement,0.2892783505154646
TRAIN,fixed_97_to_99,270.0,,UP,0.97,1.0,settlement,0.2892783505154646
TRAIN,fixed_97_to_99,270.0,,UP,0.97,1.0,settlement,0.2892783505154646
TRAIN,fixed_97_to_99,270.0,,UP,0.97,1.0,settlement,0.2892783505154646
TRAIN,fixed_97_to_99,270.0,,UP,0.97,1.0,settlement,0.2892783505154646
TRAIN,fixed_97_to_99,270.0,,DOWN,0.97,1.0,settlement,0.2892783505154646
TRAIN,fixed_97_to_99,270.0,,UP,0.97,1.0,settlement,0.2892783505154646
TRAIN,fixed_97_to_99,270.0,,DOWN,0.97,1.0,settlement,0.2892783505154646
TRAIN,fixed_97_to_99,270.0,,UP,0.97,1.0,settlement,0.2892783505154646
TRAIN,fixed_97_to_99,270.0,,DOWN,0.97,1.0,settlement,0.2892783505154646
TRAIN,fixed_97_to_99,270.0,,UP,0.97,1.0,settlement,0.2892783505154646
TRAIN,fixed_97_to_99,270.0,,UP,0.97,1.0,settlement,0.2892783505154646
TRAIN,fixed_97_to_99,270.0,,UP,0.97,1.0,settlement,0.2892783505154646
TRAIN,fixed_97_to_99,270.0,,UP,0.97,1.0,settlement,0.2892783505154646
TRAIN,fixed_97_to_99,270.0,,UP,0.97,1.0,settlement,0.2892783505154646
TRAIN,fixed_97_to_99,270.0,,UP,0.97,1.0,settlement,0.2892783505154646
TRAIN,fixed_97_to_99,270.0,,UP,0.97,1.0,settlement,0.2892783505154646
TRAIN,fixed_97_to_99,270.0,,UP,0.97,1.0,settlement,0.2892783505154646
TRAIN,fixed_97_to_99,270.0,,UP,0.97,1.0,settlement,0.2892783505154646
TRAIN,fixed_97_to_99,270.0,,DOWN,0.97,1.0,settlement,0.2892783505154646
TRAIN,fixed_97_to_99,270.0,,UP,0.97,1.0,settlement,0.2892783505154646
TRAIN,fixed_97_to_99,270.0,,DOWN,0.97,1.0,settlement,0.2892783505154646
TRAIN,fixed_97_to_99,270.0,,UP,0.97,1.0,settlement,0.2892783505154646
TRAIN,fixed_97_to_99,270.0,,UP,0.97,1.0,settlement,0.2892783505154646
TRAIN,fixed_97_to_99,270.0,,DOWN,0.97,1.0,settlement,0.2892783505154646
TRAIN,fixed_97_to_99,270.0,,DOWN,0.97,1.0,settlement,0.2892783505154646
TRAIN,fixed_97_to_99,270.0,,DOWN,0.97,1.0,settlement,0.2892783505154646
TRAIN,fixed_97_to_99,270.0,,DOWN,0.97,1.0,settlement,0.2892783505154646
TRAIN,fixed_97_to_99,270.0,,UP,0.97,1.0,settlement,0.2892783505154646
TRAIN,fixed_97_to_99,270.0,,UP,0.97,1.0,settlement,0.2892783505154646
TRAIN,fixed_97_to_99,270.0,,DOWN,0.97,1.0,settlement,0.2892783505154646
TRAIN,fixed_97_to_99,270.0,,DOWN,0.97,1.0,settlement,0.2892783505154646
TRAIN,fixed_97_to_99,270.0,,DOWN,0.97,1.0,settlement,0.2892783505154646
TRAIN,fixed_97_to_99,270.0,,DOWN,0.97,1.0,settlement,0.2892783505154646
TRAIN,fixed_97_to_99,270.0,,UP,0.97,0.0,settlement,-10.02
TRAIN,fixed_97_to_99,270.0,,DOWN,0.97,1.0,settlement,0.2892783505154646
TRAIN,fixed_97_to_99,270.0,,DOWN,0.97,1.0,settlement,0.2892783505154646
TRAIN,fixed_97_to_99,270.0,,UP,0.97,0.0,settlement,-10.02
TRAIN,fixed_97_to_99,270.0,,UP,0.97,1.0,settlement,0.2892783505154646
TRAIN,fixed_97_to_99,270.0,,UP,0.97,1.0,settlement,0.2892783505154646
TRAIN,fixed_97_to_99,270.0,,UP,0.97,1.0,settlement,0.2892783505154646
TRAIN,fixed_97_to_99,270.0,,UP,0.97,1.0,settlement,0.2892783505154646
TRAIN,fixed_97_to_99,270.0,,DOWN,0.97,1.0,settlement,0.2892783505154646
TRAIN,fixed_97_to_99,270.0,,DOWN,0.97,1.0,settlement,0.2892783505154646
TRAIN,fixed_97_to_99,270.0,,DOWN,0.97,1.0,settlement,0.2892783505154646
TRAIN,fixed_97_to_99,270.0,,UP,0.97,1.0,settlement,0.2892783505154646
TRAIN,fixed_97_to_99,270.0,,UP,0.97,1.0,settlement,0.2892783505154646
TRAIN,fixed_97_to_99,270.0,,DOWN,0.97,1.0,settlement,0.2892783505154646
TRAIN,fixed_97_to_99,270.0,,UP,0.97,1.0,settlement,0.2892783505154646
TRAIN,fixed_97_to_99,270.0,,DOWN,0.97,1.0,settlement,0.2892783505154646
TRAIN,fixed_97_to_99,270.0,,DOWN,0.97,1.0,settlement,0.2892783505154646
TRAIN,fixed_97_to_99,270.0,,UP,0.97,1.0,settlement,0.2892783505154646
TRAIN,fixed_97_to_99,270.0,,UP,0.97,0.0,settlement,-10.02
TRAIN,fixed_97_to_99,270.0,,DOWN,0.97,1.0,settlement,0.2892783505154646
TRAIN,fixed_97_to_99,270.0,,UP,0.97,1.0,settlement,0.2892783505154646
TRAIN,fixed_97_to_99,270.0,,UP,0.97,1.0,settlement,0.2892783505154646
TRAIN,fixed_97_to_99,270.0,,UP,0.97,1.0,settlement,0.2892783505154646
TRAIN,fixed_97_to_99,270.0,,UP,0.97,1.0,settlement,0.2892783505154646
TRAIN,fixed_97_to_99,270.0,,DOWN,0.97,1.0,settlement,0.2892783505154646
TRAIN,fixed_97_to_99,270.0,,DOWN,0.97,1.0,settlement,0.2892783505154646
TRAIN,fixed_97_to_99,270.0,,DOWN,0.97,1.0,settlement,0.2892783505154646
TRAIN,fixed_97_to_99,270.0,,DOWN,0.97,1.0,settlement,0.2892783505154646
TRAIN,fixed_97_to_99,270.0,,UP,0.97,1.0,settlement,0.2892783505154646
TRAIN,fixed_97_to_99,270.0,,DOWN,0.97,1.0,settlement,0.2892783505154646
TRAIN,fixed_97_to_99,270.0,,DOWN,0.97,1.0,settlement,0.2892783505154646
TRAIN,fixed_97_to_99,270.0,,UP,0.97,1.0,settlement,0.2892783505154646
TRAIN,fixed_97_to_99,270.0,,DOWN,0.97,1.0,settlement,0.2892783505154646
TRAIN,fixed_97_to_99,270.0,,UP,0.97,1.0,settlement,0.2892783505154646
TRAIN,fixed_97_to_99,270.0,,DOWN,0.97,0.0,settlement,-10.02
TRAIN,fixed_97_to_99,270.0,,DOWN,0.97,1.0,settlement,0.2892783505154646
TRAIN,fixed_97_to_99,270.0,,UP,0.97,0.0,settlement,-10.02
TRAIN,fixed_97_to_99,270.0,,DOWN,0.97,1.0,settlement,0.2892783505154646
TRAIN,fixed_97_to_99,270.0,,UP,0.97,1.0,settlement,0.2892783505154646
TRAIN,fixed_97_to_99,270.0,,DOWN,0.97,1.0,settlement,0.2892783505154646
TRAIN,fixed_97_to_99,270.0,,DOWN,0.97,0.0,settlement,-10.02
TRAIN,fixed_97_to_99,270.0,,UP,0.97,0.0,settlement,-10.02
TRAIN,fixed_97_to_99,270.0,,DOWN,0.97,1.0,settlement,0.2892783505154646
TRAIN,fixed_97_to_99,270.0,,UP,0.97,1.0,settlement,0.2892783505154646
TRAIN,fixed_97_to_99,270.0,,DOWN,0.97,1.0,settlement,0.2892783505154646
TRAIN,fixed_97_to_99,270.0,,UP,0.97,1.0,settlement,0.2892783505154646
TRAIN,fixed_97_to_99,270.0,,UP,0.97,1.0,settlement,0.2892783505154646
TRAIN,fixed_97_to_99,270.0,,DOWN,0.97,0.0,settlement,-10.02
TRAIN,fixed_97_to_99,270.0,,DOWN,0.97,1.0,settlement,0.2892783505154646
TRAIN,fixed_97_to_99,270.0,,UP,0.97,1.0,settlement,0.2892783505154646
TRAIN,fixed_97_to_99,270.0,,UP,0.97,1.0,settlement,0.2892783505154646
TRAIN,fixed_97_to_99,270.0,,UP,0.97,1.0,settlement,0.2892783505154646
TRAIN,fixed_97_to_99,270.0,,DOWN,0.97,1.0,settlement,0.2892783505154646
TRAIN,fixed_97_to_99,270.0,,DOWN,0.97,1.0,settlement,0.2892783505154646
TRAIN,fixed_97_to_99,270.0,,DOWN,0.97,1.0,settlement,0.2892783505154646
TRAIN,fixed_97_to_99,270.0,,DOWN,0.97,1.0,settlement,0.2892783505154646
TRAIN,fixed_97_to_99,270.0,,UP,0.97,1.0,settlement,0.2892783505154646
TRAIN,fixed_97_to_99,270.0,,DOWN,0.97,1.0,settlement,0.2892783505154646
TRAIN,fixed_97_to_99,270.0,,UP,0.97,0.0,settlement,-10.02
TRAIN,fixed_97_to_99,270.0,,DOWN,0.97,1.0,settlement,0.2892783505154646
TRAIN,fixed_97_to_99,270.0,,DOWN,0.97,1.0,settlement,0.2892783505154646
TRAIN,fixed_97_to_99,270.0,,UP,0.97,0.0,settlement,-10.02
TRAIN,fixed_97_to_99,270.0,,UP,0.97,1.0,settlement,0.2892783505154646
TRAIN,fixed_97_to_99,270.0,,UP,0.97,1.0,settlement,0.2892783505154646
TRAIN,fixed_97_to_99,270.0,,DOWN,0.97,1.0,settlement,0.2892783505154646
TRAIN,fixed_97_to_99,270.0,,UP,0.97,1.0,settlement,0.2892783505154646
TRAIN,fixed_97_to_99,270.0,,DOWN,0.97,0.0,settlement,-10.02
TRAIN,fixed_97_to_99,270.0,,DOWN,0.97,1.0,settlement,0.2892783505154646
TRAIN,fixed_97_to_99,270.0,,DOWN,0.97,1.0,settlement,0.2892783505154646
TRAIN,fixed_97_to_99,270.0,,DOWN,0.97,1.0,settlement,0.2892783505154646
TRAIN,fixed_97_to_99,270.0,,UP,0.97,1.0,settlement,0.2892783505154646
TRAIN,fixed_97_to_99,270.0,,DOWN,0.97,1.0,settlement,0.2892783505154646
TRAIN,fixed_97_to_99,270.0,,UP,0.97,1.0,settlement,0.2892783505154646
TRAIN,fixed_97_to_99,270.0,,DOWN,0.97,1.0,settlement,0.2892783505154646
TRAIN,fixed_97_to_99,270.0,,UP,0.97,1.0,settlement,0.2892783505154646
TRAIN,fixed_97_to_99,270.0,,DOWN,0.97,0.0,settlement,-10.02
TRAIN,fixed_97_to_99,270.0,,UP,0.97,1.0,settlement,0.2892783505154646
TRAIN,fixed_97_to_99,270.0,,UP,0.97,1.0,settlement,0.2892783505154646
TRAIN,fixed_97_to_99,270.0,,DOWN,0.97,1.0,settlement,0.2892783505154646
TRAIN,fixed_97_to_99,270.0,,UP,0.97,1.0,settlement,0.2892783505154646
TRAIN,fixed_97_to_99,270.0,,UP,0.97,1.0,settlement,0.2892783505154646
TRAIN,fixed_97_to_99,270.0,,UP,0.97,1.0,settlement,0.2892783505154646
TRAIN,fixed_97_to_99,270.0,,UP,0.97,1.0,settlement,0.2892783505154646
TRAIN,fixed_97_to_99,270.0,,UP,0.97,1.0,settlement,0.2892783505154646
TRAIN,fixed_97_to_99,270.0,,UP,0.97,1.0,settlement,0.2892783505154646
TRAIN,fixed_97_to_99,270.0,,DOWN,0.97,1.0,settlement,0.2892783505154646
TRAIN,fixed_97_to_99,270.0,,DOWN,0.97,1.0,settlement,0.2892783505154646
TRAIN,fixed_97_to_99,270.0,,UP,0.97,1.0,settlement,0.2892783505154646
TRAIN,fixed_97_to_99,270.0,,UP,0.97,1.0,settlement,0.2892783505154646
TRAIN,fixed_97_to_99,270.0,,DOWN,0.97,1.0,settlement,0.2892783505154646
TRAIN,fixed_97_to_99,270.0,,DOWN,0.97,0.0,settlement,-10.02
TRAIN,fixed_97_to_99,270.0,,DOWN,0.97,1.0,settlement,0.2892783505154646
TRAIN,fixed_97_to_99,270.0,,UP,0.97,1.0,settlement,0.2892783505154646
TRAIN,fixed_97_to_99,270.0,,UP,0.97,1.0,settlement,0.2892783505154646
TRAIN,fixed_97_to_99,270.0,,UP,0.97,1.0,settlement,0.2892783505154646
TRAIN,fixed_97_to_99,270.0,,UP,0.97,1.0,settlement,0.2892783505154646
TRAIN,fixed_97_to_99,270.0,,DOWN,0.97,1.0,settlement,0.2892783505154646
TRAIN,fixed_97_to_99,270.0,,UP,0.97,1.0,settlement,0.2892783505154646
TRAIN,fixed_97_to_99,270.0,,DOWN,0.97,1.0,settlement,0.2892783505154646
TRAIN,fixed_97_to_99,270.0,,UP,0.97,1.0,settlement,0.2892783505154646
TRAIN,fixed_97_to_99,270.0,,UP,0.97,1.0,settlement,0.2892783505154646
TRAIN,fixed_97_to_99,270.0,,UP,0.97,1.0,settlement,0.2892783505154646
TRAIN,fixed_97_to_99,270.0,,DOWN,0.97,1.0,settlement,0.2892783505154646
TRAIN,fixed_97_to_99,270.0,,UP,0.97,1.0,settlement,0.2892783505154646
TRAIN,fixed_97_to_99,270.0,,UP,0.97,1.0,settlement,0.2892783505154646
TRAIN,fixed_97_to_99,270.0,,DOWN,0.97,1.0,settlement,0.2892783505154646
TRAIN,fixed_97_to_99,270.0,,UP,0.97,0.0,settlement,-10.02
TRAIN,fixed_97_to_99,270.0,,DOWN,0.97,1.0,settlement,0.2892783505154646
TRAIN,fixed_97_to_99,270.0,,UP,0.97,1.0,settlement,0.2892783505154646
TRAIN,fixed_97_to_99,270.0,,DOWN,0.97,1.0,settlement,0.2892783505154646
TRAIN,fixed_97_to_99,270.0,,DOWN,0.97,1.0,settlement,0.2892783505154646
TRAIN,fixed_97_to_99,270.0,,DOWN,0.97,0.0,settlement,-10.02
TRAIN,fixed_97_to_99,270.0,,DOWN,0.97,1.0,settlement,0.2892783505154646
TRAIN,fixed_97_to_99,270.0,,DOWN,0.97,1.0,settlement,0.2892783505154646
TRAIN,fixed_97_to_99,270.0,,DOWN,0.97,1.0,settlement,0.2892783505154646
TRAIN,fixed_97_to_99,270.0,,UP,0.97,1.0,settlement,0.2892783505154646
TRAIN,fixed_97_to_99,270.0,,DOWN,0.97,1.0,settlement,0.2892783505154646
TRAIN,fixed_97_to_99,270.0,,DOWN,0.97,1.0,settlement,0.2892783505154646
TRAIN,fixed_97_to_99,270.0,,UP,0.97,1.0,settlement,0.2892783505154646
TRAIN,fixed_97_to_99,270.0,,DOWN,0.97,1.0,settlement,0.2892783505154646
TRAIN,fixed_97_to_99,270.0,,DOWN,0.97,1.0,settlement,0.2892783505154646
TRAIN,fixed_97_to_99,270.0,,DOWN,0.97,1.0,settlement,0.2892783505154646
TRAIN,fixed_97_to_99,270.0,,UP,0.97,1.0,settlement,0.2892783505154646
TRAIN,fixed_97_to_99,270.0,,DOWN,0.97,1.0,settlement,0.2892783505154646
TRAIN,fixed_97_to_99,270.0,,UP,0.97,0.0,settlement,-10.02
TRAIN,fixed_97_to_99,270.0,,UP,0.97,1.0,settlement,0.2892783505154646
TRAIN,fixed_97_to_99,270.0,,UP,0.97,1.0,settlement,0.2892783505154646
TRAIN,fixed_97_to_99,270.0,,UP,0.97,1.0,settlement,0.2892783505154646
TRAIN,fixed_97_to_99,270.0,,UP,0.97,1.0,settlement,0.2892783505154646
TRAIN,fixed_97_to_99,270.0,,DOWN,0.97,1.0,settlement,0.2892783505154646
TRAIN,fixed_97_to_99,270.0,,DOWN,0.97,1.0,settlement,0.2892783505154646
TRAIN,fixed_97_to_99,270.0,,DOWN,0.97,1.0,settlement,0.2892783505154646
TRAIN,fixed_97_to_99,270.0,,UP,0.97,1.0,settlement,0.2892783505154646
TRAIN,fixed_97_to_99,270.0,,UP,0.97,1.0,settlement,0.2892783505154646
TRAIN,fixed_97_to_99,270.0,,DOWN,0.97,1.0,settlement,0.2892783505154646
TRAIN,fixed_97_to_99,270.0,,UP,0.97,1.0,settlement,0.2892783505154646
TRAIN,fixed_97_to_99,270.0,,UP,0.97,1.0,settlement,0.2892783505154646
TRAIN,fixed_97_to_99,270.0,,UP,0.97,1.0,settlement,0.2892783505154646
TRAIN,fixed_97_to_99,270.0,,DOWN,0.97,1.0,settlement,0.2892783505154646
TRAIN,fixed_97_to_99,270.0,,UP,0.97,1.0,settlement,0.2892783505154646
TRAIN,fixed_97_to_99,270.0,,DOWN,0.97,1.0,settlement,0.2892783505154646
TRAIN,fixed_97_to_99,270.0,,UP,0.97,1.0,settlement,0.2892783505154646
TRAIN,fixed_97_to_99,270.0,,DOWN,0.97,1.0,settlement,0.2892783505154646
TRAIN,fixed_97_to_99,270.0,,DOWN,0.97,1.0,settlement,0.2892783505154646
TRAIN,fixed_97_to_99,270.0,,DOWN,0.97,1.0,settlement,0.2892783505154646
TRAIN,fixed_97_to_99,270.0,,UP,0.97,1.0,settlement,0.2892783505154646
TRAIN,fixed_97_to_99,270.0,,DOWN,0.97,1.0,settlement,0.2892783505154646
TRAIN,fixed_97_to_99,270.0,,DOWN,0.97,1.0,settlement,0.2892783505154646
TRAIN,fixed_97_to_99,270.0,,UP,0.97,1.0,settlement,0.2892783505154646
TRAIN,fixed_97_to_99,270.0,,DOWN,0.97,1.0,settlement,0.2892783505154646
TRAIN,fixed_97_to_99,270.0,,UP,0.97,1.0,settlement,0.2892783505154646
TRAIN,fixed_97_to_99,270.0,,UP,0.97,1.0,settlement,0.2892783505154646
TRAIN,fixed_97_to_99,270.0,,UP,0.97,1.0,settlement,0.2892783505154646
TRAIN,fixed_97_to_99,270.0,,UP,0.97,1.0,settlement,0.2892783505154646
TRAIN,fixed_97_to_99,270.0,,UP,0.97,1.0,settlement,0.2892783505154646
TRAIN,fixed_97_to_99,270.0,,DOWN,0.97,1.0,settlement,0.2892783505154646
TRAIN,fixed_97_to_99,270.0,,UP,0.97,1.0,settlement,0.2892783505154646
TRAIN,fixed_97_to_99,270.0,,UP,0.97,1.0,settlement,0.2892783505154646
TRAIN,fixed_97_to_99,270.0,,DOWN,0.97,1.0,settlement,0.2892783505154646
TRAIN,fixed_97_to_99,270.0,,UP,0.97,1.0,settlement,0.2892783505154646
TRAIN,fixed_97_to_99,270.0,,UP,0.97,1.0,settlement,0.2892783505154646
TRAIN,fixed_97_to_99,270.0,,UP,0.97,1.0,settlement,0.2892783505154646
TRAIN,fixed_97_to_99,270.0,,UP,0.97,1.0,settlement,0.2892783505154646
TRAIN,fixed_97_to_99,270.0,,DOWN,0.97,1.0,settlement,0.2892783505154646
TRAIN,fixed_97_to_99,270.0,,DOWN,0.97,1.0,settlement,0.2892783505154646
TRAIN,fixed_97_to_99,270.0,,UP,0.97,0.0,settlement,-10.02
TRAIN,fixed_97_to_99,270.0,,DOWN,0.97,0.0,settlement,-10.02
TRAIN,fixed_97_to_99,270.0,,UP,0.97,1.0,settlement,0.2892783505154646
TRAIN,fixed_97_to_99,270.0,,DOWN,0.97,1.0,settlement,0.2892783505154646
TRAIN,fixed_97_to_99,270.0,,DOWN,0.97,1.0,settlement,0.2892783505154646
TRAIN,fixed_97_to_99,270.0,,DOWN,0.97,1.0,settlement,0.2892783505154646
TRAIN,fixed_97_to_99,270.0,,DOWN,0.97,1.0,settlement,0.2892783505154646
TRAIN,fixed_97_to_99,270.0,,UP,0.97,1.0,settlement,0.2892783505154646
TRAIN,fixed_97_to_99,270.0,,DOWN,0.97,1.0,settlement,0.2892783505154646
TRAIN,fixed_97_to_99,270.0,,UP,0.97,1.0,settlement,0.2892783505154646
TRAIN,fixed_97_to_99,270.0,,DOWN,0.97,1.0,settlement,0.2892783505154646
TRAIN,fixed_97_to_99,270.0,,UP,0.97,1.0,settlement,0.2892783505154646
TRAIN,fixed_97_to_99,270.0,,DOWN,0.97,1.0,settlement,0.2892783505154646
TRAIN,fixed_97_to_99,270.0,,DOWN,0.97,1.0,settlement,0.2892783505154646
TRAIN,fixed_97_to_99,270.0,,UP,0.97,0.0,settlement,-10.02
TRAIN,fixed_97_to_99,270.0,,UP,0.97,1.0,settlement,0.2892783505154646
TRAIN,fixed_97_to_99,270.0,,DOWN,0.97,0.0,settlement,-10.02
TRAIN,fixed_97_to_99,270.0,,DOWN,0.97,1.0,settlement,0.2892783505154646
TRAIN,fixed_97_to_99,270.0,,DOWN,0.97,1.0,settlement,0.2892783505154646
TRAIN,fixed_97_to_99,270.0,,UP,0.97,0.0,settlement,-10.02
TRAIN,fixed_97_to_99,270.0,,UP,0.97,1.0,settlement,0.2892783505154646
TRAIN,fixed_97_to_99,270.0,,UP,0.97,1.0,settlement,0.2892783505154646
TRAIN,fixed_97_to_99,270.0,,UP,0.97,1.0,settlement,0.2892783505154646
TRAIN,fixed_97_to_99,270.0,,DOWN,0.97,1.0,settlement,0.2892783505154646
TRAIN,fixed_97_to_99,270.0,,UP,0.97,1.0,settlement,0.2892783505154646
TRAIN,fixed_97_to_99,270.0,,DOWN,0.97,1.0,settlement,0.2892783505154646
TRAIN,fixed_97_to_99,270.0,,DOWN,0.97,0.0,settlement,-10.02
TRAIN,fixed_97_to_99,270.0,,UP,0.97,1.0,settlement,0.2892783505154646
TRAIN,fixed_97_to_99,270.0,,UP,0.97,1.0,settlement,0.2892783505154646
TRAIN,fixed_97_to_99,270.0,,UP,0.97,1.0,settlement,0.2892783505154646
TRAIN,fixed_97_to_99,270.0,,DOWN,0.97,1.0,settlement,0.2892783505154646
TRAIN,fixed_97_to_99,270.0,,UP,0.97,1.0,settlement,0.2892783505154646
TRAIN,fixed_97_to_99,270.0,,DOWN,0.97,1.0,settlement,0.2892783505154646
TRAIN,fixed_97_to_99,270.0,,UP,0.97,1.0,settlement,0.2892783505154646
TRAIN,fixed_97_to_99,270.0,,DOWN,0.97,0.0,settlement,-10.02
TRAIN,fixed_97_to_99,270.0,,UP,0.97,1.0,settlement,0.2892783505154646
TRAIN,fixed_97_to_99,270.0,,DOWN,0.97,1.0,settlement,0.2892783505154646
TRAIN,fixed_97_to_99,270.0,,UP,0.97,1.0,settlement,0.2892783505154646
TRAIN,fixed_97_to_99,270.0,,DOWN,0.97,1.0,settlement,0.2892783505154646
TRAIN,fixed_97_to_99,270.0,,DOWN,0.97,1.0,settlement,0.2892783505154646
TRAIN,fixed_97_to_99,270.0,,UP,0.97,1.0,settlement,0.2892783505154646
TRAIN,fixed_97_to_99,270.0,,DOWN,0.97,1.0,settlement,0.2892783505154646
TRAIN,fixed_97_to_99,270.0,,DOWN,0.97,1.0,settlement,0.2892783505154646
TRAIN,fixed_97_to_99,270.0,,DOWN,0.97,1.0,settlement,0.2892783505154646
TRAIN,fixed_97_to_99,270.0,,UP,0.97,1.0,settlement,0.2892783505154646
TRAIN,fixed_97_to_99,270.0,,DOWN,0.97,1.0,settlement,0.2892783505154646
TRAIN,fixed_97_to_99,270.0,,DOWN,0.97,1.0,settlement,0.2892783505154646
TRAIN,fixed_97_to_99,270.0,,DOWN,0.97,1.0,settlement,0.2892783505154646
TRAIN,fixed_97_to_99,270.0,,DOWN,0.97,1.0,settlement,0.2892783505154646
TRAIN,fixed_97_to_99,270.0,,UP,0.97,1.0,settlement,0.2892783505154646
TRAIN,fixed_97_to_99,270.0,,UP,0.97,1.0,settlement,0.2892783505154646
TRAIN,fixed_97_to_99,270.0,,DOWN,0.97,1.0,settlement,0.2892783505154646
TRAIN,fixed_97_to_99,270.0,,DOWN,0.97,1.0,settlement,0.2892783505154646
TRAIN,fixed_97_to_99,270.0,,DOWN,0.97,1.0,settlement,0.2892783505154646
TRAIN,fixed_97_to_99,270.0,,UP,0.97,1.0,settlement,0.2892783505154646
TRAIN,fixed_97_to_99,270.0,,UP,0.97,1.0,settlement,0.2892783505154646
TRAIN,fixed_97_to_99,270.0,,DOWN,0.97,1.0,settlement,0.2892783505154646
TRAIN,fixed_97_to_99,270.0,,UP,0.97,1.0,settlement,0.2892783505154646
TRAIN,fixed_97_to_99,270.0,,UP,0.97,1.0,settlement,0.2892783505154646
TRAIN,fixed_97_to_99,270.0,,DOWN,0.97,1.0,settlement,0.2892783505154646
TRAIN,fixed_97_to_99,270.0,,UP,0.97,1.0,settlement,0.2892783505154646
TRAIN,fixed_97_to_99,270.0,,UP,0.97,1.0,settlement,0.2892783505154646
TRAIN,fixed_97_to_99,270.0,,UP,0.97,0.0,settlement,-10.02
TRAIN,fixed_97_to_99,270.0,,DOWN,0.97,1.0,settlement,0.2892783505154646
TRAIN,fixed_97_to_99,270.0,,UP,0.97,1.0,settlement,0.2892783505154646
TRAIN,fixed_97_to_99,270.0,,DOWN,0.97,1.0,settlement,0.2892783505154646
TRAIN,fixed_97_to_99,270.0,,UP,0.97,0.0,settlement,-10.02
TRAIN,fixed_97_to_99,270.0,,UP,0.97,1.0,settlement,0.2892783505154646
TRAIN,fixed_97_to_99,270.0,,DOWN,0.97,1.0,settlement,0.2892783505154646
TRAIN,fixed_97_to_99,270.0,,DOWN,0.97,1.0,settlement,0.2892783505154646
TRAIN,fixed_97_to_99,270.0,,DOWN,0.97,1.0,settlement,0.2892783505154646
TRAIN,fixed_97_to_99,270.0,,DOWN,0.97,1.0,settlement,0.2892783505154646
TRAIN,fixed_97_to_99,270.0,,DOWN,0.97,1.0,settlement,0.2892783505154646
TRAIN,fixed_97_to_99,270.0,,UP,0.97,1.0,settlement,0.2892783505154646
TRAIN,fixed_97_to_99,270.0,,DOWN,0.97,1.0,settlement,0.2892783505154646
TRAIN,fixed_97_to_99,270.0,,UP,0.97,0.0,settlement,-10.02
TRAIN,fixed_97_to_99,270.0,,UP,0.97,1.0,settlement,0.2892783505154646
TRAIN,fixed_97_to_99,270.0,,DOWN,0.97,1.0,settlement,0.2892783505154646
TRAIN,fixed_97_to_99,270.0,,UP,0.97,1.0,settlement,0.2892783505154646
TRAIN,fixed_97_to_99,270.0,,DOWN,0.97,1.0,settlement,0.2892783505154646
TRAIN,fixed_97_to_99,270.0,,UP,0.97,1.0,settlement,0.2892783505154646
TRAIN,fixed_97_to_99,270.0,,DOWN,0.97,1.0,settlement,0.2892783505154646
TRAIN,fixed_97_to_99,270.0,,DOWN,0.97,1.0,settlement,0.2892783505154646
TRAIN,fixed_97_to_99,270.0,,UP,0.97,1.0,settlement,0.2892783505154646
TRAIN,fixed_97_to_99,270.0,,UP,0.97,1.0,settlement,0.2892783505154646
TRAIN,fixed_97_to_99,270.0,,DOWN,0.97,1.0,settlement,0.2892783505154646
TRAIN,fixed_97_to_99,270.0,,UP,0.97,1.0,settlement,0.2892783505154646
TRAIN,fixed_97_to_99,270.0,,UP,0.97,1.0,settlement,0.2892783505154646
TRAIN,fixed_97_to_99,270.0,,DOWN,0.97,1.0,settlement,0.2892783505154646
TRAIN,fixed_97_to_99,270.0,,UP,0.97,1.0,settlement,0.2892783505154646
TRAIN,fixed_97_to_99,270.0,,DOWN,0.97,1.0,settlement,0.2892783505154646
TRAIN,fixed_97_to_99,270.0,,UP,0.97,1.0,settlement,0.2892783505154646
TRAIN,fixed_97_to_99,270.0,,UP,0.97,1.0,settlement,0.2892783505154646
TRAIN,fixed_97_to_99,270.0,,UP,0.97,1.0,settlement,0.2892783505154646
TRAIN,fixed_97_to_99,270.0,,UP,0.97,1.0,settlement,0.2892783505154646
TRAIN,fixed_97_to_99,270.0,,UP,0.97,1.0,settlement,0.2892783505154646
TRAIN,fixed_97_to_99,270.0,,DOWN,0.97,1.0,settlement,0.2892783505154646
TRAIN,fixed_97_to_99,270.0,,UP,0.97,1.0,settlement,0.2892783505154646
TRAIN,fixed_97_to_99,270.0,,UP,0.97,1.0,settlement,0.2892783505154646
TRAIN,fixed_97_to_99,270.0,,DOWN,0.97,0.0,settlement,-10.02
TRAIN,fixed_97_to_99,270.0,,DOWN,0.97,1.0,settlement,0.2892783505154646
TRAIN,fixed_97_to_99,270.0,,UP,0.97,1.0,settlement,0.2892783505154646
TRAIN,fixed_97_to_99,270.0,,UP,0.97,1.0,settlement,0.2892783505154646
TRAIN,fixed_97_to_99,270.0,,DOWN,0.97,1.0,settlement,0.2892783505154646
TRAIN,fixed_97_to_99,270.0,,DOWN,0.97,1.0,settlement,0.2892783505154646
TRAIN,fixed_97_to_99,270.0,,UP,0.97,1.0,settlement,0.2892783505154646
TRAIN,fixed_97_to_99,270.0,,DOWN,0.97,1.0,settlement,0.2892783505154646
TRAIN,fixed_97_to_99,270.0,,DOWN,0.97,1.0,settlement,0.2892783505154646
TRAIN,fixed_97_to_99,270.0,,UP,0.97,1.0,settlement,0.2892783505154646
TRAIN,fixed_97_to_99,270.0,,UP,0.97,1.0,settlement,0.2892783505154646
TRAIN,fixed_97_to_99,270.0,,UP,0.97,1.0,settlement,0.2892783505154646
TRAIN,fixed_97_to_99,270.0,,UP,0.97,1.0,settlement,0.2892783505154646
TRAIN,fixed_97_to_99,270.0,,DOWN,0.97,1.0,settlement,0.2892783505154646
TRAIN,fixed_97_to_99,270.0,,DOWN,0.97,1.0,settlement,0.2892783505154646
TRAIN,fixed_97_to_99,270.0,,UP,0.97,1.0,settlement,0.2892783505154646
TRAIN,fixed_97_to_99,270.0,,UP,0.97,0.0,settlement,-10.02
TRAIN,fixed_97_to_99,270.0,,DOWN,0.97,1.0,settlement,0.2892783505154646
TRAIN,fixed_97_to_99,270.0,,UP,0.97,1.0,settlement,0.2892783505154646
TRAIN,fixed_97_to_99,270.0,,UP,0.97,1.0,settlement,0.2892783505154646
TRAIN,fixed_97_to_99,270.0,,UP,0.97,1.0,settlement,0.2892783505154646
TRAIN,fixed_97_to_99,270.0,,UP,0.97,1.0,settlement,0.2892783505154646
TRAIN,fixed_97_to_99,270.0,,DOWN,0.97,1.0,settlement,0.2892783505154646
TRAIN,fixed_97_to_99,270.0,,UP,0.97,1.0,settlement,0.2892783505154646
TRAIN,fixed_97_to_99,270.0,,DOWN,0.97,1.0,settlement,0.2892783505154646
TRAIN,fixed_97_to_99,270.0,,DOWN,0.97,1.0,settlement,0.2892783505154646
TRAIN,fixed_97_to_99,270.0,,UP,0.97,1.0,settlement,0.2892783505154646
TRAIN,fixed_97_to_99,270.0,,DOWN,0.97,1.0,settlement,0.2892783505154646
TRAIN,fixed_97_to_99,270.0,,DOWN,0.97,1.0,settlement,0.2892783505154646
TRAIN,fixed_97_to_99,270.0,,UP,0.97,1.0,settlement,0.2892783505154646
TRAIN,fixed_97_to_99,270.0,,DOWN,0.97,1.0,settlement,0.2892783505154646
TRAIN,fixed_97_to_99,270.0,,DOWN,0.97,1.0,settlement,0.2892783505154646
TRAIN,fixed_97_to_99,270.0,,DOWN,0.97,1.0,settlement,0.2892783505154646
TRAIN,fixed_97_to_99,270.0,,UP,0.97,0.0,settlement,-10.02
TRAIN,fixed_97_to_99,270.0,,DOWN,0.97,1.0,settlement,0.2892783505154646
TRAIN,fixed_97_to_99,270.0,,DOWN,0.97,1.0,settlement,0.2892783505154646
TRAIN,fixed_97_to_99,270.0,,DOWN,0.97,1.0,settlement,0.2892783505154646
TRAIN,fixed_97_to_99,270.0,,DOWN,0.97,1.0,settlement,0.2892783505154646
TRAIN,fixed_97_to_99,270.0,,UP,0.97,1.0,settlement,0.2892783505154646
TRAIN,fixed_97_to_99,270.0,,DOWN,0.97,1.0,settlement,0.2892783505154646
TRAIN,fixed_97_to_99,270.0,,UP,0.97,1.0,settlement,0.2892783505154646
TRAIN,fixed_97_to_99,270.0,,UP,0.97,1.0,settlement,0.2892783505154646
TRAIN,fixed_97_to_99,270.0,,DOWN,0.97,1.0,settlement,0.2892783505154646
TRAIN,fixed_97_to_99,270.0,,UP,0.97,1.0,settlement,0.2892783505154646
TRAIN,fixed_97_to_99,270.0,,UP,0.97,0.0,settlement,-10.02
TRAIN,fixed_97_to_99,270.0,,DOWN,0.97,1.0,settlement,0.2892783505154646
TRAIN,fixed_97_to_99,270.0,,UP,0.97,1.0,settlement,0.2892783505154646
TRAIN,fixed_97_to_99,270.0,,UP,0.97,1.0,settlement,0.2892783505154646
TRAIN,fixed_97_to_99,270.0,,DOWN,0.97,1.0,settlement,0.2892783505154646
TRAIN,fixed_97_to_99,270.0,,DOWN,0.97,1.0,settlement,0.2892783505154646
TRAIN,fixed_97_to_99,270.0,,DOWN,0.97,1.0,settlement,0.2892783505154646
TRAIN,fixed_97_to_99,270.0,,UP,0.97,1.0,settlement,0.2892783505154646
TRAIN,fixed_97_to_99,270.0,,UP,0.97,1.0,settlement,0.2892783505154646
TRAIN,fixed_97_to_99,270.0,,UP,0.97,1.0,settlement,0.2892783505154646
TRAIN,fixed_97_to_99,270.0,,UP,0.97,1.0,settlement,0.2892783505154646
TRAIN,fixed_97_to_99,270.0,,UP,0.97,0.0,settlement,-10.02
TRAIN,fixed_97_to_99,270.0,,UP,0.97,1.0,settlement,0.2892783505154646
TRAIN,fixed_97_to_99,270.0,,DOWN,0.97,1.0,settlement,0.2892783505154646
TRAIN,fixed_97_to_99,270.0,,DOWN,0.97,1.0,settlement,0.2892783505154646
TRAIN,fixed_97_to_99,270.0,,DOWN,0.97,1.0,settlement,0.2892783505154646
TRAIN,fixed_97_to_99,270.0,,DOWN,0.97,0.0,settlement,-10.02
TRAIN,fixed_97_to_99,270.0,,DOWN,0.97,1.0,settlement,0.2892783505154646
TRAIN,fixed_97_to_99,270.0,,DOWN,0.97,1.0,settlement,0.2892783505154646
TRAIN,fixed_97_to_99,270.0,,UP,0.97,1.0,settlement,0.2892783505154646
TRAIN,fixed_97_to_99,270.0,,UP,0.97,1.0,settlement,0.2892783505154646
TRAIN,fixed_97_to_99,270.0,,UP,0.97,1.0,settlement,0.2892783505154646
TRAIN,fixed_97_to_99,270.0,,DOWN,0.97,1.0,settlement,0.2892783505154646
TRAIN,fixed_97_to_99,270.0,,DOWN,0.97,1.0,settlement,0.2892783505154646
TRAIN,fixed_97_to_99,270.0,,DOWN,0.97,1.0,settlement,0.2892783505154646
TRAIN,fixed_97_to_99,270.0,,DOWN,0.97,1.0,settlement,0.2892783505154646
TRAIN,fixed_97_to_99,270.0,,DOWN,0.97,1.0,settlement,0.2892783505154646
TRAIN,fixed_97_to_99,270.0,,UP,0.97,0.0,settlement,-10.02
TRAIN,fixed_97_to_99,270.0,,DOWN,0.97,1.0,settlement,0.2892783505154646
TRAIN,fixed_97_to_99,270.0,,DOWN,0.97,1.0,settlement,0.2892783505154646
TRAIN,fixed_97_to_99,270.0,,UP,0.97,1.0,settlement,0.2892783505154646
TRAIN,fixed_97_to_99,270.0,,DOWN,0.97,1.0,settlement,0.2892783505154646
TRAIN,fixed_97_to_99,270.0,,UP,0.97,1.0,settlement,0.2892783505154646
TRAIN,fixed_97_to_99,270.0,,UP,0.97,1.0,settlement,0.2892783505154646
TRAIN,fixed_97_to_99,270.0,,DOWN,0.97,1.0,settlement,0.2892783505154646
TRAIN,fixed_97_to_99,270.0,,UP,0.97,1.0,settlement,0.2892783505154646
TRAIN,fixed_97_to_99,270.0,,UP,0.97,1.0,settlement,0.2892783505154646
TRAIN,fixed_97_to_99,270.0,,DOWN,0.97,1.0,settlement,0.2892783505154646
TRAIN,fixed_97_to_99,270.0,,DOWN,0.97,1.0,settlement,0.2892783505154646
TRAIN,fixed_97_to_99,270.0,,DOWN,0.97,1.0,settlement,0.2892783505154646
TRAIN,fixed_97_to_99,270.0,,DOWN,0.97,1.0,settlement,0.2892783505154646
TRAIN,fixed_97_to_99,270.0,,UP,0.97,1.0,settlement,0.2892783505154646
TRAIN,fixed_97_to_99,270.0,,DOWN,0.97,1.0,settlement,0.2892783505154646
TRAIN,fixed_97_to_99,270.0,,DOWN,0.97,1.0,settlement,0.2892783505154646
TRAIN,fixed_97_to_99,270.0,,UP,0.97,1.0,settlement,0.2892783505154646
TRAIN,fixed_97_to_99,270.0,,UP,0.97,1.0,settlement,0.2892783505154646
TRAIN,fixed_97_to_99,270.0,,DOWN,0.97,1.0,settlement,0.2892783505154646
TRAIN,fixed_97_to_99,270.0,,DOWN,0.97,1.0,settlement,0.2892783505154646
TRAIN,fixed_97_to_99,270.0,,UP,0.97,1.0,settlement,0.2892783505154646
TRAIN,fixed_97_to_99,270.0,,UP,0.97,1.0,settlement,0.2892783505154646
TRAIN,fixed_97_to_99,270.0,,UP,0.97,1.0,settlement,0.2892783505154646
TRAIN,fixed_97_to_99,270.0,,UP,0.97,1.0,settlement,0.2892783505154646
TRAIN,fixed_97_to_99,270.0,,DOWN,0.97,1.0,settlement,0.2892783505154646
TRAIN,fixed_97_to_99,270.0,,UP,0.97,1.0,settlement,0.2892783505154646
TRAIN,fixed_97_to_99,270.0,,UP,0.97,1.0,settlement,0.2892783505154646
TRAIN,fixed_97_to_99,270.0,,UP,0.97,1.0,settlement,0.2892783505154646
TRAIN,fixed_97_to_99,270.0,,UP,0.97,1.0,settlement,0.2892783505154646
TRAIN,fixed_97_to_99,270.0,,DOWN,0.97,1.0,settlement,0.2892783505154646
TRAIN,fixed_97_to_99,270.0,,UP,0.97,1.0,settlement,0.2892783505154646
TRAIN,fixed_97_to_99,270.0,,UP,0.97,1.0,settlement,0.2892783505154646
TRAIN,fixed_97_to_99,270.0,,UP,0.97,1.0,settlement,0.2892783505154646
TRAIN,fixed_97_to_99,270.0,,DOWN,0.97,1.0,settlement,0.2892783505154646
TRAIN,fixed_97_to_99,270.0,,UP,0.97,1.0,settlement,0.2892783505154646
TRAIN,fixed_97_to_99,270.0,,UP,0.97,1.0,settlement,0.2892783505154646
TRAIN,fixed_97_to_99,270.0,,DOWN,0.97,1.0,settlement,0.2892783505154646
TRAIN,fixed_97_to_99,270.0,,DOWN,0.97,0.0,settlement,-10.02
TRAIN,fixed_97_to_99,270.0,,UP,0.97,1.0,settlement,0.2892783505154646
TRAIN,fixed_97_to_99,270.0,,DOWN,0.97,1.0,settlement,0.2892783505154646
TRAIN,fixed_97_to_99,270.0,,DOWN,0.97,1.0,settlement,0.2892783505154646
TRAIN,fixed_97_to_99,270.0,,UP,0.97,1.0,settlement,0.2892783505154646
TRAIN,fixed_97_to_99,270.0,,DOWN,0.97,1.0,settlement,0.2892783505154646
TRAIN,fixed_97_to_99,270.0,,UP,0.97,1.0,settlement,0.2892783505154646
TRAIN,fixed_97_to_99,270.0,,UP,0.97,1.0,settlement,0.2892783505154646
TRAIN,fixed_97_to_99,270.0,,DOWN,0.97,1.0,settlement,0.2892783505154646
TRAIN,fixed_97_to_99,270.0,,UP,0.97,1.0,settlement,0.2892783505154646
TRAIN,fixed_97_to_99,270.0,,UP,0.97,1.0,settlement,0.2892783505154646
TRAIN,fixed_97_to_99,270.0,,UP,0.97,0.0,settlement,-10.02
TRAIN,fixed_97_to_99,270.0,,UP,0.97,1.0,settlement,0.2892783505154646
TRAIN,fixed_97_to_99,270.0,,DOWN,0.97,1.0,settlement,0.2892783505154646
TRAIN,fixed_97_to_99,270.0,,UP,0.97,0.0,settlement,-10.02
TRAIN,fixed_97_to_99,270.0,,DOWN,0.97,1.0,settlement,0.2892783505154646
TRAIN,fixed_97_to_99,270.0,,UP,0.97,1.0,settlement,0.2892783505154646
TRAIN,fixed_97_to_99,270.0,,UP,0.97,1.0,settlement,0.2892783505154646
TRAIN,fixed_97_to_99,270.0,,UP,0.97,1.0,settlement,0.2892783505154646
TRAIN,fixed_97_to_99,270.0,,UP,0.97,1.0,settlement,0.2892783505154646
TRAIN,fixed_97_to_99,270.0,,DOWN,0.97,1.0,settlement,0.2892783505154646
TRAIN,fixed_97_to_99,270.0,,UP,0.97,1.0,settlement,0.2892783505154646
TRAIN,fixed_97_to_99,270.0,,DOWN,0.97,1.0,settlement,0.2892783505154646
TRAIN,fixed_97_to_99,270.0,,DOWN,0.97,1.0,settlement,0.2892783505154646
TRAIN,fixed_97_to_99,270.0,,UP,0.97,1.0,settlement,0.2892783505154646
TRAIN,fixed_97_to_99,270.0,,UP,0.97,1.0,settlement,0.2892783505154646
TRAIN,fixed_97_to_99,270.0,,UP,0.97,1.0,settlement,0.2892783505154646
TRAIN,fixed_97_to_99,270.0,,UP,0.97,1.0,settlement,0.2892783505154646
TRAIN,fixed_97_to_99,270.0,,DOWN,0.97,1.0,settlement,0.2892783505154646
TRAIN,fixed_97_to_99,270.0,,DOWN,0.97,1.0,settlement,0.2892783505154646
TRAIN,fixed_97_to_99,270.0,,DOWN,0.97,1.0,settlement,0.2892783505154646
TRAIN,fixed_97_to_99,270.0,,DOWN,0.97,1.0,settlement,0.2892783505154646
TRAIN,fixed_97_to_99,270.0,,DOWN,0.97,1.0,settlement,0.2892783505154646
TRAIN,fixed_97_to_99,270.0,,DOWN,0.97,0.0,settlement,-10.02
TRAIN,fixed_97_to_99,270.0,,DOWN,0.97,1.0,settlement,0.2892783505154646
TRAIN,fixed_97_to_99,270.0,,UP,0.97,1.0,settlement,0.2892783505154646
TRAIN,fixed_97_to_99,270.0,,DOWN,0.97,1.0,settlement,0.2892783505154646
TRAIN,fixed_97_to_99,270.0,,DOWN,0.97,1.0,settlement,0.2892783505154646
TRAIN,fixed_97_to_99,270.0,,UP,0.97,1.0,settlement,0.2892783505154646
TRAIN,fixed_97_to_99,270.0,,DOWN,0.97,1.0,settlement,0.2892783505154646
TRAIN,fixed_97_to_99,270.0,,DOWN,0.97,1.0,settlement,0.2892783505154646
TRAIN,fixed_97_to_99,270.0,,UP,0.97,1.0,settlement,0.2892783505154646
TRAIN,fixed_97_to_99,270.0,,UP,0.97,1.0,settlement,0.2892783505154646
TRAIN,fixed_97_to_99,270.0,,DOWN,0.97,1.0,settlement,0.2892783505154646
TRAIN,fixed_97_to_99,270.0,,UP,0.97,1.0,settlement,0.2892783505154646
TRAIN,fixed_97_to_99,270.0,,UP,0.97,1.0,settlement,0.2892783505154646
TRAIN,fixed_97_to_99,270.0,,DOWN,0.97,1.0,settlement,0.2892783505154646
TRAIN,fixed_97_to_99,270.0,,DOWN,0.97,1.0,settlement,0.2892783505154646
TRAIN,fixed_97_to_99,270.0,,UP,0.97,1.0,settlement,0.2892783505154646
TRAIN,fixed_97_to_99,270.0,,UP,0.97,1.0,settlement,0.2892783505154646
TRAIN,fixed_97_to_99,270.0,,DOWN,0.97,1.0,settlement,0.2892783505154646
TRAIN,fixed_97_to_99,270.0,,DOWN,0.97,1.0,settlement,0.2892783505154646
TRAIN,fixed_97_to_99,270.0,,DOWN,0.97,0.0,settlement,-10.02
TRAIN,fixed_97_to_99,270.0,,DOWN,0.97,1.0,settlement,0.2892783505154646
TRAIN,fixed_97_to_99,270.0,,DOWN,0.97,0.0,settlement,-10.02
TRAIN,fixed_97_to_99,270.0,,UP,0.97,1.0,settlement,0.2892783505154646
TRAIN,fixed_97_to_99,270.0,,DOWN,0.97,1.0,settlement,0.2892783505154646
TRAIN,fixed_97_to_99,270.0,,UP,0.97,1.0,settlement,0.2892783505154646
TRAIN,fixed_97_to_99,270.0,,DOWN,0.97,1.0,settlement,0.2892783505154646
TRAIN,fixed_97_to_99,270.0,,DOWN,0.97,1.0,settlement,0.2892783505154646
TRAIN,fixed_97_to_99,270.0,,UP,0.97,1.0,settlement,0.2892783505154646
TRAIN,fixed_97_to_99,270.0,,UP,0.97,1.0,settlement,0.2892783505154646
TRAIN,fixed_97_to_99,270.0,,UP,0.97,1.0,settlement,0.2892783505154646
TRAIN,fixed_97_to_99,270.0,,DOWN,0.97,1.0,settlement,0.2892783505154646
TRAIN,fixed_97_to_99,270.0,,UP,0.97,1.0,settlement,0.2892783505154646
TRAIN,fixed_97_to_99,270.0,,DOWN,0.97,1.0,settlement,0.2892783505154646
TRAIN,fixed_97_to_99,270.0,,UP,0.97,1.0,settlement,0.2892783505154646
TRAIN,fixed_97_to_99,270.0,,DOWN,0.97,1.0,settlement,0.2892783505154646
TRAIN,fixed_97_to_99,270.0,,DOWN,0.97,1.0,settlement,0.2892783505154646
TRAIN,fixed_97_to_99,270.0,,UP,0.97,0.0,settlement,-10.02
TRAIN,fixed_97_to_99,270.0,,DOWN,0.97,1.0,settlement,0.2892783505154646
TRAIN,fixed_97_to_99,270.0,,DOWN,0.97,1.0,settlement,0.2892783505154646
TRAIN,fixed_97_to_99,270.0,,UP,0.97,0.0,settlement,-10.02
TRAIN,fixed_97_to_99,270.0,,DOWN,0.97,1.0,settlement,0.2892783505154646
TRAIN,fixed_97_to_99,270.0,,UP,0.97,1.0,settlement,0.2892783505154646
TRAIN,fixed_97_to_99,270.0,,DOWN,0.97,1.0,settlement,0.2892783505154646
TRAIN,fixed_97_to_99,270.0,,UP,0.97,1.0,settlement,0.2892783505154646
TRAIN,fixed_97_to_99,270.0,,UP,0.97,1.0,settlement,0.2892783505154646
TRAIN,fixed_97_to_99,270.0,,DOWN,0.97,1.0,settlement,0.2892783505154646
TRAIN,fixed_97_to_99,270.0,,DOWN,0.97,1.0,settlement,0.2892783505154646
TRAIN,fixed_97_to_99,270.0,,UP,0.97,1.0,settlement,0.2892783505154646
TRAIN,fixed_97_to_99,270.0,,UP,0.97,1.0,settlement,0.2892783505154646
TRAIN,fixed_97_to_99,270.0,,UP,0.97,1.0,settlement,0.2892783505154646
TRAIN,fixed_97_to_99,270.0,,UP,0.97,1.0,settlement,0.2892783505154646
TRAIN,fixed_97_to_99,270.0,,DOWN,0.97,1.0,settlement,0.2892783505154646
TRAIN,fixed_97_to_99,270.0,,DOWN,0.97,1.0,settlement,0.2892783505154646
TRAIN,fixed_97_to_99,270.0,,UP,0.97,1.0,settlement,0.2892783505154646
TRAIN,fixed_97_to_99,270.0,,DOWN,0.97,1.0,settlement,0.2892783505154646
TRAIN,fixed_97_to_99,270.0,,DOWN,0.97,1.0,settlement,0.2892783505154646
TRAIN,fixed_97_to_99,270.0,,UP,0.97,1.0,settlement,0.2892783505154646
TRAIN,fixed_97_to_99,270.0,,UP,0.97,1.0,settlement,0.2892783505154646
TRAIN,fixed_97_to_99,270.0,,DOWN,0.97,1.0,settlement,0.2892783505154646
TRAIN,fixed_97_to_99,270.0,,DOWN,0.97,1.0,settlement,0.2892783505154646
TRAIN,fixed_97_to_99,270.0,,UP,0.97,1.0,settlement,0.2892783505154646
TRAIN,fixed_97_to_99,270.0,,UP,0.97,0.0,settlement,-10.02
TRAIN,fixed_97_to_99,270.0,,UP,0.97,1.0,settlement,0.2892783505154646
TRAIN,fixed_97_to_99,270.0,,DOWN,0.97,1.0,settlement,0.2892783505154646
TRAIN,fixed_97_to_99,270.0,,DOWN,0.97,1.0,settlement,0.2892783505154646
TRAIN,fixed_97_to_99,270.0,,DOWN,0.97,1.0,settlement,0.2892783505154646
TRAIN,fixed_97_to_99,270.0,,UP,0.97,1.0,settlement,0.2892783505154646
TRAIN,fixed_97_to_99,270.0,,DOWN,0.97,1.0,settlement,0.2892783505154646
TRAIN,fixed_97_to_99,270.0,,DOWN,0.97,0.0,settlement,-10.02
TRAIN,fixed_97_to_99,270.0,,DOWN,0.97,1.0,settlement,0.2892783505154646
TRAIN,fixed_97_to_99,270.0,,DOWN,0.97,1.0,settlement,0.2892783505154646
TRAIN,fixed_97_to_99,270.0,,DOWN,0.97,1.0,settlement,0.2892783505154646
TRAIN,fixed_97_to_99,270.0,,DOWN,0.97,0.0,settlement,-10.02
TRAIN,fixed_97_to_99,270.0,,UP,0.97,1.0,settlement,0.2892783505154646
TRAIN,fixed_97_to_99,270.0,,UP,0.97,1.0,settlement,0.2892783505154646
TRAIN,fixed_97_to_99,270.0,,DOWN,0.97,1.0,settlement,0.2892783505154646
TRAIN,fixed_97_to_99,270.0,,DOWN,0.97,0.0,settlement,-10.02
TRAIN,fixed_97_to_99,270.0,,DOWN,0.97,1.0,settlement,0.2892783505154646
TRAIN,fixed_97_to_99,270.0,,UP,0.97,1.0,settlement,0.2892783505154646
TRAIN,fixed_97_to_99,270.0,,DOWN,0.97,1.0,settlement,0.2892783505154646
TRAIN,fixed_97_to_99,270.0,,DOWN,0.97,0.0,settlement,-10.02
TRAIN,fixed_97_to_99,270.0,,UP,0.97,1.0,settlement,0.2892783505154646
TRAIN,fixed_97_to_99,270.0,,DOWN,0.97,1.0,settlement,0.2892783505154646
TRAIN,fixed_97_to_99,270.0,,DOWN,0.97,1.0,settlement,0.2892783505154646
TRAIN,fixed_97_to_99,270.0,,DOWN,0.97,1.0,settlement,0.2892783505154646
TRAIN,fixed_97_to_99,270.0,,UP,0.97,1.0,settlement,0.2892783505154646
TRAIN,fixed_97_to_99,270.0,,DOWN,0.97,1.0,settlement,0.2892783505154646
TRAIN,fixed_97_to_99,270.0,,UP,0.97,1.0,settlement,0.2892783505154646
TRAIN,fixed_97_to_99,270.0,,DOWN,0.97,0.0,settlement,-10.02
TRAIN,fixed_97_to_99,270.0,,DOWN,0.97,1.0,settlement,0.2892783505154646
TRAIN,fixed_97_to_99,270.0,,UP,0.97,1.0,settlement,0.2892783505154646
TRAIN,fixed_97_to_99,270.0,,UP,0.97,1.0,settlement,0.2892783505154646
TRAIN,fixed_97_to_99,270.0,,UP,0.97,0.0,settlement,-10.02
TRAIN,fixed_97_to_99,270.0,,DOWN,0.97,1.0,settlement,0.2892783505154646
TRAIN,fixed_97_to_99,270.0,,UP,0.97,1.0,settlement,0.2892783505154646
TRAIN,fixed_97_to_99,270.0,,UP,0.97,0.0,settlement,-10.02
TRAIN,fixed_97_to_99,270.0,,DOWN,0.97,1.0,settlement,0.2892783505154646
TRAIN,fixed_97_to_99,270.0,,UP,0.97,1.0,settlement,0.2892783505154646
TRAIN,fixed_97_to_99,270.0,,DOWN,0.97,1.0,settlement,0.2892783505154646
TRAIN,fixed_97_to_99,270.0,,DOWN,0.97,1.0,settlement,0.2892783505154646
TRAIN,fixed_97_to_99,270.0,,UP,0.97,1.0,settlement,0.2892783505154646
TRAIN,fixed_97_to_99,270.0,,UP,0.97,1.0,settlement,0.2892783505154646
TRAIN,fixed_97_to_99,270.0,,DOWN,0.97,1.0,settlement,0.2892783505154646
TRAIN,fixed_97_to_99,270.0,,DOWN,0.97,1.0,settlement,0.2892783505154646
TRAIN,fixed_97_to_99,270.0,,UP,0.97,1.0,settlement,0.2892783505154646
TRAIN,fixed_97_to_99,270.0,,DOWN,0.97,1.0,settlement,0.2892783505154646
TRAIN,fixed_97_to_99,270.0,,UP,0.97,1.0,settlement,0.2892783505154646
TRAIN,fixed_97_to_99,270.0,,UP,0.97,1.0,settlement,0.2892783505154646
TRAIN,fixed_97_to_99,270.0,,UP,0.97,1.0,settlement,0.2892783505154646
TRAIN,fixed_97_to_99,270.0,,UP,0.97,1.0,settlement,0.2892783505154646
TRAIN,fixed_97_to_99,270.0,,DOWN,0.97,1.0,settlement,0.2892783505154646
TRAIN,fixed_97_to_99,270.0,,UP,0.97,1.0,settlement,0.2892783505154646
TRAIN,fixed_97_to_99,270.0,,UP,0.97,1.0,settlement,0.2892783505154646
TRAIN,fixed_97_to_99,270.0,,DOWN,0.97,0.0,settlement,-10.02
TRAIN,fixed_97_to_99,270.0,,UP,0.97,1.0,settlement,0.2892783505154646
TRAIN,fixed_97_to_99,270.0,,DOWN,0.97,1.0,settlement,0.2892783505154646
TRAIN,fixed_97_to_99,270.0,,UP,0.97,1.0,settlement,0.2892783505154646
TRAIN,fixed_97_to_99,270.0,,DOWN,0.97,1.0,settlement,0.2892783505154646
TRAIN,fixed_97_to_99,270.0,,UP,0.97,1.0,settlement,0.2892783505154646
TRAIN,fixed_97_to_99,270.0,,DOWN,0.97,1.0,settlement,0.2892783505154646
TRAIN,fixed_97_to_99,270.0,,DOWN,0.97,1.0,settlement,0.2892783505154646
TRAIN,fixed_97_to_99,270.0,,DOWN,0.97,1.0,settlement,0.2892783505154646
TRAIN,fixed_97_to_99,270.0,,UP,0.97,1.0,settlement,0.2892783505154646
TRAIN,fixed_97_to_99,270.0,,DOWN,0.97,1.0,settlement,0.2892783505154646
TRAIN,fixed_97_to_99,270.0,,UP,0.97,1.0,settlement,0.2892783505154646
TRAIN,fixed_97_to_99,270.0,,DOWN,0.97,1.0,settlement,0.2892783505154646
TRAIN,fixed_97_to_99,270.0,,DOWN,0.97,1.0,settlement,0.2892783505154646
TRAIN,fixed_97_to_99,270.0,,DOWN,0.97,1.0,settlement,0.2892783505154646
TRAIN,fixed_97_to_99,270.0,,UP,0.97,1.0,settlement,0.2892783505154646
TRAIN,fixed_97_to_99,270.0,,DOWN,0.97,0.0,settlement,-10.02
TRAIN,fixed_97_to_99,270.0,,UP,0.97,1.0,settlement,0.2892783505154646
TRAIN,fixed_97_to_99,270.0,,UP,0.97,1.0,settlement,0.2892783505154646
TRAIN,fixed_97_to_99,270.0,,DOWN,0.97,1.0,settlement,0.2892783505154646
TRAIN,fixed_97_to_99,270.0,,UP,0.97,0.0,settlement,-10.02
TRAIN,fixed_97_to_99,270.0,,UP,0.97,1.0,settlement,0.2892783505154646
TRAIN,fixed_97_to_99,270.0,,UP,0.97,1.0,settlement,0.2892783505154646
TRAIN,fixed_97_to_99,270.0,,DOWN,0.97,1.0,settlement,0.2892783505154646
TRAIN,fixed_97_to_99,270.0,,DOWN,0.97,1.0,settlement,0.2892783505154646
TRAIN,fixed_97_to_99,270.0,,DOWN,0.97,1.0,settlement,0.2892783505154646
TRAIN,fixed_97_to_99,270.0,,UP,0.97,1.0,settlement,0.2892783505154646
TRAIN,fixed_97_to_99,270.0,,UP,0.97,1.0,settlement,0.2892783505154646
TRAIN,fixed_97_to_99,270.0,,UP,0.97,0.0,settlement,-10.02
TRAIN,fixed_97_to_99,270.0,,UP,0.97,1.0,settlement,0.2892783505154646
TRAIN,fixed_97_to_99,270.0,,DOWN,0.97,1.0,settlement,0.2892783505154646
TRAIN,fixed_97_to_99,270.0,,DOWN,0.97,1.0,settlement,0.2892783505154646
TRAIN,fixed_97_to_99,270.0,,UP,0.97,1.0,settlement,0.2892783505154646
TRAIN,fixed_97_to_99,270.0,,UP,0.97,0.0,settlement,-10.02
TRAIN,fixed_97_to_99,270.0,,UP,0.97,1.0,settlement,0.2892783505154646
TRAIN,fixed_97_to_99,270.0,,UP,0.97,1.0,settlement,0.2892783505154646
TRAIN,fixed_97_to_99,270.0,,DOWN,0.97,1.0,settlement,0.2892783505154646
TRAIN,fixed_97_to_99,270.0,,UP,0.97,0.0,settlement,-10.02
TRAIN,fixed_97_to_99,270.0,,DOWN,0.97,1.0,settlement,0.2892783505154646
TRAIN,fixed_97_to_99,270.0,,UP,0.97,1.0,settlement,0.2892783505154646
TRAIN,fixed_97_to_99,270.0,,UP,0.97,1.0,settlement,0.2892783505154646
TRAIN,fixed_97_to_99,270.0,,UP,0.97,1.0,settlement,0.2892783505154646
TRAIN,fixed_97_to_99,270.0,,DOWN,0.97,0.0,settlement,-10.02
TRAIN,fixed_97_to_99,270.0,,UP,0.97,0.0,settlement,-10.02
TRAIN,fixed_97_to_99,270.0,,UP,0.97,1.0,settlement,0.2892783505154646
TRAIN,fixed_97_to_99,270.0,,UP,0.97,1.0,settlement,0.2892783505154646
TRAIN,fixed_97_to_99,270.0,,UP,0.97,1.0,settlement,0.2892783505154646
TRAIN,fixed_97_to_99,270.0,,DOWN,0.97,1.0,settlement,0.2892783505154646
TRAIN,fixed_97_to_99,270.0,,UP,0.97,1.0,settlement,0.2892783505154646
TRAIN,fixed_97_to_99,270.0,,UP,0.97,0.0,settlement,-10.02
TRAIN,fixed_97_to_99,270.0,,UP,0.97,1.0,settlement,0.2892783505154646
TRAIN,fixed_97_to_99,270.0,,UP,0.97,1.0,settlement,0.2892783505154646
TRAIN,fixed_97_to_99,270.0,,UP,0.97,1.0,settlement,0.2892783505154646
TRAIN,fixed_97_to_99,270.0,,DOWN,0.97,1.0,settlement,0.2892783505154646
TRAIN,fixed_97_to_99,270.0,,DOWN,0.97,1.0,settlement,0.2892783505154646
TRAIN,fixed_97_to_99,270.0,,UP,0.97,1.0,settlement,0.2892783505154646
TRAIN,fixed_97_to_99,270.0,,DOWN,0.97,1.0,settlement,0.2892783505154646
TRAIN,fixed_97_to_99,270.0,,UP,0.97,1.0,settlement,0.2892783505154646
TRAIN,fixed_97_to_99,270.0,,UP,0.97,1.0,settlement,0.2892783505154646
TRAIN,fixed_97_to_99,270.0,,DOWN,0.97,1.0,settlement,0.2892783505154646
TRAIN,fixed_97_to_99,270.0,,DOWN,0.97,1.0,settlement,0.2892783505154646
TRAIN,fixed_97_to_99,270.0,,UP,0.97,1.0,settlement,0.2892783505154646
TRAIN,fixed_97_to_99,270.0,,DOWN,0.97,1.0,settlement,0.2892783505154646
TRAIN,fixed_97_to_99,270.0,,UP,0.97,1.0,settlement,0.2892783505154646
TRAIN,fixed_97_to_99,270.0,,DOWN,0.97,1.0,settlement,0.2892783505154646
TRAIN,fixed_97_to_99,270.0,,DOWN,0.97,1.0,settlement,0.2892783505154646
TRAIN,fixed_97_to_99,270.0,,UP,0.97,1.0,settlement,0.2892783505154646
TRAIN,fixed_97_to_99,270.0,,DOWN,0.97,1.0,settlement,0.2892783505154646
TRAIN,fixed_97_to_99,270.0,,UP,0.97,1.0,settlement,0.2892783505154646
TRAIN,fixed_97_to_99,270.0,,UP,0.97,0.0,settlement,-10.02
TRAIN,fixed_97_to_99,270.0,,DOWN,0.97,1.0,settlement,0.2892783505154646
TRAIN,fixed_97_to_99,270.0,,UP,0.97,1.0,settlement,0.2892783505154646
TRAIN,fixed_97_to_99,270.0,,UP,0.97,0.0,settlement,-10.02
TRAIN,fixed_97_to_99,270.0,,DOWN,0.97,1.0,settlement,0.2892783505154646
TRAIN,fixed_97_to_99,270.0,,UP,0.97,1.0,settlement,0.2892783505154646
TRAIN,fixed_97_to_99,270.0,,UP,0.97,1.0,settlement,0.2892783505154646
TRAIN,fixed_97_to_99,270.0,,UP,0.97,1.0,settlement,0.2892783505154646
TRAIN,fixed_97_to_99,270.0,,UP,0.97,1.0,settlement,0.2892783505154646
TRAIN,fixed_97_to_99,270.0,,DOWN,0.97,1.0,settlement,0.2892783505154646
TRAIN,fixed_97_to_99,270.0,,DOWN,0.97,1.0,settlement,0.2892783505154646
TRAIN,fixed_97_to_99,270.0,,UP,0.97,1.0,settlement,0.2892783505154646
TRAIN,fixed_97_to_99,270.0,,DOWN,0.97,1.0,settlement,0.2892783505154646
TRAIN,fixed_97_to_99,270.0,,UP,0.97,1.0,settlement,0.2892783505154646
TRAIN,fixed_97_to_99,270.0,,UP,0.97,1.0,settlement,0.2892783505154646
TRAIN,fixed_97_to_99,270.0,,UP,0.97,1.0,settlement,0.2892783505154646
TRAIN,fixed_97_to_99,270.0,,DOWN,0.97,1.0,settlement,0.2892783505154646
TRAIN,fixed_97_to_99,270.0,,UP,0.97,0.0,settlement,-10.02
TRAIN,fixed_97_to_99,270.0,,DOWN,0.97,1.0,settlement,0.2892783505154646
TRAIN,fixed_97_to_99,270.0,,DOWN,0.97,0.0,settlement,-10.02
TRAIN,fixed_97_to_99,270.0,,UP,0.97,1.0,settlement,0.2892783505154646
TRAIN,fixed_97_to_99,270.0,,UP,0.97,1.0,settlement,0.2892783505154646
TRAIN,fixed_97_to_99,270.0,,DOWN,0.97,0.0,settlement,-10.02
TRAIN,fixed_97_to_99,270.0,,UP,0.97,1.0,settlement,0.2892783505154646
TRAIN,fixed_97_to_99,270.0,,UP,0.97,1.0,settlement,0.2892783505154646
TRAIN,fixed_97_to_99,270.0,,DOWN,0.97,1.0,settlement,0.2892783505154646
TRAIN,fixed_97_to_99,270.0,,DOWN,0.97,0.0,settlement,-10.02
TRAIN,fixed_97_to_99,270.0,,UP,0.97,1.0,settlement,0.2892783505154646
TRAIN,fixed_97_to_99,270.0,,UP,0.97,1.0,settlement,0.2892783505154646
TRAIN,fixed_97_to_99,270.0,,UP,0.97,1.0,settlement,0.2892783505154646
TRAIN,fixed_97_to_99,270.0,,UP,0.97,1.0,settlement,0.2892783505154646
TRAIN,fixed_97_to_99,270.0,,UP,0.97,1.0,settlement,0.2892783505154646
TRAIN,fixed_97_to_99,270.0,,UP,0.97,1.0,settlement,0.2892783505154646
TRAIN,fixed_97_to_99,270.0,,UP,0.97,0.0,settlement,-10.02
TRAIN,fixed_97_to_99,270.0,,UP,0.97,1.0,settlement,0.2892783505154646
TRAIN,fixed_97_to_99,270.0,,DOWN,0.97,0.0,settlement,-10.02
TRAIN,fixed_97_to_99,270.0,,DOWN,0.97,1.0,settlement,0.2892783505154646
TRAIN,fixed_97_to_99,270.0,,UP,0.97,1.0,settlement,0.2892783505154646
TRAIN,fixed_97_to_99,270.0,,DOWN,0.97,1.0,settlement,0.2892783505154646
TRAIN,fixed_97_to_99,270.0,,DOWN,0.97,1.0,settlement,0.2892783505154646
TRAIN,fixed_97_to_99,270.0,,DOWN,0.97,1.0,settlement,0.2892783505154646
TRAIN,fixed_97_to_99,270.0,,UP,0.97,1.0,settlement,0.2892783505154646
TRAIN,fixed_97_to_99,270.0,,DOWN,0.97,1.0,settlement,0.2892783505154646
TRAIN,fixed_97_to_99,270.0,,DOWN,0.97,1.0,settlement,0.2892783505154646
TRAIN,fixed_97_to_99,270.0,,UP,0.97,1.0,settlement,0.2892783505154646
TRAIN,fixed_97_to_99,270.0,,DOWN,0.97,1.0,settlement,0.2892783505154646
TRAIN,fixed_97_to_99,270.0,,UP,0.97,1.0,settlement,0.2892783505154646
TRAIN,fixed_97_to_99,270.0,,DOWN,0.97,1.0,settlement,0.2892783505154646
TRAIN,fixed_97_to_99,270.0,,DOWN,0.97,1.0,settlement,0.2892783505154646
TRAIN,fixed_97_to_99,270.0,,UP,0.97,0.0,settlement,-10.02
TRAIN,fixed_97_to_99,270.0,,UP,0.97,1.0,settlement,0.2892783505154646
TRAIN,fixed_97_to_99,270.0,,UP,0.97,0.0,settlement,-10.02
TRAIN,fixed_97_to_99,270.0,,UP,0.97,1.0,settlement,0.2892783505154646
TRAIN,fixed_97_to_99,270.0,,DOWN,0.97,1.0,settlement,0.2892783505154646
TRAIN,fixed_97_to_99,270.0,,DOWN,0.97,1.0,settlement,0.2892783505154646
TRAIN,fixed_97_to_99,270.0,,DOWN,0.97,1.0,settlement,0.2892783505154646
TRAIN,fixed_97_to_99,270.0,,DOWN,0.97,1.0,settlement,0.2892783505154646
TRAIN,fixed_97_to_99,270.0,,DOWN,0.97,1.0,settlement,0.2892783505154646
TRAIN,fixed_97_to_99,270.0,,UP,0.97,1.0,settlement,0.2892783505154646
TRAIN,fixed_97_to_99,270.0,,DOWN,0.97,1.0,settlement,0.2892783505154646
TRAIN,fixed_97_to_99,270.0,,UP,0.97,1.0,settlement,0.2892783505154646
TRAIN,fixed_97_to_99,270.0,,UP,0.97,1.0,settlement,0.2892783505154646
TRAIN,fixed_97_to_99,270.0,,DOWN,0.97,0.0,settlement,-10.02
TRAIN,fixed_97_to_99,270.0,,DOWN,0.97,0.0,settlement,-10.02
TRAIN,fixed_97_to_99,270.0,,UP,0.97,1.0,settlement,0.2892783505154646
TRAIN,fixed_97_to_99,270.0,,UP,0.97,1.0,settlement,0.2892783505154646
TRAIN,fixed_97_to_99,270.0,,DOWN,0.97,1.0,settlement,0.2892783505154646
TRAIN,fixed_97_to_99,270.0,,DOWN,0.97,1.0,settlement,0.2892783505154646
TRAIN,fixed_97_to_99,270.0,,DOWN,0.97,1.0,settlement,0.2892783505154646
TRAIN,fixed_97_to_99,270.0,,UP,0.97,1.0,settlement,0.2892783505154646
TRAIN,fixed_97_to_99,270.0,,UP,0.97,1.0,settlement,0.2892783505154646
TRAIN,fixed_97_to_99,270.0,,UP,0.97,0.0,settlement,-10.02
TRAIN,fixed_97_to_99,270.0,,UP,0.97,1.0,settlement,0.2892783505154646
TRAIN,fixed_97_to_99,270.0,,UP,0.97,1.0,settlement,0.2892783505154646
TRAIN,fixed_97_to_99,270.0,,DOWN,0.97,1.0,settlement,0.2892783505154646
TRAIN,fixed_97_to_99,270.0,,DOWN,0.97,1.0,settlement,0.2892783505154646
TRAIN,fixed_97_to_99,270.0,,UP,0.97,1.0,settlement,0.2892783505154646
TRAIN,fixed_97_to_99,270.0,,DOWN,0.97,0.0,settlement,-10.02
TRAIN,fixed_97_to_99,270.0,,UP,0.97,0.0,settlement,-10.02
TRAIN,fixed_97_to_99,270.0,,DOWN,0.97,0.0,settlement,-10.02
TRAIN,fixed_97_to_99,270.0,,DOWN,0.97,1.0,settlement,0.2892783505154646
TRAIN,fixed_97_to_99,270.0,,DOWN,0.97,1.0,settlement,0.2892783505154646
TRAIN,fixed_97_to_99,270.0,,UP,0.97,1.0,settlement,0.2892783505154646
TRAIN,fixed_97_to_99,270.0,,UP,0.97,0.0,settlement,-10.02
TRAIN,fixed_97_to_99,270.0,,UP,0.97,1.0,settlement,0.2892783505154646
TRAIN,fixed_97_to_99,270.0,,UP,0.97,1.0,settlement,0.2892783505154646
TRAIN,fixed_97_to_99,270.0,,UP,0.97,1.0,settlement,0.2892783505154646
TRAIN,fixed_97_to_99,270.0,,UP,0.97,1.0,settlement,0.2892783505154646
TRAIN,fixed_97_to_99,270.0,,UP,0.97,1.0,settlement,0.2892783505154646
TRAIN,fixed_97_to_99,270.0,,UP,0.97,1.0,settlement,0.2892783505154646
TRAIN,fixed_97_to_99,270.0,,DOWN,0.97,0.0,settlement,-10.02
TRAIN,fixed_97_to_99,270.0,,DOWN,0.97,1.0,settlement,0.2892783505154646
TRAIN,fixed_97_to_99,270.0,,DOWN,0.97,0.0,settlement,-10.02
TRAIN,fixed_97_to_99,270.0,,UP,0.97,1.0,settlement,0.2892783505154646
TRAIN,fixed_97_to_99,270.0,,UP,0.97,1.0,settlement,0.2892783505154646
TRAIN,fixed_97_to_99,270.0,,DOWN,0.97,1.0,settlement,0.2892783505154646
TRAIN,fixed_97_to_99,270.0,,DOWN,0.97,1.0,settlement,0.2892783505154646
TRAIN,fixed_97_to_99,270.0,,UP,0.97,1.0,settlement,0.2892783505154646
TRAIN,fixed_97_to_99,270.0,,DOWN,0.97,1.0,settlement,0.2892783505154646
TRAIN,fixed_97_to_99,270.0,,DOWN,0.97,1.0,settlement,0.2892783505154646
TRAIN,fixed_97_to_99,270.0,,UP,0.97,1.0,settlement,0.2892783505154646
TRAIN,fixed_97_to_99,270.0,,DOWN,0.97,1.0,settlement,0.2892783505154646
TRAIN,fixed_97_to_99,270.0,,UP,0.97,1.0,settlement,0.2892783505154646
TRAIN,fixed_97_to_99,270.0,,DOWN,0.97,0.0,settlement,-10.02
TRAIN,fixed_97_to_99,270.0,,DOWN,0.97,0.0,settlement,-10.02
TRAIN,fixed_97_to_99,270.0,,DOWN,0.97,1.0,settlement,0.2892783505154646
TRAIN,fixed_97_to_99,270.0,,UP,0.97,1.0,settlement,0.2892783505154646
TRAIN,fixed_97_to_99,270.0,,UP,0.97,1.0,settlement,0.2892783505154646
TRAIN,fixed_97_to_99,270.0,,DOWN,0.97,1.0,settlement,0.2892783505154646
TRAIN,fixed_97_to_99,270.0,,DOWN,0.97,1.0,settlement,0.2892783505154646
TRAIN,fixed_97_to_99,270.0,,UP,0.97,1.0,settlement,0.2892783505154646
TRAIN,fixed_97_to_99,270.0,,UP,0.97,1.0,settlement,0.2892783505154646
TRAIN,fixed_97_to_99,270.0,,DOWN,0.97,0.0,settlement,-10.02
TRAIN,fixed_97_to_99,270.0,,DOWN,0.97,1.0,settlement,0.2892783505154646
TRAIN,fixed_97_to_99,270.0,,UP,0.97,1.0,settlement,0.2892783505154646
TRAIN,fixed_97_to_99,270.0,,DOWN,0.97,1.0,settlement,0.2892783505154646
TRAIN,fixed_97_to_99,270.0,,DOWN,0.97,1.0,settlement,0.2892783505154646
TRAIN,fixed_97_to_99,270.0,,DOWN,0.97,1.0,settlement,0.2892783505154646
TRAIN,fixed_97_to_99,270.0,,DOWN,0.97,1.0,settlement,0.2892783505154646
TRAIN,fixed_97_to_99,270.0,,UP,0.97,0.0,settlement,-10.02
TRAIN,fixed_97_to_99,270.0,,DOWN,0.97,1.0,settlement,0.2892783505154646
TRAIN,fixed_97_to_99,270.0,,DOWN,0.97,1.0,settlement,0.2892783505154646
TRAIN,fixed_97_to_99,270.0,,UP,0.97,0.0,settlement,-10.02
TRAIN,fixed_97_to_99,270.0,,UP,0.97,1.0,settlement,0.2892783505154646
TRAIN,fixed_97_to_99,270.0,,DOWN,0.97,1.0,settlement,0.2892783505154646
TRAIN,fixed_97_to_99,270.0,,DOWN,0.97,0.0,settlement,-10.02
TRAIN,fixed_97_to_99,270.0,,DOWN,0.97,0.0,settlement,-10.02
TRAIN,fixed_97_to_99,270.0,,DOWN,0.97,0.0,settlement,-10.02
TRAIN,fixed_97_to_99,270.0,,UP,0.97,1.0,settlement,0.2892783505154646
TRAIN,fixed_97_to_99,270.0,,UP,0.97,1.0,settlement,0.2892783505154646
TRAIN,fixed_97_to_99,270.0,,DOWN,0.97,1.0,settlement,0.2892783505154646
TRAIN,fixed_97_to_99,270.0,,DOWN,0.97,0.0,settlement,-10.02
TRAIN,fixed_97_to_99,270.0,,DOWN,0.97,1.0,settlement,0.2892783505154646
TRAIN,fixed_97_to_99,270.0,,DOWN,0.97,0.0,settlement,-10.02
TRAIN,fixed_97_to_99,270.0,,DOWN,0.97,0.0,settlement,-10.02
TRAIN,fixed_97_to_99,270.0,,DOWN,0.97,1.0,settlement,0.2892783505154646
TRAIN,fixed_97_to_99,270.0,,DOWN,0.97,1.0,settlement,0.2892783505154646
TRAIN,fixed_97_to_99,270.0,,UP,0.97,1.0,settlement,0.2892783505154646
TRAIN,fixed_97_to_99,270.0,,DOWN,0.97,1.0,settlement,0.2892783505154646
TRAIN,fixed_97_to_99,270.0,,UP,0.97,1.0,settlement,0.2892783505154646
TRAIN,fixed_97_to_99,270.0,,UP,0.97,0.0,settlement,-10.02
TRAIN,fixed_97_to_99,270.0,,UP,0.97,1.0,settlement,0.2892783505154646
TRAIN,fixed_97_to_99,270.0,,DOWN,0.97,1.0,settlement,0.2892783505154646
TRAIN,fixed_97_to_99,270.0,,DOWN,0.97,1.0,settlement,0.2892783505154646
TRAIN,fixed_97_to_99,270.0,,UP,0.97,1.0,settlement,0.2892783505154646
TRAIN,fixed_97_to_99,270.0,,UP,0.97,1.0,settlement,0.2892783505154646
TRAIN,fixed_97_to_99,270.0,,UP,0.97,1.0,settlement,0.2892783505154646
TRAIN,fixed_97_to_99,270.0,,UP,0.97,0.0,settlement,-10.02
TRAIN,fixed_97_to_99,270.0,,UP,0.97,1.0,settlement,0.2892783505154646
TRAIN,fixed_97_to_99,270.0,,UP,0.97,0.0,settlement,-10.02
TRAIN,fixed_97_to_99,270.0,,UP,0.97,1.0,settlement,0.2892783505154646
TRAIN,fixed_97_to_99,270.0,,UP,0.97,0.0,settlement,-10.02
TRAIN,fixed_97_to_99,270.0,,UP,0.97,1.0,settlement,0.2892783505154646
TRAIN,fixed_97_to_99,270.0,,DOWN,0.97,1.0,settlement,0.2892783505154646
TRAIN,fixed_97_to_99,270.0,,DOWN,0.97,1.0,settlement,0.2892783505154646
TRAIN,fixed_97_to_99,270.0,,UP,0.97,1.0,settlement,0.2892783505154646
TRAIN,fixed_97_to_99,270.0,,DOWN,0.97,1.0,settlement,0.2892783505154646
TRAIN,fixed_97_to_99,270.0,,DOWN,0.97,1.0,settlement,0.2892783505154646
TRAIN,fixed_97_to_99,270.0,,UP,0.97,1.0,settlement,0.2892783505154646
TRAIN,fixed_97_to_99,270.0,,UP,0.97,1.0,settlement,0.2892783505154646
TRAIN,fixed_97_to_99,270.0,,DOWN,0.97,1.0,settlement,0.2892783505154646
TRAIN,fixed_97_to_99,270.0,,DOWN,0.97,0.0,settlement,-10.02
TRAIN,fixed_97_to_99,270.0,,UP,0.97,1.0,settlement,0.2892783505154646
TRAIN,fixed_97_to_99,270.0,,UP,0.97,1.0,settlement,0.2892783505154646
TRAIN,fixed_97_to_99,270.0,,UP,0.97,1.0,settlement,0.2892783505154646
TRAIN,fixed_97_to_99,270.0,,DOWN,0.97,1.0,settlement,0.2892783505154646
TRAIN,fixed_97_to_99,270.0,,UP,0.97,1.0,settlement,0.2892783505154646
TRAIN,fixed_97_to_99,270.0,,DOWN,0.97,1.0,settlement,0.2892783505154646
TRAIN,fixed_97_to_99,270.0,,UP,0.97,1.0,settlement,0.2892783505154646
TRAIN,fixed_97_to_99,270.0,,DOWN,0.97,1.0,settlement,0.2892783505154646
TRAIN,fixed_97_to_99,270.0,,DOWN,0.97,1.0,settlement,0.2892783505154646
TRAIN,fixed_97_to_99,270.0,,DOWN,0.97,0.0,settlement,-10.02
TRAIN,fixed_97_to_99,270.0,,DOWN,0.97,1.0,settlement,0.2892783505154646
TRAIN,fixed_97_to_99,270.0,,DOWN,0.97,1.0,settlement,0.2892783505154646
TRAIN,fixed_97_to_99,270.0,,UP,0.97,0.0,settlement,-10.02
TRAIN,fixed_97_to_99,270.0,,UP,0.97,1.0,settlement,0.2892783505154646
TRAIN,fixed_97_to_99,270.0,,UP,0.97,1.0,settlement,0.2892783505154646
TRAIN,fixed_97_to_99,270.0,,UP,0.97,1.0,settlement,0.2892783505154646
TRAIN,fixed_97_to_99,270.0,,UP,0.97,1.0,settlement,0.2892783505154646
TRAIN,fixed_97_to_99,270.0,,UP,0.97,1.0,settlement,0.2892783505154646
TRAIN,fixed_97_to_99,270.0,,DOWN,0.97,1.0,settlement,0.2892783505154646
TRAIN,fixed_97_to_99,270.0,,UP,0.97,1.0,settlement,0.2892783505154646
TRAIN,fixed_97_to_99,270.0,,DOWN,0.97,1.0,settlement,0.2892783505154646
TRAIN,fixed_97_to_99,270.0,,UP,0.97,1.0,settlement,0.2892783505154646
TRAIN,fixed_97_to_99,270.0,,UP,0.97,1.0,settlement,0.2892783505154646
TRAIN,fixed_97_to_99,270.0,,UP,0.97,0.0,settlement,-10.02
TRAIN,fixed_97_to_99,270.0,,UP,0.97,1.0,settlement,0.2892783505154646
TRAIN,fixed_97_to_99,270.0,,DOWN,0.97,0.0,settlement,-10.02
TRAIN,fixed_97_to_99,270.0,,DOWN,0.97,1.0,settlement,0.2892783505154646
TRAIN,fixed_97_to_99,270.0,,DOWN,0.97,1.0,settlement,0.2892783505154646
TRAIN,fixed_97_to_99,270.0,,DOWN,0.97,1.0,settlement,0.2892783505154646
TRAIN,fixed_97_to_99,270.0,,DOWN,0.97,1.0,settlement,0.2892783505154646
TRAIN,fixed_97_to_99,270.0,,DOWN,0.97,1.0,settlement,0.2892783505154646
TRAIN,fixed_97_to_99,270.0,,UP,0.97,1.0,settlement,0.2892783505154646
TRAIN,fixed_97_to_99,270.0,,DOWN,0.97,1.0,settlement,0.2892783505154646
TRAIN,fixed_97_to_99,270.0,,UP,0.97,1.0,settlement,0.2892783505154646
TRAIN,fixed_97_to_99,270.0,,DOWN,0.97,0.0,settlement,-10.02
TRAIN,fixed_97_to_99,270.0,,DOWN,0.97,1.0,settlement,0.2892783505154646
TRAIN,fixed_97_to_99,270.0,,DOWN,0.97,1.0,settlement,0.2892783505154646
TRAIN,fixed_97_to_99,270.0,,UP,0.97,0.0,settlement,-10.02
TRAIN,fixed_97_to_99,270.0,,DOWN,0.97,1.0,settlement,0.2892783505154646
TRAIN,fixed_97_to_99,270.0,,UP,0.97,1.0,settlement,0.2892783505154646
TRAIN,fixed_97_to_99,270.0,,UP,0.97,1.0,settlement,0.2892783505154646
TRAIN,fixed_97_to_99,270.0,,DOWN,0.97,1.0,settlement,0.2892783505154646
TRAIN,fixed_97_to_99,270.0,,UP,0.97,1.0,settlement,0.2892783505154646
TRAIN,fixed_97_to_99,270.0,,DOWN,0.97,1.0,settlement,0.2892783505154646
TRAIN,fixed_97_to_99,270.0,,DOWN,0.97,1.0,settlement,0.2892783505154646
TRAIN,fixed_97_to_99,270.0,,DOWN,0.97,1.0,settlement,0.2892783505154646
TRAIN,fixed_97_to_99,270.0,,DOWN,0.97,1.0,settlement,0.2892783505154646
TRAIN,fixed_97_to_99,270.0,,UP,0.97,1.0,settlement,0.2892783505154646
TRAIN,fixed_97_to_99,270.0,,UP,0.97,1.0,settlement,0.2892783505154646
TRAIN,fixed_97_to_99,270.0,,DOWN,0.97,1.0,settlement,0.2892783505154646
TRAIN,fixed_97_to_99,270.0,,DOWN,0.97,1.0,settlement,0.2892783505154646
TRAIN,fixed_97_to_99,270.0,,DOWN,0.97,0.0,settlement,-10.02
TRAIN,fixed_97_to_99,270.0,,DOWN,0.97,1.0,settlement,0.2892783505154646
TRAIN,fixed_97_to_99,270.0,,UP,0.97,1.0,settlement,0.2892783505154646
TRAIN,fixed_97_to_99,270.0,,UP,0.97,1.0,settlement,0.2892783505154646
TRAIN,fixed_97_to_99,270.0,,UP,0.97,1.0,settlement,0.2892783505154646
TRAIN,fixed_97_to_99,270.0,,UP,0.97,1.0,settlement,0.2892783505154646
TRAIN,fixed_97_to_99,270.0,,DOWN,0.97,1.0,settlement,0.2892783505154646
TRAIN,fixed_97_to_99,270.0,,DOWN,0.97,1.0,settlement,0.2892783505154646
TRAIN,fixed_97_to_99,270.0,,DOWN,0.97,1.0,settlement,0.2892783505154646
TRAIN,fixed_97_to_99,270.0,,DOWN,0.97,1.0,settlement,0.2892783505154646
TRAIN,fixed_97_to_99,270.0,,DOWN,0.97,1.0,settlement,0.2892783505154646
TRAIN,fixed_97_to_99,270.0,,UP,0.97,1.0,settlement,0.2892783505154646
TRAIN,fixed_97_to_99,270.0,,UP,0.97,1.0,settlement,0.2892783505154646
TRAIN,fixed_97_to_99,270.0,,DOWN,0.97,1.0,settlement,0.2892783505154646
TRAIN,fixed_97_to_99,270.0,,DOWN,0.97,1.0,settlement,0.2892783505154646
TRAIN,fixed_97_to_99,270.0,,DOWN,0.97,1.0,settlement,0.2892783505154646
TRAIN,fixed_97_to_99,270.0,,UP,0.97,1.0,settlement,0.2892783505154646
TRAIN,fixed_97_to_99,270.0,,DOWN,0.97,1.0,settlement,0.2892783505154646
TRAIN,fixed_97_to_99,270.0,,UP,0.97,1.0,settlement,0.2892783505154646
TRAIN,fixed_97_to_99,270.0,,UP,0.97,1.0,settlement,0.2892783505154646
TRAIN,fixed_97_to_99,270.0,,UP,0.97,1.0,settlement,0.2892783505154646
TRAIN,fixed_97_to_99,270.0,,DOWN,0.97,1.0,settlement,0.2892783505154646
TRAIN,fixed_97_to_99,270.0,,UP,0.97,1.0,settlement,0.2892783505154646
TRAIN,fixed_97_to_99,270.0,,UP,0.97,1.0,settlement,0.2892783505154646
TRAIN,fixed_97_to_99,270.0,,DOWN,0.97,0.0,settlement,-10.02
TRAIN,fixed_97_to_99,270.0,,DOWN,0.97,1.0,settlement,0.2892783505154646
TRAIN,fixed_97_to_99,270.0,,UP,0.97,1.0,settlement,0.2892783505154646
TRAIN,fixed_97_to_99,270.0,,DOWN,0.97,0.0,settlement,-10.02
TRAIN,fixed_97_to_99,270.0,,DOWN,0.97,1.0,settlement,0.2892783505154646
TRAIN,fixed_97_to_99,270.0,,UP,0.97,1.0,settlement,0.2892783505154646
TRAIN,fixed_97_to_99,270.0,,UP,0.97,1.0,settlement,0.2892783505154646
TRAIN,fixed_97_to_99,270.0,,DOWN,0.97,1.0,settlement,0.2892783505154646
TRAIN,fixed_97_to_99,270.0,,UP,0.97,1.0,settlement,0.2892783505154646
TRAIN,fixed_97_to_99,270.0,,DOWN,0.97,1.0,settlement,0.2892783505154646
TRAIN,fixed_97_to_99,270.0,,UP,0.97,1.0,settlement,0.2892783505154646
TRAIN,fixed_97_to_99,270.0,,UP,0.97,1.0,settlement,0.2892783505154646
TRAIN,fixed_97_to_99,270.0,,UP,0.97,1.0,settlement,0.2892783505154646
TRAIN,fixed_97_to_99,270.0,,UP,0.97,1.0,settlement,0.2892783505154646
TRAIN,fixed_97_to_99,270.0,,UP,0.97,1.0,settlement,0.2892783505154646
TRAIN,fixed_97_to_99,270.0,,UP,0.97,1.0,settlement,0.2892783505154646
TRAIN,fixed_97_to_99,270.0,,UP,0.97,1.0,settlement,0.2892783505154646
TRAIN,fixed_97_to_99,270.0,,UP,0.97,1.0,settlement,0.2892783505154646
TRAIN,fixed_97_to_99,270.0,,DOWN,0.97,1.0,settlement,0.2892783505154646
TRAIN,fixed_97_to_99,270.0,,DOWN,0.97,0.0,settlement,-10.02
TRAIN,fixed_97_to_99,270.0,,DOWN,0.97,1.0,settlement,0.2892783505154646
TRAIN,fixed_97_to_99,270.0,,DOWN,0.97,1.0,settlement,0.2892783505154646
TRAIN,fixed_97_to_99,270.0,,UP,0.97,1.0,settlement,0.2892783505154646
TRAIN,fixed_97_to_99,270.0,,UP,0.97,1.0,settlement,0.2892783505154646
TRAIN,fixed_97_to_99,270.0,,UP,0.97,1.0,settlement,0.2892783505154646
TRAIN,fixed_97_to_99,270.0,,DOWN,0.97,1.0,settlement,0.2892783505154646
TRAIN,fixed_97_to_99,270.0,,DOWN,0.97,1.0,settlement,0.2892783505154646
TRAIN,fixed_97_to_99,270.0,,DOWN,0.97,1.0,settlement,0.2892783505154646
TRAIN,fixed_97_to_99,270.0,,DOWN,0.97,0.0,settlement,-10.02
TRAIN,fixed_97_to_99,270.0,,DOWN,0.97,1.0,settlement,0.2892783505154646
TRAIN,fixed_97_to_99,270.0,,DOWN,0.97,1.0,settlement,0.2892783505154646
TRAIN,fixed_97_to_99,270.0,,UP,0.97,0.0,settlement,-10.02
TRAIN,fixed_97_to_99,270.0,,UP,0.97,1.0,settlement,0.2892783505154646
TRAIN,fixed_97_to_99,270.0,,DOWN,0.97,1.0,settlement,0.2892783505154646
TRAIN,fixed_97_to_99,270.0,,UP,0.97,0.0,settlement,-10.02
TRAIN,fixed_97_to_99,270.0,,UP,0.97,1.0,settlement,0.2892783505154646
TRAIN,fixed_97_to_99,270.0,,DOWN,0.97,0.0,settlement,-10.02
TRAIN,fixed_97_to_99,270.0,,UP,0.97,1.0,settlement,0.2892783505154646
TRAIN,fixed_97_to_99,270.0,,UP,0.97,1.0,settlement,0.2892783505154646
TRAIN,fixed_97_to_99,270.0,,DOWN,0.97,1.0,settlement,0.2892783505154646
TRAIN,fixed_97_to_99,270.0,,UP,0.97,1.0,settlement,0.2892783505154646
TRAIN,fixed_97_to_99,270.0,,UP,0.97,1.0,settlement,0.2892783505154646
TRAIN,fixed_97_to_99,270.0,,UP,0.97,1.0,settlement,0.2892783505154646
TRAIN,fixed_97_to_99,270.0,,UP,0.97,1.0,settlement,0.2892783505154646
TRAIN,fixed_97_to_99,270.0,,DOWN,0.97,1.0,settlement,0.2892783505154646
TRAIN,fixed_97_to_99,270.0,,UP,0.97,1.0,settlement,0.2892783505154646
TRAIN,fixed_97_to_99,270.0,,DOWN,0.97,0.0,settlement,-10.02
TRAIN,fixed_97_to_99,270.0,,DOWN,0.97,1.0,settlement,0.2892783505154646
TRAIN,fixed_97_to_99,270.0,,DOWN,0.97,1.0,settlement,0.2892783505154646
TRAIN,fixed_97_to_99,270.0,,UP,0.97,1.0,settlement,0.2892783505154646
TRAIN,fixed_97_to_99,270.0,,DOWN,0.97,1.0,settlement,0.2892783505154646
TRAIN,fixed_97_to_99,270.0,,UP,0.97,1.0,settlement,0.2892783505154646
TRAIN,fixed_97_to_99,270.0,,UP,0.97,1.0,settlement,0.2892783505154646
TRAIN,fixed_97_to_99,270.0,,DOWN,0.97,0.0,settlement,-10.02
TRAIN,fixed_97_to_99,270.0,,DOWN,0.97,1.0,settlement,0.2892783505154646
TRAIN,fixed_97_to_99,270.0,,DOWN,0.97,0.0,settlement,-10.02
TRAIN,fixed_97_to_99,270.0,,DOWN,0.97,1.0,settlement,0.2892783505154646
TRAIN,fixed_97_to_99,270.0,,UP,0.97,1.0,settlement,0.2892783505154646
TRAIN,fixed_97_to_99,270.0,,DOWN,0.97,1.0,settlement,0.2892783505154646
TRAIN,fixed_97_to_99,270.0,,UP,0.97,1.0,settlement,0.2892783505154646
TRAIN,fixed_97_to_99,270.0,,DOWN,0.97,1.0,settlement,0.2892783505154646
TRAIN,fixed_97_to_99,270.0,,DOWN,0.97,0.0,settlement,-10.02
TRAIN,fixed_97_to_99,270.0,,UP,0.97,0.0,settlement,-10.02
TRAIN,fixed_97_to_99,270.0,,DOWN,0.97,1.0,settlement,0.2892783505154646
TRAIN,fixed_97_to_99,270.0,,DOWN,0.97,1.0,settlement,0.2892783505154646
TRAIN,fixed_97_to_99,270.0,,UP,0.97,1.0,settlement,0.2892783505154646
TRAIN,fixed_97_to_99,270.0,,DOWN,0.97,1.0,settlement,0.2892783505154646
TRAIN,fixed_97_to_99,270.0,,UP,0.97,1.0,settlement,0.2892783505154646
TRAIN,fixed_97_to_99,270.0,,DOWN,0.97,1.0,settlement,0.2892783505154646
TRAIN,fixed_97_to_99,270.0,,UP,0.97,1.0,settlement,0.2892783505154646
TRAIN,fixed_97_to_99,270.0,,UP,0.97,1.0,settlement,0.2892783505154646
TRAIN,fixed_97_to_99,270.0,,UP,0.97,1.0,settlement,0.2892783505154646
TRAIN,fixed_97_to_99,270.0,,UP,0.97,1.0,settlement,0.2892783505154646
TRAIN,fixed_97_to_99,270.0,,UP,0.97,1.0,settlement,0.2892783505154646
TRAIN,fixed_97_to_99,270.0,,UP,0.97,1.0,settlement,0.2892783505154646
TRAIN,fixed_97_to_99,270.0,,DOWN,0.97,0.0,settlement,-10.02
TRAIN,fixed_97_to_99,270.0,,DOWN,0.97,1.0,settlement,0.2892783505154646
TRAIN,fixed_97_to_99,270.0,,DOWN,0.97,1.0,settlement,0.2892783505154646
TRAIN,fixed_97_to_99,270.0,,UP,0.97,0.0,settlement,-10.02
TRAIN,fixed_97_to_99,270.0,,UP,0.97,1.0,settlement,0.2892783505154646
TRAIN,fixed_97_to_99,270.0,,DOWN,0.97,1.0,settlement,0.2892783505154646
TRAIN,fixed_97_to_99,270.0,,DOWN,0.97,1.0,settlement,0.2892783505154646
TRAIN,fixed_97_to_99,270.0,,UP,0.97,1.0,settlement,0.2892783505154646
TRAIN,fixed_97_to_99,270.0,,DOWN,0.97,1.0,settlement,0.2892783505154646
TRAIN,fixed_97_to_99,270.0,,UP,0.97,1.0,settlement,0.2892783505154646
TRAIN,fixed_97_to_99,270.0,,UP,0.97,1.0,settlement,0.2892783505154646
TRAIN,fixed_97_to_99,270.0,,UP,0.97,1.0,settlement,0.2892783505154646
TRAIN,fixed_97_to_99,270.0,,DOWN,0.97,1.0,settlement,0.2892783505154646
TRAIN,fixed_97_to_99,270.0,,UP,0.97,1.0,settlement,0.2892783505154646
TRAIN,fixed_97_to_99,270.0,,DOWN,0.97,1.0,settlement,0.2892783505154646
TRAIN,fixed_97_to_99,270.0,,UP,0.97,1.0,settlement,0.2892783505154646
TRAIN,fixed_97_to_99,270.0,,DOWN,0.97,1.0,settlement,0.2892783505154646
TRAIN,fixed_97_to_99,270.0,,DOWN,0.97,1.0,settlement,0.2892783505154646
TRAIN,fixed_97_to_99,270.0,,DOWN,0.97,1.0,settlement,0.2892783505154646
TRAIN,fixed_97_to_99,270.0,,DOWN,0.97,1.0,settlement,0.2892783505154646
TRAIN,fixed_97_to_99,270.0,,UP,0.97,1.0,settlement,0.2892783505154646
TRAIN,fixed_97_to_99,270.0,,UP,0.97,1.0,settlement,0.2892783505154646
TRAIN,fixed_97_to_99,270.0,,DOWN,0.97,1.0,settlement,0.2892783505154646
TRAIN,fixed_97_to_99,270.0,,DOWN,0.97,1.0,settlement,0.2892783505154646
TRAIN,fixed_97_to_99,270.0,,UP,0.97,1.0,settlement,0.2892783505154646
TRAIN,fixed_97_to_99,270.0,,UP,0.97,1.0,settlement,0.2892783505154646
TRAIN,fixed_97_to_99,270.0,,UP,0.97,1.0,settlement,0.2892783505154646
TRAIN,fixed_97_to_99,270.0,,DOWN,0.97,1.0,settlement,0.2892783505154646
TRAIN,fixed_97_to_99,270.0,,UP,0.97,1.0,settlement,0.2892783505154646
TRAIN,fixed_97_to_99,270.0,,UP,0.97,1.0,settlement,0.2892783505154646
TRAIN,fixed_97_to_99,270.0,,UP,0.97,1.0,settlement,0.2892783505154646
TRAIN,fixed_97_to_99,270.0,,DOWN,0.97,1.0,settlement,0.2892783505154646
TRAIN,fixed_97_to_99,270.0,,DOWN,0.97,1.0,settlement,0.2892783505154646
TRAIN,fixed_97_to_99,270.0,,DOWN,0.97,1.0,settlement,0.2892783505154646
TRAIN,fixed_97_to_99,270.0,,UP,0.97,0.0,settlement,-10.02
TRAIN,fixed_97_to_99,270.0,,UP,0.97,1.0,settlement,0.2892783505154646
TRAIN,fixed_97_to_99,270.0,,DOWN,0.97,0.0,settlement,-10.02
TRAIN,fixed_97_to_99,270.0,,DOWN,0.97,1.0,settlement,0.2892783505154646
TRAIN,fixed_97_to_99,270.0,,UP,0.97,1.0,settlement,0.2892783505154646
TRAIN,fixed_97_to_99,270.0,,DOWN,0.97,1.0,settlement,0.2892783505154646
TRAIN,fixed_97_to_99,270.0,,UP,0.97,0.0,settlement,-10.02
TRAIN,fixed_97_to_99,270.0,,DOWN,0.97,1.0,settlement,0.2892783505154646
TRAIN,fixed_97_to_99,270.0,,DOWN,0.97,1.0,settlement,0.2892783505154646
TRAIN,fixed_97_to_99,270.0,,UP,0.97,1.0,settlement,0.2892783505154646
TRAIN,fixed_97_to_99,270.0,,UP,0.97,1.0,settlement,0.2892783505154646
TRAIN,fixed_97_to_99,270.0,,UP,0.97,0.0,settlement,-10.02
TRAIN,fixed_97_to_99,270.0,,UP,0.97,1.0,settlement,0.2892783505154646
TRAIN,fixed_97_to_99,270.0,,DOWN,0.97,1.0,settlement,0.2892783505154646
TRAIN,fixed_97_to_99,270.0,,UP,0.97,1.0,settlement,0.2892783505154646
TRAIN,fixed_97_to_99,270.0,,UP,0.97,1.0,settlement,0.2892783505154646
TRAIN,fixed_97_to_99,270.0,,UP,0.97,1.0,settlement,0.2892783505154646
TRAIN,fixed_97_to_99,270.0,,DOWN,0.97,1.0,settlement,0.2892783505154646
TRAIN,fixed_97_to_99,270.0,,DOWN,0.97,1.0,settlement,0.2892783505154646
TRAIN,fixed_97_to_99,270.0,,DOWN,0.97,1.0,settlement,0.2892783505154646
TRAIN,fixed_97_to_99,270.0,,UP,0.97,1.0,settlement,0.2892783505154646
TRAIN,fixed_97_to_99,270.0,,DOWN,0.97,1.0,settlement,0.2892783505154646
TRAIN,fixed_97_to_99,270.0,,UP,0.97,1.0,settlement,0.2892783505154646
TRAIN,fixed_97_to_99,270.0,,DOWN,0.97,1.0,settlement,0.2892783505154646
TRAIN,fixed_97_to_99,270.0,,UP,0.97,1.0,settlement,0.2892783505154646
TRAIN,fixed_97_to_99,270.0,,DOWN,0.97,1.0,settlement,0.2892783505154646
TRAIN,fixed_97_to_99,270.0,,UP,0.97,0.0,settlement,-10.02
TRAIN,fixed_97_to_99,270.0,,UP,0.97,1.0,settlement,0.2892783505154646
TRAIN,fixed_97_to_99,270.0,,DOWN,0.97,0.0,settlement,-10.02
TRAIN,fixed_97_to_99,270.0,,UP,0.97,1.0,settlement,0.2892783505154646
TRAIN,fixed_97_to_99,270.0,,UP,0.97,1.0,settlement,0.2892783505154646
TRAIN,fixed_97_to_99,270.0,,DOWN,0.97,1.0,settlement,0.2892783505154646
TRAIN,fixed_97_to_99,270.0,,UP,0.97,1.0,settlement,0.2892783505154646
TRAIN,fixed_97_to_99,270.0,,UP,0.97,1.0,settlement,0.2892783505154646
TRAIN,fixed_97_to_99,270.0,,DOWN,0.97,1.0,settlement,0.2892783505154646
TRAIN,fixed_97_to_99,270.0,,DOWN,0.97,0.0,settlement,-10.02
TRAIN,fixed_97_to_99,270.0,,DOWN,0.97,1.0,settlement,0.2892783505154646
TRAIN,fixed_97_to_99,270.0,,DOWN,0.97,1.0,settlement,0.2892783505154646
TRAIN,fixed_97_to_99,270.0,,UP,0.97,1.0,settlement,0.2892783505154646
TRAIN,fixed_97_to_99,270.0,,UP,0.97,1.0,settlement,0.2892783505154646
TRAIN,fixed_97_to_99,270.0,,DOWN,0.97,1.0,settlement,0.2892783505154646
TRAIN,fixed_97_to_99,270.0,,UP,0.97,1.0,settlement,0.2892783505154646
TRAIN,fixed_97_to_99,270.0,,UP,0.97,0.0,settlement,-10.02
TRAIN,fixed_97_to_99,270.0,,UP,0.97,0.0,settlement,-10.02
TRAIN,fixed_97_to_99,270.0,,DOWN,0.97,1.0,settlement,0.2892783505154646
TRAIN,fixed_97_to_99,270.0,,DOWN,0.97,1.0,settlement,0.2892783505154646
TRAIN,fixed_97_to_99,270.0,,DOWN,0.97,1.0,settlement,0.2892783505154646
TRAIN,fixed_97_to_99,270.0,,UP,0.97,1.0,settlement,0.2892783505154646
TRAIN,fixed_97_to_99,270.0,,UP,0.97,0.0,settlement,-10.02
TRAIN,fixed_97_to_99,270.0,,DOWN,0.97,1.0,settlement,0.2892783505154646
TRAIN,fixed_97_to_99,270.0,,UP,0.97,1.0,settlement,0.2892783505154646
TRAIN,fixed_97_to_99,270.0,,DOWN,0.97,1.0,settlement,0.2892783505154646
TRAIN,fixed_97_to_99,270.0,,UP,0.97,1.0,settlement,0.2892783505154646
TRAIN,fixed_97_to_99,270.0,,UP,0.97,1.0,settlement,0.2892783505154646
TRAIN,fixed_97_to_99,270.0,,DOWN,0.97,1.0,settlement,0.2892783505154646
TRAIN,fixed_97_to_99,270.0,,DOWN,0.97,1.0,settlement,0.2892783505154646
TRAIN,fixed_97_to_99,270.0,,UP,0.97,1.0,settlement,0.2892783505154646
TRAIN,fixed_97_to_99,270.0,,DOWN,0.97,1.0,settlement,0.2892783505154646
TRAIN,fixed_97_to_99,270.0,,UP,0.97,1.0,settlement,0.2892783505154646
TRAIN,fixed_97_to_99,270.0,,UP,0.97,1.0,settlement,0.2892783505154646
TRAIN,fixed_97_to_99,270.0,,DOWN,0.97,1.0,settlement,0.2892783505154646
TRAIN,fixed_97_to_99,270.0,,UP,0.97,1.0,settlement,0.2892783505154646
TRAIN,fixed_97_to_99,270.0,,UP,0.97,1.0,settlement,0.2892783505154646
TRAIN,fixed_97_to_99,270.0,,UP,0.97,1.0,settlement,0.2892783505154646
TRAIN,fixed_97_to_99,270.0,,DOWN,0.97,1.0,settlement,0.2892783505154646
TRAIN,fixed_97_to_99,270.0,,DOWN,0.97,1.0,settlement,0.2892783505154646
TRAIN,fixed_97_to_99,270.0,,DOWN,0.97,1.0,settlement,0.2892783505154646
TRAIN,fixed_97_to_99,270.0,,DOWN,0.97,1.0,settlement,0.2892783505154646
TRAIN,fixed_97_to_99,270.0,,UP,0.97,1.0,settlement,0.2892783505154646
TRAIN,fixed_97_to_99,270.0,,DOWN,0.97,1.0,settlement,0.2892783505154646
TRAIN,fixed_97_to_99,270.0,,UP,0.97,1.0,settlement,0.2892783505154646
TRAIN,fixed_97_to_99,270.0,,UP,0.97,1.0,settlement,0.2892783505154646
TRAIN,fixed_97_to_99,270.0,,DOWN,0.97,1.0,settlement,0.2892783505154646
TRAIN,fixed_97_to_99,270.0,,DOWN,0.97,1.0,settlement,0.2892783505154646
TRAIN,fixed_97_to_99,270.0,,UP,0.97,1.0,settlement,0.2892783505154646
TRAIN,fixed_97_to_99,270.0,,UP,0.97,1.0,settlement,0.2892783505154646
TRAIN,fixed_97_to_99,270.0,,UP,0.97,1.0,settlement,0.2892783505154646
TRAIN,fixed_97_to_99,270.0,,DOWN,0.97,0.0,settlement,-10.02
TRAIN,fixed_97_to_99,270.0,,UP,0.97,1.0,settlement,0.2892783505154646
TRAIN,fixed_97_to_99,270.0,,DOWN,0.97,1.0,settlement,0.2892783505154646
TRAIN,fixed_97_to_99,270.0,,DOWN,0.97,1.0,settlement,0.2892783505154646
TRAIN,fixed_97_to_99,270.0,,UP,0.97,0.0,settlement,-10.02
TRAIN,fixed_97_to_99,270.0,,UP,0.97,1.0,settlement,0.2892783505154646
TRAIN,fixed_97_to_99,270.0,,DOWN,0.97,1.0,settlement,0.2892783505154646
TRAIN,fixed_97_to_99,270.0,,UP,0.97,1.0,settlement,0.2892783505154646
TRAIN,fixed_97_to_99,270.0,,UP,0.97,1.0,settlement,0.2892783505154646
TRAIN,fixed_97_to_99,270.0,,UP,0.97,1.0,settlement,0.2892783505154646
TRAIN,fixed_97_to_99,270.0,,DOWN,0.97,1.0,settlement,0.2892783505154646
TRAIN,fixed_97_to_99,270.0,,UP,0.97,1.0,settlement,0.2892783505154646
TRAIN,fixed_97_to_99,270.0,,UP,0.97,1.0,settlement,0.2892783505154646
TRAIN,fixed_97_to_99,270.0,,UP,0.97,1.0,settlement,0.2892783505154646
TRAIN,fixed_97_to_99,270.0,,UP,0.97,1.0,settlement,0.2892783505154646
TRAIN,fixed_97_to_99,270.0,,UP,0.97,1.0,settlement,0.2892783505154646
TRAIN,fixed_97_to_99,270.0,,UP,0.97,1.0,settlement,0.2892783505154646
TRAIN,fixed_97_to_99,270.0,,UP,0.97,1.0,settlement,0.2892783505154646
TRAIN,fixed_97_to_99,270.0,,UP,0.97,1.0,settlement,0.2892783505154646
TRAIN,fixed_97_to_99,270.0,,DOWN,0.97,1.0,settlement,0.2892783505154646
TRAIN,fixed_97_to_99,270.0,,UP,0.97,1.0,settlement,0.2892783505154646
TRAIN,fixed_97_to_99,270.0,,UP,0.97,1.0,settlement,0.2892783505154646
TRAIN,fixed_97_to_99,270.0,,DOWN,0.97,0.0,settlement,-10.02
TRAIN,fixed_97_to_99,270.0,,UP,0.97,1.0,settlement,0.2892783505154646
TRAIN,fixed_97_to_99,270.0,,DOWN,0.97,0.0,settlement,-10.02
TRAIN,fixed_97_to_99,270.0,,DOWN,0.97,1.0,settlement,0.2892783505154646
TRAIN,fixed_97_to_99,270.0,,DOWN,0.97,1.0,settlement,0.2892783505154646
TRAIN,fixed_97_to_99,270.0,,UP,0.97,0.0,settlement,-10.02
TRAIN,fixed_97_to_99,270.0,,UP,0.97,1.0,settlement,0.2892783505154646
TRAIN,fixed_97_to_99,270.0,,DOWN,0.97,1.0,settlement,0.2892783505154646
TRAIN,fixed_97_to_99,270.0,,DOWN,0.97,1.0,settlement,0.2892783505154646
TRAIN,fixed_97_to_99,270.0,,UP,0.97,1.0,settlement,0.2892783505154646
TRAIN,fixed_97_to_99,270.0,,DOWN,0.97,1.0,settlement,0.2892783505154646
TRAIN,fixed_97_to_99,270.0,,DOWN,0.97,0.0,settlement,-10.02
TRAIN,fixed_97_to_99,270.0,,DOWN,0.97,1.0,settlement,0.2892783505154646
TRAIN,fixed_97_to_99,270.0,,UP,0.97,1.0,settlement,0.2892783505154646
TRAIN,fixed_97_to_99,270.0,,DOWN,0.97,1.0,settlement,0.2892783505154646
TRAIN,fixed_97_to_99,270.0,,DOWN,0.97,1.0,settlement,0.2892783505154646
TRAIN,fixed_97_to_99,270.0,,DOWN,0.97,1.0,settlement,0.2892783505154646
TRAIN,fixed_97_to_99,270.0,,DOWN,0.97,1.0,settlement,0.2892783505154646
TRAIN,fixed_97_to_99,270.0,,UP,0.97,1.0,settlement,0.2892783505154646
TRAIN,fixed_97_to_99,270.0,,DOWN,0.97,1.0,settlement,0.2892783505154646
TRAIN,fixed_97_to_99,270.0,,UP,0.97,1.0,settlement,0.2892783505154646
TRAIN,fixed_97_to_99,270.0,,DOWN,0.97,1.0,settlement,0.2892783505154646
TRAIN,fixed_97_to_99,270.0,,UP,0.97,1.0,settlement,0.2892783505154646
TRAIN,fixed_97_to_99,270.0,,DOWN,0.97,1.0,settlement,0.2892783505154646
TRAIN,fixed_97_to_99,270.0,,UP,0.97,1.0,settlement,0.2892783505154646
TRAIN,fixed_97_to_99,270.0,,DOWN,0.97,1.0,settlement,0.2892783505154646
TRAIN,fixed_97_to_99,270.0,,DOWN,0.97,1.0,settlement,0.2892783505154646
TRAIN,fixed_97_to_99,270.0,,DOWN,0.97,0.0,settlement,-10.02
TRAIN,fixed_97_to_99,270.0,,UP,0.97,1.0,settlement,0.2892783505154646
TRAIN,fixed_97_to_99,270.0,,UP,0.97,1.0,settlement,0.2892783505154646
TRAIN,fixed_97_to_99,270.0,,UP,0.97,0.0,settlement,-10.02
TRAIN,fixed_97_to_99,270.0,,DOWN,0.97,1.0,settlement,0.2892783505154646
TRAIN,fixed_97_to_99,270.0,,DOWN,0.97,1.0,settlement,0.2892783505154646
TRAIN,fixed_97_to_99,270.0,,DOWN,0.97,0.0,settlement,-10.02
TRAIN,fixed_97_to_99,270.0,,DOWN,0.97,1.0,settlement,0.2892783505154646
TRAIN,fixed_97_to_99,270.0,,DOWN,0.97,1.0,settlement,0.2892783505154646
TRAIN,fixed_97_to_99,270.0,,UP,0.97,1.0,settlement,0.2892783505154646
TRAIN,fixed_97_to_99,270.0,,DOWN,0.97,1.0,settlement,0.2892783505154646
TRAIN,fixed_97_to_99,270.0,,DOWN,0.97,1.0,settlement,0.2892783505154646
TRAIN,fixed_97_to_99,270.0,,UP,0.97,0.0,settlement,-10.02
TRAIN,fixed_97_to_99,270.0,,DOWN,0.97,1.0,settlement,0.2892783505154646
TRAIN,fixed_97_to_99,270.0,,UP,0.97,0.0,settlement,-10.02
TRAIN,fixed_97_to_99,270.0,,UP,0.97,1.0,settlement,0.2892783505154646
TRAIN,fixed_97_to_99,270.0,,DOWN,0.97,0.0,settlement,-10.02
TRAIN,fixed_97_to_99,270.0,,DOWN,0.97,1.0,settlement,0.2892783505154646
TRAIN,fixed_97_to_99,270.0,,UP,0.97,0.0,settlement,-10.02
TRAIN,fixed_97_to_99,270.0,,DOWN,0.97,1.0,settlement,0.2892783505154646
TRAIN,fixed_97_to_99,270.0,,DOWN,0.97,1.0,settlement,0.2892783505154646
TRAIN,fixed_97_to_99,270.0,,DOWN,0.97,0.0,settlement,-10.02
TRAIN,fixed_97_to_99,270.0,,UP,0.97,1.0,settlement,0.2892783505154646
TRAIN,fixed_97_to_99,270.0,,UP,0.97,1.0,settlement,0.2892783505154646
TRAIN,fixed_97_to_99,270.0,,UP,0.97,1.0,settlement,0.2892783505154646
TRAIN,fixed_97_to_99,270.0,,UP,0.97,1.0,settlement,0.2892783505154646
TRAIN,fixed_97_to_99,270.0,,DOWN,0.97,1.0,settlement,0.2892783505154646
TRAIN,fixed_97_to_99,270.0,,UP,0.97,0.0,settlement,-10.02
TRAIN,fixed_97_to_99,270.0,,UP,0.97,1.0,settlement,0.2892783505154646
TRAIN,fixed_97_to_99,270.0,,UP,0.97,1.0,settlement,0.2892783505154646
TRAIN,fixed_97_to_99,270.0,,UP,0.97,1.0,settlement,0.2892783505154646
TRAIN,fixed_97_to_99,270.0,,UP,0.97,1.0,settlement,0.2892783505154646
TRAIN,fixed_97_to_99,270.0,,DOWN,0.97,1.0,settlement,0.2892783505154646
TRAIN,fixed_97_to_99,270.0,,DOWN,0.97,0.0,settlement,-10.02
TRAIN,fixed_97_to_99,270.0,,DOWN,0.97,1.0,settlement,0.2892783505154646
TRAIN,fixed_97_to_99,270.0,,UP,0.97,1.0,settlement,0.2892783505154646
TRAIN,fixed_97_to_99,270.0,,DOWN,0.97,1.0,settlement,0.2892783505154646
TRAIN,fixed_97_to_99,270.0,,DOWN,0.97,1.0,settlement,0.2892783505154646
TRAIN,fixed_97_to_99,270.0,,UP,0.97,1.0,settlement,0.2892783505154646
TRAIN,fixed_97_to_99,270.0,,UP,0.97,1.0,settlement,0.2892783505154646
TRAIN,fixed_97_to_99,270.0,,DOWN,0.97,1.0,settlement,0.2892783505154646
TRAIN,fixed_97_to_99,270.0,,UP,0.97,1.0,settlement,0.2892783505154646
TRAIN,fixed_97_to_99,270.0,,UP,0.97,1.0,settlement,0.2892783505154646
TRAIN,fixed_97_to_99,270.0,,UP,0.97,1.0,settlement,0.2892783505154646
TRAIN,fixed_97_to_99,270.0,,DOWN,0.97,1.0,settlement,0.2892783505154646
TRAIN,fixed_97_to_99,270.0,,DOWN,0.97,1.0,settlement,0.2892783505154646
TRAIN,fixed_97_to_99,270.0,,UP,0.97,1.0,settlement,0.2892783505154646
TRAIN,fixed_97_to_99,270.0,,DOWN,0.97,1.0,settlement,0.2892783505154646
TRAIN,fixed_97_to_99,270.0,,UP,0.97,1.0,settlement,0.2892783505154646
TRAIN,fixed_97_to_99,270.0,,DOWN,0.97,1.0,settlement,0.2892783505154646
TRAIN,fixed_97_to_99,270.0,,UP,0.97,1.0,settlement,0.2892783505154646
TRAIN,fixed_97_to_99,270.0,,DOWN,0.97,1.0,settlement,0.2892783505154646
TRAIN,fixed_97_to_99,270.0,,DOWN,0.97,1.0,settlement,0.2892783505154646
TRAIN,fixed_97_to_99,270.0,,DOWN,0.97,1.0,settlement,0.2892783505154646
TRAIN,fixed_97_to_99,270.0,,DOWN,0.97,0.0,settlement,-10.02
TRAIN,fixed_97_to_99,270.0,,UP,0.97,1.0,settlement,0.2892783505154646
TRAIN,fixed_97_to_99,270.0,,UP,0.97,1.0,settlement,0.2892783505154646
TRAIN,fixed_97_to_99,270.0,,DOWN,0.97,1.0,settlement,0.2892783505154646
TRAIN,fixed_97_to_99,270.0,,UP,0.97,1.0,settlement,0.2892783505154646
TRAIN,fixed_97_to_99,270.0,,UP,0.97,1.0,settlement,0.2892783505154646
TRAIN,fixed_97_to_99,270.0,,UP,0.97,1.0,settlement,0.2892783505154646
TRAIN,fixed_97_to_99,270.0,,UP,0.97,1.0,settlement,0.2892783505154646
TRAIN,fixed_97_to_99,270.0,,DOWN,0.97,0.0,settlement,-10.02
TRAIN,fixed_97_to_99,270.0,,UP,0.97,1.0,settlement,0.2892783505154646
TRAIN,fixed_97_to_99,270.0,,UP,0.97,0.0,settlement,-10.02
TRAIN,fixed_97_to_99,270.0,,DOWN,0.97,1.0,settlement,0.2892783505154646
TRAIN,fixed_97_to_99,270.0,,DOWN,0.97,1.0,settlement,0.2892783505154646
TRAIN,fixed_97_to_99,270.0,,UP,0.97,1.0,settlement,0.2892783505154646
TRAIN,fixed_97_to_99,270.0,,DOWN,0.97,1.0,settlement,0.2892783505154646
TRAIN,fixed_97_to_99,270.0,,DOWN,0.97,1.0,settlement,0.2892783505154646
TRAIN,fixed_97_to_99,270.0,,DOWN,0.97,0.0,settlement,-10.02
TRAIN,fixed_97_to_99,270.0,,UP,0.97,1.0,settlement,0.2892783505154646
TRAIN,fixed_97_to_99,270.0,,UP,0.97,1.0,settlement,0.2892783505154646
TRAIN,fixed_97_to_99,270.0,,UP,0.97,1.0,settlement,0.2892783505154646
TRAIN,fixed_97_to_99,270.0,,UP,0.97,1.0,settlement,0.2892783505154646
TRAIN,fixed_97_to_99,270.0,,DOWN,0.97,1.0,settlement,0.2892783505154646
TRAIN,fixed_97_to_99,270.0,,UP,0.97,1.0,settlement,0.2892783505154646
TRAIN,fixed_97_to_99,270.0,,DOWN,0.97,1.0,settlement,0.2892783505154646
TRAIN,fixed_97_to_99,270.0,,DOWN,0.97,1.0,settlement,0.2892783505154646
TRAIN,fixed_97_to_99,270.0,,UP,0.97,1.0,settlement,0.2892783505154646
TRAIN,fixed_97_to_99,270.0,,DOWN,0.97,1.0,settlement,0.2892783505154646
TRAIN,fixed_97_to_99,270.0,,UP,0.97,1.0,settlement,0.2892783505154646
TRAIN,fixed_97_to_99,270.0,,DOWN,0.97,1.0,settlement,0.2892783505154646
TRAIN,fixed_97_to_99,270.0,,DOWN,0.97,1.0,settlement,0.2892783505154646
TRAIN,fixed_97_to_99,270.0,,UP,0.97,1.0,settlement,0.2892783505154646
TRAIN,fixed_97_to_99,270.0,,DOWN,0.97,1.0,settlement,0.2892783505154646
TRAIN,fixed_97_to_99,270.0,,UP,0.97,1.0,settlement,0.2892783505154646
TRAIN,fixed_97_to_99,270.0,,UP,0.97,1.0,settlement,0.2892783505154646
TRAIN,fixed_97_to_99,270.0,,UP,0.97,0.0,settlement,-10.02
TRAIN,fixed_97_to_99,270.0,,UP,0.97,1.0,settlement,0.2892783505154646
TRAIN,fixed_97_to_99,270.0,,UP,0.97,1.0,settlement,0.2892783505154646
TRAIN,fixed_97_to_99,270.0,,UP,0.97,1.0,settlement,0.2892783505154646
TRAIN,fixed_97_to_99,270.0,,UP,0.97,1.0,settlement,0.2892783505154646
TRAIN,fixed_97_to_99,270.0,,DOWN,0.97,1.0,settlement,0.2892783505154646
TRAIN,fixed_97_to_99,270.0,,UP,0.97,1.0,settlement,0.2892783505154646
TRAIN,fixed_97_to_99,270.0,,UP,0.97,0.0,settlement,-10.02
TRAIN,fixed_97_to_99,270.0,,DOWN,0.97,1.0,settlement,0.2892783505154646
TRAIN,fixed_97_to_99,270.0,,UP,0.97,1.0,settlement,0.2892783505154646
TRAIN,fixed_97_to_99,270.0,,UP,0.97,1.0,settlement,0.2892783505154646
TRAIN,fixed_97_to_99,270.0,,DOWN,0.97,1.0,settlement,0.2892783505154646
TRAIN,fixed_97_to_99,270.0,,UP,0.97,1.0,settlement,0.2892783505154646
TRAIN,fixed_97_to_99,270.0,,DOWN,0.97,1.0,settlement,0.2892783505154646
TRAIN,fixed_97_to_99,270.0,,UP,0.97,1.0,settlement,0.2892783505154646
TRAIN,fixed_97_to_99,270.0,,UP,0.97,1.0,settlement,0.2892783505154646
TRAIN,fixed_97_to_99,270.0,,DOWN,0.97,1.0,settlement,0.2892783505154646
TRAIN,fixed_97_to_99,270.0,,DOWN,0.97,1.0,settlement,0.2892783505154646
TRAIN,fixed_97_to_99,270.0,,UP,0.97,1.0,settlement,0.2892783505154646
TRAIN,fixed_97_to_99,270.0,,UP,0.97,1.0,settlement,0.2892783505154646
TRAIN,fixed_97_to_99,270.0,,DOWN,0.97,1.0,settlement,0.2892783505154646
TRAIN,fixed_97_to_99,270.0,,DOWN,0.97,0.0,settlement,-10.02
TRAIN,fixed_97_to_99,270.0,,UP,0.97,1.0,settlement,0.2892783505154646
TRAIN,fixed_97_to_99,270.0,,UP,0.97,1.0,settlement,0.2892783505154646
TRAIN,fixed_97_to_99,270.0,,DOWN,0.97,1.0,settlement,0.2892783505154646
TRAIN,fixed_97_to_99,270.0,,DOWN,0.97,1.0,settlement,0.2892783505154646
TRAIN,fixed_97_to_99,270.0,,UP,0.97,1.0,settlement,0.2892783505154646
TRAIN,fixed_97_to_99,270.0,,UP,0.97,1.0,settlement,0.2892783505154646
TRAIN,fixed_97_to_99,270.0,,DOWN,0.97,1.0,settlement,0.2892783505154646
TRAIN,fixed_97_to_99,270.0,,DOWN,0.97,1.0,settlement,0.2892783505154646
TRAIN,fixed_97_to_99,270.0,,DOWN,0.97,1.0,settlement,0.2892783505154646
TRAIN,fixed_97_to_99,270.0,,UP,0.97,1.0,settlement,0.2892783505154646
TRAIN,fixed_97_to_99,270.0,,UP,0.97,1.0,settlement,0.2892783505154646
TRAIN,fixed_97_to_99,270.0,,UP,0.97,1.0,settlement,0.2892783505154646
TRAIN,fixed_97_to_99,270.0,,UP,0.97,1.0,settlement,0.2892783505154646
TRAIN,fixed_97_to_99,270.0,,DOWN,0.97,1.0,settlement,0.2892783505154646
TRAIN,fixed_97_to_99,270.0,,DOWN,0.97,1.0,settlement,0.2892783505154646
TRAIN,fixed_97_to_99,270.0,,DOWN,0.97,1.0,settlement,0.2892783505154646
TRAIN,fixed_97_to_99,270.0,,DOWN,0.97,1.0,settlement,0.2892783505154646
TRAIN,fixed_97_to_99,270.0,,DOWN,0.97,0.0,settlement,-10.02
TRAIN,fixed_97_to_99,270.0,,DOWN,0.97,1.0,settlement,0.2892783505154646
TRAIN,fixed_97_to_99,270.0,,DOWN,0.97,1.0,settlement,0.2892783505154646
TRAIN,fixed_97_to_99,270.0,,UP,0.97,1.0,settlement,0.2892783505154646
TRAIN,fixed_97_to_99,270.0,,DOWN,0.97,1.0,settlement,0.2892783505154646
TRAIN,fixed_97_to_99,270.0,,UP,0.97,1.0,settlement,0.2892783505154646
TRAIN,fixed_97_to_99,270.0,,DOWN,0.97,1.0,settlement,0.2892783505154646
TRAIN,fixed_97_to_99,270.0,,UP,0.97,1.0,settlement,0.2892783505154646
TRAIN,fixed_97_to_99,270.0,,DOWN,0.97,1.0,settlement,0.2892783505154646
TRAIN,fixed_97_to_99,270.0,,DOWN,0.97,1.0,settlement,0.2892783505154646
TRAIN,fixed_97_to_99,270.0,,DOWN,0.97,0.0,settlement,-10.02
TRAIN,fixed_97_to_99,270.0,,UP,0.97,1.0,settlement,0.2892783505154646
TRAIN,fixed_97_to_99,270.0,,DOWN,0.97,1.0,settlement,0.2892783505154646
TRAIN,fixed_97_to_99,270.0,,DOWN,0.97,1.0,settlement,0.2892783505154646
TRAIN,fixed_97_to_99,270.0,,DOWN,0.97,1.0,settlement,0.2892783505154646
TRAIN,fixed_97_to_99,270.0,,UP,0.97,1.0,settlement,0.2892783505154646
TRAIN,fixed_97_to_99,270.0,,DOWN,0.97,1.0,settlement,0.2892783505154646
TRAIN,fixed_97_to_99,270.0,,DOWN,0.97,1.0,settlement,0.2892783505154646
TRAIN,fixed_97_to_99,270.0,,DOWN,0.97,1.0,settlement,0.2892783505154646
TRAIN,fixed_97_to_99,270.0,,DOWN,0.97,1.0,settlement,0.2892783505154646
TRAIN,fixed_97_to_99,270.0,,DOWN,0.97,1.0,settlement,0.2892783505154646
TRAIN,fixed_97_to_99,270.0,,DOWN,0.97,1.0,settlement,0.2892783505154646
TRAIN,fixed_97_to_99,270.0,,UP,0.97,1.0,settlement,0.2892783505154646
TRAIN,fixed_97_to_99,270.0,,DOWN,0.97,1.0,settlement,0.2892783505154646
TRAIN,fixed_97_to_99,270.0,,UP,0.97,1.0,settlement,0.2892783505154646
TRAIN,fixed_97_to_99,270.0,,DOWN,0.97,1.0,settlement,0.2892783505154646
TRAIN,fixed_97_to_99,270.0,,DOWN,0.97,1.0,settlement,0.2892783505154646
TRAIN,fixed_97_to_99,270.0,,UP,0.97,1.0,settlement,0.2892783505154646
TRAIN,fixed_97_to_99,270.0,,UP,0.97,1.0,settlement,0.2892783505154646
TRAIN,fixed_97_to_99,270.0,,DOWN,0.97,1.0,settlement,0.2892783505154646
TRAIN,fixed_97_to_99,270.0,,UP,0.97,1.0,settlement,0.2892783505154646
TRAIN,fixed_97_to_99,270.0,,UP,0.97,1.0,settlement,0.2892783505154646
TRAIN,fixed_97_to_99,270.0,,DOWN,0.97,1.0,settlement,0.2892783505154646
TRAIN,fixed_97_to_99,270.0,,UP,0.97,1.0,settlement,0.2892783505154646
TRAIN,fixed_97_to_99,270.0,,DOWN,0.97,1.0,settlement,0.2892783505154646
TRAIN,fixed_97_to_99,270.0,,UP,0.97,1.0,settlement,0.2892783505154646
TRAIN,fixed_97_to_99,270.0,,UP,0.97,1.0,settlement,0.2892783505154646
TRAIN,fixed_97_to_99,270.0,,UP,0.97,1.0,settlement,0.2892783505154646
TRAIN,fixed_97_to_99,270.0,,DOWN,0.97,1.0,settlement,0.2892783505154646
TRAIN,fixed_97_to_99,270.0,,UP,0.97,1.0,settlement,0.2892783505154646
TRAIN,fixed_97_to_99,270.0,,UP,0.97,1.0,settlement,0.2892783505154646
TRAIN,fixed_97_to_99,270.0,,DOWN,0.97,1.0,settlement,0.2892783505154646
TRAIN,fixed_97_to_99,270.0,,DOWN,0.97,1.0,settlement,0.2892783505154646
TRAIN,fixed_97_to_99,270.0,,UP,0.97,1.0,settlement,0.2892783505154646
TRAIN,fixed_97_to_99,270.0,,UP,0.97,0.0,settlement,-10.02
TRAIN,fixed_97_to_99,270.0,,UP,0.97,1.0,settlement,0.2892783505154646
TRAIN,fixed_97_to_99,270.0,,UP,0.97,0.0,settlement,-10.02
TRAIN,fixed_97_to_99,270.0,,DOWN,0.97,1.0,settlement,0.2892783505154646
TRAIN,fixed_97_to_99,270.0,,DOWN,0.97,1.0,settlement,0.2892783505154646
TRAIN,fixed_97_to_99,270.0,,UP,0.97,1.0,settlement,0.2892783505154646
TRAIN,fixed_97_to_99,270.0,,UP,0.97,0.0,settlement,-10.02
TRAIN,fixed_97_to_99,270.0,,UP,0.97,1.0,settlement,0.2892783505154646
TRAIN,fixed_97_to_99,270.0,,DOWN,0.97,0.0,settlement,-10.02
TRAIN,fixed_97_to_99,270.0,,UP,0.97,1.0,settlement,0.2892783505154646
TRAIN,fixed_97_to_99,270.0,,DOWN,0.97,1.0,settlement,0.2892783505154646
TRAIN,fixed_97_to_99,270.0,,DOWN,0.97,1.0,settlement,0.2892783505154646
TRAIN,fixed_97_to_99,270.0,,UP,0.97,1.0,settlement,0.2892783505154646
TRAIN,fixed_97_to_99,270.0,,DOWN,0.97,1.0,settlement,0.2892783505154646
TRAIN,fixed_97_to_99,270.0,,DOWN,0.97,1.0,settlement,0.2892783505154646
TRAIN,fixed_97_to_99,270.0,,DOWN,0.97,1.0,settlement,0.2892783505154646
TRAIN,fixed_97_to_99,270.0,,UP,0.97,1.0,settlement,0.2892783505154646
TRAIN,fixed_97_to_99,270.0,,DOWN,0.97,1.0,settlement,0.2892783505154646
TRAIN,fixed_97_to_99,270.0,,UP,0.97,0.0,settlement,-10.02
TRAIN,fixed_97_to_99,270.0,,UP,0.97,1.0,settlement,0.2892783505154646
TRAIN,fixed_97_to_99,270.0,,UP,0.97,1.0,settlement,0.2892783505154646
TRAIN,fixed_97_to_99,270.0,,DOWN,0.97,1.0,settlement,0.2892783505154646
TRAIN,fixed_97_to_99,270.0,,UP,0.97,1.0,settlement,0.2892783505154646
TRAIN,fixed_97_to_99,270.0,,DOWN,0.97,1.0,settlement,0.2892783505154646
TRAIN,fixed_97_to_99,270.0,,UP,0.97,1.0,settlement,0.2892783505154646
TRAIN,fixed_97_to_99,270.0,,DOWN,0.97,1.0,settlement,0.2892783505154646
TRAIN,fixed_97_to_99,270.0,,DOWN,0.97,1.0,settlement,0.2892783505154646
TRAIN,fixed_97_to_99,270.0,,DOWN,0.97,1.0,settlement,0.2892783505154646
TRAIN,fixed_97_to_99,270.0,,DOWN,0.97,1.0,settlement,0.2892783505154646
TRAIN,fixed_97_to_99,270.0,,UP,0.97,1.0,settlement,0.2892783505154646
TRAIN,fixed_97_to_99,270.0,,DOWN,0.97,1.0,settlement,0.2892783505154646
TRAIN,fixed_97_to_99,270.0,,DOWN,0.97,1.0,settlement,0.2892783505154646
TRAIN,fixed_97_to_99,270.0,,UP,0.97,1.0,settlement,0.2892783505154646
TRAIN,fixed_97_to_99,270.0,,UP,0.97,1.0,settlement,0.2892783505154646
TRAIN,fixed_97_to_99,270.0,,DOWN,0.97,1.0,settlement,0.2892783505154646
TRAIN,fixed_97_to_99,270.0,,UP,0.97,1.0,settlement,0.2892783505154646
TRAIN,fixed_97_to_99,270.0,,DOWN,0.97,1.0,settlement,0.2892783505154646
TRAIN,fixed_97_to_99,270.0,,DOWN,0.97,1.0,settlement,0.2892783505154646
TRAIN,fixed_97_to_99,270.0,,UP,0.97,1.0,settlement,0.2892783505154646
TRAIN,fixed_97_to_99,270.0,,DOWN,0.97,0.0,settlement,-10.02
TRAIN,fixed_97_to_99,270.0,,DOWN,0.97,1.0,settlement,0.2892783505154646
TRAIN,fixed_97_to_99,270.0,,DOWN,0.97,1.0,settlement,0.2892783505154646
TRAIN,fixed_97_to_99,270.0,,UP,0.97,0.0,settlement,-10.02
TRAIN,fixed_97_to_99,270.0,,DOWN,0.97,1.0,settlement,0.2892783505154646
TRAIN,fixed_97_to_99,270.0,,UP,0.97,1.0,settlement,0.2892783505154646
TRAIN,fixed_97_to_99,270.0,,UP,0.97,1.0,settlement,0.2892783505154646
TRAIN,fixed_97_to_99,270.0,,UP,0.97,1.0,settlement,0.2892783505154646
TRAIN,fixed_97_to_99,270.0,,UP,0.97,1.0,settlement,0.2892783505154646
TRAIN,fixed_97_to_99,270.0,,UP,0.97,1.0,settlement,0.2892783505154646
TRAIN,fixed_97_to_99,270.0,,UP,0.97,1.0,settlement,0.2892783505154646
TRAIN,fixed_97_to_99,270.0,,UP,0.97,1.0,settlement,0.2892783505154646
TRAIN,fixed_97_to_99,270.0,,DOWN,0.97,0.0,settlement,-10.02
TRAIN,fixed_97_to_99,270.0,,DOWN,0.97,1.0,settlement,0.2892783505154646
TRAIN,fixed_97_to_99,270.0,,DOWN,0.97,1.0,settlement,0.2892783505154646
TRAIN,fixed_97_to_99,270.0,,UP,0.97,1.0,settlement,0.2892783505154646
TRAIN,fixed_97_to_99,270.0,,UP,0.97,1.0,settlement,0.2892783505154646
TRAIN,fixed_97_to_99,270.0,,DOWN,0.97,1.0,settlement,0.2892783505154646
TRAIN,fixed_97_to_99,270.0,,DOWN,0.97,1.0,settlement,0.2892783505154646
TRAIN,fixed_97_to_99,270.0,,DOWN,0.97,1.0,settlement,0.2892783505154646
TRAIN,fixed_97_to_99,270.0,,DOWN,0.97,1.0,settlement,0.2892783505154646
TRAIN,fixed_97_to_99,270.0,,DOWN,0.97,1.0,settlement,0.2892783505154646
TRAIN,fixed_97_to_99,270.0,,DOWN,0.97,1.0,settlement,0.2892783505154646
TRAIN,fixed_97_to_99,270.0,,UP,0.97,1.0,settlement,0.2892783505154646
TRAIN,fixed_97_to_99,270.0,,UP,0.97,1.0,settlement,0.2892783505154646
TRAIN,fixed_97_to_99,270.0,,UP,0.97,0.0,settlement,-10.02
TRAIN,fixed_97_to_99,270.0,,UP,0.97,0.0,settlement,-10.02
TRAIN,fixed_97_to_99,270.0,,UP,0.97,1.0,settlement,0.2892783505154646
TRAIN,fixed_97_to_99,270.0,,DOWN,0.97,1.0,settlement,0.2892783505154646
TRAIN,fixed_97_to_99,270.0,,UP,0.97,1.0,settlement,0.2892783505154646
TRAIN,fixed_97_to_99,270.0,,UP,0.97,1.0,settlement,0.2892783505154646
TRAIN,fixed_97_to_99,270.0,,DOWN,0.97,1.0,settlement,0.2892783505154646
TRAIN,fixed_97_to_99,270.0,,UP,0.97,1.0,settlement,0.2892783505154646
TRAIN,fixed_97_to_99,270.0,,DOWN,0.97,1.0,settlement,0.2892783505154646
TRAIN,fixed_97_to_99,270.0,,UP,0.97,1.0,settlement,0.2892783505154646
TRAIN,fixed_97_to_99,270.0,,DOWN,0.97,1.0,settlement,0.2892783505154646
TRAIN,fixed_97_to_99,270.0,,DOWN,0.97,1.0,settlement,0.2892783505154646
TRAIN,fixed_97_to_99,270.0,,DOWN,0.97,1.0,settlement,0.2892783505154646
TRAIN,fixed_97_to_99,270.0,,DOWN,0.97,1.0,settlement,0.2892783505154646
TRAIN,fixed_97_to_99,270.0,,DOWN,0.97,1.0,settlement,0.2892783505154646
TRAIN,fixed_97_to_99,270.0,,DOWN,0.97,1.0,settlement,0.2892783505154646
TRAIN,fixed_97_to_99,270.0,,DOWN,0.97,1.0,settlement,0.2892783505154646
TRAIN,fixed_97_to_99,270.0,,UP,0.97,1.0,settlement,0.2892783505154646
TRAIN,fixed_97_to_99,270.0,,DOWN,0.97,1.0,settlement,0.2892783505154646
TRAIN,fixed_97_to_99,270.0,,DOWN,0.97,1.0,settlement,0.2892783505154646
TRAIN,fixed_97_to_99,270.0,,DOWN,0.97,1.0,settlement,0.2892783505154646
TRAIN,fixed_97_to_99,270.0,,UP,0.97,1.0,settlement,0.2892783505154646
TRAIN,fixed_97_to_99,270.0,,UP,0.97,1.0,settlement,0.2892783505154646
TRAIN,fixed_97_to_99,270.0,,DOWN,0.97,1.0,settlement,0.2892783505154646
TRAIN,fixed_97_to_99,270.0,,UP,0.97,1.0,settlement,0.2892783505154646
TRAIN,fixed_97_to_99,270.0,,DOWN,0.97,0.0,settlement,-10.02
TRAIN,fixed_97_to_99,270.0,,DOWN,0.97,1.0,settlement,0.2892783505154646
TRAIN,fixed_97_to_99,270.0,,DOWN,0.97,1.0,settlement,0.2892783505154646
TRAIN,fixed_97_to_99,270.0,,DOWN,0.97,1.0,settlement,0.2892783505154646
TRAIN,fixed_97_to_99,270.0,,UP,0.97,1.0,settlement,0.2892783505154646
TRAIN,fixed_97_to_99,270.0,,UP,0.97,1.0,settlement,0.2892783505154646
TRAIN,fixed_97_to_99,270.0,,UP,0.97,1.0,settlement,0.2892783505154646
TRAIN,fixed_97_to_99,270.0,,UP,0.97,1.0,settlement,0.2892783505154646
TRAIN,fixed_97_to_99,270.0,,UP,0.97,1.0,settlement,0.2892783505154646
TRAIN,fixed_97_to_99,270.0,,DOWN,0.97,1.0,settlement,0.2892783505154646
TRAIN,fixed_97_to_99,270.0,,UP,0.97,1.0,settlement,0.2892783505154646
TRAIN,fixed_97_to_99,270.0,,DOWN,0.97,1.0,settlement,0.2892783505154646
TRAIN,fixed_97_to_99,270.0,,UP,0.97,0.0,settlement,-10.02
TRAIN,fixed_97_to_99,270.0,,UP,0.97,1.0,settlement,0.2892783505154646
TRAIN,fixed_97_to_99,270.0,,UP,0.97,1.0,settlement,0.2892783505154646
TRAIN,fixed_97_to_99,270.0,,DOWN,0.97,1.0,settlement,0.2892783505154646
TRAIN,fixed_97_to_99,270.0,,DOWN,0.97,1.0,settlement,0.2892783505154646
TRAIN,fixed_97_to_99,270.0,,UP,0.97,1.0,settlement,0.2892783505154646
TRAIN,fixed_97_to_99,270.0,,DOWN,0.97,1.0,settlement,0.2892783505154646
TRAIN,fixed_97_to_99,270.0,,DOWN,0.97,1.0,settlement,0.2892783505154646
TRAIN,fixed_97_to_99,270.0,,DOWN,0.97,1.0,settlement,0.2892783505154646
TRAIN,fixed_97_to_99,270.0,,DOWN,0.97,0.0,settlement,-10.02
TRAIN,fixed_97_to_99,270.0,,DOWN,0.97,0.0,settlement,-10.02
TRAIN,fixed_97_to_99,270.0,,UP,0.97,1.0,settlement,0.2892783505154646
TRAIN,fixed_97_to_99,270.0,,DOWN,0.97,1.0,settlement,0.2892783505154646
TRAIN,fixed_97_to_99,270.0,,DOWN,0.97,0.0,settlement,-10.02
TRAIN,fixed_97_to_99,270.0,,DOWN,0.97,1.0,settlement,0.2892783505154646
TRAIN,fixed_97_to_99,270.0,,UP,0.97,1.0,settlement,0.2892783505154646
TRAIN,fixed_97_to_99,270.0,,DOWN,0.97,1.0,settlement,0.2892783505154646
TRAIN,fixed_97_to_99,270.0,,DOWN,0.97,1.0,settlement,0.2892783505154646
TRAIN,fixed_97_to_99,270.0,,UP,0.97,1.0,settlement,0.2892783505154646
TRAIN,fixed_97_to_99,270.0,,DOWN,0.97,1.0,settlement,0.2892783505154646
TRAIN,fixed_97_to_99,270.0,,DOWN,0.97,1.0,settlement,0.2892783505154646
TRAIN,fixed_97_to_99,270.0,,DOWN,0.97,1.0,settlement,0.2892783505154646
TRAIN,fixed_97_to_99,270.0,,DOWN,0.97,1.0,settlement,0.2892783505154646
TRAIN,fixed_97_to_99,270.0,,DOWN,0.97,1.0,settlement,0.2892783505154646
TRAIN,fixed_97_to_99,270.0,,DOWN,0.97,1.0,settlement,0.2892783505154646
TRAIN,fixed_97_to_99,270.0,,DOWN,0.97,1.0,settlement,0.2892783505154646
TRAIN,fixed_97_to_99,270.0,,DOWN,0.97,1.0,settlement,0.2892783505154646
TRAIN,fixed_97_to_99,270.0,,UP,0.97,1.0,settlement,0.2892783505154646
TRAIN,fixed_97_to_99,270.0,,UP,0.97,1.0,settlement,0.2892783505154646
TRAIN,fixed_97_to_99,270.0,,DOWN,0.97,1.0,settlement,0.2892783505154646
TRAIN,fixed_97_to_99,270.0,,UP,0.97,1.0,settlement,0.2892783505154646
TRAIN,fixed_97_to_99,270.0,,DOWN,0.97,1.0,settlement,0.2892783505154646
TRAIN,fixed_97_to_99,270.0,,DOWN,0.97,1.0,settlement,0.2892783505154646
TRAIN,fixed_97_to_99,270.0,,DOWN,0.97,1.0,settlement,0.2892783505154646
TRAIN,fixed_97_to_99,270.0,,UP,0.97,1.0,settlement,0.2892783505154646
TRAIN,fixed_97_to_99,270.0,,UP,0.97,1.0,settlement,0.2892783505154646
TRAIN,fixed_97_to_99,270.0,,DOWN,0.97,0.0,settlement,-10.02
TRAIN,fixed_97_to_99,270.0,,UP,0.97,1.0,settlement,0.2892783505154646
TRAIN,fixed_97_to_99,270.0,,UP,0.97,1.0,settlement,0.2892783505154646
TRAIN,fixed_97_to_99,270.0,,DOWN,0.97,1.0,settlement,0.2892783505154646
TRAIN,fixed_97_to_99,270.0,,UP,0.97,1.0,settlement,0.2892783505154646
TRAIN,fixed_97_to_99,270.0,,UP,0.97,1.0,settlement,0.2892783505154646
TRAIN,fixed_97_to_99,270.0,,DOWN,0.97,1.0,settlement,0.2892783505154646
TRAIN,fixed_97_to_99,270.0,,DOWN,0.97,0.0,settlement,-10.02
TRAIN,fixed_97_to_99,270.0,,UP,0.97,1.0,settlement,0.2892783505154646
TRAIN,fixed_97_to_99,270.0,,DOWN,0.97,1.0,settlement,0.2892783505154646
TRAIN,fixed_97_to_99,270.0,,UP,0.97,0.0,settlement,-10.02
TRAIN,fixed_97_to_99,270.0,,DOWN,0.97,1.0,settlement,0.2892783505154646
TRAIN,fixed_97_to_99,270.0,,DOWN,0.97,1.0,settlement,0.2892783505154646
TRAIN,fixed_97_to_99,270.0,,DOWN,0.97,1.0,settlement,0.2892783505154646
TRAIN,fixed_97_to_99,270.0,,DOWN,0.97,1.0,settlement,0.2892783505154646
TRAIN,fixed_97_to_99,270.0,,UP,0.97,1.0,settlement,0.2892783505154646
TRAIN,fixed_97_to_99,270.0,,DOWN,0.97,1.0,settlement,0.2892783505154646
TRAIN,fixed_97_to_99,270.0,,UP,0.97,1.0,settlement,0.2892783505154646
TRAIN,fixed_97_to_99,270.0,,DOWN,0.97,1.0,settlement,0.2892783505154646
TRAIN,fixed_97_to_99,270.0,,DOWN,0.97,1.0,settlement,0.2892783505154646
TRAIN,fixed_97_to_99,270.0,,UP,0.97,1.0,settlement,0.2892783505154646
TRAIN,fixed_97_to_99,270.0,,DOWN,0.97,1.0,settlement,0.2892783505154646
TRAIN,fixed_97_to_99,270.0,,UP,0.97,1.0,settlement,0.2892783505154646
TRAIN,fixed_97_to_99,270.0,,UP,0.97,1.0,settlement,0.2892783505154646
TRAIN,fixed_97_to_99,270.0,,DOWN,0.97,1.0,settlement,0.2892783505154646
TRAIN,fixed_97_to_99,270.0,,UP,0.97,1.0,settlement,0.2892783505154646
TRAIN,fixed_97_to_99,270.0,,DOWN,0.97,1.0,settlement,0.2892783505154646
TRAIN,fixed_97_to_99,270.0,,DOWN,0.97,1.0,settlement,0.2892783505154646
TRAIN,fixed_97_to_99,270.0,,DOWN,0.97,1.0,settlement,0.2892783505154646
TRAIN,fixed_97_to_99,270.0,,UP,0.97,1.0,settlement,0.2892783505154646
TRAIN,fixed_97_to_99,270.0,,UP,0.97,1.0,settlement,0.2892783505154646
TRAIN,fixed_97_to_99,270.0,,DOWN,0.97,0.0,settlement,-10.02
TRAIN,fixed_97_to_99,270.0,,UP,0.97,0.0,settlement,-10.02
TRAIN,fixed_97_to_99,270.0,,UP,0.97,1.0,settlement,0.2892783505154646
TRAIN,fixed_97_to_99,270.0,,DOWN,0.97,1.0,settlement,0.2892783505154646
TRAIN,fixed_97_to_99,270.0,,DOWN,0.97,0.0,settlement,-10.02
TRAIN,fixed_97_to_99,270.0,,UP,0.97,1.0,settlement,0.2892783505154646
TRAIN,fixed_97_to_99,270.0,,DOWN,0.97,1.0,settlement,0.2892783505154646
TRAIN,fixed_97_to_99,270.0,,DOWN,0.97,1.0,settlement,0.2892783505154646
TRAIN,fixed_97_to_99,270.0,,UP,0.97,0.0,settlement,-10.02
TRAIN,fixed_97_to_99,270.0,,UP,0.97,1.0,settlement,0.2892783505154646
TRAIN,fixed_97_to_99,270.0,,UP,0.97,1.0,settlement,0.2892783505154646
TRAIN,fixed_97_to_99,270.0,,UP,0.97,1.0,settlement,0.2892783505154646
TRAIN,fixed_97_to_99,270.0,,DOWN,0.97,1.0,settlement,0.2892783505154646
TRAIN,fixed_97_to_99,270.0,,DOWN,0.97,1.0,settlement,0.2892783505154646
TRAIN,fixed_97_to_99,270.0,,UP,0.97,1.0,settlement,0.2892783505154646
TRAIN,fixed_97_to_99,270.0,,UP,0.97,1.0,settlement,0.2892783505154646
TRAIN,fixed_97_to_99,270.0,,DOWN,0.97,1.0,settlement,0.2892783505154646
TRAIN,fixed_97_to_99,270.0,,UP,0.97,1.0,settlement,0.2892783505154646
TRAIN,fixed_97_to_99,270.0,,UP,0.97,1.0,settlement,0.2892783505154646
TRAIN,fixed_97_to_99,270.0,,DOWN,0.97,1.0,settlement,0.2892783505154646
TRAIN,fixed_97_to_99,270.0,,DOWN,0.97,1.0,settlement,0.2892783505154646
TRAIN,fixed_97_to_99,270.0,,DOWN,0.97,1.0,settlement,0.2892783505154646
TRAIN,fixed_97_to_99,270.0,,DOWN,0.97,1.0,settlement,0.2892783505154646
TRAIN,fixed_97_to_99,270.0,,UP,0.97,1.0,settlement,0.2892783505154646
TRAIN,fixed_97_to_99,270.0,,UP,0.97,1.0,settlement,0.2892783505154646
TRAIN,fixed_97_to_99,270.0,,UP,0.97,1.0,settlement,0.2892783505154646
TRAIN,fixed_97_to_99,270.0,,DOWN,0.97,1.0,settlement,0.2892783505154646
TRAIN,fixed_97_to_99,270.0,,DOWN,0.97,1.0,settlement,0.2892783505154646
TRAIN,fixed_97_to_99,270.0,,DOWN,0.97,1.0,settlement,0.2892783505154646
TRAIN,fixed_97_to_99,270.0,,DOWN,0.97,1.0,settlement,0.2892783505154646
TRAIN,fixed_97_to_99,270.0,,UP,0.97,1.0,settlement,0.2892783505154646
TRAIN,fixed_97_to_99,270.0,,UP,0.97,1.0,settlement,0.2892783505154646
TRAIN,fixed_97_to_99,270.0,,UP,0.97,1.0,settlement,0.2892783505154646
TRAIN,fixed_97_to_99,270.0,,DOWN,0.97,1.0,settlement,0.2892783505154646
TRAIN,fixed_97_to_99,270.0,,DOWN,0.97,1.0,settlement,0.2892783505154646
TRAIN,fixed_97_to_99,270.0,,DOWN,0.97,1.0,settlement,0.2892783505154646
TRAIN,fixed_97_to_99,270.0,,DOWN,0.97,1.0,settlement,0.2892783505154646
TRAIN,fixed_97_to_99,270.0,,DOWN,0.97,0.0,settlement,-10.02
TRAIN,fixed_97_to_99,270.0,,UP,0.97,1.0,settlement,0.2892783505154646
TRAIN,fixed_97_to_99,270.0,,DOWN,0.97,1.0,settlement,0.2892783505154646
TRAIN,fixed_97_to_99,270.0,,DOWN,0.97,0.0,settlement,-10.02
TRAIN,fixed_97_to_99,270.0,,UP,0.97,1.0,settlement,0.2892783505154646
TRAIN,fixed_97_to_99,270.0,,DOWN,0.97,1.0,settlement,0.2892783505154646
TRAIN,fixed_97_to_99,270.0,,DOWN,0.97,1.0,settlement,0.2892783505154646
TRAIN,fixed_97_to_99,270.0,,UP,0.97,1.0,settlement,0.2892783505154646
TRAIN,fixed_97_to_99,270.0,,DOWN,0.97,1.0,settlement,0.2892783505154646
TRAIN,fixed_97_to_99,270.0,,UP,0.97,1.0,settlement,0.2892783505154646
TRAIN,fixed_97_to_99,270.0,,DOWN,0.97,0.0,settlement,-10.02
TRAIN,fixed_97_to_99,270.0,,UP,0.97,1.0,settlement,0.2892783505154646
TRAIN,fixed_97_to_99,270.0,,DOWN,0.97,1.0,settlement,0.2892783505154646
TRAIN,fixed_97_to_99,270.0,,DOWN,0.97,1.0,settlement,0.2892783505154646
TRAIN,fixed_97_to_99,270.0,,DOWN,0.97,1.0,settlement,0.2892783505154646
TRAIN,fixed_97_to_99,270.0,,UP,0.97,1.0,settlement,0.2892783505154646
TRAIN,fixed_97_to_99,270.0,,UP,0.97,1.0,settlement,0.2892783505154646
TRAIN,fixed_97_to_99,270.0,,UP,0.97,1.0,settlement,0.2892783505154646
TRAIN,fixed_97_to_99,270.0,,UP,0.97,1.0,settlement,0.2892783505154646
TRAIN,fixed_97_to_99,270.0,,UP,0.97,1.0,settlement,0.2892783505154646
TRAIN,fixed_97_to_99,270.0,,UP,0.97,1.0,settlement,0.2892783505154646
TRAIN,fixed_97_to_99,270.0,,DOWN,0.97,1.0,settlement,0.2892783505154646
TRAIN,fixed_97_to_99,270.0,,DOWN,0.97,1.0,settlement,0.2892783505154646
TRAIN,fixed_97_to_99,270.0,,UP,0.97,1.0,settlement,0.2892783505154646
TRAIN,fixed_97_to_99,270.0,,DOWN,0.97,1.0,settlement,0.2892783505154646
TRAIN,fixed_97_to_99,270.0,,DOWN,0.97,1.0,settlement,0.2892783505154646
TRAIN,fixed_97_to_99,270.0,,DOWN,0.97,1.0,settlement,0.2892783505154646
TRAIN,fixed_97_to_99,270.0,,UP,0.97,1.0,settlement,0.2892783505154646
TRAIN,fixed_97_to_99,270.0,,UP,0.97,1.0,settlement,0.2892783505154646
TRAIN,fixed_97_to_99,270.0,,DOWN,0.97,1.0,settlement,0.2892783505154646
TRAIN,fixed_97_to_99,270.0,,DOWN,0.97,1.0,settlement,0.2892783505154646
TRAIN,fixed_97_to_99,270.0,,UP,0.97,1.0,settlement,0.2892783505154646
TRAIN,fixed_97_to_99,270.0,,DOWN,0.97,1.0,settlement,0.2892783505154646
TRAIN,fixed_97_to_99,270.0,,UP,0.97,1.0,settlement,0.2892783505154646
TRAIN,fixed_97_to_99,270.0,,UP,0.97,1.0,settlement,0.2892783505154646
TRAIN,fixed_97_to_99,270.0,,UP,0.97,1.0,settlement,0.2892783505154646
TRAIN,fixed_97_to_99,270.0,,DOWN,0.97,1.0,settlement,0.2892783505154646
TRAIN,fixed_97_to_99,270.0,,DOWN,0.97,1.0,settlement,0.2892783505154646
TRAIN,fixed_97_to_99,270.0,,DOWN,0.97,0.0,settlement,-10.02
TRAIN,fixed_97_to_99,270.0,,DOWN,0.97,1.0,settlement,0.2892783505154646
TRAIN,fixed_97_to_99,270.0,,UP,0.97,1.0,settlement,0.2892783505154646
TRAIN,fixed_97_to_99,270.0,,DOWN,0.97,1.0,settlement,0.2892783505154646
TRAIN,fixed_97_to_99,270.0,,UP,0.97,1.0,settlement,0.2892783505154646
TRAIN,fixed_97_to_99,270.0,,DOWN,0.97,1.0,settlement,0.2892783505154646
TRAIN,fixed_97_to_99,270.0,,UP,0.97,1.0,settlement,0.2892783505154646
TRAIN,fixed_97_to_99,270.0,,UP,0.97,1.0,settlement,0.2892783505154646
TRAIN,fixed_97_to_99,270.0,,DOWN,0.97,1.0,settlement,0.2892783505154646
TRAIN,fixed_97_to_99,270.0,,DOWN,0.97,0.0,settlement,-10.02
TRAIN,fixed_97_to_99,270.0,,DOWN,0.97,1.0,settlement,0.2892783505154646
TRAIN,fixed_97_to_99,270.0,,DOWN,0.97,1.0,settlement,0.2892783505154646
TRAIN,fixed_97_to_99,270.0,,UP,0.97,1.0,settlement,0.2892783505154646
TRAIN,fixed_97_to_99,270.0,,DOWN,0.97,1.0,settlement,0.2892783505154646
TRAIN,fixed_97_to_99,270.0,,DOWN,0.97,1.0,settlement,0.2892783505154646
TRAIN,fixed_97_to_99,270.0,,DOWN,0.97,1.0,settlement,0.2892783505154646
TRAIN,fixed_97_to_99,270.0,,DOWN,0.97,0.0,settlement,-10.02
TRAIN,fixed_97_to_99,270.0,,DOWN,0.97,1.0,settlement,0.2892783505154646
TRAIN,fixed_97_to_99,270.0,,UP,0.97,1.0,settlement,0.2892783505154646
TRAIN,fixed_97_to_99,270.0,,UP,0.97,1.0,settlement,0.2892783505154646
TRAIN,fixed_97_to_99,270.0,,DOWN,0.97,1.0,settlement,0.2892783505154646
TRAIN,fixed_97_to_99,270.0,,DOWN,0.97,1.0,settlement,0.2892783505154646
TRAIN,fixed_97_to_99,270.0,,DOWN,0.97,1.0,settlement,0.2892783505154646
TRAIN,fixed_97_to_99,270.0,,DOWN,0.97,1.0,settlement,0.2892783505154646
TRAIN,fixed_97_to_99,270.0,,UP,0.97,1.0,settlement,0.2892783505154646
TRAIN,fixed_97_to_99,270.0,,DOWN,0.97,1.0,settlement,0.2892783505154646
TRAIN,fixed_97_to_99,270.0,,DOWN,0.97,1.0,settlement,0.2892783505154646
TRAIN,fixed_97_to_99,270.0,,DOWN,0.97,1.0,settlement,0.2892783505154646
TRAIN,fixed_97_to_99,270.0,,UP,0.97,1.0,settlement,0.2892783505154646
TRAIN,fixed_97_to_99,270.0,,DOWN,0.97,1.0,settlement,0.2892783505154646
TRAIN,fixed_97_to_99,270.0,,DOWN,0.97,0.0,settlement,-10.02
TRAIN,fixed_97_to_99,270.0,,DOWN,0.97,1.0,settlement,0.2892783505154646
TRAIN,fixed_97_to_99,270.0,,UP,0.97,1.0,settlement,0.2892783505154646
TRAIN,fixed_97_to_99,270.0,,UP,0.97,1.0,settlement,0.2892783505154646
TRAIN,fixed_97_to_99,270.0,,DOWN,0.97,1.0,settlement,0.2892783505154646
TRAIN,fixed_97_to_99,270.0,,UP,0.97,1.0,settlement,0.2892783505154646
TRAIN,fixed_97_to_99,270.0,,DOWN,0.97,1.0,settlement,0.2892783505154646
TRAIN,fixed_97_to_99,270.0,,UP,0.97,1.0,settlement,0.2892783505154646
TRAIN,fixed_97_to_99,270.0,,UP,0.97,1.0,settlement,0.2892783505154646
TRAIN,fixed_97_to_99,270.0,,UP,0.97,1.0,settlement,0.2892783505154646
TRAIN,fixed_97_to_99,270.0,,DOWN,0.97,1.0,settlement,0.2892783505154646
TRAIN,fixed_97_to_99,270.0,,UP,0.97,1.0,settlement,0.2892783505154646
TRAIN,fixed_97_to_99,270.0,,UP,0.97,1.0,settlement,0.2892783505154646
TRAIN,fixed_97_to_99,270.0,,DOWN,0.97,1.0,settlement,0.2892783505154646
TRAIN,fixed_97_to_99,270.0,,DOWN,0.97,1.0,settlement,0.2892783505154646
TRAIN,fixed_97_to_99,270.0,,DOWN,0.97,1.0,settlement,0.2892783505154646
TRAIN,fixed_97_to_99,270.0,,UP,0.97,1.0,settlement,0.2892783505154646
TRAIN,fixed_97_to_99,270.0,,UP,0.97,1.0,settlement,0.2892783505154646
TRAIN,fixed_97_to_99,270.0,,DOWN,0.97,0.0,settlement,-10.02
TRAIN,fixed_97_to_99,270.0,,UP,0.97,1.0,settlement,0.2892783505154646
TRAIN,fixed_97_to_99,270.0,,UP,0.97,1.0,settlement,0.2892783505154646
TRAIN,fixed_97_to_99,270.0,,DOWN,0.97,1.0,settlement,0.2892783505154646
TRAIN,fixed_97_to_99,270.0,,DOWN,0.97,1.0,settlement,0.2892783505154646
TRAIN,fixed_97_to_99,270.0,,UP,0.97,1.0,settlement,0.2892783505154646
TRAIN,fixed_97_to_99,270.0,,DOWN,0.97,1.0,settlement,0.2892783505154646
TRAIN,fixed_97_to_99,270.0,,DOWN,0.97,1.0,settlement,0.2892783505154646
TRAIN,fixed_97_to_99,270.0,,UP,0.97,1.0,settlement,0.2892783505154646
TRAIN,fixed_97_to_99,270.0,,UP,0.97,1.0,settlement,0.2892783505154646
TRAIN,fixed_97_to_99,270.0,,UP,0.97,1.0,settlement,0.2892783505154646
TRAIN,fixed_97_to_99,270.0,,DOWN,0.97,0.0,settlement,-10.02
TRAIN,fixed_97_to_99,270.0,,UP,0.97,0.0,settlement,-10.02
TRAIN,fixed_97_to_99,270.0,,UP,0.97,0.0,settlement,-10.02
TRAIN,fixed_97_to_99,270.0,,UP,0.97,1.0,settlement,0.2892783505154646
TRAIN,fixed_97_to_99,270.0,,DOWN,0.97,1.0,settlement,0.2892783505154646
TRAIN,fixed_97_to_99,270.0,,UP,0.97,1.0,settlement,0.2892783505154646
TRAIN,fixed_97_to_99,270.0,,DOWN,0.97,1.0,settlement,0.2892783505154646
TRAIN,fixed_97_to_99,270.0,,UP,0.97,1.0,settlement,0.2892783505154646
TRAIN,fixed_97_to_99,270.0,,DOWN,0.97,1.0,settlement,0.2892783505154646
TRAIN,fixed_97_to_99,270.0,,UP,0.97,1.0,settlement,0.2892783505154646
TRAIN,fixed_97_to_99,270.0,,UP,0.97,1.0,settlement,0.2892783505154646
TRAIN,fixed_97_to_99,270.0,,DOWN,0.97,1.0,settlement,0.2892783505154646
TRAIN,fixed_97_to_99,270.0,,DOWN,0.97,1.0,settlement,0.2892783505154646
TRAIN,fixed_97_to_99,270.0,,DOWN,0.97,1.0,settlement,0.2892783505154646
TRAIN,fixed_97_to_99,270.0,,UP,0.97,1.0,settlement,0.2892783505154646
TRAIN,fixed_97_to_99,270.0,,DOWN,0.97,1.0,settlement,0.2892783505154646
TRAIN,fixed_97_to_99,270.0,,UP,0.97,1.0,settlement,0.2892783505154646
TRAIN,fixed_97_to_99,270.0,,UP,0.97,1.0,settlement,0.2892783505154646
TRAIN,fixed_97_to_99,270.0,,UP,0.97,1.0,settlement,0.2892783505154646
TRAIN,fixed_97_to_99,270.0,,DOWN,0.97,1.0,settlement,0.2892783505154646
TRAIN,fixed_97_to_99,270.0,,DOWN,0.97,1.0,settlement,0.2892783505154646
TRAIN,fixed_97_to_99,270.0,,DOWN,0.97,1.0,settlement,0.2892783505154646
TRAIN,fixed_97_to_99,270.0,,UP,0.97,1.0,settlement,0.2892783505154646
TRAIN,fixed_97_to_99,270.0,,DOWN,0.97,1.0,settlement,0.2892783505154646
TRAIN,fixed_97_to_99,270.0,,UP,0.97,1.0,settlement,0.2892783505154646
TRAIN,fixed_97_to_99,270.0,,DOWN,0.97,1.0,settlement,0.2892783505154646
TRAIN,fixed_97_to_99,270.0,,UP,0.97,1.0,settlement,0.2892783505154646
TRAIN,fixed_97_to_99,270.0,,UP,0.97,1.0,settlement,0.2892783505154646
TRAIN,fixed_97_to_99,270.0,,UP,0.97,1.0,settlement,0.2892783505154646
TRAIN,fixed_97_to_99,270.0,,UP,0.97,1.0,settlement,0.2892783505154646
TRAIN,fixed_97_to_99,270.0,,UP,0.97,1.0,settlement,0.2892783505154646
TRAIN,fixed_97_to_99,270.0,,DOWN,0.97,1.0,settlement,0.2892783505154646
TRAIN,fixed_97_to_99,270.0,,DOWN,0.97,1.0,settlement,0.2892783505154646
TRAIN,fixed_97_to_99,270.0,,UP,0.97,1.0,settlement,0.2892783505154646
TRAIN,fixed_97_to_99,270.0,,DOWN,0.97,1.0,settlement,0.2892783505154646
TRAIN,fixed_97_to_99,270.0,,UP,0.97,1.0,settlement,0.2892783505154646
TRAIN,fixed_97_to_99,270.0,,UP,0.97,1.0,settlement,0.2892783505154646
TRAIN,fixed_97_to_99,270.0,,DOWN,0.97,1.0,settlement,0.2892783505154646
TRAIN,fixed_97_to_99,270.0,,DOWN,0.97,1.0,settlement,0.2892783505154646
TRAIN,fixed_97_to_99,270.0,,UP,0.97,1.0,settlement,0.2892783505154646
TRAIN,fixed_97_to_99,270.0,,UP,0.97,1.0,settlement,0.2892783505154646
TRAIN,fixed_97_to_99,270.0,,DOWN,0.97,1.0,settlement,0.2892783505154646
TRAIN,fixed_97_to_99,270.0,,UP,0.97,1.0,settlement,0.2892783505154646
TRAIN,fixed_97_to_99,270.0,,DOWN,0.97,1.0,settlement,0.2892783505154646
TRAIN,fixed_97_to_99,270.0,,DOWN,0.97,1.0,settlement,0.2892783505154646
TRAIN,fixed_97_to_99,270.0,,UP,0.97,1.0,settlement,0.2892783505154646
TRAIN,fixed_97_to_99,270.0,,DOWN,0.97,1.0,settlement,0.2892783505154646
TRAIN,fixed_97_to_99,270.0,,UP,0.97,1.0,settlement,0.2892783505154646
TRAIN,fixed_97_to_99,270.0,,UP,0.97,1.0,settlement,0.2892783505154646
TRAIN,fixed_97_to_99,270.0,,UP,0.97,1.0,settlement,0.2892783505154646
TRAIN,fixed_97_to_99,270.0,,UP,0.97,1.0,settlement,0.2892783505154646
TRAIN,fixed_97_to_99,270.0,,UP,0.97,1.0,settlement,0.2892783505154646
TRAIN,fixed_97_to_99,270.0,,UP,0.97,1.0,settlement,0.2892783505154646
TRAIN,fixed_97_to_99,270.0,,UP,0.97,1.0,settlement,0.2892783505154646
TRAIN,fixed_97_to_99,270.0,,UP,0.97,1.0,settlement,0.2892783505154646
TRAIN,fixed_97_to_99,270.0,,DOWN,0.97,0.0,settlement,-10.02
TRAIN,fixed_97_to_99,270.0,,DOWN,0.97,1.0,settlement,0.2892783505154646
TRAIN,fixed_97_to_99,270.0,,UP,0.97,0.0,settlement,-10.02
TRAIN,fixed_97_to_99,270.0,,DOWN,0.97,1.0,settlement,0.2892783505154646
TRAIN,fixed_97_to_99,270.0,,DOWN,0.97,1.0,settlement,0.2892783505154646
TRAIN,fixed_97_to_99,270.0,,DOWN,0.97,1.0,settlement,0.2892783505154646
TRAIN,fixed_97_to_99,270.0,,DOWN,0.97,1.0,settlement,0.2892783505154646
TRAIN,fixed_97_to_99,270.0,,DOWN,0.97,1.0,settlement,0.2892783505154646
TRAIN,fixed_97_to_99,270.0,,UP,0.97,1.0,settlement,0.2892783505154646
TRAIN,fixed_97_to_99,270.0,,DOWN,0.97,1.0,settlement,0.2892783505154646
TRAIN,fixed_97_to_99,270.0,,DOWN,0.97,1.0,settlement,0.2892783505154646
TRAIN,fixed_97_to_99,270.0,,UP,0.97,1.0,settlement,0.2892783505154646
TRAIN,fixed_97_to_99,270.0,,UP,0.97,1.0,settlement,0.2892783505154646
TRAIN,fixed_97_to_99,270.0,,DOWN,0.97,1.0,settlement,0.2892783505154646
TRAIN,fixed_97_to_99,270.0,,DOWN,0.97,1.0,settlement,0.2892783505154646
TRAIN,fixed_97_to_99,270.0,,UP,0.97,1.0,settlement,0.2892783505154646
TRAIN,fixed_97_to_99,270.0,,DOWN,0.97,1.0,settlement,0.2892783505154646
TRAIN,fixed_97_to_99,270.0,,UP,0.97,1.0,settlement,0.2892783505154646
TRAIN,fixed_97_to_99,270.0,,DOWN,0.97,1.0,settlement,0.2892783505154646
TRAIN,fixed_97_to_99,270.0,,UP,0.97,1.0,settlement,0.2892783505154646
TRAIN,fixed_97_to_99,270.0,,DOWN,0.97,0.0,settlement,-10.02
TRAIN,fixed_97_to_99,270.0,,DOWN,0.97,1.0,settlement,0.2892783505154646
TRAIN,fixed_97_to_99,270.0,,DOWN,0.97,1.0,settlement,0.2892783505154646
TRAIN,fixed_97_to_99,270.0,,UP,0.97,1.0,settlement,0.2892783505154646
TRAIN,fixed_97_to_99,270.0,,DOWN,0.97,1.0,settlement,0.2892783505154646
TRAIN,fixed_97_to_99,270.0,,UP,0.97,1.0,settlement,0.2892783505154646
TRAIN,fixed_97_to_99,270.0,,DOWN,0.97,1.0,settlement,0.2892783505154646
TRAIN,fixed_97_to_99,270.0,,DOWN,0.97,1.0,settlement,0.2892783505154646
TRAIN,fixed_97_to_99,270.0,,DOWN,0.97,1.0,settlement,0.2892783505154646
TRAIN,fixed_97_to_99,270.0,,DOWN,0.97,1.0,settlement,0.2892783505154646
TRAIN,fixed_97_to_99,270.0,,DOWN,0.97,1.0,settlement,0.2892783505154646
TRAIN,fixed_97_to_99,270.0,,DOWN,0.97,0.0,settlement,-10.02
TRAIN,fixed_97_to_99,270.0,,DOWN,0.97,1.0,settlement,0.2892783505154646
TRAIN,fixed_97_to_99,270.0,,UP,0.97,1.0,settlement,0.2892783505154646
TRAIN,fixed_97_to_99,270.0,,UP,0.97,1.0,settlement,0.2892783505154646
TRAIN,fixed_97_to_99,270.0,,DOWN,0.97,1.0,settlement,0.2892783505154646
TRAIN,fixed_97_to_99,270.0,,UP,0.97,1.0,settlement,0.2892783505154646
TRAIN,fixed_97_to_99,270.0,,UP,0.97,1.0,settlement,0.2892783505154646
TRAIN,fixed_97_to_99,270.0,,UP,0.97,1.0,settlement,0.2892783505154646
TRAIN,fixed_97_to_99,270.0,,DOWN,0.97,1.0,settlement,0.2892783505154646
TRAIN,fixed_97_to_99,270.0,,UP,0.97,1.0,settlement,0.2892783505154646
TRAIN,fixed_97_to_99,270.0,,DOWN,0.97,1.0,settlement,0.2892783505154646
TRAIN,fixed_97_to_99,270.0,,UP,0.97,1.0,settlement,0.2892783505154646
TRAIN,fixed_97_to_99,270.0,,DOWN,0.97,1.0,settlement,0.2892783505154646
TRAIN,fixed_97_to_99,270.0,,UP,0.97,1.0,settlement,0.2892783505154646
TRAIN,fixed_97_to_99,270.0,,DOWN,0.97,1.0,settlement,0.2892783505154646
TRAIN,fixed_97_to_99,270.0,,UP,0.97,1.0,settlement,0.2892783505154646
TRAIN,fixed_97_to_99,270.0,,UP,0.97,1.0,settlement,0.2892783505154646
TRAIN,fixed_97_to_99,270.0,,DOWN,0.97,1.0,settlement,0.2892783505154646
TRAIN,fixed_97_to_99,270.0,,DOWN,0.97,1.0,settlement,0.2892783505154646
TRAIN,fixed_97_to_99,270.0,,DOWN,0.97,0.0,settlement,-10.02
TRAIN,fixed_97_to_99,270.0,,UP,0.97,1.0,settlement,0.2892783505154646
TRAIN,fixed_97_to_99,270.0,,UP,0.97,1.0,settlement,0.2892783505154646
TRAIN,fixed_97_to_99,270.0,,DOWN,0.97,1.0,settlement,0.2892783505154646
TRAIN,fixed_97_to_99,270.0,,UP,0.97,1.0,settlement,0.2892783505154646
TRAIN,fixed_97_to_99,270.0,,DOWN,0.97,1.0,settlement,0.2892783505154646
TRAIN,fixed_97_to_99,270.0,,UP,0.97,1.0,settlement,0.2892783505154646
TRAIN,fixed_97_to_99,270.0,,UP,0.97,1.0,settlement,0.2892783505154646
TRAIN,fixed_97_to_99,270.0,,DOWN,0.97,1.0,settlement,0.2892783505154646
TRAIN,fixed_97_to_99,270.0,,UP,0.97,0.0,settlement,-10.02
TRAIN,fixed_97_to_99,270.0,,UP,0.97,1.0,settlement,0.2892783505154646
TRAIN,fixed_97_to_99,270.0,,DOWN,0.97,1.0,settlement,0.2892783505154646
TRAIN,fixed_97_to_99,270.0,,UP,0.97,0.0,settlement,-10.02
TRAIN,fixed_97_to_99,270.0,,DOWN,0.97,1.0,settlement,0.2892783505154646
TRAIN,fixed_97_to_99,270.0,,DOWN,0.97,1.0,settlement,0.2892783505154646
TRAIN,fixed_97_to_99,270.0,,DOWN,0.97,1.0,settlement,0.2892783505154646
TRAIN,fixed_97_to_99,270.0,,UP,0.97,1.0,settlement,0.2892783505154646
TRAIN,fixed_97_to_99,270.0,,UP,0.97,1.0,settlement,0.2892783505154646
TRAIN,fixed_97_to_99,270.0,,DOWN,0.97,1.0,settlement,0.2892783505154646
TRAIN,fixed_97_to_99,270.0,,UP,0.97,1.0,settlement,0.2892783505154646
TRAIN,fixed_97_to_99,270.0,,UP,0.97,1.0,settlement,0.2892783505154646
TRAIN,fixed_97_to_99,270.0,,DOWN,0.97,0.0,settlement,-10.02
TRAIN,fixed_97_to_99,270.0,,DOWN,0.97,1.0,settlement,0.2892783505154646
TRAIN,fixed_97_to_99,270.0,,UP,0.97,1.0,settlement,0.2892783505154646
TRAIN,fixed_97_to_99,270.0,,DOWN,0.97,1.0,settlement,0.2892783505154646
TRAIN,fixed_97_to_99,270.0,,UP,0.97,1.0,settlement,0.2892783505154646
TRAIN,fixed_97_to_99,270.0,,UP,0.97,1.0,settlement,0.2892783505154646
TRAIN,fixed_97_to_99,270.0,,UP,0.97,1.0,settlement,0.2892783505154646
TRAIN,fixed_97_to_99,270.0,,DOWN,0.97,1.0,settlement,0.2892783505154646
TRAIN,fixed_97_to_99,270.0,,DOWN,0.97,0.0,settlement,-10.02
TRAIN,fixed_97_to_99,270.0,,UP,0.97,1.0,settlement,0.2892783505154646
TRAIN,fixed_97_to_99,270.0,,UP,0.97,0.0,settlement,-10.02
TRAIN,fixed_97_to_99,270.0,,UP,0.97,1.0,settlement,0.2892783505154646
TRAIN,fixed_97_to_99,270.0,,DOWN,0.97,0.0,settlement,-10.02
TRAIN,fixed_97_to_99,270.0,,DOWN,0.97,1.0,settlement,0.2892783505154646
TRAIN,fixed_97_to_99,270.0,,UP,0.97,1.0,settlement,0.2892783505154646
TRAIN,fixed_97_to_99,270.0,,UP,0.97,1.0,settlement,0.2892783505154646
TRAIN,fixed_97_to_99,270.0,,DOWN,0.97,1.0,settlement,0.2892783505154646
TRAIN,fixed_97_to_99,270.0,,DOWN,0.97,0.0,settlement,-10.02
TRAIN,fixed_97_to_99,270.0,,UP,0.97,1.0,settlement,0.2892783505154646
TRAIN,fixed_97_to_99,270.0,,DOWN,0.97,1.0,settlement,0.2892783505154646
TRAIN,fixed_97_to_99,270.0,,DOWN,0.97,1.0,settlement,0.2892783505154646
TRAIN,fixed_97_to_99,270.0,,DOWN,0.97,1.0,settlement,0.2892783505154646
TRAIN,fixed_97_to_99,270.0,,DOWN,0.97,1.0,settlement,0.2892783505154646
TRAIN,fixed_97_to_99,270.0,,UP,0.97,0.0,settlement,-10.02
TRAIN,fixed_97_to_99,270.0,,UP,0.97,1.0,settlement,0.2892783505154646
TRAIN,fixed_97_to_99,270.0,,UP,0.97,1.0,settlement,0.2892783505154646
TRAIN,fixed_97_to_99,270.0,,UP,0.97,1.0,settlement,0.2892783505154646
TRAIN,fixed_97_to_99,270.0,,UP,0.97,1.0,settlement,0.2892783505154646
TRAIN,fixed_97_to_99,270.0,,UP,0.97,1.0,settlement,0.2892783505154646
TRAIN,fixed_97_to_99,270.0,,DOWN,0.97,1.0,settlement,0.2892783505154646
TRAIN,fixed_97_to_99,270.0,,DOWN,0.97,1.0,settlement,0.2892783505154646
TRAIN,fixed_97_to_99,270.0,,DOWN,0.97,1.0,settlement,0.2892783505154646
TRAIN,fixed_97_to_99,270.0,,UP,0.97,1.0,settlement,0.2892783505154646
TRAIN,fixed_97_to_99,270.0,,UP,0.97,1.0,settlement,0.2892783505154646
TRAIN,fixed_97_to_99,270.0,,UP,0.97,0.0,settlement,-10.02
TRAIN,fixed_97_to_99,270.0,,DOWN,0.97,1.0,settlement,0.2892783505154646
TRAIN,fixed_97_to_99,270.0,,DOWN,0.97,1.0,settlement,0.2892783505154646
TRAIN,fixed_97_to_99,270.0,,UP,0.97,1.0,settlement,0.2892783505154646
TRAIN,fixed_97_to_99,270.0,,UP,0.97,1.0,settlement,0.2892783505154646
TRAIN,fixed_97_to_99,270.0,,DOWN,0.97,1.0,settlement,0.2892783505154646
TRAIN,fixed_97_to_99,270.0,,UP,0.97,0.0,settlement,-10.02
TRAIN,fixed_97_to_99,270.0,,DOWN,0.97,1.0,settlement,0.2892783505154646
TRAIN,fixed_97_to_99,270.0,,UP,0.97,1.0,settlement,0.2892783505154646
TRAIN,fixed_97_to_99,270.0,,UP,0.97,1.0,settlement,0.2892783505154646
TRAIN,fixed_97_to_99,270.0,,DOWN,0.97,1.0,settlement,0.2892783505154646
TRAIN,fixed_97_to_99,270.0,,DOWN,0.97,1.0,settlement,0.2892783505154646
TRAIN,fixed_97_to_99,270.0,,DOWN,0.97,1.0,settlement,0.2892783505154646
TRAIN,fixed_97_to_99,270.0,,UP,0.97,1.0,settlement,0.2892783505154646
TRAIN,fixed_97_to_99,270.0,,UP,0.97,1.0,settlement,0.2892783505154646
TRAIN,fixed_97_to_99,270.0,,DOWN,0.97,1.0,settlement,0.2892783505154646
TRAIN,fixed_97_to_99,270.0,,UP,0.97,1.0,settlement,0.2892783505154646
TRAIN,fixed_97_to_99,270.0,,UP,0.97,1.0,settlement,0.2892783505154646
TRAIN,fixed_97_to_99,270.0,,DOWN,0.97,0.0,settlement,-10.02
TRAIN,fixed_97_to_99,270.0,,UP,0.97,1.0,settlement,0.2892783505154646
TRAIN,fixed_97_to_99,270.0,,UP,0.97,1.0,settlement,0.2892783505154646
TRAIN,fixed_97_to_99,270.0,,UP,0.97,1.0,settlement,0.2892783505154646
TRAIN,fixed_97_to_99,270.0,,DOWN,0.97,0.0,settlement,-10.02
TRAIN,fixed_97_to_99,270.0,,UP,0.97,1.0,settlement,0.2892783505154646
TRAIN,fixed_97_to_99,270.0,,UP,0.97,0.0,settlement,-10.02
TRAIN,fixed_97_to_99,270.0,,UP,0.97,1.0,settlement,0.2892783505154646
TRAIN,fixed_97_to_99,270.0,,DOWN,0.97,1.0,settlement,0.2892783505154646
TRAIN,fixed_97_to_99,270.0,,UP,0.97,1.0,settlement,0.2892783505154646
TRAIN,fixed_97_to_99,270.0,,DOWN,0.97,1.0,settlement,0.2892783505154646
TRAIN,fixed_97_to_99,270.0,,UP,0.97,1.0,settlement,0.2892783505154646
TRAIN,fixed_97_to_99,270.0,,DOWN,0.97,1.0,settlement,0.2892783505154646
TRAIN,fixed_97_to_99,270.0,,DOWN,0.97,1.0,settlement,0.2892783505154646
TRAIN,fixed_97_to_99,270.0,,DOWN,0.97,1.0,settlement,0.2892783505154646
TRAIN,fixed_97_to_99,270.0,,UP,0.97,1.0,settlement,0.2892783505154646
TRAIN,fixed_97_to_99,270.0,,UP,0.97,1.0,settlement,0.2892783505154646
TRAIN,fixed_97_to_99,270.0,,UP,0.97,1.0,settlement,0.2892783505154646
TRAIN,fixed_97_to_99,270.0,,UP,0.97,1.0,settlement,0.2892783505154646
TRAIN,fixed_97_to_99,270.0,,UP,0.97,1.0,settlement,0.2892783505154646
TRAIN,fixed_97_to_99,270.0,,DOWN,0.97,1.0,settlement,0.2892783505154646
TRAIN,fixed_97_to_99,270.0,,UP,0.97,1.0,settlement,0.2892783505154646
TRAIN,fixed_97_to_99,270.0,,UP,0.97,1.0,settlement,0.2892783505154646
TRAIN,fixed_97_to_99,270.0,,UP,0.97,1.0,settlement,0.2892783505154646
TRAIN,fixed_97_to_99,270.0,,DOWN,0.97,1.0,settlement,0.2892783505154646
TRAIN,fixed_97_to_99,270.0,,UP,0.97,1.0,settlement,0.2892783505154646
TRAIN,fixed_97_to_99,270.0,,DOWN,0.97,1.0,settlement,0.2892783505154646
TRAIN,fixed_97_to_99,270.0,,UP,0.97,1.0,settlement,0.2892783505154646
TRAIN,fixed_97_to_99,270.0,,UP,0.97,1.0,settlement,0.2892783505154646
TRAIN,fixed_97_to_99,270.0,,DOWN,0.97,1.0,settlement,0.2892783505154646
TRAIN,fixed_97_to_99,270.0,,UP,0.97,1.0,settlement,0.2892783505154646
TRAIN,fixed_97_to_99,270.0,,DOWN,0.97,1.0,settlement,0.2892783505154646
TRAIN,fixed_97_to_99,270.0,,DOWN,0.97,0.0,settlement,-10.02
TRAIN,fixed_97_to_99,270.0,,UP,0.97,1.0,settlement,0.2892783505154646
TRAIN,fixed_97_to_99,270.0,,DOWN,0.97,0.0,settlement,-10.02
TRAIN,fixed_97_to_99,270.0,,UP,0.97,1.0,settlement,0.2892783505154646
TRAIN,fixed_97_to_99,270.0,,UP,0.97,1.0,settlement,0.2892783505154646
TRAIN,fixed_97_to_99,270.0,,UP,0.97,1.0,settlement,0.2892783505154646
TRAIN,fixed_97_to_99,270.0,,UP,0.97,1.0,settlement,0.2892783505154646
TRAIN,fixed_97_to_99,270.0,,DOWN,0.97,1.0,settlement,0.2892783505154646
TRAIN,fixed_97_to_99,270.0,,DOWN,0.97,1.0,settlement,0.2892783505154646
TRAIN,fixed_97_to_99,270.0,,UP,0.97,1.0,settlement,0.2892783505154646
TRAIN,fixed_97_to_99,270.0,,DOWN,0.97,1.0,settlement,0.2892783505154646
TRAIN,fixed_97_to_99,270.0,,DOWN,0.97,1.0,settlement,0.2892783505154646
TRAIN,fixed_97_to_99,270.0,,DOWN,0.97,1.0,settlement,0.2892783505154646
TRAIN,fixed_97_to_99,270.0,,UP,0.97,1.0,settlement,0.2892783505154646
TRAIN,fixed_97_to_99,270.0,,DOWN,0.97,1.0,settlement,0.2892783505154646
TRAIN,fixed_97_to_99,270.0,,DOWN,0.97,1.0,settlement,0.2892783505154646
TRAIN,fixed_97_to_99,270.0,,DOWN,0.97,1.0,settlement,0.2892783505154646
TRAIN,fixed_97_to_99,270.0,,DOWN,0.97,1.0,settlement,0.2892783505154646
TRAIN,fixed_97_to_99,270.0,,DOWN,0.97,1.0,settlement,0.2892783505154646
TRAIN,fixed_97_to_99,270.0,,DOWN,0.97,1.0,settlement,0.2892783505154646
TRAIN,fixed_97_to_99,270.0,,UP,0.97,1.0,settlement,0.2892783505154646
TRAIN,fixed_97_to_99,270.0,,UP,0.97,1.0,settlement,0.2892783505154646
TRAIN,fixed_97_to_99,270.0,,DOWN,0.97,1.0,settlement,0.2892783505154646
TRAIN,fixed_97_to_99,270.0,,DOWN,0.97,1.0,settlement,0.2892783505154646
TRAIN,fixed_97_to_99,270.0,,UP,0.97,1.0,settlement,0.2892783505154646
TRAIN,fixed_97_to_99,270.0,,DOWN,0.97,1.0,settlement,0.2892783505154646
TRAIN,fixed_97_to_99,270.0,,UP,0.97,1.0,settlement,0.2892783505154646
TRAIN,fixed_97_to_99,270.0,,DOWN,0.97,0.0,settlement,-10.02
TRAIN,fixed_97_to_99,270.0,,UP,0.97,1.0,settlement,0.2892783505154646
TRAIN,fixed_97_to_99,270.0,,DOWN,0.97,1.0,settlement,0.2892783505154646
TRAIN,fixed_97_to_99,270.0,,DOWN,0.97,1.0,settlement,0.2892783505154646
TRAIN,fixed_97_to_99,270.0,,UP,0.97,1.0,settlement,0.2892783505154646
TRAIN,fixed_97_to_99,270.0,,DOWN,0.97,1.0,settlement,0.2892783505154646
TRAIN,fixed_97_to_99,270.0,,UP,0.97,1.0,settlement,0.2892783505154646
TRAIN,fixed_97_to_99,270.0,,UP,0.97,1.0,settlement,0.2892783505154646
TRAIN,fixed_97_to_99,270.0,,UP,0.97,1.0,settlement,0.2892783505154646
TRAIN,fixed_97_to_99,270.0,,DOWN,0.97,0.0,settlement,-10.02
TRAIN,fixed_97_to_99,270.0,,DOWN,0.97,1.0,settlement,0.2892783505154646
TRAIN,fixed_97_to_99,270.0,,UP,0.97,1.0,settlement,0.2892783505154646
TRAIN,fixed_97_to_99,270.0,,DOWN,0.97,1.0,settlement,0.2892783505154646
TRAIN,fixed_97_to_99,270.0,,DOWN,0.97,1.0,settlement,0.2892783505154646
TRAIN,fixed_97_to_99,270.0,,UP,0.97,1.0,settlement,0.2892783505154646
TRAIN,fixed_97_to_99,270.0,,DOWN,0.97,1.0,settlement,0.2892783505154646
TRAIN,fixed_97_to_99,270.0,,UP,0.97,1.0,settlement,0.2892783505154646
TRAIN,fixed_97_to_99,270.0,,UP,0.97,1.0,settlement,0.2892783505154646
TRAIN,fixed_97_to_99,270.0,,DOWN,0.97,0.0,settlement,-10.02
TRAIN,fixed_97_to_99,270.0,,DOWN,0.97,1.0,settlement,0.2892783505154646
TRAIN,fixed_97_to_99,270.0,,DOWN,0.97,1.0,settlement,0.2892783505154646
TRAIN,fixed_97_to_99,270.0,,DOWN,0.97,1.0,settlement,0.2892783505154646
TRAIN,fixed_97_to_99,270.0,,DOWN,0.97,1.0,settlement,0.2892783505154646
TRAIN,fixed_97_to_99,270.0,,DOWN,0.97,1.0,settlement,0.2892783505154646
TRAIN,fixed_97_to_99,270.0,,DOWN,0.97,1.0,settlement,0.2892783505154646
TRAIN,fixed_97_to_99,270.0,,DOWN,0.97,1.0,settlement,0.2892783505154646
TRAIN,fixed_97_to_99,270.0,,UP,0.97,1.0,settlement,0.2892783505154646
TRAIN,fixed_97_to_99,270.0,,DOWN,0.97,1.0,settlement,0.2892783505154646
TRAIN,fixed_97_to_99,270.0,,DOWN,0.97,1.0,settlement,0.2892783505154646
TRAIN,fixed_97_to_99,270.0,,DOWN,0.97,1.0,settlement,0.2892783505154646
TRAIN,fixed_97_to_99,270.0,,UP,0.97,1.0,settlement,0.2892783505154646
TRAIN,fixed_97_to_99,270.0,,DOWN,0.97,1.0,settlement,0.2892783505154646
TRAIN,fixed_97_to_99,270.0,,UP,0.97,1.0,settlement,0.2892783505154646
TRAIN,fixed_97_to_99,270.0,,DOWN,0.97,0.0,settlement,-10.02
TRAIN,fixed_97_to_99,270.0,,UP,0.97,1.0,settlement,0.2892783505154646
TRAIN,fixed_97_to_99,270.0,,DOWN,0.97,1.0,settlement,0.2892783505154646
TRAIN,fixed_97_to_99,270.0,,DOWN,0.97,1.0,settlement,0.2892783505154646
TRAIN,fixed_97_to_99,270.0,,UP,0.97,1.0,settlement,0.2892783505154646
TRAIN,fixed_97_to_99,270.0,,DOWN,0.97,1.0,settlement,0.2892783505154646
TRAIN,fixed_97_to_99,270.0,,DOWN,0.97,1.0,settlement,0.2892783505154646
TRAIN,fixed_97_to_99,270.0,,UP,0.97,1.0,settlement,0.2892783505154646
TRAIN,fixed_97_to_99,270.0,,UP,0.97,1.0,settlement,0.2892783505154646
TRAIN,fixed_97_to_99,270.0,,DOWN,0.97,1.0,settlement,0.2892783505154646
TRAIN,fixed_97_to_99,270.0,,DOWN,0.97,1.0,settlement,0.2892783505154646
TRAIN,fixed_97_to_99,270.0,,DOWN,0.97,1.0,settlement,0.2892783505154646
TRAIN,fixed_97_to_99,270.0,,UP,0.97,1.0,settlement,0.2892783505154646
TRAIN,fixed_97_to_99,270.0,,UP,0.97,0.0,settlement,-10.02
TRAIN,fixed_97_to_99,270.0,,DOWN,0.97,1.0,settlement,0.2892783505154646
TRAIN,fixed_97_to_99,270.0,,DOWN,0.97,1.0,settlement,0.2892783505154646
TRAIN,fixed_97_to_99,270.0,,UP,0.97,1.0,settlement,0.2892783505154646
TRAIN,fixed_97_to_99,270.0,,UP,0.97,1.0,settlement,0.2892783505154646
TRAIN,fixed_97_to_99,270.0,,DOWN,0.97,1.0,settlement,0.2892783505154646
TRAIN,fixed_97_to_99,270.0,,UP,0.97,1.0,settlement,0.2892783505154646
TRAIN,fixed_97_to_99,270.0,,DOWN,0.97,1.0,settlement,0.2892783505154646
TRAIN,fixed_97_to_99,270.0,,UP,0.97,1.0,settlement,0.2892783505154646
TRAIN,fixed_97_to_99,270.0,,DOWN,0.97,1.0,settlement,0.2892783505154646
TRAIN,fixed_97_to_99,270.0,,UP,0.97,1.0,settlement,0.2892783505154646
TRAIN,fixed_97_to_99,270.0,,UP,0.97,1.0,settlement,0.2892783505154646
TRAIN,fixed_97_to_99,270.0,,UP,0.97,1.0,settlement,0.2892783505154646
TRAIN,fixed_97_to_99,270.0,,DOWN,0.97,1.0,settlement,0.2892783505154646
TRAIN,fixed_97_to_99,270.0,,UP,0.97,1.0,settlement,0.2892783505154646
TRAIN,fixed_97_to_99,270.0,,DOWN,0.97,1.0,settlement,0.2892783505154646
TRAIN,fixed_97_to_99,270.0,,DOWN,0.97,1.0,settlement,0.2892783505154646
TRAIN,fixed_97_to_99,270.0,,DOWN,0.97,1.0,settlement,0.2892783505154646
TRAIN,fixed_97_to_99,270.0,,UP,0.97,1.0,settlement,0.2892783505154646
TRAIN,fixed_97_to_99,270.0,,UP,0.97,1.0,settlement,0.2892783505154646
TRAIN,fixed_97_to_99,270.0,,DOWN,0.97,1.0,settlement,0.2892783505154646
TRAIN,fixed_97_to_99,270.0,,DOWN,0.97,1.0,settlement,0.2892783505154646
TRAIN,fixed_97_to_99,270.0,,UP,0.97,1.0,settlement,0.2892783505154646
TRAIN,fixed_97_to_99,270.0,,UP,0.97,1.0,settlement,0.2892783505154646
TRAIN,fixed_97_to_99,270.0,,UP,0.97,1.0,settlement,0.2892783505154646
TRAIN,fixed_97_to_99,270.0,,UP,0.97,1.0,settlement,0.2892783505154646
TRAIN,fixed_97_to_99,270.0,,DOWN,0.97,1.0,settlement,0.2892783505154646
TRAIN,fixed_97_to_99,270.0,,UP,0.97,1.0,settlement,0.2892783505154646
TRAIN,fixed_97_to_99,270.0,,UP,0.97,1.0,settlement,0.2892783505154646
TRAIN,fixed_97_to_99,270.0,,DOWN,0.97,1.0,settlement,0.2892783505154646
TRAIN,fixed_97_to_99,270.0,,DOWN,0.97,1.0,settlement,0.2892783505154646
TRAIN,fixed_97_to_99,270.0,,DOWN,0.97,1.0,settlement,0.2892783505154646
TRAIN,fixed_97_to_99,270.0,,UP,0.97,1.0,settlement,0.2892783505154646
TRAIN,fixed_97_to_99,270.0,,UP,0.97,1.0,settlement,0.2892783505154646
TRAIN,fixed_97_to_99,270.0,,DOWN,0.97,1.0,settlement,0.2892783505154646
TRAIN,fixed_97_to_99,270.0,,UP,0.97,1.0,settlement,0.2892783505154646
TRAIN,fixed_97_to_99,270.0,,UP,0.97,1.0,settlement,0.2892783505154646
TRAIN,fixed_97_to_99,270.0,,DOWN,0.97,1.0,settlement,0.2892783505154646
TRAIN,fixed_97_to_99,270.0,,UP,0.97,1.0,settlement,0.2892783505154646
TRAIN,fixed_97_to_99,270.0,,DOWN,0.97,1.0,settlement,0.2892783505154646
TRAIN,fixed_97_to_99,270.0,,DOWN,0.97,1.0,settlement,0.2892783505154646
TRAIN,fixed_97_to_99,270.0,,UP,0.97,1.0,settlement,0.2892783505154646
TRAIN,fixed_97_to_99,270.0,,UP,0.97,1.0,settlement,0.2892783505154646
TRAIN,fixed_97_to_99,270.0,,DOWN,0.97,1.0,settlement,0.2892783505154646
TRAIN,fixed_97_to_99,270.0,,UP,0.97,1.0,settlement,0.2892783505154646
TRAIN,fixed_97_to_99,270.0,,UP,0.97,1.0,settlement,0.2892783505154646
TRAIN,fixed_97_to_99,270.0,,DOWN,0.97,1.0,settlement,0.2892783505154646
TRAIN,fixed_97_to_99,270.0,,DOWN,0.97,1.0,settlement,0.2892783505154646
TRAIN,fixed_97_to_99,270.0,,DOWN,0.97,1.0,settlement,0.2892783505154646
TRAIN,fixed_97_to_99,270.0,,UP,0.97,1.0,settlement,0.2892783505154646
TRAIN,fixed_97_to_99,270.0,,UP,0.97,1.0,settlement,0.2892783505154646
TRAIN,fixed_97_to_99,270.0,,UP,0.97,0.0,settlement,-10.02
TRAIN,fixed_97_to_99,270.0,,UP,0.97,1.0,settlement,0.2892783505154646
TRAIN,fixed_97_to_99,270.0,,DOWN,0.97,1.0,settlement,0.2892783505154646
TRAIN,fixed_97_to_99,270.0,,UP,0.97,1.0,settlement,0.2892783505154646
TRAIN,fixed_97_to_99,270.0,,UP,0.97,0.0,settlement,-10.02
TRAIN,fixed_97_to_99,270.0,,DOWN,0.97,0.0,settlement,-10.02
TRAIN,fixed_97_to_99,270.0,,UP,0.97,1.0,settlement,0.2892783505154646
TRAIN,fixed_97_to_99,270.0,,UP,0.97,1.0,settlement,0.2892783505154646
TRAIN,fixed_97_to_99,270.0,,UP,0.97,1.0,settlement,0.2892783505154646
TRAIN,fixed_97_to_99,270.0,,UP,0.97,0.0,settlement,-10.02
TRAIN,fixed_97_to_99,270.0,,DOWN,0.97,1.0,settlement,0.2892783505154646
TRAIN,fixed_97_to_99,270.0,,UP,0.97,1.0,settlement,0.2892783505154646
TRAIN,fixed_97_to_99,270.0,,DOWN,0.97,1.0,settlement,0.2892783505154646
TRAIN,fixed_97_to_99,270.0,,DOWN,0.97,1.0,settlement,0.2892783505154646
TRAIN,fixed_97_to_99,270.0,,UP,0.97,1.0,settlement,0.2892783505154646
TRAIN,fixed_97_to_99,270.0,,UP,0.97,1.0,settlement,0.2892783505154646
TRAIN,fixed_97_to_99,270.0,,UP,0.97,1.0,settlement,0.2892783505154646
TRAIN,fixed_97_to_99,270.0,,UP,0.97,1.0,settlement,0.2892783505154646
TRAIN,fixed_97_to_99,270.0,,DOWN,0.97,1.0,settlement,0.2892783505154646
TRAIN,fixed_97_to_99,270.0,,DOWN,0.97,1.0,settlement,0.2892783505154646
TRAIN,fixed_97_to_99,270.0,,DOWN,0.97,1.0,settlement,0.2892783505154646
TRAIN,fixed_97_to_99,270.0,,UP,0.97,1.0,settlement,0.2892783505154646
TRAIN,fixed_97_to_99,270.0,,UP,0.97,1.0,settlement,0.2892783505154646
TRAIN,fixed_97_to_99,270.0,,UP,0.97,1.0,settlement,0.2892783505154646
TRAIN,fixed_97_to_99,270.0,,DOWN,0.97,1.0,settlement,0.2892783505154646
TRAIN,fixed_97_to_99,270.0,,UP,0.97,1.0,settlement,0.2892783505154646
TRAIN,fixed_97_to_99,270.0,,UP,0.97,1.0,settlement,0.2892783505154646
TRAIN,fixed_97_to_99,270.0,,DOWN,0.97,1.0,settlement,0.2892783505154646
TRAIN,fixed_97_to_99,270.0,,DOWN,0.97,1.0,settlement,0.2892783505154646
TRAIN,fixed_97_to_99,270.0,,UP,0.97,1.0,settlement,0.2892783505154646
TRAIN,fixed_97_to_99,270.0,,DOWN,0.97,0.0,settlement,-10.02
TRAIN,fixed_97_to_99,270.0,,UP,0.97,1.0,settlement,0.2892783505154646
TRAIN,fixed_97_to_99,270.0,,UP,0.97,1.0,settlement,0.2892783505154646
TRAIN,fixed_97_to_99,270.0,,UP,0.97,1.0,settlement,0.2892783505154646
TRAIN,fixed_97_to_99,270.0,,DOWN,0.97,0.0,settlement,-10.02
TRAIN,fixed_97_to_99,270.0,,DOWN,0.97,1.0,settlement,0.2892783505154646
TRAIN,fixed_97_to_99,270.0,,UP,0.97,1.0,settlement,0.2892783505154646
TRAIN,fixed_97_to_99,270.0,,UP,0.97,1.0,settlement,0.2892783505154646
TRAIN,fixed_97_to_99,270.0,,UP,0.97,1.0,settlement,0.2892783505154646
TRAIN,fixed_97_to_99,270.0,,DOWN,0.97,1.0,settlement,0.2892783505154646
TRAIN,fixed_97_to_99,270.0,,UP,0.97,1.0,settlement,0.2892783505154646
TRAIN,fixed_97_to_99,270.0,,DOWN,0.97,1.0,settlement,0.2892783505154646
TRAIN,fixed_97_to_99,270.0,,UP,0.97,1.0,settlement,0.2892783505154646
TRAIN,fixed_97_to_99,270.0,,UP,0.97,1.0,settlement,0.2892783505154646
TRAIN,fixed_97_to_99,270.0,,UP,0.97,1.0,settlement,0.2892783505154646
TRAIN,fixed_97_to_99,270.0,,DOWN,0.97,1.0,settlement,0.2892783505154646
TRAIN,fixed_97_to_99,270.0,,DOWN,0.97,1.0,settlement,0.2892783505154646
TRAIN,fixed_97_to_99,270.0,,DOWN,0.97,1.0,settlement,0.2892783505154646
TRAIN,fixed_97_to_99,270.0,,UP,0.97,1.0,settlement,0.2892783505154646
TRAIN,fixed_97_to_99,270.0,,DOWN,0.97,1.0,settlement,0.2892783505154646
TRAIN,fixed_97_to_99,270.0,,DOWN,0.97,1.0,settlement,0.2892783505154646
TRAIN,fixed_97_to_99,270.0,,DOWN,0.97,1.0,settlement,0.2892783505154646
TRAIN,fixed_97_to_99,270.0,,DOWN,0.97,1.0,settlement,0.2892783505154646
TRAIN,fixed_97_to_99,270.0,,UP,0.97,1.0,settlement,0.2892783505154646
TRAIN,fixed_97_to_99,270.0,,UP,0.97,1.0,settlement,0.2892783505154646
TRAIN,fixed_97_to_99,270.0,,DOWN,0.97,1.0,settlement,0.2892783505154646
TRAIN,fixed_97_to_99,270.0,,DOWN,0.97,1.0,settlement,0.2892783505154646
TRAIN,fixed_97_to_99,270.0,,DOWN,0.97,1.0,settlement,0.2892783505154646
TRAIN,fixed_97_to_99,270.0,,UP,0.97,1.0,settlement,0.2892783505154646
TRAIN,fixed_97_to_99,270.0,,DOWN,0.97,1.0,settlement,0.2892783505154646
TRAIN,fixed_97_to_99,270.0,,DOWN,0.97,1.0,settlement,0.2892783505154646
TRAIN,fixed_97_to_99,270.0,,DOWN,0.97,1.0,settlement,0.2892783505154646
TRAIN,fixed_97_to_99,270.0,,UP,0.97,1.0,settlement,0.2892783505154646
TRAIN,fixed_97_to_99,270.0,,DOWN,0.97,1.0,settlement,0.2892783505154646
TRAIN,fixed_97_to_99,270.0,,UP,0.97,1.0,settlement,0.2892783505154646
TRAIN,fixed_97_to_99,270.0,,UP,0.97,1.0,settlement,0.2892783505154646
TRAIN,fixed_97_to_99,270.0,,DOWN,0.97,1.0,settlement,0.2892783505154646
TRAIN,fixed_97_to_99,270.0,,UP,0.97,0.0,settlement,-10.02
TRAIN,fixed_97_to_99,270.0,,DOWN,0.97,1.0,settlement,0.2892783505154646
TRAIN,fixed_97_to_99,270.0,,UP,0.97,1.0,settlement,0.2892783505154646
TRAIN,fixed_97_to_99,270.0,,UP,0.97,1.0,settlement,0.2892783505154646
TRAIN,fixed_97_to_99,270.0,,DOWN,0.97,1.0,settlement,0.2892783505154646
TRAIN,fixed_97_to_99,270.0,,UP,0.97,1.0,settlement,0.2892783505154646
TRAIN,fixed_97_to_99,270.0,,UP,0.97,1.0,settlement,0.2892783505154646
TRAIN,fixed_97_to_99,270.0,,DOWN,0.97,1.0,settlement,0.2892783505154646
TRAIN,fixed_97_to_99,270.0,,DOWN,0.97,1.0,settlement,0.2892783505154646
TRAIN,fixed_97_to_99,270.0,,UP,0.97,1.0,settlement,0.2892783505154646
TRAIN,fixed_97_to_99,270.0,,UP,0.97,1.0,settlement,0.2892783505154646
TRAIN,fixed_97_to_99,270.0,,DOWN,0.97,1.0,settlement,0.2892783505154646
TRAIN,fixed_97_to_99,270.0,,UP,0.97,1.0,settlement,0.2892783505154646
TRAIN,fixed_97_to_99,270.0,,UP,0.97,1.0,settlement,0.2892783505154646
TRAIN,fixed_97_to_99,270.0,,DOWN,0.97,1.0,settlement,0.2892783505154646
TRAIN,fixed_97_to_99,270.0,,UP,0.97,1.0,settlement,0.2892783505154646
TRAIN,fixed_97_to_99,270.0,,DOWN,0.97,0.0,settlement,-10.02
TRAIN,fixed_97_to_99,270.0,,UP,0.97,1.0,settlement,0.2892783505154646
TRAIN,fixed_97_to_99,270.0,,DOWN,0.97,0.0,settlement,-10.02
TRAIN,fixed_97_to_99,270.0,,UP,0.97,1.0,settlement,0.2892783505154646
TRAIN,fixed_97_to_99,270.0,,UP,0.97,1.0,settlement,0.2892783505154646
TRAIN,fixed_97_to_99,270.0,,DOWN,0.97,1.0,settlement,0.2892783505154646
TRAIN,fixed_97_to_99,270.0,,DOWN,0.97,1.0,settlement,0.2892783505154646
TRAIN,fixed_97_to_99,270.0,,UP,0.97,0.0,settlement,-10.02
TRAIN,fixed_97_to_99,270.0,,DOWN,0.97,1.0,settlement,0.2892783505154646
TRAIN,fixed_97_to_99,270.0,,UP,0.97,1.0,settlement,0.2892783505154646
TRAIN,fixed_97_to_99,270.0,,DOWN,0.97,1.0,settlement,0.2892783505154646
TRAIN,fixed_97_to_99,270.0,,DOWN,0.97,1.0,settlement,0.2892783505154646
TRAIN,fixed_97_to_99,270.0,,UP,0.97,1.0,settlement,0.2892783505154646
TRAIN,fixed_97_to_99,270.0,,DOWN,0.97,1.0,settlement,0.2892783505154646
TRAIN,fixed_97_to_99,270.0,,UP,0.97,1.0,settlement,0.2892783505154646
TRAIN,fixed_97_to_99,270.0,,DOWN,0.97,1.0,settlement,0.2892783505154646
TRAIN,fixed_97_to_99,270.0,,UP,0.97,1.0,settlement,0.2892783505154646
TRAIN,fixed_97_to_99,270.0,,DOWN,0.97,1.0,settlement,0.2892783505154646
TRAIN,fixed_97_to_99,270.0,,DOWN,0.97,1.0,settlement,0.2892783505154646
TRAIN,fixed_97_to_99,270.0,,DOWN,0.97,1.0,settlement,0.2892783505154646
TRAIN,fixed_97_to_99,270.0,,DOWN,0.97,1.0,settlement,0.2892783505154646
TRAIN,fixed_97_to_99,270.0,,UP,0.97,1.0,settlement,0.2892783505154646
TRAIN,fixed_97_to_99,270.0,,DOWN,0.97,1.0,settlement,0.2892783505154646
TRAIN,fixed_97_to_99,270.0,,UP,0.97,1.0,settlement,0.2892783505154646
TRAIN,fixed_97_to_99,270.0,,DOWN,0.97,1.0,settlement,0.2892783505154646
TRAIN,fixed_97_to_99,270.0,,UP,0.97,1.0,settlement,0.2892783505154646
TRAIN,fixed_97_to_99,270.0,,DOWN,0.97,1.0,settlement,0.2892783505154646
TRAIN,fixed_97_to_99,270.0,,DOWN,0.97,1.0,settlement,0.2892783505154646
TRAIN,fixed_97_to_99,270.0,,DOWN,0.97,1.0,settlement,0.2892783505154646
TRAIN,fixed_97_to_99,270.0,,DOWN,0.97,0.0,settlement,-10.02
TRAIN,fixed_97_to_99,270.0,,DOWN,0.97,1.0,settlement,0.2892783505154646
TRAIN,fixed_97_to_99,270.0,,DOWN,0.97,0.0,settlement,-10.02
TRAIN,fixed_97_to_99,270.0,,UP,0.97,1.0,settlement,0.2892783505154646
TRAIN,fixed_97_to_99,270.0,,DOWN,0.97,1.0,settlement,0.2892783505154646
TRAIN,fixed_97_to_99,270.0,,UP,0.97,0.0,settlement,-10.02
TRAIN,fixed_97_to_99,270.0,,UP,0.97,1.0,settlement,0.2892783505154646
TRAIN,fixed_97_to_99,270.0,,DOWN,0.97,0.0,settlement,-10.02
TRAIN,fixed_97_to_99,270.0,,UP,0.97,1.0,settlement,0.2892783505154646
TRAIN,fixed_97_to_99,270.0,,DOWN,0.97,1.0,settlement,0.2892783505154646
TRAIN,fixed_97_to_99,270.0,,DOWN,0.97,0.0,settlement,-10.02
TRAIN,fixed_97_to_99,270.0,,DOWN,0.97,1.0,settlement,0.2892783505154646
TRAIN,fixed_97_to_99,270.0,,DOWN,0.97,0.0,settlement,-10.02
TRAIN,fixed_97_to_99,270.0,,UP,0.97,1.0,settlement,0.2892783505154646
TRAIN,fixed_97_to_99,270.0,,UP,0.97,1.0,settlement,0.2892783505154646
TRAIN,fixed_97_to_99,270.0,,DOWN,0.97,1.0,settlement,0.2892783505154646
TRAIN,fixed_97_to_99,270.0,,UP,0.97,1.0,settlement,0.2892783505154646
TRAIN,fixed_97_to_99,270.0,,UP,0.97,1.0,settlement,0.2892783505154646
TRAIN,fixed_97_to_99,270.0,,UP,0.97,0.0,settlement,-10.02
TRAIN,fixed_97_to_99,270.0,,UP,0.97,1.0,settlement,0.2892783505154646
TRAIN,fixed_97_to_99,270.0,,DOWN,0.97,1.0,settlement,0.2892783505154646
TRAIN,fixed_97_to_99,270.0,,DOWN,0.97,1.0,settlement,0.2892783505154646
TRAIN,fixed_97_to_99,270.0,,DOWN,0.97,0.0,settlement,-10.02
TRAIN,fixed_97_to_99,270.0,,DOWN,0.97,1.0,settlement,0.2892783505154646
TRAIN,fixed_97_to_99,270.0,,UP,0.97,1.0,settlement,0.2892783505154646
TRAIN,fixed_97_to_99,270.0,,UP,0.97,1.0,settlement,0.2892783505154646
TRAIN,fixed_97_to_99,270.0,,DOWN,0.97,0.0,settlement,-10.02
TRAIN,fixed_97_to_99,270.0,,UP,0.97,1.0,settlement,0.2892783505154646
TRAIN,fixed_97_to_99,270.0,,DOWN,0.97,1.0,settlement,0.2892783505154646
TRAIN,fixed_97_to_99,270.0,,DOWN,0.97,1.0,settlement,0.2892783505154646
TRAIN,fixed_97_to_99,270.0,,UP,0.97,1.0,settlement,0.2892783505154646
TRAIN,fixed_97_to_99,270.0,,DOWN,0.97,1.0,settlement,0.2892783505154646
TRAIN,fixed_97_to_99,270.0,,DOWN,0.97,1.0,settlement,0.2892783505154646
TRAIN,fixed_97_to_99,270.0,,DOWN,0.97,1.0,settlement,0.2892783505154646
TRAIN,fixed_97_to_99,270.0,,UP,0.97,1.0,settlement,0.2892783505154646
TRAIN,fixed_97_to_99,270.0,,UP,0.97,1.0,settlement,0.2892783505154646
TRAIN,fixed_97_to_99,270.0,,UP,0.97,1.0,settlement,0.2892783505154646
TRAIN,fixed_97_to_99,270.0,,UP,0.97,0.0,settlement,-10.02
TRAIN,fixed_97_to_99,270.0,,UP,0.97,1.0,settlement,0.2892783505154646
TRAIN,fixed_97_to_99,270.0,,DOWN,0.97,1.0,settlement,0.2892783505154646
TRAIN,fixed_97_to_99,270.0,,DOWN,0.97,1.0,settlement,0.2892783505154646
TRAIN,fixed_97_to_99,270.0,,UP,0.97,1.0,settlement,0.2892783505154646
TRAIN,fixed_97_to_99,270.0,,DOWN,0.97,1.0,settlement,0.2892783505154646
TRAIN,fixed_97_to_99,270.0,,DOWN,0.97,1.0,settlement,0.2892783505154646
TRAIN,fixed_97_to_99,270.0,,UP,0.97,1.0,settlement,0.2892783505154646
TRAIN,fixed_97_to_99,270.0,,DOWN,0.97,1.0,settlement,0.2892783505154646
TRAIN,fixed_97_to_99,270.0,,UP,0.97,1.0,settlement,0.2892783505154646
TRAIN,fixed_97_to_99,270.0,,DOWN,0.97,0.0,settlement,-10.02
TRAIN,fixed_97_to_99,270.0,,DOWN,0.97,1.0,settlement,0.2892783505154646
TRAIN,fixed_97_to_99,270.0,,DOWN,0.97,1.0,settlement,0.2892783505154646
TRAIN,fixed_97_to_99,270.0,,UP,0.97,1.0,settlement,0.2892783505154646
TRAIN,fixed_97_to_99,270.0,,DOWN,0.97,1.0,settlement,0.2892783505154646
TRAIN,fixed_97_to_99,270.0,,DOWN,0.97,1.0,settlement,0.2892783505154646
TRAIN,fixed_97_to_99,270.0,,UP,0.97,1.0,settlement,0.2892783505154646
TRAIN,fixed_97_to_99,270.0,,DOWN,0.97,1.0,settlement,0.2892783505154646
TRAIN,fixed_97_to_99,270.0,,DOWN,0.97,1.0,settlement,0.2892783505154646
TRAIN,fixed_97_to_99,270.0,,UP,0.97,1.0,settlement,0.2892783505154646
TRAIN,fixed_97_to_99,270.0,,UP,0.97,1.0,settlement,0.2892783505154646
TRAIN,fixed_97_to_99,270.0,,DOWN,0.97,1.0,settlement,0.2892783505154646
TRAIN,fixed_97_to_99,270.0,,DOWN,0.97,1.0,settlement,0.2892783505154646
TRAIN,fixed_97_to_99,270.0,,UP,0.97,0.0,settlement,-10.02
TRAIN,fixed_97_to_99,270.0,,DOWN,0.97,1.0,settlement,0.2892783505154646
TRAIN,fixed_97_to_99,270.0,,UP,0.97,1.0,settlement,0.2892783505154646
TRAIN,fixed_97_to_99,270.0,,UP,0.97,1.0,settlement,0.2892783505154646
TRAIN,fixed_97_to_99,270.0,,DOWN,0.97,1.0,settlement,0.2892783505154646
TRAIN,fixed_97_to_99,270.0,,DOWN,0.97,1.0,settlement,0.2892783505154646
TRAIN,fixed_97_to_99,270.0,,UP,0.97,1.0,settlement,0.2892783505154646
TRAIN,fixed_97_to_99,270.0,,UP,0.97,1.0,settlement,0.2892783505154646
TRAIN,fixed_97_to_99,270.0,,UP,0.97,1.0,settlement,0.2892783505154646
TRAIN,fixed_97_to_99,270.0,,DOWN,0.97,1.0,settlement,0.2892783505154646
TRAIN,fixed_97_to_99,270.0,,DOWN,0.97,1.0,settlement,0.2892783505154646
TRAIN,fixed_97_to_99,270.0,,UP,0.97,1.0,settlement,0.2892783505154646
TRAIN,fixed_97_to_99,270.0,,UP,0.97,1.0,settlement,0.2892783505154646
TRAIN,fixed_97_to_99,270.0,,UP,0.97,1.0,settlement,0.2892783505154646
TRAIN,fixed_97_to_99,270.0,,DOWN,0.97,1.0,settlement,0.2892783505154646
TRAIN,fixed_97_to_99,270.0,,DOWN,0.97,1.0,settlement,0.2892783505154646
TRAIN,fixed_97_to_99,270.0,,UP,0.97,1.0,settlement,0.2892783505154646
TRAIN,fixed_97_to_99,270.0,,DOWN,0.97,0.0,settlement,-10.02
TRAIN,fixed_97_to_99,270.0,,DOWN,0.97,1.0,settlement,0.2892783505154646
TRAIN,fixed_97_to_99,270.0,,UP,0.97,1.0,settlement,0.2892783505154646
TRAIN,fixed_97_to_99,270.0,,DOWN,0.97,1.0,settlement,0.2892783505154646
TRAIN,fixed_97_to_99,270.0,,UP,0.97,1.0,settlement,0.2892783505154646
TRAIN,fixed_97_to_99,270.0,,DOWN,0.97,1.0,settlement,0.2892783505154646
TRAIN,fixed_97_to_99,270.0,,UP,0.97,1.0,settlement,0.2892783505154646
TRAIN,fixed_97_to_99,270.0,,DOWN,0.97,1.0,settlement,0.2892783505154646
TRAIN,fixed_97_to_99,270.0,,UP,0.97,1.0,settlement,0.2892783505154646
TRAIN,fixed_97_to_99,270.0,,UP,0.97,0.0,settlement,-10.02
TRAIN,fixed_97_to_99,270.0,,UP,0.97,1.0,settlement,0.2892783505154646
TRAIN,fixed_97_to_99,270.0,,UP,0.97,1.0,settlement,0.2892783505154646
TRAIN,fixed_97_to_99,270.0,,UP,0.97,1.0,settlement,0.2892783505154646
TRAIN,fixed_97_to_99,270.0,,UP,0.97,1.0,settlement,0.2892783505154646
TRAIN,fixed_97_to_99,270.0,,UP,0.97,1.0,settlement,0.2892783505154646
TRAIN,fixed_97_to_99,270.0,,UP,0.97,1.0,settlement,0.2892783505154646
TRAIN,fixed_97_to_99,270.0,,UP,0.97,1.0,settlement,0.2892783505154646
TRAIN,fixed_97_to_99,270.0,,UP,0.97,1.0,settlement,0.2892783505154646
TRAIN,fixed_97_to_99,270.0,,DOWN,0.97,0.0,settlement,-10.02
TRAIN,fixed_97_to_99,270.0,,UP,0.97,1.0,settlement,0.2892783505154646
TRAIN,fixed_97_to_99,270.0,,UP,0.97,1.0,settlement,0.2892783505154646
TRAIN,fixed_97_to_99,270.0,,UP,0.97,0.0,settlement,-10.02
TRAIN,fixed_97_to_99,270.0,,DOWN,0.97,1.0,settlement,0.2892783505154646
TRAIN,fixed_97_to_99,270.0,,DOWN,0.97,1.0,settlement,0.2892783505154646
TRAIN,fixed_97_to_99,270.0,,DOWN,0.97,1.0,settlement,0.2892783505154646
TRAIN,fixed_97_to_99,270.0,,DOWN,0.97,1.0,settlement,0.2892783505154646
TRAIN,fixed_97_to_99,270.0,,DOWN,0.97,1.0,settlement,0.2892783505154646
TRAIN,fixed_97_to_99,270.0,,UP,0.97,1.0,settlement,0.2892783505154646
TRAIN,fixed_97_to_99,270.0,,DOWN,0.97,1.0,settlement,0.2892783505154646
TRAIN,fixed_97_to_99,270.0,,UP,0.97,1.0,settlement,0.2892783505154646
TRAIN,fixed_97_to_99,270.0,,DOWN,0.97,1.0,settlement,0.2892783505154646
TRAIN,fixed_97_to_99,270.0,,DOWN,0.97,1.0,settlement,0.2892783505154646
TRAIN,fixed_97_to_99,270.0,,UP,0.97,1.0,settlement,0.2892783505154646
TRAIN,fixed_97_to_99,270.0,,DOWN,0.97,1.0,settlement,0.2892783505154646
TRAIN,fixed_97_to_99,270.0,,DOWN,0.97,0.0,settlement,-10.02
TRAIN,fixed_97_to_99,270.0,,DOWN,0.97,1.0,settlement,0.2892783505154646
TRAIN,fixed_97_to_99,270.0,,DOWN,0.97,1.0,settlement,0.2892783505154646
TRAIN,fixed_97_to_99,270.0,,UP,0.97,1.0,settlement,0.2892783505154646
TRAIN,fixed_97_to_99,270.0,,DOWN,0.97,1.0,settlement,0.2892783505154646
TRAIN,fixed_97_to_99,270.0,,DOWN,0.97,1.0,settlement,0.2892783505154646
TRAIN,fixed_97_to_99,270.0,,DOWN,0.97,1.0,settlement,0.2892783505154646
TRAIN,fixed_97_to_99,270.0,,UP,0.97,1.0,settlement,0.2892783505154646
TRAIN,fixed_97_to_99,270.0,,UP,0.97,1.0,settlement,0.2892783505154646
TRAIN,fixed_97_to_99,270.0,,DOWN,0.97,1.0,settlement,0.2892783505154646
TRAIN,fixed_97_to_99,270.0,,UP,0.97,1.0,settlement,0.2892783505154646
TRAIN,fixed_97_to_99,270.0,,UP,0.97,1.0,settlement,0.2892783505154646
TRAIN,fixed_97_to_99,270.0,,DOWN,0.97,1.0,settlement,0.2892783505154646
TRAIN,fixed_97_to_99,270.0,,DOWN,0.97,0.0,settlement,-10.02
TRAIN,fixed_97_to_99,270.0,,DOWN,0.97,0.0,settlement,-10.02
TRAIN,fixed_97_to_99,270.0,,DOWN,0.97,0.0,settlement,-10.02
TRAIN,fixed_97_to_99,270.0,,DOWN,0.97,1.0,settlement,0.2892783505154646
TRAIN,fixed_97_to_99,270.0,,UP,0.97,1.0,settlement,0.2892783505154646
TRAIN,fixed_97_to_99,270.0,,DOWN,0.97,0.0,settlement,-10.02
TRAIN,fixed_97_to_99,270.0,,DOWN,0.97,0.0,settlement,-10.02
TRAIN,fixed_97_to_99,270.0,,UP,0.97,1.0,settlement,0.2892783505154646
TRAIN,fixed_97_to_99,270.0,,DOWN,0.97,1.0,settlement,0.2892783505154646
TRAIN,fixed_97_to_99,270.0,,UP,0.97,1.0,settlement,0.2892783505154646
TRAIN,fixed_97_to_99,270.0,,UP,0.97,1.0,settlement,0.2892783505154646
TRAIN,fixed_97_to_99,270.0,,UP,0.97,1.0,settlement,0.2892783505154646
TRAIN,fixed_97_to_99,270.0,,DOWN,0.97,1.0,settlement,0.2892783505154646
TRAIN,fixed_97_to_99,270.0,,DOWN,0.97,1.0,settlement,0.2892783505154646
TRAIN,fixed_97_to_99,270.0,,UP,0.97,1.0,settlement,0.2892783505154646
TRAIN,fixed_97_to_99,270.0,,UP,0.97,1.0,settlement,0.2892783505154646
TRAIN,fixed_97_to_99,270.0,,UP,0.97,1.0,settlement,0.2892783505154646
TRAIN,fixed_97_to_99,270.0,,UP,0.97,1.0,settlement,0.2892783505154646
TRAIN,fixed_97_to_99,270.0,,DOWN,0.97,1.0,settlement,0.2892783505154646
TRAIN,fixed_97_to_99,270.0,,UP,0.97,1.0,settlement,0.2892783505154646
TRAIN,fixed_97_to_99,270.0,,UP,0.97,1.0,settlement,0.2892783505154646
TRAIN,fixed_97_to_99,270.0,,UP,0.97,1.0,settlement,0.2892783505154646
TRAIN,fixed_97_to_99,270.0,,UP,0.97,1.0,settlement,0.2892783505154646
TRAIN,fixed_97_to_99,270.0,,DOWN,0.97,1.0,settlement,0.2892783505154646
TRAIN,fixed_97_to_99,270.0,,UP,0.97,1.0,settlement,0.2892783505154646
TRAIN,fixed_97_to_99,270.0,,DOWN,0.97,0.0,settlement,-10.02
TRAIN,fixed_97_to_99,270.0,,UP,0.97,1.0,settlement,0.2892783505154646
TRAIN,fixed_97_to_99,270.0,,DOWN,0.97,1.0,settlement,0.2892783505154646
TRAIN,fixed_97_to_99,270.0,,UP,0.97,1.0,settlement,0.2892783505154646
TRAIN,fixed_97_to_99,270.0,,DOWN,0.97,1.0,settlement,0.2892783505154646
TRAIN,fixed_97_to_99,270.0,,UP,0.97,1.0,settlement,0.2892783505154646
TRAIN,fixed_97_to_99,270.0,,UP,0.97,1.0,settlement,0.2892783505154646
TRAIN,fixed_97_to_99,270.0,,DOWN,0.97,1.0,settlement,0.2892783505154646
TRAIN,fixed_97_to_99,270.0,,DOWN,0.97,1.0,settlement,0.2892783505154646
TRAIN,fixed_97_to_99,270.0,,DOWN,0.97,1.0,settlement,0.2892783505154646
TRAIN,fixed_97_to_99,270.0,,UP,0.97,1.0,settlement,0.2892783505154646
TRAIN,fixed_97_to_99,270.0,,UP,0.97,1.0,settlement,0.2892783505154646
TRAIN,fixed_97_to_99,270.0,,UP,0.97,1.0,settlement,0.2892783505154646
TRAIN,fixed_97_to_99,270.0,,DOWN,0.97,1.0,settlement,0.2892783505154646
TRAIN,fixed_97_to_99,270.0,,DOWN,0.97,1.0,settlement,0.2892783505154646
TRAIN,fixed_97_to_99,270.0,,DOWN,0.97,1.0,settlement,0.2892783505154646
TRAIN,fixed_97_to_99,270.0,,DOWN,0.97,1.0,settlement,0.2892783505154646
TRAIN,fixed_97_to_99,270.0,,DOWN,0.97,1.0,settlement,0.2892783505154646
TRAIN,fixed_97_to_99,270.0,,UP,0.97,1.0,settlement,0.2892783505154646
TRAIN,fixed_97_to_99,270.0,,UP,0.97,1.0,settlement,0.2892783505154646
TRAIN,fixed_97_to_99,270.0,,UP,0.97,1.0,settlement,0.2892783505154646
TRAIN,fixed_97_to_99,270.0,,DOWN,0.97,1.0,settlement,0.2892783505154646
TRAIN,fixed_97_to_99,270.0,,DOWN,0.97,1.0,settlement,0.2892783505154646
TRAIN,fixed_97_to_99,270.0,,DOWN,0.97,1.0,settlement,0.2892783505154646
TRAIN,fixed_97_to_99,270.0,,UP,0.97,1.0,settlement,0.2892783505154646
TRAIN,fixed_97_to_99,270.0,,UP,0.97,1.0,settlement,0.2892783505154646
TRAIN,fixed_97_to_99,270.0,,UP,0.97,1.0,settlement,0.2892783505154646
TRAIN,fixed_97_to_99,270.0,,UP,0.97,1.0,settlement,0.2892783505154646
TRAIN,fixed_97_to_99,270.0,,UP,0.97,0.0,settlement,-10.02
TRAIN,fixed_97_to_99,270.0,,UP,0.97,1.0,settlement,0.2892783505154646
TRAIN,fixed_97_to_99,270.0,,DOWN,0.97,0.0,settlement,-10.02
TRAIN,fixed_97_to_99,270.0,,UP,0.97,1.0,settlement,0.2892783505154646
TRAIN,fixed_97_to_99,270.0,,UP,0.97,1.0,settlement,0.2892783505154646
TRAIN,fixed_97_to_99,270.0,,UP,0.97,1.0,settlement,0.2892783505154646
TRAIN,fixed_97_to_99,270.0,,DOWN,0.97,1.0,settlement,0.2892783505154646
TRAIN,fixed_97_to_99,270.0,,DOWN,0.97,1.0,settlement,0.2892783505154646
TRAIN,fixed_97_to_99,270.0,,DOWN,0.97,1.0,settlement,0.2892783505154646
TRAIN,fixed_97_to_99,270.0,,DOWN,0.97,1.0,settlement,0.2892783505154646
TRAIN,fixed_97_to_99,270.0,,DOWN,0.97,1.0,settlement,0.2892783505154646
TRAIN,fixed_97_to_99,270.0,,UP,0.97,1.0,settlement,0.2892783505154646
TRAIN,fixed_97_to_99,270.0,,DOWN,0.97,0.0,settlement,-10.02
TRAIN,fixed_97_to_99,270.0,,UP,0.97,1.0,settlement,0.2892783505154646
TRAIN,fixed_97_to_99,270.0,,DOWN,0.97,1.0,settlement,0.2892783505154646
TRAIN,fixed_97_to_99,270.0,,UP,0.97,1.0,settlement,0.2892783505154646
TRAIN,fixed_97_to_99,270.0,,UP,0.97,1.0,settlement,0.2892783505154646
TRAIN,fixed_97_to_99,270.0,,UP,0.97,1.0,settlement,0.2892783505154646
TRAIN,fixed_97_to_99,270.0,,UP,0.97,1.0,settlement,0.2892783505154646
TRAIN,fixed_97_to_99,270.0,,UP,0.97,1.0,settlement,0.2892783505154646
TRAIN,fixed_97_to_99,270.0,,DOWN,0.97,1.0,settlement,0.2892783505154646
TRAIN,fixed_97_to_99,270.0,,UP,0.97,1.0,settlement,0.2892783505154646
TRAIN,fixed_97_to_99,270.0,,DOWN,0.97,1.0,settlement,0.2892783505154646
TRAIN,fixed_97_to_99,270.0,,UP,0.97,1.0,settlement,0.2892783505154646
TRAIN,fixed_97_to_99,270.0,,UP,0.97,0.0,settlement,-10.02
TRAIN,fixed_97_to_99,270.0,,UP,0.97,1.0,settlement,0.2892783505154646
TRAIN,fixed_97_to_99,270.0,,DOWN,0.97,1.0,settlement,0.2892783505154646
TRAIN,fixed_97_to_99,270.0,,UP,0.97,0.0,settlement,-10.02
TRAIN,fixed_97_to_99,270.0,,DOWN,0.97,1.0,settlement,0.2892783505154646
TRAIN,fixed_97_to_99,270.0,,DOWN,0.97,1.0,settlement,0.2892783505154646
TRAIN,fixed_97_to_99,270.0,,UP,0.97,0.0,settlement,-10.02
TRAIN,fixed_97_to_99,270.0,,DOWN,0.97,1.0,settlement,0.2892783505154646
TRAIN,fixed_97_to_99,270.0,,UP,0.97,1.0,settlement,0.2892783505154646
TRAIN,fixed_97_to_99,270.0,,DOWN,0.97,1.0,settlement,0.2892783505154646
TRAIN,fixed_97_to_99,270.0,,DOWN,0.97,1.0,settlement,0.2892783505154646
TRAIN,fixed_97_to_99,270.0,,DOWN,0.97,0.0,settlement,-10.02
TRAIN,fixed_97_to_99,270.0,,DOWN,0.97,1.0,settlement,0.2892783505154646
TRAIN,fixed_97_to_99,270.0,,DOWN,0.97,1.0,settlement,0.2892783505154646
TRAIN,fixed_97_to_99,270.0,,DOWN,0.97,0.0,settlement,-10.02
TRAIN,fixed_97_to_99,270.0,,UP,0.97,0.0,settlement,-10.02
TRAIN,fixed_97_to_99,270.0,,UP,0.97,1.0,settlement,0.2892783505154646
TRAIN,fixed_97_to_99,270.0,,DOWN,0.97,1.0,settlement,0.2892783505154646
TRAIN,fixed_97_to_99,270.0,,DOWN,0.97,1.0,settlement,0.2892783505154646
TRAIN,fixed_97_to_99,270.0,,UP,0.97,1.0,settlement,0.2892783505154646
TRAIN,fixed_97_to_99,270.0,,UP,0.97,0.0,settlement,-10.02
TRAIN,fixed_97_to_99,270.0,,UP,0.97,1.0,settlement,0.2892783505154646
TRAIN,fixed_97_to_99,270.0,,DOWN,0.97,1.0,settlement,0.2892783505154646
TRAIN,fixed_97_to_99,270.0,,UP,0.97,1.0,settlement,0.2892783505154646
TRAIN,fixed_97_to_99,270.0,,DOWN,0.97,1.0,settlement,0.2892783505154646
TRAIN,fixed_97_to_99,270.0,,DOWN,0.97,1.0,settlement,0.2892783505154646
TRAIN,fixed_97_to_99,270.0,,DOWN,0.97,1.0,settlement,0.2892783505154646
TRAIN,fixed_97_to_99,270.0,,UP,0.97,0.0,settlement,-10.02
TRAIN,fixed_97_to_99,270.0,,DOWN,0.97,1.0,settlement,0.2892783505154646
TRAIN,fixed_97_to_99,270.0,,DOWN,0.97,1.0,settlement,0.2892783505154646
TRAIN,fixed_97_to_99,270.0,,UP,0.97,0.0,settlement,-10.02
TRAIN,fixed_97_to_99,270.0,,UP,0.97,0.0,settlement,-10.02
TRAIN,fixed_97_to_99,270.0,,DOWN,0.97,1.0,settlement,0.2892783505154646
TRAIN,fixed_97_to_99,270.0,,UP,0.97,0.0,settlement,-10.02
TRAIN,fixed_97_to_99,270.0,,DOWN,0.97,0.0,settlement,-10.02
TRAIN,fixed_97_to_99,270.0,,DOWN,0.97,1.0,settlement,0.2892783505154646
TRAIN,fixed_97_to_99,270.0,,UP,0.97,1.0,settlement,0.2892783505154646
TRAIN,fixed_97_to_99,270.0,,UP,0.97,0.0,settlement,-10.02
TRAIN,fixed_97_to_99,270.0,,DOWN,0.97,1.0,settlement,0.2892783505154646
TRAIN,fixed_97_to_99,270.0,,DOWN,0.97,1.0,settlement,0.2892783505154646
TRAIN,fixed_97_to_99,270.0,,UP,0.97,1.0,settlement,0.2892783505154646
TRAIN,fixed_97_to_99,270.0,,DOWN,0.97,1.0,settlement,0.2892783505154646
TRAIN,fixed_97_to_99,270.0,,DOWN,0.97,1.0,settlement,0.2892783505154646
TRAIN,fixed_97_to_99,270.0,,UP,0.97,1.0,settlement,0.2892783505154646
TRAIN,fixed_97_to_99,270.0,,UP,0.97,1.0,settlement,0.2892783505154646
TRAIN,fixed_97_to_99,270.0,,DOWN,0.97,1.0,settlement,0.2892783505154646
TRAIN,fixed_97_to_99,270.0,,DOWN,0.97,1.0,settlement,0.2892783505154646
TRAIN,fixed_97_to_99,270.0,,UP,0.97,1.0,settlement,0.2892783505154646
TRAIN,fixed_97_to_99,270.0,,DOWN,0.97,0.0,settlement,-10.02
TRAIN,fixed_97_to_99,270.0,,DOWN,0.97,1.0,settlement,0.2892783505154646
TRAIN,fixed_97_to_99,270.0,,DOWN,0.97,1.0,settlement,0.2892783505154646
TRAIN,fixed_97_to_99,270.0,,UP,0.97,1.0,settlement,0.2892783505154646
TRAIN,fixed_97_to_99,270.0,,DOWN,0.97,1.0,settlement,0.2892783505154646
TRAIN,fixed_97_to_99,270.0,,UP,0.97,1.0,settlement,0.2892783505154646
TRAIN,fixed_97_to_99,270.0,,UP,0.97,1.0,settlement,0.2892783505154646
TRAIN,fixed_97_to_99,270.0,,UP,0.97,1.0,settlement,0.2892783505154646
TRAIN,fixed_97_to_99,270.0,,UP,0.97,1.0,settlement,0.2892783505154646
TRAIN,fixed_97_to_99,270.0,,DOWN,0.97,1.0,settlement,0.2892783505154646
TRAIN,fixed_97_to_99,270.0,,DOWN,0.97,0.0,settlement,-10.02
TRAIN,fixed_97_to_99,270.0,,UP,0.97,1.0,settlement,0.2892783505154646
TRAIN,fixed_97_to_99,270.0,,UP,0.97,1.0,settlement,0.2892783505154646
TRAIN,fixed_97_to_99,270.0,,DOWN,0.97,1.0,settlement,0.2892783505154646
TRAIN,fixed_97_to_99,270.0,,UP,0.97,1.0,settlement,0.2892783505154646
TRAIN,fixed_97_to_99,270.0,,DOWN,0.97,1.0,settlement,0.2892783505154646
TRAIN,fixed_97_to_99,270.0,,UP,0.97,1.0,settlement,0.2892783505154646
TRAIN,fixed_97_to_99,270.0,,DOWN,0.97,0.0,settlement,-10.02
TRAIN,fixed_97_to_99,270.0,,UP,0.97,1.0,settlement,0.2892783505154646
TRAIN,fixed_97_to_99,270.0,,DOWN,0.97,1.0,settlement,0.2892783505154646
TRAIN,fixed_97_to_99,270.0,,UP,0.97,0.0,settlement,-10.02
TRAIN,fixed_97_to_99,270.0,,DOWN,0.97,1.0,settlement,0.2892783505154646
TRAIN,fixed_97_to_99,270.0,,DOWN,0.97,1.0,settlement,0.2892783505154646
TRAIN,fixed_97_to_99,270.0,,UP,0.97,1.0,settlement,0.2892783505154646
TRAIN,fixed_97_to_99,270.0,,UP,0.97,1.0,settlement,0.2892783505154646
TRAIN,fixed_97_to_99,270.0,,DOWN,0.97,1.0,settlement,0.2892783505154646
TRAIN,fixed_97_to_99,270.0,,DOWN,0.97,0.0,settlement,-10.02
TRAIN,fixed_97_to_99,270.0,,DOWN,0.97,1.0,settlement,0.2892783505154646
TRAIN,fixed_97_to_99,270.0,,DOWN,0.97,1.0,settlement,0.2892783505154646
TRAIN,fixed_97_to_99,270.0,,DOWN,0.97,0.0,settlement,-10.02
TRAIN,fixed_97_to_99,270.0,,DOWN,0.97,1.0,settlement,0.2892783505154646
TRAIN,fixed_97_to_99,270.0,,UP,0.97,0.0,settlement,-10.02
TRAIN,fixed_97_to_99,270.0,,UP,0.97,1.0,settlement,0.2892783505154646
TRAIN,fixed_97_to_99,270.0,,UP,0.97,0.0,settlement,-10.02
TRAIN,fixed_97_to_99,270.0,,UP,0.97,0.0,settlement,-10.02
TRAIN,fixed_97_to_99,270.0,,DOWN,0.97,1.0,settlement,0.2892783505154646
TRAIN,fixed_97_to_99,270.0,,UP,0.97,1.0,settlement,0.2892783505154646
TRAIN,fixed_97_to_99,270.0,,DOWN,0.97,0.0,settlement,-10.02
TRAIN,fixed_97_to_99,270.0,,UP,0.97,1.0,settlement,0.2892783505154646
TRAIN,fixed_97_to_99,270.0,,DOWN,0.97,0.0,settlement,-10.02
TRAIN,fixed_97_to_99,270.0,,DOWN,0.97,0.0,settlement,-10.02
TRAIN,fixed_97_to_99,270.0,,UP,0.97,1.0,settlement,0.2892783505154646
TRAIN,fixed_97_to_99,270.0,,UP,0.97,0.0,settlement,-10.02
TRAIN,fixed_97_to_99,270.0,,UP,0.97,1.0,settlement,0.2892783505154646
TRAIN,fixed_97_to_99,270.0,,DOWN,0.97,0.0,settlement,-10.02
TRAIN,fixed_97_to_99,270.0,,UP,0.97,1.0,settlement,0.2892783505154646
TRAIN,fixed_97_to_99,270.0,,DOWN,0.97,1.0,settlement,0.2892783505154646
TRAIN,fixed_97_to_99,270.0,,DOWN,0.97,1.0,settlement,0.2892783505154646
TRAIN,fixed_97_to_99,270.0,,DOWN,0.97,1.0,settlement,0.2892783505154646
TRAIN,fixed_97_to_99,270.0,,UP,0.97,1.0,settlement,0.2892783505154646
TRAIN,fixed_97_to_99,270.0,,UP,0.97,1.0,settlement,0.2892783505154646
TRAIN,fixed_97_to_99,270.0,,UP,0.97,0.0,settlement,-10.02
TRAIN,fixed_97_to_99,270.0,,DOWN,0.97,0.0,settlement,-10.02
TRAIN,fixed_97_to_99,270.0,,DOWN,0.97,1.0,settlement,0.2892783505154646
TRAIN,fixed_97_to_99,270.0,,DOWN,0.97,1.0,settlement,0.2892783505154646
TRAIN,fixed_97_to_99,270.0,,DOWN,0.97,1.0,settlement,0.2892783505154646
TRAIN,fixed_97_to_99,270.0,,UP,0.97,1.0,settlement,0.2892783505154646
TRAIN,fixed_97_to_99,270.0,,UP,0.97,0.0,settlement,-10.02
TRAIN,fixed_97_to_99,270.0,,UP,0.97,1.0,settlement,0.2892783505154646
TRAIN,fixed_97_to_99,270.0,,UP,0.97,1.0,settlement,0.2892783505154646
TRAIN,fixed_97_to_99,270.0,,UP,0.97,1.0,settlement,0.2892783505154646
TRAIN,fixed_97_to_99,270.0,,UP,0.97,1.0,settlement,0.2892783505154646
TRAIN,fixed_97_to_99,270.0,,UP,0.97,1.0,settlement,0.2892783505154646
TRAIN,fixed_97_to_99,270.0,,DOWN,0.97,0.0,settlement,-10.02
TRAIN,fixed_97_to_99,270.0,,DOWN,0.97,0.0,settlement,-10.02
TRAIN,fixed_97_to_99,270.0,,DOWN,0.97,1.0,settlement,0.2892783505154646
TRAIN,fixed_97_to_99,270.0,,DOWN,0.97,1.0,settlement,0.2892783505154646
TRAIN,fixed_97_to_99,270.0,,DOWN,0.97,0.0,settlement,-10.02
TRAIN,fixed_97_to_99,270.0,,UP,0.97,1.0,settlement,0.2892783505154646
TRAIN,fixed_97_to_99,270.0,,UP,0.97,0.0,settlement,-10.02
TRAIN,fixed_97_to_99,270.0,,DOWN,0.97,1.0,settlement,0.2892783505154646
TRAIN,fixed_97_to_99,270.0,,DOWN,0.97,1.0,settlement,0.2892783505154646
TRAIN,fixed_97_to_99,270.0,,UP,0.97,0.0,settlement,-10.02
TRAIN,fixed_97_to_99,270.0,,DOWN,0.97,1.0,settlement,0.2892783505154646
TRAIN,fixed_97_to_99,270.0,,UP,0.97,1.0,settlement,0.2892783505154646
TRAIN,fixed_97_to_99,270.0,,DOWN,0.97,1.0,settlement,0.2892783505154646
TRAIN,fixed_97_to_99,270.0,,DOWN,0.97,1.0,settlement,0.2892783505154646
TRAIN,fixed_97_to_99,270.0,,DOWN,0.97,1.0,settlement,0.2892783505154646
TRAIN,fixed_97_to_99,270.0,,UP,0.97,1.0,settlement,0.2892783505154646
TRAIN,fixed_97_to_99,270.0,,DOWN,0.97,1.0,settlement,0.2892783505154646
TRAIN,fixed_97_to_99,270.0,,UP,0.97,1.0,settlement,0.2892783505154646
TRAIN,fixed_97_to_99,270.0,,UP,0.97,1.0,settlement,0.2892783505154646
TRAIN,fixed_97_to_99,270.0,,UP,0.97,1.0,settlement,0.2892783505154646
TRAIN,fixed_97_to_99,270.0,,DOWN,0.97,1.0,settlement,0.2892783505154646
TRAIN,fixed_97_to_99,270.0,,DOWN,0.97,1.0,settlement,0.2892783505154646
TRAIN,fixed_97_to_99,270.0,,UP,0.97,0.0,settlement,-10.02
TRAIN,fixed_97_to_99,270.0,,DOWN,0.97,1.0,settlement,0.2892783505154646
TRAIN,fixed_97_to_99,270.0,,UP,0.97,1.0,settlement,0.2892783505154646
TRAIN,fixed_97_to_99,270.0,,UP,0.97,1.0,settlement,0.2892783505154646
TRAIN,fixed_97_to_99,270.0,,UP,0.97,1.0,settlement,0.2892783505154646
TRAIN,fixed_97_to_99,270.0,,DOWN,0.97,1.0,settlement,0.2892783505154646
TRAIN,fixed_97_to_99,270.0,,DOWN,0.97,0.0,settlement,-10.02
TRAIN,fixed_97_to_99,270.0,,DOWN,0.97,1.0,settlement,0.2892783505154646
TRAIN,fixed_97_to_99,270.0,,DOWN,0.97,1.0,settlement,0.2892783505154646
TRAIN,fixed_97_to_99,270.0,,UP,0.97,1.0,settlement,0.2892783505154646
TRAIN,fixed_97_to_99,270.0,,UP,0.97,1.0,settlement,0.2892783505154646
TRAIN,fixed_97_to_99,270.0,,UP,0.97,1.0,settlement,0.2892783505154646
TRAIN,fixed_97_to_99,270.0,,UP,0.97,1.0,settlement,0.2892783505154646
TRAIN,fixed_97_to_99,270.0,,DOWN,0.97,1.0,settlement,0.2892783505154646
TRAIN,fixed_97_to_99,270.0,,DOWN,0.97,1.0,settlement,0.2892783505154646
TRAIN,fixed_97_to_99,270.0,,DOWN,0.97,1.0,settlement,0.2892783505154646
TRAIN,fixed_97_to_99,270.0,,UP,0.97,1.0,settlement,0.2892783505154646
TRAIN,fixed_97_to_99,270.0,,DOWN,0.97,1.0,settlement,0.2892783505154646
TRAIN,fixed_97_to_99,270.0,,UP,0.97,1.0,settlement,0.2892783505154646
TRAIN,fixed_97_to_99,270.0,,DOWN,0.97,1.0,settlement,0.2892783505154646
TRAIN,fixed_97_to_99,270.0,,DOWN,0.97,1.0,settlement,0.2892783505154646
TRAIN,fixed_97_to_99,270.0,,DOWN,0.97,1.0,settlement,0.2892783505154646
TRAIN,fixed_97_to_99,270.0,,UP,0.97,1.0,settlement,0.2892783505154646
TRAIN,fixed_97_to_99,270.0,,DOWN,0.97,1.0,settlement,0.2892783505154646
TRAIN,fixed_97_to_99,270.0,,DOWN,0.97,1.0,settlement,0.2892783505154646
TRAIN,fixed_97_to_99,270.0,,UP,0.97,1.0,settlement,0.2892783505154646
TRAIN,fixed_97_to_99,270.0,,DOWN,0.97,1.0,settlement,0.2892783505154646
TRAIN,fixed_97_to_99,270.0,,DOWN,0.97,1.0,settlement,0.2892783505154646
TRAIN,fixed_97_to_99,270.0,,UP,0.97,1.0,settlement,0.2892783505154646
TRAIN,fixed_97_to_99,270.0,,UP,0.97,1.0,settlement,0.2892783505154646
TRAIN,fixed_97_to_99,270.0,,DOWN,0.97,1.0,settlement,0.2892783505154646
TRAIN,fixed_97_to_99,270.0,,UP,0.97,1.0,settlement,0.2892783505154646
TRAIN,fixed_97_to_99,270.0,,DOWN,0.97,1.0,settlement,0.2892783505154646
TRAIN,fixed_97_to_99,270.0,,DOWN,0.97,1.0,settlement,0.2892783505154646
TRAIN,fixed_97_to_99,270.0,,UP,0.97,1.0,settlement,0.2892783505154646
TRAIN,fixed_97_to_99,270.0,,UP,0.97,1.0,settlement,0.2892783505154646
TRAIN,fixed_97_to_99,270.0,,DOWN,0.97,1.0,settlement,0.2892783505154646
TRAIN,fixed_97_to_99,270.0,,UP,0.97,0.0,settlement,-10.02
TRAIN,fixed_97_to_99,270.0,,DOWN,0.97,1.0,settlement,0.2892783505154646
TRAIN,fixed_97_to_99,270.0,,UP,0.97,1.0,settlement,0.2892783505154646
TRAIN,fixed_97_to_99,270.0,,DOWN,0.97,1.0,settlement,0.2892783505154646
TRAIN,fixed_97_to_99,270.0,,DOWN,0.97,1.0,settlement,0.2892783505154646
TRAIN,fixed_97_to_99,270.0,,UP,0.97,1.0,settlement,0.2892783505154646
TRAIN,fixed_97_to_99,270.0,,DOWN,0.97,1.0,settlement,0.2892783505154646
TRAIN,fixed_97_to_99,270.0,,UP,0.97,1.0,settlement,0.2892783505154646
TRAIN,fixed_97_to_99,270.0,,UP,0.97,1.0,settlement,0.2892783505154646
TRAIN,fixed_97_to_99,270.0,,DOWN,0.97,1.0,settlement,0.2892783505154646
TRAIN,fixed_97_to_99,270.0,,DOWN,0.97,1.0,settlement,0.2892783505154646
TRAIN,fixed_97_to_99,270.0,,DOWN,0.97,1.0,settlement,0.2892783505154646
TRAIN,fixed_97_to_99,270.0,,UP,0.97,1.0,settlement,0.2892783505154646
TRAIN,fixed_97_to_99,270.0,,DOWN,0.97,1.0,settlement,0.2892783505154646
TRAIN,fixed_97_to_99,270.0,,UP,0.97,0.0,settlement,-10.02
TRAIN,fixed_97_to_99,270.0,,DOWN,0.97,1.0,settlement,0.2892783505154646
TRAIN,fixed_97_to_99,270.0,,DOWN,0.97,1.0,settlement,0.2892783505154646
TRAIN,fixed_97_to_99,270.0,,DOWN,0.97,1.0,settlement,0.2892783505154646
TRAIN,fixed_97_to_99,270.0,,DOWN,0.97,1.0,settlement,0.2892783505154646
TRAIN,fixed_97_to_99,270.0,,DOWN,0.97,1.0,settlement,0.2892783505154646
TRAIN,fixed_97_to_99,270.0,,UP,0.97,1.0,settlement,0.2892783505154646
TRAIN,fixed_97_to_99,270.0,,UP,0.97,0.0,settlement,-10.02
TRAIN,fixed_97_to_99,270.0,,DOWN,0.97,1.0,settlement,0.2892783505154646
TRAIN,fixed_97_to_99,270.0,,UP,0.97,1.0,settlement,0.2892783505154646
TRAIN,fixed_97_to_99,270.0,,DOWN,0.97,1.0,settlement,0.2892783505154646
TRAIN,fixed_97_to_99,270.0,,UP,0.97,1.0,settlement,0.2892783505154646
TRAIN,fixed_97_to_99,270.0,,DOWN,0.97,1.0,settlement,0.2892783505154646
TRAIN,fixed_97_to_99,270.0,,UP,0.97,1.0,settlement,0.2892783505154646
TRAIN,fixed_97_to_99,270.0,,UP,0.97,1.0,settlement,0.2892783505154646
TRAIN,fixed_97_to_99,270.0,,UP,0.97,1.0,settlement,0.2892783505154646
TRAIN,fixed_97_to_99,270.0,,UP,0.97,1.0,settlement,0.2892783505154646
TRAIN,fixed_97_to_99,270.0,,UP,0.97,1.0,settlement,0.2892783505154646
TRAIN,fixed_97_to_99,270.0,,DOWN,0.97,1.0,settlement,0.2892783505154646
TRAIN,fixed_97_to_99,270.0,,DOWN,0.97,1.0,settlement,0.2892783505154646
TRAIN,fixed_97_to_99,270.0,,DOWN,0.97,1.0,settlement,0.2892783505154646
TRAIN,fixed_97_to_99,270.0,,UP,0.97,1.0,settlement,0.2892783505154646
TRAIN,fixed_97_to_99,270.0,,UP,0.97,1.0,settlement,0.2892783505154646
TRAIN,fixed_97_to_99,270.0,,UP,0.97,1.0,settlement,0.2892783505154646
TRAIN,fixed_97_to_99,270.0,,DOWN,0.97,1.0,settlement,0.2892783505154646
TRAIN,fixed_97_to_99,270.0,,UP,0.97,1.0,settlement,0.2892783505154646
TRAIN,fixed_97_to_99,270.0,,DOWN,0.97,1.0,settlement,0.2892783505154646
TRAIN,fixed_97_to_99,270.0,,UP,0.97,1.0,settlement,0.2892783505154646
TRAIN,fixed_97_to_99,270.0,,UP,0.97,1.0,settlement,0.2892783505154646
TRAIN,fixed_97_to_99,270.0,,UP,0.97,1.0,settlement,0.2892783505154646
TRAIN,fixed_97_to_99,270.0,,DOWN,0.97,1.0,settlement,0.2892783505154646
TRAIN,fixed_97_to_99,270.0,,UP,0.97,1.0,settlement,0.2892783505154646
TRAIN,fixed_97_to_99,270.0,,DOWN,0.97,1.0,settlement,0.2892783505154646
TRAIN,fixed_97_to_99,270.0,,UP,0.97,1.0,settlement,0.2892783505154646
TRAIN,fixed_97_to_99,270.0,,UP,0.97,1.0,settlement,0.2892783505154646
TRAIN,fixed_97_to_99,270.0,,DOWN,0.97,1.0,settlement,0.2892783505154646
TRAIN,fixed_97_to_99,270.0,,DOWN,0.97,1.0,settlement,0.2892783505154646
TRAIN,fixed_97_to_99,270.0,,DOWN,0.97,1.0,settlement,0.2892783505154646
TRAIN,fixed_97_to_99,270.0,,DOWN,0.97,1.0,settlement,0.2892783505154646
TRAIN,fixed_97_to_99,270.0,,UP,0.97,1.0,settlement,0.2892783505154646
TRAIN,fixed_97_to_99,270.0,,DOWN,0.97,1.0,settlement,0.2892783505154646
TRAIN,fixed_97_to_99,270.0,,UP,0.97,1.0,settlement,0.2892783505154646
TRAIN,fixed_97_to_99,270.0,,UP,0.97,1.0,settlement,0.2892783505154646
TRAIN,fixed_97_to_99,270.0,,UP,0.97,1.0,settlement,0.2892783505154646
TRAIN,fixed_97_to_99,270.0,,DOWN,0.97,1.0,settlement,0.2892783505154646
TRAIN,fixed_97_to_99,270.0,,UP,0.97,1.0,settlement,0.2892783505154646
TRAIN,fixed_97_to_99,270.0,,DOWN,0.97,1.0,settlement,0.2892783505154646
TRAIN,fixed_97_to_99,270.0,,DOWN,0.97,1.0,settlement,0.2892783505154646
TRAIN,fixed_97_to_99,270.0,,DOWN,0.97,1.0,settlement,0.2892783505154646
TRAIN,fixed_97_to_99,270.0,,DOWN,0.97,1.0,settlement,0.2892783505154646
TRAIN,fixed_97_to_99,270.0,,UP,0.97,1.0,settlement,0.2892783505154646
TRAIN,fixed_97_to_99,270.0,,DOWN,0.97,1.0,settlement,0.2892783505154646
TRAIN,fixed_97_to_99,270.0,,DOWN,0.97,1.0,settlement,0.2892783505154646
TRAIN,fixed_97_to_99,270.0,,DOWN,0.97,1.0,settlement,0.2892783505154646
TRAIN,fixed_97_to_99,270.0,,DOWN,0.97,1.0,settlement,0.2892783505154646
TRAIN,fixed_97_to_99,270.0,,DOWN,0.97,1.0,settlement,0.2892783505154646
TRAIN,fixed_97_to_99,270.0,,UP,0.97,1.0,settlement,0.2892783505154646
TRAIN,fixed_97_to_99,270.0,,DOWN,0.97,1.0,settlement,0.2892783505154646
TRAIN,fixed_97_to_99,270.0,,UP,0.97,1.0,settlement,0.2892783505154646
TRAIN,fixed_97_to_99,270.0,,DOWN,0.97,1.0,settlement,0.2892783505154646
TRAIN,fixed_97_to_99,270.0,,UP,0.97,1.0,settlement,0.2892783505154646
TRAIN,fixed_97_to_99,270.0,,DOWN,0.97,1.0,settlement,0.2892783505154646
TRAIN,fixed_97_to_99,270.0,,UP,0.97,1.0,settlement,0.2892783505154646
TRAIN,fixed_97_to_99,270.0,,DOWN,0.97,1.0,settlement,0.2892783505154646
TRAIN,fixed_97_to_99,270.0,,DOWN,0.97,0.0,settlement,-10.02
TRAIN,fixed_97_to_99,270.0,,DOWN,0.97,1.0,settlement,0.2892783505154646
TRAIN,fixed_97_to_99,270.0,,UP,0.97,1.0,settlement,0.2892783505154646
TRAIN,fixed_97_to_99,270.0,,UP,0.97,1.0,settlement,0.2892783505154646
TRAIN,fixed_97_to_99,270.0,,UP,0.97,1.0,settlement,0.2892783505154646
TRAIN,fixed_97_to_99,270.0,,UP,0.97,0.0,settlement,-10.02
TRAIN,fixed_97_to_99,270.0,,DOWN,0.97,1.0,settlement,0.2892783505154646
TRAIN,fixed_97_to_99,270.0,,DOWN,0.97,1.0,settlement,0.2892783505154646
TRAIN,fixed_97_to_99,270.0,,UP,0.97,1.0,settlement,0.2892783505154646
TRAIN,fixed_97_to_99,270.0,,UP,0.97,1.0,settlement,0.2892783505154646
TRAIN,fixed_97_to_99,270.0,,UP,0.97,1.0,settlement,0.2892783505154646
TRAIN,fixed_97_to_99,270.0,,UP,0.97,1.0,settlement,0.2892783505154646
TRAIN,fixed_97_to_99,270.0,,UP,0.97,1.0,settlement,0.2892783505154646
TRAIN,fixed_97_to_99,270.0,,DOWN,0.97,1.0,settlement,0.2892783505154646
TRAIN,fixed_97_to_99,270.0,,DOWN,0.97,1.0,settlement,0.2892783505154646
TRAIN,fixed_97_to_99,270.0,,UP,0.97,0.0,settlement,-10.02
TRAIN,fixed_97_to_99,270.0,,DOWN,0.97,1.0,settlement,0.2892783505154646
TRAIN,fixed_97_to_99,270.0,,UP,0.97,1.0,settlement,0.2892783505154646
TRAIN,fixed_97_to_99,270.0,,UP,0.97,1.0,settlement,0.2892783505154646
TRAIN,fixed_97_to_99,270.0,,UP,0.97,1.0,settlement,0.2892783505154646
TRAIN,fixed_97_to_99,270.0,,DOWN,0.97,1.0,settlement,0.2892783505154646
TRAIN,fixed_97_to_99,270.0,,UP,0.97,1.0,settlement,0.2892783505154646
TRAIN,fixed_97_to_99,270.0,,DOWN,0.97,1.0,settlement,0.2892783505154646
TRAIN,fixed_97_to_99,270.0,,UP,0.97,1.0,settlement,0.2892783505154646
TRAIN,fixed_97_to_99,270.0,,DOWN,0.97,1.0,settlement,0.2892783505154646
TRAIN,fixed_97_to_99,270.0,,UP,0.97,1.0,settlement,0.2892783505154646
TRAIN,fixed_97_to_99,270.0,,UP,0.97,1.0,settlement,0.2892783505154646
TRAIN,fixed_97_to_99,270.0,,UP,0.97,1.0,settlement,0.2892783505154646
TRAIN,fixed_97_to_99,270.0,,DOWN,0.97,1.0,settlement,0.2892783505154646
TRAIN,fixed_97_to_99,270.0,,UP,0.97,1.0,settlement,0.2892783505154646
TRAIN,fixed_97_to_99,270.0,,DOWN,0.97,1.0,settlement,0.2892783505154646
TRAIN,fixed_97_to_99,270.0,,DOWN,0.97,0.0,settlement,-10.02
TRAIN,fixed_97_to_99,270.0,,DOWN,0.97,1.0,settlement,0.2892783505154646
TRAIN,fixed_97_to_99,270.0,,UP,0.97,1.0,settlement,0.2892783505154646
TRAIN,fixed_97_to_99,270.0,,DOWN,0.97,1.0,settlement,0.2892783505154646
TRAIN,fixed_97_to_99,270.0,,UP,0.97,1.0,settlement,0.2892783505154646
TRAIN,fixed_97_to_99,270.0,,DOWN,0.97,1.0,settlement,0.2892783505154646
TRAIN,fixed_97_to_99,270.0,,DOWN,0.97,1.0,settlement,0.2892783505154646
TRAIN,fixed_97_to_99,270.0,,DOWN,0.97,1.0,settlement,0.2892783505154646
TRAIN,fixed_97_to_99,270.0,,UP,0.97,1.0,settlement,0.2892783505154646
TRAIN,fixed_97_to_99,270.0,,DOWN,0.97,1.0,settlement,0.2892783505154646
TRAIN,fixed_97_to_99,270.0,,UP,0.97,1.0,settlement,0.2892783505154646
TRAIN,fixed_97_to_99,270.0,,UP,0.97,1.0,settlement,0.2892783505154646
TRAIN,fixed_97_to_99,270.0,,DOWN,0.97,1.0,settlement,0.2892783505154646
TRAIN,fixed_97_to_99,270.0,,DOWN,0.97,1.0,settlement,0.2892783505154646
TRAIN,fixed_97_to_99,270.0,,DOWN,0.97,1.0,settlement,0.2892783505154646
TRAIN,fixed_97_to_99,270.0,,DOWN,0.97,1.0,settlement,0.2892783505154646
TRAIN,fixed_97_to_99,270.0,,DOWN,0.97,1.0,settlement,0.2892783505154646
TRAIN,fixed_97_to_99,270.0,,DOWN,0.97,0.0,settlement,-10.02
TRAIN,fixed_97_to_99,270.0,,DOWN,0.97,1.0,settlement,0.2892783505154646
TRAIN,fixed_97_to_99,270.0,,DOWN,0.97,1.0,settlement,0.2892783505154646
TRAIN,fixed_97_to_99,270.0,,DOWN,0.97,1.0,settlement,0.2892783505154646
TRAIN,fixed_97_to_99,270.0,,UP,0.97,1.0,settlement,0.2892783505154646
TRAIN,fixed_97_to_99,270.0,,DOWN,0.97,1.0,settlement,0.2892783505154646
TRAIN,fixed_97_to_99,270.0,,UP,0.97,1.0,settlement,0.2892783505154646
TRAIN,fixed_97_to_99,270.0,,DOWN,0.97,1.0,settlement,0.2892783505154646
TRAIN,fixed_97_to_99,270.0,,UP,0.97,0.0,settlement,-10.02
TRAIN,fixed_97_to_99,270.0,,DOWN,0.97,1.0,settlement,0.2892783505154646
TRAIN,fixed_97_to_99,270.0,,UP,0.97,1.0,settlement,0.2892783505154646
TRAIN,fixed_97_to_99,270.0,,DOWN,0.97,1.0,settlement,0.2892783505154646
TRAIN,fixed_97_to_99,270.0,,DOWN,0.97,0.0,settlement,-10.02
TRAIN,fixed_97_to_99,270.0,,UP,0.97,1.0,settlement,0.2892783505154646
TRAIN,fixed_97_to_99,270.0,,DOWN,0.97,1.0,settlement,0.2892783505154646
TRAIN,fixed_97_to_99,270.0,,UP,0.97,1.0,settlement,0.2892783505154646
TRAIN,fixed_97_to_99,270.0,,DOWN,0.97,0.0,settlement,-10.02
TRAIN,fixed_97_to_99,270.0,,DOWN,0.97,1.0,settlement,0.2892783505154646
TRAIN,fixed_97_to_99,270.0,,DOWN,0.97,1.0,settlement,0.2892783505154646
TRAIN,fixed_97_to_99,270.0,,UP,0.97,1.0,settlement,0.2892783505154646
TRAIN,fixed_97_to_99,270.0,,UP,0.97,1.0,settlement,0.2892783505154646
TRAIN,fixed_97_to_99,270.0,,UP,0.97,1.0,settlement,0.2892783505154646
TRAIN,fixed_97_to_99,270.0,,DOWN,0.97,1.0,settlement,0.2892783505154646
TRAIN,fixed_97_to_99,270.0,,UP,0.97,1.0,settlement,0.2892783505154646
TRAIN,fixed_97_to_99,270.0,,UP,0.97,0.0,settlement,-10.02
TRAIN,fixed_97_to_99,270.0,,UP,0.97,1.0,settlement,0.2892783505154646
TRAIN,fixed_97_to_99,270.0,,DOWN,0.97,0.0,settlement,-10.02
TRAIN,fixed_97_to_99,270.0,,DOWN,0.97,1.0,settlement,0.2892783505154646
TRAIN,fixed_97_to_99,270.0,,UP,0.97,1.0,settlement,0.2892783505154646
TRAIN,fixed_97_to_99,270.0,,UP,0.97,1.0,settlement,0.2892783505154646
TRAIN,fixed_97_to_99,270.0,,UP,0.97,1.0,settlement,0.2892783505154646
TRAIN,fixed_97_to_99,270.0,,DOWN,0.97,1.0,settlement,0.2892783505154646
TRAIN,fixed_97_to_99,270.0,,DOWN,0.97,0.0,settlement,-10.02
TRAIN,fixed_97_to_99,270.0,,UP,0.97,1.0,settlement,0.2892783505154646
TRAIN,fixed_97_to_99,270.0,,UP,0.97,1.0,settlement,0.2892783505154646
TRAIN,fixed_97_to_99,270.0,,UP,0.97,0.0,settlement,-10.02
TRAIN,fixed_97_to_99,270.0,,DOWN,0.97,1.0,settlement,0.2892783505154646
TRAIN,fixed_97_to_99,270.0,,UP,0.97,0.0,settlement,-10.02
TRAIN,fixed_97_to_99,270.0,,DOWN,0.97,1.0,settlement,0.2892783505154646
TRAIN,fixed_97_to_99,270.0,,DOWN,0.97,1.0,settlement,0.2892783505154646
TRAIN,fixed_97_to_99,270.0,,UP,0.97,1.0,settlement,0.2892783505154646
TRAIN,fixed_97_to_99,270.0,,DOWN,0.97,1.0,settlement,0.2892783505154646
TRAIN,fixed_97_to_99,270.0,,DOWN,0.97,1.0,settlement,0.2892783505154646
TRAIN,fixed_97_to_99,270.0,,UP,0.97,0.0,settlement,-10.02
TRAIN,fixed_97_to_99,270.0,,DOWN,0.97,1.0,settlement,0.2892783505154646
TRAIN,fixed_97_to_99,270.0,,UP,0.97,1.0,settlement,0.2892783505154646
TRAIN,fixed_97_to_99,270.0,,DOWN,0.97,1.0,settlement,0.2892783505154646
TRAIN,fixed_97_to_99,270.0,,DOWN,0.97,1.0,settlement,0.2892783505154646
TRAIN,fixed_97_to_99,270.0,,DOWN,0.97,1.0,settlement,0.2892783505154646
TRAIN,fixed_97_to_99,270.0,,DOWN,0.97,0.0,settlement,-10.02
TRAIN,fixed_97_to_99,270.0,,DOWN,0.97,1.0,settlement,0.2892783505154646
TRAIN,fixed_97_to_99,270.0,,UP,0.97,0.0,settlement,-10.02
TRAIN,fixed_97_to_99,270.0,,UP,0.97,0.0,settlement,-10.02
TRAIN,fixed_97_to_99,270.0,,DOWN,0.97,1.0,settlement,0.2892783505154646
TRAIN,fixed_97_to_99,270.0,,UP,0.97,1.0,settlement,0.2892783505154646
TRAIN,fixed_97_to_99,270.0,,DOWN,0.97,1.0,settlement,0.2892783505154646
TRAIN,fixed_97_to_99,270.0,,DOWN,0.97,1.0,settlement,0.2892783505154646
TRAIN,fixed_97_to_99,270.0,,UP,0.97,1.0,settlement,0.2892783505154646
TRAIN,fixed_97_to_99,270.0,,UP,0.97,1.0,settlement,0.2892783505154646
TRAIN,fixed_97_to_99,270.0,,UP,0.97,1.0,settlement,0.2892783505154646
TRAIN,fixed_97_to_99,270.0,,DOWN,0.97,1.0,settlement,0.2892783505154646
TRAIN,fixed_97_to_99,270.0,,DOWN,0.97,0.0,settlement,-10.02
TRAIN,fixed_97_to_99,270.0,,UP,0.97,0.0,settlement,-10.02
TRAIN,fixed_97_to_99,270.0,,UP,0.97,1.0,settlement,0.2892783505154646
TRAIN,fixed_97_to_99,270.0,,UP,0.97,1.0,settlement,0.2892783505154646
TRAIN,fixed_97_to_99,270.0,,DOWN,0.97,1.0,settlement,0.2892783505154646
TRAIN,fixed_97_to_99,270.0,,UP,0.97,1.0,settlement,0.2892783505154646
TRAIN,fixed_97_to_99,270.0,,UP,0.97,0.0,settlement,-10.02
TRAIN,fixed_97_to_99,270.0,,UP,0.97,0.0,settlement,-10.02
TRAIN,fixed_97_to_99,270.0,,DOWN,0.97,1.0,settlement,0.2892783505154646
TRAIN,fixed_97_to_99,270.0,,UP,0.97,1.0,settlement,0.2892783505154646
TRAIN,fixed_97_to_99,270.0,,DOWN,0.97,0.0,settlement,-10.02
TRAIN,fixed_97_to_99,270.0,,UP,0.97,1.0,settlement,0.2892783505154646
TRAIN,fixed_97_to_99,270.0,,UP,0.97,1.0,settlement,0.2892783505154646
TRAIN,fixed_97_to_99,270.0,,DOWN,0.97,0.0,settlement,-10.02
TRAIN,fixed_97_to_99,270.0,,DOWN,0.97,0.0,settlement,-10.02
TRAIN,fixed_97_to_99,270.0,,DOWN,0.97,1.0,settlement,0.2892783505154646
TRAIN,fixed_97_to_99,270.0,,DOWN,0.97,0.0,settlement,-10.02
TRAIN,fixed_97_to_99,270.0,,DOWN,0.97,0.0,settlement,-10.02
TRAIN,fixed_97_to_99,270.0,,UP,0.97,1.0,settlement,0.2892783505154646
TRAIN,fixed_97_to_99,270.0,,UP,0.97,1.0,settlement,0.2892783505154646
TRAIN,fixed_97_to_99,270.0,,DOWN,0.97,1.0,settlement,0.2892783505154646
TRAIN,fixed_97_to_99,270.0,,DOWN,0.97,0.0,settlement,-10.02
TRAIN,fixed_97_to_99,270.0,,DOWN,0.97,1.0,settlement,0.2892783505154646
TRAIN,fixed_97_to_99,270.0,,UP,0.97,1.0,settlement,0.2892783505154646
TRAIN,fixed_97_to_99,270.0,,DOWN,0.97,1.0,settlement,0.2892783505154646
TRAIN,fixed_97_to_99,270.0,,UP,0.97,1.0,settlement,0.2892783505154646
TRAIN,fixed_97_to_99,270.0,,DOWN,0.97,0.0,settlement,-10.02
TRAIN,fixed_97_to_99,270.0,,DOWN,0.97,1.0,settlement,0.2892783505154646
TRAIN,fixed_97_to_99,270.0,,DOWN,0.97,0.0,settlement,-10.02
TRAIN,fixed_97_to_99,270.0,,DOWN,0.97,1.0,settlement,0.2892783505154646
TRAIN,fixed_97_to_99,270.0,,DOWN,0.97,1.0,settlement,0.2892783505154646
TRAIN,fixed_97_to_99,270.0,,DOWN,0.97,1.0,settlement,0.2892783505154646
TRAIN,fixed_97_to_99,270.0,,DOWN,0.97,0.0,settlement,-10.02
TRAIN,fixed_97_to_99,270.0,,DOWN,0.97,0.0,settlement,-10.02
TRAIN,fixed_97_to_99,270.0,,DOWN,0.97,1.0,settlement,0.2892783505154646
TRAIN,fixed_97_to_99,270.0,,DOWN,0.97,1.0,settlement,0.2892783505154646
TRAIN,fixed_97_to_99,270.0,,DOWN,0.97,1.0,settlement,0.2892783505154646
TRAIN,fixed_97_to_99,270.0,,UP,0.97,1.0,settlement,0.2892783505154646
TRAIN,fixed_97_to_99,270.0,,DOWN,0.97,1.0,settlement,0.2892783505154646
TRAIN,fixed_97_to_99,270.0,,DOWN,0.97,1.0,settlement,0.2892783505154646
TRAIN,fixed_97_to_99,270.0,,DOWN,0.97,1.0,settlement,0.2892783505154646
TRAIN,fixed_97_to_99,270.0,,DOWN,0.97,1.0,settlement,0.2892783505154646
TRAIN,fixed_97_to_99,270.0,,UP,0.97,1.0,settlement,0.2892783505154646
TRAIN,fixed_97_to_99,270.0,,DOWN,0.97,0.0,settlement,-10.02
TRAIN,fixed_97_to_99,270.0,,UP,0.97,1.0,settlement,0.2892783505154646
TRAIN,fixed_97_to_99,270.0,,DOWN,0.97,1.0,settlement,0.2892783505154646
TRAIN,fixed_97_to_99,270.0,,UP,0.97,1.0,settlement,0.2892783505154646
TRAIN,fixed_97_to_99,270.0,,UP,0.97,1.0,settlement,0.2892783505154646
TRAIN,fixed_97_to_99,270.0,,DOWN,0.97,1.0,settlement,0.2892783505154646
TRAIN,fixed_97_to_99,270.0,,DOWN,0.97,1.0,settlement,0.2892783505154646
TRAIN,fixed_97_to_99,270.0,,UP,0.97,1.0,settlement,0.2892783505154646
TRAIN,fixed_97_to_99,270.0,,DOWN,0.97,1.0,settlement,0.2892783505154646
TRAIN,fixed_97_to_99,270.0,,DOWN,0.97,1.0,settlement,0.2892783505154646
TRAIN,fixed_97_to_99,270.0,,DOWN,0.97,0.0,settlement,-10.02
TRAIN,fixed_97_to_99,270.0,,UP,0.97,1.0,settlement,0.2892783505154646
TRAIN,fixed_97_to_99,270.0,,UP,0.97,1.0,settlement,0.2892783505154646
TRAIN,fixed_97_to_99,270.0,,UP,0.97,0.0,settlement,-10.02
TRAIN,fixed_97_to_99,270.0,,UP,0.97,1.0,settlement,0.2892783505154646
TRAIN,fixed_97_to_99,270.0,,UP,0.97,1.0,settlement,0.2892783505154646
TRAIN,fixed_97_to_99,270.0,,DOWN,0.97,1.0,settlement,0.2892783505154646
TRAIN,fixed_97_to_99,270.0,,DOWN,0.97,1.0,settlement,0.2892783505154646
TRAIN,fixed_97_to_99,270.0,,UP,0.97,1.0,settlement,0.2892783505154646
TRAIN,fixed_97_to_99,270.0,,UP,0.97,1.0,settlement,0.2892783505154646
TRAIN,fixed_97_to_99,270.0,,DOWN,0.97,1.0,settlement,0.2892783505154646
TRAIN,fixed_97_to_99,270.0,,DOWN,0.97,1.0,settlement,0.2892783505154646
TRAIN,fixed_97_to_99,270.0,,UP,0.97,1.0,settlement,0.2892783505154646
TRAIN,fixed_97_to_99,270.0,,UP,0.97,1.0,settlement,0.2892783505154646
TRAIN,fixed_97_to_99,270.0,,DOWN,0.97,0.0,settlement,-10.02
TRAIN,fixed_97_to_99,270.0,,DOWN,0.97,1.0,settlement,0.2892783505154646
TRAIN,fixed_97_to_99,270.0,,UP,0.97,1.0,settlement,0.2892783505154646
TRAIN,fixed_97_to_99,270.0,,DOWN,0.97,0.0,settlement,-10.02
TRAIN,fixed_97_to_99,270.0,,DOWN,0.97,1.0,settlement,0.2892783505154646
TRAIN,fixed_97_to_99,270.0,,DOWN,0.97,1.0,settlement,0.2892783505154646
TRAIN,fixed_97_to_99,270.0,,UP,0.97,1.0,settlement,0.2892783505154646
TRAIN,fixed_97_to_99,270.0,,UP,0.97,1.0,settlement,0.2892783505154646
TRAIN,fixed_97_to_99,270.0,,UP,0.97,1.0,settlement,0.2892783505154646
TRAIN,fixed_97_to_99,270.0,,UP,0.97,1.0,settlement,0.2892783505154646
TRAIN,fixed_97_to_99,270.0,,UP,0.97,1.0,settlement,0.2892783505154646
TRAIN,fixed_97_to_99,270.0,,UP,0.97,1.0,settlement,0.2892783505154646
TRAIN,fixed_97_to_99,270.0,,UP,0.97,1.0,settlement,0.2892783505154646
TRAIN,fixed_97_to_99,270.0,,UP,0.97,1.0,settlement,0.2892783505154646
TRAIN,fixed_97_to_99,270.0,,UP,0.97,1.0,settlement,0.2892783505154646
TRAIN,fixed_97_to_99,270.0,,UP,0.97,1.0,settlement,0.2892783505154646
TRAIN,fixed_97_to_99,270.0,,UP,0.97,1.0,settlement,0.2892783505154646
TRAIN,fixed_97_to_99,270.0,,DOWN,0.97,0.0,settlement,-10.02
TRAIN,fixed_97_to_99,270.0,,DOWN,0.97,1.0,settlement,0.2892783505154646
TRAIN,fixed_97_to_99,270.0,,UP,0.97,1.0,settlement,0.2892783505154646
TRAIN,fixed_97_to_99,270.0,,DOWN,0.97,1.0,settlement,0.2892783505154646
TRAIN,fixed_97_to_99,270.0,,UP,0.97,1.0,settlement,0.2892783505154646
TRAIN,fixed_97_to_99,270.0,,DOWN,0.97,1.0,settlement,0.2892783505154646
TRAIN,fixed_97_to_99,270.0,,DOWN,0.97,1.0,settlement,0.2892783505154646
TRAIN,fixed_97_to_99,270.0,,UP,0.97,1.0,settlement,0.2892783505154646
TRAIN,fixed_97_to_99,270.0,,DOWN,0.97,1.0,settlement,0.2892783505154646
TRAIN,fixed_97_to_99,270.0,,DOWN,0.97,1.0,settlement,0.2892783505154646
TRAIN,fixed_97_to_99,270.0,,UP,0.97,1.0,settlement,0.2892783505154646
TRAIN,fixed_97_to_99,270.0,,DOWN,0.97,1.0,settlement,0.2892783505154646
TRAIN,fixed_97_to_99,270.0,,DOWN,0.97,0.0,settlement,-10.02
TRAIN,fixed_97_to_99,270.0,,UP,0.97,1.0,settlement,0.2892783505154646
TRAIN,fixed_97_to_99,270.0,,DOWN,0.97,1.0,settlement,0.2892783505154646
TRAIN,fixed_97_to_99,270.0,,UP,0.97,1.0,settlement,0.2892783505154646
TRAIN,fixed_97_to_99,270.0,,UP,0.97,1.0,settlement,0.2892783505154646
TRAIN,fixed_97_to_99,270.0,,DOWN,0.97,1.0,settlement,0.2892783505154646
TRAIN,fixed_97_to_99,270.0,,UP,0.97,1.0,settlement,0.2892783505154646
TRAIN,fixed_97_to_99,270.0,,DOWN,0.97,1.0,settlement,0.2892783505154646
TRAIN,fixed_97_to_99,270.0,,UP,0.97,1.0,settlement,0.2892783505154646
TRAIN,fixed_97_to_99,270.0,,DOWN,0.97,1.0,settlement,0.2892783505154646
TRAIN,fixed_97_to_99,270.0,,DOWN,0.97,0.0,settlement,-10.02
TRAIN,fixed_97_to_99,270.0,,UP,0.97,1.0,settlement,0.2892783505154646
TRAIN,fixed_97_to_99,270.0,,UP,0.97,1.0,settlement,0.2892783505154646
TRAIN,fixed_97_to_99,270.0,,DOWN,0.97,1.0,settlement,0.2892783505154646
TRAIN,fixed_97_to_99,270.0,,DOWN,0.97,1.0,settlement,0.2892783505154646
TRAIN,fixed_97_to_99,270.0,,UP,0.97,1.0,settlement,0.2892783505154646
TRAIN,fixed_97_to_99,270.0,,UP,0.97,1.0,settlement,0.2892783505154646
TRAIN,fixed_97_to_99,270.0,,DOWN,0.97,1.0,settlement,0.2892783505154646
TRAIN,fixed_97_to_99,270.0,,UP,0.97,1.0,settlement,0.2892783505154646
TRAIN,fixed_97_to_99,270.0,,UP,0.97,1.0,settlement,0.2892783505154646
TRAIN,fixed_97_to_99,270.0,,UP,0.97,1.0,settlement,0.2892783505154646
TRAIN,fixed_97_to_99,270.0,,UP,0.97,1.0,settlement,0.2892783505154646
TRAIN,fixed_97_to_99,270.0,,UP,0.97,1.0,settlement,0.2892783505154646
TRAIN,fixed_97_to_99,270.0,,UP,0.97,1.0,settlement,0.2892783505154646
TRAIN,fixed_97_to_99,270.0,,DOWN,0.97,1.0,settlement,0.2892783505154646
TRAIN,fixed_97_to_99,270.0,,UP,0.97,1.0,settlement,0.2892783505154646
TRAIN,fixed_97_to_99,270.0,,UP,0.97,0.0,settlement,-10.02
TRAIN,fixed_97_to_99,270.0,,DOWN,0.97,1.0,settlement,0.2892783505154646
TRAIN,fixed_97_to_99,270.0,,DOWN,0.97,1.0,settlement,0.2892783505154646
TRAIN,fixed_97_to_99,270.0,,UP,0.97,1.0,settlement,0.2892783505154646
TRAIN,fixed_97_to_99,270.0,,UP,0.97,1.0,settlement,0.2892783505154646
TRAIN,fixed_97_to_99,270.0,,UP,0.97,0.0,settlement,-10.02
TRAIN,fixed_97_to_99,270.0,,UP,0.97,1.0,settlement,0.2892783505154646
TRAIN,fixed_97_to_99,270.0,,DOWN,0.97,1.0,settlement,0.2892783505154646
TRAIN,fixed_97_to_99,270.0,,DOWN,0.97,1.0,settlement,0.2892783505154646
TRAIN,fixed_97_to_99,270.0,,UP,0.97,1.0,settlement,0.2892783505154646
TRAIN,fixed_97_to_99,270.0,,DOWN,0.97,1.0,settlement,0.2892783505154646
TRAIN,fixed_97_to_99,270.0,,DOWN,0.97,1.0,settlement,0.2892783505154646
TRAIN,fixed_97_to_99,270.0,,DOWN,0.97,0.0,settlement,-10.02
TRAIN,fixed_97_to_99,270.0,,DOWN,0.97,1.0,settlement,0.2892783505154646
TRAIN,fixed_97_to_99,270.0,,DOWN,0.97,1.0,settlement,0.2892783505154646
TRAIN,fixed_97_to_99,270.0,,UP,0.97,1.0,settlement,0.2892783505154646
TRAIN,fixed_97_to_99,270.0,,UP,0.97,1.0,settlement,0.2892783505154646
TRAIN,fixed_97_to_99,270.0,,UP,0.97,1.0,settlement,0.2892783505154646
TRAIN,fixed_97_to_99,270.0,,UP,0.97,1.0,settlement,0.2892783505154646
TRAIN,fixed_97_to_99,270.0,,DOWN,0.97,0.0,settlement,-10.02
TRAIN,fixed_97_to_99,270.0,,DOWN,0.97,0.0,settlement,-10.02
TRAIN,fixed_97_to_99,270.0,,DOWN,0.97,0.0,settlement,-10.02
TRAIN,fixed_97_to_99,270.0,,DOWN,0.97,1.0,settlement,0.2892783505154646
TRAIN,fixed_97_to_99,270.0,,DOWN,0.97,0.0,settlement,-10.02
TRAIN,fixed_97_to_99,270.0,,UP,0.97,1.0,settlement,0.2892783505154646
TRAIN,fixed_97_to_99,270.0,,UP,0.97,1.0,settlement,0.2892783505154646
TRAIN,fixed_97_to_99,270.0,,UP,0.97,1.0,settlement,0.2892783505154646
TRAIN,fixed_97_to_99,270.0,,DOWN,0.97,1.0,settlement,0.2892783505154646
TRAIN,fixed_97_to_99,270.0,,DOWN,0.97,0.0,settlement,-10.02
TRAIN,fixed_97_to_99,270.0,,DOWN,0.97,1.0,settlement,0.2892783505154646
TRAIN,fixed_97_to_99,270.0,,UP,0.97,1.0,settlement,0.2892783505154646
TRAIN,fixed_97_to_99,270.0,,UP,0.97,1.0,settlement,0.2892783505154646
TRAIN,fixed_97_to_99,270.0,,UP,0.97,1.0,settlement,0.2892783505154646
TRAIN,fixed_97_to_99,270.0,,DOWN,0.97,1.0,settlement,0.2892783505154646
TRAIN,fixed_97_to_99,270.0,,DOWN,0.97,0.0,settlement,-10.02
TRAIN,fixed_97_to_99,270.0,,UP,0.97,1.0,settlement,0.2892783505154646
TRAIN,fixed_97_to_99,270.0,,UP,0.97,1.0,settlement,0.2892783505154646
TRAIN,fixed_97_to_99,270.0,,UP,0.97,1.0,settlement,0.2892783505154646
TRAIN,fixed_97_to_99,270.0,,DOWN,0.97,1.0,settlement,0.2892783505154646
TRAIN,fixed_97_to_99,270.0,,DOWN,0.97,1.0,settlement,0.2892783505154646
TRAIN,fixed_97_to_99,270.0,,UP,0.97,1.0,settlement,0.2892783505154646
TRAIN,fixed_97_to_99,270.0,,UP,0.97,1.0,settlement,0.2892783505154646
TRAIN,fixed_97_to_99,270.0,,DOWN,0.97,1.0,settlement,0.2892783505154646
TRAIN,fixed_97_to_99,270.0,,UP,0.97,0.0,settlement,-10.02
TRAIN,fixed_97_to_99,270.0,,UP,0.97,1.0,settlement,0.2892783505154646
TRAIN,fixed_97_to_99,270.0,,DOWN,0.97,1.0,settlement,0.2892783505154646
TRAIN,fixed_97_to_99,270.0,,UP,0.97,1.0,settlement,0.2892783505154646
TRAIN,fixed_97_to_99,270.0,,UP,0.97,1.0,settlement,0.2892783505154646
TRAIN,fixed_97_to_99,270.0,,UP,0.97,1.0,settlement,0.2892783505154646
TRAIN,fixed_97_to_99,270.0,,UP,0.97,1.0,settlement,0.2892783505154646
TRAIN,fixed_97_to_99,270.0,,UP,0.97,1.0,settlement,0.2892783505154646
TRAIN,fixed_97_to_99,270.0,,UP,0.97,1.0,settlement,0.2892783505154646
TRAIN,fixed_97_to_99,270.0,,DOWN,0.97,1.0,settlement,0.2892783505154646
TRAIN,fixed_97_to_99,270.0,,UP,0.97,1.0,settlement,0.2892783505154646
TRAIN,fixed_97_to_99,270.0,,DOWN,0.97,1.0,settlement,0.2892783505154646
TRAIN,fixed_97_to_99,270.0,,DOWN,0.97,1.0,settlement,0.2892783505154646
TRAIN,fixed_97_to_99,270.0,,DOWN,0.97,1.0,settlement,0.2892783505154646
TRAIN,fixed_97_to_99,270.0,,DOWN,0.97,0.0,settlement,-10.02
TRAIN,fixed_97_to_99,270.0,,DOWN,0.97,1.0,settlement,0.2892783505154646
TRAIN,fixed_97_to_99,270.0,,DOWN,0.97,1.0,settlement,0.2892783505154646
TRAIN,fixed_97_to_99,270.0,,UP,0.97,1.0,settlement,0.2892783505154646
TRAIN,fixed_97_to_99,270.0,,UP,0.97,1.0,settlement,0.2892783505154646
TRAIN,fixed_97_to_99,270.0,,UP,0.97,1.0,settlement,0.2892783505154646
TRAIN,fixed_97_to_99,270.0,,DOWN,0.97,0.0,settlement,-10.02
TRAIN,fixed_97_to_99,270.0,,DOWN,0.97,1.0,settlement,0.2892783505154646
TRAIN,fixed_97_to_99,270.0,,DOWN,0.97,1.0,settlement,0.2892783505154646
TRAIN,fixed_97_to_99,270.0,,DOWN,0.97,0.0,settlement,-10.02
TRAIN,fixed_97_to_99,270.0,,DOWN,0.97,1.0,settlement,0.2892783505154646
TRAIN,fixed_97_to_99,270.0,,UP,0.97,1.0,settlement,0.2892783505154646
TRAIN,fixed_97_to_99,270.0,,DOWN,0.97,1.0,settlement,0.2892783505154646
TRAIN,fixed_97_to_99,270.0,,DOWN,0.97,1.0,settlement,0.2892783505154646
TRAIN,fixed_97_to_99,270.0,,UP,0.97,1.0,settlement,0.2892783505154646
TRAIN,fixed_97_to_99,270.0,,UP,0.97,1.0,settlement,0.2892783505154646
TRAIN,fixed_97_to_99,270.0,,UP,0.97,1.0,settlement,0.2892783505154646
TRAIN,fixed_97_to_99,270.0,,UP,0.97,1.0,settlement,0.2892783505154646
TRAIN,fixed_97_to_99,270.0,,DOWN,0.97,1.0,settlement,0.2892783505154646
TRAIN,fixed_97_to_99,270.0,,DOWN,0.97,1.0,settlement,0.2892783505154646
TRAIN,fixed_97_to_99,270.0,,DOWN,0.97,1.0,settlement,0.2892783505154646
TRAIN,fixed_97_to_99,270.0,,DOWN,0.97,0.0,settlement,-10.02
TRAIN,fixed_97_to_99,270.0,,UP,0.97,1.0,settlement,0.2892783505154646
TRAIN,fixed_97_to_99,270.0,,DOWN,0.97,1.0,settlement,0.2892783505154646
TRAIN,fixed_97_to_99,270.0,,DOWN,0.97,1.0,settlement,0.2892783505154646
TRAIN,fixed_97_to_99,270.0,,UP,0.97,1.0,settlement,0.2892783505154646
TRAIN,fixed_97_to_99,270.0,,UP,0.97,1.0,settlement,0.2892783505154646
TRAIN,fixed_97_to_99,270.0,,UP,0.97,1.0,settlement,0.2892783505154646
TRAIN,fixed_97_to_99,270.0,,UP,0.97,1.0,settlement,0.2892783505154646
TRAIN,fixed_97_to_99,270.0,,UP,0.97,1.0,settlement,0.2892783505154646
TRAIN,fixed_97_to_99,270.0,,DOWN,0.97,0.0,settlement,-10.02
TRAIN,fixed_97_to_99,270.0,,DOWN,0.97,1.0,settlement,0.2892783505154646
TRAIN,fixed_97_to_99,270.0,,UP,0.97,1.0,settlement,0.2892783505154646
TRAIN,fixed_97_to_99,270.0,,DOWN,0.97,1.0,settlement,0.2892783505154646
TRAIN,fixed_97_to_99,270.0,,DOWN,0.97,1.0,settlement,0.2892783505154646
TRAIN,fixed_97_to_99,270.0,,DOWN,0.97,1.0,settlement,0.2892783505154646
TRAIN,fixed_97_to_99,270.0,,DOWN,0.97,1.0,settlement,0.2892783505154646
TRAIN,fixed_97_to_99,270.0,,DOWN,0.97,1.0,settlement,0.2892783505154646
TRAIN,fixed_97_to_99,270.0,,DOWN,0.97,1.0,settlement,0.2892783505154646
TRAIN,fixed_97_to_99,270.0,,UP,0.97,0.0,settlement,-10.02
TRAIN,fixed_97_to_99,270.0,,UP,0.97,1.0,settlement,0.2892783505154646
TRAIN,fixed_97_to_99,270.0,,DOWN,0.97,1.0,settlement,0.2892783505154646
TRAIN,fixed_97_to_99,270.0,,DOWN,0.97,1.0,settlement,0.2892783505154646
TRAIN,fixed_97_to_99,270.0,,UP,0.97,1.0,settlement,0.2892783505154646
TRAIN,fixed_97_to_99,270.0,,UP,0.97,1.0,settlement,0.2892783505154646
TRAIN,fixed_97_to_99,270.0,,DOWN,0.97,1.0,settlement,0.2892783505154646
TRAIN,fixed_97_to_99,270.0,,UP,0.97,1.0,settlement,0.2892783505154646
TRAIN,fixed_97_to_99,270.0,,UP,0.97,1.0,settlement,0.2892783505154646
TRAIN,fixed_97_to_99,270.0,,DOWN,0.97,0.0,settlement,-10.02
TRAIN,fixed_97_to_99,270.0,,UP,0.97,1.0,settlement,0.2892783505154646
TRAIN,fixed_97_to_99,270.0,,UP,0.97,0.0,settlement,-10.02
TRAIN,fixed_97_to_99,270.0,,UP,0.97,1.0,settlement,0.2892783505154646
TRAIN,fixed_97_to_99,270.0,,DOWN,0.97,1.0,settlement,0.2892783505154646
TRAIN,fixed_97_to_99,270.0,,UP,0.97,1.0,settlement,0.2892783505154646
TRAIN,fixed_97_to_99,270.0,,DOWN,0.97,1.0,settlement,0.2892783505154646
TRAIN,fixed_97_to_99,270.0,,UP,0.97,0.0,settlement,-10.02
TRAIN,fixed_97_to_99,270.0,,UP,0.97,1.0,settlement,0.2892783505154646
TRAIN,fixed_97_to_99,270.0,,DOWN,0.97,1.0,settlement,0.2892783505154646
TRAIN,fixed_97_to_99,270.0,,DOWN,0.97,1.0,settlement,0.2892783505154646
TRAIN,fixed_97_to_99,270.0,,DOWN,0.97,1.0,settlement,0.2892783505154646
TRAIN,fixed_97_to_99,270.0,,DOWN,0.97,1.0,settlement,0.2892783505154646
TRAIN,fixed_97_to_99,270.0,,DOWN,0.97,1.0,settlement,0.2892783505154646
TRAIN,fixed_97_to_99,270.0,,UP,0.97,1.0,settlement,0.2892783505154646
TRAIN,fixed_97_to_99,270.0,,UP,0.97,1.0,settlement,0.2892783505154646
TRAIN,fixed_97_to_99,270.0,,DOWN,0.97,1.0,settlement,0.2892783505154646
TRAIN,fixed_97_to_99,270.0,,UP,0.97,0.0,settlement,-10.02
TRAIN,fixed_97_to_99,270.0,,UP,0.97,1.0,settlement,0.2892783505154646
TRAIN,fixed_97_to_99,270.0,,DOWN,0.97,1.0,settlement,0.2892783505154646
TRAIN,fixed_97_to_99,270.0,,DOWN,0.97,0.0,settlement,-10.02
TRAIN,fixed_97_to_99,270.0,,DOWN,0.97,1.0,settlement,0.2892783505154646
TRAIN,fixed_97_to_99,270.0,,UP,0.97,0.0,settlement,-10.02
TRAIN,fixed_97_to_99,270.0,,UP,0.97,1.0,settlement,0.2892783505154646
TRAIN,fixed_97_to_99,270.0,,UP,0.97,1.0,settlement,0.2892783505154646
TRAIN,fixed_97_to_99,270.0,,DOWN,0.97,1.0,settlement,0.2892783505154646
TRAIN,fixed_97_to_99,270.0,,UP,0.97,1.0,settlement,0.2892783505154646
TRAIN,fixed_97_to_99,270.0,,UP,0.97,1.0,settlement,0.2892783505154646
TRAIN,fixed_97_to_99,270.0,,DOWN,0.97,1.0,settlement,0.2892783505154646
TRAIN,fixed_97_to_99,270.0,,DOWN,0.97,1.0,settlement,0.2892783505154646
TRAIN,fixed_97_to_99,270.0,,DOWN,0.97,1.0,settlement,0.2892783505154646
TRAIN,fixed_97_to_99,270.0,,DOWN,0.97,1.0,settlement,0.2892783505154646
TRAIN,fixed_97_to_99,270.0,,UP,0.97,1.0,settlement,0.2892783505154646
TRAIN,fixed_97_to_99,270.0,,UP,0.97,1.0,settlement,0.2892783505154646
TRAIN,fixed_97_to_99,270.0,,DOWN,0.97,0.0,settlement,-10.02
TRAIN,fixed_97_to_99,270.0,,UP,0.97,1.0,settlement,0.2892783505154646
TRAIN,fixed_97_to_99,270.0,,DOWN,0.97,1.0,settlement,0.2892783505154646
TRAIN,fixed_97_to_99,270.0,,UP,0.97,0.0,settlement,-10.02
TRAIN,fixed_97_to_99,270.0,,UP,0.97,0.0,settlement,-10.02
TRAIN,fixed_97_to_99,270.0,,DOWN,0.97,1.0,settlement,0.2892783505154646
TRAIN,fixed_97_to_99,270.0,,UP,0.97,1.0,settlement,0.2892783505154646
TRAIN,fixed_97_to_99,270.0,,UP,0.97,1.0,settlement,0.2892783505154646
TRAIN,fixed_97_to_99,270.0,,DOWN,0.97,0.0,settlement,-10.02
TRAIN,fixed_97_to_99,270.0,,DOWN,0.97,1.0,settlement,0.2892783505154646
TRAIN,fixed_97_to_99,270.0,,DOWN,0.97,1.0,settlement,0.2892783505154646
TRAIN,fixed_97_to_99,270.0,,UP,0.97,0.0,settlement,-10.02
TRAIN,fixed_97_to_99,270.0,,UP,0.97,1.0,settlement,0.2892783505154646
TRAIN,fixed_97_to_99,270.0,,DOWN,0.97,1.0,settlement,0.2892783505154646
TRAIN,fixed_97_to_99,270.0,,DOWN,0.97,1.0,settlement,0.2892783505154646
TRAIN,fixed_97_to_99,270.0,,UP,0.97,0.0,settlement,-10.02
TRAIN,fixed_97_to_99,270.0,,UP,0.97,1.0,settlement,0.2892783505154646
TRAIN,fixed_97_to_99,270.0,,UP,0.97,1.0,settlement,0.2892783505154646
TRAIN,fixed_97_to_99,270.0,,UP,0.97,1.0,settlement,0.2892783505154646
TRAIN,fixed_97_to_99,270.0,,UP,0.97,1.0,settlement,0.2892783505154646
TRAIN,fixed_97_to_99,270.0,,DOWN,0.97,1.0,settlement,0.2892783505154646
TRAIN,fixed_97_to_99,270.0,,UP,0.97,1.0,settlement,0.2892783505154646
TRAIN,fixed_97_to_99,270.0,,DOWN,0.97,1.0,settlement,0.2892783505154646
TRAIN,fixed_97_to_99,270.0,,UP,0.97,0.0,settlement,-10.02
TRAIN,fixed_97_to_99,270.0,,DOWN,0.97,1.0,settlement,0.2892783505154646
TRAIN,fixed_97_to_99,270.0,,DOWN,0.97,1.0,settlement,0.2892783505154646
TRAIN,fixed_97_to_99,270.0,,UP,0.97,1.0,settlement,0.2892783505154646
TRAIN,fixed_97_to_99,270.0,,UP,0.97,1.0,settlement,0.2892783505154646
TRAIN,fixed_97_to_99,270.0,,UP,0.97,1.0,settlement,0.2892783505154646
TRAIN,fixed_97_to_99,270.0,,UP,0.97,0.0,settlement,-10.02
TRAIN,fixed_97_to_99,270.0,,UP,0.97,1.0,settlement,0.2892783505154646
TRAIN,fixed_97_to_99,270.0,,DOWN,0.97,1.0,settlement,0.2892783505154646
TRAIN,fixed_97_to_99,270.0,,DOWN,0.97,1.0,settlement,0.2892783505154646
TRAIN,fixed_97_to_99,270.0,,DOWN,0.97,1.0,settlement,0.2892783505154646
TRAIN,fixed_97_to_99,270.0,,DOWN,0.97,1.0,settlement,0.2892783505154646
TRAIN,fixed_97_to_99,270.0,,DOWN,0.97,1.0,settlement,0.2892783505154646
TRAIN,fixed_97_to_99,270.0,,DOWN,0.97,1.0,settlement,0.2892783505154646
TRAIN,fixed_97_to_99,270.0,,UP,0.97,0.0,settlement,-10.02
TRAIN,fixed_97_to_99,270.0,,UP,0.97,1.0,settlement,0.2892783505154646
TRAIN,fixed_97_to_99,270.0,,UP,0.97,0.0,settlement,-10.02
TRAIN,fixed_97_to_99,270.0,,UP,0.97,1.0,settlement,0.2892783505154646
TRAIN,fixed_97_to_99,270.0,,UP,0.97,0.0,settlement,-10.02
TRAIN,fixed_97_to_99,270.0,,UP,0.97,1.0,settlement,0.2892783505154646
TRAIN,fixed_97_to_99,270.0,,UP,0.97,0.0,settlement,-10.02
TRAIN,fixed_97_to_99,270.0,,DOWN,0.97,1.0,settlement,0.2892783505154646
TRAIN,fixed_97_to_99,270.0,,UP,0.97,1.0,settlement,0.2892783505154646
TRAIN,fixed_97_to_99,270.0,,DOWN,0.97,1.0,settlement,0.2892783505154646
TRAIN,fixed_97_to_99,270.0,,DOWN,0.97,0.0,settlement,-10.02
TRAIN,fixed_97_to_99,270.0,,DOWN,0.97,1.0,settlement,0.2892783505154646
TRAIN,fixed_97_to_99,270.0,,UP,0.97,1.0,settlement,0.2892783505154646
TRAIN,fixed_97_to_99,270.0,,UP,0.97,0.0,settlement,-10.02
TRAIN,fixed_97_to_99,270.0,,UP,0.97,1.0,settlement,0.2892783505154646
TRAIN,fixed_97_to_99,270.0,,DOWN,0.97,1.0,settlement,0.2892783505154646
TRAIN,fixed_97_to_99,270.0,,DOWN,0.97,0.0,settlement,-10.02
TRAIN,fixed_97_to_99,270.0,,DOWN,0.97,1.0,settlement,0.2892783505154646
TRAIN,fixed_97_to_99,270.0,,DOWN,0.97,1.0,settlement,0.2892783505154646
TRAIN,fixed_97_to_99,270.0,,DOWN,0.97,1.0,settlement,0.2892783505154646
TRAIN,fixed_97_to_99,270.0,,DOWN,0.97,1.0,settlement,0.2892783505154646
TRAIN,fixed_97_to_99,270.0,,UP,0.97,1.0,settlement,0.2892783505154646
TRAIN,fixed_97_to_99,270.0,,DOWN,0.97,1.0,settlement,0.2892783505154646
TRAIN,fixed_97_to_99,270.0,,UP,0.97,1.0,settlement,0.2892783505154646
TRAIN,fixed_97_to_99,270.0,,UP,0.97,1.0,settlement,0.2892783505154646
TRAIN,fixed_97_to_99,270.0,,DOWN,0.97,1.0,settlement,0.2892783505154646
TRAIN,fixed_97_to_99,270.0,,UP,0.97,0.0,settlement,-10.02
TRAIN,fixed_97_to_99,270.0,,DOWN,0.97,1.0,settlement,0.2892783505154646
TRAIN,fixed_97_to_99,270.0,,UP,0.97,0.0,settlement,-10.02
TRAIN,fixed_97_to_99,270.0,,DOWN,0.97,1.0,settlement,0.2892783505154646
TRAIN,fixed_97_to_99,270.0,,UP,0.97,1.0,settlement,0.2892783505154646
TRAIN,fixed_97_to_99,270.0,,DOWN,0.97,1.0,settlement,0.2892783505154646
TRAIN,fixed_97_to_99,270.0,,DOWN,0.97,1.0,settlement,0.2892783505154646
TRAIN,fixed_97_to_99,270.0,,UP,0.97,0.0,settlement,-10.02
TRAIN,fixed_97_to_99,270.0,,UP,0.97,1.0,settlement,0.2892783505154646
TRAIN,fixed_97_to_99,270.0,,DOWN,0.97,1.0,settlement,0.2892783505154646
TRAIN,fixed_97_to_99,270.0,,UP,0.97,1.0,settlement,0.2892783505154646
TRAIN,fixed_97_to_99,270.0,,UP,0.97,1.0,settlement,0.2892783505154646
TRAIN,fixed_97_to_99,270.0,,UP,0.97,1.0,settlement,0.2892783505154646
TRAIN,fixed_97_to_99,270.0,,UP,0.97,1.0,settlement,0.2892783505154646
TRAIN,fixed_97_to_99,270.0,,DOWN,0.97,1.0,settlement,0.2892783505154646
TRAIN,fixed_97_to_99,270.0,,UP,0.97,1.0,settlement,0.2892783505154646
TRAIN,fixed_97_to_99,270.0,,DOWN,0.97,1.0,settlement,0.2892783505154646
TRAIN,fixed_97_to_99,270.0,,UP,0.97,1.0,settlement,0.2892783505154646
TRAIN,fixed_97_to_99,270.0,,UP,0.97,1.0,settlement,0.2892783505154646
TRAIN,fixed_97_to_99,270.0,,UP,0.97,1.0,settlement,0.2892783505154646
TRAIN,fixed_97_to_99,270.0,,DOWN,0.97,1.0,settlement,0.2892783505154646
TRAIN,fixed_97_to_99,270.0,,UP,0.97,1.0,settlement,0.2892783505154646
TRAIN,fixed_97_to_99,270.0,,DOWN,0.97,1.0,settlement,0.2892783505154646
TRAIN,fixed_97_to_99,270.0,,DOWN,0.97,1.0,settlement,0.2892783505154646
TRAIN,fixed_97_to_99,270.0,,UP,0.97,1.0,settlement,0.2892783505154646
TRAIN,fixed_97_to_99,270.0,,UP,0.97,1.0,settlement,0.2892783505154646
TRAIN,fixed_97_to_99,270.0,,DOWN,0.97,1.0,settlement,0.2892783505154646
TRAIN,fixed_97_to_99,270.0,,DOWN,0.97,1.0,settlement,0.2892783505154646
TRAIN,fixed_97_to_99,270.0,,DOWN,0.97,1.0,settlement,0.2892783505154646
TRAIN,fixed_97_to_99,270.0,,DOWN,0.97,0.0,settlement,-10.02
TRAIN,fixed_97_to_99,270.0,,UP,0.97,1.0,settlement,0.2892783505154646
TRAIN,fixed_97_to_99,270.0,,UP,0.97,1.0,settlement,0.2892783505154646
TRAIN,fixed_97_to_99,270.0,,DOWN,0.97,1.0,settlement,0.2892783505154646
TRAIN,fixed_97_to_99,270.0,,UP,0.97,1.0,settlement,0.2892783505154646
TRAIN,fixed_97_to_99,270.0,,DOWN,0.97,1.0,settlement,0.2892783505154646
TRAIN,fixed_97_to_99,270.0,,DOWN,0.97,1.0,settlement,0.2892783505154646
TRAIN,fixed_97_to_99,270.0,,UP,0.97,1.0,settlement,0.2892783505154646
TRAIN,fixed_97_to_99,270.0,,DOWN,0.97,1.0,settlement,0.2892783505154646
TRAIN,fixed_97_to_99,270.0,,UP,0.97,1.0,settlement,0.2892783505154646
TRAIN,fixed_97_to_99,270.0,,UP,0.97,1.0,settlement,0.2892783505154646
TRAIN,fixed_97_to_99,270.0,,DOWN,0.97,0.0,settlement,-10.02
TRAIN,fixed_97_to_99,270.0,,UP,0.97,0.0,settlement,-10.02
TRAIN,fixed_97_to_99,270.0,,UP,0.97,1.0,settlement,0.2892783505154646
TRAIN,fixed_97_to_99,270.0,,DOWN,0.97,1.0,settlement,0.2892783505154646
TRAIN,fixed_97_to_99,270.0,,UP,0.97,1.0,settlement,0.2892783505154646
TRAIN,fixed_97_to_99,270.0,,UP,0.97,0.0,settlement,-10.02
TRAIN,fixed_97_to_99,270.0,,DOWN,0.97,0.0,settlement,-10.02
TRAIN,fixed_97_to_99,270.0,,DOWN,0.97,1.0,settlement,0.2892783505154646
TRAIN,fixed_97_to_99,270.0,,DOWN,0.97,1.0,settlement,0.2892783505154646
TRAIN,fixed_97_to_99,270.0,,UP,0.97,1.0,settlement,0.2892783505154646
TRAIN,fixed_97_to_99,270.0,,UP,0.97,1.0,settlement,0.2892783505154646
TRAIN,fixed_97_to_99,270.0,,UP,0.97,0.0,settlement,-10.02
TRAIN,fixed_97_to_99,270.0,,UP,0.97,1.0,settlement,0.2892783505154646
TRAIN,fixed_97_to_99,270.0,,DOWN,0.97,1.0,settlement,0.2892783505154646
TRAIN,fixed_97_to_99,270.0,,DOWN,0.97,1.0,settlement,0.2892783505154646
TRAIN,fixed_97_to_99,270.0,,UP,0.97,1.0,settlement,0.2892783505154646
TRAIN,fixed_97_to_99,270.0,,DOWN,0.97,1.0,settlement,0.2892783505154646
TRAIN,fixed_97_to_99,270.0,,DOWN,0.97,1.0,settlement,0.2892783505154646
TRAIN,fixed_97_to_99,270.0,,DOWN,0.97,1.0,settlement,0.2892783505154646
TRAIN,fixed_97_to_99,270.0,,UP,0.97,1.0,settlement,0.2892783505154646
TRAIN,fixed_97_to_99,270.0,,DOWN,0.97,1.0,settlement,0.2892783505154646
TRAIN,fixed_97_to_99,270.0,,DOWN,0.97,1.0,settlement,0.2892783505154646
TRAIN,fixed_97_to_99,270.0,,DOWN,0.97,1.0,settlement,0.2892783505154646
TRAIN,fixed_97_to_99,270.0,,UP,0.97,1.0,settlement,0.2892783505154646
TRAIN,fixed_97_to_99,270.0,,UP,0.97,1.0,settlement,0.2892783505154646
TRAIN,fixed_97_to_99,270.0,,UP,0.97,1.0,settlement,0.2892783505154646
TRAIN,fixed_97_to_99,270.0,,DOWN,0.97,1.0,settlement,0.2892783505154646
TRAIN,fixed_97_to_99,270.0,,UP,0.97,0.0,settlement,-10.02
TRAIN,fixed_97_to_99,270.0,,UP,0.97,1.0,settlement,0.2892783505154646
TRAIN,fixed_97_to_99,270.0,,UP,0.97,1.0,settlement,0.2892783505154646
TRAIN,fixed_97_to_99,270.0,,DOWN,0.97,1.0,settlement,0.2892783505154646
TRAIN,fixed_97_to_99,270.0,,UP,0.97,1.0,settlement,0.2892783505154646
TRAIN,fixed_97_to_99,270.0,,UP,0.97,1.0,settlement,0.2892783505154646
TRAIN,fixed_97_to_99,270.0,,DOWN,0.97,1.0,settlement,0.2892783505154646
TRAIN,fixed_97_to_99,270.0,,DOWN,0.97,1.0,settlement,0.2892783505154646
TRAIN,fixed_97_to_99,270.0,,DOWN,0.97,1.0,settlement,0.2892783505154646
TRAIN,fixed_97_to_99,270.0,,UP,0.97,1.0,settlement,0.2892783505154646
TRAIN,fixed_97_to_99,270.0,,UP,0.97,0.0,settlement,-10.02
TRAIN,fixed_97_to_99,270.0,,UP,0.97,1.0,settlement,0.2892783505154646
TRAIN,fixed_97_to_99,270.0,,UP,0.97,0.0,settlement,-10.02
TRAIN,fixed_97_to_99,270.0,,DOWN,0.97,0.0,settlement,-10.02
TRAIN,fixed_97_to_99,270.0,,DOWN,0.97,1.0,settlement,0.2892783505154646
TRAIN,fixed_97_to_99,270.0,,UP,0.97,1.0,settlement,0.2892783505154646
TRAIN,fixed_97_to_99,270.0,,UP,0.97,1.0,settlement,0.2892783505154646
TRAIN,fixed_97_to_99,270.0,,DOWN,0.97,1.0,settlement,0.2892783505154646
TRAIN,fixed_97_to_99,270.0,,UP,0.97,0.0,settlement,-10.02
TRAIN,fixed_97_to_99,270.0,,UP,0.97,1.0,settlement,0.2892783505154646
TRAIN,fixed_97_to_99,270.0,,DOWN,0.97,0.0,settlement,-10.02
TRAIN,fixed_97_to_99,270.0,,DOWN,0.97,1.0,settlement,0.2892783505154646
TRAIN,fixed_97_to_99,270.0,,UP,0.97,0.0,settlement,-10.02
TRAIN,fixed_97_to_99,270.0,,UP,0.97,1.0,settlement,0.2892783505154646
TRAIN,fixed_97_to_99,270.0,,UP,0.97,1.0,settlement,0.2892783505154646
TRAIN,fixed_97_to_99,270.0,,DOWN,0.97,1.0,settlement,0.2892783505154646
TRAIN,fixed_97_to_99,270.0,,DOWN,0.97,1.0,settlement,0.2892783505154646
TRAIN,fixed_97_to_99,270.0,,UP,0.97,1.0,settlement,0.2892783505154646
TRAIN,fixed_97_to_99,270.0,,UP,0.97,1.0,settlement,0.2892783505154646
TRAIN,fixed_97_to_99,270.0,,DOWN,0.97,1.0,settlement,0.2892783505154646
TRAIN,fixed_97_to_99,270.0,,UP,0.97,1.0,settlement,0.2892783505154646
TRAIN,fixed_97_to_99,270.0,,UP,0.97,0.0,settlement,-10.02
TRAIN,fixed_97_to_99,270.0,,UP,0.97,1.0,settlement,0.2892783505154646
TRAIN,fixed_97_to_99,270.0,,UP,0.97,1.0,settlement,0.2892783505154646
TRAIN,fixed_97_to_99,270.0,,UP,0.97,1.0,settlement,0.2892783505154646
TRAIN,fixed_97_to_99,270.0,,DOWN,0.97,1.0,settlement,0.2892783505154646
TRAIN,fixed_97_to_99,270.0,,DOWN,0.97,1.0,settlement,0.2892783505154646
TRAIN,fixed_97_to_99,270.0,,DOWN,0.97,1.0,settlement,0.2892783505154646
TRAIN,fixed_97_to_99,270.0,,DOWN,0.97,1.0,settlement,0.2892783505154646
TRAIN,fixed_97_to_99,270.0,,UP,0.97,1.0,settlement,0.2892783505154646
TRAIN,fixed_97_to_99,270.0,,DOWN,0.97,1.0,settlement,0.2892783505154646
TRAIN,fixed_97_to_99,270.0,,UP,0.97,1.0,settlement,0.2892783505154646
TRAIN,fixed_97_to_99,270.0,,DOWN,0.97,1.0,settlement,0.2892783505154646
TRAIN,fixed_97_to_99,270.0,,UP,0.97,1.0,settlement,0.2892783505154646
TRAIN,fixed_97_to_99,270.0,,DOWN,0.97,1.0,settlement,0.2892783505154646
TRAIN,fixed_97_to_99,270.0,,UP,0.97,1.0,settlement,0.2892783505154646
TRAIN,fixed_97_to_99,270.0,,DOWN,0.97,1.0,settlement,0.2892783505154646
TRAIN,fixed_97_to_99,270.0,,DOWN,0.97,1.0,settlement,0.2892783505154646
TRAIN,fixed_97_to_99,270.0,,UP,0.97,1.0,settlement,0.2892783505154646
TRAIN,fixed_97_to_99,270.0,,DOWN,0.97,1.0,settlement,0.2892783505154646
TRAIN,fixed_97_to_99,270.0,,UP,0.97,1.0,settlement,0.2892783505154646
TRAIN,fixed_97_to_99,270.0,,UP,0.97,1.0,settlement,0.2892783505154646
TRAIN,fixed_97_to_99,270.0,,UP,0.97,1.0,settlement,0.2892783505154646
TRAIN,fixed_97_to_99,270.0,,UP,0.97,1.0,settlement,0.2892783505154646
TRAIN,fixed_97_to_99,270.0,,DOWN,0.97,0.0,settlement,-10.02
TRAIN,fixed_97_to_99,270.0,,UP,0.97,1.0,settlement,0.2892783505154646
TRAIN,fixed_97_to_99,270.0,,UP,0.97,1.0,settlement,0.2892783505154646
TRAIN,fixed_97_to_99,270.0,,DOWN,0.97,1.0,settlement,0.2892783505154646
TRAIN,fixed_97_to_99,270.0,,UP,0.97,1.0,settlement,0.2892783505154646
TRAIN,fixed_97_to_99,270.0,,DOWN,0.97,1.0,settlement,0.2892783505154646
TRAIN,fixed_97_to_99,270.0,,UP,0.97,1.0,settlement,0.2892783505154646
TRAIN,fixed_97_to_99,270.0,,DOWN,0.97,1.0,settlement,0.2892783505154646
TRAIN,fixed_97_to_99,270.0,,UP,0.97,1.0,settlement,0.2892783505154646
TRAIN,fixed_97_to_99,270.0,,DOWN,0.97,1.0,settlement,0.2892783505154646
TRAIN,fixed_97_to_99,270.0,,DOWN,0.97,1.0,settlement,0.2892783505154646
TRAIN,fixed_97_to_99,270.0,,DOWN,0.97,1.0,settlement,0.2892783505154646
TRAIN,fixed_97_to_99,270.0,,UP,0.97,1.0,settlement,0.2892783505154646
TRAIN,fixed_97_to_99,270.0,,UP,0.97,1.0,settlement,0.2892783505154646
TRAIN,fixed_97_to_99,270.0,,DOWN,0.97,1.0,settlement,0.2892783505154646
TRAIN,fixed_97_to_99,270.0,,DOWN,0.97,0.0,settlement,-10.02
TRAIN,fixed_97_to_99,270.0,,UP,0.97,1.0,settlement,0.2892783505154646
TRAIN,fixed_97_to_99,270.0,,DOWN,0.97,1.0,settlement,0.2892783505154646
TRAIN,fixed_97_to_99,270.0,,UP,0.97,1.0,settlement,0.2892783505154646
TRAIN,fixed_97_to_99,270.0,,DOWN,0.97,1.0,settlement,0.2892783505154646
TRAIN,fixed_97_to_99,270.0,,DOWN,0.97,1.0,settlement,0.2892783505154646
TRAIN,fixed_97_to_99,270.0,,DOWN,0.97,1.0,settlement,0.2892783505154646
TRAIN,fixed_97_to_99,270.0,,UP,0.97,1.0,settlement,0.2892783505154646
TRAIN,fixed_97_to_99,270.0,,DOWN,0.97,1.0,settlement,0.2892783505154646
TRAIN,fixed_97_to_99,270.0,,UP,0.97,1.0,settlement,0.2892783505154646
TRAIN,fixed_97_to_99,270.0,,UP,0.97,1.0,settlement,0.2892783505154646
TRAIN,fixed_97_to_99,270.0,,UP,0.97,1.0,settlement,0.2892783505154646
TRAIN,fixed_97_to_99,270.0,,DOWN,0.97,1.0,settlement,0.2892783505154646
TRAIN,fixed_97_to_99,270.0,,DOWN,0.97,1.0,settlement,0.2892783505154646
TRAIN,fixed_97_to_99,270.0,,UP,0.97,1.0,settlement,0.2892783505154646
TRAIN,fixed_97_to_99,270.0,,UP,0.97,1.0,settlement,0.2892783505154646
TRAIN,fixed_97_to_99,270.0,,DOWN,0.97,0.0,settlement,-10.02
TRAIN,fixed_97_to_99,270.0,,DOWN,0.97,1.0,settlement,0.2892783505154646
TRAIN,fixed_97_to_99,270.0,,DOWN,0.97,1.0,settlement,0.2892783505154646
TRAIN,fixed_97_to_99,270.0,,DOWN,0.97,1.0,settlement,0.2892783505154646
TRAIN,fixed_97_to_99,270.0,,UP,0.97,1.0,settlement,0.2892783505154646
TRAIN,fixed_97_to_99,270.0,,UP,0.97,1.0,settlement,0.2892783505154646
TRAIN,fixed_97_to_99,270.0,,UP,0.97,1.0,settlement,0.2892783505154646
TRAIN,fixed_97_to_99,270.0,,UP,0.97,0.0,settlement,-10.02
TRAIN,fixed_97_to_99,270.0,,UP,0.97,1.0,settlement,0.2892783505154646
TRAIN,fixed_97_to_99,270.0,,DOWN,0.97,1.0,settlement,0.2892783505154646
TRAIN,fixed_97_to_99,270.0,,UP,0.97,1.0,settlement,0.2892783505154646
TRAIN,fixed_97_to_99,270.0,,UP,0.97,1.0,settlement,0.2892783505154646
TRAIN,fixed_97_to_99,270.0,,DOWN,0.97,1.0,settlement,0.2892783505154646
TRAIN,fixed_97_to_99,270.0,,DOWN,0.97,1.0,settlement,0.2892783505154646
TRAIN,fixed_97_to_99,270.0,,DOWN,0.97,1.0,settlement,0.2892783505154646
TRAIN,fixed_97_to_99,270.0,,UP,0.97,0.0,settlement,-10.02
TRAIN,fixed_97_to_99,270.0,,DOWN,0.97,1.0,settlement,0.2892783505154646
TRAIN,fixed_97_to_99,270.0,,DOWN,0.97,1.0,settlement,0.2892783505154646
TRAIN,fixed_97_to_99,270.0,,UP,0.97,1.0,settlement,0.2892783505154646
TRAIN,fixed_97_to_99,270.0,,DOWN,0.97,0.0,settlement,-10.02
TRAIN,fixed_97_to_99,270.0,,DOWN,0.97,1.0,settlement,0.2892783505154646
TRAIN,fixed_97_to_99,270.0,,UP,0.97,1.0,settlement,0.2892783505154646
TRAIN,fixed_97_to_99,270.0,,DOWN,0.97,1.0,settlement,0.2892783505154646
TRAIN,fixed_97_to_99,270.0,,DOWN,0.97,1.0,settlement,0.2892783505154646
TRAIN,fixed_97_to_99,270.0,,UP,0.97,1.0,settlement,0.2892783505154646
TRAIN,fixed_97_to_99,270.0,,UP,0.97,1.0,settlement,0.2892783505154646
TRAIN,fixed_97_to_99,270.0,,UP,0.97,1.0,settlement,0.2892783505154646
TRAIN,fixed_97_to_99,270.0,,DOWN,0.97,1.0,settlement,0.2892783505154646
TRAIN,fixed_97_to_99,270.0,,DOWN,0.97,1.0,settlement,0.2892783505154646
TRAIN,fixed_97_to_99,270.0,,UP,0.97,1.0,settlement,0.2892783505154646
TRAIN,fixed_97_to_99,270.0,,DOWN,0.97,1.0,settlement,0.2892783505154646
TRAIN,fixed_97_to_99,270.0,,DOWN,0.97,1.0,settlement,0.2892783505154646
TRAIN,fixed_97_to_99,270.0,,DOWN,0.97,1.0,settlement,0.2892783505154646
TRAIN,fixed_97_to_99,270.0,,UP,0.97,1.0,settlement,0.2892783505154646
TRAIN,fixed_97_to_99,270.0,,DOWN,0.97,1.0,settlement,0.2892783505154646
TRAIN,fixed_97_to_99,270.0,,UP,0.97,1.0,settlement,0.2892783505154646
TRAIN,fixed_97_to_99,270.0,,DOWN,0.97,0.0,settlement,-10.02
TRAIN,fixed_97_to_99,270.0,,DOWN,0.97,1.0,settlement,0.2892783505154646
TRAIN,fixed_97_to_99,270.0,,UP,0.97,1.0,settlement,0.2892783505154646
TRAIN,fixed_97_to_99,270.0,,DOWN,0.97,0.0,settlement,-10.02
TRAIN,fixed_97_to_99,270.0,,DOWN,0.97,1.0,settlement,0.2892783505154646
TRAIN,fixed_97_to_99,270.0,,DOWN,0.97,1.0,settlement,0.2892783505154646
TRAIN,fixed_97_to_99,270.0,,UP,0.97,0.0,settlement,-10.02
TRAIN,fixed_97_to_99,270.0,,UP,0.97,0.0,settlement,-10.02
TRAIN,fixed_97_to_99,270.0,,UP,0.97,1.0,settlement,0.2892783505154646
TRAIN,fixed_97_to_99,270.0,,UP,0.97,1.0,settlement,0.2892783505154646
TRAIN,fixed_97_to_99,270.0,,DOWN,0.97,1.0,settlement,0.2892783505154646
TRAIN,fixed_97_to_99,270.0,,DOWN,0.97,0.0,settlement,-10.02
TRAIN,fixed_97_to_99,270.0,,DOWN,0.97,0.0,settlement,-10.02
TRAIN,fixed_97_to_99,270.0,,DOWN,0.97,1.0,settlement,0.2892783505154646
TRAIN,fixed_97_to_99,270.0,,UP,0.97,0.0,settlement,-10.02
TRAIN,fixed_97_to_99,270.0,,DOWN,0.97,1.0,settlement,0.2892783505154646
TRAIN,fixed_97_to_99,270.0,,DOWN,0.97,1.0,settlement,0.2892783505154646
TRAIN,fixed_97_to_99,270.0,,DOWN,0.97,1.0,settlement,0.2892783505154646
TRAIN,fixed_97_to_99,270.0,,DOWN,0.97,1.0,settlement,0.2892783505154646
TRAIN,fixed_97_to_99,270.0,,DOWN,0.97,1.0,settlement,0.2892783505154646
TRAIN,fixed_97_to_99,270.0,,UP,0.97,1.0,settlement,0.2892783505154646
TRAIN,fixed_97_to_99,270.0,,DOWN,0.97,1.0,settlement,0.2892783505154646
TRAIN,fixed_97_to_99,270.0,,DOWN,0.97,1.0,settlement,0.2892783505154646
TRAIN,fixed_97_to_99,270.0,,UP,0.97,1.0,settlement,0.2892783505154646
TRAIN,fixed_97_to_99,270.0,,UP,0.97,1.0,settlement,0.2892783505154646
TRAIN,fixed_97_to_99,270.0,,UP,0.97,1.0,settlement,0.2892783505154646
TRAIN,fixed_97_to_99,270.0,,DOWN,0.97,1.0,settlement,0.2892783505154646
TRAIN,fixed_97_to_99,270.0,,UP,0.97,1.0,settlement,0.2892783505154646
TRAIN,fixed_97_to_99,270.0,,UP,0.97,1.0,settlement,0.2892783505154646
TRAIN,fixed_97_to_99,270.0,,DOWN,0.97,1.0,settlement,0.2892783505154646
TRAIN,fixed_97_to_99,270.0,,UP,0.97,1.0,settlement,0.2892783505154646
TRAIN,fixed_97_to_99,270.0,,DOWN,0.97,1.0,settlement,0.2892783505154646
TRAIN,fixed_97_to_99,270.0,,UP,0.97,0.0,settlement,-10.02
TRAIN,fixed_97_to_99,270.0,,DOWN,0.97,1.0,settlement,0.2892783505154646
TRAIN,fixed_97_to_99,270.0,,UP,0.97,1.0,settlement,0.2892783505154646
TRAIN,fixed_97_to_99,270.0,,DOWN,0.97,1.0,settlement,0.2892783505154646
TRAIN,fixed_97_to_99,270.0,,DOWN,0.97,0.0,settlement,-10.02
TRAIN,fixed_97_to_99,270.0,,DOWN,0.97,1.0,settlement,0.2892783505154646
TRAIN,fixed_97_to_99,270.0,,DOWN,0.97,1.0,settlement,0.2892783505154646
TRAIN,fixed_97_to_99,270.0,,UP,0.97,1.0,settlement,0.2892783505154646
TRAIN,fixed_97_to_99,270.0,,DOWN,0.97,1.0,settlement,0.2892783505154646
TRAIN,fixed_97_to_99,270.0,,DOWN,0.97,0.0,settlement,-10.02
TRAIN,fixed_97_to_99,270.0,,UP,0.97,1.0,settlement,0.2892783505154646
TRAIN,fixed_97_to_99,270.0,,UP,0.97,0.0,settlement,-10.02
TRAIN,fixed_97_to_99,270.0,,UP,0.97,1.0,settlement,0.2892783505154646
TRAIN,fixed_97_to_99,270.0,,DOWN,0.97,1.0,settlement,0.2892783505154646
TRAIN,fixed_97_to_99,270.0,,UP,0.97,1.0,settlement,0.2892783505154646
TRAIN,fixed_97_to_99,270.0,,DOWN,0.97,1.0,settlement,0.2892783505154646
TRAIN,fixed_97_to_99,270.0,,DOWN,0.97,0.0,settlement,-10.02
TRAIN,fixed_97_to_99,270.0,,DOWN,0.97,1.0,settlement,0.2892783505154646
TRAIN,fixed_97_to_99,270.0,,UP,0.97,1.0,settlement,0.2892783505154646
TRAIN,fixed_97_to_99,270.0,,UP,0.97,0.0,settlement,-10.02
TRAIN,fixed_97_to_99,270.0,,UP,0.97,1.0,settlement,0.2892783505154646
TRAIN,fixed_97_to_99,270.0,,DOWN,0.97,1.0,settlement,0.2892783505154646
TRAIN,fixed_97_to_99,270.0,,DOWN,0.97,0.0,settlement,-10.02
TRAIN,fixed_97_to_99,270.0,,DOWN,0.97,0.0,settlement,-10.02
TRAIN,fixed_97_to_99,270.0,,DOWN,0.97,1.0,settlement,0.2892783505154646
TRAIN,fixed_97_to_99,270.0,,DOWN,0.97,1.0,settlement,0.2892783505154646
TRAIN,fixed_97_to_99,270.0,,UP,0.97,1.0,settlement,0.2892783505154646
TRAIN,fixed_97_to_99,270.0,,UP,0.97,1.0,settlement,0.2892783505154646
TRAIN,fixed_97_to_99,270.0,,DOWN,0.97,1.0,settlement,0.2892783505154646
TRAIN,fixed_97_to_99,270.0,,UP,0.97,1.0,settlement,0.2892783505154646
TRAIN,fixed_97_to_99,270.0,,UP,0.97,1.0,settlement,0.2892783505154646
TRAIN,fixed_97_to_99,270.0,,UP,0.97,1.0,settlement,0.2892783505154646
TRAIN,fixed_97_to_99,270.0,,UP,0.97,0.0,settlement,-10.02
TRAIN,fixed_97_to_99,270.0,,DOWN,0.97,0.0,settlement,-10.02
TRAIN,fixed_97_to_99,270.0,,DOWN,0.97,1.0,settlement,0.2892783505154646
TRAIN,fixed_97_to_99,270.0,,UP,0.97,1.0,settlement,0.2892783505154646
TRAIN,fixed_97_to_99,270.0,,DOWN,0.97,1.0,settlement,0.2892783505154646
TRAIN,fixed_97_to_99,270.0,,UP,0.97,1.0,settlement,0.2892783505154646
TRAIN,fixed_97_to_99,270.0,,UP,0.97,1.0,settlement,0.2892783505154646
TRAIN,fixed_97_to_99,270.0,,UP,0.97,0.0,settlement,-10.02
TRAIN,fixed_97_to_99,270.0,,UP,0.97,1.0,settlement,0.2892783505154646
TRAIN,fixed_97_to_99,270.0,,DOWN,0.97,1.0,settlement,0.2892783505154646
TRAIN,fixed_97_to_99,270.0,,DOWN,0.97,1.0,settlement,0.2892783505154646
TRAIN,fixed_97_to_99,270.0,,DOWN,0.97,1.0,settlement,0.2892783505154646
TRAIN,fixed_97_to_99,270.0,,DOWN,0.97,1.0,settlement,0.2892783505154646
TRAIN,fixed_97_to_99,270.0,,UP,0.97,1.0,settlement,0.2892783505154646
TRAIN,fixed_97_to_99,270.0,,UP,0.97,1.0,settlement,0.2892783505154646
TRAIN,fixed_97_to_99,270.0,,UP,0.97,1.0,settlement,0.2892783505154646
TRAIN,fixed_97_to_99,270.0,,UP,0.97,1.0,settlement,0.2892783505154646
TRAIN,fixed_97_to_99,270.0,,DOWN,0.97,1.0,settlement,0.2892783505154646
TRAIN,fixed_97_to_99,270.0,,UP,0.97,1.0,settlement,0.2892783505154646
TRAIN,fixed_97_to_99,270.0,,DOWN,0.97,1.0,settlement,0.2892783505154646
TRAIN,fixed_97_to_99,270.0,,DOWN,0.97,1.0,settlement,0.2892783505154646
TRAIN,fixed_97_to_99,270.0,,DOWN,0.97,0.0,settlement,-10.02
TRAIN,fixed_97_to_99,270.0,,DOWN,0.97,1.0,settlement,0.2892783505154646
TRAIN,fixed_97_to_99,270.0,,UP,0.97,0.0,settlement,-10.02
TRAIN,fixed_97_to_99,270.0,,UP,0.97,1.0,settlement,0.2892783505154646
TRAIN,fixed_97_to_99,270.0,,DOWN,0.97,1.0,settlement,0.2892783505154646
TRAIN,fixed_97_to_99,270.0,,DOWN,0.97,1.0,settlement,0.2892783505154646
TRAIN,fixed_97_to_99,270.0,,UP,0.97,1.0,settlement,0.2892783505154646
TRAIN,fixed_97_to_99,270.0,,UP,0.97,1.0,settlement,0.2892783505154646
TRAIN,fixed_97_to_99,270.0,,DOWN,0.97,1.0,settlement,0.2892783505154646
TRAIN,fixed_97_to_99,270.0,,DOWN,0.97,1.0,settlement,0.2892783505154646
TRAIN,fixed_97_to_99,270.0,,UP,0.97,1.0,settlement,0.2892783505154646
TRAIN,fixed_97_to_99,270.0,,DOWN,0.97,1.0,settlement,0.2892783505154646
TRAIN,fixed_97_to_99,270.0,,DOWN,0.97,0.0,settlement,-10.02
TRAIN,fixed_97_to_99,270.0,,UP,0.97,1.0,settlement,0.2892783505154646
TRAIN,fixed_97_to_99,270.0,,UP,0.97,1.0,settlement,0.2892783505154646
TRAIN,fixed_97_to_99,270.0,,DOWN,0.97,0.0,settlement,-10.02
TRAIN,fixed_97_to_99,270.0,,DOWN,0.97,1.0,settlement,0.2892783505154646
TRAIN,fixed_97_to_99,270.0,,UP,0.97,1.0,settlement,0.2892783505154646
TRAIN,fixed_97_to_99,270.0,,DOWN,0.97,1.0,settlement,0.2892783505154646
TRAIN,fixed_97_to_99,270.0,,DOWN,0.97,1.0,settlement,0.2892783505154646
TRAIN,fixed_97_to_99,270.0,,DOWN,0.97,1.0,settlement,0.2892783505154646
TRAIN,fixed_97_to_99,270.0,,UP,0.97,1.0,settlement,0.2892783505154646
TRAIN,fixed_97_to_99,270.0,,DOWN,0.97,1.0,settlement,0.2892783505154646
TRAIN,fixed_97_to_99,270.0,,DOWN,0.97,1.0,settlement,0.2892783505154646
TRAIN,fixed_97_to_99,270.0,,UP,0.97,1.0,settlement,0.2892783505154646
TRAIN,fixed_97_to_99,270.0,,DOWN,0.97,1.0,settlement,0.2892783505154646
TRAIN,fixed_97_to_99,270.0,,UP,0.97,1.0,settlement,0.2892783505154646
TRAIN,fixed_97_to_99,270.0,,UP,0.97,1.0,settlement,0.2892783505154646
TRAIN,fixed_97_to_99,270.0,,DOWN,0.97,1.0,settlement,0.2892783505154646
TRAIN,fixed_97_to_99,270.0,,DOWN,0.97,1.0,settlement,0.2892783505154646
TRAIN,fixed_97_to_99,270.0,,DOWN,0.97,1.0,settlement,0.2892783505154646
TRAIN,fixed_97_to_99,270.0,,DOWN,0.97,1.0,settlement,0.2892783505154646
TRAIN,fixed_97_to_99,270.0,,DOWN,0.97,1.0,settlement,0.2892783505154646
TRAIN,fixed_97_to_99,270.0,,DOWN,0.97,1.0,settlement,0.2892783505154646
TRAIN,fixed_97_to_99,270.0,,UP,0.97,1.0,settlement,0.2892783505154646
TRAIN,fixed_97_to_99,270.0,,DOWN,0.97,1.0,settlement,0.2892783505154646
TRAIN,fixed_97_to_99,270.0,,UP,0.97,0.0,settlement,-10.02
TRAIN,fixed_97_to_99,270.0,,UP,0.97,1.0,settlement,0.2892783505154646
TRAIN,fixed_97_to_99,270.0,,DOWN,0.97,1.0,settlement,0.2892783505154646
TRAIN,fixed_97_to_99,270.0,,UP,0.97,0.0,settlement,-10.02
TRAIN,fixed_97_to_99,270.0,,UP,0.97,1.0,settlement,0.2892783505154646
TRAIN,fixed_97_to_99,270.0,,DOWN,0.97,1.0,settlement,0.2892783505154646
TRAIN,fixed_97_to_99,270.0,,UP,0.97,1.0,settlement,0.2892783505154646
TRAIN,fixed_97_to_99,270.0,,UP,0.97,1.0,settlement,0.2892783505154646
TRAIN,fixed_97_to_99,270.0,,DOWN,0.97,1.0,settlement,0.2892783505154646
TRAIN,fixed_97_to_99,270.0,,UP,0.97,1.0,settlement,0.2892783505154646
TRAIN,fixed_97_to_99,270.0,,DOWN,0.97,1.0,settlement,0.2892783505154646
TRAIN,fixed_97_to_99,270.0,,DOWN,0.97,1.0,settlement,0.2892783505154646
TRAIN,fixed_97_to_99,270.0,,DOWN,0.97,1.0,settlement,0.2892783505154646
TRAIN,fixed_97_to_99,270.0,,UP,0.97,1.0,settlement,0.2892783505154646
TRAIN,fixed_97_to_99,270.0,,UP,0.97,1.0,settlement,0.2892783505154646
TRAIN,fixed_97_to_99,270.0,,DOWN,0.97,1.0,settlement,0.2892783505154646
TRAIN,fixed_97_to_99,270.0,,DOWN,0.97,1.0,settlement,0.2892783505154646
TRAIN,fixed_97_to_99,270.0,,DOWN,0.97,1.0,settlement,0.2892783505154646
TRAIN,fixed_97_to_99,270.0,,UP,0.97,1.0,settlement,0.2892783505154646
TRAIN,fixed_97_to_99,270.0,,UP,0.97,1.0,settlement,0.2892783505154646
TRAIN,fixed_97_to_99,270.0,,DOWN,0.97,1.0,settlement,0.2892783505154646
TRAIN,fixed_97_to_99,270.0,,DOWN,0.97,1.0,settlement,0.2892783505154646
TRAIN,fixed_97_to_99,270.0,,UP,0.97,0.0,settlement,-10.02
TRAIN,fixed_97_to_99,270.0,,DOWN,0.97,1.0,settlement,0.2892783505154646
TRAIN,fixed_97_to_99,270.0,,UP,0.97,1.0,settlement,0.2892783505154646
TRAIN,fixed_97_to_99,270.0,,DOWN,0.97,1.0,settlement,0.2892783505154646
TRAIN,fixed_97_to_99,270.0,,UP,0.97,1.0,settlement,0.2892783505154646
TRAIN,fixed_97_to_99,270.0,,UP,0.97,1.0,settlement,0.2892783505154646
TRAIN,fixed_97_to_99,270.0,,DOWN,0.97,1.0,settlement,0.2892783505154646
TRAIN,fixed_97_to_99,270.0,,UP,0.97,1.0,settlement,0.2892783505154646
TRAIN,fixed_97_to_99,270.0,,DOWN,0.97,1.0,settlement,0.2892783505154646
TRAIN,fixed_97_to_99,270.0,,UP,0.97,1.0,settlement,0.2892783505154646
TRAIN,fixed_97_to_99,270.0,,UP,0.97,1.0,settlement,0.2892783505154646
TRAIN,fixed_97_to_99,270.0,,DOWN,0.97,1.0,settlement,0.2892783505154646
TRAIN,fixed_97_to_99,270.0,,DOWN,0.97,1.0,settlement,0.2892783505154646
TRAIN,fixed_97_to_99,270.0,,UP,0.97,1.0,settlement,0.2892783505154646
TRAIN,fixed_97_to_99,270.0,,UP,0.97,1.0,settlement,0.2892783505154646
TRAIN,fixed_97_to_99,270.0,,DOWN,0.97,1.0,settlement,0.2892783505154646
TRAIN,fixed_97_to_99,270.0,,UP,0.97,1.0,settlement,0.2892783505154646
TRAIN,fixed_97_to_99,270.0,,UP,0.97,1.0,settlement,0.2892783505154646
TRAIN,fixed_97_to_99,270.0,,UP,0.97,0.0,settlement,-10.02
TRAIN,fixed_97_to_99,270.0,,DOWN,0.97,1.0,settlement,0.2892783505154646
TRAIN,fixed_97_to_99,270.0,,DOWN,0.97,1.0,settlement,0.2892783505154646
TRAIN,fixed_97_to_99,270.0,,DOWN,0.97,1.0,settlement,0.2892783505154646
TRAIN,fixed_97_to_99,270.0,,DOWN,0.97,1.0,settlement,0.2892783505154646
TRAIN,fixed_97_to_99,270.0,,DOWN,0.97,1.0,settlement,0.2892783505154646
TRAIN,fixed_97_to_99,270.0,,UP,0.97,1.0,settlement,0.2892783505154646
TRAIN,fixed_97_to_99,270.0,,UP,0.97,1.0,settlement,0.2892783505154646
TRAIN,fixed_97_to_99,270.0,,DOWN,0.97,1.0,settlement,0.2892783505154646
TRAIN,fixed_97_to_99,270.0,,UP,0.97,1.0,settlement,0.2892783505154646
TRAIN,fixed_97_to_99,270.0,,DOWN,0.97,1.0,settlement,0.2892783505154646
TRAIN,fixed_97_to_99,270.0,,DOWN,0.97,1.0,settlement,0.2892783505154646
TRAIN,fixed_97_to_99,270.0,,DOWN,0.97,1.0,settlement,0.2892783505154646
TRAIN,fixed_97_to_99,270.0,,UP,0.97,1.0,settlement,0.2892783505154646
TRAIN,fixed_97_to_99,270.0,,UP,0.97,1.0,settlement,0.2892783505154646
TRAIN,fixed_97_to_99,270.0,,UP,0.97,1.0,settlement,0.2892783505154646
TRAIN,fixed_97_to_99,270.0,,UP,0.97,1.0,settlement,0.2892783505154646
TRAIN,fixed_97_to_99,270.0,,UP,0.97,1.0,settlement,0.2892783505154646
TRAIN,fixed_97_to_99,270.0,,DOWN,0.97,1.0,settlement,0.2892783505154646
TRAIN,fixed_97_to_99,270.0,,UP,0.97,1.0,settlement,0.2892783505154646
TRAIN,fixed_97_to_99,270.0,,DOWN,0.97,1.0,settlement,0.2892783505154646
TRAIN,fixed_97_to_99,270.0,,UP,0.97,1.0,settlement,0.2892783505154646
TRAIN,fixed_97_to_99,270.0,,DOWN,0.97,1.0,settlement,0.2892783505154646
TRAIN,fixed_97_to_99,270.0,,UP,0.97,1.0,settlement,0.2892783505154646
TRAIN,fixed_97_to_99,270.0,,UP,0.97,0.0,settlement,-10.02
TRAIN,fixed_97_to_99,270.0,,UP,0.97,1.0,settlement,0.2892783505154646
TRAIN,fixed_97_to_99,270.0,,DOWN,0.97,1.0,settlement,0.2892783505154646
TRAIN,fixed_97_to_99,270.0,,DOWN,0.97,1.0,settlement,0.2892783505154646
TRAIN,fixed_97_to_99,270.0,,DOWN,0.97,1.0,settlement,0.2892783505154646
TRAIN,fixed_97_to_99,270.0,,UP,0.97,1.0,settlement,0.2892783505154646
TRAIN,fixed_97_to_99,270.0,,UP,0.97,1.0,settlement,0.2892783505154646
TRAIN,fixed_97_to_99,270.0,,UP,0.97,1.0,settlement,0.2892783505154646
TRAIN,fixed_97_to_99,270.0,,UP,0.97,1.0,settlement,0.2892783505154646
TRAIN,fixed_97_to_99,270.0,,DOWN,0.97,1.0,settlement,0.2892783505154646
TRAIN,fixed_97_to_99,270.0,,UP,0.97,1.0,settlement,0.2892783505154646
TRAIN,fixed_97_to_99,270.0,,UP,0.97,1.0,settlement,0.2892783505154646
TRAIN,fixed_97_to_99,270.0,,UP,0.97,1.0,settlement,0.2892783505154646
TRAIN,fixed_97_to_99,270.0,,UP,0.97,0.0,settlement,-10.02
TRAIN,fixed_97_to_99,270.0,,DOWN,0.97,0.0,settlement,-10.02
TRAIN,fixed_97_to_99,270.0,,DOWN,0.97,0.0,settlement,-10.02
TRAIN,fixed_97_to_99,270.0,,DOWN,0.97,0.0,settlement,-10.02
TRAIN,fixed_97_to_99,270.0,,UP,0.97,1.0,settlement,0.2892783505154646
TRAIN,fixed_97_to_99,270.0,,DOWN,0.97,0.0,settlement,-10.02
TRAIN,fixed_97_to_99,270.0,,DOWN,0.97,0.0,settlement,-10.02
TRAIN,fixed_97_to_99,270.0,,DOWN,0.97,0.0,settlement,-10.02
TRAIN,fixed_97_to_99,270.0,,DOWN,0.97,1.0,settlement,0.2892783505154646
TRAIN,fixed_97_to_99,270.0,,DOWN,0.97,1.0,settlement,0.2892783505154646
TRAIN,fixed_97_to_99,270.0,,DOWN,0.97,0.0,settlement,-10.02
TRAIN,fixed_97_to_99,270.0,,DOWN,0.97,1.0,settlement,0.2892783505154646
TRAIN,fixed_97_to_99,270.0,,UP,0.97,1.0,settlement,0.2892783505154646
TRAIN,fixed_97_to_99,270.0,,UP,0.97,1.0,settlement,0.2892783505154646
TRAIN,fixed_97_to_99,270.0,,DOWN,0.97,1.0,settlement,0.2892783505154646
TRAIN,fixed_97_to_99,270.0,,UP,0.97,1.0,settlement,0.2892783505154646
TRAIN,fixed_97_to_99,270.0,,DOWN,0.97,1.0,settlement,0.2892783505154646
TRAIN,fixed_97_to_99,270.0,,UP,0.97,0.0,settlement,-10.02
TRAIN,fixed_97_to_99,270.0,,DOWN,0.97,0.0,settlement,-10.02
TRAIN,fixed_97_to_99,270.0,,DOWN,0.97,1.0,settlement,0.2892783505154646
TRAIN,fixed_97_to_99,270.0,,DOWN,0.97,1.0,settlement,0.2892783505154646
TRAIN,fixed_97_to_99,270.0,,DOWN,0.97,1.0,settlement,0.2892783505154646
TRAIN,fixed_97_to_99,270.0,,DOWN,0.97,1.0,settlement,0.2892783505154646
TRAIN,fixed_97_to_99,270.0,,UP,0.97,1.0,settlement,0.2892783505154646
TRAIN,fixed_97_to_99,270.0,,DOWN,0.97,1.0,settlement,0.2892783505154646
TRAIN,fixed_97_to_99,270.0,,UP,0.97,1.0,settlement,0.2892783505154646
TRAIN,fixed_97_to_99,270.0,,UP,0.97,1.0,settlement,0.2892783505154646
TRAIN,fixed_97_to_99,270.0,,UP,0.97,1.0,settlement,0.2892783505154646
TRAIN,fixed_97_to_99,270.0,,UP,0.97,1.0,settlement,0.2892783505154646
TRAIN,fixed_97_to_99,270.0,,UP,0.97,1.0,settlement,0.2892783505154646
TRAIN,fixed_97_to_99,270.0,,DOWN,0.97,1.0,settlement,0.2892783505154646
TRAIN,fixed_97_to_99,270.0,,UP,0.97,1.0,settlement,0.2892783505154646
TRAIN,fixed_97_to_99,270.0,,UP,0.97,1.0,settlement,0.2892783505154646
TRAIN,fixed_97_to_99,270.0,,UP,0.97,1.0,settlement,0.2892783505154646
TRAIN,fixed_97_to_99,270.0,,DOWN,0.97,1.0,settlement,0.2892783505154646
TRAIN,fixed_97_to_99,270.0,,DOWN,0.97,1.0,settlement,0.2892783505154646
TRAIN,fixed_97_to_99,270.0,,UP,0.97,1.0,settlement,0.2892783505154646
TRAIN,fixed_97_to_99,270.0,,UP,0.97,1.0,settlement,0.2892783505154646
TRAIN,fixed_97_to_99,270.0,,DOWN,0.97,1.0,settlement,0.2892783505154646
TRAIN,fixed_97_to_99,270.0,,DOWN,0.97,1.0,settlement,0.2892783505154646
TRAIN,fixed_97_to_99,270.0,,UP,0.97,1.0,settlement,0.2892783505154646
TRAIN,fixed_97_to_99,270.0,,DOWN,0.97,0.0,settlement,-10.02
TRAIN,fixed_97_to_99,270.0,,DOWN,0.97,1.0,settlement,0.2892783505154646
TRAIN,fixed_97_to_99,270.0,,UP,0.97,0.0,settlement,-10.02
TRAIN,fixed_97_to_99,270.0,,UP,0.97,1.0,settlement,0.2892783505154646
TRAIN,fixed_97_to_99,270.0,,DOWN,0.97,1.0,settlement,0.2892783505154646
TRAIN,fixed_97_to_99,270.0,,UP,0.97,1.0,settlement,0.2892783505154646
TRAIN,fixed_97_to_99,270.0,,DOWN,0.97,0.0,settlement,-10.02
TRAIN,fixed_97_to_99,270.0,,DOWN,0.97,1.0,settlement,0.2892783505154646
TRAIN,fixed_97_to_99,270.0,,UP,0.97,1.0,settlement,0.2892783505154646
TRAIN,fixed_97_to_99,270.0,,DOWN,0.97,1.0,settlement,0.2892783505154646
TRAIN,fixed_97_to_99,270.0,,UP,0.97,1.0,settlement,0.2892783505154646
TRAIN,fixed_97_to_99,270.0,,UP,0.97,1.0,settlement,0.2892783505154646
TRAIN,fixed_97_to_99,270.0,,DOWN,0.97,1.0,settlement,0.2892783505154646
TRAIN,fixed_97_to_99,270.0,,DOWN,0.97,1.0,settlement,0.2892783505154646
TRAIN,fixed_97_to_99,270.0,,UP,0.97,1.0,settlement,0.2892783505154646
TRAIN,fixed_97_to_99,270.0,,UP,0.97,1.0,settlement,0.2892783505154646
TRAIN,fixed_97_to_99,270.0,,DOWN,0.97,1.0,settlement,0.2892783505154646
TRAIN,fixed_97_to_99,270.0,,DOWN,0.97,1.0,settlement,0.2892783505154646
TRAIN,fixed_97_to_99,270.0,,DOWN,0.97,1.0,settlement,0.2892783505154646
TRAIN,fixed_97_to_99,270.0,,UP,0.97,1.0,settlement,0.2892783505154646
TRAIN,fixed_97_to_99,270.0,,DOWN,0.97,1.0,settlement,0.2892783505154646
TRAIN,fixed_97_to_99,270.0,,UP,0.97,1.0,settlement,0.2892783505154646
TRAIN,fixed_97_to_99,270.0,,DOWN,0.97,1.0,settlement,0.2892783505154646
TRAIN,fixed_97_to_99,270.0,,UP,0.97,1.0,settlement,0.2892783505154646
TRAIN,fixed_97_to_99,270.0,,UP,0.97,1.0,settlement,0.2892783505154646
TRAIN,fixed_97_to_99,270.0,,DOWN,0.97,1.0,settlement,0.2892783505154646
TRAIN,fixed_97_to_99,270.0,,UP,0.97,1.0,settlement,0.2892783505154646
TRAIN,fixed_97_to_99,270.0,,UP,0.97,1.0,settlement,0.2892783505154646
TRAIN,fixed_97_to_99,270.0,,DOWN,0.97,1.0,settlement,0.2892783505154646
TRAIN,fixed_97_to_99,270.0,,UP,0.97,1.0,settlement,0.2892783505154646
TRAIN,fixed_97_to_99,270.0,,UP,0.97,1.0,settlement,0.2892783505154646
TRAIN,fixed_97_to_99,270.0,,DOWN,0.97,1.0,settlement,0.2892783505154646
TRAIN,fixed_97_to_99,270.0,,UP,0.97,1.0,settlement,0.2892783505154646
TRAIN,fixed_97_to_99,270.0,,UP,0.97,1.0,settlement,0.2892783505154646
TRAIN,fixed_97_to_99,270.0,,UP,0.97,1.0,settlement,0.2892783505154646
TRAIN,fixed_97_to_99,270.0,,DOWN,0.97,1.0,settlement,0.2892783505154646
TRAIN,fixed_97_to_99,270.0,,UP,0.97,1.0,settlement,0.2892783505154646
TRAIN,fixed_97_to_99,270.0,,UP,0.97,1.0,settlement,0.2892783505154646
TRAIN,fixed_97_to_99,270.0,,UP,0.97,1.0,settlement,0.2892783505154646
TRAIN,fixed_97_to_99,270.0,,DOWN,0.97,1.0,settlement,0.2892783505154646
TRAIN,fixed_97_to_99,270.0,,UP,0.97,1.0,settlement,0.2892783505154646
TRAIN,fixed_97_to_99,270.0,,DOWN,0.97,1.0,settlement,0.2892783505154646
TRAIN,fixed_97_to_99,270.0,,UP,0.97,1.0,settlement,0.2892783505154646
TRAIN,fixed_97_to_99,270.0,,DOWN,0.97,1.0,settlement,0.2892783505154646
TRAIN,fixed_97_to_99,270.0,,DOWN,0.97,1.0,settlement,0.2892783505154646
TRAIN,fixed_97_to_99,270.0,,UP,0.97,1.0,settlement,0.2892783505154646
TRAIN,fixed_97_to_99,270.0,,UP,0.97,1.0,settlement,0.2892783505154646
TRAIN,fixed_97_to_99,270.0,,DOWN,0.97,1.0,settlement,0.2892783505154646
TRAIN,fixed_97_to_99,270.0,,UP,0.97,1.0,settlement,0.2892783505154646
TRAIN,fixed_97_to_99,270.0,,DOWN,0.97,1.0,settlement,0.2892783505154646
TRAIN,fixed_97_to_99,270.0,,UP,0.97,0.0,settlement,-10.02
TRAIN,fixed_97_to_99,270.0,,UP,0.97,1.0,settlement,0.2892783505154646
TRAIN,fixed_97_to_99,270.0,,DOWN,0.97,1.0,settlement,0.2892783505154646
TRAIN,fixed_97_to_99,270.0,,DOWN,0.97,1.0,settlement,0.2892783505154646
TRAIN,fixed_97_to_99,270.0,,DOWN,0.97,1.0,settlement,0.2892783505154646
TRAIN,fixed_97_to_99,270.0,,UP,0.97,1.0,settlement,0.2892783505154646
TRAIN,fixed_97_to_99,270.0,,UP,0.97,1.0,settlement,0.2892783505154646
TRAIN,fixed_97_to_99,270.0,,UP,0.97,1.0,settlement,0.2892783505154646
TRAIN,fixed_97_to_99,270.0,,DOWN,0.97,1.0,settlement,0.2892783505154646
TRAIN,fixed_97_to_99,270.0,,DOWN,0.97,1.0,settlement,0.2892783505154646
TRAIN,fixed_97_to_99,270.0,,UP,0.97,0.0,settlement,-10.02
TRAIN,fixed_97_to_99,270.0,,UP,0.97,1.0,settlement,0.2892783505154646
TRAIN,fixed_97_to_99,270.0,,DOWN,0.97,0.0,settlement,-10.02
TRAIN,fixed_97_to_99,270.0,,DOWN,0.97,0.0,settlement,-10.02
TRAIN,fixed_97_to_99,270.0,,DOWN,0.97,0.0,settlement,-10.02
TRAIN,fixed_97_to_99,270.0,,DOWN,0.97,1.0,settlement,0.2892783505154646
TRAIN,fixed_97_to_99,270.0,,DOWN,0.97,0.0,settlement,-10.02
TRAIN,fixed_97_to_99,270.0,,UP,0.97,1.0,settlement,0.2892783505154646
TRAIN,fixed_97_to_99,270.0,,DOWN,0.97,1.0,settlement,0.2892783505154646
TRAIN,fixed_97_to_99,270.0,,UP,0.97,1.0,settlement,0.2892783505154646
TRAIN,fixed_97_to_99,270.0,,UP,0.97,0.0,settlement,-10.02
TRAIN,fixed_97_to_99,270.0,,DOWN,0.97,1.0,settlement,0.2892783505154646
TRAIN,fixed_97_to_99,270.0,,UP,0.97,1.0,settlement,0.2892783505154646
TRAIN,fixed_97_to_99,270.0,,DOWN,0.97,1.0,settlement,0.2892783505154646
TRAIN,fixed_97_to_99,270.0,,UP,0.97,1.0,settlement,0.2892783505154646
TRAIN,fixed_97_to_99,270.0,,UP,0.97,0.0,settlement,-10.02
TRAIN,fixed_97_to_99,270.0,,UP,0.97,1.0,settlement,0.2892783505154646
TRAIN,fixed_97_to_99,270.0,,DOWN,0.97,1.0,settlement,0.2892783505154646
TRAIN,fixed_97_to_99,270.0,,UP,0.97,1.0,settlement,0.2892783505154646
TRAIN,fixed_97_to_99,270.0,,DOWN,0.97,0.0,settlement,-10.02
TRAIN,fixed_97_to_99,270.0,,DOWN,0.97,1.0,settlement,0.2892783505154646
TRAIN,fixed_97_to_99,270.0,,UP,0.97,1.0,settlement,0.2892783505154646
TRAIN,fixed_97_to_99,270.0,,UP,0.97,1.0,settlement,0.2892783505154646
TRAIN,fixed_97_to_99,270.0,,DOWN,0.97,0.0,settlement,-10.02
TRAIN,fixed_97_to_99,270.0,,DOWN,0.97,1.0,settlement,0.2892783505154646
TRAIN,fixed_97_to_99,270.0,,DOWN,0.97,1.0,settlement,0.2892783505154646
TRAIN,fixed_97_to_99,270.0,,DOWN,0.97,1.0,settlement,0.2892783505154646
TRAIN,fixed_97_to_99,270.0,,DOWN,0.97,1.0,settlement,0.2892783505154646
TRAIN,fixed_97_to_99,270.0,,DOWN,0.97,1.0,settlement,0.2892783505154646
TRAIN,fixed_97_to_99,270.0,,DOWN,0.97,1.0,settlement,0.2892783505154646
TRAIN,fixed_97_to_99,270.0,,UP,0.97,1.0,settlement,0.2892783505154646
TRAIN,fixed_97_to_99,270.0,,UP,0.97,1.0,settlement,0.2892783505154646
TRAIN,fixed_97_to_99,270.0,,UP,0.97,1.0,settlement,0.2892783505154646
TRAIN,fixed_97_to_99,270.0,,UP,0.97,1.0,settlement,0.2892783505154646
TRAIN,fixed_97_to_99,270.0,,DOWN,0.97,1.0,settlement,0.2892783505154646
TRAIN,fixed_97_to_99,270.0,,DOWN,0.97,1.0,settlement,0.2892783505154646
TRAIN,fixed_97_to_99,270.0,,UP,0.97,1.0,settlement,0.2892783505154646
TRAIN,fixed_97_to_99,270.0,,UP,0.97,1.0,settlement,0.2892783505154646
TRAIN,fixed_97_to_99,270.0,,UP,0.97,1.0,settlement,0.2892783505154646
TRAIN,fixed_97_to_99,270.0,,UP,0.97,1.0,settlement,0.2892783505154646
TRAIN,fixed_97_to_99,270.0,,UP,0.97,1.0,settlement,0.2892783505154646
TRAIN,fixed_97_to_99,270.0,,UP,0.97,1.0,settlement,0.2892783505154646
TRAIN,fixed_97_to_99,270.0,,UP,0.97,1.0,settlement,0.2892783505154646
TRAIN,fixed_97_to_99,270.0,,UP,0.97,1.0,settlement,0.2892783505154646
TRAIN,fixed_97_to_99,270.0,,UP,0.97,1.0,settlement,0.2892783505154646
TRAIN,fixed_97_to_99,270.0,,DOWN,0.97,1.0,settlement,0.2892783505154646
TRAIN,fixed_97_to_99,270.0,,UP,0.97,0.0,settlement,-10.02
TRAIN,fixed_97_to_99,270.0,,UP,0.97,1.0,settlement,0.2892783505154646
TRAIN,fixed_97_to_99,270.0,,DOWN,0.97,0.0,settlement,-10.02
TRAIN,fixed_97_to_99,270.0,,UP,0.97,0.0,settlement,-10.02
TRAIN,fixed_97_to_99,270.0,,DOWN,0.97,1.0,settlement,0.2892783505154646
TRAIN,fixed_97_to_99,270.0,,UP,0.97,0.0,settlement,-10.02
TRAIN,fixed_97_to_99,270.0,,DOWN,0.97,1.0,settlement,0.2892783505154646
TRAIN,fixed_97_to_99,270.0,,DOWN,0.97,1.0,settlement,0.2892783505154646
TRAIN,fixed_97_to_99,270.0,,DOWN,0.97,1.0,settlement,0.2892783505154646
TRAIN,fixed_97_to_99,270.0,,DOWN,0.97,1.0,settlement,0.2892783505154646
TRAIN,fixed_97_to_99,270.0,,DOWN,0.97,1.0,settlement,0.2892783505154646
TRAIN,fixed_97_to_99,270.0,,DOWN,0.97,1.0,settlement,0.2892783505154646
TRAIN,fixed_97_to_99,270.0,,DOWN,0.97,1.0,settlement,0.2892783505154646
TRAIN,fixed_97_to_99,270.0,,UP,0.97,1.0,settlement,0.2892783505154646
TRAIN,fixed_97_to_99,270.0,,DOWN,0.97,1.0,settlement,0.2892783505154646
TRAIN,fixed_97_to_99,270.0,,UP,0.97,1.0,settlement,0.2892783505154646
TRAIN,fixed_97_to_99,270.0,,UP,0.97,1.0,settlement,0.2892783505154646
TRAIN,fixed_97_to_99,270.0,,UP,0.97,1.0,settlement,0.2892783505154646
TRAIN,fixed_97_to_99,270.0,,UP,0.97,1.0,settlement,0.2892783505154646
TRAIN,fixed_97_to_99,270.0,,DOWN,0.97,1.0,settlement,0.2892783505154646
TRAIN,fixed_97_to_99,270.0,,UP,0.97,0.0,settlement,-10.02
TRAIN,fixed_97_to_99,270.0,,UP,0.97,0.0,settlement,-10.02
TRAIN,fixed_97_to_99,270.0,,UP,0.97,1.0,settlement,0.2892783505154646
TRAIN,fixed_97_to_99,270.0,,UP,0.97,1.0,settlement,0.2892783505154646
TRAIN,fixed_97_to_99,270.0,,DOWN,0.97,1.0,settlement,0.2892783505154646
TRAIN,fixed_97_to_99,270.0,,DOWN,0.97,1.0,settlement,0.2892783505154646
TRAIN,fixed_97_to_99,270.0,,DOWN,0.97,1.0,settlement,0.2892783505154646
TRAIN,fixed_97_to_99,270.0,,UP,0.97,1.0,settlement,0.2892783505154646
TRAIN,fixed_97_to_99,270.0,,UP,0.97,1.0,settlement,0.2892783505154646
TRAIN,fixed_97_to_99,270.0,,UP,0.97,1.0,settlement,0.2892783505154646
TRAIN,fixed_97_to_99,270.0,,UP,0.97,1.0,settlement,0.2892783505154646
TRAIN,fixed_97_to_99,270.0,,DOWN,0.97,1.0,settlement,0.2892783505154646
TRAIN,fixed_97_to_99,270.0,,UP,0.97,1.0,settlement,0.2892783505154646
TRAIN,fixed_97_to_99,270.0,,UP,0.97,1.0,settlement,0.2892783505154646
TRAIN,fixed_97_to_99,270.0,,UP,0.97,1.0,settlement,0.2892783505154646
TRAIN,fixed_97_to_99,270.0,,UP,0.97,1.0,settlement,0.2892783505154646
TRAIN,fixed_97_to_99,270.0,,DOWN,0.97,1.0,settlement,0.2892783505154646
TRAIN,fixed_97_to_99,270.0,,DOWN,0.97,1.0,settlement,0.2892783505154646
TRAIN,fixed_97_to_99,270.0,,DOWN,0.97,1.0,settlement,0.2892783505154646
TRAIN,fixed_97_to_99,270.0,,DOWN,0.97,1.0,settlement,0.2892783505154646
TRAIN,fixed_97_to_99,270.0,,UP,0.97,1.0,settlement,0.2892783505154646
TRAIN,fixed_97_to_99,270.0,,DOWN,0.97,1.0,settlement,0.2892783505154646
TRAIN,fixed_97_to_99,270.0,,UP,0.97,1.0,settlement,0.2892783505154646
TRAIN,fixed_97_to_99,270.0,,UP,0.97,1.0,settlement,0.2892783505154646
TRAIN,fixed_97_to_99,270.0,,DOWN,0.97,1.0,settlement,0.2892783505154646
TRAIN,fixed_97_to_99,270.0,,DOWN,0.97,1.0,settlement,0.2892783505154646
TRAIN,fixed_97_to_99,270.0,,UP,0.97,1.0,settlement,0.2892783505154646
TRAIN,fixed_97_to_99,270.0,,DOWN,0.97,1.0,settlement,0.2892783505154646
TRAIN,fixed_97_to_99,270.0,,UP,0.97,1.0,settlement,0.2892783505154646
TRAIN,fixed_97_to_99,270.0,,DOWN,0.97,1.0,settlement,0.2892783505154646
TRAIN,fixed_97_to_99,270.0,,DOWN,0.97,1.0,settlement,0.2892783505154646
TRAIN,fixed_97_to_99,270.0,,DOWN,0.97,1.0,settlement,0.2892783505154646
TRAIN,fixed_97_to_99,270.0,,UP,0.97,1.0,settlement,0.2892783505154646
TRAIN,fixed_97_to_99,270.0,,UP,0.97,1.0,settlement,0.2892783505154646
TRAIN,fixed_97_to_99,270.0,,UP,0.97,1.0,settlement,0.2892783505154646
TRAIN,fixed_97_to_99,270.0,,UP,0.97,1.0,settlement,0.2892783505154646
TRAIN,fixed_97_to_99,270.0,,DOWN,0.97,1.0,settlement,0.2892783505154646
TRAIN,fixed_97_to_99,270.0,,UP,0.97,1.0,settlement,0.2892783505154646
TRAIN,fixed_97_to_99,270.0,,UP,0.97,1.0,settlement,0.2892783505154646
TRAIN,fixed_97_to_99,270.0,,DOWN,0.97,1.0,settlement,0.2892783505154646
TRAIN,fixed_97_to_99,270.0,,UP,0.97,1.0,settlement,0.2892783505154646
TRAIN,fixed_97_to_99,270.0,,UP,0.97,1.0,settlement,0.2892783505154646
TRAIN,fixed_97_to_99,270.0,,DOWN,0.97,1.0,settlement,0.2892783505154646
TRAIN,fixed_97_to_99,270.0,,UP,0.97,1.0,settlement,0.2892783505154646
TRAIN,fixed_97_to_99,270.0,,DOWN,0.97,1.0,settlement,0.2892783505154646
TRAIN,fixed_97_to_99,270.0,,DOWN,0.97,1.0,settlement,0.2892783505154646
TRAIN,fixed_97_to_99,270.0,,UP,0.97,1.0,settlement,0.2892783505154646
TRAIN,fixed_97_to_99,270.0,,DOWN,0.97,1.0,settlement,0.2892783505154646
TRAIN,fixed_97_to_99,270.0,,DOWN,0.97,1.0,settlement,0.2892783505154646
TRAIN,fixed_97_to_99,270.0,,DOWN,0.97,1.0,settlement,0.2892783505154646
TRAIN,fixed_97_to_99,270.0,,DOWN,0.97,1.0,settlement,0.2892783505154646
TRAIN,fixed_97_to_99,270.0,,UP,0.97,1.0,settlement,0.2892783505154646
TRAIN,fixed_97_to_99,270.0,,DOWN,0.97,1.0,settlement,0.2892783505154646
TRAIN,fixed_97_to_99,270.0,,UP,0.97,1.0,settlement,0.2892783505154646
TRAIN,fixed_97_to_99,270.0,,UP,0.97,1.0,settlement,0.2892783505154646
TRAIN,fixed_97_to_99,270.0,,UP,0.97,1.0,settlement,0.2892783505154646
TRAIN,fixed_97_to_99,270.0,,DOWN,0.97,1.0,settlement,0.2892783505154646
TRAIN,fixed_97_to_99,270.0,,UP,0.97,1.0,settlement,0.2892783505154646
TRAIN,fixed_97_to_99,270.0,,DOWN,0.97,1.0,settlement,0.2892783505154646
TRAIN,fixed_97_to_99,270.0,,UP,0.97,1.0,settlement,0.2892783505154646
TRAIN,fixed_97_to_99,270.0,,DOWN,0.97,1.0,settlement,0.2892783505154646
TRAIN,fixed_97_to_99,270.0,,UP,0.97,1.0,settlement,0.2892783505154646
TRAIN,fixed_97_to_99,270.0,,UP,0.97,0.0,settlement,-10.02
TRAIN,fixed_97_to_99,270.0,,DOWN,0.97,1.0,settlement,0.2892783505154646
TRAIN,fixed_97_to_99,270.0,,DOWN,0.97,1.0,settlement,0.2892783505154646
TRAIN,fixed_97_to_99,270.0,,UP,0.97,1.0,settlement,0.2892783505154646
TRAIN,fixed_97_to_99,270.0,,UP,0.97,1.0,settlement,0.2892783505154646
TRAIN,fixed_97_to_99,270.0,,DOWN,0.97,1.0,settlement,0.2892783505154646
TRAIN,fixed_97_to_99,270.0,,UP,0.97,1.0,settlement,0.2892783505154646
TRAIN,fixed_97_to_99,270.0,,DOWN,0.97,1.0,settlement,0.2892783505154646
TRAIN,fixed_97_to_99,270.0,,DOWN,0.97,1.0,settlement,0.2892783505154646
TRAIN,fixed_97_to_99,270.0,,UP,0.97,1.0,settlement,0.2892783505154646
TRAIN,fixed_97_to_99,270.0,,DOWN,0.97,1.0,settlement,0.2892783505154646
TRAIN,fixed_97_to_99,270.0,,UP,0.97,1.0,settlement,0.2892783505154646
TRAIN,fixed_97_to_99,270.0,,DOWN,0.97,0.0,settlement,-10.02
TRAIN,fixed_97_to_99,270.0,,UP,0.97,1.0,settlement,0.2892783505154646
TRAIN,fixed_97_to_99,270.0,,UP,0.97,1.0,settlement,0.2892783505154646
TRAIN,fixed_97_to_99,270.0,,UP,0.97,1.0,settlement,0.2892783505154646
TRAIN,fixed_97_to_99,270.0,,DOWN,0.97,1.0,settlement,0.2892783505154646
TRAIN,fixed_97_to_99,270.0,,UP,0.97,1.0,settlement,0.2892783505154646
TRAIN,fixed_97_to_99,270.0,,UP,0.97,1.0,settlement,0.2892783505154646
TRAIN,fixed_97_to_99,270.0,,DOWN,0.97,1.0,settlement,0.2892783505154646
TRAIN,fixed_97_to_99,270.0,,DOWN,0.97,1.0,settlement,0.2892783505154646
TRAIN,fixed_97_to_99,270.0,,DOWN,0.97,1.0,settlement,0.2892783505154646
TRAIN,fixed_97_to_99,270.0,,DOWN,0.97,1.0,settlement,0.2892783505154646
TRAIN,fixed_97_to_99,270.0,,UP,0.97,1.0,settlement,0.2892783505154646
TRAIN,fixed_97_to_99,270.0,,UP,0.97,1.0,settlement,0.2892783505154646
TRAIN,fixed_97_to_99,270.0,,DOWN,0.97,1.0,settlement,0.2892783505154646
TRAIN,fixed_97_to_99,270.0,,UP,0.97,1.0,settlement,0.2892783505154646
TRAIN,fixed_97_to_99,270.0,,UP,0.97,1.0,settlement,0.2892783505154646
TRAIN,fixed_97_to_99,270.0,,DOWN,0.97,1.0,settlement,0.2892783505154646
TRAIN,fixed_97_to_99,270.0,,DOWN,0.97,1.0,settlement,0.2892783505154646
TRAIN,fixed_97_to_99,270.0,,UP,0.97,1.0,settlement,0.2892783505154646
TRAIN,fixed_97_to_99,270.0,,DOWN,0.97,1.0,settlement,0.2892783505154646
TRAIN,fixed_97_to_99,270.0,,UP,0.97,1.0,settlement,0.2892783505154646
TRAIN,fixed_97_to_99,270.0,,UP,0.97,1.0,settlement,0.2892783505154646
TRAIN,fixed_97_to_99,270.0,,UP,0.97,1.0,settlement,0.2892783505154646
TRAIN,fixed_97_to_99,270.0,,UP,0.97,1.0,settlement,0.2892783505154646
TRAIN,fixed_97_to_99,270.0,,UP,0.97,1.0,settlement,0.2892783505154646
TRAIN,fixed_97_to_99,270.0,,DOWN,0.97,1.0,settlement,0.2892783505154646
TRAIN,fixed_97_to_99,270.0,,UP,0.97,1.0,settlement,0.2892783505154646
TRAIN,fixed_97_to_99,270.0,,UP,0.97,1.0,settlement,0.2892783505154646
TRAIN,fixed_97_to_99,270.0,,UP,0.97,1.0,settlement,0.2892783505154646
TRAIN,fixed_97_to_99,270.0,,DOWN,0.97,1.0,settlement,0.2892783505154646
TRAIN,fixed_97_to_99,270.0,,UP,0.97,1.0,settlement,0.2892783505154646
TRAIN,fixed_97_to_99,270.0,,UP,0.97,1.0,settlement,0.2892783505154646
TRAIN,fixed_97_to_99,270.0,,DOWN,0.97,0.0,settlement,-10.02
TRAIN,fixed_97_to_99,270.0,,UP,0.97,1.0,settlement,0.2892783505154646
TRAIN,fixed_97_to_99,270.0,,UP,0.97,1.0,settlement,0.2892783505154646
TRAIN,fixed_97_to_99,270.0,,DOWN,0.97,1.0,settlement,0.2892783505154646
TRAIN,fixed_97_to_99,270.0,,UP,0.97,1.0,settlement,0.2892783505154646
TRAIN,fixed_97_to_99,270.0,,UP,0.97,1.0,settlement,0.2892783505154646
TRAIN,fixed_97_to_99,270.0,,DOWN,0.97,1.0,settlement,0.2892783505154646
TRAIN,fixed_97_to_99,270.0,,DOWN,0.97,0.0,settlement,-10.02
TRAIN,fixed_97_to_99,270.0,,DOWN,0.97,1.0,settlement,0.2892783505154646
TRAIN,fixed_97_to_99,270.0,,DOWN,0.97,1.0,settlement,0.2892783505154646
TRAIN,fixed_97_to_99,270.0,,DOWN,0.97,1.0,settlement,0.2892783505154646
TRAIN,fixed_97_to_99,270.0,,DOWN,0.97,0.0,settlement,-10.02
TRAIN,fixed_97_to_99,270.0,,UP,0.97,1.0,settlement,0.2892783505154646
TRAIN,fixed_97_to_99,270.0,,UP,0.97,1.0,settlement,0.2892783505154646
TRAIN,fixed_97_to_99,270.0,,UP,0.97,1.0,settlement,0.2892783505154646
TRAIN,fixed_97_to_99,270.0,,DOWN,0.97,1.0,settlement,0.2892783505154646
TRAIN,fixed_97_to_99,270.0,,UP,0.97,1.0,settlement,0.2892783505154646
TRAIN,fixed_97_to_99,270.0,,UP,0.97,1.0,settlement,0.2892783505154646
TRAIN,fixed_97_to_99,270.0,,DOWN,0.97,1.0,settlement,0.2892783505154646
TRAIN,fixed_97_to_99,270.0,,UP,0.97,1.0,settlement,0.2892783505154646
TRAIN,fixed_97_to_99,270.0,,UP,0.97,0.0,settlement,-10.02
TRAIN,fixed_97_to_99,270.0,,UP,0.97,1.0,settlement,0.2892783505154646
TRAIN,fixed_97_to_99,270.0,,UP,0.97,1.0,settlement,0.2892783505154646
TRAIN,fixed_97_to_99,270.0,,DOWN,0.97,1.0,settlement,0.2892783505154646
TRAIN,fixed_97_to_99,270.0,,DOWN,0.97,1.0,settlement,0.2892783505154646
TRAIN,fixed_97_to_99,270.0,,UP,0.97,1.0,settlement,0.2892783505154646
TRAIN,fixed_97_to_99,270.0,,UP,0.97,1.0,settlement,0.2892783505154646
TRAIN,fixed_97_to_99,270.0,,UP,0.97,1.0,settlement,0.2892783505154646
TRAIN,fixed_97_to_99,270.0,,UP,0.97,1.0,settlement,0.2892783505154646
TRAIN,fixed_97_to_99,270.0,,UP,0.97,1.0,settlement,0.2892783505154646
TRAIN,fixed_97_to_99,270.0,,DOWN,0.97,0.0,settlement,-10.02
TRAIN,fixed_97_to_99,270.0,,DOWN,0.97,1.0,settlement,0.2892783505154646
TRAIN,fixed_97_to_99,270.0,,UP,0.97,1.0,settlement,0.2892783505154646
TRAIN,fixed_97_to_99,270.0,,UP,0.97,1.0,settlement,0.2892783505154646
TRAIN,fixed_97_to_99,270.0,,DOWN,0.97,1.0,settlement,0.2892783505154646
TRAIN,fixed_97_to_99,270.0,,DOWN,0.97,1.0,settlement,0.2892783505154646
TRAIN,fixed_97_to_99,270.0,,UP,0.97,0.0,settlement,-10.02
TRAIN,fixed_97_to_99,270.0,,DOWN,0.97,1.0,settlement,0.2892783505154646
TRAIN,fixed_97_to_99,270.0,,DOWN,0.97,1.0,settlement,0.2892783505154646
TRAIN,fixed_97_to_99,270.0,,DOWN,0.97,1.0,settlement,0.2892783505154646
TRAIN,fixed_97_to_99,270.0,,UP,0.97,1.0,settlement,0.2892783505154646
TRAIN,fixed_97_to_99,270.0,,UP,0.97,1.0,settlement,0.2892783505154646
TRAIN,fixed_97_to_99,270.0,,DOWN,0.97,1.0,settlement,0.2892783505154646
TRAIN,fixed_97_to_99,270.0,,UP,0.97,1.0,settlement,0.2892783505154646
TRAIN,fixed_97_to_99,270.0,,DOWN,0.97,1.0,settlement,0.2892783505154646
TRAIN,fixed_97_to_99,270.0,,DOWN,0.97,1.0,settlement,0.2892783505154646
TRAIN,fixed_97_to_99,270.0,,UP,0.97,1.0,settlement,0.2892783505154646
TRAIN,fixed_97_to_99,270.0,,DOWN,0.97,1.0,settlement,0.2892783505154646
TRAIN,fixed_97_to_99,270.0,,UP,0.97,1.0,settlement,0.2892783505154646
TRAIN,fixed_97_to_99,270.0,,UP,0.97,1.0,settlement,0.2892783505154646
TRAIN,fixed_97_to_99,270.0,,DOWN,0.97,1.0,settlement,0.2892783505154646
TRAIN,fixed_97_to_99,270.0,,DOWN,0.97,0.0,settlement,-10.02
TRAIN,fixed_97_to_99,270.0,,DOWN,0.97,1.0,settlement,0.2892783505154646
TRAIN,fixed_97_to_99,270.0,,UP,0.97,1.0,settlement,0.2892783505154646
TRAIN,fixed_97_to_99,270.0,,UP,0.97,1.0,settlement,0.2892783505154646
TRAIN,fixed_97_to_99,270.0,,DOWN,0.97,1.0,settlement,0.2892783505154646
TRAIN,fixed_97_to_99,270.0,,UP,0.97,0.0,settlement,-10.02
TRAIN,fixed_97_to_99,270.0,,DOWN,0.97,1.0,settlement,0.2892783505154646
TRAIN,fixed_97_to_99,270.0,,DOWN,0.97,1.0,settlement,0.2892783505154646
TRAIN,fixed_97_to_99,270.0,,UP,0.97,1.0,settlement,0.2892783505154646
TRAIN,fixed_97_to_99,270.0,,UP,0.97,1.0,settlement,0.2892783505154646
TRAIN,fixed_97_to_99,270.0,,UP,0.97,1.0,settlement,0.2892783505154646
TRAIN,fixed_97_to_99,270.0,,UP,0.97,1.0,settlement,0.2892783505154646
TRAIN,fixed_97_to_99,270.0,,UP,0.97,1.0,settlement,0.2892783505154646
TRAIN,fixed_97_to_99,270.0,,DOWN,0.97,1.0,settlement,0.2892783505154646
TRAIN,fixed_97_to_99,270.0,,UP,0.97,1.0,settlement,0.2892783505154646
TRAIN,fixed_97_to_99,270.0,,DOWN,0.97,1.0,settlement,0.2892783505154646
TRAIN,fixed_97_to_99,270.0,,UP,0.97,1.0,settlement,0.2892783505154646
TRAIN,fixed_97_to_99,270.0,,UP,0.97,1.0,settlement,0.2892783505154646
TRAIN,fixed_97_to_99,270.0,,UP,0.97,1.0,settlement,0.2892783505154646
TRAIN,fixed_97_to_99,270.0,,DOWN,0.97,1.0,settlement,0.2892783505154646
TRAIN,fixed_97_to_99,270.0,,DOWN,0.97,0.0,settlement,-10.02
TRAIN,fixed_97_to_99,270.0,,UP,0.97,1.0,settlement,0.2892783505154646
TRAIN,fixed_97_to_99,270.0,,DOWN,0.97,1.0,settlement,0.2892783505154646
TRAIN,fixed_97_to_99,270.0,,DOWN,0.97,1.0,settlement,0.2892783505154646
TRAIN,fixed_97_to_99,270.0,,UP,0.97,1.0,settlement,0.2892783505154646
TRAIN,fixed_97_to_99,270.0,,UP,0.97,1.0,settlement,0.2892783505154646
TRAIN,fixed_97_to_99,270.0,,DOWN,0.97,0.0,settlement,-10.02
TRAIN,fixed_97_to_99,270.0,,DOWN,0.97,1.0,settlement,0.2892783505154646
TRAIN,fixed_97_to_99,270.0,,DOWN,0.97,1.0,settlement,0.2892783505154646
TRAIN,fixed_97_to_99,270.0,,DOWN,0.97,1.0,settlement,0.2892783505154646
TRAIN,fixed_97_to_99,270.0,,UP,0.97,1.0,settlement,0.2892783505154646
TRAIN,fixed_97_to_99,270.0,,DOWN,0.97,1.0,settlement,0.2892783505154646
TRAIN,fixed_97_to_99,270.0,,UP,0.97,1.0,settlement,0.2892783505154646
TRAIN,fixed_97_to_99,270.0,,DOWN,0.97,1.0,settlement,0.2892783505154646
TRAIN,fixed_97_to_99,270.0,,DOWN,0.97,0.0,settlement,-10.02
TRAIN,fixed_97_to_99,270.0,,UP,0.97,1.0,settlement,0.2892783505154646
TRAIN,fixed_97_to_99,270.0,,DOWN,0.97,1.0,settlement,0.2892783505154646
TRAIN,fixed_97_to_99,270.0,,DOWN,0.97,1.0,settlement,0.2892783505154646
TRAIN,fixed_97_to_99,270.0,,DOWN,0.97,1.0,settlement,0.2892783505154646
TRAIN,fixed_97_to_99,270.0,,UP,0.97,1.0,settlement,0.2892783505154646
TRAIN,fixed_97_to_99,270.0,,UP,0.97,1.0,settlement,0.2892783505154646
TRAIN,fixed_97_to_99,270.0,,DOWN,0.97,1.0,settlement,0.2892783505154646
TRAIN,fixed_97_to_99,270.0,,DOWN,0.97,1.0,settlement,0.2892783505154646
TRAIN,fixed_97_to_99,270.0,,UP,0.97,1.0,settlement,0.2892783505154646
TRAIN,fixed_97_to_99,270.0,,DOWN,0.97,0.0,settlement,-10.02
TRAIN,fixed_97_to_99,270.0,,UP,0.97,1.0,settlement,0.2892783505154646
TRAIN,fixed_97_to_99,270.0,,DOWN,0.97,0.0,settlement,-10.02
TRAIN,fixed_97_to_99,270.0,,DOWN,0.97,0.0,settlement,-10.02
TRAIN,fixed_97_to_99,270.0,,UP,0.97,0.0,settlement,-10.02
TRAIN,fixed_97_to_99,270.0,,DOWN,0.97,1.0,settlement,0.2892783505154646
TRAIN,fixed_97_to_99,270.0,,DOWN,0.97,1.0,settlement,0.2892783505154646
TRAIN,fixed_97_to_99,270.0,,UP,0.97,1.0,settlement,0.2892783505154646
TRAIN,fixed_97_to_99,270.0,,UP,0.97,1.0,settlement,0.2892783505154646
TRAIN,fixed_97_to_99,270.0,,UP,0.97,1.0,settlement,0.2892783505154646
TRAIN,fixed_97_to_99,270.0,,UP,0.97,1.0,settlement,0.2892783505154646
TRAIN,fixed_97_to_99,270.0,,DOWN,0.97,1.0,settlement,0.2892783505154646
TRAIN,fixed_97_to_99,270.0,,UP,0.97,0.0,settlement,-10.02
TRAIN,fixed_97_to_99,270.0,,UP,0.97,1.0,settlement,0.2892783505154646
TRAIN,fixed_97_to_99,270.0,,UP,0.97,1.0,settlement,0.2892783505154646
TRAIN,fixed_97_to_99,270.0,,UP,0.97,1.0,settlement,0.2892783505154646
TRAIN,fixed_97_to_99,270.0,,DOWN,0.97,1.0,settlement,0.2892783505154646
TRAIN,fixed_97_to_99,270.0,,DOWN,0.97,1.0,settlement,0.2892783505154646
TRAIN,fixed_97_to_99,270.0,,DOWN,0.97,1.0,settlement,0.2892783505154646
TRAIN,fixed_97_to_99,270.0,,UP,0.97,1.0,settlement,0.2892783505154646
TRAIN,fixed_97_to_99,270.0,,UP,0.97,1.0,settlement,0.2892783505154646
TRAIN,fixed_97_to_99,270.0,,DOWN,0.97,0.0,settlement,-10.02
TRAIN,fixed_97_to_99,270.0,,DOWN,0.97,1.0,settlement,0.2892783505154646
TRAIN,fixed_97_to_99,270.0,,UP,0.97,1.0,settlement,0.2892783505154646
TRAIN,fixed_97_to_99,270.0,,DOWN,0.97,1.0,settlement,0.2892783505154646
TRAIN,fixed_97_to_99,270.0,,UP,0.97,1.0,settlement,0.2892783505154646
TRAIN,fixed_97_to_99,270.0,,DOWN,0.97,1.0,settlement,0.2892783505154646
TRAIN,fixed_97_to_99,270.0,,DOWN,0.97,0.0,settlement,-10.02
TRAIN,fixed_97_to_99,270.0,,DOWN,0.97,1.0,settlement,0.2892783505154646
TRAIN,fixed_97_to_99,270.0,,DOWN,0.97,0.0,settlement,-10.02
TRAIN,fixed_97_to_99,270.0,,UP,0.97,1.0,settlement,0.2892783505154646
TRAIN,fixed_97_to_99,270.0,,UP,0.97,1.0,settlement,0.2892783505154646
TRAIN,fixed_97_to_99,270.0,,UP,0.97,1.0,settlement,0.2892783505154646
TRAIN,fixed_97_to_99,270.0,,DOWN,0.97,1.0,settlement,0.2892783505154646
TRAIN,fixed_97_to_99,270.0,,DOWN,0.97,1.0,settlement,0.2892783505154646
TRAIN,fixed_97_to_99,270.0,,UP,0.97,1.0,settlement,0.2892783505154646
TRAIN,fixed_97_to_99,270.0,,UP,0.97,0.0,settlement,-10.02
TRAIN,fixed_97_to_99,270.0,,UP,0.97,1.0,settlement,0.2892783505154646
TRAIN,fixed_97_to_99,270.0,,DOWN,0.97,0.0,settlement,-10.02
TRAIN,fixed_97_to_99,270.0,,DOWN,0.97,0.0,settlement,-10.02
TRAIN,fixed_97_to_99,270.0,,DOWN,0.97,1.0,settlement,0.2892783505154646
TRAIN,fixed_97_to_99,270.0,,UP,0.97,1.0,settlement,0.2892783505154646
TRAIN,fixed_97_to_99,270.0,,DOWN,0.97,1.0,settlement,0.2892783505154646
TRAIN,fixed_97_to_99,270.0,,DOWN,0.97,0.0,settlement,-10.02
TRAIN,fixed_97_to_99,270.0,,DOWN,0.97,1.0,settlement,0.2892783505154646
TRAIN,fixed_97_to_99,270.0,,UP,0.97,1.0,settlement,0.2892783505154646
TRAIN,fixed_97_to_99,270.0,,DOWN,0.97,1.0,settlement,0.2892783505154646
TRAIN,fixed_97_to_99,270.0,,DOWN,0.97,0.0,settlement,-10.02
TRAIN,fixed_97_to_99,270.0,,DOWN,0.97,1.0,settlement,0.2892783505154646
TRAIN,fixed_97_to_99,270.0,,UP,0.97,1.0,settlement,0.2892783505154646
TRAIN,fixed_97_to_99,270.0,,UP,0.97,0.0,settlement,-10.02
TRAIN,fixed_97_to_99,270.0,,UP,0.97,1.0,settlement,0.2892783505154646
TRAIN,fixed_97_to_99,270.0,,DOWN,0.97,1.0,settlement,0.2892783505154646
TRAIN,fixed_97_to_99,270.0,,UP,0.97,0.0,settlement,-10.02
TRAIN,fixed_97_to_99,270.0,,DOWN,0.97,1.0,settlement,0.2892783505154646
TRAIN,fixed_97_to_99,270.0,,UP,0.97,0.0,settlement,-10.02
TRAIN,fixed_97_to_99,270.0,,UP,0.97,1.0,settlement,0.2892783505154646
TRAIN,fixed_97_to_99,270.0,,DOWN,0.97,1.0,settlement,0.2892783505154646
TRAIN,fixed_97_to_99,270.0,,DOWN,0.97,1.0,settlement,0.2892783505154646
TRAIN,fixed_97_to_99,270.0,,DOWN,0.97,1.0,settlement,0.2892783505154646
TRAIN,fixed_97_to_99,270.0,,UP,0.97,1.0,settlement,0.2892783505154646
TRAIN,fixed_97_to_99,270.0,,UP,0.97,1.0,settlement,0.2892783505154646
TRAIN,fixed_97_to_99,270.0,,DOWN,0.97,1.0,settlement,0.2892783505154646
TRAIN,fixed_97_to_99,270.0,,UP,0.97,1.0,settlement,0.2892783505154646
TRAIN,fixed_97_to_99,270.0,,UP,0.97,1.0,settlement,0.2892783505154646
TRAIN,fixed_97_to_99,270.0,,DOWN,0.97,1.0,settlement,0.2892783505154646
TRAIN,fixed_97_to_99,270.0,,DOWN,0.97,0.0,settlement,-10.02
TRAIN,fixed_97_to_99,270.0,,UP,0.97,1.0,settlement,0.2892783505154646
TRAIN,fixed_97_to_99,270.0,,DOWN,0.97,1.0,settlement,0.2892783505154646
TRAIN,fixed_97_to_99,270.0,,UP,0.97,1.0,settlement,0.2892783505154646
TRAIN,fixed_97_to_99,270.0,,UP,0.97,1.0,settlement,0.2892783505154646
TRAIN,fixed_97_to_99,270.0,,UP,0.97,1.0,settlement,0.2892783505154646
TRAIN,fixed_97_to_99,270.0,,UP,0.97,1.0,settlement,0.2892783505154646
TRAIN,fixed_97_to_99,270.0,,UP,0.97,1.0,settlement,0.2892783505154646
TRAIN,fixed_97_to_99,270.0,,DOWN,0.97,1.0,settlement,0.2892783505154646
TRAIN,fixed_97_to_99,270.0,,DOWN,0.97,1.0,settlement,0.2892783505154646
TRAIN,fixed_97_to_99,270.0,,DOWN,0.97,1.0,settlement,0.2892783505154646
TRAIN,fixed_97_to_99,270.0,,UP,0.97,1.0,settlement,0.2892783505154646
TRAIN,fixed_97_to_99,270.0,,DOWN,0.97,1.0,settlement,0.2892783505154646
TRAIN,fixed_97_to_99,270.0,,UP,0.97,0.0,settlement,-10.02
TRAIN,fixed_97_to_99,270.0,,DOWN,0.97,1.0,settlement,0.2892783505154646
TRAIN,fixed_97_to_99,270.0,,DOWN,0.97,1.0,settlement,0.2892783505154646
TRAIN,fixed_97_to_99,270.0,,UP,0.97,1.0,settlement,0.2892783505154646
TRAIN,fixed_97_to_99,270.0,,DOWN,0.97,0.0,settlement,-10.02
TRAIN,fixed_97_to_99,270.0,,DOWN,0.97,1.0,settlement,0.2892783505154646
TRAIN,fixed_97_to_99,270.0,,UP,0.97,1.0,settlement,0.2892783505154646
TRAIN,fixed_97_to_99,270.0,,UP,0.97,0.0,settlement,-10.02
TRAIN,fixed_97_to_99,270.0,,UP,0.97,1.0,settlement,0.2892783505154646
TRAIN,fixed_97_to_99,270.0,,DOWN,0.97,1.0,settlement,0.2892783505154646
TRAIN,fixed_97_to_99,270.0,,UP,0.97,1.0,settlement,0.2892783505154646
TRAIN,fixed_97_to_99,270.0,,UP,0.97,1.0,settlement,0.2892783505154646
TRAIN,fixed_97_to_99,270.0,,DOWN,0.97,1.0,settlement,0.2892783505154646
TRAIN,fixed_97_to_99,270.0,,DOWN,0.97,1.0,settlement,0.2892783505154646
TRAIN,fixed_97_to_99,270.0,,UP,0.97,1.0,settlement,0.2892783505154646
TRAIN,fixed_97_to_99,270.0,,DOWN,0.97,1.0,settlement,0.2892783505154646
TRAIN,fixed_97_to_99,270.0,,UP,0.97,1.0,settlement,0.2892783505154646
TRAIN,fixed_97_to_99,270.0,,DOWN,0.97,1.0,settlement,0.2892783505154646
TRAIN,fixed_97_to_99,270.0,,UP,0.97,1.0,settlement,0.2892783505154646
TRAIN,fixed_97_to_99,270.0,,UP,0.97,1.0,settlement,0.2892783505154646
TRAIN,fixed_97_to_99,270.0,,UP,0.97,0.0,settlement,-10.02
TRAIN,fixed_97_to_99,270.0,,DOWN,0.97,1.0,settlement,0.2892783505154646
TRAIN,fixed_97_to_99,270.0,,DOWN,0.97,1.0,settlement,0.2892783505154646
TRAIN,fixed_97_to_99,270.0,,DOWN,0.97,1.0,settlement,0.2892783505154646
TRAIN,fixed_97_to_99,270.0,,DOWN,0.97,0.0,settlement,-10.02
TRAIN,fixed_97_to_99,270.0,,DOWN,0.97,1.0,settlement,0.2892783505154646
TRAIN,fixed_97_to_99,270.0,,DOWN,0.97,1.0,settlement,0.2892783505154646
TRAIN,fixed_97_to_99,270.0,,UP,0.97,0.0,settlement,-10.02
TRAIN,fixed_97_to_99,270.0,,UP,0.97,1.0,settlement,0.2892783505154646
TRAIN,fixed_97_to_99,270.0,,DOWN,0.97,1.0,settlement,0.2892783505154646
TRAIN,fixed_97_to_99,270.0,,UP,0.97,1.0,settlement,0.2892783505154646
TRAIN,fixed_97_to_99,270.0,,UP,0.97,1.0,settlement,0.2892783505154646
TRAIN,fixed_97_to_99,270.0,,DOWN,0.97,1.0,settlement,0.2892783505154646
TRAIN,fixed_97_to_99,270.0,,UP,0.97,1.0,settlement,0.2892783505154646
TRAIN,fixed_97_to_99,270.0,,DOWN,0.97,1.0,settlement,0.2892783505154646
TRAIN,fixed_97_to_99,270.0,,DOWN,0.97,0.0,settlement,-10.02
TRAIN,fixed_97_to_99,270.0,,DOWN,0.97,1.0,settlement,0.2892783505154646
TRAIN,fixed_97_to_99,270.0,,DOWN,0.97,1.0,settlement,0.2892783505154646
TRAIN,fixed_97_to_99,270.0,,UP,0.97,1.0,settlement,0.2892783505154646
TRAIN,fixed_97_to_99,270.0,,DOWN,0.97,1.0,settlement,0.2892783505154646
TRAIN,fixed_97_to_99,270.0,,UP,0.97,0.0,settlement,-10.02
TRAIN,fixed_97_to_99,270.0,,UP,0.97,1.0,settlement,0.2892783505154646
TRAIN,fixed_97_to_99,270.0,,UP,0.97,1.0,settlement,0.2892783505154646
TRAIN,fixed_97_to_99,270.0,,DOWN,0.97,1.0,settlement,0.2892783505154646
TRAIN,fixed_97_to_99,270.0,,UP,0.97,1.0,settlement,0.2892783505154646
TRAIN,fixed_97_to_99,270.0,,DOWN,0.97,1.0,settlement,0.2892783505154646
TRAIN,fixed_97_to_99,270.0,,DOWN,0.97,1.0,settlement,0.2892783505154646
TRAIN,fixed_97_to_99,270.0,,DOWN,0.97,1.0,settlement,0.2892783505154646
TRAIN,fixed_97_to_99,270.0,,UP,0.97,1.0,settlement,0.2892783505154646
TRAIN,fixed_97_to_99,270.0,,DOWN,0.97,1.0,settlement,0.2892783505154646
TRAIN,fixed_97_to_99,270.0,,UP,0.97,1.0,settlement,0.2892783505154646
TRAIN,fixed_97_to_99,270.0,,DOWN,0.97,1.0,settlement,0.2892783505154646
TRAIN,fixed_97_to_99,270.0,,UP,0.97,1.0,settlement,0.2892783505154646
TRAIN,fixed_97_to_99,270.0,,UP,0.97,1.0,settlement,0.2892783505154646
TRAIN,fixed_97_to_99,270.0,,DOWN,0.97,1.0,settlement,0.2892783505154646
TRAIN,fixed_97_to_99,270.0,,DOWN,0.97,1.0,settlement,0.2892783505154646
TRAIN,fixed_97_to_99,270.0,,UP,0.97,1.0,settlement,0.2892783505154646
TRAIN,fixed_97_to_99,270.0,,DOWN,0.97,1.0,settlement,0.2892783505154646
TRAIN,fixed_97_to_99,270.0,,DOWN,0.97,0.0,settlement,-10.02
TRAIN,fixed_97_to_99,270.0,,UP,0.97,1.0,settlement,0.2892783505154646
TRAIN,fixed_97_to_99,270.0,,UP,0.97,0.0,settlement,-10.02
TRAIN,fixed_97_to_99,270.0,,DOWN,0.97,1.0,settlement,0.2892783505154646
TRAIN,fixed_97_to_99,270.0,,UP,0.97,1.0,settlement,0.2892783505154646
TRAIN,fixed_97_to_99,270.0,,DOWN,0.97,0.0,settlement,-10.02
TRAIN,fixed_97_to_99,270.0,,UP,0.97,1.0,settlement,0.2892783505154646
TRAIN,fixed_97_to_99,270.0,,UP,0.97,1.0,settlement,0.2892783505154646
TRAIN,fixed_97_to_99,270.0,,DOWN,0.97,1.0,settlement,0.2892783505154646
TRAIN,fixed_97_to_99,270.0,,DOWN,0.97,1.0,settlement,0.2892783505154646
TRAIN,fixed_97_to_99,270.0,,UP,0.97,1.0,settlement,0.2892783505154646
TRAIN,fixed_97_to_99,270.0,,UP,0.97,1.0,settlement,0.2892783505154646
TRAIN,fixed_97_to_99,270.0,,DOWN,0.97,1.0,settlement,0.2892783505154646
TRAIN,fixed_97_to_99,270.0,,UP,0.97,1.0,settlement,0.2892783505154646
TRAIN,fixed_97_to_99,270.0,,UP,0.97,1.0,settlement,0.2892783505154646
TRAIN,fixed_97_to_99,270.0,,UP,0.97,1.0,settlement,0.2892783505154646
TRAIN,fixed_97_to_99,270.0,,DOWN,0.97,1.0,settlement,0.2892783505154646
TRAIN,fixed_97_to_99,270.0,,UP,0.97,1.0,settlement,0.2892783505154646
TRAIN,fixed_97_to_99,270.0,,UP,0.97,1.0,settlement,0.2892783505154646
TRAIN,fixed_97_to_99,270.0,,DOWN,0.97,1.0,settlement,0.2892783505154646
TRAIN,fixed_97_to_99,270.0,,UP,0.97,1.0,settlement,0.2892783505154646
TRAIN,fixed_97_to_99,270.0,,UP,0.97,1.0,settlement,0.2892783505154646
TRAIN,fixed_97_to_99,270.0,,DOWN,0.97,1.0,settlement,0.2892783505154646
TRAIN,fixed_97_to_99,270.0,,UP,0.97,1.0,settlement,0.2892783505154646
TRAIN,fixed_97_to_99,270.0,,UP,0.97,1.0,settlement,0.2892783505154646
TRAIN,fixed_97_to_99,270.0,,DOWN,0.97,1.0,settlement,0.2892783505154646
TRAIN,fixed_97_to_99,270.0,,DOWN,0.97,1.0,settlement,0.2892783505154646
TRAIN,fixed_97_to_99,270.0,,UP,0.97,0.0,settlement,-10.02
TRAIN,fixed_97_to_99,270.0,,DOWN,0.97,1.0,settlement,0.2892783505154646
TRAIN,fixed_97_to_99,270.0,,UP,0.97,1.0,settlement,0.2892783505154646
TRAIN,fixed_97_to_99,270.0,,DOWN,0.97,1.0,settlement,0.2892783505154646
TRAIN,fixed_97_to_99,270.0,,UP,0.97,0.0,settlement,-10.02
TRAIN,fixed_97_to_99,270.0,,DOWN,0.97,1.0,settlement,0.2892783505154646
TRAIN,fixed_97_to_99,270.0,,UP,0.97,1.0,settlement,0.2892783505154646
TRAIN,fixed_97_to_99,270.0,,UP,0.97,1.0,settlement,0.2892783505154646
TRAIN,fixed_97_to_99,270.0,,UP,0.97,1.0,settlement,0.2892783505154646
TRAIN,fixed_97_to_99,270.0,,DOWN,0.97,1.0,settlement,0.2892783505154646
TRAIN,fixed_97_to_99,270.0,,UP,0.97,1.0,settlement,0.2892783505154646
TRAIN,fixed_97_to_99,270.0,,UP,0.97,1.0,settlement,0.2892783505154646
TRAIN,fixed_97_to_99,270.0,,UP,0.97,1.0,settlement,0.2892783505154646
TRAIN,fixed_97_to_99,270.0,,DOWN,0.97,1.0,settlement,0.2892783505154646
TRAIN,fixed_97_to_99,270.0,,UP,0.97,1.0,settlement,0.2892783505154646
TRAIN,fixed_97_to_99,270.0,,DOWN,0.97,1.0,settlement,0.2892783505154646
TRAIN,fixed_97_to_99,270.0,,UP,0.97,1.0,settlement,0.2892783505154646
TRAIN,fixed_97_to_99,270.0,,UP,0.97,1.0,settlement,0.2892783505154646
TRAIN,fixed_97_to_99,270.0,,DOWN,0.97,1.0,settlement,0.2892783505154646
TRAIN,fixed_97_to_99,270.0,,DOWN,0.97,1.0,settlement,0.2892783505154646
TRAIN,fixed_97_to_99,270.0,,DOWN,0.97,1.0,settlement,0.2892783505154646
TRAIN,fixed_97_to_99,270.0,,UP,0.97,1.0,settlement,0.2892783505154646
TRAIN,fixed_97_to_99,270.0,,DOWN,0.97,1.0,settlement,0.2892783505154646
TRAIN,fixed_97_to_99,270.0,,UP,0.97,1.0,settlement,0.2892783505154646
TRAIN,fixed_97_to_99,270.0,,UP,0.97,0.0,settlement,-10.02
TRAIN,fixed_97_to_99,270.0,,DOWN,0.97,1.0,settlement,0.2892783505154646
TRAIN,fixed_97_to_99,270.0,,DOWN,0.97,1.0,settlement,0.2892783505154646
TRAIN,fixed_97_to_99,270.0,,DOWN,0.97,1.0,settlement,0.2892783505154646
TRAIN,fixed_97_to_99,270.0,,UP,0.97,1.0,settlement,0.2892783505154646
TRAIN,fixed_97_to_99,270.0,,UP,0.97,1.0,settlement,0.2892783505154646
TRAIN,fixed_97_to_99,270.0,,UP,0.97,1.0,settlement,0.2892783505154646
TRAIN,fixed_97_to_99,270.0,,UP,0.97,1.0,settlement,0.2892783505154646
TRAIN,fixed_97_to_99,270.0,,UP,0.97,0.0,settlement,-10.02
TRAIN,fixed_97_to_99,270.0,,DOWN,0.97,1.0,settlement,0.2892783505154646
TRAIN,fixed_97_to_99,270.0,,DOWN,0.97,1.0,settlement,0.2892783505154646
TRAIN,fixed_97_to_99,270.0,,UP,0.97,1.0,settlement,0.2892783505154646
TRAIN,fixed_97_to_99,270.0,,UP,0.97,1.0,settlement,0.2892783505154646
TRAIN,fixed_97_to_99,270.0,,UP,0.97,1.0,settlement,0.2892783505154646
TRAIN,fixed_97_to_99,270.0,,UP,0.97,1.0,settlement,0.2892783505154646
TRAIN,fixed_97_to_99,270.0,,UP,0.97,1.0,settlement,0.2892783505154646
TRAIN,fixed_97_to_99,270.0,,UP,0.97,1.0,settlement,0.2892783505154646
TRAIN,fixed_97_to_99,270.0,,UP,0.97,1.0,settlement,0.2892783505154646
TRAIN,fixed_97_to_99,270.0,,DOWN,0.97,1.0,settlement,0.2892783505154646
TRAIN,fixed_97_to_99,270.0,,UP,0.97,1.0,settlement,0.2892783505154646
TRAIN,fixed_97_to_99,270.0,,DOWN,0.97,1.0,settlement,0.2892783505154646
TRAIN,fixed_97_to_99,270.0,,UP,0.97,1.0,settlement,0.2892783505154646
TRAIN,fixed_97_to_99,270.0,,DOWN,0.97,1.0,settlement,0.2892783505154646
TRAIN,fixed_97_to_99,270.0,,DOWN,0.97,1.0,settlement,0.2892783505154646
TRAIN,fixed_97_to_99,270.0,,UP,0.97,1.0,settlement,0.2892783505154646
TRAIN,fixed_97_to_99,270.0,,DOWN,0.97,1.0,settlement,0.2892783505154646
TRAIN,fixed_97_to_99,270.0,,UP,0.97,1.0,settlement,0.2892783505154646
TRAIN,fixed_97_to_99,270.0,,UP,0.97,1.0,settlement,0.2892783505154646
TRAIN,fixed_97_to_99,270.0,,UP,0.97,1.0,settlement,0.2892783505154646
TRAIN,fixed_97_to_99,270.0,,UP,0.97,1.0,settlement,0.2892783505154646
TRAIN,fixed_97_to_99,270.0,,DOWN,0.97,1.0,settlement,0.2892783505154646
TRAIN,fixed_97_to_99,270.0,,UP,0.97,1.0,settlement,0.2892783505154646
TRAIN,fixed_97_to_99,270.0,,DOWN,0.97,1.0,settlement,0.2892783505154646
TRAIN,fixed_97_to_99,270.0,,UP,0.97,1.0,settlement,0.2892783505154646
TRAIN,fixed_97_to_99,270.0,,DOWN,0.97,1.0,settlement,0.2892783505154646
TRAIN,fixed_97_to_99,270.0,,UP,0.97,1.0,settlement,0.2892783505154646
TRAIN,fixed_97_to_99,270.0,,DOWN,0.97,1.0,settlement,0.2892783505154646
TRAIN,fixed_97_to_99,270.0,,UP,0.97,1.0,settlement,0.2892783505154646
TRAIN,fixed_97_to_99,270.0,,UP,0.97,1.0,settlement,0.2892783505154646
TRAIN,fixed_97_to_99,270.0,,UP,0.97,0.0,settlement,-10.02
TRAIN,fixed_97_to_99,270.0,,UP,0.97,1.0,settlement,0.2892783505154646
TRAIN,fixed_97_to_99,270.0,,UP,0.97,1.0,settlement,0.2892783505154646
TRAIN,fixed_97_to_99,270.0,,UP,0.97,1.0,settlement,0.2892783505154646
TRAIN,fixed_97_to_99,270.0,,DOWN,0.97,1.0,settlement,0.2892783505154646
TRAIN,fixed_97_to_99,270.0,,DOWN,0.97,1.0,settlement,0.2892783505154646
TRAIN,fixed_97_to_99,270.0,,DOWN,0.97,1.0,settlement,0.2892783505154646
TRAIN,fixed_97_to_99,270.0,,UP,0.97,1.0,settlement,0.2892783505154646
TRAIN,fixed_97_to_99,270.0,,DOWN,0.97,1.0,settlement,0.2892783505154646
TRAIN,fixed_97_to_99,270.0,,UP,0.97,1.0,settlement,0.2892783505154646
TRAIN,fixed_97_to_99,270.0,,DOWN,0.97,1.0,settlement,0.2892783505154646
TRAIN,fixed_97_to_99,270.0,,DOWN,0.97,1.0,settlement,0.2892783505154646
TRAIN,fixed_97_to_99,270.0,,DOWN,0.97,1.0,settlement,0.2892783505154646
TRAIN,fixed_97_to_99,270.0,,UP,0.97,1.0,settlement,0.2892783505154646
TRAIN,fixed_97_to_99,270.0,,DOWN,0.97,1.0,settlement,0.2892783505154646
TRAIN,fixed_97_to_99,270.0,,DOWN,0.97,1.0,settlement,0.2892783505154646
TRAIN,fixed_97_to_99,270.0,,DOWN,0.97,1.0,settlement,0.2892783505154646
TRAIN,fixed_97_to_99,270.0,,DOWN,0.97,1.0,settlement,0.2892783505154646
TRAIN,fixed_97_to_99,270.0,,UP,0.97,1.0,settlement,0.2892783505154646
TRAIN,fixed_97_to_99,270.0,,DOWN,0.97,1.0,settlement,0.2892783505154646
TRAIN,fixed_97_to_99,270.0,,DOWN,0.97,1.0,settlement,0.2892783505154646
TRAIN,fixed_97_to_99,270.0,,DOWN,0.97,1.0,settlement,0.2892783505154646
TRAIN,fixed_97_to_99,270.0,,DOWN,0.97,1.0,settlement,0.2892783505154646
TRAIN,fixed_97_to_99,270.0,,UP,0.97,1.0,settlement,0.2892783505154646
TRAIN,fixed_97_to_99,270.0,,UP,0.97,1.0,settlement,0.2892783505154646
TRAIN,fixed_97_to_99,270.0,,DOWN,0.97,1.0,settlement,0.2892783505154646
TRAIN,fixed_97_to_99,270.0,,UP,0.97,1.0,settlement,0.2892783505154646
TRAIN,fixed_97_to_99,270.0,,UP,0.97,1.0,settlement,0.2892783505154646
TRAIN,fixed_97_to_99,270.0,,DOWN,0.97,1.0,settlement,0.2892783505154646
TRAIN,fixed_97_to_99,270.0,,DOWN,0.97,1.0,settlement,0.2892783505154646
TRAIN,fixed_97_to_99,270.0,,DOWN,0.97,1.0,settlement,0.2892783505154646
TRAIN,fixed_97_to_99,270.0,,UP,0.97,1.0,settlement,0.2892783505154646
TRAIN,fixed_97_to_99,270.0,,UP,0.97,0.0,settlement,-10.02
TRAIN,fixed_97_to_99,270.0,,UP,0.97,0.0,settlement,-10.02
TRAIN,fixed_97_to_99,270.0,,UP,0.97,1.0,settlement,0.2892783505154646
TRAIN,fixed_97_to_99,270.0,,UP,0.97,1.0,settlement,0.2892783505154646
TRAIN,fixed_97_to_99,270.0,,DOWN,0.97,1.0,settlement,0.2892783505154646
TRAIN,fixed_97_to_99,270.0,,UP,0.97,1.0,settlement,0.2892783505154646
TRAIN,fixed_97_to_99,270.0,,UP,0.97,0.0,settlement,-10.02
TRAIN,fixed_97_to_99,270.0,,UP,0.97,1.0,settlement,0.2892783505154646
TRAIN,fixed_97_to_99,270.0,,UP,0.97,1.0,settlement,0.2892783505154646
TRAIN,fixed_97_to_99,270.0,,DOWN,0.97,1.0,settlement,0.2892783505154646
TRAIN,fixed_97_to_99,270.0,,DOWN,0.97,1.0,settlement,0.2892783505154646
TRAIN,fixed_97_to_99,270.0,,UP,0.97,1.0,settlement,0.2892783505154646
TRAIN,fixed_97_to_99,270.0,,DOWN,0.97,0.0,settlement,-10.02
TRAIN,fixed_97_to_99,270.0,,UP,0.97,0.0,settlement,-10.02
TRAIN,fixed_97_to_99,270.0,,UP,0.97,1.0,settlement,0.2892783505154646
TRAIN,fixed_97_to_99,270.0,,DOWN,0.97,1.0,settlement,0.2892783505154646
TRAIN,fixed_97_to_99,270.0,,UP,0.97,1.0,settlement,0.2892783505154646
TRAIN,fixed_97_to_99,270.0,,UP,0.97,1.0,settlement,0.2892783505154646
TRAIN,fixed_97_to_99,270.0,,UP,0.97,1.0,settlement,0.2892783505154646
TRAIN,fixed_97_to_99,270.0,,DOWN,0.97,1.0,settlement,0.2892783505154646
TRAIN,fixed_97_to_99,270.0,,DOWN,0.97,1.0,settlement,0.2892783505154646
TRAIN,fixed_97_to_99,270.0,,UP,0.97,1.0,settlement,0.2892783505154646
TRAIN,fixed_97_to_99,270.0,,DOWN,0.97,0.0,settlement,-10.02
TRAIN,fixed_97_to_99,270.0,,DOWN,0.97,1.0,settlement,0.2892783505154646
TRAIN,fixed_97_to_99,270.0,,UP,0.97,1.0,settlement,0.2892783505154646
TRAIN,fixed_97_to_99,270.0,,UP,0.97,1.0,settlement,0.2892783505154646
TRAIN,fixed_97_to_99,270.0,,DOWN,0.97,1.0,settlement,0.2892783505154646
TRAIN,fixed_97_to_99,270.0,,UP,0.97,0.0,settlement,-10.02
TRAIN,fixed_97_to_99,270.0,,UP,0.97,1.0,settlement,0.2892783505154646
TRAIN,fixed_97_to_99,270.0,,UP,0.97,1.0,settlement,0.2892783505154646
TRAIN,fixed_97_to_99,270.0,,UP,0.97,1.0,settlement,0.2892783505154646
TRAIN,fixed_97_to_99,270.0,,UP,0.97,1.0,settlement,0.2892783505154646
TRAIN,fixed_97_to_99,270.0,,DOWN,0.97,1.0,settlement,0.2892783505154646
TRAIN,fixed_97_to_99,270.0,,DOWN,0.97,1.0,settlement,0.2892783505154646
TRAIN,fixed_97_to_99,270.0,,UP,0.97,1.0,settlement,0.2892783505154646
TRAIN,fixed_97_to_99,270.0,,DOWN,0.97,1.0,settlement,0.2892783505154646
TRAIN,fixed_97_to_99,270.0,,DOWN,0.97,1.0,settlement,0.2892783505154646
TRAIN,fixed_97_to_99,270.0,,UP,0.97,1.0,settlement,0.2892783505154646
TRAIN,fixed_97_to_99,270.0,,UP,0.97,1.0,settlement,0.2892783505154646
TRAIN,fixed_97_to_99,270.0,,DOWN,0.97,1.0,settlement,0.2892783505154646
TRAIN,fixed_97_to_99,270.0,,DOWN,0.97,1.0,settlement,0.2892783505154646
TRAIN,fixed_97_to_99,270.0,,DOWN,0.97,0.0,settlement,-10.02
TRAIN,fixed_97_to_99,270.0,,DOWN,0.97,1.0,settlement,0.2892783505154646
TRAIN,fixed_97_to_99,270.0,,DOWN,0.97,1.0,settlement,0.2892783505154646
TRAIN,fixed_97_to_99,270.0,,UP,0.97,0.0,settlement,-10.02
TRAIN,fixed_97_to_99,270.0,,DOWN,0.97,1.0,settlement,0.2892783505154646
TRAIN,fixed_97_to_99,270.0,,DOWN,0.97,1.0,settlement,0.2892783505154646
TRAIN,fixed_97_to_99,270.0,,DOWN,0.97,1.0,settlement,0.2892783505154646
TRAIN,fixed_97_to_99,270.0,,UP,0.97,0.0,settlement,-10.02
TRAIN,fixed_97_to_99,270.0,,UP,0.97,1.0,settlement,0.2892783505154646
TRAIN,fixed_97_to_99,270.0,,DOWN,0.97,1.0,settlement,0.2892783505154646
TRAIN,fixed_97_to_99,270.0,,UP,0.97,1.0,settlement,0.2892783505154646
TRAIN,fixed_97_to_99,270.0,,UP,0.97,1.0,settlement,0.2892783505154646
TRAIN,fixed_97_to_99,270.0,,DOWN,0.97,1.0,settlement,0.2892783505154646
TRAIN,fixed_97_to_99,270.0,,DOWN,0.97,1.0,settlement,0.2892783505154646
TRAIN,fixed_97_to_99,270.0,,DOWN,0.97,1.0,settlement,0.2892783505154646
TRAIN,fixed_97_to_99,270.0,,DOWN,0.97,1.0,settlement,0.2892783505154646
TRAIN,fixed_97_to_99,270.0,,UP,0.97,1.0,settlement,0.2892783505154646
TRAIN,fixed_97_to_99,270.0,,DOWN,0.97,1.0,settlement,0.2892783505154646
TRAIN,fixed_97_to_99,270.0,,UP,0.97,1.0,settlement,0.2892783505154646
TRAIN,fixed_97_to_99,270.0,,DOWN,0.97,1.0,settlement,0.2892783505154646
TRAIN,fixed_97_to_99,270.0,,DOWN,0.97,1.0,settlement,0.2892783505154646
TRAIN,fixed_97_to_99,270.0,,UP,0.97,1.0,settlement,0.2892783505154646
TRAIN,fixed_97_to_99,270.0,,UP,0.97,1.0,settlement,0.2892783505154646
TRAIN,fixed_97_to_99,270.0,,UP,0.97,1.0,settlement,0.2892783505154646
TRAIN,fixed_97_to_99,270.0,,UP,0.97,1.0,settlement,0.2892783505154646
TRAIN,fixed_97_to_99,270.0,,DOWN,0.97,1.0,settlement,0.2892783505154646
TRAIN,fixed_97_to_99,270.0,,DOWN,0.97,1.0,settlement,0.2892783505154646
TRAIN,fixed_97_to_99,270.0,,UP,0.97,1.0,settlement,0.2892783505154646
TRAIN,fixed_97_to_99,270.0,,DOWN,0.97,1.0,settlement,0.2892783505154646
TRAIN,fixed_97_to_99,270.0,,DOWN,0.97,1.0,settlement,0.2892783505154646
TRAIN,fixed_97_to_99,270.0,,DOWN,0.97,1.0,settlement,0.2892783505154646
TRAIN,fixed_97_to_99,270.0,,DOWN,0.97,1.0,settlement,0.2892783505154646
TRAIN,fixed_97_to_99,270.0,,DOWN,0.97,1.0,settlement,0.2892783505154646
TRAIN,fixed_97_to_99,270.0,,UP,0.97,0.0,settlement,-10.02
TRAIN,fixed_97_to_99,270.0,,UP,0.97,1.0,settlement,0.2892783505154646
TRAIN,fixed_97_to_99,270.0,,UP,0.97,1.0,settlement,0.2892783505154646
TRAIN,fixed_97_to_99,270.0,,DOWN,0.97,1.0,settlement,0.2892783505154646
TRAIN,fixed_97_to_99,270.0,,DOWN,0.97,1.0,settlement,0.2892783505154646
TRAIN,fixed_97_to_99,270.0,,UP,0.97,0.0,settlement,-10.02
TRAIN,fixed_97_to_99,270.0,,UP,0.97,1.0,settlement,0.2892783505154646
TRAIN,fixed_97_to_99,270.0,,DOWN,0.97,1.0,settlement,0.2892783505154646
TRAIN,fixed_97_to_99,270.0,,UP,0.97,1.0,settlement,0.2892783505154646
TRAIN,fixed_97_to_99,270.0,,DOWN,0.97,1.0,settlement,0.2892783505154646
TRAIN,fixed_97_to_99,270.0,,UP,0.97,1.0,settlement,0.2892783505154646
TRAIN,fixed_97_to_99,270.0,,UP,0.97,1.0,settlement,0.2892783505154646
TRAIN,fixed_97_to_99,270.0,,DOWN,0.97,1.0,settlement,0.2892783505154646
TRAIN,fixed_97_to_99,270.0,,UP,0.97,1.0,settlement,0.2892783505154646
TRAIN,fixed_97_to_99,270.0,,DOWN,0.97,1.0,settlement,0.2892783505154646
TRAIN,fixed_97_to_99,270.0,,UP,0.97,1.0,settlement,0.2892783505154646
TRAIN,fixed_97_to_99,270.0,,UP,0.97,1.0,settlement,0.2892783505154646
TRAIN,fixed_97_to_99,270.0,,DOWN,0.97,1.0,settlement,0.2892783505154646
TRAIN,fixed_97_to_99,270.0,,UP,0.97,1.0,settlement,0.2892783505154646
TRAIN,fixed_97_to_99,270.0,,UP,0.97,0.0,settlement,-10.02
TRAIN,fixed_97_to_99,270.0,,UP,0.97,1.0,settlement,0.2892783505154646
TRAIN,fixed_97_to_99,270.0,,UP,0.97,1.0,settlement,0.2892783505154646
TRAIN,fixed_97_to_99,270.0,,UP,0.97,1.0,settlement,0.2892783505154646
TRAIN,fixed_97_to_99,270.0,,UP,0.97,1.0,settlement,0.2892783505154646
TRAIN,fixed_97_to_99,270.0,,UP,0.97,1.0,settlement,0.2892783505154646
TRAIN,fixed_97_to_99,270.0,,DOWN,0.97,1.0,settlement,0.2892783505154646
TRAIN,fixed_97_to_99,270.0,,DOWN,0.97,1.0,settlement,0.2892783505154646
TRAIN,fixed_97_to_99,270.0,,DOWN,0.97,1.0,settlement,0.2892783505154646
TRAIN,fixed_97_to_99,270.0,,UP,0.97,1.0,settlement,0.2892783505154646
TRAIN,fixed_97_to_99,270.0,,DOWN,0.97,1.0,settlement,0.2892783505154646
TRAIN,fixed_97_to_99,270.0,,DOWN,0.97,1.0,settlement,0.2892783505154646
TRAIN,fixed_97_to_99,270.0,,DOWN,0.97,1.0,settlement,0.2892783505154646
TRAIN,fixed_97_to_99,270.0,,UP,0.97,1.0,settlement,0.2892783505154646
TRAIN,fixed_97_to_99,270.0,,UP,0.97,1.0,settlement,0.2892783505154646
TRAIN,fixed_97_to_99,270.0,,DOWN,0.97,1.0,settlement,0.2892783505154646
TRAIN,fixed_97_to_99,270.0,,DOWN,0.97,1.0,settlement,0.2892783505154646
TRAIN,fixed_97_to_99,270.0,,UP,0.97,0.0,settlement,-10.02
TRAIN,fixed_97_to_99,270.0,,UP,0.97,1.0,settlement,0.2892783505154646
TRAIN,fixed_97_to_99,270.0,,DOWN,0.97,1.0,settlement,0.2892783505154646
TRAIN,fixed_97_to_99,270.0,,UP,0.97,1.0,settlement,0.2892783505154646
TRAIN,fixed_97_to_99,270.0,,UP,0.97,1.0,settlement,0.2892783505154646
TRAIN,fixed_97_to_99,270.0,,UP,0.97,0.0,settlement,-10.02
TRAIN,fixed_97_to_99,270.0,,UP,0.97,1.0,settlement,0.2892783505154646
TRAIN,fixed_97_to_99,270.0,,DOWN,0.97,1.0,settlement,0.2892783505154646
TRAIN,fixed_97_to_99,270.0,,DOWN,0.97,1.0,settlement,0.2892783505154646
TRAIN,fixed_97_to_99,270.0,,DOWN,0.97,1.0,settlement,0.2892783505154646
TRAIN,fixed_97_to_99,270.0,,DOWN,0.97,1.0,settlement,0.2892783505154646
TRAIN,fixed_97_to_99,270.0,,DOWN,0.97,1.0,settlement,0.2892783505154646
TRAIN,fixed_97_to_99,270.0,,UP,0.97,1.0,settlement,0.2892783505154646
TRAIN,fixed_97_to_99,270.0,,UP,0.97,1.0,settlement,0.2892783505154646
TRAIN,fixed_97_to_99,270.0,,UP,0.97,1.0,settlement,0.2892783505154646
TRAIN,fixed_97_to_99,270.0,,DOWN,0.97,1.0,settlement,0.2892783505154646
TRAIN,fixed_97_to_99,270.0,,DOWN,0.97,1.0,settlement,0.2892783505154646
TRAIN,fixed_97_to_99,270.0,,UP,0.97,1.0,settlement,0.2892783505154646
TRAIN,fixed_97_to_99,270.0,,UP,0.97,1.0,settlement,0.2892783505154646
TRAIN,fixed_97_to_99,270.0,,UP,0.97,1.0,settlement,0.2892783505154646
TRAIN,fixed_97_to_99,270.0,,DOWN,0.97,1.0,settlement,0.2892783505154646
TRAIN,fixed_97_to_99,270.0,,UP,0.97,1.0,settlement,0.2892783505154646
TRAIN,fixed_97_to_99,270.0,,UP,0.97,0.0,settlement,-10.02
TRAIN,fixed_97_to_99,270.0,,UP,0.97,1.0,settlement,0.2892783505154646
TRAIN,fixed_97_to_99,270.0,,UP,0.97,1.0,settlement,0.2892783505154646
TRAIN,fixed_97_to_99,270.0,,UP,0.97,1.0,settlement,0.2892783505154646
TRAIN,fixed_97_to_99,270.0,,UP,0.97,1.0,settlement,0.2892783505154646
TRAIN,fixed_97_to_99,270.0,,UP,0.97,1.0,settlement,0.2892783505154646
TRAIN,fixed_97_to_99,270.0,,DOWN,0.97,1.0,settlement,0.2892783505154646
TRAIN,fixed_97_to_99,270.0,,DOWN,0.97,1.0,settlement,0.2892783505154646
TRAIN,fixed_97_to_99,270.0,,DOWN,0.97,1.0,settlement,0.2892783505154646
TRAIN,fixed_97_to_99,270.0,,UP,0.97,1.0,settlement,0.2892783505154646
TRAIN,fixed_97_to_99,270.0,,DOWN,0.97,0.0,settlement,-10.02
TRAIN,fixed_97_to_99,270.0,,UP,0.97,1.0,settlement,0.2892783505154646
TRAIN,fixed_97_to_99,270.0,,DOWN,0.97,1.0,settlement,0.2892783505154646
TRAIN,fixed_97_to_99,270.0,,UP,0.97,1.0,settlement,0.2892783505154646
TRAIN,fixed_97_to_99,270.0,,UP,0.97,1.0,settlement,0.2892783505154646
TRAIN,fixed_97_to_99,270.0,,DOWN,0.97,1.0,settlement,0.2892783505154646
TRAIN,fixed_97_to_99,270.0,,UP,0.97,1.0,settlement,0.2892783505154646
TRAIN,fixed_97_to_99,270.0,,DOWN,0.97,1.0,settlement,0.2892783505154646
TRAIN,fixed_97_to_99,270.0,,DOWN,0.97,1.0,settlement,0.2892783505154646
TRAIN,fixed_97_to_99,270.0,,DOWN,0.97,1.0,settlement,0.2892783505154646
TRAIN,fixed_97_to_99,270.0,,UP,0.97,1.0,settlement,0.2892783505154646
TRAIN,fixed_97_to_99,270.0,,DOWN,0.97,1.0,settlement,0.2892783505154646
TRAIN,fixed_97_to_99,270.0,,DOWN,0.97,1.0,settlement,0.2892783505154646
TRAIN,fixed_97_to_99,270.0,,DOWN,0.97,1.0,settlement,0.2892783505154646
TRAIN,fixed_97_to_99,270.0,,UP,0.97,1.0,settlement,0.2892783505154646
TRAIN,fixed_97_to_99,270.0,,DOWN,0.97,1.0,settlement,0.2892783505154646
TRAIN,fixed_97_to_99,270.0,,DOWN,0.97,1.0,settlement,0.2892783505154646
TRAIN,fixed_97_to_99,270.0,,DOWN,0.97,1.0,settlement,0.2892783505154646
TRAIN,fixed_97_to_99,270.0,,UP,0.97,1.0,settlement,0.2892783505154646
TRAIN,fixed_97_to_99,270.0,,DOWN,0.97,1.0,settlement,0.2892783505154646
TRAIN,fixed_97_to_99,270.0,,UP,0.97,1.0,settlement,0.2892783505154646
TRAIN,fixed_97_to_99,270.0,,DOWN,0.97,1.0,settlement,0.2892783505154646
TRAIN,fixed_97_to_99,270.0,,DOWN,0.97,0.0,settlement,-10.02
TRAIN,fixed_97_to_99,270.0,,UP,0.97,1.0,settlement,0.2892783505154646
TRAIN,fixed_97_to_99,270.0,,UP,0.97,1.0,settlement,0.2892783505154646
TRAIN,fixed_97_to_99,270.0,,UP,0.97,1.0,settlement,0.2892783505154646
TRAIN,fixed_97_to_99,270.0,,UP,0.97,1.0,settlement,0.2892783505154646
TRAIN,fixed_97_to_99,270.0,,DOWN,0.97,1.0,settlement,0.2892783505154646
TRAIN,fixed_97_to_99,270.0,,DOWN,0.97,1.0,settlement,0.2892783505154646
TRAIN,fixed_97_to_99,270.0,,DOWN,0.97,1.0,settlement,0.2892783505154646
TRAIN,fixed_97_to_99,270.0,,UP,0.97,1.0,settlement,0.2892783505154646
TRAIN,fixed_97_to_99,270.0,,UP,0.97,1.0,settlement,0.2892783505154646
TRAIN,fixed_97_to_99,270.0,,DOWN,0.97,1.0,settlement,0.2892783505154646
TRAIN,fixed_97_to_99,270.0,,UP,0.97,0.0,settlement,-10.02
TRAIN,fixed_97_to_99,270.0,,DOWN,0.97,1.0,settlement,0.2892783505154646
TRAIN,fixed_97_to_99,270.0,,UP,0.97,1.0,settlement,0.2892783505154646
TRAIN,fixed_97_to_99,270.0,,DOWN,0.97,1.0,settlement,0.2892783505154646
TRAIN,fixed_97_to_99,270.0,,DOWN,0.97,1.0,settlement,0.2892783505154646
TRAIN,fixed_97_to_99,270.0,,DOWN,0.97,1.0,settlement,0.2892783505154646
TRAIN,fixed_97_to_99,270.0,,DOWN,0.97,1.0,settlement,0.2892783505154646
TRAIN,fixed_97_to_99,270.0,,UP,0.97,1.0,settlement,0.2892783505154646
TRAIN,fixed_97_to_99,270.0,,UP,0.97,1.0,settlement,0.2892783505154646
TRAIN,fixed_97_to_99,270.0,,UP,0.97,1.0,settlement,0.2892783505154646
TRAIN,fixed_97_to_99,270.0,,DOWN,0.97,1.0,settlement,0.2892783505154646
TRAIN,fixed_97_to_99,270.0,,DOWN,0.97,0.0,settlement,-10.02
TRAIN,fixed_97_to_99,270.0,,UP,0.97,1.0,settlement,0.2892783505154646
TRAIN,fixed_97_to_99,270.0,,UP,0.97,1.0,settlement,0.2892783505154646
TRAIN,fixed_97_to_99,270.0,,DOWN,0.97,0.0,settlement,-10.02
TRAIN,fixed_97_to_99,270.0,,UP,0.97,1.0,settlement,0.2892783505154646
TRAIN,fixed_97_to_99,270.0,,UP,0.97,1.0,settlement,0.2892783505154646
TRAIN,fixed_97_to_99,270.0,,DOWN,0.97,1.0,settlement,0.2892783505154646
TRAIN,fixed_97_to_99,270.0,,DOWN,0.97,1.0,settlement,0.2892783505154646
TRAIN,fixed_97_to_99,270.0,,UP,0.97,1.0,settlement,0.2892783505154646
TRAIN,fixed_97_to_99,270.0,,DOWN,0.97,1.0,settlement,0.2892783505154646
TRAIN,fixed_97_to_99,270.0,,UP,0.97,1.0,settlement,0.2892783505154646
TRAIN,fixed_97_to_99,270.0,,DOWN,0.97,1.0,settlement,0.2892783505154646
TRAIN,fixed_97_to_99,270.0,,UP,0.97,1.0,settlement,0.2892783505154646
TRAIN,fixed_97_to_99,270.0,,UP,0.97,1.0,settlement,0.2892783505154646
TRAIN,fixed_97_to_99,270.0,,DOWN,0.97,1.0,settlement,0.2892783505154646
TRAIN,fixed_97_to_99,270.0,,DOWN,0.97,1.0,settlement,0.2892783505154646
TRAIN,fixed_97_to_99,270.0,,UP,0.97,0.0,settlement,-10.02
TRAIN,fixed_97_to_99,270.0,,DOWN,0.97,1.0,settlement,0.2892783505154646
TRAIN,fixed_97_to_99,270.0,,UP,0.97,1.0,settlement,0.2892783505154646
TRAIN,fixed_97_to_99,270.0,,DOWN,0.97,0.0,settlement,-10.02
TRAIN,fixed_97_to_99,270.0,,DOWN,0.97,1.0,settlement,0.2892783505154646
TRAIN,fixed_97_to_99,270.0,,DOWN,0.97,1.0,settlement,0.2892783505154646
TRAIN,fixed_97_to_99,270.0,,UP,0.97,1.0,settlement,0.2892783505154646
TRAIN,fixed_97_to_99,270.0,,UP,0.97,1.0,settlement,0.2892783505154646
TRAIN,fixed_97_to_99,270.0,,UP,0.97,1.0,settlement,0.2892783505154646
TRAIN,fixed_97_to_99,270.0,,UP,0.97,1.0,settlement,0.2892783505154646
TRAIN,fixed_97_to_99,270.0,,DOWN,0.97,1.0,settlement,0.2892783505154646
TRAIN,fixed_97_to_99,270.0,,UP,0.97,1.0,settlement,0.2892783505154646
TRAIN,fixed_97_to_99,270.0,,UP,0.97,1.0,settlement,0.2892783505154646
TRAIN,fixed_97_to_99,270.0,,DOWN,0.97,1.0,settlement,0.2892783505154646
TRAIN,fixed_97_to_99,270.0,,DOWN,0.97,1.0,settlement,0.2892783505154646
TRAIN,fixed_97_to_99,270.0,,UP,0.97,1.0,settlement,0.2892783505154646
TRAIN,fixed_97_to_99,270.0,,DOWN,0.97,1.0,settlement,0.2892783505154646
TRAIN,fixed_97_to_99,270.0,,UP,0.97,1.0,settlement,0.2892783505154646
TRAIN,fixed_97_to_99,270.0,,UP,0.97,1.0,settlement,0.2892783505154646
TRAIN,fixed_97_to_99,270.0,,UP,0.97,1.0,settlement,0.2892783505154646
TRAIN,fixed_97_to_99,270.0,,UP,0.97,1.0,settlement,0.2892783505154646
TRAIN,fixed_97_to_99,270.0,,UP,0.97,1.0,settlement,0.2892783505154646
TRAIN,fixed_97_to_99,270.0,,UP,0.97,1.0,settlement,0.2892783505154646
TRAIN,fixed_97_to_99,270.0,,UP,0.97,1.0,settlement,0.2892783505154646
TRAIN,fixed_97_to_99,270.0,,UP,0.97,1.0,settlement,0.2892783505154646
TRAIN,fixed_97_to_99,270.0,,UP,0.97,1.0,settlement,0.2892783505154646
TRAIN,fixed_97_to_99,270.0,,DOWN,0.97,1.0,settlement,0.2892783505154646
TRAIN,fixed_97_to_99,270.0,,DOWN,0.97,1.0,settlement,0.2892783505154646
TRAIN,fixed_97_to_99,270.0,,UP,0.97,1.0,settlement,0.2892783505154646
TRAIN,fixed_97_to_99,270.0,,DOWN,0.97,1.0,settlement,0.2892783505154646
TRAIN,fixed_97_to_99,270.0,,DOWN,0.97,1.0,settlement,0.2892783505154646
TRAIN,fixed_97_to_99,270.0,,DOWN,0.97,1.0,settlement,0.2892783505154646
TRAIN,fixed_97_to_99,270.0,,DOWN,0.97,1.0,settlement,0.2892783505154646
TRAIN,fixed_97_to_99,270.0,,DOWN,0.97,1.0,settlement,0.2892783505154646
TRAIN,fixed_97_to_99,270.0,,UP,0.97,1.0,settlement,0.2892783505154646
TRAIN,fixed_97_to_99,270.0,,UP,0.97,1.0,settlement,0.2892783505154646
TRAIN,fixed_97_to_99,270.0,,DOWN,0.97,1.0,settlement,0.2892783505154646
TRAIN,fixed_97_to_99,270.0,,DOWN,0.97,1.0,settlement,0.2892783505154646
TRAIN,fixed_97_to_99,270.0,,UP,0.97,1.0,settlement,0.2892783505154646
TRAIN,fixed_97_to_99,270.0,,UP,0.97,1.0,settlement,0.2892783505154646
TRAIN,fixed_97_to_99,270.0,,UP,0.97,1.0,settlement,0.2892783505154646
TRAIN,fixed_97_to_99,270.0,,UP,0.97,0.0,settlement,-10.02
TRAIN,fixed_97_to_99,270.0,,DOWN,0.97,1.0,settlement,0.2892783505154646
TRAIN,fixed_97_to_99,270.0,,DOWN,0.97,1.0,settlement,0.2892783505154646
TRAIN,fixed_97_to_99,270.0,,DOWN,0.97,1.0,settlement,0.2892783505154646
TRAIN,fixed_97_to_99,270.0,,DOWN,0.97,1.0,settlement,0.2892783505154646
TRAIN,fixed_97_to_99,270.0,,UP,0.97,1.0,settlement,0.2892783505154646
TRAIN,fixed_97_to_99,270.0,,DOWN,0.97,1.0,settlement,0.2892783505154646
TRAIN,fixed_97_to_99,270.0,,DOWN,0.97,1.0,settlement,0.2892783505154646
TRAIN,fixed_97_to_99,270.0,,UP,0.97,1.0,settlement,0.2892783505154646
TRAIN,fixed_97_to_99,270.0,,UP,0.97,1.0,settlement,0.2892783505154646
TRAIN,fixed_97_to_99,270.0,,UP,0.97,1.0,settlement,0.2892783505154646
TRAIN,fixed_97_to_99,270.0,,UP,0.97,1.0,settlement,0.2892783505154646
TRAIN,fixed_97_to_99,270.0,,DOWN,0.97,1.0,settlement,0.2892783505154646
TRAIN,fixed_97_to_99,270.0,,UP,0.97,1.0,settlement,0.2892783505154646
TRAIN,fixed_97_to_99,270.0,,DOWN,0.97,0.0,settlement,-10.02
TRAIN,fixed_97_to_99,270.0,,DOWN,0.97,1.0,settlement,0.2892783505154646
TRAIN,fixed_97_to_99,270.0,,DOWN,0.97,1.0,settlement,0.2892783505154646
TRAIN,fixed_97_to_99,270.0,,UP,0.97,1.0,settlement,0.2892783505154646
TRAIN,fixed_97_to_99,270.0,,UP,0.97,0.0,settlement,-10.02
TRAIN,fixed_97_to_99,270.0,,DOWN,0.97,1.0,settlement,0.2892783505154646
TRAIN,fixed_97_to_99,270.0,,UP,0.97,1.0,settlement,0.2892783505154646
TRAIN,fixed_97_to_99,270.0,,DOWN,0.97,1.0,settlement,0.2892783505154646
TRAIN,fixed_97_to_99,270.0,,UP,0.97,1.0,settlement,0.2892783505154646
TRAIN,fixed_97_to_99,270.0,,DOWN,0.97,1.0,settlement,0.2892783505154646
TRAIN,fixed_97_to_99,270.0,,DOWN,0.97,1.0,settlement,0.2892783505154646
TRAIN,fixed_97_to_99,270.0,,DOWN,0.97,1.0,settlement,0.2892783505154646
TRAIN,fixed_97_to_99,270.0,,DOWN,0.97,1.0,settlement,0.2892783505154646
TRAIN,fixed_97_to_99,270.0,,DOWN,0.97,1.0,settlement,0.2892783505154646
TRAIN,fixed_97_to_99,270.0,,DOWN,0.97,1.0,settlement,0.2892783505154646
TRAIN,fixed_97_to_99,270.0,,DOWN,0.97,1.0,settlement,0.2892783505154646
TRAIN,fixed_97_to_99,270.0,,UP,0.97,1.0,settlement,0.2892783505154646
TRAIN,fixed_97_to_99,270.0,,DOWN,0.97,1.0,settlement,0.2892783505154646
TRAIN,fixed_97_to_99,270.0,,DOWN,0.97,1.0,settlement,0.2892783505154646
TRAIN,fixed_97_to_99,270.0,,UP,0.97,1.0,settlement,0.2892783505154646
TRAIN,fixed_97_to_99,270.0,,UP,0.97,1.0,settlement,0.2892783505154646
TRAIN,fixed_97_to_99,270.0,,UP,0.97,1.0,settlement,0.2892783505154646
TRAIN,fixed_97_to_99,270.0,,DOWN,0.97,1.0,settlement,0.2892783505154646
TRAIN,fixed_97_to_99,270.0,,DOWN,0.97,1.0,settlement,0.2892783505154646
TRAIN,fixed_97_to_99,270.0,,DOWN,0.97,1.0,settlement,0.2892783505154646
TRAIN,fixed_97_to_99,270.0,,UP,0.97,0.0,settlement,-10.02
TRAIN,fixed_97_to_99,270.0,,DOWN,0.97,1.0,settlement,0.2892783505154646
TRAIN,fixed_97_to_99,270.0,,DOWN,0.97,1.0,settlement,0.2892783505154646
TRAIN,fixed_97_to_99,270.0,,UP,0.97,1.0,settlement,0.2892783505154646
TRAIN,fixed_97_to_99,270.0,,UP,0.97,1.0,settlement,0.2892783505154646
TRAIN,fixed_97_to_99,270.0,,DOWN,0.97,1.0,settlement,0.2892783505154646
TRAIN,fixed_97_to_99,270.0,,UP,0.97,0.0,settlement,-10.02
TRAIN,fixed_97_to_99,270.0,,DOWN,0.97,1.0,settlement,0.2892783505154646
TRAIN,fixed_97_to_99,270.0,,UP,0.97,1.0,settlement,0.2892783505154646
TRAIN,fixed_97_to_99,270.0,,UP,0.97,1.0,settlement,0.2892783505154646
TRAIN,fixed_97_to_99,270.0,,DOWN,0.97,1.0,settlement,0.2892783505154646
TRAIN,fixed_97_to_99,270.0,,DOWN,0.97,1.0,settlement,0.2892783505154646
TRAIN,fixed_97_to_99,270.0,,DOWN,0.97,1.0,settlement,0.2892783505154646
TRAIN,fixed_97_to_99,270.0,,UP,0.97,1.0,settlement,0.2892783505154646
TRAIN,fixed_97_to_99,270.0,,UP,0.97,0.0,settlement,-10.02
TRAIN,fixed_97_to_99,270.0,,UP,0.97,1.0,settlement,0.2892783505154646
TRAIN,fixed_97_to_99,270.0,,UP,0.97,1.0,settlement,0.2892783505154646
TRAIN,fixed_97_to_99,270.0,,DOWN,0.97,1.0,settlement,0.2892783505154646
TRAIN,fixed_97_to_99,270.0,,UP,0.97,1.0,settlement,0.2892783505154646
TRAIN,fixed_97_to_99,270.0,,UP,0.97,1.0,settlement,0.2892783505154646
TRAIN,fixed_97_to_99,270.0,,DOWN,0.97,1.0,settlement,0.2892783505154646
TRAIN,fixed_97_to_99,270.0,,DOWN,0.97,0.0,settlement,-10.02
TRAIN,fixed_97_to_99,270.0,,UP,0.97,1.0,settlement,0.2892783505154646
TRAIN,fixed_97_to_99,270.0,,DOWN,0.97,1.0,settlement,0.2892783505154646
TRAIN,fixed_97_to_99,270.0,,UP,0.97,1.0,settlement,0.2892783505154646
TRAIN,fixed_97_to_99,270.0,,DOWN,0.97,1.0,settlement,0.2892783505154646
TRAIN,fixed_97_to_99,270.0,,UP,0.97,1.0,settlement,0.2892783505154646
TRAIN,fixed_97_to_99,270.0,,UP,0.97,1.0,settlement,0.2892783505154646
TRAIN,fixed_97_to_99,270.0,,UP,0.97,1.0,settlement,0.2892783505154646
TRAIN,fixed_97_to_99,270.0,,UP,0.97,1.0,settlement,0.2892783505154646
TRAIN,fixed_97_to_99,270.0,,UP,0.97,1.0,settlement,0.2892783505154646
TRAIN,fixed_97_to_99,270.0,,DOWN,0.97,1.0,settlement,0.2892783505154646
TRAIN,fixed_97_to_99,270.0,,DOWN,0.97,1.0,settlement,0.2892783505154646
TRAIN,fixed_97_to_99,270.0,,UP,0.97,0.0,settlement,-10.02
TRAIN,fixed_97_to_99,270.0,,UP,0.97,1.0,settlement,0.2892783505154646
TRAIN,fixed_97_to_99,270.0,,UP,0.97,0.0,settlement,-10.02
TRAIN,fixed_97_to_99,270.0,,UP,0.97,1.0,settlement,0.2892783505154646
TRAIN,fixed_97_to_99,270.0,,UP,0.97,1.0,settlement,0.2892783505154646
TRAIN,fixed_97_to_99,270.0,,DOWN,0.97,1.0,settlement,0.2892783505154646
TRAIN,fixed_97_to_99,270.0,,DOWN,0.97,1.0,settlement,0.2892783505154646
TRAIN,fixed_97_to_99,270.0,,DOWN,0.97,1.0,settlement,0.2892783505154646
TRAIN,fixed_97_to_99,270.0,,UP,0.97,1.0,settlement,0.2892783505154646
TRAIN,fixed_97_to_99,270.0,,UP,0.97,0.0,settlement,-10.02
TRAIN,fixed_97_to_99,270.0,,DOWN,0.97,1.0,settlement,0.2892783505154646
TRAIN,fixed_97_to_99,270.0,,DOWN,0.97,0.0,settlement,-10.02
TRAIN,fixed_97_to_99,270.0,,DOWN,0.97,1.0,settlement,0.2892783505154646
TRAIN,fixed_97_to_99,270.0,,DOWN,0.97,1.0,settlement,0.2892783505154646
TRAIN,fixed_97_to_99,270.0,,UP,0.97,1.0,settlement,0.2892783505154646
TRAIN,fixed_97_to_99,270.0,,UP,0.97,1.0,settlement,0.2892783505154646
TRAIN,fixed_97_to_99,270.0,,DOWN,0.97,1.0,settlement,0.2892783505154646
TRAIN,fixed_97_to_99,270.0,,DOWN,0.97,1.0,settlement,0.2892783505154646
TRAIN,fixed_97_to_99,270.0,,UP,0.97,1.0,settlement,0.2892783505154646
TRAIN,fixed_97_to_99,270.0,,UP,0.97,1.0,settlement,0.2892783505154646
TRAIN,fixed_97_to_99,270.0,,UP,0.97,1.0,settlement,0.2892783505154646
TRAIN,fixed_97_to_99,270.0,,UP,0.97,1.0,settlement,0.2892783505154646
TRAIN,fixed_97_to_99,270.0,,DOWN,0.97,1.0,settlement,0.2892783505154646
TRAIN,fixed_97_to_99,270.0,,UP,0.97,1.0,settlement,0.2892783505154646
TRAIN,fixed_97_to_99,270.0,,UP,0.97,0.0,settlement,-10.02
TRAIN,fixed_97_to_99,270.0,,UP,0.97,1.0,settlement,0.2892783505154646
TRAIN,fixed_97_to_99,270.0,,DOWN,0.97,1.0,settlement,0.2892783505154646
TRAIN,fixed_97_to_99,270.0,,DOWN,0.97,1.0,settlement,0.2892783505154646
TRAIN,fixed_97_to_99,270.0,,UP,0.97,1.0,settlement,0.2892783505154646
TRAIN,fixed_97_to_99,270.0,,UP,0.97,1.0,settlement,0.2892783505154646
TRAIN,fixed_97_to_99,270.0,,UP,0.97,1.0,settlement,0.2892783505154646
TRAIN,fixed_97_to_99,270.0,,UP,0.97,1.0,settlement,0.2892783505154646
TRAIN,fixed_97_to_99,270.0,,DOWN,0.97,0.0,settlement,-10.02
TRAIN,fixed_97_to_99,270.0,,DOWN,0.97,1.0,settlement,0.2892783505154646
TRAIN,fixed_97_to_99,270.0,,DOWN,0.97,1.0,settlement,0.2892783505154646
TRAIN,fixed_97_to_99,270.0,,UP,0.97,1.0,settlement,0.2892783505154646
TRAIN,fixed_97_to_99,270.0,,DOWN,0.97,1.0,settlement,0.2892783505154646
TRAIN,fixed_97_to_99,270.0,,DOWN,0.97,1.0,settlement,0.2892783505154646
TRAIN,fixed_97_to_99,270.0,,UP,0.97,1.0,settlement,0.2892783505154646
TRAIN,fixed_97_to_99,270.0,,UP,0.97,0.0,settlement,-10.02
TRAIN,fixed_97_to_99,270.0,,UP,0.97,1.0,settlement,0.2892783505154646
TRAIN,fixed_97_to_99,270.0,,DOWN,0.97,1.0,settlement,0.2892783505154646
TRAIN,fixed_97_to_99,270.0,,DOWN,0.97,1.0,settlement,0.2892783505154646
TRAIN,fixed_97_to_99,270.0,,DOWN,0.97,1.0,settlement,0.2892783505154646
TRAIN,fixed_97_to_99,270.0,,UP,0.97,1.0,settlement,0.2892783505154646
TRAIN,fixed_97_to_99,270.0,,DOWN,0.97,1.0,settlement,0.2892783505154646
TRAIN,fixed_97_to_99,270.0,,UP,0.97,1.0,settlement,0.2892783505154646
TRAIN,fixed_97_to_99,270.0,,DOWN,0.97,1.0,settlement,0.2892783505154646
TRAIN,fixed_97_to_99,270.0,,DOWN,0.97,1.0,settlement,0.2892783505154646
TRAIN,fixed_97_to_99,270.0,,UP,0.97,1.0,settlement,0.2892783505154646
TRAIN,fixed_97_to_99,270.0,,UP,0.97,0.0,settlement,-10.02
TRAIN,fixed_97_to_99,270.0,,DOWN,0.97,1.0,settlement,0.2892783505154646
TRAIN,fixed_97_to_99,270.0,,DOWN,0.97,1.0,settlement,0.2892783505154646
TRAIN,fixed_97_to_99,270.0,,DOWN,0.97,1.0,settlement,0.2892783505154646
TRAIN,fixed_97_to_99,270.0,,UP,0.97,0.0,settlement,-10.02
TRAIN,fixed_97_to_99,270.0,,DOWN,0.97,1.0,settlement,0.2892783505154646
TRAIN,fixed_97_to_99,270.0,,DOWN,0.97,1.0,settlement,0.2892783505154646
TRAIN,fixed_97_to_99,270.0,,UP,0.97,1.0,settlement,0.2892783505154646
TRAIN,fixed_97_to_99,270.0,,DOWN,0.97,1.0,settlement,0.2892783505154646
TRAIN,fixed_97_to_99,270.0,,DOWN,0.97,1.0,settlement,0.2892783505154646
TRAIN,fixed_97_to_99,270.0,,DOWN,0.97,1.0,settlement,0.2892783505154646
TRAIN,fixed_97_to_99,270.0,,UP,0.97,1.0,settlement,0.2892783505154646
TRAIN,fixed_97_to_99,270.0,,UP,0.97,1.0,settlement,0.2892783505154646
TRAIN,fixed_97_to_99,270.0,,UP,0.97,1.0,settlement,0.2892783505154646
TRAIN,fixed_97_to_99,270.0,,UP,0.97,1.0,settlement,0.2892783505154646
TRAIN,fixed_97_to_99,270.0,,DOWN,0.97,1.0,settlement,0.2892783505154646
TRAIN,fixed_97_to_99,270.0,,DOWN,0.97,0.0,settlement,-10.02
TRAIN,fixed_97_to_99,270.0,,UP,0.97,1.0,settlement,0.2892783505154646
TRAIN,fixed_97_to_99,270.0,,DOWN,0.97,1.0,settlement,0.2892783505154646
TRAIN,fixed_97_to_99,270.0,,DOWN,0.97,1.0,settlement,0.2892783505154646
TRAIN,fixed_97_to_99,270.0,,UP,0.97,1.0,settlement,0.2892783505154646
TRAIN,fixed_97_to_99,270.0,,DOWN,0.97,1.0,settlement,0.2892783505154646
TRAIN,fixed_97_to_99,270.0,,UP,0.97,1.0,settlement,0.2892783505154646
TRAIN,fixed_97_to_99,270.0,,UP,0.97,1.0,settlement,0.2892783505154646
TRAIN,fixed_97_to_99,270.0,,UP,0.97,1.0,settlement,0.2892783505154646
TRAIN,fixed_97_to_99,270.0,,DOWN,0.97,1.0,settlement,0.2892783505154646
TRAIN,fixed_97_to_99,270.0,,DOWN,0.97,1.0,settlement,0.2892783505154646
TRAIN,fixed_97_to_99,270.0,,UP,0.97,1.0,settlement,0.2892783505154646
TRAIN,fixed_97_to_99,270.0,,DOWN,0.97,1.0,settlement,0.2892783505154646
TRAIN,fixed_97_to_99,270.0,,DOWN,0.97,1.0,settlement,0.2892783505154646
TRAIN,fixed_97_to_99,270.0,,UP,0.97,1.0,settlement,0.2892783505154646
TRAIN,fixed_97_to_99,270.0,,DOWN,0.97,1.0,settlement,0.2892783505154646
TRAIN,fixed_97_to_99,270.0,,DOWN,0.97,1.0,settlement,0.2892783505154646
TRAIN,fixed_97_to_99,270.0,,DOWN,0.97,1.0,settlement,0.2892783505154646
TRAIN,fixed_97_to_99,270.0,,DOWN,0.97,1.0,settlement,0.2892783505154646
TRAIN,fixed_97_to_99,270.0,,DOWN,0.97,1.0,settlement,0.2892783505154646
TRAIN,fixed_97_to_99,270.0,,UP,0.97,1.0,settlement,0.2892783505154646
TRAIN,fixed_97_to_99,270.0,,UP,0.97,1.0,settlement,0.2892783505154646
TRAIN,fixed_97_to_99,270.0,,DOWN,0.97,0.0,settlement,-10.02
TRAIN,fixed_97_to_99,270.0,,DOWN,0.97,1.0,settlement,0.2892783505154646
TRAIN,fixed_97_to_99,270.0,,DOWN,0.97,1.0,settlement,0.2892783505154646
TRAIN,fixed_97_to_99,270.0,,DOWN,0.97,1.0,settlement,0.2892783505154646
TRAIN,fixed_97_to_99,270.0,,UP,0.97,1.0,settlement,0.2892783505154646
TRAIN,fixed_97_to_99,270.0,,DOWN,0.97,1.0,settlement,0.2892783505154646
TRAIN,fixed_97_to_99,270.0,,UP,0.97,1.0,settlement,0.2892783505154646
TRAIN,fixed_97_to_99,270.0,,DOWN,0.97,1.0,settlement,0.2892783505154646
TRAIN,fixed_97_to_99,270.0,,UP,0.97,1.0,settlement,0.2892783505154646
TRAIN,fixed_97_to_99,270.0,,DOWN,0.97,1.0,settlement,0.2892783505154646
TRAIN,fixed_97_to_99,270.0,,UP,0.97,1.0,settlement,0.2892783505154646
TRAIN,fixed_97_to_99,270.0,,UP,0.97,1.0,settlement,0.2892783505154646
TRAIN,fixed_97_to_99,270.0,,UP,0.97,1.0,settlement,0.2892783505154646
TRAIN,fixed_97_to_99,270.0,,UP,0.97,0.0,settlement,-10.02
TRAIN,fixed_97_to_99,270.0,,UP,0.97,1.0,settlement,0.2892783505154646
TRAIN,fixed_97_to_99,270.0,,UP,0.97,1.0,settlement,0.2892783505154646
TRAIN,fixed_97_to_99,270.0,,UP,0.97,1.0,settlement,0.2892783505154646
TRAIN,fixed_97_to_99,270.0,,UP,0.97,1.0,settlement,0.2892783505154646
TRAIN,fixed_97_to_99,270.0,,UP,0.97,1.0,settlement,0.2892783505154646
TRAIN,fixed_97_to_99,270.0,,DOWN,0.97,1.0,settlement,0.2892783505154646
TRAIN,fixed_97_to_99,270.0,,UP,0.97,1.0,settlement,0.2892783505154646
TRAIN,fixed_97_to_99,270.0,,UP,0.97,0.0,settlement,-10.02
TRAIN,fixed_97_to_99,270.0,,DOWN,0.97,1.0,settlement,0.2892783505154646
TRAIN,fixed_97_to_99,270.0,,UP,0.97,1.0,settlement,0.2892783505154646
TRAIN,fixed_97_to_99,270.0,,DOWN,0.97,0.0,settlement,-10.02
TRAIN,fixed_97_to_99,270.0,,DOWN,0.97,1.0,settlement,0.2892783505154646
TRAIN,fixed_97_to_99,270.0,,UP,0.97,1.0,settlement,0.2892783505154646
TRAIN,fixed_97_to_99,270.0,,DOWN,0.97,1.0,settlement,0.2892783505154646
TRAIN,fixed_97_to_99,270.0,,DOWN,0.97,1.0,settlement,0.2892783505154646
TRAIN,fixed_97_to_99,270.0,,UP,0.97,1.0,settlement,0.2892783505154646
TRAIN,fixed_97_to_99,270.0,,DOWN,0.97,0.0,settlement,-10.02
TRAIN,fixed_97_to_99,270.0,,UP,0.97,1.0,settlement,0.2892783505154646
TRAIN,fixed_97_to_99,270.0,,UP,0.97,1.0,settlement,0.2892783505154646
TRAIN,fixed_97_to_99,270.0,,UP,0.97,1.0,settlement,0.2892783505154646
TRAIN,fixed_97_to_99,270.0,,DOWN,0.97,1.0,settlement,0.2892783505154646
TRAIN,fixed_97_to_99,270.0,,UP,0.97,1.0,settlement,0.2892783505154646
TRAIN,fixed_97_to_99,270.0,,DOWN,0.97,1.0,settlement,0.2892783505154646
TRAIN,fixed_97_to_99,270.0,,DOWN,0.97,1.0,settlement,0.2892783505154646
TRAIN,fixed_97_to_99,270.0,,DOWN,0.97,1.0,settlement,0.2892783505154646
TRAIN,fixed_97_to_99,270.0,,DOWN,0.97,1.0,settlement,0.2892783505154646
TRAIN,fixed_97_to_99,270.0,,DOWN,0.97,1.0,settlement,0.2892783505154646
TRAIN,fixed_97_to_99,270.0,,UP,0.97,1.0,settlement,0.2892783505154646
TRAIN,fixed_97_to_99,270.0,,DOWN,0.97,1.0,settlement,0.2892783505154646
TRAIN,fixed_97_to_99,270.0,,UP,0.97,1.0,settlement,0.2892783505154646
TRAIN,fixed_97_to_99,270.0,,DOWN,0.97,1.0,settlement,0.2892783505154646
TRAIN,fixed_97_to_99,270.0,,DOWN,0.97,1.0,settlement,0.2892783505154646
TRAIN,fixed_97_to_99,270.0,,DOWN,0.97,1.0,settlement,0.2892783505154646
TRAIN,fixed_97_to_99,270.0,,UP,0.97,1.0,settlement,0.2892783505154646
TRAIN,fixed_97_to_99,270.0,,UP,0.97,1.0,settlement,0.2892783505154646
TRAIN,fixed_97_to_99,270.0,,DOWN,0.97,1.0,settlement,0.2892783505154646
TRAIN,fixed_97_to_99,270.0,,UP,0.97,1.0,settlement,0.2892783505154646
TRAIN,fixed_97_to_99,270.0,,UP,0.97,1.0,settlement,0.2892783505154646
TRAIN,fixed_97_to_99,270.0,,DOWN,0.97,1.0,settlement,0.2892783505154646
TRAIN,fixed_97_to_99,270.0,,DOWN,0.97,1.0,settlement,0.2892783505154646
TRAIN,fixed_97_to_99,270.0,,UP,0.97,1.0,settlement,0.2892783505154646
TRAIN,fixed_97_to_99,270.0,,UP,0.97,1.0,settlement,0.2892783505154646
TRAIN,fixed_97_to_99,270.0,,UP,0.97,1.0,settlement,0.2892783505154646
TRAIN,fixed_97_to_99,270.0,,DOWN,0.97,1.0,settlement,0.2892783505154646
TRAIN,fixed_97_to_99,270.0,,UP,0.97,1.0,settlement,0.2892783505154646
TRAIN,fixed_97_to_99,270.0,,DOWN,0.97,1.0,settlement,0.2892783505154646
TRAIN,fixed_97_to_99,270.0,,UP,0.97,1.0,settlement,0.2892783505154646
TRAIN,fixed_97_to_99,270.0,,UP,0.97,1.0,settlement,0.2892783505154646
TRAIN,fixed_97_to_99,270.0,,DOWN,0.97,1.0,settlement,0.2892783505154646
TRAIN,fixed_97_to_99,270.0,,DOWN,0.97,1.0,settlement,0.2892783505154646
TRAIN,fixed_97_to_99,270.0,,DOWN,0.97,1.0,settlement,0.2892783505154646
TRAIN,fixed_97_to_99,270.0,,UP,0.97,1.0,settlement,0.2892783505154646
TRAIN,fixed_97_to_99,270.0,,UP,0.97,0.0,settlement,-10.02
TRAIN,fixed_97_to_99,270.0,,DOWN,0.97,1.0,settlement,0.2892783505154646
TRAIN,fixed_97_to_99,270.0,,DOWN,0.97,1.0,settlement,0.2892783505154646
TRAIN,fixed_97_to_99,270.0,,UP,0.97,1.0,settlement,0.2892783505154646
TRAIN,fixed_97_to_99,270.0,,UP,0.97,1.0,settlement,0.2892783505154646
TRAIN,fixed_97_to_99,270.0,,DOWN,0.97,1.0,settlement,0.2892783505154646
TRAIN,fixed_97_to_99,270.0,,UP,0.97,0.0,settlement,-10.02
TRAIN,fixed_97_to_99,270.0,,DOWN,0.97,1.0,settlement,0.2892783505154646
TRAIN,fixed_97_to_99,270.0,,UP,0.97,1.0,settlement,0.2892783505154646
TRAIN,fixed_97_to_99,270.0,,UP,0.97,1.0,settlement,0.2892783505154646
TRAIN,fixed_97_to_99,270.0,,DOWN,0.97,1.0,settlement,0.2892783505154646
TRAIN,fixed_97_to_99,270.0,,DOWN,0.97,0.0,settlement,-10.02
TRAIN,fixed_97_to_99,270.0,,UP,0.97,1.0,settlement,0.2892783505154646
TRAIN,fixed_97_to_99,270.0,,DOWN,0.97,1.0,settlement,0.2892783505154646
TRAIN,fixed_97_to_99,270.0,,UP,0.97,1.0,settlement,0.2892783505154646
TRAIN,fixed_97_to_99,270.0,,UP,0.97,1.0,settlement,0.2892783505154646
TRAIN,fixed_97_to_99,270.0,,DOWN,0.97,1.0,settlement,0.2892783505154646
TRAIN,fixed_97_to_99,270.0,,UP,0.97,1.0,settlement,0.2892783505154646
TRAIN,fixed_97_to_99,270.0,,UP,0.97,1.0,settlement,0.2892783505154646
TRAIN,fixed_97_to_99,270.0,,UP,0.97,1.0,settlement,0.2892783505154646
TRAIN,fixed_97_to_99,270.0,,UP,0.97,1.0,settlement,0.2892783505154646
TRAIN,fixed_97_to_99,270.0,,UP,0.97,1.0,settlement,0.2892783505154646
TRAIN,fixed_97_to_99,270.0,,UP,0.97,1.0,settlement,0.2892783505154646
TRAIN,fixed_97_to_99,270.0,,UP,0.97,1.0,settlement,0.2892783505154646
TRAIN,fixed_97_to_99,270.0,,DOWN,0.97,1.0,settlement,0.2892783505154646
TRAIN,fixed_97_to_99,270.0,,DOWN,0.97,1.0,settlement,0.2892783505154646
TRAIN,fixed_97_to_99,270.0,,DOWN,0.97,1.0,settlement,0.2892783505154646
TRAIN,fixed_97_to_99,270.0,,UP,0.97,1.0,settlement,0.2892783505154646
TRAIN,fixed_97_to_99,270.0,,UP,0.97,1.0,settlement,0.2892783505154646
TRAIN,fixed_97_to_99,270.0,,UP,0.97,1.0,settlement,0.2892783505154646
TRAIN,fixed_97_to_99,270.0,,UP,0.97,0.0,settlement,-10.02
TRAIN,fixed_97_to_99,270.0,,UP,0.97,1.0,settlement,0.2892783505154646
TRAIN,fixed_97_to_99,270.0,,UP,0.97,1.0,settlement,0.2892783505154646
TRAIN,fixed_97_to_99,270.0,,UP,0.97,1.0,settlement,0.2892783505154646
TRAIN,fixed_97_to_99,270.0,,UP,0.97,1.0,settlement,0.2892783505154646
TRAIN,fixed_97_to_99,270.0,,UP,0.97,0.0,settlement,-10.02
TRAIN,fixed_97_to_99,270.0,,DOWN,0.97,1.0,settlement,0.2892783505154646
TRAIN,fixed_97_to_99,270.0,,DOWN,0.97,1.0,settlement,0.2892783505154646
TRAIN,fixed_97_to_99,270.0,,UP,0.97,1.0,settlement,0.2892783505154646
TRAIN,fixed_97_to_99,270.0,,DOWN,0.97,1.0,settlement,0.2892783505154646
TRAIN,fixed_97_to_99,270.0,,DOWN,0.97,1.0,settlement,0.2892783505154646
TRAIN,fixed_97_to_99,270.0,,DOWN,0.97,1.0,settlement,0.2892783505154646
TRAIN,fixed_97_to_99,270.0,,DOWN,0.97,1.0,settlement,0.2892783505154646
TRAIN,fixed_97_to_99,270.0,,UP,0.97,1.0,settlement,0.2892783505154646
TRAIN,fixed_97_to_99,270.0,,UP,0.97,1.0,settlement,0.2892783505154646
TRAIN,fixed_97_to_99,270.0,,UP,0.97,1.0,settlement,0.2892783505154646
TRAIN,fixed_97_to_99,270.0,,UP,0.97,1.0,settlement,0.2892783505154646
TRAIN,fixed_97_to_99,270.0,,UP,0.97,1.0,settlement,0.2892783505154646
TRAIN,fixed_97_to_99,270.0,,DOWN,0.97,1.0,settlement,0.2892783505154646
TRAIN,fixed_97_to_99,270.0,,UP,0.97,1.0,settlement,0.2892783505154646
TRAIN,fixed_97_to_99,270.0,,DOWN,0.97,1.0,settlement,0.2892783505154646
TRAIN,fixed_97_to_99,270.0,,DOWN,0.97,1.0,settlement,0.2892783505154646
TRAIN,fixed_97_to_99,270.0,,DOWN,0.97,1.0,settlement,0.2892783505154646
TRAIN,fixed_97_to_99,270.0,,UP,0.97,1.0,settlement,0.2892783505154646
TRAIN,fixed_97_to_99,270.0,,UP,0.97,1.0,settlement,0.2892783505154646
TRAIN,fixed_97_to_99,270.0,,DOWN,0.97,1.0,settlement,0.2892783505154646
TRAIN,fixed_97_to_99,270.0,,UP,0.97,0.0,settlement,-10.02
TRAIN,fixed_97_to_99,270.0,,UP,0.97,1.0,settlement,0.2892783505154646
TRAIN,fixed_97_to_99,270.0,,DOWN,0.97,1.0,settlement,0.2892783505154646
TRAIN,fixed_97_to_99,270.0,,DOWN,0.97,1.0,settlement,0.2892783505154646
TRAIN,fixed_97_to_99,270.0,,UP,0.97,1.0,settlement,0.2892783505154646
TRAIN,fixed_97_to_99,270.0,,DOWN,0.97,1.0,settlement,0.2892783505154646
TRAIN,fixed_97_to_99,270.0,,DOWN,0.97,1.0,settlement,0.2892783505154646
TRAIN,fixed_97_to_99,270.0,,DOWN,0.97,1.0,settlement,0.2892783505154646
TRAIN,fixed_97_to_99,270.0,,DOWN,0.97,1.0,settlement,0.2892783505154646
TRAIN,fixed_97_to_99,270.0,,UP,0.97,1.0,settlement,0.2892783505154646
TRAIN,fixed_97_to_99,270.0,,DOWN,0.97,0.0,settlement,-10.02
TRAIN,fixed_97_to_99,270.0,,DOWN,0.97,1.0,settlement,0.2892783505154646
TRAIN,fixed_97_to_99,270.0,,UP,0.97,1.0,settlement,0.2892783505154646
TRAIN,fixed_97_to_99,270.0,,UP,0.97,1.0,settlement,0.2892783505154646
TRAIN,fixed_97_to_99,270.0,,DOWN,0.97,1.0,settlement,0.2892783505154646
TRAIN,fixed_97_to_99,270.0,,DOWN,0.97,1.0,settlement,0.2892783505154646
TRAIN,fixed_97_to_99,270.0,,UP,0.97,1.0,settlement,0.2892783505154646
TRAIN,fixed_97_to_99,270.0,,UP,0.97,1.0,settlement,0.2892783505154646
TRAIN,fixed_97_to_99,270.0,,DOWN,0.97,1.0,settlement,0.2892783505154646
TRAIN,fixed_97_to_99,270.0,,DOWN,0.97,1.0,settlement,0.2892783505154646
TRAIN,fixed_97_to_99,270.0,,UP,0.97,1.0,settlement,0.2892783505154646
TRAIN,fixed_97_to_99,270.0,,DOWN,0.97,1.0,settlement,0.2892783505154646
TRAIN,fixed_97_to_99,270.0,,UP,0.97,1.0,settlement,0.2892783505154646
TRAIN,fixed_97_to_99,270.0,,UP,0.97,1.0,settlement,0.2892783505154646
TRAIN,fixed_97_to_99,270.0,,DOWN,0.97,1.0,settlement,0.2892783505154646
TRAIN,fixed_97_to_99,270.0,,DOWN,0.97,1.0,settlement,0.2892783505154646
TRAIN,fixed_97_to_99,270.0,,DOWN,0.97,1.0,settlement,0.2892783505154646
TRAIN,fixed_97_to_99,270.0,,UP,0.97,1.0,settlement,0.2892783505154646
TRAIN,fixed_97_to_99,270.0,,DOWN,0.97,1.0,settlement,0.2892783505154646
TRAIN,fixed_97_to_99,270.0,,DOWN,0.97,1.0,settlement,0.2892783505154646
TRAIN,fixed_97_to_99,270.0,,DOWN,0.97,1.0,settlement,0.2892783505154646
TRAIN,fixed_97_to_99,270.0,,UP,0.97,1.0,settlement,0.2892783505154646
TRAIN,fixed_97_to_99,270.0,,DOWN,0.97,1.0,settlement,0.2892783505154646
TRAIN,fixed_97_to_99,270.0,,UP,0.97,1.0,settlement,0.2892783505154646
TRAIN,fixed_97_to_99,270.0,,UP,0.97,1.0,settlement,0.2892783505154646
TRAIN,fixed_97_to_99,270.0,,DOWN,0.97,1.0,settlement,0.2892783505154646
TRAIN,fixed_97_to_99,270.0,,DOWN,0.97,1.0,settlement,0.2892783505154646
TRAIN,fixed_97_to_99,270.0,,DOWN,0.97,1.0,settlement,0.2892783505154646
TRAIN,fixed_97_to_99,270.0,,UP,0.97,1.0,settlement,0.2892783505154646
TRAIN,fixed_97_to_99,270.0,,UP,0.97,0.0,settlement,-10.02
TRAIN,fixed_97_to_99,270.0,,DOWN,0.97,1.0,settlement,0.2892783505154646
TRAIN,fixed_97_to_99,270.0,,UP,0.97,1.0,settlement,0.2892783505154646
TRAIN,fixed_97_to_99,270.0,,DOWN,0.97,1.0,settlement,0.2892783505154646
TRAIN,fixed_97_to_99,270.0,,UP,0.97,1.0,settlement,0.2892783505154646
TRAIN,fixed_97_to_99,270.0,,DOWN,0.97,1.0,settlement,0.2892783505154646
TRAIN,fixed_97_to_99,270.0,,UP,0.97,1.0,settlement,0.2892783505154646
TRAIN,fixed_97_to_99,270.0,,UP,0.97,0.0,settlement,-10.02
TRAIN,fixed_97_to_99,270.0,,UP,0.97,1.0,settlement,0.2892783505154646
TRAIN,fixed_97_to_99,270.0,,DOWN,0.97,1.0,settlement,0.2892783505154646
TRAIN,fixed_97_to_99,270.0,,DOWN,0.97,1.0,settlement,0.2892783505154646
TRAIN,fixed_97_to_99,270.0,,DOWN,0.97,1.0,settlement,0.2892783505154646
TRAIN,fixed_97_to_99,270.0,,UP,0.97,1.0,settlement,0.2892783505154646
TRAIN,fixed_97_to_99,270.0,,UP,0.97,1.0,settlement,0.2892783505154646
TRAIN,fixed_97_to_99,270.0,,DOWN,0.97,1.0,settlement,0.2892783505154646
TRAIN,fixed_97_to_99,270.0,,UP,0.97,1.0,settlement,0.2892783505154646
TRAIN,fixed_97_to_99,270.0,,DOWN,0.97,1.0,settlement,0.2892783505154646
TRAIN,fixed_97_to_99,270.0,,UP,0.97,1.0,settlement,0.2892783505154646
TRAIN,fixed_97_to_99,270.0,,DOWN,0.97,1.0,settlement,0.2892783505154646
TRAIN,fixed_97_to_99,270.0,,UP,0.97,1.0,settlement,0.2892783505154646
TRAIN,fixed_97_to_99,270.0,,UP,0.97,1.0,settlement,0.2892783505154646
TRAIN,fixed_97_to_99,270.0,,DOWN,0.97,1.0,settlement,0.2892783505154646
TRAIN,fixed_97_to_99,270.0,,DOWN,0.97,1.0,settlement,0.2892783505154646
TRAIN,fixed_97_to_99,270.0,,UP,0.97,1.0,settlement,0.2892783505154646
TRAIN,fixed_97_to_99,270.0,,UP,0.97,1.0,settlement,0.2892783505154646
TRAIN,fixed_97_to_99,270.0,,DOWN,0.97,1.0,settlement,0.2892783505154646
TRAIN,fixed_97_to_99,270.0,,UP,0.97,1.0,settlement,0.2892783505154646
TRAIN,fixed_97_to_99,270.0,,UP,0.97,1.0,settlement,0.2892783505154646
TRAIN,fixed_97_to_99,270.0,,UP,0.97,1.0,settlement,0.2892783505154646
TRAIN,fixed_97_to_99,270.0,,DOWN,0.97,0.0,settlement,-10.02
TRAIN,fixed_97_to_99,270.0,,DOWN,0.97,0.0,settlement,-10.02
TRAIN,fixed_97_to_99,270.0,,UP,0.97,1.0,settlement,0.2892783505154646
TRAIN,fixed_97_to_99,270.0,,UP,0.97,1.0,settlement,0.2892783505154646
TRAIN,fixed_97_to_99,270.0,,DOWN,0.97,1.0,settlement,0.2892783505154646
TRAIN,fixed_97_to_99,270.0,,DOWN,0.97,1.0,settlement,0.2892783505154646
TRAIN,fixed_97_to_99,270.0,,DOWN,0.97,1.0,settlement,0.2892783505154646
TRAIN,fixed_97_to_99,270.0,,DOWN,0.97,1.0,settlement,0.2892783505154646
TRAIN,fixed_97_to_99,270.0,,UP,0.97,1.0,settlement,0.2892783505154646
TRAIN,fixed_97_to_99,270.0,,UP,0.97,1.0,settlement,0.2892783505154646
TRAIN,fixed_97_to_99,270.0,,DOWN,0.97,0.0,settlement,-10.02
TRAIN,fixed_97_to_99,270.0,,UP,0.97,1.0,settlement,0.2892783505154646
TRAIN,fixed_97_to_99,270.0,,DOWN,0.97,1.0,settlement,0.2892783505154646
TRAIN,fixed_97_to_99,270.0,,UP,0.97,1.0,settlement,0.2892783505154646
TRAIN,fixed_97_to_99,270.0,,UP,0.97,1.0,settlement,0.2892783505154646
TRAIN,fixed_97_to_99,270.0,,DOWN,0.97,1.0,settlement,0.2892783505154646
TRAIN,fixed_97_to_99,270.0,,UP,0.97,1.0,settlement,0.2892783505154646
TRAIN,fixed_97_to_99,270.0,,DOWN,0.97,1.0,settlement,0.2892783505154646
TRAIN,fixed_97_to_99,270.0,,UP,0.97,1.0,settlement,0.2892783505154646
TRAIN,fixed_97_to_99,270.0,,UP,0.97,1.0,settlement,0.2892783505154646
TRAIN,fixed_97_to_99,270.0,,DOWN,0.97,1.0,settlement,0.2892783505154646
