window_start,scalp_num,side,entry_idx,entry_price,exit_idx,exit_price,exit_type,pnl,seconds_held,entry_reason
2026-03-26 05:20:00+00:00,1,DOWN,140,0.5051958454337732,299,0.49545986108440465,settlement,-23.233159711214455,159,cross_above_mid
2026-03-26 05:25:00+00:00,1,DOWN,140,0.5049531666106004,299,0.49327347892484485,settlement,-27.08397903240191,159,cross_above_mid
2026-03-26 05:40:00+00:00,1,UP,140,0.5050158824550958,240,0.49082186189486543,stop,-32.04987528361434,100,cross_below_mid
2026-03-26 06:00:00+00:00,1,DOWN,140,0.5048604161480481,299,0.4974406933073596,settlement,-18.667189500623582,159,cross_above_mid
2026-03-26 06:35:00+00:00,1,DOWN,140,0.5051825445362618,299,0.4957827798434833,settlement,-22.56945625863674,159,cross_above_mid
2026-03-26 07:00:00+00:00,1,DOWN,140,0.505081458904807,266,0.49307020037282867,stop,-27.733272729723502,126,cross_above_mid
2026-03-26 07:05:00+00:00,1,DOWN,180,0.5053118065405046,299,0.4916576741518195,settlement,-30.96715957855896,119,cross_above_mid
2026-03-26 07:15:00+00:00,1,DOWN,140,0.5050310597823559,299,0.5014765259662325,settlement,-11.024171444068974,159,cross_above_mid
2026-03-26 08:05:00+00:00,1,UP,240,0.5048836947868686,299,0.49409910444585814,settlement,-25.317822840113507,59,cross_below_mid
2026-03-26 08:45:00+00:00,1,UP,180,0.5054521193114823,299,0.49975835839401195,settlement,-15.242159600351068,119,cross_below_mid
2026-03-26 09:40:00+00:00,1,DOWN,140,0.5052617023477189,299,0.4972117217314539,settlement,-19.90043460191574,159,cross_above_mid
2026-03-26 10:05:00+00:00,1,UP,140,0.5050605734455037,284,0.4930217050152148,stop,-27.788811332992953,144,cross_below_mid
2026-03-26 10:45:00+00:00,1,DOWN,240,0.5053569211759809,299,0.49776467778039923,settlement,-18.993480036166144,59,cross_above_mid
2026-03-26 11:05:00+00:00,1,DOWN,240,0.5050044845199716,299,0.49503473694228795,settlement,-23.702415300303727,59,cross_above_mid
2026-03-26 11:25:00+00:00,1,DOWN,140,0.5050810790323627,292,0.4930148214252257,stop,-27.841964373310276,152,cross_above_mid
2026-03-26 12:30:00+00:00,1,UP,140,0.5050753124573724,268,0.49306500537057885,stop,-27.73168154725748,128,cross_below_mid
2026-03-26 13:35:00+00:00,1,UP,240,0.505758195167937,299,0.5008727459309172,settlement,-13.64033481835468,59,cross_below_mid
2026-03-26 14:05:00+00:00,1,UP,140,0.5050130571533825,257,0.4929909478027854,stop,-27.757930536540293,117,cross_below_mid
2026-03-26 14:10:00+00:00,1,DOWN,140,0.5051613716936172,299,0.49829022509586673,settlement,-17.574680664051254,159,cross_above_mid
2026-03-26 14:45:00+00:00,1,DOWN,140,0.5054551781101625,299,0.5062329799392906,settlement,-2.4642629869335613,159,cross_above_mid
2026-03-26 14:55:00+00:00,1,UP,140,0.5049682609883824,299,0.5048190580640229,settlement,-4.2948789656984,159,cross_below_mid
2026-03-26 15:35:00+00:00,1,DOWN,240,0.5052819117410635,299,0.49718366823403204,settlement,-19.9951243696195,59,cross_above_mid
2026-03-26 15:40:00+00:00,1,DOWN,240,0.5057607673729003,299,0.5008926680148141,settlement,-13.60604988126316,59,cross_above_mid
2026-03-26 16:15:00+00:00,1,DOWN,180,0.5045910269298226,282,0.49253896588969437,stop,-27.83704084321896,102,cross_above_mid
2026-03-26 16:20:00+00:00,1,DOWN,180,0.5048866927633417,299,0.4933851117791439,settlement,-26.734958133685385,119,cross_above_mid
2026-03-26 16:25:00+00:00,1,DOWN,140,0.5051976049154364,299,0.510561383306943,settlement,6.595954499070931,159,cross_above_mid
2026-03-26 16:45:00+00:00,1,DOWN,140,0.5049568018468493,299,0.49647227997468557,settlement,-20.768865767229705,159,cross_above_mid
2026-03-26 17:05:00+00:00,1,DOWN,240,0.5055129049855974,299,0.49897288036034726,settlement,-16.911529085861066,59,cross_above_mid
2026-03-26 17:15:00+00:00,1,UP,180,0.5052282366759753,299,0.5070599543281678,settlement,-0.3817259523827796,119,cross_below_mid
2026-03-26 17:50:00+00:00,1,DOWN,140,0.5043121018695907,293,0.49219800497018373,stop,-27.97298946582586,153,cross_above_mid
2026-03-26 18:00:00+00:00,1,DOWN,140,0.5051281202586942,299,0.5228213958288263,settlement,30.957248093708394,159,cross_above_mid
2026-03-26 18:15:00+00:00,1,UP,140,0.5044166862571459,286,0.49240378989692757,stop,-27.76779137989513,146,cross_below_mid
2026-03-26 18:30:00+00:00,1,UP,140,0.5048484663248735,299,0.49569339900587406,settlement,-22.098019096450685,159,cross_below_mid
2026-03-26 19:15:00+00:00,1,DOWN,140,0.5049574617705596,299,0.4914442015061723,settlement,-30.707663050608218,159,cross_above_mid
2026-03-26 19:30:00+00:00,1,DOWN,240,0.5051175426100293,299,0.49591048036501006,settlement,-22.191108693334723,59,cross_above_mid
2026-03-26 20:15:00+00:00,1,UP,140,0.5052001521635422,299,0.4925726106881622,settlement,-28.94513578125296,159,cross_below_mid
2026-03-26 20:40:00+00:00,1,DOWN,140,0.5051186158319149,299,0.4955961337104099,settlement,-22.814268291439017,159,cross_above_mid
2026-03-26 21:15:00+00:00,1,DOWN,140,0.5049452018526871,299,0.4916799883632291,settlement,-30.218058937693034,159,cross_above_mid
2026-03-26 21:25:00+00:00,1,DOWN,180,0.5049844780583418,299,0.49364479853835896,settlement,-26.410590132307764,119,cross_above_mid
2026-03-26 21:40:00+00:00,1,UP,140,0.5052401926871632,299,0.4957642191979176,settlement,-22.717872566648353,159,cross_below_mid
2026-03-26 22:25:00+00:00,1,DOWN,140,0.503985903857231,299,0.49294960818291944,settlement,-25.854228458903503,159,cross_above_mid
2026-03-26 22:30:00+00:00,1,DOWN,180,0.5047482984210925,289,0.492708874818341,stop,-27.804626569581817,109,cross_above_mid
2026-03-26 23:30:00+00:00,1,UP,180,0.5051701761149274,299,0.49395377902524507,settlement,-26.15879880635777,119,cross_below_mid
2026-03-27 02:25:00+00:00,1,DOWN,180,0.5048928842342154,299,0.4900136118264098,settlement,-33.41121637218688,119,cross_above_mid
2026-03-27 02:30:00+00:00,1,UP,240,0.504315210722945,299,0.4896957987481451,settlement,-32.930662491688594,59,cross_below_mid
2026-03-27 02:40:00+00:00,1,DOWN,140,0.5051276070124208,299,0.496166282538412,settlement,-21.70523269942923,159,cross_above_mid
2026-03-27 04:15:00+00:00,1,DOWN,140,0.5046394551073173,285,0.4926241398152017,stop,-27.762083087580464,145,cross_above_mid
2026-03-27 04:20:00+00:00,1,UP,180,0.5050857580216902,290,0.49304051608977256,stop,-27.800218590874568,110,cross_below_mid
2026-03-27 05:10:00+00:00,1,DOWN,140,0.5049998675763878,274,0.4929950618820861,stop,-27.724354900154268,134,cross_above_mid
2026-03-27 06:45:00+00:00,1,UP,140,0.5047466285287924,299,0.4982744038544288,settlement,-16.797074531913207,159,cross_below_mid
2026-03-27 07:45:00+00:00,1,UP,140,0.5050314581577708,299,0.49693068834762455,settlement,-20.008048884749662,159,cross_below_mid
2026-03-27 07:55:00+00:00,1,DOWN,240,0.505144243829709,299,0.49611730646420493,settlement,-21.834279219877825,59,cross_above_mid
2026-03-27 08:05:00+00:00,1,UP,140,0.5050188642067248,290,0.4929790971260371,stop,-27.79255191863056,150,cross_below_mid
2026-03-27 08:10:00+00:00,1,UP,240,0.5053487397669096,299,0.4977013063205894,settlement,-19.102716161809163,59,cross_below_mid
2026-03-27 08:20:00+00:00,1,UP,180,0.5046928541905004,299,0.49801667358736357,settlement,-17.20174872025349,119,cross_below_mid
2026-03-27 08:45:00+00:00,1,DOWN,180,0.5045001837284343,299,0.49421233263511555,settlement,-24.351380876124427,119,cross_above_mid
2026-03-27 09:30:00+00:00,1,DOWN,140,0.5051427757258709,299,0.5170259098869947,settlement,19.477259227869084,159,cross_above_mid
2026-03-27 10:00:00+00:00,1,DOWN,140,0.5036321387300818,299,0.4921051501060507,settlement,-26.841939110141883,159,cross_above_mid
2026-03-27 10:40:00+00:00,1,DOWN,140,0.503275648633921,299,0.4961325428229352,settlement,-18.164841113839287,159,cross_above_mid
2026-03-27 10:45:00+00:00,1,UP,140,0.5054333707216447,299,0.49203582954660136,settlement,-30.45402315561968,159,cross_below_mid
2026-03-27 10:50:00+00:00,1,UP,140,0.5048320035307633,237,0.49282597056332544,stop,-27.73466978658539,97,cross_below_mid
2026-03-27 11:05:00+00:00,1,UP,180,0.5049507948164642,286,0.4928986885175777,stop,-27.82014685343868,106,cross_below_mid
2026-03-27 11:25:00+00:00,1,UP,180,0.5052071644776003,299,0.5014646986279029,settlement,-11.392969024618022,119,cross_below_mid
2026-03-27 11:30:00+00:00,1,DOWN,180,0.5054743333935654,299,0.5036929501832482,settlement,-7.517132970849228,119,cross_above_mid
2026-03-27 11:50:00+00:00,1,DOWN,240,0.5055685971422448,299,0.4994042465495484,settlement,-16.16852060489049,59,cross_above_mid
2026-03-27 12:10:00+00:00,1,UP,240,0.5058215748365353,299,0.501363625930867,settlement,-12.795656866346102,59,cross_below_mid
2026-03-27 12:30:00+00:00,1,UP,180,0.5052862216861,277,0.49327933652314493,stop,-27.715017109794356,97,cross_below_mid
2026-03-27 13:00:00+00:00,1,UP,140,0.5052158817236616,299,0.5027561513111171,settlement,-8.858934646599586,159,cross_below_mid
2026-03-27 13:35:00+00:00,1,DOWN,140,0.5044570992891777,227,0.4924543330095308,stop,-27.74584630480312,87,cross_above_mid
2026-03-27 13:45:00+00:00,1,UP,240,0.5040033728200831,294,0.4918484176364332,stop,-28.068579552170853,54,cross_below_mid
2026-03-27 13:55:00+00:00,1,DOWN,240,0.5042160693583743,299,0.4889279299158694,settlement,-34.25997006211129,59,cross_above_mid
2026-03-27 14:00:00+00:00,1,DOWN,140,0.5053311488029267,257,0.49332713503101366,stop,-27.707237863227988,117,cross_above_mid
2026-03-27 14:35:00+00:00,1,UP,140,0.5047513432106898,203,0.4927504254553567,stop,-27.728348781873656,63,cross_below_mid
2026-03-27 14:50:00+00:00,1,DOWN,140,0.50517924289788,299,0.5131304092098498,settlement,11.707818741376782,159,cross_above_mid
2026-03-27 15:00:00+00:00,1,DOWN,140,0.5052728689139266,299,0.4971594775331717,settlement,-20.025330264413615,159,cross_above_mid
2026-03-27 15:05:00+00:00,1,DOWN,180,0.5047482418250325,299,0.49227170601135406,settlement,-28.66889770042501,119,cross_above_mid
2026-03-27 15:20:00+00:00,1,DOWN,180,0.498966554889664,233,0.48692568866717156,stop,-28.08334661369183,53,cross_above_mid
2026-03-27 15:35:00+00:00,1,UP,240,0.504418365194887,299,0.4904947703395968,settlement,-31.548060547341233,59,cross_below_mid
2026-03-27 15:45:00+00:00,1,DOWN,140,0.5057068336023834,299,0.5088354589909315,settlement,2.1742652665555484,159,cross_above_mid
2026-03-27 16:00:00+00:00,1,DOWN,140,0.5043518876803286,299,0.5088453273453425,settlement,4.891515815097447,159,cross_above_mid
2026-03-27 16:15:00+00:00,1,DOWN,140,0.5052316473009842,269,0.4932091272480412,stop,-27.74846286240106,129,cross_above_mid
2026-03-27 16:45:00+00:00,1,UP,140,0.5048005923712579,299,0.4917664035662145,settlement,-29.768829561646793,159,cross_below_mid
2026-03-27 16:50:00+00:00,1,DOWN,180,0.504735956178029,299,0.4896123267977309,settlement,-33.90352071571816,119,cross_above_mid
2026-03-27 17:00:00+00:00,1,DOWN,140,0.5048786008204791,287,0.49280047934128424,stop,-27.87497750280471,147,cross_above_mid
2026-03-27 17:20:00+00:00,1,DOWN,140,0.5050605485678541,299,0.5067800649375284,settlement,-0.6022344413931853,159,cross_above_mid
2026-03-27 17:35:00+00:00,1,DOWN,140,0.5052801420269931,299,0.4981169039996187,settlement,-18.14841185454254,159,cross_above_mid
2026-03-27 18:05:00+00:00,1,UP,140,0.5050863114890258,299,0.49357512216275135,settlement,-26.744958012728766,159,cross_below_mid
2026-03-27 18:10:00+00:00,1,UP,140,0.5051393977930296,244,0.49312378935761486,stop,-27.73914462212912,104,cross_below_mid
2026-03-27 18:30:00+00:00,1,DOWN,240,0.5048459754980494,299,0.4938069330868149,settlement,-25.822426762030595,59,cross_above_mid
2026-03-27 19:25:00+00:00,1,DOWN,140,0.5051881722930263,299,0.49161756025946657,settlement,-30.808764639162813,159,cross_above_mid
2026-03-27 19:30:00+00:00,1,UP,140,0.5052549072414512,299,0.5027524883253506,settlement,-8.942879410916687,159,cross_below_mid
2026-03-27 19:50:00+00:00,1,DOWN,180,0.5043385120327702,299,0.49485157304021554,settlement,-22.77303614274533,119,cross_above_mid
2026-03-27 20:00:00+00:00,1,UP,240,0.505578850572708,299,0.4994836644347599,settlement,-16.031744917299356,59,cross_below_mid
2026-03-27 20:10:00+00:00,1,DOWN,180,0.5053112134669159,299,0.5031604598662339,settlement,-8.247782428483797,119,cross_above_mid
2026-03-27 20:40:00+00:00,1,DOWN,140,0.504748033678277,299,0.501789059055596,settlement,-9.850556072335127,159,cross_above_mid
2026-03-27 22:05:00+00:00,1,DOWN,180,0.505168213188427,299,0.49376647635281634,settlement,-26.525038323611003,119,cross_above_mid
2026-03-27 22:10:00+00:00,1,DOWN,180,0.5051062244170975,299,0.4978717553435271,settlement,-18.29402328936903,119,cross_above_mid
2026-03-27 22:30:00+00:00,1,UP,180,0.505106708985382,299,0.4949005475277915,settlement,-24.165539189007504,119,cross_below_mid
2026-03-27 23:05:00+00:00,1,UP,140,0.5045744919375137,299,0.49238597335530254,settlement,-28.10772193088415,159,cross_below_mid
2026-03-28 00:30:00+00:00,1,UP,180,0.5055431351754172,299,0.4989147744703625,settlement,-17.08514253951686,119,cross_below_mid
2026-03-28 00:35:00+00:00,1,UP,240,0.5054345991412652,299,0.498366351188549,settlement,-17.956526658039902,59,cross_below_mid
2026-03-28 00:40:00+00:00,1,DOWN,180,0.5051935110049083,286,0.49314916428824007,stop,-27.793373749644395,106,cross_above_mid
2026-03-28 01:30:00+00:00,1,UP,240,0.5049090671965437,299,0.49429563789302705,settlement,-24.978435787896935,59,cross_below_mid
2026-03-28 01:40:00+00:00,1,UP,180,0.5052765475727388,299,0.5014826572450664,settlement,-11.493525209523002,119,cross_below_mid
2026-03-28 01:50:00+00:00,1,DOWN,240,0.5048982123032786,299,0.4942115563962084,settlement,-25.12362915012601,59,cross_above_mid
2026-03-28 02:05:00+00:00,1,DOWN,240,0.5052978821667623,299,0.4973073726920879,settlement,-19.78183629333563,59,cross_above_mid
2026-03-28 04:00:00+00:00,1,DOWN,180,0.5051047876111102,299,0.4930384230426882,settlement,-27.8410566176552,119,cross_above_mid
2026-03-28 12:35:00+00:00,1,DOWN,180,0.5050844505277198,299,0.4966975317010035,settlement,-20.57177325557654,119,cross_above_mid
2026-03-28 13:35:00+00:00,1,UP,140,0.5052719973703558,299,0.5015878117925227,settlement,-11.276906746887084,159,cross_below_mid
2026-03-28 13:40:00+00:00,1,UP,140,0.5047198233624794,290,0.4926483617543732,stop,-27.86931942682562,150,cross_below_mid
2026-03-28 13:45:00+00:00,1,UP,240,0.5040419868438832,294,0.49197052260317425,stop,-27.901424140602355,54,cross_below_mid
2026-03-28 13:50:00+00:00,1,DOWN,180,0.504598031979898,299,0.4905967496209518,settlement,-31.691903076595896,119,cross_above_mid
2026-03-28 14:00:00+00:00,1,DOWN,180,0.5051212085693739,299,0.49372410446965476,settlement,-26.51798122619825,119,cross_above_mid
2026-03-28 14:05:00+00:00,1,UP,140,0.5047000983703627,285,0.4926802437089301,stop,-27.768204109417177,145,cross_below_mid
2026-03-28 14:20:00+00:00,1,DOWN,240,0.5051610382001632,299,0.49624739453599476,settlement,-21.609862408500486,59,cross_above_mid
2026-03-28 14:35:00+00:00,1,DOWN,140,0.5050230519155675,293,0.4930043345147579,stop,-27.75075735753412,153,cross_above_mid
2026-03-28 16:00:00+00:00,1,DOWN,240,0.505220060437997,299,0.49670457572291593,settlement,-20.82129117811214,59,cross_above_mid
2026-03-28 19:40:00+00:00,1,UP,140,0.5051758768222021,287,0.4931539756048,stop,-27.74986210830089,147,cross_below_mid
2026-03-28 21:55:00+00:00,1,UP,140,0.5048914646451698,299,0.4936841172076953,settlement,-26.153142855088934,159,cross_below_mid
2026-03-28 22:00:00+00:00,1,DOWN,180,0.5050290104220672,299,0.4938739786035823,settlement,-26.04372724161721,119,cross_above_mid
2026-03-28 22:10:00+00:00,1,UP,240,0.5047812615691442,299,0.4933056644090019,settlement,-26.688334210784063,59,cross_below_mid
2026-03-28 23:10:00+00:00,1,DOWN,180,0.5061089831946434,299,0.5053796687387274,settlement,-5.438140501695454,119,cross_above_mid
2026-03-29 00:10:00+00:00,1,UP,180,0.5052868397316048,299,0.4965902639823936,settlement,-21.17674381213444,119,cross_below_mid
2026-03-29 01:10:00+00:00,1,DOWN,140,0.5050180646506695,299,0.49031855046756967,settlement,-33.04869386183478,159,cross_above_mid
2026-03-29 01:50:00+00:00,1,UP,240,0.5040501449704057,294,0.49199632020065537,stop,-27.866111814960615,54,cross_below_mid
2026-03-29 03:45:00+00:00,1,DOWN,240,0.5053133273750242,299,0.49742700868936496,settlement,-19.575575829700448,59,cross_above_mid
2026-03-29 04:30:00+00:00,1,DOWN,240,0.5047697352801472,299,0.4932163829926002,settlement,-26.8425849988266,59,cross_above_mid
2026-03-29 04:45:00+00:00,1,DOWN,140,0.5050009541086549,299,0.496601785317064,settlement,-20.598722013907615,159,cross_above_mid
2026-03-29 05:25:00+00:00,1,DOWN,180,0.5051206686066224,299,0.49882769925288983,settlement,-16.433431861637303,119,cross_above_mid
2026-03-29 09:35:00+00:00,1,DOWN,180,0.5052646124998084,299,0.49455384728043417,settlement,-25.15593181174845,119,cross_above_mid
2026-03-29 10:10:00+00:00,1,DOWN,240,0.5048194713787718,299,0.49360163412868663,settlement,-26.177039932726714,59,cross_above_mid
2026-03-29 13:20:00+00:00,1,UP,240,0.505254782977078,299,0.49697353253896737,settlement,-20.357466006629373,59,cross_below_mid
2026-03-29 14:05:00+00:00,1,DOWN,140,0.504816299758935,299,0.492035817746559,settlement,-29.266460402411994,159,cross_above_mid
2026-03-29 14:25:00+00:00,1,DOWN,140,0.505001094064914,299,0.5011943423637271,settlement,-11.52302963782533,159,cross_above_mid
2026-03-29 14:40:00+00:00,1,DOWN,240,0.5049832507018664,299,0.4948702604967846,settlement,-23.986334617324292,59,cross_above_mid
2026-03-29 15:00:00+00:00,1,DOWN,140,0.5054137560187348,299,0.5089542240642174,settlement,2.9910782350384606,159,cross_above_mid
2026-03-29 15:15:00+00:00,1,UP,140,0.5050582174976426,286,0.4930080896698144,stop,-27.811170980954564,146,cross_below_mid
2026-03-29 17:15:00+00:00,1,DOWN,140,0.5047882842487034,299,0.5021000752708741,settlement,-9.314767881086217,159,cross_above_mid
2026-03-29 17:30:00+00:00,1,DOWN,240,0.5045960471283838,299,0.49187102605717004,settlement,-29.16779729318846,59,cross_above_mid
2026-03-29 19:40:00+00:00,1,DOWN,140,0.5051560750598999,299,0.4947710273467042,settlement,-24.51698104697711,159,cross_above_mid
2026-03-29 21:40:00+00:00,1,DOWN,140,0.5050648993957121,299,0.4947563277636573,settlement,-24.369569338712232,159,cross_above_mid
2026-03-29 22:05:00+00:00,1,DOWN,140,0.5043788243436892,277,0.4923702026235748,stop,-27.761117434438013,137,cross_above_mid
2026-03-29 22:10:00+00:00,1,DOWN,240,0.5064713213353927,299,0.5063952819076261,settlement,-4.149835431374596,59,cross_above_mid
2026-03-29 22:15:00+00:00,1,UP,140,0.5049210255912971,299,0.5011878733999465,settlement,-11.378749741318227,159,cross_below_mid
2026-03-29 22:20:00+00:00,1,UP,180,0.5047988656800126,299,0.500046819791022,settlement,-13.394913736234441,119,cross_below_mid
2026-03-29 22:30:00+00:00,1,DOWN,140,0.5053133528800181,299,0.4990693963743471,settlement,-16.331889820729238,159,cross_above_mid
2026-03-29 22:45:00+00:00,1,UP,180,0.5033958557923338,240,0.4901394683219852,stop,-30.28125468888576,60,cross_below_mid
2026-03-29 23:05:00+00:00,1,DOWN,240,0.505620329039539,299,0.4998049338398398,settlement,-15.47850289232725,59,cross_above_mid
2026-03-29 23:15:00+00:00,1,UP,240,0.5057822160615552,299,0.5010587905134531,settlement,-13.32017486441655,59,cross_below_mid
2026-03-29 23:25:00+00:00,1,DOWN,240,0.5058585687684539,299,0.5016501422081124,settlement,-12.302735125048887,59,cross_above_mid
2026-03-29 23:30:00+00:00,1,UP,140,0.5040874357419757,299,0.4883687362555556,settlement,-35.120121183653104,159,cross_below_mid
2026-03-29 23:40:00+00:00,1,DOWN,140,0.504539758449879,287,0.49245162927515784,stop,-27.910807254192086,147,cross_above_mid
2026-03-29 23:50:00+00:00,1,DOWN,140,0.5050640683836901,240,0.4923107552727394,stop,-29.200380073483466,100,cross_above_mid
2026-03-30 00:15:00+00:00,1,DOWN,140,0.5026158973979442,180,0.4889667757510553,stop,-31.101855460831384,40,cross_above_mid
2026-03-30 00:25:00+00:00,1,UP,180,0.5061490412615068,299,0.4939327210520387,settlement,-28.08754452771969,119,cross_below_mid
2026-03-30 00:40:00+00:00,1,DOWN,180,0.5053467131104493,299,0.49390961695341085,settlement,-26.58691244763214,119,cross_above_mid
2026-03-30 00:45:00+00:00,1,UP,140,0.5046945079762858,299,0.4908059857757517,settlement,-31.463633816249715,159,cross_below_mid
2026-03-30 01:05:00+00:00,1,UP,140,0.504645014907939,240,0.49231191308837063,stop,-28.390284759227487,100,cross_below_mid
2026-03-30 01:10:00+00:00,1,UP,180,0.5051178179098095,299,0.4977389267423047,settlement,-18.579041015901502,119,cross_below_mid
2026-03-30 01:30:00+00:00,1,UP,140,0.5052277506084809,299,0.5142248594250665,settlement,13.772409746175283,159,cross_below_mid
2026-03-30 01:40:00+00:00,1,DOWN,180,0.5052533779543043,258,0.4932401764776363,stop,-27.729034969062468,78,cross_above_mid
2026-03-30 02:00:00+00:00,1,UP,180,0.5047138948669606,280,0.49270960167102174,stop,-27.7367838123516,100,cross_below_mid
2026-03-30 02:10:00+00:00,1,DOWN,180,0.5049288231293809,255,0.49291855158273434,stop,-27.738496307789458,75,cross_above_mid
2026-03-30 02:25:00+00:00,1,DOWN,240,0.5051603484583121,299,0.49624205184416204,settlement,-21.61907886888773,59,cross_above_mid
2026-03-30 02:30:00+00:00,1,UP,140,0.5051790513210375,276,0.4931491574055146,stop,-27.765502738675863,136,cross_below_mid
2026-03-30 02:50:00+00:00,1,DOWN,140,0.5052532934593968,299,0.4999801570997119,settlement,-14.415746230832836,159,cross_above_mid
2026-03-30 02:55:00+00:00,1,DOWN,140,0.5052913589859426,299,0.49702271532324216,settlement,-20.33138233738248,159,cross_above_mid
2026-03-30 03:20:00+00:00,1,DOWN,180,0.5044097808857964,240,0.49193985019096864,stop,-28.67238206916478,60,cross_above_mid
2026-03-30 03:25:00+00:00,1,DOWN,140,0.5051327529341999,299,0.49042978597333775,settlement,-33.04892019316722,159,cross_above_mid
2026-03-30 03:45:00+00:00,1,DOWN,240,0.5044976437013557,299,0.49110882551463364,settlement,-30.485833417010973,59,cross_above_mid
2026-03-30 04:10:00+00:00,1,DOWN,240,0.5055744668558355,299,0.4994497104027681,settlement,-16.09022080995295,59,cross_above_mid
2026-03-30 04:15:00+00:00,1,DOWN,140,0.5048816920535599,299,0.5077745300679793,settlement,1.718274961898023,159,cross_above_mid
2026-03-30 04:20:00+00:00,1,UP,140,0.5050474061060103,299,0.4923362615529259,settlement,-29.117884203756194,159,cross_below_mid
2026-03-30 04:25:00+00:00,1,UP,240,0.505273796964558,299,0.497120812345036,settlement,-20.10350407870777,59,cross_below_mid
2026-03-30 04:30:00+00:00,1,UP,140,0.505003507470921,299,0.49328152947089476,settlement,-27.165253054603482,159,cross_below_mid
2026-03-30 04:55:00+00:00,1,DOWN,140,0.5053676865878077,299,0.4944856193461078,settlement,-25.489904074683164,159,cross_above_mid
2026-03-30 05:00:00+00:00,1,UP,140,0.5048708358059393,287,0.49281160985389094,stop,-27.8379930996257,147,cross_below_mid
2026-03-30 05:10:00+00:00,1,DOWN,197,0.5056099720208623,299,0.513159935586312,settlement,10.902521815783885,102,cross_above_mid
2026-03-30 05:15:00+00:00,1,DOWN,154,0.5048665804399711,299,0.4920006881981358,settlement,-29.432779579432573,145,cross_above_mid
2026-03-30 05:20:00+00:00,1,UP,145,0.5050536013557667,299,0.4984094122359516,settlement,-17.12910297793243,154,cross_below_mid
2026-03-30 05:25:00+00:00,1,UP,219,0.504982035145166,299,0.49728884462238077,settlement,-19.204113428574907,80,cross_below_mid
2026-03-30 05:30:00+00:00,1,UP,155,0.504974840785958,299,0.49092820630322775,settlement,-31.760870604852133,144,cross_below_mid
2026-03-30 05:50:00+00:00,1,DOWN,199,0.5051893574478902,299,0.49753911668704565,settlement,-19.113026762663697,100,cross_above_mid
2026-03-30 05:55:00+00:00,1,UP,140,0.5047555247698166,293,0.4927413952440013,stop,-27.754274452432146,153,cross_below_mid
2026-03-30 06:20:00+00:00,1,DOWN,140,0.5050562378350322,299,0.5001325434200664,settlement,-13.729306675231784,159,cross_above_mid
2026-03-30 06:45:00+00:00,1,UP,240,0.5053605862961181,299,0.49779306700164316,settlement,-18.94454546057667,59,cross_below_mid
2026-03-30 07:20:00+00:00,1,UP,170,0.5048643275316432,282,0.4925301933440341,stop,-28.38173039362226,112,cross_below_mid
2026-03-30 07:25:00+00:00,1,DOWN,144,0.5047728967513031,299,0.491652063385414,settlement,-29.94155071207973,155,cross_above_mid
2026-03-30 07:30:00+00:00,1,UP,181,0.5056660392740505,299,0.4963170094671897,settlement,-22.45156886676035,118,cross_below_mid
2026-03-30 07:35:00+00:00,1,UP,169,0.5054416187582002,289,0.49343250779573683,stop,-27.712120837979473,120,cross_below_mid
2026-03-30 07:50:00+00:00,1,UP,188,0.5054255087429613,299,0.5008852948767083,settlement,-12.964987639404786,111,cross_below_mid
2026-03-30 08:05:00+00:00,1,UP,140,0.5051934112771752,278,0.49316196256381195,stop,-27.767898685734558,138,cross_below_mid
2026-03-30 08:10:00+00:00,1,DOWN,162,0.5046384213036562,257,0.4924148428853987,stop,-28.174004091694783,95,cross_above_mid
2026-03-30 08:25:00+00:00,1,DOWN,155,0.5052159334882512,299,0.496310212888441,settlement,-21.592297806690762,144,cross_above_mid
2026-03-30 08:30:00+00:00,1,UP,149,0.5053434760450497,299,0.49325451973036677,settlement,-27.874412105753652,150,cross_below_mid
2026-03-30 09:00:00+00:00,1,DOWN,142,0.5053633492745803,299,0.5034287982058162,settlement,-7.820383827592385,157,cross_above_mid
2026-03-30 09:05:00+00:00,1,UP,180,0.5051618417850263,299,0.49257781900172887,settlement,-28.86105184301575,119,cross_below_mid
2026-03-30 09:10:00+00:00,1,UP,140,0.5049857300770961,284,0.4929712186477511,stop,-27.744200464151202,144,cross_below_mid
2026-03-30 09:25:00+00:00,1,DOWN,245,0.5048710012827896,299,0.49700569656752536,settlement,-19.5476826474274,54,cross_above_mid
2026-03-30 09:40:00+00:00,1,DOWN,140,0.5051508673922264,299,0.4912900163819075,settlement,-31.38415432148004,159,cross_above_mid
2026-03-30 10:00:00+00:00,1,DOWN,222,0.50545486203345,299,0.49910591783741465,settlement,-16.535731246411448,77,cross_above_mid
2026-03-30 10:50:00+00:00,1,UP,147,0.5051608730247455,299,0.49869445137524093,settlement,-16.775116108189717,152,cross_below_mid
2026-03-30 11:00:00+00:00,1,UP,215,0.5055555126922789,299,0.49912193323051757,settlement,-16.700311126358947,84,cross_below_mid
2026-03-30 11:10:00+00:00,1,DOWN,140,0.5048357458339396,299,0.4910512798875003,settlement,-31.250243525884645,159,cross_above_mid
2026-03-30 11:15:00+00:00,1,UP,192,0.5047015435925719,299,0.48947797693399514,settlement,-34.10317625960046,107,cross_below_mid
2026-03-30 11:25:00+00:00,1,DOWN,145,0.5024910871792977,156,0.490365955661589,stop,-28.08178286823113,11,cross_above_mid
2026-03-30 11:25:00+00:00,2,UP,176,0.5067519726022074,299,0.5097209789706169,settlement,1.8471767568206596,123,cross_below_mid
2026-03-30 11:35:00+00:00,1,UP,157,0.5053383209926409,251,0.49310505976672325,stop,-28.159645521210276,94,cross_below_mid
2026-03-30 11:50:00+00:00,1,UP,140,0.5050664291550647,282,0.4930186782022031,stop,-27.80608719346191,142,cross_below_mid
2026-03-30 11:55:00+00:00,1,DOWN,140,0.5051902927752293,299,0.49183114132258077,settlement,-30.390913167595542,159,cross_above_mid
2026-03-30 12:00:00+00:00,1,DOWN,140,0.5046836571414799,265,0.4926693694023132,stop,-27.757969956073048,125,cross_above_mid
2026-03-30 12:05:00+00:00,1,UP,159,0.5052183021228926,299,0.49647962323053507,settlement,-21.2622438615683,140,cross_below_mid
2026-03-30 12:15:00+00:00,1,DOWN,222,0.5045955119090556,288,0.49256375088546145,stop,-27.796679158159346,66,cross_above_mid
2026-03-30 12:25:00+00:00,1,UP,238,0.5042992642289564,299,0.4896471749748489,settlement,-32.99624511242685,61,cross_below_mid
2026-03-30 12:40:00+00:00,1,DOWN,193,0.5048910650803192,299,0.49086154578754393,settlement,-31.731645938242856,106,cross_above_mid
2026-03-30 12:45:00+00:00,1,UP,171,0.5052852551941146,299,0.49209523589600496,settlement,-30.05189667459497,128,cross_below_mid
2026-03-30 12:50:00+00:00,1,DOWN,140,0.5046193625426688,299,0.4931115394777582,settlement,-26.759347483044053,159,cross_above_mid
2026-03-30 12:55:00+00:00,1,UP,162,0.5052466450609436,299,0.4983536449231488,settlement,-17.61555629268838,137,cross_below_mid
2026-03-30 13:00:00+00:00,1,DOWN,197,0.5052520479807422,299,0.4930276088486082,settlement,-28.14634498291977,102,cross_above_mid
2026-03-30 13:05:00+00:00,1,DOWN,187,0.504677959608042,299,0.4994997743039852,settlement,-14.239854614341116,112,cross_above_mid
2026-03-30 13:10:00+00:00,1,UP,216,0.5055218752388073,299,0.5001407267519665,settlement,-14.623449652559849,83,cross_below_mid
2026-03-30 13:25:00+00:00,1,UP,160,0.5039869531132499,259,0.4919565689893835,stop,-27.82268684030948,99,cross_below_mid
2026-03-30 13:35:00+00:00,1,UP,140,0.5045767925204723,299,0.49096334960292076,settlement,-30.925962971563287,159,cross_below_mid
2026-03-30 13:45:00+00:00,1,DOWN,154,0.504076535911893,299,0.5097906661082839,settlement,7.313166810436252,145,cross_above_mid
2026-03-30 14:00:00+00:00,1,DOWN,140,0.5045127433615636,264,0.49250890984131,stop,-27.745338469335003,124,cross_above_mid
2026-03-30 14:05:00+00:00,1,DOWN,140,0.5056410051938383,299,0.4904100595196217,settlement,-34.061809914014006,159,cross_above_mid
2026-03-30 14:20:00+00:00,1,DOWN,140,0.5047226725128098,285,0.49271941335088687,stop,-27.734326385536068,145,cross_above_mid
2026-03-30 14:30:00+00:00,1,UP,154,0.5051203460282989,299,0.5013145320733328,settlement,-11.519400786210719,145,cross_below_mid
2026-03-30 14:35:00+00:00,1,DOWN,212,0.5063766125331596,299,0.49980921319345684,settlement,-16.9434582459002,87,cross_above_mid
2026-03-30 14:45:00+00:00,1,UP,156,0.5056078808842022,299,0.5159183941827165,settlement,16.351526669090674,143,cross_below_mid
2026-03-30 15:00:00+00:00,1,DOWN,169,0.5046656925616013,299,0.4982515551833725,settlement,-16.684256524314854,130,cross_above_mid
2026-03-30 15:20:00+00:00,1,UP,140,0.5046819380914332,299,0.49229527320595756,settlement,-28.494420391690593,159,cross_below_mid
2026-03-30 15:35:00+00:00,1,UP,213,0.5056617770524267,299,0.5043918657632814,settlement,-6.506362007337426,86,cross_below_mid
2026-03-30 15:50:00+00:00,1,UP,149,0.5055800365579367,299,0.5015696453615786,settlement,-11.91639329989009,150,cross_below_mid
2026-03-30 16:10:00+00:00,1,DOWN,140,0.5045696636497161,299,0.49342204896915065,settlement,-26.049124734791402,159,cross_above_mid
2026-03-30 16:15:00+00:00,1,DOWN,140,0.504678892328058,299,0.5022131720227,settlement,-8.875949642743638,159,cross_above_mid
2026-03-30 16:25:00+00:00,1,DOWN,140,0.5048084381312203,299,0.49313775807141,settlement,-27.072789240228733,159,cross_above_mid
2026-03-30 16:40:00+00:00,1,DOWN,140,0.5056635106795236,299,0.5065274991329268,settlement,-2.2947939523307666,159,cross_above_mid
2026-03-30 16:50:00+00:00,1,UP,169,0.505033913821241,284,0.4920415055609354,stop,-29.67436183775666,115,cross_below_mid
2026-03-30 17:05:00+00:00,1,UP,205,0.5051945975714661,299,0.49989848279459315,settlement,-14.462349701931489,94,cross_below_mid
2026-03-30 17:15:00+00:00,1,DOWN,171,0.5056987043804887,299,0.5040276995939169,settlement,-7.297739864771113,128,cross_above_mid
2026-03-30 17:30:00+00:00,1,DOWN,205,0.5043857237450214,268,0.4919883486731389,stop,-28.529997062314557,63,cross_above_mid
2026-03-30 17:40:00+00:00,1,DOWN,226,0.5052582866728611,289,0.4931372664228504,stop,-27.94177102797916,63,cross_above_mid
2026-03-30 17:45:00+00:00,1,DOWN,140,0.5046620307041892,299,0.5071353553626902,settlement,0.8911506295403715,159,cross_above_mid
2026-03-30 17:50:00+00:00,1,UP,181,0.5047670111230192,281,0.49271434138775955,stop,-27.829933673810633,100,cross_below_mid
2026-03-30 17:55:00+00:00,1,UP,140,0.505211911613194,299,0.4996158189254105,settlement,-15.054570120040836,159,cross_below_mid
2026-03-30 18:00:00+00:00,1,DOWN,140,0.5044990516103649,299,0.493550799203752,settlement,-25.6578323921971,159,cross_above_mid
2026-03-30 18:05:00+00:00,1,DOWN,192,0.505176097529915,299,0.5143847492680617,settlement,14.1921402845592,107,cross_above_mid
2026-03-30 18:10:00+00:00,1,DOWN,140,0.5043737857329574,275,0.49237360373269456,stop,-27.744655204192508,135,cross_above_mid
2026-03-30 18:15:00+00:00,1,DOWN,155,0.5054321726686873,299,0.5010624771124695,settlement,-12.628172880407414,144,cross_above_mid
2026-03-30 18:25:00+00:00,1,DOWN,155,0.5054581848480258,299,0.4926705604744053,settlement,-29.248476545513753,144,cross_above_mid
2026-03-30 18:30:00+00:00,1,DOWN,163,0.5056351039017277,266,0.49356231925195704,stop,-27.8287234954574,103,cross_above_mid
2026-03-30 18:35:00+00:00,1,UP,218,0.5051788603940822,282,0.49307048947711063,stop,-27.920546013566334,64,cross_below_mid
2026-03-30 18:55:00+00:00,1,UP,140,0.5043360440943453,299,0.503046262474331,settlement,-6.552270597842555,159,cross_below_mid
2026-03-30 19:10:00+00:00,1,UP,142,0.5039087146800935,299,0.4923130085622626,settlement,-26.96549825089251,157,cross_below_mid
2026-03-30 19:15:00+00:00,1,UP,145,0.5050279902942096,285,0.4925418511469022,stop,-28.674210357634724,140,cross_below_mid
2026-03-30 19:20:00+00:00,1,DOWN,141,0.5047346661338055,299,0.5197248500279525,settlement,25.639738520343332,158,cross_above_mid
2026-03-30 19:25:00+00:00,1,UP,245,0.5062486597433662,299,0.5060114490540268,settlement,-4.467628433980806,54,cross_below_mid
2026-03-30 19:30:00+00:00,1,DOWN,140,0.5048798678559162,251,0.4928760834849245,stop,-27.727974841073546,111,cross_above_mid
2026-03-30 19:35:00+00:00,1,UP,212,0.5051254486190098,299,0.4935314227504284,settlement,-26.906859768159315,87,cross_below_mid
2026-03-30 19:40:00+00:00,1,DOWN,148,0.5053943509949071,299,0.49487847913652694,settlement,-24.76564586446912,151,cross_above_mid
2026-03-30 19:50:00+00:00,1,UP,158,0.5052141965152467,299,0.5061814403232002,settlement,-2.089306818779181,141,cross_below_mid
2026-03-30 19:55:00+00:00,1,UP,140,0.5052470236101887,299,0.5008536645596623,settlement,-12.678076520067066,159,cross_below_mid
2026-03-30 20:00:00+00:00,1,UP,236,0.5050625128761846,299,0.4958288780304627,settlement,-22.245598002419094,63,cross_below_mid
2026-03-30 20:05:00+00:00,1,UP,171,0.5059640885916075,299,0.5095195276534786,settlement,3.0130040130407054,128,cross_below_mid
2026-03-30 20:10:00+00:00,1,UP,172,0.5050643075727366,292,0.49258761364950737,stop,-28.653772497256718,120,cross_below_mid
2026-03-30 20:15:00+00:00,1,UP,146,0.5048681689675769,299,0.4953856146837966,settlement,-22.744673871131912,153,cross_below_mid
2026-03-30 20:25:00+00:00,1,UP,207,0.5046630063628869,299,0.49321192485716037,settlement,-26.645169546066157,92,cross_below_mid
2026-03-30 20:35:00+00:00,1,DOWN,140,0.5052569332254672,265,0.4930363174361496,stop,-28.138559524321177,125,cross_above_mid
2026-03-30 20:40:00+00:00,1,DOWN,244,0.5049242786312773,299,0.4943245190185451,settlement,-24.950785179477872,55,cross_above_mid
2026-03-30 20:45:00+00:00,1,UP,172,0.5047997999554704,299,0.49021215425451775,settlement,-32.84008751753665,127,cross_below_mid
2026-03-30 21:00:00+00:00,1,DOWN,156,0.5051049736251886,299,0.5026063909223145,settlement,-8.936766944842384,143,cross_above_mid
2026-03-30 21:10:00+00:00,1,DOWN,145,0.5041863471530716,281,0.4918116925254943,stop,-28.494723802135724,136,cross_above_mid
2026-03-30 21:15:00+00:00,1,UP,211,0.5055886051020352,299,0.5060052378831537,settlement,-3.177593182757107,88,cross_below_mid
2026-03-30 21:30:00+00:00,1,DOWN,161,0.505141578679774,299,0.4915143058832415,settlement,-30.923181193051157,138,cross_above_mid
2026-03-30 21:40:00+00:00,1,DOWN,140,0.5052760860310073,299,0.494636895095213,settlement,-25.014080910354153,159,cross_above_mid
2026-03-30 21:50:00+00:00,1,UP,152,0.5052228556056472,291,0.4931856152851136,stop,-27.777954038701257,139,cross_below_mid
2026-03-30 21:55:00+00:00,1,UP,185,0.504508564071923,291,0.4924138064410261,stop,-27.925397852937778,106,cross_below_mid
2026-03-30 22:10:00+00:00,1,DOWN,179,0.5048327880061588,292,0.49281465156978355,stop,-27.75856015785608,113,cross_above_mid
2026-03-30 22:30:00+00:00,1,DOWN,151,0.5053828562826218,299,0.49774239377275276,settlement,-19.087930843038205,148,cross_above_mid
2026-03-30 22:50:00+00:00,1,UP,237,0.5051080496305576,299,0.49618891145063027,settlement,-21.622565924415493,62,cross_below_mid
2026-03-30 23:05:00+00:00,1,DOWN,140,0.5047602725547874,299,0.4999024903479693,settlement,-13.604691387193597,159,cross_above_mid
2026-03-30 23:10:00+00:00,1,UP,146,0.5051320789322624,299,0.5099628427930731,settlement,5.54424106914738,153,cross_below_mid
2026-03-30 23:20:00+00:00,1,DOWN,177,0.5046029062896089,276,0.49241313034693934,stop,-28.10885121577578,99,cross_above_mid
2026-03-31 00:10:00+00:00,1,DOWN,242,0.506149186348615,299,0.5054767132103494,settlement,-5.325949364515833,57,cross_above_mid
2026-03-31 00:20:00+00:00,1,DOWN,140,0.5042208686602753,271,0.49219632378469835,stop,-27.8000775686086,131,cross_above_mid
2026-03-31 00:30:00+00:00,1,UP,140,0.5045181780482467,299,0.4924194648550193,settlement,-27.932766532916254,159,cross_below_mid
2026-03-31 00:35:00+00:00,1,UP,140,0.5053402648367648,299,0.5160916649270693,settlement,17.233014736298276,159,cross_below_mid
2026-03-31 00:50:00+00:00,1,DOWN,180,0.5050109605951968,299,0.4963242376433955,settlement,-21.16665613688888,119,cross_above_mid
2026-03-31 01:00:00+00:00,1,UP,140,0.5050361550908707,240,0.49295601018500956,stop,-27.871527799589384,100,cross_below_mid
2026-03-31 01:25:00+00:00,1,DOWN,240,0.5049607327957951,299,0.49469583757310087,settlement,-24.287449631042215,59,cross_above_mid
2026-03-31 01:35:00+00:00,1,DOWN,140,0.5052390130549002,299,0.5021649996643894,settlement,-10.072107031442444,159,cross_above_mid
2026-03-31 01:45:00+00:00,1,DOWN,140,0.5059892075266216,299,0.5075088619691647,settlement,-1.002672960019182,159,cross_above_mid
2026-03-31 02:05:00+00:00,1,UP,142,0.5053220678974272,299,0.4933460038183609,settlement,-27.652463864559007,157,cross_below_mid
2026-03-31 02:10:00+00:00,1,DOWN,154,0.5047019645826947,286,0.49267803155508505,stop,-27.776180803013776,132,cross_above_mid
2026-03-31 02:20:00+00:00,1,DOWN,182,0.5050705978679194,299,0.4909125505756331,settlement,-31.975754790218048,117,cross_above_mid
2026-03-31 02:25:00+00:00,1,DOWN,161,0.5051149784515608,299,0.4968497765508316,settlement,-20.330284883283817,138,cross_above_mid
2026-03-31 02:35:00+00:00,1,UP,228,0.5052762800406846,299,0.4914360471367153,settlement,-31.336633409842985,71,cross_below_mid
2026-03-31 02:45:00+00:00,1,UP,159,0.5048454985549609,281,0.49252192078116414,stop,-28.36177138045767,122,cross_below_mid
2026-03-31 02:55:00+00:00,1,DOWN,140,0.5051044386918263,299,0.5048140141235967,settlement,-4.573829285372734,159,cross_above_mid
2026-03-31 03:15:00+00:00,1,DOWN,153,0.5047829672589941,299,0.5050858070548084,settlement,-3.40125928205565,146,cross_above_mid
2026-03-31 03:25:00+00:00,1,UP,180,0.5053216333518777,299,0.5003226066786846,settlement,-13.872976517458373,119,cross_below_mid
2026-03-31 04:20:00+00:00,1,UP,140,0.505181414253925,299,0.4975530524782541,settlement,-19.07004184499341,159,cross_below_mid
2026-03-31 04:35:00+00:00,1,UP,140,0.5044076846586845,299,0.4960988859788147,settlement,-20.439442408814756,159,cross_below_mid
2026-03-31 04:50:00+00:00,1,UP,140,0.5049043028020094,288,0.4927002311476958,stop,-28.122716806755022,148,cross_below_mid
2026-03-31 05:00:00+00:00,1,DOWN,207,0.5051200556838196,283,0.4930558478570054,stop,-27.83607476218889,76,cross_above_mid
2026-03-31 05:10:00+00:00,1,UP,208,0.5046773135885309,270,0.4918667869157179,stop,-29.33283203986263,62,cross_below_mid
2026-03-31 05:20:00+00:00,1,UP,154,0.5052151272073245,299,0.5215712001727965,settlement,28.30972300804125,145,cross_below_mid
2026-03-31 05:25:00+00:00,1,DOWN,163,0.5050334651779775,299,0.49671335419697304,settlement,-20.441426819342116,136,cross_above_mid
2026-03-31 05:30:00+00:00,1,DOWN,241,0.5043792384347916,287,0.4916699279646959,stop,-29.14752964161778,46,cross_above_mid
2026-03-31 05:35:00+00:00,1,DOWN,145,0.5048593769204097,299,0.49176757841929797,settlement,-29.879711264963394,154,cross_above_mid
2026-03-31 05:50:00+00:00,1,UP,140,0.5050603553675141,299,0.49552030193211827,settlement,-22.85115952448301,159,cross_below_mid
2026-03-31 06:10:00+00:00,1,DOWN,145,0.505385585202138,299,0.5069801562401829,settlement,-0.851152975935705,154,cross_above_mid
2026-03-31 06:25:00+00:00,1,DOWN,202,0.5052220614742665,299,0.49874772039554516,settlement,-16.78921268344697,97,cross_above_mid
2026-03-31 06:30:00+00:00,1,UP,234,0.5047257553248519,299,0.4942004396597606,settlement,-24.811826864274632,65,cross_below_mid
2026-03-31 06:35:00+00:00,1,UP,179,0.504537198813019,299,0.4948240208212361,settlement,-23.213155459309892,120,cross_below_mid
2026-03-31 06:50:00+00:00,1,UP,148,0.5054104744311958,299,0.502592271378913,settlement,-9.56491562495521,151,cross_below_mid
2026-03-31 06:55:00+00:00,1,UP,153,0.5050976496867563,299,0.493162441412813,settlement,-27.582247640198666,146,cross_below_mid
2026-03-31 07:00:00+00:00,1,DOWN,164,0.504816390326937,299,0.49241522626687306,settlement,-28.51656081120598,135,cross_above_mid
2026-03-31 07:20:00+00:00,1,UP,252,0.5061616739832666,299,0.49413207796940106,settlement,-27.718778878218096,47,cross_below_mid
2026-03-31 07:30:00+00:00,1,DOWN,199,0.5047760752774433,299,0.49099240844353287,settlement,-31.251884893082025,100,cross_above_mid
2026-03-31 07:35:00+00:00,1,DOWN,153,0.5054028243186948,299,0.49222525296809205,settlement,-30.021255867792043,146,cross_above_mid
2026-03-31 07:40:00+00:00,1,UP,180,0.5048449348129468,299,0.4941652452305689,settlement,-25.112087035521597,119,cross_below_mid
2026-03-31 07:50:00+00:00,1,DOWN,261,0.5057887389143246,299,0.49448396863657673,settlement,-26.306073404104563,38,cross_above_mid
2026-03-31 08:00:00+00:00,1,DOWN,183,0.5054674351982619,224,0.49340340385416115,stop,-27.819345111105036,41,cross_above_mid
2026-03-31 08:05:00+00:00,1,DOWN,212,0.5050584326126245,289,0.4930266148526188,stop,-27.774979980772958,77,cross_above_mid
2026-03-31 08:20:00+00:00,1,UP,163,0.505537908494139,299,0.49462561449484826,settlement,-25.542339809356662,136,cross_below_mid
2026-03-31 08:50:00+00:00,1,DOWN,209,0.5052762473754322,299,0.4974165958788017,settlement,-19.52404696318328,90,cross_above_mid
2026-03-31 09:00:00+00:00,1,DOWN,171,0.5048085465917354,273,0.4926776264583683,stop,-27.98267298531214,102,cross_above_mid
2026-03-31 09:10:00+00:00,1,DOWN,190,0.5059135257974473,299,0.5069361832403345,settlement,-1.9826352213202987,109,cross_above_mid
2026-03-31 09:20:00+00:00,1,UP,153,0.5054187589219841,299,0.5035379073815128,settlement,-7.713929893290809,146,cross_below_mid
2026-03-31 09:25:00+00:00,1,DOWN,183,0.5065683125318151,299,0.5234899999996767,settlement,29.337742758762143,116,cross_above_mid
2026-03-31 09:30:00+00:00,1,DOWN,140,0.5049640921369631,299,0.4921918823229302,settlement,-29.24271644833618,159,cross_above_mid
2026-03-31 09:40:00+00:00,1,DOWN,190,0.5045350178302075,293,0.49237321809707646,stop,-28.05675662685008,103,cross_above_mid
2026-03-31 10:15:00+00:00,1,UP,240,0.5046864030311629,299,0.4925709030839727,settlement,-27.95798435360097,59,cross_below_mid
2026-03-31 10:35:00+00:00,1,UP,184,0.5048141247235706,273,0.49199124663220994,stop,-29.350384841520615,89,cross_below_mid
2026-03-31 10:50:00+00:00,1,UP,140,0.5058125697797554,299,0.5100948993087263,settlement,4.449305385538102,159,cross_below_mid
2026-03-31 11:25:00+00:00,1,DOWN,181,0.5049406037902401,299,0.49619920820628916,settlement,-21.277106905839307,118,cross_above_mid
2026-03-31 11:35:00+00:00,1,DOWN,140,0.5048423673029887,282,0.49241659608367394,stop,-28.563944074514524,142,cross_above_mid
2026-03-31 12:05:00+00:00,1,DOWN,247,0.5052585386365325,299,0.4953967696327368,settlement,-23.479226402283775,52,cross_above_mid
2026-03-31 12:15:00+00:00,1,DOWN,240,0.5009862760971938,274,0.4889028502060101,stop,-28.071036702533934,34,cross_above_mid
2026-03-31 13:15:00+00:00,1,UP,144,0.5052610714631739,253,0.4932354181643591,stop,-27.75326869624446,109,cross_below_mid
2026-03-31 13:40:00+00:00,1,DOWN,140,0.503893329471243,299,0.49980851707718366,settlement,-12.090289215673906,159,cross_above_mid
2026-03-31 13:45:00+00:00,1,UP,231,0.5058496645372508,299,0.52149531715465,settlement,26.86759250191143,68,cross_below_mid
2026-03-31 13:50:00+00:00,1,DOWN,140,0.5049557270638331,180,0.4927331806784848,stop,-28.1567738294719,40,cross_above_mid
2026-03-31 14:45:00+00:00,1,UP,140,0.504958476821477,240,0.4908281773526375,stop,-31.927125728572403,100,cross_below_mid
2026-03-31 15:05:00+00:00,1,UP,180,0.5064697498885908,299,0.511391659949362,settlement,5.698636970381971,119,cross_below_mid
2026-03-31 15:15:00+00:00,1,DOWN,140,0.5049298188857274,299,0.5010220233385366,settlement,-11.723805982983592,159,cross_above_mid
2026-03-31 15:30:00+00:00,1,UP,185,0.5061736428726605,299,0.5109430671024513,settlement,5.403661072349909,114,cross_below_mid
2026-03-31 15:40:00+00:00,1,UP,140,0.5045806070720399,252,0.49245995979490165,stop,-27.97318845204239,112,cross_below_mid
2026-03-31 15:45:00+00:00,1,UP,175,0.5042812359932556,299,0.49760287278460835,settlement,-17.21684410704323,124,cross_below_mid
2026-03-31 15:50:00+00:00,1,UP,240,0.5056873733154659,299,0.5003242153810546,settlement,-14.58446759991249,59,cross_below_mid
2026-03-31 16:10:00+00:00,1,DOWN,244,0.5064807432531917,299,0.5018592343370694,settlement,-13.106498045048884,55,cross_above_mid
2026-03-31 16:25:00+00:00,1,DOWN,201,0.5054225016993877,299,0.5102382268356159,settlement,5.509061566899277,98,cross_above_mid
2026-03-31 16:30:00+00:00,1,DOWN,140,0.5050033923606821,299,0.5050477553033025,settlement,-3.912328872627705,159,cross_above_mid
2026-03-31 16:50:00+00:00,1,DOWN,215,0.5053923854368753,299,0.5087938047604496,settlement,2.7167938867791723,84,cross_above_mid
2026-03-31 16:55:00+00:00,1,DOWN,248,0.5062037857706893,299,0.49625087257558775,settlement,-23.62254658682256,51,cross_above_mid
2026-03-31 17:05:00+00:00,1,DOWN,217,0.5068108468685041,299,0.5183962984522303,settlement,18.81379878114315,82,cross_above_mid
2026-03-31 17:20:00+00:00,1,DOWN,140,0.5048289876898177,222,0.4923428412764802,stop,-28.68395124760011,82,cross_above_mid
2026-03-31 17:30:00+00:00,1,UP,195,0.5038347680013088,299,0.49364572105914073,settlement,-24.182546926291707,104,cross_below_mid
2026-03-31 17:40:00+00:00,1,DOWN,158,0.505585917318096,299,0.5040186755694231,settlement,-7.093652753368561,141,cross_above_mid
2026-03-31 18:05:00+00:00,1,DOWN,140,0.504726838967984,245,0.49256296640569874,stop,-28.051712490626453,105,cross_above_mid
2026-03-31 18:10:00+00:00,1,UP,140,0.5040617692811832,299,0.49616571499332485,settlement,-19.633524816849842,159,cross_below_mid
2026-03-31 18:20:00+00:00,1,UP,151,0.5050740971215704,299,0.4941396675616478,settlement,-25.60586092811665,148,cross_below_mid
2026-03-31 18:25:00+00:00,1,DOWN,179,0.505468931300144,203,0.49346363649426284,stop,-27.703304939933147,24,cross_above_mid
2026-03-31 18:30:00+00:00,1,DOWN,248,0.5053838872673876,299,0.49902082681641213,settlement,-16.565367614725083,51,cross_above_mid
2026-03-31 18:40:00+00:00,1,DOWN,158,0.5056572924877317,299,0.5022188759539105,settlement,-10.786295286815978,141,cross_above_mid
2026-03-31 18:45:00+00:00,1,UP,180,0.5050173483194755,299,0.4934897423628863,settlement,-26.780506022138184,119,cross_below_mid
2026-03-31 19:00:00+00:00,1,DOWN,140,0.5050682514130191,299,0.4903538768615908,settlement,-33.07517105112367,159,cross_above_mid
2026-03-31 19:05:00+00:00,1,UP,240,0.5046247380215865,299,0.49209325850473346,settlement,-28.783597821326627,59,cross_below_mid
2026-03-31 19:10:00+00:00,1,UP,140,0.5047905079844577,299,0.4977441043448808,settlement,-17.93114712155847,159,cross_below_mid
2026-03-31 19:30:00+00:00,1,DOWN,180,0.5054095042478305,299,0.5019022788340047,settlement,-10.925494937431477,119,cross_above_mid
2026-03-31 19:40:00+00:00,1,DOWN,180,0.5050849743431995,294,0.49302067268644756,stop,-27.83791572714123,114,cross_above_mid
2026-03-31 19:55:00+00:00,1,DOWN,140,0.5053647087126941,299,0.4953106608126089,settlement,-23.854848649491835,159,cross_above_mid
2026-03-31 20:25:00+00:00,1,DOWN,247,0.5052907525271974,299,0.4971167006045524,settlement,-20.14457374887461,52,cross_above_mid
2026-03-31 20:55:00+00:00,1,UP,140,0.5047436822404251,299,0.5045042681734255,settlement,-4.473379355250165,159,cross_below_mid
2026-03-31 21:05:00+00:00,1,UP,141,0.5053599197300649,279,0.4932002591680443,stop,-28.013264145242452,138,cross_below_mid
2026-03-31 21:10:00+00:00,1,DOWN,200,0.5049495437343718,299,0.49432951248664614,settlement,-24.989802479761693,99,cross_above_mid
2026-03-31 21:15:00+00:00,1,DOWN,150,0.5053541022358495,299,0.506515554828573,settlement,-1.7063020119760024,149,cross_above_mid
2026-03-31 21:20:00+00:00,1,DOWN,195,0.5051667306619677,299,0.49568302264637987,settlement,-22.735874761891232,104,cross_above_mid
2026-03-31 21:50:00+00:00,1,DOWN,140,0.504009389620616,240,0.4920046255355822,stop,-27.770895549946086,100,cross_above_mid
2026-03-31 22:10:00+00:00,1,UP,166,0.5053971284215115,299,0.5137199907190464,settlement,12.435029219264278,133,cross_below_mid
2026-03-31 22:35:00+00:00,1,DOWN,141,0.5048286067350846,289,0.4928231415716662,stop,-27.733706991329377,148,cross_above_mid
2026-03-31 22:50:00+00:00,1,UP,205,0.5049783354468041,299,0.49497972881331875,settlement,-23.760470340553056,94,cross_below_mid
2026-03-31 23:25:00+00:00,1,DOWN,240,0.5048364337742479,299,0.49256065732595977,settlement,-28.26771143239249,59,cross_above_mid
2026-03-31 23:30:00+00:00,1,UP,240,0.5046003499161065,299,0.4919043543102035,settlement,-29.110176036932458,59,cross_below_mid
2026-04-01 00:00:00+00:00,1,DOWN,198,0.5059684665747392,299,0.5097059669633549,settlement,3.372051094586431,101,cross_above_mid
2026-04-01 00:15:00+00:00,1,DOWN,140,0.5041091933604454,197,0.49210222904249645,stop,-27.770545245234235,57,cross_above_mid
2026-04-01 00:25:00+00:00,1,DOWN,255,0.505344017581736,299,0.4911531593513445,settlement,-32.025416391992785,44,cross_above_mid
2026-04-01 00:35:00+00:00,1,UP,175,0.5054219079722347,299,0.5025869356490273,settlement,-9.597902136676689,124,cross_below_mid
2026-04-01 00:45:00+00:00,1,UP,183,0.5047886536679301,299,0.5042977804378375,settlement,-4.970488302525822,116,cross_below_mid
2026-04-01 00:55:00+00:00,1,DOWN,212,0.5051006711454585,299,0.4891029704130623,settlement,-35.60895687333917,87,cross_above_mid
2026-04-01 01:00:00+00:00,1,DOWN,206,0.5051860189103031,299,0.4934411135254281,settlement,-27.202177287860497,93,cross_above_mid
2026-04-01 01:05:00+00:00,1,DOWN,140,0.5060136028982535,299,0.5092724720226965,settlement,2.42739912043065,159,cross_above_mid
2026-04-01 01:10:00+00:00,1,DOWN,172,0.5047736620123848,299,0.4944078458699107,settlement,-24.494501375024882,127,cross_above_mid
2026-04-01 01:25:00+00:00,1,UP,140,0.50520947631975,299,0.49330936748939247,settlement,-27.50769169891862,159,cross_below_mid
2026-04-01 01:30:00+00:00,1,UP,140,0.5051628203121503,276,0.49221699123469626,stop,-29.575788438499224,136,cross_below_mid
2026-04-01 01:40:00+00:00,1,DOWN,243,0.5046048902046969,292,0.492534984907099,stop,-27.871678061059274,49,cross_above_mid
2026-04-01 01:45:00+00:00,1,DOWN,208,0.5058716963731874,299,0.5099428017978203,settlement,4.031608099272444,91,cross_above_mid
2026-04-01 01:50:00+00:00,1,DOWN,183,0.5046066340266978,284,0.4925622552391049,stop,-27.821109790208872,101,cross_above_mid
2026-04-01 02:05:00+00:00,1,DOWN,160,0.5054171027620232,280,0.49314360161931137,stop,-28.235337651788733,120,cross_above_mid
2026-04-01 02:10:00+00:00,1,DOWN,151,0.5056153169088445,299,0.49376931270836033,settlement,-27.38202937434872,148,cross_above_mid
2026-04-01 02:30:00+00:00,1,UP,240,0.5042500453554497,299,0.48919107816142665,settlement,-33.804358766177316,59,cross_below_mid
2026-04-01 02:35:00+00:00,1,UP,240,0.5046311419961796,299,0.49214286220583636,settlement,-28.697847979538587,59,cross_below_mid
2026-04-01 02:45:00+00:00,1,DOWN,141,0.5050538583549672,270,0.49296560810238876,stop,-27.88670743228789,129,cross_above_mid
2026-04-01 02:50:00+00:00,1,UP,140,0.5049952881232712,299,0.49927165881880864,settlement,-15.311357115988146,159,cross_below_mid
2026-04-01 02:55:00+00:00,1,DOWN,140,0.5050390275210648,299,0.4925269103875889,settlement,-28.725005828758665,159,cross_above_mid
2026-04-01 03:10:00+00:00,1,DOWN,190,0.5054924351933935,299,0.508516514126574,settlement,1.9704766386057804,109,cross_above_mid
2026-04-01 03:15:00+00:00,1,UP,182,0.5049906440992411,299,0.496612422338354,settlement,-20.55766382024717,117,cross_below_mid
2026-04-01 03:20:00+00:00,1,DOWN,208,0.505259057194594,299,0.5013084571486336,settlement,-11.803321463963332,91,cross_above_mid
2026-04-01 03:25:00+00:00,1,DOWN,140,0.5049307428564469,299,0.49394604868318337,settlement,-25.71134346643206,159,cross_above_mid
2026-04-01 03:35:00+00:00,1,UP,184,0.5045497751471048,299,0.49816830195831485,settlement,-16.622560857460456,115,cross_below_mid
2026-04-01 03:50:00+00:00,1,DOWN,264,0.5055516407966941,299,0.49743116742928917,settlement,-20.030473974723456,35,cross_above_mid
2026-04-01 04:00:00+00:00,1,UP,146,0.5051951933331128,299,0.49234742087500827,settlement,-29.38044122825566,153,cross_below_mid
2026-04-01 04:05:00+00:00,1,UP,190,0.5047028708888577,299,0.49117721436674305,settlement,-30.745647761617292,109,cross_below_mid
2026-04-01 04:20:00+00:00,1,DOWN,140,0.504340542049897,275,0.4922828729261399,stop,-27.859977103167328,135,cross_above_mid
2026-04-01 04:25:00+00:00,1,UP,140,0.5051715784767373,299,0.5001579114309225,settlement,-13.904832189512488,159,cross_below_mid
2026-04-01 04:35:00+00:00,1,DOWN,140,0.5050991006186881,299,0.4896648713262799,settlement,-34.49572017640909,159,cross_above_mid
2026-04-01 04:50:00+00:00,1,DOWN,153,0.5047553659424072,235,0.49274667845284315,stop,-27.743521957827788,82,cross_above_mid
2026-04-01 05:20:00+00:00,1,DOWN,154,0.5053288078661411,267,0.4926754091147587,stop,-28.989851671438316,113,cross_above_mid
2026-04-01 05:30:00+00:00,1,DOWN,240,0.5043324841999025,299,0.4898295871869067,settlement,-32.69910559485748,59,cross_above_mid
2026-04-01 05:40:00+00:00,1,UP,240,0.5053459729500223,299,0.4976798751284347,settlement,-19.139658838640887,59,cross_below_mid
2026-04-01 05:50:00+00:00,1,UP,149,0.5054862354607192,299,0.4998117030646487,settlement,-15.203437272860139,150,cross_below_mid
2026-04-01 06:00:00+00:00,1,UP,184,0.505377935206609,299,0.5001600479982874,settlement,-14.304073587573738,115,cross_below_mid
2026-04-01 06:10:00+00:00,1,DOWN,140,0.5045300870686477,293,0.49237295273917736,stop,-28.047763199423493,153,cross_above_mid
2026-04-01 06:15:00+00:00,1,DOWN,173,0.5047115506629903,285,0.4926801272025755,stop,-27.790540552759552,112,cross_above_mid
2026-04-01 06:20:00+00:00,1,UP,167,0.5052471157290509,299,0.5071328446215758,settlement,-0.27517431341635445,132,cross_below_mid
2026-04-01 06:30:00+00:00,1,DOWN,185,0.5049285740561487,256,0.492697308455727,stop,-28.175306561009545,71,cross_above_mid
2026-04-01 06:35:00+00:00,1,UP,140,0.5055069152057022,299,0.4986622550384757,settlement,-17.51311058546525,159,cross_below_mid
2026-04-01 06:50:00+00:00,1,UP,150,0.5052672010126497,299,0.5122175435726911,settlement,9.728264690483472,149,cross_below_mid
2026-04-01 06:55:00+00:00,1,UP,248,0.5051870918500702,287,0.49317742840795137,stop,-27.725159071941732,39,cross_below_mid
2026-04-01 07:00:00+00:00,1,UP,200,0.5060654437185791,299,0.5000451332835537,settlement,-15.872515479433726,99,cross_below_mid
2026-04-01 07:05:00+00:00,1,UP,199,0.5054240942402094,299,0.5109068827731504,settlement,6.82620124017001,100,cross_below_mid
2026-04-01 07:25:00+00:00,1,UP,240,0.5047091342963652,299,0.4927469757246013,settlement,-27.653691687716226,59,cross_below_mid
2026-04-01 07:30:00+00:00,1,UP,140,0.505183791623744,299,0.4969019854074985,settlement,-20.36086260259297,159,cross_below_mid
2026-04-01 07:35:00+00:00,1,UP,240,0.5056185730747872,299,0.4997913331627284,settlement,-15.501922084999215,59,cross_below_mid
2026-04-01 07:40:00+00:00,1,DOWN,240,0.5055963753458955,299,0.499619402055933,settlement,-15.797986762270002,59,cross_above_mid
2026-04-01 07:50:00+00:00,1,UP,166,0.5049859652082436,283,0.49286980351199683,stop,-27.945080073399343,117,cross_below_mid
2026-04-01 08:00:00+00:00,1,DOWN,182,0.5047634265784878,275,0.4927096601951023,stop,-27.832271153560285,93,cross_above_mid
2026-04-01 08:10:00+00:00,1,DOWN,140,0.5048379073892666,299,0.503039723350336,settlement,-7.55477994933728,159,cross_above_mid
2026-04-01 08:25:00+00:00,1,UP,209,0.5056127387135946,299,0.5075514662562285,settlement,-0.17325684382203965,90,cross_below_mid
2026-04-01 08:30:00+00:00,1,UP,240,0.5050144911421476,299,0.49511224790295405,settlement,-23.56862412079481,59,cross_below_mid
2026-04-01 08:50:00+00:00,1,UP,140,0.5048234104702954,257,0.49236034264375594,stop,-28.63859922680487,117,cross_below_mid
2026-04-01 09:10:00+00:00,1,DOWN,150,0.5050646706392371,299,0.4939171161931407,settlement,-26.027395666229168,149,cross_above_mid
2026-04-01 09:15:00+00:00,1,UP,206,0.5049542148941278,280,0.4923916760706461,stop,-28.828812941908915,74,cross_below_mid
2026-04-01 09:30:00+00:00,1,DOWN,140,0.5043680265397804,299,0.4955896860777763,settlement,-21.369823858945807,159,cross_above_mid
2026-04-01 09:40:00+00:00,1,DOWN,140,0.5051267700731108,294,0.49303046187057953,stop,-27.899179970958414,154,cross_above_mid
2026-04-01 09:45:00+00:00,1,UP,144,0.5052582125885063,299,0.5134270766323694,settlement,12.135366259578154,155,cross_below_mid
2026-04-01 10:10:00+00:00,1,UP,240,0.5049403214150404,299,0.4945377317703741,settlement,-24.560418776387635,59,cross_below_mid
2026-04-01 10:35:00+00:00,1,UP,240,0.505344961947388,299,0.4976720441089403,settlement,-19.15315790081636,59,cross_below_mid
2026-04-01 10:40:00+00:00,1,UP,180,0.5052092955132259,299,0.49332219950616196,settlement,-27.481994334641545,119,cross_below_mid
2026-04-01 10:45:00+00:00,1,UP,140,0.505298882692136,299,0.5064691906585316,settlement,-1.6885613832349806,159,cross_below_mid
2026-04-01 10:50:00+00:00,1,DOWN,165,0.504697993634811,299,0.49292638176389625,settlement,-27.277422924874212,134,cross_above_mid
2026-04-01 10:55:00+00:00,1,DOWN,172,0.5061125311925582,299,0.49664711352474433,settlement,-22.664795377066348,127,cross_above_mid
2026-04-01 11:00:00+00:00,1,DOWN,203,0.5049191901534815,299,0.4972754466706234,settlement,-19.108271075166634,96,cross_above_mid
2026-04-01 11:05:00+00:00,1,UP,140,0.5045867139826403,280,0.4925420521242743,stop,-27.82261007185937,140,cross_below_mid
2026-04-01 11:15:00+00:00,1,UP,140,0.5049023301740894,287,0.49285459351456246,stop,-27.813796189180046,147,cross_below_mid
2026-04-01 11:20:00+00:00,1,UP,140,0.504709663265028,299,0.4973614615214529,settlement,-18.53014648589568,159,cross_below_mid
2026-04-01 11:25:00+00:00,1,UP,170,0.5055567609746124,299,0.4912191111589246,settlement,-32.303398590638245,129,cross_below_mid
2026-04-01 11:30:00+00:00,1,UP,240,0.5046857069143996,299,0.4925655110852165,settlement,-27.967303356931318,59,cross_below_mid
2026-04-01 11:45:00+00:00,1,UP,162,0.5051204491703536,299,0.5038654817601367,settlement,-6.4795224138195255,137,cross_below_mid
2026-04-01 11:55:00+00:00,1,DOWN,140,0.5048639310316828,299,0.49465474358423756,settlement,-24.181218039739438,159,cross_above_mid
2026-04-01 12:05:00+00:00,1,UP,219,0.5058716420848901,299,0.49648937051930664,settlement,-22.509649965476843,80,cross_below_mid
2026-04-01 12:10:00+00:00,1,UP,140,0.5055222025302618,299,0.5045841526189069,settlement,-5.8518945495300585,159,cross_below_mid
2026-04-01 12:15:00+00:00,1,UP,151,0.5054403015809117,299,0.5080695571990879,settlement,1.191507481165445,148,cross_below_mid
2026-04-01 12:50:00+00:00,1,DOWN,140,0.5037523401724927,299,0.49699528905234625,settlement,-17.386611793400455,159,cross_above_mid
2026-04-01 12:55:00+00:00,1,DOWN,140,0.5047333852096435,299,0.4963472291354263,settlement,-20.58179151076468,159,cross_above_mid
2026-04-01 13:05:00+00:00,1,DOWN,233,0.5058604046108113,299,0.4954890556846616,settlement,-24.461388426438912,66,cross_above_mid
2026-04-01 13:20:00+00:00,1,DOWN,158,0.5055307972579918,299,0.5018613484798684,settlement,-11.244088590508166,141,cross_above_mid
2026-04-01 13:30:00+00:00,1,DOWN,147,0.5057431722299901,286,0.49354929595665553,stop,-28.062585891428988,139,cross_above_mid
2026-04-01 13:35:00+00:00,1,DOWN,160,0.5056862715684359,242,0.4935926166861745,stop,-27.867500960748394,82,cross_above_mid
2026-04-01 13:55:00+00:00,1,UP,269,0.5046675243155884,299,0.4923339364776557,settlement,-28.39015801333698,30,cross_below_mid
2026-04-01 14:05:00+00:00,1,DOWN,140,0.5057071893202838,299,0.5046419967940587,settlement,-6.10212977711758,159,cross_above_mid
2026-04-01 14:10:00+00:00,1,DOWN,140,0.5048110572429209,281,0.4923913118747273,stop,-28.553554641123107,141,cross_above_mid
2026-04-01 14:25:00+00:00,1,DOWN,140,0.5043753341777953,258,0.4923471045034584,stop,-27.80007982459488,118,cross_above_mid
2026-04-01 14:30:00+00:00,1,UP,140,0.5040902485026398,233,0.4920741179649224,stop,-27.789585916933692,93,cross_below_mid
2026-04-01 14:45:00+00:00,1,DOWN,173,0.5053821263874202,246,0.4932181037869845,stop,-28.02082290090464,73,cross_above_mid
2026-04-01 14:50:00+00:00,1,DOWN,140,0.5052714589833446,283,0.4932231949311502,stop,-27.79744058428275,143,cross_above_mid
2026-04-01 15:00:00+00:00,1,DOWN,161,0.5049372009043037,299,0.49447450272743754,settlement,-24.67934935633983,138,cross_above_mid
2026-04-01 15:05:00+00:00,1,DOWN,180,0.5047902094999912,299,0.49981588102077723,settlement,-13.834540624654554,119,cross_above_mid
2026-04-01 15:10:00+00:00,1,DOWN,190,0.5051585561777013,299,0.5078440149105845,settlement,1.3054388224093008,109,cross_above_mid
2026-04-01 15:15:00+00:00,1,DOWN,140,0.505031904818043,247,0.4927720078586303,stop,-28.226939028539594,107,cross_above_mid
2026-04-01 15:20:00+00:00,1,DOWN,140,0.5046824634962629,188,0.4925064672620296,stop,-28.077801629132257,48,cross_above_mid
2026-04-01 15:30:00+00:00,1,UP,185,0.504993282752918,299,0.4957018931340086,settlement,-22.36223798685371,114,cross_below_mid
2026-04-01 15:35:00+00:00,1,UP,168,0.5057221774072419,299,0.49196935246671303,settlement,-31.140038352708537,131,cross_below_mid
2026-04-01 15:40:00+00:00,1,UP,146,0.5048842807042295,299,0.4990088337675649,settlement,-15.613940593698882,153,cross_below_mid
2026-04-01 15:45:00+00:00,1,UP,140,0.5053422362015009,299,0.49999689599035446,settlement,-14.556508339423607,159,cross_below_mid
2026-04-01 15:55:00+00:00,1,DOWN,146,0.5048188355134172,299,0.49049078212501407,settlement,-32.325799822986774,153,cross_above_mid
2026-04-01 16:00:00+00:00,1,UP,140,0.504551520893775,229,0.4924804907628508,stop,-27.876428019327335,89,cross_below_mid
2026-04-01 16:15:00+00:00,1,DOWN,161,0.5052926392671963,276,0.4932715715121285,stop,-27.7427278516393,115,cross_above_mid
2026-04-01 16:20:00+00:00,1,UP,170,0.5049321194718772,299,0.5027010781937103,settlement,-8.409660446911905,129,cross_below_mid
2026-04-01 16:40:00+00:00,1,DOWN,184,0.5047517205585377,282,0.4919118756413322,stop,-29.387065968178224,98,cross_above_mid
2026-04-01 16:50:00+00:00,1,DOWN,254,0.5049129664514591,299,0.49694331448194384,settlement,-19.752640938249474,45,cross_above_mid
2026-04-01 16:55:00+00:00,1,DOWN,163,0.5049479878265557,299,0.5016951192649225,settlement,-10.429103398318778,136,cross_above_mid
2026-04-01 17:15:00+00:00,1,UP,192,0.504997582070401,299,0.49538528695087114,settlement,-22.99627021967298,107,cross_below_mid
2026-04-01 17:25:00+00:00,1,DOWN,176,0.5054514952604885,299,0.5037003786011701,settlement,-7.457531419704457,123,cross_above_mid
2026-04-01 17:30:00+00:00,1,UP,180,0.5046628985779514,240,0.49241140796465904,stop,-28.22802957482954,60,cross_below_mid
2026-04-01 17:45:00+00:00,1,DOWN,189,0.5052184564728471,299,0.5113757654706793,settlement,8.163044126965254,110,cross_above_mid
2026-04-01 17:50:00+00:00,1,DOWN,144,0.50519668708828,299,0.4920214242648502,settlement,-30.027312992821138,155,cross_above_mid
2026-04-01 18:05:00+00:00,1,UP,167,0.5045994198377902,299,0.49499323006012935,settlement,-22.999184345450495,132,cross_below_mid
2026-04-01 18:15:00+00:00,1,UP,140,0.5044162522157332,262,0.4923791205916077,stop,-27.815761899240613,122,cross_below_mid
2026-04-01 18:20:00+00:00,1,DOWN,140,0.5045565129452831,299,0.49974388981415696,settlement,-13.519246628741453,159,cross_above_mid
2026-04-01 18:30:00+00:00,1,UP,219,0.5051510868313858,299,0.5095772818514707,settlement,4.744596904171748,80,cross_below_mid
2026-04-01 18:35:00+00:00,1,DOWN,201,0.5056427729089937,275,0.49361930191433245,stop,-27.73103047362575,74,cross_above_mid
2026-04-01 18:40:00+00:00,1,UP,181,0.5058568861721381,299,0.5003979180386525,settlement,-14.769943725476292,118,cross_below_mid
2026-04-01 18:45:00+00:00,1,DOWN,187,0.5058734445660723,299,0.5017540102574295,settlement,-12.126924795493116,112,cross_above_mid
2026-04-01 18:50:00+00:00,1,DOWN,193,0.505288569706975,299,0.5094931566275495,settlement,4.304517454583907,106,cross_above_mid
2026-04-01 18:55:00+00:00,1,DOWN,256,0.5059280426987924,299,0.4969348948553567,settlement,-21.739996185766472,43,cross_above_mid
2026-04-01 19:05:00+00:00,1,UP,231,0.50550494154408,299,0.49555584462557545,settlement,-23.642139786682396,68,cross_below_mid
2026-04-01 19:10:00+00:00,1,DOWN,140,0.5054257657331218,299,0.5127640224443516,settlement,10.489922545172279,159,cross_above_mid
2026-04-01 19:15:00+00:00,1,UP,142,0.5049522109401056,299,0.5014954149843615,settlement,-10.83209675903731,157,cross_below_mid
2026-04-01 19:20:00+00:00,1,DOWN,170,0.5049934739269889,299,0.491432354241488,settlement,-30.80034128141349,129,cross_above_mid
2026-04-01 19:35:00+00:00,1,UP,140,0.5047851788887977,299,0.5054663161271643,settlement,-2.6533381083290064,159,cross_below_mid
2026-04-01 19:40:00+00:00,1,UP,146,0.5052139524592242,299,0.49144884916389675,settlement,-31.191594812191045,153,cross_below_mid
2026-04-01 19:55:00+00:00,1,DOWN,157,0.505269960970609,299,0.49707942265545835,settlement,-20.177801709838395,142,cross_above_mid
2026-04-01 20:05:00+00:00,1,UP,231,0.5052873984805899,299,0.4998298259543277,settlement,-14.77932558300071,68,cross_below_mid
2026-04-01 20:10:00+00:00,1,UP,151,0.5054650461402048,299,0.4945602290613768,settlement,-25.530682542293242,148,cross_below_mid
2026-04-01 20:15:00+00:00,1,DOWN,147,0.5047503346010773,299,0.49841552109490095,settlement,-16.525289129645934,152,cross_above_mid
2026-04-01 20:20:00+00:00,1,DOWN,154,0.505214546561043,273,0.493204298893004,stop,-27.72502386222309,119,cross_above_mid
2026-04-01 20:50:00+00:00,1,DOWN,140,0.504537166702514,280,0.492521349497832,stop,-27.76789335193473,140,cross_above_mid
2026-04-01 21:00:00+00:00,1,DOWN,177,0.5050313698927901,270,0.49296840715867485,stop,-27.83780003844641,93,cross_above_mid
2026-04-01 21:15:00+00:00,1,DOWN,140,0.504707669968216,281,0.49267853128958994,stop,-27.78620559109962,141,cross_above_mid
2026-04-01 21:25:00+00:00,1,UP,140,0.5056890388905223,299,0.49797887028536747,settlement,-19.21636356767143,159,cross_below_mid
2026-04-01 21:30:00+00:00,1,DOWN,179,0.5049086751785712,291,0.4926319577370639,stop,-28.266099215449263,112,cross_above_mid
2026-04-01 21:40:00+00:00,1,UP,140,0.5041773997783432,290,0.49207998829003186,stop,-27.946366240618065,150,cross_below_mid
2026-04-01 21:45:00+00:00,1,UP,142,0.5047862855430171,299,0.49120460575249536,settlement,-30.851990276161295,157,cross_below_mid
2026-04-01 21:50:00+00:00,1,DOWN,238,0.5052781129348137,299,0.49434430228658355,settlement,-25.59591470042851,61,cross_above_mid
2026-04-01 21:55:00+00:00,1,UP,140,0.5051316459330631,299,0.502236770194248,settlement,-9.719471370677908,159,cross_below_mid
2026-04-01 22:00:00+00:00,1,UP,140,0.5042792075089895,273,0.49227145584963744,stop,-27.764089372690815,133,cross_below_mid
2026-04-01 22:05:00+00:00,1,UP,140,0.5041386924433036,292,0.4920076134346028,stop,-28.01485351582076,152,cross_below_mid
2026-04-01 22:10:00+00:00,1,UP,153,0.5046971240965308,299,0.4940512566887795,settlement,-25.051389369327264,146,cross_below_mid
2026-04-01 22:25:00+00:00,1,DOWN,140,0.5051025766285832,299,0.5074931303479256,settlement,0.7233427867823687,159,cross_above_mid
2026-04-01 22:30:00+00:00,1,DOWN,140,0.5050010682159664,282,0.4927484941817942,stop,-28.213946575008798,142,cross_above_mid
2026-04-01 22:35:00+00:00,1,DOWN,140,0.5057193824703631,299,0.5031686110427155,settlement,-9.03375977475311,159,cross_above_mid
2026-04-01 22:45:00+00:00,1,UP,140,0.5047496839530261,271,0.4927136980261057,stop,-27.797764192724948,131,cross_below_mid
2026-04-01 22:50:00+00:00,1,DOWN,159,0.5056424264954201,299,0.501458345746408,settlement,-12.258232238255243,140,cross_above_mid
2026-04-01 22:55:00+00:00,1,DOWN,171,0.5048726136229817,299,0.496441938170035,settlement,-20.665221830241585,128,cross_above_mid
2026-04-01 23:10:00+00:00,1,DOWN,229,0.5055701753078262,299,0.500906792226917,settlement,-13.205559469392469,70,cross_above_mid
2026-04-01 23:15:00+00:00,1,UP,140,0.5045028510035663,260,0.4924938683412679,stop,-27.755990026881072,120,cross_below_mid
2026-04-01 23:30:00+00:00,1,DOWN,240,0.5048494087608263,299,0.49383352691157767,settlement,-25.776493930209767,59,cross_above_mid
2026-04-01 23:35:00+00:00,1,UP,180,0.505167401120585,299,0.49627269423769804,settlement,-21.572229422227185,119,cross_below_mid
2026-04-01 23:45:00+00:00,1,DOWN,140,0.5049633825898079,291,0.49292355495943174,stop,-27.795285736344233,151,cross_above_mid
2026-04-01 23:50:00+00:00,1,DOWN,140,0.5055609019423528,299,0.4995439962357967,settlement,-15.87764297451093,159,cross_above_mid
2026-04-02 00:00:00+00:00,1,UP,141,0.5045576757706484,299,0.49644213016461436,settlement,-20.052306611828374,158,cross_below_mid
2026-04-02 00:05:00+00:00,1,UP,142,0.5049144582704816,299,0.499864267939232,settlement,-13.982066997747138,157,cross_below_mid
2026-04-02 00:10:00+00:00,1,DOWN,196,0.5043579200303215,288,0.49227327886484207,stop,-27.912526014112053,92,cross_above_mid
2026-04-02 00:15:00+00:00,1,UP,142,0.5048910566821339,299,0.49419290382259623,settlement,-25.146654139568874,157,cross_below_mid
2026-04-02 00:20:00+00:00,1,DOWN,150,0.5045791795671677,290,0.49251632334936757,stop,-27.858952158294457,140,cross_above_mid
2026-04-02 00:35:00+00:00,1,DOWN,140,0.5052149285299307,285,0.49287034244681105,stop,-28.38545699114966,145,cross_above_mid
2026-04-02 00:40:00+00:00,1,UP,140,0.5053637106330428,299,0.5196213331031933,settlement,24.156171339224453,159,cross_below_mid
2026-04-02 00:50:00+00:00,1,DOWN,159,0.5050971626938597,228,0.49290292300715943,stop,-28.094079528027503,69,cross_above_mid
2026-04-02 01:05:00+00:00,1,DOWN,140,0.5062513473670897,192,0.4937211398044121,stop,-28.701459487641667,52,cross_above_mid
2026-04-02 01:35:00+00:00,1,DOWN,140,0.5040985566220281,299,0.4958637644392504,settlement,-20.30300759733021,159,cross_above_mid
2026-04-02 01:40:00+00:00,1,DOWN,211,0.5064602467476528,299,0.5199976050567424,settlement,22.67590137474907,88,cross_above_mid
2026-04-02 01:45:00+00:00,1,UP,140,0.5050315794264593,289,0.4929394899194125,stop,-27.895347973561627,149,cross_below_mid
2026-04-02 02:00:00+00:00,1,DOWN,172,0.5058960717545428,299,0.5319446524081596,settlement,47.38700405826217,127,cross_above_mid
2026-04-02 02:05:00+00:00,1,UP,180,0.5044589286512352,299,0.49081400655675106,settlement,-30.994531124078726,119,cross_below_mid
2026-04-02 02:25:00+00:00,1,DOWN,140,0.504884195717155,299,0.49517386305923716,settlement,-23.19432629265951,159,cross_above_mid
2026-04-02 02:35:00+00:00,1,DOWN,140,0.5053739697141267,299,0.492281832883965,settlement,-29.854027590483934,159,cross_above_mid
2026-04-02 02:40:00+00:00,1,UP,183,0.505304213908828,204,0.49269711520122217,stop,-28.899623165344764,21,cross_below_mid
2026-04-02 02:50:00+00:00,1,DOWN,140,0.5042565834986998,274,0.4922479763845593,stop,-27.766848648279776,134,cross_above_mid
2026-04-02 03:00:00+00:00,1,DOWN,180,0.5053695051059034,299,0.49833105020530055,settlement,-17.899489224878405,119,cross_above_mid
2026-04-02 03:25:00+00:00,1,UP,140,0.5046594882810951,299,0.49097710650573473,settlement,-31.057882253080308,159,cross_below_mid
2026-04-02 03:35:00+00:00,1,UP,140,0.5049119614944942,246,0.49290314644406763,stop,-27.73641017505672,106,cross_below_mid
2026-04-02 03:40:00+00:00,1,UP,140,0.5040149938909355,161,0.49197905694191346,stop,-27.832356617793938,21,cross_below_mid
2026-04-02 03:45:00+00:00,1,DOWN,140,0.505365311949988,299,0.5053015130059461,settlement,-4.125990733135591,159,cross_above_mid
2026-04-02 04:10:00+00:00,1,UP,140,0.504564401487285,244,0.4924786993598206,stop,-27.90483888212519,104,cross_below_mid
2026-04-02 04:25:00+00:00,1,UP,140,0.5046422192467188,299,0.4987991093319696,settlement,-15.55556049912812,159,cross_below_mid
2026-04-02 04:45:00+00:00,1,UP,186,0.5057820691976165,299,0.5043857614146695,settlement,-6.755169177095936,113,cross_below_mid
2026-04-02 04:50:00+00:00,1,DOWN,155,0.5050050457077727,299,0.5010528756710974,settlement,-11.810349084877082,144,cross_above_mid
2026-04-02 04:55:00+00:00,1,DOWN,145,0.5050871966512506,299,0.4908236818953686,settlement,-32.1832282044541,154,cross_above_mid
2026-04-02 05:05:00+00:00,1,UP,140,0.5048061902089823,219,0.4927949441062168,stop,-27.74618981117769,79,cross_below_mid
2026-04-02 05:30:00+00:00,1,DOWN,140,0.504899735754274,299,0.4915611818541108,settlement,-30.365386728666437,159,cross_above_mid
2026-04-02 05:35:00+00:00,1,DOWN,194,0.5054949009568632,299,0.4923960374531531,settlement,-29.861122935082367,105,cross_above_mid
2026-04-02 06:00:00+00:00,1,UP,140,0.5051156599936925,299,0.4961292541438157,settlement,-21.755206873390133,159,cross_below_mid
2026-04-02 06:25:00+00:00,1,UP,140,0.5048765870378304,282,0.49283150141707693,stop,-27.809770066860466,142,cross_below_mid
2026-04-02 06:45:00+00:00,1,UP,180,0.505527486155961,299,0.5010668427610409,settlement,-12.806093100854444,119,cross_below_mid
2026-04-02 07:00:00+00:00,1,UP,140,0.5044611975877823,299,0.4980306092596357,settlement,-16.72194409040455,159,cross_below_mid
2026-04-02 07:20:00+00:00,1,DOWN,206,0.5052730658762924,299,0.4951260562981964,settlement,-24.04206486125893,93,cross_above_mid
2026-04-02 07:25:00+00:00,1,DOWN,211,0.5052599462503493,299,0.4971517931325119,settlement,-20.015393406213715,88,cross_above_mid
2026-04-02 07:30:00+00:00,1,DOWN,141,0.5041624002868575,275,0.49215478070525964,stop,-27.769333721864815,134,cross_above_mid
2026-04-02 07:45:00+00:00,1,DOWN,140,0.5047428152849448,281,0.4923933402467604,stop,-28.41793268746236,141,cross_above_mid
2026-04-02 07:50:00+00:00,1,DOWN,155,0.5054473976813549,299,0.49675879230909714,settlement,-21.155550115186887,144,cross_above_mid
2026-04-02 08:45:00+00:00,1,UP,160,0.5053450067649082,299,0.4938259784773092,settlement,-26.748795530044486,139,cross_below_mid
2026-04-02 08:50:00+00:00,1,UP,156,0.5050295825120165,299,0.4921597088433145,settlement,-29.432438744435228,143,cross_below_mid
2026-04-02 08:55:00+00:00,1,UP,140,0.5048274311933146,294,0.490457756698323,stop,-32.40759883452147,154,cross_below_mid
2026-04-02 09:05:00+00:00,1,DOWN,140,0.5053455803995573,299,0.5161718176145488,settlement,17.380586196120834,159,cross_above_mid
2026-04-02 09:10:00+00:00,1,DOWN,188,0.5042953621335728,251,0.49220811162123757,stop,-27.920656260398957,63,cross_above_mid
2026-04-02 09:15:00+00:00,1,DOWN,145,0.5048770480667277,299,0.505782033372733,settlement,-2.2110984469354085,154,cross_above_mid
2026-04-02 09:20:00+00:00,1,UP,265,0.5057372669813124,299,0.5000797176783475,settlement,-15.1643625514503,34,cross_below_mid
2026-04-02 09:30:00+00:00,1,DOWN,144,0.5051149889303245,299,0.5000022621813112,settlement,-14.101662804187978,155,cross_above_mid
2026-04-02 09:55:00+00:00,1,UP,181,0.5053377004246428,299,0.5034679215838687,settlement,-7.692657962238909,118,cross_below_mid
2026-04-02 10:10:00+00:00,1,DOWN,140,0.50494381704006,299,0.49756499444616376,settlement,-18.583929340646215,159,cross_above_mid
2026-04-02 10:45:00+00:00,1,DOWN,149,0.5053409132122896,299,0.4990331901728672,settlement,-16.45715007187441,150,cross_above_mid
2026-04-02 10:50:00+00:00,1,UP,268,0.5046768076045617,299,0.49471408394910243,settlement,-23.701317869829648,31,cross_below_mid
2026-04-02 10:55:00+00:00,1,DOWN,140,0.5048526068834363,299,0.4954470829737957,settlement,-22.59297690818608,159,cross_above_mid
2026-04-02 11:35:00+00:00,1,UP,140,0.5052136623231162,299,0.49101607413956705,settlement,-32.045941873440285,159,cross_below_mid
2026-04-02 11:55:00+00:00,1,DOWN,246,0.5049742105578487,299,0.4979856468673297,settlement,-17.811767843417428,53,cross_above_mid
2026-04-02 12:00:00+00:00,1,DOWN,184,0.5054042428072248,299,0.5005367577564074,settlement,-13.611613178658475,115,cross_above_mid
2026-04-02 12:10:00+00:00,1,DOWN,151,0.5051553301913446,285,0.49314590485126,stop,-27.72618039062282,134,cross_above_mid
2026-04-02 12:20:00+00:00,1,DOWN,182,0.5054786801068964,268,0.49309757069888516,stop,-28.444843423628082,86,cross_above_mid
2026-04-02 12:25:00+00:00,1,DOWN,151,0.505273660397748,299,0.492349944162335,settlement,-29.526501406760552,148,cross_above_mid
2026-04-02 12:30:00+00:00,1,UP,263,0.5044449475815,299,0.4898822660698167,settlement,-32.81098565530159,36,cross_below_mid
2026-04-02 12:35:00+00:00,1,UP,154,0.5054033861862758,299,0.5048513624658153,settlement,-5.090059323062211,145,cross_below_mid
2026-04-02 12:40:00+00:00,1,UP,152,0.5051493256530474,299,0.50288337194577,settlement,-8.476739223474677,147,cross_below_mid
2026-04-02 12:55:00+00:00,1,UP,140,0.5049188847161418,266,0.4925964107191315,stop,-28.35604890462732,126,cross_below_mid
2026-04-02 13:00:00+00:00,1,UP,154,0.5053820174935181,250,0.4933594747056619,stop,-27.741441695507838,96,cross_below_mid
2026-04-02 13:05:00+00:00,1,UP,185,0.506377892954168,299,0.5041988780049527,settlement,-8.294533686354566,114,cross_below_mid
2026-04-02 13:10:00+00:00,1,DOWN,185,0.5052668538192223,299,0.5018839103966902,settlement,-10.681969161774818,114,cross_above_mid
2026-04-02 13:15:00+00:00,1,UP,140,0.5043998058534336,276,0.49239059887745046,stop,-27.761287024590494,136,cross_below_mid
2026-04-02 13:35:00+00:00,1,DOWN,140,0.5057321811039756,299,0.5172029623731372,settlement,18.636170159536967,159,cross_above_mid
2026-04-02 13:40:00+00:00,1,UP,168,0.5052402285519753,299,0.507684616126315,settlement,0.8283938240284012,131,cross_below_mid
2026-04-02 13:55:00+00:00,1,DOWN,155,0.504605598519308,259,0.49254143983102816,stop,-27.860279010444945,104,cross_above_mid
2026-04-02 14:00:00+00:00,1,DOWN,162,0.5053878020277439,299,0.4974939794313026,settlement,-19.588098722683412,137,cross_above_mid
2026-04-02 14:40:00+00:00,1,DOWN,140,0.5050925893154763,262,0.49195139009322375,stop,-29.96537169864628,122,cross_above_mid
2026-04-02 14:55:00+00:00,1,UP,140,0.5058346862277668,299,0.4952583426081568,settlement,-24.866878487684442,159,cross_below_mid
2026-04-02 15:00:00+00:00,1,DOWN,214,0.5061581097552753,299,0.5044668474070945,settlement,-7.3346888866416915,85,cross_above_mid
2026-04-02 15:05:00+00:00,1,UP,140,0.5040202810832931,299,0.4985574463645619,settlement,-14.816844587237517,159,cross_below_mid
2026-04-02 15:10:00+00:00,1,UP,141,0.5058900981968862,299,0.5091144999789684,settlement,2.3609724522926174,158,cross_below_mid
2026-04-02 15:15:00+00:00,1,DOWN,165,0.5054197965545558,299,0.5100766322183098,settlement,5.19536991647061,134,cross_above_mid
2026-04-02 15:20:00+00:00,1,UP,141,0.5035800551448283,299,0.49067476457740083,settlement,-29.57583417911278,158,cross_below_mid
2026-04-02 15:40:00+00:00,1,DOWN,247,0.5061479340609133,284,0.493939806511012,stop,-28.071443297317167,37,cross_above_mid
2026-04-02 15:45:00+00:00,1,DOWN,174,0.5052428155406655,299,0.5141594787732214,settlement,13.612976636922722,125,cross_above_mid
2026-04-02 15:50:00+00:00,1,DOWN,153,0.5055105694028169,292,0.49348798341782907,stop,-27.735489501618733,139,cross_above_mid
2026-04-02 15:55:00+00:00,1,DOWN,244,0.5053039481198401,299,0.49236762797870215,settlement,-29.54986468816154,55,cross_above_mid
2026-04-02 16:05:00+00:00,1,UP,234,0.505569476912744,299,0.5067657487062647,settlement,-1.6385456313066262,65,cross_below_mid
2026-04-02 16:10:00+00:00,1,UP,140,0.5051039427678798,299,0.49444581867419635,settlement,-25.05865138808522,159,cross_below_mid
2026-04-02 16:15:00+00:00,1,UP,158,0.5047201954195166,299,0.49126810127974224,settlement,-30.599272375728894,141,cross_below_mid
2026-04-02 16:20:00+00:00,1,UP,214,0.5040788286903828,288,0.49203608763332357,stop,-27.842809677545972,74,cross_below_mid
2026-04-02 16:40:00+00:00,1,DOWN,161,0.5037987409882757,291,0.49170755176370573,stop,-27.952038511350025,130,cross_above_mid
2026-04-02 16:45:00+00:00,1,UP,140,0.5051143878926757,299,0.49483541160272987,settlement,-24.30909945005488,159,cross_below_mid
2026-04-02 16:50:00+00:00,1,UP,180,0.504976210295809,299,0.49784736681354325,settlement,-18.088952410517624,119,cross_below_mid
2026-04-02 17:05:00+00:00,1,UP,180,0.505142759453855,299,0.5096222235962615,settlement,4.849983753018811,119,cross_below_mid
2026-04-02 17:20:00+00:00,1,DOWN,209,0.504507424209034,294,0.49233498462381975,stop,-28.079119797076597,85,cross_above_mid
2026-04-02 17:25:00+00:00,1,DOWN,201,0.5053471597468117,299,0.513863449366463,settlement,12.818650063592568,98,cross_above_mid
2026-04-02 17:35:00+00:00,1,UP,172,0.5046179911164866,292,0.4925421187556856,stop,-27.88285956553897,120,cross_below_mid
2026-04-02 17:45:00+00:00,1,UP,140,0.5037843326657533,253,0.4915486342213763,stop,-28.238997236918934,113,cross_below_mid
2026-04-02 17:50:00+00:00,1,DOWN,217,0.5054524361044527,299,0.49476214423833487,settlement,-25.1076463783841,82,cross_above_mid
2026-04-02 17:55:00+00:00,1,UP,180,0.5026549196866884,270,0.49064701617810397,stop,-27.841182553305135,90,cross_below_mid
2026-04-02 18:10:00+00:00,1,UP,140,0.5053775184820593,299,0.49130722056840825,settlement,-31.78548076297578,159,cross_below_mid
2026-04-02 18:25:00+00:00,1,DOWN,140,0.5049980890034842,299,0.5083847068355773,settlement,2.692786903606773,159,cross_above_mid
2026-04-02 19:00:00+00:00,1,UP,180,0.504851530117291,290,0.4928057840304038,stop,-27.812257421346132,110,cross_below_mid
2026-04-02 19:05:00+00:00,1,UP,140,0.5052747881408449,299,0.49827469423294135,settlement,-17.82632556394323,159,cross_below_mid
2026-04-02 19:10:00+00:00,1,UP,180,0.5051585130735942,299,0.49634828193179126,settlement,-21.40564684542562,119,cross_below_mid
2026-04-02 19:20:00+00:00,1,DOWN,225,0.5051474118737629,299,0.49663403116742166,settlement,-20.819553550542174,74,cross_above_mid
2026-04-02 19:25:00+00:00,1,DOWN,167,0.5043885429149013,299,0.49244683147497337,settlement,-27.628268691778803,132,cross_above_mid
2026-04-02 19:40:00+00:00,1,UP,168,0.5056027449667738,299,0.49615388359561674,settlement,-22.65093443872514,131,cross_below_mid
2026-04-02 19:45:00+00:00,1,UP,244,0.5044805952499276,299,0.48922101749285124,settlement,-34.18760036551555,55,cross_below_mid
2026-04-02 19:55:00+00:00,1,DOWN,161,0.5047426379486514,299,0.503150860761232,settlement,-7.147333935371022,138,cross_above_mid
2026-04-02 20:30:00+00:00,1,UP,140,0.5045454252227811,267,0.4925348931032205,stop,-27.75705031916375,127,cross_below_mid
2026-04-02 20:50:00+00:00,1,DOWN,253,0.5049681474148553,299,0.497010224620111,settlement,-19.72773845204548,46,cross_above_mid
2026-04-02 21:00:00+00:00,1,UP,197,0.5054920086739951,277,0.49318016782399543,stop,-28.30744098315518,80,cross_below_mid
2026-04-02 21:05:00+00:00,1,UP,235,0.5054632478322313,299,0.49224029313183726,settlement,-30.107751350051277,64,cross_below_mid
2026-04-02 21:20:00+00:00,1,UP,197,0.5054295566660656,276,0.49342677003790486,stop,-27.700198963272587,79,cross_below_mid
2026-04-02 21:35:00+00:00,1,UP,175,0.5048112387242838,299,0.49229517376146775,settlement,-28.743967397510186,124,cross_below_mid
2026-04-02 22:00:00+00:00,1,UP,140,0.5048295520197856,299,0.5060149910741819,settlement,-1.6564997600593805,159,cross_below_mid
2026-04-02 22:10:00+00:00,1,UP,189,0.5048157569758591,299,0.48981621064055786,settlement,-33.653486516163795,110,cross_below_mid
2026-04-02 22:40:00+00:00,1,DOWN,140,0.5048509324213369,299,0.49680678893974284,settlement,-19.901832955179895,159,cross_above_mid
2026-04-02 22:45:00+00:00,1,DOWN,257,0.5057565631683714,299,0.49806237041697365,settlement,-19.182807154869415,42,cross_above_mid
2026-04-02 22:50:00+00:00,1,UP,183,0.505246719938882,299,0.5017046103357463,settlement,-10.99663203030209,116,cross_below_mid
2026-04-02 23:00:00+00:00,1,UP,204,0.504812399085939,299,0.5059386601778788,settlement,-1.7734133080107326,95,cross_below_mid
2026-04-02 23:05:00+00:00,1,UP,140,0.5047162951238204,290,0.49270828001714306,stop,-27.744030442932342,150,cross_below_mid
2026-04-02 23:40:00+00:00,1,UP,227,0.5051466836478223,299,0.49367428455562734,settlement,-26.665603209211454,72,cross_below_mid
2026-04-02 23:45:00+00:00,1,DOWN,148,0.5051933056452281,299,0.49684764414092375,settlement,-20.48669942420969,151,cross_above_mid
2026-04-03 00:10:00+00:00,1,UP,203,0.504319547304674,290,0.4922725415783299,stop,-27.83986854990576,87,cross_below_mid
2026-04-03 00:15:00+00:00,1,DOWN,175,0.5055189847142557,299,0.5017014139422304,settlement,-11.53668159987064,124,cross_above_mid
2026-04-03 00:30:00+00:00,1,DOWN,140,0.5048485170162461,299,0.494529554984945,settlement,-24.39883996907356,159,cross_above_mid
2026-04-03 00:40:00+00:00,1,DOWN,155,0.5051164843337848,299,0.49939283167000525,settlement,-15.308689254095443,144,cross_above_mid
2026-04-03 01:05:00+00:00,1,DOWN,141,0.5046343514735319,299,0.4908945354906359,settlement,-31.172815942652683,158,cross_above_mid
2026-04-03 01:10:00+00:00,1,DOWN,226,0.5051709598195241,294,0.49310713011748286,stop,-27.83292588104909,68,cross_above_mid
2026-04-03 01:30:00+00:00,1,DOWN,140,0.5048857626022817,299,0.5017189954514668,settlement,-10.25970041267106,159,cross_above_mid
2026-04-03 01:45:00+00:00,1,DOWN,245,0.5054108166323655,275,0.49340873068987756,stop,-27.699694142707322,30,cross_above_mid
2026-04-03 01:50:00+00:00,1,DOWN,185,0.5052392878342965,299,0.49638418852838073,settlement,-21.49149228909993,114,cross_above_mid
2026-04-03 01:55:00+00:00,1,UP,168,0.5054344071365185,299,0.5077986885174128,settlement,0.6683660328949013,131,cross_below_mid
2026-04-03 02:00:00+00:00,1,DOWN,140,0.5054867181963753,299,0.5120807927194062,settlement,9.018910561025468,159,cross_above_mid
2026-04-03 02:30:00+00:00,1,DOWN,179,0.5050677732256413,281,0.492812590231836,stop,-28.21590383743139,102,cross_above_mid
2026-04-03 02:35:00+00:00,1,UP,144,0.5048331479101186,232,0.49255555898705666,stop,-28.27145245105288,88,cross_below_mid
2026-04-03 02:40:00+00:00,1,DOWN,146,0.5045978292367834,289,0.4925086255837473,stop,-27.9101806362875,143,cross_above_mid
2026-04-03 02:55:00+00:00,1,UP,140,0.5047262493830514,299,0.5018942444795176,settlement,-9.59975015601338,159,cross_below_mid
2026-04-03 03:10:00+00:00,1,DOWN,170,0.505229018971888,299,0.48680588845783856,settlement,-40.39197980044051,129,cross_above_mid
2026-04-03 03:15:00+00:00,1,UP,140,0.5047610567695041,299,0.49512786075151094,settlement,-23.046496351138526,159,cross_below_mid
2026-04-03 03:45:00+00:00,1,DOWN,180,0.505293189063324,299,0.5013134078045086,settlement,-11.86042990933723,119,cross_above_mid
2026-04-03 04:35:00+00:00,1,UP,211,0.5051764819604839,299,0.49666492270669316,settlement,-20.814987313577376,88,cross_below_mid
2026-04-03 04:55:00+00:00,1,UP,174,0.5052613086759041,299,0.49194506127106274,settlement,-30.30245910746398,125,cross_below_mid
2026-04-03 05:00:00+00:00,1,DOWN,187,0.5047173286950801,290,0.49261073892339735,stop,-27.938897884441083,103,cross_above_mid
2026-04-03 05:20:00+00:00,1,UP,140,0.5046873604757073,288,0.4926844189773124,stop,-27.735358864757377,148,cross_below_mid
2026-04-03 05:35:00+00:00,1,UP,140,0.50529496628176,299,0.49442349344030717,settlement,-25.472071997091525,159,cross_below_mid
2026-04-03 05:45:00+00:00,1,UP,140,0.5044382350229409,277,0.4922233498402775,stop,-28.16639851208686,137,cross_below_mid
2026-04-03 05:55:00+00:00,1,UP,156,0.5050983463527806,299,0.503868245221622,settlement,-6.43049880832291,143,cross_below_mid
2026-04-03 06:05:00+00:00,1,UP,260,0.5051449663198785,299,0.4987239688554984,settlement,-16.685775166951593,39,cross_below_mid
2026-04-03 06:15:00+00:00,1,UP,200,0.5046549396010146,299,0.49431583646713523,settlement,-24.446495452456016,99,cross_below_mid
2026-04-03 06:20:00+00:00,1,DOWN,170,0.5053893622537186,299,0.4981068598409307,settlement,-18.380867407956163,129,cross_above_mid
2026-04-03 06:25:00+00:00,1,UP,140,0.5052442746122798,299,0.4935895914049047,settlement,-27.021287771912277,159,cross_below_mid
2026-04-03 06:40:00+00:00,1,UP,163,0.505222064994125,299,0.49858794210406476,settlement,-17.104840629549972,136,cross_below_mid
2026-04-03 06:45:00+00:00,1,UP,175,0.5053868537805267,299,0.49882313962874836,settlement,-16.961529716242914,124,cross_below_mid
2026-04-03 07:15:00+00:00,1,DOWN,216,0.504763261560591,299,0.4904353231341111,settlement,-32.32869116785062,83,cross_above_mid
2026-04-03 07:20:00+00:00,1,UP,146,0.5051599212741849,299,0.4941075214641556,settlement,-25.835253641237113,153,cross_below_mid
2026-04-03 07:30:00+00:00,1,DOWN,176,0.5049306357766031,244,0.4925412353985641,stop,-28.487762677076798,68,cross_above_mid
2026-04-03 07:40:00+00:00,1,UP,227,0.505266814721182,299,0.4939939205339909,settlement,-26.26615338872967,72,cross_below_mid
2026-04-03 07:45:00+00:00,1,DOWN,140,0.5051532585074531,299,0.5018608644319671,settlement,-10.504579020322266,159,cross_above_mid
2026-04-03 08:00:00+00:00,1,UP,183,0.5051892852031157,299,0.5066614293719837,settlement,-1.0917833699906296,116,cross_below_mid
2026-04-03 08:45:00+00:00,1,DOWN,140,0.5047285410202264,283,0.4926720558923666,stop,-27.839294154601465,143,cross_above_mid
2026-04-03 08:50:00+00:00,1,UP,164,0.5048145328798587,288,0.4924829384947282,stop,-28.37911429798152,124,cross_below_mid
2026-04-03 09:05:00+00:00,1,UP,176,0.5051398770010779,299,0.49060668156540177,settlement,-32.7130945410865,123,cross_below_mid
2026-04-03 09:35:00+00:00,1,DOWN,140,0.5047517229245587,294,0.4926422657141858,stop,-27.942936194312846,154,cross_above_mid
2026-04-03 10:05:00+00:00,1,UP,142,0.5052223358482275,299,0.4958741759778428,settlement,-22.466055217017566,157,cross_below_mid
2026-04-03 10:30:00+00:00,1,DOWN,140,0.5055842426203061,299,0.5009798600138285,settlement,-13.088839116996718,159,cross_above_mid
2026-04-03 10:35:00+00:00,1,UP,180,0.5049595105062231,299,0.4969724170775669,settlement,-19.785660188492823,119,cross_below_mid
2026-04-03 10:50:00+00:00,1,UP,180,0.5049356725279078,299,0.49924771416927516,settlement,-15.24218935353921,119,cross_below_mid
2026-04-03 11:00:00+00:00,1,DOWN,182,0.5048920588172429,299,0.4937293239432812,settlement,-26.06493290924643,117,cross_above_mid
2026-04-03 11:05:00+00:00,1,UP,152,0.5046410318369816,288,0.49262246497775153,stop,-27.768439284156976,136,cross_below_mid
2026-04-03 11:30:00+00:00,1,DOWN,156,0.5049129764366659,299,0.49264320009045603,settlement,-28.252172879247475,143,cross_above_mid
2026-04-03 12:10:00+00:00,1,DOWN,225,0.5058228467620506,299,0.49782684383534603,settlement,-19.77629593430583,74,cross_above_mid
2026-04-03 12:20:00+00:00,1,DOWN,140,0.5047797135567957,299,0.5005076241962042,settlement,-12.446348114563515,159,cross_above_mid
2026-04-03 12:40:00+00:00,1,DOWN,146,0.5047881337291927,294,0.4927086866766722,stop,-27.881877074556694,148,cross_above_mid
2026-04-03 12:55:00+00:00,1,UP,158,0.5051483452640596,281,0.4926406728860328,stop,-28.710873845871166,123,cross_below_mid
2026-04-03 13:00:00+00:00,1,UP,154,0.5044407306630317,279,0.4922810101316562,stop,-28.057139625426643,125,cross_below_mid
2026-04-03 13:05:00+00:00,1,UP,140,0.5053640938245023,290,0.49335329839588976,stop,-27.71908488203353,150,cross_below_mid
2026-04-03 13:10:00+00:00,1,DOWN,140,0.5052415772045661,284,0.49253320519813815,stop,-29.102754473588995,144,cross_above_mid
2026-04-03 13:15:00+00:00,1,DOWN,243,0.5051253823703424,299,0.4956235830281118,settlement,-22.77315231922686,56,cross_above_mid
2026-04-03 13:30:00+00:00,1,UP,156,0.5044498250990483,262,0.4923446468796388,stop,-27.94879978518901,106,cross_below_mid
2026-04-03 13:35:00+00:00,1,DOWN,176,0.504671597810444,299,0.4979699242548282,settlement,-17.25271768318671,123,cross_above_mid
2026-04-03 13:45:00+00:00,1,UP,172,0.50485708922612,263,0.4926633155665868,stop,-28.104615686130575,91,cross_below_mid
2026-04-03 13:55:00+00:00,1,DOWN,174,0.5053662611950966,299,0.4964370479198629,settlement,-21.633458212286705,125,cross_above_mid
2026-04-03 14:00:00+00:00,1,DOWN,150,0.5050392088567952,253,0.49299612752365285,stop,-27.798142717834175,103,cross_above_mid
2026-04-03 14:15:00+00:00,1,DOWN,140,0.5051998744128746,299,0.4926361173622176,settlement,-28.819146186700223,159,cross_above_mid
2026-04-03 14:20:00+00:00,1,DOWN,193,0.5047078677959055,299,0.49183686083076117,settlement,-29.450891041802453,106,cross_above_mid
2026-04-03 14:30:00+00:00,1,UP,179,0.5047760855154128,299,0.49392946993191184,settlement,-25.44499841207987,120,cross_below_mid
2026-04-03 14:35:00+00:00,1,DOWN,218,0.5054853509016107,299,0.4964785950248489,settlement,-21.78239932962544,81,cross_above_mid
2026-04-03 14:40:00+00:00,1,UP,140,0.5046421502088292,274,0.49261566085424197,stop,-27.784054445137496,134,cross_below_mid
2026-04-03 14:55:00+00:00,1,UP,141,0.5049680825799956,299,0.48977735230030006,settlement,-34.02239021064164,158,cross_below_mid
2026-04-03 15:05:00+00:00,1,DOWN,144,0.5048807419416131,299,0.490588811925328,settlement,-32.25092139858656,155,cross_above_mid
2026-04-03 15:10:00+00:00,1,DOWN,140,0.5045947296862525,299,0.49688640291641273,settlement,-19.245720305250547,159,cross_above_mid
2026-04-03 15:30:00+00:00,1,DOWN,157,0.5051813084047644,299,0.49927290785279543,settlement,-15.672212832824206,142,cross_above_mid
2026-04-03 15:35:00+00:00,1,DOWN,140,0.5052604843681335,299,0.49366268837609484,settlement,-26.908184507105343,159,cross_above_mid
2026-04-03 15:45:00+00:00,1,DOWN,147,0.5052089058943117,299,0.4990105850345058,settlement,-16.24428973027712,152,cross_above_mid
2026-04-03 15:50:00+00:00,1,UP,198,0.5052384895044862,299,0.495623740954545,settlement,-22.99205870529027,101,cross_below_mid
2026-04-03 15:55:00+00:00,1,UP,213,0.5052486275819431,299,0.49343705651828823,settlement,-27.33098454506095,86,cross_below_mid
2026-04-03 16:15:00+00:00,1,UP,140,0.5049812210573887,299,0.4963941368563066,settlement,-20.970749951325466,159,cross_below_mid
2026-04-03 16:40:00+00:00,1,UP,173,0.5050315948027273,299,0.4988867101742054,settlement,-16.142992482797744,126,cross_below_mid
2026-04-03 16:45:00+00:00,1,DOWN,197,0.5051584275141042,270,0.4927800581749183,stop,-28.454927261730404,73,cross_above_mid
2026-04-03 16:50:00+00:00,1,UP,140,0.5050896393688137,299,0.4974135949769216,settlement,-19.16699553109322,159,cross_below_mid
2026-04-03 17:25:00+00:00,1,DOWN,169,0.5052166450493221,299,0.4961347009464655,settlement,-21.940383206824066,130,cross_above_mid
2026-04-03 18:00:00+00:00,1,UP,163,0.5049576135501941,299,0.4945762316666002,settlement,-24.51779959704841,136,cross_below_mid
2026-04-03 18:35:00+00:00,1,UP,140,0.5051297012546898,293,0.4930903802282994,stop,-27.786450003816924,153,cross_below_mid
2026-04-03 19:15:00+00:00,1,UP,153,0.5051762106821228,299,0.4962639773933698,settlement,-21.6065472484654,146,cross_below_mid
2026-04-03 19:40:00+00:00,1,DOWN,167,0.5046918819887841,292,0.49262723542350584,stop,-27.857164543049464,125,cross_above_mid
2026-04-03 21:15:00+00:00,1,DOWN,142,0.5048200902144029,299,0.49871833224214124,settlement,-16.062821140360754,157,cross_above_mid
2026-04-03 22:00:00+00:00,1,UP,231,0.5041597888792704,294,0.491955425787875,stop,-28.158916744011282,63,cross_below_mid
2026-04-03 22:20:00+00:00,1,UP,140,0.5049818995506526,299,0.4929358105414809,settlement,-27.806787613280655,159,cross_below_mid
2026-04-03 22:30:00+00:00,1,UP,140,0.5048280094524608,299,0.49502753568934565,settlement,-23.374663514009974,159,cross_below_mid
2026-04-03 22:35:00+00:00,1,UP,176,0.5052013569981207,299,0.49691528247056616,settlement,-20.368725586242316,123,cross_below_mid
2026-04-03 23:30:00+00:00,1,UP,164,0.5054639937779828,299,0.49392506577200973,settlement,-26.78273090015443,135,cross_below_mid
2026-04-04 00:10:00+00:00,1,DOWN,158,0.5052200930667642,299,0.49777415027015015,settlement,-18.70854190678201,141,cross_above_mid
2026-04-04 01:25:00+00:00,1,DOWN,228,0.5052484092355175,299,0.4971095347994926,settlement,-20.07644188220802,71,cross_above_mid
2026-04-04 04:15:00+00:00,1,DOWN,140,0.5050323027111373,299,0.4938915083444606,settlement,-26.01544875101343,159,cross_above_mid
2026-04-04 08:05:00+00:00,1,UP,163,0.5050966007350488,299,0.49104352027334525,settlement,-31.76691484434881,136,cross_below_mid
2026-04-04 10:00:00+00:00,1,UP,217,0.5052258595139297,299,0.4921595834325795,settlement,-29.81052272687165,82,cross_below_mid
2026-04-04 11:00:00+00:00,1,UP,140,0.5052107577755356,299,0.4974687474348717,settlement,-19.293669426207,159,cross_below_mid
2026-04-04 13:55:00+00:00,1,UP,198,0.5053064327783787,299,0.49455952902362116,settlement,-25.225555923116627,101,cross_below_mid
2026-04-04 14:40:00+00:00,1,DOWN,190,0.5051545433071616,294,0.4930476504445156,stop,-27.918777405855714,104,cross_above_mid
2026-04-04 15:00:00+00:00,1,DOWN,142,0.5052490695837725,299,0.49573505967009657,settlement,-22.79267566325373,157,cross_above_mid
2026-04-04 15:05:00+00:00,1,DOWN,140,0.5042411843325834,282,0.49188998428425124,stop,-28.445638379480812,142,cross_above_mid
2026-04-04 15:10:00+00:00,1,DOWN,140,0.5047449128287254,166,0.4915748877663223,stop,-30.040252567613862,26,cross_above_mid
2026-04-04 15:15:00+00:00,1,DOWN,140,0.5047558774050543,294,0.49270501450379334,stop,-27.826886845355737,154,cross_above_mid
2026-04-04 15:20:00+00:00,1,UP,254,0.5053825614549715,292,0.4933078907663218,stop,-27.844355279255275,38,cross_below_mid
2026-04-04 15:25:00+00:00,1,DOWN,236,0.5054548529989515,299,0.49849170013454847,settlement,-17.748461445059437,63,cross_above_mid
2026-04-04 15:40:00+00:00,1,DOWN,188,0.5050812888543433,299,0.496694962593225,settlement,-20.5707061284738,111,cross_above_mid
2026-04-04 16:20:00+00:00,1,DOWN,188,0.5051633224648936,299,0.49237280448508347,settlement,-29.268930613499965,111,cross_above_mid
2026-04-04 16:40:00+00:00,1,DOWN,248,0.5046701170579869,299,0.4905841349053792,settlement,-31.855444008164316,51,cross_above_mid
2026-04-04 16:45:00+00:00,1,UP,140,0.504733487552363,283,0.49272157551059337,stop,-27.750927000742045,143,cross_below_mid
2026-04-04 16:55:00+00:00,1,UP,242,0.5044714050013035,280,0.4924216581748186,stop,-27.83811493299777,38,cross_below_mid
2026-04-04 18:00:00+00:00,1,DOWN,140,0.5049157591658247,299,0.4976361121392384,settlement,-18.38871257362965,159,cross_above_mid
2026-04-04 18:05:00+00:00,1,DOWN,194,0.5048112430948906,299,0.4915052909508525,settlement,-30.305555633700187,105,cross_above_mid
2026-04-04 19:10:00+00:00,1,UP,205,0.5052247132730997,299,0.5111733116469196,settlement,7.750615164114431,94,cross_below_mid
2026-04-04 22:00:00+00:00,1,DOWN,150,0.5050381108241021,299,0.49231266933707785,settlement,-29.14659850783705,149,cross_above_mid
2026-04-04 22:05:00+00:00,1,DOWN,166,0.5051670197741654,299,0.49391463960704296,settlement,-26.230024857538307,133,cross_above_mid
2026-04-04 22:20:00+00:00,1,DOWN,251,0.5055211598103059,299,0.493705675755419,settlement,-27.326131573210343,48,cross_above_mid
2026-04-04 22:25:00+00:00,1,DOWN,167,0.5051921944688783,299,0.4981694463246138,settlement,-17.873339146390443,132,cross_above_mid
2026-04-05 00:30:00+00:00,1,DOWN,180,0.5047717474440686,299,0.49456667589165204,settlement,-24.176765955864532,119,cross_above_mid
2026-04-05 01:35:00+00:00,1,DOWN,147,0.5048601357413915,299,0.49627022160898804,settlement,-20.980414370704008,152,cross_above_mid
2026-04-05 04:50:00+00:00,1,UP,180,0.5048861044492879,299,0.4937506225051742,settlement,-26.011322716729165,119,cross_below_mid
2026-04-05 06:00:00+00:00,1,DOWN,180,0.505,299,0.492979972563368,settlement,-27.754430458928184,119,cross_above_mid
2026-04-05 06:10:00+00:00,1,UP,153,0.5046298220242726,255,0.4925020748215612,stop,-27.98489185548734,102,cross_below_mid
2026-04-05 06:15:00+00:00,1,DOWN,240,0.5049571883634874,299,0.4946666553781358,settlement,-24.33826264096697,59,cross_above_mid
2026-04-05 06:25:00+00:00,1,UP,180,0.505047877896565,299,0.49722884680684964,settlement,-19.450798565941305,119,cross_below_mid
2026-04-05 10:00:00+00:00,1,UP,180,0.5051372857948077,299,0.5004335356036128,settlement,-13.29320171530428,119,cross_below_mid
2026-04-05 11:10:00+00:00,1,UP,240,0.5042659536077285,299,0.4893142903788468,settlement,-33.591051697358324,59,cross_below_mid
2026-04-05 12:55:00+00:00,1,DOWN,196,0.5049278022835278,299,0.49562595684195954,settlement,-22.385285398629005,103,cross_above_mid
2026-04-05 13:15:00+00:00,1,UP,215,0.5048985844737475,299,0.500934084940364,settlement,-11.836366858585384,84,cross_below_mid
2026-04-05 13:50:00+00:00,1,UP,167,0.5046027937159113,292,0.4924666218323635,stop,-28.002838847934832,125,cross_below_mid
2026-04-05 13:55:00+00:00,1,UP,147,0.5051509195510122,299,0.49880377270834975,settlement,-16.539722890353882,152,cross_below_mid
2026-04-05 14:05:00+00:00,1,DOWN,169,0.5046205185549211,299,0.4926904607437297,settlement,-27.594359043632856,130,cross_above_mid
2026-04-05 14:45:00+00:00,1,DOWN,240,0.5046941131426768,299,0.4926306242888754,settlement,-27.85476977554967,59,cross_above_mid
2026-04-05 15:05:00+00:00,1,DOWN,180,0.504225182035509,292,0.4922023977717719,stop,-27.79638923778442,112,cross_above_mid
2026-04-05 15:10:00+00:00,1,UP,240,0.5046812615009545,299,0.4925327983658629,settlement,-28.023412663991866,59,cross_below_mid
2026-04-05 15:35:00+00:00,1,UP,180,0.504366498765448,287,0.4923352301797191,stop,-27.80650990489627,107,cross_below_mid
2026-04-05 15:55:00+00:00,1,UP,140,0.5052208138585044,299,0.49211727442325826,settlement,-29.884389553353103,159,cross_below_mid
2026-04-05 16:00:00+00:00,1,UP,184,0.5049226673023904,299,0.49821127750924044,settlement,-17.26533239109345,115,cross_below_mid
2026-04-05 16:05:00+00:00,1,UP,180,0.5044738642264239,299,0.4947280549744079,settlement,-23.280121971088874,119,cross_below_mid
2026-04-05 16:10:00+00:00,1,DOWN,162,0.5049468627860378,299,0.5030198601918506,settlement,-7.808615778673994,137,cross_above_mid
2026-04-05 16:20:00+00:00,1,DOWN,140,0.5048652571632801,299,0.4936016087063503,settlement,-26.26558670956527,159,cross_above_mid
2026-04-05 16:25:00+00:00,1,UP,180,0.5048952614217442,299,0.4900627861565872,settlement,-33.31857643690928,119,cross_below_mid
2026-04-05 16:35:00+00:00,1,UP,240,0.504338417445554,299,0.48987725286781114,settlement,-32.61618657108424,59,cross_below_mid
2026-04-05 16:40:00+00:00,1,DOWN,140,0.5048007244323537,294,0.49276963027833465,stop,-27.785686875178044,154,cross_above_mid
2026-04-05 16:50:00+00:00,1,DOWN,180,0.5052564406800967,299,0.5031290575104296,settlement,-8.202080829429786,119,cross_above_mid
2026-04-05 17:50:00+00:00,1,DOWN,180,0.5047230071056928,293,0.4926135413784024,stop,-27.944315249542633,113,cross_above_mid
2026-04-05 18:40:00+00:00,1,DOWN,147,0.504699137450161,299,0.49407592699673386,settlement,-25.006503173521406,152,cross_above_mid
2026-04-05 18:45:00+00:00,1,UP,240,0.5050732157671124,299,0.49604881997303785,settlement,-21.831765220033358,59,cross_below_mid
2026-04-05 19:10:00+00:00,1,DOWN,159,0.5047493771208925,284,0.49270710635762094,stop,-27.810205156264235,125,cross_above_mid
2026-04-05 19:20:00+00:00,1,DOWN,158,0.5053050169885389,299,0.49671059862212175,settlement,-20.974360517538415,141,cross_above_mid
2026-04-05 20:25:00+00:00,1,UP,255,0.5054947386193481,299,0.5002490669046027,settlement,-14.35654769743941,44,cross_below_mid
2026-04-05 21:15:00+00:00,1,UP,164,0.5049376982561542,293,0.4928387398799668,stop,-27.91336693840895,129,cross_below_mid
2026-04-05 21:25:00+00:00,1,DOWN,180,0.5048208031300279,299,0.4925471668205338,settlement,-28.264231903533616,119,cross_above_mid
2026-04-05 22:05:00+00:00,1,DOWN,158,0.5046506253221489,299,0.49131288815442375,settlement,-30.37678628633904,141,cross_above_mid
2026-04-05 22:15:00+00:00,1,UP,150,0.5049817669323757,283,0.4929291815375892,stop,-27.8196327306363,133,cross_below_mid
2026-04-05 22:25:00+00:00,1,DOWN,147,0.5046083894681177,278,0.4923545511030676,stop,-28.2352900656494,131,cross_above_mid
2026-04-05 22:35:00+00:00,1,DOWN,155,0.5050167146950874,211,0.4929557735150236,stop,-27.834496854170553,56,cross_above_mid
2026-04-05 22:45:00+00:00,1,UP,144,0.5049849692113684,299,0.5037534583382546,settlement,-6.433830561901601,155,cross_below_mid
2026-04-05 22:50:00+00:00,1,UP,150,0.5049742089988737,240,0.49279895544313185,stop,-28.062423054674177,90,cross_below_mid
2026-04-05 23:05:00+00:00,1,UP,140,0.5052567280699297,299,0.4941888534348133,settlement,-25.86163641608633,159,cross_below_mid
2026-04-05 23:10:00+00:00,1,UP,148,0.5051678017639841,299,0.5166328236548918,settlement,18.65008143268732,151,cross_below_mid
2026-04-05 23:25:00+00:00,1,UP,240,0.5049070856345018,299,0.4942802888034929,settlement,-25.004940392189646,59,cross_below_mid
2026-04-05 23:35:00+00:00,1,UP,156,0.5050091718645723,278,0.4928982380458823,stop,-27.933648385882968,122,cross_below_mid
2026-04-05 23:45:00+00:00,1,UP,181,0.5049602187464539,278,0.4929345365444048,stop,-27.767477896454235,97,cross_below_mid
2026-04-05 23:50:00+00:00,1,UP,180,0.5038229042039776,299,0.49617666464101773,settlement,-19.146090064901976,119,cross_below_mid
2026-04-05 23:55:00+00:00,1,UP,140,0.5049230831066822,299,0.49767136077516305,settlement,-18.333309624759252,159,cross_below_mid
2026-04-06 00:00:00+00:00,1,UP,174,0.5073055292593656,299,0.5308642314786776,settlement,42.34600543226647,125,cross_below_mid
2026-04-06 00:20:00+00:00,1,DOWN,180,0.5034599915766129,268,0.4914592921481147,stop,-27.788778115487485,88,cross_above_mid
2026-04-06 00:25:00+00:00,1,DOWN,140,0.5043630905444474,299,0.501380277198321,settlement,-9.90219184401597,159,cross_above_mid
2026-04-06 00:30:00+00:00,1,UP,140,0.5041042957079943,240,0.4911530947608476,stop,-29.640127757886553,100,cross_below_mid
2026-04-06 00:35:00+00:00,1,DOWN,180,0.5038709577013667,285,0.49180661597759523,stop,-27.895429685510656,105,cross_above_mid
2026-04-06 00:40:00+00:00,1,DOWN,140,0.5046614958544157,299,0.4972444877383343,settlement,-18.66760226538975,159,cross_above_mid
2026-04-06 00:45:00+00:00,1,DOWN,185,0.5047792032090319,299,0.5098540803111232,settlement,6.033549947559543,114,cross_above_mid
2026-04-06 00:55:00+00:00,1,DOWN,169,0.5051135027459848,299,0.506145580658434,settlement,-1.9608271190044304,130,cross_above_mid
2026-04-06 01:00:00+00:00,1,UP,140,0.5051750316916024,198,0.49314156287416133,stop,-27.772754246369068,58,cross_below_mid
2026-04-06 01:05:00+00:00,1,DOWN,192,0.5055389921137646,299,0.5087058705847304,settlement,2.2518317346974923,107,cross_above_mid
2026-04-06 01:10:00+00:00,1,UP,140,0.5044852779602013,283,0.4924303923734372,stop,-27.847625175971178,143,cross_below_mid
2026-04-06 01:15:00+00:00,1,UP,170,0.5045994453804006,292,0.49253931185078126,stop,-27.852608980746176,122,cross_below_mid
2026-04-06 01:20:00+00:00,1,DOWN,140,0.5049919358662632,250,0.49294199287472373,stop,-27.813930978773524,110,cross_above_mid
2026-04-06 01:25:00+00:00,1,UP,181,0.5051920108536272,299,0.5023640425884635,settlement,-9.58661314509809,118,cross_below_mid
2026-04-06 01:35:00+00:00,1,DOWN,180,0.5051374928297718,270,0.49313252100798144,stop,-27.718219392169168,90,cross_above_mid
2026-04-06 01:45:00+00:00,1,UP,140,0.504584329524297,299,0.484509866377554,settlement,-43.7045905871415,159,cross_below_mid
2026-04-06 01:50:00+00:00,1,UP,180,0.5047835611097374,299,0.4892266992703619,settlement,-34.757237976538576,119,cross_below_mid
2026-04-06 01:55:00+00:00,1,DOWN,176,0.5048199435811219,299,0.49410623263082376,settlement,-25.180390482491646,123,cross_above_mid
2026-04-06 02:05:00+00:00,1,DOWN,140,0.5050363236150291,299,0.49258438459925813,settlement,-28.60622049675016,159,cross_above_mid
2026-04-06 02:10:00+00:00,1,UP,240,0.5065290155429607,299,0.5072067487315812,settlement,-2.6646811900434666,59,cross_below_mid
2026-04-06 02:25:00+00:00,1,UP,140,0.5049848557731456,299,0.5110155722412064,settlement,7.918486200759451,159,cross_below_mid
2026-04-06 02:30:00+00:00,1,DOWN,140,0.5046881833647711,236,0.49263635788595206,stop,-27.831986213095348,96,cross_above_mid
2026-04-06 02:45:00+00:00,1,UP,240,0.5058845376297407,299,0.49779833280163743,settlement,-19.952320773151563,59,cross_below_mid
2026-04-06 02:50:00+00:00,1,UP,140,0.5048887930744386,289,0.49280863415281195,stop,-27.878522892873715,149,cross_below_mid
2026-04-06 03:00:00+00:00,1,UP,158,0.5049660779639558,299,0.49199875662762266,settlement,-29.628229812665136,141,cross_below_mid
2026-04-06 03:05:00+00:00,1,UP,140,0.5048689916480456,277,0.49286527882335707,stop,-27.728344574963327,137,cross_below_mid
2026-04-06 03:10:00+00:00,1,UP,140,0.5048037212243343,271,0.492794979631991,stop,-27.74135452110225,131,cross_below_mid
2026-04-06 03:15:00+00:00,1,DOWN,180,0.5051213207429933,299,0.5051351768320705,settlement,-3.972623652316379,119,cross_above_mid
2026-04-06 03:20:00+00:00,1,UP,150,0.5043454654558521,299,0.49665022413584725,settlement,-19.227361726001526,149,cross_below_mid
2026-04-06 03:25:00+00:00,1,DOWN,140,0.5051029036348827,299,0.4967743882189941,settlement,-20.455772329246294,159,cross_above_mid
2026-04-06 03:30:00+00:00,1,UP,151,0.5050358679082576,299,0.49902129043572196,settlement,-15.885390125758287,148,cross_below_mid
2026-04-06 03:35:00+00:00,1,UP,180,0.5049480362650766,299,0.4922534567409493,settlement,-29.090087405406273,119,cross_below_mid
2026-04-06 03:40:00+00:00,1,DOWN,147,0.5050483481418606,299,0.4975455884048887,settlement,-18.825816666951567,152,cross_above_mid
2026-04-06 03:45:00+00:00,1,UP,142,0.5051858585241846,299,0.4965280815826937,settlement,-21.103529803565007,157,cross_below_mid
2026-04-06 03:55:00+00:00,1,UP,175,0.5048297179649442,299,0.5010808491601522,settlement,-11.411154561709662,124,cross_below_mid
2026-04-06 04:00:00+00:00,1,DOWN,140,0.5050144800718152,292,0.4929265685599754,stop,-27.887900574851937,152,cross_above_mid
2026-04-06 04:40:00+00:00,1,DOWN,176,0.5047442443712832,299,0.4938114569340224,settlement,-25.616733591439097,123,cross_above_mid
2026-04-06 05:15:00+00:00,1,UP,146,0.5050182446384764,299,0.4932801428040195,settlement,-27.196440435877903,153,cross_below_mid
2026-04-06 05:35:00+00:00,1,DOWN,180,0.504754720550944,299,0.4935508283676092,settlement,-26.15231268518574,119,cross_above_mid
2026-04-06 06:15:00+00:00,1,UP,146,0.5048317152922326,299,0.4898916379176915,settlement,-33.53498516067061,153,cross_below_mid
2026-04-06 06:30:00+00:00,1,UP,180,0.5045824518734507,299,0.49187953211714525,settlement,-29.1247618099339,119,cross_below_mid
2026-04-06 06:35:00+00:00,1,UP,153,0.5049091316582135,299,0.4980538085716183,settlement,-17.5501855907278,146,cross_below_mid
2026-04-06 06:50:00+00:00,1,UP,180,0.5047304650736146,299,0.49202072659478713,settlement,-29.130876536291204,119,cross_below_mid
2026-04-06 07:00:00+00:00,1,DOWN,162,0.5052964750597556,299,0.5164741681296817,settlement,18.076816748953263,137,cross_above_mid
2026-04-06 07:35:00+00:00,1,UP,180,0.5043787298766993,293,0.49226882910955283,stop,-27.961519885199447,113,cross_below_mid
2026-04-06 07:40:00+00:00,1,UP,240,0.5042615644626589,299,0.48874110053910463,settlement,-34.71704069338041,59,cross_below_mid
2026-04-06 08:00:00+00:00,1,UP,140,0.5051193970769693,299,0.49543128706165596,settlement,-23.141481897614398,159,cross_below_mid
2026-04-06 08:05:00+00:00,1,DOWN,180,0.5044461924719539,291,0.4923999792359922,stop,-27.832315495488942,111,cross_above_mid
2026-04-06 08:10:00+00:00,1,UP,140,0.5048758933275143,299,0.4927009497627701,settlement,-28.06649602050325,159,cross_below_mid
2026-04-06 08:15:00+00:00,1,DOWN,149,0.5049777770094724,299,0.4954779066568725,settlement,-22.77482741526044,150,cross_above_mid
2026-04-06 08:25:00+00:00,1,UP,173,0.504825379579969,299,0.4944727165603474,settlement,-24.466399098592955,126,cross_below_mid
2026-04-06 08:35:00+00:00,1,DOWN,166,0.5045953860519745,299,0.4949501275200181,settlement,-23.07660727976019,133,cross_above_mid
2026-04-06 08:40:00+00:00,1,DOWN,160,0.5047969257559914,288,0.4922752933790565,stop,-28.75567594526449,128,cross_above_mid
2026-04-06 08:45:00+00:00,1,UP,157,0.5051508284079989,299,0.49253429949593497,settlement,-28.925814521420627,142,cross_below_mid
2026-04-06 09:30:00+00:00,1,UP,140,0.5045994029612914,277,0.49250151230460343,stop,-27.927287278817374,137,cross_below_mid
2026-04-06 09:35:00+00:00,1,UP,140,0.5045864233830952,240,0.492487798578591,stop,-27.92935480495085,100,cross_below_mid
2026-04-06 09:45:00+00:00,1,UP,172,0.5050610548101344,299,0.4919183241087507,settlement,-29.97001909979332,127,cross_below_mid
2026-04-06 09:50:00+00:00,1,DOWN,154,0.5048887063076176,299,0.5083794608222585,settlement,2.9000810715084646,145,cross_above_mid
2026-04-06 09:55:00+00:00,1,UP,154,0.5048161957283408,299,0.49117222126974686,settlement,-30.973553195992093,145,cross_below_mid
2026-04-06 10:00:00+00:00,1,UP,196,0.5055085757186423,299,0.5107841632299249,settlement,6.415325454716956,103,cross_below_mid
2026-04-06 10:05:00+00:00,1,UP,222,0.5050879757663289,299,0.4951055801038299,settlement,-23.72414975046446,77,cross_below_mid
2026-04-06 10:10:00+00:00,1,UP,146,0.5049548159262562,299,0.4930588119633989,settlement,-27.51143425210038,153,cross_below_mid
2026-04-06 10:15:00+00:00,1,UP,140,0.5043774021087402,292,0.49228977226334686,stop,-27.917516001443932,152,cross_below_mid
2026-04-06 10:25:00+00:00,1,DOWN,207,0.5049498634108256,299,0.4980251930924807,settlement,-17.68615278163876,92,cross_above_mid
2026-04-06 10:40:00+00:00,1,UP,250,0.5052904299348753,299,0.49952535845615964,settlement,-15.386602624751376,49,cross_below_mid
2026-04-06 10:45:00+00:00,1,DOWN,180,0.5060193550810069,299,0.507546966653312,settlement,-0.987158032885115,119,cross_above_mid
2026-04-06 10:50:00+00:00,1,DOWN,180,0.5050741039609082,299,0.5049503764115102,settlement,-4.244479163217614,119,cross_above_mid
2026-04-06 10:55:00+00:00,1,DOWN,240,0.5048322861875416,299,0.4937008966525176,settlement,-26.00557900099719,59,cross_above_mid
2026-04-06 11:05:00+00:00,1,UP,140,0.5047411147144547,299,0.5021586774442941,settlement,-9.106127320494425,159,cross_below_mid
2026-04-06 11:15:00+00:00,1,DOWN,140,0.5046779848541614,299,0.491075549757615,settlement,-30.898796130915326,159,cross_above_mid
2026-04-06 11:25:00+00:00,1,DOWN,148,0.5048953580632731,299,0.49481970637336503,settlement,-23.91600878467203,151,cross_above_mid
2026-04-06 11:35:00+00:00,1,DOWN,158,0.5048377631645106,299,0.4973005117032342,settlement,-18.90018676733298,141,cross_above_mid
2026-04-06 11:40:00+00:00,1,DOWN,140,0.5047031623502054,299,0.49394008701254266,settlement,-25.28290446401845,159,cross_above_mid
2026-04-06 11:45:00+00:00,1,UP,140,0.5047928725077105,272,0.49277494986653325,stop,-27.76001613555218,132,cross_below_mid
2026-04-06 11:50:00+00:00,1,UP,165,0.5047627256536166,292,0.4926820794110702,stop,-27.88545020722238,127,cross_below_mid
2026-04-06 11:55:00+00:00,1,DOWN,180,0.5048256881904666,299,0.49154035929684015,settlement,-30.264032409612174,119,cross_above_mid
2026-04-06 12:10:00+00:00,1,DOWN,167,0.5050001436841246,299,0.4978869108255791,settlement,-18.0574344019767,132,cross_above_mid
2026-04-06 12:15:00+00:00,1,UP,180,0.5044363964173686,299,0.49830519766294135,settlement,-16.130243575555976,119,cross_below_mid
2026-04-06 12:25:00+00:00,1,DOWN,161,0.504997750879878,299,0.49900797616361425,settlement,-15.837270871832274,138,cross_above_mid
2026-04-06 12:30:00+00:00,1,UP,162,0.5046388162390042,299,0.49712751073695016,settlement,-18.854748881424882,137,cross_below_mid
2026-04-06 12:45:00+00:00,1,UP,165,0.504900895947479,240,0.492663003564682,stop,-28.18973049178717,75,cross_below_mid
2026-04-06 12:50:00+00:00,1,UP,148,0.5049701187525133,299,0.4934250913158817,settlement,-26.817067691494955,151,cross_below_mid
2026-04-06 13:20:00+00:00,1,DOWN,140,0.5050855536311789,294,0.4929806031895573,stop,-27.918206438269912,154,cross_above_mid
2026-04-06 13:25:00+00:00,1,UP,161,0.5044795327692273,299,0.49254824086465926,settlement,-27.603394285186837,138,cross_below_mid
2026-04-06 13:30:00+00:00,1,DOWN,240,0.504545220683031,299,0.4934780624082018,settlement,-25.891048622613567,59,cross_above_mid
2026-04-06 13:45:00+00:00,1,UP,140,0.5050589884194331,299,0.502654837002429,settlement,-8.750619569565098,159,cross_below_mid
2026-04-06 13:50:00+00:00,1,UP,175,0.5044986740900779,299,0.49338795604898744,settlement,-25.97923834984828,124,cross_below_mid
2026-04-06 13:55:00+00:00,1,DOWN,140,0.5044356376845069,299,0.48642348953419057,settlement,-39.636109963465124,159,cross_above_mid
2026-04-06 14:05:00+00:00,1,UP,147,0.5052848486074332,299,0.5066373807715621,settlement,-1.3285818810503325,152,cross_below_mid
2026-04-06 14:10:00+00:00,1,UP,210,0.5059369070910339,299,0.5192448826152515,settlement,22.251019419659414,89,cross_below_mid
2026-04-06 14:15:00+00:00,1,UP,149,0.5045415260511229,299,0.5049025188413037,settlement,-3.28594419686301,150,cross_below_mid
2026-04-06 14:20:00+00:00,1,UP,180,0.5047191597696832,299,0.4926277237687047,settlement,-27.908846920895886,119,cross_below_mid
2026-04-06 14:30:00+00:00,1,UP,145,0.5049775345034291,299,0.502899251236358,settlement,-8.107364305971556,154,cross_below_mid
2026-04-06 14:35:00+00:00,1,UP,159,0.5058744262122488,180,0.491562523622588,stop,-32.234830709723646,21,cross_below_mid
2026-04-06 14:35:00+00:00,2,DOWN,200,0.5024361529789706,299,0.5467598760369697,settlement,84.04118762077735,99,cross_above_mid
2026-04-06 14:40:00+00:00,1,UP,187,0.5039608209506843,299,0.48927179137073784,settlement,-33.0888714188778,112,cross_below_mid
2026-04-06 14:45:00+00:00,1,UP,154,0.5048967238882608,253,0.49270245675808905,stop,-28.103698875662992,99,cross_below_mid
2026-04-06 14:55:00+00:00,1,DOWN,140,0.5041619236610034,283,0.49195292271185276,stop,-28.16799519244384,143,cross_above_mid
2026-04-06 15:00:00+00:00,1,UP,180,0.5047886125422629,299,0.49765080942032236,settlement,-18.11190216796001,119,cross_below_mid
2026-04-06 15:05:00+00:00,1,DOWN,172,0.5049954669239276,286,0.4929292160550559,stop,-27.845992995711338,114,cross_above_mid
2026-04-06 15:15:00+00:00,1,UP,240,0.5043715416594702,299,0.49013210141573726,settlement,-32.17558127187135,59,cross_below_mid
2026-04-06 15:20:00+00:00,1,UP,140,0.5045484869497218,299,0.49267716670259465,settlement,-27.481544218392376,159,cross_below_mid
2026-04-06 15:25:00+00:00,1,DOWN,140,0.5051711440511849,240,0.49287074980925394,stop,-28.300266549277204,100,cross_above_mid
2026-04-06 15:30:00+00:00,1,DOWN,180,0.5051718946736009,299,0.49993002398462894,settlement,-14.355657158983687,119,cross_above_mid
2026-04-06 15:35:00+00:00,1,DOWN,240,0.505436055127411,299,0.49822903525341966,settlement,-18.2304961454129,59,cross_above_mid
2026-04-06 15:40:00+00:00,1,DOWN,146,0.5049402436696669,240,0.49292018434435514,stop,-27.75730466535958,94,cross_above_mid
2026-04-06 15:45:00+00:00,1,DOWN,140,0.5043885991967537,299,0.4910921652411614,settlement,-30.308764926117593,159,cross_above_mid
2026-04-06 15:55:00+00:00,1,UP,203,0.5048675571521429,299,0.5016314579374543,settlement,-10.396978713540033,96,cross_below_mid
2026-04-06 16:00:00+00:00,1,UP,140,0.5046277407881755,299,0.4939378599163102,settlement,-25.141329038824807,159,cross_below_mid
2026-04-06 16:05:00+00:00,1,UP,140,0.5050399846542414,299,0.4939719174406487,settlement,-25.871399126403226,159,cross_below_mid
2026-04-06 16:10:00+00:00,1,UP,189,0.5052762246989767,299,0.514583975983233,settlement,14.384272458538689,110,cross_below_mid
2026-04-06 16:20:00+00:00,1,DOWN,140,0.5049728143641667,299,0.4918825055052134,settlement,-29.870953583283594,159,cross_above_mid
2026-04-06 16:30:00+00:00,1,DOWN,162,0.5048197593868711,240,0.49236520448187604,stop,-28.621947861711018,78,cross_above_mid
2026-04-06 16:35:00+00:00,1,UP,240,0.5042062078729135,299,0.48884990726986893,settlement,-34.395476617577295,59,cross_below_mid
2026-04-06 16:50:00+00:00,1,DOWN,140,0.5049001644383554,299,0.525812213275159,settlement,37.33534945932492,159,cross_above_mid
2026-04-06 17:30:00+00:00,1,UP,140,0.5050289250223017,299,0.4907693134145047,settlement,-32.17876695667076,159,cross_below_mid
2026-04-06 17:35:00+00:00,1,UP,140,0.5047368846972383,284,0.49272436125499636,stop,-27.75197604698271,144,cross_below_mid
2026-04-06 17:45:00+00:00,1,DOWN,180,0.5047686013433487,282,0.4927163513809937,stop,-27.829028648809743,102,cross_above_mid
2026-04-06 17:50:00+00:00,1,UP,180,0.5051243936651865,299,0.4929880039384503,settlement,-27.978483516499878,119,cross_below_mid
2026-04-06 18:05:00+00:00,1,UP,180,0.5044182617833298,299,0.4957569908075252,settlement,-21.136470046292565,119,cross_below_mid
2026-04-06 18:20:00+00:00,1,DOWN,140,0.5048671072914257,264,0.49260112498816266,stop,-28.246876379669445,124,cross_above_mid
2026-04-06 18:25:00+00:00,1,DOWN,140,0.5045802974529098,160,0.4925504802692786,stop,-27.79355200721912,20,cross_above_mid
2026-04-06 18:35:00+00:00,1,UP,140,0.5048851123868572,299,0.4894419601808459,settlement,-34.52628315526552,159,cross_below_mid
2026-04-06 18:40:00+00:00,1,DOWN,143,0.5048125244961545,299,0.49149396234254705,settlement,-30.330418490640145,156,cross_above_mid
2026-04-06 18:45:00+00:00,1,DOWN,240,0.5050059648667676,299,0.4950462036592048,settlement,-23.68262233847089,59,cross_above_mid
2026-04-06 18:55:00+00:00,1,UP,140,0.5050427378361917,299,0.49759889353590037,settlement,-18.7095603107163,159,cross_below_mid
2026-04-06 19:10:00+00:00,1,DOWN,168,0.5047901858276439,240,0.4922343571400615,stop,-28.823614606655134,72,cross_above_mid
2026-04-06 19:15:00+00:00,1,UP,210,0.5049173296230756,299,0.4963207696110721,settlement,-20.99162692313222,89,cross_below_mid
2026-04-06 19:20:00+00:00,1,UP,240,0.5048764966045332,299,0.4940433477138697,settlement,-25.414113482392292,59,cross_below_mid
2026-04-06 19:30:00+00:00,1,UP,180,0.5048947844263617,292,0.49267223593667875,stop,-28.159693799496306,112,cross_below_mid
2026-04-06 19:35:00+00:00,1,UP,140,0.5048762405836148,299,0.49180458147415945,settlement,-29.839036862095927,159,cross_below_mid
2026-04-06 19:40:00+00:00,1,DOWN,180,0.5047708606264923,299,0.4895678199773721,settlement,-34.05845969196919,119,cross_above_mid
2026-04-06 19:50:00+00:00,1,DOWN,180,0.504527809577214,299,0.49106756193430345,settlement,-30.625543513412325,119,cross_above_mid
2026-04-06 19:55:00+00:00,1,DOWN,180,0.504266470567476,287,0.49189944200137703,stop,-28.475738977999775,107,cross_above_mid
2026-04-06 20:00:00+00:00,1,DOWN,251,0.5042916376244674,299,0.4903489334935174,settlement,-31.592800840869977,48,cross_above_mid
2026-04-06 20:10:00+00:00,1,DOWN,176,0.504793054539636,287,0.49276473040007285,stop,-27.780571827066264,111,cross_above_mid
2026-04-06 20:25:00+00:00,1,DOWN,140,0.5052289331827985,287,0.49317288271445614,stop,-27.814824482849545,147,cross_above_mid
2026-04-06 20:35:00+00:00,1,DOWN,180,0.5050297530919146,299,0.4980423313486181,settlement,-17.8079922165313,119,cross_above_mid
2026-04-06 20:40:00+00:00,1,DOWN,161,0.5046341113363458,299,0.4955057664908852,settlement,-22.052858400009608,138,cross_above_mid
2026-04-06 21:10:00+00:00,1,UP,191,0.5052125441061579,299,0.5001147071512659,settlement,-14.070298808560738,108,cross_below_mid
2026-04-06 21:15:00+00:00,1,UP,180,0.5047054848150786,299,0.4892111368022436,settlement,-34.63838175342006,119,cross_below_mid
2026-04-06 21:30:00+00:00,1,DOWN,180,0.5047480648321574,299,0.4934323366357811,settlement,-26.373729642210286,119,cross_above_mid
2026-04-06 21:40:00+00:00,1,UP,140,0.5048594307098313,272,0.49285394539710126,stop,-27.73229777100263,132,cross_below_mid
2026-04-06 22:00:00+00:00,1,DOWN,158,0.5054914717929176,299,0.5054757418432848,settlement,-4.03105589433169,141,cross_above_mid
2026-04-06 22:10:00+00:00,1,UP,180,0.5046605828212819,299,0.4953030284321056,settlement,-22.505188632307256,119,cross_below_mid
2026-04-06 22:20:00+00:00,1,DOWN,173,0.5051810775707778,299,0.5115298796441495,settlement,8.542244257629156,126,cross_above_mid
2026-04-06 22:40:00+00:00,1,UP,140,0.5049898864953586,274,0.49298063209011483,stop,-27.73361569597181,134,cross_below_mid
2026-04-06 23:05:00+00:00,1,DOWN,240,0.504577320101001,299,0.49438908405281745,settlement,-24.151241784018094,59,cross_above_mid
2026-04-06 23:10:00+00:00,1,DOWN,156,0.5047152057499589,299,0.5057324553033081,settlement,-1.9885387983624518,143,cross_above_mid
2026-04-06 23:15:00+00:00,1,DOWN,140,0.5050403606156166,227,0.49298785600506867,stop,-27.816709592605445,87,cross_above_mid
2026-04-06 23:20:00+00:00,1,DOWN,180,0.5027427601956455,257,0.4904674357285014,stop,-28.367877149423943,77,cross_above_mid
2026-04-06 23:35:00+00:00,1,DOWN,180,0.5047751183040351,284,0.4927183287688096,stop,-27.83769627271434,104,cross_above_mid
2026-04-06 23:45:00+00:00,1,DOWN,180,0.5050429156064832,299,0.5033790415393877,settlement,-7.28793111961027,119,cross_above_mid
2026-04-06 23:55:00+00:00,1,UP,180,0.5045937616033652,299,0.49103501041032754,settlement,-30.816886613212056,119,cross_below_mid
2026-04-07 00:00:00+00:00,1,UP,149,0.5048473110506017,299,0.5047918123663239,settlement,-4.109711759767462,150,cross_below_mid
2026-04-07 00:10:00+00:00,1,DOWN,180,0.5042605995891861,299,0.49378050298290643,settlement,-24.741530116745263,119,cross_above_mid
2026-04-07 00:15:00+00:00,1,UP,180,0.5042904855353744,290,0.4922265311091531,stop,-27.87478420217839,110,cross_below_mid
2026-04-07 00:25:00+00:00,1,DOWN,177,0.504984329892649,289,0.4927203522791922,stop,-28.237286057632225,112,cross_above_mid
2026-04-07 00:30:00+00:00,1,UP,140,0.5050221782016299,240,0.49205812779773245,stop,-29.618919052549185,100,cross_below_mid
2026-04-07 00:35:00+00:00,1,DOWN,154,0.5052280976552449,299,0.5137436784624037,settlement,12.821213398435399,145,cross_above_mid
2026-04-07 00:40:00+00:00,1,DOWN,140,0.5046669742680581,299,0.48658055377870535,settlement,-39.76665121499802,159,cross_above_mid
2026-04-07 00:45:00+00:00,1,DOWN,140,0.5048049461765562,280,0.49271203354752713,stop,-27.907703153823704,140,cross_above_mid
2026-04-07 00:50:00+00:00,1,UP,201,0.5051573417009942,299,0.49788834589224973,settlement,-18.36078864596802,98,cross_below_mid
2026-04-07 01:00:00+00:00,1,DOWN,140,0.5044211280473213,299,0.4880149024486039,settlement,-36.459808356766395,159,cross_above_mid
2026-04-07 01:05:00+00:00,1,DOWN,192,0.5057418788674898,299,0.5166014113729961,settlement,17.429535289354448,107,cross_above_mid
2026-04-07 01:10:00+00:00,1,DOWN,140,0.5046490215614903,299,0.49204628272634476,settlement,-28.923328531496374,159,cross_above_mid
2026-04-07 01:20:00+00:00,1,UP,143,0.505097230914919,249,0.4930889415834531,stop,-27.726664925671738,106,cross_below_mid
2026-04-07 01:25:00+00:00,1,UP,180,0.5049825680438907,299,0.4908301166384199,settlement,-31.969572409937697,119,cross_below_mid
2026-04-07 01:40:00+00:00,1,UP,160,0.5050002836117483,299,0.4946174393504255,settlement,-24.51895594729343,139,cross_below_mid
2026-04-07 01:55:00+00:00,1,DOWN,257,0.5060700712500813,299,0.5107075580229768,settlement,5.1453971737891315,42,cross_above_mid
2026-04-07 02:00:00+00:00,1,DOWN,140,0.5050525722778786,299,0.4935539873224476,settlement,-26.721570813436607,159,cross_above_mid
2026-04-07 02:05:00+00:00,1,UP,140,0.5046130763248284,299,0.49698436998771567,settlement,-19.08769645822184,159,cross_below_mid
2026-04-07 02:20:00+00:00,1,DOWN,180,0.50456684792552,293,0.4925025121905102,stop,-27.862461660019754,113,cross_above_mid
2026-04-07 02:25:00+00:00,1,DOWN,180,0.5048036092561357,299,0.4928486575301688,settlement,-27.63501687338596,119,cross_above_mid
2026-04-07 02:50:00+00:00,1,DOWN,240,0.5043086159593573,299,0.4896463981660021,settlement,-33.015751257654024,59,cross_above_mid
2026-04-07 03:00:00+00:00,1,UP,180,0.5045991282818779,289,0.49231149713105465,stop,-28.302570498439824,109,cross_below_mid
2026-04-07 03:05:00+00:00,1,DOWN,180,0.504839852183697,299,0.4948892981463502,settlement,-23.67089738719481,119,cross_above_mid
2026-04-07 03:10:00+00:00,1,UP,194,0.50468006489189,299,0.4961117401563616,settlement,-20.943780190503684,105,cross_below_mid
2026-04-07 03:15:00+00:00,1,DOWN,180,0.5050087206934122,299,0.49890224571563035,settlement,-16.06763720725143,119,cross_above_mid
2026-04-07 03:25:00+00:00,1,UP,180,0.5049574953585148,299,0.4993268895685653,settlement,-15.128351653399804,119,cross_below_mid
2026-04-07 03:30:00+00:00,1,DOWN,140,0.5049131468177199,299,0.4956448152565114,settlement,-22.319576260559163,159,cross_above_mid
2026-04-07 03:50:00+00:00,1,DOWN,240,0.5047609043194,299,0.4931463049885958,settlement,-26.964080682460867,59,cross_above_mid
2026-04-07 03:55:00+00:00,1,UP,175,0.505116550098261,299,0.49898572385663686,settlement,-16.11317385651012,124,cross_below_mid
2026-04-07 04:10:00+00:00,1,DOWN,240,0.5051203665730394,299,0.4959323546310519,settlement,-22.153368038422972,59,cross_above_mid
2026-04-07 04:15:00+00:00,1,UP,170,0.5046523869317822,258,0.49263540370070585,stop,-27.764772693397234,88,cross_below_mid
2026-04-07 04:20:00+00:00,1,DOWN,247,0.5047613317511869,299,0.49567325855497113,settlement,-21.968684364859698,52,cross_above_mid
2026-04-07 04:25:00+00:00,1,UP,180,0.5052004475054769,299,0.49607444489332164,settlement,-22.027993941616987,119,cross_below_mid
2026-04-07 04:35:00+00:00,1,DOWN,163,0.5047698423493517,299,0.4905679964800219,settlement,-32.07901936380286,136,cross_above_mid
2026-04-07 05:10:00+00:00,1,DOWN,140,0.5048014067171198,299,0.4945112747630639,settlement,-24.343746181164384,159,cross_above_mid
2026-04-07 05:20:00+00:00,1,DOWN,140,0.5048657918443685,299,0.5002583462696125,settlement,-13.107827778959445,159,cross_above_mid
2026-04-07 05:30:00+00:00,1,DOWN,140,0.5047751770193132,299,0.4921545366505893,settlement,-28.95249303335798,159,cross_above_mid
2026-04-07 05:35:00+00:00,1,DOWN,153,0.5048614179062096,268,0.4927360796866006,stop,-27.96912719802624,115,cross_above_mid
2026-04-07 05:50:00+00:00,1,UP,180,0.5048765831082647,299,0.49480207966269263,settlement,-23.914479647246498,119,cross_below_mid
2026-04-07 05:55:00+00:00,1,DOWN,140,0.5047480759302917,299,0.4868838950084111,settlement,-39.321486916374134,159,cross_above_mid
2026-04-07 06:00:00+00:00,1,DOWN,180,0.5048465151513327,299,0.49332201835731293,settlement,-26.782068322258457,119,cross_above_mid
2026-04-07 06:20:00+00:00,1,DOWN,140,0.5048885792288464,287,0.49125311931730964,stop,-30.95285564291932,147,cross_above_mid
2026-04-07 06:25:00+00:00,1,UP,222,0.5050119837406805,299,0.4979025942162597,settlement,-18.049509662755295,77,cross_below_mid
2026-04-07 06:40:00+00:00,1,DOWN,170,0.5052401037263078,299,0.4919069352227119,settlement,-30.33698724319186,129,cross_above_mid
2026-04-07 06:45:00+00:00,1,DOWN,140,0.5047776147307369,299,0.4936589640985456,settlement,-25.982776191147213,159,cross_above_mid
2026-04-07 07:00:00+00:00,1,DOWN,140,0.5044869529818644,299,0.49048119411565116,settlement,-31.70685597687459,159,cross_above_mid
2026-04-07 07:05:00+00:00,1,DOWN,194,0.5048034659567658,299,0.4948705831923552,settlement,-23.63737903441972,105,cross_above_mid
2026-04-07 07:10:00+00:00,1,DOWN,180,0.5048746983624225,299,0.4936273920176947,settlement,-26.232866428930585,119,cross_above_mid
2026-04-07 07:15:00+00:00,1,UP,196,0.5051989579891534,299,0.49381738409481846,settlement,-26.48383645080701,103,cross_below_mid
2026-04-07 07:20:00+00:00,1,DOWN,166,0.5047853260827717,284,0.49276134102061775,stop,-27.772357221933145,118,cross_above_mid
2026-04-07 07:40:00+00:00,1,UP,157,0.5049412295663833,299,0.49724226264627924,settlement,-19.216758973835645,142,cross_below_mid
2026-04-07 07:45:00+00:00,1,DOWN,153,0.5051142475324831,299,0.49534208647312317,settlement,-23.307744307121464,146,cross_above_mid
2026-04-07 08:05:00+00:00,1,DOWN,175,0.504944944160133,299,0.4919897157114429,settlement,-29.6054014231153,124,cross_above_mid
2026-04-07 08:10:00+00:00,1,UP,182,0.505419570076103,299,0.5024411453370135,settlement,-9.881188750098946,117,cross_below_mid
2026-04-07 08:20:00+00:00,1,DOWN,140,0.5049028589346329,287,0.4919801204026545,stop,-29.543315563963137,147,cross_above_mid
2026-04-07 08:35:00+00:00,1,DOWN,140,0.5048590372661036,299,0.4893960377330655,settlement,-34.56709377243058,159,cross_above_mid
2026-04-07 08:45:00+00:00,1,UP,176,0.5045474898797974,299,0.4897907538713649,settlement,-33.18897196361872,123,cross_below_mid
2026-04-07 08:55:00+00:00,1,DOWN,140,0.5051655898321918,299,0.49797657228717085,settlement,-18.20254992489543,159,cross_above_mid
2026-04-07 09:35:00+00:00,1,DOWN,150,0.5050961488637674,299,0.4938625119571419,settlement,-26.196109905078824,149,cross_above_mid
2026-04-07 09:40:00+00:00,1,UP,240,0.505413300427512,299,0.49820137755845695,settlement,-18.24081839007561,59,cross_below_mid
2026-04-07 09:45:00+00:00,1,DOWN,180,0.5046108135758957,299,0.49353321500770486,settlement,-25.908851482414033,119,cross_above_mid
2026-04-07 09:50:00+00:00,1,UP,221,0.5051915012283403,299,0.49681034039862493,settlement,-20.556886819589174,78,cross_below_mid
2026-04-07 09:55:00+00:00,1,DOWN,209,0.504686055649451,299,0.4919968626603043,settlement,-29.092459879582186,90,cross_above_mid
2026-04-07 10:15:00+00:00,1,UP,160,0.5047034400946969,292,0.49263717637666643,stop,-27.85981595119498,132,cross_below_mid
2026-04-07 10:20:00+00:00,1,UP,141,0.5048174103300362,299,0.49153546406872983,settlement,-30.257775777023575,158,cross_below_mid
2026-04-07 10:30:00+00:00,1,DOWN,146,0.5045171726887561,299,0.4911359083757565,settlement,-30.46986566027587,153,cross_above_mid
2026-04-07 10:40:00+00:00,1,DOWN,140,0.5053513571166165,299,0.5037215439479322,settlement,-7.218658700409014,159,cross_above_mid
2026-04-07 10:45:00+00:00,1,DOWN,152,0.5051069077172193,299,0.4992740726403041,settlement,-15.524628386235303,147,cross_above_mid
2026-04-07 10:50:00+00:00,1,UP,140,0.5053134280289182,161,0.49314650626837464,stop,-28.02981445473795,21,cross_below_mid
2026-04-07 10:55:00+00:00,1,DOWN,140,0.5048490264594587,299,0.49879662734463337,settlement,-15.964555738488217,159,cross_above_mid
2026-04-07 11:00:00+00:00,1,DOWN,140,0.5057782423661003,299,0.4981120717519285,settlement,-19.126863182472466,159,cross_above_mid
2026-04-07 11:10:00+00:00,1,DOWN,140,0.5046197811218387,292,0.49248605048070615,stop,-27.99720271157284,152,cross_above_mid
2026-04-07 11:15:00+00:00,1,DOWN,155,0.5049390093305364,299,0.5062413945292085,settlement,-1.4258664823737024,144,cross_above_mid
2026-04-07 11:20:00+00:00,1,DOWN,180,0.505270395493531,299,0.49819805165432773,settlement,-17.969152387467076,119,cross_above_mid
2026-04-07 11:35:00+00:00,1,UP,140,0.5047059230143816,299,0.5132987123300069,settlement,12.99128808668595,159,cross_below_mid
2026-04-07 11:45:00+00:00,1,DOWN,140,0.5049213340146751,294,0.4927740852825061,stop,-28.009590045074845,154,cross_above_mid
2026-04-07 12:00:00+00:00,1,UP,145,0.5048947100201636,299,0.5010634531238208,settlement,-11.573052968602894,154,cross_below_mid
2026-04-07 12:15:00+00:00,1,DOWN,141,0.5047635179145147,247,0.492581972448088,stop,-28.08490697925745,106,cross_above_mid
2026-04-07 12:45:00+00:00,1,UP,180,0.5042759618112658,299,0.4910890010205616,settlement,-30.097985757346827,119,cross_below_mid
2026-04-07 12:55:00+00:00,1,UP,140,0.5037251681419349,252,0.4917135246716214,stop,-27.797937727811014,112,cross_below_mid
2026-04-07 13:00:00+00:00,1,UP,180,0.5051575660020818,299,0.5046750574881433,settlement,-4.953254052436847,119,cross_below_mid
2026-04-07 13:10:00+00:00,1,DOWN,156,0.5049567548115523,292,0.4920678107036467,stop,-29.47379770073639,136,cross_above_mid
2026-04-07 13:20:00+00:00,1,DOWN,169,0.5053060399063193,299,0.5001922254168146,settlement,-14.099991801942084,130,cross_above_mid
2026-04-07 13:35:00+00:00,1,UP,146,0.5050855770206121,282,0.49306258354296395,stop,-27.7562663370274,136,cross_below_mid
2026-04-07 13:40:00+00:00,1,UP,180,0.5044996912185543,277,0.4922963513170338,stop,-28.140615809497948,97,cross_below_mid
2026-04-07 13:50:00+00:00,1,DOWN,140,0.5044761214674306,240,0.4922962032520607,stop,-28.095408804644354,100,cross_above_mid
2026-04-07 14:00:00+00:00,1,DOWN,164,0.5050700461192137,299,0.5157763760386853,settlement,17.155317646991637,135,cross_above_mid
2026-04-07 14:10:00+00:00,1,UP,220,0.5055402895957133,299,0.5008450245080762,settlement,-13.269042752673867,79,cross_below_mid
2026-04-07 14:15:00+00:00,1,UP,140,0.5043241756045894,228,0.4922466192062355,stop,-27.90010605997112,88,cross_below_mid
2026-04-07 14:25:00+00:00,1,UP,140,0.5042173824829228,299,0.4983125244473673,settlement,-15.687515195262025,159,cross_below_mid
2026-04-07 14:30:00+00:00,1,DOWN,180,0.5032734413618785,299,0.48874469522999286,settlement,-32.81075663437569,119,cross_above_mid
2026-04-07 14:35:00+00:00,1,DOWN,141,0.5051149397820617,299,0.5034662659010449,settlement,-7.2574299504279844,158,cross_above_mid
2026-04-07 14:40:00+00:00,1,UP,141,0.5053630184213013,282,0.49333311120417545,stop,-27.756877660333206,141,cross_below_mid
2026-04-07 14:45:00+00:00,1,UP,180,0.5061853454653892,299,0.5134625976289073,settlement,10.347901858979661,119,cross_below_mid
2026-04-07 14:55:00+00:00,1,DOWN,179,0.5049433146142269,299,0.5128910809547703,settlement,11.708438112349699,120,cross_above_mid
2026-04-07 15:00:00+00:00,1,UP,155,0.5050253657716595,299,0.49759091081889983,settlement,-18.69151164618685,144,cross_below_mid
2026-04-07 15:05:00+00:00,1,DOWN,174,0.504448245277473,274,0.49241163344062944,stop,-27.813223111842433,100,cross_above_mid
2026-04-07 15:10:00+00:00,1,UP,172,0.5054279187135673,293,0.492643459671942,stop,-29.243738327744943,121,cross_below_mid
2026-04-07 15:15:00+00:00,1,UP,140,0.5040247943113338,299,0.4901998469993876,settlement,-31.374243436127077,159,cross_below_mid
2026-04-07 15:20:00+00:00,1,UP,147,0.5045359623208705,299,0.4943211902036588,settlement,-24.205383430119078,152,cross_below_mid
2026-04-07 15:30:00+00:00,1,DOWN,180,0.504436684648225,299,0.4950827954895377,settlement,-22.50615084999204,119,cross_above_mid
2026-04-07 15:35:00+00:00,1,UP,149,0.5045068268969114,278,0.4924862868845089,stop,-27.778665208883282,129,cross_below_mid
2026-04-07 15:40:00+00:00,1,DOWN,252,0.505372024775363,299,0.5009110590531781,settlement,-12.809438537322011,47,cross_above_mid
2026-04-07 15:45:00+00:00,1,UP,161,0.5050678413384233,299,0.49911012967660584,settlement,-15.77227245895828,138,cross_below_mid
2026-04-07 15:50:00+00:00,1,DOWN,170,0.5049394962197491,276,0.4929266033649127,stop,-27.743175487126496,106,cross_above_mid
2026-04-07 16:05:00+00:00,1,UP,150,0.5048575512222153,240,0.49230786434802776,stop,-28.808161173618718,90,cross_below_mid
2026-04-07 16:10:00+00:00,1,UP,210,0.5050513251304177,299,0.5013820635475048,settlement,-11.250595885084525,89,cross_below_mid
2026-04-07 16:15:00+00:00,1,UP,150,0.5046657531654015,285,0.49260676392646374,stop,-27.847212110142014,135,cross_below_mid
2026-04-07 16:25:00+00:00,1,UP,229,0.5053637310814296,299,0.5098227005613847,settlement,4.805640902390173,70,cross_below_mid
2026-04-07 16:30:00+00:00,1,DOWN,180,0.5049324683239259,299,0.4911264720896491,settlement,-31.287578252878564,119,cross_above_mid
2026-04-07 16:35:00+00:00,1,UP,140,0.5044851723764503,299,0.49003548082021325,settlement,-32.58516555638958,159,cross_below_mid
2026-04-07 16:45:00+00:00,1,UP,180,0.5046544655775387,299,0.4896473448537946,settlement,-33.677943036046365,119,cross_below_mid
2026-04-07 16:50:00+00:00,1,UP,140,0.5046215642841001,255,0.4925215460860949,stop,-27.93044415123441,115,cross_below_mid
2026-04-07 16:55:00+00:00,1,DOWN,153,0.5052948326777366,299,0.49773403540221284,settlement,-18.933213626954117,146,cross_above_mid
2026-04-07 17:05:00+00:00,1,UP,140,0.5051700436477552,299,0.4995911474783199,settlement,-15.02151334408637,159,cross_below_mid
2026-04-07 17:10:00+00:00,1,DOWN,161,0.5052005381674725,299,0.5020822129794128,settlement,-10.160105349396696,138,cross_above_mid
2026-04-07 17:15:00+00:00,1,UP,153,0.5047791842638156,258,0.49276501116149124,stop,-27.753247221567797,105,cross_below_mid
2026-04-07 17:20:00+00:00,1,DOWN,154,0.5045622965222782,226,0.4924460811688104,stop,-27.965292306035415,72,cross_above_mid
2026-04-07 17:35:00+00:00,1,UP,240,0.5085647489162609,299,0.5225907621447518,settlement,23.524442525486034,59,cross_below_mid
2026-04-07 17:40:00+00:00,1,UP,180,0.505203148866674,299,0.49102078437267394,settlement,-32.01645198919243,119,cross_below_mid
2026-04-07 17:45:00+00:00,1,UP,180,0.5050811231857069,299,0.5046314988103098,settlement,-4.888421891152927,119,cross_below_mid
2026-04-07 17:55:00+00:00,1,UP,142,0.5050617169164366,299,0.4907701266007302,settlement,-32.24012721089857,157,cross_below_mid
2026-04-07 18:00:00+00:00,1,UP,240,0.503377372266992,287,0.49126709718894274,stop,-28.009928125022434,47,cross_below_mid
2026-04-07 18:05:00+00:00,1,UP,166,0.5048038173588266,299,0.4891423882034991,settlement,-34.96273395632154,133,cross_below_mid
2026-04-07 18:15:00+00:00,1,UP,167,0.5049970903273714,299,0.4963086046830121,settlement,-21.170611156292857,132,cross_below_mid
2026-04-07 18:20:00+00:00,1,DOWN,140,0.5049546309591484,299,0.5038526991884914,settlement,-6.177874683566648,159,cross_above_mid
2026-04-07 18:45:00+00:00,1,DOWN,140,0.5047655295894496,299,0.49653701995083865,settlement,-20.26904401735402,159,cross_above_mid
2026-04-07 18:50:00+00:00,1,UP,147,0.5051468594090803,242,0.49314640338035204,stop,-27.708857916450008,95,cross_below_mid
2026-04-07 18:55:00+00:00,1,DOWN,140,0.5045741803507479,270,0.49254855018424815,stop,-27.785558939666668,130,cross_above_mid
2026-04-07 19:00:00+00:00,1,DOWN,140,0.5044483647015875,291,0.4924105384610803,stop,-27.8156200489084,151,cross_above_mid
2026-04-07 19:05:00+00:00,1,DOWN,180,0.5050861999073467,299,0.49685158134924645,settlement,-20.27078570448292,119,cross_above_mid
2026-04-07 19:10:00+00:00,1,UP,140,0.5046235155906381,299,0.4958277134474257,settlement,-21.395563757371665,159,cross_below_mid
2026-04-07 19:15:00+00:00,1,UP,185,0.5050304223243519,299,0.5384643135546674,settlement,62.06933359437333,114,cross_below_mid
2026-04-07 19:25:00+00:00,1,DOWN,140,0.5053690185920031,299,0.5026223362143956,settlement,-9.424133478719183,159,cross_above_mid
2026-04-07 19:30:00+00:00,1,DOWN,148,0.5050543704735818,299,0.5044880771554906,settlement,-5.119009683898172,151,cross_above_mid
2026-04-07 19:35:00+00:00,1,UP,157,0.5051461455194525,299,0.49763732775319436,settlement,-18.834914998746676,142,cross_below_mid
2026-04-07 19:40:00+00:00,1,UP,140,0.504421139994302,299,0.49765528589631236,settlement,-17.386279547819868,159,cross_below_mid
2026-04-07 20:05:00+00:00,1,UP,240,0.5043719412732729,299,0.4901683748002868,settlement,-32.104575572255925,59,cross_below_mid
2026-04-07 20:10:00+00:00,1,DOWN,180,0.5050782758093656,299,0.4946749416129741,settlement,-24.556274196036597,119,cross_above_mid
2026-04-07 20:15:00+00:00,1,DOWN,163,0.503906579871539,291,0.49125682913616375,stop,-29.05315814118328,128,cross_above_mid
2026-04-07 20:25:00+00:00,1,DOWN,161,0.5052739898474049,299,0.49296098969284075,settlement,-28.320219130943542,138,cross_above_mid
2026-04-07 20:30:00+00:00,1,UP,181,0.5049199505677384,299,0.4927370981119573,settlement,-28.08002840291492,118,cross_below_mid
2026-04-07 20:35:00+00:00,1,DOWN,180,0.505815057840532,299,0.5104626615094455,settlement,5.169969121476746,119,cross_above_mid
2026-04-07 20:40:00+00:00,1,DOWN,140,0.5043074560470966,299,0.49175078815969264,settlement,-28.84903683529683,159,cross_above_mid
2026-04-07 20:45:00+00:00,1,DOWN,164,0.5054491826084953,299,0.5029684546730192,settlement,-8.898151119422709,135,cross_above_mid
2026-04-07 21:10:00+00:00,1,UP,240,0.5055461040079855,299,0.5032754609385567,settlement,-8.482482933454,59,cross_below_mid
2026-04-07 21:20:00+00:00,1,DOWN,140,0.5048839194054751,299,0.5030075547101193,settlement,-7.708995065975108,159,cross_above_mid
2026-04-07 21:35:00+00:00,1,UP,140,0.5041303824744501,299,0.5169671013896452,settlement,21.412167016166695,159,cross_below_mid
2026-04-07 21:40:00+00:00,1,UP,200,0.5050526185070977,299,0.5106607121081432,settlement,7.08177090614328,99,cross_below_mid
2026-04-07 21:45:00+00:00,1,UP,140,0.5043441048805837,240,0.4919030511825192,stop,-28.618452898558594,100,cross_below_mid
2026-04-07 21:55:00+00:00,1,DOWN,189,0.5041423369832431,299,0.4890994625128744,settlement,-33.77886922027526,110,cross_above_mid
2026-04-07 22:00:00+00:00,1,UP,142,0.5049355514696977,299,0.49197457744861356,settlement,-29.61723379427808,157,cross_below_mid
2026-04-07 22:05:00+00:00,1,UP,240,0.5035592874575096,291,0.49109261139621435,stop,-28.70760249898568,51,cross_below_mid
2026-04-07 22:15:00+00:00,1,UP,172,0.5052949581092882,299,0.4968055755522751,settlement,-20.767243875935428,127,cross_below_mid
2026-04-07 22:35:00+00:00,1,UP,180,0.5053147498541831,267,0.4932834575602976,stop,-27.76188249553889,87,cross_below_mid
2026-04-07 22:50:00+00:00,1,DOWN,140,0.5031632245384142,252,0.49105607416548647,stop,-28.013949118134374,112,cross_above_mid
2026-04-07 22:55:00+00:00,1,DOWN,144,0.5050833727540635,180,0.4916493727456477,stop,-30.544393919154363,36,cross_above_mid
2026-04-07 23:05:00+00:00,1,UP,173,0.5061172637255942,299,0.5320640470649177,settlement,47.16381445285878,126,cross_below_mid
2026-04-07 23:10:00+00:00,1,UP,140,0.5035870637235451,237,0.49155895441332453,stop,-27.837095819820384,97,cross_below_mid
2026-04-07 23:15:00+00:00,1,DOWN,240,0.5008401917995841,292,0.48741664133636053,stop,-30.748459052698973,52,cross_above_mid
2026-04-07 23:20:00+00:00,1,UP,166,0.5045398918763466,299,0.5143470061673616,settlement,15.398862646983126,133,cross_below_mid
2026-04-07 23:25:00+00:00,1,UP,178,0.5053547000516857,289,0.5240796291715292,target,32.97893629898466,111,cross_below_mid
2026-04-07 23:35:00+00:00,1,DOWN,140,0.5044689530778301,299,0.5312365106309033,settlement,48.954740375956334,159,cross_above_mid
2026-04-07 23:50:00+00:00,1,DOWN,140,0.5049384607100907,299,0.5297098352736995,settlement,44.960088680342274,159,cross_above_mid
2026-04-07 23:55:00+00:00,1,DOWN,171,0.5054219291350083,299,0.505097657831468,settlement,-4.640302175821826,128,cross_above_mid
2026-04-08 00:00:00+00:00,1,UP,180,0.5037051169446813,285,0.4914641821848279,stop,-28.25318401455784,105,cross_below_mid
2026-04-08 00:10:00+00:00,1,DOWN,153,0.5051554373455045,180,0.492742142624641,stop,-28.524071633319064,27,cross_above_mid
2026-04-08 00:20:00+00:00,1,UP,140,0.5043509864789838,285,0.49133781567235796,stop,-29.750211287737336,145,cross_below_mid
2026-04-08 00:25:00+00:00,1,UP,176,0.5049335831507882,299,0.4909621796389182,settlement,-31.614445087686537,123,cross_below_mid
2026-04-08 00:30:00+00:00,1,DOWN,182,0.5055714391651788,299,0.5204982948150177,settlement,25.465671484801174,117,cross_above_mid
2026-04-08 00:35:00+00:00,1,DOWN,140,0.5042972147832229,235,0.49226830601244,stop,-27.805110560449407,95,cross_above_mid
2026-04-08 00:40:00+00:00,1,UP,140,0.5051150050885264,240,0.4924825374215486,stop,-28.95907388345005,100,cross_below_mid
2026-04-08 00:50:00+00:00,1,UP,140,0.5043419985577746,229,0.492277528288479,stop,-27.873366412449922,89,cross_below_mid
2026-04-08 01:10:00+00:00,1,DOWN,143,0.504594013464205,299,0.4935316590256431,settlement,-25.879430661275375,156,cross_above_mid
2026-04-08 01:25:00+00:00,1,UP,140,0.5044603630624538,253,0.49244052626822427,stop,-27.779464154165755,113,cross_below_mid
2026-04-08 01:30:00+00:00,1,UP,176,0.5050933298086203,299,0.5008443018954798,settlement,-12.395537234516596,123,cross_below_mid
2026-04-08 01:35:00+00:00,1,DOWN,142,0.5050268999878845,299,0.4911509352463864,settlement,-31.420742959132124,157,cross_above_mid
2026-04-08 01:40:00+00:00,1,UP,140,0.5047935691876904,279,0.49278717302722447,stop,-27.737194963531156,139,cross_below_mid
2026-04-08 02:00:00+00:00,1,UP,180,0.5045332333497574,264,0.4922318908822855,stop,-28.332866441775785,84,cross_below_mid
2026-04-08 02:10:00+00:00,1,DOWN,140,0.5046802664821891,299,0.49016891301168186,settlement,-32.6960511939837,159,cross_above_mid
2026-04-08 02:20:00+00:00,1,DOWN,157,0.5043450179082475,290,0.49231379830502353,stop,-27.807426935268936,133,cross_above_mid
2026-04-08 02:25:00+00:00,1,DOWN,180,0.5045091595667273,299,0.49364627898377933,settlement,-25.488519318643142,119,cross_above_mid
2026-04-08 02:35:00+00:00,1,DOWN,180,0.503900014974041,299,0.4913573139013784,settlement,-28.841467153284718,119,cross_above_mid
2026-04-08 02:40:00+00:00,1,UP,151,0.5048159008308836,299,0.4978297793860288,settlement,-17.811270981142847,148,cross_below_mid
2026-04-08 02:45:00+00:00,1,UP,168,0.5050506052345483,299,0.5082754428488961,settlement,2.3724068553972995,131,cross_below_mid
2026-04-08 02:50:00+00:00,1,DOWN,170,0.5050697779501996,299,0.49435130343880773,settlement,-25.179326163173844,129,cross_above_mid
2026-04-08 02:55:00+00:00,1,DOWN,240,0.5042783667096798,299,0.48941043241208515,settlement,-33.42461824372107,59,cross_above_mid
2026-04-08 03:00:00+00:00,1,UP,206,0.5051004806365519,299,0.49872047923250984,settlement,-16.605890600637835,93,cross_below_mid
2026-04-08 03:05:00+00:00,1,DOWN,180,0.505,299,0.4973615551633922,settlement,-19.0953820731378,119,cross_above_mid
2026-04-08 03:15:00+00:00,1,UP,240,0.504287944272425,299,0.4894862281594899,settlement,-33.29301175744359,59,cross_below_mid
2026-04-08 03:20:00+00:00,1,UP,161,0.5049280727059288,299,0.49489016599751484,settlement,-23.84011473418612,138,cross_below_mid
2026-04-08 04:10:00+00:00,1,DOWN,140,0.5050889750960884,299,0.49643461009344136,settlement,-21.100068895779472,159,cross_above_mid
2026-04-08 04:15:00+00:00,1,UP,179,0.5049255124737049,299,0.4917206257761214,settlement,-30.0998436375793,120,cross_below_mid
2026-04-08 04:20:00+00:00,1,UP,180,0.5045700383232525,299,0.49320318905490795,settlement,-26.482737198399185,119,cross_below_mid
2026-04-08 04:30:00+00:00,1,UP,140,0.5048346890598944,299,0.49232780438603024,settlement,-28.724669629498322,159,cross_below_mid
2026-04-08 04:40:00+00:00,1,UP,167,0.5050992571788037,299,0.4920847335899128,settlement,-29.714736969243273,132,cross_below_mid
2026-04-08 04:55:00+00:00,1,UP,156,0.5049097998982215,291,0.49290818231264627,stop,-27.722285352390642,135,cross_below_mid
2026-04-08 05:00:00+00:00,1,UP,140,0.5048623884817706,299,0.49298583443724603,settlement,-27.4772904594446,159,cross_below_mid
2026-04-08 05:10:00+00:00,1,UP,143,0.5047177026952335,299,0.4941612049529911,settlement,-24.87381657211177,156,cross_below_mid
2026-04-08 05:35:00+00:00,1,UP,152,0.5049870591752278,299,0.49917429764785626,settlement,-15.48769240501236,147,cross_below_mid
2026-04-08 05:40:00+00:00,1,UP,180,0.5052782787067867,299,0.49728394722649016,settlement,-19.789997618254507,119,cross_below_mid
2026-04-08 05:50:00+00:00,1,UP,140,0.5045562929248089,286,0.49212458931173353,stop,-28.58960552038561,146,cross_below_mid
2026-04-08 05:55:00+00:00,1,UP,169,0.5049314035756298,299,0.495040137721639,settlement,-23.55014731185015,130,cross_below_mid
2026-04-08 06:05:00+00:00,1,UP,180,0.5047677017594037,299,0.49558344932518783,settlement,-22.15861810769402,119,cross_below_mid
2026-04-08 06:15:00+00:00,1,DOWN,180,0.5044986803077158,259,0.4922028092700199,stop,-28.323709406208422,79,cross_above_mid
2026-04-08 06:20:00+00:00,1,UP,141,0.504632769462603,299,0.48784627337235487,settlement,-37.19824655047337,158,cross_below_mid
2026-04-08 06:25:00+00:00,1,DOWN,220,0.5044544903829884,299,0.4913693143830046,settlement,-29.88738111552796,79,cross_above_mid
2026-04-08 06:30:00+00:00,1,DOWN,162,0.5045249745951841,299,0.49081821691731187,settlement,-31.11331420905848,137,cross_above_mid
2026-04-08 06:35:00+00:00,1,DOWN,148,0.5048172672567861,299,0.4959574063527229,settlement,-21.515528401601486,151,cross_above_mid
2026-04-08 06:45:00+00:00,1,UP,240,0.5044219115724708,299,0.4905559353560981,settlement,-31.43386824890507,59,cross_below_mid
2026-04-08 06:50:00+00:00,1,DOWN,240,0.505124496503134,299,0.4959643448431177,settlement,-22.098174647998913,59,cross_above_mid
2026-04-08 07:00:00+00:00,1,DOWN,140,0.5052193971069873,299,0.5068857812508034,settlement,-0.7082590552707146,159,cross_above_mid
2026-04-08 07:15:00+00:00,1,DOWN,140,0.505213187065703,299,0.4899649104170474,settlement,-34.12150214000491,159,cross_above_mid
2026-04-08 07:20:00+00:00,1,DOWN,140,0.5046271155784777,253,0.49254945627631064,stop,-27.885961755632685,113,cross_above_mid
2026-04-08 07:25:00+00:00,1,UP,170,0.5052487874540671,299,0.4885664298410955,settlement,-36.95206898296463,129,cross_below_mid
2026-04-08 07:35:00+00:00,1,DOWN,140,0.5048890916016533,299,0.49374976414029603,settlement,-26.018793813049264,159,cross_above_mid
2026-04-08 07:40:00+00:00,1,UP,148,0.5049396491346158,299,0.49185152992679737,settlement,-29.868325040009804,151,cross_below_mid
2026-04-08 07:45:00+00:00,1,UP,140,0.5048502255720335,294,0.492454040619214,stop,-28.505074884132533,154,cross_below_mid
2026-04-08 07:50:00+00:00,1,UP,164,0.5046541232375739,299,0.49313457029249896,settlement,-26.7809767320034,135,cross_below_mid
2026-04-08 07:55:00+00:00,1,DOWN,140,0.5048211258809211,299,0.4907791716076845,settlement,-31.760071134574087,159,cross_above_mid
2026-04-08 08:00:00+00:00,1,UP,162,0.5053194943045333,299,0.5090155910721028,settlement,3.2997472205404184,137,cross_below_mid
2026-04-08 08:05:00+00:00,1,DOWN,240,0.50490037949435,299,0.4942299475746481,settlement,-25.09146970047309,59,cross_above_mid
2026-04-08 08:10:00+00:00,1,DOWN,258,0.5047138340842421,299,0.49576921070635527,settlement,-21.68672370022867,41,cross_above_mid
2026-04-08 08:25:00+00:00,1,DOWN,180,0.5051238025099716,299,0.49635779099963717,settlement,-21.31947582719789,119,cross_above_mid
2026-04-08 08:30:00+00:00,1,UP,140,0.5050369310695075,299,0.5067354041903307,settlement,-0.6436589676879976,159,cross_below_mid
2026-04-08 08:35:00+00:00,1,DOWN,269,0.5072156922489266,299,0.5097875687476325,settlement,1.06043638817241,30,cross_above_mid
2026-04-08 08:45:00+00:00,1,DOWN,163,0.5050251018444342,299,0.4936707283054109,settlement,-26.437824873575803,136,cross_above_mid
2026-04-08 09:00:00+00:00,1,UP,262,0.5047342089842908,299,0.49976320208612,settlement,-13.829064081782548,37,cross_below_mid
2026-04-08 09:05:00+00:00,1,UP,140,0.5052497345920718,288,0.49321987441306975,stop,-27.762111361299915,148,cross_below_mid
2026-04-08 09:15:00+00:00,1,DOWN,140,0.5048576985058864,282,0.49285707377021026,stop,-27.722770835523068,142,cross_above_mid
2026-04-08 09:20:00+00:00,1,DOWN,174,0.5051322472606447,299,0.500172288117447,settlement,-13.799491621759616,125,cross_above_mid
2026-04-08 09:35:00+00:00,1,UP,140,0.5048072562725752,299,0.49165443261717867,settlement,-30.003029562233397,159,cross_below_mid
2026-04-08 09:50:00+00:00,1,DOWN,140,0.5051327564315575,299,0.49249043492385824,settlement,-28.977665186109185,159,cross_above_mid
2026-04-08 10:00:00+00:00,1,UP,149,0.5053231787740723,290,0.4931233240017083,stop,-28.09439260703867,141,cross_below_mid
2026-04-08 10:05:00+00:00,1,UP,240,0.5043916811476414,299,0.49097898701675713,settlement,-30.53863900404879,59,cross_below_mid
2026-04-08 10:10:00+00:00,1,DOWN,188,0.5050440565152562,299,0.4982946668694411,settlement,-17.337234206853708,111,cross_above_mid
2026-04-08 11:05:00+00:00,1,UP,143,0.5049272856625046,299,0.5020944657069664,settlement,-9.599131589645951,156,cross_below_mid
2026-04-08 11:20:00+00:00,1,DOWN,240,0.5056510053847663,299,0.5000425339886608,settlement,-15.069402401472704,59,cross_above_mid
2026-04-08 11:25:00+00:00,1,UP,140,0.5043786070213396,299,0.49538249692992853,settlement,-21.800354230425217,159,cross_below_mid
2026-04-08 11:30:00+00:00,1,DOWN,140,0.5047030591668028,299,0.49389685982555576,settlement,-25.368182234457745,159,cross_above_mid
2026-04-08 11:45:00+00:00,1,UP,152,0.5049674460483643,299,0.49349950283854055,settlement,-26.664841888258938,147,cross_below_mid
2026-04-08 12:00:00+00:00,1,DOWN,146,0.5051477867993875,299,0.4945712556363481,settlement,-24.89562376902052,153,cross_above_mid
2026-04-08 12:10:00+00:00,1,DOWN,140,0.5050076163601401,240,0.4926458180844072,stop,-28.429482406822576,100,cross_above_mid
2026-04-08 12:15:00+00:00,1,DOWN,140,0.5048319581645005,299,0.5048690023964825,settlement,-3.926767426427649,159,cross_above_mid
2026-04-08 12:20:00+00:00,1,DOWN,140,0.5049203746051736,299,0.4949759035065746,settlement,-23.65573713313189,159,cross_above_mid
2026-04-08 12:30:00+00:00,1,UP,160,0.5048149944278093,299,0.50722580634543,settlement,0.7660832589027611,139,cross_below_mid
2026-04-08 12:35:00+00:00,1,UP,182,0.5049505912658535,299,0.4996882863173888,settlement,-14.400582610275091,117,cross_below_mid
2026-04-08 12:40:00+00:00,1,DOWN,180,0.5045955589368207,284,0.4925810539796067,stop,-27.762547519370628,104,cross_above_mid
2026-04-08 12:45:00+00:00,1,UP,180,0.5052033497034527,299,0.49690891970914586,settlement,-20.38516676339778,119,cross_below_mid
2026-04-08 13:00:00+00:00,1,UP,262,0.5047173430525055,299,0.50036277646514,settlement,-12.610477753562373,37,cross_below_mid
2026-04-08 13:10:00+00:00,1,DOWN,140,0.5032155130554264,196,0.4909965535959028,stop,-28.233198747315768,56,cross_above_mid
2026-04-08 13:15:00+00:00,1,DOWN,140,0.5049705436243449,188,0.49251838469726383,stop,-28.60986044855663,48,cross_above_mid
2026-04-08 13:15:00+00:00,2,UP,240,0.5042719341136251,299,0.4895890166705891,settlement,-33.05882841547986,59,cross_below_mid
2026-04-08 13:25:00+00:00,1,UP,180,0.5041309692731534,289,0.4920990337595857,stop,-27.818952562770093,109,cross_below_mid
2026-04-08 13:40:00+00:00,1,DOWN,140,0.5042559038255482,299,0.513668722193368,settlement,14.62941546111102,159,cross_above_mid
2026-04-08 13:55:00+00:00,1,UP,140,0.5052657560891212,299,0.49900315559442154,settlement,-16.369877076347528,159,cross_below_mid
2026-04-08 14:00:00+00:00,1,UP,180,0.5048290759273758,292,0.4927948671594521,stop,-27.79050835834906,112,cross_below_mid
2026-04-08 14:05:00+00:00,1,DOWN,140,0.5048443713080242,299,0.5390636371424161,settlement,63.64624752424243,159,cross_above_mid
2026-04-08 14:15:00+00:00,1,UP,180,0.5044384376060946,240,0.4917920795979753,stop,-29.020030892171324,60,cross_below_mid
2026-04-08 14:20:00+00:00,1,DOWN,140,0.5043223161680964,294,0.49156563255848207,stop,-29.24411439717388,154,cross_above_mid
2026-04-08 14:25:00+00:00,1,UP,146,0.5049253758653401,289,0.4928657294758134,stop,-27.83624922023617,143,cross_below_mid
2026-04-08 14:40:00+00:00,1,UP,140,0.5048811017584611,288,0.4928679470209992,stop,-27.746439282892222,148,cross_below_mid
2026-04-08 14:45:00+00:00,1,DOWN,180,0.5046364991358795,299,0.501841802513075,settlement,-9.526962941314924,119,cross_above_mid
2026-04-08 14:55:00+00:00,1,UP,140,0.5040173748637218,299,0.5059400492363394,settlement,-0.1929308004685315,159,cross_below_mid
2026-04-08 15:00:00+00:00,1,DOWN,157,0.5045125862566939,240,0.49243043350419247,stop,-27.900272808776677,83,cross_above_mid
2026-04-08 15:05:00+00:00,1,DOWN,140,0.5048211269686255,299,0.5141475322336545,settlement,14.437723695104884,159,cross_above_mid
2026-04-08 15:15:00+00:00,1,UP,203,0.504487118433528,299,0.5070110166799149,settlement,0.9928934909484579,96,cross_below_mid
2026-04-08 15:20:00+00:00,1,DOWN,140,0.5051609463825091,299,0.5030252005259032,settlement,-8.219396570848037,159,cross_above_mid
2026-04-08 15:25:00+00:00,1,UP,155,0.5050533500848159,299,0.49581555936517907,settlement,-22.25414114498855,144,cross_below_mid
2026-04-08 15:30:00+00:00,1,DOWN,140,0.5048929193708133,299,0.49101800867840695,settlement,-31.42593595544485,159,cross_above_mid
2026-04-08 15:35:00+00:00,1,UP,180,0.5045577288826368,299,0.49678637765175704,settlement,-19.37149880865681,119,cross_below_mid
2026-04-08 15:40:00+00:00,1,UP,180,0.5045870579342536,280,0.4925667606639596,stop,-27.774404212556153,100,cross_below_mid
2026-04-08 15:50:00+00:00,1,DOWN,180,0.5050103247334606,299,0.49170118557194176,settlement,-30.301483816605575,119,cross_above_mid
2026-04-08 15:55:00+00:00,1,UP,147,0.5050680291759544,299,0.496325978329232,settlement,-21.274042784421678,152,cross_below_mid
2026-04-08 16:00:00+00:00,1,DOWN,140,0.5047445002652236,299,0.4896572899419096,settlement,-33.831005379465125,159,cross_above_mid
2026-04-08 16:05:00+00:00,1,UP,180,0.5046416973589789,282,0.49263046373953423,stop,-27.753905424265074,102,cross_below_mid
2026-04-08 16:10:00+00:00,1,UP,175,0.5050394373180166,299,0.5007966610442401,settlement,-12.38407935767325,124,cross_below_mid
2026-04-08 16:15:00+00:00,1,DOWN,180,0.5041184832117647,266,0.4920999557398148,stop,-27.79299870258368,86,cross_above_mid
2026-04-08 16:25:00+00:00,1,DOWN,146,0.5048318731660029,299,0.5079676433916517,settlement,2.199090928176103,153,cross_above_mid
2026-04-08 16:35:00+00:00,1,UP,140,0.5049700015064191,299,0.5075564568052444,settlement,1.1117539270198051,159,cross_below_mid
2026-04-08 16:40:00+00:00,1,DOWN,140,0.5039165415468445,292,0.491602540925392,stop,-28.38771424824751,152,cross_above_mid
2026-04-08 16:45:00+00:00,1,DOWN,140,0.5050438304296161,240,0.4926887933932519,stop,-28.41437003953235,100,cross_above_mid
2026-04-08 16:55:00+00:00,1,DOWN,152,0.5052736698717718,299,0.5023894058868371,settlement,-9.696903734752935,147,cross_above_mid
2026-04-08 17:05:00+00:00,1,UP,140,0.5050222369341786,299,0.49995256572452906,settlement,-14.018433837577032,159,cross_below_mid
2026-04-08 17:15:00+00:00,1,DOWN,217,0.5046344318142307,299,0.4945055829019006,settlement,-24.031513066129232,82,cross_above_mid
2026-04-08 17:25:00+00:00,1,DOWN,180,0.5049669445572958,272,0.49295134878550073,stop,-27.74722684227286,92,cross_above_mid
2026-04-08 17:30:00+00:00,1,UP,174,0.5049078401229049,299,0.5018323685265008,settlement,-10.078972060453934,125,cross_below_mid
2026-04-08 17:35:00+00:00,1,UP,157,0.5063454626824726,299,0.5153155178930732,settlement,13.679856461542357,142,cross_below_mid
2026-04-08 17:40:00+00:00,1,DOWN,164,0.5059073391207162,299,0.4994893619382471,settlement,-16.660700355200362,135,cross_above_mid
2026-04-08 17:45:00+00:00,1,UP,145,0.5050459673182931,299,0.5058864888655807,settlement,-2.339080878821455,154,cross_below_mid
2026-04-08 17:50:00+00:00,1,UP,140,0.5051178141703124,299,0.4916438797565794,settlement,-30.621485458779677,159,cross_below_mid
2026-04-08 17:55:00+00:00,1,UP,199,0.5049634812622541,299,0.49956489652238734,settlement,-14.669657847175818,100,cross_below_mid
2026-04-08 18:00:00+00:00,1,DOWN,140,0.5043838689686153,293,0.49234337265815487,stop,-27.82394849861313,153,cross_above_mid
2026-04-08 18:05:00+00:00,1,DOWN,146,0.5049591825274669,299,0.5036570796311214,settlement,-6.573472739021026,153,cross_above_mid
2026-04-08 18:15:00+00:00,1,UP,140,0.5048580971585025,180,0.49225052848206924,stop,-28.922554693878865,40,cross_below_mid
2026-04-08 18:20:00+00:00,1,DOWN,151,0.5042879302493474,299,0.4912960303506084,settlement,-29.711335372493277,148,cross_above_mid
2026-04-08 18:25:00+00:00,1,UP,225,0.5057944747130118,299,0.5067966550834083,settlement,-2.022564382058002,74,cross_below_mid
2026-04-08 18:40:00+00:00,1,DOWN,154,0.5050717881338657,299,0.5169427884355878,settlement,19.456582963962127,145,cross_above_mid
2026-04-08 18:45:00+00:00,1,UP,240,0.5042096796723613,299,0.49003025166667685,settlement,-32.065841891152374,59,cross_below_mid
2026-04-08 18:50:00+00:00,1,DOWN,143,0.5052509278800396,299,0.504490650262285,settlement,-5.501743036282333,156,cross_above_mid
2026-04-08 18:55:00+00:00,1,DOWN,158,0.5047421616838083,299,0.5002677378235451,settlement,-12.847041819621232,141,cross_above_mid
2026-04-08 19:20:00+00:00,1,UP,140,0.5045343110604845,289,0.4925006821788483,stop,-27.803260473266853,149,cross_below_mid
2026-04-08 19:40:00+00:00,1,DOWN,180,0.5048434642345091,288,0.492540624103892,stop,-28.320874330765644,108,cross_above_mid
2026-04-08 19:50:00+00:00,1,DOWN,140,0.504741105870077,299,0.5028101168895005,settlement,-7.818050442500379,159,cross_above_mid
2026-04-08 19:55:00+00:00,1,DOWN,180,0.5045235348642119,299,0.48815790736536524,settlement,-36.372912491078914,119,cross_above_mid
2026-04-08 20:00:00+00:00,1,UP,160,0.5047005450463578,299,0.4979598703684395,settlement,-17.329078786599165,139,cross_below_mid
2026-04-08 20:05:00+00:00,1,UP,240,0.5052353421072383,299,0.4968229458858685,settlement,-20.617149928409138,59,cross_below_mid
2026-04-08 20:10:00+00:00,1,UP,180,0.5047864022928861,299,0.49631403746088065,settlement,-20.75049102736215,119,cross_below_mid
2026-04-08 20:15:00+00:00,1,DOWN,180,0.5048036066448947,299,0.49254731147531705,settlement,-28.23077493549472,119,cross_above_mid
2026-04-08 20:30:00+00:00,1,DOWN,140,0.5046106609959883,299,0.496409772106557,settlement,-20.219409822808863,159,cross_above_mid
2026-04-08 20:35:00+00:00,1,DOWN,255,0.5057217981462029,299,0.5009908238635497,settlement,-13.33618513458451,44,cross_above_mid
2026-04-08 20:40:00+00:00,1,DOWN,179,0.5049666813479876,299,0.4988610618494378,settlement,-16.066951117025422,120,cross_above_mid
2026-04-08 20:45:00+00:00,1,DOWN,180,0.504780733421029,299,0.4914384989527585,settlement,-30.37887921967839,119,cross_above_mid
2026-04-08 20:50:00+00:00,1,DOWN,180,0.5050265193190251,299,0.4926794673137952,settlement,-28.399427415880723,119,cross_above_mid
2026-04-08 21:30:00+00:00,1,UP,180,0.5049531803570265,282,0.492935840856762,stop,-27.751320494276584,102,cross_below_mid
2026-04-08 21:35:00+00:00,1,DOWN,140,0.5049862681669042,299,0.48849814408966075,settlement,-36.58533719901134,159,cross_above_mid
2026-04-08 21:50:00+00:00,1,DOWN,144,0.5050785507213121,299,0.49943159817843086,settlement,-15.157984495178276,155,cross_above_mid
2026-04-08 22:20:00+00:00,1,DOWN,170,0.5051110236882018,299,0.4998396587960491,settlement,-14.415179862746117,129,cross_above_mid
2026-04-08 22:35:00+00:00,1,UP,146,0.5046793165891205,299,0.48997901945974787,settlement,-33.06974003663798,153,cross_below_mid
2026-04-08 22:45:00+00:00,1,DOWN,159,0.5051932673500016,299,0.49472205451678075,settlement,-24.685688196858663,140,cross_above_mid
2026-04-08 23:05:00+00:00,1,DOWN,180,0.5045708840344018,299,0.496466225945455,settlement,-20.03035178743571,119,cross_above_mid
2026-04-08 23:15:00+00:00,1,UP,180,0.5042631577145147,292,0.49214624481507535,stop,-27.98088951897344,112,cross_below_mid
2026-04-08 23:30:00+00:00,1,DOWN,240,0.5050385182764966,299,0.4952999828088379,settlement,-23.244192363566242,59,cross_above_mid
2026-04-08 23:45:00+00:00,1,UP,177,0.5052597339086179,299,0.5052510035793024,settlement,-4.017244336075317,122,cross_below_mid
2026-04-08 23:50:00+00:00,1,UP,158,0.5048504448897568,286,0.49279871980373063,stop,-27.824128031580905,128,cross_below_mid
2026-04-09 00:00:00+00:00,1,DOWN,214,0.5049465076038734,299,0.49608623540294017,settlement,-21.5118582332453,85,cross_above_mid
2026-04-09 00:05:00+00:00,1,UP,140,0.5052304606549993,299,0.4917972482715816,settlement,-30.535110217365755,159,cross_below_mid
2026-04-09 00:15:00+00:00,1,DOWN,140,0.5048112068814065,299,0.5014931463623039,settlement,-10.559728375527698,159,cross_above_mid
2026-04-09 00:20:00+00:00,1,DOWN,158,0.50518283699591,299,0.49608120675900735,settlement,-21.980474218886467,141,cross_above_mid
2026-04-09 00:25:00+00:00,1,UP,240,0.5047346483348298,299,0.4931183349481909,settlement,-26.968664422211532,59,cross_below_mid
2026-04-09 00:30:00+00:00,1,UP,168,0.5052696544815113,258,0.4932246414981778,stop,-27.791104117864045,90,cross_below_mid
2026-04-09 00:35:00+00:00,1,UP,240,0.5040326369879379,299,0.4875088986133247,settlement,-36.717506144862206,59,cross_below_mid
2026-04-09 00:40:00+00:00,1,DOWN,240,0.5049193712568493,299,0.4943754526919597,settlement,-24.84061600086024,59,cross_above_mid
2026-04-09 00:50:00+00:00,1,DOWN,140,0.5044794644559546,274,0.49232431323673476,stop,-28.046253160896555,134,cross_above_mid
2026-04-09 01:00:00+00:00,1,UP,155,0.5046303004028083,286,0.49217880010180376,stop,-28.62515090846375,131,cross_below_mid
2026-04-09 01:10:00+00:00,1,UP,189,0.5044887513744025,299,0.49808582808642554,settlement,-16.666521154321334,110,cross_below_mid
2026-04-09 01:15:00+00:00,1,DOWN,140,0.5050836636720081,299,0.4981522382633048,settlement,-17.695874674691545,159,cross_above_mid
2026-04-09 01:20:00+00:00,1,UP,145,0.5050681039079535,199,0.4930105340058985,stop,-27.825410215260725,54,cross_below_mid
2026-04-09 01:25:00+00:00,1,UP,242,0.5050150008647065,299,0.5037551991328721,settlement,-6.489593628343592,57,cross_below_mid
2026-04-09 01:35:00+00:00,1,UP,140,0.5046542663893615,299,0.4908790713626265,settlement,-31.241708932813573,159,cross_below_mid
2026-04-09 01:40:00+00:00,1,DOWN,173,0.5049302559045991,299,0.4956542070068667,settlement,-22.334208916341915,126,cross_above_mid
2026-04-09 01:45:00+00:00,1,DOWN,240,0.5038133957507673,288,0.49170704892879125,stop,-27.98136736782814,48,cross_above_mid
2026-04-09 01:50:00+00:00,1,DOWN,151,0.5052094659279597,286,0.4929782018571681,stop,-28.16186228860289,135,cross_above_mid
2026-04-09 01:55:00+00:00,1,UP,140,0.5049704768651297,299,0.4947694419701805,settlement,-24.160847597192152,159,cross_below_mid
2026-04-09 02:00:00+00:00,1,UP,140,0.5045208905453754,267,0.49250561982680147,stop,-27.767579106931617,127,cross_below_mid
2026-04-09 02:40:00+00:00,1,DOWN,180,0.5048042868470564,299,0.4892893379677177,settlement,-34.67311309555353,119,cross_above_mid
2026-04-09 02:50:00+00:00,1,UP,191,0.5051240520615501,299,0.4995710994524426,settlement,-14.971258805181563,108,cross_below_mid
2026-04-09 03:10:00+00:00,1,DOWN,154,0.5049116280916719,299,0.49173527598114497,settlement,-30.0441603533804,145,cross_above_mid
2026-04-09 03:30:00+00:00,1,UP,152,0.5049553018959552,299,0.49379067422212874,settlement,-26.065910342247705,147,cross_below_mid
2026-04-09 03:45:00+00:00,1,DOWN,140,0.505172105941693,273,0.49316188989707377,stop,-27.726954579541808,133,cross_above_mid
2026-04-09 04:00:00+00:00,1,DOWN,140,0.5051051687191067,299,0.4937655646970832,settlement,-26.405086138156086,159,cross_above_mid
2026-04-09 04:35:00+00:00,1,DOWN,156,0.5050194946923656,299,0.49672538661554666,settlement,-20.390495708898534,143,cross_above_mid
2026-04-09 04:50:00+00:00,1,UP,200,0.5049589844551708,299,0.49714492980912306,settlement,-19.4436831046186,99,cross_below_mid
2026-04-09 05:15:00+00:00,1,DOWN,140,0.5048629360755604,287,0.49278878103343715,stop,-27.867877538618853,147,cross_above_mid
2026-04-09 05:20:00+00:00,1,DOWN,239,0.5048160157750348,299,0.4962162796003231,settlement,-21.001316190782152,60,cross_above_mid
2026-04-09 05:40:00+00:00,1,DOWN,211,0.5052622861321725,299,0.5010530288628833,settlement,-12.314174380416235,88,cross_above_mid
2026-04-09 05:50:00+00:00,1,UP,140,0.5044982057998392,299,0.49326338134519326,settlement,-26.224766464650507,159,cross_below_mid
2026-04-09 06:00:00+00:00,1,UP,259,0.5059645996453958,299,0.5007611369492442,settlement,-14.26367412739708,40,cross_below_mid
2026-04-09 06:25:00+00:00,1,DOWN,160,0.5053175269979493,299,0.4981800374866435,settlement,-18.09651189936277,139,cross_above_mid
2026-04-09 06:35:00+00:00,1,UP,149,0.5052619100031828,299,0.4938078922340417,settlement,-26.624127224493883,150,cross_below_mid
2026-04-09 06:40:00+00:00,1,UP,220,0.5054519039911342,299,0.4998341445522546,settlement,-15.092101693023054,79,cross_below_mid
2026-04-09 06:50:00+00:00,1,DOWN,140,0.5051758205109899,293,0.49316049412344853,stop,-27.73687585173206,153,cross_above_mid
2026-04-09 07:00:00+00:00,1,DOWN,140,0.5046369501098075,299,0.4913656441402854,settlement,-30.246122791248286,159,cross_above_mid
2026-04-09 07:05:00+00:00,1,UP,140,0.5050144791897496,299,0.5000848080000028,settlement,-13.741922360841526,159,cross_below_mid
2026-04-09 07:20:00+00:00,1,DOWN,145,0.505305843053428,299,0.500531803325196,settlement,-13.428926489321736,154,cross_above_mid
2026-04-09 07:30:00+00:00,1,UP,140,0.5044849985662129,299,0.49980821294779976,settlement,-13.251874803892104,159,cross_below_mid
2026-04-09 07:40:00+00:00,1,DOWN,252,0.5054114580638663,299,0.4964057832323936,settlement,-21.782864512490082,47,cross_above_mid
2026-04-09 07:55:00+00:00,1,UP,159,0.5052642139186468,299,0.49491563294308644,settlement,-24.440560659362646,140,cross_below_mid
2026-04-09 08:00:00+00:00,1,DOWN,193,0.5053567296752856,291,0.49316653577838787,stop,-28.073714259075903,98,cross_above_mid
2026-04-09 08:10:00+00:00,1,DOWN,182,0.5057687787039593,299,0.4994108628672963,settlement,-16.54565380893886,117,cross_above_mid
2026-04-09 08:15:00+00:00,1,DOWN,168,0.5053127002782568,299,0.4973911749767683,settlement,-19.645128742127685,131,cross_above_mid
2026-04-09 08:50:00+00:00,1,DOWN,187,0.5053750868716355,299,0.49689565343508046,settlement,-20.744938144984857,112,cross_above_mid
2026-04-09 09:15:00+00:00,1,DOWN,140,0.5046756996362917,280,0.49262288719773206,stop,-27.834527444755707,140,cross_above_mid
2026-04-09 10:00:00+00:00,1,DOWN,153,0.5053439715153067,299,0.5002606395080785,settlement,-14.0390340622874,146,cross_above_mid
2026-04-09 10:10:00+00:00,1,DOWN,267,0.5054120057545285,299,0.49736677940457874,settlement,-19.886318104500056,32,cross_above_mid
2026-04-09 10:15:00+00:00,1,DOWN,140,0.5044192767521335,293,0.4922413073683003,stop,-28.094268409646237,153,cross_above_mid
2026-04-09 10:45:00+00:00,1,UP,197,0.5052955111181572,299,0.4943113846062278,settlement,-25.694549066243624,102,cross_below_mid
2026-04-09 10:55:00+00:00,1,UP,140,0.5049032534232609,283,0.4928155246271572,stop,-27.892801753049127,143,cross_below_mid
2026-04-09 11:15:00+00:00,1,DOWN,258,0.5049133894047926,299,0.49243313924265575,settlement,-28.668170666844933,41,cross_above_mid
2026-04-09 11:30:00+00:00,1,UP,211,0.505721458771418,299,0.5031479718145879,settlement,-9.078566349855716,88,cross_below_mid
2026-04-09 11:55:00+00:00,1,DOWN,177,0.5053728971258964,299,0.5013817757880317,settlement,-11.881584307036414,122,cross_above_mid
2026-04-09 12:30:00+00:00,1,DOWN,173,0.5055692148504703,299,0.500724239158869,settlement,-13.564043059165037,126,cross_above_mid
2026-04-09 12:40:00+00:00,1,UP,146,0.5056751376149758,299,0.5052984765561566,settlement,-4.743377929305797,153,cross_below_mid
2026-04-09 12:50:00+00:00,1,DOWN,145,0.504810883376333,290,0.4927591376546149,stop,-27.826035900474277,145,cross_above_mid
2026-04-09 13:10:00+00:00,1,UP,140,0.5047438759403746,299,0.49079034130349686,settlement,-31.58949287231974,159,cross_below_mid
2026-04-09 13:30:00+00:00,1,UP,140,0.5043211542650583,188,0.4922460816197236,stop,-27.89533414993409,48,cross_below_mid
2026-04-09 13:35:00+00:00,1,UP,165,0.5055935252255263,225,0.4933909719251514,stop,-28.086835740908427,60,cross_below_mid
2026-04-09 13:40:00+00:00,1,DOWN,161,0.5058540764591893,299,0.5047906432310206,settlement,-6.098048451326445,138,cross_above_mid
2026-04-09 13:45:00+00:00,1,UP,140,0.5041526188793114,299,0.49330551719408466,settlement,-25.472480904532926,159,cross_below_mid
2026-04-09 13:55:00+00:00,1,DOWN,140,0.5045703654769352,277,0.49254803109198075,stop,-27.779219980236896,137,cross_above_mid
2026-04-09 14:00:00+00:00,1,DOWN,237,0.5053648197190153,299,0.49506994292845186,settlement,-24.33043582791302,62,cross_above_mid
2026-04-09 14:05:00+00:00,1,DOWN,236,0.5056024670607832,299,0.5106504086213585,settlement,5.964044888350024,63,cross_above_mid
2026-04-09 14:10:00+00:00,1,DOWN,140,0.5039756769463367,277,0.4919393988294506,stop,-27.834891464278762,137,cross_above_mid
2026-04-09 14:20:00+00:00,1,DOWN,140,0.5043006907209227,268,0.4922912465404653,stop,-27.7664264844902,128,cross_above_mid
2026-04-09 14:30:00+00:00,1,UP,186,0.5059453333151637,299,0.5131685240895058,settlement,10.248069738204153,113,cross_below_mid
2026-04-09 14:35:00+00:00,1,DOWN,140,0.5051186825084352,197,0.49309610989175934,stop,-27.753877825024045,57,cross_above_mid
2026-04-09 14:40:00+00:00,1,DOWN,140,0.5046111171792432,277,0.4925445227655877,stop,-27.864835345176548,137,cross_above_mid
2026-04-09 14:50:00+00:00,1,DOWN,172,0.5037687032569831,238,0.49154968328056414,stop,-28.20670807381496,66,cross_above_mid
2026-04-09 15:15:00+00:00,1,DOWN,169,0.5035520849031252,274,0.49151414182934094,stop,-27.858241377250867,105,cross_above_mid
2026-04-09 15:20:00+00:00,1,UP,140,0.5063922285619044,299,0.5086141973533618,settlement,0.379065729685502,159,cross_below_mid
2026-04-09 15:35:00+00:00,1,DOWN,166,0.505797993898178,299,0.5459596193704918,settlement,75.24369551658967,133,cross_above_mid
2026-04-09 15:45:00+00:00,1,DOWN,140,0.5041092527820484,208,0.49210094814960226,stop,-27.773195903552853,68,cross_above_mid
2026-04-09 15:50:00+00:00,1,UP,157,0.5051322065383024,299,0.5142319668757861,settlement,13.978582041016882,142,cross_below_mid
2026-04-09 15:55:00+00:00,1,UP,142,0.5049298539445894,214,0.49292003057775635,stop,-27.737562012751855,72,cross_below_mid
2026-04-09 16:05:00+00:00,1,DOWN,155,0.5057653661546752,299,0.5241489667386338,settlement,32.27538501159407,144,cross_above_mid
2026-04-09 16:30:00+00:00,1,DOWN,147,0.5051399345075439,299,0.5149678943927108,settlement,15.417003676335002,152,cross_above_mid
2026-04-09 16:35:00+00:00,1,UP,151,0.5052481039273167,226,0.4930469507533055,stop,-28.100537484480782,75,cross_below_mid
2026-04-09 16:40:00+00:00,1,DOWN,156,0.504809834535928,247,0.49276382325168955,stop,-27.814748523514236,91,cross_above_mid
2026-04-09 17:05:00+00:00,1,DOWN,166,0.5053098878281571,299,0.49743319066664726,settlement,-19.55667909245452,133,cross_above_mid
2026-04-09 17:10:00+00:00,1,DOWN,140,0.5046575212376075,299,0.4908698087258657,settlement,-31.26628754679684,159,cross_above_mid
2026-04-09 17:15:00+00:00,1,DOWN,140,0.5047388884891574,299,0.5038973050378875,settlement,-5.664029270424121,159,cross_above_mid
2026-04-09 17:20:00+00:00,1,DOWN,160,0.5053396615503744,299,0.5030816737023498,settlement,-8.45932121261745,139,cross_above_mid
2026-04-09 17:25:00+00:00,1,DOWN,259,0.5056211313186781,299,0.5002696309037554,settlement,-14.562844555495296,40,cross_above_mid
2026-04-09 17:40:00+00:00,1,UP,140,0.5045613266499152,299,0.4906741358373676,settlement,-31.468249544497297,159,cross_below_mid
2026-04-09 17:45:00+00:00,1,DOWN,140,0.5045853728188998,299,0.5035160925542129,settlement,-6.114888305611908,159,cross_above_mid
2026-04-09 17:50:00+00:00,1,DOWN,140,0.5054556513888167,299,0.4959739237208737,settlement,-22.721255141982677,159,cross_above_mid
2026-04-09 17:55:00+00:00,1,DOWN,200,0.5055805615264227,299,0.49777268231954597,settlement,-19.41250602067651,99,cross_above_mid
2026-04-09 18:05:00+00:00,1,UP,140,0.5055914948399346,299,0.5094647834625616,settlement,3.645583608176746,159,cross_below_mid
2026-04-09 18:25:00+00:00,1,DOWN,140,0.5047066145286708,274,0.4926100903120231,stop,-27.919502579708446,134,cross_above_mid
2026-04-09 18:30:00+00:00,1,UP,242,0.5023526333956733,299,0.4873265088871942,settlement,-33.85168437974644,57,cross_below_mid
2026-04-09 18:35:00+00:00,1,UP,144,0.5052020689935626,299,0.5028512288502733,settlement,-8.643960519949001,155,cross_below_mid
2026-04-09 18:40:00+00:00,1,UP,201,0.5046350202866119,259,0.49261890441773637,stop,-27.763875187113968,58,cross_below_mid
2026-04-09 18:45:00+00:00,1,DOWN,154,0.5051140797718248,299,0.49039157037185876,settlement,-33.08860586068669,145,cross_above_mid
2026-04-09 18:50:00+00:00,1,DOWN,183,0.5051497530241374,299,0.49792896620396976,settlement,-18.26576020949379,116,cross_above_mid
2026-04-09 18:55:00+00:00,1,UP,177,0.5051376822530749,299,0.49785026295891266,settlement,-18.397746814560907,122,cross_below_mid
2026-04-09 19:15:00+00:00,1,UP,147,0.5045062554210927,271,0.4923252194243507,stop,-28.09618075914999,124,cross_below_mid
2026-04-09 19:25:00+00:00,1,DOWN,258,0.5043446607381838,293,0.49229302374416173,stop,-27.847845841036527,35,cross_above_mid
2026-04-09 19:30:00+00:00,1,UP,140,0.5057715189282702,299,0.49979468900453916,settlement,-15.793618344748165,159,cross_below_mid
2026-04-09 20:00:00+00:00,1,UP,140,0.5054114646196817,299,0.4947667811907702,settlement,-25.019297751877573,159,cross_below_mid
2026-04-09 20:05:00+00:00,1,UP,140,0.504475636065256,289,0.4923659171426841,stop,-27.95655730570009,149,cross_below_mid
2026-04-09 20:20:00+00:00,1,UP,200,0.5054168433270237,299,0.505792713857417,settlement,-3.2578031494495976,99,cross_below_mid
2026-04-09 20:45:00+00:00,1,UP,140,0.5045697989619652,274,0.4924695553931783,stop,-27.933345012905914,134,cross_below_mid
2026-04-09 20:50:00+00:00,1,DOWN,140,0.5051870535288995,287,0.4931248058720249,stop,-27.829041297615486,147,cross_above_mid
2026-04-09 21:00:00+00:00,1,DOWN,155,0.5052085655369251,271,0.4931916189139296,stop,-27.738537997675582,116,cross_above_mid
2026-04-09 21:05:00+00:00,1,UP,227,0.5062262845964741,265,0.49420433728456725,stop,-27.700672569475305,38,cross_below_mid
2026-04-09 21:10:00+00:00,1,DOWN,189,0.5052103808997871,285,0.4931908539984976,stop,-27.743549818043668,96,cross_above_mid
2026-04-09 21:20:00+00:00,1,DOWN,148,0.5057660949938502,299,0.4918135761246515,settlement,-31.531726561523662,151,cross_above_mid
2026-04-09 21:25:00+00:00,1,UP,140,0.5047319636625827,265,0.49261149208731075,stop,-27.9656520747075,125,cross_below_mid
2026-04-09 21:45:00+00:00,1,DOWN,232,0.5053649477712918,299,0.5008079345843174,settlement,-12.999237443469635,67,cross_above_mid
2026-04-09 21:55:00+00:00,1,DOWN,140,0.5050570527251508,299,0.49943257756240633,settlement,-15.114043813726614,159,cross_above_mid
2026-04-09 22:00:00+00:00,1,DOWN,175,0.504421022962024,237,0.4922910111372081,stop,-27.99930068354357,62,cross_above_mid
2026-04-09 22:20:00+00:00,1,UP,156,0.5042059144539367,299,0.4921525840210575,settlement,-27.857760147540702,143,cross_below_mid
2026-04-09 22:25:00+00:00,1,DOWN,247,0.5066131080382009,299,0.5193766505122287,settlement,21.14347770906713,52,cross_above_mid
2026-04-09 22:30:00+00:00,1,DOWN,140,0.5055980545844402,299,0.5126744691505349,settlement,9.968134712795056,159,cross_above_mid
2026-04-09 22:35:00+00:00,1,DOWN,140,0.5056121932412994,299,0.518289204663444,settlement,21.022453114105225,159,cross_above_mid
2026-04-09 23:00:00+00:00,1,UP,140,0.5049141969170734,287,0.492399591048739,stop,-28.736037791880555,147,cross_below_mid
2026-04-09 23:15:00+00:00,1,DOWN,158,0.5064126649202959,197,0.49433249526736245,stop,-27.806689975901534,39,cross_above_mid
2026-04-09 23:30:00+00:00,1,UP,141,0.5036383238088603,290,0.4915460137941466,stop,-27.961888569989693,149,cross_below_mid
2026-04-09 23:35:00+00:00,1,DOWN,140,0.5050879536488404,278,0.4929384533687501,stop,-28.006118522399206,138,cross_above_mid
2026-04-09 23:40:00+00:00,1,DOWN,191,0.5050520575289145,299,0.5057675894054224,settlement,-2.586084736989572,108,cross_above_mid
2026-04-09 23:45:00+00:00,1,UP,193,0.5044946209021317,299,0.4996589907058736,settlement,-13.56592743691867,106,cross_below_mid
2026-04-09 23:50:00+00:00,1,DOWN,190,0.5052862121755922,299,0.49311043369637375,settlement,-28.04860182101562,109,cross_above_mid
2026-04-10 00:00:00+00:00,1,UP,230,0.5051796511431863,299,0.4987644664529265,settlement,-16.673420844230783,69,cross_below_mid
2026-04-10 00:05:00+00:00,1,UP,140,0.5046804472770796,299,0.4985676542709728,settlement,-16.087980529083666,159,cross_below_mid
2026-04-10 00:10:00+00:00,1,UP,160,0.5047236839674907,250,0.4925022738346744,stop,-28.165632998780136,90,cross_below_mid
2026-04-10 00:15:00+00:00,1,UP,160,0.5044104033672411,214,0.49231874653083585,stop,-27.923918781561238,54,cross_below_mid
2026-04-10 00:20:00+00:00,1,DOWN,152,0.5049191151613776,269,0.49289204065520587,stop,-27.77216468289787,117,cross_above_mid
2026-04-10 00:25:00+00:00,1,DOWN,140,0.504709239736481,283,0.4921157522947386,stop,-28.902061379777912,143,cross_above_mid
2026-04-10 00:30:00+00:00,1,DOWN,141,0.504904016380713,210,0.4929020056691287,stop,-27.723334141848863,69,cross_above_mid
2026-04-10 00:35:00+00:00,1,UP,145,0.5054032043967845,226,0.49333119358115674,stop,-27.83812902091921,81,cross_below_mid
2026-04-10 00:40:00+00:00,1,UP,225,0.5056726565323316,299,0.5049544782582016,settlement,-5.417402954901366,74,cross_below_mid
2026-04-10 00:45:00+00:00,1,DOWN,140,0.5051427826932348,293,0.49297331978771963,stop,-28.042952598373834,153,cross_above_mid
2026-04-10 00:50:00+00:00,1,UP,223,0.5053648661588528,299,0.4987890441355315,settlement,-16.98600440738156,76,cross_below_mid
2026-04-10 01:05:00+00:00,1,DOWN,225,0.5048505085817426,285,0.49274026422552974,stop,-27.939807253939914,60,cross_above_mid
2026-04-10 01:40:00+00:00,1,UP,161,0.5052082969745241,284,0.49320519444548233,stop,-27.711202677630855,123,cross_below_mid
2026-04-10 01:45:00+00:00,1,DOWN,168,0.5055393311312892,299,0.5065351533745627,settlement,-2.03411814356183,131,cross_above_mid
2026-04-10 01:50:00+00:00,1,UP,140,0.5057244061126521,299,0.4935265969048113,settlement,-28.07124007124435,159,cross_below_mid
2026-04-10 02:00:00+00:00,1,UP,183,0.5048449125051018,299,0.49022386442828747,settlement,-32.90354170007252,116,cross_below_mid
2026-04-10 02:10:00+00:00,1,UP,140,0.5044612409553904,299,0.49145282295572873,settlement,-29.735180643561748,159,cross_below_mid
2026-04-10 02:15:00+00:00,1,DOWN,140,0.5048242941345485,299,0.4985993073288736,settlement,-16.306334905522217,159,cross_above_mid
2026-04-10 02:30:00+00:00,1,DOWN,140,0.505065846225525,299,0.4939852894274138,settlement,-25.894958384450074,159,cross_above_mid
2026-04-10 02:35:00+00:00,1,DOWN,148,0.5050527979483592,299,0.4980140542306343,settlement,-17.908775990996013,151,cross_above_mid
2026-04-10 02:50:00+00:00,1,UP,152,0.5046050831953449,299,0.4966985635606388,settlement,-19.63739022498516,147,cross_below_mid
2026-04-10 03:00:00+00:00,1,DOWN,140,0.5051890303829192,299,0.49667721048210245,settlement,-20.815084552758954,159,cross_above_mid
2026-04-10 03:25:00+00:00,1,UP,145,0.5050406769957104,289,0.4930332472700846,stop,-27.727623163859295,144,cross_below_mid
2026-04-10 03:35:00+00:00,1,UP,199,0.5055818177728523,299,0.49647689060749733,settlement,-21.972792912237807,100,cross_below_mid
2026-04-10 03:40:00+00:00,1,UP,180,0.5052521952530884,299,0.49871056767927946,settlement,-16.92135765068982,119,cross_below_mid
2026-04-10 03:45:00+00:00,1,UP,161,0.5047701662569488,290,0.49272518492714895,stop,-27.814583687224367,129,cross_below_mid
2026-04-10 03:50:00+00:00,1,UP,168,0.5047614661302675,299,0.4955864880024947,settlement,-22.140505537627803,131,cross_below_mid
2026-04-10 04:00:00+00:00,1,DOWN,153,0.5047523524074375,292,0.4920975143806886,stop,-29.021237227441087,139,cross_above_mid
2026-04-10 04:05:00+00:00,1,DOWN,162,0.5048197953179095,299,0.49231629840257096,settlement,-28.718701677792957,137,cross_above_mid
2026-04-10 04:15:00+00:00,1,UP,175,0.505489922885277,299,0.4983357983569241,settlement,-18.124547208662474,124,cross_below_mid
2026-04-10 04:25:00+00:00,1,UP,188,0.5053404887252716,299,0.4932467684764457,settlement,-27.883961561785384,111,cross_below_mid
2026-04-10 04:40:00+00:00,1,DOWN,140,0.5051330950771148,299,0.4945034765642904,settlement,-25.001117090099303,159,cross_above_mid
2026-04-10 05:10:00+00:00,1,DOWN,210,0.5052527450275867,299,0.49387323141780815,settlement,-26.477373342996646,89,cross_above_mid
2026-04-10 05:20:00+00:00,1,UP,140,0.5056770892659828,299,0.5186931677701264,settlement,21.688421767320158,159,cross_below_mid
2026-04-10 05:25:00+00:00,1,DOWN,140,0.5046641047975714,299,0.49463325212639064,settlement,-23.836542505542134,159,cross_above_mid
2026-04-10 05:30:00+00:00,1,DOWN,140,0.5045303003399654,299,0.49793747421183376,settlement,-17.041120565884388,159,cross_above_mid
2026-04-10 05:35:00+00:00,1,UP,157,0.5047126665561342,299,0.49736025228799907,settlement,-18.538389713234555,142,cross_below_mid
2026-04-10 05:50:00+00:00,1,UP,140,0.5050406148437493,267,0.4930284591115729,stop,-27.736965044724105,127,cross_below_mid
2026-04-10 06:00:00+00:00,1,UP,160,0.5048721999623627,299,0.49960857584449503,settlement,-14.404805156678268,139,cross_below_mid
2026-04-10 06:25:00+00:00,1,DOWN,197,0.5052089110809843,299,0.4971186057360836,settlement,-19.981754393316045,102,cross_above_mid
2026-04-10 07:30:00+00:00,1,DOWN,140,0.5051674549373528,299,0.4922673886897637,settlement,-29.4851455478075,159,cross_above_mid
2026-04-10 07:35:00+00:00,1,DOWN,140,0.50473960933737,299,0.4988839391567589,settlement,-15.578165715827193,159,cross_above_mid
2026-04-10 07:55:00+00:00,1,UP,221,0.5053824655358456,299,0.5021551409895386,settlement,-10.373133452106218,78,cross_below_mid
2026-04-10 08:00:00+00:00,1,DOWN,147,0.5049712151809674,299,0.49368541629530516,settlement,-26.304691731497076,152,cross_above_mid
2026-04-10 08:10:00+00:00,1,UP,219,0.5051061375849467,299,0.4946124144610919,settlement,-24.733732770859184,80,cross_below_mid
2026-04-10 08:15:00+00:00,1,DOWN,172,0.5055158580025482,292,0.49328089769109884,stop,-28.154515031583596,120,cross_above_mid
2026-04-10 08:20:00+00:00,1,DOWN,247,0.5044884764611909,299,0.49061087411111415,settlement,-31.45324777788461,52,cross_above_mid
2026-04-10 08:30:00+00:00,1,UP,229,0.5050211755394391,299,0.4938313085457733,settlement,-26.11290892456136,70,cross_below_mid
2026-04-10 08:45:00+00:00,1,UP,141,0.5049969428817347,198,0.4929642658662714,stop,-27.77957298692927,57,cross_below_mid
2026-04-10 08:50:00+00:00,1,DOWN,220,0.5053138541975982,291,0.4932713245162831,stop,-27.78411856733461,71,cross_above_mid
2026-04-10 09:00:00+00:00,1,DOWN,140,0.5049356653735593,261,0.4928462106551672,stop,-27.894679335097482,121,cross_above_mid
2026-04-10 09:05:00+00:00,1,DOWN,241,0.5048065209908471,299,0.49645258323134833,settlement,-20.5156937109593,58,cross_above_mid
2026-04-10 09:15:00+00:00,1,UP,140,0.5050507957695125,299,0.515506624380263,settlement,16.66112367495621,159,cross_below_mid
2026-04-10 09:30:00+00:00,1,UP,144,0.5052695873277944,299,0.5050557198851006,settlement,-4.422427379683052,155,cross_below_mid
2026-04-10 09:35:00+00:00,1,DOWN,140,0.5050633965603414,293,0.4929504383483073,stop,-27.93507899788125,153,cross_above_mid
2026-04-10 09:55:00+00:00,1,UP,166,0.5051054598544723,299,0.4951796770273553,settlement,-23.61160994837945,133,cross_below_mid
2026-04-10 10:05:00+00:00,1,DOWN,183,0.5055148429932702,299,0.4992705963488381,settlement,-16.327547326293296,116,cross_above_mid
2026-04-10 10:25:00+00:00,1,UP,157,0.5052010786735576,299,0.49377827182698386,settlement,-26.56519574901145,142,cross_below_mid
2026-04-10 10:50:00+00:00,1,UP,188,0.5055054154946441,299,0.5059020198298045,settlement,-3.2169992360956323,111,cross_below_mid
2026-04-10 11:05:00+00:00,1,DOWN,140,0.504828923178179,267,0.4927403241778846,stop,-27.898040005991568,127,cross_above_mid
2026-04-10 11:15:00+00:00,1,UP,140,0.5053204630564326,299,0.502637709260153,settlement,-9.298396729261325,159,cross_below_mid
2026-04-10 11:20:00+00:00,1,UP,182,0.5051098899230689,299,0.4989364765039479,settlement,-16.197477648321545,117,cross_below_mid
2026-04-10 11:25:00+00:00,1,DOWN,140,0.5052669258532885,299,0.4903440556569775,settlement,-33.47555775745112,159,cross_above_mid
2026-04-10 11:45:00+00:00,1,DOWN,169,0.5053161855340461,278,0.49327985023580234,stop,-27.771774923362212,109,cross_above_mid
2026-04-10 11:50:00+00:00,1,DOWN,153,0.5050604888317958,299,0.506951881673923,settlement,-0.2626059686255928,146,cross_above_mid
2026-04-10 11:55:00+00:00,1,DOWN,256,0.5054976216978161,299,0.5004368418511825,settlement,-13.991458060626735,43,cross_above_mid
2026-04-10 12:00:00+00:00,1,DOWN,140,0.5049546850328036,284,0.49295060082743714,stop,-27.725051756233277,144,cross_above_mid
2026-04-10 12:20:00+00:00,1,UP,209,0.5056289051257689,242,0.49348449747608425,stop,-27.970383638116004,33,cross_below_mid
2026-04-10 12:40:00+00:00,1,DOWN,169,0.5039697743209403,299,0.4903107307278187,settlement,-31.048696569755542,130,cross_above_mid
2026-04-10 12:45:00+00:00,1,DOWN,167,0.5049062410981552,286,0.49286965395677285,stop,-27.791573542392214,119,cross_above_mid
2026-04-10 13:00:00+00:00,1,DOWN,143,0.5053591494958759,299,0.5049931271348842,settlement,-4.722833091345267,156,cross_above_mid
2026-04-10 13:05:00+00:00,1,UP,140,0.5050455242351978,299,0.49923909526615895,settlement,-15.473849055243033,159,cross_below_mid
2026-04-10 13:10:00+00:00,1,DOWN,140,0.5046614586487147,299,0.4963650393144472,settlement,-20.406694733077288,159,cross_above_mid
2026-04-10 13:15:00+00:00,1,DOWN,164,0.505191469105046,299,0.4948277661396877,settlement,-24.47337730732129,135,cross_above_mid
2026-04-10 13:25:00+00:00,1,UP,140,0.5049572770194956,299,0.5032060375475911,settlement,-7.46115814644095,159,cross_below_mid
2026-04-10 13:35:00+00:00,1,DOWN,181,0.5062729467726069,299,0.5287087016758952,settlement,40.22690079772053,118,cross_above_mid
2026-04-10 13:45:00+00:00,1,DOWN,140,0.5045614269866491,222,0.49248241718126806,stop,-27.89174269179564,82,cross_above_mid
2026-04-10 13:50:00+00:00,1,DOWN,184,0.5062117755221586,299,0.49960790435330316,settlement,-17.01957746778889,115,cross_above_mid
2026-04-10 14:05:00+00:00,1,DOWN,142,0.5043414784986723,299,0.4935484691883608,settlement,-25.357401187297345,157,cross_above_mid
2026-04-10 14:15:00+00:00,1,UP,166,0.5050991958061888,299,0.5027975989589815,settlement,-8.547609009447491,133,cross_below_mid
2026-04-10 14:30:00+00:00,1,UP,148,0.5058013998019333,299,0.5130695017514785,settlement,10.340738773136106,151,cross_below_mid
2026-04-10 14:35:00+00:00,1,DOWN,232,0.5041761554827925,299,0.496454713731287,settlement,-19.2843381905344,67,cross_above_mid
2026-04-10 14:40:00+00:00,1,UP,142,0.5047343776455318,178,0.49054677082058123,stop,-32.05283776656968,36,cross_below_mid
2026-04-10 14:45:00+00:00,1,UP,255,0.5048341224524427,281,0.49264063389861285,stop,-28.105148672609022,26,cross_below_mid
2026-04-10 15:00:00+00:00,1,UP,150,0.5053159262785127,299,0.49436341681030826,settlement,-25.631228862641255,149,cross_below_mid
2026-04-10 15:10:00+00:00,1,UP,140,0.5051396325356865,278,0.49311398210876567,stop,-27.758973466052705,138,cross_below_mid
2026-04-10 15:15:00+00:00,1,DOWN,244,0.5051791388265822,299,0.4955661669700263,settlement,-22.990780053045857,55,cross_above_mid
2026-04-10 15:30:00+00:00,1,DOWN,217,0.5050335207563325,299,0.506032532916617,settlement,-2.0258456221463415,82,cross_above_mid
2026-04-10 16:00:00+00:00,1,DOWN,143,0.5052348173053081,241,0.4931496731278593,stop,-27.872016488138335,98,cross_above_mid
2026-04-10 16:05:00+00:00,1,DOWN,140,0.5046181315330295,299,0.4908111621324457,settlement,-31.30650089785905,159,cross_above_mid
2026-04-10 16:15:00+00:00,1,UP,169,0.5051122472935491,299,0.501697394666122,settlement,-10.747060560168295,130,cross_below_mid
2026-04-10 16:20:00+00:00,1,DOWN,194,0.505921387201875,299,0.49257149382341125,settlement,-30.334513481222924,105,cross_above_mid
2026-04-10 16:25:00+00:00,1,DOWN,192,0.5054392275226745,299,0.49242798993273207,settlement,-29.690952359213096,107,cross_above_mid
2026-04-10 16:40:00+00:00,1,DOWN,189,0.505339644309163,299,0.49410201735429227,settlement,-26.193294801346816,110,cross_above_mid
2026-04-10 16:45:00+00:00,1,UP,142,0.5052615201221826,299,0.5036477360613169,settlement,-7.1875700574913495,157,cross_below_mid
2026-04-10 16:55:00+00:00,1,DOWN,140,0.5044816222855332,239,0.4923556309469179,stop,-27.988464240008565,99,cross_above_mid
2026-04-10 17:00:00+00:00,1,UP,140,0.5040540316185099,269,0.4920417457504697,stop,-27.783682986940903,129,cross_below_mid
2026-04-10 17:05:00+00:00,1,DOWN,140,0.5051932641530074,299,0.4944849105246697,settlement,-25.15415560616866,159,cross_above_mid
2026-04-10 17:20:00+00:00,1,DOWN,158,0.5051936664652464,299,0.4897544251888013,settlement,-34.4999128387771,141,cross_above_mid
2026-04-10 17:25:00+00:00,1,UP,186,0.5053825972273301,299,0.4980212584549185,settlement,-18.536741342445094,113,cross_below_mid
2026-04-10 17:30:00+00:00,1,DOWN,165,0.505355284053563,299,0.5064168811530912,settlement,-1.9035068223074258,134,cross_above_mid
2026-04-10 17:35:00+00:00,1,UP,158,0.5045198069557351,299,0.4962480344648289,settlement,-20.36254678629225,141,cross_below_mid
2026-04-10 17:40:00+00:00,1,DOWN,150,0.5054118024574376,299,0.4925612051494981,settlement,-29.37514171803224,149,cross_above_mid
2026-04-10 17:45:00+00:00,1,DOWN,141,0.5045286716319981,273,0.4925087191303802,stop,-27.776473511032624,132,cross_above_mid
2026-04-10 18:05:00+00:00,1,UP,185,0.5051163457680304,299,0.5093558731870211,settlement,4.376383776928456,114,cross_below_mid
2026-04-10 18:20:00+00:00,1,DOWN,140,0.5045495919449622,299,0.497837825616557,settlement,-17.275885864712116,159,cross_above_mid
2026-04-10 18:25:00+00:00,1,DOWN,147,0.5053465738763786,287,0.4928426069273437,stop,-28.693862905637317,140,cross_above_mid
2026-04-10 18:30:00+00:00,1,UP,168,0.5047207403511302,299,0.4896243600306402,settlement,-33.85054180529145,131,cross_below_mid
2026-04-10 18:35:00+00:00,1,DOWN,140,0.5046882847199575,299,0.49435117221902714,settlement,-24.441208144256677,159,cross_above_mid
2026-04-10 18:45:00+00:00,1,UP,150,0.5051064602067221,299,0.4990499559813929,settlement,-15.966568818788824,149,cross_below_mid
2026-04-10 19:00:00+00:00,1,DOWN,140,0.5045597420228553,292,0.4924483219650022,stop,-27.955928725660822,152,cross_above_mid
2026-04-10 19:05:00+00:00,1,UP,140,0.5050779082865329,266,0.4929767440746432,stop,-27.911087151755957,126,cross_below_mid
2026-04-10 19:30:00+00:00,1,DOWN,260,0.5058298616257888,299,0.49221420324128806,settlement,-30.86363162518153,39,cross_above_mid
2026-04-10 20:00:00+00:00,1,DOWN,159,0.5052928457238309,299,0.49218714155202803,settlement,-29.884975166673794,140,cross_above_mid
2026-04-10 20:20:00+00:00,1,DOWN,140,0.5053084786014336,299,0.5141096052382335,settlement,13.38249951363742,159,cross_above_mid
2026-04-10 20:45:00+00:00,1,DOWN,164,0.5054979304498673,299,0.4946462121896651,settlement,-25.42444938210468,135,cross_above_mid
2026-04-10 20:50:00+00:00,1,DOWN,223,0.5046225057144739,299,0.48933006164159143,settlement,-34.24411121562651,76,cross_above_mid
2026-04-10 20:55:00+00:00,1,UP,164,0.5059038447544761,299,0.507984307452003,settlement,0.10414309687531764,135,cross_below_mid
2026-04-10 21:15:00+00:00,1,DOWN,157,0.5050173954334696,299,0.4932445999321692,settlement,-27.265040009588393,142,cross_above_mid
2026-04-10 21:25:00+00:00,1,DOWN,174,0.5052437060289788,299,0.5005913893570971,settlement,-13.189648447142927,125,cross_above_mid
2026-04-10 21:40:00+00:00,1,DOWN,239,0.5050985212673246,299,0.4911644850834277,settlement,-31.53159537398292,60,cross_above_mid
2026-04-10 22:05:00+00:00,1,UP,164,0.5047992754327277,284,0.4922208005340664,stop,-28.867939713469177,120,cross_below_mid
2026-04-10 22:20:00+00:00,1,UP,140,0.5045738546748488,299,0.49181311865203114,settlement,-29.23954507904243,159,cross_below_mid
2026-04-10 22:40:00+00:00,1,DOWN,182,0.5057772147712115,299,0.5008799559558915,settlement,-13.66327496563917,117,cross_above_mid
2026-04-10 22:45:00+00:00,1,DOWN,140,0.5050601091275942,299,0.498305615956392,settlement,-17.346894880499967,159,cross_above_mid
2026-04-10 23:00:00+00:00,1,DOWN,196,0.5055807744435691,299,0.4996799977511671,settlement,-15.647941212753661,103,cross_above_mid
2026-04-10 23:10:00+00:00,1,DOWN,169,0.5052211532238359,293,0.4932120435708772,stop,-27.722465611693803,124,cross_above_mid
2026-04-10 23:20:00+00:00,1,UP,219,0.5060945860021282,299,0.5049419162278911,settlement,-6.2730226058648295,80,cross_below_mid
2026-04-11 00:00:00+00:00,1,UP,140,0.5041914162849532,267,0.49215446151655157,stop,-27.82603207999788,127,cross_below_mid
2026-04-11 00:20:00+00:00,1,UP,154,0.5052877470845337,299,0.4942792104643754,settlement,-25.74309511819606,145,cross_below_mid
2026-04-11 02:20:00+00:00,1,UP,153,0.5047030244142274,292,0.4926025290937378,stop,-27.927525189421505,139,cross_below_mid
2026-04-11 02:25:00+00:00,1,UP,140,0.5051805015760297,299,0.49716957752187685,settlement,-19.82583290745097,159,cross_below_mid
2026-04-11 02:30:00+00:00,1,UP,159,0.5056560185108285,299,0.5030556978262525,settlement,-9.132184623945745,140,cross_below_mid
2026-04-11 02:35:00+00:00,1,DOWN,140,0.5051038340347115,299,0.5003474357037706,settlement,-13.397841026787347,159,cross_above_mid
2026-04-11 03:00:00+00:00,1,UP,190,0.5052744540805426,299,0.4977774886862678,settlement,-18.807737464387223,109,cross_below_mid
2026-04-11 03:35:00+00:00,1,UP,184,0.504758011533017,299,0.49561715239970805,settlement,-22.073170126286616,115,cross_below_mid
2026-04-11 03:40:00+00:00,1,UP,226,0.5054340428359004,299,0.4973562266053687,settlement,-19.94997549598779,73,cross_below_mid
2026-04-11 03:55:00+00:00,1,DOWN,262,0.5061722983238112,299,0.5027586650421423,settlement,-10.730526396618657,37,cross_above_mid
2026-04-11 04:00:00+00:00,1,DOWN,140,0.5051869420196472,299,0.4963830058541451,settlement,-21.39223159261589,159,cross_above_mid
2026-04-11 04:15:00+00:00,1,DOWN,140,0.5055939318225263,299,0.5113936542629954,settlement,7.4481654768355146,159,cross_above_mid
2026-04-11 05:45:00+00:00,1,DOWN,147,0.5051364666892525,299,0.49760723038003596,settlement,-18.875540239348112,152,cross_above_mid
2026-04-11 06:05:00+00:00,1,DOWN,203,0.505108917126882,299,0.4982453348071386,settlement,-17.561144780548837,96,cross_above_mid
2026-04-11 06:10:00+00:00,1,UP,198,0.5052378838657663,299,0.49339118391985354,settlement,-27.400871002701997,101,cross_below_mid
2026-04-11 09:05:00+00:00,1,UP,140,0.5047998886981082,289,0.49278403749838606,stop,-27.755590612846436,149,cross_below_mid
2026-04-11 09:25:00+00:00,1,UP,140,0.5051360913786898,299,0.4965570442724183,settlement,-20.949667937388053,159,cross_below_mid
2026-04-11 10:15:00+00:00,1,DOWN,196,0.504971151827671,299,0.4954112525482831,settlement,-22.893711940370604,103,cross_above_mid
2026-04-11 10:55:00+00:00,1,UP,140,0.5049091070346017,299,0.497831866134421,settlement,-17.98882753345999,159,cross_below_mid
2026-04-11 13:05:00+00:00,1,UP,169,0.5050087060838439,289,0.4929859705890443,stop,-27.759372619247213,120,cross_below_mid
2026-04-11 13:10:00+00:00,1,DOWN,179,0.5066034794117297,299,0.5181501691984403,settlement,18.74677706619468,120,cross_above_mid
2026-04-11 13:15:00+00:00,1,UP,180,0.5051799659360616,299,0.5206352569821164,settlement,26.532446858581274,119,cross_below_mid
2026-04-11 13:25:00+00:00,1,UP,266,0.5040702557290275,293,0.49191948749029335,stop,-28.057096336141527,27,cross_below_mid
2026-04-11 13:30:00+00:00,1,UP,211,0.5049983189224392,299,0.49189754546724546,settlement,-29.890327587984334,88,cross_below_mid
2026-04-11 13:45:00+00:00,1,DOWN,198,0.505083797931987,293,0.4930309399213958,stop,-27.81535963699585,95,cross_above_mid
2026-04-11 14:00:00+00:00,1,DOWN,140,0.5051785800889664,299,0.4936306241816092,settlement,-26.81343756402518,159,cross_above_mid
2026-04-11 14:05:00+00:00,1,DOWN,140,0.5048449015008495,290,0.4927639823577179,stop,-27.88210174848133,150,cross_above_mid
2026-04-11 14:20:00+00:00,1,DOWN,191,0.5048208914546372,299,0.4931300586724734,settlement,-27.112060760757686,108,cross_above_mid
2026-04-11 14:30:00+00:00,1,DOWN,183,0.5052933294046132,299,0.49643820178394493,settlement,-21.489677482661605,116,cross_above_mid
2026-04-11 15:25:00+00:00,1,DOWN,140,0.5049807331203124,299,0.49784257220966677,settlement,-18.107240378866308,159,cross_above_mid
2026-04-11 15:30:00+00:00,1,UP,233,0.5053923254407312,299,0.4997034063586252,settlement,-15.23392849107997,66,cross_below_mid
2026-04-11 15:55:00+00:00,1,DOWN,157,0.5045609484109342,299,0.49042157108963624,settlement,-31.967084276135395,142,cross_above_mid
2026-04-11 16:15:00+00:00,1,UP,148,0.5052418518378174,299,0.5008503703729575,settlement,-12.674456571616377,151,cross_below_mid
2026-04-11 16:30:00+00:00,1,UP,199,0.5051047110030121,299,0.4924936240841602,settlement,-28.91733787242221,100,cross_below_mid
2026-04-11 16:40:00+00:00,1,UP,140,0.5064808640425924,299,0.5223061488917486,settlement,27.183081930080117,159,cross_below_mid
2026-04-11 16:45:00+00:00,1,DOWN,192,0.5049627116425031,277,0.4922411601154997,stop,-29.142665252751975,85,cross_above_mid
2026-04-11 16:55:00+00:00,1,UP,142,0.5051634786888537,290,0.49259758297360423,stop,-28.825159483754412,148,cross_below_mid
2026-04-11 17:00:00+00:00,1,DOWN,163,0.5050137415370802,299,0.4951687249621556,settlement,-23.45556275730248,136,cross_above_mid
2026-04-11 17:05:00+00:00,1,UP,171,0.5046784035257428,299,0.4899608987710702,settlement,-33.103820655987384,128,cross_below_mid
2026-04-11 17:15:00+00:00,1,DOWN,173,0.5053617817152736,299,0.5018545167631585,settlement,-10.926227009748262,126,cross_above_mid
2026-04-11 17:30:00+00:00,1,UP,161,0.5053548237659294,299,0.5082056860896651,settlement,1.6300256083159717,138,cross_below_mid
2026-04-11 17:35:00+00:00,1,DOWN,186,0.5052537557703223,299,0.5003940163322236,settlement,-13.599176461000358,113,cross_above_mid
2026-04-11 18:05:00+00:00,1,UP,140,0.505175115844007,299,0.503214283779417,settlement,-7.873726830727471,159,cross_below_mid
2026-04-11 18:10:00+00:00,1,DOWN,203,0.5052067074424197,299,0.4922761614677562,settlement,-29.543375993647008,96,cross_above_mid
2026-04-11 18:20:00+00:00,1,UP,147,0.5052123315768363,299,0.49717794231519385,settlement,-19.87118916534145,152,cross_below_mid
2026-04-11 18:30:00+00:00,1,UP,174,0.5051999978383311,299,0.5086020618010813,settlement,2.720625196659498,125,cross_below_mid
2026-04-11 18:45:00+00:00,1,DOWN,187,0.5048439860386789,225,0.4927836856848584,stop,-27.84138483565226,38,cross_above_mid
2026-04-11 19:05:00+00:00,1,UP,143,0.5064811829080588,299,0.5218355272549927,settlement,26.25509372383094,156,cross_below_mid
2026-04-11 19:15:00+00:00,1,UP,254,0.5048476637792974,289,0.49233184373877725,stop,-28.741697935042076,35,cross_below_mid
2026-04-11 19:45:00+00:00,1,DOWN,167,0.5054036297144396,299,0.5018529090014047,settlement,-11.011463834581278,132,cross_above_mid
2026-04-11 19:55:00+00:00,1,DOWN,220,0.5048613748768062,299,0.48944433867892523,settlement,-34.47609282694608,79,cross_above_mid
2026-04-11 20:05:00+00:00,1,DOWN,140,0.5047896609037535,280,0.4927890686602684,stop,-27.725904047947044,140,cross_above_mid
2026-04-11 20:15:00+00:00,1,UP,186,0.5047804187951391,299,0.4897384976397871,settlement,-33.73934161089903,113,cross_below_mid
2026-04-11 20:20:00+00:00,1,DOWN,140,0.505211713514374,299,0.5013837102637312,settlement,-11.561873848027533,159,cross_above_mid
2026-04-11 20:25:00+00:00,1,UP,140,0.5051859935436819,299,0.4957325104126652,settlement,-22.675450795012726,159,cross_below_mid
2026-04-11 20:40:00+00:00,1,UP,167,0.5050486305379848,299,0.5039347975341699,settlement,-6.200986737897138,132,cross_below_mid
2026-04-11 20:45:00+00:00,1,DOWN,182,0.5051173489865127,284,0.4930694264503944,stop,-27.804026361737815,102,cross_above_mid
2026-04-11 21:00:00+00:00,1,DOWN,220,0.5049016218591875,293,0.49284523203315145,stop,-27.830933642236737,73,cross_above_mid
2026-04-11 21:10:00+00:00,1,DOWN,142,0.5051027123156883,299,0.49429412814148765,settlement,-25.355987094977966,157,cross_above_mid
2026-04-11 21:15:00+00:00,1,UP,188,0.5048577045943523,299,0.491150177752242,settlement,-31.09696546954334,111,cross_below_mid
2026-04-11 21:20:00+00:00,1,UP,140,0.5047853738020911,287,0.4927353778947755,stop,-27.823780441419643,147,cross_below_mid
2026-04-11 21:25:00+00:00,1,UP,168,0.504798257941821,299,0.4947173615980832,settlement,-23.930208539288998,131,cross_below_mid
2026-04-11 21:35:00+00:00,1,UP,147,0.5052451202541824,299,0.4964729468955281,settlement,-21.32748850208127,152,cross_below_mid
2026-04-11 21:45:00+00:00,1,UP,142,0.5054096203680132,299,0.49173612980988624,settlement,-31.00016585967294,157,cross_below_mid
2026-04-11 22:00:00+00:00,1,DOWN,167,0.5052679551203024,284,0.49323724502977895,stop,-27.76293320933779,117,cross_above_mid
2026-04-11 22:15:00+00:00,1,UP,140,0.5051671989979201,299,0.4929066409720382,settlement,-28.221756547341666,159,cross_below_mid
2026-04-11 22:20:00+00:00,1,DOWN,140,0.5050755729979567,299,0.5015533442972808,settlement,-10.959719359242774,159,cross_above_mid
2026-04-11 22:25:00+00:00,1,DOWN,161,0.5051762274540414,292,0.4930863003241456,stop,-27.884234094791736,131,cross_above_mid
2026-04-11 23:25:00+00:00,1,DOWN,208,0.5053650213842728,299,0.5045420640883658,settlement,-5.6251844638266935,91,cross_above_mid
2026-04-11 23:30:00+00:00,1,UP,140,0.5044657890140669,299,0.4916045622452706,settlement,-29.443755740789786,159,cross_below_mid
2026-04-11 23:50:00+00:00,1,UP,164,0.5045698171300852,299,0.4867159456112388,settlement,-39.31357439720757,135,cross_below_mid
2026-04-11 23:55:00+00:00,1,UP,140,0.505280914702668,299,0.5003160121375563,settlement,-13.806372288763871,159,cross_below_mid
2026-04-12 00:30:00+00:00,1,DOWN,146,0.5052621030712844,299,0.49542701068289385,settlement,-23.426397000585954,153,cross_above_mid
2026-04-12 01:00:00+00:00,1,UP,243,0.505342695205238,289,0.49333755492172227,stop,-27.70892092955402,46,cross_below_mid
2026-04-12 01:10:00+00:00,1,UP,215,0.5050097438849505,299,0.4959455869344287,settlement,-21.912582373225565,84,cross_below_mid
2026-04-12 01:45:00+00:00,1,DOWN,149,0.5062556871037157,299,0.5458172633708559,settlement,73.98915473026027,150,cross_above_mid
2026-04-12 01:55:00+00:00,1,DOWN,179,0.5058665417435771,299,0.5001265299308618,settlement,-15.324195842929816,120,cross_above_mid
2026-04-12 02:00:00+00:00,1,UP,140,0.5046027844979902,235,0.49252474459244233,stop,-27.887866250537535,95,cross_below_mid
2026-04-12 02:15:00+00:00,1,UP,200,0.5061837682163625,299,0.504168339459608,settlement,-7.973651518555144,99,cross_below_mid
2026-04-12 02:20:00+00:00,1,UP,148,0.5048199132668256,241,0.4927044189044158,stop,-27.951637120333043,93,cross_below_mid
2026-04-12 02:25:00+00:00,1,UP,148,0.5048655158244416,299,0.49888647061390046,settlement,-15.819161604602495,151,cross_below_mid
2026-04-12 02:35:00+00:00,1,DOWN,155,0.5048532911768066,299,0.5038588219988306,settlement,-5.965878517512592,144,cross_above_mid
2026-04-12 02:45:00+00:00,1,UP,140,0.5046747233984585,276,0.4926461415767403,stop,-27.78665722990212,136,cross_below_mid
2026-04-12 02:50:00+00:00,1,UP,140,0.5050244661472156,299,0.49000248137249725,settlement,-33.68557329418328,159,cross_below_mid
2026-04-12 02:55:00+00:00,1,UP,232,0.50504046365916,299,0.49059086304347455,settlement,-32.55355650114062,67,cross_below_mid
2026-04-12 03:10:00+00:00,1,DOWN,242,0.5057841508942525,294,0.49292550375173216,stop,-29.37234475525985,52,cross_above_mid
2026-04-12 03:20:00+00:00,1,DOWN,207,0.5048395426337146,299,0.5000419909247181,settlement,-13.484115647122216,92,cross_above_mid
2026-04-12 03:30:00+00:00,1,DOWN,140,0.5047282794057494,299,0.5056936049367532,settlement,-2.091260348883016,159,cross_above_mid
2026-04-12 03:35:00+00:00,1,UP,140,0.5048542622002365,299,0.4964992925552645,settlement,-20.51617175487959,159,cross_below_mid
2026-04-12 03:40:00+00:00,1,UP,140,0.5051317239584256,299,0.49536314407691584,settlement,-23.300000889568313,159,cross_below_mid
2026-04-12 03:50:00+00:00,1,UP,198,0.5052095792486482,299,0.4954500408893233,settlement,-23.279165880210833,101,cross_below_mid
2026-04-12 04:00:00+00:00,1,DOWN,153,0.5044398788843178,293,0.4923979775210231,stop,-27.824083034728073,140,cross_above_mid
2026-04-12 04:20:00+00:00,1,UP,140,0.5053897526170075,299,0.4974620404253858,settlement,-19.65496080256733,159,cross_below_mid
2026-04-12 04:25:00+00:00,1,UP,184,0.50523273213757,299,0.49280044917980376,settlement,-28.557827715074325,115,cross_below_mid
2026-04-12 04:55:00+00:00,1,DOWN,157,0.5052262205775132,299,0.4981370328824749,settlement,-18.00364634986865,142,cross_above_mid
2026-04-12 05:00:00+00:00,1,DOWN,140,0.5049890439856147,294,0.4928367687321873,stop,-28.016304605741233,154,cross_above_mid
2026-04-12 05:05:00+00:00,1,DOWN,140,0.5049811539364029,283,0.49294706399436417,stop,-27.783108871558312,143,cross_above_mid
2026-04-12 05:15:00+00:00,1,UP,140,0.5050599665822826,299,0.4975217614492604,settlement,-18.89551582095249,159,cross_below_mid
2026-04-12 05:30:00+00:00,1,DOWN,150,0.5047249216738635,299,0.49761135931413825,settlement,-18.06575132343707,149,cross_above_mid
2026-04-12 05:35:00+00:00,1,DOWN,233,0.5052383875992986,299,0.4939569859845381,settlement,-26.28421095441453,66,cross_above_mid
2026-04-12 05:50:00+00:00,1,UP,218,0.5049803231338307,283,0.4928641366269,stop,-27.945396642142438,65,cross_below_mid
2026-04-12 08:05:00+00:00,1,UP,183,0.5052973326138378,299,0.4981662925361787,settlement,-18.084337157866216,116,cross_below_mid
2026-04-12 08:40:00+00:00,1,UP,236,0.5052030649447308,299,0.4966245151384491,settlement,-20.9464385723902,63,cross_below_mid
2026-04-12 09:05:00+00:00,1,DOWN,188,0.5049933098004911,299,0.4945591012170094,settlement,-24.620748758886947,111,cross_above_mid
2026-04-12 11:20:00+00:00,1,UP,140,0.505067726131183,299,0.48935774349602673,settlement,-35.04249560743802,159,cross_below_mid
2026-04-12 11:40:00+00:00,1,UP,192,0.5053339257359202,299,0.4966119503056785,settlement,-21.225305953295603,107,cross_below_mid
2026-04-12 12:10:00+00:00,1,UP,140,0.5051863632243384,299,0.49915921215917913,settlement,-15.906688701250292,159,cross_below_mid
2026-04-12 12:20:00+00:00,1,DOWN,141,0.5048831419497548,299,0.4965817450583021,settlement,-20.40933001976582,158,cross_above_mid
2026-04-12 12:55:00+00:00,1,UP,140,0.505243620452804,294,0.492868352435734,stop,-28.444677737775724,154,cross_below_mid
2026-04-12 13:05:00+00:00,1,DOWN,248,0.503454533263719,273,0.4913447389673188,stop,-28.00529523383354,25,cross_above_mid
2026-04-12 13:10:00+00:00,1,DOWN,183,0.5059511229624329,299,0.5169577664634487,settlement,17.71085252207128,116,cross_above_mid
2026-04-12 13:15:00+00:00,1,UP,181,0.5054658420742625,299,0.5053043510341465,settlement,-4.318850542648674,118,cross_below_mid
2026-04-12 13:25:00+00:00,1,DOWN,200,0.5052283952213951,299,0.5040080875082512,settlement,-6.410527811256307,99,cross_above_mid
2026-04-12 13:30:00+00:00,1,DOWN,153,0.5054612160953593,299,0.4915155693448544,settlement,-31.534764317858578,146,cross_above_mid
2026-04-12 13:50:00+00:00,1,DOWN,158,0.5054057980255912,299,0.5067177015081868,settlement,-1.4094486435547338,141,cross_above_mid
2026-04-12 13:55:00+00:00,1,UP,150,0.5050441583084355,299,0.49197872830302014,settlement,-29.818136752789282,149,cross_below_mid
2026-04-12 14:05:00+00:00,1,UP,140,0.5053030925181854,299,0.5047175268232622,settlement,-5.156522831912624,159,cross_below_mid
2026-04-12 14:25:00+00:00,1,UP,140,0.5046880409602179,299,0.49487685971597895,settlement,-23.4012104251987,159,cross_below_mid
2026-04-12 14:30:00+00:00,1,DOWN,226,0.5054788793846081,299,0.5012443595411917,settlement,-12.360489381622688,73,cross_above_mid
2026-04-12 14:45:00+00:00,1,UP,140,0.5048347158861652,273,0.4928187228897791,stop,-27.75423209424726,133,cross_below_mid
2026-04-12 15:00:00+00:00,1,UP,153,0.5051691517063062,299,0.5017823793946372,settlement,-10.69082574743334,146,cross_below_mid
2026-04-12 15:05:00+00:00,1,DOWN,155,0.5052179451633872,299,0.4978668411435365,settlement,-18.52126133294501,144,cross_above_mid
2026-04-12 15:25:00+00:00,1,DOWN,177,0.5048889158239558,299,0.5014661273481196,settlement,-10.76573161308142,122,cross_above_mid
2026-04-12 15:35:00+00:00,1,UP,147,0.5052822087409218,299,0.50189063500045,settlement,-10.698812137924302,152,cross_below_mid
2026-04-12 16:05:00+00:00,1,UP,140,0.5043966776326929,261,0.49237948890846817,stop,-27.777227088537334,121,cross_below_mid
2026-04-12 16:15:00+00:00,1,UP,140,0.5047630347754971,280,0.49273734716737805,stop,-27.776773269937998,140,cross_below_mid
2026-04-12 16:20:00+00:00,1,DOWN,148,0.5050771063254923,276,0.493047164989571,stop,-27.77039327835294,128,cross_above_mid
2026-04-12 16:25:00+00:00,1,DOWN,153,0.5051238637501199,299,0.49715285539052545,settlement,-19.74874385030148,146,cross_above_mid
2026-04-12 16:50:00+00:00,1,UP,173,0.5052030514709674,299,0.4991633339551834,settlement,-15.931119701676721,126,cross_below_mid
2026-04-12 17:20:00+00:00,1,DOWN,161,0.5046346534668219,299,0.49186266443671467,settlement,-29.25875891494847,138,cross_above_mid
2026-04-12 17:40:00+00:00,1,DOWN,268,0.505381656254407,299,0.494435586837911,settlement,-25.615698042201654,31,cross_above_mid
2026-04-12 17:55:00+00:00,1,UP,193,0.5050965754032012,299,0.4966611424601466,settlement,-20.66723253953611,106,cross_below_mid
2026-04-12 20:00:00+00:00,1,UP,191,0.5049694292932118,299,0.49421583698954313,settlement,-25.252940270231043,108,cross_below_mid
2026-04-12 22:05:00+00:00,1,UP,160,0.5062844347025476,299,0.5233479205206327,settlement,29.635951807315717,139,cross_below_mid
2026-04-12 22:10:00+00:00,1,DOWN,151,0.5059732694988136,299,0.4916005047594072,settlement,-32.349361665164466,148,cross_above_mid
2026-04-12 22:35:00+00:00,1,UP,140,0.5055685972802391,299,0.5145050028397973,settlement,13.640598716805808,159,cross_below_mid
2026-04-12 22:45:00+00:00,1,UP,241,0.5050959041361065,299,0.4902099040028648,settlement,-33.41268779121195,58,cross_below_mid
2026-04-12 22:50:00+00:00,1,UP,205,0.505659801072834,299,0.5042524864329667,settlement,-6.777559156586551,94,cross_below_mid
2026-04-12 23:00:00+00:00,1,DOWN,173,0.5063203190579706,299,0.5153648060846218,settlement,13.827445814127797,126,cross_above_mid
2026-04-12 23:15:00+00:00,1,DOWN,264,0.504851088837365,276,0.49275521582730286,stop,-27.911370166284417,12,cross_above_mid
2026-04-12 23:20:00+00:00,1,DOWN,140,0.5053915871049534,299,0.5077078144224442,settlement,0.5738689005438293,159,cross_above_mid
2026-04-12 23:30:00+00:00,1,DOWN,140,0.505859114083066,299,0.5170724331907876,settlement,18.122547875392083,159,cross_above_mid
2026-04-12 23:55:00+00:00,1,UP,140,0.5049397550200556,299,0.49655486822875883,settlement,-20.57250579800717,159,cross_below_mid
2026-04-13 00:10:00+00:00,1,DOWN,208,0.5054043464627166,299,0.49107591844455845,settlement,-32.29372414820875,91,cross_above_mid
2026-04-13 00:15:00+00:00,1,DOWN,198,0.5055399182959296,299,0.5054114541821532,settlement,-4.25360447495627,101,cross_above_mid
2026-04-13 00:20:00+00:00,1,UP,158,0.505404894381271,299,0.5072115545115066,settlement,-0.43247061906192474,141,cross_below_mid
2026-04-13 00:35:00+00:00,1,UP,160,0.50457914234409,299,0.48909504314051266,settlement,-34.62578237653771,139,cross_below_mid
2026-04-13 00:45:00+00:00,1,DOWN,157,0.505056919877806,273,0.49305067760175003,stop,-27.724513653634993,116,cross_above_mid
2026-04-13 00:50:00+00:00,1,UP,181,0.5049122848239989,299,0.5064793860272327,settlement,-0.9024976261518662,118,cross_below_mid
2026-04-13 01:00:00+00:00,1,UP,140,0.5041888673603994,299,0.4952232962053661,settlement,-21.746603687556906,159,cross_below_mid
2026-04-13 01:10:00+00:00,1,UP,240,0.5057363094972952,299,0.49719071298243844,settlement,-20.863541655342935,59,cross_below_mid
2026-04-13 01:15:00+00:00,1,DOWN,184,0.5052032532865468,299,0.4993380501875381,settlement,-15.586371732033712,115,cross_above_mid
2026-04-13 01:30:00+00:00,1,DOWN,140,0.5053766779938805,282,0.4933523756777265,stop,-27.745167187289624,142,cross_above_mid
2026-04-13 01:40:00+00:00,1,DOWN,183,0.5046872773103908,289,0.49265162553894704,stop,-27.80004610362611,106,cross_above_mid
2026-04-13 01:50:00+00:00,1,UP,256,0.5053853186873295,299,0.4918525151908271,settlement,-30.723645088442048,43,cross_below_mid
2026-04-13 02:25:00+00:00,1,UP,140,0.5058032929878662,299,0.5111569561788728,settlement,6.56330778920565,159,cross_below_mid
2026-04-13 02:40:00+00:00,1,UP,246,0.5052106107395964,299,0.49398539681920445,settlement,-26.17444221163728,53,cross_below_mid
2026-04-13 02:45:00+00:00,1,UP,140,0.5049665505605431,299,0.4970909740642656,settlement,-19.56504155485156,159,cross_below_mid
2026-04-13 03:05:00+00:00,1,DOWN,147,0.5052641204849359,299,0.5073403567353693,settlement,0.10099133091781987,152,cross_above_mid
2026-04-13 03:10:00+00:00,1,DOWN,140,0.504740493078315,299,0.4914711592440978,settlement,-30.236839223624706,159,cross_above_mid
2026-04-13 03:30:00+00:00,1,UP,187,0.504908328571268,299,0.494354679547114,settlement,-24.86030499023355,112,cross_below_mid
2026-04-13 03:40:00+00:00,1,DOWN,140,0.5047417381203092,299,0.4919620367532952,settlement,-29.268649293353917,159,cross_above_mid
2026-04-13 04:55:00+00:00,1,UP,140,0.5052590572881713,299,0.49138924453751426,settlement,-31.39599206682013,159,cross_below_mid
2026-04-13 05:00:00+00:00,1,UP,243,0.5050305547823906,299,0.49367916890274816,settlement,-26.43167863925474,56,cross_below_mid
2026-04-13 05:05:00+00:00,1,DOWN,166,0.5052130827523691,299,0.5055156156242709,settlement,-3.40237532149175,133,cross_above_mid
2026-04-13 05:10:00+00:00,1,DOWN,198,0.5049164338506477,299,0.4940275630474019,settlement,-25.5225576612024,101,cross_above_mid
2026-04-13 05:15:00+00:00,1,UP,140,0.505171088047722,299,0.49551870831007117,settlement,-23.06893566574333,159,cross_below_mid
2026-04-13 05:20:00+00:00,1,DOWN,140,0.5050242965617794,299,0.49347485815700576,settlement,-26.823336632387285,159,cross_above_mid
2026-04-13 05:45:00+00:00,1,UP,181,0.5058930213528019,299,0.5072930303993883,settlement,-1.2381334204670278,118,cross_below_mid
2026-04-13 05:55:00+00:00,1,UP,140,0.5052124331030512,299,0.5018161443587555,settlement,-10.709051370704655,159,cross_below_mid
2026-04-13 06:15:00+00:00,1,DOWN,145,0.5048746747364542,289,0.49279847030484336,stop,-27.871373681079994,144,cross_above_mid
2026-04-13 06:20:00+00:00,1,DOWN,256,0.5046532405327226,299,0.49045212835891583,settlement,-32.0840561620058,43,cross_above_mid
2026-04-13 06:35:00+00:00,1,DOWN,256,0.5044071961308942,299,0.4892604217762546,settlement,-33.96880481064271,43,cross_above_mid
2026-04-13 06:45:00+00:00,1,UP,199,0.5053039961778829,299,0.49325408803649384,settlement,-27.79915539174328,100,cross_below_mid
2026-04-13 07:25:00+00:00,1,DOWN,187,0.5047450903426219,299,0.4963827899226968,settlement,-20.534238725175708,112,cross_above_mid
2026-04-13 07:30:00+00:00,1,UP,157,0.5053047886252496,299,0.4932716882934053,settlement,-27.765921878264546,142,cross_below_mid
2026-04-13 07:40:00+00:00,1,DOWN,237,0.5050090192525442,299,0.49578586593474194,settlement,-22.226817067129513,62,cross_above_mid
2026-04-13 07:45:00+00:00,1,DOWN,140,0.5049862362429987,299,0.4948275278041355,settlement,-24.07656901188654,159,cross_above_mid
2026-04-13 07:50:00+00:00,1,UP,251,0.5052556647534974,299,0.4955466870953189,settlement,-23.17753798483273,48,cross_below_mid
2026-04-13 08:25:00+00:00,1,UP,158,0.5053893583795809,299,0.496554379287493,settlement,-21.446566667280912,141,cross_below_mid
2026-04-13 08:30:00+00:00,1,UP,188,0.5046462350195781,299,0.4900595531849918,settlement,-32.846957453972365,111,cross_below_mid
2026-04-13 08:35:00+00:00,1,DOWN,140,0.504968721161673,299,0.5008465670394238,settlement,-12.1468606699852,159,cross_above_mid
2026-04-13 08:40:00+00:00,1,UP,140,0.5039844503215422,285,0.49183316326235876,stop,-28.062219533416176,145,cross_below_mid
2026-04-13 08:50:00+00:00,1,DOWN,183,0.5052778794427849,299,0.4914587652197996,settlement,-31.294834299392726,116,cross_above_mid
2026-04-13 08:55:00+00:00,1,DOWN,172,0.5046349456558544,294,0.492528275385297,stop,-27.94296517517874,122,cross_above_mid
2026-04-13 09:30:00+00:00,1,UP,140,0.5051934162820473,299,0.4990289695667267,settlement,-16.17774742031719,159,cross_below_mid
2026-04-13 09:35:00+00:00,1,DOWN,150,0.5051373112136593,299,0.4964914058458548,settlement,-21.081718902010074,149,cross_above_mid
2026-04-13 09:55:00+00:00,1,UP,152,0.5052355294310765,299,0.49873564703706885,settlement,-16.839323941695568,147,cross_below_mid
2026-04-13 10:00:00+00:00,1,DOWN,167,0.5050952200742614,299,0.49511224863374437,settlement,-23.7250045173091,132,cross_above_mid
2026-04-13 10:15:00+00:00,1,DOWN,253,0.5061560224650401,299,0.5012507132754674,settlement,-13.671916077085982,46,cross_above_mid
2026-04-13 10:45:00+00:00,1,DOWN,140,0.5048278868410998,299,0.4954393705846014,settlement,-22.56026473223462,159,cross_above_mid
2026-04-13 10:50:00+00:00,1,UP,149,0.5050806465357087,281,0.49304300748720276,stop,-27.78543674719797,132,cross_below_mid
2026-04-13 10:55:00+00:00,1,UP,218,0.5053849533068584,299,0.49763119299928316,settlement,-19.311601060393258,81,cross_below_mid
2026-04-13 11:00:00+00:00,1,DOWN,156,0.5043421189274343,271,0.4923099266124069,stop,-27.809488598601632,115,cross_above_mid
2026-04-13 11:05:00+00:00,1,UP,140,0.5051755676850483,299,0.4984366125647989,settlement,-17.313148220584505,159,cross_below_mid
2026-04-13 11:15:00+00:00,1,DOWN,190,0.5050291285922934,299,0.49653896998461766,settlement,-20.777603133661536,109,cross_above_mid
2026-04-13 11:30:00+00:00,1,UP,140,0.5047813088229467,299,0.49124384147060884,settlement,-30.7648428764861,159,cross_below_mid
2026-04-13 11:35:00+00:00,1,DOWN,173,0.5051214692757271,299,0.4938572174760142,settlement,-26.255485026666022,126,cross_above_mid
2026-04-13 11:45:00+00:00,1,UP,158,0.5053112608881013,299,0.4934575748127862,settlement,-27.411270673788085,141,cross_below_mid
2026-04-13 12:00:00+00:00,1,DOWN,141,0.5053671785753885,299,0.5065141856267009,settlement,-1.7348884420299888,158,cross_above_mid
2026-04-13 12:10:00+00:00,1,UP,186,0.5048455258921394,285,0.49284372408700383,stop,-27.725669709281217,99,cross_below_mid
2026-04-13 12:15:00+00:00,1,UP,181,0.5047778721850171,299,0.4899130895830625,settlement,-33.389269724789344,118,cross_below_mid
2026-04-13 12:20:00+00:00,1,UP,262,0.5046649596966702,299,0.4893716237210089,settlement,-34.24333076915767,37,cross_below_mid
2026-04-13 12:30:00+00:00,1,DOWN,218,0.5052679811665367,299,0.49427356082721075,settlement,-25.716063371588923,81,cross_above_mid
2026-04-13 12:35:00+00:00,1,DOWN,148,0.5052508888288906,299,0.5032209737528962,settlement,-8.009602537341529,151,cross_above_mid
2026-04-13 12:45:00+00:00,1,UP,181,0.505497957504556,299,0.503890474953386,settlement,-7.173638117129559,118,cross_below_mid
2026-04-13 13:15:00+00:00,1,UP,140,0.504307559490912,299,0.4942041717885965,settlement,-23.994110215380537,159,cross_below_mid
2026-04-13 13:45:00+00:00,1,UP,177,0.5040697643350749,291,0.5196250864570432,target,26.797743836515494,114,cross_below_mid
2026-04-13 14:05:00+00:00,1,UP,181,0.5049933581038873,281,0.49297539313712024,stop,-27.75066690355594,100,cross_below_mid
2026-04-13 14:15:00+00:00,1,UP,140,0.5051684175124631,171,0.4931631487467552,stop,-27.717354080000245,31,cross_below_mid
2026-04-13 14:20:00+00:00,1,UP,181,0.5057326293357847,210,0.49295342983422513,stop,-29.218149596767564,29,cross_below_mid
2026-04-13 14:20:00+00:00,2,DOWN,269,0.5030975177393328,285,0.49108828924807657,stop,-27.82283674968062,16,cross_above_mid
2026-04-13 14:25:00+00:00,1,UP,247,0.5045178736862533,299,0.49540028626401167,settlement,-22.035738121452237,52,cross_below_mid
2026-04-13 14:30:00+00:00,1,UP,180,0.5052359448959445,299,0.51826786701211,settlement,21.742147611076707,119,cross_below_mid
2026-04-13 14:35:00+00:00,1,UP,140,0.5050230848545857,299,0.4977063376151669,settlement,-18.45897022121767,159,cross_below_mid
2026-04-13 14:40:00+00:00,1,DOWN,144,0.505261900161502,248,0.49325189828161087,stop,-27.72231484760698,104,cross_above_mid
2026-04-13 14:45:00+00:00,1,UP,225,0.5056764692648111,290,0.49321379125190423,stop,-28.596265424341354,65,cross_below_mid
2026-04-13 14:50:00+00:00,1,DOWN,141,0.5053988722878978,279,0.49332177702072055,stop,-27.848373507602556,138,cross_above_mid
2026-04-13 15:10:00+00:00,1,UP,208,0.5043975609764313,299,0.4894442695119988,settlement,-33.586552426253554,91,cross_below_mid
2026-04-13 15:15:00+00:00,1,DOWN,242,0.5054651728612066,299,0.5085479605630866,settlement,2.0867143606766554,57,cross_above_mid
2026-04-13 15:20:00+00:00,1,DOWN,150,0.5042193315359912,299,0.4892007053611156,settlement,-33.72632738389158,149,cross_above_mid
2026-04-13 15:25:00+00:00,1,DOWN,140,0.5050942123773284,274,0.49308316129522334,stop,-27.732263578158022,134,cross_above_mid
2026-04-13 15:35:00+00:00,1,DOWN,200,0.505140634604346,299,0.4947800732887079,settlement,-24.469230714542643,99,cross_above_mid
2026-04-13 15:40:00+00:00,1,UP,166,0.5054508590114236,299,0.5117000119671362,settlement,8.338795233228048,133,cross_below_mid
2026-04-13 15:45:00+00:00,1,UP,240,0.504776670433038,299,0.4937494954406429,settlement,-25.80195973195278,59,cross_below_mid
2026-04-13 15:50:00+00:00,1,UP,144,0.5044433621778281,281,0.492417378612779,stop,-27.792426460134635,137,cross_below_mid
2026-04-13 15:55:00+00:00,1,UP,140,0.5053297902092679,299,0.5156155537395316,settlement,16.31384692153634,159,cross_below_mid
2026-04-13 16:00:00+00:00,1,UP,140,0.5049711148818176,282,0.49276721719983935,stop,-28.119181330727642,142,cross_below_mid
2026-04-13 16:10:00+00:00,1,DOWN,246,0.5044736263546816,285,0.4924369697859201,stop,-27.812113514093348,39,cross_above_mid
2026-04-13 16:20:00+00:00,1,DOWN,216,0.5047309799090802,269,0.4927303298656175,stop,-27.728776754565818,53,cross_above_mid
2026-04-13 16:25:00+00:00,1,DOWN,254,0.5048758679792053,299,0.49156584193318886,settlement,-30.31024146012752,45,cross_above_mid
2026-04-13 16:30:00+00:00,1,DOWN,199,0.5042674160308188,299,0.4971490350875728,settlement,-18.08804922847791,100,cross_above_mid
2026-04-13 16:35:00+00:00,1,UP,203,0.5051092699234284,299,0.5054136482410178,settlement,-3.3986062441494913,96,cross_below_mid
2026-04-13 16:40:00+00:00,1,DOWN,217,0.5051161154985865,292,0.4930387030770357,stop,-27.862350114904288,75,cross_above_mid
2026-04-13 17:15:00+00:00,1,DOWN,152,0.5054834303939534,286,0.49348214065228824,stop,-27.694717654438644,134,cross_above_mid
2026-04-13 17:20:00+00:00,1,UP,140,0.5040914654504421,274,0.49206683752225855,stop,-27.806351614391737,134,cross_below_mid
2026-04-13 17:30:00+00:00,1,UP,140,0.5057013844304494,299,0.5011200797152348,settlement,-13.041189616147994,159,cross_below_mid
2026-04-13 17:35:00+00:00,1,UP,187,0.5042574917914402,299,0.48706938851661,settlement,-38.017793186055926,112,cross_below_mid
2026-04-13 17:40:00+00:00,1,UP,148,0.5049014676560709,299,0.49616060573563847,settlement,-21.27739124445123,151,cross_below_mid
2026-04-13 17:55:00+00:00,1,DOWN,145,0.5055779079184983,299,0.4987588655532532,settlement,-17.46064409446404,154,cross_above_mid
2026-04-13 18:00:00+00:00,1,UP,148,0.5045327566189763,299,0.49688017442106414,settlement,-19.1373264338594,151,cross_below_mid
2026-04-13 18:05:00+00:00,1,DOWN,140,0.5050146359357655,293,0.493006848973626,stop,-27.729552641597945,153,cross_above_mid
2026-04-13 18:15:00+00:00,1,DOWN,157,0.504814320313084,299,0.49040982002334166,settlement,-32.47718598839896,142,cross_above_mid
2026-04-13 18:20:00+00:00,1,UP,180,0.5051291124967363,252,0.4929060211548374,stop,-28.149558711672825,72,cross_below_mid
2026-04-13 18:25:00+00:00,1,UP,140,0.5049934323928295,299,0.5087809028302136,settlement,3.4850389213953807,159,cross_below_mid
2026-04-13 18:35:00+00:00,1,DOWN,140,0.5052751832758801,299,0.5012726727716603,settlement,-11.905603946969029,159,cross_above_mid
2026-04-13 18:45:00+00:00,1,UP,140,0.5053534949376548,299,0.4934842055790827,settlement,-27.44012834286692,159,cross_below_mid
2026-04-13 18:55:00+00:00,1,UP,247,0.5056752821553937,299,0.4999144162194048,settlement,-15.369636616626545,52,cross_below_mid
2026-04-13 19:00:00+00:00,1,UP,140,0.5046019133925319,284,0.49256728606368894,stop,-27.80204623766899,144,cross_below_mid
2026-04-13 19:05:00+00:00,1,UP,162,0.5050121937451809,286,0.49299030237913183,stop,-27.757540376086173,124,cross_below_mid
2026-04-13 19:20:00+00:00,1,UP,156,0.50590090600129,299,0.53045155831948,settlement,44.43152230585475,143,cross_below_mid
2026-04-13 19:25:00+00:00,1,UP,150,0.5054776186241816,299,0.5101545940809712,settlement,5.234081458602299,149,cross_below_mid
2026-04-13 19:35:00+00:00,1,DOWN,213,0.5054440460179894,293,0.4931411357551202,stop,-28.292114110503316,80,cross_above_mid
2026-04-13 20:15:00+00:00,1,UP,192,0.5055631956464993,299,0.4942181275406935,settlement,-26.395574019417072,107,cross_below_mid
2026-04-13 20:20:00+00:00,1,UP,140,0.5044796617568599,293,0.49236685842419553,stop,-27.962467949451757,153,cross_below_mid
2026-04-13 20:25:00+00:00,1,UP,150,0.5053066962896163,299,0.5067077112577342,settlement,-1.2329419965172574,149,cross_below_mid
2026-04-13 20:30:00+00:00,1,DOWN,158,0.504884320135255,273,0.49287191850269885,stop,-27.744799256351257,115,cross_above_mid
2026-04-13 20:35:00+00:00,1,UP,232,0.5046129478076842,287,0.49259463909638074,stop,-27.769251554068394,55,cross_below_mid
2026-04-13 20:40:00+00:00,1,UP,195,0.5054744173753293,299,0.5076679871312789,settlement,0.33094641625000865,104,cross_below_mid
2026-04-13 20:45:00+00:00,1,UP,268,0.504454122352925,299,0.49021918034997103,settlement,-32.162069630207,31,cross_below_mid
2026-04-13 21:15:00+00:00,1,UP,140,0.5050920058952355,282,0.4930586676774414,stop,-27.776403905013407,142,cross_below_mid
2026-04-13 21:20:00+00:00,1,UP,235,0.5049669980079772,299,0.4973124953713268,settlement,-19.128104730631073,64,cross_below_mid
2026-04-13 21:30:00+00:00,1,DOWN,140,0.5047908586598737,255,0.49277400043703945,stop,-27.758006510314647,115,cross_above_mid
2026-04-13 21:35:00+00:00,1,UP,167,0.505138866788815,299,0.5056386498766889,settlement,-3.0125813820881726,132,cross_below_mid
2026-04-13 21:40:00+00:00,1,UP,140,0.5052857438960265,289,0.49323477688555883,stop,-27.802106474869316,149,cross_below_mid
2026-04-13 21:45:00+00:00,1,DOWN,253,0.5054313346980065,299,0.49520591786040813,settlement,-24.190608107074727,46,cross_above_mid
2026-04-13 21:50:00+00:00,1,UP,147,0.5047468200443553,299,0.4903777710972631,settlement,-32.41089885011633,152,cross_below_mid
2026-04-13 21:55:00+00:00,1,UP,158,0.5046177555435205,287,0.49260207034577846,stop,-27.763836479416835,129,cross_below_mid
2026-04-13 22:05:00+00:00,1,UP,240,0.5072733852592569,299,0.5004931747955508,settlement,-17.339256975448123,59,cross_below_mid
2026-04-13 22:20:00+00:00,1,DOWN,140,0.5047294390381526,240,0.49218341550746403,stop,-28.80721454941868,100,cross_above_mid
2026-04-13 22:30:00+00:00,1,UP,140,0.506264321280815,299,0.5204838409034328,settlement,24.03097114856935,159,cross_below_mid
2026-04-13 22:40:00+00:00,1,UP,147,0.5058158746835704,299,0.5183844747186926,settlement,20.798476012440315,152,cross_below_mid
2026-04-13 22:45:00+00:00,1,DOWN,148,0.5053396920931097,250,0.4927964525915626,stop,-28.77175891466989,102,cross_above_mid
2026-04-13 22:55:00+00:00,1,DOWN,144,0.5045194803775406,299,0.49759072885168176,settlement,-17.705900944860563,155,cross_above_mid
2026-04-13 23:00:00+00:00,1,DOWN,209,0.5060204005246582,299,0.4925851543198858,settlement,-30.49769791585606,90,cross_above_mid
2026-04-13 23:05:00+00:00,1,DOWN,220,0.5052868981213116,257,0.49326961664656643,stop,-27.735519279022032,37,cross_above_mid
2026-04-13 23:20:00+00:00,1,UP,185,0.5058404409855254,299,0.4969867940756656,settlement,-21.4678394610464,114,cross_below_mid
2026-04-13 23:25:00+00:00,1,UP,158,0.5062054961584057,299,0.5140591034806604,settlement,11.483632965449871,141,cross_below_mid
2026-04-13 23:35:00+00:00,1,UP,213,0.5047442421865289,279,0.4927408520982289,stop,-27.73357099870877,66,cross_below_mid
2026-04-13 23:45:00+00:00,1,DOWN,166,0.5049492988000506,299,0.50575678096499,settlement,-2.404063135596809,133,cross_above_mid
2026-04-13 23:50:00+00:00,1,DOWN,141,0.5045834860957186,284,0.49253407483451617,stop,-27.832156164537693,143,cross_above_mid
2026-04-14 00:10:00+00:00,1,DOWN,178,0.5054151600583208,299,0.4935250670395255,settlement,-27.478347644713352,121,cross_above_mid
2026-04-14 00:25:00+00:00,1,DOWN,166,0.5054960786427138,299,0.5014432047995685,settlement,-12.001581548010202,133,cross_above_mid
2026-04-14 00:55:00+00:00,1,UP,140,0.5052526577104843,287,0.49324848437499297,stop,-27.711235964809422,147,cross_below_mid
2026-04-14 01:00:00+00:00,1,DOWN,196,0.5057999980513727,299,0.4949984471578106,settlement,-25.31266870957963,103,cross_above_mid
2026-04-14 01:05:00+00:00,1,UP,176,0.5056891290542908,299,0.5124057353390632,settlement,9.255521400546549,123,cross_below_mid
2026-04-14 01:10:00+00:00,1,UP,140,0.504698628041592,299,0.4997314499167811,settlement,-13.822185940542738,159,cross_below_mid
2026-04-14 01:15:00+00:00,1,DOWN,244,0.5056927881869038,299,0.4936035407711844,settlement,-27.858495123384458,55,cross_above_mid
2026-04-14 01:25:00+00:00,1,DOWN,230,0.5049879581540802,299,0.49538750550443955,settlement,-22.973228152537295,69,cross_above_mid
2026-04-14 01:30:00+00:00,1,UP,140,0.5044179844172682,291,0.4923407659360757,stop,-27.894992677857164,151,cross_below_mid
2026-04-14 01:35:00+00:00,1,DOWN,250,0.5040264751129163,299,0.4916467610846619,settlement,-28.512511168049397,49,cross_above_mid
2026-04-14 01:40:00+00:00,1,UP,140,0.5051359533197557,299,0.5042861494932503,settlement,-5.678962293771788,159,cross_below_mid
2026-04-14 01:45:00+00:00,1,UP,140,0.5052288035519927,299,0.49934862832090166,settlement,-15.61536088079543,159,cross_below_mid
2026-04-14 02:00:00+00:00,1,DOWN,152,0.5050590512080834,299,0.4954536325405813,settlement,-22.980370329444074,147,cross_above_mid
2026-04-14 02:05:00+00:00,1,UP,140,0.5054762602870919,299,0.5060834578092854,settlement,-2.801164021422191,159,cross_below_mid
2026-04-14 02:10:00+00:00,1,DOWN,140,0.5045685644321568,299,0.49044419986359267,settlement,-31.936968002140265,159,cross_above_mid
2026-04-14 02:35:00+00:00,1,DOWN,140,0.5051794859375699,264,0.4931138213046442,stop,-27.836148614213386,124,cross_above_mid
2026-04-14 02:40:00+00:00,1,UP,140,0.5050790405657314,299,0.49831008963338463,settlement,-17.37496211071325,159,cross_below_mid
2026-04-14 02:45:00+00:00,1,DOWN,160,0.5052666761705774,299,0.49360288530809737,settlement,-27.038256488589944,139,cross_above_mid
2026-04-14 02:55:00+00:00,1,UP,246,0.5051277688626938,299,0.49546171550292184,settlement,-23.097586487419328,53,cross_below_mid
2026-04-14 03:00:00+00:00,1,DOWN,147,0.5051876546936905,299,0.49650606326145297,settlement,-21.150514603581236,152,cross_above_mid
2026-04-14 03:05:00+00:00,1,UP,215,0.5054558976574417,299,0.509047613800129,settlement,3.091682433649659,84,cross_below_mid
2026-04-14 03:35:00+00:00,1,DOWN,152,0.5051182816229342,293,0.4931089750270311,stop,-27.72768600693439,141,cross_above_mid
2026-04-14 03:45:00+00:00,1,DOWN,166,0.5053060980998997,299,0.5004150447898325,settlement,-13.66002829137055,133,cross_above_mid
2026-04-14 04:00:00+00:00,1,DOWN,250,0.5055754857250017,299,0.49719073381117285,settlement,-20.551400624184467,49,cross_above_mid
2026-04-14 04:05:00+00:00,1,UP,140,0.5051162028159714,299,0.4997058833909769,settlement,-14.689617074334254,159,cross_below_mid
2026-04-14 04:10:00+00:00,1,DOWN,255,0.5053149832593843,299,0.49380292607060716,settlement,-26.736379199154104,44,cross_above_mid
2026-04-14 04:20:00+00:00,1,UP,217,0.50472435023522,299,0.490430196947835,settlement,-32.26407121860068,82,cross_below_mid
2026-04-14 04:25:00+00:00,1,UP,182,0.5051799719410028,299,0.5012966073123801,settlement,-11.671717238659797,117,cross_below_mid
2026-04-14 04:30:00+00:00,1,DOWN,142,0.5053305335577855,299,0.5065633254145417,settlement,-1.565303912311316,157,cross_above_mid
2026-04-14 05:25:00+00:00,1,DOWN,215,0.5051234886876214,299,0.4968634898152938,settlement,-20.319729846656994,84,cross_above_mid
2026-04-14 05:35:00+00:00,1,UP,174,0.5053472240502462,299,0.4934499034001563,settlement,-27.49577764299574,125,cross_below_mid
2026-04-14 05:55:00+00:00,1,DOWN,162,0.5054350526373358,299,0.4971647424642942,settlement,-20.330029960580944,137,cross_above_mid
2026-04-14 06:10:00+00:00,1,DOWN,190,0.504907381415617,299,0.49553453273215053,settlement,-22.526374005215093,109,cross_above_mid
2026-04-14 06:30:00+00:00,1,UP,205,0.5047051552794046,299,0.4970279359210569,settlement,-19.180873108754856,94,cross_below_mid
2026-04-14 07:00:00+00:00,1,DOWN,140,0.505480628105461,267,0.4934556555904288,stop,-27.741607299534984,127,cross_above_mid
2026-04-14 07:05:00+00:00,1,UP,140,0.5052729068628914,299,0.5461041951957587,settlement,76.64874487176732,159,cross_below_mid
2026-04-14 07:15:00+00:00,1,DOWN,173,0.5052133581624448,299,0.5106175552355063,settlement,6.675467288775059,126,cross_above_mid
2026-04-14 07:20:00+00:00,1,UP,166,0.505161860375061,284,0.4931232602377847,stop,-27.78351154238255,118,cross_below_mid
2026-04-14 07:35:00+00:00,1,DOWN,193,0.5052341425736891,299,0.49664652221170014,settlement,-20.963313440391694,106,cross_above_mid
2026-04-14 07:45:00+00:00,1,DOWN,152,0.5049875464125769,299,0.4966295670760119,settlement,-20.517760560924877,147,cross_above_mid
2026-04-14 07:50:00+00:00,1,UP,140,0.5047900944551911,299,0.5022844958930504,settlement,-8.953717183605333,159,cross_below_mid
2026-04-14 08:05:00+00:00,1,UP,231,0.5055932403359343,299,0.49792757296551937,settlement,-19.13140490286416,68,cross_below_mid
2026-04-14 08:10:00+00:00,1,DOWN,140,0.5048908311597738,299,0.49697584665376493,settlement,-19.645272303424328,159,cross_above_mid
2026-04-14 08:20:00+00:00,1,DOWN,160,0.504834840720009,299,0.4988413172367063,settlement,-15.848501636307407,139,cross_above_mid
2026-04-14 08:35:00+00:00,1,UP,144,0.505099217740034,294,0.49303428566597945,stop,-27.838489126513757,150,cross_below_mid
2026-04-14 08:45:00+00:00,1,DOWN,170,0.5045091151680301,275,0.4924649725254915,stop,-27.825247147913625,105,cross_above_mid
2026-04-14 08:50:00+00:00,1,UP,244,0.5055855339730676,290,0.49358069943256294,stop,-27.696929730710742,46,cross_below_mid
2026-04-14 09:00:00+00:00,1,UP,179,0.5050350145304209,273,0.49287010886524163,stop,-28.039077498690144,94,cross_below_mid
2026-04-14 09:10:00+00:00,1,UP,155,0.5050776591075784,299,0.5020074863579671,settlement,-10.06645799682749,144,cross_below_mid
2026-04-14 09:15:00+00:00,1,UP,186,0.5049773591433799,299,0.4903538399497681,settlement,-32.90084454475671,113,cross_below_mid
2026-04-14 09:25:00+00:00,1,DOWN,239,0.5052815781929095,299,0.4971189837387958,settlement,-20.122236821575463,60,cross_above_mid
2026-04-14 09:30:00+00:00,1,UP,247,0.504308576007816,299,0.4926523841846313,settlement,-27.06698714431144,52,cross_below_mid
2026-04-14 10:00:00+00:00,1,UP,140,0.5044748388716194,299,0.48842553026586866,settlement,-35.75026533407612,159,cross_below_mid
2026-04-14 10:25:00+00:00,1,UP,264,0.504655304399639,299,0.49352034698119124,settlement,-26.020352122982324,35,cross_below_mid
2026-04-14 10:30:00+00:00,1,UP,179,0.5051878657962268,299,0.49865395369622934,settlement,-16.90776108709565,120,cross_below_mid
2026-04-14 10:50:00+00:00,1,UP,207,0.5052645253801191,299,0.49105017745654,settlement,-32.0762224837765,92,cross_below_mid
2026-04-14 10:55:00+00:00,1,UP,216,0.5054007323070138,299,0.4926210673970795,settlement,-29.23562940222791,83,cross_below_mid
2026-04-14 11:05:00+00:00,1,DOWN,140,0.5046150868927087,299,0.4907223533932016,settlement,-31.47628517784705,159,cross_above_mid
2026-04-14 11:10:00+00:00,1,DOWN,196,0.5053109184366922,299,0.5009133567102565,settlement,-12.685279583034891,103,cross_above_mid
2026-04-14 11:15:00+00:00,1,UP,180,0.5051766311690622,299,0.5001041920402629,settlement,-14.020840114529257,119,cross_below_mid
2026-04-14 11:25:00+00:00,1,UP,163,0.5052660575501094,288,0.4932317389658202,stop,-27.770149939132974,125,cross_below_mid
2026-04-14 11:30:00+00:00,1,DOWN,140,0.5050995524459572,299,0.4962623457655698,settlement,-21.460978186018508,159,cross_above_mid
2026-04-14 11:55:00+00:00,1,UP,140,0.5046429320934348,299,0.4964478432488014,settlement,-20.206902240790374,159,cross_below_mid
2026-04-14 12:00:00+00:00,1,DOWN,166,0.5049855538609241,284,0.49292744584734405,stop,-27.83036842449391,118,cross_above_mid
2026-04-14 12:05:00+00:00,1,DOWN,205,0.5051206687969417,299,0.49696389344771175,settlement,-20.11587547569546,94,cross_above_mid
2026-04-14 12:25:00+00:00,1,UP,174,0.5052207757931663,299,0.4975696151485435,settlement,-19.113904037983605,125,cross_below_mid
2026-04-14 12:30:00+00:00,1,DOWN,140,0.5041958242665404,291,0.49219066440132564,stop,-27.762889276033704,151,cross_above_mid
2026-04-14 12:35:00+00:00,1,UP,140,0.5049310530133485,299,0.4937684838712688,settlement,-26.062901335365137,159,cross_below_mid
2026-04-14 12:40:00+00:00,1,UP,159,0.5052730205494598,299,0.49001849643245415,settlement,-34.13027501887244,140,cross_below_mid
2026-04-14 12:50:00+00:00,1,UP,152,0.5051616270734285,299,0.4984058970513352,settlement,-17.3466562001335,147,cross_below_mid
2026-04-14 12:55:00+00:00,1,UP,165,0.5052104718239002,299,0.5031340041071987,settlement,-8.101884059898298,134,cross_below_mid
2026-04-14 13:05:00+00:00,1,UP,143,0.5048302018418611,299,0.49281685849335305,settlement,-27.749206402604894,156,cross_below_mid
2026-04-14 13:10:00+00:00,1,DOWN,180,0.5052571361285846,299,0.49610099550954,settlement,-22.085500796333072,119,cross_above_mid
2026-04-14 13:45:00+00:00,1,UP,186,0.5054094861263875,250,0.4932572943813533,stop,-27.996160923879643,64,cross_below_mid
2026-04-14 14:00:00+00:00,1,UP,140,0.5039215349613851,275,0.4919196315823645,stop,-27.76937428002643,135,cross_below_mid
2026-04-14 14:05:00+00:00,1,UP,217,0.5055673034264759,299,0.5180232090504254,settlement,20.588207600552273,82,cross_below_mid
2026-04-14 14:10:00+00:00,1,DOWN,142,0.5055418016931109,299,0.4929410809312741,settlement,-28.875330344981283,157,cross_above_mid
2026-04-14 14:15:00+00:00,1,UP,173,0.5047288452665286,299,0.4919092137314016,settlement,-29.348248652800315,126,cross_below_mid
2026-04-14 14:30:00+00:00,1,UP,193,0.5058879577320244,227,0.4938748184745856,stop,-27.69914680846143,34,cross_below_mid
2026-04-14 14:40:00+00:00,1,DOWN,140,0.5056931861177524,299,0.49943968988331144,settlement,-16.34145409370578,159,cross_above_mid
2026-04-14 14:45:00+00:00,1,DOWN,140,0.5056271054379543,299,0.5233452023933184,settlement,30.971742161918574,159,cross_above_mid
2026-04-14 14:50:00+00:00,1,UP,203,0.5041581211402609,299,0.5058035182358935,settlement,-0.7428744423924631,96,cross_below_mid
2026-04-14 15:05:00+00:00,1,DOWN,143,0.5059799353011893,299,0.5428687608725073,settlement,68.75989688852161,156,cross_above_mid
2026-04-14 15:10:00+00:00,1,UP,145,0.5054831013502038,299,0.5045296908184453,settlement,-5.882365024969905,154,cross_below_mid
2026-04-14 15:15:00+00:00,1,DOWN,140,0.5045780962101297,299,0.49087988569114105,settlement,-31.093554398480144,159,cross_above_mid
2026-04-14 15:20:00+00:00,1,UP,155,0.5050409134510012,299,0.511540284638898,settlement,8.843261353221624,144,cross_below_mid
2026-04-14 15:25:00+00:00,1,UP,173,0.5048772130600857,271,0.49275690588024534,stop,-27.958432372429375,98,cross_below_mid
2026-04-14 15:50:00+00:00,1,UP,140,0.5059347080709371,299,0.5244269549962371,settlement,32.47755755246947,159,cross_below_mid
2026-04-14 15:55:00+00:00,1,DOWN,152,0.5052158758184104,299,0.5113749133485251,settlement,8.166520786975015,147,cross_above_mid
2026-04-14 16:15:00+00:00,1,DOWN,140,0.5054961888702697,299,0.5208035976808392,settlement,26.221383126726117,159,cross_above_mid
2026-04-14 16:20:00+00:00,1,DOWN,160,0.5056584842536003,299,0.5113564882546114,settlement,7.245945969646132,139,cross_above_mid
2026-04-14 16:25:00+00:00,1,UP,219,0.5059215960603662,299,0.5010049504742812,settlement,-13.69876030816328,80,cross_below_mid
2026-04-14 16:40:00+00:00,1,DOWN,196,0.5046671324635786,299,0.4992943365422996,settlement,-14.624924795996012,103,cross_above_mid
2026-04-14 16:55:00+00:00,1,UP,140,0.5045818287336437,228,0.49198597950207534,stop,-28.91302067823952,88,cross_below_mid
2026-04-14 17:00:00+00:00,1,UP,174,0.5046391745394052,299,0.49716879807472825,settlement,-18.77379499630076,125,cross_below_mid
2026-04-14 17:05:00+00:00,1,UP,178,0.5055702801664953,299,0.5063464319162825,settlement,-2.4678698952942555,121,cross_below_mid
2026-04-14 17:10:00+00:00,1,DOWN,239,0.5044311294379583,290,0.4923590151738776,stop,-27.88427147423776,51,cross_above_mid
2026-04-14 17:15:00+00:00,1,UP,160,0.5051193252358671,299,0.5061256599213335,settlement,-2.011713339958832,139,cross_below_mid
2026-04-14 17:30:00+00:00,1,UP,188,0.5046492731439688,249,0.49257900373751023,stop,-27.870298658310087,61,cross_below_mid
2026-04-14 18:00:00+00:00,1,UP,140,0.5050118147234871,299,0.4973077061876935,settlement,-19.224792954461638,159,cross_below_mid
2026-04-14 18:05:00+00:00,1,DOWN,159,0.5049533034773663,299,0.49260665485079325,settlement,-28.402167971700877,140,cross_above_mid
2026-04-14 18:10:00+00:00,1,DOWN,140,0.5047575158931891,299,0.511612657882971,settlement,9.553897644686122,159,cross_above_mid
2026-04-14 18:15:00+00:00,1,DOWN,140,0.5049426989481354,288,0.49286510772523673,stop,-27.870898748633856,148,cross_above_mid
2026-04-14 18:25:00+00:00,1,UP,251,0.505923592560975,299,0.5000820289065062,settlement,-15.523243060575762,48,cross_below_mid
2026-04-14 18:30:00+00:00,1,DOWN,140,0.50461353921853,299,0.5051484666758981,settlement,-2.942046613969032,159,cross_above_mid
2026-04-14 18:40:00+00:00,1,UP,159,0.5055182102682139,299,0.5121772014181905,settlement,9.1462586959046,140,cross_below_mid
2026-04-14 18:55:00+00:00,1,DOWN,140,0.5049003473774831,299,0.4947217729241373,settlement,-24.11925196170331,159,cross_above_mid
2026-04-14 19:10:00+00:00,1,UP,161,0.5051241661644549,278,0.49297019989318186,stop,-28.013221206251657,117,cross_below_mid
2026-04-14 19:20:00+00:00,1,UP,140,0.50453513819554,260,0.4924601654142327,stop,-27.885002100833205,120,cross_below_mid
2026-04-14 19:30:00+00:00,1,UP,229,0.5060134415601186,288,0.49393335303879904,stop,-27.825312440528524,59,cross_below_mid
2026-04-14 19:35:00+00:00,1,UP,168,0.5043375407223605,299,0.5042916609527168,settlement,-4.090788423242862,131,cross_below_mid
2026-04-14 19:40:00+00:00,1,UP,173,0.5051147703491194,255,0.4931068844063407,stop,-27.725044038229782,82,cross_below_mid
2026-04-14 19:45:00+00:00,1,UP,147,0.5049425919691387,299,0.5010284021367518,settlement,-11.73624866440435,152,cross_below_mid
2026-04-14 19:55:00+00:00,1,UP,140,0.5049613674873723,299,0.4918116903143102,settlement,-29.988874919315776,159,cross_below_mid
2026-04-14 20:05:00+00:00,1,DOWN,140,0.5048740299471979,279,0.49270932455080885,stop,-28.046346742901292,139,cross_above_mid
2026-04-14 20:40:00+00:00,1,DOWN,140,0.5047664239034936,275,0.49275084545837866,stop,-27.75662627377401,135,cross_above_mid
2026-04-14 20:50:00+00:00,1,UP,141,0.5047906772806349,272,0.492758424353631,stop,-27.788451256349184,131,cross_below_mid
2026-04-14 21:00:00+00:00,1,UP,140,0.5051606930996257,299,0.524525710547374,settlement,34.25770230511831,159,cross_below_mid
2026-04-14 21:25:00+00:00,1,UP,199,0.5054341198905725,299,0.5060346842439528,settlement,-2.81416152751362,100,cross_below_mid
2026-04-14 21:35:00+00:00,1,DOWN,140,0.504874230858942,299,0.49648531590173584,settlement,-20.582619225877803,159,cross_above_mid
2026-04-14 21:40:00+00:00,1,DOWN,191,0.505423336491088,299,0.4998584453771193,settlement,-14.988335778671786,108,cross_above_mid
2026-04-14 21:55:00+00:00,1,UP,239,0.5053502449469467,299,0.5048611245357407,settlement,-4.965948221584027,60,cross_below_mid
2026-04-14 22:00:00+00:00,1,UP,172,0.5043351210384915,242,0.4922727538875561,stop,-27.869530227927164,70,cross_below_mid
2026-04-14 22:05:00+00:00,1,UP,160,0.5055447655054197,299,0.5183910868447522,settlement,21.360026591980194,139,cross_below_mid
2026-04-14 22:20:00+00:00,1,DOWN,191,0.5055479987305102,299,0.5016864468198482,settlement,-11.623072025837393,108,cross_above_mid
2026-04-14 22:30:00+00:00,1,UP,243,0.5055226714486891,299,0.5091424591981188,settlement,3.1461645104428166,56,cross_below_mid
2026-04-14 22:35:00+00:00,1,DOWN,156,0.5050344969188973,299,0.49897054631163484,settlement,-15.9829887719924,143,cross_above_mid
2026-04-14 22:40:00+00:00,1,UP,161,0.5053147390468109,299,0.4938837501223257,settlement,-26.576279821474593,138,cross_below_mid
2026-04-14 22:45:00+00:00,1,UP,240,0.5057021151193613,299,0.5021576252779014,settlement,-10.995028804540349,59,cross_below_mid
2026-04-14 22:55:00+00:00,1,DOWN,140,0.5044469177473555,299,0.5023996608727207,settlement,-8.050302002060846,159,cross_above_mid
2026-04-14 23:00:00+00:00,1,UP,140,0.504997909061259,299,0.5081909410907917,settlement,2.3102161579189264,159,cross_below_mid
2026-04-14 23:05:00+00:00,1,UP,146,0.5052779597342126,299,0.4865748001372042,settlement,-40.941554481483806,153,cross_below_mid
2026-04-14 23:10:00+00:00,1,UP,140,0.5048523306449957,299,0.5013756315111337,settlement,-10.87279333971045,159,cross_below_mid
2026-04-14 23:15:00+00:00,1,UP,140,0.5052742208502852,299,0.5030587271620275,settlement,-8.375965781829027,159,cross_below_mid
2026-04-14 23:25:00+00:00,1,DOWN,202,0.5053636104582965,299,0.49539471545186264,settlement,-23.68673052537084,97,cross_above_mid
2026-04-14 23:30:00+00:00,1,UP,161,0.5053908721845776,299,0.5023710691982929,settlement,-9.963232709931953,138,cross_below_mid
2026-04-14 23:35:00+00:00,1,DOWN,258,0.505209229946006,299,0.4949891280728814,settlement,-24.18898520612627,41,cross_above_mid
2026-04-14 23:40:00+00:00,1,DOWN,188,0.5047121196394692,299,0.49791382485709623,settlement,-17.442709078701522,111,cross_above_mid
2026-04-15 00:10:00+00:00,1,UP,172,0.5042514390598298,267,0.4922495154757373,stop,-27.753863269596238,95,cross_below_mid
2026-04-15 00:15:00+00:00,1,DOWN,152,0.5054008801516984,299,0.516960599686275,settlement,18.826632379517537,147,cross_above_mid
2026-04-15 00:25:00+00:00,1,UP,184,0.5048604812659496,289,0.4928580009016428,stop,-27.726308253602898,105,cross_below_mid
2026-04-15 00:35:00+00:00,1,DOWN,140,0.5045287030822706,299,0.4902915445458623,settlement,-32.162291129388,159,cross_above_mid
2026-04-15 00:50:00+00:00,1,UP,158,0.5053822153893431,299,0.49340507387555377,settlement,-27.65177655005753,141,cross_below_mid
2026-04-15 01:05:00+00:00,1,UP,197,0.5052692200374902,299,0.5065910776297636,settlement,-1.389087193969576,102,cross_below_mid
2026-04-15 01:10:00+00:00,1,DOWN,140,0.5051475846185302,299,0.490470746725989,settlement,-32.996445123690606,159,cross_above_mid
2026-04-15 01:30:00+00:00,1,UP,140,0.5048358819192219,284,0.49281392642190086,stop,-27.76596437779788,144,cross_below_mid
2026-04-15 01:40:00+00:00,1,UP,140,0.5052949465646068,299,0.5061318206795827,settlement,-2.3471032662719002,159,cross_below_mid
2026-04-15 01:45:00+00:00,1,DOWN,193,0.5051749917177586,299,0.4933552412095732,settlement,-27.35054426795442,106,cross_above_mid
2026-04-15 01:50:00+00:00,1,UP,189,0.5056499910678637,258,0.49363847914947306,stop,-27.707088116896625,69,cross_below_mid
2026-04-15 01:55:00+00:00,1,DOWN,140,0.5046662291675065,299,0.4958334529684977,settlement,-21.467209290290967,159,cross_above_mid
2026-04-15 02:00:00+00:00,1,UP,185,0.5050630399343936,299,0.49952606421883283,settlement,-14.941013947184604,114,cross_below_mid
2026-04-15 02:15:00+00:00,1,DOWN,140,0.5049734963844753,299,0.49725582173683114,settlement,-19.252759508163514,159,cross_above_mid
2026-04-15 02:20:00+00:00,1,DOWN,140,0.5051199711644322,299,0.5057168661535029,settlement,-2.820673833744315,159,cross_above_mid
2026-04-15 02:35:00+00:00,1,DOWN,140,0.5046577508611954,293,0.4925065719061992,stop,-28.029902595158294,153,cross_above_mid
2026-04-15 02:55:00+00:00,1,UP,151,0.5052928061679173,299,0.49975794969698784,settlement,-14.93185315634977,148,cross_below_mid
2026-04-15 03:05:00+00:00,1,UP,243,0.5049178261208863,299,0.4938739522515689,settlement,-25.828871058594764,56,cross_below_mid
2026-04-15 03:15:00+00:00,1,UP,176,0.5047215764406104,299,0.4938688734625438,settlement,-25.459351210013008,123,cross_below_mid
2026-04-15 03:20:00+00:00,1,DOWN,157,0.5049650954564071,260,0.4928959283423371,stop,-27.853190820951923,103,cross_above_mid
2026-04-15 03:25:00+00:00,1,UP,245,0.5052392692342567,299,0.4940312893858411,settlement,-26.13914192709448,54,cross_below_mid
2026-04-15 03:30:00+00:00,1,DOWN,140,0.5050569822016543,299,0.4949395500229389,settlement,-23.99219428734968,159,cross_above_mid
2026-04-15 06:25:00+00:00,1,DOWN,225,0.5051931282977595,299,0.49995279204086485,settlement,-14.352190660238815,74,cross_above_mid
2026-04-15 06:55:00+00:00,1,DOWN,245,0.5052910609730459,299,0.4963106743925674,settlement,-21.737154878731644,54,cross_above_mid
2026-04-15 07:00:00+00:00,1,DOWN,149,0.5048223223777677,292,0.49266539602162485,stop,-28.03343110162928,143,cross_above_mid
2026-04-15 07:05:00+00:00,1,DOWN,265,0.5057005687470587,299,0.5032573972598079,settlement,-8.821598580198348,34,cross_above_mid
2026-04-15 07:20:00+00:00,1,UP,140,0.5048339397901759,299,0.5012958569051023,settlement,-10.994392494234972,159,cross_below_mid
2026-04-15 07:25:00+00:00,1,UP,171,0.5049883023352213,299,0.4999708572765258,settlement,-13.915893388861297,128,cross_below_mid
2026-04-15 07:35:00+00:00,1,DOWN,237,0.5045765191254942,299,0.4910242001751096,settlement,-30.80508069603593,62,cross_above_mid
2026-04-15 07:50:00+00:00,1,UP,195,0.5053951190075817,299,0.5053889941243392,settlement,-4.012094761595628,104,cross_below_mid
2026-04-15 07:55:00+00:00,1,UP,140,0.5049871614445187,299,0.49147365723478686,settlement,-30.706574406236868,159,cross_below_mid
2026-04-15 08:00:00+00:00,1,DOWN,140,0.5050092613896607,290,0.4929472862895746,stop,-27.836891855727046,150,cross_above_mid
2026-04-15 08:05:00+00:00,1,UP,214,0.5054460160770382,299,0.4918289938286513,settlement,-30.886725330957642,85,cross_below_mid
2026-04-15 08:15:00+00:00,1,UP,175,0.5050507720465696,299,0.4978223490999646,settlement,-18.283645328328653,124,cross_below_mid
2026-04-15 08:25:00+00:00,1,UP,146,0.5052319055918386,299,0.502437273250309,settlement,-9.52032254095168,153,cross_below_mid
2026-04-15 08:40:00+00:00,1,UP,240,0.5050302966953397,299,0.49414206717894843,settlement,-25.516437980974658,59,cross_below_mid
2026-04-15 09:00:00+00:00,1,UP,140,0.5050024570220797,276,0.49299381035491996,stop,-27.73182388952499,136,cross_below_mid
2026-04-15 09:05:00+00:00,1,UP,152,0.5049613904494682,299,0.48982610716022046,settlement,-33.9132032831742,147,cross_below_mid
2026-04-15 09:10:00+00:00,1,DOWN,172,0.5050876108824959,299,0.4926056050616372,settlement,-28.66313079319417,127,cross_above_mid
2026-04-15 09:20:00+00:00,1,UP,140,0.5047557732191562,299,0.4900261353818991,settlement,-33.12334903636662,159,cross_below_mid
2026-04-15 10:15:00+00:00,1,UP,140,0.5043704069082037,274,0.4923360599920427,stop,-27.812416545117657,134,cross_below_mid
2026-04-15 10:30:00+00:00,1,DOWN,157,0.5054136955946685,299,0.5054861950809612,settlement,-3.856841063171223,142,cross_above_mid
2026-04-15 10:45:00+00:00,1,UP,193,0.5064104042582942,299,0.5009157783554473,settlement,-14.828443896354598,106,cross_below_mid
2026-04-15 11:05:00+00:00,1,DOWN,153,0.5049931880687311,277,0.492696384915539,stop,-28.301732848751556,124,cross_above_mid
2026-04-15 11:30:00+00:00,1,UP,257,0.5056125664220434,299,0.4983303245971331,settlement,-18.37400457170215,42,cross_below_mid
2026-04-15 12:00:00+00:00,1,UP,140,0.504178766245412,293,0.49213638227900003,stop,-27.837376746305086,153,cross_below_mid
2026-04-15 12:05:00+00:00,1,DOWN,140,0.5053915503588139,299,0.49671644263598924,settlement,-21.130791959683997,159,cross_above_mid
2026-04-15 12:10:00+00:00,1,UP,154,0.5054298258652801,299,0.505484548661401,settlement,-3.891946719932454,145,cross_below_mid
2026-04-15 12:30:00+00:00,1,DOWN,153,0.504761850650664,286,0.4927522715659952,stop,-27.74497975837413,133,cross_above_mid
2026-04-15 13:10:00+00:00,1,DOWN,254,0.5054388433154288,299,0.4975703771546308,settlement,-19.536457738321683,45,cross_above_mid
2026-04-15 13:15:00+00:00,1,DOWN,160,0.5050631246581979,299,0.5015902167853333,settlement,-10.862433402684958,139,cross_above_mid
2026-04-15 13:20:00+00:00,1,UP,140,0.5051665598028748,299,0.49412397784960865,settlement,-25.815570677639567,159,cross_below_mid
2026-04-15 13:30:00+00:00,1,DOWN,220,0.5070174480885582,299,0.5258658888127937,settlement,33.100782061254584,79,cross_above_mid
2026-04-15 13:35:00+00:00,1,UP,140,0.5040821946281551,196,0.49183675791806386,stop,-28.243954590949233,56,cross_below_mid
2026-04-15 13:45:00+00:00,1,UP,201,0.505713401604444,299,0.5022443002908624,settlement,-10.846097216269605,98,cross_below_mid
2026-04-15 13:50:00+00:00,1,UP,140,0.5037112228772425,288,0.491660157309777,stop,-27.876703337343645,148,cross_below_mid
2026-04-15 14:00:00+00:00,1,DOWN,140,0.5055419071915713,299,0.5140673832977846,settlement,12.830306316775053,159,cross_above_mid
2026-04-15 14:10:00+00:00,1,UP,210,0.5056097265079573,299,0.5269187692681301,settlement,38.06094851365111,89,cross_below_mid
2026-04-15 14:35:00+00:00,1,UP,140,0.5045051019873568,224,0.4924982297229177,stop,-27.751709294330393,84,cross_below_mid
2026-04-15 14:40:00+00:00,1,UP,140,0.5052082834822577,276,0.4925636682221783,stop,-28.978462234581293,136,cross_below_mid
2026-04-15 14:45:00+00:00,1,DOWN,148,0.5045467126740566,254,0.4925175839478966,stop,-27.793774029528013,106,cross_above_mid
2026-04-15 14:50:00+00:00,1,DOWN,207,0.5041027926334792,299,0.48809191319243106,settlement,-35.69761785823693,92,cross_above_mid
2026-04-15 14:55:00+00:00,1,UP,153,0.5055420603599609,299,0.49305543984891814,settlement,-28.650070186341306,146,cross_below_mid
2026-04-15 15:05:00+00:00,1,UP,140,0.5039101074954594,262,0.4913630318139364,stop,-28.849633583253247,122,cross_below_mid
2026-04-15 15:20:00+00:00,1,UP,269,0.5021835701740993,288,0.4901670751258515,stop,-27.88063403586404,19,cross_below_mid
2026-04-15 15:25:00+00:00,1,DOWN,142,0.5047304165210544,299,0.49771594273674324,settlement,-17.869671031507078,157,cross_above_mid
2026-04-15 15:35:00+00:00,1,DOWN,140,0.5043828849837804,268,0.49235762001583794,stop,-27.793857395443684,128,cross_above_mid
2026-04-15 15:50:00+00:00,1,UP,140,0.5053480339912437,286,0.4929059687386003,stop,-28.57154334621054,146,cross_below_mid
2026-04-15 16:05:00+00:00,1,DOWN,179,0.5051119851680629,299,0.49189065777144425,settlement,-30.122691857005016,120,cross_above_mid
2026-04-15 16:15:00+00:00,1,DOWN,187,0.5045426528070772,284,0.49250128684248917,stop,-27.81817110168868,97,cross_above_mid
2026-04-15 16:20:00+00:00,1,DOWN,140,0.5042831113423127,299,0.4872050594353864,settlement,-37.79826811519555,159,cross_above_mid
2026-04-15 16:25:00+00:00,1,UP,263,0.5046420678264553,299,0.4921529313721645,settlement,-28.699007427316946,36,cross_below_mid
2026-04-15 16:30:00+00:00,1,UP,140,0.50454376723805,281,0.49231256158678893,stop,-28.193626068913858,141,cross_below_mid
2026-04-15 16:35:00+00:00,1,UP,245,0.5059041141768473,299,0.4953764970767104,settlement,-24.76789172397187,54,cross_below_mid
2026-04-15 16:40:00+00:00,1,DOWN,243,0.5064505516248315,299,0.5146314568619326,settlement,12.121106790056277,56,cross_above_mid
2026-04-15 16:45:00+00:00,1,UP,140,0.5046539813846418,299,0.5098354824748816,settlement,6.246898427059042,159,cross_below_mid
2026-04-15 17:00:00+00:00,1,UP,162,0.5054145052522935,299,0.5156094940866341,settlement,16.131196772029757,137,cross_below_mid
2026-04-15 17:05:00+00:00,1,UP,192,0.5046887793215936,292,0.49202021399894114,stop,-29.051534153389134,100,cross_below_mid
2026-04-15 17:10:00+00:00,1,UP,168,0.5045576620344778,299,0.4933140057292026,settlement,-26.23961667219299,131,cross_below_mid
2026-04-15 17:15:00+00:00,1,UP,140,0.5049235093289793,299,0.4930103985196871,settlement,-27.54670433839373,159,cross_below_mid
2026-04-15 17:20:00+00:00,1,UP,147,0.5046262520266791,299,0.4941458720663896,settlement,-24.727061183126757,152,cross_below_mid
2026-04-15 17:30:00+00:00,1,UP,155,0.505332992512075,299,0.4992302482865171,settlement,-16.05252541859564,144,cross_below_mid
2026-04-15 17:35:00+00:00,1,UP,140,0.5049905446083127,278,0.492982759353659,stop,-27.730681320854103,138,cross_below_mid
2026-04-15 17:55:00+00:00,1,UP,140,0.505086969439361,299,0.4981228195432533,settlement,-17.76044526357539,159,cross_below_mid
2026-04-15 18:00:00+00:00,1,DOWN,140,0.5046402355834911,242,0.49239298585319435,stop,-28.220730669054973,102,cross_above_mid
2026-04-15 18:05:00+00:00,1,UP,140,0.5051579373374752,299,0.4918134368808968,settlement,-30.363658712083406,159,cross_below_mid
2026-04-15 18:15:00+00:00,1,UP,165,0.5053609999064879,299,0.500477406145939,settlement,-13.644247525886577,134,cross_below_mid
2026-04-15 18:20:00+00:00,1,UP,206,0.5044621548127926,299,0.4894568696588464,settlement,-33.68562545429329,93,cross_below_mid
2026-04-15 18:25:00+00:00,1,DOWN,144,0.5053869031595072,299,0.5061955916548255,settlement,-2.403062854850071,155,cross_above_mid
2026-04-15 18:35:00+00:00,1,UP,140,0.5047491656427002,279,0.49274192319191734,stop,-27.740956462251898,139,cross_below_mid
2026-04-15 18:40:00+00:00,1,UP,140,0.5048033274137325,299,0.5026981640103769,settlement,-8.161923985946515,159,cross_below_mid
2026-04-15 18:50:00+00:00,1,UP,140,0.505272686726762,299,0.4986443158894579,settlement,-17.092166407179505,159,cross_below_mid
2026-04-15 18:55:00+00:00,1,UP,182,0.5049124660137676,299,0.49840166910649975,settlement,-16.869112471618287,117,cross_below_mid
2026-04-15 19:35:00+00:00,1,UP,268,0.5090407435844223,299,0.5256010537534369,settlement,28.467321637753354,31,cross_below_mid
2026-04-15 19:40:00+00:00,1,UP,140,0.5041997401129457,284,0.49173876187093185,stop,-28.66493989612923,144,cross_below_mid
2026-04-15 19:50:00+00:00,1,UP,171,0.505277649491493,299,0.4985354893420014,settlement,-17.31678896932069,128,cross_below_mid
2026-04-15 19:55:00+00:00,1,UP,190,0.5047388442625299,288,0.49267791117511206,stop,-27.847602295856394,98,cross_below_mid
2026-04-15 20:20:00+00:00,1,UP,230,0.5049896675525406,299,0.5000019103317954,settlement,-13.857195158920334,69,cross_below_mid
2026-04-15 20:25:00+00:00,1,DOWN,147,0.5055653977260727,232,0.4935649710715935,stop,-27.68917227135737,85,cross_above_mid
2026-04-15 20:30:00+00:00,1,UP,192,0.5059865472870535,266,0.4939763611469911,stop,-27.688704437002222,74,cross_below_mid
2026-04-15 20:35:00+00:00,1,UP,140,0.5049119505667478,284,0.49266924860413264,stop,-28.198707408242818,144,cross_below_mid
2026-04-15 20:45:00+00:00,1,UP,181,0.5053037930934748,299,0.5003670709528457,settlement,-13.750270557411906,118,cross_below_mid
2026-04-15 20:55:00+00:00,1,DOWN,140,0.5049110810365977,299,0.49547085633790655,settlement,-22.659412722635075,159,cross_above_mid
2026-04-15 21:00:00+00:00,1,DOWN,186,0.5055578874888883,299,0.5026313230992784,settlement,-9.777204417357439,113,cross_above_mid
2026-04-15 21:05:00+00:00,1,DOWN,140,0.5049107750292204,299,0.4999436856314078,settlement,-13.817883602761585,159,cross_above_mid
2026-04-15 21:15:00+00:00,1,DOWN,141,0.5056838578035318,299,0.5077227992460599,settlement,0.023983617910283694,158,cross_above_mid
2026-04-15 21:25:00+00:00,1,DOWN,192,0.5054034114817162,299,0.49819578144451016,settlement,-18.232620148017844,107,cross_above_mid
2026-04-15 21:35:00+00:00,1,DOWN,165,0.504521370103419,253,0.4922160244654743,stop,-28.341357322785896,88,cross_above_mid
2026-04-15 21:45:00+00:00,1,DOWN,221,0.5049020413423821,299,0.49352836881445916,settlement,-26.48144046454725,78,cross_above_mid
2026-04-15 22:05:00+00:00,1,DOWN,163,0.5055330399030069,281,0.4934074822169222,stop,-27.93771646069725,118,cross_above_mid
2026-04-15 22:15:00+00:00,1,UP,140,0.5041081574590337,259,0.4916382479552923,stop,-28.687102362046662,119,cross_below_mid
2026-04-15 22:25:00+00:00,1,DOWN,153,0.505359367548159,299,0.4965079779166123,settlement,-21.48001010675207,146,cross_above_mid
2026-04-15 22:30:00+00:00,1,UP,161,0.5052572263460691,299,0.49282675729456843,settlement,-28.553054298921758,138,cross_below_mid
2026-04-15 22:35:00+00:00,1,UP,231,0.5047020711682733,299,0.5421965039622846,settlement,70.14164923438018,68,cross_below_mid
2026-04-15 22:45:00+00:00,1,DOWN,146,0.5046804263935649,289,0.4926034079589262,stop,-27.882171305709104,143,cross_above_mid
2026-04-15 23:05:00+00:00,1,UP,193,0.505148792404126,249,0.49310046187537926,stop,-27.803350712694005,56,cross_below_mid
2026-04-15 23:15:00+00:00,1,UP,140,0.5041919728313684,299,0.4913372551839703,settlement,-29.444689529783684,159,cross_below_mid
2026-04-15 23:20:00+00:00,1,UP,145,0.5049312938034127,288,0.4928557926762213,stop,-27.86730684517454,143,cross_below_mid
2026-04-15 23:25:00+00:00,1,UP,140,0.5049461298467217,299,0.500155370805724,settlement,-13.468688321993938,159,cross_below_mid
2026-04-15 23:35:00+00:00,1,UP,257,0.5040542025219492,299,0.48660659194046846,settlement,-38.54532324737348,42,cross_below_mid
2026-04-15 23:40:00+00:00,1,DOWN,140,0.5050467132743347,299,0.49402657844017395,settlement,-25.776390728669913,159,cross_above_mid
2026-04-15 23:55:00+00:00,1,DOWN,140,0.5049993915193336,299,0.49560805842235434,settlement,-22.559528166137362,159,cross_above_mid
2026-04-16 00:00:00+00:00,1,UP,140,0.5047778656712179,253,0.4927748307359799,stop,-27.7312879189713,113,cross_below_mid
2026-04-16 00:05:00+00:00,1,UP,140,0.5053936128005602,299,0.4934556286265449,settlement,-27.57391922633737,159,cross_below_mid
2026-04-16 00:10:00+00:00,1,DOWN,168,0.5045575679004837,299,0.4990356592678481,settlement,-14.92217254475358,131,cross_above_mid
2026-04-16 00:15:00+00:00,1,UP,140,0.5051478917907795,299,0.4924991016087527,settlement,-28.98969669439114,159,cross_below_mid
2026-04-16 00:20:00+00:00,1,DOWN,158,0.5054198810229519,299,0.50921466729139,settlement,3.4931692204827236,141,cross_above_mid
2026-04-16 00:25:00+00:00,1,DOWN,140,0.5043554477627975,270,0.4923526549486338,stop,-27.750684723780587,130,cross_above_mid
2026-04-16 00:35:00+00:00,1,UP,168,0.504671176074577,283,0.49265516758019173,stop,-27.761960353417155,115,cross_below_mid
2026-04-16 00:40:00+00:00,1,UP,142,0.5054004590094451,299,0.49435465391179756,settlement,-25.811839089062264,157,cross_below_mid
2026-04-16 01:05:00+00:00,1,DOWN,228,0.5068859530572877,299,0.5098445340062159,settlement,1.8251047779511835,71,cross_above_mid
2026-04-16 01:15:00+00:00,1,DOWN,140,0.5050761918249412,283,0.4930614951597494,stop,-27.74031377035765,143,cross_above_mid
2026-04-16 01:20:00+00:00,1,UP,176,0.5052507847629718,290,0.4932150911872764,stop,-27.77358442734337,114,cross_below_mid
2026-04-16 01:30:00+00:00,1,UP,175,0.5049421570902339,299,0.5042728166009228,settlement,-5.322927386736525,124,cross_below_mid
2026-04-16 01:55:00+00:00,1,UP,250,0.5039593967758409,299,0.49634211215104795,settlement,-19.084647898578062,49,cross_below_mid
2026-04-16 02:00:00+00:00,1,UP,159,0.5052382217883178,299,0.5006935698809467,settlement,-12.97707736263988,140,cross_below_mid
2026-04-16 02:05:00+00:00,1,UP,188,0.5051053267195812,278,0.4928644092924688,stop,-28.18591716622379,90,cross_below_mid
2026-04-16 02:15:00+00:00,1,UP,140,0.5047250360722946,292,0.4926843139769251,stop,-27.80829123257033,152,cross_below_mid
2026-04-16 02:25:00+00:00,1,UP,180,0.5058050451739894,299,0.5200206653888304,settlement,24.04872966328589,119,cross_below_mid
2026-04-16 03:00:00+00:00,1,UP,140,0.5052427570018085,299,0.5114753309092951,settlement,8.311129003773747,159,cross_below_mid
2026-04-16 03:10:00+00:00,1,UP,140,0.5050648706327039,299,0.4968392479200603,settlement,-20.253697187322757,159,cross_below_mid
2026-04-16 03:20:00+00:00,1,DOWN,242,0.505260082858209,299,0.49537126539497456,settlement,-23.532593535748443,57,cross_above_mid
2026-04-16 03:30:00+00:00,1,UP,174,0.504692865531209,278,0.49266818302669774,stop,-27.778091506942665,104,cross_below_mid
2026-04-16 03:45:00+00:00,1,UP,140,0.5047604694129484,299,0.48986951831285386,settlement,-33.4420226987631,159,cross_below_mid
2026-04-16 04:10:00+00:00,1,UP,164,0.505490838183109,299,0.4972392604491723,settlement,-20.291243987859875,135,cross_below_mid
2026-04-16 04:15:00+00:00,1,DOWN,250,0.5048344027980306,299,0.4954011004171074,settlement,-22.648562229479847,49,cross_above_mid
2026-04-16 04:25:00+00:00,1,UP,211,0.5053660833482322,299,0.5008423599703381,settlement,-12.93347630538825,88,cross_below_mid
2026-04-16 04:30:00+00:00,1,DOWN,155,0.5052600615706018,299,0.49023907358597896,settlement,-33.66976246263001,144,cross_above_mid
2026-04-16 04:40:00+00:00,1,DOWN,140,0.5048766059883519,264,0.4927962261614717,stop,-27.879535958345933,124,cross_above_mid
2026-04-16 04:45:00+00:00,1,DOWN,140,0.5054926399110137,299,0.5384418258533384,settlement,61.05196114473369,159,cross_above_mid
2026-04-16 04:55:00+00:00,1,DOWN,223,0.505091585311955,299,0.49572528682466277,settlement,-22.506675149902506,76,cross_above_mid
2026-04-16 05:05:00+00:00,1,UP,140,0.504729644940085,255,0.492708103793168,stop,-27.77014741435954,115,cross_below_mid
2026-04-16 05:10:00+00:00,1,DOWN,150,0.5047850213198661,299,0.49563027326535225,settlement,-22.099662574209756,149,cross_above_mid
2026-04-16 05:25:00+00:00,1,UP,249,0.505312199073035,299,0.4973706879566733,settlement,-19.68461657697584,50,cross_below_mid
2026-04-16 05:30:00+00:00,1,DOWN,202,0.5045407691664153,299,0.49012887195282784,settlement,-32.50725709029129,97,cross_above_mid
2026-04-16 05:35:00+00:00,1,DOWN,140,0.5048957486737973,299,0.4935908538577719,settlement,-26.345771490507378,159,cross_above_mid
2026-04-16 05:45:00+00:00,1,UP,140,0.5050289913111586,299,0.4926981919062598,settlement,-28.36719083025271,159,cross_below_mid
2026-04-16 05:55:00+00:00,1,UP,218,0.5044949476852677,299,0.4922346865747411,settlement,-28.253445241514832,81,cross_below_mid
2026-04-16 06:00:00+00:00,1,UP,151,0.5053689236298033,299,0.49147290345374095,settlement,-31.441790516326108,148,cross_below_mid
2026-04-16 06:10:00+00:00,1,DOWN,177,0.5051870035215363,299,0.506001657188795,settlement,-2.390646722388497,122,cross_above_mid
2026-04-16 06:20:00+00:00,1,DOWN,244,0.5053722673553082,299,0.5009250044427246,settlement,-12.782374248561517,55,cross_above_mid
2026-04-16 06:25:00+00:00,1,UP,228,0.5048393885485287,299,0.49136086428709325,settlement,-30.645241076746025,71,cross_below_mid
2026-04-16 06:40:00+00:00,1,DOWN,211,0.5060319608390628,299,0.5050079964506836,settlement,-6.019470189013219,88,cross_above_mid
2026-04-16 06:45:00+00:00,1,DOWN,153,0.5051637727705106,276,0.4931474813251534,stop,-27.739348521958288,123,cross_above_mid
2026-04-16 07:30:00+00:00,1,DOWN,237,0.5053248864015568,299,0.4972019249021543,settlement,-20.042581306715398,62,cross_above_mid
2026-04-16 07:50:00+00:00,1,UP,231,0.5039863501545889,279,0.49166825951591187,stop,-28.392435338038233,48,cross_below_mid
2026-04-16 07:55:00+00:00,1,UP,140,0.5052380465870612,299,0.5040393483121947,settlement,-6.367796499883428,159,cross_below_mid
2026-04-16 08:00:00+00:00,1,UP,140,0.5049784286964022,284,0.49297832531127966,stop,-27.716068841333477,144,cross_below_mid
2026-04-16 08:05:00+00:00,1,UP,192,0.5048695907636909,281,0.49282637207200697,stop,-27.806409564338768,89,cross_below_mid
2026-04-16 08:10:00+00:00,1,DOWN,140,0.504638375474984,299,0.4970304745310573,settlement,-19.045794198454193,159,cross_above_mid
2026-04-16 08:25:00+00:00,1,DOWN,235,0.5055362872713175,299,0.4927316125349448,settlement,-29.27823562552994,64,cross_above_mid
2026-04-16 08:30:00+00:00,1,DOWN,163,0.5048942218447329,299,0.4929309278636189,settlement,-27.647264865755126,136,cross_above_mid
2026-04-16 08:35:00+00:00,1,DOWN,158,0.5052350983934847,299,0.5008333355984272,settlement,-12.694881419433814,141,cross_above_mid
2026-04-16 08:40:00+00:00,1,DOWN,170,0.5056844790745708,299,0.4937630377531632,settlement,-27.527711312275226,129,cross_above_mid
2026-04-16 09:00:00+00:00,1,DOWN,146,0.5050115571987043,280,0.4929828200213836,stop,-27.77109896168695,134,cross_above_mid
2026-04-16 09:05:00+00:00,1,DOWN,205,0.5054636330244596,299,0.4969170875641967,settlement,-20.874512451679447,94,cross_above_mid
2026-04-16 09:20:00+00:00,1,DOWN,155,0.5046009004740584,286,0.4925957438622717,stop,-27.743806813081722,131,cross_above_mid
2026-04-16 09:35:00+00:00,1,DOWN,144,0.5046711442155997,299,0.49249104322130033,settlement,-28.086458937937028,155,cross_above_mid
2026-04-16 09:50:00+00:00,1,DOWN,154,0.5047878211106303,290,0.4926810411744543,stop,-27.935930842625332,136,cross_above_mid
2026-04-16 10:00:00+00:00,1,UP,205,0.50533275031515,299,0.49261446218427635,settlement,-29.117809100431433,94,cross_below_mid
2026-04-16 10:05:00+00:00,1,DOWN,175,0.5057097999402252,299,0.4979005373089286,settlement,-19.41129736254919,124,cross_above_mid
2026-04-16 10:15:00+00:00,1,UP,140,0.504768516232383,278,0.49273216716957247,stop,-27.79759429994779,138,cross_below_mid
2026-04-16 11:15:00+00:00,1,DOWN,143,0.504790534274383,299,0.5008150840206119,settlement,-11.859694435369498,156,cross_above_mid
2026-04-16 11:20:00+00:00,1,DOWN,173,0.504597418792701,299,0.4898914545608951,settlement,-33.085666625995444,126,cross_above_mid
2026-04-16 11:30:00+00:00,1,DOWN,237,0.5045504245777997,260,0.4920284322371735,stop,-28.76848248894496,23,cross_above_mid
2026-04-16 11:35:00+00:00,1,DOWN,183,0.5047377081148153,299,0.49932655483871613,settlement,-14.699281790768367,116,cross_above_mid
2026-04-16 11:50:00+00:00,1,DOWN,157,0.5047142596855962,263,0.4925524361182656,stop,-28.048260351821337,106,cross_above_mid
2026-04-16 12:10:00+00:00,1,DOWN,140,0.5033353618038624,289,0.4913122678817796,stop,-27.839071610697516,149,cross_above_mid
2026-04-16 12:15:00+00:00,1,DOWN,140,0.504461307015692,299,0.4954159933041373,settlement,-21.894777971248423,159,cross_above_mid
2026-04-16 12:25:00+00:00,1,UP,158,0.5052843347521921,299,0.4973478128706478,settlement,-19.675627152909506,141,cross_below_mid
2026-04-16 12:30:00+00:00,1,UP,210,0.5046363147939843,299,0.49526820444597064,settlement,-22.52695466661862,89,cross_below_mid
2026-04-16 12:40:00+00:00,1,DOWN,174,0.5051275616274381,299,0.49165865955939736,settlement,-30.61102914399852,125,cross_above_mid
2026-04-16 12:55:00+00:00,1,UP,144,0.5048164470711023,299,0.49799738530631854,settlement,-17.48098636789394,155,cross_below_mid
2026-04-16 13:00:00+00:00,1,UP,246,0.5050199510096739,299,0.49700297725978393,settlement,-19.84281925178224,53,cross_below_mid
2026-04-16 13:15:00+00:00,1,DOWN,140,0.5047034950325274,271,0.4926877533519127,stop,-27.759911146406115,131,cross_above_mid
2026-04-16 13:20:00+00:00,1,UP,140,0.5047574209955393,299,0.4947632881528053,settlement,-23.76027327617381,159,cross_below_mid
2026-04-16 13:30:00+00:00,1,DOWN,266,0.5074825008614862,299,0.5212095121365864,settlement,22.995132303663866,33,cross_above_mid
2026-04-16 14:00:00+00:00,1,UP,165,0.5036925316343626,285,0.49114099940319966,stop,-28.86919773468804,120,cross_below_mid
2026-04-16 14:10:00+00:00,1,DOWN,160,0.5053798042055871,299,0.5124409088659428,settlement,9.943933636430582,139,cross_above_mid
2026-04-16 14:20:00+00:00,1,UP,140,0.5040101084918981,259,0.4918975475024447,stop,-27.984312345729105,119,cross_below_mid
2026-04-16 14:30:00+00:00,1,UP,164,0.5056685986744475,299,0.5161394827360646,settlement,16.665594661972705,135,cross_below_mid
2026-04-16 14:35:00+00:00,1,UP,236,0.5046326480596811,299,0.4911230345799302,settlement,-30.71764164413892,63,cross_below_mid
2026-04-16 14:40:00+00:00,1,UP,140,0.5047391177401184,299,0.5072511286679162,settlement,0.9668963982162699,159,cross_below_mid
2026-04-16 14:45:00+00:00,1,UP,140,0.5049267624510565,299,0.5110531802438795,settlement,8.109013448915734,159,cross_below_mid
2026-04-16 14:50:00+00:00,1,UP,140,0.5048156135549732,267,0.4927291143992144,stop,-27.894518777862032,127,cross_below_mid
2026-04-16 15:00:00+00:00,1,DOWN,182,0.5046631109903389,253,0.4922996107799289,stop,-28.449524725070273,71,cross_above_mid
2026-04-16 15:20:00+00:00,1,UP,183,0.5058327978148022,299,0.516578485267294,settlement,17.201069056643565,116,cross_below_mid
2026-04-16 15:25:00+00:00,1,DOWN,140,0.5051335392575259,299,0.5258357255923505,settlement,36.90162374195805,159,cross_above_mid
2026-04-16 16:40:00+00:00,1,DOWN,170,0.5054493598002769,299,0.509342234269842,settlement,3.6864054633704977,129,cross_above_mid
2026-04-16 16:45:00+00:00,1,UP,166,0.5049678743821346,299,0.49373090909014844,settlement,-26.208326371502313,133,cross_below_mid
2026-04-16 16:55:00+00:00,1,UP,226,0.5055220212369474,299,0.4985000390065534,settlement,-17.862775450979886,73,cross_below_mid
2026-04-16 17:00:00+00:00,1,DOWN,260,0.5050979519592012,299,0.4983478449303219,settlement,-17.337228529023264,39,cross_above_mid
2026-04-16 17:10:00+00:00,1,UP,222,0.5053785969699189,262,0.49336928594542406,stop,-27.715472863919622,40,cross_below_mid
2026-04-16 17:20:00+00:00,1,DOWN,227,0.5048633973288806,246,0.49282225145514624,stop,-27.80260412136535,19,cross_above_mid
2026-04-16 17:30:00+00:00,1,UP,244,0.5056988223732626,299,0.49413258143491534,settlement,-26.8260536623327,55,cross_below_mid
2026-04-16 17:35:00+00:00,1,DOWN,167,0.505727163081375,299,0.49540348377142673,settlement,-24.37270825745727,132,cross_above_mid
2026-04-16 17:50:00+00:00,1,DOWN,167,0.5056746096361769,299,0.5125318873496111,settlement,9.53353130174181,132,cross_above_mid
2026-04-16 17:55:00+00:00,1,DOWN,266,0.5060233345800036,299,0.49217722753457493,settlement,-31.30786089698216,33,cross_above_mid
2026-04-16 18:00:00+00:00,1,DOWN,140,0.5036411472744452,299,0.492244512547683,settlement,-26.583225216725275,159,cross_above_mid
2026-04-16 18:05:00+00:00,1,DOWN,140,0.5043874072507606,299,0.5130010341417552,settlement,13.043247935289727,159,cross_above_mid
2026-04-16 18:15:00+00:00,1,UP,140,0.5050146825232282,299,0.5024075133247247,settlement,-9.152236063922523,159,cross_below_mid
2026-04-16 18:20:00+00:00,1,DOWN,140,0.5049140435611874,299,0.5227911626411118,settlement,31.335449804343703,159,cross_above_mid
2026-04-16 18:25:00+00:00,1,UP,172,0.505284425715007,299,0.5135815013152978,settlement,12.387763065075395,127,cross_below_mid
2026-04-16 18:30:00+00:00,1,DOWN,158,0.5049953241189844,293,0.4923092592616525,stop,-29.070910804382446,135,cross_above_mid
2026-04-16 18:35:00+00:00,1,DOWN,202,0.5048186192840973,280,0.4927933810220245,stop,-27.773266926184302,78,cross_above_mid
2026-04-16 18:40:00+00:00,1,UP,165,0.5052966763659366,299,0.5031696687754035,settlement,-8.201004428959896,134,cross_below_mid
2026-04-16 18:55:00+00:00,1,UP,152,0.5053198773399814,299,0.5159941936445113,settlement,17.081631951623073,147,cross_below_mid
2026-04-16 19:15:00+00:00,1,DOWN,166,0.5048144028988171,259,0.4925801198558223,stop,-28.186739535947993,93,cross_above_mid
2026-04-16 19:20:00+00:00,1,UP,140,0.5047068959679525,299,0.501004260853847,settlement,-11.32153626867016,159,cross_below_mid
2026-04-16 19:25:00+00:00,1,DOWN,202,0.5052282708210268,271,0.49283614032865497,stop,-28.478729607291037,69,cross_above_mid
2026-04-16 19:45:00+00:00,1,DOWN,145,0.5043280420370968,299,0.4901668841919534,settlement,-32.02310074285642,154,cross_above_mid
2026-04-16 19:50:00+00:00,1,DOWN,140,0.5050433079864106,258,0.4930229986990321,stop,-27.75295044821492,118,cross_above_mid
2026-04-16 20:05:00+00:00,1,UP,140,0.5044865148212244,282,0.4924589496674045,stop,-27.79352008599473,142,cross_below_mid
2026-04-16 20:10:00+00:00,1,UP,241,0.506959992280104,299,0.5174183134469974,settlement,16.588221326137212,58,cross_below_mid
2026-04-16 20:15:00+00:00,1,DOWN,151,0.5053573613527959,299,0.5199371957056459,settlement,24.792842049818972,148,cross_above_mid
2026-04-16 20:20:00+00:00,1,DOWN,161,0.5058758017900687,299,0.5018731494731389,settlement,-11.896497516111136,138,cross_above_mid
2026-04-16 20:25:00+00:00,1,DOWN,168,0.5052284724633435,299,0.4993833291314188,settlement,-15.546168442998916,131,cross_above_mid
2026-04-16 20:30:00+00:00,1,UP,147,0.5043100803664777,260,0.4920299634934657,stop,-28.301629327654872,113,cross_below_mid
2026-04-16 20:35:00+00:00,1,DOWN,200,0.5049924813562067,299,0.49492481356250706,settlement,-23.89640010308387,99,cross_above_mid
2026-04-16 20:50:00+00:00,1,DOWN,216,0.5042287915212037,299,0.49017105847383424,settlement,-31.8239121152699,83,cross_above_mid
2026-04-16 21:05:00+00:00,1,DOWN,184,0.5049745395799241,253,0.4929650838185453,stop,-27.73473494292688,69,cross_above_mid
2026-04-16 21:10:00+00:00,1,UP,147,0.5050216507547121,257,0.49300493241916066,stop,-27.74687279438069,110,cross_below_mid
2026-04-16 21:15:00+00:00,1,DOWN,170,0.5052661825943735,299,0.5042413963956681,settlement,-6.024154122202604,129,cross_above_mid
2026-04-16 21:20:00+00:00,1,DOWN,149,0.5066619539195155,299,0.5255512750710013,settlement,33.20733787754947,150,cross_above_mid
2026-04-16 21:35:00+00:00,1,DOWN,216,0.5053075787080115,299,0.4969954998481775,settlement,-20.41664414241407,83,cross_above_mid
2026-04-16 21:40:00+00:00,1,UP,182,0.505095177994029,299,0.49175333181701386,settlement,-30.36168996414087,117,cross_below_mid
2026-04-16 21:45:00+00:00,1,UP,140,0.5050285499585745,299,0.505302791061176,settlement,-3.4580650531167128,159,cross_below_mid
2026-04-16 21:50:00+00:00,1,DOWN,140,0.5051637596325053,299,0.5031828370837085,settlement,-7.913504613112746,159,cross_above_mid
2026-04-16 22:05:00+00:00,1,UP,203,0.5054804567838942,286,0.49344224006381576,stop,-27.76776416456913,83,cross_below_mid
2026-04-16 22:10:00+00:00,1,DOWN,175,0.5046312726119302,299,0.49849103035899756,settlement,-16.143444334531516,124,cross_above_mid
2026-04-16 22:20:00+00:00,1,DOWN,142,0.5048511103298388,299,0.49940078203131033,settlement,-14.774320449404545,157,cross_above_mid
2026-04-16 22:30:00+00:00,1,UP,152,0.5048766785566949,299,0.49539962909376467,settlement,-22.73347644229186,147,cross_below_mid
2026-04-16 23:00:00+00:00,1,UP,148,0.5051217652558777,299,0.5083386170811514,settlement,2.3557311176183644,151,cross_below_mid
2026-04-16 23:05:00+00:00,1,DOWN,140,0.5045578438081996,299,0.48969445431490477,settlement,-33.39933031731246,159,cross_above_mid
2026-04-16 23:10:00+00:00,1,UP,140,0.5047446354273945,299,0.4934580077298196,settlement,-26.31634306056922,159,cross_below_mid
2026-04-16 23:15:00+00:00,1,DOWN,162,0.5053628961377075,299,0.4951305569399018,settlement,-24.207012816839985,137,cross_above_mid
2026-04-16 23:20:00+00:00,1,UP,178,0.5055601238383582,299,0.5103702319717852,settlement,5.49538480351937,121,cross_below_mid
2026-04-16 23:30:00+00:00,1,UP,178,0.5051620321774002,299,0.4976030953328623,settlement,-18.933463899360564,121,cross_below_mid
2026-04-16 23:40:00+00:00,1,DOWN,144,0.504973864821239,299,0.49644068289523013,settlement,-20.864467956517945,155,cross_above_mid
2026-04-17 00:00:00+00:00,1,DOWN,146,0.5053911513394376,299,0.5052550390084567,settlement,-4.268782122439019,153,cross_above_mid
2026-04-17 00:10:00+00:00,1,DOWN,140,0.5046335584114657,299,0.49666222695430895,settlement,-19.764684416322233,159,cross_above_mid
2026-04-17 00:20:00+00:00,1,UP,140,0.504702366930383,280,0.4927005486442932,stop,-27.73243209134734,140,cross_below_mid
2026-04-17 00:40:00+00:00,1,DOWN,140,0.5048615049380402,299,0.5016978227305252,settlement,-10.25390292628354,159,cross_above_mid
2026-04-17 00:45:00+00:00,1,UP,140,0.5044662687381698,299,0.49358031468141267,settlement,-25.535993230664126,159,cross_below_mid
2026-04-17 00:50:00+00:00,1,DOWN,140,0.5048778040973769,299,0.4943777127265623,settlement,-24.755697919435356,159,cross_above_mid
2026-04-17 01:20:00+00:00,1,UP,140,0.5038214987515618,220,0.4916511261051032,stop,-28.107807886846402,80,cross_below_mid
2026-04-17 01:30:00+00:00,1,DOWN,246,0.5053872729403172,299,0.49616784216693954,settlement,-22.20582433407941,53,cross_above_mid
2026-04-17 01:35:00+00:00,1,DOWN,140,0.5047561720503292,293,0.4926275598713118,stop,-27.980598207430013,153,cross_above_mid
2026-04-17 02:00:00+00:00,1,DOWN,140,0.5050973236170745,290,0.49306243722210796,stop,-27.77921256079009,150,cross_above_mid
2026-04-17 02:25:00+00:00,1,UP,163,0.5049493861792577,287,0.49292928648088313,stop,-27.756954315257186,124,cross_below_mid
2026-04-17 02:45:00+00:00,1,UP,160,0.5051376564316308,299,0.4914579042943823,settlement,-31.027073628635332,139,cross_below_mid
2026-04-17 03:10:00+00:00,1,DOWN,174,0.5047903791167097,284,0.4927872834164857,stop,-27.73081977074268,110,cross_above_mid
2026-04-17 03:15:00+00:00,1,UP,176,0.505336561196943,299,0.4972370907439668,settlement,-19.99581770399548,123,cross_below_mid
2026-04-17 03:25:00+00:00,1,UP,165,0.5053290868989189,299,0.4976940781448629,settlement,-19.078765371113597,134,cross_below_mid
2026-04-17 03:35:00+00:00,1,UP,261,0.5053959764817133,299,0.4965952596212758,settlement,-21.37868094609655,38,cross_below_mid
2026-04-17 03:40:00+00:00,1,DOWN,252,0.5063393101868182,299,0.498491037363065,settlement,-19.469026639894537,47,cross_above_mid
2026-04-17 03:45:00+00:00,1,UP,173,0.505027194392468,299,0.49177164464200984,settlement,-30.19470554822573,126,cross_below_mid
2026-04-17 03:55:00+00:00,1,DOWN,158,0.5052542726199809,299,0.5014541016066606,settlement,-11.506261454509637,141,cross_above_mid
2026-04-17 04:00:00+00:00,1,DOWN,140,0.5046313323742547,299,0.4893495141014298,settlement,-34.22256775956263,159,cross_above_mid
2026-04-17 04:05:00+00:00,1,UP,188,0.5050164718197357,299,0.49700375665820307,settlement,-19.83451268905148,111,cross_below_mid
2026-04-17 04:35:00+00:00,1,DOWN,151,0.5047696504147238,299,0.49747220476339893,settlement,-18.428067840525927,148,cross_above_mid
2026-04-17 04:45:00+00:00,1,UP,142,0.5050606217648893,289,0.49300957371896403,stop,-27.812875982701506,147,cross_below_mid
2026-04-17 04:55:00+00:00,1,UP,140,0.504914898685749,299,0.4958192089146767,settlement,-21.978273992623617,159,cross_below_mid
