window_start,pattern,side,entry_idx,entry_price,exit_price,exit_type,pnl,outcome
2026-03-26 03:05:00+00:00,trend_up,UP,150,0.5054135790530045,1.0,settlement,972.6204719508262,1
2026-03-26 03:15:00+00:00,trend_down,DOWN,150,0.5057294742933564,1.0,settlement,971.387059147544,1
2026-03-26 03:25:00+00:00,chop_up_first,DOWN,150,0.5062522432952595,1.0,settlement,969.3492892473769,1
2026-03-26 04:00:00+00:00,chop_up_first,DOWN,150,0.505447923381631,1.0,settlement,972.4862998407746,1
2026-03-26 04:10:00+00:00,trend_down,DOWN,150,0.505845179977184,1.0,settlement,970.9356718295003,1
2026-03-26 04:20:00+00:00,trend_up,UP,150,0.505610750688298,1.0,settlement,971.8504346305983,1
2026-03-26 04:30:00+00:00,trend_down,DOWN,150,0.5057957865877418,1.0,settlement,971.1283384798897,1
2026-03-26 04:45:00+00:00,trend_down,DOWN,150,0.5051255055304965,1.0,settlement,973.7465997522206,1
2026-03-26 05:05:00+00:00,chop_up_first,DOWN,150,0.5069004994643729,1.0,settlement,966.8282040648171,1
2026-03-26 05:20:00+00:00,chop_up_first,DOWN,150,0.5052022682937075,1.0,settlement,973.4463956994678,1
2026-03-26 05:25:00+00:00,trend_down,DOWN,150,0.5049516306834231,0.0,settlement,-1002.0,0
2026-03-26 05:40:00+00:00,trend_up,UP,150,0.5050164033290884,0.0,settlement,-1002.0,0
2026-03-26 05:45:00+00:00,chop_down_first,UP,150,0.5068687981680171,1.0,settlement,966.9513412683622,1
2026-03-26 05:50:00+00:00,chop_up_first,DOWN,150,0.5066929536879037,1.0,settlement,967.6346529711477,1
2026-03-26 06:00:00+00:00,chop_up_first,DOWN,150,0.5048558384177937,1.0,settlement,974.801938406236,1
2026-03-26 06:05:00+00:00,chop_down_first,UP,150,0.5064443673454772,1.0,settlement,968.6014408473068,1
2026-03-26 06:20:00+00:00,chop_up_first,DOWN,150,0.5063294414429366,1.0,settlement,969.0487250275269,1
2026-03-26 06:25:00+00:00,chop_down_first,UP,150,0.506536349538047,1.0,settlement,968.2435983323998,1
2026-03-26 06:35:00+00:00,chop_up_first,DOWN,150,0.5051885311859302,1.0,settlement,973.5001121209041,1
2026-03-26 06:55:00+00:00,chop_up_first,DOWN,150,0.5054525346209083,1.0,settlement,972.4682866186525,1
2026-03-26 07:00:00+00:00,chop_up_first,DOWN,150,0.5050841303950859,0.0,settlement,-1002.0,0
2026-03-26 07:05:00+00:00,chop_up_first,DOWN,150,0.5056205650759463,0.0,settlement,-1002.0,0
2026-03-26 07:15:00+00:00,trend_down,DOWN,150,0.5050320784052781,1.0,settlement,974.1120979707849,1
2026-03-26 07:30:00+00:00,trend_down,DOWN,150,0.5067835829693125,0.0,settlement,-1002.0,0
2026-03-26 07:40:00+00:00,chop_up_first,DOWN,150,0.505604249002796,1.0,settlement,971.8758168436219,1
2026-03-26 07:55:00+00:00,trend_down,DOWN,150,0.5055195963149349,1.0,settlement,972.2063557477868,1
2026-03-26 08:05:00+00:00,chop_down_first,UP,150,0.5055088412807001,0.0,settlement,-1002.0,0
2026-03-26 08:20:00+00:00,trend_down,DOWN,150,0.5060386978889148,1.0,settlement,970.1811872559206,1
2026-03-26 08:45:00+00:00,chop_down_first,UP,150,0.5059218520296238,1.0,settlement,970.6366750048246,1
2026-03-26 08:50:00+00:00,trend_down,DOWN,150,0.5053534221808491,1.0,settlement,972.8555292118891,1
2026-03-26 09:05:00+00:00,trend_up,UP,150,0.5052982610113278,1.0,settlement,973.0711154290451,1
2026-03-26 09:15:00+00:00,chop_up_first,DOWN,150,0.5061441781704289,1.0,settlement,969.7701853402597,1
2026-03-26 09:20:00+00:00,trend_up,UP,150,0.5055239682695989,0.0,settlement,-1002.0,0
2026-03-26 09:30:00+00:00,chop_up_first,DOWN,150,0.5090545514459289,1.0,settlement,958.4971552955581,1
2026-03-26 09:35:00+00:00,trend_up,UP,150,0.5047805423176821,0.0,settlement,-1002.0,0
2026-03-26 09:40:00+00:00,chop_up_first,DOWN,150,0.5052702850212087,1.0,settlement,973.1804718896321,1
2026-03-26 09:45:00+00:00,chop_up_first,DOWN,150,0.505619470998952,1.0,settlement,971.8163920551798,1
2026-03-26 09:50:00+00:00,trend_up,UP,150,0.5057590797825452,1.0,settlement,971.2715434967522,1
2026-03-26 10:05:00+00:00,trend_up,UP,150,0.5050625599854928,0.0,settlement,-1002.0,0
2026-03-26 10:10:00+00:00,chop_down_first,UP,150,0.5056501151531625,1.0,settlement,971.6967719224264,1
2026-03-26 10:20:00+00:00,chop_down_first,UP,150,0.5055163643071198,1.0,settlement,972.2189777929292,1
2026-03-26 10:45:00+00:00,chop_up_first,DOWN,150,0.5058007312550128,1.0,settlement,971.1090493359369,1
2026-03-26 11:00:00+00:00,chop_down_first,UP,150,0.5060342247879495,1.0,settlement,970.1986203960923,1
2026-03-26 11:05:00+00:00,trend_down,DOWN,150,0.5059542752494718,1.0,settlement,970.5102619360503,1
2026-03-26 11:10:00+00:00,trend_down,DOWN,150,0.505726821799286,1.0,settlement,971.3974093944507,1
2026-03-26 11:15:00+00:00,chop_up_first,DOWN,150,0.5054763200642151,1.0,settlement,972.3753770170981,1
2026-03-26 11:25:00+00:00,chop_up_first,DOWN,150,0.5050837380645128,0.0,settlement,-1002.0,0
2026-03-26 11:30:00+00:00,chop_up_first,DOWN,150,0.5058803532235666,1.0,settlement,970.7984960090912,1
2026-03-26 11:55:00+00:00,trend_down,DOWN,150,0.5060292911973894,1.0,settlement,970.2178485725348,1
2026-03-26 12:00:00+00:00,trend_up,UP,150,0.5061921250608339,1.0,settlement,969.5834178180091,1
2026-03-26 12:05:00+00:00,trend_up,UP,150,0.5059700818535645,1.0,settlement,970.4486403305492,1
2026-03-26 12:30:00+00:00,chop_down_first,UP,150,0.5050777823714799,0.0,settlement,-1002.0,0
2026-03-26 13:10:00+00:00,trend_up,UP,150,0.5053401488375155,1.0,settlement,972.9074010758875,1
2026-03-26 13:15:00+00:00,trend_up,UP,150,0.5053343138473231,0.0,settlement,-1002.0,0
2026-03-26 13:25:00+00:00,chop_up_first,DOWN,150,0.505475161955648,1.0,settlement,972.3799005648624,1
2026-03-26 13:35:00+00:00,chop_down_first,UP,150,0.5065912297227344,1.0,settlement,968.0301573444561,1
2026-03-26 13:45:00+00:00,chop_up_first,DOWN,150,0.5056621052498872,1.0,settlement,971.6499722612398,1
2026-03-26 13:50:00+00:00,chop_down_first,UP,150,0.5078070496065534,1.0,settlement,963.3134015631446,1
2026-03-26 13:55:00+00:00,chop_up_first,DOWN,150,0.506728174148375,1.0,settlement,967.4977522757116,1
2026-03-26 14:00:00+00:00,trend_down,DOWN,150,0.5053900529378622,0.0,settlement,-1002.0,0
2026-03-26 14:05:00+00:00,chop_down_first,UP,150,0.5050134853700263,0.0,settlement,-1002.0,0
2026-03-26 14:10:00+00:00,chop_up_first,DOWN,150,0.5051666639682113,1.0,settlement,973.5856258614905,1
2026-03-26 14:25:00+00:00,chop_down_first,UP,150,0.5066238414839908,1.0,settlement,967.9033450077708,1
2026-03-26 14:35:00+00:00,chop_up_first,DOWN,150,0.505624715387629,1.0,settlement,971.7959194397755,1
2026-03-26 14:45:00+00:00,chop_up_first,DOWN,150,0.5054701059239248,1.0,settlement,972.3996495614774,1
2026-03-26 14:55:00+00:00,chop_down_first,UP,150,0.504967220089757,1.0,settlement,974.36591108351,1
2026-03-26 15:00:00+00:00,chop_up_first,DOWN,150,0.505367873936654,1.0,settlement,972.7990552424696,1
2026-03-26 15:05:00+00:00,chop_up_first,DOWN,150,0.5062398896411577,1.0,settlement,969.39739562487,1
2026-03-26 15:10:00+00:00,chop_up_first,DOWN,150,0.5064485836041334,1.0,settlement,968.5850353016069,1
2026-03-26 15:15:00+00:00,chop_up_first,DOWN,150,0.5068535845774454,1.0,settlement,967.0104408199348,1
2026-03-26 15:35:00+00:00,chop_up_first,DOWN,150,0.5060277133455361,1.0,settlement,970.2239981716682,1
2026-03-26 15:40:00+00:00,chop_up_first,DOWN,150,0.5060023697178634,1.0,settlement,970.3227789554908,1
2026-03-26 15:45:00+00:00,chop_down_first,UP,150,0.5063412101691767,1.0,settlement,969.0029125746103,1
2026-03-26 16:15:00+00:00,chop_up_first,DOWN,150,0.5060148618414863,0.0,settlement,-1002.0,0
2026-03-26 16:20:00+00:00,chop_up_first,DOWN,150,0.5060987406584444,0.0,settlement,-1002.0,0
2026-03-26 16:25:00+00:00,chop_up_first,DOWN,150,0.5052040854785407,1.0,settlement,973.4392901527547,1
2026-03-26 16:35:00+00:00,chop_up_first,DOWN,150,0.5058728811619154,1.0,settlement,970.8276354876765,1
2026-03-26 16:40:00+00:00,trend_up,UP,150,0.5053624204578119,1.0,settlement,972.8203657404991,1
2026-03-26 16:45:00+00:00,chop_up_first,DOWN,150,0.5049553851392753,1.0,settlement,974.4122323890746,1
2026-03-26 17:00:00+00:00,chop_down_first,UP,150,0.5053566738739086,1.0,settlement,972.8428220995665,1
2026-03-26 17:05:00+00:00,chop_up_first,DOWN,150,0.5058317021758868,1.0,settlement,970.9882403712558,1
2026-03-26 17:15:00+00:00,chop_down_first,UP,150,0.5056350507508158,1.0,settlement,971.7555743378017,1
2026-03-26 17:25:00+00:00,trend_up,UP,150,0.5051440558468164,1.0,settlement,973.6740447573252,1
2026-03-26 17:30:00+00:00,trend_down,DOWN,150,0.5048314504540132,0.0,settlement,-1002.0,0
2026-03-26 17:35:00+00:00,chop_up_first,DOWN,150,0.5059950280143056,1.0,settlement,970.3513962508429,1
2026-03-26 17:50:00+00:00,chop_up_first,DOWN,150,0.5042895418893474,0.0,settlement,-1002.0,0
2026-03-26 17:55:00+00:00,chop_up_first,DOWN,150,0.5072519726212145,1.0,settlement,965.4640097363346,1
2026-03-26 18:00:00+00:00,chop_up_first,DOWN,150,0.5051323220340443,1.0,settlement,973.7199380576125,1
2026-03-26 18:10:00+00:00,chop_down_first,UP,150,0.5055644298654357,1.0,settlement,972.031282749924,1
2026-03-26 18:15:00+00:00,trend_up,UP,150,0.5043975561711939,0.0,settlement,-1002.0,0
2026-03-26 18:20:00+00:00,chop_down_first,UP,150,0.5060188954242787,1.0,settlement,970.2583662873157,1
2026-03-26 18:25:00+00:00,chop_up_first,DOWN,150,0.505960796822419,1.0,settlement,970.4848372991154,1
2026-03-26 18:30:00+00:00,chop_down_first,UP,150,0.504843496693543,1.0,settlement,974.8502645599486,1
2026-03-26 18:45:00+00:00,trend_up,UP,150,0.50584202987465,1.0,settlement,970.9479581744306,1
2026-03-26 18:55:00+00:00,trend_down,DOWN,150,0.5050564424209271,0.0,settlement,-1002.0,0
2026-03-26 19:15:00+00:00,chop_up_first,DOWN,150,0.5049560667055523,0.0,settlement,-1002.0,0
2026-03-26 19:20:00+00:00,trend_up,UP,150,0.5057612284924382,1.0,settlement,971.2631601177023,1
2026-03-26 19:30:00+00:00,chop_up_first,DOWN,150,0.5056839888190243,1.0,settlement,971.5645621897814,1
2026-03-26 19:35:00+00:00,chop_down_first,UP,150,0.5066297610342965,1.0,settlement,967.8803283142304,1
2026-03-26 20:10:00+00:00,chop_down_first,UP,150,0.5130429218929666,1.0,settlement,943.2563468134296,1
2026-03-26 20:15:00+00:00,chop_down_first,UP,150,0.5052067162650502,0.0,settlement,-1002.0,0
2026-03-26 20:25:00+00:00,chop_up_first,DOWN,150,0.5055034198002325,1.0,settlement,972.2695319339183,1
2026-03-26 20:30:00+00:00,trend_up,UP,150,0.5053122340803005,0.0,settlement,-1002.0,0
2026-03-26 20:40:00+00:00,chop_up_first,DOWN,150,0.5051225059043071,1.0,settlement,973.7583325520366,1
2026-03-26 21:05:00+00:00,trend_up,UP,150,0.5051008153581145,0.0,settlement,-1002.0,0
2026-03-26 21:15:00+00:00,chop_up_first,DOWN,150,0.5049434047168263,0.0,settlement,-1002.0,0
2026-03-26 21:25:00+00:00,trend_down,DOWN,150,0.5052886001433314,0.0,settlement,-1002.0,0
2026-03-26 21:40:00+00:00,chop_down_first,UP,150,0.5052480699396046,1.0,settlement,973.2673179321537,1
2026-03-26 21:50:00+00:00,chop_up_first,DOWN,150,0.5057839000842933,1.0,settlement,971.1747092655077,1
2026-03-26 21:55:00+00:00,trend_down,DOWN,150,0.505613286127783,1.0,settlement,971.8405365949516,1
2026-03-26 22:05:00+00:00,trend_up,UP,150,0.5047109827774162,0.0,settlement,-1002.0,0
2026-03-26 22:20:00+00:00,trend_down,DOWN,150,0.5049264725438436,1.0,settlement,974.5254037326038,1
2026-03-26 22:25:00+00:00,chop_up_first,DOWN,150,0.5039526460825557,0.0,settlement,-1002.0,0
2026-03-26 22:30:00+00:00,trend_down,DOWN,150,0.5057045757299775,0.0,settlement,-1002.0,0
2026-03-26 22:50:00+00:00,trend_up,UP,150,0.5055315637177507,1.0,settlement,972.1596205399456,1
2026-03-26 22:55:00+00:00,trend_up,UP,150,0.5055137691082502,1.0,settlement,972.2291130081747,1
2026-03-26 23:05:00+00:00,trend_down,DOWN,150,0.5057119852564775,1.0,settlement,971.4553047894507,1
2026-03-26 23:30:00+00:00,trend_up,UP,150,0.5052918056842972,0.0,settlement,-1002.0,0
2026-03-26 23:35:00+00:00,trend_up,UP,150,0.505703014287819,0.0,settlement,-1002.0,0
2026-03-26 23:45:00+00:00,trend_up,UP,150,0.5051839678186061,1.0,settlement,973.5179569719578,1
2026-03-27 00:05:00+00:00,chop_down_first,UP,150,0.505876668559064,1.0,settlement,970.81286532288,1
2026-03-27 00:15:00+00:00,trend_down,DOWN,150,0.5048493766018334,1.0,settlement,974.8272404684113,1
2026-03-27 00:20:00+00:00,trend_up,UP,150,0.5032019236150834,0.0,settlement,-1002.0,0
2026-03-27 00:50:00+00:00,chop_down_first,UP,150,0.5062231365996415,1.0,settlement,969.4626374125842,1
2026-03-27 01:00:00+00:00,trend_down,DOWN,150,0.5052667441910582,1.0,settlement,973.1943136448,1
2026-03-27 01:15:00+00:00,trend_up,UP,150,0.5058874130414286,1.0,settlement,970.7709649859798,1
2026-03-27 01:30:00+00:00,trend_up,UP,150,0.505059637022385,0.0,settlement,-1002.0,0
2026-03-27 01:55:00+00:00,trend_up,UP,150,0.5052558050441533,1.0,settlement,973.2370780040551,1
2026-03-27 02:10:00+00:00,trend_down,DOWN,150,0.5056643804479825,1.0,settlement,971.641091974569,1
2026-03-27 02:15:00+00:00,chop_up_first,DOWN,150,0.5055954678864673,1.0,settlement,971.9100988620876,1
2026-03-27 02:25:00+00:00,chop_up_first,DOWN,150,0.5052588510345196,0.0,settlement,-1002.0,0
2026-03-27 02:30:00+00:00,trend_up,UP,150,0.5054768727759874,0.0,settlement,-1002.0,0
2026-03-27 02:40:00+00:00,chop_up_first,DOWN,150,0.5051317919555741,1.0,settlement,973.7220113513923,1
2026-03-27 03:05:00+00:00,trend_down,DOWN,150,0.5061784919752548,1.0,settlement,969.6365191763,1
2026-03-27 03:10:00+00:00,trend_down,DOWN,150,0.5043522974892647,0.0,settlement,-1002.0,0
2026-03-27 03:15:00+00:00,trend_up,UP,150,0.5055992581322372,1.0,settlement,971.8953013633135,1
2026-03-27 03:25:00+00:00,trend_up,UP,150,0.5055374323092444,1.0,settlement,972.1367032728632,1
2026-03-27 03:35:00+00:00,trend_up,UP,150,0.505219239157982,1.0,settlement,973.380038304372,1
2026-03-27 04:00:00+00:00,chop_up_first,DOWN,150,0.5062987075821695,1.0,settlement,969.1683736384613,1
2026-03-27 04:05:00+00:00,chop_up_first,DOWN,150,0.5068273089275853,1.0,settlement,967.112521011753,1
2026-03-27 04:15:00+00:00,chop_up_first,DOWN,150,0.5046276308394007,0.0,settlement,-1002.0,0
2026-03-27 04:20:00+00:00,chop_down_first,UP,150,0.5054664410396681,0.0,settlement,-1002.0,0
2026-03-27 04:25:00+00:00,trend_down,DOWN,150,0.5047153498706229,0.0,settlement,-1002.0,0
2026-03-27 05:10:00+00:00,trend_down,DOWN,150,0.5049998632334814,0.0,settlement,-1002.0,0
2026-03-27 05:25:00+00:00,chop_up_first,DOWN,150,0.5052791515717905,1.0,settlement,973.1458117665941,1
2026-03-27 05:35:00+00:00,trend_up,UP,150,0.5055900470152063,0.0,settlement,-1002.0,0
2026-03-27 06:05:00+00:00,chop_down_first,UP,150,0.5062157639507587,1.0,settlement,969.4913502714996,1
2026-03-27 06:10:00+00:00,trend_down,DOWN,150,0.505661677937337,0.0,settlement,-1002.0,0
2026-03-27 06:45:00+00:00,trend_up,UP,150,0.5047383190709351,1.0,settlement,975.262201603803,1
2026-03-27 07:00:00+00:00,trend_up,UP,150,0.5052138987604966,1.0,settlement,973.4009191918832,1
2026-03-27 07:05:00+00:00,trend_down,DOWN,150,0.5056932212101789,1.0,settlement,971.5285310166456,1
2026-03-27 07:10:00+00:00,chop_down_first,UP,150,0.5078192219438618,1.0,settlement,963.2662933470576,1
2026-03-27 07:20:00+00:00,trend_down,DOWN,150,0.5056434122346429,1.0,settlement,971.7229356740434,1
2026-03-27 07:45:00+00:00,trend_up,UP,150,0.5050324898456374,1.0,settlement,974.1104880698616,1
2026-03-27 07:50:00+00:00,chop_up_first,DOWN,150,0.505598701837891,1.0,settlement,971.8974731782173,1
2026-03-27 07:55:00+00:00,chop_up_first,DOWN,150,0.5054776378701262,1.0,settlement,972.3702297200709,1
2026-03-27 08:00:00+00:00,trend_up,UP,150,0.5054574213023353,1.0,settlement,972.4491977753637,1
2026-03-27 08:05:00+00:00,trend_up,UP,150,0.5050194828689287,0.0,settlement,-1002.0,0
2026-03-27 08:10:00+00:00,chop_down_first,UP,150,0.5054944765882551,1.0,settlement,972.3044607249186,1
2026-03-27 08:15:00+00:00,chop_up_first,DOWN,150,0.5065430150510629,1.0,settlement,968.2176722334133,1
2026-03-27 08:20:00+00:00,chop_down_first,UP,150,0.5055830142716136,1.0,settlement,971.9587205828202,1
2026-03-27 08:35:00+00:00,chop_up_first,DOWN,150,0.5073892902793825,1.0,settlement,964.9315437274479,1
2026-03-27 08:40:00+00:00,chop_down_first,UP,150,0.5061235100069117,1.0,settlement,969.8507049521788,1
2026-03-27 08:45:00+00:00,chop_up_first,DOWN,150,0.5057460168980845,0.0,settlement,-1002.0,0
2026-03-27 08:50:00+00:00,chop_down_first,UP,150,0.5061834798168818,1.0,settlement,969.6170910220914,1
2026-03-27 09:00:00+00:00,trend_down,DOWN,150,0.5057807933362686,1.0,settlement,971.1868294502027,1
2026-03-27 09:05:00+00:00,chop_up_first,DOWN,150,0.5054812882278963,1.0,settlement,972.3559717091874,1
2026-03-27 09:15:00+00:00,trend_down,DOWN,150,0.5052227692646786,0.0,settlement,-1002.0,0
2026-03-27 09:25:00+00:00,trend_up,UP,150,0.5052826474138162,1.0,settlement,973.132146548184,1
2026-03-27 09:30:00+00:00,chop_up_first,DOWN,150,0.505147458135401,1.0,settlement,973.6607381215282,1
2026-03-27 09:45:00+00:00,trend_up,UP,150,0.506186710901497,1.0,settlement,969.6045058207957,1
2026-03-27 09:50:00+00:00,trend_up,UP,150,0.5057501291667322,1.0,settlement,971.3064658713834,1
2026-03-27 09:55:00+00:00,chop_up_first,DOWN,150,0.5066537974881984,1.0,settlement,967.7868740897903,1
2026-03-27 10:00:00+00:00,chop_up_first,DOWN,150,0.503587279139651,0.0,settlement,-1002.0,0
2026-03-27 10:05:00+00:00,chop_down_first,UP,150,0.5057103059068696,1.0,settlement,971.4618581884097,1
2026-03-27 10:15:00+00:00,chop_down_first,UP,150,0.5057876414673155,1.0,settlement,971.1601134119285,1
2026-03-27 10:25:00+00:00,chop_down_first,UP,150,0.5055380718691415,1.0,settlement,972.1342057781403,1
2026-03-27 10:35:00+00:00,chop_up_first,DOWN,150,0.5078303243325893,1.0,settlement,963.2233279129423,1
2026-03-27 10:40:00+00:00,chop_up_first,DOWN,150,0.5032190979366616,1.0,settlement,981.2315667113545,1
2026-03-27 10:45:00+00:00,chop_down_first,UP,150,0.5054475833508418,0.0,settlement,-1002.0,0
2026-03-27 10:50:00+00:00,trend_up,UP,150,0.5048264939929884,0.0,settlement,-1002.0,0
2026-03-27 10:55:00+00:00,chop_down_first,UP,150,0.5057169681796877,1.0,settlement,971.4358599678186,1
2026-03-27 11:00:00+00:00,chop_down_first,UP,150,0.505533214429628,1.0,settlement,972.1531743389043,1
2026-03-27 11:05:00+00:00,chop_down_first,UP,150,0.505619889582241,0.0,settlement,-1002.0,0
2026-03-27 11:20:00+00:00,chop_up_first,DOWN,150,0.5053353885774575,1.0,settlement,972.9260047063322,1
2026-03-27 11:25:00+00:00,chop_down_first,UP,150,0.5056194760807242,1.0,settlement,971.8163722171676,1
2026-03-27 11:30:00+00:00,chop_up_first,DOWN,150,0.5060566984606457,1.0,settlement,970.1110362451037,1
2026-03-27 11:45:00+00:00,chop_down_first,UP,150,0.5061202087569959,1.0,settlement,969.8635666634109,1
2026-03-27 11:50:00+00:00,chop_up_first,DOWN,150,0.5063350451416785,1.0,settlement,969.026911085619,1
2026-03-27 11:55:00+00:00,chop_up_first,DOWN,150,0.5058527302307418,1.0,settlement,970.9062241984303,1
2026-03-27 12:00:00+00:00,chop_up_first,DOWN,150,0.5055418570069898,1.0,settlement,972.1194248653504,1
2026-03-27 12:05:00+00:00,trend_up,UP,150,0.5066930191422089,1.0,settlement,967.6343985349055,1
2026-03-27 12:10:00+00:00,chop_down_first,UP,150,0.5062935507341234,1.0,settlement,969.1884509547958,1
2026-03-27 12:25:00+00:00,chop_up_first,DOWN,150,0.5054946217378928,1.0,settlement,972.3038938156678,1
2026-03-27 12:30:00+00:00,chop_down_first,UP,150,0.5059257242724672,0.0,settlement,-1002.0,0
2026-03-27 12:35:00+00:00,chop_down_first,UP,150,0.5071416519769497,1.0,settlement,965.892000409701,1
2026-03-27 12:50:00+00:00,chop_down_first,UP,150,0.5056603371018858,1.0,settlement,971.6568735445672,1
2026-03-27 13:00:00+00:00,chop_down_first,UP,150,0.5052229616847391,1.0,settlement,973.3654835323091,1
2026-03-27 13:15:00+00:00,trend_down,DOWN,150,0.505270197761225,0.0,settlement,-1002.0,0
2026-03-27 13:20:00+00:00,trend_up,UP,150,0.504505122750764,1.0,settlement,976.17614726785,1
2026-03-27 13:25:00+00:00,trend_up,UP,150,0.50529642449515,1.0,settlement,973.0782938888165,1
2026-03-27 13:30:00+00:00,chop_up_first,DOWN,150,0.5074263713861212,1.0,settlement,964.78780662068,1
2026-03-27 13:35:00+00:00,chop_up_first,DOWN,150,0.5044392945684284,0.0,settlement,-1002.0,0
2026-03-27 13:45:00+00:00,chop_down_first,UP,150,0.5055317803869711,0.0,settlement,-1002.0,0
2026-03-27 13:50:00+00:00,trend_down,DOWN,150,0.505558061211746,1.0,settlement,972.0561501639306,1
2026-03-27 13:55:00+00:00,chop_up_first,DOWN,150,0.5057695851399974,0.0,settlement,-1002.0,0
2026-03-27 14:00:00+00:00,chop_up_first,DOWN,150,0.5053420090104088,0.0,settlement,-1002.0,0
2026-03-27 14:15:00+00:00,chop_up_first,DOWN,150,0.5061584836385243,1.0,settlement,969.7144575467134,1
2026-03-27 14:20:00+00:00,chop_up_first,DOWN,150,0.5077579786628825,1.0,settlement,963.5033341437762,1
2026-03-27 14:25:00+00:00,chop_up_first,DOWN,150,0.5068419047313638,1.0,settlement,967.0558154005827,1
2026-03-27 14:35:00+00:00,chop_down_first,UP,150,0.5047431883733966,0.0,settlement,-1002.0,0
2026-03-27 14:50:00+00:00,chop_up_first,DOWN,150,0.5051851212684954,1.0,settlement,973.5134464254813,1
2026-03-27 14:55:00+00:00,chop_down_first,UP,150,0.5059295761844856,1.0,settlement,970.6065582615444,1
2026-03-27 15:00:00+00:00,chop_up_first,DOWN,150,0.5052818178010245,1.0,settlement,973.1353894808134,1
2026-03-27 15:05:00+00:00,chop_up_first,DOWN,150,0.506011273097381,0.0,settlement,-1002.0,0
2026-03-27 15:10:00+00:00,trend_down,DOWN,150,0.504821585299359,0.0,settlement,-1002.0,0
2026-03-27 15:20:00+00:00,chop_up_first,DOWN,150,0.5063686689189776,0.0,settlement,-1002.0,0
2026-03-27 15:25:00+00:00,chop_down_first,UP,150,0.5056779584826018,1.0,settlement,971.5880974419354,1
2026-03-27 15:30:00+00:00,chop_down_first,UP,150,0.5056635006052488,1.0,settlement,971.644526064179,1
2026-03-27 15:35:00+00:00,chop_down_first,UP,150,0.5061906964269322,0.0,settlement,-1002.0,0
2026-03-27 15:45:00+00:00,chop_up_first,DOWN,150,0.5057300145800229,1.0,settlement,971.3849509184787,1
2026-03-27 15:50:00+00:00,chop_up_first,DOWN,150,0.506336755960315,1.0,settlement,969.0202513487287,1
2026-03-27 16:00:00+00:00,chop_up_first,DOWN,150,0.5043306324941467,1.0,settlement,976.8605642779054,1
2026-03-27 16:05:00+00:00,chop_up_first,DOWN,150,0.5058031925328533,1.0,settlement,971.0994480331935,1
2026-03-27 16:10:00+00:00,chop_down_first,UP,150,0.5060095435638803,1.0,settlement,970.2948167557818,1
2026-03-27 16:15:00+00:00,chop_up_first,DOWN,150,0.505239244302812,0.0,settlement,-1002.0,0
2026-03-27 16:25:00+00:00,chop_down_first,UP,150,0.5062183939910775,1.0,settlement,969.4811074557487,1
2026-03-27 16:30:00+00:00,trend_up,UP,150,0.5052576929812843,1.0,settlement,973.2296973674536,1
2026-03-27 16:35:00+00:00,chop_up_first,DOWN,150,0.5070773690361278,1.0,settlement,966.1414729610925,1
2026-03-27 16:40:00+00:00,trend_up,UP,150,0.5057206889699778,1.0,settlement,971.4213406073375,1
2026-03-27 16:45:00+00:00,chop_down_first,UP,150,0.5047940526871784,0.0,settlement,-1002.0,0
2026-03-27 16:50:00+00:00,chop_up_first,DOWN,150,0.5060353596743792,0.0,settlement,-1002.0,0
2026-03-27 16:55:00+00:00,chop_down_first,UP,150,0.505721923079823,1.0,settlement,971.416524880366,1
2026-03-27 17:00:00+00:00,trend_down,DOWN,150,0.504874619466655,0.0,settlement,-1002.0,0
2026-03-27 17:05:00+00:00,chop_down_first,UP,150,0.5072373483024756,1.0,settlement,965.5207343069562,1
2026-03-27 17:10:00+00:00,trend_up,UP,150,0.5052986171615915,1.0,settlement,973.0697233371716,1
2026-03-27 17:20:00+00:00,chop_up_first,DOWN,150,0.5050625342919669,1.0,settlement,973.9929360016149,1
2026-03-27 17:25:00+00:00,trend_down,DOWN,150,0.5050965599187681,1.0,settlement,973.8598240314739,1
2026-03-27 17:35:00+00:00,chop_up_first,DOWN,150,0.5052893294397793,1.0,settlement,973.1060270884708,1
2026-03-27 17:40:00+00:00,chop_up_first,DOWN,150,0.5066521889708592,1.0,settlement,967.7931277612646,1
2026-03-27 17:55:00+00:00,chop_up_first,DOWN,150,0.50555158896294,1.0,settlement,972.0814227233286,1
2026-03-27 18:05:00+00:00,chop_down_first,UP,150,0.5050891421225092,0.0,settlement,-1002.0,0
2026-03-27 18:10:00+00:00,chop_down_first,UP,150,0.5051439694213785,0.0,settlement,-1002.0,0
2026-03-27 18:15:00+00:00,chop_down_first,UP,150,0.5060497040054794,1.0,settlement,970.1382941253412,1
2026-03-27 18:20:00+00:00,trend_down,DOWN,150,0.5056323369905297,1.0,settlement,971.7661676070614,1
2026-03-27 18:30:00+00:00,chop_up_first,DOWN,150,0.5058462943442436,0.0,settlement,-1002.0,0
2026-03-27 18:50:00+00:00,chop_up_first,DOWN,150,0.5058493945726646,1.0,settlement,970.9192338820493,1
2026-03-27 19:00:00+00:00,trend_down,DOWN,150,0.5052105035990665,1.0,settlement,973.4141944602359,1
2026-03-27 19:15:00+00:00,chop_down_first,UP,150,0.5070438372583879,1.0,settlement,966.2716299171238,1
2026-03-27 19:20:00+00:00,chop_up_first,DOWN,150,0.5053815548608313,1.0,settlement,972.7455964727934,1
2026-03-27 19:25:00+00:00,trend_down,DOWN,150,0.5051943435080818,0.0,settlement,-1002.0,0
2026-03-27 19:30:00+00:00,chop_down_first,UP,150,0.5052632670657307,1.0,settlement,973.2079065549175,1
2026-03-27 19:45:00+00:00,trend_down,DOWN,150,0.504523189843691,0.0,settlement,-1002.0,0
2026-03-27 19:50:00+00:00,chop_up_first,DOWN,150,0.5057856445690213,0.0,settlement,-1002.0,0
2026-03-27 20:00:00+00:00,chop_down_first,UP,150,0.5064780304575698,1.0,settlement,968.4704646287861,1
2026-03-27 20:10:00+00:00,chop_up_first,DOWN,150,0.5053244976748489,1.0,settlement,972.968568894048,1
2026-03-27 20:15:00+00:00,trend_up,UP,150,0.504237251063165,0.0,settlement,-1002.0,0
2026-03-27 20:40:00+00:00,trend_down,DOWN,150,0.5047397703030633,1.0,settlement,975.2565165625173,1
2026-03-27 20:45:00+00:00,trend_up,UP,150,0.5060138770352218,1.0,settlement,970.2779261457542,1
2026-03-27 21:35:00+00:00,trend_down,DOWN,150,0.5060418485707879,1.0,settlement,970.1689082012637,1
2026-03-27 21:40:00+00:00,chop_down_first,UP,150,0.5055902648437521,1.0,settlement,971.930412422839,1
2026-03-27 22:05:00+00:00,trend_down,DOWN,150,0.5052821218284258,0.0,settlement,-1002.0,0
2026-03-27 22:10:00+00:00,trend_down,DOWN,150,0.5052629747030725,1.0,settlement,973.2090494786282,1
2026-03-27 22:30:00+00:00,trend_up,UP,150,0.5055685285989103,0.0,settlement,-1002.0,0
2026-03-27 22:35:00+00:00,trend_down,DOWN,150,0.5054936940606957,1.0,settlement,972.3075170393088,1
2026-03-27 22:40:00+00:00,trend_up,UP,150,0.5051043654591297,1.0,settlement,973.8292904335485,1
2026-03-27 23:05:00+00:00,trend_up,UP,150,0.5045605371683052,0.0,settlement,-1002.0,0
2026-03-28 00:30:00+00:00,chop_down_first,UP,150,0.5057533558967816,1.0,settlement,971.2938760838995,1
2026-03-28 00:35:00+00:00,chop_down_first,UP,150,0.505595037796064,1.0,settlement,971.911777992077,1
2026-03-28 00:40:00+00:00,trend_down,DOWN,150,0.5052438517151078,0.0,settlement,-1002.0,0
2026-03-28 00:55:00+00:00,trend_down,DOWN,150,0.5056235725819033,1.0,settlement,971.8003805950707,1
2026-03-28 01:00:00+00:00,trend_down,DOWN,150,0.5050313037822455,1.0,settlement,974.1151289550718,1
2026-03-28 01:10:00+00:00,chop_up_first,DOWN,150,0.5055991850782109,1.0,settlement,971.8955865714456,1
2026-03-28 01:30:00+00:00,chop_down_first,UP,150,0.505780948198682,0.0,settlement,-1002.0,0
2026-03-28 01:35:00+00:00,chop_up_first,DOWN,150,0.5060318304415609,1.0,settlement,970.2079520751693,1
2026-03-28 01:40:00+00:00,chop_down_first,UP,150,0.5058744706345668,1.0,settlement,970.8214368044963,1
2026-03-28 01:45:00+00:00,trend_up,UP,150,0.5055580613567131,1.0,settlement,972.0561495978764,1
2026-03-28 01:50:00+00:00,trend_down,DOWN,150,0.5055475887822231,0.0,settlement,-1002.0,0
2026-03-28 02:05:00+00:00,chop_up_first,DOWN,150,0.5057236963883471,1.0,settlement,971.4096051406539,1
2026-03-28 02:10:00+00:00,trend_down,DOWN,150,0.5050404633270903,1.0,settlement,974.0792896185104,1
2026-03-28 02:15:00+00:00,chop_up_first,DOWN,150,0.5075903728347296,1.0,settlement,964.1523413584259,1
2026-03-28 02:35:00+00:00,chop_up_first,DOWN,150,0.5056812740082477,1.0,settlement,971.5751575086455,1
2026-03-28 02:45:00+00:00,trend_down,DOWN,150,0.5051961514803817,0.0,settlement,-1002.0,0
2026-03-28 03:00:00+00:00,trend_up,UP,150,0.5055998710459848,1.0,settlement,971.8929085075478,1
2026-03-28 03:40:00+00:00,trend_up,UP,150,0.5053835654033964,1.0,settlement,972.7377404395768,1
2026-03-28 04:00:00+00:00,chop_up_first,DOWN,150,0.5054097601523081,0.0,settlement,-1002.0,0
2026-03-28 04:10:00+00:00,trend_down,DOWN,150,0.5051376458279274,1.0,settlement,973.6991153654061,1
2026-03-28 04:35:00+00:00,trend_up,UP,150,0.5053576994442406,1.0,settlement,972.8388143636383,1
2026-03-28 05:00:00+00:00,trend_down,DOWN,150,0.505396131961641,1.0,settlement,972.6886390411612,1
2026-03-28 05:20:00+00:00,chop_down_first,UP,150,0.5059789761579557,1.0,settlement,970.413967825505,1
2026-03-28 05:30:00+00:00,trend_up,UP,150,0.5055435162082125,1.0,settlement,972.112945776492,1
2026-03-28 06:15:00+00:00,trend_up,UP,150,0.5062112683319286,1.0,settlement,969.5088589169843,1
2026-03-28 07:25:00+00:00,trend_down,DOWN,150,0.5052277728833418,1.0,settlement,973.3466724610178,1
2026-03-28 08:05:00+00:00,trend_down,DOWN,150,0.5051742324006703,1.0,settlement,973.5560279813589,1
2026-03-28 08:10:00+00:00,trend_down,DOWN,150,0.5052182804039186,1.0,settlement,973.383786988281,1
2026-03-28 09:15:00+00:00,chop_down_first,UP,150,0.5056342292469742,1.0,settlement,971.7587810981296,1
2026-03-28 10:05:00+00:00,chop_up_first,DOWN,150,0.5054016313373239,1.0,settlement,972.6671520612834,1
2026-03-28 10:25:00+00:00,chop_up_first,DOWN,150,0.5061715631065006,1.0,settlement,969.6635084654424,1
2026-03-28 12:30:00+00:00,trend_down,DOWN,150,0.5057197484370165,1.0,settlement,971.4250107582919,1
2026-03-28 12:35:00+00:00,trend_down,DOWN,150,0.5052151414763492,1.0,settlement,973.3960601490005,1
2026-03-28 12:45:00+00:00,trend_up,UP,150,0.5053050686079469,1.0,settlement,973.0445067756136,1
2026-03-28 13:00:00+00:00,trend_up,UP,150,0.5052392161212889,1.0,settlement,973.3019325412339,1
2026-03-28 13:25:00+00:00,trend_up,UP,150,0.505356303711421,1.0,settlement,972.8442686289286,1
2026-03-28 13:30:00+00:00,chop_down_first,UP,150,0.5072951646081142,1.0,settlement,965.2964964508494,1
2026-03-28 13:35:00+00:00,chop_down_first,UP,150,0.5052809176747091,1.0,settlement,973.138908060832,1
2026-03-28 13:40:00+00:00,chop_down_first,UP,150,0.5047106348146222,0.0,settlement,-1002.0,0
2026-03-28 13:45:00+00:00,chop_down_first,UP,150,0.5055977846349662,0.0,settlement,-1002.0,0
2026-03-28 13:50:00+00:00,chop_up_first,DOWN,150,0.5053837359022161,0.0,settlement,-1002.0,0
2026-03-28 14:00:00+00:00,chop_up_first,DOWN,150,0.5053417521115277,0.0,settlement,-1002.0,0
2026-03-28 14:05:00+00:00,trend_up,UP,150,0.504690262930722,0.0,settlement,-1002.0,0
2026-03-28 14:20:00+00:00,trend_down,DOWN,150,0.5055351143441784,1.0,settlement,972.1457550276946,1
2026-03-28 14:35:00+00:00,trend_down,DOWN,150,0.5050238079160235,0.0,settlement,-1002.0,0
2026-03-28 14:50:00+00:00,chop_up_first,DOWN,150,0.5056849958114734,1.0,settlement,971.5606321451321,1
2026-03-28 15:05:00+00:00,trend_up,UP,150,0.5055562113469562,1.0,settlement,972.063373370536,1
2026-03-28 15:10:00+00:00,trend_up,UP,150,0.5060797660441996,1.0,settlement,970.0211456010624,1
2026-03-28 15:15:00+00:00,chop_down_first,UP,150,0.5070577732920379,1.0,settlement,966.2175337152474,1
2026-03-28 15:20:00+00:00,chop_down_first,UP,150,0.5055320166186521,1.0,settlement,972.1578519107741,1
2026-03-28 15:30:00+00:00,trend_down,DOWN,150,0.5054286266979398,0.0,settlement,-1002.0,0
2026-03-28 15:55:00+00:00,trend_down,DOWN,150,0.5053763571500586,0.0,settlement,-1002.0,0
2026-03-28 16:00:00+00:00,trend_down,DOWN,150,0.505590106347888,1.0,settlement,971.9310312241216,1
2026-03-28 17:05:00+00:00,chop_up_first,DOWN,150,0.5062482098515936,1.0,settlement,969.3649956264798,1
2026-03-28 17:35:00+00:00,chop_down_first,UP,150,0.5060436371886141,1.0,settlement,970.1619375445728,1
2026-03-28 17:45:00+00:00,trend_down,DOWN,150,0.5047790235054403,0.0,settlement,-1002.0,0
2026-03-28 17:55:00+00:00,chop_down_first,UP,150,0.5055268108866582,1.0,settlement,972.1781810732823,1
2026-03-28 18:40:00+00:00,trend_up,UP,150,0.5055131798944277,1.0,settlement,972.2314141214364,1
2026-03-28 19:10:00+00:00,chop_up_first,DOWN,150,0.5058105755453352,1.0,settlement,971.070647888323,1
2026-03-28 19:40:00+00:00,trend_up,UP,150,0.5051816448005071,0.0,settlement,-1002.0,0
2026-03-28 19:55:00+00:00,trend_up,UP,150,0.5054721859800199,1.0,settlement,972.3915247582952,1
2026-03-28 20:00:00+00:00,trend_up,UP,150,0.5052090950135316,1.0,settlement,973.4197021596957,1
2026-03-28 20:35:00+00:00,trend_up,UP,150,0.5053961725515334,0.0,settlement,-1002.0,0
2026-03-28 21:05:00+00:00,trend_down,DOWN,150,0.5054300816062868,1.0,settlement,972.5559995722789,1
2026-03-28 21:55:00+00:00,trend_up,UP,150,0.5048879051676303,0.0,settlement,-1002.0,0
2026-03-28 22:00:00+00:00,chop_up_first,DOWN,150,0.505570732690856,0.0,settlement,-1002.0,0
2026-03-28 22:10:00+00:00,trend_up,UP,150,0.5053298219704211,0.0,settlement,-1002.0,0
2026-03-28 22:45:00+00:00,trend_up,UP,150,0.5052302989573765,1.0,settlement,973.3367960305086,1
2026-03-28 23:10:00+00:00,chop_up_first,DOWN,150,0.506169813441911,1.0,settlement,969.6703238655939,1
2026-03-28 23:20:00+00:00,trend_up,UP,150,0.5059122685991371,1.0,settlement,970.6740424055063,1
2026-03-28 23:30:00+00:00,trend_up,UP,150,0.5053215595140403,1.0,settlement,972.980052226073,1
2026-03-29 00:00:00+00:00,chop_down_first,UP,150,0.5061572174432412,1.0,settlement,969.7193899579481,1
2026-03-29 00:05:00+00:00,trend_down,DOWN,150,0.5055479290337127,1.0,settlement,972.0957141443415,1
2026-03-29 00:10:00+00:00,chop_down_first,UP,150,0.5056056003921424,1.0,settlement,971.8705410421911,1
2026-03-29 00:20:00+00:00,chop_up_first,DOWN,150,0.5069588448543677,1.0,settlement,966.6016135820491,1
2026-03-29 00:30:00+00:00,chop_down_first,UP,150,0.5054960488961923,1.0,settlement,972.298319797446,1
2026-03-29 00:35:00+00:00,trend_down,DOWN,150,0.5057916926407884,1.0,settlement,971.1443092498089,1
2026-03-29 00:50:00+00:00,trend_up,UP,150,0.505124335540767,0.0,settlement,-1002.0,0
2026-03-29 01:10:00+00:00,trend_down,DOWN,150,0.5050186570909857,0.0,settlement,-1002.0,0
2026-03-29 01:25:00+00:00,trend_up,UP,150,0.5053255504985567,1.0,settlement,972.9644541333174,1
2026-03-29 01:40:00+00:00,trend_up,UP,150,0.5057537112069009,1.0,settlement,971.2924897741857,1
2026-03-29 01:50:00+00:00,trend_up,UP,150,0.5055677365132807,0.0,settlement,-1002.0,0
2026-03-29 02:30:00+00:00,chop_up_first,DOWN,150,0.5053960570053208,1.0,settlement,972.6889319112618,1
2026-03-29 02:50:00+00:00,chop_down_first,UP,150,0.5054903357876761,1.0,settlement,972.3206335386706,1
2026-03-29 03:15:00+00:00,chop_down_first,UP,150,0.506936713831438,1.0,settlement,966.6875556064891,1
2026-03-29 03:20:00+00:00,trend_down,DOWN,150,0.5059861201654371,1.0,settlement,970.3861193538158,1
2026-03-29 03:35:00+00:00,trend_up,UP,150,0.5055985619775402,1.0,settlement,971.898019204282,1
2026-03-29 03:40:00+00:00,chop_up_first,DOWN,150,0.5053418012674534,1.0,settlement,972.9009432762241,1
2026-03-29 03:45:00+00:00,chop_up_first,DOWN,150,0.5053941236143206,1.0,settlement,972.6964861063557,1
2026-03-29 04:00:00+00:00,chop_up_first,DOWN,150,0.5062167679510953,1.0,settlement,969.4874401323962,1
2026-03-29 04:20:00+00:00,chop_down_first,UP,150,0.5058850076398754,1.0,settlement,970.7803451934806,1
2026-03-29 04:30:00+00:00,trend_down,DOWN,150,0.505598947025575,0.0,settlement,-1002.0,0
2026-03-29 04:45:00+00:00,trend_down,DOWN,150,0.5050009853991816,1.0,settlement,974.2337675660649,1
2026-03-29 05:25:00+00:00,chop_up_first,DOWN,150,0.5054660892039631,1.0,settlement,972.415339259865,1
2026-03-29 05:30:00+00:00,trend_up,UP,150,0.5050330159693652,0.0,settlement,-1002.0,0
2026-03-29 05:50:00+00:00,trend_down,DOWN,150,0.5052128794178564,0.0,settlement,-1002.0,0
2026-03-29 06:30:00+00:00,trend_up,UP,150,0.5051372872382592,0.0,settlement,-1002.0,0
2026-03-29 07:00:00+00:00,chop_up_first,DOWN,150,0.5057833471707617,1.0,settlement,971.1768663056774,1
2026-03-29 07:45:00+00:00,trend_down,DOWN,150,0.5050527759157626,0.0,settlement,-1002.0,0
2026-03-29 08:45:00+00:00,trend_down,DOWN,150,0.5052901343004274,1.0,settlement,973.1028810046489,1
2026-03-29 09:35:00+00:00,chop_up_first,DOWN,150,0.5054389438777217,0.0,settlement,-1002.0,0
2026-03-29 09:45:00+00:00,chop_down_first,UP,150,0.5055250467418916,1.0,settlement,972.1850704175966,1
2026-03-29 10:10:00+00:00,trend_down,DOWN,150,0.5054141467521008,0.0,settlement,-1002.0,0
2026-03-29 10:25:00+00:00,trend_up,UP,150,0.5051093503740943,1.0,settlement,973.8097910103244,1
2026-03-29 10:30:00+00:00,trend_up,UP,150,0.505375428838694,0.0,settlement,-1002.0,0
2026-03-29 10:45:00+00:00,trend_up,UP,150,0.5049700449781391,1.0,settlement,974.354854956208,1
2026-03-29 11:00:00+00:00,trend_up,UP,150,0.5055090054380489,1.0,settlement,972.2477171799995,1
2026-03-29 11:05:00+00:00,chop_down_first,UP,150,0.506577417606674,1.0,settlement,968.0838713163587,1
2026-03-29 11:10:00+00:00,trend_down,DOWN,150,0.50500014076185,1.0,settlement,974.2370729132944,1
2026-03-29 11:20:00+00:00,trend_down,DOWN,150,0.5056554225862381,1.0,settlement,971.6760557132046,1
2026-03-29 11:40:00+00:00,trend_up,UP,150,0.5055263450563054,1.0,settlement,972.1800002309333,1
2026-03-29 12:00:00+00:00,trend_down,DOWN,150,0.5051201504816966,1.0,settlement,973.7675456983443,1
2026-03-29 12:15:00+00:00,trend_up,UP,150,0.5055574571672051,1.0,settlement,972.058508783755,1
2026-03-29 12:45:00+00:00,trend_up,UP,150,0.5056936574879589,1.0,settlement,971.5268283916798,1
2026-03-29 12:50:00+00:00,chop_down_first,UP,150,0.5055902099448136,1.0,settlement,971.93062675983,1
2026-03-29 13:15:00+00:00,trend_up,UP,150,0.5050901865785519,1.0,settlement,973.8847558698124,1
2026-03-29 13:20:00+00:00,chop_down_first,UP,150,0.5057866657225827,1.0,settlement,971.1639199586764,1
2026-03-29 13:30:00+00:00,trend_up,UP,150,0.505579580104656,1.0,settlement,971.9721287663795,1
2026-03-29 13:55:00+00:00,trend_up,UP,150,0.5053038633098579,1.0,settlement,973.0492178367048,1
2026-03-29 14:05:00+00:00,chop_up_first,DOWN,150,0.5048102752072899,0.0,settlement,-1002.0,0
2026-03-29 14:10:00+00:00,chop_down_first,UP,150,0.5066990102147935,1.0,settlement,967.6111101084259,1
2026-03-29 14:25:00+00:00,trend_down,DOWN,150,0.5050011299453845,1.0,settlement,974.2332019097323,1
2026-03-29 14:35:00+00:00,trend_up,UP,150,0.5052702372447133,0.0,settlement,-1002.0,0
2026-03-29 14:40:00+00:00,chop_up_first,DOWN,150,0.5055788516434726,0.0,settlement,-1002.0,0
2026-03-29 14:50:00+00:00,trend_down,DOWN,150,0.5052658374429874,1.0,settlement,973.1978583206928,1
2026-03-29 15:00:00+00:00,chop_up_first,DOWN,150,0.505427325373547,1.0,settlement,972.5667673634516,1
2026-03-29 15:05:00+00:00,trend_up,UP,150,0.5051754928242123,0.0,settlement,-1002.0,0
2026-03-29 15:15:00+00:00,chop_down_first,UP,150,0.5050601267730065,0.0,settlement,-1002.0,0
2026-03-29 15:50:00+00:00,trend_up,UP,150,0.5055621219596631,1.0,settlement,972.0402942600725,1
2026-03-29 16:10:00+00:00,chop_up_first,DOWN,150,0.5057955323378645,1.0,settlement,971.1293303186982,1
2026-03-29 16:20:00+00:00,trend_up,UP,150,0.5048155120248046,0.0,settlement,-1002.0,0
2026-03-29 16:40:00+00:00,trend_up,UP,150,0.5051196750931195,0.0,settlement,-1002.0,0
2026-03-29 16:50:00+00:00,chop_up_first,DOWN,150,0.505700097600771,1.0,settlement,971.5016954413943,1
2026-03-29 17:00:00+00:00,trend_down,DOWN,150,0.5052536611038799,1.0,settlement,973.2454595174356,1
2026-03-29 17:15:00+00:00,chop_up_first,DOWN,150,0.5047813409129772,1.0,settlement,975.0936821772343,1
2026-03-29 17:20:00+00:00,trend_down,DOWN,150,0.5063194699074284,1.0,settlement,969.0875431720348,1
2026-03-29 17:25:00+00:00,chop_down_first,UP,150,0.505503338138766,1.0,settlement,972.2698508670154,1
2026-03-29 17:30:00+00:00,trend_down,DOWN,150,0.5052747102174541,0.0,settlement,-1002.0,0
2026-03-29 18:00:00+00:00,chop_up_first,DOWN,150,0.5055338218504991,1.0,settlement,972.150802308015,1
2026-03-29 18:45:00+00:00,chop_down_first,UP,150,0.5054930370180732,1.0,settlement,972.3100832550496,1
2026-03-29 19:35:00+00:00,trend_down,DOWN,150,0.5056299151786975,1.0,settlement,971.7756213401481,1
2026-03-29 19:40:00+00:00,chop_up_first,DOWN,150,0.5051611936284593,0.0,settlement,-1002.0,0
2026-03-29 20:05:00+00:00,trend_up,UP,150,0.5058161201328769,1.0,settlement,971.0490197462022,1
2026-03-29 20:25:00+00:00,trend_up,UP,150,0.5048532862756294,0.0,settlement,-1002.0,0
2026-03-29 20:45:00+00:00,trend_up,UP,150,0.5053538817284449,1.0,settlement,972.8537333612126,1
2026-03-29 21:00:00+00:00,trend_down,DOWN,150,0.5054618778517598,1.0,settlement,972.4317894784742,1
2026-03-29 21:25:00+00:00,trend_up,UP,150,0.5053015275400137,1.0,settlement,973.0583475546107,1
2026-03-29 21:40:00+00:00,chop_up_first,DOWN,150,0.5050670278076528,0.0,settlement,-1002.0,0
2026-03-29 21:55:00+00:00,trend_up,UP,150,0.5056211531191153,1.0,settlement,971.8098254858596,1
2026-03-29 22:00:00+00:00,chop_up_first,DOWN,150,0.5071441137937517,1.0,settlement,965.8824477215019,1
2026-03-29 22:05:00+00:00,trend_down,DOWN,150,0.5043584525580924,0.0,settlement,-1002.0,0
2026-03-29 22:10:00+00:00,chop_up_first,DOWN,150,0.5069410809216867,1.0,settlement,966.6705961677096,1
2026-03-29 22:15:00+00:00,chop_down_first,UP,150,0.5049184355814534,1.0,settlement,974.5568647750487,1
2026-03-29 22:20:00+00:00,trend_up,UP,150,0.5053676255243064,1.0,settlement,972.8000259506132,1
2026-03-29 22:25:00+00:00,trend_up,UP,150,0.5051381553866134,1.0,settlement,973.697122376687,1
2026-03-29 22:30:00+00:00,chop_up_first,DOWN,150,0.5053236294606605,1.0,settlement,972.9719621565698,1
2026-03-29 22:35:00+00:00,chop_up_first,DOWN,150,0.506639674930812,1.0,settlement,967.8417818073358,1
2026-03-29 22:40:00+00:00,chop_up_first,DOWN,150,0.512103985876465,1.0,settlement,946.8229490968029,1
2026-03-29 22:45:00+00:00,chop_down_first,UP,150,0.5055843931099787,0.0,settlement,-1002.0,0
2026-03-29 22:50:00+00:00,chop_down_first,UP,150,0.5092537748967474,1.0,settlement,957.7301958190634,1
2026-03-29 22:55:00+00:00,chop_down_first,UP,150,0.5083856214421179,1.0,settlement,961.0767628105058,1
2026-03-29 23:05:00+00:00,chop_up_first,DOWN,150,0.5064079962663065,1.0,settlement,968.7429727771879,1
2026-03-29 23:10:00+00:00,chop_down_first,UP,150,0.5062932896946423,1.0,settlement,969.1894672787743,1
2026-03-29 23:15:00+00:00,chop_down_first,UP,150,0.5063324944170577,1.0,settlement,969.0368404243948,1
2026-03-29 23:25:00+00:00,chop_up_first,DOWN,150,0.506215754574146,1.0,settlement,969.4913867893492,1
2026-03-29 23:30:00+00:00,chop_down_first,UP,150,0.5040575077418159,0.0,settlement,-1002.0,0
2026-03-29 23:40:00+00:00,chop_up_first,DOWN,150,0.5045246645780023,0.0,settlement,-1002.0,0
2026-03-29 23:50:00+00:00,trend_down,DOWN,150,0.5050661695421277,0.0,settlement,-1002.0,0
2026-03-30 00:00:00+00:00,chop_up_first,DOWN,150,0.5071231714436918,1.0,settlement,965.9637141384546,1
2026-03-30 00:10:00+00:00,trend_down,DOWN,150,0.5059377582589407,1.0,settlement,970.5746570771263,1
2026-03-30 00:15:00+00:00,trend_down,DOWN,150,0.5025377103975021,0.0,settlement,-1002.0,0
2026-03-30 00:20:00+00:00,chop_up_first,DOWN,150,0.508082654900882,1.0,settlement,962.2473333294407,1
2026-03-30 00:25:00+00:00,chop_down_first,UP,150,0.507046588564937,0.0,settlement,-1002.0,0
2026-03-30 00:35:00+00:00,trend_up,UP,150,0.5031780279726401,0.0,settlement,-1002.0,0
2026-03-30 00:40:00+00:00,chop_up_first,DOWN,150,0.5060149355051379,0.0,settlement,-1002.0,0
2026-03-30 00:45:00+00:00,chop_down_first,UP,150,0.5046844891966572,0.0,settlement,-1002.0,0
2026-03-30 00:50:00+00:00,chop_up_first,DOWN,150,0.5062983276814694,1.0,settlement,969.1698527036767,1
2026-03-30 00:55:00+00:00,chop_down_first,UP,150,0.5070534092609519,1.0,settlement,966.2344734741454,1
2026-03-30 01:00:00+00:00,chop_down_first,UP,150,0.5067415754859441,1.0,settlement,967.4456667443546,1
2026-03-30 01:05:00+00:00,chop_down_first,UP,150,0.5046333729766376,0.0,settlement,-1002.0,0
2026-03-30 01:10:00+00:00,chop_down_first,UP,150,0.5061033485781821,1.0,settlement,969.9292567490896,1
2026-03-30 01:15:00+00:00,chop_down_first,UP,150,0.5063171412917962,1.0,settlement,969.0966084492911,1
2026-03-30 01:30:00+00:00,chop_down_first,UP,150,0.5052352198161443,1.0,settlement,973.3175567672686,1
2026-03-30 01:35:00+00:00,trend_down,DOWN,150,0.5055164084809854,1.0,settlement,972.2188052784817,1
2026-03-30 01:40:00+00:00,chop_up_first,DOWN,150,0.5054969588046611,0.0,settlement,-1002.0,0
2026-03-30 01:45:00+00:00,trend_up,UP,150,0.5064309000629189,1.0,settlement,968.6538441394644,1
2026-03-30 01:50:00+00:00,chop_up_first,DOWN,150,0.5059709409277279,1.0,settlement,970.4452913641788,1
2026-03-30 02:00:00+00:00,trend_up,UP,150,0.5054149319344665,0.0,settlement,-1002.0,0
2026-03-30 02:10:00+00:00,chop_up_first,DOWN,150,0.5055941564202537,0.0,settlement,-1002.0,0
2026-03-30 02:20:00+00:00,chop_down_first,UP,150,0.5055088278724224,1.0,settlement,972.2484106565792,1
2026-03-30 02:25:00+00:00,chop_up_first,DOWN,150,0.5059948849477902,1.0,settlement,970.3519539194077,1
2026-03-30 02:30:00+00:00,chop_down_first,UP,150,0.5051849234087846,0.0,settlement,-1002.0,0
2026-03-30 02:40:00+00:00,trend_up,UP,150,0.5069617644308247,1.0,settlement,966.5902764688238,1
2026-03-30 02:50:00+00:00,chop_up_first,DOWN,150,0.5052616003588142,1.0,settlement,973.2144221750972,1
2026-03-30 02:55:00+00:00,chop_up_first,DOWN,150,0.5053009142649695,1.0,settlement,973.0607446490175,1
2026-03-30 03:00:00+00:00,trend_down,DOWN,150,0.5063431094252911,1.0,settlement,968.99551948628,1
2026-03-30 03:05:00+00:00,chop_down_first,UP,150,0.5058020755193985,1.0,settlement,971.1038054266047,1
2026-03-30 03:10:00+00:00,chop_up_first,DOWN,150,0.5054605955544524,1.0,settlement,972.4367983923033,1
2026-03-30 03:15:00+00:00,chop_down_first,UP,150,0.5058308538637574,1.0,settlement,970.9915492043226,1
2026-03-30 03:20:00+00:00,chop_up_first,DOWN,150,0.5055346513707278,0.0,settlement,-1002.0,0
2026-03-30 03:25:00+00:00,chop_up_first,DOWN,150,0.5051371066407156,0.0,settlement,-1002.0,0
2026-03-30 03:30:00+00:00,chop_up_first,DOWN,150,0.5056764831995343,1.0,settlement,971.5938552756475,1
2026-03-30 03:40:00+00:00,trend_up,UP,150,0.5055214611358614,1.0,settlement,972.1990730869933,1
2026-03-30 03:45:00+00:00,trend_down,DOWN,150,0.5055958356303198,0.0,settlement,-1002.0,0
2026-03-30 03:55:00+00:00,trend_down,DOWN,150,0.5051085184687182,0.0,settlement,-1002.0,0
2026-03-30 04:00:00+00:00,trend_up,UP,150,0.505710247833462,1.0,settlement,971.4620848115707,1
2026-03-30 04:05:00+00:00,chop_down_first,UP,150,0.5061474575650582,1.0,settlement,969.7574099870313,1
2026-03-30 04:10:00+00:00,chop_up_first,DOWN,150,0.5058376981563403,1.0,settlement,970.9648534252703,1
2026-03-30 04:15:00+00:00,chop_up_first,DOWN,150,0.504877812078443,1.0,settlement,974.7159025893984,1
2026-03-30 04:20:00+00:00,chop_down_first,UP,150,0.5050489608157487,0.0,settlement,-1002.0,0
2026-03-30 04:25:00+00:00,trend_up,UP,150,0.5054295062393787,1.0,settlement,972.5582473519718,1
2026-03-30 04:30:00+00:00,chop_down_first,UP,150,0.5050036225003904,0.0,settlement,-1002.0,0
2026-03-30 04:45:00+00:00,chop_down_first,UP,150,0.5059048653844602,1.0,settlement,970.7029097488006,1
2026-03-30 04:55:00+00:00,chop_up_first,DOWN,150,0.5053797450714033,0.0,settlement,-1002.0,0
2026-03-30 05:00:00+00:00,trend_up,UP,150,0.504866599794149,0.0,settlement,-1002.0,0
2026-03-30 05:05:00+00:00,trend_up,UP,150,0.50522556986305,1.0,settlement,973.3552858983858,1
2026-03-30 05:10:00+00:00,chop_up_first,DOWN,150,0.5058794809932258,1.0,settlement,970.8018974807246,1
2026-03-30 05:15:00+00:00,chop_up_first,DOWN,150,0.5051458276519579,0.0,settlement,-1002.0,0
2026-03-30 05:20:00+00:00,trend_up,UP,150,0.5049328594113249,1.0,settlement,974.5004027733835,1
2026-03-30 05:30:00+00:00,chop_down_first,UP,150,0.5052330177224655,0.0,settlement,-1002.0,0
2026-03-30 05:45:00+00:00,chop_up_first,DOWN,150,0.5054457455927498,0.0,settlement,-1002.0,0
2026-03-30 05:50:00+00:00,chop_up_first,DOWN,150,0.5054883664491151,1.0,settlement,972.3283253195572,1
2026-03-30 05:55:00+00:00,chop_up_first,DOWN,150,0.5049930375588366,1.0,settlement,974.2648705502662,1
2026-03-30 06:00:00+00:00,chop_down_first,UP,150,0.5060007707787083,1.0,settlement,970.3290114047277,1
2026-03-30 06:05:00+00:00,chop_up_first,DOWN,150,0.5054434879315249,1.0,settlement,972.503626674886,1
2026-03-30 06:10:00+00:00,trend_down,DOWN,150,0.505103714148457,1.0,settlement,973.8318381849672,1
2026-03-30 06:20:00+00:00,chop_up_first,DOWN,150,0.5050580821862555,1.0,settlement,974.0103544525741,1
2026-03-30 06:45:00+00:00,chop_down_first,UP,150,0.5055276240542718,1.0,settlement,972.1750055044629,1
2026-03-30 07:05:00+00:00,trend_up,UP,150,0.5058404839566414,1.0,settlement,970.9539877744237,1
2026-03-30 07:20:00+00:00,chop_down_first,UP,150,0.5050721462753505,0.0,settlement,-1002.0,0
2026-03-30 07:30:00+00:00,chop_down_first,UP,150,0.506164895291055,1.0,settlement,969.689481598936,1
2026-03-30 07:35:00+00:00,chop_down_first,UP,150,0.5056001463657726,0.0,settlement,-1002.0,0
2026-03-30 07:40:00+00:00,trend_up,UP,150,0.5055319694957101,1.0,settlement,972.158035931037,1
2026-03-30 07:45:00+00:00,chop_down_first,UP,150,0.5059217291475547,1.0,settlement,970.6371541336349,1
2026-03-30 07:50:00+00:00,chop_down_first,UP,150,0.505785364740279,1.0,settlement,971.1689953355478,1
2026-03-30 07:55:00+00:00,chop_down_first,UP,150,0.5062669528413264,1.0,settlement,969.292011850499,1
2026-03-30 08:00:00+00:00,chop_down_first,UP,150,0.5056451086247847,1.0,settlement,971.7163140256313,1
2026-03-30 08:05:00+00:00,chop_down_first,UP,150,0.5048135243521642,1.0,settlement,974.9676362786644,1
2026-03-30 08:10:00+00:00,chop_up_first,DOWN,150,0.5049588082593554,0.0,settlement,-1002.0,0
2026-03-30 08:15:00+00:00,chop_up_first,DOWN,150,0.5062149931034973,1.0,settlement,969.4943523925924,1
2026-03-30 08:20:00+00:00,chop_up_first,DOWN,150,0.5064579930834113,1.0,settlement,968.5484238169265,1
2026-03-30 08:25:00+00:00,chop_up_first,DOWN,150,0.5053730209948847,1.0,settlement,972.7789425627087,1
2026-03-30 08:30:00+00:00,chop_down_first,UP,150,0.5053440642225724,0.0,settlement,-1002.0,0
2026-03-30 08:40:00+00:00,chop_up_first,DOWN,150,0.5059236911947483,1.0,settlement,970.6295039538555,1
2026-03-30 08:45:00+00:00,chop_down_first,UP,150,0.5051250229823644,0.0,settlement,-1002.0,0
2026-03-30 08:50:00+00:00,chop_down_first,UP,150,0.5058124680646963,1.0,settlement,971.0632655586304,1
2026-03-30 08:55:00+00:00,chop_up_first,DOWN,150,0.5065087421022701,1.0,settlement,968.3509871474082,1
2026-03-30 09:00:00+00:00,chop_up_first,DOWN,150,0.5056134453750075,1.0,settlement,971.8399149172055,1
2026-03-30 09:05:00+00:00,chop_down_first,UP,150,0.5054316981508862,0.0,settlement,-1002.0,0
2026-03-30 09:10:00+00:00,chop_down_first,UP,150,0.504985262086998,0.0,settlement,-1002.0,0
2026-03-30 09:30:00+00:00,trend_down,DOWN,150,0.505502056352472,1.0,settlement,972.2748569634371,1
2026-03-30 09:35:00+00:00,chop_down_first,UP,150,0.5054229324045845,1.0,settlement,972.583929644716,1
2026-03-30 09:40:00+00:00,chop_up_first,DOWN,150,0.5051935544529554,0.0,settlement,-1002.0,0
2026-03-30 09:45:00+00:00,chop_down_first,UP,150,0.5052722135454073,1.0,settlement,973.1729330160616,1
2026-03-30 09:55:00+00:00,chop_up_first,DOWN,150,0.5056549953416704,1.0,settlement,971.6777233371397,1
2026-03-30 10:00:00+00:00,chop_up_first,DOWN,150,0.5054279349962262,1.0,settlement,972.5643857367156,1
2026-03-30 10:15:00+00:00,chop_down_first,UP,150,0.5051115365459912,1.0,settlement,973.8012395132268,1
2026-03-30 10:50:00+00:00,chop_down_first,UP,150,0.5051270830937044,1.0,settlement,973.7404292948287,1
2026-03-30 11:00:00+00:00,chop_down_first,UP,150,0.5058800120328166,1.0,settlement,970.7998265629427,1
2026-03-30 11:15:00+00:00,chop_up_first,DOWN,150,0.505094334119582,1.0,settlement,973.8685310528974,1
2026-03-30 11:20:00+00:00,chop_down_first,UP,150,0.5053955106406786,1.0,settlement,972.6910666754001,1
2026-03-30 11:25:00+00:00,chop_down_first,UP,150,0.5077466416475122,1.0,settlement,963.5472200894075,1
2026-03-30 11:30:00+00:00,chop_up_first,DOWN,150,0.5059475923660132,1.0,settlement,970.5363161290147,1
2026-03-30 11:35:00+00:00,chop_down_first,UP,150,0.5056362210631037,0.0,settlement,-1002.0,0
2026-03-30 11:40:00+00:00,chop_down_first,UP,150,0.5056467539513892,1.0,settlement,971.7098917398439,1
2026-03-30 11:45:00+00:00,chop_down_first,UP,150,0.5055832386939795,1.0,settlement,971.9578443661017,1
2026-03-30 11:50:00+00:00,chop_down_first,UP,150,0.5053049466433744,0.0,settlement,-1002.0,0
2026-03-30 11:55:00+00:00,chop_up_first,DOWN,150,0.505293564509116,0.0,settlement,-1002.0,0
2026-03-30 12:00:00+00:00,chop_up_first,DOWN,150,0.5045253802094019,0.0,settlement,-1002.0,0
2026-03-30 12:05:00+00:00,chop_down_first,UP,150,0.5054817643964875,1.0,settlement,972.3541118472341,1
2026-03-30 12:15:00+00:00,chop_up_first,DOWN,150,0.5056611538636254,0.0,settlement,-1002.0,0
2026-03-30 12:20:00+00:00,chop_down_first,UP,150,0.5053404733967446,0.0,settlement,-1002.0,0
2026-03-30 12:25:00+00:00,chop_down_first,UP,150,0.5050444574882257,0.0,settlement,-1002.0,0
2026-03-30 12:30:00+00:00,chop_down_first,UP,150,0.5062014160680964,1.0,settlement,969.5472306496762,1
2026-03-30 12:45:00+00:00,chop_down_first,UP,150,0.5058468024981687,0.0,settlement,-1002.0,0
2026-03-30 12:50:00+00:00,chop_up_first,DOWN,150,0.5045559159054438,0.0,settlement,-1002.0,0
2026-03-30 12:55:00+00:00,chop_down_first,UP,150,0.5055828775004867,1.0,settlement,971.9592545814397,1
2026-03-30 13:00:00+00:00,chop_up_first,DOWN,150,0.5057504789884475,0.0,settlement,-1002.0,0
2026-03-30 13:05:00+00:00,chop_up_first,DOWN,150,0.5056447637314004,1.0,settlement,971.7176602705604,1
2026-03-30 13:10:00+00:00,chop_down_first,UP,150,0.505487452041244,1.0,settlement,972.3318968055623,1
2026-03-30 13:15:00+00:00,chop_down_first,UP,150,0.5055690153265897,1.0,settlement,972.0133784806958,1
2026-03-30 13:20:00+00:00,chop_down_first,UP,150,0.5071995312562958,1.0,settlement,965.6674336193247,1
2026-03-30 13:25:00+00:00,chop_up_first,DOWN,150,0.50576425606068,1.0,settlement,971.2513479170484,1
2026-03-30 13:30:00+00:00,chop_down_first,UP,150,0.5067564189093893,1.0,settlement,967.3879796290212,1
2026-03-30 13:35:00+00:00,chop_down_first,UP,150,0.505078227640359,0.0,settlement,-1002.0,0
2026-03-30 13:40:00+00:00,chop_up_first,DOWN,150,0.5072482895896079,1.0,settlement,965.4782951115274,1
2026-03-30 13:45:00+00:00,chop_down_first,UP,150,0.5057111364310358,0.0,settlement,-1002.0,0
2026-03-30 13:50:00+00:00,chop_down_first,UP,150,0.5063458099816176,1.0,settlement,968.9850073336866,1
2026-03-30 13:55:00+00:00,chop_up_first,DOWN,150,0.5065828647829483,1.0,settlement,968.0626874294403,1
2026-03-30 14:00:00+00:00,chop_up_first,DOWN,150,0.5044555699348959,0.0,settlement,-1002.0,0
2026-03-30 14:05:00+00:00,chop_up_first,DOWN,150,0.5057438737965914,0.0,settlement,-1001.9999999999999,0
2026-03-30 14:10:00+00:00,chop_up_first,DOWN,150,0.5042665961829076,0.0,settlement,-1002.0,0
2026-03-30 14:15:00+00:00,chop_up_first,DOWN,150,0.5064352075244564,1.0,settlement,968.6370828331585,1
2026-03-30 14:20:00+00:00,chop_up_first,DOWN,150,0.505179930284081,0.0,settlement,-1002.0,0
2026-03-30 14:25:00+00:00,chop_up_first,DOWN,150,0.5058147223816063,1.0,settlement,971.0544720030313,1
2026-03-30 14:30:00+00:00,chop_down_first,UP,150,0.5055165780768659,1.0,settlement,972.2181429473317,1
2026-03-30 14:35:00+00:00,chop_up_first,DOWN,150,0.5075322410144799,1.0,settlement,964.3775408733632,1
2026-03-30 14:40:00+00:00,chop_up_first,DOWN,150,0.5069048649324605,1.0,settlement,966.8112485031538,1
2026-03-30 14:45:00+00:00,chop_down_first,UP,150,0.5059872308255025,1.0,settlement,970.3817898957528,1
2026-03-30 14:50:00+00:00,chop_down_first,UP,150,0.506088013272702,1.0,settlement,969.9890094734068,1
2026-03-30 14:55:00+00:00,chop_down_first,UP,150,0.5077967308934555,1.0,settlement,963.3533378287889,1
2026-03-30 15:00:00+00:00,chop_up_first,DOWN,150,0.5054570965495214,1.0,settlement,972.4504663458067,1
2026-03-30 15:05:00+00:00,chop_up_first,DOWN,150,0.5072615751754749,1.0,settlement,965.4267652833079,1
2026-03-30 15:10:00+00:00,chop_down_first,UP,150,0.5059544204901787,0.0,settlement,-1002.0,0
2026-03-30 15:15:00+00:00,chop_up_first,DOWN,150,0.5063504454203928,1.0,settlement,968.9669637427095,1
2026-03-30 15:20:00+00:00,chop_down_first,UP,150,0.5048976719704814,0.0,settlement,-1002.0,0
2026-03-30 15:25:00+00:00,chop_down_first,UP,150,0.506215796690033,1.0,settlement,969.4912227662014,1
2026-03-30 15:30:00+00:00,chop_down_first,UP,150,0.5067395401209444,1.0,settlement,967.4535772002432,1
2026-03-30 15:35:00+00:00,chop_down_first,UP,150,0.5060861709485527,1.0,settlement,969.9961881777125,1
2026-03-30 15:40:00+00:00,chop_up_first,DOWN,150,0.5053099357996037,1.0,settlement,973.0254829657413,1
2026-03-30 15:45:00+00:00,chop_up_first,DOWN,150,0.5054022957678977,1.0,settlement,972.6645560516489,1
2026-03-30 15:50:00+00:00,chop_down_first,UP,150,0.5055821056180468,1.0,settlement,971.9622682650107,1
2026-03-30 15:55:00+00:00,chop_up_first,DOWN,150,0.5066953733820491,1.0,settlement,967.6252470959638,1
2026-03-30 16:00:00+00:00,chop_up_first,DOWN,150,0.5063014736789583,1.0,settlement,969.1576044766242,1
2026-03-30 16:05:00+00:00,chop_up_first,DOWN,150,0.5048640378523843,0.0,settlement,-1002.0,0
2026-03-30 16:10:00+00:00,chop_down_first,UP,150,0.5052477633069432,1.0,settlement,973.2685167132639,1
2026-03-30 16:15:00+00:00,chop_up_first,DOWN,150,0.5047250899442974,1.0,settlement,975.3140267509615,1
2026-03-30 16:20:00+00:00,chop_up_first,DOWN,150,0.5059422597218745,1.0,settlement,970.5571067113835,1
2026-03-30 16:25:00+00:00,chop_up_first,DOWN,150,0.5043583098028399,0.0,settlement,-1002.0,0
2026-03-30 16:30:00+00:00,chop_down_first,UP,150,0.5058329863380655,1.0,settlement,970.9832315305005,1
2026-03-30 16:35:00+00:00,chop_down_first,UP,150,0.5062662734192039,1.0,settlement,969.2946573741551,1
2026-03-30 16:40:00+00:00,chop_up_first,DOWN,150,0.5058034617297854,1.0,settlement,971.0983979171735,1
2026-03-30 16:45:00+00:00,chop_down_first,UP,150,0.505541375767414,0.0,settlement,-1002.0,0
2026-03-30 16:50:00+00:00,chop_up_first,DOWN,150,0.5046981896308883,1.0,settlement,975.4194171964211,1
2026-03-30 16:55:00+00:00,chop_down_first,UP,150,0.5052213136209692,1.0,settlement,973.3719272990267,1
2026-03-30 17:00:00+00:00,chop_down_first,UP,150,0.5049986042107903,0.0,settlement,-1002.0,0
2026-03-30 17:05:00+00:00,chop_down_first,UP,150,0.5058452972184639,1.0,settlement,970.9352145562891,1
2026-03-30 17:10:00+00:00,chop_up_first,DOWN,150,0.5058011318446897,1.0,settlement,971.1074866523708,1
2026-03-30 17:15:00+00:00,chop_up_first,DOWN,150,0.5059339874608642,1.0,settlement,970.58935895703,1
2026-03-30 17:20:00+00:00,chop_up_first,DOWN,150,0.5068986840167625,1.0,settlement,966.8352553840864,1
2026-03-30 17:25:00+00:00,chop_up_first,DOWN,150,0.5075116024852008,1.0,settlement,964.4575058244153,1
2026-03-30 17:30:00+00:00,chop_down_first,UP,150,0.5053884029064801,1.0,settlement,972.7188385418401,1
2026-03-30 17:35:00+00:00,chop_down_first,UP,150,0.5058012936243839,1.0,settlement,971.1068555572552,1
2026-03-30 17:40:00+00:00,chop_down_first,UP,150,0.5045135727006655,1.0,settlement,976.1430153755771,1
2026-03-30 17:45:00+00:00,chop_up_first,DOWN,150,0.5051896045183145,1.0,settlement,973.4959149477506,1
2026-03-30 17:50:00+00:00,chop_down_first,UP,150,0.5049686497587904,0.0,settlement,-1002.0,0
2026-03-30 17:55:00+00:00,chop_down_first,UP,150,0.5051204856217559,1.0,settlement,973.7662348054556,1
2026-03-30 18:05:00+00:00,chop_up_first,DOWN,150,0.5059064739186675,1.0,settlement,970.6966375220658,1
2026-03-30 18:10:00+00:00,chop_down_first,UP,150,0.505662101114194,1.0,settlement,971.6499884032659,1
2026-03-30 18:15:00+00:00,chop_up_first,DOWN,150,0.5056962243073194,1.0,settlement,971.5168111389733,1
2026-03-30 18:20:00+00:00,chop_up_first,DOWN,150,0.504753630099067,1.0,settlement,975.202223992177,1
2026-03-30 18:25:00+00:00,chop_up_first,DOWN,150,0.5058942668609587,0.0,settlement,-1002.0,0
2026-03-30 18:30:00+00:00,chop_up_first,DOWN,150,0.5062059805997705,0.0,settlement,-1002.0,0
2026-03-30 18:35:00+00:00,chop_up_first,DOWN,150,0.504465646463677,1.0,settlement,976.3309468068189,1
2026-03-30 18:40:00+00:00,chop_down_first,UP,150,0.5052719036089731,1.0,settlement,973.1741445974923,1
2026-03-30 18:45:00+00:00,chop_down_first,UP,150,0.5047201440766668,0.0,settlement,-1002.0,0
2026-03-30 18:50:00+00:00,chop_up_first,DOWN,150,0.5057215752918788,1.0,settlement,971.4178820114629,1
2026-03-30 19:05:00+00:00,chop_up_first,DOWN,150,0.5071734595975117,1.0,settlement,965.7685831431396,1
2026-03-30 19:10:00+00:00,chop_up_first,DOWN,150,0.5060994625129714,1.0,settlement,969.9443981318614,1
2026-03-30 19:15:00+00:00,chop_down_first,UP,150,0.5050634163969909,0.0,settlement,-1002.0,0
2026-03-30 19:20:00+00:00,chop_up_first,DOWN,150,0.5050110477455384,1.0,settlement,974.194391103431,1
2026-03-30 19:25:00+00:00,chop_down_first,UP,150,0.5061874405853307,1.0,settlement,969.601663695885,1
2026-03-30 19:30:00+00:00,chop_up_first,DOWN,150,0.5050665093028396,0.0,settlement,-1002.0,0
2026-03-30 19:35:00+00:00,chop_down_first,UP,150,0.5054044032118702,0.0,settlement,-1002.0,0
2026-03-30 19:40:00+00:00,chop_up_first,DOWN,150,0.5052426997082599,0.0,settlement,-1002.0,0
2026-03-30 19:45:00+00:00,chop_up_first,DOWN,150,0.5047969026942641,0.0,settlement,-1002.0,0
2026-03-30 19:50:00+00:00,chop_down_first,UP,150,0.5053849425531242,1.0,settlement,972.7323593739519,1
2026-03-30 19:55:00+00:00,chop_down_first,UP,150,0.5052603538686283,1.0,settlement,973.2192950794787,1
2026-03-30 20:00:00+00:00,chop_down_first,UP,150,0.505562325265029,1.0,settlement,972.039500425239,1
2026-03-30 20:05:00+00:00,chop_down_first,UP,150,0.5059691488993502,1.0,settlement,970.4522773196334,1
2026-03-30 20:10:00+00:00,trend_up,UP,150,0.5055576362383626,0.0,settlement,-1002.0,0
2026-03-30 20:15:00+00:00,chop_up_first,DOWN,150,0.5050676334495895,0.0,settlement,-1002.0,0
2026-03-30 20:20:00+00:00,chop_down_first,UP,150,0.5056847913998614,1.0,settlement,971.561429912273,1
2026-03-30 20:35:00+00:00,chop_up_first,DOWN,150,0.5052290605633704,0.0,settlement,-1002.0,0
2026-03-30 20:40:00+00:00,chop_up_first,DOWN,150,0.505011284862603,0.0,settlement,-1002.0,0
2026-03-30 20:45:00+00:00,chop_up_first,DOWN,150,0.5050376615424358,1.0,settlement,974.0902522635791,1
2026-03-30 21:00:00+00:00,chop_down_first,UP,150,0.5048184128960557,0.0,settlement,-1002.0,0
2026-03-30 21:10:00+00:00,chop_down_first,UP,150,0.5056216277208381,1.0,settlement,971.8079727693374,1
2026-03-30 21:15:00+00:00,chop_down_first,UP,150,0.5058452347286075,1.0,settlement,970.9354582838757,1
2026-03-30 21:20:00+00:00,chop_down_first,UP,150,0.5059617696925048,1.0,settlement,970.4810445787799,1
2026-03-30 21:25:00+00:00,chop_up_first,DOWN,150,0.5063936801994514,1.0,settlement,968.7986869167116,1
2026-03-30 21:30:00+00:00,chop_up_first,DOWN,150,0.5052932770863704,0.0,settlement,-1002.0,0
2026-03-30 21:40:00+00:00,chop_up_first,DOWN,150,0.5044386850074453,0.0,settlement,-1002.0,0
2026-03-30 21:45:00+00:00,chop_up_first,DOWN,150,0.5057134156185714,1.0,settlement,971.4497230596116,1
2026-03-30 21:50:00+00:00,trend_up,UP,150,0.5052442714499246,0.0,settlement,-1002.0,0
2026-03-30 21:55:00+00:00,chop_up_first,DOWN,150,0.5053848543141484,1.0,settlement,972.7327041574556,1
2026-03-30 22:00:00+00:00,chop_down_first,UP,150,0.5057695666175915,1.0,settlement,971.2306288697281,1
2026-03-30 22:05:00+00:00,chop_up_first,DOWN,150,0.5067187096458055,1.0,settlement,967.5345385955817,1
2026-03-30 22:10:00+00:00,chop_down_first,UP,150,0.5045383185994532,1.0,settlement,976.0459941483653,1
2026-03-30 22:15:00+00:00,chop_down_first,UP,150,0.5053969037882982,1.0,settlement,972.685623357211,1
2026-03-30 22:25:00+00:00,chop_up_first,DOWN,150,0.5052013008040935,1.0,settlement,973.4501787931924,1
2026-03-30 22:30:00+00:00,chop_up_first,DOWN,150,0.5055384202139562,1.0,settlement,972.1328454870394,1
2026-03-30 22:40:00+00:00,chop_down_first,UP,150,0.5057709208785885,1.0,settlement,971.2253453131447,1
2026-03-30 22:50:00+00:00,chop_down_first,UP,150,0.50533668813695,1.0,settlement,972.9209258472335,1
2026-03-30 23:00:00+00:00,chop_up_first,DOWN,150,0.5078058890407072,1.0,settlement,963.3178931920528,1
2026-03-30 23:05:00+00:00,chop_up_first,DOWN,150,0.5041782997432003,1.0,settlement,977.4584584626597,1
2026-03-30 23:10:00+00:00,chop_down_first,UP,150,0.504959677984894,1.0,settlement,974.3954301908742,1
2026-03-30 23:15:00+00:00,chop_down_first,UP,150,0.5053890430733706,1.0,settlement,972.7163372022567,1
2026-03-30 23:20:00+00:00,chop_down_first,UP,150,0.5053168135483438,1.0,settlement,972.9986013566934,1
2026-03-30 23:25:00+00:00,chop_down_first,UP,150,0.5056788927239676,1.0,settlement,971.5844512394416,1
2026-03-30 23:35:00+00:00,trend_up,UP,150,0.5048501045117285,0.0,settlement,-1002.0,0
2026-03-31 00:10:00+00:00,chop_up_first,DOWN,150,0.5070201071235805,1.0,settlement,966.363751216574,1
2026-03-31 00:15:00+00:00,chop_up_first,DOWN,150,0.5057327511636963,1.0,settlement,971.374272683728,1
2026-03-31 00:20:00+00:00,chop_down_first,UP,150,0.5055008388392445,1.0,settlement,972.2796120608939,1
2026-03-31 00:25:00+00:00,chop_down_first,UP,150,0.5061161742936643,1.0,settlement,969.8792852111649,1
2026-03-31 00:30:00+00:00,chop_down_first,UP,150,0.5046154381908986,0.0,settlement,-1002.0,0
2026-03-31 00:35:00+00:00,chop_down_first,UP,150,0.50535142400945,1.0,settlement,972.8633378370328,1
2026-03-31 00:45:00+00:00,trend_down,DOWN,150,0.5046916304692841,0.0,settlement,-1002.0,0
2026-03-31 00:50:00+00:00,chop_up_first,DOWN,150,0.5062186502355092,1.0,settlement,969.4801095054446,1
2026-03-31 00:55:00+00:00,chop_down_first,UP,150,0.5054836055336418,1.0,settlement,972.3469206017195,1
2026-03-31 01:00:00+00:00,chop_down_first,UP,150,0.5050373408172828,0.0,settlement,-1002.0,0
2026-03-31 01:10:00+00:00,trend_down,DOWN,150,0.5049804140768753,0.0,settlement,-1002.0,0
2026-03-31 01:15:00+00:00,trend_down,DOWN,150,0.5052938940709985,0.0,settlement,-1002.0,0
2026-03-31 01:20:00+00:00,chop_down_first,UP,150,0.5059623804750608,1.0,settlement,970.4786634590356,1
2026-03-31 01:25:00+00:00,chop_up_first,DOWN,150,0.5063755348506612,0.0,settlement,-1002.0,0
2026-03-31 01:35:00+00:00,chop_up_first,DOWN,150,0.5052468516206566,1.0,settlement,973.2720809615383,1
2026-03-31 01:40:00+00:00,chop_up_first,DOWN,150,0.5071147284454979,1.0,settlement,965.9964789412736,1
2026-03-31 01:45:00+00:00,chop_up_first,DOWN,150,0.5060216490706195,1.0,settlement,970.2476337385336,1
2026-03-31 01:50:00+00:00,chop_down_first,UP,150,0.5061258582582482,1.0,settlement,969.8415562375308,1
2026-03-31 02:00:00+00:00,chop_up_first,DOWN,150,0.5068278173579344,1.0,settlement,967.1105456731228,1
2026-03-31 02:05:00+00:00,chop_down_first,UP,150,0.5053027154054389,0.0,settlement,-1002.0,0
2026-03-31 02:10:00+00:00,chop_down_first,UP,150,0.5050498663531908,1.0,settlement,974.042498944213,1
2026-03-31 02:15:00+00:00,chop_down_first,UP,150,0.5066429487151434,1.0,settlement,967.8290532434091,1
2026-03-31 02:20:00+00:00,chop_up_first,DOWN,150,0.5052744088694061,0.0,settlement,-1002.0,0
2026-03-31 02:25:00+00:00,chop_up_first,DOWN,150,0.5057464247366475,1.0,settlement,971.3209197072997,1
2026-03-31 02:30:00+00:00,chop_up_first,DOWN,150,0.5060778839492113,1.0,settlement,970.0284795139493,1
2026-03-31 02:35:00+00:00,trend_up,UP,150,0.5056715018217016,0.0,settlement,-1002.0,0
2026-03-31 02:40:00+00:00,chop_down_first,UP,150,0.505607507582488,1.0,settlement,971.8630954509314,1
2026-03-31 02:50:00+00:00,chop_down_first,UP,150,0.5068574158084723,1.0,settlement,966.9955574747222,1
2026-03-31 02:55:00+00:00,chop_up_first,DOWN,150,0.5051078638170227,1.0,settlement,973.8156059148773,1
2026-03-31 03:00:00+00:00,chop_up_first,DOWN,150,0.506370016949007,1.0,settlement,968.8907845949767,1
2026-03-31 03:05:00+00:00,chop_down_first,UP,150,0.5064216160727919,1.0,settlement,968.689971212741,1
2026-03-31 03:15:00+00:00,chop_up_first,DOWN,150,0.5052547844061356,1.0,settlement,973.2410680742498,1
2026-03-31 03:20:00+00:00,chop_up_first,DOWN,150,0.5052757994073166,1.0,settlement,973.1589155282004,1
2026-03-31 03:25:00+00:00,chop_down_first,UP,150,0.5057307365828957,1.0,settlement,971.3821336295526,1
2026-03-31 03:30:00+00:00,trend_up,UP,150,0.5054995515176702,1.0,settlement,972.2846398254695,1
2026-03-31 03:35:00+00:00,chop_up_first,DOWN,150,0.5059445115466313,1.0,settlement,970.5483273831647,1
2026-03-31 03:40:00+00:00,chop_down_first,UP,150,0.5051248643276108,1.0,settlement,973.7491077547179,1
2026-03-31 03:45:00+00:00,trend_up,UP,150,0.5047245944787414,0.0,settlement,-1002.0,0
2026-03-31 03:55:00+00:00,chop_down_first,UP,150,0.50516027393886,1.0,settlement,973.610616049331,1
2026-03-31 04:00:00+00:00,chop_up_first,DOWN,150,0.5061517807923238,1.0,settlement,969.740568486676,1
2026-03-31 04:05:00+00:00,chop_down_first,UP,150,0.5064373462233783,1.0,settlement,968.6287607782469,1
2026-03-31 04:10:00+00:00,chop_down_first,UP,150,0.5043223066130249,1.0,settlement,976.8932333817675,1
2026-03-31 04:15:00+00:00,chop_down_first,UP,150,0.5057172552425492,1.0,settlement,971.4347397763697,1
2026-03-31 04:20:00+00:00,chop_down_first,UP,150,0.5050076340712777,1.0,settlement,974.2077494835265,1
2026-03-31 04:25:00+00:00,chop_up_first,DOWN,150,0.5068812505561103,1.0,settlement,966.902970676214,1
2026-03-31 04:30:00+00:00,chop_down_first,UP,150,0.5054005236156704,0.0,settlement,-1002.0,0
2026-03-31 04:35:00+00:00,chop_up_first,DOWN,150,0.5053340702569101,0.0,settlement,-1002.0,0
2026-03-31 04:40:00+00:00,chop_up_first,DOWN,150,0.5050100152515611,0.0,settlement,-1002.0,0
2026-03-31 04:45:00+00:00,chop_down_first,UP,150,0.5058147611080901,1.0,settlement,971.0543209408877,1
2026-03-31 04:50:00+00:00,chop_down_first,UP,150,0.5047843831329907,0.0,settlement,-1002.0,0
2026-03-31 04:55:00+00:00,chop_up_first,DOWN,150,0.5057074219373888,1.0,settlement,971.4731125294053,1
2026-03-31 05:00:00+00:00,chop_up_first,DOWN,150,0.5062062368105279,0.0,settlement,-1002.0,0
2026-03-31 05:05:00+00:00,chop_up_first,DOWN,150,0.5055323875804761,1.0,settlement,972.156403265315,1
2026-03-31 05:10:00+00:00,chop_down_first,UP,150,0.5050281370290922,0.0,settlement,-1002.0,0
2026-03-31 05:15:00+00:00,chop_down_first,UP,150,0.5056535343273479,1.0,settlement,971.6834259995873,1
2026-03-31 05:20:00+00:00,chop_down_first,UP,150,0.5055709725284695,1.0,settlement,972.0057365413736,1
2026-03-31 05:25:00+00:00,chop_up_first,DOWN,150,0.5053511680460182,1.0,settlement,972.8643381172916,1
2026-03-31 05:30:00+00:00,chop_up_first,DOWN,150,0.5055550577579134,0.0,settlement,-1002.0,0
2026-03-31 05:35:00+00:00,chop_down_first,UP,150,0.5052092045419737,1.0,settlement,973.4192738922759,1
2026-03-31 05:40:00+00:00,chop_up_first,DOWN,150,0.5056619292939831,1.0,settlement,971.6506590350408,1
2026-03-31 05:45:00+00:00,chop_down_first,UP,150,0.5060093368700667,1.0,settlement,970.2956223953372,1
2026-03-31 05:50:00+00:00,chop_down_first,UP,150,0.5048669868637268,1.0,settlement,974.7582867710446,1
2026-03-31 05:55:00+00:00,chop_up_first,DOWN,150,0.505836952415968,1.0,settlement,970.9677621086654,1
2026-03-31 06:00:00+00:00,chop_up_first,DOWN,150,0.5060367259340623,0.0,settlement,-1002.0,0
2026-03-31 06:05:00+00:00,chop_up_first,DOWN,150,0.5064386822967185,1.0,settlement,968.6235619167802,1
2026-03-31 06:10:00+00:00,chop_up_first,DOWN,150,0.5052170540788555,1.0,settlement,973.3885818831241,1
2026-03-31 06:15:00+00:00,chop_up_first,DOWN,150,0.5054291729021657,1.0,settlement,972.5595495992069,1
2026-03-31 06:20:00+00:00,chop_down_first,UP,150,0.505835091950173,0.0,settlement,-1002.0,0
2026-03-31 06:25:00+00:00,chop_up_first,DOWN,150,0.5060602820647137,1.0,settlement,970.0970709817105,1
2026-03-31 06:30:00+00:00,chop_down_first,UP,150,0.5050990331175222,0.0,settlement,-1002.0,0
2026-03-31 06:35:00+00:00,chop_down_first,UP,150,0.5046654188120665,0.0,settlement,-1002.0,0
2026-03-31 06:40:00+00:00,chop_down_first,UP,150,0.505175334165703,1.0,settlement,973.5517193811469,1
2026-03-31 06:45:00+00:00,chop_down_first,UP,150,0.5059003982413919,1.0,settlement,970.7203288814201,1
2026-03-31 06:50:00+00:00,chop_down_first,UP,150,0.5053719595286709,1.0,settlement,972.7830903217756,1
2026-03-31 06:55:00+00:00,trend_up,UP,150,0.5052210408838907,0.0,settlement,-1002.0,0
2026-03-31 07:00:00+00:00,chop_down_first,UP,150,0.5047372042188183,1.0,settlement,975.2665689358178,1
2026-03-31 07:05:00+00:00,chop_up_first,DOWN,150,0.5060565464390633,1.0,settlement,970.1116286758165,1
2026-03-31 07:10:00+00:00,chop_up_first,DOWN,150,0.5059593835058686,1.0,settlement,970.4903471197789,1
2026-03-31 07:15:00+00:00,chop_up_first,DOWN,150,0.5063197051816095,1.0,settlement,969.08662725665,1
2026-03-31 07:20:00+00:00,chop_down_first,UP,150,0.506245855546169,0.0,settlement,-1002.0,0
2026-03-31 07:25:00+00:00,chop_down_first,UP,150,0.5064350342925079,1.0,settlement,968.6377569123167,1
2026-03-31 07:30:00+00:00,chop_up_first,DOWN,150,0.5054492450762987,0.0,settlement,-1002.0,0
2026-03-31 07:35:00+00:00,chop_up_first,DOWN,150,0.5054664194766315,0.0,settlement,-1002.0,0
2026-03-31 07:40:00+00:00,chop_down_first,UP,150,0.5051823807842547,0.0,settlement,-1002.0,0
2026-03-31 07:45:00+00:00,chop_down_first,UP,150,0.506619633241316,1.0,settlement,967.9197080359239,1
2026-03-31 07:50:00+00:00,chop_up_first,DOWN,150,0.5059237895919839,0.0,settlement,-1002.0,0
2026-03-31 07:55:00+00:00,chop_up_first,DOWN,150,0.5055115927663564,1.0,settlement,972.2376125116245,1
2026-03-31 08:00:00+00:00,chop_up_first,DOWN,150,0.5066442848342217,0.0,settlement,-1002.0,0
2026-03-31 08:05:00+00:00,chop_up_first,DOWN,150,0.5052073454336791,0.0,settlement,-1002.0,0
2026-03-31 08:10:00+00:00,chop_up_first,DOWN,150,0.5064152412403679,1.0,settlement,968.7147785591696,1
2026-03-31 08:15:00+00:00,chop_down_first,UP,150,0.5054550296916517,1.0,settlement,972.45854007788,1
2026-03-31 08:20:00+00:00,chop_down_first,UP,150,0.5058238565754337,0.0,settlement,-1002.0,0
2026-03-31 08:25:00+00:00,chop_up_first,DOWN,150,0.5057069894026246,1.0,settlement,971.4748004549141,1
2026-03-31 08:30:00+00:00,chop_up_first,DOWN,150,0.5065572424037991,1.0,settlement,968.1623359763362,1
2026-03-31 08:35:00+00:00,trend_up,UP,150,0.5050158246135523,0.0,settlement,-1002.0,0
2026-03-31 08:40:00+00:00,chop_up_first,DOWN,150,0.5072950860649749,1.0,settlement,965.2968010420963,1
2026-03-31 08:45:00+00:00,chop_up_first,DOWN,150,0.5042458592262637,0.0,settlement,-1002.0,0
2026-03-31 08:50:00+00:00,chop_up_first,DOWN,150,0.5054859145052054,1.0,settlement,972.3379021290667,1
2026-03-31 08:55:00+00:00,chop_up_first,DOWN,150,0.5064255797350908,1.0,settlement,968.6745471309915,1
2026-03-31 09:00:00+00:00,chop_up_first,DOWN,150,0.5058610335841957,0.0,settlement,-1002.0,0
2026-03-31 09:05:00+00:00,chop_down_first,UP,150,0.5046009116402894,0.0,settlement,-1002.0,0
2026-03-31 09:10:00+00:00,chop_up_first,DOWN,150,0.5062031623907429,1.0,settlement,969.5404291165501,1
2026-03-31 09:15:00+00:00,chop_up_first,DOWN,150,0.5062062462583431,1.0,settlement,969.5284182618901,1
2026-03-31 09:20:00+00:00,chop_down_first,UP,150,0.5056885557479649,1.0,settlement,971.5467387112534,1
2026-03-31 09:25:00+00:00,chop_up_first,DOWN,150,0.5070970172112969,1.0,settlement,966.0652145980855,1
2026-03-31 09:30:00+00:00,chop_down_first,UP,150,0.5049433781231665,1.0,settlement,974.4592293684193,1
2026-03-31 09:35:00+00:00,chop_down_first,UP,150,0.5054002570043841,1.0,settlement,972.6725217659374,1
2026-03-31 09:45:00+00:00,chop_up_first,DOWN,150,0.505949506506525,1.0,settlement,970.5288535035445,1
2026-03-31 09:55:00+00:00,chop_up_first,DOWN,150,0.5091812997366102,1.0,settlement,958.0091372488472,1
2026-03-31 10:00:00+00:00,chop_down_first,UP,150,0.5056912777832367,1.0,settlement,971.5361155028465,1
2026-03-31 10:05:00+00:00,chop_down_first,UP,150,0.5059379742207276,1.0,settlement,970.5738150752022,1
2026-03-31 10:15:00+00:00,chop_down_first,UP,150,0.5054836230300259,0.0,settlement,-1002.0,0
2026-03-31 10:25:00+00:00,chop_up_first,DOWN,150,0.5055597130276989,1.0,settlement,972.049700327528,1
2026-03-31 10:30:00+00:00,chop_up_first,DOWN,150,0.5055247722924882,1.0,settlement,972.1861422026891,1
2026-03-31 10:35:00+00:00,chop_down_first,UP,150,0.5049476910022714,0.0,settlement,-1002.0,0
2026-03-31 10:40:00+00:00,chop_down_first,UP,150,0.5049406820486732,1.0,settlement,974.4697824521871,1
2026-03-31 10:45:00+00:00,chop_down_first,UP,150,0.5058932418921965,1.0,settlement,970.7482349184437,1
2026-03-31 10:50:00+00:00,chop_down_first,UP,150,0.5058390768204621,1.0,settlement,970.9594761106623,1
2026-03-31 10:55:00+00:00,chop_up_first,DOWN,150,0.5060804417329768,1.0,settlement,970.0185126746602,1
2026-03-31 11:05:00+00:00,chop_up_first,DOWN,150,0.5065399346882314,1.0,settlement,968.2296534907077,1
2026-03-31 11:15:00+00:00,chop_down_first,UP,150,0.5063047839910298,1.0,settlement,969.1447166923896,1
2026-03-31 11:20:00+00:00,chop_up_first,DOWN,150,0.5058085631096779,1.0,settlement,971.0784980474854,1
2026-03-31 11:25:00+00:00,chop_up_first,DOWN,150,0.5052676681171197,1.0,settlement,973.1907018294833,1
2026-03-31 11:35:00+00:00,chop_up_first,DOWN,150,0.5046419002276725,0.0,settlement,-1002.0,0
2026-03-31 11:40:00+00:00,chop_up_first,DOWN,150,0.5059737805939281,1.0,settlement,970.4342214502024,1
2026-03-31 11:45:00+00:00,chop_up_first,DOWN,150,0.5061651071275527,1.0,settlement,969.6886564219565,1
2026-03-31 11:55:00+00:00,trend_up,UP,150,0.505406371643943,1.0,settlement,972.6486312663417,1
2026-03-31 12:05:00+00:00,chop_up_first,DOWN,150,0.5055088885584788,1.0,settlement,972.2481736491729,1
2026-03-31 12:15:00+00:00,chop_up_first,DOWN,150,0.5051562378976716,0.0,settlement,-1002.0,0
2026-03-31 12:20:00+00:00,chop_up_first,DOWN,150,0.5057753084995084,1.0,settlement,971.2082275047835,1
2026-03-31 12:25:00+00:00,chop_down_first,UP,150,0.5057873821602972,1.0,settlement,971.1611250114339,1
2026-03-31 12:30:00+00:00,chop_up_first,DOWN,150,0.5059059956351072,1.0,settlement,970.6985025095917,1
2026-03-31 12:45:00+00:00,chop_down_first,UP,150,0.5045902188438484,0.0,settlement,-1002.0,0
2026-03-31 12:55:00+00:00,chop_up_first,DOWN,150,0.5059511844210939,1.0,settlement,970.522311894388,1
2026-03-31 13:10:00+00:00,trend_down,DOWN,150,0.5049393525239189,0.0,settlement,-1002.0,0
2026-03-31 13:15:00+00:00,chop_down_first,UP,150,0.5052490942935698,0.0,settlement,-1002.0,0
2026-03-31 13:30:00+00:00,chop_down_first,UP,150,0.5059128810335229,1.0,settlement,970.6716543789092,1
2026-03-31 13:40:00+00:00,chop_down_first,UP,150,0.5061429643096385,0.0,settlement,-1002.0,0
2026-03-31 13:45:00+00:00,chop_down_first,UP,150,0.5075563462732953,1.0,settlement,964.2841521493337,1
2026-03-31 13:50:00+00:00,chop_up_first,DOWN,150,0.5049542751081496,0.0,settlement,-1002.0,0
2026-03-31 13:55:00+00:00,chop_up_first,DOWN,150,0.5066033596293246,1.0,settlement,967.9829877366471,1
2026-03-31 14:00:00+00:00,chop_up_first,DOWN,150,0.5058138291929332,1.0,settlement,971.0579561108277,1
2026-03-31 14:05:00+00:00,trend_down,DOWN,150,0.5055629731644115,1.0,settlement,972.0369706138383,1
2026-03-31 14:10:00+00:00,trend_up,UP,150,0.5055529149053373,1.0,settlement,972.0762451876507,1
2026-03-31 14:20:00+00:00,trend_down,DOWN,150,0.5056038375321604,1.0,settlement,971.8774232237098,1
2026-03-31 14:35:00+00:00,chop_up_first,DOWN,150,0.5065443481325941,1.0,settlement,968.2124871774535,1
2026-03-31 14:40:00+00:00,chop_up_first,DOWN,150,0.5055254205565213,1.0,settlement,972.183610591382,1
2026-03-31 14:45:00+00:00,chop_down_first,UP,150,0.5049571150456315,0.0,settlement,-1002.0,0
2026-03-31 14:50:00+00:00,chop_up_first,DOWN,150,0.5094374340359481,1.0,settlement,957.0236863700455,1
2026-03-31 15:05:00+00:00,chop_down_first,UP,150,0.5066514035575148,1.0,settlement,967.7961813436633,1
2026-03-31 15:10:00+00:00,chop_down_first,UP,150,0.5065662556257972,1.0,settlement,968.1272813111088,1
2026-03-31 15:15:00+00:00,trend_down,DOWN,150,0.5049275172568792,1.0,settlement,974.5213142310735,1
2026-03-31 15:25:00+00:00,chop_up_first,DOWN,150,0.5069282014503441,1.0,settlement,966.7206139738876,1
2026-03-31 15:30:00+00:00,chop_down_first,UP,150,0.5066891370036853,1.0,settlement,967.6494894319023,1
2026-03-31 15:35:00+00:00,chop_down_first,UP,150,0.5060983872681674,1.0,settlement,969.9485876788375,1
2026-03-31 15:40:00+00:00,chop_up_first,DOWN,150,0.5055792581989927,1.0,settlement,971.9733856075117,1
2026-03-31 15:45:00+00:00,chop_down_first,UP,150,0.5050831616398377,1.0,settlement,973.9122374221002,1
2026-03-31 15:50:00+00:00,chop_down_first,UP,150,0.5063603964810677,1.0,settlement,968.9282300424028,1
2026-03-31 15:55:00+00:00,chop_up_first,DOWN,150,0.5072172226057389,1.0,settlement,965.5988028816358,1
2026-03-31 16:00:00+00:00,chop_down_first,UP,150,0.50629233785596,1.0,settlement,969.1931731503523,1
2026-03-31 16:05:00+00:00,chop_down_first,UP,150,0.5066707662725736,1.0,settlement,967.7209044484445,1
2026-03-31 16:10:00+00:00,chop_up_first,DOWN,150,0.5074945462932612,1.0,settlement,964.5235957497265,1
2026-03-31 16:15:00+00:00,chop_down_first,UP,150,0.5062164142971985,1.0,settlement,969.488817456789,1
2026-03-31 16:25:00+00:00,chop_up_first,DOWN,150,0.5059360907366114,1.0,settlement,970.5811585154446,1
2026-03-31 16:30:00+00:00,chop_up_first,DOWN,150,0.5048444526517175,1.0,settlement,974.8465212561243,1
2026-03-31 16:35:00+00:00,chop_down_first,UP,150,0.5062856141869675,1.0,settlement,969.2193513589467,1
2026-03-31 16:40:00+00:00,chop_down_first,UP,150,0.5103447153281785,1.0,settlement,953.5409706912191,1
2026-03-31 16:45:00+00:00,chop_up_first,DOWN,150,0.5076194057022385,1.0,settlement,964.0398889190832,1
2026-03-31 16:50:00+00:00,chop_down_first,UP,150,0.5041072009510855,0.0,settlement,-1002.0,0
2026-03-31 16:55:00+00:00,chop_up_first,DOWN,150,0.506726637899715,1.0,settlement,967.5037232234706,1
2026-03-31 17:00:00+00:00,chop_up_first,DOWN,150,0.503863263088255,0.0,settlement,-1002.0,0
2026-03-31 17:05:00+00:00,chop_up_first,DOWN,150,0.5077354712039095,1.0,settlement,963.5904631472899,1
2026-03-31 17:10:00+00:00,chop_down_first,UP,150,0.5098180374315576,1.0,settlement,955.5611820795575,1
2026-03-31 17:15:00+00:00,chop_up_first,DOWN,150,0.5072604277335157,1.0,settlement,965.4312156758452,1
2026-03-31 17:20:00+00:00,chop_up_first,DOWN,150,0.5049650038599517,0.0,settlement,-1002.0,0
2026-03-31 17:25:00+00:00,chop_up_first,DOWN,150,0.5081274167362034,1.0,settlement,962.0742993368452,1
2026-03-31 17:30:00+00:00,chop_up_first,DOWN,150,0.504259886579963,1.0,settlement,977.1381915557984,1
2026-03-31 17:35:00+00:00,chop_up_first,DOWN,150,0.5087117977372259,1.0,settlement,959.8180754587396,1
2026-03-31 17:40:00+00:00,chop_up_first,DOWN,150,0.5059687973287421,1.0,settlement,970.4536478710393,1
2026-03-31 17:45:00+00:00,chop_down_first,UP,150,0.5046267871104386,0.0,settlement,-1002.0,0
2026-03-31 17:50:00+00:00,chop_down_first,UP,150,0.5043345809573655,0.0,settlement,-1002.0,0
2026-03-31 17:55:00+00:00,chop_up_first,DOWN,150,0.50775142983597,1.0,settlement,963.5286846211457,1
2026-03-31 18:00:00+00:00,chop_down_first,UP,150,0.5061614686342492,1.0,settlement,969.7028297172733,1
2026-03-31 18:05:00+00:00,chop_up_first,DOWN,150,0.5046674166034557,0.0,settlement,-1002.0,0
2026-03-31 18:10:00+00:00,chop_up_first,DOWN,150,0.5059690004601508,0.0,settlement,-1002.0,0
2026-03-31 18:15:00+00:00,trend_up,UP,150,0.5058772279175874,0.0,settlement,-1002.0,0
2026-03-31 18:20:00+00:00,chop_down_first,UP,150,0.5053475427838605,0.0,settlement,-1002.0,0
2026-03-31 18:25:00+00:00,chop_up_first,DOWN,150,0.5060023380743806,0.0,settlement,-1002.0,0
2026-03-31 18:30:00+00:00,chop_up_first,DOWN,150,0.5062681983695193,1.0,settlement,969.2871620499681,1
2026-03-31 18:35:00+00:00,chop_down_first,UP,150,0.5057993319450393,1.0,settlement,971.1145080050119,1
2026-03-31 18:40:00+00:00,chop_up_first,DOWN,150,0.5059840102209509,1.0,settlement,970.3943441694882,1
2026-03-31 18:45:00+00:00,chop_down_first,UP,150,0.5056657453416781,0.0,settlement,-1002.0,0
2026-03-31 18:55:00+00:00,trend_down,DOWN,150,0.5061447853491742,0.0,settlement,-1002.0,0
2026-03-31 19:00:00+00:00,chop_up_first,DOWN,150,0.505070489756238,0.0,settlement,-1002.0,0
2026-03-31 19:05:00+00:00,chop_down_first,UP,150,0.5062728061157112,0.0,settlement,-1002.0,0
2026-03-31 19:10:00+00:00,chop_down_first,UP,150,0.5047836375773672,1.0,settlement,975.0846867971993,1
2026-03-31 19:20:00+00:00,trend_up,UP,150,0.5055386211772123,1.0,settlement,972.1320607237237,1
2026-03-31 19:25:00+00:00,chop_up_first,DOWN,150,0.5061887855658672,1.0,settlement,969.5964250064097,1
2026-03-31 19:30:00+00:00,chop_up_first,DOWN,150,0.505783418597701,1.0,settlement,971.1765876528406,1
2026-03-31 19:40:00+00:00,chop_up_first,DOWN,150,0.5055934885855048,0.0,settlement,-1002.0,0
2026-03-31 19:45:00+00:00,chop_down_first,UP,150,0.5063764104470904,1.0,settlement,968.8659001687003,1
2026-03-31 19:50:00+00:00,trend_down,DOWN,150,0.5061492833396276,1.0,settlement,969.75029749146,1
2026-03-31 19:55:00+00:00,chop_up_first,DOWN,150,0.5053766695352971,1.0,settlement,972.7646857495,1
2026-03-31 20:00:00+00:00,trend_up,UP,150,0.5052575651421958,1.0,settlement,973.2301971354563,1
2026-03-31 20:05:00+00:00,chop_down_first,UP,150,0.506271998218057,1.0,settlement,969.2723664605094,1
2026-03-31 20:10:00+00:00,chop_down_first,UP,150,0.5061896794035365,1.0,settlement,969.5929435305419,1
2026-03-31 20:15:00+00:00,trend_down,DOWN,150,0.5056298529711601,1.0,settlement,971.7758641733589,1
2026-03-31 20:25:00+00:00,chop_up_first,DOWN,150,0.50539312755874,1.0,settlement,972.7003779429234,1
2026-03-31 20:30:00+00:00,chop_up_first,DOWN,150,0.5052904237060998,1.0,settlement,973.1017497621978,1
2026-03-31 20:35:00+00:00,chop_down_first,UP,150,0.506146900886066,1.0,settlement,969.7595785984088,1
2026-03-31 20:45:00+00:00,chop_down_first,UP,150,0.5058253363407171,1.0,settlement,971.0130705191892,1
2026-03-31 20:50:00+00:00,chop_up_first,DOWN,150,0.5048573782921598,0.0,settlement,-1002.0,0
2026-03-31 20:55:00+00:00,chop_down_first,UP,150,0.5051625200666694,1.0,settlement,973.6018317991759,1
2026-03-31 21:00:00+00:00,chop_up_first,DOWN,150,0.5070238348069628,1.0,settlement,966.3492796348809,1
2026-03-31 21:05:00+00:00,chop_down_first,UP,150,0.5053136665462721,0.0,settlement,-1002.0,0
2026-03-31 21:15:00+00:00,chop_up_first,DOWN,150,0.5053541022358495,1.0,settlement,972.852871648862,1
2026-03-31 21:20:00+00:00,chop_up_first,DOWN,150,0.5054067852600247,1.0,settlement,972.6470152484062,1
2026-03-31 21:25:00+00:00,chop_down_first,UP,150,0.5060656717719019,1.0,settlement,970.0760677278796,1
2026-03-31 21:30:00+00:00,chop_down_first,UP,150,0.5060485804721367,1.0,settlement,970.1426726834783,1
2026-03-31 21:40:00+00:00,chop_down_first,UP,150,0.5060027795718223,1.0,settlement,970.321181406363,1
2026-03-31 21:50:00+00:00,chop_up_first,DOWN,150,0.5040548419261126,0.0,settlement,-1002.0,0
2026-03-31 21:55:00+00:00,chop_up_first,DOWN,150,0.5063075711632655,1.0,settlement,969.1338657390564,1
2026-03-31 22:00:00+00:00,chop_up_first,DOWN,150,0.505933644784503,1.0,settlement,970.5906950210584,1
2026-03-31 22:05:00+00:00,chop_down_first,UP,150,0.5048850176894365,0.0,settlement,-1002.0,0
2026-03-31 22:10:00+00:00,chop_down_first,UP,150,0.5057970451270624,1.0,settlement,971.1234288830024,1
2026-03-31 22:15:00+00:00,chop_down_first,UP,150,0.5047864351743171,1.0,settlement,975.073729517637,1
2026-03-31 22:20:00+00:00,chop_up_first,DOWN,150,0.5052046904620228,1.0,settlement,973.4369245608215,1
2026-03-31 22:25:00+00:00,chop_up_first,DOWN,150,0.5062408803641826,1.0,settlement,969.393537562697,1
2026-03-31 22:30:00+00:00,chop_up_first,DOWN,150,0.506162428698197,1.0,settlement,969.6990898885239,1
2026-03-31 22:35:00+00:00,chop_up_first,DOWN,150,0.50476205601925,0.0,settlement,-1002.0,0
2026-03-31 22:40:00+00:00,chop_down_first,UP,150,0.5056126656503422,1.0,settlement,971.84295885137,1
2026-03-31 22:45:00+00:00,chop_up_first,DOWN,150,0.505907044873542,1.0,settlement,970.6944111827164,1
2026-03-31 22:50:00+00:00,chop_down_first,UP,150,0.5054124516071433,0.0,settlement,-1002.0,0
2026-03-31 23:00:00+00:00,chop_up_first,DOWN,150,0.505658437439855,1.0,settlement,971.6642881959349,1
2026-03-31 23:05:00+00:00,chop_down_first,UP,150,0.5061121521644475,1.0,settlement,969.8949559538077,1
2026-03-31 23:10:00+00:00,chop_up_first,DOWN,150,0.5054048761176003,1.0,settlement,972.6544743818023,1
2026-03-31 23:15:00+00:00,chop_down_first,UP,150,0.5055549792967841,1.0,settlement,972.0681842125189,1
2026-03-31 23:20:00+00:00,chop_up_first,DOWN,150,0.5059855633334273,1.0,settlement,970.3882899448496,1
2026-03-31 23:25:00+00:00,chop_up_first,DOWN,150,0.5053481714695337,0.0,settlement,-1002.0,0
2026-03-31 23:35:00+00:00,chop_down_first,UP,150,0.5057498732105045,1.0,settlement,971.3074645470252,1
2026-03-31 23:45:00+00:00,chop_up_first,DOWN,150,0.5057304009582145,1.0,settlement,971.3834432517313,1
2026-03-31 23:50:00+00:00,chop_down_first,UP,150,0.5056420043067896,1.0,settlement,971.728431379448,1
2026-04-01 00:00:00+00:00,chop_up_first,DOWN,150,0.506649778532764,1.0,settlement,967.80249925336,1
2026-04-01 00:05:00+00:00,chop_down_first,UP,150,0.5050685246780041,0.0,settlement,-1002.0,0
2026-04-01 00:10:00+00:00,chop_up_first,DOWN,150,0.5062194318173016,1.0,settlement,969.4770656219806,1
2026-04-01 00:15:00+00:00,chop_down_first,UP,150,0.5065244966164233,1.0,settlement,968.2897029988211,1
2026-04-01 00:20:00+00:00,chop_up_first,DOWN,150,0.5063120644304914,1.0,settlement,969.1163729084112,1
2026-04-01 00:25:00+00:00,chop_down_first,UP,150,0.5046370868246502,1.0,settlement,975.6588484206709,1
2026-04-01 00:30:00+00:00,chop_up_first,DOWN,150,0.5067393891484194,1.0,settlement,967.4541639582211,1
2026-04-01 00:35:00+00:00,chop_down_first,UP,150,0.5054151721619562,1.0,settlement,972.6142477895362,1
2026-04-01 00:40:00+00:00,trend_up,UP,150,0.5055235458499978,1.0,settlement,972.1909317437271,1
2026-04-01 00:45:00+00:00,chop_down_first,UP,150,0.5050476597403302,1.0,settlement,974.051132507219,1
2026-04-01 00:50:00+00:00,chop_down_first,UP,150,0.5070031077541947,1.0,settlement,966.429748726216,1
2026-04-01 00:55:00+00:00,chop_up_first,DOWN,150,0.5058379263989535,0.0,settlement,-1002.0,0
2026-04-01 01:00:00+00:00,chop_up_first,DOWN,150,0.5061012673540107,0.0,settlement,-1002.0,0
2026-04-01 01:05:00+00:00,chop_up_first,DOWN,150,0.5061914894633837,1.0,settlement,969.5858934293526,1
2026-04-01 01:10:00+00:00,chop_up_first,DOWN,150,0.5048922852409075,0.0,settlement,-1002.0,0
2026-04-01 01:15:00+00:00,chop_up_first,DOWN,150,0.5065955916322403,1.0,settlement,968.0131949124647,1
2026-04-01 01:20:00+00:00,chop_down_first,UP,150,0.5047675370387542,0.0,settlement,-1002.0,0
2026-04-01 01:25:00+00:00,chop_down_first,UP,150,0.5052337512132271,0.0,settlement,-1002.0,0
2026-04-01 01:30:00+00:00,chop_down_first,UP,150,0.5052835195804074,0.0,settlement,-1002.0,0
2026-04-01 01:35:00+00:00,chop_up_first,DOWN,150,0.505413641508308,1.0,settlement,972.6202279417398,1
2026-04-01 01:45:00+00:00,chop_up_first,DOWN,150,0.5061517802709156,1.0,settlement,969.7405705178489,1
2026-04-01 01:55:00+00:00,chop_up_first,DOWN,150,0.5060107822154348,1.0,settlement,970.2899888230052,1
2026-04-01 02:00:00+00:00,chop_down_first,UP,150,0.5061137167293391,1.0,settlement,969.8888601743097,1
2026-04-01 02:05:00+00:00,chop_up_first,DOWN,150,0.5055179046246445,1.0,settlement,972.2129623302495,1
2026-04-01 02:10:00+00:00,chop_up_first,DOWN,150,0.50570841415837,0.0,settlement,-1002.0,0
2026-04-01 02:15:00+00:00,chop_up_first,DOWN,150,0.5048231718299983,0.0,settlement,-1002.0,0
2026-04-01 02:20:00+00:00,chop_up_first,DOWN,150,0.505203613586041,1.0,settlement,973.4411353394465,1
2026-04-01 02:25:00+00:00,chop_up_first,DOWN,150,0.507569720205621,1.0,settlement,964.2323426143336,1
2026-04-01 02:30:00+00:00,chop_down_first,UP,150,0.5058617998136294,0.0,settlement,-1002.0,0
2026-04-01 02:35:00+00:00,chop_down_first,UP,150,0.5058722941332713,0.0,settlement,-1002.0,0
2026-04-01 02:45:00+00:00,chop_up_first,DOWN,150,0.5049963867930992,1.0,settlement,974.2517635772472,1
2026-04-01 02:50:00+00:00,chop_down_first,UP,150,0.5051826805357449,1.0,settlement,973.5229908943506,1
2026-04-01 02:55:00+00:00,chop_up_first,DOWN,150,0.505102717910718,0.0,settlement,-1002.0,0
2026-04-01 03:00:00+00:00,chop_down_first,UP,150,0.5068099900930303,1.0,settlement,967.1798100049422,1
2026-04-01 03:05:00+00:00,chop_down_first,UP,150,0.5069198577207366,1.0,settlement,966.7530184501093,1
2026-04-01 03:10:00+00:00,chop_up_first,DOWN,150,0.5058200769433632,1.0,settlement,971.0335854417782,1
2026-04-01 03:15:00+00:00,chop_down_first,UP,150,0.5054612615304249,1.0,settlement,972.434196951665,1
2026-04-01 03:20:00+00:00,chop_up_first,DOWN,150,0.5056823944528365,1.0,settlement,971.5707846421388,1
2026-04-01 03:30:00+00:00,chop_down_first,UP,150,0.5051543707276627,1.0,settlement,973.6337029459037,1
2026-04-01 03:35:00+00:00,chop_up_first,DOWN,150,0.5051832035618155,0.0,settlement,-1002.0,0
2026-04-01 03:45:00+00:00,chop_down_first,UP,150,0.5065732182828342,1.0,settlement,968.1002026577495,1
2026-04-01 03:50:00+00:00,chop_up_first,DOWN,150,0.5055550643829613,1.0,settlement,972.0678519719237,1
2026-04-01 03:55:00+00:00,chop_up_first,DOWN,150,0.5052097244063736,0.0,settlement,-1002.0,0
2026-04-01 04:00:00+00:00,chop_down_first,UP,150,0.5053163709199142,0.0,settlement,-1002.0,0
2026-04-01 04:05:00+00:00,chop_down_first,UP,150,0.504904797719042,0.0,settlement,-1002.0,0
2026-04-01 04:10:00+00:00,chop_up_first,DOWN,150,0.5058178066766509,1.0,settlement,971.0424410265603,1
2026-04-01 04:15:00+00:00,chop_up_first,DOWN,150,0.5048559425273935,0.0,settlement,-1002.0,0
2026-04-01 04:20:00+00:00,chop_down_first,UP,150,0.5059036828359416,1.0,settlement,970.7075209366271,1
2026-04-01 04:25:00+00:00,chop_down_first,UP,150,0.505173341550691,1.0,settlement,973.5595117836535,1
2026-04-01 04:30:00+00:00,chop_up_first,DOWN,150,0.5055139095974176,0.0,settlement,-1002.0,0
2026-04-01 04:35:00+00:00,chop_up_first,DOWN,150,0.5046701259618478,0.0,settlement,-1002.0,0
2026-04-01 04:40:00+00:00,chop_down_first,UP,150,0.5059199526493545,1.0,settlement,970.6440808941542,1
2026-04-01 04:50:00+00:00,chop_down_first,UP,150,0.5050773817441113,1.0,settlement,973.9348489408684,1
2026-04-01 04:55:00+00:00,chop_up_first,DOWN,150,0.5056128836482378,1.0,settlement,971.8421078176542,1
2026-04-01 05:00:00+00:00,chop_up_first,DOWN,150,0.5062417447551519,1.0,settlement,969.390171473692,1
2026-04-01 05:05:00+00:00,chop_down_first,UP,150,0.5058323870485765,1.0,settlement,970.9855690402032,1
2026-04-01 05:10:00+00:00,trend_down,DOWN,150,0.5053632098815872,0.0,settlement,-1002.0,0
2026-04-01 05:15:00+00:00,chop_up_first,DOWN,150,0.5048613029816302,0.0,settlement,-1002.0,0
2026-04-01 05:20:00+00:00,chop_up_first,DOWN,150,0.5053943142029563,0.0,settlement,-1002.0,0
2026-04-01 05:25:00+00:00,chop_down_first,UP,150,0.5059851050152195,1.0,settlement,970.390076522077,1
2026-04-01 05:30:00+00:00,chop_up_first,DOWN,150,0.5053373272921976,0.0,settlement,-1002.0,0
2026-04-01 05:35:00+00:00,chop_up_first,DOWN,150,0.505877798019086,1.0,settlement,970.8084606756099,1
2026-04-01 05:40:00+00:00,chop_down_first,UP,150,0.5056553242615417,1.0,settlement,971.6764394945861,1
2026-04-01 05:45:00+00:00,chop_up_first,DOWN,150,0.5056092047549448,1.0,settlement,971.8564698079496,1
2026-04-01 05:50:00+00:00,chop_down_first,UP,150,0.5054879907856275,1.0,settlement,972.3297925810509,1
2026-04-01 05:55:00+00:00,chop_up_first,DOWN,150,0.5057567877116788,1.0,settlement,971.2804862896644,1
2026-04-01 06:00:00+00:00,chop_down_first,UP,150,0.5058047254669891,1.0,settlement,971.0934681928622,1
2026-04-01 06:05:00+00:00,chop_down_first,UP,150,0.5060376815665281,1.0,settlement,970.1851481702244,1
2026-04-01 06:10:00+00:00,chop_down_first,UP,150,0.5057665106328453,1.0,settlement,971.2425516890052,1
2026-04-01 06:15:00+00:00,chop_down_first,UP,150,0.5044477019238547,1.0,settlement,976.4013212744223,1
2026-04-01 06:20:00+00:00,chop_down_first,UP,150,0.5055057776009667,1.0,settlement,972.2603234651763,1
2026-04-01 06:25:00+00:00,chop_up_first,DOWN,150,0.5044557121483263,0.0,settlement,-1002.0,0
2026-04-01 06:30:00+00:00,chop_up_first,DOWN,150,0.5053607114132227,0.0,settlement,-1002.0,0
2026-04-01 06:35:00+00:00,chop_down_first,UP,150,0.5054981875365263,1.0,settlement,972.2899670196869,1
2026-04-01 06:40:00+00:00,chop_down_first,UP,150,0.5056782850112318,1.0,settlement,971.5868230486367,1
2026-04-01 06:45:00+00:00,chop_up_first,DOWN,150,0.5071676371241808,1.0,settlement,965.7911738592227,1
2026-04-01 06:50:00+00:00,chop_up_first,DOWN,150,0.5047327989873504,0.0,settlement,-1002.0,0
2026-04-01 06:55:00+00:00,chop_down_first,UP,150,0.5057047796400672,0.0,settlement,-1002.0,0
2026-04-01 07:00:00+00:00,chop_down_first,UP,150,0.5067932462450152,1.0,settlement,967.2448693712566,1
2026-04-01 07:05:00+00:00,chop_down_first,UP,150,0.505617034449937,1.0,settlement,971.8259038003508,1
2026-04-01 07:10:00+00:00,chop_up_first,DOWN,150,0.5055747255519497,1.0,settlement,971.9910829412134,1
2026-04-01 07:15:00+00:00,trend_down,DOWN,150,0.5057833822999345,1.0,settlement,971.1767292587249,1
2026-04-01 07:20:00+00:00,chop_up_first,DOWN,150,0.5062228524564106,1.0,settlement,969.4637439959013,1
2026-04-01 07:25:00+00:00,chop_down_first,UP,150,0.5057545670301855,0.0,settlement,-1002.0,0
2026-04-01 07:30:00+00:00,chop_down_first,UP,150,0.5051898191723345,1.0,settlement,973.4950755639713,1
2026-04-01 07:35:00+00:00,chop_down_first,UP,150,0.5062031697416519,1.0,settlement,969.5404004865154,1
2026-04-01 07:40:00+00:00,chop_up_first,DOWN,150,0.5056011865748177,1.0,settlement,971.8877726156568,1
2026-04-01 07:45:00+00:00,chop_up_first,DOWN,150,0.5059207978622605,1.0,settlement,970.6407853106497,1
2026-04-01 07:50:00+00:00,chop_down_first,UP,150,0.5053569951496596,0.0,settlement,-1002.0,0
2026-04-01 07:55:00+00:00,chop_down_first,UP,150,0.5047508871744483,0.0,settlement,-1002.0,0
2026-04-01 08:00:00+00:00,chop_up_first,DOWN,150,0.5052917550864832,1.0,settlement,973.0965456168733,1
2026-04-01 08:05:00+00:00,chop_up_first,DOWN,150,0.5062076547057061,1.0,settlement,969.5229327778682,1
2026-04-01 08:10:00+00:00,chop_up_first,DOWN,150,0.5050515585075389,1.0,settlement,974.0358782955876,1
2026-04-01 08:15:00+00:00,chop_up_first,DOWN,150,0.5049073839675323,1.0,settlement,974.6001284389529,1
2026-04-01 08:20:00+00:00,chop_down_first,UP,150,0.5066670028587393,1.0,settlement,967.735535112884,1
2026-04-01 08:25:00+00:00,chop_down_first,UP,150,0.506044278307017,1.0,settlement,970.1594389701082,1
2026-04-01 08:30:00+00:00,chop_up_first,DOWN,150,0.5044849834528156,0.0,settlement,-1002.0,0
2026-04-01 08:35:00+00:00,trend_up,UP,150,0.5053238605159546,1.0,settlement,972.971059116434,1
2026-04-01 08:45:00+00:00,chop_up_first,DOWN,150,0.5055824495289409,1.0,settlement,971.9609255223401,1
2026-04-01 08:50:00+00:00,chop_up_first,DOWN,150,0.5051823808816457,1.0,settlement,973.5241626960301,1
2026-04-01 08:55:00+00:00,chop_down_first,UP,150,0.5060994577738087,1.0,settlement,969.9444165973333,1
2026-04-01 09:00:00+00:00,chop_down_first,UP,150,0.5056532134815525,1.0,settlement,971.6846783361926,1
2026-04-01 09:05:00+00:00,chop_up_first,DOWN,150,0.5052007916096929,1.0,settlement,973.4521698592923,1
2026-04-01 09:10:00+00:00,chop_up_first,DOWN,150,0.5050646706392371,0.0,settlement,-1002.0,0
2026-04-01 09:15:00+00:00,chop_down_first,UP,150,0.5054533504049025,0.0,settlement,-1002.0,0
2026-04-01 09:20:00+00:00,chop_up_first,DOWN,150,0.5054106688102095,1.0,settlement,972.6318421599573,1
2026-04-01 09:25:00+00:00,chop_down_first,UP,150,0.5062053308304751,1.0,settlement,969.5319835978253,1
2026-04-01 09:30:00+00:00,chop_down_first,UP,150,0.5055808698279645,0.0,settlement,-1002.0,0
2026-04-01 09:35:00+00:00,chop_down_first,UP,150,0.5045152309563692,0.0,settlement,-1002.0,0
2026-04-01 09:40:00+00:00,chop_down_first,UP,150,0.5051587921857359,1.0,settlement,973.6164109939061,1
2026-04-01 09:45:00+00:00,chop_down_first,UP,150,0.5052633262047543,1.0,settlement,973.2076753648407,1
2026-04-01 10:00:00+00:00,chop_up_first,DOWN,150,0.5060818252747813,1.0,settlement,970.0131215107906,1
2026-04-01 10:10:00+00:00,chop_down_first,UP,150,0.5057817155246448,0.0,settlement,-1002.0,0
2026-04-01 10:20:00+00:00,chop_down_first,UP,150,0.5055986379179984,1.0,settlement,971.8977227265844,1
2026-04-01 10:35:00+00:00,chop_down_first,UP,150,0.5056561522729276,1.0,settlement,971.6732076016158,1
2026-04-01 10:40:00+00:00,chop_down_first,UP,150,0.5054123661042461,0.0,settlement,-1002.0,0
2026-04-01 10:45:00+00:00,chop_down_first,UP,150,0.5054217567862546,1.0,settlement,972.5885225555483,1
2026-04-01 10:50:00+00:00,chop_up_first,DOWN,150,0.504918973694353,0.0,settlement,-1002.0,0
2026-04-01 10:55:00+00:00,chop_up_first,DOWN,150,0.5067967927098823,1.0,settlement,967.231088980685,1
2026-04-01 11:00:00+00:00,chop_down_first,UP,150,0.5045046602261777,0.0,settlement,-1002.0,0
2026-04-01 11:05:00+00:00,chop_down_first,UP,150,0.504573022851306,0.0,settlement,-1002.0,0
2026-04-01 11:10:00+00:00,chop_down_first,UP,150,0.5057234058899558,1.0,settlement,971.4107387095357,1
2026-04-01 11:25:00+00:00,chop_down_first,UP,150,0.5056807024241812,0.0,settlement,-1002.0,0
2026-04-01 11:30:00+00:00,chop_down_first,UP,150,0.505788517903717,0.0,settlement,-1002.0,0
2026-04-01 11:40:00+00:00,trend_down,DOWN,150,0.5058940540272515,1.0,settlement,970.745067974726,1
2026-04-01 11:45:00+00:00,chop_down_first,UP,150,0.505244338401381,1.0,settlement,973.2819064884983,1
2026-04-01 11:50:00+00:00,chop_up_first,DOWN,150,0.5046602880610632,0.0,settlement,-1002.0,0
2026-04-01 11:55:00+00:00,chop_up_first,DOWN,150,0.5049441680572171,0.0,settlement,-1002.0,0
2026-04-01 12:00:00+00:00,chop_up_first,DOWN,150,0.5067509494854031,1.0,settlement,967.4092354705044,1
2026-04-01 12:05:00+00:00,chop_down_first,UP,150,0.5058939778178086,1.0,settlement,970.745365155181,1
2026-04-01 12:10:00+00:00,chop_down_first,UP,150,0.5054567548678235,1.0,settlement,972.451801046711,1
2026-04-01 12:15:00+00:00,chop_down_first,UP,150,0.5055846519010199,1.0,settlement,971.9523267715454,1
2026-04-01 12:20:00+00:00,chop_up_first,DOWN,150,0.5066032077022747,1.0,settlement,967.9835785218988,1
2026-04-01 12:25:00+00:00,chop_up_first,DOWN,150,0.5057073925133815,1.0,settlement,971.4732273536856,1
2026-04-01 12:30:00+00:00,chop_up_first,DOWN,150,0.5052350928248903,1.0,settlement,973.3180532649526,1
2026-04-01 12:35:00+00:00,chop_up_first,DOWN,150,0.5055955847086,1.0,settlement,971.9096427734772,1
2026-04-01 12:40:00+00:00,chop_down_first,UP,150,0.5058551617561271,1.0,settlement,970.8967409076988,1
2026-04-01 12:45:00+00:00,chop_up_first,DOWN,150,0.5078029544531163,1.0,settlement,963.3292507421635,1
2026-04-01 12:50:00+00:00,chop_down_first,UP,150,0.5062885773889416,0.0,settlement,-1002.0,0
2026-04-01 12:55:00+00:00,chop_down_first,UP,150,0.5051839479241891,0.0,settlement,-1002.0,0
2026-04-01 13:00:00+00:00,chop_up_first,DOWN,150,0.5061778905134265,1.0,settlement,969.6388619576179,1
2026-04-01 13:05:00+00:00,chop_up_first,DOWN,150,0.5061872308201426,1.0,settlement,969.6024807322871,1
2026-04-01 13:10:00+00:00,chop_down_first,UP,150,0.5068668228206165,1.0,settlement,966.9590146112183,1
2026-04-01 13:15:00+00:00,chop_down_first,UP,150,0.505873374033069,1.0,settlement,970.8257133666826,1
2026-04-01 13:20:00+00:00,chop_up_first,DOWN,150,0.5056274082031377,1.0,settlement,971.7854076119422,1
2026-04-01 13:25:00+00:00,chop_down_first,UP,150,0.5063763542930296,1.0,settlement,968.8661187257528,1
2026-04-01 13:30:00+00:00,chop_up_first,DOWN,150,0.50582497032297,0.0,settlement,-1002.0,0
2026-04-01 13:35:00+00:00,chop_up_first,DOWN,150,0.5062213040087241,1.0,settlement,969.4697743791533,1
2026-04-01 13:40:00+00:00,chop_up_first,DOWN,150,0.5095317070281925,1.0,settlement,956.6612299767646,1
2026-04-01 13:45:00+00:00,chop_up_first,DOWN,150,0.5056567872056257,1.0,settlement,971.6707293402998,1
2026-04-01 13:50:00+00:00,chop_down_first,UP,150,0.506031164660987,1.0,settlement,970.210546891129,1
2026-04-01 13:55:00+00:00,chop_down_first,UP,150,0.506348464392668,0.0,settlement,-1002.0,0
2026-04-01 14:00:00+00:00,chop_down_first,UP,150,0.5061223337110288,1.0,settlement,969.8552877965063,1
2026-04-01 14:05:00+00:00,chop_up_first,DOWN,150,0.5063026196399005,1.0,settlement,969.1531429756599,1
2026-04-01 14:10:00+00:00,chop_up_first,DOWN,150,0.504534353142352,0.0,settlement,-1002.0,0
2026-04-01 14:15:00+00:00,chop_down_first,UP,150,0.5045687510196171,1.0,settlement,975.9266908290936,1
2026-04-01 14:20:00+00:00,chop_down_first,UP,150,0.507678128781032,1.0,settlement,963.8124772801666,1
2026-04-01 14:25:00+00:00,chop_down_first,UP,150,0.5053424873795059,1.0,settlement,972.8982619197708,1
2026-04-01 14:30:00+00:00,chop_down_first,UP,150,0.5040604127480333,0.0,settlement,-1002.0,0
2026-04-01 14:35:00+00:00,trend_down,DOWN,150,0.5051928168738665,0.0,settlement,-1002.0,0
2026-04-01 14:40:00+00:00,chop_down_first,UP,150,0.5063753515302744,1.0,settlement,968.8700215838472,1
2026-04-01 14:45:00+00:00,chop_up_first,DOWN,150,0.5060472518577046,0.0,settlement,-1002.0,0
2026-04-01 14:50:00+00:00,chop_up_first,DOWN,150,0.5052803616310034,0.0,settlement,-1002.0,0
2026-04-01 15:00:00+00:00,chop_up_first,DOWN,150,0.5052508993483349,0.0,settlement,-1002.0,0
2026-04-01 15:05:00+00:00,chop_up_first,DOWN,150,0.5055032141766378,1.0,settlement,972.2703350077398,1
2026-04-01 15:10:00+00:00,chop_up_first,DOWN,150,0.506338211265646,1.0,settlement,969.0145862888625,1
2026-04-01 15:15:00+00:00,chop_up_first,DOWN,150,0.5050281457057922,0.0,settlement,-1002.0,0
2026-04-01 15:20:00+00:00,chop_up_first,DOWN,150,0.5042606287387129,0.0,settlement,-1002.0,0
2026-04-01 15:25:00+00:00,chop_up_first,DOWN,150,0.506281367606007,1.0,settlement,969.235885529671,1
2026-04-01 15:30:00+00:00,chop_down_first,UP,150,0.5057578694325922,1.0,settlement,971.2762658140198,1
2026-04-01 15:35:00+00:00,chop_down_first,UP,150,0.5060084275263008,0.0,settlement,-1002.0,0
2026-04-01 15:40:00+00:00,chop_up_first,DOWN,150,0.5050946761467365,0.0,settlement,-1002.0,0
2026-04-01 15:45:00+00:00,chop_down_first,UP,150,0.5055939008421172,1.0,settlement,971.9162168248693,1
2026-04-01 15:50:00+00:00,chop_down_first,UP,150,0.5058725694162315,1.0,settlement,970.8288512493874,1
2026-04-01 15:55:00+00:00,chop_up_first,DOWN,150,0.5045423165736509,0.0,settlement,-1002.0,0
2026-04-01 16:00:00+00:00,chop_up_first,DOWN,150,0.5056939104512644,1.0,settlement,971.5258411741955,1
2026-04-01 16:05:00+00:00,chop_down_first,UP,150,0.5044972244247496,1.0,settlement,976.2071172699995,1
2026-04-01 16:10:00+00:00,chop_up_first,DOWN,150,0.5069495146435439,1.0,settlement,966.6378449375437,1
2026-04-01 16:15:00+00:00,chop_up_first,DOWN,150,0.5054955391216289,0.0,settlement,-1002.0,0
2026-04-01 16:20:00+00:00,chop_up_first,DOWN,150,0.5046890194035674,0.0,settlement,-1002.0,0
2026-04-01 16:25:00+00:00,chop_down_first,UP,150,0.505788893726615,1.0,settlement,971.1552281561784,1
2026-04-01 16:30:00+00:00,chop_down_first,UP,150,0.505192898160444,0.0,settlement,-1002.0,0
2026-04-01 16:35:00+00:00,chop_down_first,UP,150,0.5075232087658216,1.0,settlement,964.4125359447186,1
2026-04-01 16:40:00+00:00,chop_down_first,UP,150,0.5045238531489311,1.0,settlement,976.10270767396,1
2026-04-01 16:45:00+00:00,chop_up_first,DOWN,150,0.5063962782430822,1.0,settlement,968.7885758215158,1
2026-04-01 16:50:00+00:00,chop_up_first,DOWN,150,0.5053916750695288,1.0,settlement,972.7060532065574,1
2026-04-01 16:55:00+00:00,chop_up_first,DOWN,150,0.5052422921216208,1.0,settlement,973.2899065697449,1
2026-04-01 17:00:00+00:00,chop_down_first,UP,150,0.5063662379598908,1.0,settlement,968.9054932668151,1
2026-04-01 17:05:00+00:00,chop_up_first,DOWN,150,0.5065097496012517,1.0,settlement,968.3470679205534,1
2026-04-01 17:10:00+00:00,chop_up_first,DOWN,150,0.5065465553182115,1.0,settlement,968.2039023304749,1
2026-04-01 17:15:00+00:00,chop_up_first,DOWN,150,0.5047714707376463,0.0,settlement,-1002.0,0
2026-04-01 17:20:00+00:00,chop_up_first,DOWN,150,0.506933501767739,1.0,settlement,966.7000297274735,1
2026-04-01 17:25:00+00:00,chop_up_first,DOWN,150,0.5060221362919689,1.0,settlement,970.2457347679461,1
2026-04-01 17:30:00+00:00,chop_down_first,UP,150,0.5049007873271046,0.0,settlement,-1002.0,0
2026-04-01 17:35:00+00:00,chop_down_first,UP,150,0.5062005537537514,1.0,settlement,969.5505891870114,1
2026-04-01 17:45:00+00:00,chop_up_first,DOWN,150,0.5055957924489624,1.0,settlement,971.9088317289422,1
2026-04-01 17:50:00+00:00,chop_up_first,DOWN,150,0.5048981420667855,0.0,settlement,-1002.0,0
2026-04-01 18:00:00+00:00,chop_up_first,DOWN,150,0.5080440250449955,1.0,settlement,962.396687691802,1
2026-04-01 18:05:00+00:00,chop_down_first,UP,150,0.5052170726443819,0.0,settlement,-1002.0000000000001,0
2026-04-01 18:10:00+00:00,chop_down_first,UP,150,0.5061983325981945,1.0,settlement,969.5592401845846,1
2026-04-01 18:15:00+00:00,chop_down_first,UP,150,0.5044808506239751,0.0,settlement,-1002.0,0
2026-04-01 18:20:00+00:00,chop_up_first,DOWN,150,0.5047415356062173,1.0,settlement,975.2496012268084,1
2026-04-01 18:25:00+00:00,chop_down_first,UP,150,0.506665279542335,1.0,settlement,967.7422347579887,1
2026-04-01 18:30:00+00:00,chop_down_first,UP,150,0.5057766282578243,1.0,settlement,971.2030786746047,1
2026-04-01 18:35:00+00:00,chop_up_first,DOWN,150,0.5057305966551002,0.0,settlement,-1002.0,0
2026-04-01 18:40:00+00:00,chop_down_first,UP,150,0.5065740067471206,1.0,settlement,968.0971362673904,1
2026-04-01 18:45:00+00:00,chop_up_first,DOWN,150,0.506338193581399,1.0,settlement,969.0146551280483,1
2026-04-01 18:50:00+00:00,chop_up_first,DOWN,150,0.5056078394594604,1.0,settlement,971.8617998228635,1
2026-04-01 18:55:00+00:00,chop_up_first,DOWN,150,0.5059973735084927,1.0,settlement,970.3422536367167,1
2026-04-01 19:00:00+00:00,chop_down_first,UP,150,0.506148920625142,1.0,settlement,969.7517104795464,1
2026-04-01 19:05:00+00:00,chop_down_first,UP,150,0.5057057641061327,1.0,settlement,971.4795820728461,1
2026-04-01 19:10:00+00:00,chop_up_first,DOWN,150,0.5054587742539874,1.0,settlement,972.4439128056683,1
2026-04-01 19:15:00+00:00,chop_down_first,UP,150,0.5048484299682832,1.0,settlement,974.8309471868592,1
2026-04-01 19:20:00+00:00,chop_up_first,DOWN,150,0.505201754620323,0.0,settlement,-1002.0,0
2026-04-01 19:25:00+00:00,chop_down_first,UP,150,0.5058125417729216,1.0,settlement,971.0629780390856,1
2026-04-01 19:30:00+00:00,chop_up_first,DOWN,150,0.5059707279636367,1.0,settlement,970.4461215703462,1
2026-04-01 19:35:00+00:00,chop_down_first,UP,150,0.5047655684671485,1.0,settlement,975.1554605649624,1
2026-04-01 19:40:00+00:00,chop_down_first,UP,150,0.5053548030527558,0.0,settlement,-1002.0,0
2026-04-01 19:45:00+00:00,chop_down_first,UP,150,0.506410440921402,1.0,settlement,968.7334591762411,1
2026-04-01 19:50:00+00:00,chop_up_first,DOWN,150,0.5065922372401404,1.0,settlement,968.0262393221734,1
2026-04-01 19:55:00+00:00,chop_up_first,DOWN,150,0.5053109048597972,1.0,settlement,973.0216953598172,1
2026-04-01 20:00:00+00:00,chop_up_first,DOWN,150,0.5056276212388409,1.0,settlement,971.7845759984295,1
2026-04-01 20:05:00+00:00,chop_down_first,UP,150,0.5056748058439651,1.0,settlement,971.6004018122876,1
2026-04-01 20:10:00+00:00,chop_down_first,UP,150,0.5056712110266123,0.0,settlement,-1002.0,0
2026-04-01 20:15:00+00:00,chop_down_first,UP,150,0.5052522877626152,0.0,settlement,-1002.0,0
2026-04-01 20:20:00+00:00,chop_up_first,DOWN,150,0.5052882209570063,0.0,settlement,-1002.0,0
2026-04-01 20:50:00+00:00,chop_down_first,UP,150,0.5055677415587949,1.0,settlement,972.0183519678495,1
2026-04-01 20:55:00+00:00,chop_up_first,DOWN,150,0.5055813959088422,1.0,settlement,971.9650392118905,1
2026-04-01 21:05:00+00:00,chop_down_first,UP,150,0.5055470838782755,1.0,settlement,972.0990143665751,1
2026-04-01 21:20:00+00:00,chop_down_first,UP,150,0.5054960994992473,1.0,settlement,972.2981221588752,1
2026-04-01 21:25:00+00:00,chop_down_first,UP,150,0.5055122127623479,1.0,settlement,972.2351911667486,1
2026-04-01 21:35:00+00:00,chop_up_first,DOWN,150,0.506160820197972,1.0,settlement,969.7053556410342,1
2026-04-01 21:40:00+00:00,chop_up_first,DOWN,150,0.5060229707854725,1.0,settlement,970.2424822945443,1
2026-04-01 21:50:00+00:00,chop_up_first,DOWN,150,0.5056009576292522,0.0,settlement,-1002.0,0
2026-04-01 21:55:00+00:00,chop_down_first,UP,150,0.5050955066652331,1.0,settlement,973.8639442054151,1
2026-04-01 22:00:00+00:00,chop_up_first,DOWN,150,0.5059049531221081,1.0,settlement,970.7025676285817,1
2026-04-01 22:05:00+00:00,chop_up_first,DOWN,150,0.5055939078047892,1.0,settlement,971.9161896415291,1
2026-04-01 22:10:00+00:00,chop_down_first,UP,150,0.5050763556945023,0.0,settlement,-1002.0,0
2026-04-01 22:15:00+00:00,chop_up_first,DOWN,150,0.5063621845069998,1.0,settlement,968.9212704571623,1
2026-04-01 22:20:00+00:00,chop_down_first,UP,150,0.505978879386407,1.0,settlement,970.4143450617144,1
2026-04-01 22:25:00+00:00,trend_down,DOWN,150,0.505096434467836,1.0,settlement,973.8603147762896,1
2026-04-01 22:30:00+00:00,chop_up_first,DOWN,150,0.50512177888797,0.0,settlement,-1002.0,0
2026-04-01 22:35:00+00:00,chop_up_first,DOWN,150,0.5057431128657323,1.0,settlement,971.3338420467134,1
2026-04-01 22:40:00+00:00,chop_down_first,UP,150,0.5062378643251022,1.0,settlement,969.4052826342753,1
2026-04-01 22:45:00+00:00,chop_down_first,UP,150,0.5047413368738726,0.0,settlement,-1002.0,0
2026-04-01 22:50:00+00:00,chop_up_first,DOWN,150,0.5058815567841021,1.0,settlement,970.7938024550718,1
2026-04-01 22:55:00+00:00,chop_up_first,DOWN,150,0.5053496565056833,1.0,settlement,972.8702450909377,1
2026-04-01 23:00:00+00:00,chop_down_first,UP,150,0.5060459762519226,1.0,settlement,970.1528217490857,1
2026-04-01 23:05:00+00:00,chop_up_first,DOWN,150,0.5054757601292804,0.0,settlement,-1002.0,0
2026-04-01 23:10:00+00:00,chop_up_first,DOWN,150,0.5057179647922511,1.0,settlement,971.431970940519,1
2026-04-01 23:15:00+00:00,chop_up_first,DOWN,150,0.5056388594559312,1.0,settlement,971.7407071004209,1
2026-04-01 23:20:00+00:00,chop_down_first,UP,150,0.5053204840777791,0.0,settlement,-1002.0,0
2026-04-01 23:25:00+00:00,chop_down_first,UP,150,0.5055727890709204,1.0,settlement,971.9986438629378,1
2026-04-01 23:30:00+00:00,chop_up_first,DOWN,150,0.5063284590622709,0.0,settlement,-1002.0,0
2026-04-01 23:35:00+00:00,chop_down_first,UP,150,0.5053543409439756,1.0,settlement,972.8519388114644,1
2026-04-01 23:45:00+00:00,trend_down,DOWN,150,0.5049621817013754,0.0,settlement,-1002.0,0
2026-04-01 23:50:00+00:00,chop_up_first,DOWN,150,0.5057518577854988,1.0,settlement,971.2997212701791,1
2026-04-01 23:55:00+00:00,trend_down,DOWN,150,0.5054612457665563,0.0,settlement,-1002.0,0
2026-04-02 00:00:00+00:00,chop_up_first,DOWN,150,0.5056159065861073,0.0,settlement,-1002.0,0
2026-04-02 00:05:00+00:00,chop_down_first,UP,150,0.5050502427421527,1.0,settlement,974.0410262974901,1
2026-04-02 00:10:00+00:00,chop_down_first,UP,150,0.505045668578907,1.0,settlement,974.0589231626589,1
2026-04-02 00:15:00+00:00,chop_up_first,DOWN,150,0.505031708230049,1.0,settlement,974.1135464100348,1
2026-04-02 00:20:00+00:00,chop_down_first,UP,150,0.5054208204328323,1.0,settlement,972.5921807204791,1
2026-04-02 00:25:00+00:00,chop_up_first,DOWN,150,0.505065313460988,1.0,settlement,973.9820629160805,1
2026-04-02 00:30:00+00:00,chop_down_first,UP,150,0.5054522758421607,1.0,settlement,972.4692974963455,1
2026-04-02 00:35:00+00:00,chop_up_first,DOWN,150,0.5052955221749819,0.0,settlement,-1002.0,0
2026-04-02 00:40:00+00:00,chop_down_first,UP,150,0.5057930372327316,1.0,settlement,971.1390638752272,1
2026-04-02 00:45:00+00:00,chop_up_first,DOWN,150,0.5054138098721975,1.0,settlement,972.6195701545258,1
2026-04-02 00:50:00+00:00,chop_up_first,DOWN,150,0.5052995314316766,0.0,settlement,-1002.0,0
2026-04-02 00:55:00+00:00,chop_down_first,UP,150,0.5052333440922845,0.0,settlement,-1002.0000000000001,0
2026-04-02 01:00:00+00:00,chop_up_first,DOWN,150,0.5077962817308317,1.0,settlement,963.355076248887,1
2026-04-02 01:05:00+00:00,chop_up_first,DOWN,150,0.5065109977352446,0.0,settlement,-1002.0,0
2026-04-02 01:10:00+00:00,chop_down_first,UP,150,0.5041156647503537,0.0,settlement,-1002.0,0
2026-04-02 01:15:00+00:00,chop_up_first,DOWN,150,0.509838778443548,1.0,settlement,955.4815455323469,1
2026-04-02 01:20:00+00:00,chop_down_first,UP,150,0.5038469564848036,0.0,settlement,-1002.0,0
2026-04-02 01:25:00+00:00,chop_up_first,DOWN,150,0.5059700758958992,0.0,settlement,-1002.0,0
2026-04-02 01:30:00+00:00,chop_up_first,DOWN,150,0.5097832603068456,1.0,settlement,955.6947257924671,1
2026-04-02 01:35:00+00:00,chop_down_first,UP,150,0.5064395285513309,0.0,settlement,-1002.0,0
2026-04-02 01:40:00+00:00,chop_up_first,DOWN,150,0.5075970683667809,1.0,settlement,964.1264065435116,1
2026-04-02 01:45:00+00:00,chop_down_first,UP,150,0.5046425597056958,0.0,settlement,-1002.0,0
2026-04-02 01:50:00+00:00,chop_down_first,UP,150,0.5076049563237061,1.0,settlement,964.095853807154,1
2026-04-02 01:55:00+00:00,chop_down_first,UP,150,0.5068206260687638,1.0,settlement,967.1384854265868,1
2026-04-02 02:00:00+00:00,chop_up_first,DOWN,150,0.5062822335515446,1.0,settlement,969.2325139262342,1
2026-04-02 02:05:00+00:00,chop_down_first,UP,150,0.5069300885966249,0.0,settlement,-1002.0,0
2026-04-02 02:20:00+00:00,chop_down_first,UP,150,0.5063109036245064,1.0,settlement,969.1208920362169,1
2026-04-02 02:25:00+00:00,chop_up_first,DOWN,150,0.5048803978510779,1.0,settlement,974.7057787305407,1
2026-04-02 02:35:00+00:00,chop_up_first,DOWN,150,0.5056821683956763,0.0,settlement,-1002.0,0
2026-04-02 02:40:00+00:00,chop_down_first,UP,150,0.5056487904843676,0.0,settlement,-1002.0,0
2026-04-02 02:45:00+00:00,chop_down_first,UP,150,0.5065767726291247,1.0,settlement,968.0863796427088,1
2026-04-02 02:50:00+00:00,chop_down_first,UP,150,0.5057677972313974,1.0,settlement,971.2375320514878,1
2026-04-02 02:55:00+00:00,chop_down_first,UP,150,0.5054963041040665,0.0,settlement,-1002.0,0
2026-04-02 03:00:00+00:00,chop_up_first,DOWN,150,0.5059127304522609,1.0,settlement,970.6722415303473,1
2026-04-02 03:05:00+00:00,chop_down_first,UP,150,0.505360647282376,1.0,settlement,972.8272948573225,1
2026-04-02 03:10:00+00:00,chop_up_first,DOWN,150,0.5067406831012989,1.0,settlement,967.4491349937595,1
2026-04-02 03:15:00+00:00,chop_down_first,UP,150,0.5057374840103973,0.0,settlement,-1002.0,0
2026-04-02 03:20:00+00:00,chop_down_first,UP,150,0.5066351488332312,1.0,settlement,967.8593796706967,1
2026-04-02 03:25:00+00:00,chop_down_first,UP,150,0.5047049978763092,0.0,settlement,-1002.0,0
2026-04-02 03:30:00+00:00,chop_up_first,DOWN,150,0.5056122564667193,1.0,settlement,971.844556249777,1
2026-04-02 03:35:00+00:00,chop_down_first,UP,150,0.5050254745313617,0.0,settlement,-1002.0,0
2026-04-02 03:45:00+00:00,chop_up_first,DOWN,150,0.5054573737044503,1.0,settlement,972.4493837051981,1
2026-04-02 03:50:00+00:00,chop_down_first,UP,150,0.5059098157822794,1.0,settlement,970.6836065768167,1
2026-04-02 03:55:00+00:00,chop_down_first,UP,150,0.5051577022818188,0.0,settlement,-1002.0,0
2026-04-02 04:00:00+00:00,chop_down_first,UP,150,0.5057587114934903,0.0,settlement,-1002.0,0
2026-04-02 04:05:00+00:00,chop_down_first,UP,150,0.5053656527965152,1.0,settlement,972.8077347113324,1
2026-04-02 04:15:00+00:00,chop_down_first,UP,150,0.5054065180242324,1.0,settlement,972.6480593512042,1
2026-04-02 04:20:00+00:00,trend_down,DOWN,150,0.5064319411224093,1.0,settlement,968.649793115585,1
2026-04-02 04:25:00+00:00,trend_up,UP,150,0.5046304856302217,1.0,settlement,975.6847186582874,1
2026-04-02 04:35:00+00:00,chop_up_first,DOWN,150,0.5057722706482674,1.0,settlement,971.2200793072855,1
2026-04-02 04:40:00+00:00,trend_down,DOWN,150,0.5053533206726059,0.0,settlement,-1002.0,0
2026-04-02 04:45:00+00:00,chop_down_first,UP,150,0.5060060650155602,1.0,settlement,970.3083753340198,1
2026-04-02 04:50:00+00:00,trend_down,DOWN,150,0.5052190132115627,1.0,settlement,973.3809217431075,1
2026-04-02 04:55:00+00:00,chop_down_first,UP,150,0.5049115038116602,1.0,settlement,974.5840002969501,1
2026-04-02 05:00:00+00:00,chop_down_first,UP,150,0.5066949409008389,1.0,settlement,967.6269282374983,1
2026-04-02 05:15:00+00:00,chop_up_first,DOWN,150,0.5055156416581671,1.0,settlement,972.2217999949722,1
2026-04-02 05:20:00+00:00,trend_up,UP,150,0.5062207193707691,1.0,settlement,969.4720512437958,1
2026-04-02 05:30:00+00:00,trend_down,DOWN,150,0.5048964475323616,0.0,settlement,-1002.0,0
2026-04-02 05:35:00+00:00,chop_up_first,DOWN,150,0.5057390768346043,0.0,settlement,-1002.0,0
2026-04-02 05:40:00+00:00,chop_down_first,UP,150,0.5061393454555209,1.0,settlement,969.7890121776819,1
2026-04-02 05:45:00+00:00,chop_up_first,DOWN,150,0.5058428179696489,1.0,settlement,970.944884353149,1
2026-04-02 05:50:00+00:00,chop_down_first,UP,150,0.505428263091894,1.0,settlement,972.5631039603129,1
2026-04-02 05:55:00+00:00,chop_down_first,UP,150,0.506251244056896,1.0,settlement,969.3531802952722,1
2026-04-02 06:00:00+00:00,trend_up,UP,150,0.5051194531277267,1.0,settlement,973.770273388464,1
2026-04-02 06:15:00+00:00,chop_down_first,UP,150,0.5066315596214926,1.0,settlement,967.873335063476,1
2026-04-02 06:20:00+00:00,chop_up_first,DOWN,150,0.5067394975601062,1.0,settlement,967.4537426138243,1
2026-04-02 06:25:00+00:00,trend_up,UP,150,0.5048725396408852,0.0,settlement,-1002.0,0
2026-04-02 06:30:00+00:00,chop_down_first,UP,150,0.5057560462019351,1.0,settlement,971.2833793973562,1
2026-04-02 06:45:00+00:00,chop_down_first,UP,150,0.5058046392268845,1.0,settlement,971.0938046069119,1
2026-04-02 07:00:00+00:00,chop_up_first,DOWN,150,0.5053595185598406,0.0,settlement,-1002.0,0
2026-04-02 07:05:00+00:00,chop_up_first,DOWN,150,0.5052628214449714,1.0,settlement,973.2096486060038,1
2026-04-02 07:10:00+00:00,chop_up_first,DOWN,150,0.5062589910501424,1.0,settlement,969.3230137993801,1
2026-04-02 07:15:00+00:00,chop_down_first,UP,150,0.5068326556115583,1.0,settlement,967.0917484308219,1
2026-04-02 07:20:00+00:00,chop_up_first,DOWN,150,0.5053667910090126,1.0,settlement,972.8032869500558,1
2026-04-02 07:25:00+00:00,chop_up_first,DOWN,150,0.5055961672717962,1.0,settlement,971.9073683750839,1
2026-04-02 07:30:00+00:00,chop_down_first,UP,150,0.5063459118957379,1.0,settlement,968.9846106262216,1
2026-04-02 07:35:00+00:00,chop_down_first,UP,150,0.5058056421610769,1.0,settlement,971.0898922677117,1
2026-04-02 07:40:00+00:00,chop_down_first,UP,150,0.5054709222033741,1.0,settlement,972.3964611251346,1
2026-04-02 07:50:00+00:00,chop_up_first,DOWN,150,0.5056563787772016,1.0,settlement,971.6723235122699,1
2026-04-02 08:00:00+00:00,chop_up_first,DOWN,150,0.5065881797640054,1.0,settlement,968.0420180844317,1
2026-04-02 08:15:00+00:00,chop_up_first,DOWN,150,0.505507198051634,1.0,settlement,972.2547758895834,1
2026-04-02 08:20:00+00:00,chop_up_first,DOWN,150,0.5062381040067091,1.0,settlement,969.4043492600739,1
2026-04-02 08:35:00+00:00,chop_up_first,DOWN,150,0.5070266750287987,1.0,settlement,966.3382534919182,1
2026-04-02 08:45:00+00:00,chop_down_first,UP,150,0.5055633603432258,0.0,settlement,-1002.0,0
2026-04-02 08:50:00+00:00,chop_down_first,UP,150,0.5051097134516281,0.0,settlement,-1002.0,0
2026-04-02 09:00:00+00:00,chop_down_first,UP,150,0.5044869537902371,0.0,settlement,-1002.0,0
2026-04-02 09:05:00+00:00,chop_up_first,DOWN,150,0.5054930043532524,1.0,settlement,972.3102108344316,1
2026-04-02 09:10:00+00:00,chop_down_first,UP,150,0.5053144820808538,1.0,settlement,973.0077137910191,1
2026-04-02 09:15:00+00:00,chop_up_first,DOWN,150,0.5049690000707062,1.0,settlement,974.3589445297813,1
2026-04-02 09:20:00+00:00,chop_down_first,UP,150,0.5060336049027983,1.0,settlement,970.2010363159606,1
2026-04-02 09:25:00+00:00,chop_down_first,UP,150,0.5066237355576578,1.0,settlement,967.9037568807703,1
2026-04-02 09:30:00+00:00,chop_up_first,DOWN,150,0.5051171246960857,1.0,settlement,973.7793810702173,1
2026-04-02 09:40:00+00:00,chop_up_first,DOWN,150,0.505748770832406,1.0,settlement,971.3117657555616,1
2026-04-02 09:45:00+00:00,chop_up_first,DOWN,150,0.5055771805537633,1.0,settlement,971.9814975566766,1
2026-04-02 09:55:00+00:00,chop_down_first,UP,150,0.5053562631646773,1.0,settlement,972.8444270785419,1
2026-04-02 10:00:00+00:00,trend_down,DOWN,150,0.5055596626569748,1.0,settlement,972.049897009186,1
2026-04-02 10:05:00+00:00,chop_up_first,DOWN,150,0.5053584462776253,1.0,settlement,972.8358958895002,1
2026-04-02 10:10:00+00:00,chop_up_first,DOWN,150,0.5049419744884959,1.0,settlement,974.4647235179248,1
2026-04-02 10:30:00+00:00,trend_up,UP,150,0.5055642093048468,1.0,settlement,972.032143953099,1
2026-04-02 10:35:00+00:00,chop_down_first,UP,150,0.5052159496113885,0.0,settlement,-1002.0,0
2026-04-02 10:40:00+00:00,chop_down_first,UP,150,0.5065960009784671,1.0,settlement,968.0116030770246,1
2026-04-02 10:45:00+00:00,chop_up_first,DOWN,150,0.5052940856327898,1.0,settlement,973.0874359635238,1
2026-04-02 10:50:00+00:00,chop_down_first,UP,150,0.505481201180898,0.0,settlement,-1002.0,0
2026-04-02 10:55:00+00:00,chop_up_first,DOWN,150,0.5048476315806208,1.0,settlement,974.8340734319676,1
2026-04-02 11:00:00+00:00,chop_up_first,DOWN,150,0.5056163985022583,0.0,settlement,-1002.0,0
2026-04-02 11:05:00+00:00,trend_down,DOWN,150,0.5057036140006624,1.0,settlement,971.4879727371152,1
2026-04-02 11:10:00+00:00,chop_up_first,DOWN,150,0.5060185472878257,1.0,settlement,970.2597231842826,1
2026-04-02 11:15:00+00:00,trend_up,UP,150,0.5056835020986044,1.0,settlement,971.5664617458644,1
2026-04-02 11:35:00+00:00,chop_down_first,UP,150,0.5051842725144285,0.0,settlement,-1002.0,0
2026-04-02 11:50:00+00:00,chop_down_first,UP,150,0.5049251461000128,0.0,settlement,-1002.0,0
2026-04-02 11:55:00+00:00,chop_up_first,DOWN,150,0.5056029611535177,1.0,settlement,971.8808446119333,1
2026-04-02 12:00:00+00:00,chop_up_first,DOWN,150,0.50585024279125,1.0,settlement,970.915925656373,1
2026-04-02 12:05:00+00:00,trend_up,UP,150,0.505787996204303,0.0,settlement,-1002.0,0
2026-04-02 12:10:00+00:00,chop_up_first,DOWN,150,0.5051991699772448,0.0,settlement,-1002.0,0
2026-04-02 12:15:00+00:00,chop_up_first,DOWN,150,0.5063941266159718,1.0,settlement,968.7969495405337,1
2026-04-02 12:20:00+00:00,chop_up_first,DOWN,150,0.5063279957922586,0.0,settlement,-1002.0,0
2026-04-02 12:25:00+00:00,chop_up_first,DOWN,150,0.5054484100445936,0.0,settlement,-1002.0,0
2026-04-02 12:30:00+00:00,chop_down_first,UP,150,0.5052262761022065,0.0,settlement,-1002.0,0
2026-04-02 12:35:00+00:00,chop_down_first,UP,150,0.5055116870913995,1.0,settlement,972.2372441323116,1
2026-04-02 12:40:00+00:00,chop_down_first,UP,150,0.5054936215563345,1.0,settlement,972.307800219747,1
2026-04-02 12:45:00+00:00,chop_up_first,DOWN,150,0.5055895829220144,1.0,settlement,971.9330747918877,1
2026-04-02 12:50:00+00:00,chop_up_first,DOWN,150,0.5055208778475754,1.0,settlement,972.2013509893391,1
2026-04-02 12:55:00+00:00,chop_up_first,DOWN,150,0.5052418171802106,1.0,settlement,973.2917633973905,1
2026-04-02 13:00:00+00:00,chop_down_first,UP,150,0.5059069542866231,0.0,settlement,-1002.0,0
2026-04-02 13:05:00+00:00,chop_down_first,UP,150,0.506707377060765,1.0,settlement,967.5785875253177,1
2026-04-02 13:10:00+00:00,chop_up_first,DOWN,150,0.5056088225729677,1.0,settlement,971.8579618158703,1
2026-04-02 13:15:00+00:00,chop_down_first,UP,150,0.5043801221664845,0.0,settlement,-1002.0,0
2026-04-02 13:20:00+00:00,chop_down_first,UP,150,0.5060982209287708,1.0,settlement,969.9492357995474,1
2026-04-02 13:25:00+00:00,chop_down_first,UP,150,0.5056660556112041,1.0,settlement,971.6345537248023,1
2026-04-02 13:30:00+00:00,chop_up_first,DOWN,150,0.5072197388087155,1.0,settlement,965.5890420667744,1
2026-04-02 13:35:00+00:00,chop_up_first,DOWN,150,0.5061260196567797,1.0,settlement,969.8409274369569,1
2026-04-02 13:40:00+00:00,chop_down_first,UP,150,0.5053787987333731,1.0,settlement,972.7563659205324,1
2026-04-02 13:45:00+00:00,chop_down_first,UP,150,0.5068071737703163,1.0,settlement,967.190752718688,1
2026-04-02 13:50:00+00:00,chop_down_first,UP,150,0.505991480825499,1.0,settlement,970.3652231690035,1
2026-04-02 13:55:00+00:00,chop_up_first,DOWN,150,0.5048558459593835,0.0,settlement,-1002.0,0
2026-04-02 14:00:00+00:00,chop_up_first,DOWN,150,0.5060257118209698,1.0,settlement,970.231799069311,1
2026-04-02 14:05:00+00:00,chop_down_first,UP,150,0.5068285634327817,1.0,settlement,967.1076470522563,1
2026-04-02 14:10:00+00:00,chop_down_first,UP,150,0.5059913702339581,1.0,settlement,970.3656542572041,1
2026-04-02 14:15:00+00:00,trend_down,DOWN,150,0.5051291019391283,0.0,settlement,-1002.0,0
2026-04-02 14:20:00+00:00,chop_down_first,UP,150,0.5065945698334006,1.0,settlement,968.0171684197163,1
2026-04-02 14:30:00+00:00,trend_up,UP,150,0.5060457368905265,1.0,settlement,970.1537545842396,1
2026-04-02 14:35:00+00:00,chop_down_first,UP,150,0.5117239286665212,1.0,settlement,948.2703393226973,1
2026-04-02 14:40:00+00:00,chop_up_first,DOWN,150,0.5053271368359502,0.0,settlement,-1002.0,0
2026-04-02 14:45:00+00:00,chop_up_first,DOWN,150,0.5079750654356437,1.0,settlement,962.6633622540245,1
2026-04-02 14:50:00+00:00,chop_down_first,UP,150,0.505316046291276,1.0,settlement,973.0016001366586,1
2026-04-02 14:55:00+00:00,chop_down_first,UP,150,0.5057482512636767,1.0,settlement,971.3137929916105,1
2026-04-02 15:00:00+00:00,chop_up_first,DOWN,150,0.5060518794925138,1.0,settlement,970.1298160197105,1
2026-04-02 15:05:00+00:00,chop_up_first,DOWN,150,0.5060190353847057,0.0,settlement,-1002.0,0
2026-04-02 15:10:00+00:00,chop_down_first,UP,150,0.506644288960023,1.0,settlement,967.8238423817456,1
2026-04-02 15:15:00+00:00,chop_up_first,DOWN,150,0.5058013183074019,1.0,settlement,971.106759269977,1
2026-04-02 15:20:00+00:00,chop_up_first,DOWN,150,0.5067991329709718,1.0,settlement,967.2219956050378,1
2026-04-02 15:25:00+00:00,chop_down_first,UP,150,0.5049869073154282,1.0,settlement,974.2888612409566,1
2026-04-02 15:30:00+00:00,chop_up_first,DOWN,150,0.5062259507303305,1.0,settlement,969.4516779714448,1
2026-04-02 15:35:00+00:00,chop_down_first,UP,150,0.5077996988197131,1.0,settlement,963.3418509693237,1
2026-04-02 15:40:00+00:00,chop_up_first,DOWN,150,0.5067332004601082,0.0,settlement,-1002.0,0
2026-04-02 15:45:00+00:00,chop_up_first,DOWN,150,0.5056081869616488,1.0,settlement,971.8604431967001,1
2026-04-02 15:50:00+00:00,chop_up_first,DOWN,150,0.5058467723276844,0.0,settlement,-1002.0,0
2026-04-02 15:55:00+00:00,chop_up_first,DOWN,150,0.5058483984998825,0.0,settlement,-1002.0,0
2026-04-02 16:00:00+00:00,chop_down_first,UP,150,0.5049397979656968,0.0,settlement,-1002.0,0
2026-04-02 16:05:00+00:00,chop_up_first,DOWN,150,0.5044611290689001,0.0,settlement,-1002.0,0
2026-04-02 16:10:00+00:00,chop_down_first,UP,150,0.5051735269554894,0.0,settlement,-1002.0,0
2026-04-02 16:15:00+00:00,chop_down_first,UP,150,0.5048820901482433,0.0,settlement,-1002.0,0
2026-04-02 16:20:00+00:00,chop_up_first,DOWN,150,0.5050684615005206,1.0,settlement,973.9697468240576,1
2026-04-02 16:25:00+00:00,chop_up_first,DOWN,150,0.5046855378104805,0.0,settlement,-1002.0,0
2026-04-02 16:30:00+00:00,chop_down_first,UP,150,0.506258973239411,1.0,settlement,969.3230831526288,1
2026-04-02 16:35:00+00:00,chop_down_first,UP,150,0.5067498823628707,1.0,settlement,967.4133826860125,1
2026-04-02 16:40:00+00:00,chop_down_first,UP,150,0.5057565163076898,1.0,settlement,971.281545210663,1
2026-04-02 16:45:00+00:00,chop_down_first,UP,150,0.5049585637407434,0.0,settlement,-1002.0,0
2026-04-02 16:50:00+00:00,chop_up_first,DOWN,150,0.5046549971128684,0.0,settlement,-1002.0,0
2026-04-02 16:55:00+00:00,chop_up_first,DOWN,150,0.5056658456332205,1.0,settlement,971.6353732774925,1
2026-04-02 17:00:00+00:00,chop_up_first,DOWN,150,0.5075032222408066,1.0,settlement,964.4899773315257,1
2026-04-02 17:05:00+00:00,chop_down_first,UP,150,0.5054040749760937,1.0,settlement,972.657604506269,1
2026-04-02 17:10:00+00:00,trend_up,UP,150,0.5061686899846796,1.0,settlement,969.6747000495169,1
2026-04-02 17:15:00+00:00,chop_down_first,UP,150,0.5071586220380467,1.0,settlement,965.8261526728626,1
2026-04-02 17:20:00+00:00,chop_down_first,UP,150,0.5049582457253288,1.0,settlement,974.4010360232052,1
2026-04-02 17:25:00+00:00,chop_up_first,DOWN,150,0.5058452373082235,1.0,settlement,970.9354482226645,1
2026-04-02 17:35:00+00:00,chop_up_first,DOWN,150,0.5052613885685744,1.0,settlement,973.2152501250366,1
2026-04-02 17:40:00+00:00,chop_up_first,DOWN,150,0.5056798787056999,1.0,settlement,971.5806031167497,1
2026-04-02 17:45:00+00:00,chop_up_first,DOWN,150,0.5063716365232757,1.0,settlement,968.8844809164708,1
2026-04-02 17:50:00+00:00,chop_up_first,DOWN,150,0.5054766398914131,0.0,settlement,-1002.0,0
2026-04-02 17:55:00+00:00,chop_up_first,DOWN,150,0.504932593075757,1.0,settlement,974.5014453132483,1
2026-04-02 18:00:00+00:00,trend_down,DOWN,150,0.5056936716962693,0.0,settlement,-1002.0,0
2026-04-02 18:05:00+00:00,chop_up_first,DOWN,150,0.5059386737724167,1.0,settlement,970.5710876352657,1
2026-04-02 18:10:00+00:00,chop_down_first,UP,150,0.5053898994078275,0.0,settlement,-1002.0,0
2026-04-02 18:15:00+00:00,chop_down_first,UP,150,0.5055786611755259,1.0,settlement,971.9757166165608,1
2026-04-02 18:25:00+00:00,chop_up_first,DOWN,150,0.5049980263312853,1.0,settlement,974.2453474329006,1
2026-04-02 18:45:00+00:00,trend_up,UP,150,0.5060506563420418,1.0,settlement,970.1345827589394,1
2026-04-02 18:50:00+00:00,chop_down_first,UP,150,0.506198874564299,1.0,settlement,969.5571293180163,1
2026-04-02 19:00:00+00:00,chop_down_first,UP,150,0.5058517747347854,0.0,settlement,-1002.0,0
2026-04-02 19:05:00+00:00,chop_down_first,UP,150,0.5052837999700314,1.0,settlement,973.1276412566401,1
2026-04-02 19:10:00+00:00,trend_up,UP,150,0.5054521857543457,1.0,settlement,972.4696494101956,1
2026-04-02 19:15:00+00:00,trend_down,DOWN,150,0.5049904608484472,1.0,settlement,974.2749544283173,1
2026-04-02 19:20:00+00:00,chop_up_first,DOWN,150,0.506391228948245,1.0,settlement,968.8082268186349,1
2026-04-02 19:25:00+00:00,chop_down_first,UP,150,0.5052098694658463,1.0,settlement,973.416673975859,1
2026-04-02 19:30:00+00:00,chop_up_first,DOWN,150,0.5058251585875692,1.0,settlement,971.0137638601162,1
2026-04-02 19:35:00+00:00,chop_up_first,DOWN,150,0.5057924688282237,0.0,settlement,-1002.0,0
2026-04-02 19:40:00+00:00,chop_down_first,UP,150,0.5056461119624336,1.0,settlement,971.7123976425339,1
2026-04-02 19:45:00+00:00,chop_down_first,UP,150,0.50518868109063,0.0,settlement,-1002.0,0
2026-04-02 19:50:00+00:00,chop_down_first,UP,150,0.5061104783342323,1.0,settlement,969.9014774891242,1
2026-04-02 19:55:00+00:00,chop_down_first,UP,150,0.505175505038874,0.0,settlement,-1002.0,0
2026-04-02 20:00:00+00:00,chop_up_first,DOWN,150,0.5073620240369404,1.0,settlement,965.037248982862,1
2026-04-02 20:20:00+00:00,chop_up_first,DOWN,150,0.5058685245461522,1.0,settlement,970.8446257757809,1
2026-04-02 20:30:00+00:00,chop_up_first,DOWN,150,0.5055834170970318,1.0,settlement,971.9571478240621,1
2026-04-02 20:35:00+00:00,chop_down_first,UP,150,0.5058869548300702,1.0,settlement,970.7727518398511,1
2026-04-02 20:40:00+00:00,chop_up_first,DOWN,150,0.5060654995097652,1.0,settlement,970.0767390125994,1
2026-04-02 20:45:00+00:00,chop_up_first,DOWN,150,0.5056728551023965,1.0,settlement,971.6080153994218,1
2026-04-02 20:55:00+00:00,trend_down,DOWN,150,0.5052985770049504,1.0,settlement,973.069880298164,1
2026-04-02 21:00:00+00:00,chop_down_first,UP,150,0.5057044888899803,0.0,settlement,-1002.0,0
2026-04-02 21:05:00+00:00,chop_down_first,UP,150,0.5055596495375427,0.0,settlement,-1002.0,0
2026-04-02 21:10:00+00:00,chop_up_first,DOWN,150,0.5068099401845372,1.0,settlement,967.180003921417,1
2026-04-02 21:15:00+00:00,chop_up_first,DOWN,150,0.5048519645086665,0.0,settlement,-1002.0,0
2026-04-02 21:20:00+00:00,chop_down_first,UP,150,0.5055750539043721,0.0,settlement,-1002.0,0
2026-04-02 21:25:00+00:00,chop_down_first,UP,150,0.505398986096895,1.0,settlement,972.6774873993585,1
2026-04-02 21:40:00+00:00,chop_up_first,DOWN,150,0.5054134562791549,1.0,settlement,972.620951620993,1
2026-04-02 21:45:00+00:00,chop_down_first,UP,150,0.5055810821701558,1.0,settlement,971.9662641572457,1
2026-04-02 21:50:00+00:00,chop_down_first,UP,150,0.505458207966372,1.0,settlement,972.4461248641882,1
2026-04-02 21:55:00+00:00,chop_down_first,UP,150,0.5056651878713373,1.0,settlement,971.6379405535299,1
2026-04-02 22:05:00+00:00,chop_up_first,DOWN,150,0.5054902505708153,1.0,settlement,972.3209663747765,1
2026-04-02 22:10:00+00:00,chop_down_first,UP,150,0.5052198491436116,0.0,settlement,-1002.0,0
2026-04-02 22:15:00+00:00,chop_down_first,UP,150,0.5059005471672643,1.0,settlement,970.7197481564186,1
2026-04-02 22:20:00+00:00,chop_up_first,DOWN,150,0.5052154010956922,1.0,settlement,973.3950450353949,1
2026-04-02 22:25:00+00:00,chop_up_first,DOWN,150,0.5052826590834841,1.0,settlement,973.1321009318625,1
2026-04-02 22:30:00+00:00,chop_down_first,UP,150,0.5058061272368788,1.0,settlement,971.0880000443675,1
2026-04-02 22:45:00+00:00,chop_up_first,DOWN,150,0.5057458353584827,1.0,settlement,971.3232193451435,1
2026-04-02 22:50:00+00:00,chop_down_first,UP,150,0.5055791692523541,1.0,settlement,971.9737328890218,1
2026-04-02 22:55:00+00:00,chop_down_first,UP,150,0.5052970363192958,0.0,settlement,-1002.0,0
2026-04-02 23:00:00+00:00,chop_up_first,DOWN,150,0.5049686952511744,0.0,settlement,-1002.0,0
2026-04-02 23:05:00+00:00,chop_down_first,UP,150,0.5047069908654649,0.0,settlement,-1002.0,0
2026-04-02 23:25:00+00:00,chop_up_first,DOWN,150,0.5055967272843364,1.0,settlement,971.9051820221672,1
2026-04-02 23:35:00+00:00,chop_up_first,DOWN,150,0.5059008157665775,1.0,settlement,970.7187007748904,1
2026-04-02 23:40:00+00:00,trend_up,UP,150,0.5052650758756583,0.0,settlement,-1002.0,0
2026-04-02 23:55:00+00:00,trend_up,UP,150,0.5052742628384368,1.0,settlement,973.1649221031349,1
2026-04-03 00:00:00+00:00,chop_down_first,UP,150,0.5056933644756872,1.0,settlement,971.5279719059512,1
2026-04-03 00:05:00+00:00,chop_up_first,DOWN,150,0.5057733970354615,1.0,settlement,971.2156848297553,1
2026-04-03 00:10:00+00:00,chop_up_first,DOWN,150,0.504885538246456,0.0,settlement,-1002.0,0
2026-04-03 00:15:00+00:00,chop_up_first,DOWN,150,0.5056131709385888,1.0,settlement,971.8409862768705,1
2026-04-03 00:25:00+00:00,chop_up_first,DOWN,150,0.5071188988783913,1.0,settlement,965.9802945764864,1
2026-04-03 00:40:00+00:00,chop_up_first,DOWN,150,0.505371065690353,1.0,settlement,972.7865830757452,1
2026-04-03 00:45:00+00:00,chop_up_first,DOWN,150,0.5060389598650495,1.0,settlement,970.1801662586346,1
2026-04-03 00:55:00+00:00,chop_down_first,UP,150,0.5054704700191089,1.0,settlement,972.3982273826429,1
2026-04-03 01:00:00+00:00,chop_up_first,DOWN,150,0.5055781437085486,1.0,settlement,971.9777370109548,1
2026-04-03 01:05:00+00:00,chop_down_first,UP,150,0.5054413446733076,1.0,settlement,972.5119993004492,1
2026-04-03 01:10:00+00:00,chop_up_first,DOWN,150,0.5055702615537309,0.0,settlement,-1002.0,0
2026-04-03 01:15:00+00:00,chop_up_first,DOWN,150,0.5060614797830114,1.0,settlement,970.0924035315264,1
2026-04-03 01:25:00+00:00,chop_down_first,UP,150,0.5058330240478003,1.0,settlement,970.9830844450576,1
2026-04-03 01:35:00+00:00,chop_up_first,DOWN,150,0.5079878270922719,1.0,settlement,962.6140060334977,1
2026-04-03 01:40:00+00:00,chop_down_first,UP,150,0.5058150727020225,1.0,settlement,971.0531054932114,1
2026-04-03 01:45:00+00:00,chop_up_first,DOWN,150,0.5056736876945868,1.0,settlement,971.6047658520154,1
2026-04-03 01:50:00+00:00,chop_up_first,DOWN,150,0.5053516741539571,1.0,settlement,972.8623602975458,1
2026-04-03 01:55:00+00:00,chop_down_first,UP,150,0.5055586039553126,1.0,settlement,972.0540309115486,1
2026-04-03 02:00:00+00:00,chop_up_first,DOWN,150,0.5057885132100234,1.0,settlement,971.1567126072531,1
2026-04-03 02:15:00+00:00,trend_up,UP,150,0.5073705192641746,1.0,settlement,965.0043136273894,1
2026-04-03 02:20:00+00:00,chop_up_first,DOWN,150,0.5055687184315427,1.0,settlement,972.0145377193381,1
2026-04-03 02:25:00+00:00,chop_up_first,DOWN,150,0.5067528160197877,1.0,settlement,967.4019814998522,1
2026-04-03 02:30:00+00:00,chop_up_first,DOWN,150,0.5059627771086436,0.0,settlement,-1002.0,0
2026-04-03 02:35:00+00:00,chop_up_first,DOWN,150,0.5052872894249382,1.0,settlement,973.1140012562214,1
2026-04-03 02:40:00+00:00,chop_up_first,DOWN,150,0.5046690540908165,0.0,settlement,-1002.0,0
2026-04-03 02:45:00+00:00,chop_down_first,UP,150,0.5050552697720831,1.0,settlement,974.0213579206262,1
2026-04-03 02:55:00+00:00,chop_down_first,UP,150,0.5046732776841976,1.0,settlement,975.5170276095035,1
2026-04-03 03:00:00+00:00,chop_up_first,DOWN,150,0.5054706020186032,1.0,settlement,972.3977117847696,1
2026-04-03 03:05:00+00:00,chop_down_first,UP,150,0.5059905721105618,1.0,settlement,970.3687653649237,1
2026-04-03 03:10:00+00:00,chop_up_first,DOWN,150,0.5053186958855388,0.0,settlement,-1002.0,0
2026-04-03 03:15:00+00:00,chop_down_first,UP,150,0.5051098941048584,1.0,settlement,973.8076641294616,1
2026-04-03 03:20:00+00:00,chop_down_first,UP,150,0.5059570042082727,1.0,settlement,970.4996228912412,1
2026-04-03 03:25:00+00:00,chop_down_first,UP,150,0.5045337360357727,0.0,settlement,-1002.0,0
2026-04-03 03:45:00+00:00,chop_up_first,DOWN,150,0.5055513735838691,1.0,settlement,972.0822637374072,1
2026-04-03 04:00:00+00:00,trend_up,UP,150,0.5055168313372393,1.0,settlement,972.2171538779415,1
2026-04-03 04:05:00+00:00,trend_up,UP,150,0.5053959545395662,0.0,settlement,-1002.0,0
2026-04-03 04:10:00+00:00,trend_up,UP,150,0.5053781784960634,1.0,settlement,972.7587894869383,1
2026-04-03 04:35:00+00:00,chop_down_first,UP,150,0.5053663733495397,1.0,settlement,972.8049190240192,1
2026-04-03 04:40:00+00:00,trend_up,UP,150,0.5053252051080628,1.0,settlement,972.9658040243208,1
2026-04-03 04:45:00+00:00,chop_down_first,UP,150,0.5059113721056132,1.0,settlement,970.6775380563282,1
2026-04-03 04:50:00+00:00,chop_up_first,DOWN,150,0.5057607420125448,1.0,settlement,971.2650581551972,1
2026-04-03 04:55:00+00:00,chop_down_first,UP,150,0.5054064110664761,0.0,settlement,-1002.0,0
2026-04-03 05:15:00+00:00,chop_up_first,DOWN,150,0.5064271488230095,1.0,settlement,968.6684412939906,1
2026-04-03 05:20:00+00:00,chop_up_first,DOWN,150,0.5052230725407217,1.0,settlement,973.3650500978647,1
2026-04-03 05:25:00+00:00,chop_down_first,UP,150,0.5058296372505948,1.0,settlement,970.996294611297,1
2026-04-03 05:30:00+00:00,chop_down_first,UP,150,0.5075661703916358,1.0,settlement,964.2460940411921,1
2026-04-03 05:35:00+00:00,chop_down_first,UP,150,0.5055563651813042,0.0,settlement,-1002.0,0
2026-04-03 05:40:00+00:00,chop_down_first,UP,150,0.5052876071818077,1.0,settlement,973.1127591793665,1
2026-04-03 05:50:00+00:00,chop_up_first,DOWN,150,0.5067294789314815,1.0,settlement,967.4926809950733,1
2026-04-03 05:55:00+00:00,chop_down_first,UP,150,0.5051710946286906,1.0,settlement,973.5682987633073,1
2026-04-03 06:05:00+00:00,chop_down_first,UP,150,0.505418576037098,1.0,settlement,972.600949227371,1
2026-04-03 06:10:00+00:00,chop_down_first,UP,150,0.5059338940169422,1.0,settlement,970.5897232862203,1
2026-04-03 06:15:00+00:00,chop_up_first,DOWN,150,0.5049482321024492,1.0,settlement,974.4402300105792,1
2026-04-03 06:20:00+00:00,chop_up_first,DOWN,150,0.5055682570836028,1.0,settlement,972.0163390736114,1
2026-04-03 06:25:00+00:00,chop_down_first,UP,150,0.5049421396994005,0.0,settlement,-1002.0,0
2026-04-03 06:30:00+00:00,chop_up_first,DOWN,150,0.5046983004185306,0.0,settlement,-1002.0,0
2026-04-03 06:35:00+00:00,chop_down_first,UP,150,0.506767286135738,1.0,settlement,967.3457476508952,1
2026-04-03 06:45:00+00:00,chop_down_first,UP,150,0.5055684643575526,1.0,settlement,972.015529762524,1
2026-04-03 06:55:00+00:00,chop_down_first,UP,150,0.5055080985104712,1.0,settlement,972.2512591602471,1
2026-04-03 07:05:00+00:00,chop_down_first,UP,150,0.5056306960579158,1.0,settlement,971.7725731067709,1
2026-04-03 07:10:00+00:00,chop_up_first,DOWN,150,0.5059891362564225,1.0,settlement,970.3743623899444,1
2026-04-03 07:15:00+00:00,chop_down_first,UP,150,0.504860388271294,1.0,settlement,974.7841232648072,1
2026-04-03 07:20:00+00:00,chop_down_first,UP,150,0.5051618988817386,0.0,settlement,-1002.0,0
2026-04-03 07:25:00+00:00,chop_down_first,UP,150,0.505593632600674,1.0,settlement,971.9172640812043,1
2026-04-03 07:30:00+00:00,chop_up_first,DOWN,150,0.5051181387135989,0.0,settlement,-1002.0,0
2026-04-03 07:35:00+00:00,chop_down_first,UP,150,0.5060453041669876,1.0,settlement,970.1554409892806,1
2026-04-03 07:40:00+00:00,chop_up_first,DOWN,150,0.5047349664697938,1.0,settlement,975.275335172813,1
2026-04-03 07:45:00+00:00,chop_up_first,DOWN,150,0.5051582847056152,1.0,settlement,973.6183956907528,1
2026-04-03 07:55:00+00:00,chop_up_first,DOWN,150,0.5052326425273306,1.0,settlement,973.3276332417757,1
2026-04-03 08:00:00+00:00,chop_down_first,UP,150,0.5053087964452452,1.0,settlement,973.0299361909928,1
2026-04-03 08:05:00+00:00,chop_down_first,UP,150,0.5062231118944298,1.0,settlement,969.4627336258952,1
2026-04-03 08:10:00+00:00,chop_up_first,DOWN,150,0.5053815021197202,1.0,settlement,972.7458025552803,1
2026-04-03 08:15:00+00:00,chop_down_first,UP,150,0.5049475019060392,0.0,settlement,-1002.0,0
2026-04-03 08:20:00+00:00,chop_down_first,UP,150,0.5052454271903246,1.0,settlement,973.2776498144457,1
2026-04-03 08:25:00+00:00,chop_up_first,DOWN,150,0.5059697306911032,1.0,settlement,970.4500092857996,1
2026-04-03 08:30:00+00:00,chop_down_first,UP,150,0.5057256795489751,1.0,settlement,971.4018665812134,1
2026-04-03 08:35:00+00:00,trend_down,DOWN,150,0.5055619259692489,1.0,settlement,972.041059533237,1
2026-04-03 08:40:00+00:00,chop_up_first,DOWN,150,0.5056171744204919,1.0,settlement,971.8253573839689,1
2026-04-03 08:45:00+00:00,chop_up_first,DOWN,150,0.504644084275983,0.0,settlement,-1002.0,0
2026-04-03 08:50:00+00:00,chop_down_first,UP,150,0.5050815505027584,0.0,settlement,-1002.0,0
2026-04-03 09:05:00+00:00,chop_up_first,DOWN,150,0.504811839077758,1.0,settlement,974.9742362287873,1
2026-04-03 09:15:00+00:00,trend_up,UP,150,0.5053446330167849,0.0,settlement,-1002.0,0
2026-04-03 09:20:00+00:00,chop_up_first,DOWN,150,0.5065190928552016,1.0,settlement,968.3107228877902,1
2026-04-03 09:25:00+00:00,chop_down_first,UP,150,0.5052315474081014,1.0,settlement,973.3319148811274,1
2026-04-03 09:35:00+00:00,chop_up_first,DOWN,150,0.504743439824247,0.0,settlement,-1002.0,0
2026-04-03 09:40:00+00:00,chop_down_first,UP,150,0.5056802409598412,1.0,settlement,971.5791893028633,1
2026-04-03 10:00:00+00:00,chop_up_first,DOWN,150,0.5057081094416137,1.0,settlement,971.4704296159276,1
2026-04-03 10:05:00+00:00,chop_down_first,UP,150,0.5051472515175095,1.0,settlement,973.6615462163059,1
2026-04-03 10:10:00+00:00,chop_down_first,UP,150,0.5053458662710214,1.0,settlement,972.8850571674884,1
2026-04-03 10:15:00+00:00,chop_up_first,DOWN,150,0.5049020732547496,0.0,settlement,-1002.0,0
2026-04-03 10:25:00+00:00,trend_up,UP,150,0.5053113577490989,0.0,settlement,-1002.0,0
2026-04-03 10:30:00+00:00,chop_up_first,DOWN,150,0.505658507783766,1.0,settlement,971.6640136326417,1
2026-04-03 10:35:00+00:00,chop_down_first,UP,150,0.5055929085226053,1.0,settlement,971.9200910002063,1
2026-04-03 10:40:00+00:00,chop_down_first,UP,150,0.5056253308429666,1.0,settlement,971.7935169034314,1
2026-04-03 10:45:00+00:00,chop_down_first,UP,150,0.5055792297981182,1.0,settlement,971.9734964953155,1
2026-04-03 10:50:00+00:00,chop_down_first,UP,150,0.5054233246301969,1.0,settlement,972.5823973007314,1
2026-04-03 11:00:00+00:00,chop_up_first,DOWN,150,0.5051408827417873,0.0,settlement,-1002.0,0
2026-04-03 11:05:00+00:00,chop_up_first,DOWN,150,0.5052821773357107,1.0,settlement,973.1339840687205,1
2026-04-03 11:15:00+00:00,trend_up,UP,150,0.5052397882707148,1.0,settlement,973.2996956472026,1
2026-04-03 11:20:00+00:00,chop_down_first,UP,150,0.5054372127920974,1.0,settlement,972.5281406703814,1
2026-04-03 11:25:00+00:00,chop_down_first,UP,150,0.5053961433035491,1.0,settlement,972.6885947259495,1
2026-04-03 11:35:00+00:00,chop_down_first,UP,150,0.5056831697969622,1.0,settlement,971.5677586436365,1
2026-04-03 11:45:00+00:00,chop_down_first,UP,150,0.5053054772544142,0.0,settlement,-1002.0,0
2026-04-03 12:10:00+00:00,chop_up_first,DOWN,150,0.5057021550708188,1.0,settlement,971.4936661684574,1
2026-04-03 12:15:00+00:00,chop_up_first,DOWN,150,0.5056020631771984,1.0,settlement,971.8843503299371,1
2026-04-03 12:25:00+00:00,chop_down_first,UP,150,0.5060906961669704,1.0,settlement,969.9785555408391,1
2026-04-03 12:30:00+00:00,chop_up_first,DOWN,150,0.5074863157490458,1.0,settlement,964.5554893375988,1
2026-04-03 12:35:00+00:00,chop_up_first,DOWN,150,0.5064008359866508,1.0,settlement,968.7708381948806,1
2026-04-03 12:40:00+00:00,chop_up_first,DOWN,150,0.5047853274314161,0.0,settlement,-1002.0,0
2026-04-03 12:45:00+00:00,chop_down_first,UP,150,0.5048039494836901,0.0,settlement,-1002.0,0
2026-04-03 12:50:00+00:00,chop_down_first,UP,150,0.5047462565985172,1.0,settlement,975.2311076173552,1
2026-04-03 12:55:00+00:00,chop_down_first,UP,150,0.5052136082074585,0.0,settlement,-1002.0,0
2026-04-03 13:00:00+00:00,chop_up_first,DOWN,150,0.5050166298971587,1.0,settlement,974.1725474332047,1
2026-04-03 13:05:00+00:00,chop_down_first,UP,150,0.5052133633686998,0.0,settlement,-1002.0,0
2026-04-03 13:10:00+00:00,chop_up_first,DOWN,150,0.5052089710509723,0.0,settlement,-1002.0,0
2026-04-03 13:15:00+00:00,chop_up_first,DOWN,150,0.506011912105094,1.0,settlement,970.2855848356484,1
2026-04-03 13:20:00+00:00,chop_down_first,UP,150,0.5055104391312994,1.0,settlement,972.2421179570995,1
2026-04-03 13:25:00+00:00,chop_down_first,UP,150,0.5046030698162304,0.0,settlement,-1002.0,0
2026-04-03 13:30:00+00:00,chop_up_first,DOWN,150,0.5053745724834628,1.0,settlement,972.7728800357426,1
2026-04-03 13:35:00+00:00,chop_down_first,UP,150,0.5050124195082818,0.0,settlement,-1002.0,0
2026-04-03 13:45:00+00:00,chop_down_first,UP,150,0.5050938819711942,0.0,settlement,-1002.0,0
2026-04-03 13:50:00+00:00,chop_down_first,UP,150,0.5054479380691164,1.0,settlement,972.4862424654518,1
2026-04-03 13:55:00+00:00,chop_up_first,DOWN,150,0.5058226381189544,1.0,settlement,971.023595209869,1
2026-04-03 14:05:00+00:00,chop_down_first,UP,150,0.5059015768804732,1.0,settlement,970.7157328782006,1
2026-04-03 14:15:00+00:00,chop_up_first,DOWN,150,0.5051727724085803,0.0,settlement,-1002.0,0
2026-04-03 14:20:00+00:00,chop_down_first,UP,150,0.5051216148049171,1.0,settlement,973.7618180434374,1
2026-04-03 14:25:00+00:00,chop_down_first,UP,150,0.5063777028707325,1.0,settlement,968.8608699438892,1
2026-04-03 14:30:00+00:00,chop_up_first,DOWN,150,0.5049893204164494,1.0,settlement,974.2794175072448,1
2026-04-03 14:35:00+00:00,chop_up_first,DOWN,150,0.5058071554734238,1.0,settlement,971.0839890271917,1
2026-04-03 14:40:00+00:00,chop_up_first,DOWN,150,0.5055151260981964,1.0,settlement,972.2238134455711,1
2026-04-03 14:45:00+00:00,chop_down_first,UP,150,0.5055536296955767,1.0,settlement,972.0734540882515,1
2026-04-03 14:55:00+00:00,chop_down_first,UP,150,0.505028927959803,0.0,settlement,-1002.0,0
2026-04-03 15:05:00+00:00,chop_up_first,DOWN,150,0.504878380166699,0.0,settlement,-1002.0,0
2026-04-03 15:10:00+00:00,chop_down_first,UP,150,0.5055684232790469,0.0,settlement,-1002.0,0
2026-04-03 15:15:00+00:00,chop_up_first,DOWN,150,0.5053947947750173,1.0,settlement,972.6938637234523,1
2026-04-03 15:30:00+00:00,trend_down,DOWN,150,0.5053584446385074,1.0,settlement,972.8359022948325,1
2026-04-03 15:35:00+00:00,chop_up_first,DOWN,150,0.5050718173676626,0.0,settlement,-1002.0,0
2026-04-03 15:40:00+00:00,chop_up_first,DOWN,150,0.505360365172913,1.0,settlement,972.8283972735504,1
2026-04-03 15:45:00+00:00,chop_up_first,DOWN,150,0.5049926867154176,1.0,settlement,974.2662435593063,1
2026-04-03 15:50:00+00:00,trend_up,UP,150,0.5053883637164688,1.0,settlement,972.7189916701257,1
2026-04-03 15:55:00+00:00,chop_down_first,UP,150,0.5055665268264135,0.0,settlement,-1002.0,0
2026-04-03 16:00:00+00:00,trend_up,UP,150,0.5057531927723001,1.0,settlement,971.2945125456063,1
2026-04-03 16:10:00+00:00,trend_up,UP,150,0.5055487586736156,1.0,settlement,972.0924745189869,1
2026-04-03 16:15:00+00:00,chop_down_first,UP,150,0.5048712559615095,1.0,settlement,974.7415716692847,1
2026-04-03 16:25:00+00:00,chop_down_first,UP,150,0.5054731207184837,1.0,settlement,972.3878736448626,1
2026-04-03 16:30:00+00:00,chop_up_first,DOWN,150,0.5054203318107827,0.0,settlement,-1002.0,0
2026-04-03 16:40:00+00:00,chop_down_first,UP,150,0.5052485559051664,1.0,settlement,973.2654180516283,1
2026-04-03 16:45:00+00:00,chop_up_first,DOWN,150,0.5052082336407706,0.0,settlement,-1002.0,0
2026-04-03 16:50:00+00:00,chop_down_first,UP,150,0.5050925791419694,1.0,settlement,973.8753963389477,1
2026-04-03 16:55:00+00:00,chop_up_first,DOWN,150,0.5053678045864299,1.0,settlement,972.7993262386746,1
2026-04-03 17:00:00+00:00,chop_up_first,DOWN,150,0.5054203635310118,1.0,settlement,972.5939657588891,1
2026-04-03 17:15:00+00:00,chop_up_first,DOWN,150,0.5063228518524602,1.0,settlement,969.0743774425017,1
2026-04-03 17:20:00+00:00,chop_down_first,UP,150,0.5059927678233211,1.0,settlement,970.3602064377219,1
2026-04-03 17:25:00+00:00,chop_up_first,DOWN,150,0.505282330913159,1.0,settlement,973.1333837389271,1
2026-04-03 17:30:00+00:00,chop_down_first,UP,150,0.5057260371467219,1.0,settlement,971.4004711931786,1
2026-04-03 17:45:00+00:00,chop_up_first,DOWN,150,0.5058647357265248,1.0,settlement,970.8594019637853,1
2026-04-03 17:50:00+00:00,chop_down_first,UP,150,0.5054017888194111,1.0,settlement,972.6665367593364,1
2026-04-03 18:10:00+00:00,trend_down,DOWN,150,0.5052528118055609,0.0,settlement,-1002.0,0
2026-04-03 18:35:00+00:00,trend_up,UP,150,0.5049947988484794,0.0,settlement,-1002.0,0
2026-04-03 18:40:00+00:00,trend_down,DOWN,150,0.5050845242056717,1.0,settlement,973.9069070063447,1
2026-04-03 18:45:00+00:00,trend_down,DOWN,150,0.5054287873137461,1.0,settlement,972.5610559781771,1
2026-04-03 19:15:00+00:00,trend_up,UP,150,0.5052911370812808,1.0,settlement,973.0989612934025,1
2026-04-03 19:40:00+00:00,chop_down_first,UP,150,0.505196011474008,1.0,settlement,973.4708614744208,1
2026-04-03 19:45:00+00:00,trend_up,UP,150,0.5053896449472385,1.0,settlement,972.7139854917069,1
2026-04-03 20:10:00+00:00,trend_up,UP,150,0.504967667074782,1.0,settlement,974.3641616527568,1
2026-04-03 21:00:00+00:00,trend_up,UP,150,0.5053446481277512,1.0,settlement,972.8898176669827,1
2026-04-03 21:20:00+00:00,chop_down_first,UP,150,0.5051293252026432,1.0,settlement,973.7316596094107,1
2026-04-03 21:40:00+00:00,trend_up,UP,150,0.5053479768718268,1.0,settlement,972.8768090015058,1
2026-04-03 22:00:00+00:00,chop_up_first,DOWN,150,0.5052932440682362,1.0,settlement,973.0907254663935,1
2026-04-03 22:20:00+00:00,chop_down_first,UP,150,0.5049318281248829,0.0,settlement,-1002.0,0
2026-04-03 22:30:00+00:00,chop_up_first,DOWN,150,0.5051774905291527,0.0,settlement,-1002.0,0
2026-04-03 22:35:00+00:00,trend_up,UP,150,0.5053134418361249,1.0,settlement,973.0117795672161,1
2026-04-03 23:25:00+00:00,chop_up_first,DOWN,150,0.5055393516440306,1.0,settlement,972.1292082495085,1
2026-04-03 23:30:00+00:00,chop_down_first,UP,150,0.5055244686283323,0.0,settlement,-1002.0,0
2026-04-03 23:45:00+00:00,chop_down_first,UP,150,0.5057902390158783,1.0,settlement,971.1499800032119,1
2026-04-03 23:50:00+00:00,trend_up,UP,150,0.5052387019926216,1.0,settlement,973.303942599739,1
2026-04-04 00:00:00+00:00,chop_up_first,DOWN,150,0.5058029857296964,1.0,settlement,971.1002547567723,1
2026-04-04 00:10:00+00:00,chop_up_first,DOWN,150,0.5053233417218369,1.0,settlement,972.973086735749,1
2026-04-04 00:25:00+00:00,trend_up,UP,150,0.505130483767022,0.0,settlement,-1002.0,0
2026-04-04 00:45:00+00:00,trend_down,DOWN,150,0.5053093708194657,1.0,settlement,973.0276912172292,1
2026-04-04 01:05:00+00:00,trend_up,UP,150,0.5055583881245006,1.0,settlement,972.0548736662025,1
2026-04-04 02:30:00+00:00,trend_up,UP,150,0.5052270520107353,1.0,settlement,973.3494909429238,1
2026-04-04 03:00:00+00:00,chop_down_first,UP,150,0.5055411478620346,1.0,settlement,972.1221940500884,1
2026-04-04 03:15:00+00:00,trend_down,DOWN,150,0.5053618547567537,1.0,settlement,972.8225763505011,1
2026-04-04 04:15:00+00:00,chop_up_first,DOWN,150,0.505033502867451,0.0,settlement,-1002.0,0
2026-04-04 04:20:00+00:00,trend_up,UP,150,0.5053031315022651,1.0,settlement,973.0520782108515,1
2026-04-04 05:10:00+00:00,trend_down,DOWN,150,0.5053662352888418,1.0,settlement,972.8054585197872,1
2026-04-04 05:25:00+00:00,chop_up_first,DOWN,150,0.5054015960715446,1.0,settlement,972.6672898490872,1
2026-04-04 05:30:00+00:00,chop_down_first,UP,150,0.5057413771472711,1.0,settlement,971.3406145832992,1
2026-04-04 05:45:00+00:00,trend_up,UP,150,0.5053558445000979,1.0,settlement,972.8460631482945,1
2026-04-04 06:00:00+00:00,trend_up,UP,150,0.5053460400790045,1.0,settlement,972.8843779283899,1
2026-04-04 06:10:00+00:00,trend_up,UP,150,0.5053423073116913,1.0,settlement,972.898965632104,1
2026-04-04 06:30:00+00:00,trend_down,DOWN,150,0.505281760730866,1.0,settlement,973.1356125668193,1
2026-04-04 07:20:00+00:00,trend_down,DOWN,150,0.505321724663336,1.0,settlement,972.9794067628982,1
2026-04-04 07:40:00+00:00,trend_up,UP,150,0.5054484757767844,0.0,settlement,-1002.0,0
2026-04-04 08:05:00+00:00,chop_down_first,UP,150,0.5054502891329394,0.0,settlement,-1002.0,0
2026-04-04 08:20:00+00:00,chop_up_first,DOWN,150,0.5049643568500548,0.0,settlement,-1002.0,0
2026-04-04 08:30:00+00:00,chop_up_first,DOWN,150,0.5056248222107638,1.0,settlement,971.795502436776,1
2026-04-04 08:35:00+00:00,trend_up,UP,150,0.5051668046899929,1.0,settlement,973.5850755325174,1
2026-04-04 09:05:00+00:00,chop_down_first,UP,150,0.5055736284601383,1.0,settlement,971.9953664902969,1
2026-04-04 10:00:00+00:00,trend_up,UP,150,0.5052617549082122,0.0,settlement,-1002.0,0
2026-04-04 10:10:00+00:00,trend_down,DOWN,150,0.5054892116766218,1.0,settlement,972.3250240490864,1
2026-04-04 10:40:00+00:00,chop_down_first,UP,150,0.5055809932357336,1.0,settlement,971.966611388553,1
2026-04-04 11:00:00+00:00,chop_down_first,UP,150,0.5052175297296136,1.0,settlement,973.3867220999191,1
2026-04-04 11:10:00+00:00,chop_up_first,DOWN,150,0.5054205919191621,1.0,settlement,972.5930734844732,1
2026-04-04 11:15:00+00:00,chop_up_first,DOWN,150,0.5056885825933567,1.0,settlement,971.5466339419602,1
2026-04-04 12:00:00+00:00,chop_down_first,UP,150,0.5052540977962326,1.0,settlement,973.2437523079531,1
2026-04-04 13:15:00+00:00,trend_down,DOWN,150,0.5052885168188869,0.0,settlement,-1002.0,0
2026-04-04 13:20:00+00:00,trend_down,DOWN,150,0.5054531781090211,1.0,settlement,972.4657729399843,1
2026-04-04 13:35:00+00:00,chop_down_first,UP,150,0.5070491227783652,1.0,settlement,966.2511124986855,1
2026-04-04 13:55:00+00:00,chop_down_first,UP,150,0.5054644736139778,0.0,settlement,-1002.0,0
2026-04-04 14:00:00+00:00,trend_up,UP,150,0.5053283856281684,1.0,settlement,972.9533736550278,1
2026-04-04 14:40:00+00:00,chop_up_first,DOWN,150,0.505570300939774,0.0,settlement,-1002.0,0
2026-04-04 14:45:00+00:00,chop_down_first,UP,150,0.505569578580668,1.0,settlement,972.0111792362533,1
2026-04-04 15:00:00+00:00,chop_up_first,DOWN,150,0.5052556251660362,1.0,settlement,973.2377812162686,1
2026-04-04 15:05:00+00:00,chop_up_first,DOWN,150,0.5045300361825463,0.0,settlement,-1002.0,0
2026-04-04 15:10:00+00:00,chop_up_first,DOWN,150,0.5043107925966902,0.0,settlement,-1002.0,0
2026-04-04 15:15:00+00:00,chop_down_first,UP,150,0.5052764031886757,1.0,settlement,973.1565553068899,1
2026-04-04 15:20:00+00:00,chop_down_first,UP,150,0.5055595842722903,0.0,settlement,-1002.0,0
2026-04-04 15:25:00+00:00,chop_up_first,DOWN,150,0.5057348446992894,1.0,settlement,971.3661037206405,1
2026-04-04 15:40:00+00:00,chop_up_first,DOWN,150,0.5054648370555824,1.0,settlement,972.4202303240669,1
2026-04-04 16:20:00+00:00,trend_down,DOWN,150,0.5051927807892268,0.0,settlement,-1002.0,0
2026-04-04 16:25:00+00:00,chop_down_first,UP,150,0.5056832621094922,1.0,settlement,971.5673983686446,1
2026-04-04 16:30:00+00:00,chop_up_first,DOWN,150,0.5057495244077574,1.0,settlement,971.3088254876313,1
2026-04-04 16:35:00+00:00,trend_up,UP,150,0.5061550648048311,1.0,settlement,969.727775528276,1
2026-04-04 16:45:00+00:00,chop_down_first,UP,150,0.5046943752326453,0.0,settlement,-1002.0,0
2026-04-04 16:55:00+00:00,chop_down_first,UP,150,0.5052137218066858,0.0,settlement,-1002.0,0
2026-04-04 17:00:00+00:00,chop_up_first,DOWN,150,0.5059436263857896,1.0,settlement,970.5517784050709,1
2026-04-04 17:10:00+00:00,trend_up,UP,150,0.5053986102097259,1.0,settlement,972.6789560538338,1
2026-04-04 17:35:00+00:00,chop_up_first,DOWN,150,0.5054332323788077,1.0,settlement,972.5436905740057,1
2026-04-04 18:00:00+00:00,chop_up_first,DOWN,150,0.5049131360867523,1.0,settlement,974.5776104278805,1
2026-04-04 18:15:00+00:00,chop_down_first,UP,150,0.5055447651267352,1.0,settlement,972.1080688469023,1
2026-04-04 19:00:00+00:00,trend_up,UP,150,0.5057764349350259,1.0,settlement,971.2038328915169,1
2026-04-04 19:10:00+00:00,chop_down_first,UP,150,0.505316350221338,1.0,settlement,973.0004122424641,1
2026-04-04 19:15:00+00:00,chop_up_first,DOWN,150,0.5061833610280669,1.0,settlement,969.6175537122459,1
2026-04-04 19:20:00+00:00,trend_down,DOWN,150,0.5054554868515188,1.0,settlement,972.4567542763064,1
2026-04-04 19:25:00+00:00,trend_down,DOWN,150,0.505213507250018,1.0,settlement,973.4024500103357,1
2026-04-04 19:30:00+00:00,trend_down,DOWN,150,0.5054085107008989,1.0,settlement,972.6402738964107,1
2026-04-04 19:40:00+00:00,chop_up_first,DOWN,150,0.5057466848414481,1.0,settlement,971.3199048311577,1
2026-04-04 20:05:00+00:00,trend_up,UP,150,0.5053492252033074,1.0,settlement,972.8719305911551,1
2026-04-04 20:15:00+00:00,trend_up,UP,150,0.5053308774219217,1.0,settlement,972.9436351318157,1
2026-04-04 21:55:00+00:00,chop_up_first,DOWN,150,0.5055500087389703,1.0,settlement,972.0875932123572,1
2026-04-04 22:05:00+00:00,chop_up_first,DOWN,150,0.50525194803391,0.0,settlement,-1002.0,0
2026-04-04 22:20:00+00:00,chop_up_first,DOWN,150,0.5057521019521763,0.0,settlement,-1002.0,0
2026-04-04 22:25:00+00:00,chop_up_first,DOWN,150,0.5052639466426762,1.0,settlement,973.205249912256,1
2026-04-04 22:45:00+00:00,chop_up_first,DOWN,150,0.5058747238933977,1.0,settlement,970.8204491401059,1
2026-04-04 23:05:00+00:00,trend_down,DOWN,150,0.505335351663193,0.0,settlement,-1002.0,0
2026-04-04 23:45:00+00:00,chop_up_first,DOWN,150,0.5051340215313084,1.0,settlement,973.7132908501662,1
2026-04-05 02:05:00+00:00,trend_down,DOWN,150,0.5054839810824802,1.0,settlement,972.3454537625706,1
2026-04-05 02:15:00+00:00,chop_down_first,UP,150,0.5052761267709769,1.0,settlement,973.1576358412769,1
2026-04-05 02:30:00+00:00,chop_down_first,UP,150,0.5050974616296332,1.0,settlement,973.8562966839686,1
2026-04-05 04:10:00+00:00,trend_down,DOWN,150,0.5054067483407191,1.0,settlement,972.6471594938024,1
2026-04-05 05:20:00+00:00,chop_up_first,DOWN,150,0.5051511192226563,0.0,settlement,-1002.0,0
2026-04-05 05:35:00+00:00,chop_up_first,DOWN,150,0.5052875689051427,0.0,settlement,-1002.0,0
2026-04-05 05:50:00+00:00,chop_up_first,DOWN,150,0.505991078273162,1.0,settlement,970.36679232756,1
2026-04-05 05:55:00+00:00,chop_up_first,DOWN,150,0.5058898507523102,1.0,settlement,970.7614588746374,1
2026-04-05 06:00:00+00:00,trend_down,DOWN,150,0.505201923500101,0.0,settlement,-1002.0,0
2026-04-05 06:05:00+00:00,chop_up_first,DOWN,150,0.50592274176156,1.0,settlement,970.6332058627927,1
2026-04-05 06:10:00+00:00,chop_down_first,UP,150,0.5048197489266494,0.0,settlement,-1002.0,0
2026-04-05 06:15:00+00:00,chop_down_first,UP,150,0.5043609388207749,1.0,settlement,976.7416573800933,1
2026-04-05 06:20:00+00:00,chop_down_first,UP,150,0.5053319154882691,1.0,settlement,972.9395781497358,1
2026-04-05 06:25:00+00:00,trend_up,UP,150,0.5053702724299538,1.0,settlement,972.7896828227593,1
2026-04-05 06:30:00+00:00,trend_up,UP,150,0.5056482863754561,1.0,settlement,971.7039101897813,1
2026-04-05 07:00:00+00:00,chop_down_first,UP,150,0.5057473485113285,1.0,settlement,971.3173153307106,1
2026-04-05 09:05:00+00:00,chop_up_first,DOWN,150,0.5060390439126631,1.0,settlement,970.1798387008338,1
2026-04-05 09:20:00+00:00,chop_down_first,UP,150,0.5053528259858737,1.0,settlement,972.8578590671567,1
2026-04-05 09:40:00+00:00,chop_down_first,UP,150,0.5053985066924706,1.0,settlement,972.679360513568,1
2026-04-05 10:00:00+00:00,chop_up_first,DOWN,150,0.5047106571790344,0.0,settlement,-1002.0,0
2026-04-05 10:35:00+00:00,chop_down_first,UP,150,0.5060007817654534,1.0,settlement,970.3289685797424,1
2026-04-05 10:40:00+00:00,trend_down,DOWN,150,0.5055259106262308,1.0,settlement,972.181696767445,1
2026-04-05 11:10:00+00:00,chop_down_first,UP,150,0.5049998598195675,0.0,settlement,-1002.0,0
2026-04-05 12:15:00+00:00,trend_down,DOWN,150,0.5050078679110934,0.0,settlement,-1002.0,0
2026-04-05 12:30:00+00:00,chop_up_first,DOWN,150,0.5062568884695486,1.0,settlement,969.3312010766441,1
2026-04-05 12:50:00+00:00,chop_down_first,UP,150,0.5056712697106326,1.0,settlement,971.6142030989809,1
2026-04-05 13:00:00+00:00,chop_down_first,UP,150,0.505,1.0,settlement,974.2376237623761,1
2026-04-05 13:05:00+00:00,chop_up_first,DOWN,150,0.5052115118583239,1.0,settlement,973.4102520923324,1
2026-04-05 13:20:00+00:00,chop_down_first,UP,150,0.5053639374487274,1.0,settlement,972.8144377659592,1
2026-04-05 13:30:00+00:00,chop_down_first,UP,150,0.5054830032604852,1.0,settlement,972.3492729976346,1
2026-04-05 13:40:00+00:00,chop_up_first,DOWN,150,0.5051895300833851,1.0,settlement,973.4962060185077,1
2026-04-05 13:45:00+00:00,chop_down_first,UP,150,0.5054691192492313,1.0,settlement,972.4035035855807,1
2026-04-05 13:50:00+00:00,chop_down_first,UP,150,0.5048317720646774,0.0,settlement,-1002.0,0
2026-04-05 14:00:00+00:00,chop_up_first,DOWN,150,0.5043277847059571,0.0,settlement,-1002.0,0
2026-04-05 14:05:00+00:00,chop_down_first,UP,150,0.5052062773658852,1.0,settlement,973.4307195142375,1
2026-04-05 14:15:00+00:00,chop_up_first,DOWN,150,0.5048200813582326,0.0,settlement,-1002.0,0
2026-04-05 14:35:00+00:00,chop_down_first,UP,150,0.5054282419489811,1.0,settlement,972.563186559607,1
2026-04-05 15:05:00+00:00,chop_up_first,DOWN,150,0.5055425413772833,0.0,settlement,-1002.0,0
2026-04-05 15:10:00+00:00,chop_down_first,UP,150,0.5052551890749593,0.0,settlement,-1002.0,0
2026-04-05 15:15:00+00:00,chop_down_first,UP,150,0.5055206305228691,1.0,settlement,972.2023168624208,1
2026-04-05 15:25:00+00:00,chop_down_first,UP,150,0.5083315001658315,1.0,settlement,961.2857685868875,1
2026-04-05 15:30:00+00:00,chop_down_first,UP,150,0.5031940047932774,0.0,settlement,-1002.0,0
2026-04-05 15:35:00+00:00,chop_down_first,UP,150,0.5057713043492439,0.0,settlement,-1002.0,0
2026-04-05 15:40:00+00:00,chop_up_first,DOWN,150,0.5041255578867253,0.0,settlement,-1002.0,0
2026-04-05 15:45:00+00:00,chop_up_first,DOWN,150,0.5057057743858463,1.0,settlement,971.4795419570199,1
2026-04-05 15:50:00+00:00,chop_down_first,UP,150,0.5041335661467147,0.0,settlement,-1002.0,0
2026-04-05 15:55:00+00:00,chop_up_first,DOWN,150,0.5047718047909483,1.0,settlement,975.1310333256878,1
2026-04-05 16:00:00+00:00,chop_down_first,UP,150,0.5054372426845697,1.0,settlement,972.5280238932177,1
2026-04-05 16:05:00+00:00,chop_up_first,DOWN,150,0.5047154414105839,1.0,settlement,975.35182662686,1
2026-04-05 16:10:00+00:00,chop_up_first,DOWN,150,0.5051985898458301,1.0,settlement,973.4607793037518,1
2026-04-05 16:25:00+00:00,chop_up_first,DOWN,150,0.5048483989098769,1.0,settlement,974.8310688020191,1
2026-04-05 16:35:00+00:00,chop_up_first,DOWN,150,0.5048594040530955,1.0,settlement,974.7879769850567,1
2026-04-05 16:40:00+00:00,chop_up_first,DOWN,150,0.5047943287862804,0.0,settlement,-1002.0,0
2026-04-05 16:45:00+00:00,chop_up_first,DOWN,150,0.5053223092625726,1.0,settlement,972.9771219410484,1
2026-04-05 16:50:00+00:00,chop_down_first,UP,150,0.5044897210264386,0.0,settlement,-1002.0,0
2026-04-05 17:00:00+00:00,chop_up_first,DOWN,150,0.5054319339189371,1.0,settlement,972.5487631971877,1
2026-04-05 17:05:00+00:00,chop_down_first,UP,150,0.5052346364157011,1.0,settlement,973.3198376899429,1
2026-04-05 17:10:00+00:00,chop_down_first,UP,150,0.5044668077397835,0.0,settlement,-1002.0,0
2026-04-05 17:25:00+00:00,chop_down_first,UP,150,0.5056067603754959,1.0,settlement,971.8660125090522,1
2026-04-05 17:45:00+00:00,chop_up_first,DOWN,150,0.505079029741173,1.0,settlement,973.9284017620442,1
2026-04-05 17:50:00+00:00,chop_up_first,DOWN,150,0.5051251567162532,0.0,settlement,-1002.0,0
2026-04-05 18:00:00+00:00,chop_up_first,DOWN,150,0.5058632715964159,1.0,settlement,970.8651120499158,1
2026-04-05 18:30:00+00:00,chop_down_first,UP,150,0.5054447527083259,1.0,settlement,972.4986858651002,1
2026-04-05 18:35:00+00:00,trend_down,DOWN,150,0.5053997172950574,0.0,settlement,-1002.0,0
2026-04-05 18:40:00+00:00,chop_up_first,DOWN,150,0.5046179295393507,0.0,settlement,-1002.0,0
2026-04-05 18:45:00+00:00,chop_down_first,UP,150,0.5054909754245346,1.0,settlement,972.3181352779517,1
2026-04-05 19:15:00+00:00,chop_down_first,UP,150,0.5053123420845685,1.0,settlement,973.016077942889,1
2026-04-05 19:20:00+00:00,chop_up_first,DOWN,150,0.5053462196016311,1.0,settlement,972.8836763570375,1
2026-04-05 19:25:00+00:00,chop_up_first,DOWN,150,0.505288993518132,1.0,settlement,973.107340160552,1
2026-04-05 19:35:00+00:00,chop_up_first,DOWN,150,0.5052845135536215,1.0,settlement,973.1248519000787,1
2026-04-05 19:50:00+00:00,chop_down_first,UP,150,0.5053629375974475,1.0,settlement,972.8183449000132,1
2026-04-05 20:00:00+00:00,trend_down,DOWN,150,0.50528683140295,1.0,settlement,973.1157916168352,1
2026-04-05 20:20:00+00:00,chop_down_first,UP,150,0.505352349896282,1.0,settlement,972.8597195695806,1
2026-04-05 20:25:00+00:00,chop_down_first,UP,150,0.5053731341572254,1.0,settlement,972.778500373379,1
2026-04-05 20:35:00+00:00,trend_up,UP,150,0.5055888043446676,1.0,settlement,971.9361145339924,1
2026-04-05 20:40:00+00:00,chop_up_first,DOWN,150,0.5049505197661598,1.0,settlement,974.4312758053386,1
2026-04-05 20:45:00+00:00,chop_down_first,UP,150,0.5059195365957424,1.0,settlement,970.6457031396615,1
2026-04-05 20:50:00+00:00,chop_up_first,DOWN,150,0.5050932924105387,1.0,settlement,973.8726061022958,1
2026-04-05 21:10:00+00:00,trend_down,DOWN,150,0.5068619247928069,1.0,settlement,966.9780415207922,1
2026-04-05 21:25:00+00:00,chop_up_first,DOWN,150,0.5053239854396202,0.0,settlement,-1002.0,0
2026-04-05 21:40:00+00:00,chop_down_first,UP,150,0.5047788651744693,0.0,settlement,-1002.0,0
2026-04-05 21:45:00+00:00,chop_down_first,UP,150,0.5052703075858004,1.0,settlement,973.1803836811226,1
2026-04-05 21:50:00+00:00,chop_down_first,UP,150,0.5050347804269563,1.0,settlement,974.1015254361116,1
2026-04-05 22:00:00+00:00,chop_down_first,UP,150,0.5071232665860647,1.0,settlement,965.9633449249915,1
2026-04-05 22:05:00+00:00,chop_up_first,DOWN,150,0.5050752789893757,0.0,settlement,-1002.0,0
2026-04-05 22:10:00+00:00,chop_up_first,DOWN,150,0.5055917058906215,1.0,settlement,971.9247862897199,1
2026-04-05 22:15:00+00:00,chop_down_first,UP,150,0.5049817669323757,0.0,settlement,-1002.0,0
2026-04-05 22:20:00+00:00,chop_up_first,DOWN,150,0.5059627831986145,1.0,settlement,970.477093454989,1
2026-04-05 22:25:00+00:00,chop_up_first,DOWN,150,0.5045532871654496,0.0,settlement,-1002.0,0
2026-04-05 22:30:00+00:00,chop_down_first,UP,150,0.5071419840939407,1.0,settlement,965.8907116771759,1
2026-04-05 22:35:00+00:00,chop_down_first,UP,150,0.5048267347752995,1.0,settlement,974.9159025308237,1
2026-04-05 22:40:00+00:00,chop_up_first,DOWN,150,0.5044265772076842,0.0,settlement,-1002.0,0
2026-04-05 22:45:00+00:00,chop_down_first,UP,150,0.5047188004687957,1.0,settlement,975.3386667447937,1
2026-04-05 22:50:00+00:00,chop_down_first,UP,150,0.5049742089988737,0.0,settlement,-1002.0,0
2026-04-05 22:55:00+00:00,chop_down_first,UP,150,0.5081481905981898,1.0,settlement,961.9940050266808,1
2026-04-05 23:00:00+00:00,chop_down_first,UP,150,0.5037191840407937,0.0,settlement,-1002.0,0
2026-04-05 23:05:00+00:00,chop_down_first,UP,150,0.5056095902597714,0.0,settlement,-1002.0,0
2026-04-05 23:10:00+00:00,chop_down_first,UP,150,0.5050008240577656,1.0,settlement,974.2343989479148,1
2026-04-05 23:15:00+00:00,chop_down_first,UP,150,0.5051538567158175,1.0,settlement,973.6357132227957,1
2026-04-05 23:20:00+00:00,chop_up_first,DOWN,150,0.5074019674689673,1.0,settlement,964.882400906413,1
2026-04-05 23:25:00+00:00,chop_down_first,UP,150,0.5056493046439497,0.0,settlement,-1002.0,0
2026-04-05 23:30:00+00:00,chop_down_first,UP,150,0.5071995906458066,1.0,settlement,965.6672032192841,1
2026-04-05 23:35:00+00:00,chop_down_first,UP,150,0.5053284980533562,0.0,settlement,-1002.0,0
2026-04-05 23:40:00+00:00,chop_up_first,DOWN,150,0.5060080692850124,1.0,settlement,970.3005631316719,1
2026-04-05 23:45:00+00:00,chop_down_first,UP,150,0.505284368525994,0.0,settlement,-1002.0,0
2026-04-05 23:50:00+00:00,chop_down_first,UP,150,0.5052922809648253,1.0,settlement,973.0944900531213,1
2026-04-05 23:55:00+00:00,chop_up_first,DOWN,150,0.5049685258572137,0.0,settlement,-1002.0,0
2026-04-06 00:00:00+00:00,chop_down_first,UP,150,0.5083496117690262,1.0,settlement,961.2158201656138,1
2026-04-06 00:05:00+00:00,chop_up_first,DOWN,150,0.5057799849225261,1.0,settlement,971.189983294556,1
2026-04-06 00:10:00+00:00,chop_up_first,DOWN,150,0.5048641550798763,0.0,settlement,-1002.0,0
2026-04-06 00:15:00+00:00,chop_down_first,UP,150,0.5038996701651055,0.0,settlement,-1002.0,0
2026-04-06 00:20:00+00:00,chop_up_first,DOWN,150,0.5052708036146664,0.0,settlement,-1002.0,0
2026-04-06 00:25:00+00:00,chop_up_first,DOWN,150,0.5047250922330248,1.0,settlement,975.3140177846298,1
2026-04-06 00:30:00+00:00,chop_down_first,UP,150,0.504075328121175,0.0,settlement,-1002.0,0
2026-04-06 00:35:00+00:00,chop_down_first,UP,150,0.5049136553544582,1.0,settlement,974.575577658692,1
2026-04-06 00:40:00+00:00,chop_down_first,UP,150,0.5052910306298809,0.0,settlement,-1002.0,0
2026-04-06 00:45:00+00:00,chop_up_first,DOWN,150,0.5051530630232502,1.0,settlement,973.6388173262762,1
2026-04-06 00:50:00+00:00,chop_down_first,UP,150,0.5041375225691552,0.0,settlement,-1002.0,0
2026-04-06 00:55:00+00:00,chop_up_first,DOWN,150,0.5052556784691642,1.0,settlement,973.237572833945,1
2026-04-06 01:00:00+00:00,chop_up_first,DOWN,150,0.505057859813194,1.0,settlement,974.0112244746192,1
2026-04-06 01:05:00+00:00,chop_down_first,UP,150,0.5041961158534978,0.0,settlement,-1002.0,0
2026-04-06 01:10:00+00:00,chop_down_first,UP,150,0.5043915915992824,0.0,settlement,-1002.0,0
2026-04-06 01:15:00+00:00,chop_down_first,UP,150,0.5049998635350591,0.0,settlement,-1002.0,0
2026-04-06 01:20:00+00:00,chop_up_first,DOWN,150,0.5050386402145973,0.0,settlement,-1002.0,0
2026-04-06 01:25:00+00:00,chop_down_first,UP,150,0.5053082001359878,1.0,settlement,973.0322669044748,1
2026-04-06 01:30:00+00:00,chop_up_first,DOWN,150,0.5055277208141006,1.0,settlement,972.1746276402474,1
2026-04-06 01:35:00+00:00,chop_down_first,UP,150,0.504588829733499,1.0,settlement,975.8479847187631,1
2026-04-06 01:40:00+00:00,chop_up_first,DOWN,150,0.5057580290115969,1.0,settlement,971.275643197186,1
2026-04-06 01:45:00+00:00,chop_down_first,UP,150,0.5045706973838697,0.0,settlement,-1002.0,0
2026-04-06 01:50:00+00:00,chop_down_first,UP,150,0.5051152873284375,0.0,settlement,-1002.0,0
2026-04-06 01:55:00+00:00,chop_down_first,UP,150,0.5047774843370206,1.0,settlement,975.1087874705473,1
2026-04-06 02:00:00+00:00,chop_down_first,UP,150,0.5055536758985298,1.0,settlement,972.0732736761062,1
2026-04-06 02:05:00+00:00,chop_up_first,DOWN,150,0.5049998635850281,0.0,settlement,-1002.0,0
2026-04-06 02:10:00+00:00,chop_down_first,UP,150,0.5067112336188816,1.0,settlement,967.5635971446352,1
2026-04-06 02:15:00+00:00,chop_down_first,UP,150,0.5059490381586473,1.0,settlement,970.5306794378433,1
2026-04-06 02:20:00+00:00,chop_down_first,UP,150,0.5039367441084942,0.0,settlement,-1002.0,0
2026-04-06 02:25:00+00:00,chop_up_first,DOWN,150,0.5049454629310898,0.0,settlement,-1002.0,0
2026-04-06 02:30:00+00:00,chop_down_first,UP,150,0.5052430690960701,1.0,settlement,973.2868689233499,1
2026-04-06 02:35:00+00:00,chop_up_first,DOWN,150,0.505087778744836,1.0,settlement,973.8941752264749,1
2026-04-06 02:40:00+00:00,chop_up_first,DOWN,150,0.5051987672594999,0.0,settlement,-1002.0,0
2026-04-06 02:45:00+00:00,chop_down_first,UP,150,0.5057287292454862,1.0,settlement,971.3899663737712,1
2026-04-06 02:50:00+00:00,chop_down_first,UP,150,0.5049186804598418,0.0,settlement,-1002.0,0
2026-04-06 03:00:00+00:00,chop_down_first,UP,150,0.5053439713407765,0.0,settlement,-1002.0,0
2026-04-06 03:05:00+00:00,chop_down_first,UP,150,0.504849343076184,0.0,settlement,-1002.0,0
2026-04-06 03:10:00+00:00,chop_down_first,UP,150,0.5043370713911913,0.0,settlement,-1002.0,0
2026-04-06 03:15:00+00:00,chop_up_first,DOWN,150,0.5052853142377988,1.0,settlement,973.1217220817908,1
2026-04-06 03:20:00+00:00,chop_down_first,UP,150,0.5043454654558521,1.0,settlement,976.8023653547846,1
2026-04-06 03:25:00+00:00,chop_down_first,UP,150,0.5050422633983166,0.0,settlement,-1002.0,0
2026-04-06 03:35:00+00:00,chop_down_first,UP,150,0.5053789391283928,0.0,settlement,-1002.0,0
2026-04-06 03:40:00+00:00,chop_up_first,DOWN,150,0.5050486932116571,1.0,settlement,974.0470889521846,1
2026-04-06 03:45:00+00:00,chop_down_first,UP,150,0.5051907503736799,1.0,settlement,973.4914341994556,1
2026-04-06 03:50:00+00:00,chop_down_first,UP,150,0.5043377148155791,0.0,settlement,-1002.0,0
2026-04-06 03:55:00+00:00,chop_down_first,UP,150,0.5052563881100647,1.0,settlement,973.2347985803128,1
2026-04-06 04:00:00+00:00,chop_down_first,UP,150,0.5049849090909186,1.0,settlement,974.2966814129446,1
2026-04-06 04:05:00+00:00,chop_up_first,DOWN,150,0.5053114370448811,1.0,settlement,973.0196153018379,1
2026-04-06 04:10:00+00:00,trend_up,UP,150,0.5053780382714741,1.0,settlement,972.7593374128854,1
2026-04-06 04:15:00+00:00,chop_up_first,DOWN,150,0.5051389184677744,1.0,settlement,973.6941378169975,1
2026-04-06 04:35:00+00:00,chop_down_first,UP,150,0.5056749635257477,1.0,settlement,971.5997863955633,1
2026-04-06 04:40:00+00:00,chop_up_first,DOWN,150,0.5049051302743752,0.0,settlement,-1002.0,0
2026-04-06 04:50:00+00:00,chop_up_first,DOWN,150,0.5046709190608456,0.0,settlement,-1002.0,0
2026-04-06 05:15:00+00:00,chop_down_first,UP,150,0.5048836367121269,0.0,settlement,-1002.0,0
2026-04-06 05:25:00+00:00,chop_up_first,DOWN,150,0.5044021900634027,0.0,settlement,-1002.0,0
2026-04-06 05:30:00+00:00,chop_up_first,DOWN,150,0.5046580759512572,0.0,settlement,-1002.0,0
2026-04-06 05:45:00+00:00,chop_up_first,DOWN,150,0.5052562226079792,1.0,settlement,973.2354455896199,1
2026-04-06 06:00:00+00:00,chop_up_first,DOWN,150,0.5060622871591517,1.0,settlement,970.0892572382867,1
2026-04-06 06:05:00+00:00,chop_down_first,UP,150,0.5059381193758004,1.0,settlement,970.5732491382138,1
2026-04-06 06:10:00+00:00,chop_down_first,UP,150,0.5054225598135823,1.0,settlement,972.5853852825596,1
2026-04-06 06:15:00+00:00,chop_up_first,DOWN,150,0.5051064317043251,1.0,settlement,973.8212078839666,1
2026-04-06 06:20:00+00:00,chop_up_first,DOWN,150,0.5063950588672804,1.0,settlement,968.7933213889492,1
2026-04-06 06:25:00+00:00,chop_up_first,DOWN,150,0.5051929166573706,1.0,settlement,973.4829632278047,1
2026-04-06 06:30:00+00:00,chop_down_first,UP,150,0.505277784665525,0.0,settlement,-1002.0,0
2026-04-06 06:35:00+00:00,chop_down_first,UP,150,0.5050133764984419,1.0,settlement,974.1852783380265,1
2026-04-06 06:40:00+00:00,chop_down_first,UP,150,0.5056506838500443,1.0,settlement,971.6945521386197,1
2026-04-06 06:45:00+00:00,chop_down_first,UP,150,0.5052863677861956,1.0,settlement,973.1176038501177,1
2026-04-06 06:50:00+00:00,chop_down_first,UP,150,0.5053274692651554,0.0,settlement,-1002.0,0
2026-04-06 07:00:00+00:00,chop_up_first,DOWN,150,0.5055690964276885,1.0,settlement,972.0130618184329,1
2026-04-06 07:10:00+00:00,chop_down_first,UP,150,0.5052383606371094,1.0,settlement,973.3052771794971,1
2026-04-06 07:15:00+00:00,chop_down_first,UP,150,0.5054971940457812,1.0,settlement,972.2938472366959,1
2026-04-06 07:35:00+00:00,chop_down_first,UP,150,0.5052483911994206,0.0,settlement,-1002.0,0
2026-04-06 07:45:00+00:00,trend_down,DOWN,150,0.50529828027633,0.0,settlement,-1002.0,0
2026-04-06 07:50:00+00:00,chop_down_first,UP,150,0.5067511287572147,1.0,settlement,967.4085387585657,1
2026-04-06 08:00:00+00:00,chop_down_first,UP,150,0.5051771465689665,1.0,settlement,973.5446317755263,1
2026-04-06 08:05:00+00:00,chop_up_first,DOWN,150,0.5052807000261802,0.0,settlement,-1002.0,0
2026-04-06 08:10:00+00:00,chop_down_first,UP,150,0.5049472634019382,0.0,settlement,-1002.0,0
2026-04-06 08:15:00+00:00,chop_up_first,DOWN,150,0.5049390925253179,1.0,settlement,974.4760042815655,1
2026-04-06 08:25:00+00:00,chop_down_first,UP,150,0.5049789493270722,0.0,settlement,-1002.0,0
2026-04-06 08:35:00+00:00,chop_down_first,UP,150,0.5049704090881286,1.0,settlement,974.3534299013286,1
2026-04-06 08:40:00+00:00,chop_up_first,DOWN,150,0.5048171158542437,0.0,settlement,-1002.0,0
2026-04-06 08:45:00+00:00,chop_up_first,DOWN,150,0.5047529845413772,1.0,settlement,975.2047527500828,1
2026-04-06 09:05:00+00:00,chop_down_first,UP,150,0.5050818644429179,1.0,settlement,973.9173121385938,1
2026-04-06 09:10:00+00:00,chop_down_first,UP,150,0.5057057217776872,1.0,settlement,971.4797472565077,1
2026-04-06 09:15:00+00:00,chop_down_first,UP,150,0.5067960240631953,1.0,settlement,967.2340756713465,1
2026-04-06 09:20:00+00:00,chop_down_first,UP,150,0.507836149881914,1.0,settlement,963.2007842136935,1
2026-04-06 09:25:00+00:00,chop_up_first,DOWN,150,0.5054035170116165,0.0,settlement,-1002.0,0
2026-04-06 09:30:00+00:00,chop_down_first,UP,150,0.5045635360784475,0.0,settlement,-1002.0,0
2026-04-06 09:35:00+00:00,chop_down_first,UP,150,0.5046075764801674,0.0,settlement,-1002.0,0
2026-04-06 09:40:00+00:00,chop_down_first,UP,150,0.5062133696740779,1.0,settlement,969.5006749872205,1
2026-04-06 09:45:00+00:00,chop_down_first,UP,150,0.5056097212426103,0.0,settlement,-1002.0,0
2026-04-06 09:50:00+00:00,chop_up_first,DOWN,150,0.5049609286805968,1.0,settlement,974.3905350215034,1
2026-04-06 09:55:00+00:00,chop_down_first,UP,150,0.5049904284380798,0.0,settlement,-1002.0,0
2026-04-06 10:00:00+00:00,chop_down_first,UP,150,0.5057473207080636,1.0,settlement,971.3174238130729,1
2026-04-06 10:05:00+00:00,chop_down_first,UP,150,0.5054763031309432,1.0,settlement,972.3754431579537,1
2026-04-06 10:10:00+00:00,chop_down_first,UP,150,0.5047289078328557,0.0,settlement,-1002.0,0
2026-04-06 10:15:00+00:00,chop_up_first,DOWN,150,0.5056420731593928,1.0,settlement,971.7281626194938,1
2026-04-06 10:25:00+00:00,chop_up_first,DOWN,150,0.5055697125477862,1.0,settlement,972.0106561578679,1
2026-04-06 10:30:00+00:00,chop_down_first,UP,150,0.5051631646542405,1.0,settlement,973.5993109336907,1
2026-04-06 10:35:00+00:00,chop_down_first,UP,150,0.5063427563745512,1.0,settlement,968.9968937755689,1
2026-04-06 10:40:00+00:00,chop_up_first,DOWN,150,0.5047135090338152,0.0,settlement,-1002.0,0
2026-04-06 10:45:00+00:00,chop_up_first,DOWN,150,0.5065942340283733,1.0,settlement,968.0184742807476,1
2026-04-06 10:50:00+00:00,chop_up_first,DOWN,150,0.5059232288705842,1.0,settlement,970.6313065876042,1
2026-04-06 10:55:00+00:00,chop_down_first,UP,150,0.5044546278828683,1.0,settlement,976.3741586205256,1
2026-04-06 11:00:00+00:00,chop_up_first,DOWN,150,0.5050830734768071,1.0,settlement,973.912582320633,1
2026-04-06 11:10:00+00:00,chop_up_first,DOWN,150,0.5055425344759842,1.0,settlement,972.1167793813204,1
2026-04-06 11:15:00+00:00,chop_down_first,UP,150,0.5052678238302908,1.0,settlement,973.1900931162559,1
2026-04-06 11:20:00+00:00,chop_up_first,DOWN,150,0.5059391769904126,1.0,settlement,970.5691256736021,1
2026-04-06 11:25:00+00:00,chop_up_first,DOWN,150,0.5048946627603795,0.0,settlement,-1002.0,0
2026-04-06 11:30:00+00:00,chop_up_first,DOWN,150,0.5041506118203469,0.0,settlement,-1002.0,0
2026-04-06 11:35:00+00:00,chop_up_first,DOWN,150,0.5050549168606168,1.0,settlement,974.0227386825429,1
2026-04-06 11:40:00+00:00,chop_up_first,DOWN,150,0.5046934273954374,0.0,settlement,-1002.0,0
2026-04-06 11:45:00+00:00,chop_down_first,UP,150,0.5049141677700861,0.0,settlement,-1002.0,0
2026-04-06 11:50:00+00:00,chop_down_first,UP,150,0.504864920544435,0.0,settlement,-1002.0,0
2026-04-06 11:55:00+00:00,chop_up_first,DOWN,150,0.5051856656689079,0.0,settlement,-1002.0,0
2026-04-06 12:00:00+00:00,chop_up_first,DOWN,150,0.5051671073952878,1.0,settlement,973.5838917261012,1
2026-04-06 12:05:00+00:00,chop_down_first,UP,150,0.5040898697646777,0.0,settlement,-1002.0,0
2026-04-06 12:10:00+00:00,chop_up_first,DOWN,150,0.5055417507277423,1.0,settlement,972.1198398813735,1
2026-04-06 12:15:00+00:00,chop_down_first,UP,150,0.5051049817169639,1.0,settlement,973.8268798054149,1
2026-04-06 12:25:00+00:00,chop_up_first,DOWN,150,0.5052012390972346,1.0,settlement,973.450420080854,1
2026-04-06 12:30:00+00:00,chop_up_first,DOWN,150,0.5050950606345882,0.0,settlement,-1002.0,0
2026-04-06 12:35:00+00:00,chop_down_first,UP,150,0.5051920503784301,1.0,settlement,973.4863506906266,1
2026-04-06 12:40:00+00:00,chop_down_first,UP,150,0.5048066524156916,0.0,settlement,-1002.0,0
2026-04-06 12:45:00+00:00,chop_down_first,UP,150,0.5050684448641096,0.0,settlement,-1002.0,0
2026-04-06 12:50:00+00:00,chop_up_first,DOWN,150,0.505111787881631,1.0,settlement,973.8002563857676,1
2026-04-06 12:55:00+00:00,chop_up_first,DOWN,150,0.5053349346947766,1.0,settlement,972.9277785490807,1
2026-04-06 13:00:00+00:00,chop_down_first,UP,150,0.5052872691785677,1.0,settlement,973.1140803971224,1
2026-04-06 13:20:00+00:00,chop_down_first,UP,150,0.5049115050627654,1.0,settlement,974.5839953992313,1
2026-04-06 13:25:00+00:00,chop_down_first,UP,150,0.5047433637084782,0.0,settlement,-1002.0,0
2026-04-06 13:30:00+00:00,chop_up_first,DOWN,150,0.5054817873320768,0.0,settlement,-1002.0,0
2026-04-06 13:35:00+00:00,chop_up_first,DOWN,150,0.5081307175393596,1.0,settlement,962.0615407642531,1
2026-04-06 13:40:00+00:00,chop_down_first,UP,150,0.5054439838171547,1.0,settlement,972.501689510718,1
2026-04-06 13:45:00+00:00,chop_down_first,UP,150,0.5052508579111316,1.0,settlement,973.2564184176763,1
2026-04-06 13:50:00+00:00,chop_down_first,UP,150,0.5052568288223309,0.0,settlement,-1002.0,0
2026-04-06 13:55:00+00:00,chop_up_first,DOWN,150,0.5046368998065095,0.0,settlement,-1002.0,0
2026-04-06 14:00:00+00:00,chop_up_first,DOWN,150,0.5061385322123816,1.0,settlement,969.7921803693611,1
2026-04-06 14:05:00+00:00,chop_down_first,UP,150,0.5052876829912568,1.0,settlement,973.1124628487506,1
2026-04-06 14:10:00+00:00,chop_down_first,UP,150,0.5064344725391252,1.0,settlement,968.6399428070099,1
2026-04-06 14:15:00+00:00,chop_down_first,UP,150,0.5046057283363031,1.0,settlement,975.7817491102,1
2026-04-06 14:20:00+00:00,chop_down_first,UP,150,0.506066103931104,0.0,settlement,-1002.0,0
2026-04-06 14:25:00+00:00,chop_up_first,DOWN,150,0.5046731590934549,0.0,settlement,-1002.0,0
2026-04-06 14:30:00+00:00,chop_down_first,UP,150,0.5051455212283706,1.0,settlement,973.6683135052787,1
2026-04-06 14:35:00+00:00,chop_down_first,UP,150,0.5061964237961494,0.0,settlement,-1002.0,0
2026-04-06 14:40:00+00:00,chop_down_first,UP,150,0.5050358545250736,0.0,settlement,-1002.0,0
2026-04-06 14:45:00+00:00,chop_up_first,DOWN,150,0.5050270972716431,1.0,settlement,974.1315885654301,1
2026-04-06 14:50:00+00:00,chop_down_first,UP,150,0.506417114831472,1.0,settlement,968.7074875068538,1
2026-04-06 14:55:00+00:00,chop_up_first,DOWN,150,0.5039793217062315,0.0,settlement,-1002.0,0
2026-04-06 15:00:00+00:00,chop_down_first,UP,150,0.5060838552983887,1.0,settlement,970.0052112936421,1
2026-04-06 15:05:00+00:00,chop_up_first,DOWN,150,0.505892221775632,0.0,settlement,-1002.0,0
2026-04-06 15:10:00+00:00,chop_up_first,DOWN,150,0.5035802760679553,0.0,settlement,-1002.0,0
2026-04-06 15:15:00+00:00,chop_up_first,DOWN,150,0.5047045354189258,1.0,settlement,975.3945545617466,1
2026-04-06 15:20:00+00:00,chop_up_first,DOWN,150,0.505529657631811,1.0,settlement,972.1670640555506,1
2026-04-06 15:25:00+00:00,chop_up_first,DOWN,150,0.5049254723232487,0.0,settlement,-1002.0,0
2026-04-06 15:30:00+00:00,chop_up_first,DOWN,150,0.5063444188788891,1.0,settlement,968.9904223091839,1
2026-04-06 15:35:00+00:00,chop_up_first,DOWN,150,0.5063225089812446,1.0,settlement,969.0757122136324,1
2026-04-06 15:40:00+00:00,chop_up_first,DOWN,150,0.5046501170345311,0.0,settlement,-1002.0,0
2026-04-06 15:45:00+00:00,chop_up_first,DOWN,150,0.504368547982124,0.0,settlement,-1002.0,0
2026-04-06 15:50:00+00:00,chop_down_first,UP,150,0.5053100474844524,1.0,settlement,973.0250464408326,1
2026-04-06 15:55:00+00:00,chop_down_first,UP,150,0.5054179680618102,1.0,settlement,972.6033245061628,1
2026-04-06 16:00:00+00:00,chop_down_first,UP,150,0.5045310602192901,0.0,settlement,-1002.0,0
2026-04-06 16:05:00+00:00,chop_down_first,UP,150,0.505074385248697,0.0,settlement,-1002.0,0
2026-04-06 16:10:00+00:00,chop_down_first,UP,150,0.5059104955922186,1.0,settlement,970.6809558116435,1
2026-04-06 16:15:00+00:00,chop_up_first,DOWN,150,0.505400469303501,1.0,settlement,972.67169228267,1
2026-04-06 16:25:00+00:00,chop_down_first,UP,150,0.5049253085355045,0.0,settlement,-1002.0,0
2026-04-06 16:30:00+00:00,chop_up_first,DOWN,150,0.5053630856717414,0.0,settlement,-1002.0,0
2026-04-06 16:35:00+00:00,chop_up_first,DOWN,150,0.504538747654481,1.0,settlement,976.044312036569,1
2026-04-06 16:40:00+00:00,chop_down_first,UP,150,0.5051141920233748,1.0,settlement,973.7908523659464,1
2026-04-06 16:45:00+00:00,chop_down_first,UP,150,0.5057768175765451,1.0,settlement,971.2023400794976,1
2026-04-06 16:55:00+00:00,chop_up_first,DOWN,150,0.5059000503735376,1.0,settlement,970.7216853667327,1
2026-04-06 17:00:00+00:00,chop_up_first,DOWN,150,0.5076135769439076,1.0,settlement,964.0624643030009,1
2026-04-06 17:05:00+00:00,chop_down_first,UP,150,0.5059192398836907,1.0,settlement,970.6468600590032,1
2026-04-06 17:10:00+00:00,trend_down,DOWN,150,0.5069875356701151,1.0,settlement,966.4902088981042,1
2026-04-06 17:15:00+00:00,chop_down_first,UP,150,0.5057240304365711,1.0,settlement,971.4083016353147,1
2026-04-06 17:20:00+00:00,chop_down_first,UP,150,0.5064376932450393,1.0,settlement,968.6274104623545,1
2026-04-06 17:30:00+00:00,trend_up,UP,150,0.5050298736345751,0.0,settlement,-1002.0,0
2026-04-06 17:35:00+00:00,chop_down_first,UP,150,0.5047282556851193,0.0,settlement,-1002.0,0
2026-04-06 17:40:00+00:00,chop_up_first,DOWN,150,0.50558767571855,1.0,settlement,971.9405209623138,1
2026-04-06 17:45:00+00:00,chop_up_first,DOWN,150,0.5054201698481019,0.0,settlement,-1002.0,0
2026-04-06 17:50:00+00:00,chop_down_first,UP,150,0.5056319715019993,0.0,settlement,-1002.0,0
2026-04-06 17:55:00+00:00,chop_down_first,UP,150,0.5050392016183203,1.0,settlement,974.0842263374068,1
2026-04-06 18:00:00+00:00,chop_up_first,DOWN,150,0.5049851274423149,1.0,settlement,974.2958268785902,1
2026-04-06 18:05:00+00:00,chop_down_first,UP,150,0.5052523461278058,1.0,settlement,973.2506003159688,1
2026-04-06 18:10:00+00:00,chop_down_first,UP,150,0.5065285870454207,1.0,settlement,968.2737920900578,1
2026-04-06 18:15:00+00:00,chop_down_first,UP,150,0.5052428169163525,1.0,settlement,973.2878548399586,1
2026-04-06 18:20:00+00:00,chop_up_first,DOWN,150,0.5051065550702215,0.0,settlement,-1002.0,0
2026-04-06 18:25:00+00:00,chop_up_first,DOWN,150,0.5043591003367022,0.0,settlement,-1002.0,0
2026-04-06 18:30:00+00:00,chop_down_first,UP,150,0.5037603810953842,0.0,settlement,-1002.0,0
2026-04-06 18:35:00+00:00,chop_down_first,UP,150,0.5049851857260499,0.0,settlement,-1002.0,0
2026-04-06 18:40:00+00:00,chop_up_first,DOWN,150,0.5045260299029266,0.0,settlement,-1002.0,0
2026-04-06 18:45:00+00:00,chop_up_first,DOWN,150,0.5056952059700357,1.0,settlement,971.5207852833297,1
2026-04-06 18:55:00+00:00,chop_down_first,UP,150,0.5050928519195756,1.0,settlement,973.8743292587883,1
2026-04-06 19:00:00+00:00,chop_up_first,DOWN,150,0.505487117954831,1.0,settlement,972.3332016804801,1
2026-04-06 19:05:00+00:00,chop_up_first,DOWN,150,0.5060680428324359,1.0,settlement,970.0668280380779,1
2026-04-06 19:10:00+00:00,chop_up_first,DOWN,150,0.5049127280985377,0.0,settlement,-1002.0,0
2026-04-06 19:15:00+00:00,chop_down_first,UP,150,0.5051900607126528,1.0,settlement,973.4941310447766,1
2026-04-06 19:20:00+00:00,chop_down_first,UP,150,0.5055250565656034,0.0,settlement,-1002.0,0
2026-04-06 19:30:00+00:00,chop_down_first,UP,150,0.505526640454538,0.0,settlement,-1002.0,0
2026-04-06 19:40:00+00:00,chop_up_first,DOWN,150,0.5053075064962864,0.0,settlement,-1002.0,0
2026-04-06 19:45:00+00:00,chop_up_first,DOWN,150,0.5057345216561309,1.0,settlement,971.3673642286577,1
2026-04-06 19:50:00+00:00,chop_up_first,DOWN,150,0.5053668021729125,0.0,settlement,-1002.0,0
2026-04-06 19:55:00+00:00,chop_up_first,DOWN,150,0.5051647685944155,0.0,settlement,-1002.0,0
2026-04-06 20:00:00+00:00,chop_up_first,DOWN,150,0.5054941689521816,0.0,settlement,-1002.0,0
2026-04-06 20:05:00+00:00,chop_down_first,UP,150,0.5053306961944357,1.0,settlement,972.9443434087373,1
2026-04-06 20:10:00+00:00,chop_up_first,DOWN,150,0.5050729801071557,0.0,settlement,-1002.0,0
2026-04-06 20:15:00+00:00,chop_down_first,UP,150,0.5057059682227484,1.0,settlement,971.4787855230745,1
2026-04-06 20:25:00+00:00,chop_down_first,UP,150,0.5048842077358913,1.0,settlement,974.6908623968317,1
2026-04-06 20:35:00+00:00,chop_up_first,DOWN,150,0.5051470472921341,1.0,settlement,973.6623449544616,1
2026-04-06 20:40:00+00:00,chop_up_first,DOWN,150,0.50486509551201,1.0,settlement,974.7656922051151,1
2026-04-06 20:45:00+00:00,chop_up_first,DOWN,150,0.5049706796927615,1.0,settlement,974.3523708093536,1
2026-04-06 20:50:00+00:00,chop_up_first,DOWN,150,0.5053060721258203,1.0,settlement,973.0405844153397,1
2026-04-06 21:05:00+00:00,chop_up_first,DOWN,150,0.50554998309729,1.0,settlement,972.0876933388028,1
2026-04-06 21:10:00+00:00,trend_up,UP,150,0.5053095948192328,1.0,settlement,973.0268157029951,1
2026-04-06 21:35:00+00:00,chop_up_first,DOWN,150,0.5069540699925265,1.0,settlement,966.6201553026541,1
2026-04-06 21:40:00+00:00,chop_up_first,DOWN,150,0.5052671039875247,1.0,settlement,973.1929071254975,1
2026-04-06 21:45:00+00:00,chop_down_first,UP,150,0.5051380452541606,1.0,settlement,973.6975531269983,1
2026-04-06 21:55:00+00:00,chop_down_first,UP,150,0.5056217663317486,1.0,settlement,971.8074316705585,1
2026-04-06 22:00:00+00:00,chop_up_first,DOWN,150,0.5058399987138887,1.0,settlement,970.9558803919042,1
2026-04-06 22:05:00+00:00,chop_down_first,UP,150,0.505118980380901,1.0,settlement,973.7721225352223,1
2026-04-06 22:10:00+00:00,chop_down_first,UP,150,0.5050340710162152,1.0,settlement,974.1043012243763,1
2026-04-06 22:15:00+00:00,chop_up_first,DOWN,150,0.5051810664716327,1.0,settlement,973.5293027317767,1
2026-04-06 22:20:00+00:00,chop_up_first,DOWN,150,0.5056327616234718,1.0,settlement,971.764510028284,1
2026-04-06 22:25:00+00:00,chop_down_first,UP,150,0.5055477259670329,1.0,settlement,972.0965070923497,1
2026-04-06 22:30:00+00:00,chop_up_first,DOWN,150,0.5053280825589755,1.0,settlement,972.9545581281365,1
2026-04-06 22:35:00+00:00,chop_down_first,UP,150,0.5054463902613722,1.0,settlement,972.4922888536659,1
2026-04-06 22:45:00+00:00,chop_up_first,DOWN,150,0.505052049776316,1.0,settlement,974.0339561873022,1
2026-04-06 22:50:00+00:00,chop_up_first,DOWN,150,0.5061294677739067,1.0,settlement,969.8274938415897,1
2026-04-06 22:55:00+00:00,chop_up_first,DOWN,150,0.505323989380125,1.0,settlement,972.970555473202,1
2026-04-06 23:00:00+00:00,chop_up_first,DOWN,150,0.5075865991618248,1.0,settlement,964.1669587967696,1
2026-04-06 23:05:00+00:00,chop_up_first,DOWN,150,0.5073292538581978,0.0,settlement,-1002.0,0
2026-04-06 23:10:00+00:00,chop_down_first,UP,150,0.5047651203074428,0.0,settlement,-1002.0,0
2026-04-06 23:15:00+00:00,chop_up_first,DOWN,150,0.5046760501399447,0.0,settlement,-1002.0,0
2026-04-06 23:20:00+00:00,chop_up_first,DOWN,150,0.5045074082740361,0.0,settlement,-1002.0,0
2026-04-06 23:25:00+00:00,chop_up_first,DOWN,150,0.5058094854383194,1.0,settlement,971.074900197182,1
2026-04-06 23:30:00+00:00,chop_down_first,UP,150,0.506634179461044,1.0,settlement,967.8631487154488,1
2026-04-06 23:35:00+00:00,chop_down_first,UP,150,0.5045040170765968,1.0,settlement,976.1804826510981,1
2026-04-06 23:40:00+00:00,chop_up_first,DOWN,150,0.5035191704077713,0.0,settlement,-1002.0,0
2026-04-06 23:45:00+00:00,chop_up_first,DOWN,150,0.505554888914122,1.0,settlement,972.0685371347066,1
2026-04-06 23:50:00+00:00,chop_down_first,UP,150,0.5051973881736802,1.0,settlement,973.4654781724657,1
2026-04-06 23:55:00+00:00,chop_up_first,DOWN,150,0.5047295921762208,1.0,settlement,975.2963889376219,1
2026-04-07 00:00:00+00:00,chop_down_first,UP,150,0.5047600894402307,1.0,settlement,975.1769220240114,1
2026-04-07 00:05:00+00:00,chop_up_first,DOWN,150,0.5059620953915823,1.0,settlement,970.4797748487697,1
2026-04-07 00:10:00+00:00,chop_up_first,DOWN,150,0.5055118009094585,0.0,settlement,-1002.0,0
2026-04-07 00:15:00+00:00,chop_down_first,UP,150,0.5049184157906095,0.0,settlement,-1002.0,0
2026-04-07 00:20:00+00:00,chop_down_first,UP,150,0.5051029843087103,1.0,settlement,973.8346931287176,1
2026-04-07 00:25:00+00:00,chop_up_first,DOWN,150,0.5054079142444284,0.0,settlement,-1002.0,0
2026-04-07 00:30:00+00:00,chop_down_first,UP,150,0.505022905548149,0.0,settlement,-1002.0,0
2026-04-07 00:35:00+00:00,chop_down_first,UP,150,0.504653274979849,0.0,settlement,-1002.0,0
2026-04-07 00:40:00+00:00,chop_up_first,DOWN,150,0.5045686839281344,0.0,settlement,-1002.0,0
2026-04-07 00:45:00+00:00,chop_down_first,UP,150,0.5051607267185292,1.0,settlement,973.608845293463,1
2026-04-07 00:50:00+00:00,chop_up_first,DOWN,150,0.5045813559916791,0.0,settlement,-1002.0,0
2026-04-07 01:00:00+00:00,chop_up_first,DOWN,150,0.504189038219993,0.0,settlement,-1002.0,0
2026-04-07 01:05:00+00:00,chop_up_first,DOWN,150,0.5061309185523278,1.0,settlement,969.8218417767317,1
2026-04-07 01:10:00+00:00,chop_up_first,DOWN,150,0.504417946999971,0.0,settlement,-1002.0,0
2026-04-07 01:15:00+00:00,chop_down_first,UP,150,0.5060809516040706,1.0,settlement,970.0165258873036,1
2026-04-07 01:20:00+00:00,chop_down_first,UP,150,0.5050140745377459,0.0,settlement,-1002.0,0
2026-04-07 01:25:00+00:00,chop_down_first,UP,150,0.5057680451572816,0.0,settlement,-1002.0,0
2026-04-07 01:30:00+00:00,chop_down_first,UP,150,0.5053214930696072,1.0,settlement,972.9803119150667,1
2026-04-07 01:40:00+00:00,chop_down_first,UP,150,0.5051276730090074,0.0,settlement,-1002.0,0
2026-04-07 01:45:00+00:00,chop_up_first,DOWN,150,0.5050979888307886,1.0,settlement,973.8542343638929,1
2026-04-07 01:50:00+00:00,chop_up_first,DOWN,150,0.5059211199054788,1.0,settlement,970.6395296295522,1
2026-04-07 01:55:00+00:00,chop_up_first,DOWN,150,0.5061563799265654,1.0,settlement,969.7226524829989,1
2026-04-07 02:00:00+00:00,chop_down_first,UP,150,0.5051491271826862,1.0,settlement,973.6542104032482,1
2026-04-07 02:05:00+00:00,chop_up_first,DOWN,150,0.5055794736071226,0.0,settlement,-1002.0,0
2026-04-07 02:10:00+00:00,chop_down_first,UP,150,0.5045730237753607,0.0,settlement,-1002.0,0
2026-04-07 02:15:00+00:00,chop_up_first,DOWN,150,0.5050473908144056,0.0,settlement,-1002.0,0
2026-04-07 02:20:00+00:00,chop_down_first,UP,150,0.5041730374076279,1.0,settlement,977.4791191761195,1
2026-04-07 02:25:00+00:00,chop_up_first,DOWN,150,0.5053815949685729,0.0,settlement,-1002.0,0
2026-04-07 02:30:00+00:00,trend_down,DOWN,150,0.5056290286482955,1.0,settlement,971.7790820039863,1
2026-04-07 02:35:00+00:00,chop_down_first,UP,150,0.5059794872716485,1.0,settlement,970.411975397329,1
2026-04-07 02:40:00+00:00,chop_down_first,UP,150,0.5045900160042487,0.0,settlement,-1002.0,0
2026-04-07 02:45:00+00:00,chop_up_first,DOWN,150,0.504454391889617,0.0,settlement,-1002.0,0
2026-04-07 02:50:00+00:00,chop_up_first,DOWN,150,0.5053273660303449,0.0,settlement,-1002.0,0
2026-04-07 02:55:00+00:00,chop_down_first,UP,150,0.5051548470462504,1.0,settlement,973.6318400892752,1
2026-04-07 03:00:00+00:00,chop_down_first,UP,150,0.5049931587103312,0.0,settlement,-1002.0,0
2026-04-07 03:05:00+00:00,chop_up_first,DOWN,150,0.5054261532032419,0.0,settlement,-1002.0,0
2026-04-07 03:10:00+00:00,chop_down_first,UP,150,0.5048347235089554,1.0,settlement,974.8846189168605,1
2026-04-07 03:15:00+00:00,chop_down_first,UP,150,0.5046619395833281,0.0,settlement,-1002.0,0
2026-04-07 03:20:00+00:00,chop_down_first,UP,150,0.5055242973048275,1.0,settlement,972.1879971363933,1
2026-04-07 03:25:00+00:00,chop_down_first,UP,150,0.5053576702831214,1.0,settlement,972.8389283195817,1
2026-04-07 03:30:00+00:00,chop_up_first,DOWN,150,0.5048877376309764,1.0,settlement,974.6770424704602,1
2026-04-07 03:50:00+00:00,chop_down_first,UP,150,0.5047412607010173,1.0,settlement,975.2506781274687,1
2026-04-07 03:55:00+00:00,chop_down_first,UP,150,0.5052440893465846,1.0,settlement,973.2828801830818,1
2026-04-07 04:05:00+00:00,chop_up_first,DOWN,150,0.505647289407413,1.0,settlement,971.7078016765277,1
2026-04-07 04:10:00+00:00,chop_up_first,DOWN,150,0.5055546595454345,1.0,settlement,972.0694327638948,1
2026-04-07 04:15:00+00:00,chop_down_first,UP,150,0.5049704236670501,0.0,settlement,-1002.0,0
2026-04-07 04:20:00+00:00,chop_up_first,DOWN,150,0.5054018721739337,1.0,settlement,972.6662110830862,1
2026-04-07 04:25:00+00:00,chop_down_first,UP,150,0.5052461664049089,1.0,settlement,973.2747598290407,1
2026-04-07 04:30:00+00:00,chop_down_first,UP,150,0.5057329903109469,1.0,settlement,971.3733395291965,1
2026-04-07 04:35:00+00:00,chop_up_first,DOWN,150,0.5048775821503833,0.0,settlement,-1002.0,0
2026-04-07 04:45:00+00:00,chop_down_first,UP,150,0.5061722040309526,1.0,settlement,969.6610119092433,1
2026-04-07 04:50:00+00:00,chop_up_first,DOWN,150,0.5053715117084502,1.0,settlement,972.7848402181961,1
2026-04-07 05:00:00+00:00,chop_up_first,DOWN,150,0.5050360720979322,1.0,settlement,974.0964713951689,1
2026-04-07 05:15:00+00:00,chop_up_first,DOWN,150,0.5048239502901519,1.0,settlement,974.9268067142831,1
2026-04-07 05:25:00+00:00,chop_up_first,DOWN,150,0.5055233319303917,1.0,settlement,972.191767151551,1
2026-04-07 05:50:00+00:00,chop_down_first,UP,150,0.5053239656381016,0.0,settlement,-1002.0,0
2026-04-07 05:55:00+00:00,chop_up_first,DOWN,150,0.5047881737749125,0.0,settlement,-1002.0,0
2026-04-07 06:00:00+00:00,chop_up_first,DOWN,150,0.5054186800938348,0.0,settlement,-1002.0,0
2026-04-07 06:10:00+00:00,chop_up_first,DOWN,150,0.5061523800037265,1.0,settlement,969.7382342302773,1
2026-04-07 06:15:00+00:00,chop_down_first,UP,150,0.50461755610745,0.0,settlement,-1002.0,0
2026-04-07 06:20:00+00:00,chop_up_first,DOWN,150,0.5048326105353852,0.0,settlement,-1002.0,0
2026-04-07 06:25:00+00:00,chop_down_first,UP,150,0.5053312044159163,1.0,settlement,972.9423571685656,1
2026-04-07 06:30:00+00:00,chop_up_first,DOWN,150,0.5056768053750068,1.0,settlement,971.5925978647357,1
2026-04-07 06:35:00+00:00,trend_up,UP,150,0.5054309191707913,1.0,settlement,972.5527274772115,1
2026-04-07 06:40:00+00:00,chop_up_first,DOWN,150,0.5057734362393981,0.0,settlement,-1002.0,0
2026-04-07 06:45:00+00:00,chop_up_first,DOWN,150,0.5047703214823135,0.0,settlement,-1002.0,0
2026-04-07 06:50:00+00:00,chop_down_first,UP,150,0.5056776609307602,1.0,settlement,971.5892587445168,1
2026-04-07 07:00:00+00:00,chop_up_first,DOWN,150,0.5044147151567973,0.0,settlement,-1002.0,0
2026-04-07 07:10:00+00:00,chop_down_first,UP,150,0.5047566029179887,1.0,settlement,975.1905790445934,1
2026-04-07 07:15:00+00:00,chop_down_first,UP,150,0.5054175366061515,0.0,settlement,-1002.0,0
2026-04-07 07:20:00+00:00,chop_up_first,DOWN,150,0.5053764241016477,0.0,settlement,-1002.0,0
2026-04-07 07:25:00+00:00,chop_up_first,DOWN,150,0.5059344751656821,1.0,settlement,970.5874574433329,1
2026-04-07 07:30:00+00:00,chop_down_first,UP,150,0.5057419436552509,1.0,settlement,971.338404141355,1
2026-04-07 07:45:00+00:00,chop_up_first,DOWN,150,0.5052359355822572,1.0,settlement,973.3147583412862,1
2026-04-07 08:00:00+00:00,chop_down_first,UP,150,0.5072286793515068,1.0,settlement,965.5543608376906,1
2026-04-07 08:05:00+00:00,chop_up_first,DOWN,150,0.5051380545474143,0.0,settlement,-1002.0,0
2026-04-07 08:10:00+00:00,chop_down_first,UP,150,0.5060527898018201,1.0,settlement,970.1262684686232,1
2026-04-07 08:20:00+00:00,chop_down_first,UP,150,0.5051433793822337,1.0,settlement,973.6766904883647,1
2026-04-07 08:25:00+00:00,chop_up_first,DOWN,150,0.505151303592967,1.0,settlement,973.6456984304905,1
2026-04-07 08:30:00+00:00,chop_down_first,UP,150,0.5057074647230634,1.0,settlement,971.4729455625635,1
2026-04-07 08:35:00+00:00,chop_down_first,UP,150,0.5050760733822447,1.0,settlement,973.9399674526007,1
2026-04-07 08:45:00+00:00,chop_up_first,DOWN,150,0.5051035220670391,1.0,settlement,973.8325895568433,1
2026-04-07 08:50:00+00:00,chop_down_first,UP,150,0.5058982911910878,1.0,settlement,970.728545198892,1
2026-04-07 08:55:00+00:00,chop_up_first,DOWN,150,0.5051601091195741,1.0,settlement,973.611260634533,1
2026-04-07 09:10:00+00:00,chop_up_first,DOWN,150,0.5049275466595949,1.0,settlement,974.5211991351658,1
2026-04-07 09:15:00+00:00,chop_down_first,UP,150,0.5057501612830743,1.0,settlement,971.3063405617141,1
2026-04-07 09:20:00+00:00,chop_up_first,DOWN,150,0.5054992537703228,1.0,settlement,972.2858027114881,1
2026-04-07 09:25:00+00:00,trend_up,UP,150,0.5052155566544937,1.0,settlement,973.3944367997981,1
2026-04-07 09:30:00+00:00,chop_down_first,UP,150,0.5053582730253166,1.0,settlement,972.8365729237877,1
2026-04-07 09:35:00+00:00,chop_up_first,DOWN,150,0.5050961488637674,0.0,settlement,-1002.0,0
2026-04-07 09:40:00+00:00,chop_down_first,UP,150,0.5056900969608169,1.0,settlement,971.5407238503416,1
2026-04-07 09:45:00+00:00,chop_up_first,DOWN,150,0.5052489541448363,0.0,settlement,-1002.0,0
2026-04-07 09:50:00+00:00,trend_up,UP,150,0.5053355739985541,1.0,settlement,972.9252800533206,1
2026-04-07 09:55:00+00:00,chop_up_first,DOWN,150,0.5049725248804625,0.0,settlement,-1002.0,0
2026-04-07 10:00:00+00:00,chop_down_first,UP,150,0.504571076855211,0.0,settlement,-1002.0,0
2026-04-07 10:05:00+00:00,chop_up_first,DOWN,150,0.5053615684654286,1.0,settlement,972.8236951031082,1
2026-04-07 10:10:00+00:00,chop_down_first,UP,150,0.5053448347052206,1.0,settlement,972.8890885214184,1
2026-04-07 10:15:00+00:00,chop_down_first,UP,150,0.5049310069893552,0.0,settlement,-1002.0,0
2026-04-07 10:20:00+00:00,chop_down_first,UP,150,0.5048120124294426,0.0,settlement,-1002.0,0
2026-04-07 10:25:00+00:00,chop_up_first,DOWN,150,0.5067299940192088,1.0,settlement,967.4906790186343,1
2026-04-07 10:30:00+00:00,chop_down_first,UP,150,0.505489222650436,1.0,settlement,972.3249811878834,1
2026-04-07 10:35:00+00:00,chop_up_first,DOWN,150,0.5062031890265278,1.0,settlement,969.5403253765343,1
2026-04-07 10:40:00+00:00,chop_up_first,DOWN,150,0.5050558502639041,1.0,settlement,974.0190867574754,1
2026-04-07 10:45:00+00:00,chop_up_first,DOWN,150,0.5052918180387683,1.0,settlement,973.0962995475,1
2026-04-07 10:50:00+00:00,chop_up_first,DOWN,150,0.5048489319894989,1.0,settlement,974.8289814283671,1
2026-04-07 10:55:00+00:00,chop_up_first,DOWN,150,0.5049194172568057,1.0,settlement,974.5530219100486,1
2026-04-07 11:00:00+00:00,chop_up_first,DOWN,150,0.505689392374668,1.0,settlement,971.5434736202186,1
2026-04-07 11:05:00+00:00,chop_down_first,UP,150,0.5055780894517686,1.0,settlement,971.9779488509811,1
2026-04-07 11:10:00+00:00,chop_up_first,DOWN,150,0.5046793105653374,0.0,settlement,-1002.0,0
2026-04-07 11:15:00+00:00,chop_down_first,UP,150,0.5048821208027904,0.0,settlement,-1002.0,0
2026-04-07 11:20:00+00:00,chop_down_first,UP,150,0.50419616617236,0.0,settlement,-1002.0,0
2026-04-07 11:25:00+00:00,chop_down_first,UP,150,0.5056268843237989,1.0,settlement,971.7874526483639,1
2026-04-07 11:30:00+00:00,chop_up_first,DOWN,150,0.5052404398635894,1.0,settlement,973.2971481646472,1
2026-04-07 11:35:00+00:00,chop_down_first,UP,150,0.5046962785970862,1.0,settlement,975.4269047003071,1
2026-04-07 11:40:00+00:00,chop_up_first,DOWN,150,0.5051835369742216,0.0,settlement,-1002.0,0
2026-04-07 11:45:00+00:00,chop_up_first,DOWN,150,0.5049186166538201,0.0,settlement,-1002.0,0
2026-04-07 11:55:00+00:00,chop_up_first,DOWN,150,0.5050755192494881,1.0,settlement,973.9421353126917,1
2026-04-07 12:00:00+00:00,chop_down_first,UP,150,0.505009766951857,1.0,settlement,974.1994030803373,1
2026-04-07 12:05:00+00:00,chop_up_first,DOWN,150,0.5078403082020001,1.0,settlement,963.1846926712097,1
2026-04-07 12:10:00+00:00,chop_down_first,UP,150,0.5064936976868183,1.0,settlement,968.4095126117369,1
2026-04-07 12:15:00+00:00,chop_up_first,DOWN,150,0.5052148654532663,0.0,settlement,-1002.0,0
2026-04-07 12:20:00+00:00,chop_down_first,UP,150,0.5063526399502428,1.0,settlement,968.9584215815865,1
2026-04-07 12:30:00+00:00,chop_up_first,DOWN,150,0.5058908557266263,1.0,settlement,970.7575398976969,1
2026-04-07 12:35:00+00:00,chop_down_first,UP,150,0.5053599394608314,1.0,settlement,972.8300608567558,1
2026-04-07 12:45:00+00:00,chop_down_first,UP,150,0.5053340927950762,0.0,settlement,-1002.0,0
2026-04-07 12:50:00+00:00,chop_down_first,UP,150,0.5054521569138748,1.0,settlement,972.469762070976,1
2026-04-07 12:55:00+00:00,chop_down_first,UP,150,0.5036507943826047,0.0,settlement,-1002.0,0
2026-04-07 13:00:00+00:00,trend_up,UP,150,0.5054357874673759,1.0,settlement,972.5337088233335,1
2026-04-07 13:05:00+00:00,chop_down_first,UP,150,0.5061661474732747,1.0,settlement,969.684603922853,1
2026-04-07 13:15:00+00:00,chop_up_first,DOWN,150,0.5059420788333251,1.0,settlement,970.5578119561308,1
2026-04-07 13:20:00+00:00,chop_up_first,DOWN,150,0.5057970125240823,1.0,settlement,971.1235560678261,1
2026-04-07 13:30:00+00:00,chop_up_first,DOWN,150,0.505164898252873,1.0,settlement,973.5925311746936,1
2026-04-07 13:35:00+00:00,chop_down_first,UP,150,0.5050867105404547,0.0,settlement,-1002.0,0
2026-04-07 13:40:00+00:00,chop_up_first,DOWN,150,0.5042857506032109,1.0,settlement,977.0366846697999,1
2026-04-07 13:45:00+00:00,chop_up_first,DOWN,150,0.5059412927597048,1.0,settlement,970.5608766904838,1
2026-04-07 13:50:00+00:00,chop_down_first,UP,150,0.5059036091460721,1.0,settlement,970.7078082810087,1
2026-04-07 13:55:00+00:00,chop_up_first,DOWN,150,0.5069177803704504,1.0,settlement,966.7610864047253,1
2026-04-07 14:00:00+00:00,chop_up_first,DOWN,150,0.5056902142130901,1.0,settlement,971.5402662537149,1
2026-04-07 14:05:00+00:00,chop_up_first,DOWN,150,0.5077273006675456,1.0,settlement,963.6220941593208,1
2026-04-07 14:10:00+00:00,chop_up_first,DOWN,150,0.5039210018115942,0.0,settlement,-1002.0,0
2026-04-07 14:15:00+00:00,chop_down_first,UP,150,0.5044384105224331,0.0,settlement,-1002.0,0
2026-04-07 14:20:00+00:00,chop_down_first,UP,150,0.5073618725184694,1.0,settlement,965.0378364185614,1
2026-04-07 14:25:00+00:00,chop_down_first,UP,150,0.503784688897809,1.0,settlement,979.0050245541321,1
2026-04-07 14:30:00+00:00,chop_up_first,DOWN,150,0.5057923090645423,0.0,settlement,-1002.0,0
2026-04-07 14:35:00+00:00,chop_up_first,DOWN,150,0.5046693684663505,1.0,settlement,975.5323456480854,1
2026-04-07 14:40:00+00:00,chop_down_first,UP,150,0.5053126892840435,0.0,settlement,-1002.0,0
2026-04-07 14:45:00+00:00,chop_down_first,UP,150,0.5068516735276447,1.0,settlement,967.0178648400321,1
2026-04-07 14:50:00+00:00,chop_up_first,DOWN,150,0.5058308871806284,1.0,settlement,970.9914192519874,1
2026-04-07 14:55:00+00:00,chop_up_first,DOWN,150,0.5050040121857077,1.0,settlement,974.2219228329624,1
2026-04-07 15:00:00+00:00,chop_down_first,UP,150,0.505134526505134,1.0,settlement,973.7113157654186,1
2026-04-07 15:05:00+00:00,chop_up_first,DOWN,150,0.5050398177808467,0.0,settlement,-1002.0,0
2026-04-07 15:10:00+00:00,chop_down_first,UP,150,0.5061848301865346,0.0,settlement,-1002.0,0
2026-04-07 15:15:00+00:00,chop_down_first,UP,150,0.5039285133510508,0.0,settlement,-1002.0,0
2026-04-07 15:20:00+00:00,chop_up_first,DOWN,150,0.5054686550810819,1.0,settlement,972.405316665801,1
2026-04-07 15:25:00+00:00,chop_down_first,UP,150,0.5051961626337098,1.0,settlement,973.4702703939487,1
2026-04-07 15:30:00+00:00,chop_up_first,DOWN,150,0.5049621988298816,1.0,settlement,974.3855637364643,1
2026-04-07 15:35:00+00:00,chop_down_first,UP,150,0.5047527633442577,0.0,settlement,-1002.0,0
2026-04-07 15:40:00+00:00,chop_up_first,DOWN,150,0.5059283991795048,1.0,settlement,970.6111473847246,1
2026-04-07 15:45:00+00:00,chop_down_first,UP,150,0.505248361286391,1.0,settlement,973.266178912556,1
2026-04-07 15:50:00+00:00,chop_up_first,DOWN,150,0.5053990720642688,0.0,settlement,-1002.0,0
2026-04-07 15:55:00+00:00,chop_up_first,DOWN,150,0.505375751965872,1.0,settlement,972.7682711682512,1
2026-04-07 16:00:00+00:00,chop_down_first,UP,150,0.5061555881736411,1.0,settlement,969.7257367464396,1
2026-04-07 16:05:00+00:00,chop_up_first,DOWN,150,0.5051424487777847,1.0,settlement,973.6803302013258,1
2026-04-07 16:10:00+00:00,chop_down_first,UP,150,0.5054646843918288,1.0,settlement,972.4208266513929,1
2026-04-07 16:15:00+00:00,chop_down_first,UP,150,0.5046657531654015,0.0,settlement,-1002.0,0
2026-04-07 16:20:00+00:00,chop_down_first,UP,150,0.5053388040025768,1.0,settlement,972.9126568062069,1
2026-04-07 16:25:00+00:00,chop_up_first,DOWN,150,0.504260884791214,0.0,settlement,-1002.0,0
2026-04-07 16:30:00+00:00,chop_up_first,DOWN,150,0.5052688986206909,0.0,settlement,-1002.0,0
2026-04-07 16:35:00+00:00,chop_up_first,DOWN,150,0.5057288404350749,1.0,settlement,971.3895325040742,1
2026-04-07 16:40:00+00:00,chop_down_first,UP,150,0.5052268151279559,1.0,settlement,973.3504171136331,1
2026-04-07 16:50:00+00:00,chop_down_first,UP,150,0.5046000682906717,0.0,settlement,-1002.0,0
2026-04-07 16:55:00+00:00,chop_up_first,DOWN,150,0.5054623752061927,1.0,settlement,972.429846717843,1
2026-04-07 17:00:00+00:00,chop_down_first,UP,150,0.5057496694120291,1.0,settlement,971.3082597171991,1
2026-04-07 17:05:00+00:00,chop_down_first,UP,150,0.5051754827032494,1.0,settlement,973.5511385065494,1
2026-04-07 17:10:00+00:00,chop_up_first,DOWN,150,0.5056008677554937,1.0,settlement,971.8890173001606,1
2026-04-07 17:15:00+00:00,chop_down_first,UP,150,0.5051943264446647,0.0,settlement,-1002.0,0
2026-04-07 17:20:00+00:00,chop_up_first,DOWN,150,0.5047335470688772,0.0,settlement,-1002.0,0
2026-04-07 17:25:00+00:00,chop_down_first,UP,150,0.5051009376130642,1.0,settlement,973.8426993151304,1
2026-04-07 17:30:00+00:00,chop_down_first,UP,150,0.505601085711142,1.0,settlement,971.8881663916625,1
2026-04-07 17:35:00+00:00,chop_down_first,UP,150,0.5096102607819233,1.0,settlement,956.3593126023666,1
2026-04-07 17:40:00+00:00,chop_down_first,UP,150,0.5058366585242999,0.0,settlement,-1002.0,0
2026-04-07 17:45:00+00:00,chop_down_first,UP,150,0.5056295687126274,1.0,settlement,971.7769738051244,1
2026-04-07 17:50:00+00:00,chop_down_first,UP,150,0.5060995306147185,1.0,settlement,969.9441327831495,1
2026-04-07 17:55:00+00:00,chop_up_first,DOWN,150,0.5052213861206193,1.0,settlement,973.3716438316648,1
2026-04-07 18:00:00+00:00,chop_down_first,UP,150,0.5050381597179033,0.0,settlement,-1002.0,0
2026-04-07 18:05:00+00:00,chop_down_first,UP,150,0.5051525301988474,0.0,settlement,-1002.0,0
2026-04-07 18:15:00+00:00,chop_down_first,UP,150,0.505129858993424,1.0,settlement,973.7295717753094,1
2026-04-07 18:20:00+00:00,chop_up_first,DOWN,150,0.5049125903935451,1.0,settlement,974.579746649072,1
2026-04-07 18:25:00+00:00,chop_down_first,UP,150,0.5059489943181682,1.0,settlement,970.5308503576222,1
2026-04-07 18:30:00+00:00,chop_down_first,UP,150,0.5051130933419868,1.0,settlement,973.7951499473487,1
2026-04-07 18:35:00+00:00,chop_up_first,DOWN,150,0.5066624907744679,1.0,settlement,967.7530765983673,1
2026-04-07 18:40:00+00:00,chop_up_first,DOWN,150,0.504789770745835,0.0,settlement,-1002.0,0
2026-04-07 18:45:00+00:00,chop_up_first,DOWN,150,0.5047578400021988,1.0,settlement,975.1857332531033,1
2026-04-07 18:55:00+00:00,chop_up_first,DOWN,150,0.5044131164128538,0.0,settlement,-1002.0000000000001,0
2026-04-07 19:05:00+00:00,chop_up_first,DOWN,150,0.5057806322700152,1.0,settlement,971.187457813152,1
2026-04-07 19:10:00+00:00,chop_down_first,UP,150,0.504705437158603,1.0,settlement,975.3910216195665,1
2026-04-07 19:15:00+00:00,chop_down_first,UP,150,0.5060229461371819,1.0,settlement,970.2425783621361,1
2026-04-07 19:20:00+00:00,chop_up_first,DOWN,150,0.5058149435092473,1.0,settlement,971.053609440771,1
2026-04-07 19:25:00+00:00,chop_down_first,UP,150,0.5046188792406181,0.0,settlement,-1001.9999999999999,0
2026-04-07 19:30:00+00:00,chop_up_first,DOWN,150,0.5049016554749741,1.0,settlement,974.6225544678705,1
2026-04-07 19:35:00+00:00,chop_up_first,DOWN,150,0.5047252049509503,0.0,settlement,-1002.0,0
2026-04-07 19:40:00+00:00,chop_down_first,UP,150,0.5045515495686302,1.0,settlement,975.9941234017552,1
2026-04-07 19:45:00+00:00,chop_down_first,UP,150,0.5054116317670353,0.0,settlement,-1002.0,0
2026-04-07 19:50:00+00:00,chop_down_first,UP,150,0.5070697187197126,1.0,settlement,966.1711669153202,1
2026-04-07 19:55:00+00:00,chop_down_first,UP,150,0.5043093315457532,0.0,settlement,-1002.0,0
2026-04-07 20:00:00+00:00,chop_down_first,UP,150,0.5074713942919351,1.0,settlement,964.6133130370627,1
2026-04-07 20:05:00+00:00,chop_down_first,UP,150,0.5061755046321789,0.0,settlement,-1002.0,0
2026-04-07 20:10:00+00:00,chop_up_first,DOWN,150,0.5056655276392218,0.0,settlement,-1002.0,0
2026-04-07 20:15:00+00:00,chop_up_first,DOWN,150,0.5045000828843961,0.0,settlement,-1002.0,0
2026-04-07 20:20:00+00:00,chop_up_first,DOWN,150,0.5046059432713028,0.0,settlement,-1002.0,0
2026-04-07 20:25:00+00:00,chop_up_first,DOWN,150,0.5054099666258917,0.0,settlement,-1002.0,0
2026-04-07 20:30:00+00:00,chop_down_first,UP,150,0.5051044994829773,0.0,settlement,-1002.0,0
2026-04-07 20:35:00+00:00,chop_up_first,DOWN,150,0.507069027648332,1.0,settlement,966.1738492853558,1
2026-04-07 20:40:00+00:00,chop_down_first,UP,150,0.5057162056277953,1.0,settlement,971.4388356431734,1
2026-04-07 20:45:00+00:00,chop_up_first,DOWN,150,0.5057407042408887,1.0,settlement,971.3432401846854,1
2026-04-07 20:55:00+00:00,chop_down_first,UP,150,0.5055079039524373,1.0,settlement,972.2520190028539,1
2026-04-07 21:00:00+00:00,chop_down_first,UP,150,0.5053765227578582,1.0,settlement,972.7652592840631,1
2026-04-07 21:05:00+00:00,chop_down_first,UP,150,0.5085351780017539,1.0,settlement,960.499435971287,1
2026-04-07 21:10:00+00:00,chop_down_first,UP,150,0.5068194395846513,1.0,settlement,967.1430952567271,1
2026-04-07 21:15:00+00:00,chop_up_first,DOWN,150,0.5065997452360961,1.0,settlement,967.9970428032716,1
2026-04-07 21:20:00+00:00,chop_up_first,DOWN,150,0.5044809569376354,1.0,settlement,976.2709065138689,1
2026-04-07 21:25:00+00:00,chop_up_first,DOWN,150,0.5063751434131817,1.0,settlement,968.8708315993945,1
2026-04-07 21:30:00+00:00,chop_down_first,UP,150,0.5058301890025187,1.0,settlement,970.9941424967628,1
2026-04-07 21:35:00+00:00,chop_down_first,UP,150,0.504811351624331,1.0,settlement,974.9761452248177,1
2026-04-07 21:40:00+00:00,chop_up_first,DOWN,150,0.5046543328419105,0.0,settlement,-1002.0,0
2026-04-07 21:45:00+00:00,chop_down_first,UP,150,0.5036943405078221,0.0,settlement,-1002.0,0
2026-04-07 21:50:00+00:00,chop_down_first,UP,150,0.5063338151153933,1.0,settlement,969.0316992606075,1
2026-04-07 21:55:00+00:00,chop_up_first,DOWN,150,0.504825519405506,0.0,settlement,-1002.0,0
2026-04-07 22:00:00+00:00,chop_down_first,UP,150,0.5046574187329913,0.0,settlement,-1002.0,0
2026-04-07 22:05:00+00:00,chop_down_first,UP,150,0.5071214678090088,0.0,settlement,-1002.0,0
2026-04-07 22:10:00+00:00,chop_up_first,DOWN,150,0.5042401991198212,0.0,settlement,-1002.0,0
2026-04-07 22:15:00+00:00,chop_up_first,DOWN,150,0.5040515816520057,0.0,settlement,-1002.0,0
2026-04-07 22:20:00+00:00,chop_down_first,UP,150,0.5064609616099861,1.0,settlement,968.5368738144457,1
2026-04-07 22:25:00+00:00,chop_down_first,UP,150,0.5057315416840253,1.0,settlement,971.3789920968343,1
2026-04-07 22:30:00+00:00,chop_up_first,DOWN,150,0.5015805658926883,0.0,settlement,-1002.0,0
2026-04-07 22:35:00+00:00,chop_down_first,UP,150,0.5075143804463799,1.0,settlement,964.4467421045641,1
2026-04-07 22:40:00+00:00,chop_up_first,DOWN,150,0.5103517290894849,1.0,settlement,953.514095701263,1
2026-04-07 22:45:00+00:00,chop_down_first,UP,150,0.5061685910054976,1.0,settlement,969.675085602379,1
2026-04-07 22:50:00+00:00,chop_down_first,UP,150,0.5068970130927763,1.0,settlement,966.8417454086241,1
2026-04-07 22:55:00+00:00,chop_down_first,UP,150,0.5046568209301607,1.0,settlement,975.5815140287441,1
2026-04-07 23:00:00+00:00,chop_up_first,DOWN,150,0.5054955902167119,1.0,settlement,972.3001112475497,1
2026-04-07 23:05:00+00:00,chop_up_first,DOWN,150,0.503113676420861,0.0,settlement,-1002.0,0
2026-04-07 23:10:00+00:00,chop_down_first,UP,150,0.503709340161905,0.0,settlement,-1002.0,0
2026-04-07 23:15:00+00:00,chop_up_first,DOWN,150,0.5067859172886034,0.0,settlement,-1002.0,0
2026-04-07 23:20:00+00:00,chop_down_first,UP,150,0.5052135709466964,1.0,settlement,973.4022009541309,1
2026-04-07 23:25:00+00:00,chop_down_first,UP,150,0.5071976142634682,1.0,settlement,965.6748705714143,1
2026-04-07 23:30:00+00:00,chop_up_first,DOWN,150,0.5052809443197871,1.0,settlement,973.1388039054489,1
2026-04-07 23:35:00+00:00,chop_up_first,DOWN,150,0.5046535651014472,1.0,settlement,975.5942726162623,1
2026-04-07 23:40:00+00:00,chop_down_first,UP,150,0.5044696140783419,0.0,settlement,-1002.0,0
2026-04-07 23:45:00+00:00,chop_down_first,UP,150,0.5067385493263075,1.0,settlement,967.457427951374,1
2026-04-07 23:50:00+00:00,chop_up_first,DOWN,150,0.5050709863085395,1.0,settlement,973.9598691149886,1
2026-04-07 23:55:00+00:00,chop_up_first,DOWN,150,0.505910975505782,1.0,settlement,970.6790845014865,1
2026-04-08 00:00:00+00:00,chop_down_first,UP,150,0.5066942832010053,0.0,settlement,-1002.0,0
2026-04-08 00:05:00+00:00,chop_up_first,DOWN,150,0.5057889485066009,1.0,settlement,971.1550144515966,1
2026-04-08 00:10:00+00:00,chop_up_first,DOWN,150,0.5053872218711338,0.0,settlement,-1002.0,0
2026-04-08 00:15:00+00:00,chop_down_first,UP,150,0.5061435568914637,1.0,settlement,969.7726056404366,1
2026-04-08 00:20:00+00:00,chop_up_first,DOWN,150,0.5056704289714152,1.0,settlement,971.6174844750818,1
2026-04-08 00:25:00+00:00,chop_down_first,UP,150,0.5053819689855655,0.0,settlement,-1002.0,0
2026-04-08 00:30:00+00:00,chop_up_first,DOWN,150,0.5058151729841562,1.0,settlement,971.0527143187549,1
2026-04-08 00:35:00+00:00,chop_down_first,UP,150,0.5053910139717935,1.0,settlement,972.7086363029391,1
2026-04-08 00:40:00+00:00,chop_down_first,UP,150,0.5052556976383912,0.0,settlement,-1002.0,0
2026-04-08 00:45:00+00:00,chop_up_first,DOWN,150,0.5066289699982136,1.0,settlement,967.8834040294201,1
2026-04-08 00:50:00+00:00,chop_down_first,UP,150,0.5042813085666817,0.0,settlement,-1002.0,0
2026-04-08 00:55:00+00:00,chop_down_first,UP,150,0.5062011010768913,1.0,settlement,969.5484574744239,1
2026-04-08 01:00:00+00:00,chop_up_first,DOWN,150,0.5060509549874193,1.0,settlement,970.1334189060287,1
2026-04-08 01:05:00+00:00,chop_down_first,UP,150,0.5053616459541085,1.0,settlement,972.8233922972216,1
2026-04-08 01:10:00+00:00,chop_up_first,DOWN,150,0.5044146001640908,0.0,settlement,-1002.0,0
2026-04-08 01:15:00+00:00,chop_down_first,UP,150,0.5046379165886469,0.0,settlement,-1002.0,0
2026-04-08 01:20:00+00:00,chop_up_first,DOWN,150,0.5047922007328028,1.0,settlement,975.0511480787764,1
2026-04-08 01:25:00+00:00,chop_up_first,DOWN,150,0.5055574660759606,1.0,settlement,972.0584739975916,1
2026-04-08 01:35:00+00:00,chop_down_first,UP,150,0.5051584016801217,1.0,settlement,973.6179382164513,1
2026-04-08 01:40:00+00:00,chop_down_first,UP,150,0.504727115322708,0.0,settlement,-1002.0,0
2026-04-08 01:45:00+00:00,chop_down_first,UP,150,0.5060521166393682,1.0,settlement,970.1288918374635,1
2026-04-08 01:55:00+00:00,chop_down_first,UP,150,0.5049872431792962,0.0,settlement,-1002.0,0
2026-04-08 02:00:00+00:00,chop_down_first,UP,150,0.5051886310134974,0.0,settlement,-1002.0,0
2026-04-08 02:05:00+00:00,chop_down_first,UP,150,0.507509094706412,1.0,settlement,964.4672227742659,1
2026-04-08 02:15:00+00:00,chop_up_first,DOWN,150,0.5052296116010956,1.0,settlement,973.339483442573,1
2026-04-08 02:20:00+00:00,chop_up_first,DOWN,150,0.504621500909955,0.0,settlement,-1002.0,0
2026-04-08 02:25:00+00:00,chop_up_first,DOWN,150,0.5050567180094798,0.0,settlement,-1002.0,0
2026-04-08 02:30:00+00:00,chop_up_first,DOWN,150,0.5057773068651051,1.0,settlement,971.2004312051404,1
2026-04-08 02:35:00+00:00,chop_up_first,DOWN,150,0.5050881254005551,0.0,settlement,-1002.0,0
2026-04-08 02:40:00+00:00,chop_up_first,DOWN,150,0.5050096284178804,0.0,settlement,-1002.0,0
2026-04-08 02:45:00+00:00,chop_down_first,UP,150,0.5051693055339147,1.0,settlement,973.575295385794,1
2026-04-08 02:50:00+00:00,chop_up_first,DOWN,150,0.5052111025971856,0.0,settlement,-1002.0,0
2026-04-08 02:55:00+00:00,chop_up_first,DOWN,150,0.5049298714051764,0.0,settlement,-1002.0,0
2026-04-08 03:00:00+00:00,chop_down_first,UP,150,0.5053730288957612,1.0,settlement,972.7789116895049,1
2026-04-08 03:05:00+00:00,chop_up_first,DOWN,150,0.5052685645019941,1.0,settlement,973.1871976909051,1
2026-04-08 03:10:00+00:00,chop_up_first,DOWN,150,0.5055670214211159,1.0,settlement,972.0211637908801,1
2026-04-08 03:15:00+00:00,chop_down_first,UP,150,0.5051036210813952,0.0,settlement,-1002.0,0
2026-04-08 03:20:00+00:00,chop_up_first,DOWN,150,0.504835163973526,1.0,settlement,974.8828941011247,1
2026-04-08 03:25:00+00:00,chop_down_first,UP,150,0.5051687857472524,1.0,settlement,973.5773281275585,1
2026-04-08 03:30:00+00:00,chop_up_first,DOWN,150,0.5057574350387254,1.0,settlement,971.2779606563453,1
2026-04-08 04:00:00+00:00,chop_down_first,UP,150,0.5056422894214826,1.0,settlement,971.7273184603202,1
2026-04-08 04:05:00+00:00,chop_down_first,UP,150,0.5043925846135647,0.0,settlement,-1002.0,0
2026-04-08 04:10:00+00:00,chop_down_first,UP,150,0.5048828643256006,0.0,settlement,-1002.0,0
2026-04-08 04:15:00+00:00,chop_down_first,UP,150,0.5051537615402085,0.0,settlement,-1002.0,0
2026-04-08 04:20:00+00:00,chop_down_first,UP,150,0.5049220469985644,0.0,settlement,-1002.0,0
2026-04-08 04:30:00+00:00,chop_up_first,DOWN,150,0.5051707324044675,1.0,settlement,973.5697153115083,1
2026-04-08 04:40:00+00:00,chop_down_first,UP,150,0.505249259136589,0.0,settlement,-1002.0,0
2026-04-08 04:45:00+00:00,chop_down_first,UP,150,0.5052679337641512,1.0,settlement,973.1896633635293,1
2026-04-08 04:55:00+00:00,chop_down_first,UP,150,0.5050677549809414,0.0,settlement,-1002.0,0
2026-04-08 05:05:00+00:00,chop_down_first,UP,150,0.5050797011077369,1.0,settlement,973.9257753007971,1
2026-04-08 05:10:00+00:00,chop_down_first,UP,150,0.5048605271443978,0.0,settlement,-1002.0,0
2026-04-08 05:15:00+00:00,chop_up_first,DOWN,150,0.5051345974407974,0.0,settlement,-1002.0,0
2026-04-08 05:20:00+00:00,chop_down_first,UP,150,0.5054861060988513,1.0,settlement,972.3371537987125,1
2026-04-08 05:35:00+00:00,chop_up_first,DOWN,150,0.5048912704584867,0.0,settlement,-1002.0,0
2026-04-08 05:40:00+00:00,chop_down_first,UP,150,0.5054012499267371,1.0,settlement,972.6686422810984,1
2026-04-08 05:45:00+00:00,chop_down_first,UP,150,0.5054382892169662,1.0,settlement,972.523935545364,1
2026-04-08 05:50:00+00:00,chop_down_first,UP,150,0.5045417413095492,0.0,settlement,-1002.0,0
2026-04-08 05:55:00+00:00,chop_up_first,DOWN,150,0.5049233157824363,0.0,settlement,-1002.0,0
2026-04-08 06:00:00+00:00,chop_up_first,DOWN,150,0.5059613991471793,1.0,settlement,970.4824891427961,1
2026-04-08 06:05:00+00:00,chop_down_first,UP,150,0.5049799202588039,1.0,settlement,974.3162057780867,1
2026-04-08 06:10:00+00:00,chop_down_first,UP,150,0.5061425028843436,1.0,settlement,969.776711721933,1
2026-04-08 06:15:00+00:00,chop_up_first,DOWN,150,0.5053808377694208,0.0,settlement,-1002.0,0
2026-04-08 06:20:00+00:00,chop_down_first,UP,150,0.5045549374877754,0.0,settlement,-1002.0,0
2026-04-08 06:25:00+00:00,chop_up_first,DOWN,150,0.5051144160928639,0.0,settlement,-1002.0,0
2026-04-08 06:30:00+00:00,chop_up_first,DOWN,150,0.5049515323261061,0.0,settlement,-1002.0,0
2026-04-08 06:50:00+00:00,chop_up_first,DOWN,150,0.5052796104827181,1.0,settlement,973.1440178766807,1
2026-04-08 07:00:00+00:00,chop_up_first,DOWN,150,0.505205347005782,1.0,settlement,973.4343573655367,1
2026-04-08 07:15:00+00:00,chop_up_first,DOWN,150,0.5049968549639833,0.0,settlement,-1002.0,0
2026-04-08 07:20:00+00:00,chop_up_first,DOWN,150,0.5046803486880617,0.0,settlement,-1002.0,0
2026-04-08 07:25:00+00:00,chop_down_first,UP,150,0.5054836959044418,0.0,settlement,-1002.0,0
2026-04-08 07:30:00+00:00,chop_up_first,DOWN,150,0.5053967872063995,1.0,settlement,972.6860788658433,1
2026-04-08 07:40:00+00:00,chop_up_first,DOWN,150,0.5051183582434006,1.0,settlement,973.7745560281048,1
2026-04-08 07:45:00+00:00,chop_up_first,DOWN,150,0.5049245044353511,1.0,settlement,974.5331078871826,1
2026-04-08 07:50:00+00:00,chop_up_first,DOWN,150,0.5051913134017535,1.0,settlement,973.4892325441476,1
2026-04-08 08:00:00+00:00,chop_down_first,UP,150,0.5056357421815758,1.0,settlement,971.7528753290036,1
2026-04-08 08:05:00+00:00,chop_down_first,UP,150,0.5049820537825013,1.0,settlement,974.307855941836,1
2026-04-08 08:10:00+00:00,chop_up_first,DOWN,150,0.5052814132939675,1.0,settlement,973.1369706911701,1
2026-04-08 08:25:00+00:00,chop_up_first,DOWN,150,0.5059237356862797,1.0,settlement,970.6293304784851,1
2026-04-08 08:30:00+00:00,chop_down_first,UP,150,0.5050381422445724,1.0,settlement,974.0883713941416,1
2026-04-08 08:35:00+00:00,chop_up_first,DOWN,150,0.5063803257055116,1.0,settlement,968.8506617225737,1
2026-04-08 08:40:00+00:00,trend_down,DOWN,150,0.5056812633371573,1.0,settlement,971.5751991558259,1
2026-04-08 08:45:00+00:00,chop_up_first,DOWN,150,0.5053412845153953,0.0,settlement,-1001.9999999999999,0
2026-04-08 08:50:00+00:00,chop_down_first,UP,150,0.5049845331988543,0.0,settlement,-1002.0,0
2026-04-08 08:55:00+00:00,chop_down_first,UP,150,0.5052263106085918,1.0,settlement,973.3523897000075,1
2026-04-08 09:00:00+00:00,chop_down_first,UP,150,0.5052999507910675,1.0,settlement,973.0645105695947,1
2026-04-08 09:05:00+00:00,chop_down_first,UP,150,0.5053516861577753,0.0,settlement,-1002.0,0
2026-04-08 09:10:00+00:00,chop_down_first,UP,150,0.5049785402117627,0.0,settlement,-1002.0,0
2026-04-08 09:15:00+00:00,chop_up_first,DOWN,150,0.5048529006714655,0.0,settlement,-1002.0,0
2026-04-08 09:20:00+00:00,chop_up_first,DOWN,150,0.5053089375227638,1.0,settlement,973.0293847811483,1
2026-04-08 09:25:00+00:00,chop_up_first,DOWN,150,0.5053856272852983,1.0,settlement,972.7296838669552,1
2026-04-08 09:35:00+00:00,chop_up_first,DOWN,150,0.5051990648651911,1.0,settlement,973.4589218535262,1
2026-04-08 09:40:00+00:00,chop_up_first,DOWN,150,0.5050001312157263,1.0,settlement,974.2371102705193,1
2026-04-08 09:50:00+00:00,chop_down_first,UP,150,0.5049923905768051,1.0,settlement,974.2674024851717,1
2026-04-08 10:00:00+00:00,chop_down_first,UP,150,0.5053218945314987,0.0,settlement,-1002.0,0
2026-04-08 10:05:00+00:00,chop_down_first,UP,150,0.505182015322955,0.0,settlement,-1002.0,0
2026-04-08 10:10:00+00:00,chop_up_first,DOWN,150,0.5054876644968272,1.0,settlement,972.3310669973116,1
2026-04-08 10:15:00+00:00,chop_up_first,DOWN,150,0.5046720202382491,0.0,settlement,-1001.9999999999999,0
2026-04-08 10:30:00+00:00,trend_down,DOWN,150,0.5054353606266953,1.0,settlement,972.5353763190767,1
2026-04-08 10:35:00+00:00,chop_down_first,UP,150,0.5054179316334444,1.0,settlement,972.6034668271366,1
2026-04-08 10:55:00+00:00,chop_up_first,DOWN,150,0.5050945152873135,1.0,settlement,973.8678223466878,1
2026-04-08 11:05:00+00:00,chop_down_first,UP,150,0.5049127272079992,1.0,settlement,974.5792110620994,1
2026-04-08 11:20:00+00:00,chop_up_first,DOWN,150,0.5061060178509326,1.0,settlement,969.9188565229606,1
2026-04-08 11:25:00+00:00,chop_down_first,UP,150,0.504463929340933,1.0,settlement,976.3376807611539,1
2026-04-08 11:30:00+00:00,chop_up_first,DOWN,150,0.5046931895656288,0.0,settlement,-1002.0,0
2026-04-08 11:35:00+00:00,chop_up_first,DOWN,150,0.5075568455168468,1.0,settlement,964.282218071029,1
2026-04-08 11:40:00+00:00,chop_down_first,UP,150,0.5054277903571548,1.0,settlement,972.5649508009337,1
2026-04-08 11:45:00+00:00,chop_down_first,UP,150,0.5052704763160669,0.0,settlement,-1002.0,0
2026-04-08 11:50:00+00:00,chop_down_first,UP,150,0.5061943199524298,1.0,settlement,969.5748689036815,1
2026-04-08 12:15:00+00:00,chop_down_first,UP,150,0.5050297130573732,0.0,settlement,-1002.0,0
2026-04-08 12:20:00+00:00,chop_up_first,DOWN,150,0.5053421400823871,0.0,settlement,-1002.0,0
2026-04-08 12:25:00+00:00,chop_down_first,UP,150,0.505666190411689,1.0,settlement,971.634027593335,1
2026-04-08 12:30:00+00:00,chop_up_first,DOWN,150,0.5049114326178717,0.0,settlement,-1002.0,0
2026-04-08 12:35:00+00:00,chop_down_first,UP,150,0.5053579614413218,1.0,settlement,972.83779053094,1
2026-04-08 12:40:00+00:00,chop_up_first,DOWN,150,0.5050255169768353,0.0,settlement,-1002.0,0
2026-04-08 12:45:00+00:00,chop_down_first,UP,150,0.5062657700828873,1.0,settlement,969.296617262124,1
2026-04-08 12:50:00+00:00,chop_down_first,UP,150,0.5051971924121652,1.0,settlement,973.4662436559655,1
2026-04-08 12:55:00+00:00,chop_down_first,UP,150,0.5063142157137803,1.0,settlement,969.1079978132985,1
2026-04-08 13:00:00+00:00,chop_down_first,UP,150,0.5053480800136133,1.0,settlement,972.8764059281979,1
2026-04-08 13:05:00+00:00,chop_down_first,UP,150,0.5112738388451523,1.0,settlement,949.9872212790075,1
2026-04-08 13:10:00+00:00,chop_up_first,DOWN,150,0.502772635086869,0.0,settlement,-1002.0,0
2026-04-08 13:15:00+00:00,chop_down_first,UP,150,0.5052047821055199,0.0,settlement,-1002.0,0
2026-04-08 13:20:00+00:00,chop_up_first,DOWN,150,0.5051167635042567,1.0,settlement,973.7807938828972,1
2026-04-08 13:25:00+00:00,chop_down_first,UP,150,0.5052143507439729,0.0,settlement,-1002.0,0
2026-04-08 13:30:00+00:00,chop_up_first,DOWN,150,0.5070067227634707,1.0,settlement,966.4157136227718,1
2026-04-08 13:35:00+00:00,chop_up_first,DOWN,150,0.5048874956613206,1.0,settlement,974.6779898020292,1
2026-04-08 13:40:00+00:00,chop_up_first,DOWN,150,0.5046203185877436,1.0,settlement,975.7245648630521,1
2026-04-08 13:45:00+00:00,chop_down_first,UP,150,0.506599216700267,1.0,settlement,967.9990981045551,1
2026-04-08 13:50:00+00:00,chop_up_first,DOWN,150,0.5079195849574195,1.0,settlement,962.8779640652475,1
2026-04-08 13:55:00+00:00,chop_down_first,UP,150,0.505959118920193,1.0,settlement,970.4913786115962,1
2026-04-08 14:00:00+00:00,chop_down_first,UP,150,0.5053592009213163,0.0,settlement,-1002.0,0
2026-04-08 14:05:00+00:00,chop_down_first,UP,150,0.5049736241042234,0.0,settlement,-1002.0,0
2026-04-08 14:10:00+00:00,chop_down_first,UP,150,0.5069094623858306,1.0,settlement,966.7933922219415,1
2026-04-08 14:15:00+00:00,chop_down_first,UP,150,0.5056554996683104,0.0,settlement,-1002.0,0
2026-04-08 14:20:00+00:00,chop_up_first,DOWN,150,0.5040635277715021,0.0,settlement,-1002.0,0
2026-04-08 14:25:00+00:00,chop_down_first,UP,150,0.5049125518609618,0.0,settlement,-1002.0,0
2026-04-08 14:30:00+00:00,chop_up_first,DOWN,150,0.5074102789043494,1.0,settlement,964.8501831594357,1
2026-04-08 14:35:00+00:00,chop_up_first,DOWN,150,0.5036682159878086,0.0,settlement,-1002.0,0
2026-04-08 14:40:00+00:00,chop_down_first,UP,150,0.5050652916430388,0.0,settlement,-1002.0,0
2026-04-08 14:45:00+00:00,chop_down_first,UP,150,0.5026838811501056,0.0,settlement,-1002.0,0
2026-04-08 14:50:00+00:00,chop_up_first,DOWN,150,0.5060475693413952,1.0,settlement,970.1466132104248,1
2026-04-08 14:55:00+00:00,chop_up_first,DOWN,150,0.505866711789265,0.0,settlement,-1002.0,0
2026-04-08 15:00:00+00:00,chop_up_first,DOWN,150,0.5046747457025615,0.0,settlement,-1002.0,0
2026-04-08 15:05:00+00:00,chop_up_first,DOWN,150,0.5046028885730024,1.0,settlement,975.7928795102732,1
2026-04-08 15:10:00+00:00,chop_down_first,UP,150,0.5065345220477313,1.0,settlement,968.2507066358596,1
2026-04-08 15:15:00+00:00,chop_down_first,UP,150,0.5048516546505084,1.0,settlement,974.8183204051918,1
2026-04-08 15:20:00+00:00,chop_up_first,DOWN,150,0.5054603255308057,1.0,settlement,972.4378531627725,1
2026-04-08 15:25:00+00:00,chop_up_first,DOWN,150,0.5048534813886816,0.0,settlement,-1002.0,0
2026-04-08 15:30:00+00:00,chop_up_first,DOWN,150,0.5049836151200385,0.0,settlement,-1002.0,0
2026-04-08 15:35:00+00:00,chop_down_first,UP,150,0.5058249519312663,1.0,settlement,971.0145699408134,1
2026-04-08 15:40:00+00:00,chop_down_first,UP,150,0.5053751382589876,0.0,settlement,-1002.0,0
2026-04-08 15:45:00+00:00,chop_down_first,UP,150,0.5061275672389931,1.0,settlement,969.8348981547275,1
2026-04-08 15:50:00+00:00,chop_up_first,DOWN,150,0.5056698842492421,0.0,settlement,-1002.0,0
2026-04-08 15:55:00+00:00,chop_down_first,UP,150,0.5050636950761452,1.0,settlement,973.988394591573,1
2026-04-08 16:00:00+00:00,chop_down_first,UP,150,0.5052111618401449,1.0,settlement,973.4116206873902,1
2026-04-08 16:05:00+00:00,chop_down_first,UP,150,0.5048228496047326,0.0,settlement,-1002.0,0
2026-04-08 16:10:00+00:00,chop_down_first,UP,150,0.5053885552237112,1.0,settlement,972.7182433884626,1
2026-04-08 16:15:00+00:00,chop_up_first,DOWN,150,0.5050792641845384,0.0,settlement,-1002.0,0
2026-04-08 16:20:00+00:00,chop_up_first,DOWN,150,0.5045920230397565,0.0,settlement,-1002.0,0
2026-04-08 16:25:00+00:00,chop_up_first,DOWN,150,0.5048297777590272,1.0,settlement,974.9039861915201,1
2026-04-08 16:30:00+00:00,chop_up_first,DOWN,150,0.5051055112166297,1.0,settlement,973.8248085556478,1
2026-04-08 16:35:00+00:00,chop_down_first,UP,150,0.5048490340062423,1.0,settlement,974.8285819630985,1
2026-04-08 16:40:00+00:00,chop_down_first,UP,150,0.5062529169500464,1.0,settlement,969.3466660350639,1
2026-04-08 16:45:00+00:00,chop_up_first,DOWN,150,0.5049517078984719,0.0,settlement,-1002.0,0
2026-04-08 16:50:00+00:00,chop_up_first,DOWN,150,0.505490101376252,0.0,settlement,-1002.0,0
2026-04-08 16:55:00+00:00,chop_down_first,UP,150,0.504571925907565,0.0,settlement,-1002.0,0
2026-04-08 17:00:00+00:00,chop_up_first,DOWN,150,0.5040978587967415,0.0,settlement,-1002.0,0
2026-04-08 17:05:00+00:00,chop_up_first,DOWN,150,0.5049770337931356,0.0,settlement,-1002.0,0
2026-04-08 17:10:00+00:00,chop_down_first,UP,150,0.5059294106120243,1.0,settlement,970.607203824574,1
2026-04-08 17:15:00+00:00,chop_up_first,DOWN,150,0.5051350128060059,0.0,settlement,-1002.0,0
2026-04-08 17:20:00+00:00,chop_up_first,DOWN,150,0.5057946461879458,1.0,settlement,971.1327872323069,1
2026-04-08 17:25:00+00:00,chop_up_first,DOWN,150,0.5057256357652403,0.0,settlement,-1002.0,0
2026-04-08 17:30:00+00:00,chop_down_first,UP,150,0.5052406338016678,1.0,settlement,973.2963899411242,1
2026-04-08 17:35:00+00:00,chop_down_first,UP,150,0.5075727096117961,1.0,settlement,964.2207622693003,1
2026-04-08 17:40:00+00:00,chop_up_first,DOWN,150,0.5063101246898213,1.0,settlement,969.1239245144478,1
2026-04-08 17:45:00+00:00,chop_down_first,UP,150,0.5049526160266901,1.0,settlement,974.4230708476005,1
2026-04-08 17:50:00+00:00,chop_up_first,DOWN,150,0.5048783220482332,1.0,settlement,974.7139059392149,1
2026-04-08 18:00:00+00:00,chop_up_first,DOWN,150,0.504083339899872,0.0,settlement,-1002.0,0
2026-04-08 18:05:00+00:00,chop_up_first,DOWN,150,0.504947779125046,1.0,settlement,974.4420030310775,1
2026-04-08 18:10:00+00:00,chop_up_first,DOWN,150,0.505469625985571,1.0,settlement,972.4015242341953,1
2026-04-08 18:15:00+00:00,chop_down_first,UP,150,0.5048534433756996,0.0,settlement,-1002.0,0
2026-04-08 18:20:00+00:00,chop_up_first,DOWN,150,0.5043402017794223,0.0,settlement,-1002.0,0
2026-04-08 18:25:00+00:00,chop_up_first,DOWN,150,0.5036994062521121,0.0,settlement,-1002.0,0
2026-04-08 18:30:00+00:00,chop_down_first,UP,150,0.506095047626968,1.0,settlement,969.9616002557781,1
2026-04-08 18:35:00+00:00,chop_up_first,DOWN,150,0.5053522616188301,1.0,settlement,972.8600645479199,1
2026-04-08 18:40:00+00:00,chop_up_first,DOWN,150,0.5051646949047671,1.0,settlement,973.593326426229,1
2026-04-08 18:45:00+00:00,chop_down_first,UP,150,0.5054966779473071,0.0,settlement,-1002.0,0
2026-04-08 18:50:00+00:00,chop_up_first,DOWN,150,0.5049526240685116,1.0,settlement,974.4230393712976,1
2026-04-08 18:55:00+00:00,chop_up_first,DOWN,150,0.5049242565847697,1.0,settlement,974.5340781017712,1
2026-04-08 19:00:00+00:00,chop_down_first,UP,150,0.50646363746226,1.0,settlement,968.52646267101,1
2026-04-08 19:05:00+00:00,chop_up_first,DOWN,150,0.5038990349883544,0.0,settlement,-1002.0,0
2026-04-08 19:10:00+00:00,chop_down_first,UP,150,0.5052335090156017,1.0,settlement,973.3242455048278,1
2026-04-08 19:15:00+00:00,chop_up_first,DOWN,150,0.505239779910274,1.0,settlement,973.2997283334175,1
2026-04-08 19:20:00+00:00,chop_down_first,UP,150,0.5043699342153198,0.0,settlement,-1002.0,0
2026-04-08 19:25:00+00:00,chop_up_first,DOWN,150,0.5063718565598089,1.0,settlement,968.8836244972546,1
2026-04-08 19:30:00+00:00,chop_down_first,UP,150,0.5060287906934231,1.0,settlement,970.2197992577007,1
2026-04-08 19:35:00+00:00,chop_down_first,UP,150,0.5067766811364639,1.0,settlement,967.3092384636783,1
2026-04-08 19:40:00+00:00,chop_up_first,DOWN,150,0.5057333793920346,0.0,settlement,-1002.0,0
2026-04-08 19:45:00+00:00,chop_up_first,DOWN,150,0.5046093178481482,0.0,settlement,-1002.0,0
2026-04-08 19:55:00+00:00,chop_up_first,DOWN,150,0.5049918204862909,0.0,settlement,-1002.0,0
2026-04-08 20:00:00+00:00,chop_down_first,UP,150,0.5051577869774129,1.0,settlement,973.6203422528329,1
2026-04-08 20:05:00+00:00,chop_up_first,DOWN,150,0.5044251732975776,0.0,settlement,-1002.0,0
2026-04-08 20:10:00+00:00,chop_down_first,UP,150,0.5051636301766005,1.0,settlement,973.5974903638817,1
2026-04-08 20:15:00+00:00,chop_down_first,UP,150,0.5049044590005273,1.0,settlement,974.6115791006667,1
2026-04-08 20:20:00+00:00,chop_up_first,DOWN,150,0.5058580486180709,1.0,settlement,970.8854818587702,1
2026-04-08 20:30:00+00:00,chop_up_first,DOWN,150,0.5048197281248801,1.0,settlement,974.9433411546847,1
2026-04-08 20:35:00+00:00,chop_up_first,DOWN,150,0.5058278988095452,1.0,settlement,971.0030754507039,1
2026-04-08 20:40:00+00:00,chop_up_first,DOWN,150,0.5051447609058264,1.0,settlement,973.6712871977229,1
2026-04-08 20:45:00+00:00,chop_up_first,DOWN,150,0.5049064860474382,0.0,settlement,-1002.0,0
2026-04-08 20:50:00+00:00,chop_down_first,UP,150,0.5043108339395828,1.0,settlement,976.9382516409751,1
2026-04-08 21:05:00+00:00,chop_down_first,UP,150,0.5061436471024845,1.0,settlement,969.7722542073593,1
2026-04-08 21:10:00+00:00,chop_down_first,UP,150,0.5060628475874198,1.0,settlement,970.0870732910313,1
2026-04-08 21:25:00+00:00,chop_down_first,UP,150,0.5058127801498588,1.0,settlement,971.0620481837557,1
2026-04-08 21:30:00+00:00,chop_down_first,UP,150,0.5058207486871001,0.0,settlement,-1002.0,0
2026-04-08 21:50:00+00:00,trend_down,DOWN,150,0.5050001313162723,1.0,settlement,974.2371098770487,1
2026-04-08 21:55:00+00:00,chop_up_first,DOWN,150,0.5050984593419153,0.0,settlement,-1002.0,0
2026-04-08 22:00:00+00:00,chop_up_first,DOWN,150,0.5058764687136538,1.0,settlement,970.8136446783567,1
2026-04-08 22:05:00+00:00,chop_down_first,UP,150,0.5048709941847078,0.0,settlement,-1002.0,0
2026-04-08 22:10:00+00:00,chop_up_first,DOWN,150,0.5063218113725781,1.0,settlement,969.078427955811,1
2026-04-08 22:15:00+00:00,chop_up_first,DOWN,150,0.5059237403416287,1.0,settlement,970.6293123269788,1
2026-04-08 22:20:00+00:00,chop_up_first,DOWN,150,0.5053855388095786,1.0,settlement,972.7300295745717,1
2026-04-08 22:25:00+00:00,trend_down,DOWN,150,0.5064893062012693,1.0,settlement,968.4265969307821,1
2026-04-08 22:30:00+00:00,chop_up_first,DOWN,150,0.5040124548125955,0.0,settlement,-1002.0,0
2026-04-08 22:35:00+00:00,chop_down_first,UP,150,0.5045513943241218,0.0,settlement,-1002.0,0
2026-04-08 22:40:00+00:00,chop_up_first,DOWN,150,0.5051014431531481,1.0,settlement,973.8407217565675,1
2026-04-08 22:45:00+00:00,chop_up_first,DOWN,150,0.5054587503698567,0.0,settlement,-1002.0,0
2026-04-08 22:55:00+00:00,chop_up_first,DOWN,150,0.5055517442170409,1.0,settlement,972.0808164862028,1
2026-04-08 23:00:00+00:00,chop_up_first,DOWN,150,0.5051740136601479,0.0,settlement,-1002.0,0
2026-04-08 23:05:00+00:00,chop_down_first,UP,150,0.5046109961681859,0.0,settlement,-1002.0,0
2026-04-08 23:10:00+00:00,chop_down_first,UP,150,0.5054446409229596,1.0,settlement,972.4991225500326,1
2026-04-08 23:15:00+00:00,trend_up,UP,150,0.5057279373100105,0.0,settlement,-1002.0,0
2026-04-08 23:20:00+00:00,chop_up_first,DOWN,150,0.506153525817104,1.0,settlement,969.7337706753862,1
2026-04-08 23:25:00+00:00,chop_down_first,UP,150,0.5054527339298094,1.0,settlement,972.4675080510873,1
2026-04-08 23:30:00+00:00,chop_up_first,DOWN,150,0.5055896095959079,1.0,settlement,971.9329706511386,1
2026-04-08 23:35:00+00:00,chop_down_first,UP,150,0.5057767423669136,1.0,settlement,971.2026334971431,1
2026-04-08 23:40:00+00:00,chop_down_first,UP,150,0.5045348055842955,0.0,settlement,-1002.0,0
2026-04-08 23:45:00+00:00,chop_down_first,UP,150,0.5055010168338442,1.0,settlement,972.2789168870019,1
2026-04-09 00:00:00+00:00,chop_up_first,DOWN,150,0.5053211800002827,1.0,settlement,972.9815355046896,1
2026-04-09 00:05:00+00:00,chop_down_first,UP,150,0.5052381510294904,0.0,settlement,-1002.0,0
2026-04-09 00:15:00+00:00,chop_up_first,DOWN,150,0.5048051477547281,1.0,settlement,975.0004415345278,1
2026-04-09 00:20:00+00:00,chop_up_first,DOWN,150,0.5053868508811985,1.0,settlement,972.7249028340872,1
2026-04-09 00:25:00+00:00,chop_down_first,UP,150,0.5057879434831507,0.0,settlement,-1002.0,0
2026-04-09 00:30:00+00:00,chop_up_first,DOWN,150,0.5045656596813272,1.0,settlement,975.9388090547332,1
2026-04-09 00:35:00+00:00,chop_down_first,UP,150,0.5061968397536346,0.0,settlement,-1002.0,0
2026-04-09 00:40:00+00:00,chop_up_first,DOWN,150,0.5054279812306292,0.0,settlement,-1002.0,0
2026-04-09 00:45:00+00:00,chop_up_first,DOWN,150,0.5050995563138388,1.0,settlement,973.8481026657289,1
2026-04-09 00:50:00+00:00,chop_up_first,DOWN,150,0.5042331293462692,0.0,settlement,-1002.0,0
2026-04-09 00:55:00+00:00,chop_down_first,UP,150,0.5056169031128528,0.0,settlement,-1002.0,0
2026-04-09 01:00:00+00:00,chop_down_first,UP,150,0.5047764045518455,0.0,settlement,-1002.0,0
2026-04-09 01:05:00+00:00,chop_up_first,DOWN,150,0.5060808791147161,1.0,settlement,970.016808352441,1
2026-04-09 01:10:00+00:00,chop_down_first,UP,150,0.5049641904758493,1.0,settlement,974.377768608784,1
2026-04-09 01:15:00+00:00,chop_up_first,DOWN,150,0.50511064026423,1.0,settlement,973.8047454275226,1
2026-04-09 01:20:00+00:00,chop_down_first,UP,150,0.5050018639424705,0.0,settlement,-1002.0,0
2026-04-09 01:25:00+00:00,chop_down_first,UP,150,0.505577756204129,1.0,settlement,971.9792499831688,1
2026-04-09 01:30:00+00:00,chop_down_first,UP,150,0.5073624241719791,1.0,settlement,965.0356976647348,1
2026-04-09 01:35:00+00:00,chop_up_first,DOWN,150,0.5052149178185265,1.0,settlement,973.3969346536245,1
2026-04-09 01:45:00+00:00,chop_down_first,UP,150,0.5042845588754902,1.0,settlement,977.0413615389126,1
2026-04-09 01:50:00+00:00,chop_down_first,UP,150,0.504602985561257,1.0,settlement,975.7924993645253,1
2026-04-09 02:00:00+00:00,chop_down_first,UP,150,0.5048048843416009,0.0,settlement,-1002.0,0
2026-04-09 02:05:00+00:00,chop_down_first,UP,150,0.5049506856072593,1.0,settlement,974.4306266854437,1
2026-04-09 02:10:00+00:00,chop_up_first,DOWN,150,0.5053264475103657,1.0,settlement,972.9609483472129,1
2026-04-09 02:15:00+00:00,chop_down_first,UP,150,0.505188617772175,1.0,settlement,973.4997735322455,1
2026-04-09 02:20:00+00:00,chop_up_first,DOWN,150,0.5053781742601208,0.0,settlement,-1002.0,0
2026-04-09 02:25:00+00:00,chop_down_first,UP,150,0.5058883326989254,1.0,settlement,970.7673786735661,1
2026-04-09 02:30:00+00:00,chop_down_first,UP,150,0.5052024967876053,1.0,settlement,973.4455022410036,1
2026-04-09 02:40:00+00:00,chop_up_first,DOWN,150,0.5061935183482406,0.0,settlement,-1002.0,0
2026-04-09 02:45:00+00:00,chop_down_first,UP,150,0.5057099242139589,1.0,settlement,971.463347691314,1
2026-04-09 02:50:00+00:00,chop_down_first,UP,150,0.5057111893818554,1.0,settlement,971.458410560151,1
2026-04-09 02:55:00+00:00,chop_up_first,DOWN,150,0.5058992739708539,1.0,settlement,970.7247128990687,1
2026-04-09 03:05:00+00:00,chop_up_first,DOWN,150,0.5058190813409263,1.0,settlement,971.0374689588658,1
2026-04-09 03:10:00+00:00,chop_up_first,DOWN,150,0.5049655487751386,0.0,settlement,-1002.0,0
2026-04-09 03:20:00+00:00,chop_up_first,DOWN,150,0.5050132493378251,0.0,settlement,-1002.0,0
2026-04-09 03:30:00+00:00,chop_down_first,UP,150,0.5051199334004207,0.0,settlement,-1002.0,0
2026-04-09 03:35:00+00:00,chop_up_first,DOWN,150,0.5055833243473934,1.0,settlement,971.9575099479748,1
2026-04-09 03:40:00+00:00,chop_up_first,DOWN,150,0.5052547469948504,1.0,settlement,973.2412143297919,1
2026-04-09 03:45:00+00:00,chop_up_first,DOWN,150,0.5050795855129323,0.0,settlement,-1002.0,0
2026-04-09 03:50:00+00:00,chop_down_first,UP,150,0.5053439646702289,1.0,settlement,972.8924886265584,1
2026-04-09 04:00:00+00:00,chop_up_first,DOWN,150,0.5051113996256683,0.0,settlement,-1002.0,0
2026-04-09 04:20:00+00:00,chop_up_first,DOWN,150,0.5058250893938894,1.0,settlement,971.0140337559467,1
2026-04-09 04:25:00+00:00,chop_up_first,DOWN,150,0.5050508358433624,1.0,settlement,974.0387057542105,1
2026-04-09 04:30:00+00:00,chop_down_first,UP,150,0.5056338933378642,1.0,settlement,971.7600923305532,1
2026-04-09 04:35:00+00:00,chop_up_first,DOWN,150,0.5050733545687798,1.0,settlement,973.9506039515188,1
2026-04-09 04:40:00+00:00,chop_down_first,UP,150,0.5055539704085218,0.0,settlement,-1002.0,0
2026-04-09 04:50:00+00:00,chop_down_first,UP,150,0.5054224974085513,1.0,settlement,972.5856290866303,1
2026-04-09 05:00:00+00:00,chop_up_first,DOWN,150,0.5047609062368892,0.0,settlement,-1002.0,0
2026-04-09 05:10:00+00:00,chop_up_first,DOWN,150,0.5050761746631857,0.0,settlement,-1002.0,0
2026-04-09 05:15:00+00:00,chop_down_first,UP,150,0.5052532521951139,1.0,settlement,973.2470581121602,1
2026-04-09 05:20:00+00:00,chop_up_first,DOWN,150,0.5053084356769008,1.0,settlement,973.0313462768531,1
2026-04-09 05:25:00+00:00,chop_down_first,UP,150,0.5058686304855027,1.0,settlement,970.8442126213259,1
2026-04-09 05:40:00+00:00,chop_up_first,DOWN,150,0.5054440822884129,1.0,settlement,972.5013048357908,1
2026-04-09 05:45:00+00:00,chop_up_first,DOWN,150,0.50546669603023,1.0,settlement,972.4129689215241,1
2026-04-09 05:50:00+00:00,chop_up_first,DOWN,150,0.5054023817678582,1.0,settlement,972.6642200400274,1
2026-04-09 06:00:00+00:00,chop_down_first,UP,150,0.505821079376097,1.0,settlement,971.029675297398,1
2026-04-09 06:05:00+00:00,chop_down_first,UP,150,0.5055249614710536,0.0,settlement,-1002.0,0
2026-04-09 06:10:00+00:00,chop_down_first,UP,150,0.5051771751533525,1.0,settlement,973.544519993496,1
2026-04-09 06:25:00+00:00,chop_up_first,DOWN,150,0.5055841510984751,1.0,settlement,971.9542820550455,1
2026-04-09 06:30:00+00:00,chop_down_first,UP,150,0.5052596517415374,1.0,settlement,973.2220399156689,1
2026-04-09 06:35:00+00:00,chop_down_first,UP,150,0.5051909283327948,0.0,settlement,-1002.0,0
2026-04-09 06:40:00+00:00,chop_down_first,UP,150,0.5055926079277993,1.0,settlement,971.9212645737862,1
2026-04-09 06:50:00+00:00,chop_up_first,DOWN,150,0.5052651017506639,0.0,settlement,-1002.0,0
2026-04-09 06:55:00+00:00,chop_down_first,UP,150,0.505455600593456,1.0,settlement,972.4563099671803,1
2026-04-09 07:00:00+00:00,chop_up_first,DOWN,150,0.5047763052603131,0.0,settlement,-1002.0,0
2026-04-09 07:10:00+00:00,chop_up_first,DOWN,150,0.5051313624951779,0.0,settlement,-1002.0,0
2026-04-09 07:15:00+00:00,chop_up_first,DOWN,150,0.506115526733404,1.0,settlement,969.8818081739979,1
2026-04-09 07:20:00+00:00,chop_up_first,DOWN,150,0.5052863990777497,1.0,settlement,973.1174815343389,1
2026-04-09 07:40:00+00:00,chop_up_first,DOWN,150,0.5056319376095615,1.0,settlement,971.7677266158668,1
2026-04-09 07:45:00+00:00,chop_up_first,DOWN,150,0.5056859384201895,1.0,settlement,971.5569533885914,1
2026-04-09 07:55:00+00:00,chop_down_first,UP,150,0.5053862074084854,0.0,settlement,-1002.0,0
2026-04-09 08:00:00+00:00,chop_up_first,DOWN,150,0.5055759013246882,0.0,settlement,-1002.0,0
2026-04-09 08:10:00+00:00,chop_up_first,DOWN,150,0.5059396274600253,1.0,settlement,970.5673693722533,1
2026-04-09 08:15:00+00:00,chop_up_first,DOWN,150,0.5055806688641756,1.0,settlement,971.9678778503949,1
2026-04-09 08:20:00+00:00,chop_down_first,UP,150,0.5051440810717568,1.0,settlement,973.6739460998099,1
2026-04-09 08:30:00+00:00,chop_down_first,UP,150,0.5066435069233391,1.0,settlement,967.8268829309374,1
2026-04-09 08:40:00+00:00,chop_down_first,UP,150,0.5063344017191106,1.0,settlement,969.0294157607747,1
2026-04-09 08:45:00+00:00,chop_down_first,UP,150,0.5046908169125454,0.0,settlement,-1002.0,0
2026-04-09 08:50:00+00:00,chop_up_first,DOWN,150,0.5056749903667815,1.0,settlement,971.5996816376464,1
2026-04-09 08:55:00+00:00,chop_down_first,UP,150,0.5047249485903776,0.0,settlement,-1002.0,0
2026-04-09 09:00:00+00:00,chop_up_first,DOWN,150,0.5063455217711307,1.0,settlement,968.9861292129651,1
2026-04-09 09:05:00+00:00,chop_down_first,UP,150,0.5052958165729019,1.0,settlement,973.0806701088388,1
2026-04-09 09:10:00+00:00,chop_down_first,UP,150,0.5060741806263228,1.0,settlement,970.0429103197173,1
2026-04-09 09:15:00+00:00,chop_down_first,UP,150,0.505384092041297,1.0,settlement,972.7356826547073,1
2026-04-09 09:20:00+00:00,chop_up_first,DOWN,150,0.506069537753836,1.0,settlement,970.0610025838987,1
2026-04-09 09:25:00+00:00,chop_up_first,DOWN,150,0.5051404920243044,0.0,settlement,-1002.0,0
2026-04-09 09:45:00+00:00,chop_down_first,UP,150,0.5056393745036433,1.0,settlement,971.7386966346885,1
2026-04-09 09:50:00+00:00,chop_down_first,UP,150,0.505048493710231,1.0,settlement,974.0478695192336,1
2026-04-09 09:55:00+00:00,chop_down_first,UP,150,0.5068107303520626,1.0,settlement,967.1769337770857,1
2026-04-09 10:00:00+00:00,chop_up_first,DOWN,150,0.5054513725214199,1.0,settlement,972.4728261821208,1
2026-04-09 10:05:00+00:00,chop_up_first,DOWN,150,0.5060277936042219,1.0,settlement,970.2236853665056,1
2026-04-09 10:10:00+00:00,chop_up_first,DOWN,150,0.5054661281465583,1.0,settlement,972.4151871451077,1
2026-04-09 10:15:00+00:00,chop_up_first,DOWN,150,0.5045233412020533,0.0,settlement,-1002.0,0
2026-04-09 10:45:00+00:00,chop_down_first,UP,150,0.5052565919380976,0.0,settlement,-1002.0,0
2026-04-09 10:50:00+00:00,chop_up_first,DOWN,150,0.5061107080175329,1.0,settlement,969.9005826002538,1
2026-04-09 10:55:00+00:00,chop_down_first,UP,150,0.5048440524919978,0.0,settlement,-1002.0,0
2026-04-09 11:00:00+00:00,chop_down_first,UP,150,0.5055752814975879,1.0,settlement,971.988912281823,1
2026-04-09 11:10:00+00:00,chop_up_first,DOWN,150,0.5054875599694694,1.0,settlement,972.3314752598018,1
2026-04-09 11:20:00+00:00,chop_up_first,DOWN,150,0.5050281268081286,1.0,settlement,974.1275600777824,1
2026-04-09 11:25:00+00:00,chop_up_first,DOWN,150,0.5063799992364654,1.0,settlement,968.8519323528056,1
2026-04-09 11:30:00+00:00,chop_down_first,UP,150,0.505955983767265,1.0,settlement,970.5036011414594,1
2026-04-09 11:35:00+00:00,trend_down,DOWN,150,0.5053735345513554,0.0,settlement,-1002.0,0
2026-04-09 11:50:00+00:00,chop_up_first,DOWN,150,0.5053811314941481,1.0,settlement,972.7472507519922,1
2026-04-09 11:55:00+00:00,chop_up_first,DOWN,150,0.5053913204539167,1.0,settlement,972.7074387895055,1
2026-04-09 12:00:00+00:00,chop_down_first,UP,150,0.5058161255805009,1.0,settlement,971.0489984965253,1
2026-04-09 12:20:00+00:00,chop_up_first,DOWN,150,0.5062650567831223,1.0,settlement,969.2993947111994,1
2026-04-09 12:25:00+00:00,chop_down_first,UP,150,0.5055634332067146,1.0,settlement,972.0351743199318,1
2026-04-09 12:30:00+00:00,chop_up_first,DOWN,150,0.5062341842549484,1.0,settlement,969.4196137679035,1
2026-04-09 12:35:00+00:00,chop_down_first,UP,150,0.5047293380925156,0.0,settlement,-1002.0,0
2026-04-09 12:40:00+00:00,chop_down_first,UP,150,0.5057939515604543,1.0,settlement,971.1354970161511,1
2026-04-09 12:45:00+00:00,chop_up_first,DOWN,150,0.5061708904499365,1.0,settlement,969.6661286327144,1
2026-04-09 12:50:00+00:00,chop_down_first,UP,150,0.5052584285455787,1.0,settlement,973.2268217925864,1
2026-04-09 13:00:00+00:00,chop_up_first,DOWN,150,0.5055525082703068,1.0,settlement,972.0778330119435,1
2026-04-09 13:05:00+00:00,chop_up_first,DOWN,150,0.5054853522948474,1.0,settlement,972.340098024979,1
2026-04-09 13:15:00+00:00,trend_up,UP,150,0.505183378934252,1.0,settlement,973.5202598023052,1
2026-04-09 13:30:00+00:00,chop_down_first,UP,150,0.5042344423641296,0.0,settlement,-1002.0,0
2026-04-09 13:35:00+00:00,chop_down_first,UP,150,0.5062546529012605,0.0,settlement,-1002.0,0
2026-04-09 13:40:00+00:00,chop_up_first,DOWN,150,0.5063973487100919,1.0,settlement,968.7844097962416,1
2026-04-09 13:45:00+00:00,chop_down_first,UP,150,0.5042488218602741,0.0,settlement,-1002.0,0
2026-04-09 13:50:00+00:00,chop_up_first,DOWN,150,0.5065090216558552,1.0,settlement,968.3498996669118,1
2026-04-09 13:55:00+00:00,chop_up_first,DOWN,150,0.5047793739511164,0.0,settlement,-1002.0,0
2026-04-09 14:00:00+00:00,chop_up_first,DOWN,150,0.5061635960260044,1.0,settlement,969.694542704188,1
2026-04-09 14:05:00+00:00,chop_up_first,DOWN,150,0.5060185729142915,1.0,settlement,970.2596233024818,1
2026-04-09 14:10:00+00:00,chop_up_first,DOWN,150,0.503855594367723,0.0,settlement,-1002.0,0
2026-04-09 14:15:00+00:00,chop_up_first,DOWN,150,0.5075006128444858,1.0,settlement,964.5000883571715,1
2026-04-09 14:20:00+00:00,chop_down_first,UP,150,0.5058646032866293,1.0,settlement,970.8599184760919,1
2026-04-09 14:25:00+00:00,chop_up_first,DOWN,150,0.5064231844585402,1.0,settlement,968.6838680125716,1
2026-04-09 14:30:00+00:00,chop_down_first,UP,150,0.5064380453933289,1.0,settlement,968.6260401998348,1
2026-04-09 14:35:00+00:00,chop_up_first,DOWN,150,0.5050778550864446,0.0,settlement,-1002.0,0
2026-04-09 14:40:00+00:00,chop_down_first,UP,150,0.5053338018186986,1.0,settlement,972.9322060154963,1
2026-04-09 14:45:00+00:00,chop_down_first,UP,150,0.506404229947735,1.0,settlement,968.7576299333075,1
2026-04-09 14:50:00+00:00,chop_down_first,UP,150,0.5058060104999759,1.0,settlement,971.0884554208903,1
2026-04-09 14:55:00+00:00,chop_down_first,UP,150,0.5048159146281773,0.0,settlement,-1002.0,0
2026-04-09 15:00:00+00:00,chop_up_first,DOWN,150,0.5056176162815079,1.0,settlement,971.8236324510359,1
2026-04-09 15:05:00+00:00,chop_up_first,DOWN,150,0.5058117970071362,1.0,settlement,971.0658832101534,1
2026-04-09 15:10:00+00:00,chop_down_first,UP,150,0.506897813348843,1.0,settlement,966.838637134117,1
2026-04-09 15:15:00+00:00,chop_down_first,UP,150,0.5051561822098876,1.0,settlement,973.6266183541244,1
2026-04-09 15:20:00+00:00,chop_down_first,UP,150,0.5073890309428312,1.0,settlement,964.932549064994,1
2026-04-09 15:25:00+00:00,chop_up_first,DOWN,150,0.5059798398840355,1.0,settlement,970.4106008427718,1
2026-04-09 15:30:00+00:00,chop_down_first,UP,150,0.5058874225883081,1.0,settlement,970.7709277567349,1
2026-04-09 15:35:00+00:00,chop_up_first,DOWN,150,0.5066630076207931,1.0,settlement,967.751067255621,1
2026-04-09 15:40:00+00:00,chop_down_first,UP,150,0.5063163776238548,1.0,settlement,969.09958141907,1
2026-04-09 15:45:00+00:00,chop_down_first,UP,150,0.5053815244182428,1.0,settlement,972.7457154252374,1
2026-04-09 15:50:00+00:00,chop_down_first,UP,150,0.5054446813151277,1.0,settlement,972.4989647596684,1
2026-04-09 15:55:00+00:00,chop_down_first,UP,150,0.504654308490539,0.0,settlement,-1002.0,0
2026-04-09 16:00:00+00:00,chop_down_first,UP,150,0.5074385242019973,1.0,settlement,964.740703358036,1
2026-04-09 16:05:00+00:00,chop_up_first,DOWN,150,0.5061828841849961,1.0,settlement,969.6194110491851,1
2026-04-09 16:10:00+00:00,chop_down_first,UP,150,0.5066380774339876,1.0,settlement,967.8479929788429,1
2026-04-09 16:15:00+00:00,chop_down_first,UP,150,0.5069604824408895,1.0,settlement,966.595254594355,1
2026-04-09 16:20:00+00:00,chop_up_first,DOWN,150,0.5062723346799675,1.0,settlement,969.2710563789169,1
2026-04-09 16:25:00+00:00,chop_down_first,UP,150,0.5047872163137775,0.0,settlement,-1002.0,0
2026-04-09 16:30:00+00:00,chop_up_first,DOWN,150,0.5049876039143506,1.0,settlement,974.2861350736596,1
2026-04-09 16:35:00+00:00,chop_down_first,UP,150,0.5053178390603517,0.0,settlement,-1002.0,0
2026-04-09 16:40:00+00:00,chop_up_first,DOWN,150,0.5050030097391026,0.0,settlement,-1002.0,0
2026-04-09 16:45:00+00:00,chop_up_first,DOWN,150,0.507214892451285,1.0,settlement,965.6078420663721,1
2026-04-09 16:50:00+00:00,chop_down_first,UP,150,0.5056487097161059,1.0,settlement,971.7022577597844,1
2026-04-09 16:55:00+00:00,chop_down_first,UP,150,0.5061010794846343,1.0,settlement,969.9380978524471,1
2026-04-09 17:00:00+00:00,chop_down_first,UP,150,0.5076086790904074,1.0,settlement,964.0814345970858,1
2026-04-09 17:05:00+00:00,chop_down_first,UP,150,0.5042142869589541,0.0,settlement,-1002.0,0
2026-04-09 17:10:00+00:00,chop_down_first,UP,150,0.5054582670810681,1.0,settlement,972.4458939474332,1
2026-04-09 17:15:00+00:00,chop_down_first,UP,150,0.5056511601971693,0.0,settlement,-1002.0,0
2026-04-09 17:20:00+00:00,chop_up_first,DOWN,150,0.5063413456608826,1.0,settlement,969.002385154621,1
2026-04-09 17:25:00+00:00,chop_up_first,DOWN,150,0.5068982751806123,1.0,settlement,966.8368433378549,1
2026-04-09 17:30:00+00:00,chop_up_first,DOWN,150,0.507405656493823,1.0,settlement,964.8681009513922,1
2026-04-09 17:35:00+00:00,chop_down_first,UP,150,0.506513922614839,1.0,settlement,968.3308348325395,1
2026-04-09 17:40:00+00:00,chop_up_first,DOWN,150,0.505736820015008,1.0,settlement,971.3583961127922,1
2026-04-09 17:45:00+00:00,chop_down_first,UP,150,0.5055395653740724,0.0,settlement,-1002.0,0
2026-04-09 17:50:00+00:00,chop_up_first,DOWN,150,0.5055647158780535,1.0,settlement,972.0301659831933,1
2026-04-09 17:55:00+00:00,chop_up_first,DOWN,150,0.5060965888123429,1.0,settlement,969.9555951602186,1
2026-04-09 18:00:00+00:00,chop_up_first,DOWN,150,0.5082218996614828,1.0,settlement,961.7091606338674,1
2026-04-09 18:05:00+00:00,chop_down_first,UP,150,0.5058588488223627,1.0,settlement,970.8823610051301,1
2026-04-09 18:10:00+00:00,chop_up_first,DOWN,150,0.5054150707231743,1.0,settlement,972.6146441023405,1
2026-04-09 18:15:00+00:00,chop_down_first,UP,150,0.5055214527736996,1.0,settlement,972.1991057435143,1
2026-04-09 18:20:00+00:00,chop_up_first,DOWN,150,0.5059908528387846,1.0,settlement,970.3676710772003,1
2026-04-09 18:25:00+00:00,chop_down_first,UP,150,0.504967155267398,1.0,settlement,974.3661647885269,1
2026-04-09 18:30:00+00:00,chop_down_first,UP,150,0.5051440927916322,0.0,settlement,-1002.0,0
2026-04-09 18:35:00+00:00,chop_down_first,UP,150,0.5049931956238722,1.0,settlement,974.2642519708876,1
2026-04-09 18:40:00+00:00,chop_up_first,DOWN,150,0.5049594609941732,1.0,settlement,974.396279485723,1
2026-04-09 18:45:00+00:00,chop_up_first,DOWN,150,0.5053311402296594,0.0,settlement,-1002.0,0
2026-04-09 18:50:00+00:00,chop_up_first,DOWN,150,0.505193226334146,1.0,settlement,973.4817522828399,1
2026-04-09 18:55:00+00:00,chop_down_first,UP,150,0.5052336405739004,1.0,settlement,973.3237311481494,1
2026-04-09 19:00:00+00:00,chop_down_first,UP,150,0.5052367211847664,1.0,settlement,973.3116868855399,1
2026-04-09 19:05:00+00:00,chop_up_first,DOWN,150,0.5041746364991117,0.0,settlement,-1002.0,0
2026-04-09 19:10:00+00:00,chop_down_first,UP,150,0.5046996846457351,0.0,settlement,-1002.0,0
2026-04-09 19:15:00+00:00,chop_up_first,DOWN,150,0.5054985269713849,1.0,settlement,972.2886413128847,1
2026-04-09 19:20:00+00:00,chop_up_first,DOWN,150,0.5054779438852824,1.0,settlement,972.3690344409861,1
2026-04-09 19:25:00+00:00,chop_up_first,DOWN,150,0.5053505698061153,0.0,settlement,-1002.0,0
2026-04-09 19:30:00+00:00,chop_down_first,UP,150,0.5061662775647314,1.0,settlement,969.6840971737198,1
2026-04-09 19:35:00+00:00,chop_up_first,DOWN,150,0.5046042213536593,0.0,settlement,-1002.0,0
2026-04-09 19:45:00+00:00,chop_down_first,UP,150,0.5061218478487823,1.0,settlement,969.857180720204,1
2026-04-09 19:50:00+00:00,chop_up_first,DOWN,150,0.5056725483980916,1.0,settlement,971.6092124469503,1
2026-04-09 19:55:00+00:00,chop_up_first,DOWN,150,0.5067969920389687,1.0,settlement,967.2303144594467,1
2026-04-09 20:00:00+00:00,chop_down_first,UP,150,0.5054249588268653,0.0,settlement,-1002.0,0
2026-04-09 20:05:00+00:00,chop_up_first,DOWN,150,0.5057345938510657,1.0,settlement,971.3670825253098,1
2026-04-09 20:10:00+00:00,chop_down_first,UP,150,0.5062471050238009,1.0,settlement,969.369297910513,1
2026-04-09 20:15:00+00:00,chop_down_first,UP,150,0.5057057912507328,1.0,settlement,971.4794761430445,1
2026-04-09 20:20:00+00:00,chop_down_first,UP,150,0.5055831792548604,1.0,settlement,971.9580764353638,1
2026-04-09 20:25:00+00:00,chop_up_first,DOWN,150,0.5053057347257276,1.0,settlement,973.0419031790714,1
2026-04-09 20:30:00+00:00,chop_down_first,UP,150,0.5054480861429601,1.0,settlement,972.4856640286642,1
2026-04-09 20:35:00+00:00,chop_up_first,DOWN,150,0.5056379862746575,1.0,settlement,971.7441155338681,1
2026-04-09 20:45:00+00:00,chop_up_first,DOWN,150,0.5054566510357944,1.0,settlement,972.45220664299,1
2026-04-09 20:50:00+00:00,chop_up_first,DOWN,150,0.5051441722552239,0.0,settlement,-1002.0,0
2026-04-09 21:00:00+00:00,chop_up_first,DOWN,150,0.5056014107109762,0.0,settlement,-1002.0,0
2026-04-09 21:05:00+00:00,chop_down_first,UP,150,0.5081417530596757,0.0,settlement,-1002.0,0
2026-04-09 21:10:00+00:00,chop_up_first,DOWN,150,0.5055464182337851,0.0,settlement,-1002.0,0
2026-04-09 21:15:00+00:00,chop_up_first,DOWN,150,0.5056928541323932,1.0,settlement,971.5299635828316,1
2026-04-09 21:20:00+00:00,chop_up_first,DOWN,150,0.505768060314599,0.0,settlement,-1002.0,0
2026-04-09 21:25:00+00:00,chop_down_first,UP,150,0.5047230431555649,0.0,settlement,-1002.0,0
2026-04-09 21:30:00+00:00,chop_down_first,UP,150,0.5049710812694383,1.0,settlement,974.3507991212973,1
2026-04-09 21:35:00+00:00,chop_down_first,UP,150,0.5049630354793495,0.0,settlement,-1002.0,0
2026-04-09 21:40:00+00:00,chop_down_first,UP,150,0.5069778619890204,1.0,settlement,966.5277698015414,1
2026-04-09 21:45:00+00:00,chop_up_first,DOWN,150,0.5059158349767369,1.0,settlement,970.6601363364921,1
2026-04-09 21:50:00+00:00,chop_up_first,DOWN,150,0.5057867169815635,1.0,settlement,971.1637199882775,1
2026-04-09 21:55:00+00:00,chop_up_first,DOWN,150,0.5050532003561659,1.0,settlement,974.0294545133181,1
2026-04-09 22:00:00+00:00,chop_down_first,UP,150,0.5052605954594637,1.0,settlement,973.2183506264898,1
2026-04-09 22:05:00+00:00,chop_up_first,DOWN,150,0.5060632090204596,1.0,settlement,970.0856648159377,1
2026-04-09 22:10:00+00:00,chop_down_first,UP,150,0.5053460916432032,1.0,settlement,972.8841764163329,1
2026-04-09 22:15:00+00:00,chop_down_first,UP,150,0.5126561496416826,1.0,settlement,944.7239409837277,1
2026-04-09 22:20:00+00:00,chop_up_first,DOWN,150,0.5054778343332466,1.0,settlement,972.3694623453027,1
2026-04-09 22:25:00+00:00,chop_up_first,DOWN,150,0.5064409236400734,1.0,settlement,968.6148405757128,1
2026-04-09 22:30:00+00:00,chop_up_first,DOWN,150,0.5058218763754917,1.0,settlement,971.026566488684,1
2026-04-09 22:35:00+00:00,chop_up_first,DOWN,150,0.5057968288652641,1.0,settlement,971.1242725245528,1
2026-04-09 22:40:00+00:00,chop_down_first,UP,150,0.5048154312950721,0.0,settlement,-1002.0,0
2026-04-09 22:45:00+00:00,chop_up_first,DOWN,150,0.5057227021582109,0.0,settlement,-1002.0,0
2026-04-09 22:50:00+00:00,chop_up_first,DOWN,150,0.5069898511274927,1.0,settlement,966.4812186684837,1
2026-04-09 22:55:00+00:00,chop_up_first,DOWN,150,0.5056303657790463,1.0,settlement,971.7738623793663,1
2026-04-09 23:00:00+00:00,chop_down_first,UP,150,0.5043651191915243,0.0,settlement,-1002.0,0
2026-04-09 23:05:00+00:00,chop_down_first,UP,150,0.5060900952805485,1.0,settlement,969.9808968930004,1
2026-04-09 23:15:00+00:00,chop_up_first,DOWN,150,0.506511012493606,0.0,settlement,-1002.0,0
2026-04-09 23:20:00+00:00,chop_down_first,UP,150,0.5051279913174112,0.0,settlement,-1002.0,0
2026-04-09 23:25:00+00:00,chop_down_first,UP,150,0.5051415333691623,0.0,settlement,-1002.0,0
2026-04-09 23:30:00+00:00,chop_up_first,DOWN,150,0.5064073091765215,1.0,settlement,968.7456466670408,1
2026-04-09 23:35:00+00:00,chop_up_first,DOWN,150,0.5050490226672383,0.0,settlement,-1002.0,0
2026-04-09 23:40:00+00:00,trend_down,DOWN,150,0.5056040376307231,1.0,settlement,971.8766420392135,1
2026-04-09 23:45:00+00:00,chop_down_first,UP,150,0.5051903570494217,1.0,settlement,973.4929722507901,1
2026-04-09 23:50:00+00:00,chop_up_first,DOWN,150,0.5057902781951488,0.0,settlement,-1002.0,0
2026-04-10 00:00:00+00:00,chop_down_first,UP,150,0.5055249728382033,1.0,settlement,972.1853590275879,1
2026-04-10 00:05:00+00:00,chop_down_first,UP,150,0.5049459192486226,1.0,settlement,974.4492828956004,1
2026-04-10 00:10:00+00:00,chop_down_first,UP,150,0.5051759155647746,0.0,settlement,-1002.0,0
2026-04-10 00:15:00+00:00,chop_up_first,DOWN,150,0.5053668177606311,1.0,settlement,972.8031824137423,1
2026-04-10 00:20:00+00:00,chop_up_first,DOWN,150,0.5050122097073423,0.0,settlement,-1002.0,0
2026-04-10 00:25:00+00:00,chop_up_first,DOWN,150,0.5045011338751445,0.0,settlement,-1002.0,0
2026-04-10 00:30:00+00:00,chop_up_first,DOWN,150,0.5048781438474149,0.0,settlement,-1002.0,0
2026-04-10 00:35:00+00:00,chop_down_first,UP,150,0.5054098693814693,0.0,settlement,-1002.0,0
2026-04-10 00:40:00+00:00,chop_down_first,UP,150,0.50589352288157,1.0,settlement,970.7471391912494,1
2026-04-10 00:45:00+00:00,chop_up_first,DOWN,150,0.5051474653312634,1.0,settlement,973.6607099780969,1
2026-04-10 00:50:00+00:00,chop_down_first,UP,150,0.5059788925208125,1.0,settlement,970.4142938609818,1
2026-04-10 00:55:00+00:00,chop_up_first,DOWN,150,0.5057547384963675,0.0,settlement,-1002.0,0
2026-04-10 01:00:00+00:00,chop_up_first,DOWN,150,0.5059809014608198,1.0,settlement,970.406462612857,1
2026-04-10 01:05:00+00:00,chop_up_first,DOWN,150,0.5050770632663762,0.0,settlement,-1002.0,0
2026-04-10 01:10:00+00:00,chop_down_first,UP,150,0.5065119791328462,1.0,settlement,968.33839497456,1
2026-04-10 01:15:00+00:00,chop_down_first,UP,150,0.5047908870549612,1.0,settlement,975.0562931959953,1
2026-04-10 01:20:00+00:00,chop_up_first,DOWN,150,0.509293382513427,1.0,settlement,957.5777881007293,1
2026-04-10 01:25:00+00:00,chop_down_first,UP,150,0.5047962327440294,1.0,settlement,975.0353565733976,1
2026-04-10 01:30:00+00:00,chop_down_first,UP,150,0.5072296320559058,1.0,settlement,965.5506652773839,1
2026-04-10 01:35:00+00:00,chop_down_first,UP,150,0.5066055658104059,1.0,settlement,967.9744087957681,1
2026-04-10 01:40:00+00:00,chop_down_first,UP,150,0.5054277634872656,0.0,settlement,-1002.0,0
2026-04-10 01:45:00+00:00,chop_up_first,DOWN,150,0.5056921710506467,1.0,settlement,971.5326293988585,1
2026-04-10 01:50:00+00:00,chop_down_first,UP,150,0.5058614615185766,0.0,settlement,-1002.0,0
2026-04-10 01:55:00+00:00,chop_up_first,DOWN,150,0.5053715525575205,1.0,settlement,972.7846805967761,1
2026-04-10 02:00:00+00:00,chop_up_first,DOWN,150,0.5045785300480884,1.0,settlement,975.8883574473265,1
2026-04-10 02:10:00+00:00,chop_down_first,UP,150,0.5046486580383561,0.0,settlement,-1002.0,0
2026-04-10 02:15:00+00:00,chop_up_first,DOWN,150,0.5050615821899251,1.0,settlement,973.9966609867953,1
2026-04-10 02:25:00+00:00,chop_down_first,UP,150,0.505161638857544,0.0,settlement,-1002.0,0
2026-04-10 02:30:00+00:00,chop_up_first,DOWN,150,0.5050306149795154,0.0,settlement,-1002.0,0
2026-04-10 02:35:00+00:00,chop_up_first,DOWN,150,0.5050531487691491,1.0,settlement,974.0296563484416,1
2026-04-10 02:45:00+00:00,chop_up_first,DOWN,150,0.5058794155871921,1.0,settlement,970.8021525477296,1
2026-04-10 02:50:00+00:00,chop_down_first,UP,150,0.5046990482127292,1.0,settlement,975.4160532582299,1
2026-04-10 02:55:00+00:00,chop_up_first,DOWN,150,0.5053638698063939,1.0,settlement,972.814702092447,1
2026-04-10 03:00:00+00:00,trend_down,DOWN,150,0.5051318475051999,1.0,settlement,973.7217940801614,1
2026-04-10 03:05:00+00:00,chop_up_first,DOWN,150,0.5050172500967413,1.0,settlement,974.1701205430563,1
2026-04-10 03:25:00+00:00,chop_down_first,UP,150,0.5050346760341372,0.0,settlement,-1002.0,0
2026-04-10 03:30:00+00:00,chop_down_first,UP,150,0.5056959304170463,1.0,settlement,971.5179580681056,1
2026-04-10 03:35:00+00:00,chop_down_first,UP,150,0.5058907030495242,1.0,settlement,970.7581352731455,1
2026-04-10 03:40:00+00:00,chop_down_first,UP,150,0.5054976209700155,1.0,settlement,972.29217982254,1
2026-04-10 04:00:00+00:00,chop_down_first,UP,150,0.5052135035171403,1.0,settlement,973.4024646060177,1
2026-04-10 04:05:00+00:00,chop_down_first,UP,150,0.5050584470349815,1.0,settlement,974.0089270041974,1
2026-04-10 04:10:00+00:00,chop_up_first,DOWN,150,0.5054771459674613,1.0,settlement,972.372151069009,1
2026-04-10 04:15:00+00:00,chop_down_first,UP,150,0.5057750393950163,1.0,settlement,971.2092773770715,1
2026-04-10 04:25:00+00:00,chop_down_first,UP,150,0.5057150367560458,0.0,settlement,-1002.0,0
2026-04-10 04:30:00+00:00,chop_up_first,DOWN,150,0.5051260277605605,1.0,settlement,973.744557105007,1
2026-04-10 04:35:00+00:00,chop_down_first,UP,150,0.5058574930508128,1.0,settlement,970.8876486163899,1
2026-04-10 04:50:00+00:00,chop_down_first,UP,150,0.5067521653973892,1.0,settlement,967.4045100278553,1
2026-04-10 05:00:00+00:00,chop_up_first,DOWN,150,0.5056110615326251,0.0,settlement,-1002.0,0
2026-04-10 05:05:00+00:00,chop_up_first,DOWN,150,0.5049550255057615,1.0,settlement,974.4136400076541,1
2026-04-10 05:10:00+00:00,chop_up_first,DOWN,150,0.5053000751491153,0.0,settlement,-1002.0,0
2026-04-10 05:20:00+00:00,chop_down_first,UP,150,0.5056992947645643,1.0,settlement,971.5048285258802,1
2026-04-10 05:25:00+00:00,chop_down_first,UP,150,0.5053469110706214,1.0,settlement,972.8809741127145,1
2026-04-10 05:30:00+00:00,chop_down_first,UP,150,0.5054851037154707,0.0,settlement,-1002.0,0
2026-04-10 05:35:00+00:00,chop_up_first,DOWN,150,0.5052362598566356,0.0,settlement,-1002.0,0
2026-04-10 05:40:00+00:00,chop_up_first,DOWN,150,0.5056143511592944,1.0,settlement,971.836378876,1
2026-04-10 05:45:00+00:00,trend_up,UP,150,0.5052592914940122,1.0,settlement,973.2234482397981,1
2026-04-10 05:50:00+00:00,chop_down_first,UP,150,0.5050420770969923,0.0,settlement,-1002.0,0
2026-04-10 06:05:00+00:00,chop_up_first,DOWN,150,0.505251934180403,1.0,settlement,973.2522107983825,1
2026-04-10 06:10:00+00:00,chop_down_first,UP,150,0.5048934318032727,1.0,settlement,974.6547495687404,1
2026-04-10 06:15:00+00:00,trend_down,DOWN,150,0.5054434105978073,1.0,settlement,972.5039287773625,1
2026-04-10 06:20:00+00:00,chop_up_first,DOWN,150,0.5054380019536016,1.0,settlement,972.5250577569648,1
2026-04-10 06:25:00+00:00,trend_down,DOWN,150,0.5052664141814366,1.0,settlement,973.1956037228852,1
2026-04-10 06:30:00+00:00,chop_up_first,DOWN,150,0.5051681805736352,0.0,settlement,-1002.0,0
2026-04-10 06:35:00+00:00,chop_up_first,DOWN,150,0.5059790078842125,0.0,settlement,-1002.0,0
2026-04-10 06:40:00+00:00,chop_up_first,DOWN,150,0.5062270439566384,1.0,settlement,969.4474205085833,1
2026-04-10 07:30:00+00:00,chop_up_first,DOWN,150,0.5046750406541651,0.0,settlement,-1002.0,0
2026-04-10 07:50:00+00:00,chop_up_first,DOWN,150,0.5060567042089734,1.0,settlement,970.111013843779,1
2026-04-10 07:55:00+00:00,chop_down_first,UP,150,0.5058922758983981,1.0,settlement,970.7520018519423,1
2026-04-10 08:05:00+00:00,chop_down_first,UP,150,0.5062720951574412,1.0,settlement,969.2719890074933,1
2026-04-10 08:10:00+00:00,chop_down_first,UP,150,0.5054673471758736,0.0,settlement,-1002.0,0
2026-04-10 08:15:00+00:00,chop_up_first,DOWN,150,0.5056299945614692,0.0,settlement,-1002.0,0
2026-04-10 08:20:00+00:00,chop_up_first,DOWN,150,0.5051042189748219,0.0,settlement,-1002.0,0
2026-04-10 08:30:00+00:00,chop_down_first,UP,150,0.5053953722345543,0.0,settlement,-1002.0,0
2026-04-10 08:35:00+00:00,chop_down_first,UP,150,0.5056089943206034,1.0,settlement,971.8572913265358,1
2026-04-10 08:50:00+00:00,chop_up_first,DOWN,150,0.5055518202853239,0.0,settlement,-1002.0,0
2026-04-10 09:00:00+00:00,chop_up_first,DOWN,150,0.504869610354655,0.0,settlement,-1002.0,0
2026-04-10 09:15:00+00:00,chop_down_first,UP,150,0.5050523304946958,1.0,settlement,974.0328578673518,1
2026-04-10 09:20:00+00:00,chop_up_first,DOWN,150,0.5053928550443543,1.0,settlement,972.7014427269922,1
2026-04-10 09:30:00+00:00,chop_down_first,UP,150,0.5052746641623981,1.0,settlement,973.1633532910275,1
2026-04-10 09:35:00+00:00,chop_up_first,DOWN,150,0.5046304098415874,0.0,settlement,-1002.0,0
2026-04-10 09:40:00+00:00,trend_down,DOWN,150,0.5055904773426442,1.0,settlement,971.9295827829537,1
2026-04-10 09:45:00+00:00,chop_up_first,DOWN,150,0.5058241218470588,1.0,settlement,971.0178077623503,1
2026-04-10 10:05:00+00:00,chop_up_first,DOWN,150,0.5058409229148935,1.0,settlement,970.9522756859101,1
2026-04-10 10:20:00+00:00,chop_up_first,DOWN,150,0.5054456738303915,1.0,settlement,972.4950875470172,1
2026-04-10 10:25:00+00:00,trend_up,UP,150,0.5053088944814798,0.0,settlement,-1002.0,0
2026-04-10 10:40:00+00:00,chop_down_first,UP,150,0.5054967731902623,1.0,settlement,972.2954909513655,1
2026-04-10 10:45:00+00:00,chop_down_first,UP,150,0.5052299432652538,1.0,settlement,973.3381867076591,1
2026-04-10 10:50:00+00:00,chop_down_first,UP,150,0.5058252558886329,1.0,settlement,971.0133843291699,1
2026-04-10 11:00:00+00:00,chop_down_first,UP,150,0.5062004180696366,1.0,settlement,969.5511176498238,1
2026-04-10 11:05:00+00:00,trend_down,DOWN,150,0.5051098423741182,0.0,settlement,-1002.0,0
2026-04-10 11:10:00+00:00,chop_up_first,DOWN,150,0.5049822649087543,0.0,settlement,-1002.0,0
2026-04-10 11:15:00+00:00,chop_down_first,UP,150,0.5051015593965243,1.0,settlement,973.8402670393089,1
2026-04-10 11:20:00+00:00,chop_down_first,UP,150,0.5053879798624844,1.0,settlement,972.7204915153599,1
2026-04-10 11:25:00+00:00,chop_up_first,DOWN,150,0.5052755495319384,0.0,settlement,-1002.0,0
2026-04-10 11:35:00+00:00,trend_up,UP,150,0.5058157760231519,1.0,settlement,971.0503620241378,1
2026-04-10 11:45:00+00:00,chop_up_first,DOWN,150,0.5056262517845592,0.0,settlement,-1002.0,0
2026-04-10 11:55:00+00:00,chop_up_first,DOWN,150,0.5056428929943094,1.0,settlement,971.7249624731334,1
2026-04-10 12:05:00+00:00,chop_up_first,DOWN,150,0.5053078918205999,1.0,settlement,973.0334719773607,1
2026-04-10 12:10:00+00:00,trend_down,DOWN,150,0.5056354430830077,1.0,settlement,971.7540428631767,1
2026-04-10 12:20:00+00:00,chop_down_first,UP,150,0.5067858378210104,0.0,settlement,-1002.0,0
2026-04-10 12:25:00+00:00,chop_up_first,DOWN,150,0.5061528121639106,0.0,settlement,-1002.0,0
2026-04-10 12:30:00+00:00,chop_down_first,UP,150,0.5075292836306584,1.0,settlement,964.3889989966948,1
2026-04-10 12:35:00+00:00,chop_up_first,DOWN,150,0.5061100217708877,1.0,settlement,969.9032563472676,1
2026-04-10 12:40:00+00:00,chop_down_first,UP,150,0.5054928848089932,1.0,settlement,972.3106777400175,1
2026-04-10 12:45:00+00:00,chop_up_first,DOWN,150,0.504980495713149,0.0,settlement,-1002.0,0
2026-04-10 12:50:00+00:00,chop_up_first,DOWN,150,0.506342037750188,1.0,settlement,968.9996911067836,1
2026-04-10 12:55:00+00:00,chop_down_first,UP,150,0.5057838718157673,1.0,settlement,971.1748195472774,1
2026-04-10 13:00:00+00:00,chop_up_first,DOWN,150,0.5053213505443329,1.0,settlement,972.9808689558693,1
2026-04-10 13:10:00+00:00,chop_down_first,UP,150,0.5054095104088805,0.0,settlement,-1002.0,0
2026-04-10 13:15:00+00:00,chop_up_first,DOWN,150,0.505382251079943,0.0,settlement,-1002.0,0
2026-04-10 13:20:00+00:00,chop_down_first,UP,150,0.5053893787782676,1.0,settlement,972.7150254969213,1
2026-04-10 13:25:00+00:00,chop_down_first,UP,150,0.5052671734108775,1.0,settlement,973.1926357353873,1
2026-04-10 13:30:00+00:00,chop_down_first,UP,150,0.5047538870769481,0.0,settlement,-1002.0,0
2026-04-10 13:35:00+00:00,chop_up_first,DOWN,150,0.5064681422032632,1.0,settlement,968.5089359785794,1
2026-04-10 13:40:00+00:00,chop_down_first,UP,150,0.5054201109052403,1.0,settlement,972.5949527265882,1
2026-04-10 13:45:00+00:00,chop_down_first,UP,150,0.5052824710047414,1.0,settlement,973.1328361253106,1
2026-04-10 13:50:00+00:00,chop_up_first,DOWN,150,0.5062648835550095,1.0,settlement,969.3000692286012,1
2026-04-10 13:55:00+00:00,chop_down_first,UP,150,0.5058277417061892,1.0,settlement,971.0036882391671,1
2026-04-10 14:00:00+00:00,chop_down_first,UP,150,0.5059307348135982,1.0,settlement,970.6020408064289,1
2026-04-10 14:05:00+00:00,chop_up_first,DOWN,150,0.504551841983451,0.0,settlement,-1002.0,0
2026-04-10 14:10:00+00:00,chop_down_first,UP,150,0.5063542805266394,1.0,settlement,968.9520357209559,1
2026-04-10 14:15:00+00:00,chop_down_first,UP,150,0.5054443861821158,1.0,settlement,972.5001176853754,1
2026-04-10 14:20:00+00:00,chop_down_first,UP,150,0.5072751789133192,1.0,settlement,965.3740042592023,1
2026-04-10 14:25:00+00:00,chop_up_first,DOWN,150,0.5065767168607028,1.0,settlement,968.0865965271505,1
2026-04-10 14:30:00+00:00,chop_down_first,UP,150,0.5056169241562822,1.0,settlement,971.826334364405,1
2026-04-10 14:35:00+00:00,chop_down_first,UP,150,0.5042862109439618,0.0,settlement,-1002.0,0
2026-04-10 14:40:00+00:00,chop_down_first,UP,150,0.5046648208552215,0.0,settlement,-1002.0,0
2026-04-10 14:45:00+00:00,chop_down_first,UP,150,0.5052719959045887,0.0,settlement,-1002.0,0
2026-04-10 14:50:00+00:00,chop_down_first,UP,150,0.5075038854610268,1.0,settlement,964.4874074676231,1
2026-04-10 14:55:00+00:00,chop_up_first,DOWN,150,0.5051053502401531,0.0,settlement,-1002.0,0
2026-04-10 15:00:00+00:00,chop_down_first,UP,150,0.5053159262785127,0.0,settlement,-1002.0,0
2026-04-10 15:05:00+00:00,chop_down_first,UP,150,0.5053462429607701,1.0,settlement,972.8835850699586,1
2026-04-10 15:10:00+00:00,chop_down_first,UP,150,0.5050294616702562,0.0,settlement,-1002.0,0
2026-04-10 15:15:00+00:00,chop_up_first,DOWN,150,0.5058037004268647,1.0,settlement,971.0974667796108,1
2026-04-10 15:20:00+00:00,chop_down_first,UP,150,0.5055792870922805,1.0,settlement,971.9732727971522,1
2026-04-10 15:25:00+00:00,chop_up_first,DOWN,150,0.5098839941747503,1.0,settlement,955.3079590687444,1
2026-04-10 15:30:00+00:00,chop_up_first,DOWN,150,0.5060127833541452,1.0,settlement,970.2821889689803,1
2026-04-10 15:40:00+00:00,chop_up_first,DOWN,150,0.5060672939536864,1.0,settlement,970.0697463040036,1
2026-04-10 15:55:00+00:00,chop_up_first,DOWN,150,0.5079233762281262,1.0,settlement,962.8632977108011,1
2026-04-10 16:00:00+00:00,chop_up_first,DOWN,150,0.5052047984662837,0.0,settlement,-1002.0,0
2026-04-10 16:05:00+00:00,chop_up_first,DOWN,150,0.5045730734634215,0.0,settlement,-1002.0,0
2026-04-10 16:10:00+00:00,chop_down_first,UP,150,0.5057928328280201,1.0,settlement,971.139861274666,1
2026-04-10 16:15:00+00:00,chop_down_first,UP,150,0.5052249142079351,1.0,settlement,973.3578494136844,1
2026-04-10 16:20:00+00:00,chop_up_first,DOWN,150,0.5066845425602633,0.0,settlement,-1002.0,0
2026-04-10 16:25:00+00:00,chop_up_first,DOWN,150,0.5056957426151716,0.0,settlement,-1002.0,0
2026-04-10 16:30:00+00:00,chop_up_first,DOWN,150,0.5052578283035305,0.0,settlement,-1002.0,0
2026-04-10 16:35:00+00:00,chop_up_first,DOWN,150,0.5059042833734161,1.0,settlement,970.7051792193666,1
2026-04-10 16:40:00+00:00,chop_up_first,DOWN,150,0.5055808137135881,0.0,settlement,-1002.0,0
2026-04-10 16:45:00+00:00,chop_down_first,UP,150,0.5055176033774426,1.0,settlement,972.2141387999254,1
2026-04-10 16:50:00+00:00,chop_down_first,UP,150,0.506277147643406,1.0,settlement,969.2523163359068,1
2026-04-10 16:55:00+00:00,chop_down_first,UP,150,0.5056293473193209,1.0,settlement,971.7778380370228,1
2026-04-10 17:00:00+00:00,chop_down_first,UP,150,0.5040935452252054,0.0,settlement,-1002.0,0
2026-04-10 17:05:00+00:00,chop_up_first,DOWN,150,0.5052565103328451,0.0,settlement,-1002.0,0
2026-04-10 17:10:00+00:00,chop_up_first,DOWN,150,0.505000129005975,1.0,settlement,974.2371189180268,1
2026-04-10 17:15:00+00:00,chop_up_first,DOWN,150,0.504498520458644,0.0,settlement,-1002.0,0
2026-04-10 17:20:00+00:00,chop_up_first,DOWN,150,0.5055522450972901,0.0,settlement,-1002.0,0
2026-04-10 17:25:00+00:00,chop_down_first,UP,150,0.5057460491670774,1.0,settlement,971.3223851053799,1
2026-04-10 17:30:00+00:00,chop_up_first,DOWN,150,0.5057499278435408,1.0,settlement,971.3072513828258,1
2026-04-10 17:35:00+00:00,chop_up_first,DOWN,150,0.505,0.0,settlement,-1002.0,0
2026-04-10 17:40:00+00:00,chop_up_first,DOWN,150,0.5054118024574376,0.0,settlement,-1002.0,0
2026-04-10 17:45:00+00:00,chop_down_first,UP,150,0.5059219640279797,1.0,settlement,970.6362383128442,1
2026-04-10 17:50:00+00:00,chop_down_first,UP,150,0.5063358898080869,1.0,settlement,969.0236230306829,1
2026-04-10 18:00:00+00:00,chop_up_first,DOWN,150,0.5058957280928079,1.0,settlement,970.7385399406146,1
2026-04-10 18:05:00+00:00,chop_down_first,UP,150,0.5054743189415548,1.0,settlement,972.3831933732585,1
2026-04-10 18:10:00+00:00,chop_down_first,UP,150,0.5055816001566783,1.0,settlement,971.964241757854,1
2026-04-10 18:15:00+00:00,chop_up_first,DOWN,150,0.5054595416243814,1.0,settlement,972.4409152763341,1
2026-04-10 18:20:00+00:00,chop_down_first,UP,150,0.5054651794323874,0.0,settlement,-1001.9999999999999,0
2026-04-10 18:25:00+00:00,chop_up_first,DOWN,150,0.5053501514024076,0.0,settlement,-1002.0,0
2026-04-10 18:45:00+00:00,chop_down_first,UP,150,0.5051064602067221,1.0,settlement,973.8210963913509,1
2026-04-10 18:55:00+00:00,trend_up,UP,150,0.5056808325805033,1.0,settlement,971.5768803163417,1
2026-04-10 19:00:00+00:00,chop_down_first,UP,150,0.5055485402099323,1.0,settlement,972.0933275874439,1
2026-04-10 19:05:00+00:00,chop_down_first,UP,150,0.5050805918624702,0.0,settlement,-1002.0,0
2026-04-10 19:10:00+00:00,chop_down_first,UP,150,0.5069620660828301,1.0,settlement,966.5891051204244,1
2026-04-10 19:15:00+00:00,chop_up_first,DOWN,150,0.5053259349851205,1.0,settlement,972.9629514451627,1
2026-04-10 19:20:00+00:00,chop_up_first,DOWN,150,0.5064549710803831,1.0,settlement,968.5601820257389,1
2026-04-10 19:30:00+00:00,chop_up_first,DOWN,150,0.505547497550548,0.0,settlement,-1002.0,0
2026-04-10 19:35:00+00:00,chop_up_first,DOWN,150,0.5054976265586553,1.0,settlement,972.2921579953202,1
2026-04-10 19:40:00+00:00,chop_up_first,DOWN,150,0.5052607981666593,1.0,settlement,973.2175581823225,1
2026-04-10 19:45:00+00:00,chop_up_first,DOWN,150,0.5045874631234231,0.0,settlement,-1002.0,0
2026-04-10 19:50:00+00:00,chop_down_first,UP,150,0.5060393088865233,1.0,settlement,970.1788060219575,1
2026-04-10 20:00:00+00:00,chop_up_first,DOWN,150,0.5055329906497487,0.0,settlement,-1002.0,0
2026-04-10 20:10:00+00:00,chop_up_first,DOWN,150,0.5057867401670775,1.0,settlement,971.1636295374781,1
2026-04-10 20:15:00+00:00,chop_up_first,DOWN,150,0.5046447028005047,0.0,settlement,-1002.0,0
2026-04-10 20:20:00+00:00,chop_up_first,DOWN,150,0.5055280129949548,1.0,settlement,972.1734866233026,1
2026-04-10 20:25:00+00:00,chop_down_first,UP,150,0.505287110214936,1.0,settlement,973.1147017692116,1
2026-04-10 20:30:00+00:00,chop_down_first,UP,150,0.5053048344891361,0.0,settlement,-1002.0,0
2026-04-10 20:35:00+00:00,chop_up_first,DOWN,150,0.5065886010184403,1.0,settlement,968.0403798933327,1
2026-04-10 20:40:00+00:00,chop_down_first,UP,150,0.5055444158097468,1.0,settlement,972.1094329001164,1
2026-04-10 20:45:00+00:00,chop_up_first,DOWN,150,0.5058823041918593,0.0,settlement,-1002.0,0
2026-04-10 20:55:00+00:00,chop_down_first,UP,150,0.5060485580904828,1.0,settlement,970.1427599079437,1
2026-04-10 21:00:00+00:00,chop_up_first,DOWN,150,0.505561190793725,1.0,settlement,972.043930138609,1
2026-04-10 21:05:00+00:00,chop_up_first,DOWN,150,0.5071276794762783,1.0,settlement,965.9462202312759,1
2026-04-10 21:10:00+00:00,trend_down,DOWN,150,0.505623228944929,1.0,settlement,971.8017220500353,1
2026-04-10 21:25:00+00:00,chop_up_first,DOWN,150,0.5054371259252132,1.0,settlement,972.5284800223969,1
2026-04-10 21:30:00+00:00,trend_down,DOWN,150,0.5055834329334326,1.0,settlement,971.9570859937598,1
2026-04-10 21:35:00+00:00,chop_down_first,UP,150,0.5055761479504741,1.0,settlement,971.9855292733536,1
2026-04-10 21:40:00+00:00,chop_down_first,UP,150,0.5045414436417324,1.0,settlement,976.0337424742168,1
2026-04-10 21:50:00+00:00,chop_down_first,UP,150,0.5055330480438954,1.0,settlement,972.1538240905344,1
2026-04-10 22:00:00+00:00,chop_up_first,DOWN,150,0.5056769202597066,0.0,settlement,-1002.0,0
2026-04-10 22:05:00+00:00,chop_down_first,UP,150,0.5050719198415193,0.0,settlement,-1002.0,0
2026-04-10 22:15:00+00:00,chop_up_first,DOWN,150,0.5054047090206101,1.0,settlement,972.6551272423982,1
2026-04-10 22:20:00+00:00,chop_up_first,DOWN,150,0.5053582104634493,1.0,settlement,972.8368174027751,1
2026-04-10 22:25:00+00:00,chop_up_first,DOWN,150,0.5049577639971037,1.0,settlement,974.4029215039939,1
2026-04-10 22:40:00+00:00,chop_up_first,DOWN,150,0.5059708020820456,1.0,settlement,970.4458326316021,1
2026-04-10 22:45:00+00:00,chop_up_first,DOWN,150,0.5050622095096506,1.0,settlement,973.9942066719415,1
2026-04-10 22:50:00+00:00,chop_down_first,UP,150,0.5054767676470697,1.0,settlement,972.3736287734123,1
2026-04-10 23:00:00+00:00,chop_up_first,DOWN,150,0.5060936289351198,1.0,settlement,969.9671280982312,1
2026-04-10 23:10:00+00:00,chop_up_first,DOWN,150,0.5055373661303865,0.0,settlement,-1002.0,0
2026-04-10 23:20:00+00:00,chop_down_first,UP,150,0.5060035603466878,1.0,settlement,970.3181380704542,1
2026-04-10 23:25:00+00:00,chop_down_first,UP,150,0.5055595778896915,1.0,settlement,972.0502279985574,1
2026-04-10 23:30:00+00:00,chop_up_first,DOWN,150,0.5056835586331546,0.0,settlement,-1002.0,0
2026-04-10 23:45:00+00:00,chop_down_first,UP,150,0.5055021113141179,1.0,settlement,972.2746423067755,1
2026-04-10 23:55:00+00:00,chop_down_first,UP,150,0.505790438814803,1.0,settlement,971.1492005633213,1
2026-04-11 00:00:00+00:00,chop_up_first,DOWN,150,0.5058351016318531,1.0,settlement,970.9749809382439,1
2026-04-11 00:05:00+00:00,trend_down,DOWN,150,0.5053020472744422,1.0,settlement,973.0563160848649,1
2026-04-11 00:20:00+00:00,chop_down_first,UP,150,0.5053765155505244,0.0,settlement,-1002.0,0
2026-04-11 01:10:00+00:00,chop_up_first,DOWN,150,0.5055865294842371,1.0,settlement,971.9449961574087,1
2026-04-11 01:15:00+00:00,chop_up_first,DOWN,150,0.5065963233525344,1.0,settlement,968.0103494543202,1
2026-04-11 01:20:00+00:00,chop_up_first,DOWN,150,0.5052138471833977,1.0,settlement,973.4011208598486,1
2026-04-11 01:30:00+00:00,chop_down_first,UP,150,0.5062027112570343,1.0,settlement,969.5421861761739,1
2026-04-11 01:35:00+00:00,chop_up_first,DOWN,150,0.5058496309053314,1.0,settlement,970.9183121352785,1
2026-04-11 01:45:00+00:00,chop_down_first,UP,150,0.5056531121620533,1.0,settlement,971.685073810359,1
2026-04-11 02:00:00+00:00,chop_up_first,DOWN,150,0.5053020399419434,1.0,settlement,973.0563447451449,1
2026-04-11 02:10:00+00:00,chop_down_first,UP,150,0.5053588680385894,1.0,settlement,972.8342477365851,1
2026-04-11 02:25:00+00:00,chop_down_first,UP,150,0.5053046706632923,1.0,settlement,973.0460621904942,1
2026-04-11 02:30:00+00:00,chop_down_first,UP,150,0.5056758115689293,1.0,settlement,971.596476571752,1
2026-04-11 02:35:00+00:00,chop_up_first,DOWN,150,0.5051073680758794,1.0,settlement,973.8175450928605,1
2026-04-11 02:45:00+00:00,trend_down,DOWN,150,0.5054732398394669,1.0,settlement,972.3874083560873,1
2026-04-11 02:50:00+00:00,trend_up,UP,150,0.5053029244033687,0.0,settlement,-1002.0,0
2026-04-11 03:00:00+00:00,chop_down_first,UP,150,0.5053594769180093,1.0,settlement,972.8318683690536,1
2026-04-11 03:10:00+00:00,chop_down_first,UP,150,0.5057087050668878,1.0,settlement,971.4681052563631,1
2026-04-11 03:40:00+00:00,chop_down_first,UP,150,0.5054893283946731,1.0,settlement,972.3245681752301,1
2026-04-11 03:50:00+00:00,chop_up_first,DOWN,150,0.5054675488036445,1.0,settlement,972.4096378928691,1
2026-04-11 03:55:00+00:00,chop_up_first,DOWN,150,0.5057121243127142,1.0,settlement,971.4547621462061,1
2026-04-11 04:00:00+00:00,chop_up_first,DOWN,150,0.5050855615045063,1.0,settlement,973.902849068268,1
2026-04-11 04:05:00+00:00,chop_down_first,UP,150,0.5061108212916959,1.0,settlement,969.9001412633395,1
2026-04-11 04:15:00+00:00,chop_up_first,DOWN,150,0.5056134101335407,1.0,settlement,971.8400524946759,1
2026-04-11 04:25:00+00:00,chop_up_first,DOWN,150,0.5051655071964954,0.0,settlement,-1002.0,0
2026-04-11 04:30:00+00:00,chop_down_first,UP,150,0.5057742332317136,1.0,settlement,971.2124225133864,1
2026-04-11 05:20:00+00:00,chop_down_first,UP,150,0.506046935890305,1.0,settlement,970.149081871597,1
2026-04-11 05:35:00+00:00,trend_up,UP,150,0.5050594120602674,1.0,settlement,974.0051514115953,1
2026-04-11 05:45:00+00:00,trend_down,DOWN,150,0.5051376954204992,1.0,settlement,973.6989213984914,1
2026-04-11 05:55:00+00:00,chop_up_first,DOWN,150,0.5057583698393976,1.0,settlement,971.2743134175173,1
2026-04-11 06:00:00+00:00,trend_down,DOWN,150,0.5058642652044115,1.0,settlement,970.8612369895794,1
2026-04-11 06:05:00+00:00,chop_up_first,DOWN,150,0.5055910100314357,1.0,settlement,971.9275030581503,1
2026-04-11 06:10:00+00:00,chop_down_first,UP,150,0.5055586233127467,0.0,settlement,-1002.0,0
2026-04-11 06:25:00+00:00,chop_up_first,DOWN,150,0.5051261498790437,0.0,settlement,-1002.0,0
2026-04-11 06:35:00+00:00,trend_up,UP,150,0.5053546549975113,1.0,settlement,972.8507115362671,1
2026-04-11 06:50:00+00:00,trend_up,UP,150,0.5054605994824305,1.0,settlement,972.4367830487843,1
2026-04-11 07:20:00+00:00,trend_up,UP,150,0.5051484883353166,1.0,settlement,973.6567089586728,1
2026-04-11 08:00:00+00:00,trend_down,DOWN,150,0.5053714409092234,1.0,settlement,972.7851168726102,1
2026-04-11 08:10:00+00:00,chop_down_first,UP,150,0.505567583591236,1.0,settlement,972.0189687614702,1
2026-04-11 08:20:00+00:00,chop_down_first,UP,150,0.5054420302818277,0.0,settlement,-1002.0,0
2026-04-11 08:35:00+00:00,chop_up_first,DOWN,150,0.5054816219461006,1.0,settlement,972.3546682423531,1
2026-04-11 08:50:00+00:00,chop_up_first,DOWN,150,0.5057142075183577,1.0,settlement,971.4466328272417,1
2026-04-11 09:15:00+00:00,chop_down_first,UP,150,0.5064238732321091,1.0,settlement,968.6811877381359,1
2026-04-11 09:20:00+00:00,chop_down_first,UP,150,0.505895224055601,1.0,settlement,970.7405054338165,1
2026-04-11 09:35:00+00:00,chop_down_first,UP,150,0.505903504380185,1.0,settlement,970.7082168025581,1
2026-04-11 09:45:00+00:00,trend_up,UP,150,0.5053565381234744,1.0,settlement,972.8433525879454,1
2026-04-11 09:55:00+00:00,chop_down_first,UP,150,0.5055204251894339,1.0,settlement,972.2031187484048,1
2026-04-11 10:10:00+00:00,chop_up_first,DOWN,150,0.5061525945635202,1.0,settlement,969.7373984037828,1
2026-04-11 10:20:00+00:00,trend_up,UP,150,0.5053816925924274,1.0,settlement,972.7450582956751,1
2026-04-11 10:35:00+00:00,trend_down,DOWN,150,0.5054338165381358,1.0,settlement,972.5414084787485,1
2026-04-11 10:50:00+00:00,chop_down_first,UP,150,0.5054000247698318,1.0,settlement,972.673429140624,1
2026-04-11 10:55:00+00:00,chop_down_first,UP,150,0.5049061261490474,1.0,settlement,974.6050525308781,1
2026-04-11 11:05:00+00:00,chop_down_first,UP,150,0.5055395634097276,1.0,settlement,972.1283813056292,1
2026-04-11 12:25:00+00:00,trend_up,UP,150,0.5054718409256959,1.0,settlement,972.3928725531232,1
2026-04-11 12:40:00+00:00,trend_up,UP,150,0.5054425740606501,1.0,settlement,972.5071966973759,1
2026-04-11 13:00:00+00:00,chop_up_first,DOWN,150,0.5069817050266314,1.0,settlement,966.5128479095231,1
2026-04-11 13:10:00+00:00,chop_up_first,DOWN,150,0.5071092452757678,1.0,settlement,966.017758101184,1
2026-04-11 13:15:00+00:00,chop_down_first,UP,150,0.5056081088382899,1.0,settlement,971.8607481850994,1
2026-04-11 13:20:00+00:00,chop_up_first,DOWN,150,0.5059198582267627,1.0,settlement,970.6444490595147,1
2026-04-11 13:25:00+00:00,chop_down_first,UP,150,0.5056853033960462,0.0,settlement,-1002.0,0
2026-04-11 13:30:00+00:00,chop_down_first,UP,150,0.5053852837644823,0.0,settlement,-1002.0,0
2026-04-11 13:35:00+00:00,trend_up,UP,150,0.5055065654501899,1.0,settlement,972.2572465131275,1
2026-04-11 13:45:00+00:00,chop_up_first,DOWN,150,0.5051845409157419,0.0,settlement,-1002.0,0
2026-04-11 14:00:00+00:00,chop_up_first,DOWN,150,0.5051844367223978,0.0,settlement,-1002.0,0
2026-04-11 14:30:00+00:00,chop_up_first,DOWN,150,0.5053871312359273,1.0,settlement,972.7238073897628,1
2026-04-11 14:50:00+00:00,chop_down_first,UP,150,0.5057308081448196,1.0,settlement,971.3818543920218,1
2026-04-11 15:15:00+00:00,chop_down_first,UP,150,0.5057943330499293,1.0,settlement,971.1340088017214,1
2026-04-11 15:20:00+00:00,trend_down,DOWN,150,0.5053685552872215,1.0,settlement,972.7963927688301,1
2026-04-11 15:25:00+00:00,trend_down,DOWN,150,0.5049801012522237,1.0,settlement,974.3154974328908,1
2026-04-11 15:30:00+00:00,chop_down_first,UP,150,0.5055533971916776,1.0,settlement,972.0743619642104,1
2026-04-11 15:40:00+00:00,trend_down,DOWN,150,0.5052511721842381,1.0,settlement,973.255189781297,1
2026-04-11 15:50:00+00:00,chop_down_first,UP,150,0.505821203241961,1.0,settlement,971.0291921404565,1
2026-04-11 15:55:00+00:00,chop_down_first,UP,150,0.5050063264892383,1.0,settlement,974.2128663575613,1
2026-04-11 16:00:00+00:00,chop_up_first,DOWN,150,0.505230144192207,1.0,settlement,973.3374011276854,1
2026-04-11 16:05:00+00:00,chop_up_first,DOWN,150,0.5051740148227063,1.0,settlement,973.5568788514464,1
2026-04-11 16:15:00+00:00,chop_down_first,UP,150,0.5051722468865647,1.0,settlement,973.5637926485273,1
2026-04-11 16:20:00+00:00,chop_up_first,DOWN,150,0.5054966661069339,1.0,settlement,972.2959091818835,1
2026-04-11 16:25:00+00:00,trend_up,UP,150,0.505468416874082,1.0,settlement,972.4062471238699,1
2026-04-11 16:30:00+00:00,trend_up,UP,150,0.505462805436565,0.0,settlement,-1002.0,0
2026-04-11 16:40:00+00:00,chop_down_first,UP,150,0.50651810107748,1.0,settlement,968.3145808156224,1
2026-04-11 16:45:00+00:00,chop_up_first,DOWN,150,0.5052615227303555,0.0,settlement,-1002.0,0
2026-04-11 16:50:00+00:00,chop_up_first,DOWN,150,0.5055627780707822,1.0,settlement,972.0377323828085,1
2026-04-11 16:55:00+00:00,trend_up,UP,150,0.5050981763967016,0.0,settlement,-1002.0,0
2026-04-11 17:05:00+00:00,chop_up_first,DOWN,150,0.5051451144111329,1.0,settlement,973.6699046043573,1
2026-04-11 17:15:00+00:00,chop_up_first,DOWN,150,0.5057102422569871,1.0,settlement,971.4621065729684,1
2026-04-11 17:20:00+00:00,chop_down_first,UP,150,0.5057711704274304,1.0,settlement,971.2243717185066,1
2026-04-11 17:25:00+00:00,chop_up_first,DOWN,150,0.5055095320909685,1.0,settlement,972.2456603576088,1
2026-04-11 17:30:00+00:00,chop_down_first,UP,150,0.5056452042456057,1.0,settlement,971.7159407829452,1
2026-04-11 17:35:00+00:00,chop_up_first,DOWN,150,0.5053556985028212,1.0,settlement,972.8466336813821,1
2026-04-11 18:10:00+00:00,chop_up_first,DOWN,150,0.50521576367861,0.0,settlement,-1002.0,0
2026-04-11 18:15:00+00:00,trend_up,UP,150,0.5054550594417052,1.0,settlement,972.4584238652787,1
2026-04-11 18:20:00+00:00,chop_down_first,UP,150,0.505214315908587,1.0,settlement,973.399288132162,1
2026-04-11 18:25:00+00:00,trend_up,UP,150,0.5053967819885533,1.0,settlement,972.6860992530096,1
2026-04-11 18:30:00+00:00,chop_down_first,UP,150,0.5056839530877152,1.0,settlement,971.5647016406082,1
2026-04-11 18:35:00+00:00,chop_down_first,UP,150,0.5090548437594605,1.0,settlement,958.4960295232485,1
2026-04-11 18:40:00+00:00,chop_up_first,DOWN,150,0.506408410183531,1.0,settlement,968.7413619736446,1
2026-04-11 18:45:00+00:00,chop_up_first,DOWN,150,0.5053012271530386,0.0,settlement,-1002.0,0
2026-04-11 18:50:00+00:00,chop_up_first,DOWN,150,0.5055343067701273,1.0,settlement,972.1489086591366,1
2026-04-11 18:55:00+00:00,chop_up_first,DOWN,150,0.5047545509081365,0.0,settlement,-1002.0,0
2026-04-11 19:00:00+00:00,chop_up_first,DOWN,150,0.5053774913938947,1.0,settlement,972.7614743335532,1
2026-04-11 19:05:00+00:00,chop_down_first,UP,150,0.5064877732893892,1.0,settlement,968.4325605304949,1
2026-04-11 19:10:00+00:00,chop_up_first,DOWN,150,0.5064397644813451,1.0,settlement,968.6193509944296,1
2026-04-11 19:15:00+00:00,chop_down_first,UP,150,0.5061489688793415,0.0,settlement,-1002.0,0
2026-04-11 19:20:00+00:00,chop_up_first,DOWN,150,0.5055352991974952,1.0,settlement,972.1450331643724,1
2026-04-11 19:45:00+00:00,chop_up_first,DOWN,150,0.5057203226708656,1.0,settlement,971.422769979369,1
2026-04-11 19:55:00+00:00,chop_up_first,DOWN,150,0.5050377913100375,0.0,settlement,-1002.0,0
2026-04-11 20:00:00+00:00,chop_up_first,DOWN,150,0.5062148566818125,1.0,settlement,969.4948836977832,1
2026-04-11 20:05:00+00:00,chop_up_first,DOWN,150,0.5046844534668209,0.0,settlement,-1002.0,0
2026-04-11 20:10:00+00:00,chop_up_first,DOWN,150,0.5059277626594524,1.0,settlement,970.6136291749002,1
2026-04-11 20:15:00+00:00,chop_down_first,UP,150,0.5051510918984282,0.0,settlement,-1002.0,0
2026-04-11 20:20:00+00:00,chop_up_first,DOWN,150,0.5053525899296395,1.0,settlement,972.8587815468643,1
2026-04-11 20:25:00+00:00,chop_down_first,UP,150,0.5051919652563287,1.0,settlement,973.4866835493435,1
2026-04-11 20:30:00+00:00,chop_up_first,DOWN,150,0.5065839829902353,1.0,settlement,968.0583388149424,1
2026-04-11 20:35:00+00:00,chop_down_first,UP,150,0.5063013026814821,1.0,settlement,969.1582702125679,1
2026-04-11 20:40:00+00:00,chop_up_first,DOWN,150,0.5045597456375247,0.0,settlement,-1002.0,0
2026-04-11 20:45:00+00:00,trend_down,DOWN,150,0.505442940004336,0.0,settlement,-1002.0,0
2026-04-11 20:55:00+00:00,chop_up_first,DOWN,150,0.5058920244067991,1.0,settlement,970.7529825563839,1
2026-04-11 21:00:00+00:00,chop_up_first,DOWN,150,0.5057014205009255,0.0,settlement,-1002.0,0
2026-04-11 21:05:00+00:00,trend_up,UP,150,0.5059380255095067,1.0,settlement,970.5736151082151,1
2026-04-11 21:10:00+00:00,chop_up_first,DOWN,150,0.5051054157333448,0.0,settlement,-1002.0,0
2026-04-11 21:20:00+00:00,chop_up_first,DOWN,150,0.50522166498333,1.0,settlement,973.3705535033408,1
2026-04-11 21:25:00+00:00,trend_up,UP,150,0.5053161023820338,0.0,settlement,-1002.0,0
2026-04-11 21:30:00+00:00,trend_down,DOWN,150,0.5053019806138382,0.0,settlement,-1002.0,0
2026-04-11 21:35:00+00:00,chop_down_first,UP,150,0.5052474312683082,1.0,settlement,973.2698148207287,1
2026-04-11 21:45:00+00:00,chop_down_first,UP,150,0.505381748979513,0.0,settlement,-1002.0,0
2026-04-11 21:50:00+00:00,chop_down_first,UP,150,0.5058189709980009,1.0,settlement,971.0378993712048,1
2026-04-11 22:00:00+00:00,chop_up_first,DOWN,150,0.505682557762306,0.0,settlement,-1002.0,0
2026-04-11 22:05:00+00:00,chop_down_first,UP,150,0.505679726903949,1.0,settlement,971.5811955727551,1
2026-04-11 22:15:00+00:00,chop_down_first,UP,150,0.5049325813058226,0.0,settlement,-1002.0,0
2026-04-11 22:25:00+00:00,chop_up_first,DOWN,150,0.5055856209089827,1.0,settlement,971.9485434845138,1
2026-04-11 22:30:00+00:00,chop_up_first,DOWN,150,0.5069182504613821,1.0,settlement,966.7592606729978,1
2026-04-11 22:35:00+00:00,chop_up_first,DOWN,150,0.5058867940820538,1.0,settlement,970.7733786980934,1
2026-04-11 22:40:00+00:00,chop_down_first,UP,150,0.5056019246518463,1.0,settlement,971.8848911368669,1
2026-04-11 22:50:00+00:00,chop_up_first,DOWN,150,0.5060088547816691,1.0,settlement,970.297501455016,1
2026-04-11 22:55:00+00:00,chop_down_first,UP,150,0.5061440469312507,1.0,settlement,969.7706966047906,1
2026-04-11 23:00:00+00:00,chop_up_first,DOWN,150,0.5062069232749983,1.0,settlement,969.5257814793532,1
2026-04-11 23:05:00+00:00,chop_up_first,DOWN,150,0.5061848119793554,1.0,settlement,969.6119021775452,1
2026-04-11 23:10:00+00:00,chop_up_first,DOWN,150,0.5050036070936174,0.0,settlement,-1002.0,0
2026-04-11 23:15:00+00:00,chop_down_first,UP,150,0.5058871750272003,1.0,settlement,970.7718931525395,1
2026-04-11 23:25:00+00:00,chop_up_first,DOWN,150,0.5055010019722327,1.0,settlement,972.2789749303412,1
2026-04-11 23:30:00+00:00,chop_up_first,DOWN,150,0.505551859369067,1.0,settlement,972.0803668401348,1
2026-04-11 23:40:00+00:00,chop_up_first,DOWN,150,0.5053289509740925,1.0,settlement,972.9511641401407,1
2026-04-11 23:45:00+00:00,chop_down_first,UP,150,0.505160131552538,0.0,settlement,-1002.0,0
2026-04-11 23:50:00+00:00,chop_up_first,DOWN,150,0.5051718316615624,1.0,settlement,973.5654164593357,1
2026-04-11 23:55:00+00:00,chop_down_first,UP,150,0.505260513580023,1.0,settlement,973.2186707183423,1
2026-04-12 00:00:00+00:00,trend_down,DOWN,150,0.5059156169405872,1.0,settlement,970.6609865004451,1
2026-04-12 00:05:00+00:00,chop_down_first,UP,150,0.5061396704466393,1.0,settlement,969.7877460964917,1
2026-04-12 00:10:00+00:00,chop_down_first,UP,150,0.505381054234921,1.0,settlement,972.7475526379554,1
2026-04-12 00:15:00+00:00,chop_up_first,DOWN,150,0.5055061281020224,1.0,settlement,972.2589545790457,1
2026-04-12 00:20:00+00:00,chop_down_first,UP,150,0.5055649827063882,1.0,settlement,972.0291241246792,1
2026-04-12 00:25:00+00:00,trend_down,DOWN,150,0.5051082157542298,0.0,settlement,-1002.0,0
2026-04-12 00:30:00+00:00,chop_up_first,DOWN,150,0.5052655747858993,1.0,settlement,973.1988851068896,1
2026-04-12 00:40:00+00:00,chop_down_first,UP,150,0.5048609251516453,0.0,settlement,-1002.0,0
2026-04-12 00:45:00+00:00,trend_up,UP,150,0.5051228501733053,0.0,settlement,-1002.0,0
2026-04-12 00:50:00+00:00,chop_down_first,UP,150,0.5060117655247373,1.0,settlement,970.2861561629264,1
2026-04-12 01:00:00+00:00,chop_down_first,UP,150,0.505717444148924,0.0,settlement,-1002.0,0
2026-04-12 01:05:00+00:00,chop_up_first,DOWN,150,0.5052125590675712,0.0,settlement,-1002.0,0
2026-04-12 01:10:00+00:00,chop_down_first,UP,150,0.5057143076392726,1.0,settlement,971.4462421258529,1
2026-04-12 01:15:00+00:00,trend_down,DOWN,150,0.5058154960193598,1.0,settlement,971.0514542437073,1
2026-04-12 01:35:00+00:00,chop_up_first,DOWN,150,0.5102879202889593,1.0,settlement,953.7586223770795,1
2026-04-12 01:40:00+00:00,chop_up_first,DOWN,150,0.5083333212686881,1.0,settlement,961.2787351205143,1
2026-04-12 01:45:00+00:00,chop_up_first,DOWN,150,0.5062599970158278,1.0,settlement,969.3190966751386,1
2026-04-12 01:50:00+00:00,chop_down_first,UP,150,0.5069992431202178,1.0,settlement,966.4447532071716,1
2026-04-12 01:55:00+00:00,chop_up_first,DOWN,150,0.506773919202436,1.0,settlement,967.3199712618574,1
2026-04-12 02:00:00+00:00,chop_down_first,UP,150,0.504951567887021,0.0,settlement,-1002.0,0
2026-04-12 02:05:00+00:00,chop_down_first,UP,150,0.5066925825826591,1.0,settlement,967.6360955455501,1
2026-04-12 02:10:00+00:00,chop_down_first,UP,150,0.5072324902575214,1.0,settlement,965.5395783367829,1
2026-04-12 02:15:00+00:00,chop_down_first,UP,150,0.5066358482410525,1.0,settlement,967.8566602913601,1
2026-04-12 02:20:00+00:00,chop_down_first,UP,150,0.5048185857610415,0.0,settlement,-1002.0,0
2026-04-12 02:25:00+00:00,chop_down_first,UP,150,0.5048646222320835,1.0,settlement,974.7675453029167,1
2026-04-12 02:30:00+00:00,chop_down_first,UP,150,0.5064111109293215,1.0,settlement,968.7308517946171,1
2026-04-12 02:35:00+00:00,chop_down_first,UP,150,0.5049543555078361,0.0,settlement,-1002.0,0
2026-04-12 02:40:00+00:00,chop_down_first,UP,150,0.5056989219852058,1.0,settlement,971.5062833082259,1
2026-04-12 02:50:00+00:00,chop_down_first,UP,150,0.5047383719272154,0.0,settlement,-1002.0,0
2026-04-12 03:00:00+00:00,chop_down_first,UP,150,0.5056214185390299,1.0,settlement,971.8087893580057,1
2026-04-12 03:10:00+00:00,chop_up_first,DOWN,150,0.5061644287267854,0.0,settlement,-1002.0,0
2026-04-12 03:15:00+00:00,chop_up_first,DOWN,150,0.5054577530087193,1.0,settlement,972.4479020441183,1
2026-04-12 03:25:00+00:00,chop_down_first,UP,150,0.505680230710467,1.0,settlement,971.5792293043315,1
2026-04-12 03:35:00+00:00,chop_down_first,UP,150,0.5049712631504485,1.0,settlement,974.3500872774638,1
2026-04-12 03:40:00+00:00,chop_down_first,UP,150,0.5051360439191096,1.0,settlement,973.7053807861228,1
2026-04-12 03:50:00+00:00,chop_down_first,UP,150,0.505426686406136,1.0,settlement,972.5692636380825,1
2026-04-12 04:00:00+00:00,chop_down_first,UP,150,0.505257525471622,1.0,settlement,973.2303522217468,1
2026-04-12 04:05:00+00:00,chop_down_first,UP,150,0.5050763919904698,0.0,settlement,-1002.0,0
2026-04-12 04:10:00+00:00,chop_up_first,DOWN,150,0.5051344060308262,0.0,settlement,-1002.0,0
2026-04-12 04:15:00+00:00,chop_up_first,DOWN,150,0.5057408284369603,1.0,settlement,971.3427555857276,1
2026-04-12 04:20:00+00:00,chop_down_first,UP,150,0.5052559752955907,1.0,settlement,973.2364124266683,1
2026-04-12 04:25:00+00:00,trend_up,UP,150,0.5055271439126967,0.0,settlement,-1002.0,0
2026-04-12 04:30:00+00:00,chop_down_first,UP,150,0.5052215287365519,1.0,settlement,973.3710862159394,1
2026-04-12 04:55:00+00:00,chop_up_first,DOWN,150,0.5053950929801246,1.0,settlement,972.6926985681038,1
2026-04-12 05:00:00+00:00,chop_up_first,DOWN,150,0.5048162086513573,0.0,settlement,-1002.0,0
2026-04-12 05:15:00+00:00,trend_up,UP,150,0.5049884281605241,1.0,settlement,974.2829093635366,1
2026-04-12 05:20:00+00:00,chop_down_first,UP,150,0.5062445757902219,1.0,settlement,969.3791470104605,1
2026-04-12 05:30:00+00:00,chop_down_first,UP,150,0.5052750783261365,0.0,settlement,-1002.0,0
2026-04-12 05:55:00+00:00,chop_down_first,UP,150,0.5054254450408135,1.0,settlement,972.5741133381415,1
2026-04-12 06:10:00+00:00,chop_down_first,UP,150,0.5052445253445363,1.0,settlement,973.2811756237119,1
2026-04-12 06:15:00+00:00,chop_up_first,DOWN,150,0.5057760287770823,1.0,settlement,971.2054174514119,1
2026-04-12 06:20:00+00:00,trend_down,DOWN,150,0.5054109908115229,1.0,settlement,972.6305841064955,1
2026-04-12 07:35:00+00:00,chop_down_first,UP,150,0.5058214359066516,1.0,settlement,971.0282845983992,1
2026-04-12 08:00:00+00:00,chop_down_first,UP,150,0.5051733123409505,0.0,settlement,-1002.0,0
2026-04-12 08:05:00+00:00,chop_down_first,UP,150,0.5055194800271161,1.0,settlement,972.2068098868656,1
2026-04-12 08:40:00+00:00,trend_up,UP,150,0.5055740767748118,1.0,settlement,971.9936160621622,1
2026-04-12 08:45:00+00:00,chop_up_first,DOWN,150,0.506360066515637,1.0,settlement,968.9295143817992,1
2026-04-12 09:00:00+00:00,trend_down,DOWN,150,0.5053363879309727,1.0,settlement,972.9220990915927,1
2026-04-12 09:40:00+00:00,trend_down,DOWN,150,0.5053074990741525,1.0,settlement,973.0350070572497,1
2026-04-12 10:05:00+00:00,trend_up,UP,150,0.5054385774028194,1.0,settlement,972.5228097312879,1
2026-04-12 10:10:00+00:00,chop_up_first,DOWN,150,0.5056846349687055,1.0,settlement,971.5620404241896,1
2026-04-12 10:35:00+00:00,trend_down,DOWN,150,0.505457977030212,1.0,settlement,972.4470269589751,1
2026-04-12 10:40:00+00:00,trend_down,DOWN,150,0.5051961299109543,1.0,settlement,973.4703983498589,1
2026-04-12 10:55:00+00:00,chop_up_first,DOWN,150,0.5045692000090569,0.0,settlement,-1002.0,0
2026-04-12 11:05:00+00:00,chop_down_first,UP,150,0.5054054367063338,0.0,settlement,-1002.0,0
2026-04-12 11:25:00+00:00,trend_up,UP,150,0.5054947574622572,1.0,settlement,972.3033637188921,1
2026-04-12 11:30:00+00:00,trend_down,DOWN,150,0.505362691501709,1.0,settlement,972.8193065744447,1
2026-04-12 11:40:00+00:00,chop_down_first,UP,150,0.5053380831855737,1.0,settlement,972.9154738324119,1
2026-04-12 12:00:00+00:00,chop_up_first,DOWN,150,0.5059034020593596,1.0,settlement,970.7086157900571,1
2026-04-12 12:10:00+00:00,chop_down_first,UP,150,0.5048620418513157,1.0,settlement,974.7776486827184,1
2026-04-12 12:35:00+00:00,chop_down_first,UP,150,0.5059456765513975,1.0,settlement,970.5437853378238,1
2026-04-12 12:40:00+00:00,chop_down_first,UP,150,0.5051959823476325,1.0,settlement,973.4709753674606,1
2026-04-12 12:55:00+00:00,chop_down_first,UP,150,0.5051936030498677,0.0,settlement,-1002.0,0
2026-04-12 13:00:00+00:00,chop_up_first,DOWN,150,0.5069283963579316,1.0,settlement,966.7198570255925,1
2026-04-12 13:05:00+00:00,chop_down_first,UP,150,0.5053614376231199,1.0,settlement,972.8242064015021,1
2026-04-12 13:10:00+00:00,chop_up_first,DOWN,150,0.5062569185209206,1.0,settlement,969.3310840585749,1
2026-04-12 13:15:00+00:00,chop_down_first,UP,150,0.5059880681271608,1.0,settlement,970.3785260272003,1
2026-04-12 13:25:00+00:00,chop_up_first,DOWN,150,0.5052915131159387,1.0,settlement,973.0974914376008,1
2026-04-12 13:30:00+00:00,chop_up_first,DOWN,150,0.5055243783678965,0.0,settlement,-1002.0,0
2026-04-12 13:35:00+00:00,chop_up_first,DOWN,150,0.5054167315418827,1.0,settlement,972.6081554431049,1
2026-04-12 13:50:00+00:00,chop_up_first,DOWN,150,0.5057240670073422,1.0,settlement,971.4081589308877,1
2026-04-12 13:55:00+00:00,chop_down_first,UP,150,0.5050441583084355,0.0,settlement,-1002.0,0
2026-04-12 14:00:00+00:00,chop_down_first,UP,150,0.5054343134798279,1.0,settlement,972.5394671148115,1
2026-04-12 14:05:00+00:00,chop_down_first,UP,150,0.5053130326047369,1.0,settlement,973.0133790446878,1
2026-04-12 14:15:00+00:00,chop_down_first,UP,150,0.5055858093663838,1.0,settlement,971.9478076940597,1
2026-04-12 14:20:00+00:00,chop_down_first,UP,150,0.5054061735081585,1.0,settlement,972.6494053933231,1
2026-04-12 14:25:00+00:00,chop_up_first,DOWN,150,0.5052326007837383,1.0,settlement,973.3277964483287,1
2026-04-12 14:30:00+00:00,chop_up_first,DOWN,150,0.5059752537719956,1.0,settlement,970.4284785866671,1
2026-04-12 14:40:00+00:00,chop_up_first,DOWN,150,0.5060328818625971,1.0,settlement,970.2038542763839,1
2026-04-12 14:45:00+00:00,chop_down_first,UP,150,0.5045099705370603,0.0,settlement,-1002.0,0
2026-04-12 14:50:00+00:00,chop_down_first,UP,150,0.504940472682085,0.0,settlement,-1002.0,0
2026-04-12 14:55:00+00:00,chop_down_first,UP,150,0.5062194422982632,1.0,settlement,969.4770248037628,1
2026-04-12 15:00:00+00:00,chop_down_first,UP,150,0.5054626785625239,1.0,settlement,972.4286617524244,1
2026-04-12 15:05:00+00:00,chop_up_first,DOWN,150,0.5054318021165026,1.0,settlement,972.5492781041107,1
2026-04-12 15:10:00+00:00,chop_down_first,UP,150,0.5055124525370653,1.0,settlement,972.2342547473138,1
2026-04-12 15:15:00+00:00,chop_up_first,DOWN,150,0.5055056157710202,1.0,settlement,972.2609554946389,1
2026-04-12 15:30:00+00:00,chop_up_first,DOWN,150,0.5044443797094694,0.0,settlement,-1002.0,0
2026-04-12 15:35:00+00:00,chop_down_first,UP,150,0.5052851496496994,1.0,settlement,973.1223654443171,1
2026-04-12 15:55:00+00:00,trend_down,DOWN,150,0.5054580920603976,1.0,settlement,972.4465776220042,1
2026-04-12 16:00:00+00:00,chop_down_first,UP,150,0.505000132640567,1.0,settlement,974.2371046946336,1
2026-04-12 16:10:00+00:00,chop_down_first,UP,150,0.5056166474793453,1.0,settlement,971.8274144558675,1
2026-04-12 16:15:00+00:00,chop_down_first,UP,150,0.5046151011252858,0.0,settlement,-1002.0,0
2026-04-12 16:20:00+00:00,chop_up_first,DOWN,150,0.5050774859785662,0.0,settlement,-1002.0,0
2026-04-12 16:35:00+00:00,trend_down,DOWN,150,0.5054651368510784,1.0,settlement,972.4190592793219,1
2026-04-12 16:50:00+00:00,chop_down_first,UP,150,0.5055163644591921,1.0,settlement,972.2189771990334,1
2026-04-12 17:10:00+00:00,chop_up_first,DOWN,150,0.505618919661314,1.0,settlement,971.8185443466094,1
2026-04-12 17:15:00+00:00,trend_up,UP,150,0.5053616006058234,1.0,settlement,972.8235695066775,1
2026-04-12 17:20:00+00:00,chop_down_first,UP,150,0.5051737439447344,1.0,settlement,973.5579381599463,1
2026-04-12 17:40:00+00:00,trend_down,DOWN,150,0.5053976358068625,0.0,settlement,-1002.0,0
2026-04-12 17:45:00+00:00,trend_down,DOWN,150,0.5058566937517756,0.0,settlement,-1002.0,0
2026-04-12 17:50:00+00:00,chop_down_first,UP,150,0.5070967451390489,1.0,settlement,966.0662705226841,1
2026-04-12 17:55:00+00:00,chop_down_first,UP,150,0.5053459156805583,1.0,settlement,972.884864075681,1
2026-04-12 18:00:00+00:00,chop_up_first,DOWN,150,0.5056678642941909,0.0,settlement,-1002.0,0
2026-04-12 18:05:00+00:00,chop_up_first,DOWN,150,0.5053977265171351,0.0,settlement,-1002.0,0
2026-04-12 18:15:00+00:00,chop_up_first,DOWN,150,0.5051295329214553,1.0,settlement,973.730847151206,1
2026-04-12 18:30:00+00:00,chop_down_first,UP,150,0.5053947387200635,1.0,settlement,972.6940827430913,1
2026-04-12 18:35:00+00:00,chop_down_first,UP,150,0.5053670548793314,1.0,settlement,972.8022558342204,1
2026-04-12 18:40:00+00:00,trend_down,DOWN,150,0.5053989587687372,1.0,settlement,972.677594175,1
2026-04-12 19:50:00+00:00,trend_down,DOWN,150,0.505449665071343,1.0,settlement,972.4794961119118,1
2026-04-12 19:55:00+00:00,chop_up_first,DOWN,150,0.5053281343767022,1.0,settlement,972.9543556109036,1
2026-04-12 20:00:00+00:00,trend_up,UP,150,0.5052986453687733,0.0,settlement,-1002.0,0
2026-04-12 20:15:00+00:00,chop_up_first,DOWN,150,0.5056438480689481,1.0,settlement,971.7212344446751,1
2026-04-12 20:35:00+00:00,trend_up,UP,150,0.5053435995724788,1.0,settlement,972.8939154355751,1
2026-04-12 20:40:00+00:00,chop_down_first,UP,150,0.5064768915297242,1.0,settlement,968.474895677307,1
2026-04-12 20:45:00+00:00,chop_up_first,DOWN,150,0.5058255559028716,1.0,settlement,971.0122140994306,1
2026-04-12 20:50:00+00:00,chop_down_first,UP,150,0.5060617124635303,1.0,settlement,970.0914967893794,1
2026-04-12 21:00:00+00:00,chop_down_first,UP,150,0.5060298413276428,1.0,settlement,970.2157044762457,1
2026-04-12 21:10:00+00:00,chop_up_first,DOWN,150,0.5059607838788229,1.0,settlement,970.484887759641,1
2026-04-12 21:15:00+00:00,chop_down_first,UP,150,0.5057687529468492,1.0,settlement,971.2338033640424,1
2026-04-12 21:45:00+00:00,chop_up_first,DOWN,150,0.5052658677036473,1.0,settlement,973.1977400249706,1
2026-04-12 21:55:00+00:00,chop_down_first,UP,150,0.5054654122941725,1.0,settlement,972.4179833598199,1
2026-04-12 22:00:00+00:00,chop_up_first,DOWN,150,0.5125653141946449,1.0,settlement,945.0689341671157,1
2026-04-12 22:05:00+00:00,chop_down_first,UP,150,0.5078317031960751,1.0,settlement,963.2179919430312,1
2026-04-12 22:10:00+00:00,chop_up_first,DOWN,150,0.5060235040531896,0.0,settlement,-1002.0,0
2026-04-12 22:15:00+00:00,chop_up_first,DOWN,150,0.5074814104961832,1.0,settlement,964.5744978209522,1
2026-04-12 22:20:00+00:00,chop_down_first,UP,150,0.5055601134002774,1.0,settlement,972.0481370013325,1
2026-04-12 22:25:00+00:00,chop_up_first,DOWN,150,0.5054266505172872,1.0,settlement,972.5694038463951,1
2026-04-12 22:30:00+00:00,chop_up_first,DOWN,150,0.5055550359565893,0.0,settlement,-1002.0,0
2026-04-12 22:35:00+00:00,chop_down_first,UP,150,0.5057788832695052,1.0,settlement,971.1942811622168,1
2026-04-12 22:40:00+00:00,chop_up_first,DOWN,150,0.505728946084835,1.0,settlement,971.38912025136,1
2026-04-12 22:45:00+00:00,chop_down_first,UP,150,0.5060331251541624,0.0,settlement,-1002.0,0
2026-04-12 22:50:00+00:00,chop_down_first,UP,150,0.5060152433111553,1.0,settlement,970.2726008598063,1
2026-04-12 23:00:00+00:00,chop_up_first,DOWN,150,0.5072000385461587,1.0,settlement,965.6654656034201,1
2026-04-12 23:05:00+00:00,chop_down_first,UP,150,0.5045011990732438,0.0,settlement,-1002.0,0
2026-04-12 23:10:00+00:00,chop_up_first,DOWN,150,0.5053874750336569,1.0,settlement,972.7224640530258,1
2026-04-12 23:15:00+00:00,chop_up_first,DOWN,150,0.5054327652534222,0.0,settlement,-1002.0,0
2026-04-12 23:20:00+00:00,chop_up_first,DOWN,150,0.5054045624831937,1.0,settlement,972.6556997755373,1
2026-04-12 23:25:00+00:00,chop_down_first,UP,150,0.5063387095148678,1.0,settlement,969.0126467640637,1
2026-04-12 23:30:00+00:00,chop_up_first,DOWN,150,0.5062459000394629,1.0,settlement,969.3739902332125,1
2026-04-12 23:35:00+00:00,chop_down_first,UP,150,0.5055898435698165,1.0,settlement,971.932057165992,1
2026-04-12 23:40:00+00:00,chop_down_first,UP,150,0.5053826332850745,1.0,settlement,972.7413826091083,1
2026-04-12 23:45:00+00:00,chop_down_first,UP,150,0.5050423130131722,0.0,settlement,-1002.0,0
2026-04-12 23:50:00+00:00,chop_down_first,UP,150,0.5069735310131928,1.0,settlement,966.5445865496861,1
2026-04-12 23:55:00+00:00,chop_down_first,UP,150,0.5049379122069818,1.0,settlement,974.4806243958653,1
2026-04-13 00:00:00+00:00,chop_up_first,DOWN,150,0.5064205627424611,1.0,settlement,968.6940701527762,1
2026-04-13 00:05:00+00:00,chop_down_first,UP,150,0.506103476046196,1.0,settlement,969.9287600958994,1
2026-04-13 00:10:00+00:00,chop_up_first,DOWN,150,0.505392034607442,0.0,settlement,-1002.0,0
2026-04-13 00:15:00+00:00,chop_up_first,DOWN,150,0.5054680455491062,1.0,settlement,972.407697554532,1
2026-04-13 00:20:00+00:00,chop_down_first,UP,150,0.5055476892487768,1.0,settlement,972.0966504722576,1
2026-04-13 00:25:00+00:00,chop_down_first,UP,150,0.5064810562573696,1.0,settlement,968.4586927193261,1
2026-04-13 00:30:00+00:00,chop_down_first,UP,150,0.5056893946853283,1.0,settlement,971.5434646024529,1
2026-04-13 00:40:00+00:00,chop_down_first,UP,150,0.5052555307514094,1.0,settlement,973.23815031928,1
2026-04-13 00:45:00+00:00,chop_up_first,DOWN,150,0.5052179556514077,0.0,settlement,-1002.0,0
2026-04-13 00:50:00+00:00,chop_up_first,DOWN,150,0.5046613914288782,0.0,settlement,-1002.0,0
2026-04-13 00:55:00+00:00,chop_up_first,DOWN,150,0.5057661148212218,1.0,settlement,971.2440959449666,1
2026-04-13 01:00:00+00:00,chop_up_first,DOWN,150,0.5055163252684743,0.0,settlement,-1002.0,0
2026-04-13 01:05:00+00:00,chop_up_first,DOWN,150,0.5056245831552195,1.0,settlement,971.7964356326169,1
2026-04-13 01:10:00+00:00,chop_down_first,UP,150,0.5064248714485199,1.0,settlement,968.6773033193152,1
2026-04-13 01:15:00+00:00,chop_up_first,DOWN,150,0.5053981123127743,1.0,settlement,972.6809014244409,1
2026-04-13 01:30:00+00:00,chop_up_first,DOWN,150,0.505389031355395,0.0,settlement,-1002.0,0
2026-04-13 01:35:00+00:00,chop_down_first,UP,150,0.504684710284433,0.0,settlement,-1002.0,0
2026-04-13 01:40:00+00:00,chop_up_first,DOWN,150,0.5053490213647024,0.0,settlement,-1002.0,0
2026-04-13 01:45:00+00:00,chop_down_first,UP,150,0.5051567332231642,0.0,settlement,-1002.0,0
2026-04-13 01:50:00+00:00,chop_down_first,UP,150,0.5056758592415022,0.0,settlement,-1002.0,0
2026-04-13 01:55:00+00:00,chop_down_first,UP,150,0.5063493557568196,1.0,settlement,968.9712052626794,1
2026-04-13 02:00:00+00:00,chop_up_first,DOWN,150,0.5047753736854524,1.0,settlement,975.1170544898598,1
2026-04-13 02:10:00+00:00,chop_up_first,DOWN,150,0.5062841012991312,1.0,settlement,969.2252417943204,1
2026-04-13 02:15:00+00:00,chop_down_first,UP,150,0.5053425502518825,1.0,settlement,972.8980162120879,1
2026-04-13 02:25:00+00:00,chop_down_first,UP,150,0.5057350551142379,1.0,settlement,971.3652826865382,1
2026-04-13 02:30:00+00:00,chop_down_first,UP,150,0.5049553751745243,0.0,settlement,-1002.0,0
2026-04-13 02:35:00+00:00,chop_up_first,DOWN,150,0.5059568325719243,1.0,settlement,970.5002920246748,1
2026-04-13 02:45:00+00:00,chop_down_first,UP,150,0.5049654535674809,1.0,settlement,974.3728250107561,1
2026-04-13 03:00:00+00:00,chop_up_first,DOWN,150,0.5057573398056466,0.0,settlement,-1002.0,0
2026-04-13 03:05:00+00:00,chop_up_first,DOWN,150,0.5052322270582217,1.0,settlement,973.3292576187802,1
2026-04-13 03:15:00+00:00,chop_down_first,UP,150,0.5056300891700827,1.0,settlement,971.7749421480632,1
2026-04-13 03:20:00+00:00,chop_up_first,DOWN,150,0.5056742276403275,1.0,settlement,971.6026584883627,1
2026-04-13 03:25:00+00:00,chop_down_first,UP,150,0.5055867723509062,1.0,settlement,971.9440479414496,1
2026-04-13 03:30:00+00:00,chop_down_first,UP,150,0.5052896110631496,0.0,settlement,-1002.0,0
2026-04-13 03:35:00+00:00,chop_up_first,DOWN,150,0.5057216759648789,1.0,settlement,971.4174891671215,1
2026-04-13 03:45:00+00:00,chop_up_first,DOWN,150,0.5055868417276321,1.0,settlement,971.9437770764588,1
2026-04-13 04:00:00+00:00,trend_up,UP,150,0.5050348425550476,1.0,settlement,974.101282341169,1
2026-04-13 04:05:00+00:00,trend_down,DOWN,150,0.5054427952831037,1.0,settlement,972.5063324940858,1
2026-04-13 04:20:00+00:00,trend_up,UP,150,0.5051384622013239,0.0,settlement,-1002.0,0
2026-04-13 04:25:00+00:00,chop_down_first,UP,150,0.5058981171853626,1.0,settlement,970.7292237269382,1
2026-04-13 04:30:00+00:00,chop_down_first,UP,150,0.5057705497530265,1.0,settlement,971.2267932313076,1
2026-04-13 04:40:00+00:00,chop_up_first,DOWN,150,0.5052599714419189,1.0,settlement,973.2207901051249,1
2026-04-13 04:45:00+00:00,chop_up_first,DOWN,150,0.505444952528674,1.0,settlement,972.4979052756158,1
2026-04-13 04:50:00+00:00,chop_up_first,DOWN,150,0.5062484962485191,1.0,settlement,969.3638803779843,1
2026-04-13 04:55:00+00:00,chop_down_first,UP,150,0.5052666252636948,0.0,settlement,-1002.0,0
2026-04-13 05:05:00+00:00,chop_up_first,DOWN,150,0.5054195613555614,1.0,settlement,972.5970997309886,1
2026-04-13 05:10:00+00:00,chop_up_first,DOWN,150,0.5051342503898434,0.0,settlement,-1002.0,0
2026-04-13 05:15:00+00:00,chop_down_first,UP,150,0.5052374937939089,1.0,settlement,973.308666239037,1
2026-04-13 05:20:00+00:00,chop_up_first,DOWN,150,0.5050110197621515,0.0,settlement,-1002.0,0
2026-04-13 05:30:00+00:00,chop_up_first,DOWN,150,0.5059292290410023,1.0,settlement,970.607911766091,1
2026-04-13 05:40:00+00:00,chop_down_first,UP,150,0.505823784197225,1.0,settlement,971.0191248003305,1
2026-04-13 05:45:00+00:00,chop_down_first,UP,150,0.5060719880143884,1.0,settlement,970.0514544101292,1
2026-04-13 05:55:00+00:00,chop_down_first,UP,150,0.5052195326775674,1.0,settlement,973.3788906592545,1
2026-04-13 06:00:00+00:00,chop_down_first,UP,150,0.505369532844854,1.0,settlement,972.7925728367586,1
2026-04-13 06:25:00+00:00,chop_up_first,DOWN,150,0.5055262187545937,1.0,settlement,972.180493464131,1
2026-04-13 06:40:00+00:00,chop_up_first,DOWN,150,0.5054591164587438,0.0,settlement,-1002.0,0
2026-04-13 06:45:00+00:00,chop_down_first,UP,150,0.50534616823753,0.0,settlement,-1002.0,0
2026-04-13 06:50:00+00:00,chop_up_first,DOWN,150,0.5048811376651724,1.0,settlement,974.7028822175066,1
2026-04-13 07:00:00+00:00,chop_up_first,DOWN,150,0.5050001324059451,1.0,settlement,974.2371056127887,1
2026-04-13 07:05:00+00:00,chop_up_first,DOWN,150,0.506070172653415,1.0,settlement,970.058528498746,1
2026-04-13 07:20:00+00:00,chop_up_first,DOWN,150,0.506799643256992,1.0,settlement,967.2200128363669,1
2026-04-13 07:25:00+00:00,chop_up_first,DOWN,150,0.5051758124895883,1.0,settlement,973.5498488371686,1
2026-04-13 07:30:00+00:00,chop_down_first,UP,150,0.505386000311349,0.0,settlement,-1002.0,0
2026-04-13 07:35:00+00:00,chop_down_first,UP,150,0.5055861396091499,1.0,settlement,971.9465183351687,1
2026-04-13 07:40:00+00:00,chop_up_first,DOWN,150,0.5052076577186319,1.0,settlement,973.4253221470798,1
2026-04-13 07:50:00+00:00,chop_down_first,UP,150,0.5055025731791,1.0,settlement,972.2728384617101,1
2026-04-13 07:55:00+00:00,chop_down_first,UP,150,0.5056390304240374,1.0,settlement,971.7400397336031,1
2026-04-13 08:00:00+00:00,chop_up_first,DOWN,150,0.5054501226240636,0.0,settlement,-1002.0,0
2026-04-13 08:05:00+00:00,chop_up_first,DOWN,150,0.5058147457439398,1.0,settlement,971.0543808725195,1
2026-04-13 08:10:00+00:00,chop_down_first,UP,150,0.5054765632480914,0.0,settlement,-1002.0,0
2026-04-13 08:15:00+00:00,chop_down_first,UP,150,0.5054188112911823,0.0,settlement,-1002.0,0
2026-04-13 08:20:00+00:00,chop_down_first,UP,150,0.5054906778630472,1.0,settlement,972.3192974775064,1
2026-04-13 08:25:00+00:00,chop_down_first,UP,150,0.5056717228729558,1.0,settlement,971.612434426625,1
2026-04-13 08:30:00+00:00,chop_up_first,DOWN,150,0.5050100994047125,1.0,settlement,974.1981021298504,1
2026-04-13 08:35:00+00:00,chop_up_first,DOWN,150,0.5049675624160539,1.0,settlement,974.3645712706707,1
2026-04-13 08:40:00+00:00,chop_up_first,DOWN,150,0.5058223762349625,1.0,settlement,971.0246167212127,1
2026-04-13 08:45:00+00:00,chop_up_first,DOWN,150,0.5048821349360395,0.0,settlement,-1002.0,0
2026-04-13 08:50:00+00:00,chop_up_first,DOWN,150,0.5053730103906704,0.0,settlement,-1002.0,0
2026-04-13 08:55:00+00:00,chop_down_first,UP,150,0.5051941773796078,1.0,settlement,973.4780333703116,1
2026-04-13 09:00:00+00:00,chop_down_first,UP,150,0.5078230401871635,1.0,settlement,963.2515168121884,1
2026-04-13 09:05:00+00:00,chop_up_first,DOWN,150,0.5056076486101577,1.0,settlement,971.8625448870437,1
2026-04-13 09:25:00+00:00,chop_down_first,UP,150,0.5057161656345681,1.0,settlement,971.4389917073712,1
2026-04-13 09:30:00+00:00,chop_down_first,UP,150,0.5050959004735147,1.0,settlement,973.8624036829444,1
2026-04-13 09:35:00+00:00,chop_up_first,DOWN,150,0.5051373112136593,1.0,settlement,973.7004241127482,1
2026-04-13 09:45:00+00:00,trend_down,DOWN,150,0.5053146007998094,1.0,settlement,973.0072497813652,1
2026-04-13 09:50:00+00:00,chop_down_first,UP,150,0.5051655296140221,0.0,settlement,-1002.0,0
2026-04-13 09:55:00+00:00,chop_down_first,UP,150,0.505293595599029,1.0,settlement,973.0893514034435,1
2026-04-13 10:00:00+00:00,chop_up_first,DOWN,150,0.5052126790231967,1.0,settlement,973.4056884114287,1
2026-04-13 10:05:00+00:00,chop_down_first,UP,150,0.5055379307203005,1.0,settlement,972.1347569667615,1
2026-04-13 10:10:00+00:00,chop_down_first,UP,150,0.5053263491097955,1.0,settlement,972.9613329249889,1
2026-04-13 10:15:00+00:00,chop_up_first,DOWN,150,0.5061212804817049,1.0,settlement,969.8593911920591,1
2026-04-13 10:35:00+00:00,chop_down_first,UP,150,0.5058727332035997,1.0,settlement,970.8282125028722,1
2026-04-13 10:40:00+00:00,chop_up_first,DOWN,150,0.5054549016911772,1.0,settlement,972.4590400861479,1
2026-04-13 10:45:00+00:00,chop_down_first,UP,150,0.5053740757766179,0.0,settlement,-1002.0,0
2026-04-13 10:50:00+00:00,chop_down_first,UP,150,0.5050386646440226,0.0,settlement,-1002.0,0
2026-04-13 10:55:00+00:00,chop_down_first,UP,150,0.5057828034150343,1.0,settlement,971.1789876237902,1
2026-04-13 11:00:00+00:00,chop_up_first,DOWN,150,0.5046376630055457,0.0,settlement,-1002.0,0
2026-04-13 11:05:00+00:00,trend_up,UP,150,0.5052821942684022,1.0,settlement,973.1339178793024,1
2026-04-13 11:15:00+00:00,chop_up_first,DOWN,150,0.5051406516843101,1.0,settlement,973.6873589015848,1
2026-04-13 11:20:00+00:00,chop_down_first,UP,150,0.5051951786365143,1.0,settlement,973.4741181290183,1
2026-04-13 11:35:00+00:00,chop_up_first,DOWN,150,0.505214656649423,0.0,settlement,-1002.0,0
2026-04-13 11:40:00+00:00,chop_down_first,UP,150,0.5059913050906052,1.0,settlement,970.3659081874804,1
2026-04-13 11:45:00+00:00,chop_down_first,UP,150,0.5055345879663449,0.0,settlement,-1002.0,0
2026-04-13 11:55:00+00:00,trend_down,DOWN,150,0.5050219994680095,1.0,settlement,974.1515360742578,1
2026-04-13 12:00:00+00:00,chop_up_first,DOWN,150,0.505796951247966,1.0,settlement,971.1237951071248,1
2026-04-13 12:05:00+00:00,chop_down_first,UP,150,0.5064361666343864,1.0,settlement,968.6333507584784,1
2026-04-13 12:15:00+00:00,chop_down_first,UP,150,0.5050569745126784,0.0,settlement,-1002.0,0
2026-04-13 12:30:00+00:00,chop_up_first,DOWN,150,0.5057132492924401,0.0,settlement,-1002.0,0
2026-04-13 12:35:00+00:00,chop_up_first,DOWN,150,0.5053032610263275,1.0,settlement,973.0515719470131,1
2026-04-13 12:45:00+00:00,chop_down_first,UP,150,0.5058020971975963,1.0,settlement,971.1037208612483,1
2026-04-13 12:50:00+00:00,chop_down_first,UP,150,0.5065119596538029,1.0,settlement,968.3384707483026,1
2026-04-13 12:55:00+00:00,chop_up_first,DOWN,150,0.5062163223748368,1.0,settlement,969.4891754537565,1
2026-04-13 13:00:00+00:00,chop_down_first,UP,150,0.5058299433383778,1.0,settlement,970.995100711905,1
2026-04-13 13:05:00+00:00,chop_up_first,DOWN,150,0.5059659441178779,1.0,settlement,970.4647708057797,1
2026-04-13 13:10:00+00:00,chop_down_first,UP,150,0.5061464629993782,1.0,settlement,969.7612844431279,1
2026-04-13 13:15:00+00:00,chop_up_first,DOWN,150,0.505587220338353,1.0,settlement,971.9422988819034,1
2026-04-13 13:20:00+00:00,chop_up_first,DOWN,150,0.5048553878886648,0.0,settlement,-1002.0,0
2026-04-13 13:25:00+00:00,chop_down_first,UP,150,0.5053015013421224,0.0,settlement,-1002.0,0
2026-04-13 13:30:00+00:00,chop_up_first,DOWN,150,0.5058309773426523,1.0,settlement,970.9910675754248,1
2026-04-13 13:35:00+00:00,chop_up_first,DOWN,150,0.5059470299246905,1.0,settlement,970.5385089197002,1
2026-04-13 13:40:00+00:00,chop_down_first,UP,150,0.5088845544741066,1.0,settlement,959.1520751132972,1
2026-04-13 13:45:00+00:00,chop_down_first,UP,150,0.5048504131646303,1.0,settlement,974.8231816313379,1
2026-04-13 13:50:00+00:00,chop_up_first,DOWN,150,0.5075794695771795,1.0,settlement,964.1945760559374,1
2026-04-13 13:55:00+00:00,chop_down_first,UP,150,0.5064208417536342,1.0,settlement,968.6929844042859,1
2026-04-13 14:00:00+00:00,chop_up_first,DOWN,150,0.5066267525511355,1.0,settlement,967.892025982715,1
2026-04-13 14:05:00+00:00,chop_down_first,UP,150,0.5055132257563301,0.0,settlement,-1002.0,0
2026-04-13 14:10:00+00:00,chop_down_first,UP,150,0.506769435501334,1.0,settlement,967.3373950477186,1
2026-04-13 14:15:00+00:00,chop_down_first,UP,150,0.5039813089997675,0.0,settlement,-1002.0,0
2026-04-13 14:20:00+00:00,chop_down_first,UP,150,0.5063632072369778,1.0,settlement,968.9172896776766,1
2026-04-13 14:25:00+00:00,chop_down_first,UP,150,0.5051802030920641,1.0,settlement,973.5326790153816,1
2026-04-13 14:30:00+00:00,chop_down_first,UP,150,0.5057954664493182,1.0,settlement,971.129587352681,1
2026-04-13 14:35:00+00:00,chop_up_first,DOWN,150,0.5051074272053996,0.0,settlement,-1002.0,0
2026-04-13 14:40:00+00:00,chop_up_first,DOWN,150,0.5052672178137646,0.0,settlement,-1002.0,0
2026-04-13 14:45:00+00:00,chop_down_first,UP,150,0.5060314547728983,0.0,settlement,-1002.0,0
2026-04-13 14:50:00+00:00,chop_up_first,DOWN,150,0.5053853028699938,0.0,settlement,-1002.0,0
2026-04-13 14:55:00+00:00,chop_down_first,UP,150,0.5058732608814361,1.0,settlement,970.8261546401558,1
2026-04-13 15:00:00+00:00,chop_up_first,DOWN,150,0.5069173814073332,1.0,settlement,966.7626358940287,1
2026-04-13 15:05:00+00:00,chop_down_first,UP,150,0.505343099128953,0.0,settlement,-1002.0,0
2026-04-13 15:10:00+00:00,chop_down_first,UP,150,0.5050027431134453,0.0,settlement,-1002.0,0
2026-04-13 15:15:00+00:00,chop_up_first,DOWN,150,0.5058382115413006,1.0,settlement,970.9628510251749,1
2026-04-13 15:20:00+00:00,chop_down_first,UP,150,0.5057806684640088,1.0,settlement,971.1873166105742,1
2026-04-13 15:25:00+00:00,chop_up_first,DOWN,150,0.5044746903067003,0.0,settlement,-1002.0,0
2026-04-13 15:30:00+00:00,chop_up_first,DOWN,150,0.5078460433326911,1.0,settlement,963.1624997424818,1
2026-04-13 15:35:00+00:00,chop_up_first,DOWN,150,0.5058974966357274,0.0,settlement,-1002.0,0
2026-04-13 15:40:00+00:00,chop_down_first,UP,150,0.5059906105193561,1.0,settlement,970.3686156461249,1
2026-04-13 15:45:00+00:00,chop_down_first,UP,150,0.5058921471004801,0.0,settlement,-1002.0,0
2026-04-13 15:50:00+00:00,chop_up_first,DOWN,150,0.5053367580727307,1.0,settlement,972.9206525292242,1
2026-04-13 15:55:00+00:00,chop_down_first,UP,150,0.5052935653088252,1.0,settlement,973.0894698016639,1
2026-04-13 16:00:00+00:00,chop_up_first,DOWN,150,0.5054524291060473,1.0,settlement,972.4686987954173,1
2026-04-13 16:05:00+00:00,chop_down_first,UP,150,0.5061955567699147,1.0,settlement,969.5700516384211,1
2026-04-13 16:10:00+00:00,chop_down_first,UP,150,0.504860862600667,1.0,settlement,974.782266026817,1
2026-04-13 16:15:00+00:00,chop_up_first,DOWN,150,0.5047961116859785,0.0,settlement,-1002.0,0
2026-04-13 16:20:00+00:00,chop_up_first,DOWN,150,0.5051485374526562,0.0,settlement,-1002.0,0
2026-04-13 16:25:00+00:00,chop_up_first,DOWN,150,0.5061316955978243,0.0,settlement,-1002.0,0
2026-04-13 16:30:00+00:00,chop_down_first,UP,150,0.5045949925367876,0.0,settlement,-1002.0,0
2026-04-13 16:35:00+00:00,chop_down_first,UP,150,0.505174300130541,1.0,settlement,973.5557631140559,1
2026-04-13 16:40:00+00:00,chop_up_first,DOWN,150,0.505683925287664,0.0,settlement,-1002.0,0
2026-04-13 16:45:00+00:00,chop_down_first,UP,150,0.5061076723043464,1.0,settlement,969.9124103691823,1
2026-04-13 16:50:00+00:00,chop_down_first,UP,150,0.5044474364245813,0.0,settlement,-1002.0,0
2026-04-13 16:55:00+00:00,chop_down_first,UP,150,0.5059717391469148,1.0,settlement,970.4421796416162,1
2026-04-13 17:00:00+00:00,chop_up_first,DOWN,150,0.504794774548138,0.0,settlement,-1002.0,0
2026-04-13 17:05:00+00:00,chop_up_first,DOWN,150,0.506012592646086,0.0,settlement,-1002.0,0
2026-04-13 17:10:00+00:00,chop_down_first,UP,150,0.5067473063008753,1.0,settlement,967.4233942458279,1
2026-04-13 17:15:00+00:00,chop_up_first,DOWN,150,0.505578502118019,0.0,settlement,-1002.0,0
2026-04-13 17:20:00+00:00,chop_up_first,DOWN,150,0.5059384604211918,1.0,settlement,970.571919456704,1
2026-04-13 17:25:00+00:00,chop_down_first,UP,150,0.5057810479008626,1.0,settlement,971.1858363257937,1
2026-04-13 17:30:00+00:00,chop_down_first,UP,150,0.5061700544104483,1.0,settlement,969.6693852274631,1
2026-04-13 17:35:00+00:00,chop_up_first,DOWN,150,0.5055017986670974,1.0,settlement,972.2758633728256,1
2026-04-13 17:40:00+00:00,chop_down_first,UP,150,0.5049008129489223,1.0,settlement,974.6258528503528,1
2026-04-13 17:45:00+00:00,chop_down_first,UP,150,0.5050507499394724,0.0,settlement,-1002.0,0
2026-04-13 17:50:00+00:00,chop_up_first,DOWN,150,0.5083139923073886,1.0,settlement,961.3533900370926,1
2026-04-13 17:55:00+00:00,chop_up_first,DOWN,150,0.5055875911405335,1.0,settlement,971.9408511760628,1
2026-04-13 18:00:00+00:00,chop_up_first,DOWN,150,0.5054704784160182,0.0,settlement,-1002.0,0
2026-04-13 18:05:00+00:00,chop_up_first,DOWN,150,0.5050152462402532,0.0,settlement,-1002.0,0
2026-04-13 18:10:00+00:00,chop_up_first,DOWN,150,0.5046907527095952,0.0,settlement,-1002.0,0
2026-04-13 18:15:00+00:00,chop_down_first,UP,150,0.5050321720663188,1.0,settlement,974.1117314897449,1
2026-04-13 18:20:00+00:00,chop_down_first,UP,150,0.5054446634273002,0.0,settlement,-1002.0,0
2026-04-13 18:25:00+00:00,chop_down_first,UP,150,0.5047778314656161,1.0,settlement,975.1074278407187,1
2026-04-13 18:30:00+00:00,chop_down_first,UP,150,0.5059647908630773,1.0,settlement,970.469266680803,1
2026-04-13 18:35:00+00:00,chop_up_first,DOWN,150,0.5053351821695425,1.0,settlement,972.9268113795525,1
2026-04-13 18:40:00+00:00,chop_down_first,UP,150,0.505833209453849,1.0,settlement,970.9823612758566,1
2026-04-13 18:45:00+00:00,chop_down_first,UP,150,0.505214598995458,0.0,settlement,-1002.0,0
2026-04-13 18:50:00+00:00,chop_down_first,UP,150,0.5051970793330428,1.0,settlement,973.4666858279382,1
2026-04-13 18:55:00+00:00,chop_down_first,UP,150,0.5056908837309162,1.0,settlement,971.5376533523729,1
2026-04-13 19:00:00+00:00,chop_up_first,DOWN,150,0.5057251385323398,1.0,settlement,971.4039776948531,1
2026-04-13 19:05:00+00:00,chop_down_first,UP,150,0.505168795699567,0.0,settlement,-1002.0,0
2026-04-13 19:15:00+00:00,chop_down_first,UP,150,0.5071926250564065,1.0,settlement,965.6942264075889,1
2026-04-13 19:20:00+00:00,chop_down_first,UP,150,0.5062737144163034,1.0,settlement,969.2656841183647,1
2026-04-13 19:25:00+00:00,chop_down_first,UP,150,0.5054776186241816,1.0,settlement,972.3703048937655,1
2026-04-13 19:30:00+00:00,chop_down_first,UP,150,0.5070699179043614,1.0,settlement,966.170393788245,1
2026-04-13 19:35:00+00:00,chop_down_first,UP,150,0.5036710410504106,1.0,settlement,979.4520166151735,1
2026-04-13 19:40:00+00:00,chop_up_first,DOWN,150,0.5062939206511493,1.0,settlement,969.1870107317563,1
2026-04-13 19:45:00+00:00,chop_down_first,UP,150,0.5071771127646285,1.0,settlement,965.7544094209812,1
2026-04-13 19:50:00+00:00,chop_down_first,UP,150,0.5074094944094844,1.0,settlement,964.8532240640425,1
2026-04-13 19:55:00+00:00,chop_up_first,DOWN,150,0.5057519874415332,1.0,settlement,971.2992153893861,1
2026-04-13 20:00:00+00:00,chop_down_first,UP,150,0.5050315473202905,0.0,settlement,-1002.0,0
2026-04-13 20:05:00+00:00,chop_up_first,DOWN,150,0.5046706663094536,1.0,settlement,975.5272601004458,1
2026-04-13 20:10:00+00:00,chop_up_first,DOWN,150,0.5060926030693116,1.0,settlement,969.9711253383397,1
2026-04-13 20:15:00+00:00,chop_down_first,UP,150,0.5059592599860389,0.0,settlement,-1002.0,0
2026-04-13 20:20:00+00:00,chop_down_first,UP,150,0.5046934835235678,0.0,settlement,-1002.0,0
2026-04-13 20:25:00+00:00,chop_down_first,UP,150,0.5053066962896163,1.0,settlement,973.0381448101703,1
2026-04-13 20:30:00+00:00,chop_up_first,DOWN,150,0.5052322229126315,0.0,settlement,-1002.0,0
2026-04-13 20:35:00+00:00,chop_down_first,UP,150,0.5053679826507548,0.0,settlement,-1002.0,0
2026-04-13 20:40:00+00:00,chop_down_first,UP,150,0.5057217457932747,1.0,settlement,971.4172166841237,1
2026-04-13 20:45:00+00:00,chop_down_first,UP,150,0.5051770800522679,0.0,settlement,-1002.0,0
2026-04-13 20:50:00+00:00,chop_up_first,DOWN,150,0.5056589338152105,1.0,settlement,971.6623507668747,1
2026-04-13 20:55:00+00:00,chop_down_first,UP,150,0.5060586679797848,1.0,settlement,970.1033610274341,1
2026-04-13 21:05:00+00:00,chop_down_first,UP,150,0.5060644730260806,1.0,settlement,970.0807391048908,1
2026-04-13 21:10:00+00:00,chop_down_first,UP,150,0.5061925199619978,1.0,settlement,969.5818797064101,1
2026-04-13 21:15:00+00:00,chop_down_first,UP,150,0.5050204179743684,0.0,settlement,-1002.0,0
2026-04-13 21:20:00+00:00,chop_down_first,UP,150,0.5054731881794742,1.0,settlement,972.3876101409526,1
2026-04-13 21:30:00+00:00,chop_up_first,DOWN,150,0.5047899133846494,0.0,settlement,-1002.0,0
2026-04-13 21:35:00+00:00,chop_down_first,UP,150,0.5052712640537338,1.0,settlement,973.1766447059738,1
2026-04-13 21:40:00+00:00,chop_down_first,UP,150,0.5055169034720645,0.0,settlement,-1002.0,0
2026-04-13 21:45:00+00:00,chop_up_first,DOWN,150,0.5057051253941668,1.0,settlement,971.4820746025046,1
2026-04-13 21:55:00+00:00,chop_up_first,DOWN,150,0.5053184788112566,1.0,settlement,972.9920928040448,1
2026-04-13 22:00:00+00:00,chop_down_first,UP,150,0.506647002663718,1.0,settlement,967.8132916073181,1
2026-04-13 22:05:00+00:00,chop_down_first,UP,150,0.5080115443551798,1.0,settlement,962.5222851515385,1
2026-04-13 22:10:00+00:00,chop_down_first,UP,150,0.5065378920135581,1.0,settlement,968.2375986775876,1
2026-04-13 22:15:00+00:00,chop_down_first,UP,150,0.5105460323544408,1.0,settlement,952.7698674644673,1
2026-04-13 22:20:00+00:00,chop_up_first,DOWN,150,0.5043944744274831,0.0,settlement,-1002.0,0
2026-04-13 22:25:00+00:00,chop_up_first,DOWN,150,0.506250012611941,1.0,settlement,969.3579755799497,1
2026-04-13 22:30:00+00:00,chop_down_first,UP,150,0.5056404450114981,1.0,settlement,971.7345179682093,1
2026-04-13 22:35:00+00:00,chop_up_first,DOWN,150,0.5062612642475229,1.0,settlement,969.3141622307776,1
2026-04-13 22:40:00+00:00,chop_down_first,UP,150,0.5058238662571233,1.0,settlement,971.0188047170772,1
2026-04-13 22:45:00+00:00,chop_up_first,DOWN,150,0.5053941390449727,0.0,settlement,-1002.0,0
2026-04-13 22:50:00+00:00,chop_up_first,DOWN,150,0.5044506752015147,0.0,settlement,-1002.0,0
2026-04-13 22:55:00+00:00,chop_up_first,DOWN,150,0.5046213993826214,1.0,settlement,975.7203289852594,1
2026-04-13 23:00:00+00:00,chop_up_first,DOWN,150,0.5070771588613289,0.0,settlement,-1002.0,0
2026-04-13 23:05:00+00:00,chop_up_first,DOWN,150,0.5059962377499035,0.0,settlement,-1002.0,0
2026-04-13 23:10:00+00:00,chop_up_first,DOWN,150,0.5059324464104952,1.0,settlement,970.595367386774,1
2026-04-13 23:15:00+00:00,chop_down_first,UP,150,0.5044488997770125,0.0,settlement,-1002.0,0
2026-04-13 23:20:00+00:00,chop_down_first,UP,150,0.5070095907176468,1.0,settlement,966.404579067983,1
2026-04-13 23:25:00+00:00,chop_down_first,UP,150,0.5063268451759219,1.0,settlement,969.0588318761721,1
2026-04-13 23:30:00+00:00,chop_up_first,DOWN,150,0.5060960873386419,0.0,settlement,-1002.0,0
2026-04-13 23:35:00+00:00,chop_down_first,UP,150,0.5050875055437577,0.0,settlement,-1002.0,0
2026-04-13 23:40:00+00:00,chop_up_first,DOWN,150,0.50620030971392,1.0,settlement,969.551539674129,1
2026-04-13 23:45:00+00:00,chop_up_first,DOWN,150,0.5053715959467012,1.0,settlement,972.7845110496744,1
2026-04-13 23:50:00+00:00,chop_up_first,DOWN,150,0.5044074169161186,0.0,settlement,-1002.0,0
2026-04-14 00:00:00+00:00,chop_down_first,UP,150,0.5057226045734285,1.0,settlement,971.4138655751842,1
2026-04-14 00:05:00+00:00,chop_up_first,DOWN,150,0.505881619235739,1.0,settlement,970.7935589115277,1
2026-04-14 00:10:00+00:00,chop_up_first,DOWN,150,0.5056270566550144,0.0,settlement,-1002.0,0
2026-04-14 00:15:00+00:00,chop_down_first,UP,150,0.5057750756316,1.0,settlement,971.2091360052119,1
2026-04-14 00:20:00+00:00,chop_up_first,DOWN,150,0.5062913586196487,1.0,settlement,969.1969857059072,1
2026-04-14 00:25:00+00:00,chop_up_first,DOWN,150,0.5058958000676673,1.0,settlement,970.7382592749535,1
2026-04-14 00:30:00+00:00,chop_up_first,DOWN,150,0.5054054155178459,1.0,settlement,972.652366907138,1
2026-04-14 00:35:00+00:00,chop_down_first,UP,150,0.506753752436328,1.0,settlement,967.3983422952462,1
2026-04-14 00:45:00+00:00,chop_up_first,DOWN,150,0.5070504478075943,1.0,settlement,966.245969045474,1
2026-04-14 00:50:00+00:00,chop_up_first,DOWN,150,0.5068210500922551,1.0,settlement,967.1368379792772,1
2026-04-14 00:55:00+00:00,chop_down_first,UP,150,0.5049236558161658,1.0,settlement,974.536429822878,1
2026-04-14 01:00:00+00:00,chop_up_first,DOWN,150,0.5063739991907782,0.0,settlement,-1002.0,0
2026-04-14 01:05:00+00:00,chop_down_first,UP,150,0.5060845294563757,1.0,settlement,970.0025843746467,1
2026-04-14 01:10:00+00:00,chop_up_first,DOWN,150,0.5051381402160157,0.0,settlement,-1002.0,0
2026-04-14 01:15:00+00:00,chop_up_first,DOWN,150,0.5059005013610417,0.0,settlement,-1002.0,0
2026-04-14 01:20:00+00:00,chop_down_first,UP,150,0.5057000187339944,0.0,settlement,-1002.0,0
2026-04-14 01:25:00+00:00,chop_up_first,DOWN,150,0.5053147990653565,1.0,settlement,973.0064748666119,1
2026-04-14 01:35:00+00:00,chop_down_first,UP,150,0.505104613421136,1.0,settlement,973.8283204748867,1
2026-04-14 01:40:00+00:00,trend_up,UP,150,0.5053067521375625,1.0,settlement,973.0379265233107,1
2026-04-14 01:45:00+00:00,chop_down_first,UP,150,0.50516914033314,1.0,settlement,973.5759414398447,1
2026-04-14 01:50:00+00:00,chop_down_first,UP,150,0.5052733905085259,1.0,settlement,973.1683321292176,1
2026-04-14 01:55:00+00:00,chop_up_first,DOWN,150,0.5055385274565842,1.0,settlement,972.1324267035384,1
2026-04-14 02:05:00+00:00,chop_down_first,UP,150,0.5054016619181376,1.0,settlement,972.6670325782405,1
2026-04-14 02:10:00+00:00,chop_down_first,UP,150,0.5053553232412941,1.0,settlement,972.8481001425622,1
2026-04-14 02:15:00+00:00,chop_down_first,UP,150,0.5058697571453347,1.0,settlement,970.8398187545297,1
2026-04-14 02:20:00+00:00,chop_down_first,UP,150,0.5049368962128431,0.0,settlement,-1002.0,0
2026-04-14 02:30:00+00:00,chop_up_first,DOWN,150,0.505331084519475,1.0,settlement,972.9428257495964,1
2026-04-14 02:35:00+00:00,trend_down,DOWN,150,0.5051422209309515,0.0,settlement,-1002.0,0
2026-04-14 02:40:00+00:00,chop_down_first,UP,150,0.5050816327452318,1.0,settlement,973.9182185573577,1
2026-04-14 02:45:00+00:00,chop_up_first,DOWN,150,0.5053788305152304,0.0,settlement,-1002.0,0
2026-04-14 02:50:00+00:00,chop_up_first,DOWN,150,0.5056645531322413,1.0,settlement,971.6404179768621,1
2026-04-14 02:55:00+00:00,chop_down_first,UP,150,0.5052690460936919,1.0,settlement,973.1853150627024,1
2026-04-14 03:00:00+00:00,trend_down,DOWN,150,0.5051797792372749,1.0,settlement,973.5343365223164,1
2026-04-14 03:05:00+00:00,chop_down_first,UP,150,0.5057286015926926,1.0,settlement,971.3904644843016,1
2026-04-14 03:20:00+00:00,trend_down,DOWN,150,0.5053875126820638,1.0,settlement,972.7223169477787,1
2026-04-14 03:30:00+00:00,chop_down_first,UP,150,0.5061003894178537,1.0,settlement,969.9407865857561,1
2026-04-14 03:35:00+00:00,trend_down,DOWN,150,0.5052878712940442,0.0,settlement,-1002.0,0
2026-04-14 03:40:00+00:00,chop_down_first,UP,150,0.5056596125387169,1.0,settlement,971.6597016112019,1
2026-04-14 03:45:00+00:00,chop_up_first,DOWN,150,0.5052958803489297,1.0,settlement,973.0804208236088,1
2026-04-14 03:55:00+00:00,chop_up_first,DOWN,150,0.5051236777368474,0.0,settlement,-1002.0,0
2026-04-14 04:00:00+00:00,chop_up_first,DOWN,150,0.5057433816889655,1.0,settlement,971.3327931392972,1
2026-04-14 04:10:00+00:00,chop_up_first,DOWN,150,0.5056168599872982,0.0,settlement,-1002.0,0
2026-04-14 04:20:00+00:00,chop_down_first,UP,150,0.5051927579096259,0.0,settlement,-1002.0,0
2026-04-14 04:25:00+00:00,chop_down_first,UP,150,0.5052696035232618,1.0,settlement,973.1831359751561,1
2026-04-14 04:30:00+00:00,chop_up_first,DOWN,150,0.5053392332941135,1.0,settlement,972.9109790950115,1
2026-04-14 04:40:00+00:00,chop_up_first,DOWN,150,0.5056776381574054,1.0,settlement,971.5893476257424,1
2026-04-14 04:45:00+00:00,chop_down_first,UP,150,0.5054677726710416,1.0,settlement,972.4087634435566,1
2026-04-14 04:50:00+00:00,trend_down,DOWN,150,0.5052344406671426,1.0,settlement,973.3206030099203,1
2026-04-14 05:00:00+00:00,chop_up_first,DOWN,150,0.5054957731710487,1.0,settlement,972.2993966881277,1
2026-04-14 05:10:00+00:00,trend_up,UP,150,0.5052501817076274,0.0,settlement,-1002.0,0
2026-04-14 05:15:00+00:00,chop_down_first,UP,150,0.5055657271192535,1.0,settlement,972.0262174943485,1
2026-04-14 05:20:00+00:00,chop_down_first,UP,150,0.5050509638428543,0.0,settlement,-1002.0,0
2026-04-14 05:25:00+00:00,trend_down,DOWN,150,0.5052940851118383,1.0,settlement,973.0874379998128,1
2026-04-14 05:35:00+00:00,chop_down_first,UP,150,0.5054123576475483,0.0,settlement,-1002.0,0
2026-04-14 05:40:00+00:00,chop_up_first,DOWN,150,0.5051017707560016,0.0,settlement,-1002.0,0
2026-04-14 05:55:00+00:00,chop_up_first,DOWN,150,0.5055328888573567,1.0,settlement,972.1544457290491,1
2026-04-14 06:00:00+00:00,chop_down_first,UP,150,0.5061272945240263,1.0,settlement,969.8359606322796,1
2026-04-14 06:05:00+00:00,trend_up,UP,150,0.505611163643081,1.0,settlement,971.848822500494,1
2026-04-14 06:35:00+00:00,chop_down_first,UP,150,0.5056203531432217,1.0,settlement,971.8129483828494,1
2026-04-14 06:45:00+00:00,chop_down_first,UP,150,0.5055376752870847,1.0,settlement,972.1357544385902,1
2026-04-14 06:50:00+00:00,chop_down_first,UP,150,0.5053546572053846,1.0,settlement,972.850702908227,1
2026-04-14 06:55:00+00:00,chop_down_first,UP,150,0.5055063788149072,1.0,settlement,972.2579754179934,1
2026-04-14 07:00:00+00:00,chop_up_first,DOWN,150,0.5050817671653884,0.0,settlement,-1002.0,0
2026-04-14 07:05:00+00:00,chop_down_first,UP,150,0.5052509778625236,1.0,settlement,973.2559494729985,1
2026-04-14 07:10:00+00:00,chop_up_first,DOWN,150,0.5074134368236175,1.0,settlement,964.8379423442738,1
2026-04-14 07:15:00+00:00,chop_up_first,DOWN,150,0.5055664347341798,1.0,settlement,972.0234545529812,1
2026-04-14 07:20:00+00:00,chop_down_first,UP,150,0.5054183502411448,0.0,settlement,-1002.0,0
2026-04-14 07:25:00+00:00,chop_down_first,UP,150,0.5057206728514396,1.0,settlement,971.4214035050378,1
2026-04-14 07:30:00+00:00,chop_up_first,DOWN,150,0.5059997848902996,1.0,settlement,970.3328542844454,1
2026-04-14 07:35:00+00:00,chop_up_first,DOWN,150,0.5056231686827644,1.0,settlement,971.8019572955138,1
2026-04-14 07:40:00+00:00,chop_down_first,UP,150,0.5046209215941194,0.0,settlement,-1002.0,0
2026-04-14 07:50:00+00:00,chop_down_first,UP,150,0.5050006312302366,1.0,settlement,974.235153545775,1
2026-04-14 07:55:00+00:00,chop_up_first,DOWN,150,0.5053773127911351,0.0,settlement,-1002.0,0
2026-04-14 08:05:00+00:00,chop_down_first,UP,150,0.5056003162985194,1.0,settlement,971.8911702158729,1
2026-04-14 08:10:00+00:00,chop_down_first,UP,150,0.5050606642241685,0.0,settlement,-1002.0,0
2026-04-14 08:15:00+00:00,chop_up_first,DOWN,150,0.5049552189733663,0.0,settlement,-1002.0,0
2026-04-14 08:30:00+00:00,chop_down_first,UP,150,0.505917071185334,1.0,settlement,970.6553161405376,1
2026-04-14 08:35:00+00:00,chop_down_first,UP,150,0.5050610879640377,0.0,settlement,-1002.0,0
2026-04-14 08:40:00+00:00,chop_up_first,DOWN,150,0.5058547370220746,1.0,settlement,970.8983974236245,1
2026-04-14 08:45:00+00:00,chop_up_first,DOWN,150,0.5053635838332404,0.0,settlement,-1002.0,0
2026-04-14 08:50:00+00:00,chop_down_first,UP,150,0.5063435619943356,0.0,settlement,-1002.0,0
2026-04-14 08:55:00+00:00,chop_down_first,UP,150,0.5052485573475693,1.0,settlement,973.265412412565,1
2026-04-14 09:00:00+00:00,chop_down_first,UP,150,0.5054528778259438,0.0,settlement,-1002.0,0
2026-04-14 09:05:00+00:00,chop_down_first,UP,150,0.505320669506031,1.0,settlement,972.9835307065127,1
2026-04-14 09:10:00+00:00,chop_down_first,UP,150,0.5052704180575049,1.0,settlement,973.1799518301058,1
2026-04-14 09:15:00+00:00,chop_down_first,UP,150,0.5054389026751969,0.0,settlement,-1002.0,0
2026-04-14 09:20:00+00:00,trend_down,DOWN,150,0.5054231490526389,1.0,settlement,972.5830832454811,1
2026-04-14 09:25:00+00:00,chop_up_first,DOWN,150,0.5056654132036259,1.0,settlement,971.6370610700961,1
2026-04-14 09:30:00+00:00,chop_up_first,DOWN,150,0.5049447188919746,1.0,settlement,974.4539813189082,1
2026-04-14 09:40:00+00:00,chop_up_first,DOWN,150,0.50638477942553,1.0,settlement,968.8333278345862,1
2026-04-14 09:45:00+00:00,chop_up_first,DOWN,150,0.5053942004557881,1.0,settlement,972.6961858682924,1
2026-04-14 09:55:00+00:00,chop_down_first,UP,150,0.5057606207826134,1.0,settlement,971.2655311433616,1
2026-04-14 10:00:00+00:00,chop_up_first,DOWN,150,0.5055422577810935,1.0,settlement,972.1178598607817,1
2026-04-14 10:05:00+00:00,chop_down_first,UP,150,0.506144237911436,1.0,settlement,969.7699526090976,1
2026-04-14 10:25:00+00:00,chop_down_first,UP,150,0.5049793190508788,0.0,settlement,-1002.0,0
2026-04-14 10:30:00+00:00,chop_down_first,UP,150,0.5054860597572403,1.0,settlement,972.3373348006661,1
2026-04-14 10:40:00+00:00,chop_down_first,UP,150,0.5047827164194384,0.0,settlement,-1002.0,0
2026-04-14 10:45:00+00:00,chop_down_first,UP,150,0.5052006649593939,1.0,settlement,973.4526650914355,1
2026-04-14 10:50:00+00:00,chop_down_first,UP,150,0.5053474150042832,0.0,settlement,-1002.0,0
2026-04-14 10:55:00+00:00,chop_down_first,UP,150,0.5055235908677168,0.0,settlement,-1002.0,0
2026-04-14 11:00:00+00:00,chop_down_first,UP,150,0.5053096777533704,1.0,settlement,973.026491550989,1
2026-04-14 11:05:00+00:00,chop_down_first,UP,150,0.5053974102078979,1.0,settlement,972.6836446776953,1
2026-04-14 11:10:00+00:00,chop_up_first,DOWN,150,0.5054008127043361,1.0,settlement,972.6703505675578,1
2026-04-14 11:15:00+00:00,chop_down_first,UP,150,0.5054167668298647,1.0,settlement,972.6080175768101,1
2026-04-14 11:25:00+00:00,chop_down_first,UP,150,0.5052848453345788,0.0,settlement,-1002.0,0
2026-04-14 11:35:00+00:00,chop_down_first,UP,150,0.5055240865951351,1.0,settlement,972.1888200062754,1
2026-04-14 12:00:00+00:00,chop_up_first,DOWN,150,0.505323327990768,0.0,settlement,-1002.0,0
2026-04-14 12:05:00+00:00,trend_down,DOWN,150,0.5052811708557267,1.0,settlement,973.1379183788342,1
2026-04-14 12:10:00+00:00,chop_up_first,DOWN,150,0.5061782668428761,1.0,settlement,969.6373960990137,1
2026-04-14 12:15:00+00:00,chop_down_first,UP,150,0.5061081313932536,1.0,settlement,969.9106216543655,1
2026-04-14 12:20:00+00:00,chop_up_first,DOWN,150,0.5061622113290504,1.0,settlement,969.6999366260699,1
2026-04-14 12:25:00+00:00,chop_down_first,UP,150,0.5054759903481174,1.0,settlement,972.376664879147,1
2026-04-14 12:30:00+00:00,chop_up_first,DOWN,150,0.5039940733967512,0.0,settlement,-1002.0000000000001,0
2026-04-14 12:35:00+00:00,chop_up_first,DOWN,150,0.5050847420925416,1.0,settlement,973.906054626268,1
2026-04-14 12:40:00+00:00,chop_down_first,UP,150,0.5054480420633549,0.0,settlement,-1002.0,0
2026-04-14 12:45:00+00:00,chop_down_first,UP,150,0.5054225594327715,1.0,settlement,972.5853867703119,1
2026-04-14 12:50:00+00:00,chop_down_first,UP,150,0.5052782200729458,1.0,settlement,973.1494530200039,1
2026-04-14 12:55:00+00:00,chop_down_first,UP,150,0.5056346301414543,1.0,settlement,971.7572161954248,1
2026-04-14 13:00:00+00:00,chop_down_first,UP,150,0.5064770310639277,1.0,settlement,968.4743528123236,1
2026-04-14 13:05:00+00:00,chop_up_first,DOWN,150,0.5051916177218895,1.0,settlement,973.4880425379583,1
2026-04-14 13:10:00+00:00,chop_up_first,DOWN,150,0.5054911916307151,1.0,settlement,972.3172908324099,1
2026-04-14 13:20:00+00:00,chop_down_first,UP,150,0.5056572937955264,1.0,settlement,971.6687520294391,1
2026-04-14 13:25:00+00:00,chop_up_first,DOWN,150,0.5052380262227797,1.0,settlement,973.3065846234261,1
2026-04-14 13:30:00+00:00,chop_down_first,UP,150,0.5075254702859094,1.0,settlement,964.4037736624066,1
2026-04-14 13:35:00+00:00,chop_down_first,UP,150,0.5072261295243113,1.0,settlement,965.5642517390577,1
2026-04-14 13:40:00+00:00,chop_down_first,UP,150,0.5092491749843348,1.0,settlement,957.7478975409238,1
2026-04-14 13:45:00+00:00,chop_down_first,UP,150,0.5068042696828933,0.0,settlement,-1002.0,0
2026-04-14 13:50:00+00:00,chop_down_first,UP,150,0.507462413684802,1.0,settlement,964.6481163664733,1
2026-04-14 13:55:00+00:00,chop_down_first,UP,150,0.5062364814627962,1.0,settlement,969.4106678290509,1
2026-04-14 14:00:00+00:00,chop_up_first,DOWN,150,0.5062930967100366,1.0,settlement,969.1902186404349,1
2026-04-14 14:05:00+00:00,chop_down_first,UP,150,0.5070240989654011,1.0,settlement,966.3482541292434,1
2026-04-14 14:10:00+00:00,chop_up_first,DOWN,150,0.5058083711718885,0.0,settlement,-1002.0,0
2026-04-14 14:15:00+00:00,chop_down_first,UP,150,0.506143995940588,0.0,settlement,-1002.0,0
2026-04-14 14:25:00+00:00,chop_down_first,UP,150,0.5075413261794686,1.0,settlement,964.3423420364066,1
2026-04-14 14:30:00+00:00,chop_down_first,UP,150,0.5074069390184442,0.0,settlement,-1002.0,0
2026-04-14 14:35:00+00:00,chop_up_first,DOWN,150,0.5060392218738754,1.0,settlement,970.1791451349995,1
2026-04-14 14:40:00+00:00,chop_up_first,DOWN,150,0.5055027082310225,1.0,settlement,972.2723110078742,1
2026-04-14 14:45:00+00:00,chop_up_first,DOWN,150,0.5058654092279037,1.0,settlement,970.8567753293023,1
2026-04-14 14:50:00+00:00,chop_down_first,UP,150,0.5057297552314808,1.0,settlement,971.3859629105648,1
2026-04-14 14:55:00+00:00,chop_up_first,DOWN,150,0.5059152299090596,1.0,settlement,970.6624956109638,1
2026-04-14 15:00:00+00:00,chop_down_first,UP,150,0.5059946478004758,0.0,settlement,-1002.0000000000001,0
2026-04-14 15:05:00+00:00,chop_up_first,DOWN,150,0.5061129807195947,1.0,settlement,969.8917277739789,1
2026-04-14 15:10:00+00:00,chop_down_first,UP,150,0.5055460697613248,1.0,settlement,972.1029743761424,1
2026-04-14 15:15:00+00:00,chop_down_first,UP,150,0.505610231262971,1.0,settlement,971.8524624137483,1
2026-04-14 15:20:00+00:00,chop_down_first,UP,150,0.5056516968334529,1.0,settlement,971.6905981919654,1
2026-04-14 15:25:00+00:00,chop_down_first,UP,150,0.5052961988539572,0.0,settlement,-1002.0,0
2026-04-14 15:30:00+00:00,chop_down_first,UP,150,0.5074871284940748,1.0,settlement,964.5523398819605,1
2026-04-14 15:35:00+00:00,chop_down_first,UP,150,0.5068796091860028,1.0,settlement,966.9093463489025,1
2026-04-14 15:40:00+00:00,chop_down_first,UP,150,0.5061646344093776,1.0,settlement,969.6904978249311,1
2026-04-14 15:45:00+00:00,chop_down_first,UP,150,0.5038125536614857,0.0,settlement,-1002.0,0
2026-04-14 15:50:00+00:00,chop_down_first,UP,150,0.506150227572332,1.0,settlement,969.746619154448,1
2026-04-14 15:55:00+00:00,chop_up_first,DOWN,150,0.5054020997293157,1.0,settlement,972.6653219971007,1
2026-04-14 16:00:00+00:00,chop_down_first,UP,150,0.5066117700493927,1.0,settlement,967.9502834343916,1
2026-04-14 16:05:00+00:00,chop_down_first,UP,150,0.5055352376561619,1.0,settlement,972.1452734869223,1
2026-04-14 16:10:00+00:00,chop_up_first,DOWN,150,0.5060915513534324,1.0,settlement,969.975223318913,1
2026-04-14 16:15:00+00:00,chop_up_first,DOWN,150,0.5055853727146031,1.0,settlement,971.949512505693,1
2026-04-14 16:20:00+00:00,chop_up_first,DOWN,150,0.5064984109399083,1.0,settlement,968.3911768410348,1
2026-04-14 16:25:00+00:00,chop_down_first,UP,150,0.5068664197301321,1.0,settlement,966.960580445158,1
2026-04-14 16:30:00+00:00,chop_up_first,DOWN,150,0.5053039361673085,1.0,settlement,973.0489330634414,1
2026-04-14 16:35:00+00:00,chop_down_first,UP,150,0.5055207102102461,1.0,settlement,972.2020056605231,1
2026-04-14 16:45:00+00:00,chop_up_first,DOWN,150,0.505562168172052,1.0,settlement,972.0401138171446,1
2026-04-14 16:50:00+00:00,chop_up_first,DOWN,150,0.507183966329955,1.0,settlement,965.727819200693,1
2026-04-14 16:55:00+00:00,chop_up_first,DOWN,150,0.5056646372696599,1.0,settlement,971.6400895833029,1
2026-04-14 17:00:00+00:00,chop_down_first,UP,150,0.5056018938853551,1.0,settlement,971.885011250167,1
2026-04-14 17:05:00+00:00,chop_down_first,UP,150,0.5060542463303761,1.0,settlement,970.1205922822322,1
2026-04-14 17:10:00+00:00,chop_down_first,UP,150,0.504717761776369,1.0,settlement,975.3427360422382,1
2026-04-14 17:15:00+00:00,chop_down_first,UP,150,0.505306206573286,1.0,settlement,973.0400589137772,1
2026-04-14 17:20:00+00:00,chop_down_first,UP,150,0.5055897563579825,0.0,settlement,-1002.0,0
2026-04-14 17:25:00+00:00,chop_up_first,DOWN,150,0.5057072926366046,1.0,settlement,971.4736171130344,1
2026-04-14 17:30:00+00:00,chop_down_first,UP,150,0.5051104896167062,0.0,settlement,-1002.0,0
2026-04-14 17:35:00+00:00,chop_up_first,DOWN,150,0.5044942830859891,0.0,settlement,-1002.0,0
2026-04-14 17:40:00+00:00,chop_down_first,UP,150,0.5063879216225071,1.0,settlement,968.8210985805678,1
2026-04-14 17:55:00+00:00,chop_down_first,UP,150,0.5058675734841735,1.0,settlement,970.8483348443428,1
2026-04-14 18:00:00+00:00,chop_down_first,UP,150,0.505012202193948,1.0,settlement,974.1898735601676,1
2026-04-14 18:05:00+00:00,chop_up_first,DOWN,150,0.5052285409891234,0.0,settlement,-1002.0,0
2026-04-14 18:10:00+00:00,chop_up_first,DOWN,150,0.5047496891967785,1.0,settlement,975.2176612691802,1
2026-04-14 18:15:00+00:00,trend_down,DOWN,150,0.5046978419374138,0.0,settlement,-1002.0,0
2026-04-14 18:20:00+00:00,chop_up_first,DOWN,150,0.5063904084440437,1.0,settlement,968.8114201185136,1
2026-04-14 18:25:00+00:00,chop_down_first,UP,150,0.5063882742431526,1.0,settlement,968.8197262103073,1
2026-04-14 18:30:00+00:00,chop_down_first,UP,150,0.5055804809366562,0.0,settlement,-1002.0,0
2026-04-14 18:40:00+00:00,chop_down_first,UP,150,0.5060169858743676,1.0,settlement,970.2658089738128,1
2026-04-14 18:45:00+00:00,chop_up_first,DOWN,150,0.5091128556511261,1.0,settlement,958.2726368471198,1
2026-04-14 18:50:00+00:00,chop_down_first,UP,150,0.5077257809504817,1.0,settlement,963.627977629394,1
2026-04-14 18:55:00+00:00,chop_up_first,DOWN,150,0.5050581279372978,0.0,settlement,-1002.0,0
2026-04-14 19:00:00+00:00,chop_down_first,UP,150,0.5064324795317073,1.0,settlement,968.6476980363499,1
2026-04-14 19:05:00+00:00,chop_down_first,UP,150,0.5063188129792894,1.0,settlement,969.0901005782348,1
2026-04-14 19:10:00+00:00,chop_down_first,UP,150,0.5054489370223283,0.0,settlement,-1002.0,0
2026-04-14 19:15:00+00:00,chop_down_first,UP,150,0.5060956392934384,1.0,settlement,969.9592948742076,1
2026-04-14 19:20:00+00:00,chop_down_first,UP,150,0.504237839193492,0.0,settlement,-1002.0,0
2026-04-14 19:25:00+00:00,chop_up_first,DOWN,150,0.5053149829422031,0.0,settlement,-1002.0,0
2026-04-14 19:30:00+00:00,chop_down_first,UP,150,0.5060426896884738,0.0,settlement,-1002.0,0
2026-04-14 19:35:00+00:00,chop_down_first,UP,150,0.5054618806058792,1.0,settlement,972.4317787203518,1
2026-04-14 19:40:00+00:00,chop_down_first,UP,150,0.5055874612673558,0.0,settlement,-1002.0,0
2026-04-14 19:45:00+00:00,chop_down_first,UP,150,0.505136243552297,1.0,settlement,973.704599974277,1
2026-04-14 19:50:00+00:00,chop_down_first,UP,150,0.5050461536944358,1.0,settlement,974.0570250849039,1
2026-04-14 19:55:00+00:00,chop_up_first,DOWN,150,0.5050217861770012,1.0,settlement,974.1523706825167,1
2026-04-14 20:00:00+00:00,chop_down_first,UP,150,0.5063135906572337,1.0,settlement,969.1104311944696,1
2026-04-14 20:05:00+00:00,chop_up_first,DOWN,150,0.5048439565152781,0.0,settlement,-1002.0,0
2026-04-14 20:10:00+00:00,trend_down,DOWN,150,0.5053119786602197,0.0,settlement,-1002.0,0
2026-04-14 20:15:00+00:00,chop_up_first,DOWN,150,0.5060685024314123,1.0,settlement,970.0650370554514,1
2026-04-14 20:20:00+00:00,chop_up_first,DOWN,150,0.5056357259261729,1.0,settlement,971.7529387820916,1
2026-04-14 20:25:00+00:00,trend_down,DOWN,150,0.5051897297810519,1.0,settlement,973.4954251198474,1
2026-04-14 20:30:00+00:00,chop_down_first,UP,150,0.5058112181209862,1.0,settlement,971.0681413263675,1
2026-04-14 20:35:00+00:00,chop_up_first,DOWN,150,0.5056504794555715,1.0,settlement,971.6953499471333,1
2026-04-14 20:40:00+00:00,chop_up_first,DOWN,150,0.5044950338096782,0.0,settlement,-1002.0,0
2026-04-14 20:45:00+00:00,chop_up_first,DOWN,150,0.5056188489411704,1.0,settlement,971.8188204216236,1
2026-04-14 20:50:00+00:00,chop_down_first,UP,150,0.5047626945066978,0.0,settlement,-1002.0,0
2026-04-14 20:55:00+00:00,chop_up_first,DOWN,150,0.5062053428987331,1.0,settlement,969.5319365952463,1
2026-04-14 21:00:00+00:00,chop_down_first,UP,150,0.505166089991261,1.0,settlement,973.587870550188,1
2026-04-14 21:05:00+00:00,chop_up_first,DOWN,150,0.506275033130451,1.0,settlement,969.2605494864431,1
2026-04-14 21:15:00+00:00,chop_up_first,DOWN,150,0.5057929398388964,1.0,settlement,971.1394438164358,1
2026-04-14 21:20:00+00:00,chop_up_first,DOWN,150,0.5063855467625825,1.0,settlement,968.8303413879022,1
2026-04-14 21:25:00+00:00,chop_down_first,UP,150,0.5056727283472069,1.0,settlement,971.6085101167439,1
2026-04-14 21:30:00+00:00,chop_up_first,DOWN,150,0.5055009518862376,1.0,settlement,972.2791705456548,1
2026-04-14 21:35:00+00:00,chop_up_first,DOWN,150,0.504581432955982,1.0,settlement,975.8769784560468,1
2026-04-14 21:40:00+00:00,chop_up_first,DOWN,150,0.5060986698664479,1.0,settlement,969.9474865708651,1
2026-04-14 21:50:00+00:00,chop_down_first,UP,150,0.5056905565376693,1.0,settlement,971.538930275947,1
2026-04-14 21:55:00+00:00,chop_down_first,UP,150,0.5055959534318549,1.0,settlement,971.9082032319155,1
2026-04-14 22:00:00+00:00,chop_up_first,DOWN,150,0.5053321188428315,1.0,settlement,972.9387833991971,1
2026-04-14 22:05:00+00:00,chop_down_first,UP,150,0.5059295598674713,1.0,settlement,970.6066218811704,1
2026-04-14 22:10:00+00:00,chop_down_first,UP,150,0.5055201668054706,1.0,settlement,972.2041278128488,1
2026-04-14 22:15:00+00:00,chop_up_first,DOWN,150,0.5061857517896572,1.0,settlement,969.6082415822594,1
2026-04-14 22:20:00+00:00,chop_up_first,DOWN,150,0.5059425129135829,1.0,settlement,970.5561195733369,1
2026-04-14 22:25:00+00:00,trend_down,DOWN,150,0.5054187675829086,1.0,settlement,972.6002008844847,1
2026-04-14 22:30:00+00:00,chop_down_first,UP,150,0.5071119079234006,1.0,settlement,966.0074248044443,1
2026-04-14 22:35:00+00:00,chop_down_first,UP,150,0.5048560241566719,0.0,settlement,-1002.0,0
2026-04-14 22:40:00+00:00,chop_down_first,UP,150,0.5056482860916639,0.0,settlement,-1002.0,0
2026-04-14 22:45:00+00:00,chop_down_first,UP,150,0.5055716174611365,1.0,settlement,972.0032184000451,1
2026-04-14 22:50:00+00:00,chop_down_first,UP,150,0.5057166261226098,1.0,settlement,971.4371947621853,1
2026-04-14 22:55:00+00:00,chop_up_first,DOWN,150,0.5044629080773967,1.0,settlement,976.3416858209978,1
2026-04-14 23:00:00+00:00,chop_down_first,UP,150,0.5052692649938894,1.0,settlement,973.1844593438108,1
2026-04-14 23:05:00+00:00,chop_down_first,UP,150,0.5052773286885556,0.0,settlement,-1002.0,0
2026-04-14 23:10:00+00:00,chop_down_first,UP,150,0.5050104120913795,1.0,settlement,974.1968785297362,1
2026-04-14 23:15:00+00:00,chop_down_first,UP,150,0.505559620685092,1.0,settlement,972.0500608960704,1
2026-04-14 23:20:00+00:00,chop_down_first,UP,150,0.5049922640476948,0.0,settlement,-1002.0,0
2026-04-14 23:25:00+00:00,chop_up_first,DOWN,150,0.505499029295852,1.0,settlement,972.2866794228864,1
2026-04-14 23:30:00+00:00,chop_down_first,UP,150,0.50590666715517,1.0,settlement,970.69588402933,1
2026-04-14 23:35:00+00:00,chop_up_first,DOWN,150,0.5057340248274949,0.0,settlement,-1002.0,0
2026-04-14 23:40:00+00:00,chop_up_first,DOWN,150,0.5052332219716192,1.0,settlement,973.3253677685931,1
2026-04-14 23:45:00+00:00,chop_down_first,UP,150,0.505840295231709,1.0,settlement,970.9547238676361,1
2026-04-14 23:50:00+00:00,chop_up_first,DOWN,150,0.506802491642233,1.0,settlement,967.2089452167057,1
2026-04-14 23:55:00+00:00,chop_down_first,UP,150,0.5060593459624602,1.0,settlement,970.1007189422253,1
2026-04-15 00:00:00+00:00,chop_down_first,UP,150,0.5072807959566192,1.0,settlement,965.3522198253002,1
2026-04-15 00:05:00+00:00,chop_down_first,UP,150,0.5061167973971097,1.0,settlement,969.8768575407478,1
2026-04-15 00:10:00+00:00,chop_up_first,DOWN,150,0.505337802774607,1.0,settlement,972.9165697091779,1
2026-04-15 00:15:00+00:00,chop_up_first,DOWN,150,0.5056270245089717,1.0,settlement,971.7869054154794,1
2026-04-15 00:20:00+00:00,chop_down_first,UP,150,0.5073161914094372,1.0,settlement,965.2149576526114,1
2026-04-15 00:25:00+00:00,chop_up_first,DOWN,150,0.5047823968161487,0.0,settlement,-1002.0,0
2026-04-15 00:30:00+00:00,chop_up_first,DOWN,150,0.5058821685847527,1.0,settlement,970.791416609895,1
2026-04-15 00:35:00+00:00,chop_down_first,UP,150,0.5054867533560479,1.0,settlement,972.3346257326002,1
2026-04-15 00:45:00+00:00,chop_up_first,DOWN,150,0.5058693953477059,1.0,settlement,970.8412297289331,1
2026-04-15 00:50:00+00:00,chop_down_first,UP,150,0.50581416308702,0.0,settlement,-1002.0,0
2026-04-15 00:55:00+00:00,chop_down_first,UP,150,0.5060165669071198,1.0,settlement,970.2674419535053,1
2026-04-15 01:00:00+00:00,chop_down_first,UP,150,0.504991425079259,1.0,settlement,974.2711809281965,1
2026-04-15 01:05:00+00:00,chop_down_first,UP,150,0.5060603070040152,1.0,settlement,970.0969737942354,1
2026-04-15 01:10:00+00:00,chop_up_first,DOWN,150,0.5051528023695325,0.0,settlement,-1002.0,0
2026-04-15 01:15:00+00:00,chop_down_first,UP,150,0.5045680049236508,0.0,settlement,-1002.0,0
2026-04-15 01:20:00+00:00,chop_up_first,DOWN,150,0.5061614908611932,1.0,settlement,969.702743134376,1
2026-04-15 01:25:00+00:00,trend_up,UP,150,0.5054165239584448,1.0,settlement,972.6089664493343,1
2026-04-15 01:30:00+00:00,chop_up_first,DOWN,150,0.5051066582950546,1.0,settlement,973.8203215310322,1
2026-04-15 01:35:00+00:00,chop_up_first,DOWN,150,0.5061304176883005,1.0,settlement,969.8237930813644,1
2026-04-15 01:40:00+00:00,chop_down_first,UP,150,0.5053047455639915,1.0,settlement,973.0457694318524,1
2026-04-15 01:45:00+00:00,chop_up_first,DOWN,150,0.505700001417165,0.0,settlement,-1002.0,0
2026-04-15 01:50:00+00:00,chop_down_first,UP,150,0.5058872961432862,0.0,settlement,-1002.0,0
2026-04-15 02:00:00+00:00,chop_down_first,UP,150,0.5059662423881434,1.0,settlement,970.4636080254567,1
2026-04-15 02:05:00+00:00,chop_up_first,DOWN,150,0.5054834932283717,1.0,settlement,972.3473592501961,1
2026-04-15 02:20:00+00:00,chop_up_first,DOWN,150,0.5052970476734675,1.0,settlement,973.0758580424687,1
2026-04-15 02:25:00+00:00,chop_up_first,DOWN,150,0.506001095925674,1.0,settlement,970.3277440225055,1
2026-04-15 02:30:00+00:00,chop_up_first,DOWN,150,0.5067034973278107,1.0,settlement,967.5936682164759,1
2026-04-15 02:35:00+00:00,chop_down_first,UP,150,0.5049463972648756,0.0,settlement,-1002.0,0
2026-04-15 02:40:00+00:00,chop_down_first,UP,150,0.5057745115620461,1.0,settlement,971.2113366443732,1
2026-04-15 02:50:00+00:00,chop_down_first,UP,150,0.505464762233064,1.0,settlement,972.4205225919064,1
2026-04-15 02:55:00+00:00,chop_down_first,UP,150,0.5053014449110246,1.0,settlement,973.0586705243475,1
2026-04-15 03:00:00+00:00,chop_up_first,DOWN,150,0.5057172573871759,1.0,settlement,971.4347314075021,1
2026-04-15 03:05:00+00:00,chop_down_first,UP,150,0.5050823091746491,0.0,settlement,-1002.0,0
2026-04-15 03:25:00+00:00,chop_down_first,UP,150,0.505709911245635,0.0,settlement,-1002.0,0
2026-04-15 03:30:00+00:00,chop_up_first,DOWN,150,0.5049360907585404,0.0,settlement,-1002.0,0
2026-04-15 03:35:00+00:00,chop_up_first,DOWN,150,0.5059891791797427,1.0,settlement,970.3741950724209,1
2026-04-15 03:50:00+00:00,trend_up,UP,150,0.5053029167764373,1.0,settlement,973.0529174988872,1
2026-04-15 03:55:00+00:00,chop_down_first,UP,150,0.5058243399669684,1.0,settlement,971.0169569640951,1
2026-04-15 04:00:00+00:00,chop_down_first,UP,150,0.505875707314031,1.0,settlement,970.8166139839453,1
2026-04-15 04:05:00+00:00,chop_up_first,DOWN,150,0.5054115024453806,1.0,settlement,972.6285851653189,1
2026-04-15 05:20:00+00:00,chop_up_first,DOWN,150,0.5065739178809362,1.0,settlement,968.0974818734495,1
2026-04-15 05:25:00+00:00,chop_up_first,DOWN,150,0.5059242204307081,1.0,settlement,970.6274404304531,1
2026-04-15 06:20:00+00:00,chop_up_first,DOWN,150,0.5056905192291631,1.0,settlement,971.5390758784182,1
2026-04-15 06:25:00+00:00,chop_up_first,DOWN,150,0.5054739841920161,1.0,settlement,972.3845009061564,1
2026-04-15 06:30:00+00:00,trend_up,UP,150,0.5051388904888684,0.0,settlement,-1002.0,0
2026-04-15 06:50:00+00:00,chop_up_first,DOWN,150,0.5055075381991315,1.0,settlement,972.2534474468389,1
2026-04-15 06:55:00+00:00,chop_up_first,DOWN,150,0.5054651831343522,1.0,settlement,972.418878490257,1
2026-04-15 07:00:00+00:00,chop_up_first,DOWN,150,0.5048217311028874,0.0,settlement,-1002.0,0
2026-04-15 07:05:00+00:00,chop_up_first,DOWN,150,0.5059597935843733,1.0,settlement,970.4887484237909,1
2026-04-15 07:10:00+00:00,chop_down_first,UP,150,0.5068535329124727,1.0,settlement,967.0106415265773,1
2026-04-15 07:15:00+00:00,chop_up_first,DOWN,150,0.5079080922674569,1.0,settlement,962.9224243398506,1
2026-04-15 07:20:00+00:00,chop_down_first,UP,150,0.5048797062637497,1.0,settlement,974.7084864342789,1
2026-04-15 07:25:00+00:00,chop_down_first,UP,150,0.5053568921167717,1.0,settlement,972.8419692461507,1
2026-04-15 07:35:00+00:00,chop_up_first,DOWN,150,0.5049469944497922,0.0,settlement,-1002.0,0
2026-04-15 07:40:00+00:00,chop_up_first,DOWN,150,0.5056121871124022,1.0,settlement,971.8448270000572,1
2026-04-15 07:45:00+00:00,chop_down_first,UP,150,0.5054697009924146,1.0,settlement,972.4012312519926,1
2026-04-15 07:50:00+00:00,chop_down_first,UP,150,0.5061558204509303,1.0,settlement,969.7248319122153,1
2026-04-15 07:55:00+00:00,chop_up_first,DOWN,150,0.5048983917492326,1.0,settlement,974.6353316008892,1
2026-04-15 08:00:00+00:00,chop_up_first,DOWN,150,0.5051008850520923,0.0,settlement,-1002.0,0
2026-04-15 08:05:00+00:00,chop_down_first,UP,150,0.5057240966009221,0.0,settlement,-1002.0,0
2026-04-15 08:10:00+00:00,chop_down_first,UP,150,0.5051913561325019,1.0,settlement,973.4890654507636,1
2026-04-15 08:15:00+00:00,trend_up,UP,150,0.5051189221560408,1.0,settlement,973.7723502817004,1
2026-04-15 08:20:00+00:00,chop_down_first,UP,150,0.5056443113979293,1.0,settlement,971.7194258961993,1
2026-04-15 08:25:00+00:00,chop_down_first,UP,150,0.5052349773225672,1.0,settlement,973.3185048445827,1
2026-04-15 08:35:00+00:00,chop_up_first,DOWN,150,0.5052735084705204,1.0,settlement,973.1678710031305,1
2026-04-15 08:45:00+00:00,chop_up_first,DOWN,150,0.5057829599596698,1.0,settlement,971.1783769061311,1
2026-04-15 09:00:00+00:00,chop_down_first,UP,150,0.5049068652882557,0.0,settlement,-1002.0,0
2026-04-15 09:05:00+00:00,chop_down_first,UP,150,0.5050551113661097,0.0,settlement,-1002.0,0
2026-04-15 09:10:00+00:00,chop_up_first,DOWN,150,0.5054820069876675,0.0,settlement,-1002.0,0
2026-04-15 09:25:00+00:00,chop_up_first,DOWN,150,0.506306651717258,1.0,settlement,969.1374452914031,1
2026-04-15 09:40:00+00:00,chop_down_first,UP,150,0.5054521729569221,1.0,settlement,972.4696994013239,1
2026-04-15 10:00:00+00:00,chop_down_first,UP,150,0.5053352242405915,0.0,settlement,-1002.0,0
2026-04-15 10:05:00+00:00,chop_down_first,UP,150,0.5067599765428916,1.0,settlement,967.3741538318394,1
2026-04-15 10:15:00+00:00,chop_up_first,DOWN,150,0.5056953162133108,1.0,settlement,971.5203550491792,1
2026-04-15 10:25:00+00:00,chop_up_first,DOWN,150,0.5058123010360605,1.0,settlement,971.0639171008426,1
2026-04-15 10:30:00+00:00,chop_up_first,DOWN,150,0.5055034723150938,1.0,settlement,972.2693268344553,1
2026-04-15 10:35:00+00:00,chop_up_first,DOWN,150,0.5051756319256305,0.0,settlement,-1002.0,0
2026-04-15 10:40:00+00:00,trend_up,UP,150,0.5053355918444475,1.0,settlement,972.9252103089632,1
2026-04-15 10:45:00+00:00,chop_down_first,UP,150,0.5070903137901384,1.0,settlement,966.0912312062559,1
2026-04-15 10:50:00+00:00,chop_up_first,DOWN,150,0.505760787196927,1.0,settlement,971.2648818648152,1
2026-04-15 10:55:00+00:00,chop_up_first,DOWN,150,0.5054458608934014,1.0,settlement,972.4943567961642,1
2026-04-15 11:00:00+00:00,chop_down_first,UP,150,0.5059353337190846,1.0,settlement,970.5841100359463,1
2026-04-15 11:05:00+00:00,chop_up_first,DOWN,150,0.5050001272357084,0.0,settlement,-1002.0,0
2026-04-15 11:10:00+00:00,chop_down_first,UP,150,0.5055740401022507,1.0,settlement,971.9937592487103,1
2026-04-15 11:15:00+00:00,chop_up_first,DOWN,150,0.505864831874082,1.0,settlement,970.8590269908669,1
2026-04-15 11:20:00+00:00,chop_down_first,UP,150,0.5051727917196636,1.0,settlement,973.561661986384,1
2026-04-15 11:30:00+00:00,chop_down_first,UP,150,0.5057522675727939,1.0,settlement,971.298122398148,1
2026-04-15 11:35:00+00:00,chop_down_first,UP,150,0.5060108526113283,1.0,settlement,970.289714439333,1
2026-04-15 11:45:00+00:00,chop_down_first,UP,150,0.504957458968719,1.0,settlement,974.4041153847453,1
2026-04-15 11:50:00+00:00,chop_down_first,UP,150,0.5060321594527468,1.0,settlement,970.2066697881343,1
2026-04-15 11:55:00+00:00,chop_up_first,DOWN,150,0.5056375850626181,1.0,settlement,971.7456816553852,1
2026-04-15 12:00:00+00:00,chop_up_first,DOWN,150,0.5058482933729541,1.0,settlement,970.9235288023203,1
2026-04-15 12:05:00+00:00,chop_up_first,DOWN,150,0.5051598077362845,1.0,settlement,973.6124393035631,1
2026-04-15 12:10:00+00:00,chop_down_first,UP,150,0.505499235084758,1.0,settlement,972.2858756901253,1
2026-04-15 12:15:00+00:00,chop_up_first,DOWN,150,0.5046600604287993,0.0,settlement,-1002.0,0
2026-04-15 12:20:00+00:00,trend_up,UP,150,0.5054810211764453,1.0,settlement,972.3570147842087,1
2026-04-15 12:25:00+00:00,chop_up_first,DOWN,150,0.5053963277458398,1.0,settlement,972.6878740715487,1
2026-04-15 12:35:00+00:00,chop_down_first,UP,150,0.5066196464710327,1.0,settlement,967.9196565940188,1
2026-04-15 12:40:00+00:00,chop_up_first,DOWN,150,0.5066589797802111,1.0,settlement,967.7667263944139,1
2026-04-15 12:50:00+00:00,chop_up_first,DOWN,150,0.5055678142360848,1.0,settlement,972.0180681952281,1
2026-04-15 13:00:00+00:00,chop_up_first,DOWN,150,0.5058270698634866,1.0,settlement,971.0063087951022,1
2026-04-15 13:05:00+00:00,chop_down_first,UP,150,0.5055425037131603,1.0,settlement,972.1168995085228,1
2026-04-15 13:10:00+00:00,chop_up_first,DOWN,150,0.505506605982888,1.0,settlement,972.2570882125792,1
2026-04-15 13:20:00+00:00,chop_down_first,UP,150,0.5050103804527691,0.0,settlement,-1002.0,0
2026-04-15 13:25:00+00:00,chop_down_first,UP,150,0.5062273552664559,1.0,settlement,969.4462081463307,1
2026-04-15 13:30:00+00:00,chop_up_first,DOWN,150,0.5079425034541679,1.0,settlement,962.7893082647895,1
2026-04-15 13:35:00+00:00,chop_down_first,UP,150,0.5044040567988537,0.0,settlement,-1002.0,0
2026-04-15 13:40:00+00:00,chop_up_first,DOWN,150,0.5069586656957789,1.0,settlement,966.6023092835156,1
2026-04-15 13:45:00+00:00,chop_down_first,UP,150,0.5062694975608567,1.0,settlement,969.282103322913,1
2026-04-15 13:50:00+00:00,chop_up_first,DOWN,150,0.5058868565501152,1.0,settlement,970.773135095543,1
2026-04-15 13:55:00+00:00,chop_down_first,UP,150,0.5066176025385708,1.0,settlement,967.9276041716657,1
2026-04-15 14:00:00+00:00,chop_up_first,DOWN,150,0.5055335103742647,1.0,settlement,972.1520186488616,1
2026-04-15 14:05:00+00:00,chop_up_first,DOWN,150,0.5060252851041407,0.0,settlement,-1002.0,0
2026-04-15 14:10:00+00:00,chop_down_first,UP,150,0.5062325448428886,1.0,settlement,969.4259981245052,1
2026-04-15 14:15:00+00:00,chop_down_first,UP,150,0.5077610304359842,1.0,settlement,963.4915209681939,1
2026-04-15 14:20:00+00:00,chop_down_first,UP,150,0.5071515053688863,1.0,settlement,965.8537664481263,1
2026-04-15 14:25:00+00:00,chop_down_first,UP,150,0.5057877902351651,1.0,settlement,971.1595330444449,1
2026-04-15 14:35:00+00:00,chop_up_first,DOWN,150,0.5051966718723307,1.0,settlement,973.4682791184471,1
2026-04-15 14:40:00+00:00,chop_down_first,UP,150,0.5051506994987801,0.0,settlement,-1002.0,0
2026-04-15 14:45:00+00:00,chop_up_first,DOWN,150,0.5045437007663118,0.0,settlement,-1002.0,0
2026-04-15 14:50:00+00:00,chop_down_first,UP,150,0.5047715862584187,1.0,settlement,975.1318892919465,1
2026-04-15 14:55:00+00:00,chop_down_first,UP,150,0.5056827236448409,0.0,settlement,-1002.0,0
2026-04-15 15:00:00+00:00,chop_down_first,UP,150,0.5059052373541864,0.0,settlement,-1002.0,0
2026-04-15 15:05:00+00:00,chop_up_first,DOWN,150,0.5060980788148163,1.0,settlement,969.9497895291814,1
2026-04-15 15:10:00+00:00,chop_down_first,UP,150,0.505207918824887,1.0,settlement,973.424301189393,1
2026-04-15 15:15:00+00:00,chop_up_first,DOWN,150,0.5065836904885612,1.0,settlement,968.0594763276042,1
2026-04-15 15:20:00+00:00,chop_down_first,UP,150,0.505124657587318,0.0,settlement,-1002.0,0
2026-04-15 15:25:00+00:00,chop_up_first,DOWN,150,0.5047204010120874,1.0,settlement,975.3323963104461,1
2026-04-15 15:30:00+00:00,chop_up_first,DOWN,150,0.5089805110981916,1.0,settlement,958.7823447830747,1
2026-04-15 15:35:00+00:00,chop_down_first,UP,150,0.5057846975446891,1.0,settlement,971.1715982012695,1
2026-04-15 15:40:00+00:00,chop_down_first,UP,150,0.5060935938481606,1.0,settlement,969.9672648127264,1
2026-04-15 15:45:00+00:00,chop_down_first,UP,150,0.5055347274734586,1.0,settlement,972.1472657828369,1
2026-04-15 15:50:00+00:00,chop_down_first,UP,150,0.5057624865689435,0.0,settlement,-1002.0,0
2026-04-15 15:55:00+00:00,chop_up_first,DOWN,150,0.5051695129342993,0.0,settlement,-1002.0,0
2026-04-15 16:00:00+00:00,chop_down_first,UP,150,0.5062383086589357,1.0,settlement,969.4035522988747,1
2026-04-15 16:05:00+00:00,chop_down_first,UP,150,0.5048128202442597,1.0,settlement,974.9703937334751,1
2026-04-15 16:10:00+00:00,chop_down_first,UP,150,0.5048639790571473,1.0,settlement,974.7700636195178,1
2026-04-15 16:15:00+00:00,chop_up_first,DOWN,150,0.505050313920472,0.0,settlement,-1002.0,0
2026-04-15 16:20:00+00:00,chop_down_first,UP,150,0.5057402725343659,1.0,settlement,971.3449246563297,1
2026-04-15 16:25:00+00:00,chop_up_first,DOWN,150,0.5047640416940602,1.0,settlement,975.1614409191461,1
2026-04-15 16:30:00+00:00,chop_up_first,DOWN,150,0.505831097062063,1.0,settlement,970.9906006106035,1
2026-04-15 16:35:00+00:00,chop_down_first,UP,150,0.5059140468826989,1.0,settlement,970.6671084730644,1
2026-04-15 16:40:00+00:00,chop_up_first,DOWN,150,0.505951271946297,1.0,settlement,970.5219706650533,1
2026-04-15 16:45:00+00:00,chop_down_first,UP,150,0.5046529440623392,1.0,settlement,975.5967062954818,1
2026-04-15 16:50:00+00:00,chop_up_first,DOWN,150,0.5062751172162768,1.0,settlement,969.2602220852622,1
2026-04-15 16:55:00+00:00,chop_down_first,UP,150,0.5058249298720792,1.0,settlement,971.0146559846104,1
2026-04-15 17:00:00+00:00,chop_down_first,UP,150,0.5056662666152032,1.0,settlement,971.6337301682178,1
2026-04-15 17:05:00+00:00,chop_up_first,DOWN,150,0.5049441465252403,1.0,settlement,974.4562216785963,1
2026-04-15 17:10:00+00:00,chop_up_first,DOWN,150,0.5053645160849703,1.0,settlement,972.8121766273742,1
2026-04-15 17:20:00+00:00,chop_up_first,DOWN,150,0.5053774669491214,1.0,settlement,972.7615698514571,1
2026-04-15 17:25:00+00:00,chop_down_first,UP,150,0.5068055778012381,1.0,settlement,967.1969538492358,1
2026-04-15 17:30:00+00:00,chop_down_first,UP,150,0.5056321095670728,1.0,settlement,971.7670553685712,1
2026-04-15 17:35:00+00:00,chop_down_first,UP,150,0.5051421587774305,0.0,settlement,-1002.0,0
2026-04-15 17:40:00+00:00,chop_up_first,DOWN,150,0.5060685343029551,1.0,settlement,970.0649128573423,1
2026-04-15 17:45:00+00:00,chop_down_first,UP,150,0.505442472189994,1.0,settlement,972.5075946543236,1
2026-04-15 17:50:00+00:00,chop_down_first,UP,150,0.50600801970848,1.0,settlement,970.3007563693657,1
2026-04-15 17:55:00+00:00,chop_down_first,UP,150,0.505081575670514,1.0,settlement,973.9184418380713,1
2026-04-15 18:00:00+00:00,chop_down_first,UP,150,0.5059614499282652,1.0,settlement,970.4822911735581,1
2026-04-15 18:05:00+00:00,chop_down_first,UP,150,0.5050691508723303,0.0,settlement,-1002.0,0
2026-04-15 18:10:00+00:00,chop_down_first,UP,150,0.5053675814772368,1.0,settlement,972.8001980711791,1
2026-04-15 18:15:00+00:00,chop_down_first,UP,150,0.5057834827289083,1.0,settlement,971.1763374623916,1
2026-04-15 18:20:00+00:00,chop_up_first,DOWN,150,0.5048954853151112,1.0,settlement,974.646710114939,1
2026-04-15 18:25:00+00:00,chop_up_first,DOWN,150,0.5052856508186473,1.0,settlement,973.1204064138236,1
2026-04-15 18:30:00+00:00,chop_down_first,UP,150,0.5053937701236565,1.0,settlement,972.6978672804294,1
2026-04-15 18:35:00+00:00,chop_down_first,UP,150,0.5043807685407052,0.0,settlement,-1002.0,0
2026-04-15 18:45:00+00:00,chop_up_first,DOWN,150,0.5047287443580137,0.0,settlement,-1002.0,0
2026-04-15 18:50:00+00:00,chop_down_first,UP,150,0.5053242397903741,1.0,settlement,972.9695767889638,1
2026-04-15 19:05:00+00:00,chop_down_first,UP,150,0.5062185970974431,1.0,settlement,969.4803164528798,1
2026-04-15 19:30:00+00:00,chop_down_first,UP,150,0.5068409429463004,1.0,settlement,967.0595518952337,1
2026-04-15 19:35:00+00:00,chop_down_first,UP,150,0.5086408859408973,1.0,settlement,960.0915808879056,1
2026-04-15 19:40:00+00:00,chop_up_first,DOWN,150,0.5059338458143233,1.0,settlement,970.5899112238163,1
2026-04-15 19:45:00+00:00,chop_up_first,DOWN,150,0.5064432411510398,1.0,settlement,968.6058229383302,1
2026-04-15 19:50:00+00:00,chop_down_first,UP,150,0.5060204897380244,1.0,settlement,970.2521523124132,1
2026-04-15 19:55:00+00:00,chop_up_first,DOWN,150,0.5050206704136794,1.0,settlement,974.1567366787278,1
2026-04-15 20:00:00+00:00,chop_up_first,DOWN,150,0.5068147354958062,1.0,settlement,967.161372199799,1
2026-04-15 20:05:00+00:00,chop_down_first,UP,150,0.5046983420889655,0.0,settlement,-1002.0,0
2026-04-15 20:10:00+00:00,chop_up_first,DOWN,150,0.5060611398898304,1.0,settlement,970.093728076542,1
2026-04-15 20:15:00+00:00,chop_up_first,DOWN,150,0.506383495986945,1.0,settlement,968.8383229490745,1
2026-04-15 20:20:00+00:00,chop_down_first,UP,150,0.5053847289148394,1.0,settlement,972.7331941408332,1
2026-04-15 20:25:00+00:00,chop_up_first,DOWN,150,0.5055710237088379,0.0,settlement,-1002.0,0
2026-04-15 20:30:00+00:00,chop_down_first,UP,150,0.5064641749497538,0.0,settlement,-1002.0,0
2026-04-15 20:35:00+00:00,chop_down_first,UP,150,0.5048247842276279,0.0,settlement,-1002.0,0
2026-04-15 20:40:00+00:00,chop_down_first,UP,150,0.5056140762396185,1.0,settlement,971.8374521183861,1
2026-04-15 20:45:00+00:00,chop_down_first,UP,150,0.505571271973109,1.0,settlement,972.0045673581764,1
2026-04-15 20:50:00+00:00,chop_down_first,UP,150,0.5054826497281424,1.0,settlement,972.3506538488359,1
2026-04-15 20:55:00+00:00,chop_up_first,DOWN,150,0.5049144460749944,1.0,settlement,974.5724822453747,1
2026-04-15 21:00:00+00:00,chop_up_first,DOWN,150,0.5058445582753931,1.0,settlement,970.9380966408785,1
2026-04-15 21:05:00+00:00,chop_up_first,DOWN,150,0.5047115077740719,1.0,settlement,975.3672377740648,1
2026-04-15 21:15:00+00:00,chop_up_first,DOWN,150,0.5056843035656314,1.0,settlement,971.5633338092573,1
2026-04-15 21:20:00+00:00,chop_down_first,UP,150,0.505245623173078,1.0,settlement,973.2768836121576,1
2026-04-15 21:25:00+00:00,chop_up_first,DOWN,150,0.5056349641655775,1.0,settlement,971.7559123249047,1
2026-04-15 21:35:00+00:00,chop_down_first,UP,150,0.5052624305354471,1.0,settlement,973.2111767787267,1
2026-04-15 21:40:00+00:00,chop_down_first,UP,150,0.5052056261519942,1.0,settlement,973.4332658594457,1
2026-04-15 21:45:00+00:00,chop_up_first,DOWN,150,0.5050303251361866,0.0,settlement,-1002.0,0
2026-04-15 21:50:00+00:00,chop_down_first,UP,150,0.5057839865642155,1.0,settlement,971.1743718882874,1
2026-04-15 21:55:00+00:00,chop_up_first,DOWN,150,0.5059115797149198,1.0,settlement,970.6767285349962,1
2026-04-15 22:00:00+00:00,chop_down_first,UP,150,0.5062985548748947,1.0,settlement,969.1689681725512,1
2026-04-15 22:05:00+00:00,chop_up_first,DOWN,150,0.5060267678113209,0.0,settlement,-1002.0,0
2026-04-15 22:10:00+00:00,chop_down_first,UP,150,0.5039996784663173,0.0,settlement,-1002.0,0
2026-04-15 22:20:00+00:00,chop_down_first,UP,150,0.5066321726245088,1.0,settlement,967.870951601941,1
2026-04-15 22:25:00+00:00,chop_up_first,DOWN,150,0.5057569414155851,1.0,settlement,971.279886592667,1
2026-04-15 22:30:00+00:00,chop_down_first,UP,150,0.5053836189918777,0.0,settlement,-1002.0,0
2026-04-15 22:35:00+00:00,chop_down_first,UP,150,0.5052922967725889,1.0,settlement,973.0944282634856,1
2026-04-15 22:40:00+00:00,chop_up_first,DOWN,150,0.5069368246442626,1.0,settlement,966.6871252652354,1
2026-04-15 22:45:00+00:00,chop_down_first,UP,150,0.5053966946033488,1.0,settlement,972.6864406845039,1
2026-04-15 22:50:00+00:00,chop_up_first,DOWN,150,0.5053056967325914,1.0,settlement,973.0420516793486,1
2026-04-15 22:55:00+00:00,chop_up_first,DOWN,150,0.50700528352223,1.0,settlement,966.4213013851997,1
2026-04-15 23:00:00+00:00,chop_up_first,DOWN,150,0.507139972279161,1.0,settlement,965.8985182628033,1
2026-04-15 23:05:00+00:00,chop_down_first,UP,150,0.5053505736240923,0.0,settlement,-1002.0,0
2026-04-15 23:10:00+00:00,chop_down_first,UP,150,0.50466483543905,0.0,settlement,-1002.0,0
2026-04-15 23:15:00+00:00,chop_up_first,DOWN,150,0.5057514311977994,1.0,settlement,971.3013856953023,1
2026-04-15 23:20:00+00:00,chop_down_first,UP,150,0.5049051144080527,0.0,settlement,-1002.0,0
2026-04-15 23:25:00+00:00,chop_down_first,UP,150,0.505243152309915,1.0,settlement,973.2865435924385,1
2026-04-15 23:35:00+00:00,chop_up_first,DOWN,150,0.5053410482791775,1.0,settlement,972.9038859963171,1
2026-04-15 23:40:00+00:00,chop_up_first,DOWN,150,0.5048065399571284,0.0,settlement,-1002.0,0
2026-04-15 23:45:00+00:00,chop_down_first,UP,150,0.5058409879852531,1.0,settlement,970.9520218893272,1
2026-04-15 23:50:00+00:00,chop_down_first,UP,150,0.5058902753385217,1.0,settlement,970.7598031651784,1
2026-04-16 00:05:00+00:00,chop_down_first,UP,150,0.5054065215479826,0.0,settlement,-1002.0,0
2026-04-16 00:10:00+00:00,chop_down_first,UP,150,0.5050682829064952,0.0,settlement,-1002.0,0
2026-04-16 00:15:00+00:00,chop_down_first,UP,150,0.5055482181795944,0.0,settlement,-1002.0,0
2026-04-16 00:20:00+00:00,chop_up_first,DOWN,150,0.5055463868580395,1.0,settlement,972.1017361483871,1
2026-04-16 00:25:00+00:00,chop_up_first,DOWN,150,0.5045782737900557,0.0,settlement,-1002.0,0
2026-04-16 00:30:00+00:00,chop_down_first,UP,150,0.5073956354396689,1.0,settlement,964.9069465589946,1
2026-04-16 00:35:00+00:00,chop_down_first,UP,150,0.505030275555279,0.0,settlement,-1002.0,0
2026-04-16 00:40:00+00:00,chop_down_first,UP,150,0.5053247658894223,0.0,settlement,-1002.0,0
2026-04-16 00:45:00+00:00,trend_down,DOWN,150,0.5056122770039735,1.0,settlement,971.8444760750083,1
2026-04-16 00:50:00+00:00,chop_down_first,UP,150,0.5066093643354957,1.0,settlement,967.9596380517888,1
2026-04-16 00:55:00+00:00,chop_down_first,UP,150,0.5053845869470178,1.0,settlement,972.7337488640619,1
2026-04-16 01:00:00+00:00,chop_up_first,DOWN,150,0.5071903424505252,1.0,settlement,965.7030819989474,1
2026-04-16 01:05:00+00:00,chop_up_first,DOWN,150,0.5068492887277373,1.0,settlement,967.0271293565783,1
2026-04-16 01:10:00+00:00,chop_up_first,DOWN,150,0.5051057656666641,1.0,settlement,973.8238132221461,1
2026-04-16 01:15:00+00:00,chop_up_first,DOWN,150,0.5050109708875802,0.0,settlement,-1002.0,0
2026-04-16 01:20:00+00:00,chop_down_first,UP,150,0.5054105158690154,0.0,settlement,-1002.0,0
2026-04-16 01:25:00+00:00,chop_down_first,UP,150,0.5048625979338873,1.0,settlement,974.7754713544654,1
2026-04-16 01:30:00+00:00,chop_down_first,UP,150,0.5051625494310786,1.0,settlement,973.6017169601389,1
2026-04-16 01:35:00+00:00,chop_up_first,DOWN,150,0.5058551111962554,1.0,settlement,970.8969380973763,1
2026-04-16 01:50:00+00:00,chop_up_first,DOWN,150,0.5053595935507383,1.0,settlement,972.8314125945259,1
2026-04-16 01:55:00+00:00,chop_up_first,DOWN,150,0.5052655717976045,0.0,settlement,-1002.0,0
2026-04-16 02:00:00+00:00,chop_down_first,UP,150,0.5057744012564669,1.0,settlement,971.2117669868716,1
2026-04-16 02:05:00+00:00,chop_down_first,UP,150,0.5056971611918343,0.0,settlement,-1002.0,0
2026-04-16 02:10:00+00:00,chop_down_first,UP,150,0.5062588543255604,1.0,settlement,969.3235461916784,1
2026-04-16 02:15:00+00:00,chop_down_first,UP,150,0.504528203609665,0.0,settlement,-1002.0,0
2026-04-16 02:20:00+00:00,chop_down_first,UP,150,0.5062874566689016,1.0,settlement,969.2121776950622,1
2026-04-16 02:25:00+00:00,chop_down_first,UP,150,0.5060374572206607,1.0,settlement,970.1860225157521,1
2026-04-16 02:30:00+00:00,chop_down_first,UP,150,0.5066298364599123,1.0,settlement,967.8800350440235,1
2026-04-16 02:35:00+00:00,chop_down_first,UP,150,0.5059801928366967,1.0,settlement,970.4092249636756,1
2026-04-16 02:40:00+00:00,chop_down_first,UP,150,0.5058919215643392,1.0,settlement,970.7533835961339,1
2026-04-16 02:45:00+00:00,chop_up_first,DOWN,150,0.5071653920653327,1.0,settlement,965.7998846408633,1
2026-04-16 02:50:00+00:00,chop_up_first,DOWN,150,0.5059161967365469,1.0,settlement,970.6587257685744,1
2026-04-16 02:55:00+00:00,chop_down_first,UP,150,0.5054666773891634,0.0,settlement,-1002.0,0
2026-04-16 03:00:00+00:00,chop_down_first,UP,150,0.5054327202852862,1.0,settlement,972.5456911390488,1
2026-04-16 03:05:00+00:00,chop_down_first,UP,150,0.5061042398642294,0.0,settlement,-1002.0,0
2026-04-16 03:10:00+00:00,chop_down_first,UP,150,0.5051499235941667,1.0,settlement,973.6510956176746,1
2026-04-16 03:15:00+00:00,chop_down_first,UP,150,0.5058075512104939,1.0,settlement,971.0824453126406,1
2026-04-16 03:20:00+00:00,chop_up_first,DOWN,150,0.505630149368705,1.0,settlement,971.7747071570675,1
2026-04-16 03:25:00+00:00,chop_down_first,UP,150,0.5049448816837495,0.0,settlement,-1002.0,0
2026-04-16 03:30:00+00:00,chop_down_first,UP,150,0.5049375924344184,0.0,settlement,-1002.0,0
2026-04-16 03:40:00+00:00,chop_down_first,UP,150,0.5051672761107376,0.0,settlement,-1002.0,0
2026-04-16 03:45:00+00:00,chop_down_first,UP,150,0.5048558665997904,0.0,settlement,-1002.0,0
2026-04-16 03:50:00+00:00,chop_up_first,DOWN,150,0.505424122054846,0.0,settlement,-1002.0,0
2026-04-16 03:55:00+00:00,trend_down,DOWN,150,0.5054170606542435,1.0,settlement,972.6068696377724,1
2026-04-16 04:05:00+00:00,chop_down_first,UP,150,0.5066094411715119,1.0,settlement,967.9593392736016,1
2026-04-16 04:10:00+00:00,chop_down_first,UP,150,0.5060592499186533,1.0,settlement,970.1010932226295,1
2026-04-16 04:15:00+00:00,chop_down_first,UP,150,0.5047564202142529,0.0,settlement,-1002.0,0
2026-04-16 04:25:00+00:00,chop_down_first,UP,150,0.5055120591246711,1.0,settlement,972.235791185883,1
2026-04-16 04:30:00+00:00,chop_up_first,DOWN,150,0.5053262466630147,0.0,settlement,-1002.0,0
2026-04-16 04:35:00+00:00,chop_down_first,UP,150,0.505707670931175,1.0,settlement,971.4721408563017,1
2026-04-16 04:40:00+00:00,chop_up_first,DOWN,150,0.5048726845149208,0.0,settlement,-1002.0,0
2026-04-16 04:45:00+00:00,chop_up_first,DOWN,150,0.5056351926880825,1.0,settlement,971.7550202832671,1
2026-04-16 04:50:00+00:00,chop_down_first,UP,150,0.505907756276223,1.0,settlement,970.6916371985751,1
2026-04-16 04:55:00+00:00,chop_down_first,UP,150,0.5045875193298152,0.0,settlement,-1002.0,0
2026-04-16 05:00:00+00:00,chop_down_first,UP,150,0.5055144070670563,1.0,settlement,972.2266215325009,1
2026-04-16 05:10:00+00:00,chop_down_first,UP,150,0.5052149786801339,0.0,settlement,-1002.0,0
2026-04-16 05:15:00+00:00,chop_down_first,UP,150,0.5056913582990891,1.0,settlement,971.5358012776975,1
2026-04-16 05:20:00+00:00,chop_down_first,UP,150,0.505433733675041,1.0,settlement,972.5417321940074,1
2026-04-16 05:25:00+00:00,trend_up,UP,150,0.5055833361670756,1.0,settlement,971.957463800191,1
2026-04-16 05:30:00+00:00,chop_up_first,DOWN,150,0.5051619727603788,0.0,settlement,-1002.0,0
2026-04-16 05:35:00+00:00,trend_down,DOWN,150,0.5050148995369145,0.0,settlement,-1002.0,0
2026-04-16 05:40:00+00:00,chop_up_first,DOWN,150,0.5056291642274674,1.0,settlement,971.7785527557696,1
2026-04-16 05:50:00+00:00,chop_down_first,UP,150,0.5052140013246104,1.0,settlement,973.4005181633208,1
2026-04-16 05:55:00+00:00,chop_down_first,UP,150,0.504814561542655,0.0,settlement,-1001.9999999999999,0
2026-04-16 06:00:00+00:00,chop_down_first,UP,150,0.5053948715048511,0.0,settlement,-1002.0,0
2026-04-16 06:05:00+00:00,chop_down_first,UP,150,0.5053651732977519,1.0,settlement,972.8096084412939,1
2026-04-16 06:10:00+00:00,trend_down,DOWN,150,0.5055151252857525,1.0,settlement,972.2238166184654,1
2026-04-16 06:15:00+00:00,chop_down_first,UP,150,0.5056512653643265,1.0,settlement,971.6922823300594,1
2026-04-16 06:20:00+00:00,chop_up_first,DOWN,150,0.5056865527497267,1.0,settlement,971.5545558276451,1
2026-04-16 06:25:00+00:00,chop_down_first,UP,150,0.5049837105812056,0.0,settlement,-1002.0,0
2026-04-16 06:40:00+00:00,chop_up_first,DOWN,150,0.5060684670193759,1.0,settlement,970.065175050295,1
2026-04-16 06:45:00+00:00,trend_down,DOWN,150,0.5053946994458579,0.0,settlement,-1002.0,0
2026-04-16 07:10:00+00:00,chop_up_first,DOWN,150,0.5061629759718512,1.0,settlement,969.6969580475615,1
2026-04-16 07:30:00+00:00,trend_down,DOWN,150,0.5055964935224151,1.0,settlement,971.9060946548174,1
2026-04-16 07:35:00+00:00,trend_down,DOWN,150,0.5051850962981467,1.0,settlement,973.5135440713937,1
2026-04-16 07:45:00+00:00,chop_up_first,DOWN,150,0.5064955698112481,1.0,settlement,968.4022295237787,1
2026-04-16 07:50:00+00:00,chop_up_first,DOWN,150,0.5050260359995746,1.0,settlement,974.1357412488742,1
2026-04-16 07:55:00+00:00,chop_down_first,UP,150,0.5052458534569766,1.0,settlement,973.2759833089517,1
2026-04-16 08:00:00+00:00,chop_down_first,UP,150,0.5048470589992835,0.0,settlement,-1002.0,0
2026-04-16 08:05:00+00:00,chop_up_first,DOWN,150,0.504810352454753,1.0,settlement,974.9800582476215,1
2026-04-16 08:10:00+00:00,chop_down_first,UP,150,0.5053869778086427,0.0,settlement,-1002.0,0
2026-04-16 08:15:00+00:00,chop_down_first,UP,150,0.5060502542017499,1.0,settlement,970.136149944748,1
2026-04-16 08:20:00+00:00,chop_down_first,UP,150,0.506130061135394,1.0,settlement,969.8251821699771,1
2026-04-16 08:25:00+00:00,chop_up_first,DOWN,150,0.5057153867279418,0.0,settlement,-1002.0,0
2026-04-16 08:30:00+00:00,chop_down_first,UP,150,0.5049235768763934,1.0,settlement,974.5367388346632,1
2026-04-16 08:35:00+00:00,chop_up_first,DOWN,150,0.5055208901685547,1.0,settlement,972.2013028724473,1
2026-04-16 08:40:00+00:00,chop_up_first,DOWN,150,0.5060773946946885,0.0,settlement,-1002.0,0
2026-04-16 08:45:00+00:00,chop_down_first,UP,150,0.5058135043067435,1.0,settlement,971.0592234144402,1
2026-04-16 08:50:00+00:00,chop_up_first,DOWN,150,0.505692897968108,1.0,settlement,971.529792508456,1
2026-04-16 09:00:00+00:00,chop_up_first,DOWN,150,0.5050118361986446,0.0,settlement,-1002.0,0
2026-04-16 09:05:00+00:00,chop_up_first,DOWN,150,0.5058378145937579,1.0,settlement,970.9643992739082,1
2026-04-16 09:10:00+00:00,trend_down,DOWN,150,0.504901725229976,0.0,settlement,-1002.0,0
2026-04-16 09:15:00+00:00,chop_down_first,UP,150,0.5057850368744562,1.0,settlement,971.1702744059614,1
2026-04-16 09:20:00+00:00,chop_down_first,UP,150,0.505181829697133,1.0,settlement,973.5263181146514,1
2026-04-16 09:35:00+00:00,chop_down_first,UP,150,0.5053352426858508,1.0,settlement,972.9265748726367,1
2026-04-16 09:40:00+00:00,chop_up_first,DOWN,150,0.5054602042298274,1.0,settlement,972.4383269908624,1
2026-04-16 09:50:00+00:00,chop_down_first,UP,150,0.5051645950817512,1.0,settlement,973.5937168132159,1
2026-04-16 10:00:00+00:00,chop_down_first,UP,150,0.5056087879875284,0.0,settlement,-1002.0,0
2026-04-16 10:05:00+00:00,chop_up_first,DOWN,150,0.5057461276986316,1.0,settlement,971.322078690629,1
2026-04-16 10:10:00+00:00,chop_up_first,DOWN,150,0.5062369469325202,1.0,settlement,969.4088551759346,1
2026-04-16 10:15:00+00:00,chop_down_first,UP,150,0.5049096588762825,0.0,settlement,-1002.0,0
2026-04-16 10:20:00+00:00,chop_down_first,UP,150,0.5057799427623871,1.0,settlement,971.1901477731301,1
2026-04-16 10:25:00+00:00,chop_down_first,UP,150,0.5053197672055905,1.0,settlement,972.987057242828,1
2026-04-16 10:30:00+00:00,chop_down_first,UP,150,0.5051098603071073,1.0,settlement,973.8077963340788,1
2026-04-16 10:35:00+00:00,chop_up_first,DOWN,150,0.5055669667901849,1.0,settlement,972.0213771011262,1
2026-04-16 10:40:00+00:00,chop_up_first,DOWN,150,0.5058462045719695,1.0,settlement,970.9316756354333,1
2026-04-16 10:45:00+00:00,trend_down,DOWN,150,0.5054466656900355,1.0,settlement,972.4912129107252,1
2026-04-16 10:50:00+00:00,chop_down_first,UP,150,0.5056251724951892,1.0,settlement,971.7941350408054,1
2026-04-16 10:55:00+00:00,chop_down_first,UP,150,0.5051502440351209,0.0,settlement,-1002.0,0
2026-04-16 11:10:00+00:00,chop_down_first,UP,150,0.5054703387867092,1.0,settlement,972.3987399844663,1
2026-04-16 11:15:00+00:00,chop_up_first,DOWN,150,0.5047857024695561,1.0,settlement,975.0765992727179,1
2026-04-16 11:20:00+00:00,chop_down_first,UP,150,0.5052223786099451,1.0,settlement,973.3677632924132,1
2026-04-16 11:30:00+00:00,chop_up_first,DOWN,150,0.5054176654927707,0.0,settlement,-1002.0,0
2026-04-16 11:35:00+00:00,chop_up_first,DOWN,150,0.5049824411084246,1.0,settlement,974.3063400965258,1
2026-04-16 12:00:00+00:00,chop_down_first,UP,150,0.5069948926895717,1.0,settlement,966.4616440723522,1
2026-04-16 12:05:00+00:00,chop_up_first,DOWN,150,0.5060758539689227,1.0,settlement,970.0363897489674,1
2026-04-16 12:10:00+00:00,chop_down_first,UP,150,0.5064724366754058,1.0,settlement,968.4922276740016,1
2026-04-16 12:15:00+00:00,chop_up_first,DOWN,150,0.5042858722750693,1.0,settlement,977.0362071766071,1
2026-04-16 12:20:00+00:00,chop_up_first,DOWN,150,0.5055382055989016,1.0,settlement,972.1336835614395,1
2026-04-16 12:25:00+00:00,chop_down_first,UP,150,0.5053283695822535,1.0,settlement,972.9534363665945,1
2026-04-16 12:35:00+00:00,chop_up_first,DOWN,150,0.5053597587061667,1.0,settlement,972.8307672045394,1
2026-04-16 12:40:00+00:00,trend_down,DOWN,150,0.5053621221195521,0.0,settlement,-1002.0,0
2026-04-16 12:45:00+00:00,chop_up_first,DOWN,150,0.5057524055747141,1.0,settlement,971.297583954975,1
2026-04-16 12:55:00+00:00,chop_down_first,UP,150,0.5048570598025972,1.0,settlement,974.7971559914904,1
2026-04-16 13:00:00+00:00,chop_down_first,UP,150,0.5054348761197706,1.0,settlement,972.5372690971735,1
2026-04-16 13:15:00+00:00,chop_up_first,DOWN,150,0.504799312594721,0.0,settlement,-1002.0,0
2026-04-16 13:20:00+00:00,chop_up_first,DOWN,150,0.505286312672549,1.0,settlement,973.1178192842804,1
2026-04-16 13:30:00+00:00,chop_up_first,DOWN,150,0.5067562092250311,1.0,settlement,967.3887945176145,1
2026-04-16 13:35:00+00:00,chop_up_first,DOWN,150,0.5062937364018849,1.0,settlement,969.1877280816474,1
2026-04-16 13:40:00+00:00,chop_up_first,DOWN,150,0.5066482829961229,1.0,settlement,967.8083137639632,1
2026-04-16 13:45:00+00:00,chop_up_first,DOWN,150,0.5066724679414385,1.0,settlement,967.7142891043162,1
2026-04-16 13:50:00+00:00,chop_up_first,DOWN,150,0.5109465275488757,1.0,settlement,951.2376602843908,1
2026-04-16 13:55:00+00:00,chop_down_first,UP,150,0.5080128139121497,1.0,settlement,962.517375682936,1
2026-04-16 14:00:00+00:00,chop_up_first,DOWN,150,0.505820527418057,1.0,settlement,971.0318282934377,1
2026-04-16 14:05:00+00:00,chop_down_first,UP,150,0.5066567168264351,1.0,settlement,967.7755242468913,1
2026-04-16 14:10:00+00:00,chop_up_first,DOWN,150,0.5060028020298294,1.0,settlement,970.3210938685017,1
2026-04-16 14:15:00+00:00,chop_up_first,DOWN,150,0.5070209446298181,1.0,settlement,966.3604998382297,1
2026-04-16 14:20:00+00:00,chop_down_first,UP,150,0.5044402454794548,0.0,settlement,-1002.0,0
2026-04-16 14:25:00+00:00,chop_down_first,UP,150,0.5054258204960722,1.0,settlement,972.5726465269806,1
2026-04-16 14:30:00+00:00,chop_down_first,UP,150,0.5057860145253809,1.0,settlement,971.1664603982825,1
2026-04-16 14:35:00+00:00,chop_down_first,UP,150,0.5055913517454232,0.0,settlement,-1002.0,0
2026-04-16 14:40:00+00:00,chop_down_first,UP,150,0.5049193166819982,1.0,settlement,974.5534156193663,1
2026-04-16 14:45:00+00:00,chop_down_first,UP,150,0.5051620639722032,1.0,settlement,973.6036155060833,1
2026-04-16 14:50:00+00:00,chop_down_first,UP,150,0.504530321346031,0.0,settlement,-1002.0,0
2026-04-16 14:55:00+00:00,chop_up_first,DOWN,150,0.5060068320871046,1.0,settlement,970.3053854502167,1
2026-04-16 15:00:00+00:00,chop_down_first,UP,150,0.5047402671036122,1.0,settlement,975.2545704088482,1
2026-04-16 15:05:00+00:00,chop_down_first,UP,150,0.5053799598824085,1.0,settlement,972.7518287670412,1
2026-04-16 15:10:00+00:00,chop_down_first,UP,150,0.5046070851478238,1.0,settlement,975.7764311566049,1
2026-04-16 15:15:00+00:00,chop_up_first,DOWN,150,0.5060914327606191,1.0,settlement,969.9756854134564,1
2026-04-16 15:20:00+00:00,chop_down_first,UP,150,0.5060835641663697,1.0,settlement,970.0063457186648,1
2026-04-16 15:25:00+00:00,chop_up_first,DOWN,150,0.5051719274908051,1.0,settlement,973.565041701897,1
2026-04-16 15:30:00+00:00,chop_down_first,UP,150,0.5054908817290428,1.0,settlement,972.3185012285858,1
2026-04-16 16:35:00+00:00,chop_down_first,UP,150,0.5069949655043622,1.0,settlement,966.461361361217,1
2026-04-16 16:40:00+00:00,chop_up_first,DOWN,150,0.5058363422978063,1.0,settlement,970.9701418179975,1
2026-04-16 16:45:00+00:00,chop_down_first,UP,150,0.505192155751195,0.0,settlement,-1002.0,0
2026-04-16 16:50:00+00:00,chop_down_first,UP,150,0.5049223083702051,0.0,settlement,-1002.0,0
2026-04-16 16:55:00+00:00,chop_down_first,UP,150,0.5057664919443395,1.0,settlement,971.2426246020103,1
2026-04-16 17:00:00+00:00,chop_up_first,DOWN,150,0.5059077226392718,1.0,settlement,970.691768359515,1
2026-04-16 17:05:00+00:00,chop_up_first,DOWN,150,0.5063632599711926,1.0,settlement,968.9170844203369,1
2026-04-16 17:10:00+00:00,chop_down_first,UP,150,0.5055974476043842,0.0,settlement,-1002.0,0
2026-04-16 17:15:00+00:00,chop_down_first,UP,150,0.5060528321954071,1.0,settlement,970.1261032575993,1
2026-04-16 17:20:00+00:00,chop_up_first,DOWN,150,0.5053778531916752,0.0,settlement,-1002.0,0
2026-04-16 17:25:00+00:00,chop_up_first,DOWN,150,0.5059731863588491,1.0,settlement,970.4365379555761,1
2026-04-16 17:30:00+00:00,chop_down_first,UP,150,0.505872767610495,0.0,settlement,-1002.0,0
2026-04-16 17:35:00+00:00,chop_up_first,DOWN,150,0.50624292481255,1.0,settlement,969.3855761431853,1
2026-04-16 17:40:00+00:00,chop_down_first,UP,150,0.5062840982013068,1.0,settlement,969.225253855749,1
2026-04-16 17:45:00+00:00,chop_down_first,UP,150,0.5052553419073736,1.0,settlement,973.238888583506,1
2026-04-16 17:50:00+00:00,chop_up_first,DOWN,150,0.5061374535657907,1.0,settlement,969.7963825221526,1
2026-04-16 17:55:00+00:00,chop_up_first,DOWN,150,0.5060483722694554,0.0,settlement,-1002.0,0
2026-04-16 18:00:00+00:00,chop_down_first,UP,150,0.5067712375856281,1.0,settlement,967.3303920615066,1
2026-04-16 18:05:00+00:00,chop_down_first,UP,150,0.5057092586759043,0.0,settlement,-1002.0,0
2026-04-16 18:10:00+00:00,chop_down_first,UP,150,0.5069701305556118,1.0,settlement,966.5577903894377,1
2026-04-16 18:15:00+00:00,chop_down_first,UP,150,0.5048135886438125,1.0,settlement,974.9673844975893,1
2026-04-16 18:25:00+00:00,chop_down_first,UP,150,0.5055853718897361,1.0,settlement,971.9495157262095,1
2026-04-16 18:30:00+00:00,chop_down_first,UP,150,0.5048774084373014,1.0,settlement,974.7174829410837,1
2026-04-16 18:35:00+00:00,trend_down,DOWN,150,0.5054445104709658,0.0,settlement,-1002.0,0
2026-04-16 18:40:00+00:00,chop_down_first,UP,150,0.5055215844165305,1.0,settlement,972.1985916425007,1
2026-04-16 18:45:00+00:00,chop_down_first,UP,150,0.5073247562263145,1.0,settlement,965.1817465079474,1
2026-04-16 18:50:00+00:00,chop_down_first,UP,150,0.5067780846945544,1.0,settlement,967.3037843211296,1
2026-04-16 18:55:00+00:00,chop_down_first,UP,150,0.5053976886918514,1.0,settlement,972.6825565886107,1
2026-04-16 19:00:00+00:00,chop_up_first,DOWN,150,0.5054744967729145,1.0,settlement,972.3824987640352,1
2026-04-16 19:05:00+00:00,chop_up_first,DOWN,150,0.5055930126988767,1.0,settlement,971.9196842785349,1
2026-04-16 19:10:00+00:00,chop_up_first,DOWN,150,0.5060038173225487,1.0,settlement,970.3171364215847,1
2026-04-16 19:15:00+00:00,chop_up_first,DOWN,150,0.5050857111319148,0.0,settlement,-1002.0,0
2026-04-16 19:20:00+00:00,chop_up_first,DOWN,150,0.5051002672063933,0.0,settlement,-1002.0,0
2026-04-16 19:25:00+00:00,chop_up_first,DOWN,150,0.5055802406143305,0.0,settlement,-1002.0,0
2026-04-16 19:30:00+00:00,chop_down_first,UP,150,0.5066268115397721,0.0,settlement,-1002.0,0
2026-04-16 19:35:00+00:00,chop_down_first,UP,150,0.5065768154388767,1.0,settlement,968.0862131548107,1
2026-04-16 19:40:00+00:00,chop_down_first,UP,150,0.5070195162537965,1.0,settlement,966.3660451059158,1
2026-04-16 19:45:00+00:00,chop_down_first,UP,150,0.5060238497283539,1.0,settlement,970.2390565894295,1
2026-04-16 19:50:00+00:00,chop_up_first,DOWN,150,0.504946653669264,0.0,settlement,-1002.0,0
2026-04-16 19:55:00+00:00,chop_down_first,UP,150,0.5053420228972548,0.0,settlement,-1002.0,0
2026-04-16 20:00:00+00:00,chop_up_first,DOWN,150,0.5045223690253308,1.0,settlement,976.1085265416508,1
2026-04-16 20:05:00+00:00,chop_up_first,DOWN,150,0.5054463923136131,1.0,settlement,972.492280836725,1
2026-04-16 20:10:00+00:00,chop_down_first,UP,150,0.5071418165273246,1.0,settlement,965.8913618952741,1
2026-04-16 20:15:00+00:00,chop_up_first,DOWN,150,0.5054396177774175,1.0,settlement,972.5187454606958,1
2026-04-16 20:20:00+00:00,chop_up_first,DOWN,150,0.5061825716014187,1.0,settlement,969.6206285858675,1
2026-04-16 20:25:00+00:00,chop_up_first,DOWN,150,0.5054656025689434,1.0,settlement,972.417240120463,1
2026-04-16 20:30:00+00:00,chop_up_first,DOWN,150,0.5057783809224489,1.0,settlement,971.1962409698639,1
2026-04-16 20:35:00+00:00,chop_down_first,UP,150,0.5044958432863529,1.0,settlement,976.2125329296978,1
2026-04-16 20:45:00+00:00,chop_down_first,UP,150,0.5060859900403628,1.0,settlement,969.9968930979588,1
2026-04-16 20:50:00+00:00,chop_down_first,UP,150,0.5053754058245338,1.0,settlement,972.7696237250321,1
2026-04-16 20:55:00+00:00,chop_down_first,UP,150,0.505474881126961,1.0,settlement,972.3809974789441,1
2026-04-16 21:00:00+00:00,chop_up_first,DOWN,150,0.5057100346894027,1.0,settlement,971.4629165762002,1
2026-04-16 21:05:00+00:00,chop_up_first,DOWN,150,0.5052010311474083,0.0,settlement,-1002.0,0
2026-04-16 21:15:00+00:00,chop_up_first,DOWN,150,0.5057368404801468,1.0,settlement,971.3583162589033,1
2026-04-16 21:20:00+00:00,chop_up_first,DOWN,150,0.5066344874388092,1.0,settlement,967.8619512564023,1
2026-04-16 21:25:00+00:00,chop_down_first,UP,150,0.5058210579282868,1.0,settlement,971.0297589577465,1
2026-04-16 21:30:00+00:00,chop_up_first,DOWN,150,0.5048005974589591,0.0,settlement,-1002.0,0
2026-04-16 21:35:00+00:00,chop_up_first,DOWN,150,0.5054558806982427,1.0,settlement,972.4552157971752,1
2026-04-16 21:40:00+00:00,chop_down_first,UP,150,0.5053255860629415,0.0,settlement,-1002.0,0
2026-04-16 21:45:00+00:00,chop_down_first,UP,150,0.5054133506969359,1.0,settlement,972.6213641246624,1
2026-04-16 21:50:00+00:00,chop_up_first,DOWN,150,0.5051148397425077,1.0,settlement,973.788318768758,1
2026-04-16 22:00:00+00:00,chop_down_first,UP,150,0.5067270956217256,1.0,settlement,967.5019441885386,1
2026-04-16 22:05:00+00:00,chop_down_first,UP,150,0.5054761648464283,0.0,settlement,-1002.0,0
2026-04-16 22:10:00+00:00,chop_down_first,UP,150,0.504908213131614,0.0,settlement,-1002.0,0
2026-04-16 22:15:00+00:00,chop_up_first,DOWN,150,0.5059673885226493,1.0,settlement,970.459139933927,1
2026-04-16 22:20:00+00:00,chop_down_first,UP,150,0.5053652174504029,0.0,settlement,-1002.0,0
2026-04-16 22:25:00+00:00,chop_down_first,UP,150,0.5058975085623139,1.0,settlement,970.7315970307283,1
2026-04-16 22:30:00+00:00,chop_down_first,UP,150,0.5050294921734699,1.0,settlement,974.1222175460641,1
2026-04-16 22:40:00+00:00,chop_down_first,UP,150,0.5050001255136201,1.0,settlement,974.2371325847988,1
2026-04-16 22:45:00+00:00,trend_up,UP,150,0.5055875964002725,1.0,settlement,971.9408306407219,1
2026-04-16 22:50:00+00:00,chop_up_first,DOWN,150,0.5053242616535671,1.0,settlement,972.9694913405807,1
2026-04-16 23:00:00+00:00,chop_down_first,UP,150,0.5051225743362207,1.0,settlement,973.7580648844835,1
2026-04-16 23:05:00+00:00,chop_down_first,UP,150,0.5054059979184086,1.0,settlement,972.6500914322638,1
2026-04-16 23:10:00+00:00,trend_up,UP,150,0.5050457674963419,0.0,settlement,-1002.0,0
2026-04-16 23:15:00+00:00,chop_up_first,DOWN,150,0.5057569039959676,1.0,settlement,971.280032590434,1
2026-04-16 23:20:00+00:00,chop_down_first,UP,150,0.5058357473346545,1.0,settlement,970.9724624221464,1
2026-04-16 23:25:00+00:00,trend_down,DOWN,150,0.5054686557403781,1.0,settlement,972.4053140905314,1
2026-04-16 23:30:00+00:00,chop_down_first,UP,150,0.5052194351573672,1.0,settlement,973.37927195762,1
2026-04-16 23:35:00+00:00,chop_down_first,UP,150,0.5059562255057544,1.0,settlement,970.5026587080695,1
2026-04-16 23:40:00+00:00,chop_up_first,DOWN,150,0.5048915167378342,1.0,settlement,974.6622470668551,1
2026-04-16 23:45:00+00:00,chop_up_first,DOWN,150,0.5056646438180115,1.0,settlement,971.6400640246857,1
2026-04-16 23:55:00+00:00,chop_down_first,UP,150,0.5054960184096021,1.0,settlement,972.2984388678669,1
2026-04-17 00:00:00+00:00,chop_up_first,DOWN,150,0.5053963323759304,1.0,settlement,972.6878559808281,1
2026-04-17 00:05:00+00:00,chop_up_first,DOWN,150,0.5065016953482967,1.0,settlement,968.3783998466653,1
2026-04-17 00:10:00+00:00,chop_down_first,UP,150,0.5056400812164866,0.0,settlement,-1002.0,0
2026-04-17 00:25:00+00:00,chop_down_first,UP,150,0.5055595076987999,1.0,settlement,972.0505020718239,1
2026-04-17 00:30:00+00:00,chop_down_first,UP,150,0.5057164047020033,1.0,settlement,971.4380588030915,1
2026-04-17 00:35:00+00:00,trend_down,DOWN,150,0.5058115884143511,1.0,settlement,971.0666968872558,1
2026-04-17 00:50:00+00:00,chop_up_first,DOWN,150,0.5047493661350878,0.0,settlement,-1002.0,0
2026-04-17 01:05:00+00:00,chop_down_first,UP,150,0.506066665949998,1.0,settlement,970.0721935449654,1
2026-04-17 01:10:00+00:00,chop_up_first,DOWN,150,0.5061679489864205,1.0,settlement,969.6775864581155,1
2026-04-17 01:15:00+00:00,trend_up,UP,150,0.5054388503932843,1.0,settlement,972.521743280026,1
2026-04-17 01:20:00+00:00,chop_up_first,DOWN,150,0.507000351404337,1.0,settlement,966.4404502593466,1
2026-04-17 01:25:00+00:00,chop_down_first,UP,150,0.5056330959320648,1.0,settlement,971.7632050376858,1
2026-04-17 01:30:00+00:00,chop_up_first,DOWN,150,0.5054820268980663,1.0,settlement,972.3530865465433,1
2026-04-17 01:35:00+00:00,chop_down_first,UP,150,0.5052518244225321,1.0,settlement,973.252639890306,1
2026-04-17 01:40:00+00:00,chop_up_first,DOWN,150,0.5064525999177952,1.0,settlement,968.5694079998605,1
2026-04-17 01:50:00+00:00,chop_down_first,UP,150,0.5050550888745047,0.0,settlement,-1002.0,0
2026-04-17 01:55:00+00:00,chop_down_first,UP,150,0.5078373796787302,1.0,settlement,963.1960252145246,1
2026-04-17 02:00:00+00:00,trend_down,DOWN,150,0.5051005153994329,0.0,settlement,-1002.0,0
2026-04-17 02:05:00+00:00,chop_up_first,DOWN,150,0.5057848688704925,1.0,settlement,971.1709298238032,1
2026-04-17 02:10:00+00:00,chop_down_first,UP,150,0.5053223418942865,1.0,settlement,972.976994404854,1
2026-04-17 02:15:00+00:00,chop_up_first,DOWN,150,0.5058351462816267,1.0,settlement,970.9748067848917,1
2026-04-17 02:30:00+00:00,chop_down_first,UP,150,0.505395197431984,1.0,settlement,972.6922904511982,1
2026-04-17 02:35:00+00:00,trend_up,UP,150,0.5055926648369479,1.0,settlement,971.921042390621,1
2026-04-17 02:45:00+00:00,trend_up,UP,150,0.5053029753605027,0.0,settlement,-1002.0,0
2026-04-17 02:55:00+00:00,trend_up,UP,150,0.5052880717033256,1.0,settlement,973.1109434183613,1
2026-04-17 03:05:00+00:00,chop_down_first,UP,150,0.505332355239933,1.0,settlement,972.9378595125721,1
2026-04-17 03:10:00+00:00,chop_down_first,UP,150,0.5050001259936635,1.0,settlement,974.2371307062256,1
2026-04-17 03:15:00+00:00,chop_down_first,UP,150,0.5053722033886661,1.0,settlement,972.7821374189613,1
2026-04-17 03:25:00+00:00,chop_down_first,UP,150,0.505464297424437,1.0,settlement,972.422338205189,1
2026-04-17 03:30:00+00:00,trend_up,UP,150,0.5057085190455262,1.0,settlement,971.4688311828806,1
2026-04-17 03:35:00+00:00,trend_up,UP,150,0.5054832022042443,1.0,settlement,972.34849595012,1
2026-04-17 03:40:00+00:00,chop_up_first,DOWN,150,0.5061481261995776,1.0,settlement,969.7548052454547,1
2026-04-17 03:45:00+00:00,chop_down_first,UP,150,0.5052680486103783,0.0,settlement,-1002.0,0
2026-04-17 03:50:00+00:00,trend_down,DOWN,150,0.5052474409142821,1.0,settlement,973.2697771096995,1
2026-04-17 03:55:00+00:00,chop_up_first,DOWN,150,0.5053440334316917,1.0,settlement,972.8922199056727,1
2026-04-17 04:20:00+00:00,chop_up_first,DOWN,150,0.5058500090914336,1.0,settlement,970.9168371322676,1
2026-04-17 04:35:00+00:00,chop_up_first,DOWN,150,0.505064850616619,1.0,settlement,973.9838737175451,1
2026-04-17 04:40:00+00:00,trend_up,UP,150,0.5048862326849151,1.0,settlement,974.682934475702,1
2026-04-17 04:50:00+00:00,chop_down_first,UP,150,0.5055101145024516,1.0,settlement,972.2433857773183,1
