window_start,LIVE_ORB,LIVE_VWM,LIVE_RENKO,CONSENSUS_2_OF_3,CHEAP_LEADER_PULLBACK,OPEN_FLIP_VALUE,LIVE_PRIORITY_PORTFOLIO
2026-03-26 03:05:00+00:00,10008.005769413134,10008.005769413134,10000.0,10008.005769413134,10008.004601214558,10000.0,10008.005769413134
2026-03-26 03:10:00+00:00,10016.021418111042,10016.021424700788,10000.0,10016.021418111042,10015.994848263685,10000.0,10016.021418111042
2026-03-26 03:15:00+00:00,10024.017843144818,10024.017849734566,10000.0,10024.017843144818,10023.989215060075,10000.0,10024.017843144818
2026-03-26 03:20:00+00:00,10031.989734381046,10031.989740970794,10007.936001382683,10031.953844527501,10031.956716085195,10000.0,10031.989734381046
2026-03-26 03:25:00+00:00,10039.9707168621,10039.970723451848,10015.914369384353,10039.932212529171,10039.934171673975,10000.0,10039.9707168621
2026-03-26 03:30:00+00:00,10047.98216835813,10047.982174947878,10015.914369384353,10047.9436640252,10047.91770134825,10000.0,10047.98216835813
2026-03-26 03:35:00+00:00,10055.992339717704,10055.9923681246,10015.914369384353,10055.953835384775,10055.91137906963,10000.0,10055.992339717704
2026-03-26 03:40:00+00:00,10045.992339717704,10045.9923681246,10015.914369384353,10045.953835384775,10045.91137906963,10000.0,10045.992339717704
2026-03-26 03:45:00+00:00,10053.998984581523,10053.999044604592,10015.914369384353,10053.960480248594,10053.916973801912,10000.0,10053.998984581523
2026-03-26 03:50:00+00:00,10043.998984581523,10043.999044604592,10015.914369384353,10043.960480248594,10061.919667989,10000.0,10043.998984581523
2026-03-26 03:55:00+00:00,10033.998984581523,10033.999044604592,10015.914369384353,10033.960480248594,10061.919667989,10000.0,10033.998984581523
2026-03-26 04:00:00+00:00,10042.003737597825,10033.999044604592,10015.914369384353,10033.960480248594,10069.923155947183,10000.0,10042.003737597825
2026-03-26 04:05:00+00:00,10032.003737597825,10023.999044604592,10015.914369384353,10023.960480248594,10069.923155947183,10000.0,10032.003737597825
2026-03-26 04:10:00+00:00,10039.996742410756,10031.992049417526,10015.914369384353,10031.953485061527,10077.91377700539,10000.0,10039.996742410756
2026-03-26 04:15:00+00:00,10048.004369151722,10039.999705046721,10015.914369384353,10039.961111802493,10085.9204442185,10000.0,10048.004369151722
2026-03-26 04:20:00+00:00,10056.004304966611,10047.999640861608,10015.914369384353,10047.96104761738,10093.918656073854,10000.0,10056.004304966611
2026-03-26 04:25:00+00:00,10064.020189317034,10056.01553114644,10015.914369384353,10055.976931967803,10101.923500427269,10000.0,10064.020189317034
2026-03-26 04:30:00+00:00,10072.014654022836,10064.009995852244,10015.914369384353,10063.971396673605,10109.915720306073,10000.0,10072.014654022836
2026-03-26 04:35:00+00:00,10080.023948584263,10072.01929041367,10015.914369384353,10071.980691235032,10109.915720306073,10000.0,10080.023948584263
2026-03-26 04:40:00+00:00,10070.023948584263,10062.01929041367,10015.914369384353,10061.980691235032,10109.915720306073,10000.0,10070.023948584263
2026-03-26 04:45:00+00:00,10078.038247855286,10062.01929041367,10015.914369384353,10061.980691235032,10109.915720306073,10000.0,10078.038247855286
2026-03-26 04:50:00+00:00,10086.054798617559,10070.035845256998,10015.914369384353,10069.997241997306,10117.921089263298,10000.0,10086.054798617559
2026-03-26 04:55:00+00:00,10076.054798617559,10060.035845256998,10015.914369384353,10059.997241997306,10107.921089263298,10000.0,10076.054798617559
2026-03-26 05:00:00+00:00,10084.069025852257,10068.050072491696,10015.914369384353,10068.011469232004,10115.92195366882,10000.0,10084.069025852257
2026-03-26 05:05:00+00:00,10092.030895654112,10068.050072491696,10023.892865656593,10075.989965504243,10123.87848272494,10000.0,10092.030895654112
2026-03-26 05:10:00+00:00,10100.025213313082,10076.044455990137,10023.892865656593,10083.984283163212,10131.870613667801,10000.0,10100.025213313082
2026-03-26 05:15:00+00:00,10108.038235144259,10084.057491715097,10023.892865656593,10091.99730499439,10131.870613667801,10000.0,10108.038235144259
2026-03-26 05:20:00+00:00,10116.050260679951,10084.057491715097,10023.892865656593,10091.99730499439,10131.870613667801,10000.0,10116.050260679951
2026-03-26 05:25:00+00:00,10124.066841328378,10084.057491715097,10023.892865656593,10091.99730499439,10131.870613667801,10000.0,10124.066841328378
2026-03-26 05:30:00+00:00,10114.066841328378,10074.057491715097,10023.892865656593,10081.99730499439,10121.870613667801,10000.0,10114.066841328378
2026-03-26 05:35:00+00:00,10122.067793402606,10082.058491215885,10023.892865656593,10089.998257068617,10129.86999051584,10000.0,10122.067793402606
2026-03-26 05:40:00+00:00,10130.04828952455,10082.058491215885,10031.87351812151,10097.97875319056,10137.850642980757,10007.980652464918,10130.04828952455
2026-03-26 05:45:00+00:00,10138.011093038254,10090.02129472959,10039.848232499695,10105.953467568745,10145.808194261952,10007.980652464918,10138.011093038254
2026-03-26 05:50:00+00:00,10145.97907753681,10090.02129472959,10047.78820587782,10113.89344094687,10153.771417855412,10007.980652464918,10145.97907753681
2026-03-26 05:55:00+00:00,10153.989233739045,10098.031450931823,10047.78820587782,10121.903597149103,10153.771417855412,10007.980652464918,10153.989233739045
2026-03-26 06:00:00+00:00,10143.989233739045,10098.031450931823,10047.78820587782,10121.903597149103,10153.771417855412,10007.980652464918,10143.989233739045
2026-03-26 06:05:00+00:00,10151.964547546862,10106.00676473964,10055.749161444075,10129.864552715359,10161.742666351836,10007.980652464918,10151.964547546862
2026-03-26 06:10:00+00:00,10141.964547546862,10096.00676473964,10055.749161444075,10119.864552715359,10169.72089105486,10007.980652464918,10141.964547546862
2026-03-26 06:15:00+00:00,10149.975693777751,10104.017930078142,10055.749161444075,10127.875698946249,10177.697404715702,10007.980652464918,10149.975693777751
2026-03-26 06:20:00+00:00,10157.954398076665,10111.996634377054,10063.70351082384,10135.830048326014,10185.672365692177,10007.980652464918,10157.954398076665
2026-03-26 06:25:00+00:00,10165.926999188923,10119.969235489314,10071.660149668469,10143.786687170643,10193.640643969598,10007.980652464918,10165.926999188923
2026-03-26 06:30:00+00:00,10173.940757719081,10119.969235489314,10071.660149668469,10143.786687170643,10201.63265475522,10007.980652464918,10173.940757719081
2026-03-26 06:35:00+00:00,10181.953190109729,10119.969235489314,10071.660149668469,10143.786687170643,10201.63265475522,10007.980652464918,10181.953190109729
2026-03-26 06:40:00+00:00,10189.954445971767,10127.970491351352,10071.660149668469,10151.787943032681,10209.632312382646,10007.980652464918,10189.954445971767
2026-03-26 06:45:00+00:00,10197.970597463393,10127.970491351352,10071.660149668469,10151.787943032681,10217.624059291564,10007.980652464918,10197.970597463393
2026-03-26 06:50:00+00:00,10205.982193826492,10135.982087714452,10071.660149668469,10159.79953939578,10217.624059291564,10007.980652464918,10205.982193826492
2026-03-26 06:55:00+00:00,10213.986810385068,10135.982087714452,10071.660149668469,10159.79953939578,10225.627397788929,10007.980652464918,10213.986810385068
2026-03-26 07:00:00+00:00,10203.986810385068,10135.982087714452,10079.642486615387,10159.79953939578,10233.609734735846,10015.962989411835,10203.986810385068
2026-03-26 07:05:00+00:00,10193.986810385068,10125.982087714452,10079.642486615387,10149.79953939578,10223.609734735846,10015.962989411835,10193.986810385068
2026-03-26 07:10:00+00:00,10183.986810385068,10115.982087714452,10079.642486615387,10139.79953939578,10223.609734735846,10015.962989411835,10183.986810385068
2026-03-26 07:15:00+00:00,10191.991646467437,10115.982087714452,10079.642486615387,10139.79953939578,10231.614625817734,10015.962989411835,10191.991646467437
2026-03-26 07:20:00+00:00,10199.970149558123,10123.96059080514,10087.606762847792,10147.763815628186,10239.589366473854,10015.962989411835,10199.970149558123
2026-03-26 07:25:00+00:00,10207.975405365227,10131.965846612244,10095.57775295868,10155.734805739074,10247.593405135784,10015.962989411835,10207.975405365227
2026-03-26 07:30:00+00:00,10197.975405365227,10121.965846612244,10095.57775295868,10145.734805739074,10237.593405135784,10015.962989411835,10197.975405365227
2026-03-26 07:35:00+00:00,10205.976956746395,10129.967443756006,10095.57775295868,10153.736357120242,10245.593436552837,10015.962989411835,10205.976956746395
2026-03-26 07:40:00+00:00,10213.977084862472,10137.967571872083,10095.57775295868,10161.736485236319,10253.591859023414,10015.962989411835,10213.977084862472
2026-03-26 07:45:00+00:00,10221.993121108524,10145.98361363012,10095.57775295868,10169.752521482373,10253.591859023414,10015.962989411835,10221.993121108524
2026-03-26 07:50:00+00:00,10230.004383519508,10153.994876041104,10095.57775295868,10177.763783893355,10261.592349259243,10015.962989411835,10230.004383519508
2026-03-26 07:55:00+00:00,10238.007015794052,10161.997508315646,10095.57775295868,10185.766416167899,10269.593514414055,10015.962989411835,10238.007015794052
2026-03-26 08:00:00+00:00,10246.016001602713,10161.997508315646,10095.57775295868,10185.766416167899,10277.58657226274,10015.962989411835,10246.016001602713
2026-03-26 08:05:00+00:00,10236.016001602713,10161.997508315646,10095.57775295868,10185.766416167899,10267.58657226274,10015.962989411835,10236.016001602713
2026-03-26 08:10:00+00:00,10244.015714269723,10169.997220982656,10103.545059221362,10193.733722430581,10275.584539719002,10015.962989411835,10244.015714269723
2026-03-26 08:15:00+00:00,10234.015714269723,10169.997220982656,10103.545059221362,10193.733722430581,10283.56906909093,10015.962989411835,10234.015714269723
2026-03-26 08:20:00+00:00,10242.003001662371,10177.984508375306,10111.527912352587,10201.716575561806,10291.553428880936,10015.962989411835,10242.003001662371
2026-03-26 08:25:00+00:00,10232.003001662371,10177.984508375306,10111.527912352587,10201.716575561806,10291.553428880936,10015.962989411835,10232.003001662371
2026-03-26 08:30:00+00:00,10240.005991102249,10185.987497815184,10111.527912352587,10209.719565001684,10299.554985227687,10015.962989411835,10240.005991102249
2026-03-26 08:35:00+00:00,10248.019107239103,10194.000627583639,10111.527912352587,10217.73268113854,10307.550956651512,10015.962989411835,10248.019107239103
2026-03-26 08:40:00+00:00,10256.020761720923,10202.002282065458,10111.527912352587,10225.734335620358,10315.551050868346,10015.962989411835,10256.020761720923
2026-03-26 08:45:00+00:00,10264.011500849814,10202.002282065458,10111.527912352587,10225.734335620358,10323.539190682406,10015.962989411835,10264.011500849814
2026-03-26 08:50:00+00:00,10272.019050840814,10202.002282065458,10111.527912352587,10225.734335620358,10331.545742187445,10015.962989411835,10272.019050840814
2026-03-26 08:55:00+00:00,10262.019050840814,10202.002282065458,10111.527912352587,10225.734335620358,10331.545742187445,10015.962989411835,10262.019050840814
2026-03-26 09:00:00+00:00,10252.019050840814,10202.002282065458,10111.527912352587,10225.734335620358,10331.545742187445,10015.962989411835,10252.019050840814
2026-03-26 09:05:00+00:00,10260.028233851828,10202.002282065458,10119.510029576306,10233.716452844077,10339.527859411164,10015.962989411835,10260.028233851828
2026-03-26 09:10:00+00:00,10268.035735692321,10210.009783905953,10119.510029576306,10241.72395468457,10347.534358175833,10015.962989411835,10268.035735692321
2026-03-26 09:15:00+00:00,10276.019908235508,10217.993956449138,10127.478195377109,10249.692120485373,10355.51530698824,10015.962989411835,10276.019908235508
2026-03-26 09:20:00+00:00,10266.019908235508,10207.993956449138,10127.478195377109,10239.692120485373,10345.51530698824,10015.962989411835,10266.019908235508
2026-03-26 09:25:00+00:00,10274.018901815816,10215.992950029446,10135.462108416035,10247.6760335243,10353.512486880392,10015.962989411835,10274.018901815816
2026-03-26 09:30:00+00:00,10281.917553795829,10223.89160200946,10143.291639649084,10255.505564757348,10361.399828954856,10015.962989411835,10281.917553795829
2026-03-26 09:35:00+00:00,10289.92905212657,10231.90311846912,10143.291639649084,10263.517063088088,10369.38393001449,10015.962989411835,10289.92905212657
2026-03-26 09:40:00+00:00,10297.939063466569,10231.90311846912,10143.291639649084,10263.517063088088,10377.386537150267,10015.962989411835,10297.939063466569
2026-03-26 09:45:00+00:00,10305.938741366153,10239.902796368704,10143.291639649084,10271.516740987674,10385.384466528121,10015.962989411835,10305.938741366153
2026-03-26 09:50:00+00:00,10313.934291147943,10247.898346150494,10151.27062717913,10279.49572851772,10393.37787475802,10015.962989411835,10313.934291147943
2026-03-26 09:55:00+00:00,10303.934291147943,10237.898346150494,10151.27062717913,10269.49572851772,10401.378773313218,10015.962989411835,10303.934291147943
2026-03-26 10:00:00+00:00,10311.94454059267,10245.908595595221,10151.27062717913,10277.505977962448,10409.372580544681,10015.962989411835,10311.94454059267
2026-03-26 10:05:00+00:00,10301.94454059267,10245.908595595221,10151.27062717913,10277.505977962448,10417.36757377191,10023.957982639065,10301.94454059267
2026-03-26 10:10:00+00:00,10309.943312207432,10253.907367209982,10151.27062717913,10285.504749577209,10425.364510562329,10023.957982639065,10309.943312207432
2026-03-26 10:15:00+00:00,10317.955682247877,10253.907367209982,10151.27062717913,10285.504749577209,10425.364510562329,10023.957982639065,10317.955682247877
2026-03-26 10:20:00+00:00,10325.958410144054,10253.907367209982,10151.27062717913,10285.504749577209,10433.365780448361,10023.957982639065,10325.958410144054
2026-03-26 10:25:00+00:00,10315.958410144054,10243.907367209982,10151.27062717913,10275.504749577209,10433.365780448361,10023.957982639065,10315.958410144054
2026-03-26 10:30:00+00:00,10305.958410144054,10233.907367209982,10151.27062717913,10265.504749577209,10433.365780448361,10023.957982639065,10305.958410144054
2026-03-26 10:35:00+00:00,10313.974433623584,10241.923396237,10151.27062717913,10273.520773056738,10441.369802068366,10023.957982639065,10313.974433623584
2026-03-26 10:40:00+00:00,10303.974433623584,10241.923396237,10151.27062717913,10273.520773056738,10441.369802068366,10023.957982639065,10303.974433623584
2026-03-26 10:45:00+00:00,10311.968752171944,10249.91771478536,10151.27062717913,10281.515091605099,10449.361861879837,10023.957982639065,10311.968752171944
2026-03-26 10:50:00+00:00,10319.98385377181,10257.932824496362,10151.27062717913,10289.530193204964,10457.351576020172,10023.957982639065,10319.98385377181
2026-03-26 10:55:00+00:00,10309.98385377181,10247.932824496362,10151.27062717913,10279.530193204964,10447.351576020172,10023.957982639065,10309.98385377181
2026-03-26 11:00:00+00:00,10317.971273279682,10255.920244004234,10159.224981174124,10287.484547199958,10455.336080488063,10023.957982639065,10317.971273279682
2026-03-26 11:05:00+00:00,10325.961054463503,10263.910025188055,10167.221683206471,10295.481249232305,10463.323171234893,10023.957982639065,10325.961054463503
2026-03-26 11:10:00+00:00,10333.95755791935,10271.906528643902,10167.221683206471,10303.477752688152,10471.31762391872,10023.957982639065,10333.95755791935
2026-03-26 11:15:00+00:00,10341.961470641965,10271.906528643902,10167.221683206471,10303.477752688152,10479.320191514838,10023.957982639065,10341.961470641965
2026-03-26 11:20:00+00:00,10349.965223618197,10279.910281620132,10167.221683206471,10311.481505664382,10487.322584143878,10023.957982639065,10349.965223618197
2026-03-26 11:25:00+00:00,10339.965223618197,10279.910281620132,10167.221683206471,10311.481505664382,10495.326695091715,10031.9620935869,10339.965223618197
2026-03-26 11:30:00+00:00,10347.957188979457,10287.902246981392,10175.203278961904,10319.463101419815,10503.31617779606,10031.9620935869,10347.957188979457
2026-03-26 11:35:00+00:00,10355.954369328325,10295.89942733026,10183.187216731598,10327.447039189508,10511.311371812515,10031.9620935869,10355.954369328325
2026-03-26 11:40:00+00:00,10363.964884487115,10303.909963350685,10183.187216731598,10335.457554348299,10519.317005872821,10031.9620935869,10363.964884487115
2026-03-26 11:45:00+00:00,10353.964884487115,10293.909963350685,10183.187216731598,10325.457554348299,10527.301685482542,10031.9620935869,10353.964884487115
2026-03-26 11:50:00+00:00,10361.975883245515,10301.920981626597,10183.187216731598,10333.4685531067,10535.294254147433,10031.9620935869,10361.975883245515
2026-03-26 11:55:00+00:00,10369.963448471644,10309.908546852726,10191.170670190348,10341.452006565449,10543.27891818998,10031.9620935869,10369.963448471644
2026-03-26 12:00:00+00:00,10377.946205492026,10317.891303873108,10199.139674087417,10349.42101046252,10551.258316943435,10031.9620935869,10377.946205492026
2026-03-26 12:05:00+00:00,10385.935519706203,10325.880618087283,10207.108732327244,10357.390068702345,10559.244896305152,10031.9620935869,10385.935519706203
2026-03-26 12:10:00+00:00,10393.945220592434,10333.890342098182,10207.108732327244,10365.399769588576,10559.244896305152,10031.9620935869,10393.945220592434
2026-03-26 12:15:00+00:00,10401.947092156426,10333.890342098182,10207.108732327244,10365.399769588576,10567.246835226588,10031.9620935869,10401.947092156426
2026-03-26 12:20:00+00:00,10391.947092156426,10341.907408223387,10207.108732327244,10365.399769588576,10567.246835226588,10031.9620935869,10391.947092156426
2026-03-26 12:25:00+00:00,10399.958035367903,10349.918371106767,10207.108732327244,10373.410712800052,10575.243554998106,10031.9620935869,10399.958035367903
2026-03-26 12:30:00+00:00,10389.958035367903,10349.918371106767,10207.108732327244,10373.410712800052,10583.215812641067,10031.9620935869,10389.958035367903
2026-03-26 12:35:00+00:00,10397.950959156982,10357.911294895846,10215.08551661748,10381.387497090289,10591.206344965676,10031.9620935869,10397.950959156982
2026-03-26 12:40:00+00:00,10405.95357048996,10365.913906228827,10223.063056759824,10389.365037232632,10599.207487183901,10031.9620935869,10405.95357048996
2026-03-26 12:45:00+00:00,10395.95357048996,10355.913906228827,10223.063056759824,10379.365037232632,10599.207487183901,10031.9620935869,10395.95357048996
2026-03-26 12:50:00+00:00,10403.966868331278,10355.913906228827,10223.063056759824,10379.365037232632,10607.207685323323,10031.9620935869,10403.966868331278
2026-03-26 12:55:00+00:00,10411.974120789007,10363.92118861469,10223.063056759824,10387.372289690362,10615.213943714567,10031.9620935869,10411.974120789007
2026-03-26 13:00:00+00:00,10419.982496867675,10371.929564693357,10223.063056759824,10395.38066576903,10615.213943714567,10031.9620935869,10419.982496867675
2026-03-26 13:05:00+00:00,10427.988779071284,10379.93587952064,10223.063056759824,10403.386947972638,10623.219142324542,10031.9620935869,10427.988779071284
2026-03-26 13:10:00+00:00,10435.996721986203,10379.93587952064,10223.063056759824,10403.386947972638,10631.226124209308,10031.9620935869,10435.996721986203
2026-03-26 13:15:00+00:00,10425.996721986203,10369.93587952064,10223.063056759824,10393.386947972638,10621.226124209308,10031.9620935869,10425.996721986203
2026-03-26 13:20:00+00:00,10415.996721986203,10359.93587952064,10223.063056759824,10383.386947972638,10621.226124209308,10031.9620935869,10415.996721986203
2026-03-26 13:25:00+00:00,10424.00066897718,10367.939826511618,10223.063056759824,10391.390894963615,10629.228729338929,10031.9620935869,10424.00066897718
2026-03-26 13:30:00+00:00,10431.977103006968,10367.939826511618,10231.039664019068,10399.367328993403,10637.205336598174,10031.9620935869,10431.977103006968
2026-03-26 13:35:00+00:00,10439.948086008391,10367.939826511618,10239.011950291191,10407.339615265526,10645.171843194013,10031.9620935869,10439.948086008391
2026-03-26 13:40:00+00:00,10447.946449240982,10375.93824435736,10246.986591700546,10415.314256674881,10653.16839252971,10031.9620935869,10447.946449240982
2026-03-26 13:45:00+00:00,10455.944866279742,10375.93824435736,10254.98295310108,10423.310618075415,10661.164940981584,10031.9620935869,10455.944866279742
2026-03-26 13:50:00+00:00,10463.880076060572,10383.873454138187,10262.905383710797,10431.233048685132,10669.092287018271,10031.9620935869,10463.880076060572
2026-03-26 13:55:00+00:00,10471.84702260368,10391.840400681298,10270.84196140285,10439.169626377185,10677.054374198962,10031.9620935869,10471.84702260368
2026-03-26 14:00:00+00:00,10461.84702260368,10381.840400681298,10270.84196140285,10429.169626377185,10667.054374198962,10031.9620935869,10461.84702260368
2026-03-26 14:05:00+00:00,10469.828804626055,10381.840400681298,10278.823894421002,10437.151408399559,10675.036307217113,10039.944026605053,10469.828804626055
2026-03-26 14:10:00+00:00,10477.841884700832,10381.840400681298,10278.823894421002,10437.151408399559,10683.025795655376,10039.944026605053,10477.841884700832
2026-03-26 14:15:00+00:00,10485.844463561507,10389.842979541974,10286.795904310853,10445.123418289408,10691.02690230779,10039.944026605053,10485.844463561507
2026-03-26 14:20:00+00:00,10493.832202871248,10397.830802935083,10294.758885483772,10453.086399462329,10699.011849067105,10039.944026605053,10493.832202871248
2026-03-26 14:25:00+00:00,10501.80222447149,10405.800824535323,10302.731495182183,10461.05900916074,10706.977303032101,10039.944026605053,10501.80222447149
2026-03-26 14:30:00+00:00,10509.812681400881,10413.811281464716,10302.731495182183,10469.06946609013,10714.944477130335,10039.944026605053,10509.812681400881
2026-03-26 14:35:00+00:00,10517.812204193944,10413.811281464716,10302.731495182183,10469.06946609013,10722.942236630692,10039.944026605053,10517.812204193944
2026-03-26 14:40:00+00:00,10525.818293412125,10421.817403842686,10302.731495182183,10477.075555308313,10730.947224449375,10039.944026605053,10525.818293412125
2026-03-26 14:45:00+00:00,10533.822390012294,10421.817403842686,10302.731495182183,10477.075555308313,10738.949993443337,10039.944026605053,10533.822390012294
2026-03-26 14:50:00+00:00,10541.81494850183,10429.810033051748,10310.680801685903,10485.024861812033,10746.940203158108,10039.944026605053,10541.81494850183
2026-03-26 14:55:00+00:00,10549.771577637675,10429.810033051748,10318.63768627229,10492.98149094788,10754.897087744494,10039.944026605053,10549.771577637675
2026-03-26 15:00:00+00:00,10557.778699840317,10429.810033051748,10318.63768627229,10492.98149094788,10762.903170683927,10039.944026605053,10557.778699840317
2026-03-26 15:05:00+00:00,10565.760046941643,10437.791380153074,10326.568306936444,10500.912111612033,10770.881025537974,10039.944026605053,10565.760046941643
2026-03-26 15:10:00+00:00,10573.735236387645,10445.766569599076,10334.541555655987,10508.885360331577,10778.852137864706,10039.944026605053,10573.735236387645
2026-03-26 15:15:00+00:00,10581.698488028196,10453.729821239627,10342.505854049048,10516.849658724637,10786.81017975751,10039.944026605053,10581.698488028196
2026-03-26 15:20:00+00:00,10571.698488028196,10443.729821239627,10342.505854049048,10506.849658724637,10776.81017975751,10039.944026605053,10571.698488028196
2026-03-26 15:25:00+00:00,10579.687000408025,10451.718333619456,10350.481917853973,10514.825722529564,10784.795881024931,10039.944026605053,10579.687000408025
2026-03-26 15:30:00+00:00,10569.687000408025,10441.718333619456,10350.481917853973,10504.825722529564,10774.795881024931,10047.947275684004,10569.687000408025
2026-03-26 15:35:00+00:00,10577.674612237995,10449.705945449428,10358.463972890735,10512.807777566322,10782.780596102946,10047.947275684004,10577.674612237995
2026-03-26 15:40:00+00:00,10585.662972657032,10449.705945449428,10366.44101842753,10520.784823103117,10790.766130957905,10047.947275684004,10585.662972657032
2026-03-26 15:45:00+00:00,10593.641329701644,10449.705945449428,10374.418222699782,10528.762027375371,10798.740711695793,10047.947275684004,10593.641329701644
2026-03-26 15:50:00+00:00,10601.61061340132,10457.675229149105,10382.373704999807,10536.717509675396,10806.705357746381,10047.947275684004,10601.61061340132
2026-03-26 15:55:00+00:00,10609.612194867212,10465.676810614994,10390.342736919183,10544.686541594772,10814.705371992179,10047.947275684004,10609.612194867212
2026-03-26 16:00:00+00:00,10599.612194867212,10455.676810614994,10398.325470896876,10534.686541594772,10822.688105969874,10047.947275684004,10599.612194867212
2026-03-26 16:10:00+00:00,10607.618575625233,10463.683223722903,10398.325470896876,10542.692922352793,10830.69341222758,10047.947275684004,10607.618575625233
2026-03-26 16:15:00+00:00,10597.618575625233,10463.683223722903,10398.325470896876,10542.692922352793,10820.69341222758,10047.947275684004,10597.618575625233
2026-03-26 16:20:00+00:00,10587.618575625233,10453.683223722903,10398.325470896876,10532.692922352793,10810.69341222758,10047.947275684004,10587.618575625233
2026-03-26 16:25:00+00:00,10595.630547342338,10453.683223722903,10406.296131394834,10540.663582850751,10818.664072725538,10047.947275684004,10595.630547342338
2026-03-26 16:30:00+00:00,10603.636024715237,10453.683223722903,10406.296131394834,10540.663582850751,10826.669602424132,10047.947275684004,10603.636024715237
2026-03-26 16:35:00+00:00,10611.628210883346,10461.675409891011,10414.26591848274,10548.633369938658,10834.659326943698,10047.947275684004,10611.628210883346
2026-03-26 16:40:00+00:00,10619.635494512757,10461.675409891011,10414.26591848274,10548.633369938658,10842.665586697025,10047.947275684004,10619.635494512757
2026-03-26 16:45:00+00:00,10609.635494512757,10461.675409891011,10414.26591848274,10548.633369938658,10842.665586697025,10047.947275684004,10609.635494512757
2026-03-26 16:50:00+00:00,10617.640412121411,10469.680327499666,10422.244241511326,10556.611692967243,10850.669254931901,10047.947275684004,10617.640412121411
2026-03-26 16:55:00+00:00,10625.650100897357,10477.690039433937,10422.244241511326,10564.621381743189,10858.67153402313,10047.947275684004,10625.650100897357
2026-03-26 17:00:00+00:00,10633.657554632784,10477.690039433937,10422.244241511326,10564.621381743189,10866.677980097225,10047.947275684004,10633.657554632784
2026-03-26 17:05:00+00:00,10641.650957778082,10477.690039433937,10422.244241511326,10564.621381743189,10874.669037391823,10047.947275684004,10641.650957778082
2026-03-26 17:10:00+00:00,10631.650957778082,10467.690039433937,10422.244241511326,10554.621381743189,10864.669037391823,10047.947275684004,10631.650957778082
2026-03-26 17:15:00+00:00,10639.650174903256,10475.689256559112,10422.244241511326,10562.620598868363,10872.666462115996,10047.947275684004,10639.650174903256
2026-03-26 17:20:00+00:00,10647.656607552515,10483.6957214141,10422.244241511326,10570.627031517624,10880.67182505283,10047.947275684004,10647.656607552515
2026-03-26 17:25:00+00:00,10655.670357305187,10483.6957214141,10422.244241511326,10570.627031517624,10888.664040828293,10047.947275684004,10655.670357305187
2026-03-26 17:30:00+00:00,10663.683367603442,10491.7087456382,10422.244241511326,10578.64004181588,10896.661860851267,10047.947275684004,10663.683367603442
2026-03-26 17:35:00+00:00,10671.671944890164,10499.697322924922,10430.221258413943,10586.617058718497,10904.647633198396,10047.947275684004,10671.671944890164
2026-03-26 17:40:00+00:00,10679.682407359944,10507.707806402774,10430.221258413943,10594.627521188277,10904.647633198396,10047.947275684004,10679.682407359944
2026-03-26 17:45:00+00:00,10687.67116412851,10515.696563171341,10438.176810077044,10602.583072851377,10912.633602096806,10047.947275684004,10687.67116412851
2026-03-26 17:50:00+00:00,10695.66809280402,10523.693550441425,10438.176810077044,10610.580001526887,10920.628584653008,10055.944262954088,10695.66809280402
2026-03-26 17:55:00+00:00,10703.619617012739,10531.645074650143,10446.07763734195,10618.480828791793,10928.573788064245,10055.944262954088,10703.619617012739
2026-03-26 18:00:00+00:00,10711.633714353724,10531.645074650143,10453.999240204026,10626.402431653869,10936.49539092632,10055.944262954088,10711.633714353724
2026-03-26 18:05:00+00:00,10719.649394515913,10531.645074650143,10453.999240204026,10626.402431653869,10936.49539092632,10055.944262954088,10719.649394515913
2026-03-26 18:10:00+00:00,10727.650700457378,10539.646380591606,10453.999240204026,10634.403737595334,10944.495103403273,10055.944262954088,10727.650700457378
2026-03-26 18:15:00+00:00,10735.650832262207,10547.646562100277,10453.999240204026,10642.403869400163,10952.493584351425,10063.944444462759,10735.650832262207
2026-03-26 18:20:00+00:00,10743.638704545041,10547.646562100277,10461.968948946578,10650.373578142717,10960.478584649607,10063.944444462759,10743.638704545041
2026-03-26 18:25:00+00:00,10751.628293061101,10547.646562100277,10469.949792344887,10658.354421541026,10968.465464402918,10063.944444462759,10751.628293061101
2026-03-26 18:30:00+00:00,10741.628293061101,10547.646562100277,10469.949792344887,10658.354421541026,10968.465464402918,10063.944444462759,10741.628293061101
2026-03-26 18:35:00+00:00,10749.641043017915,10547.646562100277,10469.949792344887,10658.354421541026,10976.454438864324,10063.944444462759,10749.641043017915
2026-03-26 18:40:00+00:00,10739.641043017915,10537.646562100277,10469.949792344887,10648.354421541026,10976.454438864324,10063.944444462759,10739.641043017915
2026-03-26 18:45:00+00:00,10747.634140929602,10545.639660011964,10469.949792344887,10656.347519452713,10984.445161880098,10063.944444462759,10747.634140929602
2026-03-26 18:50:00+00:00,10755.644916306326,10553.650455527079,10469.949792344887,10664.358294829437,10992.445600550982,10063.944444462759,10755.644916306326
2026-03-26 18:55:00+00:00,10745.644916306326,10553.650455527079,10469.949792344887,10664.358294829437,10992.445600550982,10063.944444462759,10745.644916306326
2026-03-26 19:00:00+00:00,10753.654886471853,10561.660425692608,10469.949792344887,10672.368264994964,11000.433150786552,10063.944444462759,10753.654886471853
2026-03-26 19:05:00+00:00,10743.654886471853,10561.660425692608,10469.949792344887,10672.368264994964,11008.405463330972,10063.944444462759,10743.654886471853
2026-03-26 19:10:00+00:00,10733.654886471853,10561.660425692608,10469.949792344887,10672.368264994964,11016.408120765487,10063.944444462759,10733.654886471853
2026-03-26 19:15:00+00:00,10723.654886471853,10561.660425692608,10469.949792344887,10672.368264994964,11016.408120765487,10063.944444462759,10723.654886471853
2026-03-26 19:20:00+00:00,10731.650372732838,10569.65591195359,10469.949792344887,10680.363751255949,11024.401459428434,10063.944444462759,10731.650372732838
2026-03-26 19:25:00+00:00,10739.656199320258,10577.66177243037,10469.949792344887,10688.369577843368,11032.406160385315,10063.944444462759,10739.656199320258
2026-03-26 19:30:00+00:00,10747.653969245248,10577.66177243037,10469.949792344887,10688.369577843368,11040.40200010935,10063.944444462759,10747.653969245248
2026-03-26 19:35:00+00:00,10755.623816346999,10585.631619532121,10477.908497775568,10696.328283274052,11048.367263018432,10063.944444462759,10755.623816346999
2026-03-26 19:40:00+00:00,10763.635124033437,10593.642945877396,10477.908497775568,10704.33959096049,11048.367263018432,10063.944444462759,10763.635124033437
2026-03-26 19:45:00+00:00,10771.633988480386,10601.641863546292,10477.908497775568,10712.338455407438,11056.364359770607,10063.944444462759,10771.633988480386
2026-03-26 19:50:00+00:00,10779.646323552099,10601.641863546292,10485.891801656117,10720.321759287986,11064.347663651155,10063.944444462759,10779.646323552099
2026-03-26 19:55:00+00:00,10769.646323552099,10591.641863546292,10485.891801656117,10710.321759287986,11072.304438637351,10063.944444462759,10769.646323552099
2026-03-26 20:00:00+00:00,10777.649196487071,10599.644736481267,10493.857905995897,10718.287863627767,11080.30586737979,10063.944444462759,10777.649196487071
2026-03-26 20:05:00+00:00,10785.665255974662,10599.644736481267,10493.857905995897,10718.287863627767,11088.294121287157,10063.944444462759,10785.665255974662
2026-03-26 20:10:00+00:00,10793.448021383945,10599.644736481267,10501.498799558076,10725.928757189944,11096.054756597838,10063.944444462759,10793.448021383945
2026-03-26 20:15:00+00:00,10783.448021383945,10599.644736481267,10501.498799558076,10725.928757189944,11086.054756597838,10063.944444462759,10783.448021383945
2026-03-26 20:20:00+00:00,10791.43613630101,10607.63285139833,10509.406066811203,10733.836024443073,11094.040022603833,10063.944444462759,10791.43613630101
2026-03-26 20:25:00+00:00,10799.439247181355,10607.63285139833,10517.38412311829,10741.814080750159,11102.041711960841,10063.944444462759,10799.439247181355
2026-03-26 20:30:00+00:00,10789.439247181355,10607.63285139833,10517.38412311829,10741.814080750159,11110.018257844724,10063.944444462759,10789.439247181355
2026-03-26 20:35:00+00:00,10797.448309317426,10615.641938434148,10517.38412311829,10749.823142886231,11110.018257844724,10063.944444462759,10797.448309317426
2026-03-26 20:40:00+00:00,10805.4626974499,10615.641938434148,10517.38412311829,10749.823142886231,11110.018257844724,10063.944444462759,10805.4626974499
2026-03-26 20:45:00+00:00,10795.4626974499,10605.641938434148,10517.38412311829,10739.823142886231,11100.018257844724,10063.944444462759,10795.4626974499
2026-03-26 20:50:00+00:00,10803.463379639828,10613.642668799926,10525.330349378928,10747.769369146868,11108.017339923754,10063.944444462759,10803.463379639828
2026-03-26 20:55:00+00:00,10793.463379639828,10613.642668799926,10525.330349378928,10747.769369146868,11116.014097293652,10063.944444462759,10793.463379639828
2026-03-26 21:00:00+00:00,10801.475680422658,10621.654969582756,10525.330349378928,10755.781669929698,11124.01517472924,10063.944444462759,10801.475680422658
2026-03-26 21:05:00+00:00,10791.475680422658,10621.654969582756,10525.330349378928,10755.781669929698,11124.01517472924,10063.944444462759,10791.475680422658
2026-03-26 21:10:00+00:00,10799.483946661467,10629.663262932921,10533.305980694564,10763.757301245336,11131.990806044876,10063.944444462759,10799.483946661467
2026-03-26 21:15:00+00:00,10807.5002828853,10629.663262932921,10533.305980694564,10763.757301245336,11131.990806044876,10063.944444462759,10807.5002828853
2026-03-26 21:20:00+00:00,10815.495129098974,10637.658109146594,10541.251661695469,10771.70298224624,11139.98344374106,10063.944444462759,10815.495129098974
2026-03-26 21:25:00+00:00,10805.495129098974,10637.658109146594,10541.251661695469,10771.70298224624,11139.98344374106,10063.944444462759,10805.495129098974
2026-03-26 21:30:00+00:00,10813.472981418174,10645.635961465796,10549.217389608906,10779.668710159676,11147.95747181421,10063.944444462759,10813.472981418174
2026-03-26 21:35:00+00:00,10821.466708103426,10653.629688151048,10549.217389608906,10787.662436844928,11155.948883437146,10063.944444462759,10821.466708103426
2026-03-26 21:40:00+00:00,10829.477377254438,10653.629688151048,10549.217389608906,10787.662436844928,11145.948883437146,10053.944444462759,10829.477377254438
2026-03-26 21:45:00+00:00,10837.484246118645,10661.636557015256,10549.217389608906,10795.669305709136,11153.954688890653,10053.944444462759,10837.484246118645
2026-03-26 21:50:00+00:00,10845.479062182558,10669.631373079168,10557.198147980587,10803.650064080817,11161.947293567548,10053.944444462759,10845.479062182558
2026-03-26 21:55:00+00:00,10853.478923007538,10677.631233904149,10557.198147980587,10811.649924905796,11169.945423291358,10053.944444462759,10853.478923007538
2026-03-26 22:00:00+00:00,10861.484525988693,10685.636871395807,10557.198147980587,10819.655527886951,11177.949880012047,10053.944444462759,10861.484525988693
2026-03-26 22:05:00+00:00,10869.493958817007,10693.646328093733,10565.174346723314,10827.63172662968,11185.926078754776,10053.944444462759,10869.493958817007
2026-03-26 22:10:00+00:00,10877.487712737558,10701.640082014284,10565.174346723314,10835.625480550229,11193.917520204803,10053.944444462759,10877.487712737558
2026-03-26 22:15:00+00:00,10885.502798296302,10701.640082014284,10565.174346723314,10835.625480550229,11193.917520204803,10053.944444462759,10885.502798296302
2026-03-26 22:20:00+00:00,10875.502798296302,10701.640082014284,10565.174346723314,10835.625480550229,11201.82091442896,10053.944444462759,10875.502798296302
2026-03-26 22:25:00+00:00,10883.489743750346,10709.627113752413,10573.167978732894,10843.619112559809,11209.804994255162,10061.931476200885,10883.489743750346
2026-03-26 22:30:00+00:00,10873.489743750346,10699.627113752413,10573.167978732894,10833.619112559809,11199.804994255162,10061.931476200885,10873.489743750346
2026-03-26 22:35:00+00:00,10863.489743750346,10689.627113752413,10573.167978732894,10823.619112559809,11199.804994255162,10061.931476200885,10863.489743750346
2026-03-26 22:40:00+00:00,10853.489743750346,10679.627113752413,10573.167978732894,10813.619112559809,11199.804994255162,10061.931476200885,10853.489743750346
2026-03-26 22:45:00+00:00,10843.489743750346,10669.627113752413,10573.167978732894,10803.619112559809,11199.804994255162,10061.931476200885,10843.489743750346
2026-03-26 22:50:00+00:00,10851.492021968179,10677.629391970244,10573.167978732894,10811.621390777642,11207.805771624278,10061.931476200885,10851.492021968179
2026-03-26 22:55:00+00:00,10859.494826646207,10685.632196648272,10573.167978732894,10819.62419545567,11215.80712560701,10061.931476200885,10859.494826646207
2026-03-26 23:00:00+00:00,10867.50934163176,10685.632196648272,10573.167978732894,10819.62419545567,11215.80712560701,10061.931476200885,10867.50934163176
2026-03-26 23:05:00+00:00,10875.506283748644,10693.629138765156,10581.135090085834,10827.59130680861,11223.802058711404,10061.931476200885,10875.506283748644
2026-03-26 23:10:00+00:00,10883.498147008908,10701.646092380875,10581.135090085834,10835.583170068874,11231.794031019806,10061.931476200885,10883.498147008908
2026-03-26 23:15:00+00:00,10891.507804266079,10709.655772883962,10581.135090085834,10843.592827326045,11239.79636793186,10061.931476200885,10891.507804266079
2026-03-26 23:20:00+00:00,10899.515715080059,10717.663711796878,10589.112058394265,10851.569795634476,11247.803345433118,10061.931476200885,10899.515715080059
2026-03-26 23:25:00+00:00,10889.515715080059,10707.663711796878,10589.112058394265,10841.569795634476,11255.785369959938,10061.931476200885,10889.515715080059
2026-03-26 23:30:00+00:00,10879.515715080059,10707.663711796878,10589.112058394265,10841.569795634476,11255.785369959938,10061.931476200885,10879.515715080059
2026-03-26 23:35:00+00:00,10869.515715080059,10697.663711796878,10589.112058394265,10831.569795634476,11245.785369959938,10061.931476200885,10869.515715080059
2026-03-26 23:40:00+00:00,10859.515715080059,10687.663711796878,10589.112058394265,10821.569795634476,11245.785369959938,10061.931476200885,10859.515715080059
2026-03-26 23:45:00+00:00,10867.52828262903,10687.663711796878,10589.112058394265,10821.569795634476,11253.789568522585,10061.931476200885,10867.52828262903
2026-03-26 23:50:00+00:00,10875.529549528212,10695.66497869606,10589.112058394265,10829.571062533658,11261.789238238447,10061.931476200885,10875.529549528212
2026-03-26 23:55:00+00:00,10883.537102312499,10703.672531480348,10589.112058394265,10837.578615317943,11269.795792803041,10061.931476200885,10883.537102312499
2026-03-27 00:00:00+00:00,10891.54419608283,10711.679655619695,10589.112058394265,10845.585709088275,11277.801877863783,10061.931476200885,10891.54419608283
2026-03-27 00:05:00+00:00,10899.53627032891,10711.679655619695,10597.070014074905,10853.543664768915,11285.791479812578,10061.931476200885,10899.53627032891
2026-03-27 00:10:00+00:00,10907.547460857271,10719.69086513254,10597.070014074905,10861.554855297276,11285.791479812578,10061.931476200885,10907.547460857271
2026-03-27 00:15:00+00:00,10897.547460857271,10709.69086513254,10597.070014074905,10851.554855297276,11285.791479812578,10061.931476200885,10897.547460857271
2026-03-27 00:20:00+00:00,10905.51219995432,10717.655751994864,10605.019007629964,10859.503848852335,11293.751311974582,10061.931476200885,10905.51219995432
2026-03-27 00:25:00+00:00,10913.525640933625,10725.669205702647,10605.019007629964,10867.51728983164,11301.750353920102,10061.931476200885,10913.525640933625
2026-03-27 00:30:00+00:00,10921.534860589205,10733.67844982024,10605.019007629964,10875.52650948722,11301.750353920102,10061.931476200885,10921.534860589205
2026-03-27 00:35:00+00:00,10929.508605393881,10741.652194624916,10612.999839091262,10883.507340948516,11309.719884453261,10061.931476200885,10929.508605393881
2026-03-27 00:40:00+00:00,10937.509243878338,10741.652194624916,10612.999839091262,10883.507340948516,11317.720595434192,10061.931476200885,10937.509243878338
2026-03-27 00:45:00+00:00,10927.509243878338,10731.652194624916,10612.999839091262,10873.507340948516,11317.720595434192,10061.931476200885,10927.509243878338
2026-03-27 00:50:00+00:00,10935.491085472242,10739.63403621882,10620.969801140418,10881.477302997671,11325.698991768319,10061.931476200885,10935.491085472242
2026-03-27 00:55:00+00:00,10925.491085472242,10739.63403621882,10620.969801140418,10881.477302997671,11325.698991768319,10061.931476200885,10925.491085472242
2026-03-27 01:00:00+00:00,10933.501201656582,10739.63403621882,10620.969801140418,10881.477302997671,11333.687256285511,10061.931476200885,10933.501201656582
2026-03-27 01:05:00+00:00,10923.501201656582,10729.63403621882,10620.969801140418,10871.477302997671,11323.687256285511,10061.931476200885,10923.501201656582
2026-03-27 01:10:00+00:00,10931.517259507818,10737.650099521958,10620.969801140418,10879.493360848908,11323.687256285511,10061.931476200885,10931.517259507818
2026-03-27 01:15:00+00:00,10939.50901624942,10745.641856263559,10620.969801140418,10887.48511759051,11331.676510521882,10061.931476200885,10939.50901624942
2026-03-27 01:20:00+00:00,10947.513452748257,10753.64633051297,10620.969801140418,10895.489554089347,11339.679693149634,10061.931476200885,10947.513452748257
2026-03-27 01:25:00+00:00,10955.529841054824,10761.662723352409,10620.969801140418,10903.505942395914,11339.679693149634,10061.931476200885,10955.529841054824
2026-03-27 01:30:00+00:00,10945.529841054824,10761.662723352409,10620.969801140418,10903.505942395914,11339.679693149634,10061.931476200885,10945.529841054824
2026-03-27 01:35:00+00:00,10953.540586812216,10769.673489330515,10620.969801140418,10911.516688153304,11339.679693149634,10061.931476200885,10953.540586812216
2026-03-27 01:40:00+00:00,10961.547590649254,10777.680523786428,10620.969801140418,10919.523691990344,11347.685679978487,10061.931476200885,10961.547590649254
2026-03-27 01:45:00+00:00,10969.563824221099,10777.680523786428,10620.969801140418,10919.523691990344,11355.679835655399,10061.931476200885,10969.563824221099
2026-03-27 01:50:00+00:00,10977.570757022808,10785.687487404366,10620.969801140418,10927.530624792053,11363.685744894201,10061.931476200885,10977.570757022808
2026-03-27 01:55:00+00:00,10985.581197124106,10785.687487404366,10620.969801140418,10927.530624792053,11371.68483581092,10061.931476200885,10985.581197124106
2026-03-27 02:00:00+00:00,10993.592891298229,10793.69919916303,10620.969801140418,10935.542318966174,11379.685594378476,10061.931476200885,10993.592891298229
2026-03-27 02:05:00+00:00,11001.607137355082,10793.69919916303,10620.969801140418,10935.542318966174,11387.659137128074,10061.931476200885,11001.607137355082
2026-03-27 02:10:00+00:00,11009.605487112338,10801.697548920285,10628.953469914504,10943.52598774026,11395.6556118921,10061.931476200885,11009.605487112338
2026-03-27 02:15:00+00:00,11017.605874955145,10809.697936763092,10628.953469914504,10951.52637558307,11403.654318825475,10061.931476200885,11017.605874955145
2026-03-27 02:20:00+00:00,11025.60944759212,10817.701509400067,10628.953469914504,10959.529948220043,11411.656513932821,10061.931476200885,11025.60944759212
2026-03-27 02:25:00+00:00,11015.60944759212,10817.701509400067,10628.953469914504,10959.529948220043,11419.653656678172,10061.931476200885,11015.60944759212
2026-03-27 02:30:00+00:00,11005.60944759212,10807.701509400067,10628.953469914504,10949.529948220043,11409.653656678172,10061.931476200885,11005.60944759212
2026-03-27 02:35:00+00:00,11013.61574047333,10815.707802281277,10628.953469914504,10957.536241101254,11417.658831250415,10061.931476200885,11013.61574047333
2026-03-27 02:40:00+00:00,11021.629853517037,10815.707802281277,10628.953469914504,10957.536241101254,11417.658831250415,10061.931476200885,11021.629853517037
2026-03-27 02:45:00+00:00,11011.629853517037,10805.707802281277,10628.953469914504,10947.536241101254,11417.658831250415,10061.931476200885,11011.629853517037
2026-03-27 02:50:00+00:00,11019.641302258438,10805.707802281277,10628.953469914504,10947.536241101254,11417.658831250415,10061.931476200885,11019.641302258438
2026-03-27 02:55:00+00:00,11027.645323119741,10813.71182314258,10628.953469914504,10955.540261962557,11425.661517288885,10061.931476200885,11027.645323119741
2026-03-27 03:00:00+00:00,11035.654054488688,10821.720554511527,10628.953469914504,10963.548993331504,11433.667405720711,10061.931476200885,11035.654054488688
2026-03-27 03:05:00+00:00,11043.637213972228,10829.703713995064,10636.90387044949,10971.49939386649,11441.647245186428,10061.931476200885,11043.637213972228
2026-03-27 03:10:00+00:00,11051.636003506432,10837.702556959155,10636.90387044949,10979.498183400694,11449.644260120198,10061.931476200885,11051.636003506432
2026-03-27 03:15:00+00:00,11059.636279240918,10845.70283269364,10636.90387044949,10987.49845913518,11457.64284426809,10061.931476200885,11059.636279240918
2026-03-27 03:20:00+00:00,11067.645004398386,10853.711583687264,10644.880887603358,10995.475476289048,11465.61986142196,10061.931476200885,11067.645004398386
2026-03-27 03:25:00+00:00,11075.64710899849,10861.713688287367,10644.880887603358,11003.477580889152,11473.620448634294,10061.931476200885,11075.64710899849
2026-03-27 03:30:00+00:00,11083.65501306476,10869.721592353635,10644.880887603358,11011.485484955421,11481.62738796705,10061.931476200885,11083.65501306476
2026-03-27 03:35:00+00:00,11091.666535995992,10869.721592353635,10644.880887603358,11011.485484955421,11481.62738796705,10061.931476200885,11091.666535995992
2026-03-27 03:40:00+00:00,11081.666535995992,10869.721592353635,10644.880887603358,11011.485484955421,11481.62738796705,10061.931476200885,11081.666535995992
2026-03-27 03:45:00+00:00,11089.682667829959,10869.721592353635,10644.880887603358,11011.485484955421,11489.628113992474,10061.931476200885,11089.682667829959
2026-03-27 03:50:00+00:00,11097.692072034548,10869.721592353635,10644.880887603358,11011.485484955421,11489.628113992474,10061.931476200885,11097.692072034548
2026-03-27 03:55:00+00:00,11105.70696629578,10869.721592353635,10644.880887603358,11011.485484955421,11489.628113992474,10061.931476200885,11105.70696629578
2026-03-27 04:00:00+00:00,11113.686577507584,10877.70120356544,10652.87789627478,11019.482493626843,11497.604068032459,10061.931476200885,11113.686577507584
2026-03-27 04:05:00+00:00,11121.650603168226,10885.665229226082,10660.77309233912,11027.377689691182,11505.562957332015,10061.931476200885,11121.650603168226
2026-03-27 04:10:00+00:00,11129.654058541933,10893.668725075253,10660.77309233912,11035.381145064888,11513.565068335452,10061.931476200885,11129.654058541933
2026-03-27 04:15:00+00:00,11137.661016939877,10901.675714218312,10660.77309233912,11043.388103462832,11521.571005532354,10069.93510762867,11137.661016939877
2026-03-27 04:20:00+00:00,11127.661016939877,10901.675714218312,10660.77309233912,11043.388103462832,11511.571005532354,10069.93510762867,11127.661016939877
2026-03-27 04:25:00+00:00,11135.67057943081,10909.685300218523,10660.77309233912,11051.397665953766,11519.568475960798,10069.93510762867,11135.67057943081
2026-03-27 04:30:00+00:00,11125.67057943081,10909.685300218523,10660.77309233912,11051.397665953766,11527.572305594089,10069.93510762867,11125.67057943081
2026-03-27 04:35:00+00:00,11115.67057943081,10917.70245715387,10660.77309233912,11051.397665953766,11527.572305594089,10069.93510762867,11115.67057943081
2026-03-27 04:40:00+00:00,11123.684826097742,10925.71671430918,10660.77309233912,11059.411912620699,11527.572305594089,10069.93510762867,11123.684826097742
2026-03-27 04:45:00+00:00,11113.684826097742,10925.71671430918,10660.77309233912,11059.411912620699,11527.572305594089,10069.93510762867,11113.684826097742
2026-03-27 04:50:00+00:00,11103.684826097742,10915.71671430918,10660.77309233912,11049.411912620699,11527.572305594089,10069.93510762867,11103.684826097742
2026-03-27 04:55:00+00:00,11111.690783387461,10923.722705125176,10660.77309233912,11057.417869910416,11535.577149312126,10069.93510762867,11111.690783387461
2026-03-27 05:00:00+00:00,11119.706250927538,10931.738179758779,10660.77309233912,11065.433337450493,11543.580639577063,10069.93510762867,11119.706250927538
2026-03-27 05:05:00+00:00,11127.701982361166,10939.733911192408,10668.744046991374,11073.404292102749,11551.574246749355,10069.93510762867,11127.701982361166
2026-03-27 05:10:00+00:00,11135.712750875853,10939.733911192408,10668.744046991374,11073.404292102749,11559.54951876107,10069.93510762867,11135.712750875853
2026-03-27 05:15:00+00:00,11143.707227657726,10947.72838797428,10668.744046991374,11081.398768884621,11567.541751865245,10069.93510762867,11143.707227657726
2026-03-27 05:20:00+00:00,11151.722476497393,10947.72838797428,10668.744046991374,11081.398768884621,11575.540407246779,10069.93510762867,11151.722476497393
2026-03-27 05:25:00+00:00,11159.732225303285,10947.72838797428,10668.744046991374,11081.398768884621,11583.53966887628,10069.93510762867,11159.732225303285
2026-03-27 05:30:00+00:00,11167.728584474833,10955.724747145829,10668.744046991374,11089.39512805617,11591.533963540762,10069.93510762867,11167.728584474833
2026-03-27 05:35:00+00:00,11157.728584474833,10945.724747145829,10668.744046991374,11079.39512805617,11581.533963540762,10069.93510762867,11157.728584474833
2026-03-27 05:40:00+00:00,11165.732078856294,10953.72824152729,10668.744046991374,11087.398622437631,11589.536072936651,10069.93510762867,11165.732078856294
2026-03-27 05:45:00+00:00,11155.732078856294,10943.72824152729,10668.744046991374,11077.398622437631,11589.536072936651,10069.93510762867,11155.732078856294
2026-03-27 05:50:00+00:00,11163.743661583736,10951.739842149058,10668.744046991374,11085.410205165073,11589.536072936651,10069.93510762867,11163.743661583736
2026-03-27 05:55:00+00:00,11171.75696091778,10959.753154605385,10668.744046991374,11093.423504499116,11589.536072936651,10069.93510762867,11171.75696091778
2026-03-27 06:00:00+00:00,11179.762155171511,10967.758348859115,10668.744046991374,11101.428698752847,11597.540044179383,10069.93510762867,11179.762155171511
2026-03-27 06:05:00+00:00,11187.744214389451,10975.740408077056,10676.72220416431,11109.406855925783,11605.518678817443,10069.93510762867,11187.744214389451
2026-03-27 06:10:00+00:00,11177.744214389451,10965.740408077056,10676.72220416431,11099.406855925783,11595.518678817443,10069.93510762867,11177.744214389451
2026-03-27 06:15:00+00:00,11185.758935511945,10973.755138368675,10676.72220416431,11107.421577048279,11603.520470847594,10069.93510762867,11185.758935511945
2026-03-27 06:20:00+00:00,11175.758935511945,10963.755138368675,10676.72220416431,11097.421577048279,11611.50260524561,10069.93510762867,11175.758935511945
2026-03-27 06:25:00+00:00,11183.764260510776,10971.760463367506,10676.72220416431,11105.42690204711,11619.50671969305,10069.93510762867,11183.764260510776
2026-03-27 06:30:00+00:00,11173.764260510776,10961.760463367506,10676.72220416431,11095.42690204711,11609.50671969305,10069.93510762867,11173.764260510776
2026-03-27 06:35:00+00:00,11181.77235507147,10969.768585516584,10676.72220416431,11103.434996607804,11617.51389789822,10069.93510762867,11181.77235507147
2026-03-27 06:40:00+00:00,11189.787422691625,10969.768585516584,10676.72220416431,11103.434996607804,11625.514675299779,10069.93510762867,11189.787422691625
2026-03-27 06:45:00+00:00,11179.787422691625,10959.768585516584,10676.72220416431,11093.434996607804,11625.514675299779,10069.93510762867,11179.787422691625
2026-03-27 06:50:00+00:00,11187.80252068615,10967.783683511108,10676.72220416431,11101.450094602327,11625.514675299779,10069.93510762867,11187.80252068615
2026-03-27 06:55:00+00:00,11195.815199025308,10975.796376698976,10676.72220416431,11109.462772941486,11633.502684268436,10069.93510762867,11195.815199025308
2026-03-27 07:00:00+00:00,11203.826880113265,10975.796376698976,10676.72220416431,11109.462772941486,11633.502684268436,10069.93510762867,11203.826880113265
2026-03-27 07:05:00+00:00,11211.824377043384,10983.793873629096,10684.705266418661,11117.445835195836,11641.498225006224,10069.93510762867,11211.824377043384
2026-03-27 07:10:00+00:00,11219.759229395513,10991.728725981226,10692.63903603754,11125.379604814716,11649.42517984502,10069.93510762867,11219.759229395513
2026-03-27 07:15:00+00:00,11227.77019230214,10999.739688887852,10692.63903603754,11133.390567721342,11657.412754396348,10069.93510762867,11227.77019230214
2026-03-27 07:20:00+00:00,11235.769162144412,11007.738658730124,10692.63903603754,11141.389537563615,11665.409908290036,10069.93510762867,11235.769162144412
2026-03-27 07:25:00+00:00,11243.785116180847,11007.738658730124,10692.63903603754,11141.389537563615,11665.409908290036,10069.93510762867,11243.785116180847
2026-03-27 07:30:00+00:00,11251.795595257228,11015.749158768424,10700.598506761546,11149.34900828762,11673.369379014039,10069.93510762867,11251.795595257228
2026-03-27 07:35:00+00:00,11259.797079750866,11023.750689210374,10700.598506761546,11157.350492781257,11681.369337375667,10069.93510762867,11259.797079750866
2026-03-27 07:40:00+00:00,11267.808615711949,11031.762243195777,10700.598506761546,11165.36202874234,11689.373666795585,10069.93510762867,11267.808615711949
2026-03-27 07:45:00+00:00,11257.808615711949,11031.762243195777,10700.598506761546,11165.36202874234,11679.373666795585,10059.93510762867,11257.808615711949
2026-03-27 07:50:00+00:00,11265.808907900484,11039.762535384314,10700.598506761546,11173.362320930875,11687.372268964598,10059.93510762867,11265.808907900484
2026-03-27 07:55:00+00:00,11273.812781629464,11039.762535384314,10700.598506761546,11173.362320930875,11695.374793851726,10059.93510762867,11273.812781629464
2026-03-27 08:00:00+00:00,11281.817253581574,11047.767007336422,10708.576861392627,11181.340675561958,11703.37797396327,10059.93510762867,11281.817253581574
2026-03-27 08:05:00+00:00,11289.830481598296,11047.767007336422,10708.576861392627,11181.340675561958,11711.369247124387,10059.93510762867,11289.830481598296
2026-03-27 08:10:00+00:00,11297.833857087546,11055.770382825673,10708.576861392627,11189.344051051206,11719.371226300522,10059.93510762867,11297.833857087546
2026-03-27 08:15:00+00:00,11305.80626165543,11063.742787393556,10716.525843751846,11197.293033410426,11727.339289378418,10059.93510762867,11305.80626165543
2026-03-27 08:20:00+00:00,11313.807017862508,11071.743543600634,10716.525843751846,11205.293789617503,11735.338399759989,10059.93510762867,11313.807017862508
2026-03-27 08:25:00+00:00,11321.80814822281,11079.7447208925,10724.491755015137,11213.259700880795,11743.337971333434,10059.93510762867,11321.80814822281
2026-03-27 08:30:00+00:00,11311.80814822281,11069.7447208925,10724.491755015137,11203.259700880795,11733.337971333434,10059.93510762867,11311.80814822281
2026-03-27 08:35:00+00:00,11319.755633728402,11077.692206398091,10732.371551750877,11211.139497616536,11741.278753789064,10059.93510762867,11319.755633728402
2026-03-27 08:40:00+00:00,11327.740416520784,11077.692206398091,10740.31750509934,11219.085450964998,11749.260370858041,10059.93510762867,11327.740416520784
2026-03-27 08:45:00+00:00,11317.740416520784,11077.692206398091,10740.31750509934,11219.085450964998,11739.260370858041,10067.936913762682,11317.740416520784
2026-03-27 08:50:00+00:00,11325.723428755855,11085.675218633161,10748.291249660018,11227.059195525675,11747.24004908094,10067.936913762682,11325.723428755855
2026-03-27 08:55:00+00:00,11315.723428755855,11075.675218633161,10748.291249660018,11217.059195525675,11755.234701352767,10067.936913762682,11315.723428755855
2026-03-27 09:00:00+00:00,11323.71833665569,11083.670126532996,10756.263115553587,11225.031061419246,11763.227406606167,10067.936913762682,11323.71833665569
2026-03-27 09:05:00+00:00,11331.72210237213,11083.670126532996,10756.263115553587,11225.031061419246,11771.229813189299,10067.936913762682,11331.72210237213
2026-03-27 09:10:00+00:00,11339.713760618271,11091.661857995632,10764.229707288685,11232.997653154342,11779.219039741667,10067.936913762682,11339.713760618271
2026-03-27 09:15:00+00:00,11329.713760618271,11091.661857995632,10764.229707288685,11232.997653154342,11779.219039741667,10067.936913762682,11329.713760618271
2026-03-27 09:20:00+00:00,11337.723075112814,11091.661857995632,10764.229707288685,11232.997653154342,11779.219039741667,10067.936913762682,11337.723075112814
2026-03-27 09:25:00+00:00,11345.732720410686,11091.661857995632,10764.229707288685,11232.997653154342,11779.219039741667,10067.936913762682,11345.732720410686
2026-03-27 09:30:00+00:00,11353.746369380575,11091.661857995632,10764.229707288685,11232.997653154342,11787.222950085208,10067.936913762682,11353.746369380575
2026-03-27 09:35:00+00:00,11361.742332537933,11099.65782115299,10764.229707288685,11240.9936163117,11795.216811038441,10067.936913762682,11361.742332537933
2026-03-27 09:40:00+00:00,11351.742332537933,11089.65782115299,10764.229707288685,11230.9936163117,11785.216811038441,10067.936913762682,11351.742332537933
2026-03-27 09:45:00+00:00,11359.72524938789,11097.640738002947,10772.222065064114,11238.98597408713,11793.196384811054,10067.936913762682,11359.72524938789
2026-03-27 09:50:00+00:00,11367.721063775289,11105.636552390346,10772.222065064114,11246.98178847453,11801.190082833207,10067.936913762682,11367.721063775289
2026-03-27 09:55:00+00:00,11375.690202357182,11113.60569097224,10780.19978195937,11254.959505369785,11809.154569997623,10067.936913762682,11375.690202357182
2026-03-27 10:00:00+00:00,11383.666333413305,11121.581938272566,10788.175989515348,11262.935712925764,11817.12684062533,10075.913161063008,11383.666333413305
2026-03-27 10:05:00+00:00,11391.663325183617,11129.57893004288,10796.152058566151,11270.911781976567,11825.121828110186,10075.913161063008,11391.663325183617
2026-03-27 10:10:00+00:00,11381.663325183617,11129.57893004288,10796.152058566151,11270.911781976567,11833.111988856426,10075.913161063008,11381.663325183617
2026-03-27 10:15:00+00:00,11389.65803065295,11137.573635512214,10796.152058566151,11278.9064874459,11841.104472412915,10075.913161063008,11389.65803065295
2026-03-27 10:20:00+00:00,11397.668678566719,11145.584283425982,10796.152058566151,11286.917135359668,11841.104472412915,10075.913161063008,11397.668678566719
2026-03-27 10:25:00+00:00,11405.67076424614,11145.584283425982,10796.152058566151,11286.917135359668,11849.105038902182,10075.913161063008,11405.67076424614
2026-03-27 10:30:00+00:00,11413.667518769986,11153.58109702769,10796.152058566151,11294.913889883512,11857.099831256817,10075.913161063008,11413.667518769986
2026-03-27 10:35:00+00:00,11421.602045123813,11161.515623381518,10803.881312353908,11302.643143671268,11865.026429298909,10075.913161063008,11421.602045123813
2026-03-27 10:40:00+00:00,11411.602045123813,11151.515623381518,10793.881312353908,11292.643143671268,11855.026429298909,10065.913161063008,11411.602045123813
2026-03-27 10:45:00+00:00,11401.602045123813,11151.515623381518,10793.881312353908,11292.643143671268,11845.026429298909,10065.913161063008,11401.602045123813
2026-03-27 10:50:00+00:00,11409.614908204423,11151.515623381518,10801.848335180148,11300.61016649751,11852.99345212515,10073.88018388925,11409.614908204423
2026-03-27 10:55:00+00:00,11417.611702992535,11151.515623381518,10809.819052187144,11308.580883504505,11860.988223875158,10073.88018388925,11417.611702992535
2026-03-27 11:00:00+00:00,11425.613932374998,11159.51785276398,10809.819052187144,11316.583112886969,11868.988947756749,10073.88018388925,11425.613932374998
2026-03-27 11:05:00+00:00,11415.613932374998,11159.51785276398,10809.819052187144,11316.583112886969,11858.988947756749,10073.88018388925,11415.613932374998
2026-03-27 11:10:00+00:00,11423.613527252606,11167.517447641589,10817.79946988018,11324.563530580004,11866.986786206311,10073.88018388925,11423.613527252606
2026-03-27 11:15:00+00:00,11413.613527252606,11157.517447641589,10817.79946988018,11314.563530580004,11856.986786206311,10073.88018388925,11413.613527252606
2026-03-27 11:20:00+00:00,11421.62161108722,11157.517447641589,10817.79946988018,11314.563530580004,11864.993922444495,10073.88018388925,11421.62161108722
2026-03-27 11:25:00+00:00,11429.621288836506,11165.517125390874,10817.79946988018,11322.563208329291,11872.991851657738,10073.88018388925,11429.621288836506
2026-03-27 11:30:00+00:00,11437.608044593087,11165.517125390874,10817.79946988018,11322.563208329291,11880.975629261144,10073.88018388925,11437.608044593087
2026-03-27 11:35:00+00:00,11445.613441127778,11173.522521925566,10817.79946988018,11330.568604863982,11888.97982206168,10073.88018388925,11445.613441127778
2026-03-27 11:40:00+00:00,11435.613441127778,11163.522521925566,10817.79946988018,11320.568604863982,11888.97982206168,10073.88018388925,11435.613441127778
2026-03-27 11:45:00+00:00,11443.59832139686,11171.507402194646,10825.765989518946,11328.535124502749,11896.961545873426,10073.88018388925,11443.59832139686
2026-03-27 11:50:00+00:00,11451.576860348381,11179.48594114617,10833.747737272552,11336.516872256354,11904.936325796654,10073.88018388925,11451.576860348381
2026-03-27 11:55:00+00:00,11459.569642023547,11187.478722821335,10833.747737272552,11344.50965393152,11912.926702484825,10073.88018388925,11459.569642023547
2026-03-27 12:00:00+00:00,11467.571615724613,11187.478722821335,10833.747737272552,11344.50965393152,11920.927146328744,10073.88018388925,11467.571615724613
2026-03-27 12:05:00+00:00,11475.539598294103,11195.446705390825,10841.72666440461,11352.488581063577,11928.890367810141,10073.88018388925,11475.539598294103
2026-03-27 12:10:00+00:00,11483.51936168618,11195.446705390825,10849.706495721648,11360.468412380616,11936.866488487442,10073.88018388925,11483.51936168618
2026-03-27 12:15:00+00:00,11491.527345204622,11203.45471680619,10849.706495721648,11368.476395899057,11944.8735454027,10073.88018388925,11491.527345204622
2026-03-27 12:20:00+00:00,11481.527345204622,11193.45471680619,10849.706495721648,11358.476395899057,11944.8735454027,10073.88018388925,11481.527345204622
2026-03-27 12:25:00+00:00,11489.530716399167,11193.45471680619,10849.706495721648,11358.476395899057,11952.875519874953,10073.88018388925,11489.530716399167
2026-03-27 12:30:00+00:00,11479.530716399167,11183.45471680619,10849.706495721648,11348.476395899057,11942.875519874953,10073.88018388925,11479.530716399167
2026-03-27 12:35:00+00:00,11487.485486607355,11191.409487014376,10857.643049275672,11356.41294945308,11950.824276648955,10073.88018388925,11487.485486607355
2026-03-27 12:40:00+00:00,11477.485486607355,11181.409487014376,10857.643049275672,11346.41294945308,11950.824276648955,10073.88018388925,11477.485486607355
2026-03-27 12:45:00+00:00,11485.482004876814,11189.40606501732,10865.58694453489,11354.356844712298,11958.818810976434,10073.88018388925,11485.482004876814
2026-03-27 12:50:00+00:00,11493.480474203086,11189.40606501732,10865.58694453489,11354.356844712298,11966.815416694517,10073.88018388925,11493.480474203086
2026-03-27 12:55:00+00:00,11501.49543391953,11197.421024733765,10865.58694453489,11362.371804428743,11974.814926257508,10073.88018388925,11501.49543391953
2026-03-27 13:00:00+00:00,11509.506846609183,11197.421024733765,10865.58694453489,11362.371804428743,11982.80049322926,10073.88018388925,11509.506846609183
2026-03-27 13:05:00+00:00,11517.510103894985,11205.424323045145,10865.58694453489,11370.375061714545,11990.802387874435,10073.88018388925,11517.510103894985
2026-03-27 13:10:00+00:00,11525.52452489202,11205.424323045145,10865.58694453489,11370.375061714545,11990.802387874435,10073.88018388925,11525.52452489202
2026-03-27 13:15:00+00:00,11515.52452489202,11205.424323045145,10865.58694453489,11370.375061714545,11990.802387874435,10073.88018388925,11515.52452489202
2026-03-27 13:20:00+00:00,11505.52452489202,11195.424323045145,10865.58694453489,11360.375061714545,11980.802387874435,10073.88018388925,11505.52452489202
2026-03-27 13:25:00+00:00,11513.533762277311,11195.424323045145,10865.58694453489,11360.375061714545,11988.794344709837,10073.88018388925,11513.533762277311
2026-03-27 13:30:00+00:00,11521.480157487396,11195.424323045145,10873.474600323794,11368.262717503447,11996.733933709067,10073.88018388925,11521.480157487396
2026-03-27 13:35:00+00:00,11529.48152733656,11195.424323045145,10881.428388527422,11376.216505707076,12004.733766854632,10081.88160000504,11529.48152733656
2026-03-27 13:40:00+00:00,11537.479969427679,11203.422819530537,10889.39701359327,11384.185130772925,12012.730402317877,10081.88160000504,11537.479969427679
2026-03-27 13:45:00+00:00,11527.479969427679,11203.422819530537,10879.39701359327,11374.185130772925,12002.730402317877,10081.88160000504,11527.479969427679
2026-03-27 13:50:00+00:00,11535.481463764267,11211.424313867123,10879.39701359327,11382.18662510951,12010.73032113498,10081.88160000504,11535.481463764267
2026-03-27 13:55:00+00:00,11525.481463764267,11201.424313867123,10879.39701359327,11372.18662510951,12000.73032113498,10081.88160000504,11525.481463764267
2026-03-27 14:00:00+00:00,11515.481463764267,11201.424313867123,10879.39701359327,11372.18662510951,11990.73032113498,10081.88160000504,11515.481463764267
2026-03-27 14:05:00+00:00,11505.481463764267,11191.424313867123,10879.39701359327,11362.18662510951,11980.73032113498,10089.885859444055,11505.481463764267
2026-03-27 14:10:00+00:00,11513.496301963583,11199.43915206644,10869.39701359327,11370.20146330883,11970.73032113498,10089.885859444055,11513.496301963583
2026-03-27 14:15:00+00:00,11521.48005214707,11207.422902249926,10877.344268778306,11378.148718493865,11978.710807442729,10089.885859444055,11521.48005214707
2026-03-27 14:20:00+00:00,11529.416702992208,11215.359553095066,10885.279947921335,11386.084397636892,11986.63973070793,10089.885859444055,11529.416702992208
2026-03-27 14:25:00+00:00,11537.380298685877,11223.323148788735,10893.221446299607,11394.025896015166,11994.598149273472,10089.885859444055,11537.380298685877
2026-03-27 14:30:00+00:00,11527.380298685877,11213.323148788735,10901.192226438206,11384.025896015166,11984.598149273472,10097.856639582655,11527.380298685877
2026-03-27 14:35:00+00:00,11535.390687768933,11213.323148788735,10909.144821475713,11391.978491052672,11992.550744310978,10105.809234620161,11535.390687768933
2026-03-27 14:40:00+00:00,11525.390687768933,11203.323148788735,10909.144821475713,11381.978491052672,11982.550744310978,10105.809234620161,11525.390687768933
2026-03-27 14:45:00+00:00,11533.386705163211,11211.319227306396,10909.144821475713,11389.97450844695,11990.544731605609,10105.809234620161,11533.386705163211
2026-03-27 14:50:00+00:00,11541.399238548984,11211.319227306396,10909.144821475713,11389.97450844695,11998.533287084963,10105.809234620161,11541.399238548984
2026-03-27 14:55:00+00:00,11549.389749458218,11219.30973821563,10917.12522838496,11397.954915356198,12006.521176969565,10105.809234620161,11549.389749458218
2026-03-27 15:00:00+00:00,11557.3994193199,11219.30973821563,10917.12522838496,11397.954915356198,12006.521176969565,10105.809234620161,11557.3994193199
2026-03-27 15:05:00+00:00,11547.3994193199,11219.30973821563,10917.12522838496,11397.954915356198,11996.521176969565,10105.809234620161,11547.3994193199
2026-03-27 15:10:00+00:00,11555.412136604034,11227.322470240206,10917.12522838496,11405.967632640335,11996.521176969565,10105.809234620161,11555.412136604034
2026-03-27 15:15:00+00:00,11563.413461945098,11235.323841971473,10917.12522838496,11413.968957981398,12004.52096150289,10105.809234620161,11563.413461945098
2026-03-27 15:20:00+00:00,11553.413461945098,11225.323841971473,10924.949477700497,11403.968957981398,11994.52096150289,10113.633483935695,11553.413461945098
2026-03-27 15:25:00+00:00,11561.411410187075,11225.323841971473,10924.949477700497,11403.968957981398,12002.51699652164,10113.633483935695,11561.411410187075
2026-03-27 15:30:00+00:00,11569.409785962727,11233.322217747125,10932.928401900137,11411.947882181039,12010.51349978145,10113.633483935695,11569.409785962727
2026-03-27 15:35:00+00:00,11559.409785962727,11223.322217747125,10922.928401900137,11401.947882181039,12000.51349978145,10113.633483935695,11559.409785962727
2026-03-27 15:40:00+00:00,11567.419467811198,11231.339374946843,10922.928401900137,11409.95756402951,12008.50381264283,10113.633483935695,11567.419467811198
2026-03-27 15:45:00+00:00,11575.415876871264,11231.339374946843,10930.898754260345,11417.927916389717,12016.498161944904,10113.633483935695,11575.415876871264
2026-03-27 15:50:00+00:00,11583.394365342556,11239.317863418137,10938.84710516788,11425.876267297253,12024.472886592997,10113.633483935695,11583.394365342556
2026-03-27 15:55:00+00:00,11591.393553478836,11247.317051554417,10938.84710516788,11433.875455433536,12032.470279567764,10113.633483935695,11591.393553478836
2026-03-27 16:00:00+00:00,11581.393553478836,11237.317051554417,10938.84710516788,11423.875455433536,12022.470279567764,10103.633483935695,11581.393553478836
2026-03-27 16:05:00+00:00,11589.387799276155,11245.311297351736,10946.817146344938,11431.845496610593,12030.462259704527,10103.633483935695,11589.387799276155
2026-03-27 16:10:00+00:00,11597.375947790924,11253.299445866505,10954.784056485405,11439.812406751058,12038.447562503292,10103.633483935695,11597.375947790924
2026-03-27 16:15:00+00:00,11587.375947790924,11253.299445866505,10954.784056485405,11439.812406751058,12046.441143152086,10111.627064584487,11587.375947790924
2026-03-27 16:20:00+00:00,11595.35653269647,11261.28003077205,10962.723694393815,11447.752044659468,12054.418163390828,10111.627064584487,11595.35653269647
2026-03-27 16:25:00+00:00,11603.338514280924,11269.262012356503,10970.690067623951,11455.718417889604,12062.396713018155,10111.627064584487,11603.338514280924
2026-03-27 16:30:00+00:00,11611.348898478049,11269.262012356503,10970.690067623951,11455.718417889604,12062.396713018155,10111.627064584487,11611.348898478049
2026-03-27 16:35:00+00:00,11619.305560644661,11277.218674523116,10978.628947357547,11463.657297623202,12070.347540956654,10111.627064584487,11619.305560644661
2026-03-27 16:40:00+00:00,11627.302245422723,11285.215359301177,10986.578956312953,11471.607306578606,12078.342192223885,10111.627064584487,11627.302245422723
2026-03-27 16:45:00+00:00,11635.3141449856,11285.215359301177,10986.578956312953,11471.607306578606,12086.337163022836,10119.622035383438,11635.3141449856
2026-03-27 16:50:00+00:00,11625.3141449856,11275.215359301177,10986.578956312953,11461.607306578606,12076.337163022836,10119.622035383438,11625.3141449856
2026-03-27 16:55:00+00:00,11633.31079327588,11275.215359301177,10986.578956312953,11461.607306578606,12084.331774328755,10119.622035383438,11633.31079327588
2026-03-27 17:00:00+00:00,11641.325085889199,11275.215359301177,10986.578956312953,11461.607306578606,12092.329341233331,10127.619602288012,11641.325085889199
2026-03-27 17:05:00+00:00,11649.277040326473,11275.215359301177,10994.523202053424,11469.551552319077,12100.275015604338,10127.619602288012,11649.277040326473
2026-03-27 17:10:00+00:00,11657.28621279288,11275.215359301177,10994.523202053424,11469.551552319077,12108.27074832489,10127.619602288012,11657.28621279288
2026-03-27 17:15:00+00:00,11665.275620803322,11283.204846768405,11002.4827046891,11477.511054954755,12116.257517418197,10127.619602288012,11665.275620803322
2026-03-27 17:20:00+00:00,11673.291785729347,11283.204846768405,11002.4827046891,11477.511054954755,12124.226290726709,10127.619602288012,11673.291785729347
2026-03-27 17:25:00+00:00,11681.306942526833,11283.204846768405,11002.4827046891,11477.511054954755,12132.22878325381,10127.619602288012,11681.306942526833
2026-03-27 17:30:00+00:00,11689.298257453183,11291.196161694756,11010.465162730423,11485.493512996076,12140.217553641782,10127.619602288012,11689.298257453183
2026-03-27 17:35:00+00:00,11697.307704906954,11291.196161694756,11010.465162730423,11485.493512996076,12140.217553641782,10127.619602288012,11697.307704906954
2026-03-27 17:40:00+00:00,11705.27689090119,11299.16534768899,11018.381073981642,11493.409424247297,12148.18209271687,10127.619602288012,11705.27689090119
2026-03-27 17:45:00+00:00,11713.276822188824,11307.16532923712,11026.358082666047,11501.386432931702,12156.180354660886,10127.619602288012,11713.276822188824
2026-03-27 17:50:00+00:00,11721.284142696471,11315.172679483836,11026.358082666047,11509.39375343935,12164.186687381536,10127.619602288012,11721.284142696471
2026-03-27 17:55:00+00:00,11729.285828496731,11315.172679483836,11026.358082666047,11509.39375343935,12172.186815900055,10127.619602288012,11729.285828496731
2026-03-27 18:00:00+00:00,11737.282501005984,11323.169411298551,11026.358082666047,11517.390425948603,12180.181518681715,10127.619602288012,11737.282501005984
2026-03-27 18:05:00+00:00,11727.282501005984,11323.169411298551,11026.358082666047,11517.390425948603,12180.181518681715,10127.619602288012,11727.282501005984
2026-03-27 18:10:00+00:00,11717.282501005984,11323.169411298551,11026.358082666047,11517.390425948603,12188.172330292371,10135.61041389867,11717.282501005984
2026-03-27 18:15:00+00:00,11725.269463335864,11331.15637362843,11034.320613291115,11525.35295657367,12196.156334110672,10135.61041389867,11725.269463335864
2026-03-27 18:20:00+00:00,11733.268760719367,11339.155671011935,11042.285026102134,11533.31736938469,12204.153846735951,10135.61041389867,11733.268760719367
2026-03-27 18:25:00+00:00,11741.236231711673,11347.12314200424,11050.231729704272,11541.264072986827,12212.116508111936,10135.61041389867,11741.236231711673
2026-03-27 18:30:00+00:00,11731.236231711673,11337.12314200424,11040.231729704272,11531.264072986827,12202.116508111936,10135.61041389867,11731.236231711673
2026-03-27 18:35:00+00:00,11739.238536799,11345.125490761355,11040.231729704272,11539.266378074153,12210.117362740097,10125.61041389867,11739.238536799
2026-03-27 18:40:00+00:00,11729.238536799,11335.125490761355,11040.231729704272,11529.266378074153,12218.12008904791,10125.61041389867,11729.238536799
2026-03-27 18:45:00+00:00,11719.238536799,11325.125490761355,11040.231729704272,11519.266378074153,12218.12008904791,10125.61041389867,11719.238536799
2026-03-27 18:50:00+00:00,11727.231417054449,11333.118371016804,11048.20787663446,11527.242525004342,12226.110573696522,10125.61041389867,11727.231417054449
2026-03-27 18:55:00+00:00,11717.231417054449,11323.118371016804,11048.20787663446,11517.242525004342,12216.110573696522,10125.61041389867,11717.231417054449
2026-03-27 19:00:00+00:00,11725.243198692096,11323.118371016804,11048.20787663446,11517.242525004342,12224.099934857219,10125.61041389867,11725.243198692096
2026-03-27 19:05:00+00:00,11733.254451476592,11323.118371016804,11048.20787663446,11517.242525004342,12232.049501154212,10125.61041389867,11733.254451476592
2026-03-27 19:10:00+00:00,11741.266663766146,11331.130599450653,11048.20787663446,11525.254737293895,12232.049501154212,10125.61041389867,11741.266663766146
2026-03-27 19:15:00+00:00,11749.224312989269,11339.088248673776,11056.145291797586,11533.192152457023,12240.001409659682,10125.61041389867,11749.224312989269
2026-03-27 19:20:00+00:00,11757.231030239767,11339.088248673776,11056.145291797586,11533.192152457023,12248.007049048456,10125.61041389867,11757.231030239767
2026-03-27 19:25:00+00:00,11747.231030239767,11339.088248673776,11056.145291797586,11533.192152457023,12256.00744003339,10133.610804883605,11747.231030239767
2026-03-27 19:30:00+00:00,11755.241249383329,11339.088248673776,11064.128663730056,11541.175524389491,12263.99081196586,10133.610804883605,11755.241249383329
2026-03-27 19:35:00+00:00,11745.241249383329,11329.088248673776,11064.128663730056,11531.175524389491,12271.995096062317,10133.610804883605,11745.241249383329
2026-03-27 19:40:00+00:00,11753.239966426936,11337.087019348482,11064.128663730056,11539.1742414331,12279.992031823167,10133.610804883605,11753.239966426936
2026-03-27 19:45:00+00:00,11761.24382529292,11345.090917569343,11064.128663730056,11547.178100299085,12287.994583535787,10133.610804883605,11761.24382529292
2026-03-27 19:50:00+00:00,11751.24382529292,11335.090917569343,11064.128663730056,11537.178100299085,12277.994583535787,10141.60737332779,11751.24382529292
2026-03-27 19:55:00+00:00,11759.257600204479,11343.104692480902,11064.128663730056,11545.191875210643,12277.994583535787,10141.60737332779,11759.257600204479
2026-03-27 20:00:00+00:00,11767.231921140674,11351.079013417095,11072.114432282624,11553.17764376321,12285.964744894676,10141.60737332779,11767.231921140674
2026-03-27 20:05:00+00:00,11775.246421694774,11359.093523753632,11072.114432282624,11561.19214431731,12293.952775292375,10141.60737332779,11775.246421694774
2026-03-27 20:10:00+00:00,11783.254827944997,11359.093523753632,11072.114432282624,11561.19214431731,12301.936653652416,10141.60737332779,11783.254827944997
2026-03-27 20:15:00+00:00,11791.250206362023,11367.088965067054,11072.114432282624,11569.187522734337,12309.929943089553,10141.60737332779,11791.250206362023
2026-03-27 20:20:00+00:00,11799.26505345674,11367.088965067054,11072.114432282624,11569.187522734337,12309.929943089553,10141.60737332779,11799.26505345674
2026-03-27 20:25:00+00:00,11807.27838911329,11375.102300723604,11072.114432282624,11577.200858390886,12317.92137696675,10141.60737332779,11807.27838911329
2026-03-27 20:30:00+00:00,11815.293535225004,11375.102300723604,11072.114432282624,11577.200858390886,12317.92137696675,10141.60737332779,11815.293535225004
2026-03-27 20:35:00+00:00,11823.29392201956,11383.102736514104,11072.114432282624,11585.201245185443,12325.920136414385,10141.60737332779,11823.29392201956
2026-03-27 20:40:00+00:00,11813.29392201956,11373.102736514104,11072.114432282624,11575.201245185443,12333.909743644774,10141.60737332779,11813.29392201956
2026-03-27 20:45:00+00:00,11821.281942532734,11381.090757027278,11080.07252202223,11583.159334925049,12341.89490626935,10141.60737332779,11821.281942532734
2026-03-27 20:50:00+00:00,11829.278825255433,11389.087639749976,11088.053639911177,11591.140452813996,12349.889774325235,10141.60737332779,11829.278825255433
2026-03-27 20:55:00+00:00,11837.292248751513,11397.101076023142,11088.053639911177,11599.153876310078,12349.889774325235,10141.60737332779,11837.292248751513
2026-03-27 21:00:00+00:00,11845.297400061074,11405.106227332702,11088.053639911177,11607.159027619638,12357.893698531392,10141.60737332779,11845.297400061074
2026-03-27 21:05:00+00:00,11853.312863141708,11405.106227332702,11088.053639911177,11607.159027619638,12357.893698531392,10141.60737332779,11853.312863141708
2026-03-27 21:10:00+00:00,11861.314290879194,11413.10765507019,11088.053639911177,11615.160455357123,12365.893544405644,10141.60737332779,11861.314290879194
2026-03-27 21:15:00+00:00,11869.326425748039,11421.119806298546,11088.053639911177,11623.17259022597,12365.893544405644,10141.60737332779,11869.326425748039
2026-03-27 21:20:00+00:00,11877.337809457695,11421.119806298546,11088.053639911177,11623.17259022597,12365.893544405644,10141.60737332779,11877.337809457695
2026-03-27 21:25:00+00:00,11885.351979117071,11411.119806298546,11088.053639911177,11623.17259022597,12365.893544405644,10141.60737332779,11885.351979117071
2026-03-27 21:30:00+00:00,11875.351979117071,11401.119806298546,11088.053639911177,11613.17259022597,12365.893544405644,10141.60737332779,11875.351979117071
2026-03-27 21:35:00+00:00,11883.339173453956,11409.107000635431,11096.030459078309,11621.1494093931,12373.877802291456,10141.60737332779,11883.339173453956
2026-03-27 21:40:00+00:00,11891.339715195227,11409.107000635431,11096.030459078309,11621.1494093931,12381.876677780774,10141.60737332779,11891.339715195227
2026-03-27 21:45:00+00:00,11899.341298452244,11417.108583892448,11096.030459078309,11629.150992650117,12389.87669398831,10141.60737332779,11899.341298452244
2026-03-27 21:50:00+00:00,11907.35786204592,11417.108583892448,11096.030459078309,11629.150992650117,12389.87669398831,10141.60737332779,11907.35786204592
2026-03-27 21:55:00+00:00,11897.35786204592,11407.108583892448,11096.030459078309,11619.150992650117,12379.87669398831,10141.60737332779,11897.35786204592
2026-03-27 22:00:00+00:00,11887.35786204592,11397.108583892448,11096.030459078309,11609.150992650117,12369.87669398831,10141.60737332779,11887.35786204592
2026-03-27 22:05:00+00:00,11877.35786204592,11397.108583892448,11096.030459078309,11609.150992650117,12369.87669398831,10141.60737332779,11877.35786204592
2026-03-27 22:10:00+00:00,11885.36808984652,11397.108583892448,11096.030459078309,11609.150992650117,12369.87669398831,10141.60737332779,11885.36808984652
2026-03-27 22:15:00+00:00,11893.378098867823,11397.108583892448,11096.030459078309,11609.150992650117,12369.87669398831,10141.60737332779,11893.378098867823
2026-03-27 22:20:00+00:00,11901.389478770143,11405.119963794768,11096.030459078309,11617.162372552437,12369.87669398831,10141.60737332779,11901.389478770143
2026-03-27 22:25:00+00:00,11891.389478770143,11405.119963794768,11096.030459078309,11617.162372552437,12377.853175931257,10141.60737332779,11891.389478770143
2026-03-27 22:30:00+00:00,11881.389478770143,11395.119963794768,11096.030459078309,11607.162372552437,12367.853175931257,10141.60737332779,11881.389478770143
2026-03-27 22:35:00+00:00,11889.392877412938,11403.123362437564,11096.030459078309,11615.165771195232,12375.855180466897,10141.60737332779,11889.392877412938
2026-03-27 22:40:00+00:00,11897.407802959824,11403.123362437564,11104.006252803045,11623.141564919968,12383.830974191633,10141.60737332779,11897.407802959824
2026-03-27 22:45:00+00:00,11905.421682640437,11411.137242118177,11104.006252803045,11631.155444600581,12383.830974191633,10141.60737332779,11905.421682640437
2026-03-27 22:50:00+00:00,11913.424524075359,11419.140083553099,11104.006252803045,11639.158286035503,12391.832368433039,10141.60737332779,11913.424524075359
2026-03-27 22:55:00+00:00,11921.428010255124,11427.143610122774,11104.006252803045,11647.161772215268,12399.834513083928,10141.60737332779,11921.428010255124
2026-03-27 23:00:00+00:00,11929.428073800953,11435.16068713656,11104.006252803045,11655.161835761097,12407.834651522127,10141.60737332779,11929.428073800953
2026-03-27 23:05:00+00:00,11937.433040914002,11443.165690526379,11104.006252803045,11663.166802874146,12415.838413712554,10149.612376717607,11937.433040914002
2026-03-27 23:10:00+00:00,11945.43228305936,11451.164932671738,11104.006252803045,11671.166045019503,12423.835865839505,10149.612376717607,11945.43228305936
2026-03-27 23:15:00+00:00,11953.446204773874,11459.178865778136,11104.006252803045,11679.179966734018,12423.835865839505,10149.612376717607,11953.446204773874
2026-03-27 23:20:00+00:00,11961.453813311948,11467.186474316211,11104.006252803045,11687.187575272092,12431.842481472555,10149.612376717607,11961.453813311948
2026-03-27 23:25:00+00:00,11969.468253542907,11475.20091454717,11104.006252803045,11695.202015503051,12431.842481472555,10149.612376717607,11969.468253542907
2026-03-27 23:30:00+00:00,11977.483455574431,11475.20091454717,11104.006252803045,11695.202015503051,12431.842481472555,10149.612376717607,11977.483455574431
2026-03-27 23:35:00+00:00,11985.481618742097,11483.199077714835,11104.006252803045,11703.200178670715,12439.838751880758,10149.612376717607,11985.481618742097
2026-03-27 23:40:00+00:00,11993.488442574002,11491.20593266571,11104.006252803045,11711.207002502622,12447.844542094777,10149.612376717607,11993.488442574002
2026-03-27 23:45:00+00:00,12001.497339942933,11499.214830034642,11104.006252803045,11719.215899871553,12455.834275204525,10149.612376717607,12001.497339942933
2026-03-27 23:50:00+00:00,12009.508521033524,11507.22603013595,11104.006252803045,11727.227080962142,12463.839459396771,10149.612376717607,12009.508521033524
2026-03-27 23:55:00+00:00,12017.521723895088,11515.239246388008,11104.006252803045,11735.240283823709,12471.830109209175,10149.612376717607,12017.521723895088
2026-03-28 00:00:00+00:00,12025.52239218631,11523.239962893666,11111.988370927296,11743.22240194796,12479.829176107989,10149.612376717607,12025.52239218631
2026-03-28 00:05:00+00:00,12015.52239218631,11523.239962893666,11111.988370927296,11743.22240194796,12487.798728864793,10149.612376717607,12015.52239218631
2026-03-28 00:10:00+00:00,12023.537958263692,11531.255535790557,11111.988370927296,11751.237968025343,12487.798728864793,10149.612376717607,12023.537958263692
2026-03-28 00:15:00+00:00,12031.532214577112,11539.249792103974,11111.988370927296,11759.23222433876,12495.79072051846,10149.612376717607,12031.532214577112
2026-03-28 00:20:00+00:00,12039.54649354621,11539.249792103974,11111.988370927296,11759.23222433876,12495.79072051846,10149.612376717607,12039.54649354621
2026-03-28 00:25:00+00:00,12047.560123704203,11547.263422261967,11111.988370927296,11767.245854496752,12503.788330344092,10149.612376717607,12047.560123704203
2026-03-28 00:30:00+00:00,12055.555842699405,11547.263422261967,11119.988773356608,11775.246256926066,12511.781923893992,10149.612376717607,12055.555842699405
2026-03-28 00:35:00+00:00,12063.556243263563,11547.263422261967,11119.988773356608,11775.246256926066,12519.780644760305,10149.612376717607,12063.556243263563
2026-03-28 00:40:00+00:00,12053.556243263563,11547.263422261967,11119.988773356608,11775.246256926066,12527.769684508232,10149.612376717607,12053.556243263563
2026-03-28 00:45:00+00:00,12061.567602175874,11555.274781174277,11119.988773356608,11783.257615838376,12535.759958997925,10149.612376717607,12061.567602175874
2026-03-28 00:50:00+00:00,12069.572964407489,11563.280143405893,11119.988773356608,11791.262978069992,12543.76411422636,10149.612376717607,12069.572964407489
2026-03-28 00:55:00+00:00,12077.572520999616,11571.279699998018,11127.970104522496,11799.244309235879,12551.76191074448,10149.612376717607,12077.572520999616
2026-03-28 01:00:00+00:00,12085.574199432052,11571.279699998018,11127.970104522496,11799.244309235879,12559.763657339307,10149.612376717607,12085.574199432052
2026-03-28 01:05:00+00:00,12093.579125656222,11579.284662612532,11135.953492638908,11807.227697352291,12567.767374868798,10149.612376717607,12093.579125656222
2026-03-28 01:10:00+00:00,12101.579403551495,11579.284662612532,11143.91614138768,11815.190346101064,12575.76596138327,10149.612376717607,12101.579403551495
2026-03-28 01:15:00+00:00,12109.574952940586,11587.280212001624,11143.91614138768,11823.185895490155,12583.75936918309,10149.612376717607,12109.574952940586
2026-03-28 01:20:00+00:00,12117.58111611994,11595.286375180978,11143.91614138768,11831.192058669509,12591.764401691824,10149.612376717607,12117.58111611994
2026-03-28 01:25:00+00:00,12125.585940754556,11603.291199815594,11143.91614138768,11839.196883304126,12599.76796809294,10149.612376717607,12125.585940754556
2026-03-28 01:30:00+00:00,12115.585940754556,11593.291199815594,11143.91614138768,11829.196883304126,12589.76796809294,10149.612376717607,12115.585940754556
2026-03-28 01:35:00+00:00,12123.573430981414,11601.278690042453,11151.916560491316,11837.19730240776,12597.75255000448,10149.612376717607,12123.573430981414
2026-03-28 01:40:00+00:00,12131.565570178573,11609.270829239611,11151.916560491316,11845.189441604918,12605.74222308406,10149.612376717607,12131.565570178573
2026-03-28 01:45:00+00:00,12139.567064510871,11617.27232357191,11151.916560491316,11853.190935937217,12613.742141896468,10149.612376717607,12139.567064510871
2026-03-28 01:50:00+00:00,12129.567064510871,11607.27232357191,11151.916560491316,11843.190935937217,12603.742141896468,10149.612376717607,12129.567064510871
2026-03-28 01:55:00+00:00,12119.567064510871,11597.27232357191,11151.916560491316,11833.190935937217,12611.722465535186,10149.612376717607,12119.567064510871
2026-03-28 02:00:00+00:00,12127.561595944826,11605.266920252245,11151.916560491316,11841.185467371171,12619.714829948834,10149.612376717607,12127.561595944826
2026-03-28 02:05:00+00:00,12135.558191805598,11613.263516113017,11151.916560491316,11849.182063231943,12627.709383834137,10149.612376717607,12135.558191805598
2026-03-28 02:10:00+00:00,12143.570953357603,11613.263516113017,11151.916560491316,11849.182063231943,12635.702309565315,10149.612376717607,12143.570953357603
2026-03-28 02:15:00+00:00,12151.512528021189,11621.2050907766,11159.852403161345,11857.117905901972,12643.636622077134,10149.612376717607,12151.512528021189
2026-03-28 02:20:00+00:00,12159.524995323727,11629.21755807914,11159.852403161345,11865.13037320451,12651.642335572993,10149.612376717607,12159.524995323727
2026-03-28 02:25:00+00:00,12167.535266365878,11637.22782912129,11159.852403161345,11873.140644246661,12651.642335572993,10149.612376717607,12167.535266365878
2026-03-28 02:30:00+00:00,12175.544068286377,11645.236631041791,11159.852403161345,11881.149446167161,12659.632411548242,10149.612376717607,12175.544068286377
2026-03-28 02:35:00+00:00,12183.541918487856,11653.23448124327,11159.852403161345,11889.147296368641,12667.628339191922,10149.612376717607,12183.541918487856
2026-03-28 02:40:00+00:00,12191.555716113282,11661.248278868696,11159.852403161345,11897.161093994067,12667.628339191922,10149.612376717607,12191.555716113282
2026-03-28 02:45:00+00:00,12181.555716113282,11661.248278868696,11159.852403161345,11897.161093994067,12667.628339191922,10149.612376717607,12181.555716113282
2026-03-28 02:50:00+00:00,12171.555716113282,11651.248278868696,11159.852403161345,11887.161093994067,12657.628339191922,10149.612376717607,12171.555716113282
2026-03-28 02:55:00+00:00,12179.568178384012,11659.260741139426,11159.852403161345,11895.173556264795,12657.628339191922,10149.612376717607,12179.568178384012
2026-03-28 03:00:00+00:00,12187.568435989797,11667.26099874521,11159.852403161345,11903.17381387058,12665.626903484555,10149.612376717607,12187.568435989797
2026-03-28 03:05:00+00:00,12195.584267653205,11667.26099874521,11159.852403161345,11903.17381387058,12673.629199319581,10149.612376717607,12195.584267653205
2026-03-28 03:10:00+00:00,12185.584267653205,11657.26099874521,11159.852403161345,11893.17381387058,12673.629199319581,10149.612376717607,12185.584267653205
2026-03-28 03:15:00+00:00,12193.59213707448,11665.268896380432,11159.852403161345,11901.181683291856,12681.636131608231,10149.612376717607,12193.59213707448
2026-03-28 03:20:00+00:00,12183.59213707448,11655.268896380432,11159.852403161345,11891.181683291856,12681.636131608231,10149.612376717607,12183.59213707448
2026-03-28 03:25:00+00:00,12173.59213707448,11645.268896380432,11159.852403161345,11881.181683291856,12671.636131608231,10149.612376717607,12173.59213707448
2026-03-28 03:30:00+00:00,12163.59213707448,11635.268896380432,11159.852403161345,11871.181683291856,12671.636131608231,10149.612376717607,12163.59213707448
2026-03-28 03:35:00+00:00,12153.59213707448,11625.268896380432,11159.852403161345,11861.181683291856,12661.636131608231,10149.612376717607,12153.59213707448
2026-03-28 03:40:00+00:00,12161.598794814925,11633.275554120877,11159.852403161345,11869.1883410323,12669.641705814836,10149.612376717607,12161.598794814925
2026-03-28 03:45:00+00:00,12169.611710844743,11641.288470150697,11159.852403161345,11877.201257062121,12669.641705814836,10149.612376717607,12169.611710844743
2026-03-28 03:50:00+00:00,12159.611710844743,11631.288470150697,11159.852403161345,11867.201257062121,12669.641705814836,10149.612376717607,12159.611710844743
2026-03-28 03:55:00+00:00,12167.623787997763,11639.300563823668,11159.852403161345,11875.213334215141,12677.632003120436,10149.612376717607,12167.623787997763
2026-03-28 04:00:00+00:00,12157.623787997763,11639.300563823668,11159.852403161345,11875.213334215141,12667.632003120436,10149.612376717607,12157.623787997763
2026-03-28 04:05:00+00:00,12165.627623117147,11647.304398943053,11159.852403161345,11883.217169334524,12675.634485719222,10149.612376717607,12165.627623117147
2026-03-28 04:10:00+00:00,12173.641562750825,11647.304398943053,11159.852403161345,11883.217169334524,12675.634485719222,10149.612376717607,12173.641562750825
2026-03-28 04:15:00+00:00,12181.632004752766,11655.294840944995,11167.807771591348,11891.172537764527,12683.622300141722,10149.612376717607,12181.632004752766
2026-03-28 04:20:00+00:00,12189.639429776802,11663.302265969032,11167.807771591348,11899.179962788563,12691.628714767594,10149.612376717607,12189.639429776802
2026-03-28 04:25:00+00:00,12179.639429776802,11663.302265969032,11167.807771591348,11899.179962788563,12691.628714767594,10149.612376717607,12179.639429776802
2026-03-28 04:30:00+00:00,12169.639429776802,11653.302265969032,11167.807771591348,11889.179962788563,12691.628714767594,10149.612376717607,12169.639429776802
2026-03-28 04:35:00+00:00,12177.64685315384,11661.309689346068,11167.807771591348,11897.1873861656,12699.635127589469,10149.612376717607,12177.64685315384
2026-03-28 04:40:00+00:00,12167.64685315384,11651.309689346068,11167.807771591348,11887.1873861656,12689.635127589469,10149.612376717607,12167.64685315384
2026-03-28 04:45:00+00:00,12175.659401033041,11659.322252436656,11167.807771591348,11895.199934044802,12689.635127589469,10149.612376717607,12175.659401033041
2026-03-28 04:50:00+00:00,12183.671817578143,11659.322252436656,11167.807771591348,11895.199934044802,12689.635127589469,10149.612376717607,12183.671817578143
2026-03-28 04:55:00+00:00,12173.671817578143,11649.322252436656,11167.807771591348,11885.199934044802,12679.635127589469,10149.612376717607,12173.671817578143
2026-03-28 05:00:00+00:00,12181.678103369919,11657.328538228432,11167.807771591348,11893.206219836578,12687.640294396591,10149.612376717607,12181.678103369919
2026-03-28 05:05:00+00:00,12171.678103369919,11647.328538228432,11167.807771591348,11883.206219836578,12687.640294396591,10149.612376717607,12171.678103369919
2026-03-28 05:10:00+00:00,12179.68911433276,11655.339549191272,11167.807771591348,11891.217230799419,12695.638738613718,10149.612376717607,12179.68911433276
2026-03-28 05:15:00+00:00,12187.704437254355,11663.354879608556,11167.807771591348,11899.232553721016,12703.637844676017,10149.612376717607,12187.704437254355
2026-03-28 05:20:00+00:00,12195.693488717487,11671.343931071688,11175.782602666459,11907.207384796127,12711.624136296437,10149.612376717607,12195.693488717487
2026-03-28 05:25:00+00:00,12203.701402398754,11679.351844752953,11175.782602666459,11915.215298477395,12719.631086160765,10149.612376717607,12203.701402398754
2026-03-28 05:30:00+00:00,12211.703327014957,11687.353769369158,11175.782602666459,11923.217223093598,12727.631476244072,10149.612376717607,12211.703327014957
2026-03-28 05:35:00+00:00,12219.71414775399,11695.36459010819,11175.782602666459,11931.22804383263,12727.631476244072,10149.612376717607,12219.71414775399
2026-03-28 05:40:00+00:00,12209.71414775399,11685.36459010819,11175.782602666459,11921.22804383263,12735.625439254613,10149.612376717607,12209.71414775399
2026-03-28 05:45:00+00:00,12217.729323256206,11693.379773516037,11175.782602666459,11929.243219334847,12735.625439254613,10149.612376717607,12217.729323256206
2026-03-28 05:50:00+00:00,12207.729323256206,11683.379773516037,11175.782602666459,11919.243219334847,12735.625439254613,10149.612376717607,12207.729323256206
2026-03-28 05:55:00+00:00,12197.729323256206,11673.379773516037,11175.782602666459,11909.243219334847,12735.625439254613,10149.612376717607,12197.729323256206
2026-03-28 06:00:00+00:00,12205.724453806439,11681.374967650405,11183.76597698443,11917.226593652818,12743.618457985853,10149.612376717607,12205.724453806439
2026-03-28 06:05:00+00:00,12195.724453806439,11671.374967650405,11183.76597698443,11907.226593652818,12733.618457985853,10149.612376717607,12195.724453806439
2026-03-28 06:10:00+00:00,12185.724453806439,11661.374967650405,11183.76597698443,11897.226593652818,12741.613960469573,10149.612376717607,12185.724453806439
2026-03-28 06:15:00+00:00,12193.706645727532,11669.357159571498,11191.722825122206,11905.183441790594,12749.592740421282,10149.612376717607,12193.706645727532
2026-03-28 06:20:00+00:00,12183.706645727532,11659.357159571498,11191.722825122206,11895.183441790594,12757.582765338693,10149.612376717607,12183.706645727532
2026-03-28 06:25:00+00:00,12173.706645727532,11649.357159571498,11191.722825122206,11885.183441790594,12757.582765338693,10149.612376717607,12173.706645727532
2026-03-28 06:30:00+00:00,12163.706645727532,11649.357159571498,11191.722825122206,11885.183441790594,12757.582765338693,10149.612376717607,12163.706645727532
2026-03-28 06:35:00+00:00,12171.717397516122,11657.367911360088,11191.722825122206,11893.194193579184,12757.582765338693,10149.612376717607,12171.717397516122
2026-03-28 06:40:00+00:00,12161.717397516122,11647.367911360088,11191.722825122206,11883.194193579184,12747.582765338693,10149.612376717607,12161.717397516122
2026-03-28 06:45:00+00:00,12169.718477243381,11655.369038159488,11191.722825122206,11891.195273306443,12755.582281610306,10149.612376717607,12169.718477243381
2026-03-28 06:50:00+00:00,12177.71948211372,11655.369038159488,11191.722825122206,11891.195273306443,12763.583357450229,10149.612376717607,12177.71948211372
2026-03-28 06:55:00+00:00,12167.71948211372,11645.369038159488,11191.722825122206,11881.195273306443,12763.583357450229,10149.612376717607,12167.71948211372
2026-03-28 07:00:00+00:00,12175.73338449194,11645.369038159488,11191.722825122206,11881.195273306443,12763.583357450229,10149.612376717607,12175.73338449194
2026-03-28 07:05:00+00:00,12165.73338449194,11635.369038159488,11191.722825122206,11871.195273306443,12771.586975457023,10149.612376717607,12165.73338449194
2026-03-28 07:10:00+00:00,12173.746290705429,11625.369038159488,11191.722825122206,11871.195273306443,12771.586975457023,10149.612376717607,12173.746290705429
2026-03-28 07:15:00+00:00,12181.760363986717,11633.383122411244,11191.722825122206,11879.209346587731,12779.579529900373,10149.612376717607,12181.760363986717
2026-03-28 07:20:00+00:00,12171.760363986717,11623.383122411244,11191.722825122206,11869.209346587731,12779.579529900373,10149.612376717607,12171.760363986717
2026-03-28 07:25:00+00:00,12179.77163419608,11623.383122411244,11191.722825122206,11869.209346587731,12779.579529900373,10149.612376717607,12179.77163419608
2026-03-28 07:30:00+00:00,12187.78291393666,11623.383122411244,11191.722825122206,11869.209346587731,12779.579529900373,10149.612376717607,12187.78291393666
2026-03-28 07:35:00+00:00,12195.794337223597,11631.394545698178,11191.722825122206,11877.220769874666,12779.579529900373,10149.612376717607,12195.794337223597
2026-03-28 07:40:00+00:00,12203.796873810279,11631.394545698178,11191.722825122206,11877.220769874666,12779.579529900373,10149.612376717607,12203.796873810279
2026-03-28 07:45:00+00:00,12211.810481922035,11639.408166073743,11191.722825122206,11885.234377986424,12787.57507169334,10149.612376717607,12211.810481922035
2026-03-28 07:50:00+00:00,12219.823316871274,11647.42100102298,11191.722825122206,11893.247212935661,12787.57507169334,10149.612376717607,12219.823316871274
2026-03-28 07:55:00+00:00,12227.81360118995,11655.411285341655,11191.722825122206,11901.237497254337,12795.562713433155,10149.612376717607,12227.81360118995
2026-03-28 08:00:00+00:00,12235.823312159999,11663.42101940835,11191.722825122206,11909.247208224386,12803.567025715958,10149.612376717607,12235.823312159999
2026-03-28 08:05:00+00:00,12243.836168060447,11663.42101940835,11191.722825122206,11909.247208224386,12811.569401402177,10149.612376717607,12243.836168060447
2026-03-28 08:10:00+00:00,12251.847719385132,11663.42101940835,11191.722825122206,11909.247208224386,12819.564977328442,10149.612376717607,12251.847719385132
2026-03-28 08:15:00+00:00,12259.860709524135,11671.434023529242,11191.722825122206,11917.260198363389,12819.564977328442,10149.612376717607,12259.860709524135
2026-03-28 08:20:00+00:00,12267.874620422324,11679.44794584939,11191.722825122206,11925.274109261578,12819.564977328442,10149.612376717607,12267.874620422324
2026-03-28 08:25:00+00:00,12275.887474770589,11679.44794584939,11191.722825122206,11925.274109261578,12819.564977328442,10149.612376717607,12275.887474770589
2026-03-28 08:30:00+00:00,12265.887474770589,11669.44794584939,11191.722825122206,11915.274109261578,12827.562927158833,10149.612376717607,12265.887474770589
2026-03-28 08:35:00+00:00,12273.887337880815,11677.447808959616,11191.722825122206,11923.273972371804,12835.561059385522,10149.612376717607,12273.887337880815
2026-03-28 08:40:00+00:00,12281.894695842759,11685.455166921562,11191.722825122206,11931.28133033375,12843.567400556825,10149.612376717607,12281.894695842759
2026-03-28 08:45:00+00:00,12289.902647263832,11693.463118342634,11191.722825122206,11939.289281754824,12851.57439175862,10149.612376717607,12289.902647263832
2026-03-28 08:50:00+00:00,12297.917345805998,11701.477826116712,11191.722825122206,11947.303980296989,12851.57439175862,10149.612376717607,12297.917345805998
2026-03-28 08:55:00+00:00,12305.933474688507,11701.477826116712,11191.722825122206,11947.303980296989,12851.57439175862,10149.612376717607,12305.933474688507
2026-03-28 09:00:00+00:00,12313.942072848475,11709.48645046573,11191.722825122206,11955.312578456957,12859.567443623864,10149.612376717607,12313.942072848475
2026-03-28 09:05:00+00:00,12321.951506580694,11717.49588419795,11191.722825122206,11963.322012189175,12859.567443623864,10149.612376717607,12321.951506580694
2026-03-28 09:10:00+00:00,12321.951506580694,11725.512646453235,11191.722825122206,11963.322012189175,12859.567443623864,10149.612376717607,12329.968268835979
2026-03-28 09:15:00+00:00,12329.950748001427,11733.511887873967,11191.722825122206,11971.321253609907,12867.564894957184,10149.612376717607,12337.967510256713
2026-03-28 09:20:00+00:00,12319.950748001427,11733.511887873967,11191.722825122206,11971.321253609907,12867.564894957184,10149.612376717607,12327.967510256713
2026-03-28 09:25:00+00:00,12309.950748001427,11733.511887873967,11191.722825122206,11971.321253609907,12867.564894957184,10149.612376717607,12317.967510256713
2026-03-28 09:30:00+00:00,12317.957922358537,11741.5190923762,11191.722825122206,11979.328427967019,12875.57106804093,10149.612376717607,12325.974684613822
2026-03-28 09:35:00+00:00,12307.957922358537,11741.5190923762,11191.722825122206,11979.328427967019,12883.572104503988,10149.612376717607,12315.974684613822
2026-03-28 09:40:00+00:00,12315.974322131719,11741.5190923762,11191.722825122206,11979.328427967019,12891.563572721905,10149.612376717607,12323.991084387004
2026-03-28 09:45:00+00:00,12305.974322131719,11731.5190923762,11191.722825122206,11969.328427967019,12891.563572721905,10149.612376717607,12313.991084387004
2026-03-28 09:50:00+00:00,12313.976940860848,11739.521711105332,11191.722825122206,11977.33104669615,12899.564723040885,10149.612376717607,12321.993703116135
2026-03-28 09:55:00+00:00,12303.976940860848,11729.521711105332,11191.722825122206,11967.33104669615,12899.564723040885,10149.612376717607,12311.993703116135
2026-03-28 10:00:00+00:00,12311.989991010516,11737.534775070053,11191.722825122206,11975.344096845818,12907.557046758964,10149.612376717607,12320.006753265803
2026-03-28 10:05:00+00:00,12319.996114034995,11737.534775070053,11191.722825122206,11975.344096845818,12915.562035285773,10149.612376717607,12328.012876290282
2026-03-28 10:10:00+00:00,12327.994866854986,11745.551625684413,11191.722825122206,11983.342849665807,12923.560868459646,10149.612376717607,12336.011629110271
2026-03-28 10:15:00+00:00,12336.003886079827,11753.560669928245,11191.722825122206,11991.351868890648,12931.544279001439,10149.612376717607,12344.020648335112
2026-03-28 10:20:00+00:00,12344.009059399446,11761.565843247863,11191.722825122206,11999.357042210268,12939.54822731512,10149.612376717607,12352.025821654732
2026-03-28 10:25:00+00:00,12351.992423437447,11769.549207285865,11199.698439755026,12007.332656843086,12947.528290776374,10149.612376717607,12360.009185692732
2026-03-28 10:30:00+00:00,12359.998893065931,11777.55567691435,11199.698439755026,12015.339126471572,12955.533658941671,10149.612376717607,12368.015655321218
2026-03-28 10:35:00+00:00,12367.999515889263,11785.55629973768,11199.698439755026,12023.339749294903,12963.532623235515,10149.612376717607,12376.016278144549
2026-03-28 10:40:00+00:00,12376.007572059842,11793.56435590826,11199.698439755026,12031.347805465482,12971.539729172464,10149.612376717607,12384.024334315127
2026-03-28 10:45:00+00:00,12366.007572059842,11793.56435590826,11199.698439755026,12031.347805465482,12971.539729172464,10149.612376717607,12374.024334315127
2026-03-28 10:50:00+00:00,12374.023048926172,11801.579839842181,11199.698439755026,12039.363282331813,12971.539729172464,10149.612376717607,12382.039811181457
2026-03-28 10:55:00+00:00,12382.037547854381,11809.594348557348,11199.698439755026,12047.37778126002,12979.544563092359,10149.612376717607,12390.054310109666
2026-03-28 11:00:00+00:00,12372.037547854381,11799.594348557348,11199.698439755026,12037.37778126002,12979.544563092359,10149.612376717607,12380.054310109666
2026-03-28 11:05:00+00:00,12380.042938106331,11807.599738809298,11199.698439755026,12045.38317151197,12987.548749011417,10149.612376717607,12388.059700361617
2026-03-28 11:10:00+00:00,12370.042938106331,11797.599738809298,11199.698439755026,12035.38317151197,12977.548749011417,10149.612376717607,12378.059700361617
2026-03-28 11:15:00+00:00,12360.042938106331,11787.599738809298,11199.698439755026,12025.38317151197,12977.548749011417,10149.612376717607,12368.059700361617
2026-03-28 11:20:00+00:00,12368.049951134653,11795.606751837619,11199.698439755026,12033.390184540292,12985.554712370256,10149.612376717607,12376.066713389939
2026-03-28 11:25:00+00:00,12376.061023245009,11803.617823947976,11199.698439755026,12041.40125665065,12993.559658763326,10149.612376717607,12384.077785500296
2026-03-28 11:30:00+00:00,12366.061023245009,11793.617823947976,11199.698439755026,12031.40125665065,12993.559658763326,10149.612376717607,12374.077785500296
2026-03-28 11:35:00+00:00,12356.061023245009,11793.617823947976,11199.698439755026,12031.40125665065,12993.559658763326,10149.612376717607,12364.077785500296
2026-03-28 11:40:00+00:00,12364.075174062393,11801.631985520242,11199.698439755026,12039.415407468034,12993.559658763326,10149.612376717607,12372.09193631768
2026-03-28 11:45:00+00:00,12372.090499825887,11809.647318771518,11199.698439755026,12047.430733231526,13001.55776594919,10149.612376717607,12380.107262081172
2026-03-28 11:50:00+00:00,12380.100977233995,11817.657796179628,11199.698439755026,12055.441210639634,13001.55776594919,10149.612376717607,12388.11773948928
2026-03-28 11:55:00+00:00,12370.100977233995,11807.657796179628,11199.698439755026,12045.441210639634,13001.55776594919,10149.612376717607,12378.11773948928
2026-03-28 12:00:00+00:00,12378.113680423045,11815.670514148303,11199.698439755026,12053.453913828684,13009.5629754451,10149.612376717607,12386.130442678332
2026-03-28 12:05:00+00:00,12386.120733258032,11823.677597466038,11199.698439755026,12061.460966663672,13017.569015793179,10149.612376717607,12394.137495513318
2026-03-28 12:10:00+00:00,12394.131901025494,11831.68878428125,11199.698439755026,12069.472134431133,13025.556917870312,10149.612376717607,12402.14866328078
2026-03-28 12:15:00+00:00,12402.118136763547,11839.675108270685,11207.68602850257,12077.459723178677,13033.540222654483,10149.612376717607,12410.134899018833
2026-03-28 12:20:00+00:00,12410.124339670365,11847.681344021466,11207.68602850257,12085.465926085495,13041.545334651273,10149.612376717607,12418.141101925652
2026-03-28 12:25:00+00:00,12418.139764550602,11847.681344021466,11207.68602850257,12085.465926085495,13041.545334651273,10149.612376717607,12426.156526805888
2026-03-28 12:30:00+00:00,12426.136477136628,11855.678056607492,11207.68602850257,12093.46263867152,13049.540016373716,10149.612376717607,12434.153239391915
2026-03-28 12:35:00+00:00,12434.148121421109,11855.678056607492,11207.68602850257,12093.46263867152,13049.540016373716,10149.612376717607,12442.164883676394
2026-03-28 12:40:00+00:00,12442.160796204607,11863.690746249586,11207.68602850257,12101.475313455021,13057.543372040514,10149.612376717607,12450.177558459894
2026-03-28 12:45:00+00:00,12450.169777663963,11863.690746249586,11207.68602850257,12101.475313455021,13065.53081125467,10149.612376717607,12458.18653991925
2026-03-28 12:50:00+00:00,12458.180780106724,11863.690746249586,11207.68602850257,12101.475313455021,13065.53081125467,10149.612376717607,12466.19754236201
2026-03-28 12:55:00+00:00,12466.188885973177,11871.69887967301,11207.68602850257,12109.483419321474,13073.538001808969,10149.612376717607,12474.205648228464
2026-03-28 13:00:00+00:00,12474.199817308088,11871.69887967301,11207.68602850257,12109.483419321474,13073.538001808969,10149.612376717607,12482.216579563374
2026-03-28 13:05:00+00:00,12464.199817308088,11871.69887967301,11207.68602850257,12109.483419321474,13073.538001808969,10149.612376717607,12472.216579563374
2026-03-28 13:10:00+00:00,12472.190857464255,11871.69887967301,11207.68602850257,12109.483419321474,13081.52926738975,10149.612376717607,12480.207619719542
2026-03-28 13:15:00+00:00,12480.2036958947,11871.69887967301,11207.68602850257,12109.483419321474,13081.52926738975,10149.612376717607,12488.220458149985
2026-03-28 13:20:00+00:00,12488.212119951908,11879.70730373022,11207.68602850257,12117.491843378684,13089.527437114248,10149.612376717607,12496.228882207193
2026-03-28 13:25:00+00:00,12496.219584644714,11887.714768423026,11207.68602850257,12125.49930807149,13097.533895190207,10149.612376717607,12504.236346900001
2026-03-28 13:30:00+00:00,12504.169838321295,11895.665022099607,11215.635732123652,12133.449011692572,13105.477707796283,10149.612376717607,12512.18660057658
2026-03-28 13:35:00+00:00,12512.179534834682,11895.665022099607,11215.635732123652,12133.449011692572,13113.468155991923,10149.612376717607,12520.19629708997
2026-03-28 13:40:00+00:00,12520.188957331773,11895.665022099607,11215.635732123652,12133.449011692572,13121.455059682947,10149.612376717607,12528.205719587058
2026-03-28 13:45:00+00:00,12510.188957331773,11895.665022099607,11215.635732123652,12133.449011692572,13111.455059682947,10149.612376717607,12518.205719587058
2026-03-28 13:50:00+00:00,12500.188957331773,11895.665022099607,11215.635732123652,12133.449011692572,13101.455059682947,10149.612376717607,12508.205719587058
2026-03-28 13:55:00+00:00,12508.193593112399,11903.669657880231,11215.635732123652,12141.453647473198,13109.458419234024,10149.612376717607,12516.210355367684
2026-03-28 14:00:00+00:00,12498.193593112399,11903.669657880231,11215.635732123652,12141.453647473198,13099.458419234024,10149.612376717607,12506.210355367684
2026-03-28 14:05:00+00:00,12506.202410776717,11911.678501123648,11215.635732123652,12149.462465137516,13107.461402832518,10157.615360316102,12514.219173032005
2026-03-28 14:10:00+00:00,12514.212804677107,11919.688895024035,11215.635732123652,12157.472859037905,13115.46247907115,10157.615360316102,12522.229566932392
2026-03-28 14:15:00+00:00,12522.229123690244,11919.688895024035,11215.635732123652,12157.472859037905,13123.465189032162,10157.615360316102,12530.24588594553
2026-03-28 14:20:00+00:00,12530.231296865146,11927.69106819894,11215.635732123652,12165.475032212807,13131.465851351779,10157.615360316102,12538.248059120433
2026-03-28 14:25:00+00:00,12538.245371342658,11935.705153643592,11215.635732123652,12173.48910669032,13131.465851351779,10157.615360316102,12546.262133597946
2026-03-28 14:30:00+00:00,12546.259182275662,11943.718976276492,11215.635732123652,12181.502917623322,13131.465851351779,10157.615360316102,12554.275944530948
2026-03-28 14:35:00+00:00,12554.273170689967,11943.718976276492,11215.635732123652,12181.502917623322,13139.46176675266,10157.615360316102,12562.289932945252
2026-03-28 14:40:00+00:00,12562.24663172211,11951.692560944288,11223.604463406446,12189.471648906116,13147.431121947262,10157.615360316102,12570.263393977395
2026-03-28 14:45:00+00:00,12570.249681833948,11959.695611056124,11223.604463406446,12197.474699017952,13155.432744746247,10157.615360316102,12578.266444089233
2026-03-28 14:50:00+00:00,12578.247421982524,11967.6933512047,11231.582224864613,12205.45246047612,13163.428551858868,10157.615360316102,12586.26418423781
2026-03-28 14:55:00+00:00,12586.243438912406,11975.689368134583,11231.582224864613,12213.448477406002,13171.422471703185,10157.615360316102,12594.260201167692
2026-03-28 15:00:00+00:00,12594.242127380308,11975.689368134583,11231.582224864613,12213.448477406002,13179.421240793094,10157.615360316102,12602.258889635596
2026-03-28 15:05:00+00:00,12602.24367643964,11983.690917193913,11231.582224864613,12221.450026465332,13187.421219545478,10157.615360316102,12610.260438694926
2026-03-28 15:10:00+00:00,12610.229750954928,11991.676991709202,11239.560353352792,12229.428154953512,13195.404251136677,10157.615360316102,12618.246513210215
2026-03-28 15:15:00+00:00,12618.18698993752,11991.676991709202,11247.49465456478,12237.362456165501,13203.355710535408,10157.615360316102,12626.203752192805
2026-03-28 15:20:00+00:00,12626.189254756511,11991.676991709202,11247.49465456478,12237.362456165501,13211.35647322928,10157.615360316102,12634.206017011797
2026-03-28 15:25:00+00:00,12634.16968918724,11999.657530466431,11255.458882188394,12245.326683789113,13219.333442935174,10157.615360316102,12642.186451442525
2026-03-28 15:30:00+00:00,12624.16968918724,11989.657530466431,11255.458882188394,12235.326683789113,13209.333442935174,10165.616190659764,12632.186451442525
2026-03-28 15:35:00+00:00,12632.169007775576,11989.657530466431,11255.458882188394,12235.326683789113,13217.332839520055,10165.616190659764,12640.185770030861
2026-03-28 15:40:00+00:00,12640.180734615755,11997.66927480035,11255.458882188394,12243.338410629294,13225.334173087664,10165.616190659764,12648.197496871042
2026-03-28 15:45:00+00:00,12648.18754052758,12005.676080712174,11255.458882188394,12251.345216541118,13233.339909588463,10165.616190659764,12656.204302782866
2026-03-28 15:50:00+00:00,12638.18754052758,12005.676080712174,11255.458882188394,12251.345216541118,13233.339909588463,10165.616190659764,12646.204302782866
2026-03-28 15:55:00+00:00,12628.18754052758,11995.676080712174,11255.458882188394,12241.345216541118,13223.339909588463,10165.616190659764,12636.204302782866
2026-03-28 16:00:00+00:00,12636.188086956972,12003.676627141565,11263.429011285205,12249.31534563793,13231.338790212409,10165.616190659764,12644.204849212258
2026-03-28 16:05:00+00:00,12644.182026462033,12011.670566646626,11271.410404655513,12257.296739008238,13239.330434907957,10165.616190659764,12652.198788717318
2026-03-28 16:10:00+00:00,12634.182026462033,12001.670566646626,11271.410404655513,12247.296739008238,13239.330434907957,10165.616190659764,12642.198788717318
2026-03-28 16:15:00+00:00,12642.194011806967,12009.68256876672,11271.410404655513,12255.308724353174,13247.330368617877,10165.616190659764,12650.210774062252
2026-03-28 16:20:00+00:00,12650.206390285735,12009.68256876672,11271.410404655513,12255.308724353174,13247.330368617877,10165.616190659764,12658.22315254102
2026-03-28 16:25:00+00:00,12658.2211307034,12009.68256876672,11271.410404655513,12255.308724353174,13247.330368617877,10165.616190659764,12666.237892958685
2026-03-28 16:30:00+00:00,12666.220352096063,12017.681790159384,11271.410404655513,12263.307945745837,13255.327798015918,10165.616190659764,12674.237114351348
2026-03-28 16:35:00+00:00,12656.220352096063,12007.681790159384,11271.410404655513,12253.307945745837,13263.319292944427,10165.616190659764,12664.237114351348
2026-03-28 16:40:00+00:00,12664.222013439768,12015.68345150309,11271.410404655513,12261.309607089543,13271.319394676773,10165.616190659764,12672.238775695054
2026-03-28 16:45:00+00:00,12654.222013439768,12005.68345150309,11271.410404655513,12251.309607089543,13261.319394676773,10165.616190659764,12662.238775695054
2026-03-28 16:50:00+00:00,12662.236501809952,12013.697949689587,11271.410404655513,12259.324095459724,13261.319394676773,10165.616190659764,12670.253264065237
2026-03-28 16:55:00+00:00,12670.238016420737,12021.699464300373,11271.410404655513,12267.325610070511,13269.319335699263,10165.616190659764,12678.254778676022
2026-03-28 17:00:00+00:00,12678.254389908994,12021.699464300373,11271.410404655513,12267.325610070511,13277.322066000428,10165.616190659764,12686.271152164281
2026-03-28 17:05:00+00:00,12686.235491436222,12029.6805658276,11279.385347271704,12275.300552686702,13285.29965194658,10165.616190659764,12694.25225369151
2026-03-28 17:10:00+00:00,12694.249029116138,12037.69411596714,11279.385347271704,12283.314090366614,13285.29965194658,10165.616190659764,12702.265791371423
2026-03-28 17:15:00+00:00,12702.248723057943,12045.693809908948,11279.385347271704,12291.31378430842,13293.29759889439,10165.616190659764,12710.26548531323
2026-03-28 17:20:00+00:00,12692.248723057943,12035.693809908948,11279.385347271704,12281.31378430842,13283.29759889439,10165.616190659764,12700.26548531323
2026-03-28 17:25:00+00:00,12700.247256229037,12043.692343080042,11279.385347271704,12289.312317479515,13291.2942745365,10165.616190659764,12708.264018484322
2026-03-28 17:30:00+00:00,12690.247256229037,12033.692343080042,11279.385347271704,12279.312317479515,13281.2942745365,10165.616190659764,12698.264018484322
2026-03-28 17:35:00+00:00,12698.23439773931,12041.679484590315,11287.364806790778,12287.29177699859,13289.278474572598,10165.616190659764,12706.251159994597
2026-03-28 17:40:00+00:00,12706.24599762357,12049.691084474573,11287.364806790778,12295.303376882848,13297.269262386388,10165.616190659764,12714.262759878855
2026-03-28 17:45:00+00:00,12714.257450849607,12057.702555954906,11287.364806790778,12303.314830108888,13305.274492940141,10165.616190659764,12722.274213104894
2026-03-28 17:50:00+00:00,12722.272290782625,12065.717395887923,11287.364806790778,12311.329670041903,13305.274492940141,10165.616190659764,12730.28905303791
2026-03-28 17:55:00+00:00,12730.274709611735,12073.719814717031,11287.364806790778,12319.332088871013,13313.275424315605,10165.616190659764,12738.29147186702
2026-03-28 18:00:00+00:00,12738.282160152154,12081.727294635242,11295.34745631282,12327.314738393055,13321.281899068294,10165.616190659764,12746.298922407439
2026-03-28 18:05:00+00:00,12728.282160152154,12081.727294635242,11295.34745631282,12327.314738393055,13321.281899068294,10165.616190659764,12736.298922407439
2026-03-28 18:10:00+00:00,12736.29628756687,12089.74143286991,11295.34745631282,12335.328865807773,13321.281899068294,10165.616190659764,12744.313049822156
2026-03-28 18:15:00+00:00,12744.300212639697,12097.745357942737,11295.34745631282,12343.332790880599,13329.284480191369,10165.616190659764,12752.316974894982
2026-03-28 18:20:00+00:00,12744.300212639697,12097.745357942737,11295.34745631282,12343.332790880599,13329.284480191369,10165.616190659764,12752.316974894982
2026-03-28 18:25:00+00:00,12734.300212639697,12087.745357942737,11295.34745631282,12333.332790880599,13329.284480191369,10165.616190659764,12742.316974894982
2026-03-28 18:30:00+00:00,12724.300212639697,12077.745357942737,11295.34745631282,12323.332790880599,13329.284480191369,10165.616190659764,12732.316974894982
2026-03-28 18:35:00+00:00,12732.301611492072,12085.746802981212,11295.34745631282,12331.334189732974,13337.284345014574,10165.616190659764,12740.31837374736
2026-03-28 18:40:00+00:00,12740.304433602738,12093.749625091878,11295.34745631282,12339.33701184364,13345.285718090727,10165.616190659764,12748.321195858025
2026-03-28 18:45:00+00:00,12748.314421602414,12101.759613091554,11295.34745631282,12347.346999843316,13345.285718090727,10165.616190659764,12756.3311838577
2026-03-28 18:50:00+00:00,12756.328852564884,12109.774054029964,11295.34745631282,12355.361430805786,13345.285718090727,10165.616190659764,12764.34561482017
2026-03-28 18:55:00+00:00,12764.336698827392,12117.78190029247,11295.34745631282,12363.369277068294,13353.29259410944,10165.616190659764,12772.353461082677
2026-03-28 19:00:00+00:00,12772.341519283103,12125.786720748181,11295.34745631282,12371.374097524005,13361.296155933436,10165.616190659764,12780.358281538389
2026-03-28 19:05:00+00:00,12780.351715672978,12133.796917138056,11295.34745631282,12379.38429391388,13369.30153948346,10165.616190659764,12788.368477928263
2026-03-28 19:10:00+00:00,12788.345743244967,12141.790944710045,11295.34745631282,12387.378321485869,13377.293280626904,10165.616190659764,12796.362505500252
2026-03-28 19:15:00+00:00,12796.358425592947,12149.803627058025,11295.34745631282,12395.391003833849,13385.293911464069,10165.616190659764,12804.375187848233
2026-03-28 19:20:00+00:00,12804.374516306354,12157.819723131941,11295.34745631282,12403.407094547256,13393.287327715276,10165.616190659764,12812.39127856164
2026-03-28 19:25:00+00:00,12812.386858836284,12165.83206566187,11295.34745631282,12411.419437077186,13393.287327715276,10165.616190659764,12820.40362109157
2026-03-28 19:30:00+00:00,12820.399810558032,12165.83206566187,11295.34745631282,12411.419437077186,13393.287327715276,10165.616190659764,12828.416572813318
2026-03-28 19:35:00+00:00,12810.399810558032,12165.83206566187,11295.34745631282,12411.419437077186,13393.287327715276,10165.616190659764,12818.416572813318
2026-03-28 19:40:00+00:00,12800.399810558032,12165.83206566187,11295.34745631282,12411.419437077186,13401.289504401953,10173.618367346442,12808.416572813318
2026-03-28 19:45:00+00:00,12790.399810558032,12155.83206566187,11295.34745631282,12401.419437077186,13401.289504401953,10173.618367346442,12798.416572813318
2026-03-28 19:50:00+00:00,12798.411213051537,12163.849966963056,11295.34745631282,12409.43083957069,13401.289504401953,10173.618367346442,12806.427975306822
2026-03-28 19:55:00+00:00,12806.415248102045,12171.854002013566,11295.34745631282,12417.4348746212,13409.292205981614,10173.618367346442,12814.43201035733
2026-03-28 20:00:00+00:00,12814.427071456104,12171.854002013566,11295.34745631282,12417.4348746212,13417.281739551945,10173.618367346442,12822.44383371139
2026-03-28 20:05:00+00:00,12822.440688538227,12179.867631334555,11295.34745631282,12425.448491703322,13425.287389006713,10173.618367346442,12830.457450793514
2026-03-28 20:10:00+00:00,12830.446559808755,12187.873502605082,11295.34745631282,12433.454362973851,13433.292101786028,10173.618367346442,12838.46332206404
2026-03-28 20:15:00+00:00,12820.446559808755,12187.873502605082,11295.34745631282,12433.454362973851,13441.272537202785,10173.618367346442,12828.46332206404
2026-03-28 20:20:00+00:00,12828.45888809073,12195.885846708909,11295.34745631282,12441.466691255826,13449.273842450122,10173.618367346442,12836.475650346016
2026-03-28 20:25:00+00:00,12836.474593531959,12203.901558582083,11295.34745631282,12449.482396697054,13457.275249965824,10173.618367346442,12844.491355787244
2026-03-28 20:30:00+00:00,12844.488521609941,12211.915498034257,11295.34745631282,12457.496324775035,13465.280985676907,10173.618367346442,12852.505283865226
2026-03-28 20:35:00+00:00,12834.488521609941,12201.915498034257,11295.34745631282,12447.496324775035,13455.280985676907,10173.618367346442,12842.505283865226
2026-03-28 20:40:00+00:00,12842.497471074274,12209.92444749859,11295.34745631282,12455.50527423937,13463.285076399057,10173.618367346442,12850.514233329559
2026-03-28 20:45:00+00:00,12832.497471074274,12199.92444749859,11295.34745631282,12445.50527423937,13463.285076399057,10173.618367346442,12840.514233329559
2026-03-28 20:50:00+00:00,12840.51002548082,12207.937001905138,11295.34745631282,12453.517828645916,13463.285076399057,10173.618367346442,12848.526787736108
2026-03-28 20:55:00+00:00,12848.524383484746,12215.951370087865,11295.34745631282,12461.532186649842,13471.269930871753,10173.618367346442,12856.541145740031
2026-03-28 21:00:00+00:00,12838.524383484746,12205.951370087865,11295.34745631282,12451.532186649842,13471.269930871753,10173.618367346442,12846.541145740031
2026-03-28 21:05:00+00:00,12846.529664501822,12213.956651104942,11303.329137456718,12459.51386779374,13479.27399714609,10173.618367346442,12854.546426757108
2026-03-28 21:10:00+00:00,12836.529664501822,12203.956651104942,11303.329137456718,12449.51386779374,13469.27399714609,10173.618367346442,12844.546426757108
2026-03-28 21:15:00+00:00,12844.537635328728,12211.964621931847,11303.329137456718,12457.521838620645,13477.281009603643,10173.618367346442,12852.554397584014
2026-03-28 21:20:00+00:00,12834.537635328728,12201.964621931847,11303.329137456718,12447.521838620645,13485.279875721919,10173.618367346442,12842.554397584014
2026-03-28 21:25:00+00:00,12824.537635328728,12191.964621931847,11303.329137456718,12437.521838620645,13485.279875721919,10173.618367346442,12832.554397584014
2026-03-28 21:30:00+00:00,12832.550190112284,12199.977191907596,11303.329137456718,12445.534393404201,13485.279875721919,10173.618367346442,12840.566952367572
2026-03-28 21:35:00+00:00,12840.564980655137,12207.991991426537,11303.329137456718,12453.549183947052,13493.276302540526,10173.618367346442,12848.581742910423
2026-03-28 21:40:00+00:00,12848.57904115545,12216.006062932856,11303.329137456718,12461.563244447367,13501.27766560925,10173.618367346442,12856.595803410735
2026-03-28 21:45:00+00:00,12856.593265361984,12224.020297690216,11303.329137456718,12469.5774686539,13501.27766560925,10173.618367346442,12864.61002761727
2026-03-28 21:50:00+00:00,12846.593265361984,12224.020297690216,11311.286731637789,12469.5774686539,13509.235259790321,10173.618367346442,12854.61002761727
2026-03-28 21:55:00+00:00,12854.607952657496,12224.020297690216,11311.286731637789,12469.5774686539,13509.235259790321,10173.618367346442,12862.624714912781
2026-03-28 22:00:00+00:00,12844.607952657496,12224.020297690216,11311.286731637789,12469.5774686539,13499.235259790321,10173.618367346442,12852.624714912781
2026-03-28 22:05:00+00:00,12852.623782013543,12224.020297690216,11311.286731637789,12469.5774686539,13507.191597496792,10173.618367346442,12860.64054426883
2026-03-28 22:10:00+00:00,12842.623782013543,12224.020297690216,11311.286731637789,12469.5774686539,13497.191597496792,10173.618367346442,12850.64054426883
2026-03-28 22:15:00+00:00,12850.628580294171,12232.025132716564,11319.269323741111,12477.560060757223,13505.195175279887,10173.618367346442,12858.645342549458
2026-03-28 22:20:00+00:00,12858.64096149398,12232.025132716564,11319.269323741111,12477.560060757223,13505.195175279887,10173.618367346442,12866.657723749267
2026-03-28 22:25:00+00:00,12848.64096149398,12222.025132716564,11319.269323741111,12467.560060757223,13505.195175279887,10173.618367346442,12856.657723749267
2026-03-28 22:30:00+00:00,12856.651006766944,12230.035177989526,11319.269323741111,12475.570106030187,13505.195175279887,10173.618367346442,12864.66776902223
2026-03-28 22:35:00+00:00,12846.651006766944,12230.035177989526,11319.269323741111,12475.570106030187,13505.195175279887,10173.618367346442,12854.66776902223
2026-03-28 22:40:00+00:00,12854.661240286598,12230.035177989526,11319.269323741111,12475.570106030187,13513.199016464614,10173.618367346442,12862.678002541885
2026-03-28 22:45:00+00:00,12862.672435688943,12230.035177989526,11319.269323741111,12475.570106030187,13513.199016464614,10173.618367346442,12870.68919794423
2026-03-28 22:50:00+00:00,12852.672435688943,12230.035177989526,11319.269323741111,12475.570106030187,13521.196774882668,10173.618367346442,12860.68919794423
2026-03-28 22:55:00+00:00,12860.687406367528,12238.050157143303,11319.269323741111,12483.585076708772,13521.196774882668,10173.618367346442,12868.704168622815
2026-03-28 23:00:00+00:00,12868.703306892347,12238.050157143303,11319.269323741111,12483.585076708772,13529.199205455576,10173.618367346442,12876.720069147632
2026-03-28 23:05:00+00:00,12876.6985063159,12246.045356566858,11327.247285930905,12491.563038898565,13537.19222997943,10173.618367346442,12884.715268571188
2026-03-28 23:10:00+00:00,12884.681922008336,12246.045356566858,11335.229372719998,12499.545125687657,13545.172350004488,10173.618367346442,12892.698684263622
2026-03-28 23:15:00+00:00,12892.686081758507,12254.049516317029,11335.229372719998,12507.549285437828,13553.175188165624,10173.618367346442,12900.702844013793
2026-03-28 23:20:00+00:00,12900.677104049686,12262.040538608207,11335.229372719998,12515.540307729007,13561.163638079131,10173.618367346442,12908.693866304971
2026-03-28 23:25:00+00:00,12890.677104049686,12252.040538608207,11335.229372719998,12505.540307729007,13561.163638079131,10173.618367346442,12898.693866304971
2026-03-28 23:30:00+00:00,12898.685597283556,12252.040538608207,11335.229372719998,12505.540307729007,13569.169048265321,10173.618367346442,12906.702359538842
2026-03-28 23:35:00+00:00,12888.685597283556,12252.040538608207,11335.229372719998,12505.540307729007,13569.169048265321,10173.618367346442,12896.702359538842
2026-03-28 23:40:00+00:00,12878.685597283556,12252.040538608207,11335.229372719998,12505.540307729007,13577.131519883702,10173.618367346442,12886.702359538842
2026-03-28 23:45:00+00:00,12886.679637263751,12260.034578588402,11335.229372719998,12513.534347709201,13585.123274616195,10173.618367346442,12894.696399519038
2026-03-28 23:50:00+00:00,12894.687868977271,12268.042810301922,11335.229372719998,12521.542579422721,13593.130572830676,10173.618367346442,12902.704631232558
2026-03-28 23:55:00+00:00,12902.695368733492,12276.05033929919,11335.229372719998,12529.550079178942,13601.137101340788,10173.618367346442,12910.712130988777
2026-03-29 00:00:00+00:00,12910.679156299775,12284.034126865474,11343.21114078231,12537.531847241255,13609.117628584456,10173.618367346442,12918.69591855506
2026-03-29 00:05:00+00:00,12918.680950370774,12292.035920936472,11343.21114078231,12545.533641312253,13617.117875687156,10173.618367346442,12926.697712626059
2026-03-29 00:10:00+00:00,12926.681038516295,12292.035920936472,11343.21114078231,12545.533641312253,13625.116254380499,10173.618367346442,12934.69780077158
2026-03-29 00:15:00+00:00,12934.689174114334,12300.044056534509,11343.21114078231,12553.541776910293,13633.12344731672,10173.618367346442,12942.705936369619
2026-03-29 00:20:00+00:00,12942.649325697997,12308.004208118175,11351.167160814432,12561.49779694241,13641.078095299039,10173.618367346442,12950.666087953283
2026-03-29 00:25:00+00:00,12950.656228668004,12316.01111108818,11351.167160814432,12569.504699912417,13649.08393810917,10173.618367346442,12958.672990923289
2026-03-29 00:30:00+00:00,12958.659557635743,12316.01111108818,11351.167160814432,12569.504699912417,13657.085866331468,10173.618367346442,12966.67631989103
2026-03-29 00:35:00+00:00,12966.65414335468,12324.005696807119,11351.167160814432,12577.499285631357,13665.078218740491,10173.618367346442,12974.670905609968
2026-03-29 00:40:00+00:00,12974.667941780492,12324.005696807119,11351.167160814432,12577.499285631357,13673.075982854414,10173.618367346442,12982.684704035779
2026-03-29 00:45:00+00:00,12964.667941780492,12324.005696807119,11351.167160814432,12577.499285631357,13673.075982854414,10173.618367346442,12972.684704035779
2026-03-29 00:50:00+00:00,12954.667941780492,12324.005696807119,11351.167160814432,12577.499285631357,13681.077945340572,10173.618367346442,12962.684704035779
2026-03-29 00:55:00+00:00,12962.680330576557,12332.01810125681,11351.167160814432,12585.51167442742,13689.064551974472,10173.618367346442,12970.697092831844
2026-03-29 01:00:00+00:00,12952.680330576557,12322.01810125681,11351.167160814432,12575.51167442742,13697.05311718901,10173.618367346442,12960.697092831844
2026-03-29 01:05:00+00:00,12942.680330576557,12312.01810125681,11351.167160814432,12565.51167442742,13687.05311718901,10173.618367346442,12950.697092831844
2026-03-29 01:10:00+00:00,12950.687533046346,12312.01810125681,11351.167160814432,12565.51167442742,13695.05153521596,10173.618367346442,12958.704295301632
2026-03-29 01:15:00+00:00,12940.687533046346,12302.01810125681,11351.167160814432,12555.51167442742,13685.05153521596,10173.618367346442,12948.704295301632
2026-03-29 01:20:00+00:00,12948.69210353179,12302.01810125681,11351.167160814432,12555.51167442742,13693.05616180826,10173.618367346442,12956.708865787075
2026-03-29 01:25:00+00:00,12956.700478613586,12310.026476338606,11351.167160814432,12563.520049509218,13693.05616180826,10173.618367346442,12964.717240868873
2026-03-29 01:30:00+00:00,12964.712717893884,12318.038731688168,11351.167160814432,12571.532288789516,13701.049864775709,10173.618367346442,12972.72948014917
2026-03-29 01:35:00+00:00,12972.713662139828,12326.039675934113,11351.167160814432,12579.53323303546,13709.04918110604,10173.618367346442,12980.730424395115
2026-03-29 01:40:00+00:00,12980.709370631019,12334.035384425302,11359.146866736633,12587.512938957663,13717.042763152092,10173.618367346442,12988.726132886306
2026-03-29 01:45:00+00:00,12970.709370631019,12324.035384425302,11359.146866736633,12577.512938957663,13707.042763152092,10173.618367346442,12978.726132886306
2026-03-29 01:50:00+00:00,12960.709370631019,12314.035384425302,11359.146866736633,12567.512938957663,13697.042763152092,10173.618367346442,12968.726132886306
2026-03-29 01:55:00+00:00,12968.703400806256,12322.02941460054,11359.146866736633,12575.5069691329,13705.034507146527,10173.618367346442,12976.720163061542
2026-03-29 02:00:00+00:00,12976.718933715249,12322.02941460054,11359.146866736633,12575.5069691329,13705.034507146527,10173.618367346442,12984.735695970536
2026-03-29 02:05:00+00:00,12984.733387799743,12322.02941460054,11359.146866736633,12575.5069691329,13705.034507146527,10173.618367346442,12992.750150055028
2026-03-29 02:10:00+00:00,12992.746524732262,12330.042551533059,11359.146866736633,12583.52010606542,13713.023606620241,10173.618367346442,13000.763286987549
2026-03-29 02:15:00+00:00,12982.746524732262,12330.042551533059,11359.146866736633,12583.52010606542,13713.023606620241,10173.618367346442,12990.763286987549
2026-03-29 02:20:00+00:00,12990.748009900639,12338.044036701436,11367.130472468614,12591.5037117974,13721.023515395837,10173.618367346442,12998.764772155926
2026-03-29 02:25:00+00:00,12980.748009900639,12328.044036701436,11367.130472468614,12581.5037117974,13721.023515395837,10173.618367346442,12988.764772155926
2026-03-29 02:30:00+00:00,12988.75429791095,12328.044036701436,11367.130472468614,12581.5037117974,13729.028684632938,10173.618367346442,12996.771060166237
2026-03-29 02:35:00+00:00,12996.765235931533,12336.054994408352,11367.130472468614,12589.514649817984,13737.01707842331,10173.618367346442,13004.78199818682
2026-03-29 02:40:00+00:00,13004.77213538215,12344.061893858969,11367.130472468614,12597.521549268602,13745.022917378597,10173.618367346442,13012.788897637438
2026-03-29 02:45:00+00:00,12994.77213538215,12334.061893858969,11367.130472468614,12587.521549268602,13745.022917378597,10173.618367346442,13002.788897637438
2026-03-29 02:50:00+00:00,13002.775633390722,12334.061893858969,11367.130472468614,12587.521549268602,13753.025030747176,10173.618367346442,13010.792395646007
2026-03-29 02:55:00+00:00,13010.788388906805,12342.07466400921,11367.130472468614,12595.534304784684,13761.013542890812,10173.618367346442,13018.80515116209
2026-03-29 03:00:00+00:00,13018.802765721059,12350.089040823463,11367.130472468614,12603.548681598939,13751.013542890812,10173.618367346442,13026.819527976344
2026-03-29 03:05:00+00:00,13008.802765721059,12340.089040823463,11367.130472468614,12593.548681598939,13741.013542890812,10173.618367346442,13016.819527976344
2026-03-29 03:10:00+00:00,13016.81766735007,12340.089040823463,11367.130472468614,12593.548681598939,13741.013542890812,10173.618367346442,13024.834429605355
2026-03-29 03:15:00+00:00,13024.778470633373,12340.089040823463,11375.083494667904,12601.501703798229,13748.968904337906,10173.618367346442,13032.79523288866
2026-03-29 03:20:00+00:00,13032.767311057403,12348.077881247491,11383.054651701888,12609.472860832213,13756.954964847877,10173.618367346442,13040.78407331269
2026-03-29 03:25:00+00:00,13040.770702095397,12356.081272285486,11383.054651701888,12617.476251870206,13764.956961054166,10173.618367346442,13048.787464350684
2026-03-29 03:30:00+00:00,13048.777050309784,12364.087652940165,11383.054651701888,12625.482600084593,13772.962231765521,10173.618367346442,13056.793812565069
2026-03-29 03:35:00+00:00,13056.777346635106,12372.08794926549,11383.054651701888,12633.482896409916,13780.960838465307,10173.618367346442,13064.794108890394
2026-03-29 03:40:00+00:00,13064.785240633064,12372.08794926549,11383.054651701888,12633.482896409916,13788.96776676996,10173.618367346442,13072.80200288835
2026-03-29 03:45:00+00:00,13072.79158586746,12372.08794926549,11383.054651701888,12633.482896409916,13796.972998685133,10173.618367346442,13080.808348122748
2026-03-29 03:50:00+00:00,13080.796760491537,12380.093159589942,11383.054651701888,12641.488071033993,13804.976987530066,10173.618367346442,13088.813522746823
2026-03-29 03:55:00+00:00,13088.810113721152,12370.093159589942,11383.054651701888,12641.488071033993,13804.976987530066,10173.618367346442,13096.82687597644
2026-03-29 04:00:00+00:00,13096.792143302948,12378.075189171737,11391.030635106545,12649.46405443865,13812.955589715752,10173.618367346442,13104.808905558235
2026-03-29 04:05:00+00:00,13104.79201807715,12386.07506394594,11391.030635106545,12657.463929212852,13820.953734717228,10173.618367346442,13112.808780332438
2026-03-29 04:10:00+00:00,13112.804952575181,12386.07506394594,11391.030635106545,12657.463929212852,13820.953734717228,10173.618367346442,13120.821714830467
2026-03-29 04:15:00+00:00,13120.820396937346,12394.090515466087,11391.030635106545,12665.479373575017,13820.953734717228,10173.618367346442,13128.837159192633
2026-03-29 04:20:00+00:00,13128.812224758716,12402.082343287457,11391.030635106545,12673.471201396387,13828.94306679592,10173.618367346442,13136.828987014002
2026-03-29 04:25:00+00:00,13136.82223471281,12410.092353241553,11391.030635106545,12681.481211350483,13828.94306679592,10173.618367346442,13144.838996968097
2026-03-29 04:30:00+00:00,13126.82223471281,12400.092353241553,11391.030635106545,12671.481211350483,13818.94306679592,10173.618367346442,13134.838996968097
2026-03-29 04:35:00+00:00,13134.830495255144,12408.100613783885,11391.030635106545,12679.489471892815,13826.950396587512,10173.618367346442,13142.84725751043
2026-03-29 04:40:00+00:00,13124.830495255144,12408.100613783885,11391.030635106545,12679.489471892815,13826.950396587512,10173.618367346442,13132.84725751043
2026-03-29 04:45:00+00:00,13132.8369791514,12408.100613783885,11391.030635106545,12679.489471892815,13826.950396587512,10173.618367346442,13140.853741406687
2026-03-29 04:50:00+00:00,13132.8369791514,12416.118598418108,11391.030635106545,12679.489471892815,13826.950396587512,10173.618367346442,13148.87172604091
2026-03-29 04:55:00+00:00,13140.84196956143,12424.123588828137,11391.030635106545,12687.494462302846,13834.954144561254,10173.618367346442,13156.876716450939
2026-03-29 05:00:00+00:00,13148.856597650458,12424.123588828137,11391.030635106545,12687.494462302846,13834.954144561254,10173.618367346442,13164.891344539967
2026-03-29 05:05:00+00:00,13156.866869836205,12432.133861013886,11391.030635106545,12695.504734488593,13842.957883058416,10173.618367346442,13172.901616725716
2026-03-29 05:10:00+00:00,13164.87617911282,12440.143170290503,11391.030635106545,12703.51404376521,13850.962185753837,10173.618367346442,13180.91092600233
2026-03-29 05:15:00+00:00,13172.890416432456,12448.157418124501,11391.030635106545,12711.528281084844,13858.963106100307,10173.618367346442,13188.925163321965
2026-03-29 05:20:00+00:00,13162.890416432456,12438.157418124501,11391.030635106545,12701.528281084844,13848.963106100307,10173.618367346442,13178.925163321965
2026-03-29 05:25:00+00:00,13170.894631890103,12438.157418124501,11391.030635106545,12701.528281084844,13856.966005276981,10173.618367346442,13186.929378779612
2026-03-29 05:30:00+00:00,13178.90688140364,12438.157418124501,11391.030635106545,12701.528281084844,13856.966005276981,10173.618367346442,13194.941628293149
2026-03-29 05:35:00+00:00,13186.910837352358,12446.161413158468,11391.030635106545,12709.532237033562,13864.968663027223,10173.618367346442,13202.945584241867
2026-03-29 05:40:00+00:00,13194.922437270065,12454.173013076175,11391.030635106545,12717.543836951269,13864.968663027223,10173.618367346442,13210.957184159575
2026-03-29 05:45:00+00:00,13184.922437270065,12444.173013076175,11391.030635106545,12707.543836951269,13854.968663027223,10173.618367346442,13200.957184159575
2026-03-29 05:50:00+00:00,13174.922437270065,12444.173013076175,11391.030635106545,12707.543836951269,13862.96135465215,10173.618367346442,13190.957184159575
2026-03-29 05:55:00+00:00,13182.935699978898,12444.173013076175,11391.030635106545,12707.543836951269,13870.95911583581,10173.618367346442,13198.970446868407
2026-03-29 06:00:00+00:00,13190.946392405995,12452.183705503274,11391.030635106545,12715.554529378365,13878.963087277942,10173.618367346442,13206.981139295505
2026-03-29 06:05:00+00:00,13198.954562611942,12460.191875709219,11391.030635106545,12723.562699584312,13886.97031812126,10173.618367346442,13214.98930950145
2026-03-29 06:10:00+00:00,13188.954562611942,12450.191875709219,11391.030635106545,12713.562699584312,13886.97031812126,10173.618367346442,13204.98930950145
2026-03-29 06:15:00+00:00,13178.954562611942,12440.191875709219,11391.030635106545,12703.562699584312,13894.964684012491,10173.618367346442,13194.98930950145
2026-03-29 06:20:00+00:00,13168.954562611942,12430.191875709219,11391.030635106545,12693.562699584312,13902.95845956754,10173.618367346442,13184.98930950145
2026-03-29 06:25:00+00:00,13158.954562611942,12420.191875709219,11391.030635106545,12683.562699584312,13910.946480205504,10173.618367346442,13174.98930950145
2026-03-29 06:30:00+00:00,13148.954562611942,12420.191875709219,11391.030635106545,12683.562699584312,13910.946480205504,10173.618367346442,13164.98930950145
2026-03-29 06:35:00+00:00,13138.954562611942,12420.191875709219,11391.030635106545,12683.562699584312,13910.946480205504,10173.618367346442,13154.98930950145
2026-03-29 06:40:00+00:00,13146.959164026217,12410.191875709219,11391.030635106545,12683.562699584312,13918.951137597687,10173.618367346442,13162.993910915728
2026-03-29 06:45:00+00:00,13154.968758731611,12418.201493834365,11391.030635106545,12691.572294289706,13926.951609232901,10173.618367346442,13171.003505621122
2026-03-29 06:50:00+00:00,13162.971472267911,12426.204249906245,11391.030635106545,12699.575007826006,13934.952909978869,10173.618367346442,13179.006219157422
2026-03-29 06:55:00+00:00,13170.984364207052,12434.217141845385,11391.030635106545,12707.587899765147,13934.952909978869,10173.618367346442,13187.019111096562
2026-03-29 07:00:00+00:00,13178.9791966151,12442.211974253434,11399.008230941648,12715.565495600249,13942.945532555463,10173.618367346442,13195.013943504611
2026-03-29 07:05:00+00:00,13186.97478214469,12450.207622104746,11399.008230941648,12723.561081129841,13950.939048189597,10173.618367346442,13203.009529034201
2026-03-29 07:10:00+00:00,13194.976179406816,12450.207622104746,11399.008230941648,12723.561081129841,13958.940514785967,10173.618367346442,13211.010926296327
2026-03-29 07:15:00+00:00,13184.976179406816,12440.207622104746,11399.008230941648,12713.561081129841,13966.909528452728,10173.618367346442,13201.010926296327
2026-03-29 07:20:00+00:00,13174.976179406816,12430.207622104746,11399.008230941648,12703.561081129841,13974.909033129788,10173.618367346442,13191.010926296327
2026-03-29 07:25:00+00:00,13182.98101480392,12430.207622104746,11399.008230941648,12703.561081129841,13974.909033129788,10173.618367346442,13199.01576169343
2026-03-29 07:30:00+00:00,13190.989653296048,12438.216260596873,11399.008230941648,12711.569719621968,13982.9115938508,10173.618367346442,13207.024400185557
2026-03-29 07:35:00+00:00,13180.989653296048,12428.216260596873,11399.008230941648,12701.569719621968,13972.9115938508,10173.618367346442,13197.024400185557
2026-03-29 07:40:00+00:00,13189.004909286346,12428.216260596873,11399.008230941648,12701.569719621968,13972.9115938508,10173.618367346442,13205.039656175857
2026-03-29 07:45:00+00:00,13179.004909286346,12428.216260596873,11399.008230941648,12701.569719621968,13972.9115938508,10173.618367346442,13195.039656175857
2026-03-29 07:50:00+00:00,13169.004909286346,12418.216260596873,11399.008230941648,12691.569719621968,13972.9115938508,10173.618367346442,13185.039656175857
2026-03-29 07:55:00+00:00,13176.999232335962,12418.216260596873,11399.008230941648,12691.569719621968,13980.906015706325,10173.618367346442,13193.033979225473
2026-03-29 08:00:00+00:00,13185.00156068433,12426.218588945241,11399.008230941648,12699.572047970336,13988.90684798154,10173.618367346442,13201.036307573839
2026-03-29 08:05:00+00:00,13175.00156068433,12416.218588945241,11399.008230941648,12689.572047970336,13978.90684798154,10173.618367346442,13191.036307573839
2026-03-29 08:10:00+00:00,13183.012278160642,12424.229326720873,11399.008230941648,12697.582765446648,13978.90684798154,10173.618367346442,13199.047025050153
2026-03-29 08:15:00+00:00,13173.012278160642,12414.229326720873,11399.008230941648,12687.582765446648,13978.90684798154,10173.618367346442,13189.047025050153
2026-03-29 08:20:00+00:00,13181.012572799804,12414.229326720873,11399.008230941648,12687.582765446648,13986.907216550071,10173.618367346442,13197.047319689313
2026-03-29 08:25:00+00:00,13171.012572799804,12404.229326720873,11399.008230941648,12677.582765446648,13986.907216550071,10173.618367346442,13187.047319689313
2026-03-29 08:30:00+00:00,13161.012572799804,12394.229326720873,11399.008230941648,12667.582765446648,13986.907216550071,10173.618367346442,13177.047319689313
2026-03-29 08:35:00+00:00,13169.015247952688,12402.232001873757,11399.008230941648,12675.585440599534,13994.908428668103,10173.618367346442,13185.049994842198
2026-03-29 08:40:00+00:00,13177.027526103962,12392.232001873757,11399.008230941648,12675.585440599534,13994.908428668103,10173.618367346442,13193.062272993473
2026-03-29 08:45:00+00:00,13185.036949727391,12392.232001873757,11399.008230941648,12675.585440599534,13994.908428668103,10173.618367346442,13201.071696616902
2026-03-29 08:50:00+00:00,13175.036949727391,12392.232001873757,11399.008230941648,12675.585440599534,13994.908428668103,10173.618367346442,13191.071696616902
2026-03-29 08:55:00+00:00,13183.049156496187,12400.244208642554,11399.008230941648,12683.59764736833,13994.908428668103,10173.618367346442,13199.083903385697
2026-03-29 09:00:00+00:00,13191.059397433073,12408.254471203216,11399.008230941648,12691.607888305216,14002.909668447486,10173.618367346442,13207.094144322582
2026-03-29 09:05:00+00:00,13199.047971068294,12416.24312660869,11399.008230941648,12699.596461940437,14010.895526342723,10173.618367346442,13215.082717957803
2026-03-29 09:10:00+00:00,13207.060115869463,12424.255287741762,11399.008230941648,12707.608606741605,14010.895526342723,10173.618367346442,13223.094862758973
2026-03-29 09:15:00+00:00,13197.060115869463,12414.255287741762,11399.008230941648,12697.608606741605,14000.895526342723,10173.618367346442,13213.094862758973
2026-03-29 09:20:00+00:00,13205.070235635798,12422.265407508095,11399.008230941648,12705.61872650794,14000.895526342723,10173.618367346442,13221.104982525307
2026-03-29 09:25:00+00:00,13213.082599975754,12430.277787569665,11399.008230941648,12713.631090847897,14000.895526342723,10173.618367346442,13229.117346865263
2026-03-29 09:30:00+00:00,13221.099218386926,12430.277787569665,11406.984086281134,12721.606946187383,14008.871381682211,10173.618367346442,13237.133965276435
2026-03-29 09:35:00+00:00,13211.099218386926,12430.277787569665,11406.984086281134,12721.606946187383,13998.871381682211,10173.618367346442,13227.133965276435
2026-03-29 09:40:00+00:00,13201.099218386926,12420.277787569665,11406.984086281134,12711.606946187383,13998.871381682211,10173.618367346442,13217.133965276435
2026-03-29 09:45:00+00:00,13209.101689408359,12420.277787569665,11406.984086281134,12711.606946187383,14006.87237022206,10173.618367346442,13225.13643629787
2026-03-29 09:50:00+00:00,13199.101689408359,12420.277787569665,11406.984086281134,12711.606946187383,14006.87237022206,10173.618367346442,13215.13643629787
2026-03-29 09:55:00+00:00,13207.116905704039,12420.277787569665,11406.984086281134,12711.606946187383,14006.87237022206,10173.618367346442,13223.151652593548
2026-03-29 10:00:00+00:00,13215.123887753043,12420.277787569665,11406.984086281134,12711.606946187383,14014.86511092413,10173.618367346442,13231.158634642552
2026-03-29 10:05:00+00:00,13223.133305540467,12428.2872292685,11406.984086281134,12719.616363974808,14022.859711476121,10173.618367346442,13239.168052429977
2026-03-29 10:10:00+00:00,13213.133305540467,12418.2872292685,11406.984086281134,12709.616363974808,14012.859711476121,10173.618367346442,13229.168052429977
2026-03-29 10:15:00+00:00,13221.141112140269,12426.2950642568,11406.984086281134,12717.62417057461,14020.86657514589,10173.618367346442,13237.17585902978
2026-03-29 10:20:00+00:00,13229.152449954394,12434.306402070924,11406.984086281134,12725.635508388734,14020.86657514589,10173.618367346442,13245.187196843903
2026-03-29 10:25:00+00:00,13237.167227818954,12434.306402070924,11406.984086281134,12725.635508388734,14020.86657514589,10173.618367346442,13253.201974708465
2026-03-29 10:30:00+00:00,13227.167227818954,12424.306402070924,11406.984086281134,12715.635508388734,14010.86657514589,10173.618367346442,13243.201974708465
2026-03-29 10:35:00+00:00,13235.167006804468,12432.306181056436,11406.984086281134,12723.635287374247,14018.864615236356,10173.618367346442,13251.201753693978
2026-03-29 10:40:00+00:00,13225.167006804468,12422.306181056436,11406.984086281134,12713.635287374247,14026.86243645722,10173.618367346442,13241.201753693978
2026-03-29 10:45:00+00:00,13215.167006804468,12422.306181056436,11406.984086281134,12713.635287374247,14026.86243645722,10173.618367346442,13231.201753693978
2026-03-29 10:50:00+00:00,13223.180382567105,12430.319569728868,11406.984086281134,12721.648663136883,14034.85986616458,10173.618367346442,13239.215129456614
2026-03-29 10:55:00+00:00,13231.188613929668,12438.327801091431,11406.984086281134,12729.656894499445,14042.867163994646,10173.618367346442,13247.223360819176
2026-03-29 11:00:00+00:00,13239.191559547888,12446.330746709651,11414.961227557611,12737.634035775922,14050.868672344839,10173.618367346442,13255.226306437398
2026-03-29 11:05:00+00:00,13247.162949764224,12446.330746709651,11422.938559011236,12745.611367229549,14058.835624800438,10173.618367346442,13263.197696653733
2026-03-29 11:10:00+00:00,13255.161005413487,12446.330746709651,11422.938559011236,12745.611367229549,14066.833763708226,10173.618367346442,13271.195752302998
2026-03-29 11:15:00+00:00,13245.161005413487,12436.330746709651,11422.938559011236,12735.611367229549,14056.833763708226,10173.618367346442,13261.195752302998
2026-03-29 11:20:00+00:00,13253.159620072964,12444.329361369128,11422.938559011236,12743.609981889023,14064.830528597977,10173.618367346442,13269.194366962472
2026-03-29 11:25:00+00:00,13261.17478157275,12452.344522868914,11422.938559011236,12751.62514338881,14072.836195049957,10173.618367346442,13277.20952846226
2026-03-29 11:30:00+00:00,13269.17955049868,12460.349328622098,11430.91942432198,12759.606008699555,14080.839740770394,10173.618367346442,13285.21429738819
2026-03-29 11:35:00+00:00,13277.185721472728,12468.355499596146,11438.89857408673,12767.585158464306,14088.844781816715,10173.618367346442,13293.220468362237
2026-03-29 11:40:00+00:00,13285.188154083426,12476.357932206844,11438.89857408673,12775.587591075004,14096.845728286655,10173.618367346442,13301.222900972936
2026-03-29 11:45:00+00:00,13293.197816708518,12484.367618062935,11438.89857408673,12783.597253700096,14104.836468781094,10173.618367346442,13309.232563598029
2026-03-29 11:50:00+00:00,13301.201254261357,12492.371096140729,11438.89857408673,12791.600691252934,14112.838560319964,10173.618367346442,13317.236001150866
2026-03-29 11:55:00+00:00,13309.214640124921,12500.384482004292,11438.89857408673,12799.614077116497,14112.838560319964,10173.618367346442,13325.24938701443
2026-03-29 12:00:00+00:00,13317.229098035463,12500.384482004292,11438.89857408673,12799.614077116497,14120.826116936994,10173.618367346442,13333.263844924972
2026-03-29 12:05:00+00:00,13325.242148794909,12508.397532763738,11438.89857408673,12807.627127875945,14128.826800956722,10173.618367346442,13341.27689568442
2026-03-29 12:10:00+00:00,13333.256008690567,12516.411404223161,11438.89857408673,12815.640987771601,14128.826800956722,10173.618367346442,13349.290755580076
2026-03-29 12:15:00+00:00,13341.257520895977,12524.412916428571,11438.89857408673,12823.642499977012,14136.826739344715,10173.618367346442,13357.292267785486
2026-03-29 12:20:00+00:00,13331.257520895977,12514.412916428571,11438.89857408673,12813.642499977012,14136.826739344715,10173.618367346442,13347.292267785486
2026-03-29 12:25:00+00:00,13331.257520895977,12504.412916428571,11438.89857408673,12813.642499977012,14136.826739344715,10173.618367346442,13337.292267785486
2026-03-29 12:30:00+00:00,13339.273029104908,12512.428431617935,11438.89857408673,12821.658008185943,14144.814598284971,10173.618367346442,13345.307775994417
2026-03-29 12:35:00+00:00,13347.288759210027,12512.428431617935,11438.89857408673,12821.658008185943,14144.814598284971,10173.618367346442,13353.323506099538
2026-03-29 12:40:00+00:00,13355.302576077578,12520.442248485484,11438.89857408673,12829.671825053494,14152.797483089627,10173.618367346442,13361.337322967087
2026-03-29 12:45:00+00:00,13363.300060107496,12528.439732515402,11446.87610671961,12837.649357686372,14160.793009699028,10173.618367346442,13369.334806997005
2026-03-29 12:50:00+00:00,13371.300603472613,12536.44027588052,11446.87610671961,12845.649901051489,14168.79188696685,10173.618367346442,13377.335350362122
2026-03-29 12:55:00+00:00,13379.313147488723,12536.44027588052,11446.87610671961,12845.649901051489,14168.79188696685,10173.618367346442,13385.347894378232
2026-03-29 13:00:00+00:00,13387.320491297194,12544.447619688992,11446.87610671961,12853.65724485996,14176.798212635555,10173.618367346442,13393.355238186705
2026-03-29 13:05:00+00:00,13395.292258331338,12552.419386723133,11454.798645016872,12861.579783157222,14184.765577670834,10173.618367346442,13401.327005220846
2026-03-29 13:10:00+00:00,13403.296572201876,12560.42373868484,11454.798645016872,12869.584097027762,14192.76862635844,10173.618367346442,13409.331319091387
2026-03-29 13:15:00+00:00,13411.311917823334,12560.42373868484,11454.798645016872,12869.584097027762,14200.767194432165,10173.618367346442,13417.346664712844
2026-03-29 13:20:00+00:00,13419.306652135367,12568.418472996873,11454.798645016872,12877.578831339795,14208.75970957644,10173.618367346442,13425.341399024877
2026-03-29 13:25:00+00:00,13427.319723119554,12568.418472996873,11454.798645016872,12877.578831339795,14208.75970957644,10173.618367346442,13433.354470009064
2026-03-29 13:30:00+00:00,13435.320580908176,12576.419330785495,11454.798645016872,12885.579689128417,14216.75893121471,10173.618367346442,13441.355327797686
2026-03-29 13:35:00+00:00,13443.33114105958,12584.429890936899,11454.798645016872,12893.59024927982,14224.757243675711,10173.618367346442,13449.36588794909
2026-03-29 13:40:00+00:00,13451.347127886342,12584.429890936899,11454.798645016872,12893.59024927982,14224.757243675711,10173.618367346442,13457.381874775852
2026-03-29 13:45:00+00:00,13459.356570975517,12592.439334026076,11454.798645016872,12901.599692368996,14232.749593221417,10173.618367346442,13465.391317865027
2026-03-29 13:50:00+00:00,13467.363306995303,12600.44607004586,11454.798645016872,12909.60642838878,14240.755253168452,10173.618367346442,13473.398053884812
2026-03-29 13:55:00+00:00,13475.37232413944,12600.44607004586,11454.798645016872,12909.60642838878,14248.7532442793,10173.618367346442,13481.407071028949
2026-03-29 14:00:00+00:00,13483.387717175954,12600.44607004586,11454.798645016872,12909.60642838878,14256.73733136931,10173.618367346442,13489.422464065463
2026-03-29 14:05:00+00:00,13491.400098540269,12600.44607004586,11454.798645016872,12909.60642838878,14256.73733136931,10173.618367346442,13497.43484542978
2026-03-29 14:10:00+00:00,13499.367904542987,12608.413876048577,11462.748442596963,12917.556225968872,14264.70035953446,10173.618367346442,13505.402651432496
2026-03-29 14:15:00+00:00,13507.375314706056,12616.42131570162,11462.748442596963,12925.563636131941,14272.706790183805,10173.618367346442,13513.410061595565
2026-03-29 14:20:00+00:00,13515.37286664497,12624.418867640532,11462.748442596963,12933.561188070855,14280.70239116761,10173.618367346442,13521.407613534479
2026-03-29 14:25:00+00:00,13505.37286664497,12624.418867640532,11462.748442596963,12933.561188070855,14288.694483787425,10173.618367346442,13511.407613534479
2026-03-29 14:30:00+00:00,13513.378878554537,12632.424912924651,11462.748442596963,12941.567199980424,14296.69938716471,10173.618367346442,13519.413625444047
2026-03-29 14:35:00+00:00,13503.378878554537,12632.424912924651,11462.748442596963,12941.567199980424,14304.696086065735,10173.618367346442,13509.413625444047
2026-03-29 14:40:00+00:00,13493.378878554537,12632.424912924651,11462.748442596963,12941.567199980424,14294.696086065735,10173.618367346442,13499.413625444047
2026-03-29 14:45:00+00:00,13501.394408261074,12640.440442631188,11462.748442596963,12949.582729686961,14302.685630257562,10173.618367346442,13507.429155150585
2026-03-29 14:50:00+00:00,13509.404551294512,12640.440442631188,11462.748442596963,12949.582729686961,14310.688442864164,10173.618367346442,13515.439298184023
2026-03-29 14:55:00+00:00,13517.416349160863,12648.45224049754,11462.748442596963,12957.594527553312,14318.68985228839,10173.618367346442,13523.451096050374
2026-03-29 15:00:00+00:00,13525.421711747305,12648.45224049754,11462.748442596963,12957.594527553312,14326.694007905462,10173.618367346442,13531.456458636814
2026-03-29 15:05:00+00:00,13515.421711747305,12648.45224049754,11462.748442596963,12957.594527553312,14316.694007905462,10173.618367346442,13521.456458636814
2026-03-29 15:10:00+00:00,13523.426968996293,12656.457533217397,11470.718067587928,12965.564152544277,14324.698086997825,10173.618367346442,13529.461715885804
2026-03-29 15:15:00+00:00,13513.426968996293,12656.457533217397,11470.718067587928,12965.564152544277,14332.684921769753,10173.618367346442,13519.461715885804
2026-03-29 15:20:00+00:00,13521.429210218752,12664.459774439854,11470.718067587928,12973.566393766736,14340.685658619237,10173.618367346442,13527.463957108263
2026-03-29 15:25:00+00:00,13511.429210218752,12654.459774439854,11470.718067587928,12963.566393766736,14340.685658619237,10173.618367346442,13517.463957108263
2026-03-29 15:30:00+00:00,13519.443174683052,12662.47375017718,11470.718067587928,12971.580358231036,14348.672026963422,10173.618367346442,13525.477921572563
2026-03-29 15:35:00+00:00,13527.4401620877,12670.470796013418,11470.718067587928,12979.577345635684,14356.667073661343,10173.618367346442,13533.47490897721
2026-03-29 15:40:00+00:00,13535.454115121287,12670.470796013418,11470.718067587928,12979.577345635684,14364.66508651167,10173.618367346442,13541.488862010796
2026-03-29 15:45:00+00:00,13543.466902541215,12678.48359797881,11470.718067587928,12987.590133055613,14364.66508651167,10173.618367346442,13549.501649430726
2026-03-29 15:50:00+00:00,13551.468276753827,12686.484972191422,11478.68615754422,12995.558223011903,14372.664873762691,10173.618367346442,13557.503023643336
2026-03-29 15:55:00+00:00,13551.468276753827,12694.501762846709,11478.68615754422,12995.558223011903,14372.664873762691,10173.618367346442,13565.519814298623
2026-03-29 16:00:00+00:00,13541.468276753827,12684.501762846709,11478.68615754422,12985.558223011903,14362.664873762691,10173.618367346442,13555.519814298623
2026-03-29 16:05:00+00:00,13531.468276753827,12684.501762846709,11478.68615754422,12985.558223011903,14370.651040228986,10173.618367346442,13545.519814298623
2026-03-29 16:10:00+00:00,13539.462748974964,12692.496235067845,11478.68615754422,12993.55269523304,14378.643268338372,10173.618367346442,13553.51428651976
2026-03-29 16:15:00+00:00,13547.450818770247,12700.484304863128,11486.645834995632,13001.512372684454,14386.628484931627,10173.618367346442,13561.502356315044
2026-03-29 16:20:00+00:00,13555.463355671156,12708.496857005941,11486.645834995632,13009.524909585361,14386.628484931627,10173.618367346442,13569.514893215952
2026-03-29 16:25:00+00:00,13563.4758870713,12716.509388406084,11486.645834995632,13017.537440985507,14386.628484931627,10173.618367346442,13577.527424616095
2026-03-29 16:30:00+00:00,13571.490025227384,12716.509388406084,11486.645834995632,13017.537440985507,14386.628484931627,10173.618367346442,13585.541562772181
2026-03-29 16:35:00+00:00,13561.490025227384,12706.509388406084,11486.645834995632,13007.537440985507,14386.628484931627,10173.618367346442,13575.541562772181
2026-03-29 16:40:00+00:00,13551.490025227384,12706.509388406084,11486.645834995632,13007.537440985507,14386.628484931627,10173.618367346442,13565.541562772181
2026-03-29 16:45:00+00:00,13559.50180009328,12714.52116327198,11486.645834995632,13015.5492158514,14386.628484931627,10173.618367346442,13573.553337638077
2026-03-29 16:50:00+00:00,13567.499093699076,12722.518456877777,11486.645834995632,13023.5465094572,14394.623802987491,10173.618367346442,13581.550631243874
2026-03-29 16:55:00+00:00,13557.499093699076,12712.518456877777,11486.645834995632,13013.5465094572,14394.623802987491,10173.618367346442,13571.550631243874
2026-03-29 17:00:00+00:00,13565.509597285542,12712.518456877777,11486.645834995632,13013.5465094572,14402.62303372927,10173.618367346442,13579.561134830337
2026-03-29 17:05:00+00:00,13573.5234533956,12720.53595962714,11486.645834995632,13021.560365567257,14402.62303372927,10173.618367346442,13587.574990940397
2026-03-29 17:10:00+00:00,13581.532571450964,12728.545102426855,11486.645834995632,13029.569483622621,14410.609528985766,10173.618367346442,13595.584108995761
2026-03-29 17:15:00+00:00,13571.532571450964,12728.545102426855,11486.645834995632,13029.569483622621,14418.613130115631,10173.618367346442,13585.584108995761
2026-03-29 17:20:00+00:00,13579.511569985805,12736.524100961697,11494.630089533834,13037.553738160823,14426.588413277415,10173.618367346442,13593.563107530601
2026-03-29 17:25:00+00:00,13587.514683282288,12744.52721425818,11494.630089533834,13045.556851457306,14434.590105280753,10173.618367346442,13601.566220827086
2026-03-29 17:30:00+00:00,13577.514683282288,12744.52721425818,11494.630089533834,13045.556851457306,14424.590105280753,10173.618367346442,13591.566220827086
2026-03-29 17:35:00+00:00,13585.513210395606,12752.525741371497,11494.630089533834,13053.555378570623,14432.586774288271,10173.618367346442,13599.564747940403
2026-03-29 17:40:00+00:00,13593.507042828805,12760.519573804697,11502.602548912228,13061.52783794902,14440.578301722497,10173.618367346442,13607.558580373603
2026-03-29 17:45:00+00:00,13601.51884846636,12768.531396716955,11502.602548912228,13069.539643586573,14440.578301722497,10173.618367346442,13615.570386011157
2026-03-29 17:50:00+00:00,13609.528818137285,12776.54136638788,11502.602548912228,13077.549613257499,14448.578369866575,10173.618367346442,13623.580355682083
2026-03-29 17:55:00+00:00,13609.528818137285,12776.54136638788,11502.602548912228,13077.549613257499,14448.578369866575,10173.618367346442,13623.580355682083
2026-03-29 18:00:00+00:00,13617.531029549617,12776.54136638788,11502.602548912228,13077.549613257499,14456.579074066167,10173.618367346442,13631.582567094412
2026-03-29 18:05:00+00:00,13625.541204659652,12776.54136638788,11502.602548912228,13077.549613257499,14456.579074066167,10173.618367346442,13639.592742204448
2026-03-29 18:10:00+00:00,13633.549795686675,12784.549957414903,11502.602548912228,13085.558204284522,14464.583361252937,10173.618367346442,13647.60133323147
2026-03-29 18:15:00+00:00,13641.555698542586,12792.555860270817,11502.602548912228,13093.564107140433,14472.58810862786,10173.618367346442,13655.607236087384
2026-03-29 18:20:00+00:00,13649.558725165933,12800.558928560306,11510.583669508627,13101.545227736833,14480.589751336307,10173.618367346442,13663.610262710728
2026-03-29 18:25:00+00:00,13657.572770195915,12808.572973590288,11510.583669508627,13109.559272766815,14480.589751336307,10173.618367346442,13671.624307740713
2026-03-29 18:30:00+00:00,13665.58613168578,12816.586335080154,11510.583669508627,13117.572634256681,14480.589751336307,10173.618367346442,13679.637669230578
2026-03-29 18:35:00+00:00,13673.59642240743,12816.586335080154,11510.583669508627,13117.572634256681,14488.565120501633,10173.618367346442,13687.647959952228
2026-03-29 18:40:00+00:00,13681.607073691914,12824.59700684793,11510.583669508627,13125.583285541165,14496.56703374336,10173.618367346442,13695.658611236711
2026-03-29 18:45:00+00:00,13689.610491775435,12824.59700684793,11518.56736279578,13133.566978828316,14504.569059571948,10173.618367346442,13703.66202932023
2026-03-29 18:50:00+00:00,13697.626337550191,12824.59700684793,11518.56736279578,13133.566978828316,14504.569059571948,10173.618367346442,13711.677875094989
2026-03-29 18:55:00+00:00,13705.637485573085,12832.608173973453,11518.56736279578,13141.57812685121,14504.569059571948,10173.618367346442,13719.68902311788
2026-03-29 19:00:00+00:00,13695.637485573085,12832.608173973453,11518.56736279578,13141.57812685121,14504.569059571948,10173.618367346442,13709.68902311788
2026-03-29 19:05:00+00:00,13685.637485573085,12832.608173973453,11518.56736279578,13141.57812685121,14512.566450249753,10173.618367346442,13699.68902311788
2026-03-29 19:10:00+00:00,13693.653076388262,12840.623771539342,11518.56736279578,13149.593717666387,14512.566450249753,10173.618367346442,13707.704613933058
2026-03-29 19:15:00+00:00,13701.665060084948,12848.635772015772,11518.56736279578,13157.605701363073,14512.566450249753,10173.618367346442,13715.716597629744
2026-03-29 19:20:00+00:00,13691.665060084948,12838.635772015772,11518.56736279578,13147.605701363073,14502.566450249753,10173.618367346442,13705.716597629744
2026-03-29 19:25:00+00:00,13681.665060084948,12838.635772015772,11518.56736279578,13147.605701363073,14502.566450249753,10173.618367346442,13695.716597629744
2026-03-29 19:30:00+00:00,13689.680556463913,12838.635772015772,11518.56736279578,13147.605701363073,14510.56586735704,10173.618367346442,13703.732094008708
2026-03-29 19:35:00+00:00,13697.679925472097,12846.635141023955,11518.56736279578,13155.605070371257,14518.563458427678,10173.618367346442,13711.731463016895
2026-03-29 19:40:00+00:00,13687.679925472097,12846.635141023955,11518.56736279578,13155.605070371257,14518.563458427678,10173.618367346442,13701.731463016895
2026-03-29 19:45:00+00:00,13677.679925472097,12836.635141023955,11518.56736279578,13145.605070371257,14508.563458427678,10173.618367346442,13691.731463016895
2026-03-29 19:50:00+00:00,13685.692632890554,12836.635141023955,11518.56736279578,13145.605070371257,14508.563458427678,10173.618367346442,13699.744170435351
2026-03-29 19:55:00+00:00,13693.705188153332,12836.635141023955,11518.56736279578,13145.605070371257,14516.568999235304,10173.618367346442,13707.756725698127
2026-03-29 20:00:00+00:00,13701.708032299413,12844.637985170039,11518.56736279578,13153.607914517339,14524.57039644616,10173.618367346442,13715.75956984421
2026-03-29 20:05:00+00:00,13709.701895989281,12852.631848859904,11518.56736279578,13161.601778207207,14532.561958111572,10173.618367346442,13723.753433534077
2026-03-29 20:10:00+00:00,13717.710585611043,12860.640538481668,11518.56736279578,13169.610467828968,14532.561958111572,10173.618367346442,13731.762123155839
2026-03-29 20:15:00+00:00,13725.718170343234,12868.648152218808,11526.544351977162,13177.58745701035,14540.568579439285,10173.618367346442,13739.76970788803
2026-03-29 20:20:00+00:00,13733.734373651478,12868.648152218808,11534.50971878593,13185.552823819118,14548.533946248053,10173.618367346442,13747.785911196275
2026-03-29 20:25:00+00:00,13741.74803254965,12868.648152218808,11534.50971878593,13185.552823819118,14556.534064246178,10173.618367346442,13755.799570094447
2026-03-29 20:30:00+00:00,13749.758644019912,12868.648152218808,11534.50971878593,13185.552823819118,14564.532649792829,10173.618367346442,13763.810181564708
2026-03-29 20:35:00+00:00,13757.76821967229,12858.648152218808,11534.50971878593,13185.552823819118,14572.532628621198,10173.618367346442,13771.819757217088
2026-03-29 20:40:00+00:00,13765.7778319754,12866.657764521915,11534.50971878593,13193.562436122227,14580.512099377753,10173.618367346442,13779.829369520196
2026-03-29 20:45:00+00:00,13773.785368362958,12874.665300909473,11534.50971878593,13201.569972509784,14588.518635982622,10173.618367346442,13787.836905907754
2026-03-29 20:50:00+00:00,13781.796902618476,12882.681963014234,11534.50971878593,13209.581506765306,14588.518635982622,10173.618367346442,13795.848440163274
2026-03-29 20:55:00+00:00,13771.796902618476,12872.681963014234,11534.50971878593,13199.581506765306,14588.518635982622,10173.618367346442,13785.848440163274
2026-03-29 21:00:00+00:00,13779.801242694592,12880.686303090348,11534.50971878593,13207.585846841419,14596.521671652099,10173.618367346442,13793.852780239387
2026-03-29 21:05:00+00:00,13787.81434901229,12888.699423066948,11534.50971878593,13215.598953159119,14604.522337468332,10173.618367346442,13801.865886557087
2026-03-29 21:10:00+00:00,13795.824175529893,12896.70924958455,11534.50971878593,13223.60877967672,14604.522337468332,10173.618367346442,13809.875713074689
2026-03-29 21:15:00+00:00,13785.824175529893,12896.70924958455,11534.50971878593,13223.60877967672,14604.522337468332,10173.618367346442,13799.875713074689
2026-03-29 21:20:00+00:00,13793.832909793717,12904.717983848373,11534.50971878593,13231.617513940544,14612.51730925342,10173.618367346442,13807.884447338514
2026-03-29 21:25:00+00:00,13801.841996092464,12912.72707014712,11534.50971878593,13239.626600239291,14612.51730925342,10173.618367346442,13815.89353363726
2026-03-29 21:30:00+00:00,13791.841996092464,12902.72707014712,11534.50971878593,13229.626600239291,14612.51730925342,10173.618367346442,13805.89353363726
2026-03-29 21:35:00+00:00,13799.853883783491,12910.738957838148,11534.50971878593,13237.638487930319,14620.511426243655,10173.618367346442,13813.905421328287
2026-03-29 21:40:00+00:00,13789.853883783491,12910.738957838148,11534.50971878593,13237.638487930319,14620.511426243655,10173.618367346442,13803.905421328287
2026-03-29 21:45:00+00:00,13797.86235930058,12918.747433355235,11534.50971878593,13245.646963447405,14628.504610252341,10173.618367346442,13811.913896845375
2026-03-29 21:50:00+00:00,13787.86235930058,12918.747433355235,11534.50971878593,13245.646963447405,14628.504610252341,10173.618367346442,13801.913896845375
2026-03-29 21:55:00+00:00,13795.861987449973,12926.74706150463,11534.50971878593,13253.6465915968,14636.502485142206,10173.618367346442,13809.91352499477
2026-03-29 22:00:00+00:00,13803.816685210542,12934.701759265201,11542.437790472017,13261.574663282889,14644.45116260719,10173.618367346442,13817.86822275534
2026-03-29 22:05:00+00:00,13811.815657278474,12942.700784256349,11550.418595221869,13269.55546803274,14652.44837690126,10181.61739233759,13825.867194823271
2026-03-29 22:10:00+00:00,13819.776331958867,12942.700784256349,11558.387438750786,13277.524311561658,14660.403597556651,10181.61739233759,13833.827869503664
2026-03-29 22:15:00+00:00,13809.776331958867,12942.700784256349,11566.370373766205,13277.524311561658,14668.386532572069,10181.61739233759,13823.827869503664
2026-03-29 22:20:00+00:00,13817.783461514624,12942.700784256349,11566.370373766205,13277.524311561658,14676.392623565505,10181.61739233759,13831.834999059422
2026-03-29 22:25:00+00:00,13825.797386053735,12942.700784256349,11566.370373766205,13277.524311561658,14684.388896961878,10181.61739233759,13839.848923598533
2026-03-29 22:30:00+00:00,13833.805818007173,12942.700784256349,11566.370373766205,13277.524311561658,14692.389875164026,10181.61739233759,13847.857355551969
2026-03-29 22:35:00+00:00,13841.775372871341,12950.670339120516,11574.35456760918,13285.50850540463,14700.35481810713,10181.61739233759,13855.826910416137
2026-03-29 22:40:00+00:00,13849.58528513516,12958.480251384333,11582.096481065175,13293.250418860627,14708.145120704623,10181.61739233759,13863.636822679955
2026-03-29 22:45:00+00:00,13839.58528513516,12958.480251384333,11590.062570797107,13293.250418860627,14698.145120704623,10189.583482069522,13853.636822679955
2026-03-29 22:50:00+00:00,13847.478112690129,12966.373078939305,11597.92622028032,13301.11406834384,14706.026090755915,10189.583482069522,13861.529650234927
2026-03-29 22:55:00+00:00,13855.396349003466,12974.291315252642,11605.848283019843,13309.036131083363,14713.93486135458,10189.583482069522,13869.447886548263
2026-03-29 23:00:00+00:00,13863.372232573165,12982.267315751757,11613.786582925646,13316.974430989167,14721.906861745341,10189.583482069522,13877.42377011796
2026-03-29 23:05:00+00:00,13871.348619245566,12982.267315751757,11621.750636779952,13324.938484843473,14729.879284979917,10189.583482069522,13885.400156790362
2026-03-29 23:10:00+00:00,13879.328390341072,12990.247086847263,11629.716921465448,13332.904769528966,14737.855414092473,10189.583482069522,13893.37992788587
2026-03-29 23:15:00+00:00,13887.307004556018,12990.247086847263,11637.679910466562,13340.867758530083,14745.830276428132,10189.583482069522,13901.358542100814
2026-03-29 23:20:00+00:00,13877.307004556018,12980.247086847263,11637.679910466562,13330.867758530083,14753.825575339959,10189.583482069522,13891.358542100814
2026-03-29 23:25:00+00:00,13885.289064050738,12988.229146341982,11645.668519346555,13338.856367410075,14761.804210281101,10189.583482069522,13899.340601595533
2026-03-29 23:30:00+00:00,13893.279115679537,12996.219275642863,11645.668519346555,13346.846419038875,14769.791682257528,10197.573611370402,13907.330653224333
2026-03-29 23:35:00+00:00,13883.279115679537,12986.219275642863,11645.668519346555,13336.846419038875,14759.791682257528,10197.573611370402,13897.330653224333
2026-03-29 23:40:00+00:00,13891.283018304302,12994.223217500972,11645.668519346555,13344.850321663638,14767.794281765215,10205.577553228513,13905.334555849098
2026-03-29 23:45:00+00:00,13899.287709633021,13002.227908829693,11645.668519346555,13352.855012992359,14775.797702157564,10205.577553228513,13913.339247177819
2026-03-29 23:50:00+00:00,13889.287709633021,13002.227908829693,11645.668519346555,13352.855012992359,14765.797702157564,10205.577553228513,13903.339247177819
2026-03-29 23:55:00+00:00,13897.300202756254,13010.240417316529,11645.668519346555,13360.86750611559,14773.791300558045,10205.577553228513,13911.35174030105
2026-03-30 00:00:00+00:00,13905.255516837777,13018.195731398051,11653.61702207092,13368.816008839956,14781.740652716719,10205.577553228513,13919.307054382572
2026-03-30 00:05:00+00:00,13913.238589092836,13026.17880365311,11653.61702207092,13376.799081095018,14789.72039666382,10205.577553228513,13927.290126637634
2026-03-30 00:10:00+00:00,13921.228858258928,13034.169072819204,11653.61702207092,13384.78935026111,14797.708021809696,10205.577553228513,13935.280395803726
2026-03-30 00:15:00+00:00,13929.173995583713,13042.114412052439,11661.441278403308,13392.613606593499,14805.646454931568,10213.522892461748,13943.22553312851
2026-03-30 00:20:00+00:00,13937.10111597215,13042.114412052439,11669.290178670792,13400.46250686098,14813.564947671279,10213.522892461748,13951.152653516947
2026-03-30 00:25:00+00:00,13927.10111597215,13042.114412052439,11659.290178670792,13390.46250686098,14803.564947671279,10213.522892461748,13941.152653516947
2026-03-30 00:30:00+00:00,13917.10111597215,13032.114412052439,11667.241296904078,13380.46250686098,14811.516065904565,10213.522892461748,13931.152653516947
2026-03-30 00:35:00+00:00,13925.06514913648,13040.078594934006,11675.170088543546,13388.39129850045,14819.475127332387,10213.522892461748,13939.116686681278
2026-03-30 00:40:00+00:00,13915.06514913648,13040.078594934006,11675.170088543546,13388.39129850045,14809.475127332387,10213.522892461748,13929.116686681278
2026-03-30 00:45:00+00:00,13923.073795388422,13040.078594934006,11675.170088543546,13388.39129850045,14817.475584211195,10213.522892461748,13937.125332933218
2026-03-30 00:50:00+00:00,13931.053417811132,13040.078594934006,11683.130312080533,13396.351522037436,14825.451550527107,10213.522892461748,13945.104955355928
2026-03-30 00:55:00+00:00,13939.010785257417,13048.035962380292,11691.089351332017,13404.31056128892,14833.403150559978,10213.522892461748,13953.062322802214
2026-03-30 01:00:00+00:00,13946.977336891361,13056.002514014235,11699.018615012728,13412.23982496963,14841.36480537491,10213.522892461748,13961.028874436157
2026-03-30 01:05:00+00:00,13954.984465731668,13064.009673126124,11699.018615012728,13420.246953809936,14849.370928741735,10213.522892461748,13969.036003276464
2026-03-30 01:10:00+00:00,13962.96984385126,13071.995051245716,11699.018615012728,13428.23233192953,14857.353197731065,10213.522892461748,13977.021381396056
2026-03-30 01:15:00+00:00,13970.94891109931,13071.995051245716,11706.966192698621,13436.179909615423,14865.328556133252,10213.522892461748,13985.000448644108
2026-03-30 01:20:00+00:00,13978.957466316482,13080.003606462888,11706.966192698621,13444.188464832592,14855.328556133252,10213.522892461748,13993.009003861278
2026-03-30 01:25:00+00:00,13986.963452699067,13088.009626290934,11714.93541777541,13452.157689909382,14863.33343162835,10213.522892461748,14001.014990243862
2026-03-30 01:30:00+00:00,13994.974502377154,13088.009626290934,11714.93541777541,13452.157689909382,14871.27120271546,10213.522892461748,14009.026039921951
2026-03-30 01:35:00+00:00,14002.977228966405,13096.012352880185,11714.93541777541,13460.160416498633,14879.272471170058,10213.522892461748,14017.028766511201
2026-03-30 01:40:00+00:00,13992.977228966405,13096.012352880185,11714.93541777541,13460.160416498633,14869.272471170058,10213.522892461748,14007.028766511201
2026-03-30 01:45:00+00:00,14000.952940013678,13103.988063927458,11722.899966580193,13468.124965303416,14877.244154624139,10213.522892461748,14015.004477558476
2026-03-30 01:50:00+00:00,14008.942228849186,13103.988063927458,11730.85240758106,13476.077406304283,14885.230706193386,10213.522892461748,14022.993766393982
2026-03-30 01:55:00+00:00,13998.942228849186,13093.988063927458,11730.85240758106,13466.077406304283,14893.230284872043,10213.522892461748,14012.993766393982
2026-03-30 02:00:00+00:00,13988.942228849186,13083.988063927458,11730.85240758106,13456.077406304283,14883.230284872043,10213.522892461748,14002.993766393982
2026-03-30 02:05:00+00:00,13996.886353606355,13091.932188684626,11738.774815156761,13463.999813879984,14891.167388638663,10213.522892461748,14010.937891151152
2026-03-30 02:10:00+00:00,13986.886353606355,13081.932188684626,11738.774815156761,13453.999813879984,14881.167388638663,10213.522892461748,14000.937891151152
2026-03-30 02:15:00+00:00,13994.889957508363,13089.93583264961,11738.774815156761,13462.003417781994,14889.169661869993,10213.522892461748,14008.94149505316
2026-03-30 02:20:00+00:00,14002.892908380167,13089.93583264961,11738.774815156761,13462.003417781994,14897.17117597428,10213.522892461748,14016.944445924964
2026-03-30 02:25:00+00:00,14010.881489893005,13097.924414162448,11746.77557123332,13470.004173858553,14905.156952949437,10213.522892461748,14024.9330274378
2026-03-30 02:30:00+00:00,14000.881489893005,13097.924414162448,11746.77557123332,13470.004173858553,14913.157582243126,10221.523521755436,14014.9330274378
2026-03-30 02:35:00+00:00,14008.8830274754,13105.92595174484,11746.77557123332,13478.005711440948,14921.157548425352,10221.523521755436,14022.934565020198
2026-03-30 02:40:00+00:00,14016.843093088848,13113.886017358289,11754.68782620978,13485.917966417406,14929.112102289959,10221.523521755436,14030.894630633644
2026-03-30 02:45:00+00:00,14024.836485884263,13121.87947855893,11754.68782620978,13493.911359212823,14937.103223164417,10221.523521755436,14038.888023429061
2026-03-30 02:50:00+00:00,14032.84675438017,13121.87947855893,11762.671720784661,13501.895253787705,14945.087117739298,10221.523521755436,14046.898291924968
2026-03-30 02:55:00+00:00,14040.855858836101,13121.87947855893,11762.671720784661,13501.895253787705,14945.087117739298,10221.523521755436,14054.907396380899
2026-03-30 03:00:00+00:00,14048.834159841508,13129.857779564338,11770.611351211463,13509.834884214506,14953.061637115174,10221.523521755436,14062.885697386306
2026-03-30 03:05:00+00:00,14056.828438655706,13129.857779564338,11778.59088097976,13517.814413982804,14961.053653411003,10221.523521755436,14070.879976200504
2026-03-30 03:10:00+00:00,14064.832816676728,13129.857779564338,11778.59088097976,13517.814413982804,14969.056730641023,10221.523521755436,14078.884354221524
2026-03-30 03:15:00+00:00,14072.826244894222,13137.851207781834,11786.570398626563,13525.793931629607,14977.047815393671,10221.523521755436,14086.87778243902
2026-03-30 03:20:00+00:00,14062.826244894222,13137.851207781834,11786.570398626563,13525.793931629607,14967.047815393671,10229.522398726207,14076.87778243902
2026-03-30 03:25:00+00:00,14052.826244894222,13137.851207781834,11786.570398626563,13525.793931629607,14975.048701450587,10237.523284783121,14066.87778243902
2026-03-30 03:30:00+00:00,14060.824236760842,13145.849199648454,11786.570398626563,13533.791923496226,14983.044784247579,10237.523284783121,14074.87577430564
2026-03-30 03:35:00+00:00,14050.824236760842,13135.849199648454,11786.570398626563,13523.791923496226,14991.045078927978,10237.523284783121,14064.87577430564
2026-03-30 03:40:00+00:00,14058.82681386357,13143.851776751182,11786.570398626563,13531.794500598955,14999.046183654973,10237.523284783121,14072.878351408368
2026-03-30 03:45:00+00:00,14048.82681386357,13133.851776751182,11786.570398626563,13521.794500598955,14989.046183654973,10237.523284783121,14062.878351408368
2026-03-30 03:50:00+00:00,14056.830605626232,13141.855568513844,11786.570398626563,13529.798292361616,14997.048618766,10237.523284783121,14070.882143171028
2026-03-30 03:55:00+00:00,14046.830605626232,13141.855568513844,11786.570398626563,13529.798292361616,14997.048618766,10237.523284783121,14060.882143171028
2026-03-30 04:00:00+00:00,14054.82759911361,13149.85256200122,11786.570398626563,13537.795285848995,15005.04360813139,10237.523284783121,14068.879136658406
2026-03-30 04:05:00+00:00,14062.811674833036,13149.85256200122,11794.513098634208,13545.73798585664,15013.02445091683,10237.523284783121,14076.863212377833
2026-03-30 04:10:00+00:00,14070.804900766758,13157.84578793494,11802.490773246713,13553.715660469143,15021.01531413674,10237.523284783121,14084.856438311554
2026-03-30 04:15:00+00:00,14060.804900766758,13157.84578793494,11802.490773246713,13553.715660469143,15029.01353840579,10237.523284783121,14074.856438311554
2026-03-30 04:20:00+00:00,14050.804900766758,13157.84578793494,11802.490773246713,13553.715660469143,15037.016806200863,10245.526552578194,14064.856438311554
2026-03-30 04:25:00+00:00,14058.810198811476,13157.84578793494,11810.42554967389,13561.650436896321,15045.020891125532,10245.526552578194,14072.861736356272
2026-03-30 04:30:00+00:00,14066.824439125581,13157.84578793494,11810.42554967389,13561.650436896321,15045.020891125532,10245.526552578194,14080.875976670379
2026-03-30 04:35:00+00:00,14074.834280943523,13165.855652485887,11810.42554967389,13569.660278714262,15053.016308881339,10245.526552578194,14088.885818488321
2026-03-30 04:40:00+00:00,14082.843647472837,13173.8650190152,11810.42554967389,13577.669645243577,15061.017346385304,10245.526552578194,14096.895185017635
2026-03-30 04:45:00+00:00,14090.834888513416,13173.8650190152,11818.39420440028,13585.638299969967,15069.006035858429,10245.526552578194,14104.886426058212
2026-03-30 04:50:00+00:00,14098.828892627787,13181.859089838908,11818.39420440028,13593.632304084338,15076.997824369711,10245.526552578194,14112.880430172583
2026-03-30 04:55:00+00:00,14088.828892627787,13181.859089838908,11818.39420440028,13593.632304084338,15066.997824369711,10245.526552578194,14102.880430172583
2026-03-30 05:00:00+00:00,14096.842947006728,13181.859089838908,11818.39420440028,13593.632304084338,15074.986826852752,10253.515555061236,14110.894484551525
2026-03-30 05:05:00+00:00,14104.854282456721,13181.859089838908,11818.39420440028,13593.632304084338,15082.989751570887,10253.515555061236,14118.905820001517
2026-03-30 05:10:00+00:00,14112.845676080742,13181.859089838908,11826.365563653031,13601.60366333709,15090.979262502524,10253.515555061236,14126.89721362554
2026-03-30 05:15:00+00:00,14102.845676080742,13181.859089838908,11826.365563653031,13601.60366333709,15098.970907161365,10261.507199720078,14116.89721362554
2026-03-30 05:20:00+00:00,14110.8552625601,13189.868676318267,11826.365563653031,13609.613249816448,15106.969732695346,10261.507199720078,14124.906800104898
2026-03-30 05:25:00+00:00,14118.865949845698,13189.868676318267,11826.365563653031,13609.613249816448,15114.974477421089,10261.507199720078,14132.917487390496
2026-03-30 05:30:00+00:00,14108.865949845698,13189.868676318267,11826.365563653031,13609.613249816448,15114.974477421089,10261.507199720078,14122.917487390496
2026-03-30 05:35:00+00:00,14116.87076675996,13197.873529926492,11826.365563653031,13617.618066730709,15122.97190201352,10261.507199720078,14130.922304304755
2026-03-30 05:40:00+00:00,14106.87076675996,13197.873529926492,11826.365563653031,13617.618066730709,15130.972352314724,10261.507199720078,14120.922304304755
2026-03-30 05:45:00+00:00,14096.87076675996,13187.873529926492,11826.365563653031,13607.618066730709,15120.972352314724,10261.507199720078,14110.922304304755
2026-03-30 05:50:00+00:00,14104.877900927182,13187.873529926492,11826.365563653031,13607.618066730709,15128.974529505083,10261.507199720078,14118.929438471978
2026-03-30 05:55:00+00:00,14094.877900927182,13187.873529926492,11826.365563653031,13607.618066730709,15128.974529505083,10261.507199720078,14108.929438471978
2026-03-30 06:00:00+00:00,14102.882471791123,13187.873529926492,11834.349136371631,13615.601639449309,15136.960116082588,10261.507199720078,14116.934009335919
2026-03-30 06:05:00+00:00,14110.887356065072,13187.873529926492,11834.349136371631,13615.601639449309,15144.963747806205,10261.507199720078,14124.93889360987
2026-03-30 06:10:00+00:00,14118.902300907766,13187.873529926492,11834.349136371631,13615.601639449309,15144.963747806205,10261.507199720078,14132.953838452562
2026-03-30 06:15:00+00:00,14126.899657479305,13195.870943905102,11842.31293448537,13623.56543756305,15152.959197694981,10261.507199720078,14140.951195024103
2026-03-30 06:20:00+00:00,14134.915954322922,13195.870943905102,11842.31293448537,13623.56543756305,15160.955540389961,10261.507199720078,14148.96749186772
2026-03-30 06:25:00+00:00,14142.929448610597,13195.870943905102,11842.31293448537,13623.56543756305,15168.95078890851,10261.507199720078,14156.980986155395
2026-03-30 06:30:00+00:00,14132.929448610597,13195.870943905102,11842.31293448537,13623.56543756305,15168.95078890851,10261.507199720078,14146.980986155395
2026-03-30 06:35:00+00:00,14122.929448610597,13195.870943905102,11842.31293448537,13623.56543756305,15168.95078890851,10261.507199720078,14136.980986155395
2026-03-30 06:40:00+00:00,14130.945087624965,13195.870943905102,11842.31293448537,13623.56543756305,15168.95078890851,10261.507199720078,14144.99662516976
2026-03-30 06:45:00+00:00,14138.947482396565,13203.873338676702,11842.31293448537,13631.56783233465,15176.951693934654,10261.507199720078,14152.999019941362
2026-03-30 06:50:00+00:00,14146.962478896043,13203.873338676702,11850.293387576614,13639.548285425892,15184.932147025895,10261.507199720078,14161.01401644084
2026-03-30 06:55:00+00:00,14154.974655067315,13211.885531092672,11850.293387576614,13647.560461597164,15192.926214249808,10261.507199720078,14169.026192612113
2026-03-30 07:00:00+00:00,14162.986684772492,13219.897577449694,11850.293387576614,13655.572491302339,15200.924422665576,10261.507199720078,14177.038222317287
2026-03-30 07:05:00+00:00,14170.979828372896,13227.8907210501,11858.265904870905,13663.545008596631,15208.915195717615,10261.507199720078,14185.031365917694
2026-03-30 07:10:00+00:00,14178.989597099937,13235.900512713273,11858.265904870905,13671.55477732367,15216.912396562562,10261.507199720078,14193.041134644733
2026-03-30 07:15:00+00:00,14168.989597099937,13225.900512713273,11858.265904870905,13661.55477732367,15206.912396562562,10261.507199720078,14183.041134644733
2026-03-30 07:20:00+00:00,14176.999515463296,13225.900512713273,11858.265904870905,13661.55477732367,15214.914747328254,10261.507199720078,14191.051053008092
2026-03-30 07:25:00+00:00,14184.999584138919,13225.900512713273,11858.265904870905,13661.55477732367,15222.921490224398,10261.507199720078,14199.051121683715
2026-03-30 07:30:00+00:00,14192.98045231088,13233.881380885232,11866.253274119586,13669.542146572352,15230.900988105335,10251.507199720078,14207.031989855677
2026-03-30 07:35:00+00:00,14182.98045231088,13223.881380885232,11866.253274119586,13659.542146572352,15220.900988105335,10251.507199720078,14197.031989855677
2026-03-30 07:40:00+00:00,14190.989326614548,13231.8902551889,11866.253274119586,13667.55102087602,15228.901752326117,10251.507199720078,14205.040864159344
2026-03-30 07:45:00+00:00,14198.993143875186,13239.89407244954,11874.21359164283,13675.511338399263,15236.889896116314,10251.507199720078,14213.044681419982
2026-03-30 07:50:00+00:00,14206.965973598883,13247.866902173237,11882.213114069744,13683.510860826176,15244.881924514071,10251.507199720078,14221.01751114368
2026-03-30 07:55:00+00:00,14214.948062115505,13255.848990689858,11890.196824424254,13691.494571180687,15252.858904719207,10251.507199720078,14228.999599660303
2026-03-30 08:00:00+00:00,14222.948991564183,13255.848990689858,11898.133666409976,13699.43141316641,15260.8560036674,10251.507199720078,14237.00052910898
2026-03-30 08:05:00+00:00,14212.948991564183,13255.848990689858,11898.133666409976,13699.43141316641,15250.8560036674,10241.507199720078,14227.00052910898
2026-03-30 08:10:00+00:00,14202.948991564183,13255.848990689858,11898.133666409976,13699.43141316641,15258.862290712814,10241.507199720078,14217.00052910898
2026-03-30 08:15:00+00:00,14210.944912590105,13255.848990689858,11906.098688912229,13707.396435668663,15266.840950267106,10241.507199720078,14224.9964501349
2026-03-30 08:20:00+00:00,14218.92950299273,13255.848990689858,11914.063045523792,13715.360792280226,15274.811758709606,10241.507199720078,14232.981040537526
2026-03-30 08:25:00+00:00,14208.92950299273,13255.848990689858,11914.063045523792,13715.360792280226,15282.817674773167,10241.507199720078,14222.981040537526
2026-03-30 08:30:00+00:00,14198.92950299273,13245.848990689858,11914.063045523792,13705.360792280226,15272.817674773167,10241.507199720078,14212.981040537526
2026-03-30 08:35:00+00:00,14206.940446249588,13245.848990689858,11914.063045523792,13705.360792280226,15280.822364657317,10241.507199720078,14220.991983794383
2026-03-30 08:40:00+00:00,14214.937904700966,13253.846449141238,11914.063045523792,13713.358250731604,15288.810444961124,10241.507199720078,14228.989442245762
2026-03-30 08:45:00+00:00,14204.937904700966,13253.846449141238,11914.063045523792,13713.358250731604,15296.810790638265,10249.507545397217,14218.989442245762
2026-03-30 08:50:00+00:00,14212.929950066497,13261.83849450677,11922.051631730275,13721.346836938088,15304.802025499057,10249.507545397217,14226.981487611294
2026-03-30 08:55:00+00:00,14220.914350161143,13261.83849450677,11930.024608971427,13729.31981417924,15312.771195151674,10249.507545397217,14234.965887705941
2026-03-30 09:00:00+00:00,14228.917287072472,13261.83849450677,11930.024608971427,13729.31981417924,15320.769319716946,10249.507545397217,14242.96882461727
2026-03-30 09:05:00+00:00,14218.917287072472,13251.83849450677,11930.024608971427,13719.31981417924,15310.769319716946,10249.507545397217,14232.96882461727
2026-03-30 09:10:00+00:00,14226.933306676401,13251.83849450677,11930.024608971427,13719.31981417924,15318.76392586303,10249.507545397217,14240.984844221199
2026-03-30 09:15:00+00:00,14234.949376073175,13251.83849450677,11930.024608971427,13719.31981417924,15308.76392586303,10257.5122472084,14249.000913617972
2026-03-30 09:20:00+00:00,14242.951916676899,13259.850410804995,11930.024608971427,13727.322354782962,15316.766072549177,10257.5122472084,14257.003454221694
2026-03-30 09:25:00+00:00,14250.96392820393,13259.850410804995,11930.024608971427,13727.322354782962,15316.766072549177,10257.5122472084,14265.015465748726
2026-03-30 09:30:00+00:00,14258.970307951819,13267.856790552883,11930.024608971427,13735.328734530849,15324.767806090294,10257.5122472084,14273.021845496616
2026-03-30 09:35:00+00:00,14266.983029968913,13267.856790552883,11930.024608971427,13735.328734530849,15332.772104106414,10257.5122472084,14281.03456751371
2026-03-30 09:40:00+00:00,14256.983029968913,13257.856790552883,11930.024608971427,13725.328734530849,15322.772104106414,10257.5122472084,14271.03456751371
2026-03-30 09:45:00+00:00,14264.989112371066,13265.862872955033,11930.024608971427,13733.334816933,15330.775066708193,10257.5122472084,14279.040649915862
2026-03-30 09:50:00+00:00,14272.98446066584,13265.862872955033,11930.024608971427,13733.334816933,15338.777276886889,10257.5122472084,14287.035998210638
2026-03-30 09:55:00+00:00,14280.98800820905,13273.866420498241,11938.00802000018,13741.318227961752,15346.774055614402,10257.5122472084,14295.039545753847
2026-03-30 10:00:00+00:00,14288.993142387877,13273.866420498241,11938.00802000018,13741.318227961752,15354.7781914706,10257.5122472084,14303.044679932675
2026-03-30 10:05:00+00:00,14297.008583372462,13273.866420498241,11938.00802000018,13741.318227961752,15354.7781914706,10257.5122472084,14311.060120917258
2026-03-30 10:10:00+00:00,14305.018991161596,13281.876828287377,11938.00802000018,13749.328635750888,15362.784909727208,10257.5122472084,14319.070528706394
2026-03-30 10:15:00+00:00,14313.030797257212,13289.888634382993,11938.00802000018,13757.340441846503,15370.789888771134,10257.5122472084,14327.08233480201
2026-03-30 10:20:00+00:00,14321.042255036595,13289.888634382993,11938.00802000018,13757.340441846503,15378.796894769646,10257.5122472084,14335.093792581392
2026-03-30 10:25:00+00:00,14329.05796303289,13289.888634382993,11938.00802000018,13757.340441846503,15378.796894769646,10257.5122472084,14343.109500577688
2026-03-30 10:30:00+00:00,14337.068497390826,13289.888634382993,11938.00802000018,13757.340441846503,15378.796894769646,10257.5122472084,14351.120034935622
2026-03-30 10:35:00+00:00,14345.07818608007,13289.888634382993,11938.00802000018,13757.340441846503,15386.793599764016,10257.5122472084,14359.129723624867
2026-03-30 10:40:00+00:00,14335.07818608007,13279.888634382993,11938.00802000018,13747.340441846503,15386.793599764016,10257.5122472084,14349.129723624867
2026-03-30 10:45:00+00:00,14325.07818608007,13269.888634382993,11938.00802000018,13737.340441846503,15394.771928565999,10257.5122472084,14339.129723624867
2026-03-30 10:50:00+00:00,14333.078867986886,13277.889316289808,11938.00802000018,13745.341123753318,15402.764893198459,10257.5122472084,14347.130405531681
2026-03-30 10:55:00+00:00,14341.090422133926,13285.90087043685,11938.00802000018,13753.352677900359,15402.764893198459,10257.5122472084,14355.141959678724
2026-03-30 11:00:00+00:00,14349.089690481796,13285.90087043685,11945.989980403223,13761.334638303402,15410.754386944474,10257.5122472084,14363.141228026592
2026-03-30 11:05:00+00:00,14357.100406328389,13293.911586283442,11945.989980403223,13769.345354149995,15418.746543762103,10257.5122472084,14371.151943873185
2026-03-30 11:10:00+00:00,14365.113202039594,13293.911586283442,11945.989980403223,13769.345354149995,15418.746543762103,10257.5122472084,14379.16473958439
2026-03-30 11:15:00+00:00,14373.12153590873,13293.911586283442,11945.989980403223,13769.345354149995,15426.750641305158,10257.5122472084,14387.173073453527
2026-03-30 11:20:00+00:00,14381.128663768251,13301.918714142965,11945.989980403223,13777.352482009517,15434.75582825466,10257.5122472084,14395.180201313047
2026-03-30 11:25:00+00:00,14389.116003896394,13301.918714142965,11953.951337146067,13785.313838752363,15442.68511595142,10257.5122472084,14403.167541441191
2026-03-30 11:30:00+00:00,14397.103776588256,13301.918714142965,11953.951337146067,13785.313838752363,15450.67242291581,10265.51968394235,14411.155314133051
2026-03-30 11:35:00+00:00,14387.103776588256,13301.918714142965,11953.951337146067,13785.313838752363,15440.67242291581,10273.521964506426,14401.155314133051
2026-03-30 11:40:00+00:00,14395.102260852687,13301.918714142965,11961.932957665773,13793.295459272067,15448.66946857276,10273.521964506426,14409.153798397483
2026-03-30 11:45:00+00:00,14403.107564144935,13309.924017435213,11961.932957665773,13801.300762564317,15456.668571683767,10273.521964506426,14417.159101689733
2026-03-30 11:50:00+00:00,14393.107564144935,13309.924017435213,11961.932957665773,13801.300762564317,15464.661289772446,10273.521964506426,14407.159101689733
2026-03-30 11:55:00+00:00,14383.107564144935,13309.924017435213,11961.932957665773,13801.300762564317,15464.661289772446,10273.521964506426,14397.159101689733
2026-03-30 12:00:00+00:00,14391.102071060666,13317.918589665349,11961.932957665773,13809.295269480048,15472.663912473317,10273.521964506426,14405.153608605462
2026-03-30 12:05:00+00:00,14399.106146778096,13317.918589665349,11961.932957665773,13809.295269480048,15480.666303624474,10273.521964506426,14413.157684322894
2026-03-30 12:10:00+00:00,14407.116046995576,13317.918589665349,11961.932957665773,13809.295269480048,15488.669270819206,10273.521964506426,14421.167584540372
2026-03-30 12:15:00+00:00,14397.116046995576,13317.918589665349,11961.932957665773,13809.295269480048,15478.669270819206,10281.519938248966,14411.167584540372
2026-03-30 12:20:00+00:00,14387.116046995576,13317.918589665349,11961.932957665773,13809.295269480048,15468.669270819206,10271.519938248966,14401.167584540372
2026-03-30 12:25:00+00:00,14377.116046995576,13317.918589665349,11961.932957665773,13809.295269480048,15476.67096579545,10271.519938248966,14391.167584540372
2026-03-30 12:30:00+00:00,14385.095540101622,13325.898082771397,11969.915410859096,13817.277722673372,15484.650064213954,10271.519938248966,14399.14707764642
2026-03-30 12:35:00+00:00,14375.095540101622,13325.898082771397,11969.915410859096,13817.277722673372,15474.650064213954,10279.508132428931,14389.14707764642
2026-03-30 12:40:00+00:00,14365.095540101622,13315.898082771397,11969.915410859096,13807.277722673372,15464.650064213954,10279.508132428931,14379.14707764642
2026-03-30 12:45:00+00:00,14355.095540101622,13305.898082771397,11969.915410859096,13797.277722673372,15454.650064213954,10279.508132428931,14369.14707764642
2026-03-30 12:50:00+00:00,14363.099108784045,13305.898082771397,11969.915410859096,13797.277722673372,15462.653676614114,10279.508132428931,14377.150646328842
2026-03-30 12:55:00+00:00,14371.100000078222,13313.898974065574,11969.915410859096,13805.278613967548,15470.652791426633,10279.508132428931,14385.15153762302
2026-03-30 13:00:00+00:00,14361.100000078222,13303.898974065574,11969.915410859096,13795.278613967548,15460.652791426633,10279.508132428931,14375.15153762302
2026-03-30 13:05:00+00:00,14369.10971928094,13303.898974065574,11969.915410859096,13795.278613967548,15468.649544542059,10279.508132428931,14383.161256825735
2026-03-30 13:10:00+00:00,14377.099323658567,13311.888578443202,11977.915728180904,13803.278931289356,15476.65153188209,10279.508132428931,14391.150861203363
2026-03-30 13:15:00+00:00,14385.099208835229,13319.888463619865,11977.915728180904,13811.27881646602,15484.65109579607,10279.508132428931,14399.150746380026
2026-03-30 13:20:00+00:00,14393.034928529702,13327.824183314338,11985.877222291176,13819.24031057629,15492.59798813723,10279.508132428931,14407.0864660745
2026-03-30 13:25:00+00:00,14400.893257591062,13327.824183314338,11993.843634441733,13827.09863963765,15500.59122878009,10279.508132428931,14414.94479513586
2026-03-30 13:30:00+00:00,14408.88595101557,13327.824183314338,12001.82946471206,13835.084469907979,15508.552795566862,10287.511700392692,14422.937488560368
2026-03-30 13:35:00+00:00,14416.881661615538,13327.824183314338,12001.82946471206,13835.084469907979,15498.552795566862,10277.511700392692,14430.933199160336
2026-03-30 13:40:00+00:00,14424.847431205013,13335.789952903813,12009.793210638038,13843.048215833955,15506.49811758367,10277.511700392692,14438.89896874981
2026-03-30 13:45:00+00:00,14432.851875800894,13335.789952903813,11999.793210638038,13843.048215833955,15496.49811758367,10285.511044789513,14446.903413345692
2026-03-30 13:50:00+00:00,14440.836240803455,13335.789952903813,12007.758758804106,13851.013764000025,15504.472549709491,10285.511044789513,14454.887778348253
2026-03-30 13:55:00+00:00,14448.809066497404,13343.762778597762,12015.705050361526,13858.960055557443,15512.439326325763,10285.511044789513,14462.860604042202
2026-03-30 14:00:00+00:00,14438.809066497404,13343.762778597762,12023.687741667292,13858.960055557443,15520.439686798873,10293.51518531252,14452.860604042202
2026-03-30 14:05:00+00:00,14446.813278078966,13343.762778597762,12013.687741667292,13858.960055557443,15510.439686798873,10293.51518531252,14460.864815623761
2026-03-30 14:10:00+00:00,14454.815027810762,13343.762778597762,12021.654510268068,13866.926824158221,15518.43392635927,10301.521070221563,14468.866565355558
2026-03-30 14:15:00+00:00,14462.803592359578,13343.762778597762,12029.634563047535,13874.906876937688,15526.405470691428,10301.521070221563,14476.855129904376
2026-03-30 14:20:00+00:00,14452.803592359578,13343.762778597762,12029.634563047535,13874.906876937688,15534.40927799886,10291.521070221563,14466.855129904376
2026-03-30 14:25:00+00:00,14460.79497058801,13351.754156826193,12037.594813660246,13882.867127550398,15542.400884909075,10291.521070221563,14474.846508132807
2026-03-30 14:30:00+00:00,14468.77723416754,13351.754156826193,12037.594813660246,13882.867127550398,15550.39867013084,10291.521070221563,14482.828771712338
2026-03-30 14:35:00+00:00,14476.711328811582,13359.688251470234,12045.527926273802,13890.800240163955,15558.334852586951,10291.521070221563,14490.762866356377
2026-03-30 14:40:00+00:00,14484.686539199265,13367.663461857916,12053.498845526912,13898.771159417065,15566.291240885359,10291.521070221563,14498.73807674406
2026-03-30 14:45:00+00:00,14492.660184320095,13367.663461857916,12061.431201395959,13906.703515286114,15574.277265465731,10291.521070221563,14506.711721864891
2026-03-30 14:50:00+00:00,14500.654316229444,13367.663461857916,12069.378613860663,13914.650927750818,15582.260030354239,10291.521070221563,14514.70585377424
2026-03-30 14:55:00+00:00,14508.602058182536,13375.611203811008,12077.250124828966,13922.522438719121,15590.18770802991,10291.521070221563,14522.653595727332
2026-03-30 15:00:00+00:00,14516.608699723925,13375.611203811008,12077.250124828966,13922.522438719121,15598.19279027989,10291.521070221563,14530.660237268721
2026-03-30 15:05:00+00:00,14524.586631299062,13375.611203811008,12085.161008252904,13930.433322143059,15606.137684465088,10291.521070221563,14538.63816884386
2026-03-30 15:10:00+00:00,14514.586631299062,13365.611203811008,12075.161008252904,13920.433322143059,15596.137684465088,10291.521070221563,14528.63816884386
2026-03-30 15:15:00+00:00,14522.559638059143,13365.611203811008,12083.115539445595,13928.38785333575,15604.111966830304,10291.521070221563,14536.611175603939
2026-03-30 15:20:00+00:00,14512.559638059143,13365.611203811008,12083.115539445595,13928.38785333575,15594.111966830304,10291.521070221563,14526.611175603939
2026-03-30 15:25:00+00:00,14520.545960310961,13373.597526062826,12091.061198786894,13936.333512677047,15602.090600410127,10291.521070221563,14534.597497855757
2026-03-30 15:30:00+00:00,14528.550141801432,13373.597526062826,12099.024609101385,13944.296922991538,15610.052320890458,10291.521070221563,14542.60167934623
2026-03-30 15:35:00+00:00,14536.540920130581,13381.588304391975,12106.995103757568,13952.267417647721,15618.03514535621,10291.521070221563,14550.592457675379
2026-03-30 15:40:00+00:00,14544.545376832508,13381.588304391975,12106.995103757568,13952.267417647721,15626.040117294298,10299.525568502973,14558.596914377304
2026-03-30 15:45:00+00:00,14552.558081319115,13381.588304391975,12106.995103757568,13952.267417647721,15634.04508428165,10299.525568502973,14566.609618863911
2026-03-30 15:50:00+00:00,14560.546417663445,13381.588304391975,12106.995103757568,13952.267417647721,15642.044224100733,10299.525568502973,14574.59795520824
2026-03-30 15:55:00+00:00,14568.526440347381,13389.568327075911,12114.960421309332,13960.232735199485,15650.007369616473,10299.525568502973,14582.577977892179
2026-03-30 16:00:00+00:00,14576.509820334297,13397.551707062827,12122.912044130611,13968.184358020766,15657.983234274654,10299.525568502973,14590.561357879093
2026-03-30 16:05:00+00:00,14584.516930865635,13397.551707062827,12122.912044130611,13968.184358020766,15665.990344805992,10299.525568502973,14598.56846841043
2026-03-30 16:10:00+00:00,14584.516930865635,13397.551707062827,12122.912044130611,13968.184358020766,15673.995605090136,10299.525568502973,14598.56846841043
2026-03-30 16:15:00+00:00,14592.515707227354,13405.550483424544,12122.912044130611,13976.183134382483,15663.995605090136,10289.525568502973,14606.56724477215
2026-03-30 16:20:00+00:00,14600.495700673278,13413.53047687047,12130.891356345202,13984.162446597074,15671.983084590262,10289.525568502973,14614.547238218074
2026-03-30 16:25:00+00:00,14608.49297928028,13413.53047687047,12130.891356345202,13984.162446597074,15679.980294260491,10289.525568502973,14622.544516825077
2026-03-30 16:30:00+00:00,14616.508506896329,13413.53047687047,12130.891356345202,13984.162446597074,15687.971309989662,10289.525568502973,14630.560044441125
2026-03-30 16:35:00+00:00,14624.50156303804,13421.523533012183,12138.871902101702,13992.142992353572,15695.948312151835,10289.525568502973,14638.553100582838
2026-03-30 16:40:00+00:00,14632.490010905687,13429.511980879828,12146.835203094179,14000.10629334605,15703.94028357439,10289.525568502973,14646.541548450485
2026-03-30 16:45:00+00:00,14622.490010905687,13429.511980879828,12136.835203094179,13990.10629334605,15693.94028357439,10289.525568502973,14636.541548450485
2026-03-30 16:50:00+00:00,14630.503536317481,13429.511980879828,12136.835203094179,13990.10629334605,15683.94028357439,10289.525568502973,14644.555073862277
2026-03-30 16:55:00+00:00,14638.516380660414,13429.511980879828,12136.835203094179,13990.10629334605,15691.945096855943,10289.525568502973,14652.567918205212
2026-03-30 17:00:00+00:00,14628.516380660414,13429.511980879828,12136.835203094179,13990.10629334605,15699.950130318912,10297.530601965944,14642.567918205212
2026-03-30 17:05:00+00:00,14636.509382008395,13429.511980879828,12144.826735354498,13998.09782560637,15707.94074758246,10297.530601965944,14650.56091955319
2026-03-30 17:10:00+00:00,14644.50367631493,13429.511980879828,12144.826735354498,13998.09782560637,15715.932794426284,10297.530601965944,14658.555213859727
2026-03-30 17:15:00+00:00,14652.4916894572,13429.511980879828,12152.818877534984,14006.089967786857,15723.920541578915,10297.530601965944,14666.543227001996
2026-03-30 17:20:00+00:00,14660.465516132226,13437.485807554855,12160.759952661676,14014.031042913548,15731.870652712329,10297.530601965944,14674.517053677024
2026-03-30 17:25:00+00:00,14668.44750949744,13437.485807554855,12168.715426289242,14021.986516541114,15739.807499148212,10297.530601965944,14682.499047042238
2026-03-30 17:30:00+00:00,14676.458936454139,13437.485807554855,12168.715426289242,14021.986516541114,15747.812916523993,10287.530601965944,14690.510473998937
2026-03-30 17:35:00+00:00,14684.467218600239,13437.485807554855,12168.715426289242,14021.986516541114,15755.804958130788,10295.527617329755,14698.518756145035
2026-03-30 17:40:00+00:00,14692.47741057595,13437.485807554855,12168.715426289242,14021.986516541114,15745.804958130788,10295.527617329755,14706.528948120746
2026-03-30 17:45:00+00:00,14700.481489277347,13437.485807554855,12168.715426289242,14021.986516541114,15753.809910791206,10295.527617329755,14714.533026822144
2026-03-30 17:50:00+00:00,14690.481489277347,13437.485807554855,12168.715426289242,14021.986516541114,15761.799155684648,10295.527617329755,14704.533026822144
2026-03-30 17:55:00+00:00,14698.486645602516,13437.485807554855,12168.715426289242,14021.986516541114,15769.797453745883,10295.527617329755,14712.538183147313
2026-03-30 18:00:00+00:00,14706.488415048616,13437.485807554855,12176.697849330427,14029.968939582299,15777.799770904483,10295.527617329755,14720.539952593412
2026-03-30 18:05:00+00:00,14714.495355149498,13437.485807554855,12176.697849330427,14029.968939582299,15785.788408326725,10295.527617329755,14728.546892694296
2026-03-30 18:10:00+00:00,14722.500752055952,13437.485807554855,12184.675791561162,14037.946881813034,15793.784956912545,10295.527617329755,14736.552289600748
2026-03-30 18:15:00+00:00,14730.490413706277,13445.475469205181,12184.675791561162,14045.936543463358,15801.780400398715,10295.527617329755,14744.541951251074
2026-03-30 18:20:00+00:00,14738.503722068446,13445.475469205181,12184.675791561162,14045.936543463358,15809.783830039389,10303.528956931492,14752.555259613244
2026-03-30 18:25:00+00:00,14728.503722068446,13445.475469205181,12184.675791561162,14045.936543463358,15799.783830039389,10311.530615865908,14742.555259613244
2026-03-30 18:30:00+00:00,14718.503722068446,13435.475469205181,12174.675791561162,14035.936543463358,15789.783830039389,10319.522547457216,14732.555259613244
2026-03-30 18:35:00+00:00,14708.503722068446,13435.475469205181,12174.675791561162,14035.936543463358,15779.783830039389,10319.522547457216,14722.555259613244
2026-03-30 18:40:00+00:00,14716.509348918808,13435.475469205181,12174.675791561162,14035.936543463358,15787.789503528991,10319.522547457216,14730.560886463605
2026-03-30 18:45:00+00:00,14724.522137613461,13435.475469205181,12174.675791561162,14035.936543463358,15795.795246522679,10327.52561730531,14738.573675158259
2026-03-30 18:50:00+00:00,14724.522137613461,13435.475469205181,12174.675791561162,14035.936543463358,15803.78986909019,10327.52561730531,14738.573675158259
2026-03-30 18:55:00+00:00,14714.522137613461,13435.475469205181,12174.675791561162,14035.936543463358,15793.78986909019,10327.52561730531,14728.573675158259
2026-03-30 19:00:00+00:00,14704.522137613461,13435.475469205181,12174.675791561162,14035.936543463358,15801.79396768624,10327.52561730531,14718.573675158259
2026-03-30 19:05:00+00:00,14712.496315714554,13435.475469205181,12182.588654034516,14043.849405936715,15809.741699811211,10327.52561730531,14726.54785325935
2026-03-30 19:10:00+00:00,14720.478862584543,13435.475469205181,12190.54396144849,14051.804713350686,15817.724094462,10327.52561730531,14734.53040012934
2026-03-30 19:15:00+00:00,14710.478862584543,13435.475469205181,12190.54396144849,14051.804713350686,15807.724094462,10317.52561730531,14724.53040012934
2026-03-30 19:20:00+00:00,14700.478862584543,13435.475469205181,12190.54396144849,14051.804713350686,15815.728891895582,10325.526665280468,14714.53040012934
2026-03-30 19:25:00+00:00,14708.451065468986,13443.447672089624,12198.502991859361,14059.763743761558,15823.708442080095,10325.526665280468,14722.502603013781
2026-03-30 19:30:00+00:00,14698.451065468986,13443.447672089624,12198.502991859361,14059.763743761558,15813.708442080095,10325.526665280468,14712.502603013781
2026-03-30 19:35:00+00:00,14688.451065468986,13443.447672089624,12198.502991859361,14059.763743761558,15803.708442080095,10315.526665280468,14702.502603013781
2026-03-30 19:40:00+00:00,14678.451065468986,13443.447672089624,12198.502991859361,14059.763743761558,15793.708442080095,10315.526665280468,14692.502603013781
2026-03-30 19:45:00+00:00,14686.462115742856,13443.447672089624,12206.475362169156,14067.736114071355,15801.714969881905,10323.523941085912,14700.513653287651
2026-03-30 19:50:00+00:00,14694.460573927206,13443.447672089624,12206.475362169156,14067.736114071355,15809.718400012898,10323.523941085912,14708.512111472002
2026-03-30 19:55:00+00:00,14684.460573927206,13443.447672089624,12206.475362169156,14067.736114071355,15799.718400012898,10313.523941085912,14698.512111472002
2026-03-30 20:00:00+00:00,14692.460392559478,13443.447672089624,12206.475362169156,14067.736114071355,15807.71786922593,10313.523941085912,14706.511930104276
2026-03-30 20:05:00+00:00,14700.436937472316,13443.447672089624,12214.46414256669,14075.724894468889,15815.704478770356,10313.523941085912,14714.488475017111
2026-03-30 20:10:00+00:00,14690.436937472316,13433.447672089624,12214.46414256669,14065.724894468889,15805.704478770356,10321.519874934524,14704.488475017111
2026-03-30 20:15:00+00:00,14680.436937472316,13433.447672089624,12214.46414256669,14065.724894468889,15795.704478770356,10321.519874934524,14694.488475017111
2026-03-30 20:20:00+00:00,14688.429991998146,13441.440726615452,12214.46414256669,14073.717948994718,15803.700292502828,10321.519874934524,14702.481529542942
2026-03-30 20:25:00+00:00,14688.429991998146,13441.440726615452,12214.46414256669,14073.717948994718,15803.700292502828,10321.519874934524,14702.481529542942
2026-03-30 20:30:00+00:00,14678.429991998146,13441.440726615452,12214.46414256669,14073.717948994718,15811.703954831744,10321.519874934524,14692.481529542942
2026-03-30 20:35:00+00:00,14686.44549518375,13441.440726615452,12214.46414256669,14073.717948994718,15819.707931677125,10329.51894044944,14700.497032728548
2026-03-30 20:40:00+00:00,14676.44549518375,13441.440726615452,12214.46414256669,14073.717948994718,15819.707931677125,10329.51894044944,14690.497032728548
2026-03-30 20:45:00+00:00,14684.453215853278,13441.440726615452,12214.46414256669,14073.717948994718,15827.713819531975,10329.51894044944,14698.504753398076
2026-03-30 20:50:00+00:00,14692.46958619514,13441.440726615452,12214.46414256669,14073.717948994718,15835.710326811975,10329.51894044944,14706.521123739938
2026-03-30 20:55:00+00:00,14700.479981758064,13441.440726615452,12214.46414256669,14073.717948994718,15835.710326811975,10329.51894044944,14714.531519302862
2026-03-30 21:00:00+00:00,14708.452182228102,13441.440726615452,12214.46414256669,14073.717948994718,15843.714241833462,10329.51894044944,14722.5037197729
2026-03-30 21:05:00+00:00,14716.441859476075,13441.440726615452,12214.46414256669,14073.717948994718,15851.703919081434,10329.51894044944,14730.493397020873
2026-03-30 21:10:00+00:00,14724.427902735908,13441.440726615452,12214.46414256669,14073.717948994718,15859.701778597846,10329.51894044944,14738.479440280706
2026-03-30 21:15:00+00:00,14732.414245022508,13449.427068902052,12222.44846568874,14081.702272116767,15867.692213661354,10329.51894044944,14746.465782567306
2026-03-30 21:20:00+00:00,14740.408556133178,13457.428917403011,12230.412329243773,14089.6661356718,15875.679061939663,10329.51894044944,14754.460093677975
2026-03-30 21:25:00+00:00,14748.385365132286,13457.428917403011,12238.373149553545,14097.62695598157,15883.651947606544,10329.51894044944,14762.436902677084
2026-03-30 21:30:00+00:00,14738.385365132286,13457.428917403011,12238.373149553545,14097.62695598157,15883.651947606544,10329.51894044944,14752.436902677084
2026-03-30 21:35:00+00:00,14728.385365132286,13465.442228633081,12238.373149553545,14097.62695598157,15891.646987000408,10329.51894044944,14742.436902677084
2026-03-30 21:40:00+00:00,14718.385365132286,13455.442228633081,12238.373149553545,14087.62695598157,15899.646800396584,10337.521351550397,14732.436902677084
2026-03-30 21:45:00+00:00,14726.378790079101,13463.435653579894,12246.35939835456,14095.613204782587,15907.641687183452,10337.521351550397,14740.430327623897
2026-03-30 21:50:00+00:00,14716.378790079101,13463.435653579894,12246.35939835456,14095.613204782587,15907.641687183452,10337.521351550397,14730.430327623897
2026-03-30 21:55:00+00:00,14724.384705919925,13463.435653579894,12246.35939835456,14095.613204782587,15915.647219603577,10337.521351550397,14738.436243464723
2026-03-30 22:00:00+00:00,14732.376442039003,13471.42738969897,12246.35939835456,14103.604940901663,15923.640288315237,10337.521351550397,14746.4279795838
2026-03-30 22:05:00+00:00,14740.360330539257,13471.42738969897,12254.266011537256,14111.511554084358,15931.60268086059,10337.521351550397,14754.411868084053
2026-03-30 22:10:00+00:00,14730.360330539257,13471.42738969897,12254.266011537256,14111.511554084358,15921.60268086059,10345.521173416299,14744.411868084053
2026-03-30 22:15:00+00:00,14738.374443237739,13471.42738969897,12254.266011537256,14111.511554084358,15929.607822646205,10345.521173416299,14752.425980782536
2026-03-30 22:20:00+00:00,14746.385161200888,13479.439948292129,12254.266011537256,14119.522272047507,15937.610017028876,10345.521173416299,14760.436698745683
2026-03-30 22:25:00+00:00,14754.398638019724,13479.439948292129,12254.266011537256,14119.522272047507,15945.612311051344,10345.521173416299,14768.450175564521
2026-03-30 22:30:00+00:00,14754.398638019724,13487.436809465944,12254.266011537256,14119.522272047507,15953.617469528208,10345.521173416299,14776.447036738336
2026-03-30 22:35:00+00:00,14744.398638019724,13487.436809465944,12254.266011537256,14119.522272047507,15953.617469528208,10345.521173416299,14766.447036738336
2026-03-30 22:40:00+00:00,14752.393837757058,13495.432009203276,12254.266011537256,14127.517471784839,15961.610494395703,10345.521173416299,14774.442236475668
2026-03-30 22:45:00+00:00,14760.400600581528,13495.432009203276,12262.24769159517,14135.499151842752,15969.60933300015,10345.521173416299,14782.44899930014
2026-03-30 22:50:00+00:00,14768.408641774993,13503.44005039674,12262.24769159517,14143.507193036217,15977.616427099314,10345.521173416299,14790.457040493606
2026-03-30 22:55:00+00:00,14776.417188056967,13511.453370009607,12262.24769159517,14151.51573931819,15985.612764841497,10345.521173416299,14798.465586775577
2026-03-30 23:00:00+00:00,14784.37967084311,13519.415852795752,12270.131978757167,14159.400026480187,15993.534547851023,10345.521173416299,14806.42806956172
2026-03-30 23:05:00+00:00,14774.37967084311,13519.415852795752,12270.131978757167,14159.400026480187,15983.534547851023,10335.521173416299,14796.42806956172
2026-03-30 23:10:00+00:00,14782.390711309195,13519.415852795752,12270.131978757167,14159.400026480187,15991.536199961993,10335.521173416299,14804.439110027806
2026-03-30 23:15:00+00:00,14790.39756225624,13519.415852795752,12270.131978757167,14159.400026480187,15999.541596583906,10335.521173416299,14812.445960974852
2026-03-30 23:20:00+00:00,14798.405300822811,13519.415852795752,12270.131978757167,14159.400026480187,16007.54673221253,10335.521173416299,14820.453699541424
2026-03-30 23:25:00+00:00,14806.408700072812,13527.419252045753,12270.131978757167,14167.403425730188,16015.542736975243,10335.521173416299,14828.457098791423
2026-03-30 23:30:00+00:00,14814.404664449155,13527.419252045753,12270.131978757167,14167.403425730188,16023.538793321677,10335.521173416299,14836.453063167766
2026-03-30 23:35:00+00:00,14822.418228834957,13535.43282881693,12270.131978757167,14175.41699011599,16031.516932228693,10335.521173416299,14844.466627553567
2026-03-30 23:40:00+00:00,14830.431763526789,13535.43282881693,12278.105136916001,14183.390148274824,16039.490090387528,10335.521173416299,14852.4801622454
2026-03-30 23:45:00+00:00,14838.441150529405,13543.442239816508,12278.105136916001,14191.39953527744,16039.490090387528,10335.521173416299,14860.489549248017
2026-03-30 23:50:00+00:00,14828.441150529405,13533.442239816508,12278.105136916001,14181.39953527744,16039.490090387528,10335.521173416299,14850.489549248017
2026-03-30 23:55:00+00:00,14836.426076957967,13533.442239816508,12278.105136916001,14181.39953527744,16047.475293233085,10335.521173416299,14858.474475676578
2026-03-31 00:00:00+00:00,14844.438380373622,13541.45455912314,12278.105136916001,14189.411838693097,16055.4245098371,10335.521173416299,14866.486779092233
2026-03-31 00:05:00+00:00,14852.451698765593,13549.467877515111,12278.105136916001,14197.425157085068,16063.431367134734,10335.521173416299,14874.500097484204
2026-03-31 00:10:00+00:00,14860.426628270749,13557.442807020267,12286.061062096942,14205.381082266009,16071.38404042626,10335.521173416299,14882.47502698936
2026-03-31 00:15:00+00:00,14868.432113485665,13557.442807020267,12286.061062096942,14205.381082266009,16079.377822592262,10335.521173416299,14890.480512204278
2026-03-31 00:20:00+00:00,14876.424872544278,13557.442807020267,12286.061062096942,14205.381082266009,16087.373505831443,10325.521173416299,14898.47327126289
2026-03-31 00:25:00+00:00,14884.409697335823,13565.427631811812,12294.041756339837,14213.361776508904,16095.35536009544,10325.521173416299,14906.458096054434
2026-03-31 00:30:00+00:00,14892.416941779862,13565.427631811812,12294.041756339837,14213.361776508904,16103.36090199856,10333.526358051156,14914.465340498475
2026-03-31 00:35:00+00:00,14900.369338349683,13565.427631811812,12301.994425908302,14221.314173078725,16111.367518291725,10333.526358051156,14922.417737068296
2026-03-31 00:40:00+00:00,14890.369338349683,13565.427631811812,12301.994425908302,14221.314173078725,16119.369317176217,10333.526358051156,14912.417737068296
2026-03-31 00:45:00+00:00,14898.378196614383,13573.436515542786,12301.994425908302,14229.323031343425,16127.295734604355,10333.526358051156,14920.426595332996
2026-03-31 00:50:00+00:00,14906.360170635053,13573.436515542786,12301.994425908302,14229.323031343425,16135.274275949141,10333.526358051156,14928.408569353665
2026-03-31 00:55:00+00:00,14914.363867784074,13573.436515542786,12301.994425908302,14229.323031343425,16143.2766074318,10333.526358051156,14936.412266502684
2026-03-31 01:00:00+00:00,14922.358733987698,13573.436515542786,12301.994425908302,14229.323031343425,16151.271570179335,10341.52132079869,14944.40713270631
2026-03-31 01:05:00+00:00,14930.360507770107,13581.438289325195,12301.994425908302,14237.324805125834,16159.271795060824,10341.52132079869,14952.40890648872
2026-03-31 01:10:00+00:00,14920.360507770107,13581.438289325195,12301.994425908302,14237.324805125834,16159.271795060824,10341.52132079869,14942.40890648872
2026-03-31 01:15:00+00:00,14910.360507770107,13581.438289325195,12301.994425908302,14237.324805125834,16167.248244736886,10341.52132079869,14932.40890648872
2026-03-31 01:20:00+00:00,14918.350049500714,13589.427831055804,12309.8775321913,14245.20791140883,16175.235073254771,10341.52132079869,14940.398448219326
2026-03-31 01:25:00+00:00,14908.350049500714,13579.427831055804,12309.8775321913,14235.20791140883,16165.235073254771,10341.52132079869,14930.398448219326
2026-03-31 01:30:00+00:00,14916.28880141023,13587.366582965318,12317.712810870957,14243.043190088487,16173.166296154584,10341.52132079869,14938.33720012884
2026-03-31 01:35:00+00:00,14924.299506638286,13587.366582965318,12317.712810870957,14243.043190088487,16181.170661056056,10341.52132079869,14946.347905356899
2026-03-31 01:40:00+00:00,14932.255069204202,13595.322145531234,12325.630395091768,14250.9607743093,16189.120285234729,10341.52132079869,14954.303467922815
2026-03-31 01:45:00+00:00,14940.242860152424,13595.322145531234,12333.630602719142,14258.960981936674,16197.105196463843,10341.52132079869,14962.291258871035
2026-03-31 01:50:00+00:00,14948.22757360814,13595.322145531234,12341.597233207069,14266.927612424599,16205.086737605121,10341.52132079869,14970.275972326752
2026-03-31 01:55:00+00:00,14956.23380484937,13603.328409537715,12341.597233207069,14274.933843665829,16213.091880550619,10341.52132079869,14978.282203567982
2026-03-31 02:00:00+00:00,14964.197815532192,13611.292420220538,12349.55194391183,14282.888554370591,16221.050753452208,10341.52132079869,14986.246214250805
2026-03-31 02:05:00+00:00,14954.197815532192,13601.292420220538,12349.55194391183,14272.888554370591,16211.050753452208,10341.52132079869,14976.246214250805
2026-03-31 02:10:00+00:00,14944.197815532192,13601.292420220538,12349.55194391183,14272.888554370591,16219.055215498567,10341.52132079869,14966.246214250805
2026-03-31 02:15:00+00:00,14952.179980222794,13609.274584911142,12357.497445277857,14280.834055736617,16227.020052784446,10341.52132079869,14974.228378941407
2026-03-31 02:20:00+00:00,14942.179980222794,13609.274584911142,12357.497445277857,14280.834055736617,16217.020052784446,10341.52132079869,14964.228378941407
2026-03-31 02:25:00+00:00,14950.174775857151,13617.269380545498,12357.497445277857,14288.828851370974,16225.013870746909,10341.52132079869,14972.223174575764
2026-03-31 02:30:00+00:00,14958.16004804986,13625.254652738206,12365.47812424719,14296.809530340306,16232.996963203277,10341.52132079869,14980.208446768473
2026-03-31 02:35:00+00:00,14948.16004804986,13615.254652738206,12365.47812424719,14286.809530340306,16222.996963203277,10341.52132079869,14970.208446768473
2026-03-31 02:40:00+00:00,14956.167663549175,13623.262268237522,12365.47812424719,14294.817145839623,16230.995280114996,10341.52132079869,14978.216062267787
2026-03-31 02:45:00+00:00,14946.167663549175,13623.262268237522,12365.47812424719,14294.817145839623,16238.996593492888,10341.52132079869,14968.216062267787
2026-03-31 02:50:00+00:00,14954.150357506893,13623.262268237522,12373.421827070712,14302.760848663143,16246.954511832686,10341.52132079869,14976.198756225505
2026-03-31 02:55:00+00:00,14962.158592923028,13623.262268237522,12373.421827070712,14302.760848663143,16246.954511832686,10341.52132079869,14984.206991641639
2026-03-31 03:00:00+00:00,14970.136672519173,13623.262268237522,12381.397646347841,14310.736667940273,16254.928161913323,10341.52132079869,14992.185071237784
2026-03-31 03:05:00+00:00,14978.133481817815,13623.262268237522,12389.348337022984,14318.687358615414,16262.900145228026,10341.52132079869,15000.181880536427
2026-03-31 03:10:00+00:00,14968.133481817815,13623.262268237522,12389.348337022984,14318.687358615414,16270.898634558587,10341.52132079869,14990.181880536427
2026-03-31 03:15:00+00:00,14976.1458033255,13623.262268237522,12389.348337022984,14318.687358615414,16260.898634558587,10349.52145219622,14998.194202044111
2026-03-31 03:20:00+00:00,14966.1458033255,13623.262268237522,12389.348337022984,14318.687358615414,16250.898634558587,10349.52145219622,14988.194202044111
2026-03-31 03:25:00+00:00,14974.142191039411,13631.258655951433,12389.348337022984,14326.683746329327,16258.892960482484,10349.52145219622,14996.190589758022
2026-03-31 03:30:00+00:00,14982.145416372314,13639.261881284336,12389.348337022984,14334.686971662228,16266.894775196248,10349.52145219622,15004.193815090925
2026-03-31 03:35:00+00:00,14990.138137621168,13647.254602533192,12397.324446186325,14342.663080825569,16274.882181839006,10349.52145219622,15012.186536339781
2026-03-31 03:40:00+00:00,14998.152455887226,13647.254602533192,12397.324446186325,14342.663080825569,16282.883898556523,10349.52145219622,15020.200854605837
2026-03-31 03:45:00+00:00,15006.162292864401,13655.264462256826,12397.324446186325,14350.672917802745,16290.87077201153,10349.52145219622,15028.210691583012
2026-03-31 03:50:00+00:00,15014.170831545467,13663.27300093789,12397.324446186325,14358.681456483811,16298.874097637574,10349.52145219622,15036.21923026408
2026-03-31 03:55:00+00:00,15022.183508572673,13663.27300093789,12397.324446186325,14358.681456483811,16298.874097637574,10349.52145219622,15044.231907291283
2026-03-31 04:00:00+00:00,15030.19305116416,13663.27300093789,12405.321184155757,14366.678194453245,16306.854800649533,10357.52331755438,15052.241449882771
2026-03-31 04:05:00+00:00,15038.190087133142,13663.27300093789,12413.297575401592,14374.654585699078,16314.82627590703,10357.52331755438,15060.238485851754
2026-03-31 04:10:00+00:00,15028.190087133142,13653.27300093789,12413.297575401592,14364.654585699078,16304.82627590703,10357.52331755438,15050.238485851754
2026-03-31 04:15:00+00:00,15036.183934837836,13661.266848642585,12413.297575401592,14372.648433403774,16312.821038361608,10357.52331755438,15058.232333556447
2026-03-31 04:20:00+00:00,15036.183934837836,13661.266848642585,12413.297575401592,14372.648433403774,16320.82358676205,10357.52331755438,15058.232333556447
2026-03-31 04:25:00+00:00,15044.160500290936,13669.243414095685,12421.210488269473,14380.561346271654,16328.780736495522,10357.52331755438,15066.208899009547
2026-03-31 04:30:00+00:00,15034.160500290936,13669.243414095685,12421.210488269473,14380.561346271654,16318.780736495522,10357.52331755438,15056.208899009547
2026-03-31 04:35:00+00:00,15042.16394316619,13669.243414095685,12421.210488269473,14380.561346271654,16308.780736495522,10357.52331755438,15064.212341884802
2026-03-31 04:40:00+00:00,15050.178976544385,13669.243414095685,12421.210488269473,14380.561346271654,16316.783023838598,10357.52331755438,15072.227375262995
2026-03-31 04:45:00+00:00,15058.181318858082,13669.243414095685,12429.191117145489,14388.54197514767,16324.774629495243,10357.52331755438,15080.229717576694
2026-03-31 04:50:00+00:00,15048.181318858082,13669.243414095685,12429.191117145489,14388.54197514767,16332.772010731902,10365.520698791039,15070.229717576694
2026-03-31 04:55:00+00:00,15056.173555703484,13677.235650941087,12429.191117145489,14396.534211993072,16340.76709160582,10365.520698791039,15078.221954422097
2026-03-31 05:00:00+00:00,15046.173555703484,13677.235650941087,12419.191117145489,14386.534211993072,16330.76709160582,10373.515422917242,15068.221954422097
2026-03-31 05:05:00+00:00,15054.17581366561,13685.237908903213,12419.191117145489,14394.536469955197,16338.767842279518,10373.515422917242,15076.224212384222
2026-03-31 05:10:00+00:00,15044.17581366561,13685.237908903213,12419.191117145489,14394.536469955197,16346.77008940595,10373.515422917242,15066.224212384222
2026-03-31 05:15:00+00:00,15052.186848939882,13685.237908903213,12419.191117145489,14394.536469955197,16354.766915453509,10373.515422917242,15074.235247658493
2026-03-31 05:20:00+00:00,15060.186820140774,13693.237880104105,12427.166601974604,14402.511954784313,16362.766415957449,10373.515422917242,15082.235218859387
2026-03-31 05:25:00+00:00,15068.194856872302,13693.237880104105,12427.166601974604,14402.511954784313,16370.773040549928,10363.515422917242,15090.243255590914
2026-03-31 05:30:00+00:00,15058.194856872302,13693.237880104105,12427.166601974604,14402.511954784313,16360.773040549928,10353.515422917242,15080.243255590914
2026-03-31 05:35:00+00:00,15048.194856872302,13693.237880104105,12427.166601974604,14402.511954784313,16350.773040549928,10353.515422917242,15070.243255590914
2026-03-31 05:40:00+00:00,15056.199577545149,13693.237880104105,12427.166601974604,14402.511954784313,16358.769594700589,10353.515422917242,15078.24797626376
2026-03-31 05:45:00+00:00,15064.192830217562,13701.231132776518,12435.143664571815,14410.489017381522,16366.754904185305,10353.515422917242,15086.241228936175
2026-03-31 05:50:00+00:00,15072.19815437013,13709.236456929086,12435.143664571815,14418.494341534091,16356.754904185305,10353.515422917242,15094.246553088742
2026-03-31 05:55:00+00:00,15080.198028103494,13717.23633066245,12443.127374607964,14426.47805157024,16364.745791542711,10353.515422917242,15102.246426822105
2026-03-31 06:00:00+00:00,15070.198028103494,13707.23633066245,12433.127374607964,14416.47805157024,16354.745791542711,10353.515422917242,15092.246426822105
2026-03-31 06:05:00+00:00,15078.164183039426,13707.23633066245,12441.09148688261,14424.442163844886,16362.717223648626,10353.515422917242,15100.212581758036
2026-03-31 06:10:00+00:00,15086.165790990111,13707.23633066245,12441.09148688261,14424.442163844886,16370.72323613795,10353.515422917242,15108.214189708724
2026-03-31 06:15:00+00:00,15094.174518749882,13707.23633066245,12441.09148688261,14424.442163844886,16378.727331867653,10361.520416826923,15116.222917468493
2026-03-31 06:20:00+00:00,15084.174518749882,13707.23633066245,12441.09148688261,14424.442163844886,16368.727331867653,10361.520416826923,15106.222917468493
2026-03-31 06:25:00+00:00,15092.165234624696,13715.227046537264,12449.089729953836,14432.440406916114,16376.710993572222,10361.520416826923,15114.213633343308
2026-03-31 06:30:00+00:00,15082.165234624696,13715.227046537264,12449.089729953836,14432.440406916114,16376.710993572222,10361.520416826923,15104.213633343308
2026-03-31 06:35:00+00:00,15090.157434927563,13715.227046537264,12449.089729953836,14432.440406916114,16384.718155990613,10361.520416826923,15112.205833646174
2026-03-31 06:40:00+00:00,15080.157434927563,13715.227046537264,12449.089729953836,14432.440406916114,16384.718155990613,10361.520416826923,15102.205833646174
2026-03-31 06:45:00+00:00,15088.154047838998,13715.227046537264,12449.089729953836,14432.440406916114,16392.706990018498,10361.520416826923,15110.20244655761
2026-03-31 06:50:00+00:00,15096.146254756326,13723.219253454592,12449.089729953836,14440.43261383344,16400.71294049624,10361.520416826923,15118.194653474937
2026-03-31 06:55:00+00:00,15086.146254756326,13713.219253454592,12449.089729953836,14430.43261383344,16408.717131338795,10369.524607669477,15108.194653474937
2026-03-31 07:00:00+00:00,15076.146254756326,13713.219253454592,12449.089729953836,14430.43261383344,16398.717131338795,10359.524607669477,15098.194653474937
2026-03-31 07:05:00+00:00,15084.1329326364,13721.205931334665,12457.064733398047,14438.407617277651,16406.70091385883,10359.524607669477,15106.18133135501
2026-03-31 07:10:00+00:00,15092.11340386176,13729.186402560024,12465.045329305824,14446.38821318543,16414.68783933698,10359.524607669477,15114.161802580371
2026-03-31 07:15:00+00:00,15100.101651681409,13737.174650379673,12472.99480200087,14454.337685880477,16422.663114896808,10359.524607669477,15122.15005040002
2026-03-31 07:20:00+00:00,15090.101651681409,13737.174650379673,12462.99480200087,14444.337685880477,16412.663114896808,10359.524607669477,15112.15005040002
2026-03-31 07:25:00+00:00,15098.102519751501,13737.174650379673,12470.926232329688,14452.269116209294,16420.63466482395,10359.524607669477,15120.150918470112
2026-03-31 07:30:00+00:00,15088.102519751501,13737.174650379673,12470.926232329688,14452.269116209294,16410.63466482395,10349.524607669477,15110.150918470112
2026-03-31 07:35:00+00:00,15078.102519751501,13737.174650379673,12470.926232329688,14452.269116209294,16400.63466482395,10349.524607669477,15100.150918470112
2026-03-31 07:40:00+00:00,15068.102519751501,13727.174650379673,12470.926232329688,14442.269116209294,16390.63466482395,10349.524607669477,15090.150918470112
2026-03-31 07:45:00+00:00,15076.07773938564,13735.149870013815,12478.89632642661,14450.239210306216,16398.600254614175,10349.524607669477,15098.126138104253
2026-03-31 07:50:00+00:00,15066.07773938564,13725.149870013815,12468.89632642661,14440.239210306216,16388.600254614175,10349.524607669477,15088.126138104253
2026-03-31 07:55:00+00:00,15074.0836938697,13725.149870013815,12468.89632642661,14440.239210306216,16396.60167912127,10349.524607669477,15096.132092588312
2026-03-31 08:00:00+00:00,15064.0836938697,13715.149870013815,12458.89632642661,14430.239210306216,16386.60167912127,10357.52603345924,15086.132092588312
2026-03-31 08:05:00+00:00,15054.0836938697,13715.149870013815,12458.89632642661,14430.239210306216,16376.601679121271,10357.52603345924,15076.132092588312
2026-03-31 08:10:00+00:00,15062.055669401998,13723.121845546113,12466.84085498574,14438.183738865346,16384.573868340438,10357.52603345924,15084.10406812061
2026-03-31 08:15:00+00:00,15070.060373176077,13723.121845546113,12466.84085498574,14438.183738865346,16392.577125967888,10357.52603345924,15092.108771894687
2026-03-31 08:20:00+00:00,15060.060373176077,13723.121845546113,12456.84085498574,14428.183738865346,16382.577125967886,10357.52603345924,15082.108771894687
2026-03-31 08:25:00+00:00,15068.059577889682,13723.121845546113,12464.82082182263,14436.163705702238,16390.572220848284,10357.52603345924,15090.107976608293
2026-03-31 08:30:00+00:00,15076.042108575259,13731.104376231691,12472.770527459537,14444.113411339145,16398.539824606,10357.52603345924,15098.09050729387
2026-03-31 08:35:00+00:00,15084.057534185165,13731.104376231691,12472.770527459537,14444.113411339145,16388.539824606,10357.52603345924,15106.105932903778
2026-03-31 08:40:00+00:00,15092.032381491988,13731.104376231691,12480.710818411026,14452.053702290632,16396.4778659188,10357.52603345924,15114.0807802106
2026-03-31 08:45:00+00:00,15100.03532924132,13731.104376231691,12480.710818411026,14452.053702290632,16404.471434056824,10365.531255279564,15122.083727959931
2026-03-31 08:50:00+00:00,15108.039283491962,13731.104376231691,12480.710818411026,14452.053702290632,16412.47443297985,10365.531255279564,15130.087682210575
2026-03-31 08:55:00+00:00,15116.018884885072,13739.083977624801,12488.668089656234,14460.010973535842,16420.446288272266,10365.531255279564,15138.067283603683
2026-03-31 09:00:00+00:00,15106.018884885072,13739.083977624801,12488.668089656234,14460.010973535842,16410.446288272266,10355.531255279564,15128.067283603683
2026-03-31 09:05:00+00:00,15114.031231975467,13739.083977624801,12488.668089656234,14460.010973535842,16418.451359237602,10363.536364610161,15136.079630694077
2026-03-31 09:10:00+00:00,15122.00595977823,13747.058705427564,12496.610095851856,14467.952979731464,16426.43040120676,10363.536364610161,15144.05435849684
2026-03-31 09:15:00+00:00,15130.007274478034,13747.058705427564,12504.575373948941,14475.918257828547,16434.409343491694,10363.536364610161,15152.055673196644
2026-03-31 09:20:00+00:00,15137.996850771042,13755.048281720574,12504.575373948941,14483.907834121557,16442.405035316842,10353.536364610161,15160.045249489653
2026-03-31 09:25:00+00:00,15145.958063574657,13755.048281720574,12512.536729964439,14491.869190137055,16450.355230150155,10353.536364610161,15168.00646229327
2026-03-31 09:30:00+00:00,15135.958063574657,13755.048281720574,12512.536729964439,14491.869190137055,16458.358259880864,10343.536364610161,15158.00646229327
2026-03-31 09:35:00+00:00,15143.972433844938,13755.048281720574,12512.536729964439,14491.869190137055,16466.363292960858,10343.536364610161,15166.02083256355
2026-03-31 09:40:00+00:00,15133.972433844938,13755.048281720574,12512.536729964439,14491.869190137055,16456.363292960858,10351.539299666369,15156.02083256355
2026-03-31 09:45:00+00:00,15141.961724522804,13763.03757239844,12520.508978379175,14499.841438551792,16464.352814422688,10351.539299666369,15164.010123241416
2026-03-31 09:50:00+00:00,15131.961724522804,13763.03757239844,12520.508978379175,14499.841438551792,16472.352375550287,10351.539299666369,15154.010123241416
2026-03-31 09:55:00+00:00,15139.847285027194,13763.03757239844,12528.373571537042,14507.706031709658,16480.227232225232,10351.539299666369,15161.895683745804
2026-03-31 10:00:00+00:00,15147.853180707107,13763.03757239844,12528.373571537042,14507.706031709658,16488.22872215483,10351.539299666369,15169.901579425718
2026-03-31 10:05:00+00:00,15155.843443492598,13771.02783518393,12536.357608253735,14515.690068426351,16496.216340313164,10351.539299666369,15177.89184221121
2026-03-31 10:10:00+00:00,15145.843443492598,13771.02783518393,12536.357608253735,14515.690068426351,16504.21496268467,10351.539299666369,15167.89184221121
2026-03-31 10:15:00+00:00,15135.843443492598,13771.02783518393,12536.357608253735,14515.690068426351,16494.21496268467,10351.539299666369,15157.89184221121
2026-03-31 10:20:00+00:00,15143.84453371491,13779.028972449245,12536.357608253735,14523.691158648664,16502.214490419065,10351.539299666369,15165.892932433522
2026-03-31 10:25:00+00:00,15151.845979187718,13779.028972449245,12536.357608253735,14523.691158648664,16510.214355717973,10351.539299666369,15173.89437790633
2026-03-31 10:30:00+00:00,15141.845979187718,13779.028972449245,12536.357608253735,14523.691158648664,16518.21535315097,10351.539299666369,15163.89437790633
2026-03-31 10:35:00+00:00,15131.845979187718,13779.028972449245,12536.357608253735,14523.691158648664,16508.21535315097,10341.539299666369,15153.89437790633
2026-03-31 10:40:00+00:00,15121.845979187718,13779.028972449245,12536.357608253735,14523.691158648664,16508.21535315097,10341.539299666369,15143.89437790633
2026-03-31 10:45:00+00:00,15129.844215906201,13779.028972449245,12544.340663293322,14531.674213688251,16516.204418759968,10341.539299666369,15151.892614624812
2026-03-31 10:50:00+00:00,15137.827513928878,13779.028972449245,12552.317579251308,14539.651129646238,16524.19523735661,10341.539299666369,15159.87591264749
2026-03-31 10:55:00+00:00,15145.822991580022,13787.024450100387,12560.300117695026,14547.633668089955,16532.178247096774,10341.539299666369,15167.871390298635
2026-03-31 11:00:00+00:00,15135.822991580022,13777.024450100387,12560.300117695026,14537.633668089955,16522.178247096774,10341.539299666369,15157.871390298635
2026-03-31 11:05:00+00:00,15143.810028193682,13785.01148671405,12568.257680763394,14545.591231158323,16530.146409625133,10341.539299666369,15165.858426912295
2026-03-31 11:10:00+00:00,15151.777864031345,13792.97946175241,12576.17285810654,14553.506408501467,16538.109622860975,10341.539299666369,15173.826262749957
2026-03-31 11:15:00+00:00,15159.769307388637,13792.97946175241,12584.10802839187,14561.441578786802,16546.085380553115,10341.539299666369,15181.81770610725
2026-03-31 11:20:00+00:00,15167.763394443198,13800.97354880697,12584.10802839187,14569.43566584136,16554.077186839888,10341.539299666369,15189.811793161809
2026-03-31 11:25:00+00:00,15175.77517153671,13800.97354880697,12584.10802839187,14569.43566584136,16554.077186839888,10341.539299666369,15197.823570255321
2026-03-31 11:30:00+00:00,15165.77517153671,13790.97354880697,12584.10802839187,14559.43566584136,16562.040999022855,10341.539299666369,15187.823570255321
2026-03-31 11:35:00+00:00,15173.754944298013,13790.97354880697,12584.10802839187,14559.43566584136,16570.047398864866,10349.543868552966,15195.803343016625
2026-03-31 11:40:00+00:00,15181.74414924494,13790.97354880697,12592.093964339776,14567.421601789265,16578.033858566825,10349.543868552966,15203.792547963552
2026-03-31 11:45:00+00:00,15189.7427604404,13798.97216000243,12600.073806710345,14575.401444159834,16586.01413074112,10349.543868552966,15211.791159159011
2026-03-31 11:50:00+00:00,15197.749768252674,13806.979198422534,12600.073806710345,14583.408451972107,16594.020121912028,10349.543868552966,15219.798166971286
2026-03-31 11:55:00+00:00,15205.755750978697,13814.985181148557,12608.04217364889,14591.376818910652,16602.02495676907,10349.543868552966,15227.80414969731
2026-03-31 12:00:00+00:00,15213.76033278773,13822.989762957592,12608.04217364889,14599.381400719687,16610.029856805097,10349.543868552966,15235.808731506342
2026-03-31 12:05:00+00:00,15221.764170007422,13822.989762957592,12608.04217364889,14599.381400719687,16618.031368942822,10349.543868552966,15243.812568726033
2026-03-31 12:10:00+00:00,15229.77030120286,13830.995927196207,12608.04217364889,14607.387531915125,16626.03640261177,10349.543868552966,15251.81869992147
2026-03-31 12:15:00+00:00,15219.77030120286,13830.995927196207,12608.04217364889,14607.387531915125,16616.03640261177,10339.543868552966,15241.81869992147
2026-03-31 12:20:00+00:00,15227.76537123755,13830.995927196207,12616.032094291915,14615.37745255815,16624.02928543163,10339.543868552966,15249.813769956161
2026-03-31 12:25:00+00:00,15235.763273530596,13838.993829489253,12624.024154845605,14623.36951311184,16632.02177738265,10339.543868552966,15257.811672249207
2026-03-31 12:30:00+00:00,15243.754481174303,13846.985037132961,12624.024154845605,14631.360720755549,16640.010430281734,10339.543868552966,15265.802879892915
2026-03-31 12:35:00+00:00,15251.746165485145,13854.976721443802,12624.024154845605,14639.352405066391,16648.008814675777,10339.543868552966,15273.794564203756
2026-03-31 12:40:00+00:00,15259.755891428451,13844.976721443802,12624.024154845605,14639.352405066391,16656.008645599104,10339.543868552966,15281.804290147062
2026-03-31 12:45:00+00:00,15267.764819116815,13844.976721443802,12631.961349510293,14647.289599731077,16664.013369929282,10339.543868552966,15289.813217835428
2026-03-31 12:50:00+00:00,15275.774412705836,13852.986338455676,12631.961349510293,14655.299193320097,16672.014036818135,10339.543868552966,15297.822811424447
2026-03-31 12:55:00+00:00,15283.764285203884,13860.976210953724,12639.943842683397,14663.2816864932,16680.001227564768,10339.543868552966,15305.812683922495
2026-03-31 13:00:00+00:00,15291.773743645841,13868.985669395683,12639.943842683397,14671.291144935158,16680.001227564768,10339.543868552966,15313.822142364454
2026-03-31 13:05:00+00:00,15281.773743645841,13858.985669395683,12639.943842683397,14661.291144935158,16687.999133387602,10339.543868552966,15303.822142364454
2026-03-31 13:10:00+00:00,15289.789959466128,13858.985669395683,12639.943842683397,14661.291144935158,16687.999133387602,10339.543868552966,15311.83835818474
2026-03-31 13:15:00+00:00,15279.789959466128,13848.985669395683,12639.943842683397,14651.291144935158,16696.00404532546,10347.548132557033,15301.83835818474
2026-03-31 13:20:00+00:00,15287.799392928526,13848.985669395683,12639.943842683397,14651.291144935158,16696.00404532546,10347.548132557033,15309.847791647137
2026-03-31 13:25:00+00:00,15295.81266511555,13856.998941582708,12639.943842683397,14659.304417122185,16696.00404532546,10347.548132557033,15317.861063834163
2026-03-31 13:30:00+00:00,15303.792730358597,13856.998941582708,12639.943842683397,14659.304417122185,16703.992475421568,10337.548132557033,15325.84112907721
2026-03-31 13:35:00+00:00,15311.783438018832,13864.989725095766,12639.943842683397,14667.295124782418,16711.98066384199,10337.548132557033,15333.831836737443
2026-03-31 13:40:00+00:00,15301.783438018832,13864.989725095766,12629.943842683397,14657.295124782418,16701.98066384199,10337.548132557033,15323.831836737443
2026-03-31 13:45:00+00:00,15309.72601262316,13872.932299700093,12637.869548897837,14665.22083099686,16709.916070849446,10337.548132557033,15331.77441134177
2026-03-31 13:50:00+00:00,15317.670431888666,13872.932299700093,12645.814274213037,14673.165250262367,16717.860796164645,10345.492857872234,15339.718830607279
2026-03-31 13:55:00+00:00,15325.661935467924,13872.932299700093,12653.77281961692,14681.12379566625,16725.826911221262,10353.500443706682,15347.710334186535
2026-03-31 14:00:00+00:00,15333.65586687105,13880.926231103218,12661.698035074642,14689.04901112397,16733.818547043855,10353.500443706682,15355.704265589662
2026-03-31 14:05:00+00:00,15341.65721590375,13888.927580135918,12661.698035074642,14697.05036015667,16741.818306716537,10353.500443706682,15363.705614622362
2026-03-31 14:10:00+00:00,15349.65886247932,13896.929226711489,12669.677576151103,14705.029901233134,16749.81839227401,10353.500443706682,15371.707261197931
2026-03-31 14:15:00+00:00,15357.656449394039,13904.926813626207,12677.544138786157,14712.896463868188,16757.81403156358,10353.500443706682,15379.70484811265
2026-03-31 14:20:00+00:00,15365.656589680373,13912.926953912542,12677.544138786157,14720.896604154525,16765.81246736348,10353.500443706682,15387.704988398986
2026-03-31 14:25:00+00:00,15355.656589680373,13902.926953912542,12677.544138786157,14710.896604154525,16755.81246736348,10353.500443706682,15377.704988398986
2026-03-31 14:30:00+00:00,15363.657063825898,13910.927428058067,12677.544138786157,14718.897078300048,16763.811268819114,10353.500443706682,15385.705462544509
2026-03-31 14:35:00+00:00,15371.629429086044,13918.899793318215,12685.49853004902,14726.851469562911,16771.779288858404,10353.500443706682,15393.677827804655
2026-03-31 14:40:00+00:00,15379.631889048127,13918.899793318215,12693.460176019944,14734.813115533834,16779.78026528534,10353.500443706682,15401.680287766738
2026-03-31 14:45:00+00:00,15387.61065317961,13918.899793318215,12701.439103695377,14742.791879665318,16787.759192960773,10361.479371382115,15409.659051898221
2026-03-31 14:50:00+00:00,15395.498114694587,13918.899793318215,12709.27407400307,14750.62684997301,16795.63429282289,10361.479371382115,15417.546513413197
2026-03-31 14:55:00+00:00,15403.500721771832,13926.90240039546,12717.250737936734,14758.603513906675,16803.635430379953,10361.479371382115,15425.549120490443
2026-03-31 15:00:00+00:00,15411.489932167657,13934.891610791285,12725.233028372466,14766.585804342407,16811.62189604906,10361.479371382115,15433.53833088627
2026-03-31 15:05:00+00:00,15419.459141312673,13934.891610791285,12733.203457137017,14774.556233106956,16819.586460471408,10361.479371382115,15441.507540031285
2026-03-31 15:10:00+00:00,15427.43086062494,13942.863330103552,12741.12013541777,14782.472911387711,16827.553773255684,10361.479371382115,15449.479259343552
2026-03-31 15:15:00+00:00,15417.43086062494,13942.863330103552,12741.12013541777,14782.472911387711,16835.548855058118,10361.479371382115,15439.479259343552
2026-03-31 15:20:00+00:00,15425.39645768395,13950.828927162562,12749.097750291858,14790.450526261797,16843.509464765502,10361.479371382115,15447.444856402562
2026-03-31 15:25:00+00:00,15433.357511646776,13958.78998112539,12757.006265538354,14798.359041508294,16851.465100651705,10361.479371382115,15455.405910365389
2026-03-31 15:30:00+00:00,15441.335159326653,13958.78998112539,12764.974865116677,14806.32764108662,16859.428447401784,10361.479371382115,15463.383558045265
2026-03-31 15:35:00+00:00,15449.321926048055,13958.78998112539,12772.945791243372,14814.298567213315,16867.41064220698,10361.479371382115,15471.370324766667
2026-03-31 15:40:00+00:00,15457.326582431138,13958.78998112539,12772.945791243372,14814.298567213315,16875.409874274097,10361.479371382115,15479.374981149751
2026-03-31 15:45:00+00:00,15465.341533523362,13958.78998112539,12772.945791243372,14814.298567213315,16865.409874274097,10361.479371382115,15487.389932241975
2026-03-31 15:50:00+00:00,15473.323484282713,13966.771931884741,12780.93594266104,14822.288718630982,16873.383835151344,10361.479371382115,15495.371883001324
2026-03-31 15:55:00+00:00,15481.27603082567,13974.724478427697,12788.82604188942,14830.178817859362,16881.330157688248,10361.479371382115,15503.32442954428
2026-03-31 16:00:00+00:00,15489.255830010552,13982.70427761258,12796.819172248484,14838.171948218427,16889.306317558687,10361.479371382115,15511.304228729165
2026-03-31 16:05:00+00:00,15497.233158364656,13990.681605966683,12804.768284184074,14846.121060154015,16897.270257118438,10361.479371382115,15519.281557083266
2026-03-31 16:10:00+00:00,15505.216220635848,13990.681605966683,12812.695472360168,14854.048248330111,16905.207652320758,10361.479371382115,15527.264619354459
2026-03-31 16:15:00+00:00,15513.207602259514,13998.67298759035,12820.669719973725,14862.022495943667,16913.185866767686,10361.479371382115,15535.256000978125
2026-03-31 16:20:00+00:00,15521.220561717379,13998.67298759035,12820.669719973725,14862.022495943667,16921.19134252578,10351.479371382115,15543.268960435991
2026-03-31 16:25:00+00:00,15529.21629536341,13998.67298759035,12828.664473087367,14870.01724905731,16929.18679248187,10351.479371382115,15551.264694082023
2026-03-31 16:30:00+00:00,15519.21629536341,13998.67298759035,12828.664473087367,14870.01724905731,16919.18679248187,10341.479371382115,15541.264694082023
2026-03-31 16:35:00+00:00,15527.22967639337,13998.67298759035,12836.629531639366,14877.982307609309,16927.163169625135,10349.4849341934,15549.278075111983
2026-03-31 16:40:00+00:00,15535.051781270098,14006.495092467077,12844.40389659376,14885.7566725637,16935.009327046544,10349.4849341934,15557.100179988709
2026-03-31 16:45:00+00:00,15543.01837115832,14006.495092467077,12852.336690294567,14893.689466264506,16942.942705795096,10357.488129550527,15565.06676987693
2026-03-31 16:50:00+00:00,15550.947445794765,14006.495092467077,12860.298479557392,14901.651255527333,16950.931785734807,10347.488129550527,15572.995844513376
2026-03-31 16:55:00+00:00,15558.940968132762,14006.495092467077,12868.275135842465,14909.627911812408,16958.893922480635,10347.488129550527,15580.989366851372
2026-03-31 17:00:00+00:00,15566.9180276993,14006.495092467077,12876.213109442804,14917.565885412743,16966.875111882957,10337.488129550527,15588.966426417912
2026-03-31 17:05:00+00:00,15574.85493105013,14014.431995817908,12884.155975670932,14925.508751640873,16974.798704764347,10337.488129550527,15596.903329768742
2026-03-31 17:10:00+00:00,15582.716747227074,14014.431995817908,12891.990929873211,14933.343705843152,16982.661651885308,10337.488129550527,15604.765145945685
2026-03-31 17:15:00+00:00,15590.671648438838,14014.431995817908,12899.930161193277,14941.282937163218,16990.597285590105,10337.488129550527,15612.720047157449
2026-03-31 17:20:00+00:00,15580.671648438838,14014.431995817908,12899.930161193277,14941.282937163218,16998.595977179306,10345.48682113973,15602.720047157449
2026-03-31 17:25:00+00:00,15588.596410702472,14014.431995817908,12907.824184429839,14949.176960399778,17006.51303285537,10345.48682113973,15610.644809421083
2026-03-31 17:30:00+00:00,15578.596410702472,14014.431995817908,12907.824184429839,14949.176960399778,16996.51303285537,10335.48682113973,15600.644809421083
2026-03-31 17:35:00+00:00,15586.537830901081,14022.373416016517,12915.721678380016,14957.074454349957,17004.41134830262,10335.48682113973,15608.586229619692
2026-03-31 17:40:00+00:00,15594.522563208353,14022.373416016517,12923.720793095941,14965.07356906588,17012.403170422658,10335.48682113973,15616.570961926966
2026-03-31 17:45:00+00:00,15584.522563208353,14022.373416016517,12931.691431851317,14965.07356906588,17020.409080264748,10343.47846338455,15606.570961926966
2026-03-31 17:50:00+00:00,15592.531317000745,14022.373416016517,12931.691431851317,14965.07356906588,17028.40552139155,10351.480821391791,15614.579715719356
2026-03-31 17:55:00+00:00,15600.483488444097,14022.373416016517,12939.616422051033,14972.998559265598,17036.33465516883,10351.480821391791,15622.53188716271
2026-03-31 18:00:00+00:00,15608.47502654852,14022.373416016517,12947.603307612797,14980.985444827362,17044.315044972816,10351.480821391791,15630.523425267133
2026-03-31 18:05:00+00:00,15598.47502654852,14022.373416016517,12955.587933405885,14980.985444827362,17052.322272171405,10341.480821391791,15620.523425267133
2026-03-31 18:10:00+00:00,15588.47502654852,14012.373416016517,12955.587933405885,14970.985444827362,17042.322272171405,10341.480821391791,15610.523425267133
2026-03-31 18:15:00+00:00,15578.47502654852,14002.373416016517,12963.569869980442,14960.985444827362,17032.322272171405,10349.46275796635,15600.523425267133
2026-03-31 18:20:00+00:00,15568.47502654852,14002.373416016517,12963.569869980442,14960.985444827362,17022.322272171405,10349.46275796635,15590.523425267133
2026-03-31 18:25:00+00:00,15558.47502654852,14002.373416016517,12963.569869980442,14960.985444827362,17012.322272171405,10357.463904522609,15580.523425267133
2026-03-31 18:30:00+00:00,15566.458457656336,14010.35684712433,12971.525635086975,14968.941209933893,17020.299212124668,10357.463904522609,15588.506856374946
2026-03-31 18:35:00+00:00,15574.469236473997,14010.35684712433,12979.508322851625,14976.923897698543,17028.291317233907,10357.463904522609,15596.517635192607
2026-03-31 18:40:00+00:00,15582.442338267696,14010.35684712433,12987.508773753296,14984.924348600212,17036.2774460005,10357.463904522609,15604.490736986307
2026-03-31 18:45:00+00:00,15572.442338267696,14010.35684712433,12987.508773753296,14984.924348600212,17026.2774460005,10357.463904522609,15594.490736986307
2026-03-31 18:50:00+00:00,15580.442175561422,14018.356684418057,12987.508773753296,14992.924185893939,17034.27554995208,10357.463904522609,15602.490574280033
2026-03-31 18:55:00+00:00,15570.442175561422,14008.356684418057,12977.508773753296,14982.924185893939,17024.27554995208,10357.463904522609,15592.490574280033
2026-03-31 19:00:00+00:00,15560.442175561422,14008.356684418057,12977.508773753296,14982.924185893939,17032.274728656208,10365.46308322674,15582.490574280033
2026-03-31 19:05:00+00:00,15550.442175561422,13998.356684418057,12967.508773753296,14972.924185893939,17022.274728656208,10365.46308322674,15572.490574280033
2026-03-31 19:10:00+00:00,15540.442175561422,13998.356684418057,12967.508773753296,14972.924185893939,17030.277505086884,10365.46308322674,15562.490574280033
2026-03-31 19:15:00+00:00,15548.446941808455,14006.361450665092,12967.508773753296,14980.928952140974,17038.281007536574,10365.46308322674,15570.495340527068
2026-03-31 19:20:00+00:00,15556.44901123723,14014.363520093866,12967.508773753296,14988.931021569748,17046.281556227157,10365.46308322674,15578.497409955842
2026-03-31 19:25:00+00:00,15564.431866841382,14022.346375698016,12975.50026734344,14996.922515159891,17054.26106293337,10365.46308322674,15586.480265559992
2026-03-31 19:30:00+00:00,15572.426697138046,14022.346375698016,12975.50026734344,14996.922515159891,17062.253683197625,10365.46308322674,15594.475095856658
2026-03-31 19:35:00+00:00,15580.427528327611,14022.346375698016,12975.50026734344,14996.922515159891,17070.254586080584,10365.46308322674,15602.475927046224
2026-03-31 19:40:00+00:00,15570.427528327611,14012.346375698016,12975.50026734344,14986.922515159891,17060.254586080584,10365.46308322674,15592.475927046224
2026-03-31 19:45:00+00:00,15578.404846814112,14020.323694184517,12983.46588212678,14994.888129943232,17068.228029620303,10365.46308322674,15600.453245532723
2026-03-31 19:50:00+00:00,15586.3888686282,14028.307715998606,12983.46588212678,15002.872151757321,17076.20881337669,10365.46308322674,15608.437267346811
2026-03-31 19:55:00+00:00,15594.395730481097,14028.307715998606,12983.46588212678,15002.872151757321,17084.214611150597,10365.46308322674,15616.444129199708
2026-03-31 20:00:00+00:00,15602.406118463687,14028.307715998606,12983.46588212678,15002.872151757321,17092.192363430295,10365.46308322674,15624.454517182297
2026-03-31 20:05:00+00:00,15610.386517905441,14036.28811544036,12991.446588566558,15010.852858197099,17100.16918058455,10365.46308322674,15632.434916624054
2026-03-31 20:10:00+00:00,15618.369347122898,14044.270944657816,12999.411717456365,15018.817987086906,17108.148658396374,10365.46308322674,15640.417745841509
2026-03-31 20:15:00+00:00,15626.368717970867,14052.270315505786,13007.370104175789,15026.77637380633,17116.146251481998,10365.46308322674,15648.417116689478
2026-03-31 20:20:00+00:00,15616.368717970867,14042.270315505786,13007.370104175789,15016.77637380633,17106.146251481998,10365.46308322674,15638.417116689478
2026-03-31 20:25:00+00:00,15624.374155276773,14042.270315505786,13007.370104175789,15016.77637380633,17114.15151568819,10365.46308322674,15646.422553995384
2026-03-31 20:30:00+00:00,15632.383570331483,14042.270315505786,13007.370104175789,15016.77637380633,17122.142700720757,10365.46308322674,15654.431969050096
2026-03-31 20:35:00+00:00,15640.367662486722,14050.254407661025,13015.326105106862,15024.732374737403,17130.123561504242,10365.46308322674,15662.416061205335
2026-03-31 20:40:00+00:00,15630.367662486722,14040.254407661025,13015.326105106862,15014.732374737403,17130.123561504242,10365.46308322674,15652.416061205335
2026-03-31 20:45:00+00:00,15638.383583929412,14040.254407661025,13023.287408793009,15022.69367842355,17138.11482484937,10365.46308322674,15660.431982648024
2026-03-31 20:50:00+00:00,15646.39742233995,14040.254407661025,13023.287408793009,15022.69367842355,17146.11726669779,10365.46308322674,15668.445821058562
2026-03-31 20:55:00+00:00,15636.39742233995,14040.254407661025,13023.287408793009,15022.69367842355,17154.120748755184,10365.46308322674,15658.445821058562
2026-03-31 21:00:00+00:00,15644.3495619613,14048.206547282376,13031.227824166657,15030.634093797198,17162.073301904846,10365.46308322674,15666.397960679911
2026-03-31 21:05:00+00:00,15652.352098698582,14048.206547282376,13031.227824166657,15030.634093797198,17152.073301904846,10365.46308322674,15674.400497417195
2026-03-31 21:10:00+00:00,15642.352098698582,14038.206547282376,13031.227824166657,15020.634093797198,17142.073301904846,10365.46308322674,15664.400497417195
2026-03-31 21:15:00+00:00,15650.340218027079,14046.194666610872,13031.227824166657,15028.622213125695,17150.075168879775,10365.46308322674,15672.388616745691
2026-03-31 21:20:00+00:00,15658.33730025846,14054.191748842251,13031.227824166657,15036.619295357075,17158.079337663432,10365.46308322674,15680.385698977072
2026-03-31 21:25:00+00:00,15666.311669213386,14062.166117797178,13039.205536142474,15044.597007332894,17166.062470650224,10365.46308322674,15688.360067931997
2026-03-31 21:30:00+00:00,15674.311091869251,14062.166117797178,13047.195775997354,15052.587247187772,17174.04651080641,10365.46308322674,15696.359490587864
2026-03-31 21:35:00+00:00,15682.327652912867,14062.166117797178,13047.195775997354,15052.587247187772,17182.045896038475,10365.46308322674,15704.37605163148
2026-03-31 21:40:00+00:00,15690.318984383812,14070.157449268123,13055.191550442427,15060.583021632847,17190.03141763551,10365.46308322674,15712.367383102424
2026-03-31 21:45:00+00:00,15698.321386458854,14070.157449268123,13055.191550442427,15060.583021632847,17198.03122334619,10365.46308322674,15720.369785177467
2026-03-31 21:50:00+00:00,15688.321386458854,14070.157449268123,13063.134336116953,15060.583021632847,17206.01860907079,10365.46308322674,15710.369785177467
2026-03-31 21:55:00+00:00,15696.293362769065,14078.129425578332,13071.101041137455,15068.54972665335,17213.99427670208,10365.46308322674,15718.341761487678
2026-03-31 22:00:00+00:00,15704.274861028242,14086.110923837508,13079.082134171018,15076.530819686912,17221.98203494232,10365.46308322674,15726.323259746852
2026-03-31 22:05:00+00:00,15712.28955506322,14086.110923837508,13079.082134171018,15076.530819686912,17229.98805182631,10373.467495358027,15734.337953781831
2026-03-31 22:10:00+00:00,15720.281185735035,14086.110923837508,13079.082134171018,15076.530819686912,17237.980230963774,10373.467495358027,15742.329584453646
2026-03-31 22:15:00+00:00,15710.281185735035,14086.110923837508,13079.082134171018,15076.530819686912,17237.980230963774,10373.467495358027,15732.329584453646
2026-03-31 22:20:00+00:00,15718.295123883821,14086.110923837508,13079.082134171018,15076.530819686912,17245.98205108487,10381.469315479124,15740.343522602432
2026-03-31 22:25:00+00:00,15726.284097430596,14094.099897384283,13087.052133112757,15084.50081862865,17253.959873918484,10381.469315479124,15748.332496149207
2026-03-31 22:30:00+00:00,15734.285402453192,14094.099897384283,13095.017282006105,15092.465967522,17261.94023268419,10381.469315479124,15756.333801171804
2026-03-31 22:35:00+00:00,15724.285402453192,14094.099897384283,13095.017282006105,15092.465967522,17269.94434452437,10381.469315479124,15746.333801171804
2026-03-31 22:40:00+00:00,15732.285281629784,14094.099897384283,13102.99044015519,15100.439125671084,17277.942494347495,10381.469315479124,15754.333680348394
2026-03-31 22:45:00+00:00,15740.286369467001,14102.100985221503,13110.979355045067,15108.42804056096,17285.931113294166,10381.469315479124,15762.334768185614
2026-03-31 22:50:00+00:00,15730.286369467001,14102.100985221503,13110.979355045067,15108.42804056096,17275.931113294166,10381.469315479124,15752.334768185614
2026-03-31 22:55:00+00:00,15720.286369467001,14092.100985221503,13110.979355045067,15098.42804056096,17265.931113294166,10381.469315479124,15742.334768185614
2026-03-31 23:00:00+00:00,15728.286552274338,14092.100985221503,13118.959093550666,15106.407779066558,17273.9277805383,10381.469315479124,15750.334950992949
2026-03-31 23:05:00+00:00,15736.295706544688,14100.110139491855,13126.92648340764,15114.375168923534,17281.90976485761,10381.469315479124,15758.344105263299
2026-03-31 23:10:00+00:00,15744.29974287736,14108.114175824525,13126.92648340764,15122.379205256206,17289.914648195874,10381.469315479124,15766.34814159597
2026-03-31 23:15:00+00:00,15752.31413074184,14108.114175824525,13134.877430467814,15130.330152316377,17297.914666866676,10389.473699696484,15774.36252946045
2026-03-31 23:20:00+00:00,15760.31236433221,14116.112409414898,13142.85100649343,15138.303728341994,17305.900745390092,10389.473699696484,15782.360763050823
2026-03-31 23:25:00+00:00,15750.31236433221,14106.112409414898,13142.85100649343,15128.303728341994,17295.900745390092,10389.473699696484,15772.360763050823
2026-03-31 23:30:00+00:00,15740.31236433221,14106.112409414898,13142.85100649343,15128.303728341994,17295.900745390092,10389.473699696484,15762.360763050823
2026-03-31 23:35:00+00:00,15748.308186286518,14114.108231369202,13142.85100649343,15136.2995502963,17303.894451699427,10389.473699696484,15770.35658500513
2026-03-31 23:40:00+00:00,15756.320268863714,14122.120313946401,13142.85100649343,15144.311632873498,17311.894844201684,10389.473699696484,15778.368667582326
2026-03-31 23:45:00+00:00,15764.314634265122,14122.120313946401,13150.835544458823,15152.29617083889,17319.889180992974,10389.473699696484,15786.363032983732
2026-03-31 23:50:00+00:00,15772.31870624562,14122.120313946401,13150.835544458823,15152.29617083889,17327.886380489213,10389.473699696484,15794.36710496423
2026-03-31 23:55:00+00:00,15780.321366967117,14122.120313946401,13150.835544458823,15152.29617083889,17335.89278417787,10389.473699696484,15802.369765685728
2026-04-01 00:00:00+00:00,15788.290628077542,14122.120313946401,13158.800162742311,15160.260789122378,17343.857701662182,10389.473699696484,15810.339026796153
2026-04-01 00:05:00+00:00,15778.290628077542,14122.120313946401,13158.800162742311,15160.260789122378,17343.857701662182,10389.473699696484,15800.339026796153
2026-04-01 00:10:00+00:00,15786.26375986464,14130.093445733499,13166.772386594792,15168.233012974859,17351.83526918386,10389.473699696484,15808.312158583252
2026-04-01 00:15:00+00:00,15794.253170798045,14130.093445733499,13174.713582961469,15176.174209341538,17359.803930151702,10389.473699696484,15816.301569516658
2026-04-01 00:20:00+00:00,15802.255178521424,14130.093445733499,13182.661989108921,15184.122615488988,17367.779452595634,10389.473699696484,15824.303577240036
2026-04-01 00:25:00+00:00,15792.255178521424,14130.093445733499,13182.661989108921,15184.122615488988,17357.779452595634,10389.473699696484,15814.303577240036
2026-04-01 00:30:00+00:00,15800.248859388597,14138.087126600672,13190.624265860119,15192.084892240186,17365.741177946693,10397.475061721314,15822.29725810721
2026-04-01 00:35:00+00:00,15808.251069150581,14138.087126600672,13190.624265860119,15192.084892240186,17373.745727518275,10397.475061721314,15830.299467869194
2026-04-01 00:40:00+00:00,15816.25836752884,14146.094424978932,13190.624265860119,15200.092190618445,17381.746764692492,10397.475061721314,15838.306766247453
2026-04-01 00:45:00+00:00,15824.271862980047,14146.094424978932,13190.624265860119,15200.092190618445,17371.746764692492,10397.475061721314,15846.32026169866
2026-04-01 00:50:00+00:00,15832.230974884646,14154.05353688353,13198.5670433302,15208.034968088527,17379.69998588783,10397.475061721314,15854.279373603258
2026-04-01 00:55:00+00:00,15822.230974884646,14144.05353688353,13198.5670433302,15198.034968088527,17369.69998588783,10397.475061721314,15844.279373603258
2026-04-01 01:00:00+00:00,15812.230974884646,14144.05353688353,13198.5670433302,15198.034968088527,17359.69998588783,10397.475061721314,15834.279373603258
2026-04-01 01:05:00+00:00,15820.189452513956,14144.05353688353,13206.54295277287,15206.010877531198,17367.67940518755,10397.475061721314,15842.237851232567
2026-04-01 01:10:00+00:00,15828.195906192848,14144.05353688353,13206.54295277287,15206.010877531198,17375.68465650462,10397.475061721314,15850.244304911459
2026-04-01 01:15:00+00:00,15836.16610571037,14152.02373640105,13214.505157356161,15213.97308211449,17383.65102230115,10397.475061721314,15858.214504428981
2026-04-01 01:20:00+00:00,15844.182034921267,14152.02373640105,13214.505157356161,15213.97308211449,17391.64695643404,10397.475061721314,15866.230433639877
2026-04-01 01:25:00+00:00,15834.182034921267,14152.02373640105,13214.505157356161,15213.97308211449,17391.64695643404,10397.475061721314,15856.230433639877
2026-04-01 01:30:00+00:00,15824.182034921267,14142.02373640105,13214.505157356161,15203.97308211449,17381.64695643404,10397.475061721314,15846.230433639877
2026-04-01 01:35:00+00:00,15814.182034921267,14142.02373640105,13214.505157356161,15203.97308211449,17389.651555624012,10387.475061721314,15836.230433639877
2026-04-01 01:40:00+00:00,15804.182034921267,14142.02373640105,13214.505157356161,15203.97308211449,17379.651555624012,10377.475061721314,15826.230433639877
2026-04-01 01:45:00+00:00,15812.161128852458,14150.002830332242,13222.476497037025,15211.944421795353,17387.63225865283,10377.475061721314,15834.20952757107
2026-04-01 01:50:00+00:00,15820.172396921964,14150.002830332242,13222.476497037025,15211.944421795353,17377.63225865283,10377.475061721314,15842.220795640576
2026-04-01 01:55:00+00:00,15828.182807960058,14150.002830332242,13230.463975151943,15219.931899910269,17385.617411852014,10377.475061721314,15850.231206678669
2026-04-01 02:00:00+00:00,15836.166313204696,14150.002830332242,13238.45933523571,15227.927259994038,17393.599345580988,10377.475061721314,15858.214711923307
2026-04-01 02:05:00+00:00,15844.154759360103,14157.991276487648,13238.45933523571,15235.915706149444,17401.600565553832,10367.475061721314,15866.203158078713
2026-04-01 02:10:00+00:00,15834.154759360103,14147.991276487648,13238.45933523571,15225.915706149444,17391.600565553832,10367.475061721314,15856.203158078713
2026-04-01 02:15:00+00:00,15842.162421829926,14147.991276487648,13238.45933523571,15225.915706149444,17399.602837015656,10367.475061721314,15864.210820548538
2026-04-01 02:20:00+00:00,15850.173996999412,14147.991276487648,13238.45933523571,15225.915706149444,17407.608546662323,10367.475061721314,15872.222395718023
2026-04-01 02:25:00+00:00,15858.125991494559,14155.943270982796,13246.402975917183,15233.859346830915,17415.543523469012,10367.475061721314,15880.174390213171
2026-04-01 02:30:00+00:00,15848.125991494559,14145.943270982796,13246.402975917183,15223.859346830915,17405.543523469012,10367.475061721314,15870.174390213171
2026-04-01 02:35:00+00:00,15838.125991494559,14135.943270982796,13246.402975917183,15213.859346830915,17395.543523469012,10367.475061721314,15860.174390213171
2026-04-01 02:40:00+00:00,15846.126446058694,14143.943725546931,13246.402975917183,15221.85980139505,17403.5423034783,10367.475061721314,15868.174844777306
2026-04-01 02:45:00+00:00,15854.130875703011,14151.948155191247,13246.402975917183,15229.86423103937,17393.5423034783,10357.475061721314,15876.179274421622
2026-04-01 02:50:00+00:00,15844.130875703011,14151.948155191247,13246.402975917183,15229.86423103937,17401.548472314193,10357.475061721314,15866.179274421622
2026-04-01 02:55:00+00:00,15834.130875703011,14151.948155191247,13246.402975917183,15229.86423103937,17391.548472314193,10357.475061721314,15856.179274421622
2026-04-01 03:00:00+00:00,15842.0967477903,14151.948155191247,13254.360099878966,15237.821355001151,17399.507920201126,10357.475061721314,15864.14514650891
2026-04-01 03:05:00+00:00,15850.092830335296,14159.944237736245,13262.318005502335,15245.77926062452,17407.463825097257,10357.475061721314,15872.141229053908
2026-04-01 03:10:00+00:00,15858.0911710646,14159.944237736245,13270.310969019616,15253.772224141801,17415.45525868309,10357.475061721314,15880.13956978321
2026-04-01 03:15:00+00:00,15866.095529378472,14159.944237736245,13270.310969019616,15253.772224141801,17423.458314328138,10357.475061721314,15888.143928097084
2026-04-01 03:20:00+00:00,15874.100992417163,14159.944237736245,13270.310969019616,15253.772224141801,17431.45420568591,10357.475061721314,15896.149391135774
2026-04-01 03:25:00+00:00,15864.100992417163,14159.944237736245,13270.310969019616,15253.772224141801,17421.45420568591,10357.475061721314,15886.149391135774
2026-04-01 03:30:00+00:00,15872.112722729957,14159.944237736245,13270.310969019616,15253.772224141801,17429.45902906792,10357.475061721314,15894.161121448567
2026-04-01 03:35:00+00:00,15872.112722729957,14159.944237736245,13270.310969019616,15253.772224141801,17419.45902906792,10357.475061721314,15894.161121448567
2026-04-01 03:40:00+00:00,15880.118532786282,14159.944237736245,13270.310969019616,15253.772224141801,17427.46488126501,10357.475061721314,15902.166931504893
2026-04-01 03:45:00+00:00,15888.081220304306,14159.944237736245,13278.273900434398,15261.735155556584,17435.431969280584,10357.475061721314,15910.129619022919
2026-04-01 03:50:00+00:00,15896.08457940534,14159.944237736245,13278.273900434398,15261.735155556584,17443.43198519459,10357.475061721314,15918.132978123951
2026-04-01 03:55:00+00:00,15886.08457940534,14159.944237736245,13278.273900434398,15261.735155556584,17433.43198519459,10347.475061721314,15908.132978123951
2026-04-01 04:00:00+00:00,15876.08457940534,14159.944237736245,13268.273900434398,15251.735155556584,17423.43198519459,10347.475061721314,15898.132978123951
2026-04-01 04:05:00+00:00,15866.08457940534,14159.944237736245,13268.273900434398,15251.735155556584,17431.435929669296,10347.475061721314,15888.132978123951
2026-04-01 04:10:00+00:00,15874.084192098482,14167.954319056793,13276.25148406712,15259.712739189305,17439.427436742077,10347.475061721314,15896.132590817095
2026-04-01 04:15:00+00:00,15864.084192098482,14167.954319056793,13276.25148406712,15259.712739189305,17447.433198913906,10347.475061721314,15886.132590817095
2026-04-01 04:20:00+00:00,15872.094928315597,14167.954319056793,13276.25148406712,15259.712739189305,17455.421926653547,10347.475061721314,15894.143327034208
2026-04-01 04:25:00+00:00,15880.100130598372,14175.959521339568,13276.25148406712,15267.717941472081,17463.425034673954,10347.475061721314,15902.148529316983
2026-04-01 04:30:00+00:00,15870.100130598372,14175.959521339568,13276.25148406712,15267.717941472081,17453.425034673954,10347.475061721314,15892.148529316983
2026-04-01 04:35:00+00:00,15860.100130598372,14175.959521339568,13276.25148406712,15267.717941472081,17461.43234972669,10355.480550141263,15882.148529316983
2026-04-01 04:40:00+00:00,15868.095432333364,14183.95482307456,13284.2448193651,15275.71127677006,17469.420550999806,10355.480550141263,15890.143831051977
2026-04-01 04:45:00+00:00,15876.110955164168,14183.95482307456,13284.2448193651,15275.71127677006,17477.421132620293,10355.480550141263,15898.159353882778
2026-04-01 04:50:00+00:00,15884.126680168469,14183.95482307456,13284.2448193651,15275.71127677006,17485.422738478395,10355.480550141263,15906.175078887081
2026-04-01 04:55:00+00:00,15892.117868068388,14191.946010974481,13292.231014624676,15283.697472029637,17493.420881239843,10355.480550141263,15914.166266787
2026-04-01 05:00:00+00:00,15900.105781781669,14199.93392468776,13300.192628517798,15291.659085922758,17501.394510280414,10355.480550141263,15922.15418050028
2026-04-01 05:05:00+00:00,15908.1010145222,14199.93392468776,13308.185312666486,15299.651770071447,17509.385545407204,10355.480550141263,15930.149413240812
2026-04-01 05:10:00+00:00,15898.1010145222,14189.93392468776,13308.185312666486,15289.651770071447,17499.385545407204,10363.448862188203,15920.149413240812
2026-04-01 05:15:00+00:00,15906.115740795889,14189.93392468776,13308.185312666486,15289.651770071447,17507.390133733887,10371.453450514884,15928.1641395145
2026-04-01 05:20:00+00:00,15896.115740795889,14189.93392468776,13308.185312666486,15289.651770071447,17515.390071090555,10379.453387871552,15918.1641395145
2026-04-01 05:25:00+00:00,15904.106482180929,14189.93392468776,13316.170614309474,15297.637071714435,17523.37616444053,10379.453387871552,15926.15488089954
2026-04-01 05:30:00+00:00,15894.106482180929,14189.93392468776,13316.170614309474,15297.637071714435,17513.37616444053,10379.453387871552,15916.15488089954
2026-04-01 05:35:00+00:00,15902.09852305041,14189.93392468776,13324.133272875735,15305.599730280694,17521.36572983716,10379.453387871552,15924.146921769021
2026-04-01 05:40:00+00:00,15910.09714061759,14189.93392468776,13324.133272875735,15305.599730280694,17529.36249791149,10379.453387871552,15932.145539336201
2026-04-01 05:45:00+00:00,15918.092345796565,14197.929129866734,13324.133272875735,15313.594935459669,17537.36073924236,10379.453387871552,15940.140744515176
2026-04-01 05:50:00+00:00,15926.083949618693,14197.929129866734,13332.12587943336,15321.587542017294,17545.362928607166,10379.453387871552,15948.132348337305
2026-04-01 05:55:00+00:00,15934.0756696284,14205.920849876444,13340.11164502122,15329.573307605155,17553.356082181876,10379.453387871552,15956.124068347013
2026-04-01 06:00:00+00:00,15942.066094452704,14213.911274700746,13348.107769361392,15337.569431945327,17561.347929884992,10379.453387871552,15964.114493171317
2026-04-01 06:05:00+00:00,15950.059689287462,14221.904869535505,13356.083899779975,15345.54556236391,17569.332322546703,10379.453387871552,15972.108088006073
2026-04-01 06:10:00+00:00,15958.038902553177,14221.904869535505,13356.083899779975,15345.54556236391,17577.32549019657,10379.453387871552,15980.087301271788
2026-04-01 06:15:00+00:00,15948.038902553177,14221.904869535505,13356.083899779975,15345.54556236391,17567.32549019657,10387.456241848544,15970.087301271788
2026-04-01 06:20:00+00:00,15956.03559759487,14221.904869535505,13356.083899779975,15345.54556236391,17575.32710314682,10387.456241848544,15978.08399631348
2026-04-01 06:25:00+00:00,15956.03559759487,14221.904869535505,13356.083899779975,15345.54556236391,17583.32746822783,10387.456241848544,15978.08399631348
2026-04-01 06:30:00+00:00,15946.03559759487,14221.904869535505,13356.083899779975,15345.54556236391,17573.32746822783,10395.459855202684,15968.08399631348
2026-04-01 06:35:00+00:00,15954.011848046126,14229.881119986761,13356.083899779975,15353.521812815166,17581.329327143605,10395.459855202684,15976.060246764737
2026-04-01 06:40:00+00:00,15962.001726376016,14237.870998316652,13364.069386802925,15361.507299838117,17589.319209966583,10395.459855202684,15984.050125094629
2026-04-01 06:45:00+00:00,15969.983442370336,14237.870998316652,13372.030760148727,15369.468673183917,17597.267129647662,10395.459855202684,15992.031841088947
2026-04-01 06:50:00+00:00,15977.928316650523,14237.870998316652,13372.030760148727,15369.468673183917,17605.272385914686,10395.459855202684,15999.976715369134
2026-04-01 06:55:00+00:00,15967.928316650523,14237.870998316652,13362.030760148727,15359.468673183917,17595.272385914686,10395.459855202684,15989.976715369134
2026-04-01 07:00:00+00:00,15975.903264530041,14245.845946196172,13370.001932340092,15367.439845375282,17603.232373876894,10395.459855202684,15997.951663248652
2026-04-01 07:05:00+00:00,15983.867037427168,14245.845946196172,13370.001932340092,15367.439845375282,17611.230382181122,10395.459855202684,16005.91543614578
2026-04-01 07:10:00+00:00,15991.848940185548,14253.827848954552,13377.979093881273,15375.417006916465,17619.22438295507,10395.459855202684,16013.89733890416
2026-04-01 07:15:00+00:00,15999.857398522647,14261.83630729165,13377.979093881273,15383.425465253562,17627.217004394413,10395.459855202684,16021.90579724126
2026-04-01 07:20:00+00:00,16007.81557172916,14269.794480498163,13385.938930833803,15391.385302206094,17635.191681349534,10395.459855202684,16029.863970447772
2026-04-01 07:25:00+00:00,15997.81557172916,14269.794480498163,13385.938930833803,15391.385302206094,17625.191681349534,10395.459855202684,16019.863970447772
2026-04-01 07:30:00+00:00,16005.827965972449,14269.794480498163,13385.938930833803,15391.385302206094,17633.17856446753,10395.459855202684,16027.87636469106
2026-04-01 07:35:00+00:00,16013.810396955332,14277.776911481047,13393.92953229613,15399.375903668419,17641.15760619907,10395.459855202684,16035.858795673943
2026-04-01 07:40:00+00:00,16021.810615650658,14277.776911481047,13393.92953229613,15399.375903668419,17649.156127875467,10395.459855202684,16043.85901436927
2026-04-01 07:45:00+00:00,16029.802379004914,14285.7686748353,13401.903952511502,15407.350323883791,17657.143999313623,10395.459855202684,16051.850777723525
2026-04-01 07:50:00+00:00,16019.802379004914,14285.7686748353,13401.903952511502,15407.350323883791,17647.143999313623,10403.462119000564,16041.850777723525
2026-04-01 07:55:00+00:00,16027.813974696757,14285.7686748353,13401.903952511502,15407.350323883791,17655.150529948594,10411.465491718642,16049.862373415368
2026-04-01 08:00:00+00:00,16035.82103151142,14285.7686748353,13401.903952511502,15407.350323883791,17663.157122009354,10401.465491718642,16057.86943023003
2026-04-01 08:05:00+00:00,16043.812129490263,14293.759772814148,13409.875094324747,15415.321465697034,17671.13601876742,10409.471083509909,16065.860528208876
2026-04-01 08:10:00+00:00,16051.814612843666,14293.759772814148,13409.875094324747,15415.321465697034,17661.13601876742,10399.471083509909,16073.863011562276
2026-04-01 08:15:00+00:00,16041.814612843666,14293.759772814148,13409.875094324747,15415.321465697034,17651.13601876742,10389.471083509909,16063.863011562276
2026-04-01 08:20:00+00:00,16049.795857208817,14301.741017179298,13417.83707125761,15423.283442629898,17659.100079774533,10389.471083509909,16071.844255927428
2026-04-01 08:25:00+00:00,16057.788318738647,14301.741017179298,13425.817596101366,15431.263967473657,17667.08425907487,10389.471083509909,16079.83671745726
2026-04-01 08:30:00+00:00,16065.79104400672,14309.743784950373,13425.817596101366,15439.26669274173,17675.08557263459,10389.471083509909,16087.839442725333
2026-04-01 08:35:00+00:00,16073.799469119831,14309.743784950373,13433.782232515652,15447.231329156017,17683.050209048877,10389.471083509909,16095.847867838442
2026-04-01 08:40:00+00:00,16081.789996346139,14317.73431217668,13441.761435556926,15455.210532197289,17691.038116802723,10389.471083509909,16103.838395064751
2026-04-01 08:45:00+00:00,16089.78777925113,14325.732095081672,13441.761435556926,15463.208315102282,17699.03724548017,10389.471083509909,16111.83617796974
2026-04-01 08:50:00+00:00,16097.801353649791,14325.732095081672,13441.761435556926,15463.208315102282,17689.03724548017,10389.471083509909,16119.849752368402
2026-04-01 08:55:00+00:00,16105.807283197135,14325.732095081672,13449.731604046643,15471.178483591997,17697.019640284205,10397.478628599556,16127.855681915746
2026-04-01 09:00:00+00:00,16113.807533462197,14333.732345346732,13449.731604046643,15479.17873385706,17705.016476723507,10397.478628599556,16135.855932180808
2026-04-01 09:05:00+00:00,16121.82008112901,14333.732345346732,13457.684641499203,15487.13177130962,17713.020902984335,10397.478628599556,16143.86847984762
2026-04-01 09:10:00+00:00,16129.82038953383,14333.732345346732,13457.684641499203,15487.13177130962,17721.021211389154,10397.478628599556,16151.868788252441
2026-04-01 09:15:00+00:00,16119.82038953383,14333.732345346732,13457.684641499203,15487.13177130962,17711.021211389154,10397.478628599556,16141.868788252441
2026-04-01 09:20:00+00:00,16127.827965623319,14333.732345346732,13457.684641499203,15487.13177130962,17719.023956243112,10397.478628599556,16149.87636434193
2026-04-01 09:25:00+00:00,16135.810243686661,14333.732345346732,13465.651058872358,15495.098188682774,17727.002928118603,10397.478628599556,16157.858642405274
2026-04-01 09:30:00+00:00,16125.810243686661,14333.732345346732,13465.651058872358,15495.098188682774,17717.002928118603,10397.478628599556,16147.858642405274
2026-04-01 09:35:00+00:00,16115.810243686661,14333.732345346732,13465.651058872358,15495.098188682774,17725.005221893854,10405.481231829228,16137.858642405274
2026-04-01 09:40:00+00:00,16123.824948116855,14333.732345346732,13465.651058872358,15495.098188682774,17733.010660452303,10413.481248198905,16145.873346835466
2026-04-01 09:45:00+00:00,16131.820459243412,14341.733760164927,13465.651058872358,15503.093699809331,17741.01409630305,10413.481248198905,16153.868857962025
2026-04-01 09:50:00+00:00,16139.826092638941,14349.739427986473,13465.651058872358,15511.09933320486,17749.01858624411,10413.481248198905,16161.874491357554
2026-04-01 09:55:00+00:00,16147.829992357161,14357.743327704693,13465.651058872358,15519.10323292308,17757.02113959676,10413.481248198905,16169.878391075774
2026-04-01 10:00:00+00:00,16155.816006060919,14365.729341408452,13473.632526747511,15527.084700798234,17765.004104594867,10413.481248198905,16177.864404779531
2026-04-01 10:05:00+00:00,16145.816006060919,14355.729341408452,13473.632526747511,15517.084700798234,17755.004104594867,10413.481248198905,16167.864404779531
2026-04-01 10:10:00+00:00,16135.816006060919,14345.729341408452,13473.632526747511,15507.084700798234,17745.004104594867,10413.481248198905,16157.864404779531
2026-04-01 10:15:00+00:00,16143.824926249163,14345.729341408452,13473.632526747511,15507.084700798234,17745.004104594867,10413.481248198905,16165.873324967775
2026-04-01 10:20:00+00:00,16151.825220328321,14345.729341408452,13481.616360790858,15515.068534841581,17753.002708834563,10413.481248198905,16173.873619046932
2026-04-01 10:25:00+00:00,16159.839794647567,14345.729341408452,13481.616360790858,15515.068534841581,17753.002708834563,10413.481248198905,16181.88819336618
2026-04-01 10:30:00+00:00,16167.852057664122,14353.741620428285,13481.616360790858,15523.080797858136,17760.958529965268,10413.481248198905,16189.900456382733
2026-04-01 10:35:00+00:00,16175.850650744984,14361.740213509147,13481.616360790858,15531.079390938998,17768.9552712217,10413.481248198905,16197.899049463595
2026-04-01 10:40:00+00:00,16165.850650744984,14361.740213509147,13481.616360790858,15531.079390938998,17758.9552712217,10413.481248198905,16187.899049463595
2026-04-01 10:45:00+00:00,16173.848405941297,14361.740213509147,13481.616360790858,15531.079390938998,17766.95960734613,10413.481248198905,16195.896804659908
2026-04-01 10:50:00+00:00,16163.848405941297,14361.740213509147,13481.616360790858,15531.079390938998,17774.965420995068,10413.481248198905,16185.896804659908
2026-04-01 10:55:00+00:00,16171.803012360899,14369.694819928747,13489.594063158906,15539.057093307045,17782.942954704373,10413.481248198905,16193.85141107951
2026-04-01 11:00:00+00:00,16179.805177798895,14369.694819928747,13489.594063158906,15539.057093307045,17790.94490590719,10413.481248198905,16201.853576517507
2026-04-01 11:05:00+00:00,16187.79725529694,14369.694819928747,13489.594063158906,15539.057093307045,17798.949072811964,10413.481248198905,16209.845654015551
2026-04-01 11:10:00+00:00,16195.796155034568,14377.693719666377,13489.594063158906,15547.055993044673,17806.943636103722,10413.481248198905,16217.84455375318
2026-04-01 11:15:00+00:00,16203.810520137391,14377.693719666377,13489.594063158906,15547.055993044673,17814.94811735091,10413.481248198905,16225.858918856002
2026-04-01 11:20:00+00:00,16211.826867799806,14377.693719666377,13489.594063158906,15547.055993044673,17804.94811735091,10413.481248198905,16233.875266518418
2026-04-01 11:25:00+00:00,16201.826867799806,14367.693719666377,13489.594063158906,15537.055993044673,17794.94811735091,10413.481248198905,16223.875266518418
2026-04-01 11:30:00+00:00,16191.826867799806,14357.693719666377,13489.594063158906,15527.055993044673,17784.94811735091,10413.481248198905,16213.875266518418
2026-04-01 11:35:00+00:00,16199.84024926188,14365.7071140224,13489.594063158906,15535.069374506747,17792.944554515605,10413.481248198905,16221.888647980493
2026-04-01 11:40:00+00:00,16207.831809764848,14373.698674525367,13489.594063158906,15543.060935009715,17800.93359384343,10413.481248198905,16229.880208483459
2026-04-01 11:45:00+00:00,16215.839664587998,14373.698674525367,13489.594063158906,15543.060935009715,17808.932914029116,10413.481248198905,16237.88806330661
2026-04-01 11:50:00+00:00,16223.846623737329,14373.698674525367,13489.594063158906,15543.060935009715,17816.93991008039,10413.481248198905,16245.895022455941
2026-04-01 11:55:00+00:00,16213.846623737329,14373.698674525367,13489.594063158906,15543.060935009715,17816.93991008039,10413.481248198905,16235.895022455941
2026-04-01 12:00:00+00:00,16221.837792028742,14381.68984281678,13497.540570400022,15551.007442250831,17824.901262475465,10413.481248198905,16243.886190747355
2026-04-01 12:05:00+00:00,16229.819571836995,14389.671622625034,13505.52589564219,15558.992767492997,17832.89030426947,10413.481248198905,16251.867970555606
2026-04-01 12:10:00+00:00,16237.802276508872,14389.671622625034,13505.52589564219,15558.992767492997,17840.89350598115,10413.481248198905,16259.850675227484
2026-04-01 12:15:00+00:00,16245.760504788714,14397.667338297775,13513.507568738418,15566.950995772839,17848.892563308924,10413.481248198905,16267.808903507324
2026-04-01 12:20:00+00:00,16253.759271623196,14405.666105132259,13521.483243149418,15574.926670183839,17856.858683269464,10413.481248198905,16275.807670341808
2026-04-01 12:25:00+00:00,16261.765518192986,14413.672351702047,13521.483243149418,15582.932916753627,17864.8537650962,10421.487690058224,16283.813916911597
2026-04-01 12:30:00+00:00,16269.773966441902,14413.672351702047,13521.483243149418,15582.932916753627,17872.857759624076,10429.492512226994,16291.822365160513
2026-04-01 12:35:00+00:00,16277.750603611392,14421.648988871537,13529.45757852042,15590.907252124629,17880.85397869787,10429.492512226994,16299.799002330003
2026-04-01 12:40:00+00:00,16285.7525532578,14421.648988871537,13537.440107949222,15598.889781553431,17888.84427668918,10429.492512226994,16307.800951976413
2026-04-01 12:45:00+00:00,16293.692913629076,14421.648988871537,13545.380643202878,15606.830316807087,17896.771297863503,10429.492512226994,16315.741312347687
2026-04-01 12:50:00+00:00,16301.69169932807,14421.648988871537,13535.380643202878,15606.830316807087,17886.771297863503,10429.492512226994,16323.740098046681
2026-04-01 12:55:00+00:00,16291.69169932807,14421.648988871537,13535.380643202878,15606.830316807087,17894.772647858088,10429.492512226994,16313.740098046681
2026-04-01 13:00:00+00:00,16299.68753898409,14421.648988871537,13543.317534549806,15614.767208154015,17902.75250676756,10429.492512226994,16321.7359377027
2026-04-01 13:05:00+00:00,16307.664752018867,14429.626201906314,13551.296278437312,15622.745952041521,17910.72498000657,10429.492512226994,16329.713150737478
2026-04-01 13:10:00+00:00,16315.620869408885,14437.582319296333,13559.247751076566,15630.697424680777,17918.68259498774,10429.492512226994,16337.669268127496
2026-04-01 13:15:00+00:00,16323.572897718179,14445.57561067427,13559.247751076566,15638.64945299007,17926.67230355652,10429.492512226994,16345.62129643679
2026-04-01 13:20:00+00:00,16331.55796217301,14453.560675129102,13559.247751076566,15646.634517444902,17934.66997583179,10429.492512226994,16353.606360891623
2026-04-01 13:25:00+00:00,16339.556720766599,14461.55943372269,13567.207525691998,15654.594292060334,17942.643421185534,10429.492512226994,16361.605119485212
2026-04-01 13:30:00+00:00,16329.556720766599,14461.55943372269,13567.207525691998,15654.594292060334,17932.643421185534,10429.492512226994,16351.605119485212
2026-04-01 13:35:00+00:00,16337.546930055734,14461.55943372269,13567.207525691998,15654.594292060334,17940.621876753365,10419.492512226994,16359.595328774347
2026-04-01 13:40:00+00:00,16345.484378111893,14461.55943372269,13575.064162857254,15662.45092922559,17948.493964919933,10419.492512226994,16367.532776830503
2026-04-01 13:45:00+00:00,16353.482057774247,14461.55943372269,13583.016496911585,15670.40326327992,17956.490685612018,10419.492512226994,16375.53045649286
2026-04-01 13:50:00+00:00,16361.473545613679,14461.55943372269,13590.962944774292,15678.349711142628,17964.475289057937,10419.492512226994,16383.52194433229
2026-04-01 13:55:00+00:00,16351.473545613679,14461.55943372269,13580.962944774292,15668.349711142628,17954.475289057937,10419.492512226994,16373.52194433229
2026-04-01 14:00:00+00:00,16359.442910081092,14461.55943372269,13588.931763449951,15676.318529818287,17962.452816486075,10419.492512226994,16381.491308799705
2026-04-01 14:05:00+00:00,16367.402470932888,14461.55943372269,13596.905499566757,15684.292265935092,17970.4286441147,10419.492512226994,16389.4508696515
2026-04-01 14:10:00+00:00,16375.401778126134,14461.55943372269,13596.905499566757,15684.292265935092,17978.431557628024,10427.49346178211,16397.450176844744
2026-04-01 14:15:00+00:00,16365.401778126134,14461.55943372269,13596.905499566757,15684.292265935092,17968.431557628024,10417.49346178211,16387.450176844744
2026-04-01 14:20:00+00:00,16373.390500798305,14461.55943372269,13604.864739360675,15692.251505729011,17976.36304800556,10417.49346178211,16395.438899516917
2026-04-01 14:25:00+00:00,16381.402353757574,14461.55943372269,13604.864739360675,15692.251505729011,17984.36513521001,10417.49346178211,16403.450752476187
2026-04-01 14:30:00+00:00,16389.3924914527,14469.549648851234,13612.812058599418,15700.198824967754,17992.352701178155,10425.483676910655,16411.440890171314
2026-04-01 14:35:00+00:00,16379.392491452702,14469.549648851234,13612.812058599418,15700.198824967754,18000.316899972124,10425.483676910655,16401.440890171314
2026-04-01 14:40:00+00:00,16387.369841180007,14477.526998578538,13620.783911766888,15708.170678135224,18008.290377719648,10425.483676910655,16409.418239898616
2026-04-01 14:45:00+00:00,16377.369841180007,14477.526998578538,13620.783911766888,15708.170678135224,17998.290377719648,10433.483688783523,16399.418239898616
2026-04-01 14:50:00+00:00,16367.369841180007,14477.526998578538,13620.783911766888,15708.170678135224,18006.2802965219,10441.473607585776,16389.418239898616
2026-04-01 14:55:00+00:00,16375.38591541896,14477.526998578538,13620.783911766888,15708.170678135224,18014.27368782332,10441.473607585776,16397.434314137572
2026-04-01 15:00:00+00:00,16365.38591541896,14477.526998578538,13620.783911766888,15708.170678135224,18022.279018273053,10449.475604208428,16387.434314137572
2026-04-01 15:05:00+00:00,16373.381717897111,14477.526998578538,13620.783911766888,15708.170678135224,18030.28071429352,10457.4742852009,16395.430116615724
2026-04-01 15:10:00+00:00,16381.365705327808,14485.515651621028,13628.76932895854,15716.156095326874,18038.255391922172,10457.4742852009,16403.41410404642
2026-04-01 15:15:00+00:00,16371.365705327808,14485.515651621028,13628.76932895854,15716.156095326874,18046.262052993192,10465.476425131195,16393.41410404642
2026-04-01 15:20:00+00:00,16361.365705327808,14485.515651621028,13636.745605763905,15716.156095326874,18054.2560993342,10465.476425131195,16383.41410404642
2026-04-01 15:25:00+00:00,16369.35786579343,14485.515651621028,13644.719289981014,15724.129779543986,18062.23261370684,10465.476425131195,16391.406264512043
2026-04-01 15:30:00+00:00,16377.341466240774,14493.499252068372,13644.719289981014,15732.11337999133,18070.226061123445,10473.481284705531,16399.389864959387
2026-04-01 15:35:00+00:00,16367.341466240774,14493.499252068372,13634.719289981014,15722.11337999133,18060.226061123445,10473.481284705531,16389.389864959387
2026-04-01 15:40:00+00:00,16375.340953904299,14493.499252068372,13634.719289981014,15722.11337999133,18068.225709062277,10473.481284705531,16397.38935262291
2026-04-01 15:45:00+00:00,16383.3082396666,14501.495652932304,13634.719289981014,15730.08066575363,18076.224466760737,10473.481284705531,16405.356638385212
2026-04-01 15:50:00+00:00,16391.306742143588,14509.494155409291,13634.719289981014,15738.079168230619,18084.21420136934,10473.481284705531,16413.3551408622
2026-04-01 15:55:00+00:00,16381.306742143588,14509.494155409291,13634.719289981014,15738.079168230619,18092.21737298507,10473.481284705531,16403.3551408622
2026-04-01 16:00:00+00:00,16389.294570849303,14509.494155409291,13634.719289981014,15738.079168230619,18100.212891402538,10473.481284705531,16411.342969567915
2026-04-01 16:05:00+00:00,16379.294570849303,14509.494155409291,13634.719289981014,15738.079168230619,18090.212891402538,10463.481284705531,16401.342969567915
2026-04-01 16:10:00+00:00,16387.289510875053,14509.494155409291,13642.675527980953,15746.035406230556,18098.167840167327,10463.481284705531,16409.337909593665
2026-04-01 16:15:00+00:00,16377.289510875053,14499.494155409291,13642.675527980953,15736.035406230556,18088.167840167327,10463.481284705531,16399.337909593665
2026-04-01 16:20:00+00:00,16385.292529087397,14499.494155409291,13642.675527980953,15736.035406230556,18096.170904311697,10471.4843488499,16407.340927806006
2026-04-01 16:25:00+00:00,16393.28833606325,14499.494155409291,13650.651721565535,15744.011599815138,18104.16334732895,10471.4843488499,16415.336734781864
2026-04-01 16:30:00+00:00,16401.30292305625,14499.494155409291,13650.651721565535,15744.011599815138,18112.15431347428,10479.475314995225,16423.351321774862
2026-04-01 16:35:00+00:00,16409.257482915717,14507.448715268758,13658.577226431597,15751.937104681201,18120.090786508536,10479.475314995225,16431.30588163433
2026-04-01 16:40:00+00:00,16417.259765930936,14507.448715268758,13658.577226431597,15751.937104681201,18110.090786508536,10469.475314995225,16439.30816464955
2026-04-01 16:45:00+00:00,16425.246802631824,14515.435751969644,13666.564997089556,15759.924875339158,18118.063588252604,10469.475314995225,16447.295201350433
2026-04-01 16:50:00+00:00,16433.258748234977,14515.435751969644,13666.564997089556,15759.924875339158,18126.0688995471,10469.475314995225,16455.307146953586
2026-04-01 16:55:00+00:00,16441.26889275846,14515.435751969644,13666.564997089556,15759.924875339158,18134.073405608226,10469.475314995225,16463.31729147707
2026-04-01 17:00:00+00:00,16449.273604858194,14523.440464069377,13674.505738808133,15767.865617057738,18142.047177770728,10469.475314995225,16471.322003576803
2026-04-01 17:05:00+00:00,16457.253038891704,14531.41989810289,13682.457009826545,15775.816888076148,18150.016314892164,10469.475314995225,16479.301437610316
2026-04-01 17:10:00+00:00,16465.23099176112,14539.397850972304,13690.413096755668,15783.772975005271,18157.984263672803,10469.475314995225,16487.27939047973
2026-04-01 17:15:00+00:00,16473.232489008893,14539.397850972304,13690.413096755668,15783.772975005271,18165.990311458394,10469.475314995225,16495.280887727506
2026-04-01 17:20:00+00:00,16481.210191599428,14539.397850972304,13698.354416935603,15791.714295185204,18173.945776461416,10469.475314995225,16503.258590318037
2026-04-01 17:25:00+00:00,16489.198637188998,14547.386296561875,13698.354416935603,15799.702740774777,18181.930671931026,10469.475314995225,16511.24703590761
2026-04-01 17:30:00+00:00,16497.20567205616,14547.386296561875,13698.354416935603,15799.702740774777,18189.86504172058,10469.475314995225,16519.25407077477
2026-04-01 17:35:00+00:00,16505.188180261586,14555.368804767302,13706.30600629207,15807.654330131245,18197.844168013267,10469.475314995225,16527.2365789802
2026-04-01 17:40:00+00:00,16495.188180261586,14545.368804767302,13706.30600629207,15797.654330131245,18187.844168013267,10469.475314995225,16517.2365789802
2026-04-01 17:45:00+00:00,16503.188558504393,14545.368804767302,13706.30600629207,15797.654330131245,18195.842864432332,10469.475314995225,16525.236957223
2026-04-01 17:50:00+00:00,16503.188558504393,14545.368804767302,13706.30600629207,15797.654330131245,18195.842864432332,10469.475314995225,16525.236957223
2026-04-01 17:55:00+00:00,16511.180685573592,14553.360931836503,13706.30600629207,15805.646457200444,18203.83074167897,10469.475314995225,16533.229084292205
2026-04-01 18:00:00+00:00,16519.15087757147,14561.33112383438,13714.219992907136,15813.560443815511,18211.750474802524,10469.475314995225,16541.19927629008
2026-04-01 18:05:00+00:00,16509.15087757147,14561.33112383438,13714.219992907136,15813.560443815511,18219.755497406353,10469.475314995225,16531.19927629008
2026-04-01 18:10:00+00:00,16517.134139920792,14569.314386183705,13722.176779591317,15821.517230499692,18227.73469549795,10469.475314995225,16539.182538639405
2026-04-01 18:15:00+00:00,16525.13328536196,14569.314386183705,13722.176779591317,15821.517230499692,18235.735875135473,10469.475314995225,16547.18168408057
2026-04-01 18:20:00+00:00,16533.14943886683,14569.314386183705,13722.176779591317,15821.517230499692,18225.735875135473,10469.475314995225,16555.19783758544
2026-04-01 18:25:00+00:00,16541.13004160113,14569.314386183705,13730.150809327235,15829.491260235609,18233.699991755468,10469.475314995225,16563.17844031974
2026-04-01 18:30:00+00:00,16549.135216380782,14569.314386183705,13730.150809327235,15829.491260235609,18241.69283184906,10469.475314995225,16571.18361509939
2026-04-01 18:35:00+00:00,16539.135216380782,14569.314386183705,13720.150809327235,15819.491260235609,18231.69283184906,10469.475314995225,16561.18361509939
2026-04-01 18:40:00+00:00,16547.11752851965,14569.314386183705,13728.134384879748,15827.474835788122,18239.659894411765,10469.475314995225,16569.165927238264
2026-04-01 18:45:00+00:00,16555.089394771378,14577.286252435431,13736.1106852735,15835.451136181873,18247.635425538785,10469.475314995225,16577.13779348999
2026-04-01 18:50:00+00:00,16563.095381378273,14577.286252435431,13736.1106852735,15835.451136181873,18255.633731699705,10469.475314995225,16585.143780096885
2026-04-01 18:55:00+00:00,16571.089599046412,14585.280470103571,13744.09486834236,15843.435319250735,18263.619428173228,10469.475314995225,16593.13799776502
2026-04-01 19:00:00+00:00,16579.078972893753,14585.280470103571,13752.075672461078,15851.416123369454,18271.595145982938,10469.475314995225,16601.12737161236
2026-04-01 19:05:00+00:00,16587.074709251337,14593.276206461156,13752.075672461078,15859.411859727039,18279.590280541393,10469.475314995225,16609.12310796995
2026-04-01 19:10:00+00:00,16595.049400243166,14601.27642439918,13752.075672461078,15867.38655071887,18287.593416801923,10469.475314995225,16617.09779896178
2026-04-01 19:15:00+00:00,16603.061802998287,14601.27642439918,13752.075672461078,15867.38655071887,18277.593416801923,10459.475314995225,16625.110201716896
2026-04-01 19:20:00+00:00,16593.061802998287,14601.27642439918,13752.075672461078,15867.38655071887,18277.593416801923,10459.475314995225,16615.110201716896
2026-04-01 19:25:00+00:00,16601.056330946998,14609.270952347893,13760.068163868065,15875.379042125856,18285.58509429826,10459.475314995225,16623.10472966561
2026-04-01 19:30:00+00:00,16609.04967548656,14617.264296887453,13768.040821048045,15883.351699305837,18293.571652757244,10459.475314995225,16631.098074205172
2026-04-01 19:35:00+00:00,16617.062094994388,14617.264296887453,13768.040821048045,15883.351699305837,18301.57109058255,10459.475314995225,16639.110493713
2026-04-01 19:40:00+00:00,16607.062094994388,14617.264296887453,13768.040821048045,15883.351699305837,18291.57109058255,10459.475314995225,16629.110493713
2026-04-01 19:45:00+00:00,16615.046153613053,14625.256885714,13776.007789564776,15891.318667822565,18299.543434853156,10459.475314995225,16637.094552331666
2026-04-01 19:50:00+00:00,16623.015321179195,14625.256885714,13783.959677601368,15899.270555859159,18307.509908926862,10459.475314995225,16645.063719897807
2026-04-01 19:55:00+00:00,16631.014189692534,14625.256885714,13783.959677601368,15899.270555859159,18315.514713092918,10459.475314995225,16653.062588411147
2026-04-01 20:00:00+00:00,16639.00544094111,14633.248136962575,13791.946177357277,15907.257055615068,18323.512378467625,10459.475314995225,16661.053839659722
2026-04-01 20:05:00+00:00,16647.010953456305,14633.248136962575,13799.922459761134,15915.233338018925,18331.508515587448,10459.475314995225,16669.059352174918
2026-04-01 20:10:00+00:00,16637.010953456305,14633.248136962575,13799.922459761134,15915.233338018925,18321.508515587448,10459.475314995225,16659.059352174918
2026-04-01 20:15:00+00:00,16627.010953456305,14633.248136962575,13799.922459761134,15915.233338018925,18329.51149938563,10467.474180960366,16649.059352174918
2026-04-01 20:20:00+00:00,16617.010953456305,14633.248136962575,13799.922459761134,15915.233338018925,18337.512236092487,10475.474917667225,16639.059352174918
2026-04-01 20:25:00+00:00,16607.010953456305,14623.248136962575,13799.922459761134,15905.233338018925,18345.5154302581,10475.474917667225,16629.059352174918
2026-04-01 20:30:00+00:00,16597.010953456305,14613.248136962575,13799.922459761134,15895.233338018925,18335.5154302581,10475.474917667225,16619.059352174918
2026-04-01 20:35:00+00:00,16605.007453042974,14621.244696334576,13807.903673945273,15903.214552203064,18343.50994418104,10475.474917667225,16627.055851761586
2026-04-01 20:40:00+00:00,16612.995433997847,14621.244696334576,13807.903673945273,15903.214552203064,18351.49817608053,10475.474917667225,16635.04383271646
2026-04-01 20:45:00+00:00,16602.995433997847,14621.244696334576,13807.903673945273,15903.214552203064,18351.49817608053,10475.474917667225,16625.04383271646
2026-04-01 20:50:00+00:00,16611.001417672498,14629.253740834705,13807.903673945273,15911.220535877714,18359.49778126269,10475.474917667225,16633.04981639111
2026-04-01 20:55:00+00:00,16619.002221750077,14637.254544912284,13807.903673945273,15919.221339955297,18367.49694407418,10475.474917667225,16641.05062046869
2026-04-01 21:00:00+00:00,16609.002221750077,14627.254544912284,13807.903673945273,15909.221339955297,18375.49974392386,10475.474917667225,16631.05062046869
2026-04-01 21:05:00+00:00,16617.00746744188,14627.254544912284,13807.903673945273,15909.221339955297,18383.500018410392,10475.474917667225,16639.055866160492
2026-04-01 21:10:00+00:00,16607.00746744188,14627.254544912284,13807.903673945273,15909.221339955297,18391.505547852423,10475.474917667225,16629.055866160492
2026-04-01 21:15:00+00:00,16615.01489200129,14627.254544912284,13807.903673945273,15909.221339955297,18399.509704005548,10475.474917667225,16637.063290719903
2026-04-01 21:20:00+00:00,16623.021328434577,14635.260981345571,13807.903673945273,15917.227776388583,18407.511630587956,10475.474917667225,16645.06972715319
2026-04-01 21:25:00+00:00,16631.009998605325,14635.260981345571,13807.903673945273,15917.227776388583,18415.511622940125,10475.474917667225,16653.058397323934
2026-04-01 21:30:00+00:00,16621.009998605325,14635.260981345571,13807.903673945273,15917.227776388583,18415.511622940125,10475.474917667225,16643.058397323934
2026-04-01 21:35:00+00:00,16628.98828466797,14643.239267408217,13815.877471781461,15925.201574224771,18423.492033707713,10475.474917667225,16651.03668338658
2026-04-01 21:40:00+00:00,16636.983870118314,14643.239267408217,13823.86235139101,15933.186453834318,18431.47690218513,10475.474917667225,16659.032268836927
2026-04-01 21:45:00+00:00,16645.0000085099,14643.239267408217,13823.86235139101,15933.186453834318,18439.48341530839,10475.474917667225,16667.048407228514
2026-04-01 21:50:00+00:00,16635.0000085099,14643.239267408217,13823.86235139101,15933.186453834318,18429.48341530839,10475.474917667225,16657.048407228514
2026-04-01 21:55:00+00:00,16643.005691548336,14651.244950446651,13823.86235139101,15941.192136872753,18437.489945721332,10475.474917667225,16665.05409026695
2026-04-01 22:00:00+00:00,16651.00033946348,14651.244950446651,13831.835090849705,15949.164876331448,18445.47863235533,10475.474917667225,16673.048738182093
2026-04-01 22:05:00+00:00,16659.001694699375,14651.244950446651,13831.835090849705,15949.164876331448,18453.483851490084,10475.474917667225,16681.050093417987
2026-04-01 22:10:00+00:00,16667.008777613308,14651.244950446651,13831.835090849705,15949.164876331448,18461.490934404013,10475.474917667225,16689.05717633192
2026-04-01 22:15:00+00:00,16674.995976195823,14651.244950446651,13839.823425488492,15957.153210970235,18469.464837516898,10475.474917667225,16697.044374914436
2026-04-01 22:20:00+00:00,16682.986661064286,14651.244950446651,13847.800353638244,15965.130139119985,18477.451132267943,10475.474917667225,16705.0350597829
2026-04-01 22:25:00+00:00,16690.992485901923,14659.250775284287,13847.800353638244,15973.135963957622,18485.455710557544,10475.474917667225,16713.040884620536
2026-04-01 22:30:00+00:00,16680.992485901923,14649.250775284287,13847.800353638244,15963.135963957622,18493.457545234698,10483.476752344377,16703.040884620536
2026-04-01 22:35:00+00:00,16688.9839473083,14649.250775284287,13855.777048489987,15971.112658809365,18501.45147042872,10483.476752344377,16711.032346026914
2026-04-01 22:40:00+00:00,16696.973934082296,14657.240762058284,13863.760747398512,15979.09635771789,18509.429390741883,10483.476752344377,16719.02233280091
2026-04-01 22:45:00+00:00,16704.98621285849,14657.240762058284,13863.760747398512,15979.09635771789,18517.4318305252,10483.476752344377,16727.034611577103
2026-04-01 22:50:00+00:00,16712.9757479476,14657.240762058284,13863.760747398512,15979.09635771789,18525.421274279826,10483.476752344377,16735.024146666212
2026-04-01 22:55:00+00:00,16720.98414918878,14665.24916329946,13863.760747398512,15987.104758959067,18533.427947882403,10483.476752344377,16743.032547907387
2026-04-01 23:00:00+00:00,16728.983139102118,14673.248153212802,13871.73712302695,15995.081134587504,18541.412072266154,10483.476752344377,16751.03153782073
2026-04-01 23:05:00+00:00,16718.983139102118,14673.248153212802,13871.73712302695,15995.081134587504,18531.412072266154,10483.476752344377,16741.03153782073
2026-04-01 23:10:00+00:00,16726.98323209561,14681.248246206293,13871.73712302695,16003.081227580995,18539.406811744728,10483.476752344377,16749.03163081422
2026-04-01 23:15:00+00:00,16734.987486954677,14681.248246206293,13871.73712302695,16003.081227580995,18547.40411310301,10483.476752344377,16757.035885673286
2026-04-01 23:20:00+00:00,16724.987486954677,14671.248246206293,13871.73712302695,15993.081227580995,18547.40411310301,10483.476752344377,16747.035885673286
2026-04-01 23:25:00+00:00,16732.990595338237,14679.251354589855,13871.73712302695,16001.084335964557,18555.40355475443,10483.476752344377,16755.03899405685
2026-04-01 23:30:00+00:00,16722.990595338237,14669.251354589855,13861.73712302695,15991.084335964557,18545.40355475443,10483.476752344377,16745.03899405685
2026-04-01 23:35:00+00:00,16730.9981181322,14669.251354589855,13861.73712302695,15991.084335964557,18553.41007646992,10483.476752344377,16753.046516850813
2026-04-01 23:40:00+00:00,16739.002006845265,14677.2552825749,13861.73712302695,15999.088224677622,18561.4126607827,10483.476752344377,16761.050405563878
2026-04-01 23:45:00+00:00,16729.002006845265,14677.2552825749,13861.73712302695,15999.088224677622,18569.412178307637,10491.476269869316,16751.050405563878
2026-04-01 23:50:00+00:00,16737.00001107191,14677.2552825749,13861.73712302695,15999.088224677622,18577.405820361928,10491.476269869316,16759.04840979052
2026-04-01 23:55:00+00:00,16727.00001107191,14667.2552825749,13861.73712302695,15989.088224677622,18567.405820361928,10491.476269869316,16749.04840979052
2026-04-02 00:00:00+00:00,16717.00001107191,14667.2552825749,13861.73712302695,15989.088224677622,18557.405820361928,10491.476269869316,16739.04840979052
2026-04-02 00:05:00+00:00,16725.0087615864,14667.2552825749,13861.73712302695,15989.088224677622,18565.407100650435,10491.476269869316,16747.057160305012
2026-04-02 00:10:00+00:00,16733.00375222577,14667.2552825749,13861.73712302695,15989.088224677622,18573.406628798693,10491.476269869316,16755.05215094438
2026-04-02 00:15:00+00:00,16741.018388110886,14667.2552825749,13861.73712302695,15989.088224677622,18581.409132184548,10481.476269869316,16763.0667868295
2026-04-02 00:20:00+00:00,16731.018388110886,14667.2552825749,13861.73712302695,15989.088224677622,18589.413498661495,10481.476269869316,16753.0667868295
2026-04-02 00:25:00+00:00,16739.030461334703,14667.2552825749,13861.73712302695,15989.088224677622,18597.41003976853,10481.476269869316,16761.078860053316
2026-04-02 00:30:00+00:00,16747.044366993494,14667.2552825749,13861.73712302695,15989.088224677622,18605.41338665344,10481.476269869316,16769.092765712106
2026-04-02 00:35:00+00:00,16737.044366993494,14657.2552825749,13861.73712302695,15979.088224677622,18595.41338665344,10481.476269869316,16759.092765712106
2026-04-02 00:40:00+00:00,16745.035128580566,14657.2552825749,13869.730753637927,15987.081855288601,18603.4056955348,10481.476269869316,16767.08352729918
2026-04-02 00:45:00+00:00,16753.03496691724,14657.2552825749,13869.730753637927,15987.081855288601,18611.410289266998,10481.476269869316,16775.08336563585
2026-04-02 00:50:00+00:00,16743.03496691724,14657.2552825749,13869.730753637927,15987.081855288601,18619.410574698526,10489.476555300846,16765.08336563585
2026-04-02 00:55:00+00:00,16733.03496691724,14657.2552825749,13869.730753637927,15987.081855288601,18609.410574698526,10479.476555300846,16755.08336563585
2026-04-02 01:00:00+00:00,16740.9544391063,14657.2552825749,13877.639103918102,15994.990205568774,18617.33562017053,10479.476555300846,16763.00283782491
2026-04-02 01:05:00+00:00,16748.928974172155,14657.2552825749,13867.639103918102,15994.990205568774,18607.33562017053,10487.453150702087,16770.977372890768
2026-04-02 01:10:00+00:00,16756.94272734988,14657.2552825749,13875.62230426186,16002.973405912533,18615.324974008872,10495.458440115475,16778.991126068493
2026-04-02 01:15:00+00:00,16764.86801379028,14657.2552825749,13883.415837477796,16010.766939128469,18623.187259340022,10495.458440115475,16786.916412508894
2026-04-02 01:20:00+00:00,16772.858869366173,14657.2552825749,13891.295378061319,16018.646479711992,18631.16792152753,10503.461277965156,16794.907268084786
2026-04-02 01:25:00+00:00,16762.858869366173,14657.2552825749,13891.295378061319,16018.646479711992,18621.16792152753,10511.46108916918,16784.907268084786
2026-04-02 01:30:00+00:00,16770.805381752605,14657.2552825749,13899.1544882053,16026.505589855973,18629.031978402894,10511.46108916918,16792.853780471218
2026-04-02 01:35:00+00:00,16760.805381752605,14657.2552825749,13899.1544882053,16026.505589855973,18619.031978402894,10511.46108916918,16782.853780471218
2026-04-02 01:40:00+00:00,16768.75849311057,14657.2552825749,13907.08818731503,16034.439288965703,18626.966075562497,10511.46108916918,16790.806891829183
2026-04-02 01:45:00+00:00,16768.75849311057,14657.2552825749,13907.08818731503,16034.439288965703,18634.972496786817,10519.466797591833,16790.806891829183
2026-04-02 01:50:00+00:00,16776.717491013394,14665.214280477725,13915.014612165056,16042.365713815729,18642.90555702416,10519.466797591833,16798.765889732007
2026-04-02 01:55:00+00:00,16784.697927765483,14673.194717229815,13922.979594953973,16050.330696604644,18650.86466186301,10519.466797591833,16806.746326484095
2026-04-02 02:00:00+00:00,16792.682233659718,14673.194717229815,13930.976714522036,16058.327816172708,18658.84114825222,10519.466797591833,16814.73063237833
2026-04-02 02:05:00+00:00,16782.682233659718,14663.194717229815,13930.976714522036,16048.327816172708,18648.84114825222,10527.467266892367,16804.73063237833
2026-04-02 02:10:00+00:00,16790.661586851224,14671.174070421319,13938.88046949116,16056.23157114183,18656.816819760737,10527.467266892367,16812.709985569832
2026-04-02 02:15:00+00:00,16798.663545489886,14679.176073691771,13946.86372448707,16064.214826137742,18664.81729599079,10527.467266892367,16820.711944208495
2026-04-02 02:20:00+00:00,16806.64279680273,14687.155325004618,13954.84361390435,16072.194715555022,18672.792855942695,10527.467266892367,16828.691195521344
2026-04-02 02:25:00+00:00,16796.64279680273,14687.155325004618,13954.84361390435,16072.194715555022,18662.792855942695,10517.467266892367,16818.691195521344
2026-04-02 02:30:00+00:00,16804.6335591651,14695.146087366986,13954.84361390435,16080.18547791739,18670.78102120039,10517.467266892367,16826.68195788371
2026-04-02 02:35:00+00:00,16794.6335591651,14695.146087366986,13954.84361390435,16080.18547791739,18660.78102120039,10525.472815454175,16816.68195788371
2026-04-02 02:40:00+00:00,16784.6335591651,14695.146087366986,13954.84361390435,16080.18547791739,18650.78102120039,10533.456148145422,16806.68195788371
2026-04-02 02:45:00+00:00,16792.604453929787,14695.146087366986,13962.797240611037,16088.139104624077,18658.75027406148,10533.456148145422,16814.652852648396
2026-04-02 02:50:00+00:00,16800.599682694894,14703.141379443721,13962.797240611037,16096.134333389185,18666.743400057298,10533.456148145422,16822.648081413507
2026-04-02 02:55:00+00:00,16790.599682694894,14693.141379443721,13962.797240611037,16086.134333389185,18656.743400057298,10533.456148145422,16812.648081413507
2026-04-02 03:00:00+00:00,16798.593735666876,14693.141379443721,13962.797240611037,16086.134333389185,18664.731835025974,10533.456148145422,16820.64213438549
2026-04-02 03:05:00+00:00,16806.59333404225,14693.141379443721,13962.797240611037,16086.134333389185,18672.738152270333,10533.456148145422,16828.64173276086
2026-04-02 03:10:00+00:00,16814.559916119062,14693.141379443721,13970.729702503879,16094.066795282028,18680.698071497438,10533.456148145422,16836.608314837675
2026-04-02 03:15:00+00:00,16804.559916119062,14693.141379443721,13970.729702503879,16094.066795282028,18670.698071497438,10523.456148145422,16826.608314837675
2026-04-02 03:20:00+00:00,16812.54377674145,14701.125240066109,13978.679946205273,16102.01703898342,18678.66316051663,10523.456148145422,16834.592175460064
2026-04-02 03:25:00+00:00,16820.54997576873,14701.125240066109,13978.679946205273,16102.01703898342,18686.668682620468,10523.456148145422,16842.598374487337
2026-04-02 03:30:00+00:00,16828.551290635034,14709.126554932414,13978.679946205273,16110.018353849726,18694.666845698426,10523.456148145422,16850.599689353643
2026-04-02 03:35:00+00:00,16836.56645094532,14709.126554932414,13978.679946205273,16110.018353849726,18702.67238748393,10531.457993260854,16858.614849663933
2026-04-02 03:40:00+00:00,16844.56751517047,14709.126554932414,13986.578532664511,16117.916940308965,18710.614058779604,10531.457993260854,16866.615913889083
2026-04-02 03:45:00+00:00,16852.55987735761,14717.118917119551,13994.555023281717,16125.893430926171,18718.617240433865,10531.457993260854,16874.608276076222
2026-04-02 03:50:00+00:00,16860.555866543382,14717.118917119551,14002.52704173213,16133.865449376584,18726.605769717033,10531.457993260854,16882.604265261994
2026-04-02 03:55:00+00:00,16850.555866543382,14717.118917119551,14002.52704173213,16133.865449376584,18734.605414088197,10531.457993260854,16872.604265261994
2026-04-02 04:00:00+00:00,16840.555866543382,14717.118917119551,14002.52704173213,16133.865449376584,18724.605414088197,10531.457993260854,16862.604265261994
2026-04-02 04:05:00+00:00,16848.55674445589,14717.118917119551,14002.52704173213,16133.865449376584,18732.61156904151,10531.457993260854,16870.6051431745
2026-04-02 04:10:00+00:00,16856.560720659756,14717.118917119551,14010.50500585304,16141.843413497496,18740.6122615719,10531.457993260854,16878.609119378365
2026-04-02 04:15:00+00:00,16846.560720659756,14717.118917119551,14010.50500585304,16141.843413497496,18748.617091683678,10521.457993260854,16868.609119378365
2026-04-02 04:20:00+00:00,16854.536400998655,14725.09459745845,14018.474280285573,16149.812687930029,18756.588741513537,10521.457993260854,16876.584799717268
2026-04-02 04:25:00+00:00,16844.536400998655,14715.09459745845,14018.474280285573,16139.812687930029,18746.588741513537,10521.457993260854,16866.584799717268
2026-04-02 04:30:00+00:00,16834.536400998655,14705.09459745845,14018.474280285573,16129.812687930029,18736.588741513537,10521.457993260854,16856.584799717268
2026-04-02 04:35:00+00:00,16842.53270448686,14713.090900946658,14026.455489522848,16137.793897167303,18744.581722682487,10521.457993260854,16864.581103205473
2026-04-02 04:40:00+00:00,16832.53270448686,14703.090900946658,14026.455489522848,16127.793897167303,18734.581722682487,10521.457993260854,16854.581103205473
2026-04-02 04:45:00+00:00,16840.518101713995,14703.090900946658,14034.441153411346,16135.7795610558,18742.56713800295,10521.457993260854,16862.566500432607
2026-04-02 04:50:00+00:00,16848.526570920265,14711.09937015293,14034.441153411346,16143.788030262072,18750.568751920146,10521.457993260854,16870.574969638878
2026-04-02 04:55:00+00:00,16856.534211041184,14711.09937015293,14034.441153411346,16143.788030262072,18758.572987594176,10529.450472626908,16878.582609759796
2026-04-02 05:00:00+00:00,16864.51799900585,14719.083158117595,14042.39028328168,16151.737160132405,18766.536147064995,10529.450472626908,16886.566397724462
2026-04-02 05:05:00+00:00,16872.477148638645,14719.083158117595,14050.349677911148,16159.6963097652,18774.495541694465,10529.450472626908,16894.525547357258
2026-04-02 05:10:00+00:00,16880.452114190608,14727.058123669556,14058.331155581793,16167.677787435845,18782.466408869368,10529.450472626908,16902.500512909217
2026-04-02 05:15:00+00:00,16888.454863467094,14727.058123669556,14058.331155581793,16167.677787435845,18790.467702172562,10529.450472626908,16910.503262185703
2026-04-02 05:20:00+00:00,16896.436776411585,14735.04003661405,14066.289514638223,16175.636146492276,18798.446176637364,10529.450472626908,16918.485175130198
2026-04-02 05:25:00+00:00,16904.444774365467,14735.04003661405,14066.289514638223,16175.636146492276,18806.444665062336,10529.450472626908,16926.49317308408
2026-04-02 05:30:00+00:00,16912.459715440637,14735.04003661405,14066.289514638223,16175.636146492276,18814.444111934336,10529.450472626908,16934.508114159245
2026-04-02 05:35:00+00:00,16920.46789546689,14735.04003661405,14056.289514638223,16175.636146492276,18804.444111934336,10529.450472626908,16942.5162941855
2026-04-02 05:40:00+00:00,16928.456550058854,14735.04003661405,14064.242862398785,16183.589494252836,18812.425216996788,10529.450472626908,16950.504948777467
2026-04-02 05:45:00+00:00,16936.45796181422,14743.041448369413,14072.217293015292,16191.563924869344,18820.415914504636,10529.450472626908,16958.506360532832
2026-04-02 05:50:00+00:00,16944.471718761073,14743.041448369413,14072.217293015292,16191.563924869344,18828.420039725654,10529.450472626908,16966.520117479686
2026-04-02 05:55:00+00:00,16952.45066061646,14743.041448369413,14080.197730678803,16199.544362532855,18836.397527608766,10529.450472626908,16974.499059335074
2026-04-02 06:00:00+00:00,16942.45066061646,14751.050817649697,14080.197730678803,16199.544362532855,18836.397527608766,10529.450472626908,16964.499059335074
2026-04-02 06:05:00+00:00,16932.45066061646,14759.06196644788,14080.197730678803,16199.544362532855,18844.39811457527,10529.450472626908,16954.499059335074
2026-04-02 06:10:00+00:00,16940.4633478509,14759.06196644788,14080.197730678803,16199.544362532855,18844.39811457527,10529.450472626908,16962.511746569508
2026-04-02 06:15:00+00:00,16948.43187028374,14767.030488880722,14088.152889925665,16207.499521779717,18852.36331943502,10529.450472626908,16970.48026900235
2026-04-02 06:20:00+00:00,16956.411500886534,14775.010119483517,14096.118537033602,16215.465168887653,18860.32504128846,10529.450472626908,16978.459899605146
2026-04-02 06:25:00+00:00,16964.42573171543,14775.010119483517,14096.118537033602,16215.465168887653,18868.304581804186,10529.450472626908,16986.474130434042
2026-04-02 06:30:00+00:00,16972.421371177603,14783.005758945688,14104.10143130782,16223.44806316187,18876.29808825066,10529.450472626908,16994.46976989621
2026-04-02 06:35:00+00:00,16980.415587669097,14791.000041557327,14104.10143130782,16231.442279653365,18884.29010870533,10529.450472626908,17002.46398638771
2026-04-02 06:40:00+00:00,16970.415587669097,14781.000041557327,14104.10143130782,16221.442279653365,18884.29010870533,10529.450472626908,16992.46398638771
2026-04-02 06:45:00+00:00,16978.40979070496,14781.000041557327,14112.102340802317,16229.443189147863,18892.282042011087,10529.450472626908,17000.458189423574
2026-04-02 06:50:00+00:00,16968.40979070496,14771.000041557327,14112.102340802317,16219.443189147863,18900.263806327916,10529.450472626908,16990.458189423574
2026-04-02 06:55:00+00:00,16976.419714845273,14779.009965697642,14112.102340802317,16227.453113288178,18908.264962970265,10529.450472626908,16998.468113563886
2026-04-02 07:00:00+00:00,16966.419714845273,14779.009965697642,14112.102340802317,16227.453113288178,18898.264962970265,10529.450472626908,16988.468113563886
2026-04-02 07:05:00+00:00,16974.427433683308,14779.009965697642,14112.102340802317,16227.453113288178,18906.26898095526,10529.450472626908,16996.47583240192
2026-04-02 07:10:00+00:00,16982.4094637126,14786.991995726934,14120.07858857216,16235.429361058019,18914.24621846673,10529.450472626908,17004.457862431213
2026-04-02 07:15:00+00:00,16990.381624936635,14786.991995726934,14128.030331683114,16243.381104168973,18922.20493532578,10529.450472626908,17012.430023655244
2026-04-02 07:20:00+00:00,16998.389113203277,14794.999483993575,14128.030331683114,16251.388592435615,18930.211053375853,10529.450472626908,17020.43751192189
2026-04-02 07:25:00+00:00,17006.38887529238,14802.99924608268,14128.030331683114,16259.388354524719,18938.20973765243,10529.450472626908,17028.43727401099
2026-04-02 07:30:00+00:00,17014.38970471007,14802.99924608268,14135.997901230268,16267.355924071875,18946.184166485607,10529.450472626908,17036.438103428678
2026-04-02 07:35:00+00:00,17022.384102699372,14810.993644071985,14143.992937933795,16275.3509607754,18954.176067325476,10529.450472626908,17044.432501417985
2026-04-02 07:40:00+00:00,17030.390951979767,14810.993644071985,14143.992937933795,16275.3509607754,18962.178809863883,10529.450472626908,17052.439350698376
2026-04-02 07:45:00+00:00,17038.39209274013,14810.993644071985,14143.992937933795,16275.3509607754,18970.185924570287,10529.450472626908,17060.440491458743
2026-04-02 07:50:00+00:00,17046.392787350487,14810.993644071985,14143.992937933795,16275.3509607754,18978.18265849064,10529.450472626908,17068.4411860691
2026-04-02 07:55:00+00:00,17054.403598459656,14810.993644071985,14143.992937933795,16275.3509607754,18986.18538935666,10529.450472626908,17076.45199717827
2026-04-02 08:00:00+00:00,17062.390700080054,14810.993644071985,14151.949606747225,16283.307629588831,18994.15199440429,10529.450472626908,17084.439098798663
2026-04-02 08:05:00+00:00,17052.390700080054,14800.993644071985,14151.949606747225,16273.307629588831,18994.15199440429,10529.450472626908,17074.439098798663
2026-04-02 08:10:00+00:00,17042.390700080054,14800.993644071985,14151.949606747225,16273.307629588831,18984.15199440429,10529.450472626908,17064.439098798663
2026-04-02 08:15:00+00:00,17050.393699173037,14800.993644071985,14151.949606747225,16273.307629588831,18992.153561323805,10529.450472626908,17072.44209789165
2026-04-02 08:20:00+00:00,17058.39482672774,14808.994771626687,14159.94024185277,16281.298264694375,19000.131473890324,10529.450472626908,17080.443225446354
2026-04-02 08:25:00+00:00,17048.39482672774,14808.994771626687,14159.94024185277,16281.298264694375,19008.12076403873,10529.450472626908,17070.443225446354
2026-04-02 08:30:00+00:00,17056.41108118747,14817.011030991536,14159.94024185277,16289.314519154108,19016.12461246267,10529.450472626908,17078.459479906083
2026-04-02 08:35:00+00:00,17064.388657520052,14824.988607324118,14167.888278384999,16297.262555686335,19024.077074074106,10529.450472626908,17086.437056238665
2026-04-02 08:40:00+00:00,17072.3894681592,14824.988607324118,14167.888278384999,16297.262555686335,19032.073897958155,10529.450472626908,17094.43786687781
2026-04-02 08:45:00+00:00,17062.3894681592,14814.988607324118,14167.888278384999,16287.262555686335,19022.073897958155,10529.450472626908,17084.43786687781
2026-04-02 08:50:00+00:00,17052.3894681592,14814.988607324118,14167.888278384999,16287.262555686335,19030.072408514185,10529.450472626908,17074.43786687781
2026-04-02 08:55:00+00:00,17060.404627756678,14814.988607324118,14167.888278384999,16287.262555686335,19038.077591993642,10529.450472626908,17082.45302647529
2026-04-02 09:00:00+00:00,17068.404900451478,14814.988607324118,14167.888278384999,16287.262555686335,19046.078969401842,10537.44958315703,17090.45329917009
2026-04-02 09:05:00+00:00,17076.40158305301,14814.988607324118,14167.888278384999,16287.262555686335,19054.08099628901,10537.44958315703,17098.44998177162
2026-04-02 09:10:00+00:00,17084.36934830723,14814.988607324118,14167.888278384999,16287.262555686335,19062.083277844722,10537.44958315703,17106.417747025844
2026-04-02 09:15:00+00:00,17092.380513220094,14814.988607324118,14167.888278384999,16287.262555686335,19070.07923593346,10545.455663067733,17114.428911938703
2026-04-02 09:20:00+00:00,17100.371429876504,14822.979523980532,14175.876172000422,16295.250449301762,19078.063760451092,10545.455663067733,17122.419828595117
2026-04-02 09:25:00+00:00,17108.34984930456,14822.979523980532,14183.839209182071,16303.213486483412,19086.02921783494,10545.455663067733,17130.39824802317
2026-04-02 09:30:00+00:00,17116.35590891576,14830.985583591733,14183.839209182071,16311.219546094611,19094.03323065544,10545.455663067733,17138.404307634373
2026-04-02 09:35:00+00:00,17106.35590891576,14830.985583591733,14183.839209182071,16311.219546094611,19094.03323065544,10545.455663067733,17128.404307634373
2026-04-02 09:40:00+00:00,17114.36932361289,14830.985583591733,14183.839209182071,16311.219546094611,19102.026972656924,10553.46011387467,17136.417722331502
2026-04-02 09:45:00+00:00,17122.370118335,14830.985583591733,14183.839209182071,16311.219546094611,19110.026272034258,10553.46011387467,17144.41851705361
2026-04-02 09:50:00+00:00,17112.370118335,14830.985583591733,14183.839209182071,16311.219546094611,19110.026272034258,10553.46011387467,17134.41851705361
2026-04-02 09:55:00+00:00,17120.37333362832,14830.985583591733,14183.839209182071,16311.219546094611,19118.03273142487,10553.46011387467,17142.421732346927
2026-04-02 10:00:00+00:00,17128.37513589755,14838.993002972362,14183.839209182071,16319.221348363844,19126.03259835577,10543.46011387467,17150.423534616162
2026-04-02 10:05:00+00:00,17136.37551556439,14846.996402099749,14183.839209182071,16327.221728030683,19134.038868971933,10543.46011387467,17158.423914283
2026-04-02 10:10:00+00:00,17126.37551556439,14846.996402099749,14183.839209182071,16327.221728030683,19134.038868971933,10543.46011387467,17148.423914283
2026-04-02 10:15:00+00:00,17134.386942090743,14855.007828626101,14183.839209182071,16335.233154557038,19142.02852535058,10543.46011387467,17156.435340809356
2026-04-02 10:20:00+00:00,17142.398263999785,14855.007828626101,14183.839209182071,16335.233154557038,19142.02852535058,10543.46011387467,17164.446662718397
2026-04-02 10:25:00+00:00,17150.40653861041,14863.016103236725,14183.839209182071,16343.241429167661,19142.02852535058,10543.46011387467,17172.45493732902
2026-04-02 10:30:00+00:00,17158.407851076347,14871.017415702663,14183.839209182071,16351.2427416336,19150.028244973473,10543.46011387467,17180.45624979496
2026-04-02 10:35:00+00:00,17148.407851076347,14871.017415702663,14183.839209182071,16351.2427416336,19150.028244973473,10543.46011387467,17170.45624979496
2026-04-02 10:40:00+00:00,17156.410191198054,14871.017415702663,14191.79791762024,16359.201450071767,19157.99459755671,10543.46011387467,17178.458589916667
2026-04-02 10:45:00+00:00,17164.406100396285,14879.013324900894,14191.79791762024,16367.197359269998,19166.001371618913,10543.46011387467,17186.454499114898
2026-04-02 10:50:00+00:00,17154.406100396285,14879.013324900894,14191.79791762024,16367.197359269998,19156.001371618913,10543.46011387467,17176.454499114898
2026-04-02 10:55:00+00:00,17162.418345732425,14879.013324900894,14191.79791762024,16367.197359269998,19156.001371618913,10543.46011387467,17184.466744451034
2026-04-02 11:00:00+00:00,17152.418345732425,14879.013324900894,14191.79791762024,16367.197359269998,19146.001371618913,10533.46011387467,17174.466744451034
2026-04-02 11:05:00+00:00,17160.415535365442,14887.010514533915,14191.79791762024,16375.194548903019,19153.9965758034,10533.46011387467,17182.463934084055
2026-04-02 11:10:00+00:00,17168.40341793126,14894.998397099727,14199.773718969034,16383.170350251814,19161.981587362417,10533.46011387467,17190.451816649867
2026-04-02 11:15:00+00:00,17176.40120224843,14902.996181416904,14199.773718969034,16391.16813456899,19169.97744284892,10533.46011387467,17198.449600967044
2026-04-02 11:20:00+00:00,17184.402259988354,14902.996181416904,14199.773718969034,16391.16813456899,19177.97857133809,10533.46011387467,17206.450658706966
2026-04-02 11:25:00+00:00,17192.409048799236,14911.002970227788,14199.773718969034,16399.174923379873,19185.984289107975,10533.46011387467,17214.45744751785
2026-04-02 11:30:00+00:00,17200.41597521447,14919.009896643018,14199.773718969034,16407.181849795103,19193.99015759804,10533.46011387467,17222.46437393308
2026-04-02 11:35:00+00:00,17208.43026743404,14919.009896643018,14199.773718969034,16407.181849795103,19201.99569363895,10541.450787686072,17230.478666152652
2026-04-02 11:40:00+00:00,17216.435547435467,14919.009896643018,14199.773718969034,16407.181849795103,19210.00067542558,10541.450787686072,17238.48394615408
2026-04-02 11:45:00+00:00,17206.435547435467,14919.009896643018,14199.773718969034,16407.181849795103,19210.00067542558,10541.450787686072,17228.48394615408
2026-04-02 11:50:00+00:00,17214.451151693305,14919.009896643018,14199.773718969034,16407.181849795103,19218.00726325595,10549.454428003855,17236.499550411918
2026-04-02 11:55:00+00:00,17222.4534314544,14927.012176404112,14199.773718969034,16415.184129556197,19226.005727445627,10549.454428003855,17244.501830173012
2026-04-02 12:00:00+00:00,17230.435265332926,14934.994010282637,14207.772023033629,16423.182433620794,19233.996184641048,10549.454428003855,17252.483664051535
2026-04-02 12:05:00+00:00,17220.435265332926,14924.994010282637,14207.772023033629,16413.182433620794,19223.996184641048,10557.45481703029,17242.483664051535
2026-04-02 12:10:00+00:00,17210.435265332926,14924.994010282637,14215.753815566986,16413.182433620794,19232.000621109164,10565.459253498406,17232.483664051535
2026-04-02 12:15:00+00:00,17218.4225889224,14932.98133387211,14223.711593160435,16421.14021121424,19239.973492355704,10565.459253498406,17240.470987641012
2026-04-02 12:20:00+00:00,17208.4225889224,14932.98133387211,14213.711593160435,16411.14021121424,19229.973492355704,10573.461742641344,17230.470987641012
2026-04-02 12:25:00+00:00,17198.4225889224,14932.98133387211,14213.711593160435,16411.14021121424,19237.977210984598,10573.461742641344,17220.470987641012
2026-04-02 12:30:00+00:00,17188.4225889224,14932.98133387211,14213.711593160435,16411.14021121424,19237.977210984598,10573.461742641344,17210.470987641012
2026-04-02 12:35:00+00:00,17196.425455199686,14932.98133387211,14213.711593160435,16411.14021121424,19245.97863243508,10573.461742641344,17218.473853918298
2026-04-02 12:40:00+00:00,17204.431470059582,14932.98133387211,14213.711593160435,16411.14021121424,19253.980639320383,10573.461742641344,17226.479868778195
2026-04-02 12:45:00+00:00,17212.43508526295,14932.98133387211,14213.711593160435,16411.14021121424,19261.97953690123,10573.461742641344,17234.483483981563
2026-04-02 12:50:00+00:00,17220.445393425758,14932.98133387211,14213.711593160435,16411.14021121424,19269.98066052911,10573.461742641344,17242.49379214437
2026-04-02 12:55:00+00:00,17228.460810732726,14932.98133387211,14213.711593160435,16411.14021121424,19277.98498687528,10573.461742641344,17250.50920945134
2026-04-02 13:00:00+00:00,17218.460810732726,14922.98133387211,14221.701374255752,16401.14021121424,19267.98498687528,10581.459488786284,17240.50920945134
2026-04-02 13:05:00+00:00,17226.423191595757,14922.98133387211,14229.66828888769,16409.107125846178,19275.94774507115,10581.459488786284,17248.47159031437
2026-04-02 13:10:00+00:00,17234.424351645277,14930.98249392163,14229.66828888769,16417.108285895698,19283.946019385243,10581.459488786284,17256.47275036389
2026-04-02 13:15:00+00:00,17242.4041165337,14930.98249392163,14229.66828888769,16417.108285895698,19291.9439355847,10581.459488786284,17264.452515252313
2026-04-02 13:20:00+00:00,17250.395601619075,14938.973979007005,14237.663553168506,16425.103550176515,19299.92637038425,10581.459488786284,17272.444000337688
2026-04-02 13:25:00+00:00,17258.38513328974,14938.973979007005,14245.647127796732,16433.08712480474,19307.922790894412,10581.459488786284,17280.43353200835
2026-04-02 13:30:00+00:00,17266.374706790906,14938.973979007005,14253.573060032915,16441.013057040924,19315.869032392206,10581.459488786284,17288.423105509515
2026-04-02 13:35:00+00:00,17256.374706790906,14938.973979007005,14253.573060032915,16441.013057040924,19323.850568314898,10571.459488786284,17278.423105509515
2026-04-02 13:40:00+00:00,17264.356564833208,14938.973979007005,14253.573060032915,16441.013057040924,19331.856297058606,10571.459488786284,17286.40496355182
2026-04-02 13:45:00+00:00,17272.33969998076,14938.973979007005,14261.522343751387,16448.962340759394,19339.815835784168,10571.459488786284,17294.388098699368
2026-04-02 13:50:00+00:00,17280.315665438495,14938.973979007005,14269.493258641816,16456.933255649823,19347.795726092016,10571.459488786284,17302.364064157107
2026-04-02 13:55:00+00:00,17288.295204017264,14938.973979007005,14277.472303145169,16464.912300153177,19355.800948999087,10571.459488786284,17310.343602735877
2026-04-02 14:00:00+00:00,17296.290815211123,14938.973979007005,14277.472303145169,16464.912300153177,19363.80229594939,10571.459488786284,17318.339213929736
2026-04-02 14:05:00+00:00,17304.254803915417,14938.973979007005,14285.450551358517,16472.890548366522,19371.76114478852,10571.459488786284,17326.30320263403
2026-04-02 14:10:00+00:00,17312.243489251814,14946.962664343402,14293.43832112737,16480.87831813538,19379.74703546123,10571.459488786284,17334.291887970423
2026-04-02 14:15:00+00:00,17302.243489251814,14946.962664343402,14301.422145519133,16480.87831813538,19387.730859852993,10571.459488786284,17324.291887970423
2026-04-02 14:20:00+00:00,17310.214373781386,14954.933548872974,14309.367998643662,16488.824171259912,19395.69725863226,10571.459488786284,17332.2627725
2026-04-02 14:25:00+00:00,17318.208426904468,14962.927668569431,14309.367998643662,16496.818224382994,19403.68910066737,10571.459488786284,17340.25682562308
2026-04-02 14:30:00+00:00,17326.195506400694,14970.914748065657,14317.24643276706,16504.69665850639,19411.67323279276,10571.459488786284,17348.243905119307
2026-04-02 14:35:00+00:00,17334.097558952508,14970.914748065657,14325.063103727753,16512.51332946708,19419.4755721443,10571.459488786284,17356.14595767112
2026-04-02 14:40:00+00:00,17324.097558952508,14970.914748065657,14315.063103727753,16502.51332946708,19409.4755721443,10579.464334153496,17346.14595767112
2026-04-02 14:45:00+00:00,17332.043306735963,14978.860495849112,14322.985571286623,16510.43579702595,19417.397519950682,10579.464334153496,17354.09170545457
2026-04-02 14:50:00+00:00,17340.055090622107,14978.860495849112,14330.955450661466,16518.4056764008,19425.397037402814,10587.470850793068,17362.10348934072
2026-04-02 14:55:00+00:00,17348.036258620585,14978.860495849112,14338.946467341972,16526.3966930813,19433.390796226635,10587.470850793068,17370.084657339197
2026-04-02 15:00:00+00:00,17356.015836880815,14978.860495849112,14346.89747346328,16534.34769920261,19441.363473938705,10587.470850793068,17378.064235599428
2026-04-02 15:05:00+00:00,17346.015836880815,14978.860495849112,14336.89747346328,16524.34769920261,19431.363473938705,10587.470850793068,17368.064235599428
2026-04-02 15:10:00+00:00,17353.99476035803,14978.860495849112,14344.849556538125,16532.299782277456,19439.328267970246,10587.470850793068,17376.043159076642
2026-04-02 15:15:00+00:00,17361.98528122289,14978.860495849112,14344.849556538125,16532.299782277456,19447.32030877802,10587.470850793068,17384.0336799415
2026-04-02 15:20:00+00:00,17351.98528122289,14978.860495849112,14352.809292483314,16532.299782277456,19455.280106859318,10587.470850793068,17374.0336799415
2026-04-02 15:25:00+00:00,17360.0005169456,14978.860495849112,14352.809292483314,16532.299782277456,19463.284447572154,10595.475191505906,17382.048915664214
2026-04-02 15:30:00+00:00,17367.98021361687,14986.84019252038,14360.784351516475,16540.274841310613,19471.262752947638,10595.475191505906,17390.02861233548
2026-04-02 15:35:00+00:00,17375.95599263483,14994.815971538339,14368.714385616327,16548.204875410465,19479.190335234183,10595.475191505906,17398.00439135344
2026-04-02 15:40:00+00:00,17365.95599263483,14984.815971538339,14358.714385616327,16538.204875410465,19469.190335234183,10595.475191505906,17388.00439135344
2026-04-02 15:45:00+00:00,17373.959806722498,14984.815971538339,14358.714385616327,16538.204875410465,19477.18863013816,10595.475191505906,17396.00820544111
2026-04-02 15:50:00+00:00,17381.96782200709,14984.815971538339,14358.714385616327,16538.204875410465,19467.18863013816,10595.475191505906,17404.0162207257
2026-04-02 15:55:00+00:00,17371.96782200709,14974.815971538339,14348.714385616327,16528.204875410465,19457.18863013816,10595.475191505906,17394.0162207257
2026-04-02 16:00:00+00:00,17361.96782200709,14974.815971538339,14348.714385616327,16528.204875410465,19447.18863013816,10585.475191505906,17384.0162207257
2026-04-02 16:05:00+00:00,17369.946522888822,14974.815971538339,14348.714385616327,16528.204875410465,19455.18917073623,10585.475191505906,17391.994921607435
2026-04-02 16:10:00+00:00,17359.946522888822,14974.815971538339,14348.714385616327,16528.204875410465,19445.18917073623,10585.475191505906,17381.994921607435
2026-04-02 16:15:00+00:00,17349.946522888822,14974.815971538339,14348.714385616327,16528.204875410465,19435.18917073623,10585.475191505906,17371.994921607435
2026-04-02 16:20:00+00:00,17339.946522888822,14974.815971538339,14348.714385616327,16528.204875410465,19425.18917073623,10575.475191505906,17361.994921607435
2026-04-02 16:25:00+00:00,17347.958429920654,14974.815971538339,14348.714385616327,16528.204875410465,19433.1960259895,10583.480887985426,17370.006828639263
2026-04-02 16:30:00+00:00,17355.9642634087,14974.815971538339,14356.672978794826,16536.163468588966,19441.17326407658,10583.480887985426,17378.012662127312
2026-04-02 16:35:00+00:00,17363.96442821469,14974.815971538339,14364.634714434764,16544.125204228905,19449.13465089818,10573.480887985426,17386.012826933304
2026-04-02 16:40:00+00:00,17363.96442821469,14974.815971538339,14372.613167922686,16544.125204228905,19457.128142124224,10573.480887985426,17393.991280421225
2026-04-02 16:45:00+00:00,17353.96442821469,14974.815971538339,14372.613167922686,16544.125204228905,19447.128142124224,10581.470730689003,17383.991280421225
2026-04-02 16:50:00+00:00,17343.96442821469,14974.815971538339,14372.613167922686,16544.125204228905,19455.13496661713,10581.470730689003,17373.991280421225
2026-04-02 16:55:00+00:00,17351.962076161733,14982.81361948538,14372.613167922686,16552.122852175944,19463.13139392787,10581.470730689003,17381.988928368264
2026-04-02 17:00:00+00:00,17359.914578655582,14990.766121979228,14380.513784547802,16560.02346880106,19471.067692361168,10581.470730689003,17389.941430862116
2026-04-02 17:05:00+00:00,17367.920629355616,14990.766121979228,14380.513784547802,16560.02346880106,19479.072601670538,10581.470730689003,17397.94748156215
2026-04-02 17:10:00+00:00,17375.904078215448,14998.749570839062,14388.464206899214,16567.973891152473,19487.052758015325,10581.470730689003,17405.930930421982
2026-04-02 17:15:00+00:00,17383.85834903178,15006.703841655391,14396.408904192354,16575.918588445613,19495.000968102104,10581.470730689003,17413.885201238314
2026-04-02 17:20:00+00:00,17373.85834903178,15006.703841655391,14396.408904192354,16575.918588445613,19503.00300887783,10571.470730689003,17403.885201238314
2026-04-02 17:25:00+00:00,17381.85135215035,15006.703841655391,14396.408904192354,16575.918588445613,19510.993628080443,10571.470730689003,17411.87820435688
2026-04-02 17:30:00+00:00,17389.86631638993,15006.703841655391,14396.408904192354,16575.918588445613,19518.98461009009,10571.470730689003,17419.893168596464
2026-04-02 17:35:00+00:00,17397.875958786273,15006.703841655391,14396.408904192354,16575.918588445613,19526.990234759323,10571.470730689003,17427.902810992804
2026-04-02 17:40:00+00:00,17405.884925850733,15006.703841655391,14396.408904192354,16575.918588445613,19534.992095797432,10571.470730689003,17435.911778057267
2026-04-02 17:45:00+00:00,17413.88451200917,15006.703841655391,14404.385166007578,16583.894850260836,19542.965693557533,10571.470730689003,17443.911364215703
2026-04-02 17:50:00+00:00,17403.88451200917,14996.703841655391,14394.385166007578,16573.894850260836,19532.965693557533,10571.470730689003,17433.911364215703
2026-04-02 17:55:00+00:00,17411.826401044666,14996.703841655391,14402.327371569665,16581.83673929633,19540.907899119622,10571.470730689003,17441.853253251196
2026-04-02 18:00:00+00:00,17401.826401044666,14986.703841655391,14402.327371569665,16571.83673929633,19530.907899119622,10571.470730689003,17431.853253251196
2026-04-02 18:05:00+00:00,17409.816643161896,14994.694083772622,14410.277440453774,16579.78680818044,19538.895494643682,10571.470730689003,17439.843495368426
2026-04-02 18:10:00+00:00,17399.816643161896,14994.694083772622,14410.277440453774,16579.78680818044,19528.895494643682,10571.470730689003,17429.843495368426
2026-04-02 18:15:00+00:00,17407.817528132335,15002.694968743064,14418.25122744633,16587.760595172997,19536.894746052727,10571.470730689003,17437.84438033887
2026-04-02 18:20:00+00:00,17415.831096628244,15010.70854961292,14418.25122744633,16595.774163668902,19544.872410635453,10571.470730689003,17445.85794883478
2026-04-02 18:25:00+00:00,17423.821685557312,15010.70854961292,14418.25122744633,16595.774163668902,19552.8631139177,10571.470730689003,17453.848537763846
2026-04-02 18:30:00+00:00,17431.82663632719,15018.713500382799,14418.25122744633,16603.77911443878,19560.86681847384,10571.470730689003,17461.853488533725
2026-04-02 18:35:00+00:00,17439.831689940023,15026.718553995634,14418.25122744633,16611.784168051614,19568.870635673247,10571.470730689003,17469.858542146558
2026-04-02 18:40:00+00:00,17447.82833078628,15034.715254235216,14426.233318761555,16619.766259366843,19576.8653038739,10571.470730689003,17477.85518299281
2026-04-02 18:45:00+00:00,17455.8152649897,15042.702188438638,14434.219093830441,16627.752034435725,19584.849276891364,10571.470730689003,17485.842117196233
2026-04-02 18:50:00+00:00,17463.797822764238,15050.684746213177,14442.173493109964,16635.706433715248,19592.82845746384,10571.470730689003,17493.824674970772
2026-04-02 18:55:00+00:00,17471.80465936944,15058.69158281838,14442.173493109964,16643.71327032045,19600.83422758356,10571.470730689003,17501.831511575976
2026-04-02 19:00:00+00:00,17461.80465936944,15048.69158281838,14442.173493109964,16633.71327032045,19590.83422758356,10571.470730689003,17491.831511575976
2026-04-02 19:05:00+00:00,17469.814270541658,15048.69158281838,14442.173493109964,16633.71327032045,19590.83422758356,10571.470730689003,17499.841122748192
2026-04-02 19:10:00+00:00,17477.818897423967,15056.696209700689,14442.173493109964,16641.71789720276,19598.837577388404,10571.470730689003,17507.845749630498
2026-04-02 19:15:00+00:00,17485.82638176565,15056.696209700689,14442.173493109964,16641.71789720276,19606.836832627225,10571.470730689003,17515.853233972186
2026-04-02 19:20:00+00:00,17493.81725850028,15064.687086435319,14450.167623254529,16649.712027347327,19614.809797475904,10571.470730689003,17523.844110706814
2026-04-02 19:25:00+00:00,17501.82434547608,15064.687086435319,14450.167623254529,16649.712027347327,19622.813730373244,10571.470730689003,17531.851197682616
2026-04-02 19:30:00+00:00,17509.83723458785,15064.687086435319,14458.135233428504,16657.6796375213,19630.804999471988,10571.470730689003,17539.864086794383
2026-04-02 19:35:00+00:00,17499.83723458785,15064.687086435319,14458.135233428504,16657.6796375213,19620.804999471988,10561.470730689003,17529.864086794383
2026-04-02 19:40:00+00:00,17507.828630193108,15064.687086435319,14458.135233428504,16657.6796375213,19628.80206592258,10561.470730689003,17537.855482399642
2026-04-02 19:45:00+00:00,17497.828630193108,15064.687086435319,14458.135233428504,16657.6796375213,19636.80139057726,10561.470730689003,17527.855482399642
2026-04-02 19:50:00+00:00,17497.828630193108,15072.669126780473,14466.110545641266,16665.654949734064,19644.783429020332,10561.470730689003,17535.837522744798
2026-04-02 19:55:00+00:00,17505.83300107822,15072.669126780473,14466.110545641266,16665.654949734064,19652.78610676462,10569.47097849957,17543.841893629906
2026-04-02 20:00:00+00:00,17513.794067484152,15080.630193186404,14474.046495056024,16673.590899148825,19660.727766886295,10569.47097849957,17551.80296003584
2026-04-02 20:05:00+00:00,17521.804435667444,15088.640582639824,14474.046495056024,16681.601267332117,19668.713529668596,10569.47097849957,17559.813328219134
2026-04-02 20:10:00+00:00,17529.81448047803,15096.65062745041,14474.046495056024,16689.611312142704,19668.713529668596,10569.47097849957,17567.823373029718
2026-04-02 20:15:00+00:00,17537.809101400002,15104.64524837238,14474.046495056024,16697.605933064675,19676.70592063103,10569.47097849957,17575.81799395169
2026-04-02 20:20:00+00:00,17545.808534233474,15112.644681205855,14482.027287436398,16705.586725445046,19684.695786144937,10569.47097849957,17583.817426785165
2026-04-02 20:25:00+00:00,17535.808534233474,15112.644681205855,14482.027287436398,16705.586725445046,19692.69701073211,10569.47097849957,17573.817426785165
2026-04-02 20:30:00+00:00,17543.81298773005,15112.644681205855,14482.027287436398,16705.586725445046,19700.696108063436,10569.47097849957,17581.821880281736
2026-04-02 20:35:00+00:00,17551.81174611985,15120.643439595657,14490.001201057628,16713.56063906628,19708.685377128142,10569.47097849957,17589.82063867154
2026-04-02 20:40:00+00:00,17559.792384645207,15120.643439595657,14497.978513433292,16721.537951441944,19716.66887009582,10569.47097849957,17597.801277196897
2026-04-02 20:45:00+00:00,17567.794270030387,15128.645324980836,14497.978513433292,16729.539836827124,19724.664460312364,10569.47097849957,17605.803162582077
2026-04-02 20:50:00+00:00,17575.80566162087,15128.645324980836,14497.978513433292,16729.539836827124,19732.66666773503,10569.47097849957,17613.81455417256
2026-04-02 20:55:00+00:00,17583.814831117492,15136.654494477454,14497.978513433292,16737.54900632374,19740.67296463713,10569.47097849957,17621.82372366918
2026-04-02 21:00:00+00:00,17591.822175656474,15136.654494477454,14487.978513433292,16737.54900632374,19730.67296463713,10569.47097849957,17629.831068208165
2026-04-02 21:05:00+00:00,17581.822175656474,15126.654494477454,14487.978513433292,16727.54900632374,19720.67296463713,10569.47097849957,17619.831068208165
2026-04-02 21:10:00+00:00,17589.790211626223,15134.622530447203,14495.943816088151,16735.5143089786,19728.633347896073,10569.47097849957,17627.79910417791
2026-04-02 21:15:00+00:00,17597.79281475122,15134.622530447203,14495.943816088151,16735.5143089786,19736.636006925957,10569.47097849957,17635.80170730291
2026-04-02 21:20:00+00:00,17587.79281475122,15124.622530447203,14495.943816088151,16725.5143089786,19726.636006925957,10569.47097849957,17625.80170730291
2026-04-02 21:25:00+00:00,17595.798137718277,15132.627853414258,14495.943816088151,16733.519631945655,19734.64108120648,10569.47097849957,17633.807030269963
2026-04-02 21:30:00+00:00,17603.80340327418,15132.627853414258,14495.943816088151,16733.519631945655,19742.64572479163,10569.47097849957,17641.81229582587
2026-04-02 21:35:00+00:00,17593.80340327418,15132.627853414258,14495.943816088151,16733.519631945655,19750.64888460169,10569.47097849957,17631.81229582587
2026-04-02 21:40:00+00:00,17601.808230906878,15132.627853414258,14495.943816088151,16733.519631945655,19758.653489796157,10569.47097849957,17639.817123458568
2026-04-02 21:45:00+00:00,17609.81104673533,15140.630669242706,14495.943816088151,16741.522447774103,19766.652662771845,10569.47097849957,17647.819939287016
2026-04-02 21:50:00+00:00,17617.812176076055,15140.630669242706,14503.924776610873,16749.503408296827,19774.655817386505,10569.47097849957,17655.82106862774
2026-04-02 21:55:00+00:00,17625.815605701646,15140.630669242706,14503.924776610873,16749.503408296827,19782.652266000296,10569.47097849957,17663.824498253332
2026-04-02 22:00:00+00:00,17633.820483748426,15140.630669242706,14503.924776610873,16749.503408296827,19790.65625176731,10569.47097849957,17671.829376300113
2026-04-02 22:05:00+00:00,17641.827350325766,15148.637535820046,14503.924776610873,16757.510274874166,19798.65836789756,10569.47097849957,17679.836242877453
2026-04-02 22:10:00+00:00,17631.827350325766,15148.637535820046,14503.924776610873,16757.510274874166,19806.662974537303,10569.47097849957,17669.836242877453
2026-04-02 22:15:00+00:00,17639.812273969328,15156.622459463608,14511.910603556895,16765.496101820187,19814.656922907387,10569.47097849957,17677.821166521015
2026-04-02 22:20:00+00:00,17647.82336158961,15156.622459463608,14511.910603556895,16765.496101820187,19822.661051622556,10569.47097849957,17685.8322541413
2026-04-02 22:25:00+00:00,17637.82336158961,15156.622459463608,14511.910603556895,16765.496101820187,19822.661051622556,10569.47097849957,17675.8322541413
2026-04-02 22:30:00+00:00,17645.82193434828,15156.622459463608,14519.9039068942,16773.489405157492,19830.652936760118,10569.47097849957,17683.830826899968
2026-04-02 22:35:00+00:00,17653.838094649764,15156.622459463608,14519.9039068942,16773.489405157492,19838.649754787217,10569.47097849957,17691.846987201454
2026-04-02 22:40:00+00:00,17661.849317642278,15164.633682456122,14519.9039068942,16781.500628150006,19838.649754787217,10569.47097849957,17699.85821019397
2026-04-02 22:45:00+00:00,17669.842061286043,15172.626426099883,14519.9039068942,16789.493371793767,19846.643591832435,10569.47097849957,17707.85095383773
2026-04-02 22:50:00+00:00,17677.84322179442,15180.627586608263,14519.9039068942,16797.494532302146,19854.64282678118,10569.47097849957,17715.852114346108
2026-04-02 22:55:00+00:00,17667.84322179442,15170.627586608263,14519.9039068942,16787.494532302146,19844.64282678118,10569.47097849957,17705.852114346108
2026-04-02 23:00:00+00:00,17675.836516679214,15170.627586608263,14519.9039068942,16787.494532302146,19852.64268195855,10569.47097849957,17713.845409230904
2026-04-02 23:05:00+00:00,17683.845830985985,15170.627586608263,14519.9039068942,16787.494532302146,19860.627850573583,10577.456147114603,17721.854723537675
2026-04-02 23:10:00+00:00,17691.855368876008,15178.637124498286,14519.9039068942,16795.504070192168,19868.623754642813,10577.456147114603,17729.864261427698
2026-04-02 23:15:00+00:00,17699.858888749848,15186.640644372124,14519.9039068942,16803.50759006601,19876.62589195991,10577.456147114603,17737.867781301535
2026-04-02 23:20:00+00:00,17707.87250124853,15186.640644372124,14519.9039068942,16803.50759006601,19884.614128678295,10577.456147114603,17745.881393800217
2026-04-02 23:25:00+00:00,17715.864007088123,15194.640994964164,14519.9039068942,16811.499095905605,19892.612794813136,10577.456147114603,17753.872899639813
2026-04-02 23:30:00+00:00,17705.864007088123,15194.640994964164,14519.9039068942,16811.499095905605,19900.619080428554,10577.456147114603,17743.872899639813
2026-04-02 23:35:00+00:00,17713.855903567804,15202.632891443844,14519.9039068942,16819.490992385283,19908.60790094541,10577.456147114603,17751.86479611949
2026-04-02 23:40:00+00:00,17703.855903567804,15202.632891443844,14519.9039068942,16819.490992385283,19908.60790094541,10577.456147114603,17741.86479611949
2026-04-02 23:45:00+00:00,17711.866490766362,15202.632891443844,14519.9039068942,16819.490992385283,19908.60790094541,10577.456147114603,17749.875383318053
2026-04-02 23:50:00+00:00,17719.882190812856,15202.632891443844,14519.9039068942,16819.490992385283,19908.60790094541,10577.456147114603,17757.891083364546
2026-04-02 23:55:00+00:00,17727.890969108063,15210.641669739049,14519.9039068942,16827.49977068049,19908.60790094541,10577.456147114603,17765.89986165975
2026-04-03 00:00:00+00:00,17735.88255070135,15218.633251332336,14527.89628472564,16835.49214851193,19916.603437043697,10577.456147114603,17773.891443253036
2026-04-03 00:05:00+00:00,17743.88523159327,15226.640080517824,14535.8764991378,16843.47236292409,19924.596381746236,10577.456147114603,17781.89412414496
2026-04-03 00:10:00+00:00,17751.89958294564,15226.640080517824,14535.8764991378,16843.47236292409,19914.596381746236,10577.456147114603,17789.908475497326
2026-04-03 00:15:00+00:00,17759.89047877175,15226.640080517824,14535.8764991378,16843.47236292409,19922.594515201403,10577.456147114603,17797.899371323438
2026-04-03 00:20:00+00:00,17767.90085517222,15234.650456918294,14543.848351291013,16851.444215077303,19930.578256644396,10577.456147114603,17805.909747723912
2026-04-03 00:25:00+00:00,17775.866106626952,15242.615708373027,14551.796307084967,16859.39217087126,19938.52774645731,10577.456147114603,17813.874999178643
2026-04-03 00:30:00+00:00,17783.882627790157,15242.615708373027,14551.796307084967,16859.39217087126,19938.52774645731,10577.456147114603,17821.891520341844
2026-04-03 00:35:00+00:00,17791.886839299877,15250.626841365778,14551.796307084967,16867.39638238098,19946.51834796173,10577.456147114603,17829.895731851568
2026-04-03 00:40:00+00:00,17799.89016812851,15250.626841365778,14551.796307084967,16867.39638238098,19954.52432741903,10577.456147114603,17837.8990606802
2026-04-03 00:45:00+00:00,17807.88335412734,15258.620027364606,14559.772044109512,16875.37211940552,19962.508678735758,10577.456147114603,17845.892246679028
2026-04-03 00:50:00+00:00,17797.88335412734,15248.620027364606,14559.772044109512,16865.37211940552,19952.508678735758,10577.456147114603,17835.892246679028
2026-04-03 00:55:00+00:00,17805.883472896523,15256.620146133788,14559.772044109512,16873.372238174703,19960.51143592941,10577.456147114603,17843.89236544821
2026-04-03 01:00:00+00:00,17813.89145945589,15264.628132693157,14559.772044109512,16881.38022473407,19968.51070410301,10577.456147114603,17851.90035200758
2026-04-03 01:05:00+00:00,17803.89145945589,15264.628132693157,14559.772044109512,16881.38022473407,19976.514405296482,10577.456147114603,17841.90035200758
2026-04-03 01:10:00+00:00,17793.89145945589,15264.628132693157,14559.772044109512,16881.38022473407,19966.514405296482,10577.456147114603,17831.90035200758
2026-04-03 01:15:00+00:00,17801.876826063926,15272.613499301195,14567.760701585585,16889.368882210147,19974.49802826548,10577.456147114603,17839.885718615616
2026-04-03 01:20:00+00:00,17791.876826063926,15272.613499301195,14567.760701585585,16889.368882210147,19982.50228206683,10585.46040091595,17829.885718615616
2026-04-03 01:25:00+00:00,17799.879180426928,15280.615853664192,14567.760701585585,16897.371236573144,19990.493296575423,10585.46040091595,17837.888072978614
2026-04-03 01:30:00+00:00,17789.879180426928,15280.615853664192,14567.760701585585,16897.371236573144,19980.493296575423,10585.46040091595,17827.888072978614
2026-04-03 01:35:00+00:00,17797.82980922686,15280.615853664192,14575.686821978903,16905.29735696646,19988.414834491603,10585.46040091595,17835.83870177855
2026-04-03 01:40:00+00:00,17797.82980922686,15288.609823460825,14583.675227269483,16913.285762257045,19996.406430062023,10585.46040091595,17843.832671575183
2026-04-03 01:45:00+00:00,17805.83357765074,15288.609823460825,14583.675227269483,16913.285762257045,20004.402603394414,10585.46040091595,17851.83643999906
2026-04-03 01:50:00+00:00,17813.833379842086,15288.609823460825,14583.675227269483,16913.285762257045,20012.409211576938,10585.46040091595,17859.83624219041
2026-04-03 01:55:00+00:00,17821.829935342466,15288.609823460825,14583.675227269483,16913.285762257045,20020.409056767738,10585.46040091595,17867.832797690786
2026-04-03 02:00:00+00:00,17829.818708615294,15288.609823460825,14591.663177974864,16921.273712962426,20028.401512103388,10585.46040091595,17875.821570963613
2026-04-03 02:05:00+00:00,17837.824626846334,15296.615775326643,14591.663177974864,16929.27963119346,20036.406313159096,10585.46040091595,17883.82748919465
2026-04-03 02:10:00+00:00,17845.8308126838,15304.621994055491,14599.644627599453,16937.26108081805,20044.411406511623,10585.46040091595,17891.833675032118
2026-04-03 02:15:00+00:00,17853.77885016388,15312.570031535572,14607.597496749324,16945.21394996792,20052.352793173406,10585.46040091595,17899.781712512195
2026-04-03 02:20:00+00:00,17861.78326504338,15312.570031535572,14607.597496749324,16945.21394996792,20060.35236670633,10585.46040091595,17907.7861273917
2026-04-03 02:25:00+00:00,17869.749485455868,15320.536251948059,14615.52889155241,16953.14534477101,20068.31365888531,10585.46040091595,17915.752347804188
2026-04-03 02:30:00+00:00,17859.749485455868,15320.536251948059,14615.52889155241,16953.14534477101,20058.31365888531,10593.452098498186,17905.752347804188
2026-04-03 02:35:00+00:00,17867.756035746545,15320.536251948059,14615.52889155241,16953.14534477101,20066.318342618666,10593.452098498186,17913.758898094864
2026-04-03 02:40:00+00:00,17857.756035746545,15320.536251948059,14623.508227983933,16953.14534477101,20074.325622914614,10593.452098498186,17903.758898094864
2026-04-03 02:45:00+00:00,17865.772288787994,15320.536251948059,14623.508227983933,16953.14534477101,20082.3303955953,10601.451789233262,17911.775151136317
2026-04-03 02:50:00+00:00,17873.782415625792,15320.536251948059,14631.496080707513,16961.133197494586,20090.334274488872,10601.451789233262,17919.78527797411
2026-04-03 02:55:00+00:00,17881.794422253333,15320.536251948059,14631.496080707513,16961.133197494586,20080.334274488872,10601.451789233262,17927.797284601656
2026-04-03 03:00:00+00:00,17889.80870049803,15320.536251948059,14631.496080707513,16961.133197494586,20088.337027404436,10601.451789233262,17935.81156284635
2026-04-03 03:05:00+00:00,17897.79731346845,15328.52486491848,14639.471684019241,16969.108800806316,20096.32294389586,10601.451789233262,17943.80017581677
2026-04-03 03:10:00+00:00,17887.79731346845,15318.52486491848,14639.471684019241,16959.108800806316,20104.31419243991,10609.443037777311,17933.80017581677
2026-04-03 03:15:00+00:00,17877.79731346845,15318.52486491848,14639.471684019241,16959.108800806316,20112.31890135786,10617.44774669526,17923.80017581677
2026-04-03 03:20:00+00:00,17885.795596520373,15326.523147970402,14647.456581920644,16967.093698707715,20120.305903813634,10617.44774669526,17931.798458868692
2026-04-03 03:25:00+00:00,17893.80789664989,15326.523147970402,14647.456581920644,16967.093698707715,20128.30879732625,10625.453124760857,17939.81075899821
2026-04-03 03:30:00+00:00,17901.812830006842,15334.528117697886,14647.456581920644,16975.09863206467,20136.312522646534,10625.453124760857,17947.815692355165
2026-04-03 03:35:00+00:00,17909.821329525625,15342.536643679814,14647.456581920644,16983.10713158345,20144.301468296173,10625.453124760857,17955.824191873944
2026-04-03 03:40:00+00:00,17917.829764376576,15350.545078530766,14647.456581920644,16991.1155664344,20152.274864606887,10625.453124760857,17963.832626724896
2026-04-03 03:45:00+00:00,17925.8314565483,15350.545078530766,14647.456581920644,16991.1155664344,20160.275000103793,10625.453124760857,17971.83431889662
2026-04-03 03:50:00+00:00,17915.8314565483,15340.545078530766,14647.456581920644,16981.1155664344,20150.275000103793,10625.453124760857,17961.83431889662
2026-04-03 03:55:00+00:00,17905.8314565483,15330.545078530766,14647.456581920644,16971.1155664344,20140.275000103793,10625.453124760857,17951.83431889662
2026-04-03 04:00:00+00:00,17913.834170626942,15338.547792609406,14647.456581920644,16979.11828051304,20148.276254855926,10625.453124760857,17959.837032975265
2026-04-03 04:05:00+00:00,17903.834170626942,15328.547792609406,14647.456581920644,16969.11828051304,20138.276254855926,10625.453124760857,17949.837032975265
2026-04-03 04:10:00+00:00,17911.840987815354,15328.547792609406,14647.456581920644,16969.11828051304,20146.28200370814,10625.453124760857,17957.843850163674
2026-04-03 04:15:00+00:00,17901.840987815354,15318.547792609406,14647.456581920644,16959.11828051304,20136.28200370814,10625.453124760857,17947.843850163674
2026-04-03 04:20:00+00:00,17909.85580695147,15326.562611745525,14647.456581920644,16967.13309964916,20144.266958249664,10625.453124760857,17955.858669299792
2026-04-03 04:25:00+00:00,17899.85580695147,15316.562611745525,14647.456581920644,16957.13309964916,20152.26377677091,10625.453124760857,17945.858669299792
2026-04-03 04:30:00+00:00,17907.867119465667,15316.562611745525,14655.433880102832,16965.110397831348,20160.250202570365,10625.453124760857,17953.869981813987
2026-04-03 04:35:00+00:00,17915.868279859773,15324.56377213963,14655.433880102832,16973.111558225453,20168.256334161822,10625.453124760857,17961.871142208092
2026-04-03 04:40:00+00:00,17923.860516282508,15324.56377213963,14655.433880102832,16973.111558225453,20176.254506137564,10625.453124760857,17969.863378630827
2026-04-03 04:45:00+00:00,17931.849976817153,15332.553232674276,14663.411290105247,16981.088968227865,20184.243279655697,10625.453124760857,17977.852839165473
2026-04-03 04:50:00+00:00,17939.852238275624,15340.555494132746,14671.396766561862,16989.074444684484,20192.236634068944,10625.453124760857,17985.855100623943
2026-04-03 04:55:00+00:00,17929.852238275624,15330.555494132746,14671.396766561862,16979.074444684484,20182.236634068944,10625.453124760857,17975.855100623943
2026-04-03 05:00:00+00:00,17937.84308998233,15330.555494132746,14671.396766561862,16979.074444684484,20190.239280441747,10625.453124760857,17983.845952330645
2026-04-03 05:05:00+00:00,17927.84308998233,15320.555494132746,14671.396766561862,16969.074444684484,20180.239280441747,10625.453124760857,17973.845952330645
2026-04-03 05:10:00+00:00,17935.846838776266,15328.559242926687,14671.396766561862,16977.07819347842,20188.24166849001,10625.453124760857,17981.849701124585
2026-04-03 05:15:00+00:00,17943.822660475602,15336.535064626023,14679.37951235599,16985.06093927255,20196.21347310298,10625.453124760857,17989.82552282392
2026-04-03 05:20:00+00:00,17951.83852970672,15336.535064626023,14679.37951235599,16985.06093927255,20204.212472332823,10625.453124760857,17997.841392055037
2026-04-03 05:25:00+00:00,17959.832954616788,15336.535064626023,14679.37951235599,16985.06093927255,20212.203596464788,10625.453124760857,18005.83581696511
2026-04-03 05:30:00+00:00,17967.794048670126,15344.49615867936,14687.316567615168,16992.99799453173,20220.142037768823,10625.453124760857,18013.796911018446
2026-04-03 05:35:00+00:00,17957.794048670126,15344.49615867936,14687.316567615168,16992.99799453173,20210.142037768823,10625.453124760857,18003.796911018446
2026-04-03 05:40:00+00:00,17965.805357833022,15344.49615867936,14687.316567615168,16992.99799453173,20218.14820667205,10625.453124760857,18011.80822018134
2026-04-03 05:45:00+00:00,17973.815245766233,15344.49615867936,14687.316567615168,16992.99799453173,20226.14468830115,10625.453124760857,18019.818108114552
2026-04-03 05:50:00+00:00,17981.78742421759,15352.468337130718,14695.273240715513,17000.95466763207,20234.106733384862,10625.453124760857,18027.79028656591
2026-04-03 05:55:00+00:00,17989.792912205954,15352.468337130718,14695.273240715513,17000.95466763207,20242.10625608633,10625.453124760857,18035.795774554274
2026-04-03 06:00:00+00:00,17979.792912205954,15352.468337130718,14695.273240715513,17000.95466763207,20232.10625608633,10625.453124760857,18025.795774554274
2026-04-03 06:05:00+00:00,17987.79436064519,15360.469785569956,14695.273240715513,17008.95611607131,20240.110695317275,10625.453124760857,18033.79722299351
2026-04-03 06:10:00+00:00,17995.785052408013,15368.460477332774,14695.273240715513,17016.94680783413,20248.09844549337,10625.453124760857,18041.78791475633
2026-04-03 06:15:00+00:00,17995.785052408013,15368.460477332774,14695.273240715513,17016.94680783413,20256.09862195993,10625.453124760857,18041.78791475633
2026-04-03 06:20:00+00:00,18003.78500507699,15376.46043000175,14695.273240715513,17024.946760503106,20264.098210439828,10625.453124760857,18049.787867425308
2026-04-03 06:25:00+00:00,18011.80114652557,15376.46043000175,14695.273240715513,17024.946760503106,20264.098210439828,10625.453124760857,18057.80400887389
2026-04-03 06:30:00+00:00,18019.81076318497,15376.46043000175,14695.273240715513,17024.946760503106,20264.098210439828,10633.458816613547,18065.81362553329
2026-04-03 06:35:00+00:00,18027.78438082332,15384.434047640101,14703.219815166973,17032.893334954566,20272.05893233628,10633.458816613547,18073.78724317164
2026-04-03 06:40:00+00:00,18035.77075131351,15392.440305642194,14703.219815166973,17040.879705444757,20280.063183060476,10633.458816613547,18081.77361366183
2026-04-03 06:45:00+00:00,18043.771342317654,15392.440305642194,14703.219815166973,17040.879705444757,20288.062764825012,10633.458816613547,18089.774204665973
2026-04-03 06:50:00+00:00,18051.787641666764,15392.440305642194,14703.219815166973,17040.879705444757,20288.062764825012,10633.458816613547,18097.790504015084
2026-04-03 06:55:00+00:00,18059.79163917956,15400.44430315499,14703.219815166973,17048.88370295755,20296.06430256463,10633.458816613547,18105.79450152788
2026-04-03 07:00:00+00:00,18067.807637370868,15400.44430315499,14703.219815166973,17048.88370295755,20304.069039178845,10633.458816613547,18113.810499719184
2026-04-03 07:05:00+00:00,18075.821084693824,15400.44430315499,14703.219815166973,17048.88370295755,20312.066604955806,10641.464914050124,18121.823947042143
2026-04-03 07:10:00+00:00,18083.81564510889,15408.438863570058,14711.195521701873,17056.859409492452,20320.052567896255,10641.464914050124,18129.81850745721
2026-04-03 07:15:00+00:00,18073.81564510889,15408.438863570058,14711.195521701873,17056.859409492452,20320.052567896255,10641.464914050124,18119.81850745721
2026-04-03 07:20:00+00:00,18081.828756728002,15408.438863570058,14711.195521701873,17056.859409492452,20310.052567896255,10641.464914050124,18127.83161907632
2026-04-03 07:25:00+00:00,18089.826945301167,15416.437052143221,14711.195521701873,17064.857598065617,20318.051274428806,10641.464914050124,18135.829807649483
2026-04-03 07:30:00+00:00,18079.826945301167,15416.437052143221,14711.195521701873,17064.857598065617,20326.055311059943,10649.468950681263,18125.829807649483
2026-04-03 07:35:00+00:00,18079.826945301167,15416.437052143221,14719.180052923111,17064.857598065617,20334.03945718088,10649.468950681263,18133.81433887072
2026-04-03 07:40:00+00:00,18069.826945301167,15416.437052143221,14719.180052923111,17064.857598065617,20324.03945718088,10649.468950681263,18123.81433887072
2026-04-03 07:45:00+00:00,18077.83527825759,15416.437052143221,14719.180052923111,17064.857598065617,20332.04378500674,10649.468950681263,18131.822671827143
2026-04-03 07:50:00+00:00,18085.841365887492,15416.437052143221,14719.180052923111,17064.857598065617,20340.049872636646,10649.468950681263,18139.82875945705
2026-04-03 07:55:00+00:00,18093.853476243443,15416.437052143221,14719.180052923111,17064.857598065617,20348.05613869781,10649.468950681263,18147.840869813
2026-04-03 08:00:00+00:00,18101.864211446285,15416.437052143221,14719.180052923111,17064.857598065617,20356.061314231945,10649.468950681263,18155.85160501584
2026-04-03 08:05:00+00:00,18109.852731866376,15424.425572563312,14727.141044719789,17072.818589862294,20364.039711364603,10649.468950681263,18163.84012543593
2026-04-03 08:10:00+00:00,18117.85856089539,15432.43140159233,14727.141044719789,17080.82441889131,20372.045352463258,10649.468950681263,18171.84595446495
2026-04-03 08:15:00+00:00,18125.869162455623,15432.43140159233,14727.141044719789,17080.82441889131,20380.04048263726,10657.474696404952,18179.856556025177
2026-04-03 08:20:00+00:00,18133.87930882108,15432.43140159233,14727.141044719789,17080.82441889131,20388.04264605505,10657.474696404952,18187.86670239064
2026-04-03 08:25:00+00:00,18141.87137449145,15440.423467262695,14735.109126196665,17088.79250036819,20396.02923677748,10657.474696404952,18195.858768061004
2026-04-03 08:30:00+00:00,18149.86591521882,15448.418007990065,14735.109126196665,17096.78704109556,20404.02372644748,10657.474696404952,18203.853308788377
2026-04-03 08:35:00+00:00,18157.870402121156,15456.422494892402,14735.109126196665,17104.7915279979,20412.023520048446,10657.474696404952,18211.85779569071
2026-04-03 08:40:00+00:00,18165.870089792916,15456.422494892402,14743.090419235634,17112.772821036866,20420.02152381863,10657.474696404952,18219.857483362473
2026-04-03 08:45:00+00:00,18173.876715799328,15456.422494892402,14743.090419235634,17112.772821036866,20428.02799447441,10665.475133099182,18227.864109368886
2026-04-03 08:50:00+00:00,18163.876715799328,15456.422494892402,14743.090419235634,17112.772821036866,20436.032209912002,10665.475133099182,18217.864109368886
2026-04-03 08:55:00+00:00,18171.89145264205,15464.424542157165,14743.090419235634,17120.787557879587,20444.03414528408,10665.475133099182,18225.878846211606
2026-04-03 09:00:00+00:00,18161.89145264205,15464.424542157165,14743.090419235634,17120.787557879587,20434.03414528408,10665.475133099182,18215.878846211606
2026-04-03 09:05:00+00:00,18169.89298790102,15464.424542157165,14743.090419235634,17120.787557879587,20442.035798593177,10665.475133099182,18223.880381470575
2026-04-03 09:10:00+00:00,18177.898516093344,15472.437978461661,14743.090419235634,17128.79308607191,20450.041326785496,10665.475133099182,18231.8859096629
2026-04-03 09:15:00+00:00,18167.898516093344,15462.437978461661,14743.090419235634,17118.79308607191,20440.041326785496,10665.475133099182,18221.8859096629
2026-04-03 09:20:00+00:00,18175.86605488504,15470.405517253359,14751.053365611184,17126.75603244746,20448.010162227773,10665.475133099182,18229.853448454596
2026-04-03 09:25:00+00:00,18183.87546720659,15470.405517253359,14751.053365611184,17126.75603244746,20456.012271591942,10665.475133099182,18237.86286077615
2026-04-03 09:30:00+00:00,18191.883294420524,15470.405517253359,14751.053365611184,17126.75603244746,20464.01117466158,10665.475133099182,18245.87068799008
2026-04-03 09:35:00+00:00,18191.883294420524,15470.405517253359,14751.053365611184,17126.75603244746,20472.011654856942,10665.475133099182,18245.87068799008
2026-04-03 09:40:00+00:00,18199.870537395058,15478.392760227893,14759.0337065333,17134.73637336958,20480.007615956307,10665.475133099182,18253.857930964616
2026-04-03 09:45:00+00:00,18207.884747675183,15478.392760227893,14767.022551355614,17142.72521819189,20488.010354260343,10665.475133099182,18261.87214124474
2026-04-03 09:50:00+00:00,18215.89921844504,15478.392760227893,14767.022551355614,17142.72521819189,20496.01528806346,10665.475133099182,18269.886612014594
2026-04-03 09:55:00+00:00,18223.908893598753,15486.402435381606,14767.022551355614,17150.7348933456,20504.02184120237,10665.475133099182,18277.896287168307
2026-04-03 10:00:00+00:00,18231.912140471584,15494.39730749208,14767.022551355614,17158.738140218433,20512.016899813352,10665.475133099182,18285.89953404114
2026-04-03 10:05:00+00:00,18239.91784021526,15494.39730749208,14767.022551355614,17158.738140218433,20512.016899813352,10665.475133099182,18293.90523378482
2026-04-03 10:10:00+00:00,18247.92561387785,15502.40508115467,14767.022551355614,17166.745913881023,20520.023696311448,10665.475133099182,18301.91300744741
2026-04-03 10:15:00+00:00,18237.92561387785,15502.40508115467,14767.022551355614,17166.745913881023,20528.027905059105,10673.478011599585,18291.91300744741
2026-04-03 10:20:00+00:00,18245.93068356419,15510.40827357942,14767.022551355614,17174.750983567363,20536.032302171014,10673.478011599585,18299.918077133745
2026-04-03 10:25:00+00:00,18235.93068356419,15510.40827357942,14767.022551355614,17174.750983567363,20526.032302171014,10673.478011599585,18289.918077133745
2026-04-03 10:30:00+00:00,18243.920655514972,15510.40827357942,14767.022551355614,17174.750983567363,20534.028967136852,10673.478011599585,18297.90804908453
2026-04-03 10:35:00+00:00,18251.927974467246,15510.40827357942,14767.022551355614,17174.750983567363,20542.027756982083,10673.478011599585,18305.915368036804
2026-04-03 10:40:00+00:00,18259.929553055874,15510.40827357942,14767.022551355614,17174.750983567363,20550.025496546674,10673.478011599585,18313.91694662543
2026-04-03 10:45:00+00:00,18267.92984265816,15518.408563181705,14774.99628487913,17182.724717090874,20558.0247295339,10673.478011599585,18321.917236227717
2026-04-03 10:50:00+00:00,18275.939652765486,15518.408563181705,14774.99628487913,17182.724717090874,20566.029014835847,10673.478011599585,18329.92704633504
2026-04-03 10:55:00+00:00,18265.939652765486,15518.408563181705,14774.99628487913,17182.724717090874,20574.027929889562,10673.478011599585,18319.92704633504
2026-04-03 11:00:00+00:00,18255.939652765486,15518.408563181705,14774.99628487913,17182.724717090874,20574.027929889562,10673.478011599585,18309.92704633504
2026-04-03 11:05:00+00:00,18263.93391515534,15518.408563181705,14774.99628487913,17182.724717090874,20582.034301575746,10673.478011599585,18317.921308724894
2026-04-03 11:10:00+00:00,18253.93391515534,15526.4218342353,14774.99628487913,17182.724717090874,20582.034301575746,10673.478011599585,18307.921308724894
2026-04-03 11:15:00+00:00,18261.942847688355,15526.4218342353,14774.99628487913,17182.724717090874,20582.034301575746,10673.478011599585,18315.930241257913
2026-04-03 11:20:00+00:00,18269.94674481609,15534.425731363037,14774.99628487913,17190.728614218613,20590.038136698233,10673.478011599585,18323.934138385644
2026-04-03 11:25:00+00:00,18277.94766393309,15542.426650480033,14774.99628487913,17198.72953333561,20598.043303137667,10673.478011599585,18331.935057502644
2026-04-03 11:30:00+00:00,18267.94766393309,15532.426650480033,14774.99628487913,17188.72953333561,20606.038329311792,10673.478011599585,18321.935057502644
2026-04-03 11:35:00+00:00,18275.95303207107,15532.426650480033,14774.99628487913,17188.72953333561,20614.034195559918,10673.478011599585,18329.940425640627
2026-04-03 11:40:00+00:00,18265.95303207107,15532.426650480033,14774.99628487913,17188.72953333561,20622.037102399023,10673.478011599585,18319.940425640627
2026-04-03 11:45:00+00:00,18255.95303207107,15522.426650480033,14774.99628487913,17178.72953333561,20612.037102399023,10673.478011599585,18309.940425640627
2026-04-03 11:50:00+00:00,18263.967002356116,15530.440620765079,14774.99628487913,17186.743503620655,20620.041890666624,10673.478011599585,18317.95439592567
2026-04-03 11:55:00+00:00,18271.982213715008,15530.440620765079,14774.99628487913,17186.743503620655,20620.041890666624,10673.478011599585,18325.96960728456
2026-04-03 12:00:00+00:00,18261.982213715008,15520.440620765079,14774.99628487913,17176.743503620655,20620.041890666624,10673.478011599585,18315.96960728456
2026-04-03 12:05:00+00:00,18269.991982160856,15528.450389210926,14774.99628487913,17184.753272066504,20628.046987969035,10673.478011599585,18323.97937573041
2026-04-03 12:10:00+00:00,18269.991982160856,15528.450389210926,14782.98651045618,17184.753272066504,20636.042239397793,10673.478011599585,18331.96960130746
2026-04-03 12:15:00+00:00,18277.992174928302,15536.450581978372,14782.98651045618,17192.75346483395,20644.040732676985,10673.478011599585,18339.969794074907
2026-04-03 12:20:00+00:00,18267.992174928302,15526.450581978372,14782.98651045618,17182.75346483395,20634.040732676985,10681.479565718277,18329.969794074907
2026-04-03 12:25:00+00:00,18275.990144996686,15526.450581978372,14790.965026435015,17190.731980812783,20642.02341080652,10681.479565718277,18337.967764143294
2026-04-03 12:30:00+00:00,18283.946646511155,15526.450581978372,14798.883787687024,17198.65074206479,20649.961070830628,10681.479565718277,18345.92426565776
2026-04-03 12:35:00+00:00,18291.9326454125,15534.43658087972,14806.855826832816,17206.622781210586,20657.93372535094,10681.479565718277,18353.910264559105
2026-04-03 12:40:00+00:00,18281.9326454125,15534.43658087972,14806.855826832816,17206.622781210586,20665.940361201297,10689.48390416069,18343.910264559105
2026-04-03 12:45:00+00:00,18289.945367632783,15534.43658087972,14806.855826832816,17206.622781210586,20673.94362972695,10689.48390416069,18351.92298677939
2026-04-03 12:50:00+00:00,18297.960733699416,15534.43658087972,14806.855826832816,17206.622781210586,20663.94362972695,10697.486235266799,18359.938352846024
2026-04-03 12:55:00+00:00,18287.960733699416,15524.43658087972,14806.855826832816,17196.622781210586,20671.941534615486,10705.484140155335,18349.938352846024
2026-04-03 13:00:00+00:00,18277.960733699416,15524.43658087972,14806.855826832816,17196.622781210586,20679.941414289773,10705.484140155335,18339.938352846024
2026-04-03 13:05:00+00:00,18285.974014114472,15524.43658087972,14806.855826832816,17196.622781210586,20669.941414289773,10713.480278377363,18347.951633261076
2026-04-03 13:10:00+00:00,18275.974014114472,15514.43658087972,14806.855826832816,17186.622781210586,20677.94788621887,10721.483436059054,18337.951633261076
2026-04-03 13:15:00+00:00,18283.978444423665,15514.43658087972,14814.849486555035,17194.616440932805,20685.933112402494,10721.483436059054,18345.956063570273
2026-04-03 13:20:00+00:00,18291.97937590048,15514.43658087972,14814.849486555035,17194.616440932805,20693.93457429336,10721.483436059054,18353.956995047083
2026-04-03 13:25:00+00:00,18299.985284719645,15514.43658087972,14814.849486555035,17194.616440932805,20701.939715223274,10721.483436059054,18361.962903866253
2026-04-03 13:30:00+00:00,18307.99115048207,15514.43658087972,14814.849486555035,17194.616440932805,20709.945580985695,10721.483436059054,18369.96876962868
2026-04-03 13:35:00+00:00,18316.005240853905,15514.43658087972,14814.849486555035,17194.616440932805,20717.94852639095,10729.483784967855,18377.982860000513
2026-04-03 13:40:00+00:00,18306.005240853905,15514.43658087972,14814.849486555035,17194.616440932805,20717.94852639095,10729.483784967855,18367.982860000513
2026-04-03 13:45:00+00:00,18296.005240853905,15514.43658087972,14814.849486555035,17194.616440932805,20725.948918593996,10729.483784967855,18357.982860000513
2026-04-03 13:50:00+00:00,18304.00656512483,15522.437905150644,14822.82953844071,17202.59649281848,20733.952406076125,10729.483784967855,18365.984184271434
2026-04-03 13:55:00+00:00,18312.00450024078,15522.437905150644,14822.82953844071,17202.59649281848,20741.943756759218,10729.483784967855,18373.982119387387
2026-04-03 14:00:00+00:00,18302.00450024078,15512.437905150644,14822.82953844071,17192.59649281848,20749.94395643675,10737.48398464539,18363.982119387387
2026-04-03 14:05:00+00:00,18310.000054393622,15520.433459303484,14830.819659294339,17200.58661367211,20757.932752324174,10737.48398464539,18371.977673540227
2026-04-03 14:10:00+00:00,18300.000054393622,15520.433459303484,14830.819659294339,17200.58661367211,20757.932752324174,10737.48398464539,18361.977673540227
2026-04-03 14:15:00+00:00,18290.000054393622,15520.433459303484,14830.819659294339,17200.58661367211,20747.932752324174,10737.48398464539,18351.977673540227
2026-04-03 14:20:00+00:00,18298.011892599927,15520.433459303484,14830.819659294339,17200.58661367211,20755.93578294529,10737.48398464539,18359.98951174653
2026-04-03 14:25:00+00:00,18305.989172956703,15528.410739660263,14838.765334344063,17208.53228872183,20763.909184734046,10737.48398464539,18367.96679210331
2026-04-03 14:30:00+00:00,18313.999196741475,15528.410739660263,14838.765334344063,17208.53228872183,20771.90582665845,10737.48398464539,18375.97681588808
2026-04-03 14:35:00+00:00,18321.98746054162,15528.410739660263,14846.758948192837,17216.525902570607,20779.896902748347,10737.48398464539,18383.965079688223
2026-04-03 14:40:00+00:00,18329.989094714394,15528.410739660263,14846.758948192837,17216.525902570607,20787.898212758097,10737.48398464539,18391.966713861002
2026-04-03 14:45:00+00:00,18337.985121981757,15536.406766927626,14846.758948192837,17224.521929837967,20795.898275156178,10737.48398464539,18399.96274112836
2026-04-03 14:50:00+00:00,18345.98313460854,15536.406766927626,14846.758948192837,17224.521929837967,20803.90544970103,10737.48398464539,18407.960753755146
2026-04-03 14:55:00+00:00,18335.98313460854,15536.406766927626,14846.758948192837,17224.521929837967,20803.90544970103,10737.48398464539,18397.960753755146
2026-04-03 15:00:00+00:00,18343.998534173756,15536.406766927626,14846.758948192837,17224.521929837967,20811.909862882872,10737.48398464539,18405.976153320364
2026-04-03 15:05:00+00:00,18352.012664376052,15536.406766927626,14846.758948192837,17224.521929837967,20811.909862882872,10737.48398464539,18413.99028352266
2026-04-03 15:10:00+00:00,18342.012664376052,15536.406766927626,14846.758948192837,17224.521929837967,20801.909862882872,10737.48398464539,18403.99028352266
2026-04-03 15:15:00+00:00,18350.018989745542,15536.406766927626,14846.758948192837,17224.521929837967,20809.915073039818,10737.48398464539,18411.996608892146
2026-04-03 15:20:00+00:00,18340.018989745542,15526.406766927626,14846.758948192837,17214.521929837967,20799.915073039818,10737.48398464539,18401.996608892146
2026-04-03 15:25:00+00:00,18348.032990744112,15526.406766927626,14846.758948192837,17214.521929837967,20799.915073039818,10737.48398464539,18410.010609890716
2026-04-03 15:30:00+00:00,18356.041756651506,15526.406766927626,14846.758948192837,17214.521929837967,20807.92146170023,10737.48398464539,18418.01937579811
2026-04-03 15:35:00+00:00,18346.041756651506,15516.406766927626,14846.758948192837,17204.521929837967,20797.92146170023,10737.48398464539,18408.01937579811
2026-04-03 15:40:00+00:00,18354.047145508106,15524.412155784223,14846.758948192837,17212.527318694567,20805.927788091358,10737.48398464539,18416.02476465471
2026-04-03 15:45:00+00:00,18344.047145508106,15524.412155784223,14846.758948192837,17212.527318694567,20805.927788091358,10737.48398464539,18406.02476465471
2026-04-03 15:50:00+00:00,18352.05296196572,15532.417972241841,14846.758948192837,17220.53313515218,20813.93320673766,10737.48398464539,18414.030581112325
2026-04-03 15:55:00+00:00,18342.05296196572,15522.417972241841,14846.758948192837,17210.53313515218,20803.93320673766,10737.48398464539,18404.030581112325
2026-04-03 16:00:00+00:00,18350.0594886135,15530.42449888962,14846.758948192837,17218.539661799965,20811.926805569034,10737.48398464539,18412.03710776011
2026-04-03 16:05:00+00:00,18340.0594886135,15520.42449888962,14846.758948192837,17208.539661799965,20811.926805569034,10737.48398464539,18402.03710776011
2026-04-03 16:10:00+00:00,18348.067364985272,15528.43237526139,14846.758948192837,17216.547538171733,20819.9270257907,10737.48398464539,18410.044984131877
2026-04-03 16:15:00+00:00,18356.076109483325,15536.441119759442,14846.758948192837,17224.556282669786,20809.9270257907,10727.48398464539,18418.05372862993
2026-04-03 16:20:00+00:00,18364.084495541923,15536.441119759442,14846.758948192837,17224.556282669786,20817.931830884485,10727.48398464539,18426.06211468853
2026-04-03 16:25:00+00:00,18372.088507087712,15536.441119759442,14846.758948192837,17224.556282669786,20825.934502169577,10727.48398464539,18434.066126234316
2026-04-03 16:30:00+00:00,18362.088507087712,15526.441119759442,14846.758948192837,17214.556282669786,20815.934502169577,10727.48398464539,18424.066126234316
2026-04-03 16:35:00+00:00,18370.102565943736,15534.455178615468,14846.758948192837,17222.57034152581,20823.934903642777,10727.48398464539,18432.08018509034
2026-04-03 16:40:00+00:00,18378.106139530864,15534.455178615468,14846.758948192837,17222.57034152581,20823.934903642777,10727.48398464539,18440.083758677472
2026-04-03 16:45:00+00:00,18368.106139530864,15534.455178615468,14846.758948192837,17222.57034152581,20831.936439894387,10735.48029723581,18430.083758677472
2026-04-03 16:50:00+00:00,18376.115914409318,15534.455178615468,14846.758948192837,17222.57034152581,20831.936439894387,10735.48029723581,18438.093533555926
2026-04-03 16:55:00+00:00,18384.116283365318,15534.455178615468,14846.758948192837,17222.57034152581,20839.942525082282,10735.48029723581,18446.093902511922
2026-04-03 17:00:00+00:00,18392.121851987387,15534.455178615468,14846.758948192837,17222.57034152581,20847.946906370045,10735.48029723581,18454.099471133995
2026-04-03 17:05:00+00:00,18382.121851987387,15534.455178615468,14846.758948192837,17222.57034152581,20855.948865041668,10735.48029723581,18444.099471133995
2026-04-03 17:10:00+00:00,18390.13673525498,15534.455178615468,14846.758948192837,17222.57034152581,20863.949384869098,10735.48029723581,18452.114354401587
2026-04-03 17:15:00+00:00,18398.124254934388,15542.442698294875,14854.709041269642,17230.520434602615,20871.924558757248,10735.48029723581,18460.101874080992
2026-04-03 17:20:00+00:00,18406.11289898628,15550.431342346772,14862.678892616328,17238.4902859493,20879.91040421914,10735.48029723581,18468.090518132885
2026-04-03 17:25:00+00:00,18414.11789528473,15558.436338645219,14862.678892616328,17246.49528224775,20887.91454814392,10735.48029723581,18476.095514431334
2026-04-03 17:30:00+00:00,18422.107140455228,15566.425583815715,14870.677290416927,17254.49368004835,20895.909026234855,10735.48029723581,18484.084759601832
2026-04-03 17:35:00+00:00,18430.120318661575,15574.438762022062,14870.677290416927,17262.506858254696,20895.909026234855,10735.48029723581,18492.097937808183
2026-04-03 17:40:00+00:00,18420.120318661575,15574.438762022062,14870.677290416927,17262.506858254696,20895.909026234855,10735.48029723581,18482.097937808183
2026-04-03 17:45:00+00:00,18428.124950227568,15582.443393588055,14878.657066887094,17270.48663472486,20903.899014369163,10735.48029723581,18490.102569374176
2026-04-03 17:50:00+00:00,18436.1326964811,15590.451139841585,14878.657066887094,17278.494380978394,20911.903997790723,10735.48029723581,18498.110315627706
2026-04-03 17:55:00+00:00,18444.14570594136,15598.464149301846,14878.657066887094,17286.50739043865,20919.909187386722,10735.48029723581,18506.123325087967
2026-04-03 18:00:00+00:00,18444.14570594136,15598.464149301846,14878.657066887094,17286.50739043865,20919.909187386722,10735.48029723581,18506.123325087967
2026-04-03 18:05:00+00:00,18452.153730703343,15598.464149301846,14878.657066887094,17286.50739043865,20927.915228874357,10735.48029723581,18514.131349849948
2026-04-03 18:10:00+00:00,18442.153730703343,15588.464149301846,14878.657066887094,17276.50739043865,20935.918242398573,10735.48029723581,18504.131349849948
2026-04-03 18:15:00+00:00,18450.160074699612,15596.475845247387,14878.657066887094,17284.513734434924,20943.923606620287,10735.48029723581,18512.137693846216
2026-04-03 18:20:00+00:00,18440.160074699612,15596.475845247387,14878.657066887094,17284.513734434924,20933.923606620287,10735.48029723581,18502.137693846216
2026-04-03 18:25:00+00:00,18448.171342831156,15596.475845247387,14878.657066887094,17284.513734434924,20941.927911243183,10735.48029723581,18510.14896197776
2026-04-03 18:30:00+00:00,18456.18752908027,15586.475845247387,14878.657066887094,17284.513734434924,20941.927911243183,10735.48029723581,18518.16514822688
2026-04-03 18:35:00+00:00,18446.18752908027,15576.475845247387,14878.657066887094,17274.513734434924,20941.927911243183,10735.48029723581,18508.16514822688
2026-04-03 18:40:00+00:00,18446.18752908027,15584.485426074445,14878.657066887094,17274.513734434924,20941.927911243183,10735.48029723581,18516.174729053935
2026-04-03 18:45:00+00:00,18454.19436843971,15584.485426074445,14878.657066887094,17274.513734434924,20949.932019471642,10735.48029723581,18524.181568413373
2026-04-03 18:50:00+00:00,18462.21030176397,15592.50135939871,14878.657066887094,17282.529667759187,20949.932019471642,10735.48029723581,18532.197501737635
2026-04-03 18:55:00+00:00,18452.21030176397,15592.50135939871,14878.657066887094,17282.529667759187,20949.932019471642,10735.48029723581,18522.197501737635
2026-04-03 19:00:00+00:00,18442.21030176397,15582.50135939871,14878.657066887094,17272.529667759187,20939.932019471642,10735.48029723581,18512.197501737635
2026-04-03 19:05:00+00:00,18442.21030176397,15582.50135939871,14878.657066887094,17272.529667759187,20939.932019471642,10735.48029723581,18512.197501737635
2026-04-03 19:10:00+00:00,18432.21030176397,15572.50135939871,14878.657066887094,17262.529667759187,20939.932019471642,10735.48029723581,18502.197501737635
2026-04-03 19:15:00+00:00,18440.216191638352,15572.50135939871,14878.657066887094,17262.529667759187,20947.935884412924,10735.48029723581,18510.203391612016
2026-04-03 19:20:00+00:00,18430.216191638352,15562.50135939871,14878.657066887094,17252.529667759187,20937.935884412924,10735.48029723581,18500.203391612016
2026-04-03 19:25:00+00:00,18438.230793411465,15570.515961171819,14878.657066887094,17260.5442695323,20937.935884412924,10735.48029723581,18508.21799338513
2026-04-03 19:30:00+00:00,18428.230793411465,15570.515961171819,14878.657066887094,17260.5442695323,20937.935884412924,10735.48029723581,18498.21799338513
2026-04-03 19:35:00+00:00,18418.230793411465,15570.515961171819,14878.657066887094,17260.5442695323,20937.935884412924,10735.48029723581,18488.21799338513
2026-04-03 19:40:00+00:00,18426.243004254487,15570.515961171819,14878.657066887094,17260.5442695323,20945.94058522732,10735.48029723581,18496.23020422815
2026-04-03 19:45:00+00:00,18434.250872002205,15570.515961171819,14878.657066887094,17260.5442695323,20953.945962336846,10735.48029723581,18504.23807197587
2026-04-03 19:50:00+00:00,18442.261485509007,15578.52657467862,14878.657066887094,17268.554883039098,20953.945962336846,10735.48029723581,18512.24868548267
2026-04-03 19:55:00+00:00,18450.27111972646,15578.52657467862,14878.657066887094,17268.554883039098,20953.945962336846,10735.48029723581,18520.258319700126
2026-04-03 20:00:00+00:00,18458.280637670687,15578.52657467862,14878.657066887094,17268.554883039098,20953.945962336846,10735.48029723581,18528.26783764435
2026-04-03 20:05:00+00:00,18448.280637670687,15578.52657467862,14878.657066887094,17268.554883039098,20953.945962336846,10735.48029723581,18518.26783764435
2026-04-03 20:10:00+00:00,18456.289334104047,15578.52657467862,14878.657066887094,17268.554883039098,20953.945962336846,10735.48029723581,18526.27653407771
2026-04-03 20:15:00+00:00,18446.289334104047,15568.52657467862,14878.657066887094,17258.554883039098,20953.945962336846,10735.48029723581,18516.27653407771
2026-04-03 20:20:00+00:00,18454.30105908967,15576.538299664242,14878.657066887094,17266.56660802472,20953.945962336846,10735.48029723581,18524.288259063334
2026-04-03 20:25:00+00:00,18444.30105908967,15566.538299664242,14878.657066887094,17256.56660802472,20953.945962336846,10735.48029723581,18514.288259063334
2026-04-03 20:30:00+00:00,18452.31437372646,15566.538299664242,14878.657066887094,17256.56660802472,20953.945962336846,10735.48029723581,18522.301573700126
2026-04-03 20:35:00+00:00,18442.31437372646,15566.538299664242,14878.657066887094,17256.56660802472,20953.945962336846,10735.48029723581,18512.301573700126
2026-04-03 20:40:00+00:00,18432.31437372646,15556.538299664242,14878.657066887094,17246.56660802472,20943.945962336846,10735.48029723581,18502.301573700126
2026-04-03 20:45:00+00:00,18440.325753605925,15564.549679543705,14878.657066887094,17254.577987904184,20943.945962336846,10735.48029723581,18510.31295357959
2026-04-03 20:50:00+00:00,18448.32820448554,15564.549679543705,14878.657066887094,17254.577987904184,20951.944645808126,10735.48029723581,18518.315404459205
2026-04-03 20:55:00+00:00,18438.32820448554,15554.549679543705,14878.657066887094,17244.577987904184,20951.944645808126,10735.48029723581,18508.315404459205
2026-04-03 21:00:00+00:00,18446.336014208377,15562.55748926654,14878.657066887094,17252.58579762702,20959.95148180396,10735.48029723581,18516.32321418204
2026-04-03 21:05:00+00:00,18454.34899471434,15570.57284373237,14878.657066887094,17260.598778132982,20959.95148180396,10735.48029723581,18524.336194688003
2026-04-03 21:10:00+00:00,18462.361456762206,15570.57284373237,14878.657066887094,17260.598778132982,20967.91326292156,10735.48029723581,18532.34865673587
2026-04-03 21:15:00+00:00,18470.377704799816,15570.57284373237,14878.657066887094,17260.598778132982,20967.91326292156,10735.48029723581,18540.36490477348
2026-04-03 21:20:00+00:00,18478.392461400726,15570.57284373237,14878.657066887094,17260.598778132982,20967.91326292156,10735.48029723581,18548.37966137439
2026-04-03 21:25:00+00:00,18478.392461400726,15570.57284373237,14878.657066887094,17260.598778132982,20967.91326292156,10735.48029723581,18548.37966137439
2026-04-03 21:30:00+00:00,18486.403949815314,15578.584332146958,14878.657066887094,17268.61026654757,20967.91326292156,10735.48029723581,18556.39114978898
2026-04-03 21:35:00+00:00,18486.403949815314,15568.584332146958,14878.657066887094,17268.61026654757,20967.91326292156,10735.48029723581,18546.39114978898
2026-04-03 21:40:00+00:00,18494.411656839366,15576.59203917101,14878.657066887094,17276.61797357162,20975.919990984796,10735.48029723581,18554.39885681303
2026-04-03 21:45:00+00:00,18502.427479993443,15576.59203917101,14878.657066887094,17276.61797357162,20983.925617983623,10735.48029723581,18562.414679967107
2026-04-03 21:50:00+00:00,18510.437403318043,15584.60196249561,14878.657066887094,17284.62789689622,20991.930491308984,10735.48029723581,18570.424603291707
2026-04-03 21:55:00+00:00,18518.450484944107,15584.60196249561,14878.657066887094,17284.62789689622,20991.930491308984,10735.48029723581,18578.43768491777
2026-04-03 22:00:00+00:00,18526.438979299724,15584.60196249561,14878.657066887094,17284.62789689622,20999.937476497995,10735.48029723581,18586.42617927339
2026-04-03 22:05:00+00:00,18534.454053875546,15584.60196249561,14878.657066887094,17284.62789689622,21007.943127879065,10735.48029723581,18594.44125384921
2026-04-03 22:10:00+00:00,18542.464518317574,15584.60196249561,14878.657066887094,17284.62789689622,21007.943127879065,10735.48029723581,18602.45171829124
2026-04-03 22:15:00+00:00,18550.48055713468,15584.60196249561,14878.657066887094,17284.62789689622,21007.943127879065,10735.48029723581,18610.467757108345
2026-04-03 22:20:00+00:00,18540.48055713468,15584.60196249561,14878.657066887094,17284.62789689622,21007.943127879065,10735.48029723581,18600.467757108345
2026-04-03 22:25:00+00:00,18530.48055713468,15584.60196249561,14878.657066887094,17284.62789689622,21007.943127879065,10735.48029723581,18590.467757108345
2026-04-03 22:30:00+00:00,18520.48055713468,15584.60196249561,14878.657066887094,17284.62789689622,21007.943127879065,10735.48029723581,18580.467757108345
2026-04-03 22:35:00+00:00,18528.486164049456,15592.60756941039,14878.657066887094,17292.633503811,21007.943127879065,10735.48029723581,18588.47336402312
2026-04-03 22:40:00+00:00,18536.496393154117,15592.60756941039,14878.657066887094,17292.633503811,21015.94373576698,10735.48029723581,18596.48359312778
2026-04-03 22:45:00+00:00,18544.506997735956,15600.618173992229,14886.648968002035,17300.625404925944,21023.93504926924,10735.48029723581,18604.49419770962
2026-04-03 22:50:00+00:00,18552.52321595964,15600.618173992229,14886.648968002035,17300.625404925944,21023.93504926924,10735.48029723581,18612.510415933306
2026-04-03 22:55:00+00:00,18542.52321595964,15600.618173992229,14886.648968002035,17300.625404925944,21023.93504926924,10735.48029723581,18602.510415933306
2026-04-03 23:00:00+00:00,18532.52321595964,15600.618173992229,14886.648968002035,17300.625404925944,21023.93504926924,10735.48029723581,18592.510415933306
2026-04-03 23:05:00+00:00,18540.538389981084,15600.618173992229,14886.648968002035,17300.625404925944,21023.93504926924,10735.48029723581,18600.52558995475
2026-04-03 23:10:00+00:00,18530.538389981084,15600.618173992229,14886.648968002035,17300.625404925944,21031.934095424607,10735.48029723581,18590.52558995475
2026-04-03 23:15:00+00:00,18520.538389981084,15600.618173992229,14886.648968002035,17300.625404925944,21031.934095424607,10735.48029723581,18580.52558995475
2026-04-03 23:20:00+00:00,18528.55366260166,15608.6334466128,14886.648968002035,17308.640677546515,21031.934095424607,10735.48029723581,18588.540862575323
2026-04-03 23:25:00+00:00,18528.55366260166,15616.635498593427,14886.648968002035,17308.640677546515,21039.934620446656,10735.48029723581,18596.54291455595
2026-04-03 23:30:00+00:00,18518.55366260166,15616.635498593427,14886.648968002035,17308.640677546515,21029.934620446656,10735.48029723581,18586.54291455595
2026-04-03 23:35:00+00:00,18508.55366260166,15616.635498593427,14886.648968002035,17308.640677546515,21019.934620446656,10735.48029723581,18576.54291455595
2026-04-03 23:40:00+00:00,18508.55366260166,15616.635498593427,14886.648968002035,17308.640677546515,21019.934620446656,10735.48029723581,18576.54291455595
2026-04-03 23:45:00+00:00,18516.55058422653,15624.632420218299,14886.648968002035,17316.637599171387,21027.927019913237,10735.48029723581,18584.539836180822
2026-04-03 23:50:00+00:00,18516.55058422653,15632.63740399901,14886.648968002035,17316.637599171387,21035.928941869246,10735.48029723581,18592.544819961535
2026-04-03 23:55:00+00:00,18506.55058422653,15632.63740399901,14886.648968002035,17316.637599171387,21035.928941869246,10735.48029723581,18582.544819961535
2026-04-04 00:00:00+00:00,18514.55498433914,15640.641804111623,14886.648968002035,17324.641999284,21043.920928700463,10735.48029723581,18590.549220074146
2026-04-04 00:05:00+00:00,18522.570262017536,15640.641804111623,14886.648968002035,17324.641999284,21051.919016329484,10735.48029723581,18598.56449775254
2026-04-04 00:10:00+00:00,18530.578702489413,15640.641804111623,14886.648968002035,17324.641999284,21051.919016329484,10735.48029723581,18606.572938224417
2026-04-04 00:15:00+00:00,18520.578702489413,15640.641804111623,14886.648968002035,17324.641999284,21051.919016329484,10735.48029723581,18596.572938224417
2026-04-04 00:20:00+00:00,18528.59433995995,15640.641804111623,14886.648968002035,17324.641999284,21059.919236090933,10735.48029723581,18604.58857569495
2026-04-04 00:25:00+00:00,18518.59433995995,15630.641804111623,14886.648968002035,17314.641999284,21059.919236090933,10735.48029723581,18594.58857569495
2026-04-04 00:30:00+00:00,18526.608294777026,15638.655758928702,14886.648968002035,17322.65595410108,21067.919786032602,10735.48029723581,18602.60253051203
2026-04-04 00:35:00+00:00,18534.62230473716,15638.655758928702,14886.648968002035,17322.65595410108,21067.919786032602,10735.48029723581,18610.616540472165
2026-04-04 00:40:00+00:00,18534.62230473716,15638.655758928702,14886.648968002035,17322.65595410108,21067.919786032602,10735.48029723581,18610.616540472165
2026-04-04 00:45:00+00:00,18542.631162984017,15638.655758928702,14886.648968002035,17322.65595410108,21075.923264347726,10735.48029723581,18618.62539871902
2026-04-04 00:50:00+00:00,18550.641378519955,15638.655758928702,14886.648968002035,17322.65595410108,21075.923264347726,10735.48029723581,18626.63561425496
2026-04-04 00:55:00+00:00,18558.656310232556,15638.655758928702,14886.648968002035,17322.65595410108,21075.923264347726,10735.48029723581,18634.65054596756
2026-04-04 01:00:00+00:00,18566.67148321101,15646.670931907154,14886.648968002035,17330.671127079528,21075.923264347726,10735.48029723581,18642.66571894601
2026-04-04 01:05:00+00:00,18574.680054028155,15654.679502724299,14886.648968002035,17338.679697896674,21083.923172572962,10735.48029723581,18650.674289763156
2026-04-04 01:10:00+00:00,18582.690389995714,15662.689838691858,14886.648968002035,17346.690033864234,21091.928158823866,10735.48029723581,18658.68462573072
2026-04-04 01:15:00+00:00,18590.70291684507,15662.689838691858,14886.648968002035,17346.690033864234,21091.928158823866,10735.48029723581,18666.697152580076
2026-04-04 01:20:00+00:00,18580.70291684507,15652.689838691858,14886.648968002035,17336.690033864234,21091.928158823866,10735.48029723581,18656.697152580076
2026-04-04 01:25:00+00:00,18588.712701799865,15652.689838691858,14886.648968002035,17336.690033864234,21091.928158823866,10735.48029723581,18664.70693753487
2026-04-04 01:30:00+00:00,18596.72641886287,15652.689838691858,14886.648968002035,17336.690033864234,21091.928158823866,10735.48029723581,18672.720654597873
2026-04-04 01:35:00+00:00,18586.72641886287,15652.689838691858,14886.648968002035,17336.690033864234,21091.928158823866,10735.48029723581,18662.720654597873
2026-04-04 01:40:00+00:00,18594.733555100524,15652.689838691858,14886.648968002035,17336.690033864234,21091.928158823866,10735.48029723581,18670.727790835528
2026-04-04 01:45:00+00:00,18602.745821338933,15660.702104930268,14886.648968002035,17344.702300102643,21091.928158823866,10735.48029723581,18678.740057073937
2026-04-04 01:50:00+00:00,18602.745821338933,15660.702104930268,14886.648968002035,17344.702300102643,21091.928158823866,10735.48029723581,18678.740057073937
2026-04-04 01:55:00+00:00,18602.745821338933,15660.702104930268,14886.648968002035,17344.702300102643,21091.928158823866,10735.48029723581,18678.740057073937
2026-04-04 02:00:00+00:00,18610.760812239205,15660.702104930268,14886.648968002035,17344.702300102643,21099.93073855165,10735.48029723581,18686.755047974206
2026-04-04 02:05:00+00:00,18618.775141043254,15668.71643373432,14886.648968002035,17352.716628906695,21107.93029856057,10735.48029723581,18694.769376778255
2026-04-04 02:10:00+00:00,18626.791195094163,15676.733730752901,14886.648968002035,17360.732682957605,21115.935754014434,10735.48029723581,18702.785430829164
2026-04-04 02:15:00+00:00,18634.802419365602,15676.733730752901,14886.648968002035,17360.732682957605,21115.935754014434,10735.48029723581,18710.796655100603
2026-04-04 02:20:00+00:00,18642.81897828188,15676.733730752901,14886.648968002035,17360.732682957605,21115.935754014434,10735.48029723581,18718.813214016882
2026-04-04 02:25:00+00:00,18650.831164116556,15676.733730752901,14886.648968002035,17360.732682957605,21115.935754014434,10735.48029723581,18726.825399851557
2026-04-04 02:30:00+00:00,18658.839124079903,15684.741690716248,14886.648968002035,17368.74064292095,21123.94190092794,10735.48029723581,18734.833359814904
2026-04-04 02:35:00+00:00,18666.851326113374,15692.753892749719,14886.648968002035,17376.752844954422,21131.940344819974,10735.48029723581,18742.84556184838
2026-04-04 02:40:00+00:00,18674.863967887402,15700.766534523747,14886.648968002035,17384.76548672845,21131.940344819974,10735.48029723581,18750.858203622403
2026-04-04 02:45:00+00:00,18664.863967887402,15700.766534523747,14886.648968002035,17384.76548672845,21131.940344819974,10735.48029723581,18740.858203622403
2026-04-04 02:50:00+00:00,18672.87873435368,15690.766534523747,14886.648968002035,17384.76548672845,21131.940344819974,10735.48029723581,18748.872970088683
2026-04-04 02:55:00+00:00,18680.894037758073,15698.78183792814,14886.648968002035,17392.78079013284,21131.940344819974,10735.48029723581,18756.888273493074
2026-04-04 03:00:00+00:00,18688.899348102834,15698.78183792814,14886.648968002035,17392.78079013284,21139.940811641347,10735.48029723581,18764.89358383784
2026-04-04 03:05:00+00:00,18696.909102988953,15698.78183792814,14886.648968002035,17392.78079013284,21147.946258478118,10735.48029723581,18772.903338723958
2026-04-04 03:10:00+00:00,18704.911084478124,15706.794187465393,14886.648968002035,17400.78277162201,21155.948239967285,10735.48029723581,18780.905320213125
2026-04-04 03:15:00+00:00,18712.918380690717,15714.801483677984,14886.648968002035,17408.7900678346,21163.954518062095,10735.48029723581,18788.912616425718
2026-04-04 03:20:00+00:00,18702.918380690717,15704.801483677984,14886.648968002035,17398.7900678346,21163.954518062095,10735.48029723581,18778.912616425718
2026-04-04 03:25:00+00:00,18702.918380690717,15704.801483677984,14886.648968002035,17398.7900678346,21163.954518062095,10735.48029723581,18778.912616425718
2026-04-04 03:30:00+00:00,18710.932747584186,15712.815850571456,14886.648968002035,17406.804434728074,21163.954518062095,10735.48029723581,18786.92698331919
2026-04-04 03:35:00+00:00,18700.932747584186,15712.815850571456,14886.648968002035,17406.804434728074,21163.954518062095,10735.48029723581,18776.92698331919
2026-04-04 03:40:00+00:00,18708.943872804495,15720.826975791766,14886.648968002035,17414.81555994838,21163.954518062095,10735.48029723581,18784.9381085395
2026-04-04 03:45:00+00:00,18716.95972733569,15728.84283032296,14886.648968002035,17422.831414479573,21163.954518062095,10735.48029723581,18792.953963070693
2026-04-04 03:50:00+00:00,18724.97112894863,15736.859468898874,14886.648968002035,17430.842816092518,21163.954518062095,10735.48029723581,18800.965364683634
2026-04-04 03:55:00+00:00,18732.982199313497,15736.859468898874,14886.648968002035,17430.842816092518,21163.954518062095,10735.48029723581,18808.9764350485
2026-04-04 04:00:00+00:00,18740.996214958745,15744.873484544125,14886.648968002035,17438.85683173777,21163.954518062095,10735.48029723581,18816.99045069375
2026-04-04 04:05:00+00:00,18749.007680320385,15752.884949905765,14886.648968002035,17446.86829709941,21163.954518062095,10735.48029723581,18825.00191605539
2026-04-04 04:10:00+00:00,18757.021942234947,15742.884949905765,14886.648968002035,17446.86829709941,21171.957628111064,10735.48029723581,18833.016177969952
2026-04-04 04:15:00+00:00,18747.021942234947,15732.884949905765,14886.648968002035,17436.86829709941,21171.957628111064,10735.48029723581,18823.016177969952
2026-04-04 04:20:00+00:00,18755.030981045493,15732.884949905765,14886.648968002035,17436.86829709941,21179.956829743096,10735.48029723581,18831.025216780494
2026-04-04 04:25:00+00:00,18763.04547487659,15732.884949905765,14886.648968002035,17436.86829709941,21179.956829743096,10735.48029723581,18839.039710611592
2026-04-04 04:30:00+00:00,18771.059292039903,15740.898767069077,14886.648968002035,17444.88211426272,21179.956829743096,10735.48029723581,18847.053527774908
2026-04-04 04:35:00+00:00,18779.073317517243,15748.912792546416,14886.648968002035,17452.896139740064,21179.956829743096,10735.48029723581,18855.067553252244
2026-04-04 04:45:00+00:00,18769.073317517243,15748.912792546416,14886.648968002035,17452.896139740064,21179.956829743096,10735.48029723581,18845.067553252244
2026-04-04 04:50:00+00:00,18759.073317517243,15748.912792546416,14886.648968002035,17452.896139740064,21179.956829743096,10735.48029723581,18835.067553252244
2026-04-04 04:55:00+00:00,18759.073317517243,15748.912792546416,14886.648968002035,17452.896139740064,21179.956829743096,10735.48029723581,18835.067553252244
2026-04-04 05:00:00+00:00,18749.073317517243,15748.912792546416,14886.648968002035,17452.896139740064,21179.956829743096,10735.48029723581,18825.067553252244
2026-04-04 05:05:00+00:00,18739.073317517243,15738.912792546416,14886.648968002035,17442.896139740064,21179.956829743096,10735.48029723581,18815.067553252244
2026-04-04 05:10:00+00:00,18747.08048406236,15746.919959091534,14886.648968002035,17450.903306285178,21187.962965810762,10735.48029723581,18823.07471979736
2026-04-04 05:15:00+00:00,18747.08048406236,15746.919959091534,14886.648968002035,17450.903306285178,21187.962965810762,10735.48029723581,18823.07471979736
2026-04-04 05:20:00+00:00,18755.092063164117,15754.935190091828,14886.648968002035,17458.914885386934,21187.962965810762,10735.48029723581,18831.08629889912
2026-04-04 05:25:00+00:00,18763.096143510214,15754.935190091828,14886.648968002035,17458.914885386934,21195.967955480817,10735.48029723581,18839.09037924522
2026-04-04 05:30:00+00:00,18771.092216639678,15762.931263221288,14886.648968002035,17466.910958516397,21203.961936874344,10735.48029723581,18847.08645237468
2026-04-04 05:35:00+00:00,18779.107428022053,15762.931263221288,14886.648968002035,17466.910958516397,21211.960398847485,10735.48029723581,18855.101663757057
2026-04-04 05:40:00+00:00,18787.11980335998,15770.943638559214,14886.648968002035,17474.92333385432,21211.960398847485,10735.48029723581,18863.11403909498
2026-04-04 05:45:00+00:00,18795.129403265142,15778.953238464379,14886.648968002035,17482.932933759486,21219.966871812583,10735.48029723581,18871.123639000147
2026-04-04 05:50:00+00:00,18795.129403265142,15786.965165064998,14886.648968002035,17482.932933759486,21219.966871812583,10735.48029723581,18879.135565600765
2026-04-04 05:55:00+00:00,18785.129403265142,15794.982779104479,14886.648968002035,17482.932933759486,21219.966871812583,10735.48029723581,18869.135565600765
2026-04-04 06:00:00+00:00,18793.13827796851,15802.991653807843,14886.648968002035,17490.94180846285,21227.973662675045,10735.48029723581,18877.14444030413
2026-04-04 06:05:00+00:00,18801.15235372245,15811.005729561783,14886.648968002035,17498.95588421679,21227.973662675045,10735.48029723581,18885.158516058073
2026-04-04 06:10:00+00:00,18809.160232740003,15811.005729561783,14886.648968002035,17498.95588421679,21235.98057457126,10735.48029723581,18893.166395075626
2026-04-04 06:15:00+00:00,18817.174457916954,15811.005729561783,14886.648968002035,17498.95588421679,21235.98057457126,10735.48029723581,18901.180620252577
2026-04-04 06:20:00+00:00,18825.18882445276,15811.005729561783,14886.648968002035,17498.95588421679,21235.98057457126,10735.48029723581,18909.194986788385
2026-04-04 06:25:00+00:00,18815.18882445276,15801.005729561783,14886.648968002035,17488.95588421679,21225.98057457126,10735.48029723581,18899.194986788385
2026-04-04 06:30:00+00:00,18823.194341366492,15809.011246475515,14886.648968002035,17496.96140113052,21225.98057457126,10735.48029723581,18907.200503702115
2026-04-04 06:35:00+00:00,18831.210211596484,15809.011246475515,14886.648968002035,17496.96140113052,21233.979372477686,10735.48029723581,18915.216373932108
2026-04-04 06:40:00+00:00,18839.226414136618,15817.02744901565,14886.648968002035,17504.977603670657,21241.983252688846,10735.48029723581,18923.23257647224
2026-04-04 06:45:00+00:00,18847.240671312025,15817.02744901565,14886.648968002035,17504.977603670657,21241.983252688846,10735.48029723581,18931.24683364765
2026-04-04 06:50:00+00:00,18837.240671312025,15807.02744901565,14886.648968002035,17494.977603670657,21249.983628148024,10735.48029723581,18921.24683364765
2026-04-04 06:55:00+00:00,18845.239902006848,15807.02744901565,14886.648968002035,17494.977603670657,21257.98309318899,10735.48029723581,18929.24606434247
2026-04-04 07:00:00+00:00,18853.254699272948,15807.02744901565,14886.648968002035,17494.977603670657,21257.98309318899,10735.48029723581,18937.26086160857
2026-04-04 07:05:00+00:00,18843.254699272948,15797.02744901565,14886.648968002035,17484.977603670657,21257.98309318899,10735.48029723581,18927.26086160857
2026-04-04 07:10:00+00:00,18833.254699272948,15797.02744901565,14886.648968002035,17484.977603670657,21257.98309318899,10735.48029723581,18917.26086160857
2026-04-04 07:15:00+00:00,18841.26906080635,15797.02744901565,14886.648968002035,17484.977603670657,21265.979337268698,10735.48029723581,18925.275223141973
2026-04-04 07:20:00+00:00,18849.27755330911,15797.02744901565,14886.648968002035,17484.977603670657,21265.979337268698,10735.48029723581,18933.283715644735
2026-04-04 07:25:00+00:00,18857.287047458754,15787.02744901565,14886.648968002035,17484.977603670657,21265.979337268698,10735.48029723581,18941.293209794378
2026-04-04 07:30:00+00:00,18865.302294279947,15795.044976012374,14886.648968002035,17492.99285049185,21265.979337268698,10735.48029723581,18949.30845661557
2026-04-04 07:35:00+00:00,18873.318379407916,15795.044976012374,14886.648968002035,17492.99285049185,21265.979337268698,10735.48029723581,18957.32454174354
2026-04-04 07:40:00+00:00,18863.318379407916,15785.044976012374,14886.648968002035,17482.99285049185,21255.979337268698,10735.48029723581,18947.32454174354
2026-04-04 07:45:00+00:00,18871.33366391442,15785.044976012374,14886.648968002035,17482.99285049185,21263.985097834302,10735.48029723581,18955.339826250045
2026-04-04 07:50:00+00:00,18861.33366391442,15775.044976012374,14886.648968002035,17472.99285049185,21263.985097834302,10735.48029723581,18945.339826250045
2026-04-04 07:55:00+00:00,18869.346582672115,15775.044976012374,14886.648968002035,17472.99285049185,21271.98835887943,10735.48029723581,18953.352745007738
2026-04-04 08:00:00+00:00,18877.357987901298,15783.056381241557,14886.648968002035,17481.004255721033,21271.98835887943,10735.48029723581,18961.36415023692
2026-04-04 08:05:00+00:00,18867.357987901298,15773.056381241557,14886.648968002035,17471.004255721033,21261.98835887943,10735.48029723581,18951.36415023692
2026-04-04 08:10:00+00:00,18867.357987901298,15773.056381241557,14886.648968002035,17471.004255721033,21269.99506716933,10735.48029723581,18951.36415023692
2026-04-04 08:15:00+00:00,18875.37341104538,15781.071804385643,14886.648968002035,17479.019678865123,21269.99506716933,10735.48029723581,18959.379573381004
2026-04-04 08:20:00+00:00,18865.37341104538,15781.071804385643,14886.648968002035,17479.019678865123,21269.99506716933,10735.48029723581,18949.379573381004
2026-04-04 08:25:00+00:00,18873.388193289735,15781.071804385643,14886.648968002035,17479.019678865123,21269.99506716933,10735.48029723581,18957.394355625358
2026-04-04 08:30:00+00:00,18881.38772122409,15789.071332320003,14886.648968002035,17487.019206799483,21277.992823209475,10735.48029723581,18965.393883559715
2026-04-04 08:35:00+00:00,18889.397217589933,15797.080828685845,14886.648968002035,17495.02870316532,21277.992823209475,10735.48029723581,18973.403379925556
2026-04-04 08:40:00+00:00,18889.397217589933,15797.080828685845,14886.648968002035,17495.02870316532,21277.992823209475,10735.48029723581,18973.403379925556
2026-04-04 08:45:00+00:00,18889.397217589933,15805.094391494782,14886.648968002035,17495.02870316532,21277.992823209475,10735.48029723581,18981.416942734493
2026-04-04 08:50:00+00:00,18897.407992893743,15813.10516679859,14886.648968002035,17503.03947846913,21285.99937746592,10735.48029723581,18989.4277180383
2026-04-04 08:55:00+00:00,18905.41727454115,15813.10516679859,14886.648968002035,17503.03947846913,21285.99937746592,10735.48029723581,18997.43699968571
2026-04-04 09:00:00+00:00,18913.43134657372,15813.10516679859,14886.648968002035,17503.03947846913,21285.99937746592,10735.48029723581,19005.451071718286
2026-04-04 09:05:00+00:00,18921.435317587635,15821.109137812502,14886.648968002035,17511.04344948304,21293.99879192286,10735.48029723581,19013.455042732196
2026-04-04 09:10:00+00:00,18929.447063926993,15821.109137812502,14886.648968002035,17511.04344948304,21293.99879192286,10735.48029723581,19021.466789071554
2026-04-04 09:15:00+00:00,18919.447063926993,15821.109137812502,14886.648968002035,17511.04344948304,21293.99879192286,10735.48029723581,19011.466789071554
2026-04-04 09:20:00+00:00,18927.456947586586,15821.109137812502,14886.648968002035,17511.04344948304,21302.00442370884,10735.48029723581,19019.476672731143
2026-04-04 09:25:00+00:00,18917.456947586586,15829.12532920396,14886.648968002035,17511.04344948304,21302.00442370884,10735.48029723581,19009.476672731143
2026-04-04 09:30:00+00:00,18925.472215653193,15837.140597270569,14886.648968002035,17519.05871754965,21302.00442370884,10735.48029723581,19017.491940797758
2026-04-04 09:35:00+00:00,18933.487981990635,15837.140597270569,14886.648968002035,17519.05871754965,21302.00442370884,10735.48029723581,19025.5077071352
2026-04-04 09:40:00+00:00,18941.497141680105,15837.140597270569,14886.648968002035,17519.05871754965,21302.00442370884,10735.48029723581,19033.51686682467
2026-04-04 09:45:00+00:00,18949.51256012151,15837.140597270569,14886.648968002035,17519.05871754965,21302.00442370884,10735.48029723581,19041.532285266072
2026-04-04 09:50:00+00:00,18949.51256012151,15845.15722171095,14886.648968002035,17519.05871754965,21302.00442370884,10735.48029723581,19049.54890970645
2026-04-04 09:55:00+00:00,18949.51256012151,15845.15722171095,14886.648968002035,17519.05871754965,21302.00442370884,10735.48029723581,19049.54890970645
2026-04-04 10:00:00+00:00,18939.51256012151,15835.15722171095,14886.648968002035,17509.05871754965,21302.00442370884,10735.48029723581,19039.54890970645
2026-04-04 10:05:00+00:00,18947.527574172258,15835.15722171095,14886.648968002035,17509.05871754965,21302.00442370884,10735.48029723581,19047.5639237572
2026-04-04 10:10:00+00:00,18955.528835908743,15843.15848344743,14886.648968002035,17517.059979286132,21310.006573507242,10735.48029723581,19055.56518549368
2026-04-04 10:15:00+00:00,18963.539021001907,15843.15848344743,14886.648968002035,17517.059979286132,21310.006573507242,10735.48029723581,19063.57537058685
2026-04-04 10:20:00+00:00,18971.548749241083,15851.168211686607,14886.648968002035,17525.06970752531,21310.006573507242,10735.48029723581,19071.58509882602
2026-04-04 10:25:00+00:00,18979.56279234166,15859.182254787183,14886.648968002035,17533.083750625887,21310.006573507242,10735.48029723581,19079.5991419266
2026-04-04 10:30:00+00:00,18987.575686890625,15859.182254787183,14886.648968002035,17533.083750625887,21310.006573507242,10735.48029723581,19087.612036475562
2026-04-04 10:35:00+00:00,18995.590752525248,15859.182254787183,14886.648968002035,17533.083750625887,21318.005618396266,10735.48029723581,19095.62710211019
2026-04-04 10:40:00+00:00,19003.591568513773,15867.183070775707,14886.648968002035,17541.08456661441,21326.00479425316,10735.48029723581,19103.62791809871
2026-04-04 10:45:00+00:00,19011.60709741163,15875.198599673564,14886.648968002035,17549.100095512265,21334.003534671247,10735.48029723581,19111.643446996568
2026-04-04 10:50:00+00:00,19019.618531507753,15875.198599673564,14886.648968002035,17549.100095512265,21334.003534671247,10735.48029723581,19119.65488109269
2026-04-04 10:55:00+00:00,19027.63225036653,15875.198599673564,14886.648968002035,17549.100095512265,21334.003534671247,10735.48029723581,19127.66859995147
2026-04-04 11:00:00+00:00,19035.63298082409,15875.198599673564,14886.648968002035,17549.100095512265,21334.003534671247,10735.48029723581,19135.669330409033
2026-04-04 11:05:00+00:00,19025.63298082409,15875.198599673564,14886.648968002035,17549.100095512265,21334.003534671247,10735.48029723581,19125.669330409033
2026-04-04 11:10:00+00:00,19025.63298082409,15875.198599673564,14886.648968002035,17549.100095512265,21342.007908555635,10735.48029723581,19125.669330409033
2026-04-04 11:15:00+00:00,19033.633295333522,15883.198914182993,14886.648968002035,17557.100410021696,21350.003599511405,10735.48029723581,19133.669644918464
2026-04-04 11:20:00+00:00,19023.633295333522,15883.198914182993,14886.648968002035,17557.100410021696,21350.003599511405,10735.48029723581,19123.669644918464
2026-04-04 11:25:00+00:00,19023.633295333522,15873.198914182993,14886.648968002035,17557.100410021696,21350.003599511405,10735.48029723581,19113.669644918464
2026-04-04 11:30:00+00:00,19031.648907281022,15881.214918852424,14886.648968002035,17565.116021969196,21358.00498460353,10735.48029723581,19121.68525686596
2026-04-04 11:35:00+00:00,19039.665172948058,15889.23118451946,14886.648968002035,17573.13228763623,21358.00498460353,10735.48029723581,19129.701522532996
2026-04-04 11:40:00+00:00,19047.678245945284,15897.244257516688,14886.648968002035,17581.145360633458,21366.00293457599,10735.48029723581,19137.714595530226
2026-04-04 11:45:00+00:00,19055.682939318474,15887.244257516688,14886.648968002035,17581.145360633458,21366.00293457599,10735.48029723581,19145.719288903412
2026-04-04 11:50:00+00:00,19045.682939318474,15877.244257516688,14886.648968002035,17571.145360633458,21366.00293457599,10735.48029723581,19135.719288903412
2026-04-04 11:55:00+00:00,19035.682939318474,15867.244257516688,14886.648968002035,17561.145360633458,21366.00293457599,10735.48029723581,19125.719288903412
2026-04-04 12:00:00+00:00,19043.69146966464,15875.252787862855,14886.648968002035,17569.153890979625,21366.00293457599,10735.48029723581,19133.72781924958
2026-04-04 12:05:00+00:00,19051.69837969662,15875.252787862855,14886.648968002035,17569.153890979625,21374.009878585486,10735.48029723581,19141.73472928156
2026-04-04 12:10:00+00:00,19059.70536942593,15883.259808250237,14886.648968002035,17577.160880708936,21382.01585000483,10735.48029723581,19149.74171901087
2026-04-04 12:15:00+00:00,19067.72059359957,15883.259808250237,14886.648968002035,17577.160880708936,21382.01585000483,10735.48029723581,19157.75694318451
2026-04-04 12:20:00+00:00,19057.72059359957,15873.259808250237,14886.648968002035,17567.160880708936,21382.01585000483,10735.48029723581,19147.75694318451
2026-04-04 12:25:00+00:00,19065.72994031228,15873.259808250237,14886.648968002035,17567.160880708936,21382.01585000483,10735.48029723581,19155.766289897223
2026-04-04 12:30:00+00:00,19073.745506360872,15881.275381118412,14886.648968002035,17575.176446757527,21382.01585000483,10735.48029723581,19163.781855945814
2026-04-04 12:35:00+00:00,19081.761302561546,15881.275381118412,14886.648968002035,17575.176446757527,21382.01585000483,10735.48029723581,19171.797652146488
2026-04-04 12:40:00+00:00,19089.776824266723,15889.290902823588,14886.648968002035,17583.1919684627,21390.020932071537,10735.48029723581,19179.81317385166
2026-04-04 12:45:00+00:00,19097.785814542,15897.299893098865,14886.648968002035,17591.20095873798,21398.020669450492,10735.48029723581,19187.82216412694
2026-04-04 12:50:00+00:00,19105.79711569508,15905.311194251944,14886.648968002035,17599.212259891057,21398.020669450492,10735.48029723581,19195.83346528002
2026-04-04 12:55:00+00:00,19113.80971617763,15905.311194251944,14886.648968002035,17599.212259891057,21398.020669450492,10735.48029723581,19203.846065762576
2026-04-04 13:00:00+00:00,19121.82176781587,15913.32326248106,14886.648968002035,17607.224311529295,21398.020669450492,10735.48029723581,19211.858117400814
2026-04-04 13:05:00+00:00,19111.82176781587,15903.32326248106,14886.648968002035,17597.224311529295,21398.020669450492,10735.48029723581,19201.858117400814
2026-04-04 13:10:00+00:00,19101.82176781587,15903.32326248106,14886.648968002035,17597.224311529295,21398.020669450492,10735.48029723581,19191.858117400814
2026-04-04 13:15:00+00:00,19091.82176781587,15903.32326248106,14886.648968002035,17597.224311529295,21398.020669450492,10735.48029723581,19181.858117400814
2026-04-04 13:20:00+00:00,19099.826365332243,15911.327859997433,14886.648968002035,17605.22890904567,21406.023987091132,10735.48029723581,19189.86271491718
2026-04-04 13:25:00+00:00,19107.83650250394,15901.327859997433,14886.648968002035,17605.22890904567,21406.023987091132,10735.48029723581,19197.872852088884
2026-04-04 13:30:00+00:00,19107.83650250394,15901.327859997433,14886.648968002035,17605.22890904567,21406.023987091132,10735.48029723581,19197.872852088884
2026-04-04 13:35:00+00:00,19115.793996132918,15909.285353626408,14894.595683911577,17613.17562495521,21413.975725261233,10735.48029723581,19205.83034571786
2026-04-04 13:40:00+00:00,19123.80340951945,15909.285353626408,14894.595683911577,17613.17562495521,21413.975725261233,10735.48029723581,19213.83975910439
2026-04-04 13:45:00+00:00,19131.805033572316,15909.285353626408,14894.595683911577,17613.17562495521,21421.977478789366,10735.48029723581,19221.84138315726
2026-04-04 13:50:00+00:00,19139.817110230666,15917.301522421998,14894.595683911577,17621.18770161356,21429.972946786555,10735.48029723581,19229.85345981561
2026-04-04 13:55:00+00:00,19129.817110230666,15907.301522421998,14894.595683911577,17611.18770161356,21419.972946786555,10735.48029723581,19219.85345981561
2026-04-04 14:00:00+00:00,19137.82540138012,15915.309813571452,14894.595683911577,17619.195992763012,21427.97636622189,10735.48029723581,19227.861750965065
2026-04-04 14:05:00+00:00,19127.82540138012,15905.309813571452,14894.595683911577,17609.195992763012,21427.97636622189,10735.48029723581,19217.861750965065
2026-04-04 14:10:00+00:00,19135.836062245122,15905.309813571452,14894.595683911577,17609.195992763012,21427.97636622189,10735.48029723581,19225.872411830063
2026-04-04 14:15:00+00:00,19143.848509072894,15905.309813571452,14894.595683911577,17609.195992763012,21427.97636622189,10735.48029723581,19233.884858657835
2026-04-04 14:20:00+00:00,19151.86374108076,15913.325045579319,14894.595683911577,17617.21122477088,21427.97636622189,10735.48029723581,19241.900090665702
2026-04-04 14:25:00+00:00,19141.86374108076,15903.325045579319,14894.595683911577,17607.21122477088,21427.97636622189,10735.48029723581,19231.900090665702
2026-04-04 14:30:00+00:00,19149.874577219645,15903.325045579319,14894.595683911577,17607.21122477088,21427.97636622189,10735.48029723581,19239.910926804587
2026-04-04 14:35:00+00:00,19139.874577219645,15911.342341724918,14894.595683911577,17607.21122477088,21435.945134853137,10735.48029723581,19229.910926804587
2026-04-04 14:40:00+00:00,19129.874577219645,15911.342341724918,14894.595683911577,17607.21122477088,21425.945134853137,10735.48029723581,19219.910926804587
2026-04-04 14:45:00+00:00,19137.870832022352,15911.342341724918,14894.595683911577,17607.21122477088,21433.94468051859,10735.48029723581,19227.90718160729
2026-04-04 14:50:00+00:00,19127.870832022352,15919.359268146825,14894.595683911577,17607.21122477088,21433.94468051859,10735.48029723581,19217.90718160729
2026-04-04 14:55:00+00:00,19135.88694500209,15927.375381126565,14894.595683911577,17615.227337750617,21441.9494482125,10735.48029723581,19225.92329458703
2026-04-04 15:00:00+00:00,19143.889283791912,15935.377719916385,14894.595683911577,17623.22967654044,21441.9494482125,10735.48029723581,19233.92563337685
2026-04-04 15:05:00+00:00,19151.884999322036,15935.377719916385,14894.595683911577,17623.22967654044,21449.955117821475,10735.48029723581,19241.921348906973
2026-04-04 15:10:00+00:00,19141.884999322036,15925.377719916385,14902.568077914706,17613.22967654044,21457.950788543116,10743.473298319572,19231.921348906973
2026-04-04 15:15:00+00:00,19149.89644774681,15925.377719916385,14902.568077914706,17613.22967654044,21465.955698836202,10743.473298319572,19239.93279733175
2026-04-04 15:20:00+00:00,19139.89644774681,15915.377719916385,14902.568077914706,17603.22967654044,21455.955698836202,10743.473298319572,19229.93279733175
2026-04-04 15:25:00+00:00,19147.896840878435,15923.37811304801,14902.568077914706,17611.230069672063,21463.949891742013,10743.473298319572,19237.933190463376
2026-04-04 15:30:00+00:00,19155.909823440583,15923.37811304801,14902.568077914706,17611.230069672063,21463.949891742013,10743.473298319572,19245.946173025524
2026-04-04 15:35:00+00:00,19163.919562662188,15931.387852269618,14902.568077914706,17619.239808893668,21471.95638801132,10743.473298319572,19253.955912247133
2026-04-04 15:40:00+00:00,19171.924637889533,15939.39292749696,14902.568077914706,17627.244884121013,21471.95638801132,10743.473298319572,19261.960987474475
2026-04-04 15:45:00+00:00,19161.924637889533,15929.39292749696,14902.568077914706,17617.244884121013,21471.95638801132,10743.473298319572,19251.960987474475
2026-04-04 15:50:00+00:00,19161.924637889533,15929.39292749696,14902.568077914706,17617.244884121013,21471.95638801132,10743.473298319572,19251.960987474475
2026-04-04 15:55:00+00:00,19169.940901142647,15937.409190750073,14902.568077914706,17625.261147374127,21479.95288003894,10743.473298319572,19259.97725072759
2026-04-04 16:00:00+00:00,19177.94442066554,15937.409190750073,14902.568077914706,17625.261147374127,21487.95546342194,10743.473298319572,19267.98077025048
2026-04-04 16:05:00+00:00,19167.94442066554,15937.409190750073,14902.568077914706,17625.261147374127,21487.95546342194,10743.473298319572,19257.98077025048
2026-04-04 16:10:00+00:00,19175.959451442923,15945.424221527457,14902.568077914706,17633.276178151507,21487.95546342194,10743.473298319572,19265.995801027864
2026-04-04 16:15:00+00:00,19183.95026505116,15945.424221527457,14902.568077914706,17633.276178151507,21487.95546342194,10743.473298319572,19273.986614636102
2026-04-04 16:20:00+00:00,19173.95026505116,15935.424221527457,14902.568077914706,17623.276178151507,21487.95546342194,10743.473298319572,19263.986614636102
2026-04-04 16:25:00+00:00,19181.94556224967,15935.424221527457,14902.568077914706,17623.276178151507,21495.95132668051,10743.473298319572,19271.981911834613
2026-04-04 16:30:00+00:00,19189.94545404379,15943.424113321576,14902.568077914706,17631.276069945627,21503.94504428316,10743.473298319572,19279.981803628732
2026-04-04 16:35:00+00:00,19197.952003459177,15943.424113321576,14910.547667088256,17639.25565911918,21511.925641121758,10743.473298319572,19287.988353044122
2026-04-04 16:40:00+00:00,19187.952003459177,15943.424113321576,14910.547667088256,17639.25565911918,21519.92350858501,10743.473298319572,19277.988353044122
2026-04-04 16:45:00+00:00,19195.95536557224,15943.424113321576,14910.547667088256,17639.25565911918,21527.926943325176,10743.473298319572,19285.99171515718
2026-04-04 16:50:00+00:00,19203.970479581527,15943.424113321576,14910.547667088256,17639.25565911918,21527.926943325176,10743.473298319572,19294.00682916647
2026-04-04 16:55:00+00:00,19193.970479581527,15933.424113321576,14910.547667088256,17629.25565911918,21535.924779047353,10743.473298319572,19284.00682916647
2026-04-04 17:00:00+00:00,19201.962878999642,15941.416512739692,14918.530660784581,17637.238652815504,21543.91221432925,10743.473298319572,19291.999228584584
2026-04-04 17:05:00+00:00,19209.975063122474,15941.416512739692,14918.530660784581,17637.238652815504,21543.91221432925,10743.473298319572,19300.011412707416
2026-04-04 17:10:00+00:00,19217.984341803713,15941.416512739692,14918.530660784581,17637.238652815504,21551.917300795394,10743.473298319572,19308.020691388654
2026-04-04 17:15:00+00:00,19225.998879828054,15941.416512739692,14918.530660784581,17637.238652815504,21541.917300795394,10743.473298319572,19316.03522941299
2026-04-04 17:20:00+00:00,19234.010600350288,15949.428233261926,14918.530660784581,17645.250373337738,21549.921174292456,10743.473298319572,19324.046949935226
2026-04-04 17:25:00+00:00,19224.010600350288,15949.428233261926,14918.530660784581,17645.250373337738,21549.921174292456,10743.473298319572,19314.046949935226
2026-04-04 17:30:00+00:00,19224.010600350288,15949.428233261926,14918.530660784581,17645.250373337738,21549.921174292456,10743.473298319572,19314.046949935226
2026-04-04 17:35:00+00:00,19232.01365232822,15957.431285239858,14918.530660784581,17653.25342531567,21557.925138436214,10743.473298319572,19322.050001913158
2026-04-04 17:40:00+00:00,19222.01365232822,15957.431285239858,14918.530660784581,17653.25342531567,21557.925138436214,10743.473298319572,19312.050001913158
2026-04-04 17:45:00+00:00,19212.01365232822,15957.431285239858,14918.530660784581,17653.25342531567,21557.925138436214,10743.473298319572,19302.050001913158
2026-04-04 17:50:00+00:00,19220.028090720047,15957.431285239858,14918.530660784581,17653.25342531567,21557.925138436214,10743.473298319572,19310.06444030499
2026-04-04 17:55:00+00:00,19210.028090720047,15947.431285239858,14918.530660784581,17643.25342531567,21557.925138436214,10743.473298319572,19300.06444030499
2026-04-04 18:00:00+00:00,19218.04018304956,15947.431285239858,14918.530660784581,17643.25342531567,21565.926078501638,10743.473298319572,19308.0765326345
2026-04-04 18:05:00+00:00,19208.04018304956,15947.431285239858,14918.530660784581,17643.25342531567,21565.926078501638,10743.473298319572,19298.0765326345
2026-04-04 18:10:00+00:00,19208.04018304956,15947.431285239858,14918.530660784581,17643.25342531567,21565.926078501638,10743.473298319572,19298.0765326345
2026-04-04 18:15:00+00:00,19216.044631160967,15955.435733351265,14918.530660784581,17651.25787342708,21573.92642811832,10743.473298319572,19306.080980745908
2026-04-04 18:20:00+00:00,19206.044631160967,15945.435733351265,14918.530660784581,17641.25787342708,21573.92642811832,10743.473298319572,19296.080980745908
2026-04-04 18:25:00+00:00,19214.05542041285,15945.435733351265,14918.530660784581,17641.25787342708,21573.92642811832,10743.473298319572,19304.09176999779
2026-04-04 18:30:00+00:00,19222.0664224536,15945.435733351265,14918.530660784581,17641.25787342708,21581.928430003994,10743.473298319572,19312.10277203854
2026-04-04 18:35:00+00:00,19230.07476962999,15945.435733351265,14918.530660784581,17641.25787342708,21581.928430003994,10743.473298319572,19320.111119214933
2026-04-04 18:40:00+00:00,19238.090543523773,15945.435733351265,14918.530660784581,17641.25787342708,21581.928430003994,10743.473298319572,19328.126893108718
2026-04-04 18:45:00+00:00,19246.104733149477,15945.435733351265,14918.530660784581,17641.25787342708,21581.928430003994,10743.473298319572,19336.14108273442
2026-04-04 18:50:00+00:00,19236.104733149477,15945.435733351265,14918.530660784581,17641.25787342708,21589.921066217106,10743.473298319572,19326.14108273442
2026-04-04 18:55:00+00:00,19244.116766786203,15953.44776698799,14918.530660784581,17649.269907063805,21597.924783257076,10743.473298319572,19334.153116371144
2026-04-04 19:00:00+00:00,19252.120236264665,15961.451236466453,14918.530660784581,17657.273376542267,21605.91762960935,10743.473298319572,19342.156585849607
2026-04-04 19:05:00+00:00,19260.13410044992,15961.451236466453,14918.530660784581,17657.273376542267,21613.921255446203,10743.473298319572,19350.170450034857
2026-04-04 19:10:00+00:00,19268.14095211628,15969.458088132815,14918.530660784581,17665.280228208627,21621.927255932656,10743.473298319572,19358.17730170122
2026-04-04 19:15:00+00:00,19276.121756772412,15977.438892788949,14926.50882213546,17673.258389559505,21629.906937995627,10743.473298319572,19366.158106357354
2026-04-04 19:20:00+00:00,19284.131005087445,15985.448141103983,14926.50882213546,17681.267637874542,21637.910180805746,10743.473298319572,19374.16735467239
2026-04-04 19:25:00+00:00,19292.14048254674,15993.457618563278,14926.50882213546,17689.277115333836,21645.91613342338,10743.473298319572,19382.176832131685
2026-04-04 19:30:00+00:00,19300.148290870107,16001.465426886642,14926.50882213546,17697.2849236572,21653.920898938013,10743.473298319572,19390.184640455045
2026-04-04 19:35:00+00:00,19308.163771331187,16001.465426886642,14926.50882213546,17697.2849236572,21661.925201479607,10743.473298319572,19398.200120916128
2026-04-04 19:40:00+00:00,19316.16311657951,16009.464772134968,14926.50882213546,17705.28426890553,21669.919011020465,10743.473298319572,19406.199466164457
2026-04-04 19:45:00+00:00,19324.177917900823,16009.464772134968,14926.50882213546,17705.28426890553,21669.919011020465,10743.473298319572,19414.21426748576
2026-04-04 19:50:00+00:00,19332.19013383217,16017.476988066315,14926.50882213546,17713.296484836872,21669.919011020465,10743.473298319572,19422.226483417107
2026-04-04 19:55:00+00:00,19340.202804867426,16025.489659101575,14926.50882213546,17721.309155872135,21677.920880380505,10743.473298319572,19430.23915445237
2026-04-04 20:00:00+00:00,19348.21752292368,16025.489659101575,14926.50882213546,17721.309155872135,21685.925061120528,10743.473298319572,19438.25387250862
2026-04-04 20:05:00+00:00,19356.222799939227,16033.494936117124,14926.50882213546,17729.31443288768,21693.931748707673,10743.473298319572,19446.259149524165
2026-04-04 20:10:00+00:00,19356.222799939227,16033.494936117124,14926.50882213546,17729.31443288768,21693.931748707673,10743.473298319572,19446.259149524165
2026-04-04 20:15:00+00:00,19364.231331915194,16041.503468093091,14926.50882213546,17737.322964863648,21701.939031224403,10743.473298319572,19454.267681500132
2026-04-04 20:20:00+00:00,19364.231331915194,16041.503468093091,14926.50882213546,17737.322964863648,21701.939031224403,10743.473298319572,19454.267681500132
2026-04-04 20:25:00+00:00,19354.231331915194,16049.519543438651,14926.50882213546,17737.322964863648,21701.939031224403,10743.473298319572,19444.267681500132
2026-04-04 20:30:00+00:00,19362.246804542727,16049.519543438651,14926.50882213546,17737.322964863648,21701.939031224403,10743.473298319572,19452.28315412767
2026-04-04 20:35:00+00:00,19352.246804542727,16039.519543438651,14926.50882213546,17727.322964863648,21701.939031224403,10743.473298319572,19442.28315412767
2026-04-04 20:40:00+00:00,19342.246804542727,16029.519543438651,14926.50882213546,17717.322964863648,21701.939031224403,10743.473298319572,19432.28315412767
2026-04-04 20:45:00+00:00,19350.258767964326,16037.53150686025,14926.50882213546,17725.334928285247,21709.941439369024,10743.473298319572,19440.295117549264
2026-04-04 20:50:00+00:00,19358.27399860264,16045.546737498564,14926.50882213546,17733.35015892356,21709.941439369024,10743.473298319572,19448.31034818758
2026-04-04 20:55:00+00:00,19366.28821966164,16045.546737498564,14926.50882213546,17733.35015892356,21709.941439369024,10743.473298319572,19456.32456924658
2026-04-04 21:00:00+00:00,19366.28821966164,16045.546737498564,14926.50882213546,17733.35015892356,21709.941439369024,10743.473298319572,19456.32456924658
2026-04-04 21:05:00+00:00,19356.28821966164,16035.546737498564,14926.50882213546,17723.35015892356,21709.941439369024,10743.473298319572,19446.32456924658
2026-04-04 21:10:00+00:00,19364.30184357857,16043.560361415495,14926.50882213546,17731.363782840494,21717.9463311973,10743.473298319572,19454.338193163512
2026-04-04 21:15:00+00:00,19372.31713075912,16043.560361415495,14926.50882213546,17731.363782840494,21725.944826199684,10743.473298319572,19462.35348034406
2026-04-04 21:20:00+00:00,19380.32728544545,16033.560361415495,14926.50882213546,17731.363782840494,21725.944826199684,10743.473298319572,19470.363635030393
2026-04-04 21:25:00+00:00,19388.343567099826,16041.576647899354,14926.50882213546,17739.380064494868,21725.944826199684,10743.473298319572,19478.379916684768
2026-04-04 21:30:00+00:00,19378.343567099826,16031.576647899354,14926.50882213546,17729.380064494868,21725.944826199684,10743.473298319572,19468.379916684768
2026-04-04 21:35:00+00:00,19386.358243672064,16031.576647899354,14926.50882213546,17729.380064494868,21733.939846925532,10743.473298319572,19476.394593257006
2026-04-04 21:40:00+00:00,19394.372783995444,16031.576647899354,14926.50882213546,17729.380064494868,21733.939846925532,10743.473298319572,19484.409133580386
2026-04-04 21:45:00+00:00,19384.372783995444,16031.576647899354,14926.50882213546,17729.380064494868,21733.939846925532,10743.473298319572,19474.409133580386
2026-04-04 21:50:00+00:00,19374.372783995444,16031.576647899354,14926.50882213546,17729.380064494868,21741.93984469365,10743.473298319572,19464.409133580386
2026-04-04 21:55:00+00:00,19382.38409454572,16031.576647899354,14926.50882213546,17729.380064494868,21749.940024412303,10743.473298319572,19472.42044413066
2026-04-04 22:00:00+00:00,19390.39589870411,16031.576647899354,14926.50882213546,17729.380064494868,21757.94337690338,10743.473298319572,19480.432248289053
2026-04-04 22:05:00+00:00,19380.39589870411,16031.576647899354,14926.50882213546,17729.380064494868,21757.94337690338,10743.473298319572,19470.432248289053
2026-04-04 22:10:00+00:00,19370.39589870411,16031.576647899354,14926.50882213546,17729.380064494868,21757.94337690338,10743.473298319572,19460.432248289053
2026-04-04 22:15:00+00:00,19378.4055809851,16039.586330180344,14926.50882213546,17737.389746775858,21765.942992007193,10743.473298319572,19468.441930570043
2026-04-04 22:20:00+00:00,19368.4055809851,16029.586330180344,14926.50882213546,17727.389746775858,21755.942992007193,10743.473298319572,19458.441930570043
2026-04-04 22:25:00+00:00,19376.412303618592,16029.586330180344,14926.50882213546,17727.389746775858,21755.942992007193,10743.473298319572,19466.448653203537
2026-04-04 22:30:00+00:00,19384.42763533266,16029.586330180344,14926.50882213546,17727.389746775858,21763.9402290921,10743.473298319572,19474.463984917602
2026-04-04 22:35:00+00:00,19384.42763533266,16019.586330180344,14926.50882213546,17727.389746775858,21763.9402290921,10743.473298319572,19464.463984917602
2026-04-04 22:40:00+00:00,19392.441321103353,16019.586330180344,14926.50882213546,17727.389746775858,21763.9402290921,10743.473298319572,19472.4776706883
2026-04-04 22:45:00+00:00,19400.439035998395,16027.584045075382,14926.50882213546,17735.387461670896,21771.92989397551,10743.473298319572,19480.475385583333
2026-04-04 22:50:00+00:00,19408.45151075092,16035.596519827908,14926.50882213546,17743.399936423422,21771.92989397551,10743.473298319572,19488.48786033586
2026-04-04 22:55:00+00:00,19416.465562585217,16035.596519827908,14926.50882213546,17743.399936423422,21771.92989397551,10743.473298319572,19496.50191217016
2026-04-04 23:00:00+00:00,19424.478657156084,16043.609614398778,14926.50882213546,17751.413030994292,21779.936084331097,10743.473298319572,19504.51500674103
2026-04-04 23:05:00+00:00,19414.478657156084,16033.609614398778,14926.50882213546,17741.413030994292,21769.936084331097,10743.473298319572,19494.51500674103
2026-04-04 23:10:00+00:00,19422.493838265644,16033.609614398778,14926.50882213546,17741.413030994292,21769.936084331097,10743.473298319572,19502.530187850585
2026-04-04 23:15:00+00:00,19412.493838265644,16033.609614398778,14926.50882213546,17741.413030994292,21769.936084331097,10743.473298319572,19492.530187850585
2026-04-04 23:20:00+00:00,19420.50198445013,16041.617760583265,14926.50882213546,17749.421177178778,21777.943293391218,10743.473298319572,19500.538334035075
2026-04-04 23:25:00+00:00,19420.50198445013,16041.617760583265,14926.50882213546,17749.421177178778,21777.943293391218,10743.473298319572,19500.538334035075
2026-04-04 23:30:00+00:00,19420.50198445013,16041.617760583265,14926.50882213546,17749.421177178778,21777.943293391218,10743.473298319572,19500.538334035075
2026-04-04 23:35:00+00:00,19428.516324372147,16049.62958749745,14926.50882213546,17757.435517100796,21777.943293391218,10743.473298319572,19508.552673957092
2026-04-04 23:40:00+00:00,19418.516324372147,16049.62958749745,14926.50882213546,17757.435517100796,21785.928424337857,10743.473298319572,19498.552673957092
2026-04-04 23:45:00+00:00,19426.52955163873,16049.62958749745,14926.50882213546,17757.435517100796,21793.93222582699,10743.473298319572,19506.565901223672
2026-04-04 23:50:00+00:00,19434.534163666758,16057.63423678852,14926.50882213546,17765.440129128823,21801.93560017592,10743.473298319572,19514.5705132517
2026-04-04 23:55:00+00:00,19442.549267523278,16057.63423678852,14926.50882213546,17765.440129128823,21801.93560017592,10743.473298319572,19522.58561710822
2026-04-05 00:00:00+00:00,19442.549267523278,16057.63423678852,14926.50882213546,17765.440129128823,21801.93560017592,10743.473298319572,19522.58561710822
2026-04-05 00:05:00+00:00,19450.559572267797,16065.64454153304,14926.50882213546,17773.450433873342,21801.93560017592,10743.473298319572,19530.59592185274
2026-04-05 00:10:00+00:00,19440.559572267797,16065.64454153304,14926.50882213546,17773.450433873342,21801.93560017592,10743.473298319572,19520.59592185274
2026-04-05 00:15:00+00:00,19448.575875026825,16065.64454153304,14926.50882213546,17773.450433873342,21801.93560017592,10743.473298319572,19528.612224611767
2026-04-05 00:20:00+00:00,19456.589107882115,16073.657774388332,14926.50882213546,17781.463666728632,21801.93560017592,10743.473298319572,19536.625457467057
2026-04-05 00:25:00+00:00,19446.589107882115,16063.657774388332,14926.50882213546,17771.463666728632,21801.93560017592,10743.473298319572,19526.625457467057
2026-04-05 00:30:00+00:00,19446.589107882115,16063.657774388332,14926.50882213546,17771.463666728632,21801.93560017592,10743.473298319572,19526.625457467057
2026-04-05 00:35:00+00:00,19454.58480650511,16063.657774388332,14926.50882213546,17771.463666728632,21801.93560017592,10743.473298319572,19534.621156090056
2026-04-05 00:40:00+00:00,19444.58480650511,16053.657774388332,14926.50882213546,17761.463666728632,21801.93560017592,10743.473298319572,19524.621156090056
2026-04-05 00:45:00+00:00,19452.592903825316,16061.666590163088,14926.50882213546,17769.471764048834,21801.93560017592,10743.473298319572,19532.629253410254
2026-04-05 00:50:00+00:00,19460.60842794701,16069.673766697895,14926.50882213546,17777.48728817053,21809.94066166568,10743.473298319572,19540.644777531954
2026-04-05 00:55:00+00:00,19450.60842794701,16059.673766697895,14926.50882213546,17767.48728817053,21799.94066166568,10743.473298319572,19530.644777531954
2026-04-05 01:00:00+00:00,19440.60842794701,16049.673766697895,14926.50882213546,17757.48728817053,21807.92096606204,10743.473298319572,19520.644777531954
2026-04-05 01:05:00+00:00,19448.622666478077,16057.674312969466,14926.50882213546,17765.5015267016,21815.92632707406,10743.473298319572,19528.659016063022
2026-04-05 01:10:00+00:00,19456.619254594,16065.670901085388,14926.50882213546,17773.49811481752,21823.933188888204,10743.473298319572,19536.655604178944
2026-04-05 01:15:00+00:00,19464.635689028204,16065.670901085388,14926.50882213546,17773.49811481752,21823.933188888204,10743.473298319572,19544.67203861315
2026-04-05 01:20:00+00:00,19454.635689028204,16065.670901085388,14926.50882213546,17773.49811481752,21831.93297884799,10743.473298319572,19534.67203861315
2026-04-05 01:25:00+00:00,19462.6484199904,16065.670901085388,14926.50882213546,17773.49811481752,21831.93297884799,10743.473298319572,19542.68476957534
2026-04-05 01:30:00+00:00,19470.663986670894,16073.679536119538,14926.50882213546,17781.513681498018,21839.936342056502,10743.473298319572,19550.700336255835
2026-04-05 01:35:00+00:00,19478.68044688803,16073.679536119538,14926.50882213546,17781.513681498018,21839.936342056502,10743.473298319572,19558.716796472967
2026-04-05 01:40:00+00:00,19486.69174385931,16073.679536119538,14926.50882213546,17781.513681498018,21847.94178915798,10743.473298319572,19566.728093444246
2026-04-05 01:45:00+00:00,19486.69174385931,16073.679536119538,14926.50882213546,17781.513681498018,21847.94178915798,10743.473298319572,19566.728093444246
2026-04-05 01:50:00+00:00,19486.69174385931,16073.679536119538,14926.50882213546,17781.513681498018,21847.94178915798,10743.473298319572,19566.728093444246
2026-04-05 01:55:00+00:00,19476.69174385931,16073.679536119538,14926.50882213546,17781.513681498018,21847.94178915798,10743.473298319572,19556.728093444246
2026-04-05 02:00:00+00:00,19484.69043571878,16081.664171271823,14934.493599704248,17789.498459066803,21855.924909785906,10743.473298319572,19564.72678530372
2026-04-05 02:05:00+00:00,19492.69638061367,16089.670116166713,14934.493599704248,17797.504403961695,21863.927229097637,10743.473298319572,19572.73273019861
2026-04-05 02:10:00+00:00,19482.69638061367,16089.670116166713,14934.493599704248,17797.504403961695,21863.927229097637,10743.473298319572,19562.73273019861
2026-04-05 02:15:00+00:00,19490.705857608016,16097.679593161058,14934.493599704248,17805.513880956038,21871.924897124256,10743.473298319572,19570.742207192954
2026-04-05 02:20:00+00:00,19498.707806668215,16105.68154222126,14934.493599704248,17813.515830016244,21879.92967374948,10743.473298319572,19578.74415625316
2026-04-05 02:25:00+00:00,19506.717568195396,16113.690459521968,14934.493599704248,17821.52559154342,21887.928462380107,10743.473298319572,19586.753917780337
2026-04-05 02:30:00+00:00,19514.73020966179,16113.690459521968,14934.493599704248,17821.52559154342,21887.928462380107,10743.473298319572,19594.76655924673
2026-04-05 02:35:00+00:00,19504.73020966179,16103.690459521968,14934.493599704248,17811.52559154342,21887.928462380107,10743.473298319572,19584.76655924673
2026-04-05 02:40:00+00:00,19504.73020966179,16103.690459521968,14934.493599704248,17811.52559154342,21887.928462380107,10743.473298319572,19584.76655924673
2026-04-05 02:45:00+00:00,19512.74573615969,16093.690459521968,14934.493599704248,17811.52559154342,21887.928462380107,10743.473298319572,19592.782085744635
2026-04-05 02:50:00+00:00,19520.76114730788,16101.701147584206,14934.493599704248,17819.541002691607,21887.928462380107,10743.473298319572,19600.797496892817
2026-04-05 02:55:00+00:00,19520.76114730788,16101.701147584206,14934.493599704248,17819.541002691607,21887.928462380107,10743.473298319572,19600.797496892817
2026-04-05 03:00:00+00:00,19528.777174129824,16109.711801346997,14934.493599704248,17827.557029513555,21887.928462380107,10743.473298319572,19608.813523714765
2026-04-05 03:05:00+00:00,19536.793068088275,16109.711801346997,14934.493599704248,17827.557029513555,21887.928462380107,10743.473298319572,19616.829417673216
2026-04-05 03:10:00+00:00,19526.793068088275,16109.711801346997,14934.493599704248,17827.557029513555,21895.928764499185,10743.473298319572,19606.829417673216
2026-04-05 03:15:00+00:00,19534.809326730887,16109.711801346997,14934.493599704248,17827.557029513555,21895.928764499185,10743.473298319572,19614.845676315832
2026-04-05 03:20:00+00:00,19542.822226164295,16117.723493075118,14934.493599704248,17835.569928946963,21895.928764499185,10743.473298319572,19622.85857574924
2026-04-05 03:25:00+00:00,19532.822226164295,16107.723493075118,14934.493599704248,17825.569928946963,21895.928764499185,10743.473298319572,19612.85857574924
2026-04-05 03:30:00+00:00,19540.83445185643,16115.735718767251,14934.493599704248,17833.582154639094,21903.92505229785,10743.473298319572,19620.87080144137
2026-04-05 03:35:00+00:00,19548.848853652285,16123.750120563105,14934.493599704248,17841.59655643495,21903.92505229785,10743.473298319572,19628.885203237227
2026-04-05 03:40:00+00:00,19556.860774567154,16131.76205843224,14934.493599704248,17849.608477349822,21903.92505229785,10743.473298319572,19636.8971241521
2026-04-05 03:45:00+00:00,19556.860774567154,16121.76205843224,14934.493599704248,17849.608477349822,21903.92505229785,10743.473298319572,19626.8971241521
2026-04-05 03:50:00+00:00,19546.860774567154,16111.76205843224,14934.493599704248,17839.608477349822,21903.92505229785,10743.473298319572,19616.8971241521
2026-04-05 03:55:00+00:00,19536.860774567154,16101.76205843224,14934.493599704248,17829.608477349822,21903.92505229785,10743.473298319572,19606.8971241521
2026-04-05 04:00:00+00:00,19526.860774567154,16091.76205843224,14934.493599704248,17819.608477349822,21903.92505229785,10743.473298319572,19596.8971241521
2026-04-05 04:05:00+00:00,19534.87444677191,16099.775742722602,14934.493599704248,17827.622149554576,21903.92505229785,10743.473298319572,19604.910796356853
2026-04-05 04:10:00+00:00,19542.880418348966,16099.775742722602,14934.493599704248,17827.622149554576,21911.929874943373,10743.473298319572,19612.916767933908
2026-04-05 04:15:00+00:00,19550.891047738784,16099.775742722602,14934.493599704248,17827.622149554576,21919.92632489147,10743.473298319572,19620.92739732373
2026-04-05 04:20:00+00:00,19558.904155962595,16099.775742722602,14934.493599704248,17827.622149554576,21919.92632489147,10743.473298319572,19628.940505547536
2026-04-05 04:25:00+00:00,19566.90846308958,16107.780049849587,14934.493599704248,17835.62645668156,21927.932336105747,10743.473298319572,19636.94481267452
2026-04-05 04:30:00+00:00,19574.91558131514,16107.780049849587,14934.493599704248,17835.62645668156,21927.932336105747,10743.473298319572,19644.951930900083
2026-04-05 04:35:00+00:00,19564.91558131514,16107.780049849587,14934.493599704248,17835.62645668156,21927.932336105747,10743.473298319572,19634.951930900083
2026-04-05 04:40:00+00:00,19572.931130004356,16107.780049849587,14934.493599704248,17835.62645668156,21927.932336105747,10743.473298319572,19642.967479589293
2026-04-05 04:45:00+00:00,19580.9411196494,16107.780049849587,14934.493599704248,17835.62645668156,21935.93024224157,10743.473298319572,19650.97746923434
2026-04-05 04:50:00+00:00,19580.9411196494,16107.780049849587,14934.493599704248,17835.62645668156,21935.93024224157,10743.473298319572,19650.97746923434
2026-04-05 04:55:00+00:00,19588.954915353337,16107.780049849587,14934.493599704248,17835.62645668156,21935.93024224157,10743.473298319572,19658.991264938275
2026-04-05 05:00:00+00:00,19596.96211464391,16115.78724914016,14934.493599704248,17843.63365597213,21943.93641415871,10743.473298319572,19666.998464228847
2026-04-05 05:05:00+00:00,19586.96211464391,16105.78724914016,14934.493599704248,17833.63365597213,21943.93641415871,10743.473298319572,19656.998464228847
2026-04-05 05:10:00+00:00,19576.96211464391,16113.797549255825,14934.493599704248,17833.63365597213,21951.934342582535,10743.473298319572,19646.998464228847
2026-04-05 05:15:00+00:00,19566.96211464391,16103.797549255825,14934.493599704248,17823.63365597213,21951.934342582535,10743.473298319572,19636.998464228847
2026-04-05 05:20:00+00:00,19556.96211464391,16103.797549255825,14934.493599704248,17823.63365597213,21951.934342582535,10743.473298319572,19626.998464228847
2026-04-05 05:25:00+00:00,19564.97777187593,16111.813619505974,14934.493599704248,17831.649313204154,21951.934342582535,10743.473298319572,19635.01412146087
2026-04-05 05:30:00+00:00,19572.993876720844,16119.828049905154,14934.493599704248,17839.66541804907,21951.934342582535,10743.473298319572,19643.030226305782
2026-04-05 05:35:00+00:00,19562.993876720844,16119.828049905154,14934.493599704248,17839.66541804907,21951.934342582535,10743.473298319572,19633.030226305782
2026-04-05 05:40:00+00:00,19571.009606148884,16127.842263383087,14934.493599704248,17847.68114747711,21951.934342582535,10743.473298319572,19641.045955733825
2026-04-05 05:45:00+00:00,19561.009606148884,16117.842263383087,14934.493599704248,17837.68114747711,21951.934342582535,10743.473298319572,19631.045955733825
2026-04-05 05:50:00+00:00,19569.004084212585,16125.836741446787,14942.488334139765,17845.675881912626,21959.920242699958,10743.473298319572,19639.040433797527
2026-04-05 05:55:00+00:00,19576.99941962866,16133.832076862862,14950.474121337382,17853.661669110243,21967.909418049116,10743.473298319572,19647.035769213602
2026-04-05 06:00:00+00:00,19566.99941962866,16133.832076862862,14950.474121337382,17853.661669110243,21957.909418049116,10743.473298319572,19637.035769213602
2026-04-05 06:05:00+00:00,19574.988918359213,16141.821575593414,14958.457334887255,17861.644882660115,21965.89752907388,10743.473298319572,19645.025267944155
2026-04-05 06:10:00+00:00,19582.976908836892,16149.814559533694,14958.457334887255,17869.632873137794,21973.903537312297,10743.473298319572,19653.013258421837
2026-04-05 06:15:00+00:00,19572.976908836892,16149.814559533694,14958.457334887255,17869.632873137794,21963.903537312297,10743.473298319572,19643.013258421837
2026-04-05 06:20:00+00:00,19580.989099763217,16149.814559533694,14958.457334887255,17869.632873137794,21971.91078616852,10743.473298319572,19651.02544934816
2026-04-05 06:25:00+00:00,19588.996150969702,16157.82161074018,14958.457334887255,17877.639924344283,21979.91679134457,10743.473298319572,19659.032500554647
2026-04-05 06:30:00+00:00,19596.994419003873,16165.819878774351,14958.457334887255,17885.638192378454,21987.91378736742,10743.473298319572,19667.03076858882
2026-04-05 06:35:00+00:00,19605.002485466022,16173.827945236495,14958.457334887255,17893.6462588406,21995.914063206008,10743.473298319572,19675.03883505096
2026-04-05 06:40:00+00:00,19605.002485466022,16173.827945236495,14958.457334887255,17893.6462588406,21995.914063206008,10743.473298319572,19675.03883505096
2026-04-05 06:45:00+00:00,19613.013245295115,16181.838705065591,14958.457334887255,17901.65701866969,22003.914523992356,10743.473298319572,19683.049594880056
2026-04-05 06:50:00+00:00,19603.013245295115,16171.838705065591,14958.457334887255,17891.65701866969,22003.914523992356,10743.473298319572,19673.049594880056
2026-04-05 06:55:00+00:00,19593.013245295115,16161.838705065591,14958.457334887255,17881.65701866969,22011.90753254013,10743.473298319572,19663.049594880056
2026-04-05 07:00:00+00:00,19601.009141888164,16169.83460165864,14958.457334887255,17889.652915262745,22019.9013205929,10743.473298319572,19671.045491473105
2026-04-05 07:05:00+00:00,19609.02177119501,16177.847245950506,14958.457334887255,17897.66554456959,22019.9013205929,10743.473298319572,19679.058120779955
2026-04-05 07:10:00+00:00,19599.02177119501,16167.847245950506,14958.457334887255,17887.66554456959,22009.9013205929,10743.473298319572,19669.058120779955
2026-04-05 07:15:00+00:00,19607.00948308422,16175.834957839716,14966.443229263592,17895.65143894593,22017.886145245015,10743.473298319572,19677.04583266916
2026-04-05 07:20:00+00:00,19615.023149525427,16183.848636382554,14966.443229263592,17903.665105387136,22017.886145245015,10743.473298319572,19685.059499110364
2026-04-05 07:25:00+00:00,19623.0356171768,16191.861104033931,14966.443229263592,17911.677573038512,22017.886145245015,10743.473298319572,19693.071966761745
2026-04-05 07:30:00+00:00,19631.043912803187,16199.869399660314,14966.443229263592,17919.685868664896,22025.891450663847,10743.473298319572,19701.080262388125
2026-04-05 07:35:00+00:00,19639.05895915098,16207.884741297525,14966.443229263592,17927.70091501269,22025.891450663847,10743.473298319572,19709.095308735923
2026-04-05 07:40:00+00:00,19647.069899928574,16215.895682075117,14966.443229263592,17935.711855790287,22033.897592144054,10743.473298319572,19717.106249513516
2026-04-05 07:45:00+00:00,19637.069899928574,16205.895682075117,14966.443229263592,17925.711855790287,22023.897592144054,10743.473298319572,19707.106249513516
2026-04-05 07:50:00+00:00,19645.07254669338,16213.898328839923,14966.443229263592,17933.714502555093,22031.89985907991,10743.473298319572,19715.10889627832
2026-04-05 07:55:00+00:00,19653.084698755963,16213.898328839923,14966.443229263592,17933.714502555093,22031.89985907991,10743.473298319572,19723.1210483409
2026-04-05 08:00:00+00:00,19661.087149492174,16221.900779576135,14966.443229263592,17941.716953291303,22039.898474211735,10743.473298319572,19731.12349907711
2026-04-05 08:05:00+00:00,19669.101887801546,16229.910174569468,14966.443229263592,17949.731691600675,22047.90247192743,10743.473298319572,19739.138237386484
2026-04-05 08:10:00+00:00,19677.111602311514,16229.910174569468,14966.443229263592,17949.731691600675,22055.901202540077,10743.473298319572,19747.147951896455
2026-04-05 08:15:00+00:00,19685.1254280375,16229.910174569468,14966.443229263592,17949.731691600675,22055.901202540077,10743.473298319572,19755.161777622438
2026-04-05 08:20:00+00:00,19685.1254280375,16229.910174569468,14966.443229263592,17949.731691600675,22055.901202540077,10743.473298319572,19755.161777622438
2026-04-05 08:25:00+00:00,19675.1254280375,16237.924743402207,14966.443229263592,17949.731691600675,22055.901202540077,10743.473298319572,19745.161777622438
2026-04-05 08:30:00+00:00,19683.134201678684,16237.924743402207,14966.443229263592,17949.731691600675,22055.901202540077,10743.473298319572,19753.170551263625
2026-04-05 08:35:00+00:00,19691.14807795744,16245.93904118142,14966.443229263592,17957.74556787943,22055.901202540077,10743.473298319572,19761.18442754238
2026-04-05 08:40:00+00:00,19699.157654048766,16253.948617272748,14966.443229263592,17965.755143970757,22063.9062002739,10743.473298319572,19769.194003633707
2026-04-05 08:45:00+00:00,19707.173613495153,16261.96055434721,14966.443229263592,17973.771103417144,22063.9062002739,10743.473298319572,19777.209963080095
2026-04-05 08:50:00+00:00,19707.173613495153,16269.975219752869,14966.443229263592,17973.771103417144,22063.9062002739,10743.473298319572,19785.224628485754
2026-04-05 08:55:00+00:00,19715.182333560246,16277.983939817957,14966.443229263592,17981.779823482233,22071.91091799536,10743.473298319572,19793.233348550842
2026-04-05 09:00:00+00:00,19723.188584210657,16285.991546369696,14966.443229263592,17989.786074132648,22079.917210126347,10743.473298319572,19801.23959920126
2026-04-05 09:05:00+00:00,19731.17586138341,16293.978823542446,14974.43534756624,17997.778192435297,22087.901558724665,10743.473298319572,19809.226876374007
2026-04-05 09:10:00+00:00,19739.190588829617,16293.978823542446,14974.43534756624,17997.778192435297,22087.901558724665,10743.473298319572,19817.241603820214
2026-04-05 09:15:00+00:00,19747.20335565883,16293.978823542446,14974.43534756624,17997.778192435297,22087.901558724665,10743.473298319572,19825.25437064943
2026-04-05 09:20:00+00:00,19755.213130139004,16293.978823542446,14974.43534756624,17997.778192435297,22095.908129560506,10743.473298319572,19833.264145129608
2026-04-05 09:25:00+00:00,19745.213130139004,16293.978823542446,14974.43534756624,17997.778192435297,22095.908129560506,10743.473298319572,19823.264145129608
2026-04-05 09:30:00+00:00,19735.213130139004,16293.978823542446,14974.43534756624,17997.778192435297,22095.908129560506,10743.473298319572,19813.264145129608
2026-04-05 09:35:00+00:00,19725.213130139004,16293.978823542446,14974.43534756624,17997.778192435297,22103.913828928133,10743.473298319572,19803.264145129608
2026-04-05 09:40:00+00:00,19733.221305770596,16301.986999174038,14974.43534756624,18005.78636806689,22111.918918750132,10743.473298319572,19811.272320761196
2026-04-05 09:45:00+00:00,19741.232207782246,16309.997901185685,14974.43534756624,18013.797270078536,22111.918918750132,10743.473298319572,19819.283222772843
2026-04-05 09:50:00+00:00,19749.248536987077,16309.997901185685,14974.43534756624,18013.797270078536,22111.918918750132,10743.473298319572,19827.299551977674
2026-04-05 09:55:00+00:00,19739.248536987077,16309.997901185685,14974.43534756624,18013.797270078536,22111.918918750132,10743.473298319572,19817.299551977674
2026-04-05 10:00:00+00:00,19739.248536987077,16309.997901185685,14974.43534756624,18013.797270078536,22119.925170251106,10743.473298319572,19817.299551977674
2026-04-05 10:05:00+00:00,19747.262700040872,16318.012194927422,14974.43534756624,18021.81143313233,22127.91850412351,10743.473298319572,19825.313715031472
2026-04-05 10:10:00+00:00,19755.27060643311,16326.02010131966,14974.43534756624,18029.81933952457,22135.925446003966,10743.473298319572,19833.32162142371
2026-04-05 10:15:00+00:00,19763.28091741713,16334.034533591715,14974.43534756624,18037.82965050859,22135.925446003966,10743.473298319572,19841.33193240773
2026-04-05 10:20:00+00:00,19763.28091741713,16334.034533591715,14974.43534756624,18037.82965050859,22135.925446003966,10743.473298319572,19841.33193240773
2026-04-05 10:25:00+00:00,19771.294126575787,16342.052547449563,14974.43534756624,18045.842859667246,22135.925446003966,10743.473298319572,19849.345141566388
2026-04-05 10:30:00+00:00,19779.301195780274,16342.052547449563,14974.43534756624,18045.842859667246,22135.925446003966,10743.473298319572,19857.35221077087
2026-04-05 10:35:00+00:00,19787.28960310563,16342.052547449563,14982.412687914668,18053.820200015674,22143.911032226068,10743.473298319572,19865.34061809623
2026-04-05 10:40:00+00:00,19795.29204856896,16350.054992912892,14982.412687914668,18061.822645479002,22151.911992773035,10743.473298319572,19873.343063559558
2026-04-05 10:45:00+00:00,19803.291808078582,16358.054752422511,14982.412687914668,18069.822404988623,22159.912765367968,10743.473298319572,19881.34282306918
2026-04-05 10:50:00+00:00,19793.291808078582,16358.054752422511,14982.412687914668,18069.822404988623,22167.91661450479,10743.473298319572,19871.34282306918
2026-04-05 10:55:00+00:00,19793.291808078582,16358.054752422511,14982.412687914668,18069.822404988623,22167.91661450479,10743.473298319572,19871.34282306918
2026-04-05 11:00:00+00:00,19801.298720652056,16366.061664995988,14982.412687914668,18077.8293175621,22175.922926921092,10743.473298319572,19879.34973564266
2026-04-05 11:05:00+00:00,19809.303767331003,16366.061664995988,14982.412687914668,18077.8293175621,22175.922926921092,10743.473298319572,19887.354782321607
2026-04-05 11:10:00+00:00,19809.303767331003,16366.061664995988,14982.412687914668,18077.8293175621,22183.917145675397,10743.473298319572,19887.354782321607
2026-04-05 11:15:00+00:00,19817.314591693405,16374.072509360627,14982.412687914668,18085.8401419245,22183.917145675397,10743.473298319572,19895.365606684005
2026-04-05 11:20:00+00:00,19807.314591693405,16374.072509360627,14982.412687914668,18085.8401419245,22183.917145675397,10743.473298319572,19885.365606684005
2026-04-05 11:25:00+00:00,19797.314591693405,16364.072509360627,14982.412687914668,18075.8401419245,22183.917145675397,10743.473298319572,19875.365606684005
2026-04-05 11:30:00+00:00,19805.327088658312,16372.085006325535,14982.412687914668,18083.852638889406,22183.917145675397,10743.473298319572,19883.37810364891
2026-04-05 11:35:00+00:00,19813.33775408,16380.095671747222,14982.412687914668,18091.863304311093,22183.917145675397,10743.473298319572,19891.3887690706
2026-04-05 11:40:00+00:00,19821.353369589568,16388.111293938833,14982.412687914668,18099.878919820665,22183.917145675397,10743.473298319572,19899.40438458017
2026-04-05 11:45:00+00:00,19829.365561408697,16396.12350195916,14982.412687914668,18107.89111163979,22183.917145675397,10743.473298319572,19907.416576399293
2026-04-05 11:50:00+00:00,19829.365561408697,16396.12350195916,14982.412687914668,18107.89111163979,22183.917145675397,10743.473298319572,19907.416576399293
2026-04-05 11:55:00+00:00,19829.365561408697,16404.13739035061,14982.412687914668,18107.89111163979,22183.917145675397,10743.473298319572,19915.43046479075
2026-04-05 12:00:00+00:00,19837.377427513253,16412.14927356179,14982.412687914668,18115.90297774435,22191.9046107875,10743.473298319572,19923.44233089531
2026-04-05 12:05:00+00:00,19827.377427513253,16402.14927356179,14982.412687914668,18105.90297774435,22191.9046107875,10743.473298319572,19913.44233089531
2026-04-05 12:10:00+00:00,19835.37791064514,16410.149756693674,14982.412687914668,18113.903460876234,22199.90342208537,10743.473298319572,19921.442814027192
2026-04-05 12:15:00+00:00,19843.39057921234,16410.149756693674,14982.412687914668,18113.903460876234,22199.90342208537,10743.473298319572,19929.455482594396
2026-04-05 12:20:00+00:00,19851.40226185847,16418.161439339805,14982.412687914668,18121.91514352236,22199.90342208537,10743.473298319572,19937.467165240523
2026-04-05 12:25:00+00:00,19859.410833439644,16418.161439339805,14982.412687914668,18121.91514352236,22207.900821905598,10743.473298319572,19945.475736821696
2026-04-05 12:30:00+00:00,19867.39167882139,16426.142284721547,14990.360174317935,18129.86262992563,22215.87812736875,10743.473298319572,19953.456582203442
2026-04-05 12:35:00+00:00,19875.406186929817,16426.142284721547,14990.360174317935,18129.86262992563,22223.864958495888,10743.473298319572,19961.47109031187
2026-04-05 12:40:00+00:00,19883.40871385033,16434.144854695856,14990.360174317935,18137.865156846143,22231.86605541537,10743.473298319572,19969.473617232383
2026-04-05 12:45:00+00:00,19873.40871385033,16424.144854695856,14990.360174317935,18127.865156846143,22231.86605541537,10743.473298319572,19959.473617232383
2026-04-05 12:50:00+00:00,19881.400702358245,16432.13684320377,14998.335253761234,18135.84023628944,22239.862307057472,10743.473298319572,19967.465605740297
2026-04-05 12:55:00+00:00,19871.400702358245,16432.13684320377,14998.335253761234,18135.84023628944,22239.862307057472,10743.473298319572,19957.465605740297
2026-04-05 13:00:00+00:00,19879.406118905674,16440.1422597512,14998.335253761234,18143.845652836873,22247.868798981355,10743.473298319572,19965.47102228773
2026-04-05 13:05:00+00:00,19887.420655314618,16440.1422597512,14998.335253761234,18143.845652836873,22247.868798981355,10743.473298319572,19973.485558696673
2026-04-05 13:10:00+00:00,19877.420655314618,16440.1422597512,14998.335253761234,18143.845652836873,22255.868642602894,10743.473298319572,19963.485558696673
2026-04-05 13:15:00+00:00,19885.435013530365,16440.1422597512,14998.335253761234,18143.845652836873,22263.86182306632,10743.473298319572,19971.49991691242
2026-04-05 13:20:00+00:00,19893.441894072697,16448.149140293535,14998.335253761234,18151.852533379206,22271.868033635084,10743.473298319572,19979.50679745475
2026-04-05 13:25:00+00:00,19901.45132886373,16448.149140293535,14998.335253761234,18151.852533379206,22279.8594260076,10743.473298319572,19987.516232245784
2026-04-05 13:30:00+00:00,19909.43796804007,16456.135779469874,15006.297186923246,18159.81446654122,22287.861777008988,10743.473298319572,19995.502871422126
2026-04-05 13:35:00+00:00,19899.43796804007,16456.135779469874,15006.297186923246,18159.81446654122,22277.861777008988,10743.473298319572,19985.502871422126
2026-04-05 13:40:00+00:00,19907.453301132304,16456.135779469874,15006.297186923246,18159.81446654122,22277.861777008988,10743.473298319572,19993.51820451436
2026-04-05 13:45:00+00:00,19915.457426928704,16456.135779469874,15006.297186923246,18159.81446654122,22285.864577981105,10743.473298319572,20001.522330310756
2026-04-05 13:50:00+00:00,19915.457426928704,16456.135779469874,15006.297186923246,18159.81446654122,22293.869709960258,10743.473298319572,20001.522330310756
2026-04-05 13:55:00+00:00,19923.46499256899,16464.143345110162,15006.297186923246,18167.822032181502,22301.873749028182,10743.473298319572,20009.529895951044
2026-04-05 14:00:00+00:00,19931.46792738259,16464.143345110162,15006.297186923246,18167.822032181502,22309.869970046195,10733.473298319572,20017.53283076464
2026-04-05 14:05:00+00:00,19931.46792738259,16472.14737122241,15006.297186923246,18167.822032181502,22317.87567665599,10733.473298319572,20025.53685687689
2026-04-05 14:10:00+00:00,19921.46792738259,16462.14737122241,15006.297186923246,18157.822032181502,22325.869154966647,10733.473298319572,20015.53685687689
2026-04-05 14:15:00+00:00,19921.46792738259,16462.14737122241,15006.297186923246,18157.822032181502,22333.874515216827,10733.473298319572,20015.53685687689
2026-04-05 14:20:00+00:00,19911.46792738259,16452.14737122241,15006.297186923246,18147.822032181502,22333.874515216827,10733.473298319572,20005.53685687689
2026-04-05 14:25:00+00:00,19901.46792738259,16452.14737122241,15006.297186923246,18147.822032181502,22333.874515216827,10733.473298319572,19995.53685687689
2026-04-05 14:30:00+00:00,19909.478501743542,16452.14737122241,15006.297186923246,18147.822032181502,22333.874515216827,10733.473298319572,20003.547431237846
2026-04-05 14:35:00+00:00,19917.47552542584,16460.144394904706,15006.297186923246,18155.819055863798,22341.878641123192,10733.473298319572,20011.544454920142
2026-04-05 14:40:00+00:00,19907.47552542584,16460.144394904706,15006.297186923246,18155.819055863798,22331.878641123192,10733.473298319572,20001.544454920142
2026-04-05 14:45:00+00:00,19897.47552542584,16460.144394904706,15006.297186923246,18155.819055863798,22331.878641123192,10733.473298319572,19991.544454920142
2026-04-05 14:50:00+00:00,19887.47552542584,16460.144394904706,15006.297186923246,18155.819055863798,22331.878641123192,10733.473298319572,19981.544454920142
2026-04-05 14:55:00+00:00,19895.4911762622,16460.144394904706,15006.297186923246,18155.819055863798,22331.878641123192,10733.473298319572,19989.5601057565
2026-04-05 15:00:00+00:00,19885.4911762622,16460.144394904706,15006.297186923246,18155.819055863798,22339.872796187716,10733.473298319572,19979.5601057565
2026-04-05 15:05:00+00:00,19875.4911762622,16460.144394904706,15006.297186923246,18155.819055863798,22329.872796187716,10741.466197020209,19969.5601057565
2026-04-05 15:10:00+00:00,19875.4911762622,16460.144394904706,15006.297186923246,18155.819055863798,22329.872796187716,10741.466197020209,19969.5601057565
2026-04-05 15:15:00+00:00,19883.49819804044,16468.151416682947,15006.297186923246,18163.82607764204,22337.873927829918,10741.466197020209,19977.56712753474
2026-04-05 15:20:00+00:00,19873.49819804044,16458.151416682947,15006.297186923246,18153.82607764204,22337.873927829918,10741.466197020209,19967.56712753474
2026-04-05 15:25:00+00:00,19881.41609348714,16458.151416682947,15014.171967247188,18161.70085796598,22345.780504050184,10731.466197020209,19975.48502298144
2026-04-05 15:30:00+00:00,19881.41609348714,16458.151416682947,15022.080589643361,18161.70085796598,22353.74008078981,10721.466197020209,19983.393645377615
2026-04-05 15:35:00+00:00,19871.41609348714,16448.151416682947,15022.080589643361,18151.70085796598,22343.74008078981,10729.463671934484,19973.393645377615
2026-04-05 15:40:00+00:00,19879.40604631252,16448.151416682947,15030.056404129231,18159.67667245185,22351.729754792417,10729.463671934484,19981.383598203
2026-04-05 15:45:00+00:00,19887.410911930354,16448.151416682947,15030.056404129231,18159.67667245185,22359.72488901799,10729.463671934484,19989.388463820833
2026-04-05 15:50:00+00:00,19895.39876971224,16448.151416682947,15038.053866141234,18167.674134463854,22367.71482219435,10729.463671934484,19997.376321602715
2026-04-05 15:55:00+00:00,19885.39876971224,16448.151416682947,15038.053866141234,18167.674134463854,22357.71482219435,10737.465558892374,19987.376321602715
2026-04-05 16:00:00+00:00,19893.414486800517,16448.151416682947,15038.053866141234,18167.674134463854,22365.7186563479,10737.465558892374,19995.392038690992
2026-04-05 16:05:00+00:00,19883.414486800517,16448.151416682947,15038.053866141234,18167.674134463854,22355.7186563479,10745.471723115406,19985.392038690992
2026-04-05 16:10:00+00:00,19891.423082119865,16448.151416682947,15038.053866141234,18167.674134463854,22363.70578061819,10735.471723115406,19993.40063401034
2026-04-05 16:15:00+00:00,19899.437865261607,16448.151416682947,15038.053866141234,18167.674134463854,22371.70802148716,10735.471723115406,20001.415417152086
2026-04-05 16:20:00+00:00,19907.45300068817,16448.151416682947,15038.053866141234,18167.674134463854,22371.70802148716,10735.471723115406,20009.430552578648
2026-04-05 16:25:00+00:00,19915.464494220076,16448.151416682947,15038.053866141234,18167.674134463854,22379.70536271981,10735.471723115406,20017.442046110555
2026-04-05 16:30:00+00:00,19923.4748740103,16456.148023654678,15046.050633737937,18175.67090206056,22387.70052066037,10735.471723115406,20025.452425900774
2026-04-05 16:35:00+00:00,19931.488628415937,16456.148023654678,15046.050633737937,18175.67090206056,22395.6970860411,10735.471723115406,20033.466180306415
2026-04-05 16:40:00+00:00,19939.49034362334,16456.148023654678,15046.050633737937,18175.67090206056,22403.698869830332,10735.471723115406,20041.467895513815
2026-04-05 16:45:00+00:00,19947.50199070487,16456.148023654678,15046.050633737937,18175.67090206056,22411.703822817006,10735.471723115406,20049.479542595345
2026-04-05 16:50:00+00:00,19955.502293934573,16456.148023654678,15046.050633737937,18175.67090206056,22419.705289897825,10735.471723115406,20057.47984582505
2026-04-05 16:55:00+00:00,19963.51035670496,16456.148023654678,15046.050633737937,18175.67090206056,22427.710955402716,10735.471723115406,20065.487908595434
2026-04-05 17:00:00+00:00,19971.51532263872,16464.145257073895,15046.050633737937,18183.67586799432,22435.714961635204,10735.471723115406,20073.492874529195
2026-04-05 17:05:00+00:00,19979.526393733613,16464.145257073895,15046.050633737937,18183.67586799432,22443.713990070406,10743.470751550609,20081.503945624092
2026-04-05 17:10:00+00:00,19987.534104594626,16472.152409792216,15046.050633737937,18191.68357885533,22451.714714670343,10743.470751550609,20089.5116564851
2026-04-05 17:15:00+00:00,19995.547362415797,16480.158605073306,15046.050633737937,18199.6968366765,22459.71854230248,10743.470751550609,20097.524914306276
2026-04-05 17:20:00+00:00,19985.547362415797,16470.158605073306,15046.050633737937,18189.6968366765,22467.705816064557,10743.470751550609,20087.524914306276
2026-04-05 17:25:00+00:00,19993.5406764259,16478.151919083408,15054.034192594398,18197.68039553296,22475.704024821185,10743.470751550609,20095.518228316374
2026-04-05 17:30:00+00:00,20001.55595475495,16478.151919083408,15054.034192594398,18197.68039553296,22483.70190345624,10743.470751550609,20103.533506645424
2026-04-05 17:35:00+00:00,20009.563362432804,16486.159326761266,15054.034192594398,18205.687803210818,22491.706203230766,10743.470751550609,20111.540914323283
2026-04-05 17:40:00+00:00,19999.563362432804,16486.159326761266,15054.034192594398,18205.687803210818,22499.710764839787,10743.470751550609,20101.540914323283
2026-04-05 17:45:00+00:00,20007.569214884024,16486.159326761266,15054.034192594398,18205.687803210818,22499.710764839787,10743.470751550609,20109.5467667745
2026-04-05 17:50:00+00:00,19997.569214884024,16486.159326761266,15054.034192594398,18205.687803210818,22507.702351245833,10743.470751550609,20099.5467667745
2026-04-05 17:55:00+00:00,19987.569214884024,16476.159326761266,15054.034192594398,18195.687803210818,22507.702351245833,10743.470751550609,20089.5467667745
2026-04-05 18:00:00+00:00,19995.56168503231,16484.15179690955,15062.02763350983,18203.681244126252,22515.692386765324,10743.470751550609,20097.539236922785
2026-04-05 18:05:00+00:00,20003.566203338996,16492.1546435606,15062.02763350983,18211.68576243294,22523.69378219219,10743.470751550609,20105.543755229475
2026-04-05 18:10:00+00:00,20011.576007413958,16492.1546435606,15062.02763350983,18211.68576243294,22531.698453623685,10743.470751550609,20113.553559304433
2026-04-05 18:15:00+00:00,20001.576007413958,16482.1546435606,15062.02763350983,18201.68576243294,22521.698453623685,10743.470751550609,20103.553559304433
2026-04-05 18:20:00+00:00,20009.588422056753,16482.1546435606,15062.02763350983,18201.68576243294,22521.698453623685,10743.470751550609,20111.565973947232
2026-04-05 18:25:00+00:00,19999.588422056753,16482.1546435606,15062.02763350983,18201.68576243294,22521.698453623685,10743.470751550609,20101.565973947232
2026-04-05 18:30:00+00:00,20007.57926971087,16490.145491214716,15070.00710481434,18209.66523373745,22529.70204435209,10743.470751550609,20109.55682160135
2026-04-05 18:35:00+00:00,19997.57926971087,16480.145491214716,15070.00710481434,18199.66523373745,22519.70204435209,10743.470751550609,20099.55682160135
2026-04-05 18:40:00+00:00,19987.57926971087,16480.145491214716,15070.00710481434,18199.66523373745,22527.707667024973,10743.470751550609,20089.55682160135
2026-04-05 18:45:00+00:00,19995.58274466876,16488.148966172605,15070.00710481434,18207.66870869534,22535.709759664474,10743.470751550609,20097.560296559237
2026-04-05 18:50:00+00:00,19985.58274466876,16488.148966172605,15070.00710481434,18207.66870869534,22535.709759664474,10743.470751550609,20087.560296559237
2026-04-05 18:55:00+00:00,19975.58274466876,16478.148966172605,15070.00710481434,18197.66870869534,22535.709759664474,10743.470751550609,20077.560296559237
2026-04-05 19:00:00+00:00,19983.597934848432,16478.148966172605,15070.00710481434,18197.66870869534,22535.709759664474,10743.470751550609,20085.575486738908
2026-04-05 19:05:00+00:00,19973.597934848432,16478.148966172605,15070.00710481434,18197.66870869534,22535.709759664474,10743.470751550609,20075.575486738908
2026-04-05 19:10:00+00:00,19981.585888617858,16486.156699585943,15070.00710481434,18205.656662464768,22543.71608467263,10743.470751550609,20083.563440508333
2026-04-05 19:15:00+00:00,19989.594658864797,16486.156699585943,15070.00710481434,18205.656662464768,22551.714595101053,10743.470751550609,20091.572210755272
2026-04-05 19:20:00+00:00,19979.594658864797,16486.156699585943,15070.00710481434,18205.656662464768,22559.721380142597,10733.470751550609,20081.572210755272
2026-04-05 19:25:00+00:00,19987.593043082124,16494.15508380327,15070.00710481434,18213.655046682095,22567.726906513722,10733.470751550609,20089.570594972603
2026-04-05 19:30:00+00:00,19995.607283424033,16494.15508380327,15070.00710481434,18213.655046682095,22567.726906513722,10733.470751550609,20097.584835314512
2026-04-05 19:35:00+00:00,20003.609530322035,16494.15508380327,15077.978368544369,18221.657293580094,22575.69817024375,10733.470751550609,20105.58708221251
2026-04-05 19:40:00+00:00,20011.61540306823,16502.160956549465,15077.978368544369,18229.663166326292,22583.704561189865,10733.470751550609,20113.59295495871
2026-04-05 19:45:00+00:00,20001.61540306823,16502.160956549465,15077.978368544369,18229.663166326292,22591.69803901695,10733.470751550609,20103.59295495871
2026-04-05 19:50:00+00:00,20009.622671389825,16510.16822487106,15077.978368544369,18237.670434647887,22599.704282003313,10733.470751550609,20111.6002232803
2026-04-05 19:55:00+00:00,20017.638348777145,16510.16822487106,15077.978368544369,18237.670434647887,22607.696769992494,10733.470751550609,20119.615900667624
2026-04-05 20:00:00+00:00,20025.64678144286,16510.16822487106,15077.978368544369,18237.670434647887,22597.696769992494,10733.470751550609,20127.624333333337
2026-04-05 20:05:00+00:00,20015.64678144286,16510.16822487106,15077.978368544369,18237.670434647887,22597.696769992494,10733.470751550609,20117.624333333337
2026-04-05 20:10:00+00:00,20005.64678144286,16518.18177203206,15077.978368544369,18237.670434647887,22597.696769992494,10733.470751550609,20107.624333333337
2026-04-05 20:15:00+00:00,20013.6626571538,16526.199550165064,15077.978368544369,18245.68631035883,22597.696769992494,10733.470751550609,20115.64020904428
2026-04-05 20:20:00+00:00,20021.670234758072,16534.207127769336,15077.978368544369,18253.6938879631,22605.703356264916,10733.470751550609,20123.64778664855
2026-04-05 20:25:00+00:00,20029.659349628877,16534.207127769336,15077.978368544369,18253.6938879631,22613.709268659608,10733.470751550609,20131.636901519352
2026-04-05 20:30:00+00:00,20037.674240950804,16534.207127769336,15077.978368544369,18253.6938879631,22613.709268659608,10733.470751550609,20139.65179284128
2026-04-05 20:35:00+00:00,20045.624793276533,16542.157680095064,15085.909539035583,18261.625058454316,22621.70819146331,10733.470751550609,20147.60234516701
2026-04-05 20:40:00+00:00,20053.63997721654,16542.157680095064,15085.909539035583,18261.625058454316,22629.695503768067,10733.470751550609,20155.617529107014
2026-04-05 20:45:00+00:00,20061.628779886538,16550.146482765067,15093.879347144719,18269.59486656345,22637.683718503667,10733.470751550609,20163.606331777017
2026-04-05 20:50:00+00:00,20069.6406189342,16550.146482765067,15093.879347144719,18269.59486656345,22645.68053169593,10733.470751550609,20171.618170824677
2026-04-05 20:55:00+00:00,20069.6406189342,16550.146482765067,15093.879347144719,18269.59486656345,22645.68053169593,10733.470751550609,20171.618170824677
2026-04-05 21:00:00+00:00,20077.64081022951,16558.14667406038,15093.879347144719,18277.59505785876,22653.679023362783,10733.470751550609,20179.61836211999
2026-04-05 21:05:00+00:00,20085.650450421796,16558.14667406038,15093.879347144719,18277.59505785876,22653.679023362783,10733.470751550609,20187.628002312274
2026-04-05 21:10:00+00:00,20093.61345639276,16566.109680031343,15101.837465520886,18285.553176234927,22661.63679629495,10733.470751550609,20195.591008283234
2026-04-05 21:15:00+00:00,20083.61345639276,16566.109680031343,15101.837465520886,18285.553176234927,22669.63374776371,10733.470751550609,20185.591008283234
2026-04-05 21:20:00+00:00,20073.61345639276,16566.109680031343,15101.837465520886,18285.553176234927,22677.628154838014,10733.470751550609,20175.591008283234
2026-04-05 21:25:00+00:00,20063.61345639276,16566.109680031343,15101.837465520886,18285.553176234927,22667.628154838014,10733.470751550609,20165.591008283234
2026-04-05 21:30:00+00:00,20053.61345639276,16556.109680031343,15101.837465520886,18275.553176234927,22667.628154838014,10733.470751550609,20155.591008283234
2026-04-05 21:35:00+00:00,20043.61345639276,16546.109680031343,15101.837465520886,18265.553176234927,22667.628154838014,10733.470751550609,20145.591008283234
2026-04-05 21:40:00+00:00,20051.620143727916,16546.109680031343,15101.837465520886,18265.553176234927,22675.627077135603,10741.477438885766,20153.597695618395
2026-04-05 21:45:00+00:00,20059.6297709767,16546.109680031343,15101.837465520886,18265.553176234927,22683.63158252484,10741.477438885766,20161.607322867174
2026-04-05 21:50:00+00:00,20067.64639163494,16554.089304934692,15109.83454767679,18273.55025839083,22691.631447409938,10741.477438885766,20169.623943525414
2026-04-05 21:55:00+00:00,20075.656386636918,16562.089958569053,15109.83454767679,18281.560253392814,22699.634709737962,10741.477438885766,20177.633938527397
2026-04-05 22:00:00+00:00,20083.59184153754,16562.089958569053,15117.745084813316,18289.47079052934,22707.583671893848,10741.477438885766,20185.56939342802
2026-04-05 22:05:00+00:00,20073.59184153754,16562.089958569053,15117.745084813316,18289.47079052934,22715.59035463442,10749.463242197877,20175.56939342802
2026-04-05 22:10:00+00:00,20081.587905866247,16562.089958569053,15125.729718198716,18297.45542391474,22723.578474999144,10749.463242197877,20183.565457756726
2026-04-05 22:15:00+00:00,20071.587905866247,16552.089958569053,15125.729718198716,18287.45542391474,22713.578474999144,10749.463242197877,20173.565457756726
2026-04-05 22:20:00+00:00,20079.585647338223,16552.089958569053,15133.72733883624,18295.45304455226,22721.565290487888,10749.463242197877,20181.563199228698
2026-04-05 22:25:00+00:00,20069.585647338223,16552.089958569053,15133.72733883624,18295.45304455226,22729.568817683084,10749.463242197877,20171.563199228698
2026-04-05 22:30:00+00:00,20077.550870833107,16560.05518206394,15141.690056747499,18303.41576246352,22737.517563757683,10749.463242197877,20179.528422723582
2026-04-05 22:35:00+00:00,20085.562749866505,16560.05518206394,15149.669408232741,18311.39511394876,22745.496915242926,10749.463242197877,20187.54030175698
2026-04-05 22:40:00+00:00,20093.564929488344,16568.053818195756,15157.643751168871,18319.369456884895,22753.496336363074,10749.463242197877,20195.54248137882
2026-04-05 22:45:00+00:00,20101.568119041327,16568.053818195756,15147.643751168871,18319.369456884895,22743.496336363074,10739.463242197877,20203.545670931802
2026-04-05 22:50:00+00:00,20091.568119041327,16568.053818195756,15147.643751168871,18319.369456884895,22751.501332875938,10747.469191596656,20193.545670931802
2026-04-05 22:55:00+00:00,20099.493934393155,16575.979633547584,15155.555798137479,18327.2815038535,22759.417721692465,10747.469191596656,20201.47148628363
2026-04-05 23:00:00+00:00,20107.478324334526,16575.979633547584,15163.51897508662,18335.244680802643,22767.39425389187,10755.452731090229,20209.455876225
2026-04-05 23:05:00+00:00,20097.478324334526,16565.979633547584,15163.51897508662,18325.244680802643,22757.39425389187,10755.452731090229,20199.455876225
2026-04-05 23:10:00+00:00,20105.444654355884,16565.979633547584,15163.51897508662,18325.244680802643,22765.386788760672,10755.452731090229,20207.42220624636
2026-04-05 23:15:00+00:00,20113.435539212718,16565.979633547584,15163.51897508662,18325.244680802643,22773.392664721407,10755.452731090229,20215.413091103193
2026-04-05 23:20:00+00:00,20121.40522364986,16565.979633547584,15171.464697850246,18333.19040356627,22781.333039143494,10755.452731090229,20223.38277554034
2026-04-05 23:25:00+00:00,20111.40522364986,16565.979633547584,15161.464697850246,18323.19040356627,22771.333039143494,10755.452731090229,20213.38277554034
2026-04-05 23:30:00+00:00,20119.346612935024,16573.921022832743,15169.397244315802,18331.122950031826,22779.279929571767,10755.452731090229,20221.3241648255
2026-04-05 23:35:00+00:00,20109.346612935024,16573.921022832743,15169.397244315802,18331.122950031826,22787.26499789736,10763.437799415822,20211.3241648255
2026-04-05 23:40:00+00:00,20117.353492757466,16581.882993154715,15177.361893460136,18339.08759917616,22795.250348384914,10763.437799415822,20219.331044647945
2026-04-05 23:45:00+00:00,20107.353492757466,16581.882993154715,15177.361893460136,18339.08759917616,22785.250348384914,10763.437799415822,20209.331044647945
2026-04-05 23:50:00+00:00,20115.367190669218,16581.882993154715,15167.361893460136,18339.08759917616,22775.250348384914,10753.437799415822,20217.344742559697
2026-04-05 23:55:00+00:00,20115.367190669218,16581.882993154715,15167.361893460136,18339.08759917616,22775.250348384914,10753.437799415822,20217.344742559697
2026-04-06 00:00:00+00:00,20123.301595375116,16581.882993154715,15175.283684277667,18347.00938999369,22783.173797614618,10753.437799415822,20225.279147265595
2026-04-06 00:05:00+00:00,20131.316303127842,16581.882993154715,15183.246916865737,18354.97262258176,22791.16644884672,10761.429840245539,20233.293855018317
2026-04-06 00:10:00+00:00,20121.316303127842,16581.882993154715,15183.246916865737,18354.97262258176,22781.16644884672,10761.429840245539,20223.293855018317
2026-04-06 00:15:00+00:00,20129.284419831463,16581.882993154715,15191.19882509682,18362.924530812845,22789.148815451266,10761.429840245539,20231.26197172194
2026-04-06 00:20:00+00:00,20119.284419831463,16581.882993154715,15199.166985244603,18362.924530812845,22797.11697559905,10769.398000393323,20221.26197172194
2026-04-06 00:25:00+00:00,20127.27842890881,16581.882993154715,15207.146776174704,18370.904321742946,22805.121034858003,10759.398000393323,20229.255980799287
2026-04-06 00:30:00+00:00,20135.155868665574,16581.882993154715,15215.13600525642,18378.78176149971,22813.109083429772,10759.398000393323,20237.13342055605
2026-04-06 00:35:00+00:00,20143.167126230288,16581.882993154715,15223.117443446858,18386.793019064426,22821.090521620208,10749.398000393323,20245.144678120763
2026-04-06 00:40:00+00:00,20133.167126230288,16581.882993154715,15223.117443446858,18386.793019064426,22829.095587527958,10757.404008734733,20235.144678120763
2026-04-06 00:45:00+00:00,20141.176784817006,16581.882993154715,15223.117443446858,18386.793019064426,22837.090578839692,10757.404008734733,20243.154336707485
2026-04-06 00:50:00+00:00,20149.14943926408,16581.882993154715,15231.09042379443,18394.7656735115,22845.080640061708,10757.404008734733,20251.12699115456
2026-04-06 00:55:00+00:00,20157.15513056849,16581.882993154715,15231.09042379443,18394.7656735115,22853.071389303484,10757.404008734733,20259.13268245897
2026-04-06 01:00:00+00:00,20165.16493645905,16581.882993154715,15239.058257116903,18402.73350683397,22861.039222625957,10765.409029656405,20267.142488349527
2026-04-06 01:05:00+00:00,20173.14112485237,16581.882993154715,15247.037386381618,18410.712636098688,22869.031180374426,10765.409029656405,20275.118676742844
2026-04-06 01:10:00+00:00,20181.134845433684,16581.882993154715,15247.037386381618,18410.712636098688,22877.02946810514,10765.409029656405,20283.112397324163
2026-04-06 01:15:00+00:00,20181.134845433684,16581.882993154715,15247.037386381618,18410.712636098688,22885.03449153701,10765.409029656405,20283.112397324163
2026-04-06 01:20:00+00:00,20189.134192376045,16581.882993154715,15255.019969613379,18418.711983041045,22893.017074768773,10773.391612888166,20291.11174426652
2026-04-06 01:25:00+00:00,20197.13159215438,16581.882993154715,15255.019969613379,18418.711983041045,22901.021571024117,10773.391612888166,20299.109144044854
2026-04-06 01:30:00+00:00,20205.138936203195,16581.882993154715,15263.00345195421,18426.695465381876,22909.022472914927,10773.391612888166,20307.11648809367
2026-04-06 01:35:00+00:00,20195.138936203195,16571.882993154715,15263.00345195421,18416.695465381876,22899.022472914927,10773.391612888166,20297.11648809367
2026-04-06 01:40:00+00:00,20203.13929809244,16571.882993154715,15270.988723353723,18424.68073678139,22907.01558573189,10773.391612888166,20305.116849982915
2026-04-06 01:45:00+00:00,20203.13929809244,16571.882993154715,15270.988723353723,18424.68073678139,22915.019677256947,10773.391612888166,20305.116849982915
2026-04-06 01:50:00+00:00,20193.13929809244,16571.882993154715,15270.988723353723,18424.68073678139,22923.013529838863,10773.391612888166,20295.116849982915
2026-04-06 01:55:00+00:00,20183.13929809244,16571.882993154715,15270.988723353723,18424.68073678139,22931.018828235057,10773.391612888166,20285.116849982915
2026-04-06 02:00:00+00:00,20191.14839257526,16571.882993154715,15270.988723353723,18424.68073678139,22939.018889136154,10773.391612888166,20293.125944465733
2026-04-06 02:05:00+00:00,20181.14839257526,16571.882993154715,15260.988723353723,18414.68073678139,22929.018889136154,10773.391612888166,20283.125944465733
2026-04-06 02:10:00+00:00,20189.092601256307,16571.882993154715,15268.939600710044,18422.63161413771,22936.981522896916,10773.391612888166,20291.070153146786
2026-04-06 02:15:00+00:00,20197.075975939115,16571.882993154715,15276.922868837146,18430.61488226481,22944.97182392108,10773.391612888166,20299.05352782959
2026-04-06 02:20:00+00:00,20205.079994021162,16571.882993154715,15284.898167807234,18438.590181234897,22952.955389449013,10781.37898977494,20307.057545911637
2026-04-06 02:25:00+00:00,20195.079994021162,16571.882993154715,15292.876134448998,18438.590181234897,22960.933356090776,10781.37898977494,20297.057545911637
2026-04-06 02:30:00+00:00,20203.04352624301,16571.882993154715,15300.839381488408,18446.55342827431,22968.940214681348,10781.37898977494,20305.02107813349
2026-04-06 02:35:00+00:00,20211.04574777917,16571.882993154715,15300.839381488408,18446.55342827431,22976.942504933613,10781.37898977494,20313.023299669647
2026-04-06 02:40:00+00:00,20201.04574777917,16571.882993154715,15300.839381488408,18446.55342827431,22966.942504933613,10781.37898977494,20303.023299669647
2026-04-06 02:45:00+00:00,20209.040437128482,16571.882993154715,15308.83237819847,18454.54642498437,22974.93689585448,10781.37898977494,20311.01798901896
2026-04-06 02:50:00+00:00,20199.040437128482,16571.882993154715,15308.83237819847,18454.54642498437,22982.942103480775,10789.382299022844,20301.01798901896
2026-04-06 02:55:00+00:00,20189.040437128482,16561.882993154715,15308.83237819847,18444.54642498437,22972.942103480775,10789.382299022844,20291.01798901896
2026-04-06 03:00:00+00:00,20179.040437128482,16561.882993154715,15308.83237819847,18444.54642498437,22962.942103480775,10789.382299022844,20281.01798901896
2026-04-06 03:05:00+00:00,20169.040437128482,16561.882993154715,15308.83237819847,18444.54642498437,22970.939622835795,10797.379818377865,20271.01798901896
2026-04-06 03:10:00+00:00,20177.032712529108,16561.882993154715,15308.83237819847,18444.54642498437,22978.936144621108,10797.379818377865,20279.010264419587
2026-04-06 03:15:00+00:00,20185.03608146029,16561.882993154715,15308.83237819847,18444.54642498437,22986.941878004014,10797.379818377865,20287.013633350765
2026-04-06 03:20:00+00:00,20193.049129335333,16561.882993154715,15308.83237819847,18444.54642498437,22976.941878004014,10797.379818377865,20295.026681225812
2026-04-06 03:25:00+00:00,20193.049129335333,16561.882993154715,15308.83237819847,18444.54642498437,22976.941878004014,10797.379818377865,20295.026681225812
2026-04-06 03:30:00+00:00,20201.058249872123,16569.880609895354,15308.83237819847,18452.55554552116,22984.94230965373,10797.379818377865,20303.0358017626
2026-04-06 03:35:00+00:00,20191.058249872123,16569.880609895354,15308.83237819847,18452.55554552116,22974.94230965373,10797.379818377865,20293.0358017626
2026-04-06 03:40:00+00:00,20199.072104664374,16569.880609895354,15308.83237819847,18452.55554552116,22974.94230965373,10797.379818377865,20301.04965655485
2026-04-06 03:45:00+00:00,20207.072011969987,16569.880609895354,15308.83237819847,18452.55554552116,22974.94230965373,10797.379818377865,20309.049563860463
2026-04-06 03:50:00+00:00,20215.062835423014,16577.87143334838,15308.83237819847,18460.54636897419,22982.938852277963,10797.379818377865,20317.040387313493
2026-04-06 03:55:00+00:00,20223.07253912347,16577.87143334838,15308.83237819847,18460.54636897419,22990.93141927036,10797.379818377865,20325.050091013945
2026-04-06 04:00:00+00:00,20231.08579870365,16577.87143334838,15308.83237819847,18460.54636897419,22998.92489813149,10797.379818377865,20333.063350594126
2026-04-06 04:05:00+00:00,20239.069313826414,16585.854948471148,15316.805181866512,18468.51917264223,23006.932144351595,10797.379818377865,20341.04686571689
2026-04-06 04:10:00+00:00,20247.057799310656,16585.854948471148,15316.805181866512,18468.51917264223,23014.937897749987,10797.379818377865,20349.035351201135
2026-04-06 04:15:00+00:00,20255.05546563439,16585.854948471148,15316.805181866512,18468.51917264223,23022.92402192895,10797.379818377865,20357.033017524867
2026-04-06 04:20:00+00:00,20263.064896918848,16585.854948471148,15316.805181866512,18468.51917264223,23022.92402192895,10797.379818377865,20365.042448809323
2026-04-06 04:25:00+00:00,20271.072534792882,16593.862770029973,15316.805181866512,18476.52681051627,23030.930520167807,10797.379818377865,20373.05008668336
2026-04-06 04:30:00+00:00,20279.071774277632,16601.862009514723,15316.805181866512,18484.52605000102,23038.92796938079,10797.379818377865,20381.04932616811
2026-04-06 04:35:00+00:00,20287.065122160428,16601.862009514723,15324.791043100742,18492.511911235248,23046.924101393917,10797.379818377865,20389.042674050906
2026-04-06 04:40:00+00:00,20277.065122160428,16601.862009514723,15324.791043100742,18492.511911235248,23036.924101393917,10797.379818377865,20379.042674050906
2026-04-06 04:45:00+00:00,20285.075966409036,16601.862009514723,15324.791043100742,18492.511911235248,23044.917102407326,10797.379818377865,20387.053518299515
2026-04-06 04:50:00+00:00,20293.080304807634,16601.862009514723,15324.791043100742,18492.511911235248,23052.92444317739,10797.379818377865,20395.05785669811
2026-04-06 04:55:00+00:00,20301.096102801886,16601.862009514723,15324.791043100742,18492.511911235248,23052.92444317739,10797.379818377865,20403.07365469236
2026-04-06 05:00:00+00:00,20309.10452186545,16591.862009514723,15324.791043100742,18492.511911235248,23042.92444317739,10797.379818377865,20411.082073755926
2026-04-06 05:05:00+00:00,20317.114834540647,16591.862009514723,15324.791043100742,18492.511911235248,23050.919482216304,10797.379818377865,20419.092386431126
2026-04-06 05:10:00+00:00,20325.127587909985,16599.87476288406,15324.791043100742,18500.524664604585,23050.919482216304,10797.379818377865,20427.105139800464
2026-04-06 05:15:00+00:00,20315.127587909985,16599.87476288406,15324.791043100742,18500.524664604585,23058.925188695688,10797.379818377865,20417.105139800464
2026-04-06 05:20:00+00:00,20305.127587909985,16599.87476288406,15324.791043100742,18500.524664604585,23048.925188695688,10797.379818377865,20407.105139800464
2026-04-06 05:25:00+00:00,20313.123984115686,16607.873364301377,15324.791043100742,18508.521060810286,23056.92381975786,10797.379818377865,20415.101536006165
2026-04-06 05:30:00+00:00,20321.10392141856,16607.873364301377,15324.791043100742,18508.521060810286,23064.93074408134,10797.379818377865,20423.081473309037
2026-04-06 05:35:00+00:00,20311.10392141856,16607.873364301377,15324.791043100742,18508.521060810286,23064.93074408134,10797.379818377865,20413.081473309037
2026-04-06 05:40:00+00:00,20319.11591104119,16615.88329785892,15324.791043100742,18516.533050432918,23072.93614821505,10797.379818377865,20421.09346293167
2026-04-06 05:45:00+00:00,20327.126334754485,16615.88329785892,15324.791043100742,18516.533050432918,23080.93076411888,10797.379818377865,20429.10388664496
2026-04-06 05:50:00+00:00,20335.132571996946,16615.88329785892,15324.791043100742,18516.533050432918,23080.93076411888,10797.379818377865,20437.11012388742
2026-04-06 05:55:00+00:00,20343.143652057202,16615.88329785892,15324.791043100742,18516.533050432918,23080.93076411888,10797.379818377865,20445.12120394768
2026-04-06 06:00:00+00:00,20351.13075703482,16623.870402836536,15332.766127079574,18524.50813441175,23088.914360976505,10797.379818377865,20453.1083089253
2026-04-06 06:05:00+00:00,20359.114521323485,16631.854167125202,15340.748154857552,18532.49016218973,23096.901974438282,10797.379818377865,20461.092073213964
2026-04-06 06:10:00+00:00,20367.106519675508,16631.854167125202,15340.748154857552,18532.49016218973,23104.906284532128,10797.379818377865,20469.084071565983
2026-04-06 06:15:00+00:00,20375.119852049233,16631.854167125202,15340.748154857552,18532.49016218973,23112.90992456604,10797.379818377865,20477.097403939708
2026-04-06 06:20:00+00:00,20383.075873120135,16639.810188196105,15348.693621337297,18540.435628669475,23120.88276569867,10797.379818377865,20485.053425010614
2026-04-06 06:25:00+00:00,20391.089253314836,16639.810188196105,15356.654824101535,18548.39683143371,23128.843968462905,10797.379818377865,20493.06680520531
2026-04-06 06:30:00+00:00,20381.089253314836,16639.810188196105,15356.654824101535,18548.39683143371,23136.84844101465,10805.37857113661,20483.06680520531
2026-04-06 06:35:00+00:00,20389.09998557094,16639.810188196105,15356.654824101535,18548.39683143371,23126.84844101465,10805.37857113661,20491.077537461417
2026-04-06 06:40:00+00:00,20397.09874036765,16639.810188196105,15364.634418212232,18556.37642554441,23134.845359385574,10805.37857113661,20499.076292258127
2026-04-06 06:45:00+00:00,20405.10317875685,16647.814626585303,15364.634418212232,18564.38086393361,23142.852054314426,10805.37857113661,20507.08073064733
2026-04-06 06:50:00+00:00,20395.10317875685,16647.814626585303,15364.634418212232,18564.38086393361,23132.852054314426,10805.37857113661,20497.08073064733
2026-04-06 06:55:00+00:00,20403.11576930597,16647.814626585303,15364.634418212232,18564.38086393361,23140.84610235338,10805.37857113661,20505.093321196444
2026-04-06 07:00:00+00:00,20411.114425187916,16647.814626585303,15364.634418212232,18564.38086393361,23148.8452789372,10805.37857113661,20513.09197707839
2026-04-06 07:05:00+00:00,20419.122104056238,16647.814626585303,15364.634418212232,18564.38086393361,23156.840744116944,10805.37857113661,20521.099655946713
2026-04-06 07:10:00+00:00,20427.129419674093,16647.814626585303,15364.634418212232,18564.38086393361,23164.846704322757,10805.37857113661,20529.106971564568
2026-04-06 07:15:00+00:00,20435.13002552607,16647.814626585303,15364.634418212232,18564.38086393361,23172.848595434338,10805.37857113661,20537.107577416544
2026-04-06 07:20:00+00:00,20443.132101711417,16647.814626585303,15372.606303443623,18572.352749165,23180.85040392238,10805.37857113661,20545.109653601896
2026-04-06 07:25:00+00:00,20433.132101711417,16637.814626585303,15372.606303443623,18562.352749165,23180.85040392238,10805.37857113661,20535.109653601896
2026-04-06 07:30:00+00:00,20441.148360702406,16637.814626585303,15372.606303443623,18562.352749165,23188.829142556766,10805.37857113661,20543.125912592885
2026-04-06 07:35:00+00:00,20431.148360702406,16637.814626585303,15372.606303443623,18562.352749165,23196.82701365659,10813.376442236437,20533.125912592885
2026-04-06 07:40:00+00:00,20439.164036067017,16627.814626585303,15372.606303443623,18562.352749165,23186.82701365659,10813.376442236437,20541.141587957492
2026-04-06 07:45:00+00:00,20429.164036067017,16627.814626585303,15372.606303443623,18562.352749165,23176.82701365659,10813.376442236437,20531.141587957492
2026-04-06 07:50:00+00:00,20437.12719535206,16635.777785870345,15380.561586977306,18570.308032698682,23184.788360268176,10813.376442236437,20539.104747242534
2026-04-06 07:55:00+00:00,20445.14272867498,16643.78688225709,15388.54531740431,18578.291763125686,23192.77209069518,10813.376442236437,20547.120280565454
2026-04-06 08:00:00+00:00,20453.14535400088,16643.78688225709,15388.54531740431,18578.291763125686,23192.77209069518,10813.376442236437,20555.12290589136
2026-04-06 08:05:00+00:00,20443.14535400088,16643.78688225709,15388.54531740431,18578.291763125686,23200.77214733145,10821.376498872705,20545.12290589136
2026-04-06 08:10:00+00:00,20433.14535400088,16643.78688225709,15388.54531740431,18578.291763125686,23200.77214733145,10821.376498872705,20535.12290589136
2026-04-06 08:15:00+00:00,20441.151185516235,16643.78688225709,15388.54531740431,18578.291763125686,23190.77214733145,10811.376498872705,20543.12873740671
2026-04-06 08:20:00+00:00,20431.151185516235,16643.78688225709,15388.54531740431,18578.291763125686,23198.769419661912,10811.376498872705,20533.12873740671
2026-04-06 08:25:00+00:00,20421.151185516235,16643.78688225709,15388.54531740431,18578.291763125686,23206.772727190488,10811.376498872705,20523.12873740671
2026-04-06 08:30:00+00:00,20429.157120570126,16643.78688225709,15388.54531740431,18578.291763125686,23214.778626464777,10811.376498872705,20531.134672460605
2026-04-06 08:35:00+00:00,20437.171671897348,16643.78688225709,15388.54531740431,18578.291763125686,23204.778626464777,10801.376498872705,20539.149223787823
2026-04-06 08:40:00+00:00,20427.171671897348,16643.78688225709,15388.54531740431,18578.291763125686,23212.777262222622,10801.376498872705,20529.149223787823
2026-04-06 08:45:00+00:00,20417.171671897348,16643.78688225709,15388.54531740431,18578.291763125686,23220.781140921044,10809.380377571128,20519.149223787823
2026-04-06 08:50:00+00:00,20425.176425123245,16651.791635482987,15388.54531740431,18586.296516351587,23228.786628292306,10809.380377571128,20527.153977013724
2026-04-06 08:55:00+00:00,20415.176425123245,16641.791635482987,15388.54531740431,18576.296516351587,23236.78046890613,10809.380377571128,20517.153977013724
2026-04-06 09:00:00+00:00,20423.18107794519,16641.791635482987,15388.54531740431,18576.296516351587,23244.785121728077,10809.380377571128,20525.15862983567
2026-04-06 09:05:00+00:00,20431.1929626594,16641.791635482987,15388.54531740431,18576.296516351587,23252.79101254218,10809.380377571128,20533.170514549874
2026-04-06 09:10:00+00:00,20439.17124576444,16641.791635482987,15396.51630540334,18584.267504350617,23260.786148471336,10809.380377571128,20541.148797654918
2026-04-06 09:15:00+00:00,20447.12452754507,16641.791635482987,15404.442179321748,18592.193378269025,23268.746046832366,10809.380377571128,20549.10207943555
2026-04-06 09:20:00+00:00,20455.060795282763,16641.791635482987,15412.382550676924,18600.1337496242,23276.679537024844,10809.380377571128,20557.03834717324
2026-04-06 09:25:00+00:00,20445.060795282763,16641.791635482987,15412.382550676924,18600.1337496242,23266.679537024844,10809.380377571128,20547.03834717324
2026-04-06 09:30:00+00:00,20435.060795282763,16641.791635482987,15412.382550676924,18600.1337496242,23274.683396421104,10817.37932178381,20537.03834717324
2026-04-06 09:35:00+00:00,20443.066441424293,16649.785801966034,15420.361117587832,18608.11231653511,23282.68868345153,10817.37932178381,20545.04399331477
2026-04-06 09:40:00+00:00,20451.046153486248,16657.76551402799,15428.342882795085,18616.09408174236,23290.667395480443,10817.37932178381,20553.023705376727
2026-04-06 09:45:00+00:00,20441.046153486248,16657.76551402799,15428.342882795085,18616.09408174236,23280.667395480443,10825.379891967532,20543.023705376727
2026-04-06 09:50:00+00:00,20449.043393592216,16657.76551402799,15428.342882795085,18616.09408174236,23270.667395480443,10833.385073842597,20551.02094548269
2026-04-06 09:55:00+00:00,20439.043393592216,16657.76551402799,15428.342882795085,18616.09408174236,23278.67362944545,10833.385073842597,20541.02094548269
2026-04-06 10:00:00+00:00,20447.034778312078,16657.76551402799,15436.328590936504,18624.07978988378,23286.663903932527,10833.385073842597,20549.012330202553
2026-04-06 10:05:00+00:00,20455.040623881752,16657.76551402799,15436.328590936504,18624.07978988378,23294.666472077442,10833.385073842597,20557.01817577223
2026-04-06 10:10:00+00:00,20445.040623881752,16657.76551402799,15436.328590936504,18624.07978988378,23294.666472077442,10833.385073842597,20547.01817577223
2026-04-06 10:15:00+00:00,20453.038685004354,16665.76357515059,15436.328590936504,18632.077851006383,23302.66366934355,10833.385073842597,20555.01623689483
2026-04-06 10:20:00+00:00,20461.04289174002,16673.767781886258,15436.328590936504,18640.08205774205,23310.66681261798,10833.385073842597,20563.0204436305
2026-04-06 10:25:00+00:00,20469.051736663274,16673.767781886258,15436.328590936504,18640.08205774205,23318.666353943117,10833.385073842597,20571.02928855375
2026-04-06 10:30:00+00:00,20477.047300939088,16681.76334616207,15436.328590936504,18648.077622017863,23326.67240048845,10833.385073842597,20579.024852829563
2026-04-06 10:35:00+00:00,20485.018871721604,16689.734916944588,15444.293433966288,18656.042465047645,23334.646931270814,10833.385073842597,20586.99642361208
2026-04-06 10:40:00+00:00,20485.018871721604,16689.734916944588,15444.293433966288,18656.042465047645,23342.65089300896,10833.385073842597,20586.99642361208
2026-04-06 10:45:00+00:00,20492.99570460797,16689.734916944588,15452.278419396414,18664.02745047777,23350.612948547692,10833.385073842597,20594.973256498444
2026-04-06 10:50:00+00:00,20500.990838167814,16697.730050504433,15452.278419396414,18672.022584037615,23358.60104381098,10833.385073842597,20602.96839005829
2026-04-06 10:55:00+00:00,20490.990838167814,16687.730050504433,15452.278419396414,18662.022584037615,23348.60104381098,10833.385073842597,20592.96839005829
2026-04-06 11:00:00+00:00,20499.00484824361,16687.730050504433,15452.278419396414,18662.022584037615,23356.60608281548,10833.385073842597,20600.982400134086
2026-04-06 11:05:00+00:00,20489.00484824361,16677.730050504433,15452.278419396414,18652.022584037615,23346.60608281548,10833.385073842597,20590.982400134086
2026-04-06 11:10:00+00:00,20497.004562741924,16685.72976500275,15452.278419396414,18660.022298535936,23354.606504708347,10833.385073842597,20598.982114632403
2026-04-06 11:15:00+00:00,20505.01466293612,16685.72976500275,15452.278419396414,18660.022298535936,23362.606674521718,10833.385073842597,20606.992214826598
2026-04-06 11:20:00+00:00,20513.008462653583,16693.723564720214,15460.275725591393,18668.019604730915,23370.594253763993,10833.385073842597,20614.98601454406
2026-04-06 11:25:00+00:00,20513.008462653583,16693.723564720214,15460.275725591393,18668.019604730915,23370.594253763993,10833.385073842597,20614.98601454406
2026-04-06 11:30:00+00:00,20521.00470085807,16701.713577186005,15468.242373959569,18675.986253099087,23378.584738619516,10833.385073842597,20622.982252748545
2026-04-06 11:35:00+00:00,20511.00470085807,16701.713577186005,15468.242373959569,18675.986253099087,23386.58565570126,10833.385073842597,20612.982252748545
2026-04-06 11:40:00+00:00,20511.00470085807,16701.713577186005,15468.242373959569,18675.986253099087,23386.58565570126,10833.385073842597,20612.982252748545
2026-04-06 11:45:00+00:00,20518.997640924223,16701.713577186005,15468.242373959569,18675.986253099087,23394.591631966447,10833.385073842597,20620.975192814698
2026-04-06 11:50:00+00:00,20518.997640924223,16701.713577186005,15468.242373959569,18675.986253099087,23402.596594759772,10833.385073842597,20620.975192814698
2026-04-06 11:55:00+00:00,20508.997640924223,16701.713577186005,15468.242373959569,18675.986253099087,23402.596594759772,10833.385073842597,20610.975192814698
2026-04-06 12:00:00+00:00,20517.00111514383,16701.713577186005,15468.242373959569,18675.986253099087,23410.60154710213,10833.385073842597,20618.978667034306
2026-04-06 12:05:00+00:00,20524.995853836037,16709.701027312018,15476.225417686468,18683.969296825988,23418.59006621001,10833.385073842597,20626.973405726512
2026-04-06 12:10:00+00:00,20533.010740643225,16709.701027312018,15476.225417686468,18683.969296825988,23426.590513497544,10833.385073842597,20634.9882925337
2026-04-06 12:15:00+00:00,20523.010740643225,16709.701027312018,15476.225417686468,18683.969296825988,23416.590513497544,10833.385073842597,20624.9882925337
2026-04-06 12:25:00+00:00,20531.011980806838,16709.701027312018,15476.225417686468,18683.969296825988,23416.590513497544,10833.385073842597,20632.989532697313
2026-04-06 12:30:00+00:00,20521.011980806838,16709.701027312018,15476.225417686468,18683.969296825988,23406.590513497544,10833.385073842597,20622.989532697313
2026-04-06 12:35:00+00:00,20529.01878805988,16717.70783456506,15476.225417686468,18691.97610407903,23414.595021358902,10833.385073842597,20630.996339950354
2026-04-06 12:40:00+00:00,20537.0335176023,16725.708254702142,15476.225417686468,18699.99083362145,23422.597095847985,10833.385073842597,20639.01106949278
2026-04-06 12:45:00+00:00,20544.97945803397,16725.708254702142,15476.225417686468,18699.99083362145,23430.539561652266,10833.385073842597,20646.957009924445
2026-04-06 12:50:00+00:00,20552.97799583723,16725.708254702142,15476.225417686468,18699.99083362145,23438.5399171013,10833.385073842597,20654.95554772771
2026-04-06 12:55:00+00:00,20560.989296167,16725.708254702142,15476.225417686468,18699.99083362145,23446.546962236414,10833.385073842597,20662.966848057476
2026-04-06 13:00:00+00:00,20569.002909558694,16725.708254702142,15476.225417686468,18699.99083362145,23454.54472749011,10833.385073842597,20670.98046144917
2026-04-06 13:05:00+00:00,20577.01275323706,16725.708254702142,15476.225417686468,18699.99083362145,23462.540402754217,10833.385073842597,20678.99030512754
2026-04-06 13:10:00+00:00,20585.028891923674,16725.708254702142,15476.225417686468,18699.99083362145,23470.540410402748,10833.385073842597,20687.00644381415
2026-04-06 13:15:00+00:00,20575.028891923674,16733.713948661818,15476.225417686468,18699.99083362145,23478.544243611672,10833.385073842597,20677.00644381415
2026-04-06 13:20:00+00:00,20583.038231052575,16733.713948661818,15476.225417686468,18699.99083362145,23468.544243611672,10833.385073842597,20685.015782943054
2026-04-06 13:25:00+00:00,20573.038231052575,16733.713948661818,15476.225417686468,18699.99083362145,23476.5453805452,10833.385073842597,20675.015782943054
2026-04-06 13:30:00+00:00,20563.038231052575,16733.713948661818,15476.225417686468,18699.99083362145,23466.5453805452,10823.385073842597,20665.015782943054
2026-04-06 13:35:00+00:00,20570.97790294839,16733.713948661818,15484.163129843573,18707.928545778555,23474.462330259215,10823.385073842597,20672.955454838866
2026-04-06 13:40:00+00:00,20578.970390814928,16733.713948661818,15492.13870605666,18715.90412199164,23482.46594590967,10823.385073842597,20680.947942705403
2026-04-06 13:45:00+00:00,20586.96255648778,16733.713948661818,15492.13870605666,18715.90412199164,23490.472830196137,10823.385073842597,20688.940108378254
2026-04-06 13:50:00+00:00,20576.96255648778,16733.713948661818,15492.13870605666,18715.90412199164,23498.474587408185,10831.379617012226,20678.940108378254
2026-04-06 13:55:00+00:00,20566.96255648778,16733.713948661818,15492.13870605666,18715.90412199164,23506.480582366534,10839.383734688467,20668.940108378254
2026-04-06 14:00:00+00:00,20574.93500053793,16733.713948661818,15500.08299218499,18723.84840811997,23514.461713722812,10839.383734688467,20676.91255242841
2026-04-06 14:05:00+00:00,20574.93500053793,16733.713948661818,15500.08299218499,18723.84840811997,23522.465276777068,10839.383734688467,20676.91255242841
2026-04-06 14:10:00+00:00,20582.900894624076,16733.713948661818,15508.046361902654,18731.811777837633,23530.43684484755,10839.383734688467,20684.87844651455
2026-04-06 14:15:00+00:00,20590.90953189443,16733.713948661818,15508.046361902654,18731.811777837633,23520.43684484755,10839.383734688467,20692.88708378491
2026-04-06 14:20:00+00:00,20580.90953189443,16733.713948661818,15508.046361902654,18731.811777837633,23510.43684484755,10839.383734688467,20682.88708378491
2026-04-06 14:25:00+00:00,20588.904854779266,16733.713948661818,15516.024666332883,18739.790082267864,23518.438943966972,10839.383734688467,20690.88240666974
2026-04-06 14:30:00+00:00,20596.92007009925,16733.713948661818,15516.024666332883,18739.790082267864,23526.4441542214,10829.383734688467,20698.897621989727
2026-04-06 14:35:00+00:00,20586.92007009925,16733.713948661818,15523.931773973422,18739.790082267864,23516.4441542214,10837.290842329005,20688.897621989727
2026-04-06 14:40:00+00:00,20576.92007009925,16733.713948661818,15523.931773973422,18739.790082267864,23524.445990923883,10827.290842329005,20678.897621989727
2026-04-06 14:45:00+00:00,20584.922045052142,16733.713948661818,15531.912499323436,18747.77080761788,23532.45087308238,10827.290842329005,20686.899596942618
2026-04-06 14:50:00+00:00,20592.895074887354,16741.686978497026,15539.83244083634,18755.690749130783,23540.423001784835,10827.290842329005,20694.87262677783
2026-04-06 14:55:00+00:00,20600.883124161002,16741.686978497026,15547.800675358103,18763.658983652545,23548.407944414463,10827.290842329005,20702.86067605148
2026-04-06 15:00:00+00:00,20608.873718795032,16741.686978497026,15547.800675358103,18763.658983652545,23556.39084376448,10817.290842329005,20710.85127068551
2026-04-06 15:05:00+00:00,20598.873718795032,16741.686978497026,15547.800675358103,18763.658983652545,23546.39084376448,10825.287285597915,20700.85127068551
2026-04-06 15:10:00+00:00,20606.846283783692,16741.686978497026,15555.753117071421,18771.611425365867,23554.362888194057,10825.287285597915,20708.82383567417
2026-04-06 15:15:00+00:00,20614.860850816403,16741.686978497026,15555.753117071421,18771.611425365867,23544.362888194057,10825.287285597915,20716.83840270688
2026-04-06 15:20:00+00:00,20622.864445868334,16741.686978497026,15555.753117071421,18771.611425365867,23552.3637273259,10815.287285597915,20724.841997758813
2026-04-06 15:25:00+00:00,20630.876967576514,16741.686978497026,15555.753117071421,18771.611425365867,23560.35708817529,10823.280646447303,20732.854519466993
2026-04-06 15:30:00+00:00,20638.861123376497,16741.686978497026,15555.753117071421,18771.611425365867,23568.331565245004,10823.280646447303,20740.838675266972
2026-04-06 15:35:00+00:00,20646.851570339833,16741.686978497026,15563.743185799038,18779.601494093484,23576.306750211566,10823.280646447303,20748.82912223031
2026-04-06 15:40:00+00:00,20654.847458094904,16741.686978497026,15563.743185799038,18779.601494093484,23584.313416471407,10823.280646447303,20756.82500998538
2026-04-06 15:45:00+00:00,20662.839951277703,16749.686302053386,15563.743185799038,18787.593987276283,23592.310957761918,10823.280646447303,20764.817503168182
2026-04-06 15:50:00+00:00,20670.839044915592,16749.686302053386,15563.743185799038,18787.593987276283,23600.315711468473,10823.280646447303,20772.816596806068
2026-04-06 15:55:00+00:00,20678.850005453332,16749.686302053386,15563.743185799038,18787.593987276283,23608.320170407558,10813.280646447303,20780.827557343808
2026-04-06 16:00:00+00:00,20686.862217587288,16749.686302053386,15563.743185799038,18787.593987276283,23616.322977196265,10821.286771483554,20788.839769477763
2026-04-06 16:05:00+00:00,20694.8745141092,16749.686302053386,15563.743185799038,18787.593987276283,23624.318576846235,10829.282371133522,20796.85206599968
2026-04-06 16:10:00+00:00,20702.88149459307,16749.686302053386,15563.743185799038,18787.593987276283,23632.319059161193,10829.282371133522,20804.85904648355
2026-04-06 16:15:00+00:00,20710.880590807537,16749.686302053386,15563.743185799038,18787.593987276283,23640.32408535885,10829.282371133522,20812.858142698016
2026-04-06 16:20:00+00:00,20718.890469666312,16749.686302053386,15563.743185799038,18787.593987276283,23648.33096216857,10829.282371133522,20820.868021556787
2026-04-06 16:25:00+00:00,20726.903913913826,16749.686302053386,15563.743185799038,18787.593987276283,23656.330718660018,10829.282371133522,20828.881465804305
2026-04-06 16:30:00+00:00,20716.903913913826,16749.686302053386,15563.743185799038,18787.593987276283,23646.330718660018,10837.278957398637,20818.881465804305
2026-04-06 16:35:00+00:00,20706.903913913826,16749.686302053386,15563.743185799038,18787.593987276283,23636.330718660018,10827.278957398637,20808.881465804305
2026-04-06 16:40:00+00:00,20714.919540779432,16749.686302053386,15563.743185799038,18787.593987276283,23644.308621794506,10827.278957398637,20816.89709266991
2026-04-06 16:45:00+00:00,20722.902705720568,16749.686302053386,15571.723093998546,18795.57389547579,23652.301200438153,10827.278957398637,20824.880257611047
2026-04-06 16:50:00+00:00,20730.911522041453,16749.686302053386,15571.723093998546,18795.57389547579,23660.306958756308,10827.278957398637,20832.88907393193
2026-04-06 16:55:00+00:00,20738.894577050924,16749.686302053386,15579.716042266587,18803.56684374383,23668.2952079198,10827.278957398637,20840.872128941402
2026-04-06 17:00:00+00:00,20746.81871836923,16757.61044337169,15587.641314088038,18811.492115565285,23676.228774126717,10827.278957398637,20848.796270259707
2026-04-06 17:05:00+00:00,20754.809534678498,16757.61044337169,15595.610112318347,18819.460913795592,23684.21699846321,10827.278957398637,20856.787086568973
2026-04-06 17:10:00+00:00,20762.768841464454,16765.56975015765,15603.517047454867,18827.36784893211,23692.17072158911,10827.278957398637,20864.74639335493
2026-04-06 17:15:00+00:00,20770.765427448816,16765.56975015765,15603.517047454867,18827.36784893211,23700.165264657808,10827.278957398637,20872.74297933929
2026-04-06 17:20:00+00:00,20778.74093811791,16773.545260826748,15611.476370773675,18835.327172250916,23708.136728707414,10827.278957398637,20880.71849000839
2026-04-06 17:25:00+00:00,20786.74378553203,16773.545260826748,15611.476370773675,18835.327172250916,23716.139639411485,10827.278957398637,20888.72133742251
2026-04-06 17:30:00+00:00,20794.741860275586,16773.545260826748,15611.476370773675,18835.327172250916,23724.137797334013,10835.277115321165,20896.719412166065
2026-04-06 17:35:00+00:00,20802.751805961772,16773.545260826748,15611.476370773675,18835.327172250916,23732.124800697275,10835.277115321165,20904.729357852248
2026-04-06 17:40:00+00:00,20810.75638550374,16773.545260826748,15611.476370773675,18835.327172250916,23740.12376006416,10835.277115321165,20912.733937394216
2026-04-06 17:45:00+00:00,20800.75638550374,16773.545260826748,15611.476370773675,18835.327172250916,23730.12376006416,10843.27204799377,20902.733937394216
2026-04-06 17:50:00+00:00,20790.75638550374,16773.545260826748,15611.476370773675,18835.327172250916,23720.12376006416,10843.27204799377,20892.733937394216
2026-04-06 17:55:00+00:00,20798.77009819886,16773.545260826748,15611.476370773675,18835.327172250916,23720.12376006416,10843.27204799377,20900.74765008934
2026-04-06 18:00:00+00:00,20806.775576196615,16773.545260826748,15611.476370773675,18835.327172250916,23728.126671656748,10843.27204799377,20908.75312808709
2026-04-06 18:05:00+00:00,20814.788823150822,16773.545260826748,15611.476370773675,18835.327172250916,23736.133798627758,10843.27204799377,20916.766375041298
2026-04-06 18:10:00+00:00,20822.728444708817,16773.545260826748,15619.423155219629,18843.273956696874,23744.102327527755,10843.27204799377,20924.705996599292
2026-04-06 18:15:00+00:00,20830.74393297921,16773.545260826748,15619.423155219629,18843.273956696874,23752.108181615593,10851.273505803154,20932.721484869686
2026-04-06 18:20:00+00:00,20820.74393297921,16773.545260826748,15619.423155219629,18843.273956696874,23742.108181615593,10851.273505803154,20922.721484869686
2026-04-06 18:25:00+00:00,20810.74393297921,16781.507490034797,15627.395361986295,18851.24616346354,23750.10541689122,10851.273505803154,20912.721484869686
2026-04-06 18:30:00+00:00,20818.727984837366,16781.507490034797,15635.376666751814,18859.22746822906,23758.083280495564,10851.273505803154,20920.70553672784
2026-04-06 18:35:00+00:00,20808.727984837366,16781.507490034797,15635.376666751814,18859.22746822906,23766.078032994898,10851.273505803154,20910.70553672784
2026-04-06 18:40:00+00:00,20816.730577133378,16781.507490034797,15635.376666751814,18859.22746822906,23774.080676752,10851.273505803154,20918.708129023857
2026-04-06 18:45:00+00:00,20824.728011389932,16781.507490034797,15635.376666751814,18859.22746822906,23782.076153215654,10851.273505803154,20926.70556328041
2026-04-06 18:50:00+00:00,20814.728011389932,16789.514803699174,15643.359727539526,18867.210529016767,23790.08137856832,10851.273505803154,20916.70556328041
2026-04-06 18:55:00+00:00,20804.728011389932,16789.514803699174,15643.359727539526,18867.210529016767,23790.08137856832,10851.273505803154,20906.70556328041
2026-04-06 19:00:00+00:00,20812.7419001725,16789.514803699174,15643.359727539526,18867.210529016767,23798.083596219767,10851.273505803154,20914.71945206298
2026-04-06 19:05:00+00:00,20820.728324883854,16797.501228410525,15651.323265387322,18875.174066864565,23806.067006935235,10851.273505803154,20922.70587677433
2026-04-06 19:10:00+00:00,20810.728324883854,16797.501228410525,15659.30229254996,18875.174066864565,23814.04603409787,10851.273505803154,20912.70587677433
2026-04-06 19:15:00+00:00,20818.74070798135,16797.501228410525,15659.30229254996,18875.174066864565,23822.04524692144,10851.273505803154,20920.718259871825
2026-04-06 19:20:00+00:00,20808.74070798135,16797.501228410525,15659.30229254996,18875.174066864565,23812.04524692144,10851.273505803154,20910.718259871825
2026-04-06 19:25:00+00:00,20816.727072545,16797.501228410525,15659.30229254996,18875.174066864565,23820.043925509075,10851.273505803154,20918.704624435475
2026-04-06 19:30:00+00:00,20806.727072545,16787.501228410525,15659.30229254996,18865.174066864565,23810.043925509075,10851.273505803154,20908.704624435475
2026-04-06 19:35:00+00:00,20796.727072545,16787.501228410525,15659.30229254996,18865.174066864565,23818.04284971784,10859.272430011917,20898.704624435475
2026-04-06 19:40:00+00:00,20786.727072545,16787.501228410525,15659.30229254996,18865.174066864565,23826.045224796548,10867.274805090625,20888.704624435475
2026-04-06 19:45:00+00:00,20794.71783363736,16795.491989502894,15659.30229254996,18873.16482795693,23834.03942816221,10867.274805090625,20896.69538552784
2026-04-06 19:50:00+00:00,20784.71783363736,16785.491989502894,15659.30229254996,18863.16482795693,23824.03942816221,10875.277506526296,20886.69538552784
2026-04-06 19:55:00+00:00,20774.71783363736,16785.491989502894,15659.30229254996,18863.16482795693,23832.033663655275,10875.277506526296,20876.69538552784
2026-04-06 20:00:00+00:00,20764.71783363736,16785.491989502894,15659.30229254996,18863.16482795693,23822.033663655275,10875.277506526296,20866.69538552784
2026-04-06 20:05:00+00:00,20772.72791769893,16793.488066701157,15659.30229254996,18871.174912018498,23830.040952048526,10875.277506526296,20874.705469589404
2026-04-06 20:10:00+00:00,20762.72791769893,16793.488066701157,15659.30229254996,18871.174912018498,23838.046192649155,10875.277506526296,20864.705469589404
2026-04-06 20:15:00+00:00,20770.731036182362,16793.488066701157,15667.297028077519,18879.169647546052,23846.04132059781,10875.277506526296,20872.70858807284
2026-04-06 20:20:00+00:00,20778.729481453454,16793.488066701157,15667.297028077519,18879.169647546052,23854.042286941025,10875.277506526296,20880.707033343933
2026-04-06 20:25:00+00:00,20786.74534641854,16793.488066701157,15667.297028077519,18879.169647546052,23862.04272508775,10883.285511450315,20888.722898309017
2026-04-06 20:30:00+00:00,20794.75652847119,16793.488066701157,15667.297028077519,18879.169647546052,23862.04272508775,10883.285511450315,20896.734080361668
2026-04-06 20:35:00+00:00,20802.766566603255,16793.488066701157,15667.297028077519,18879.169647546052,23862.04272508775,10883.285511450315,20904.744118493734
2026-04-06 20:40:00+00:00,20802.766566603255,16793.488066701157,15667.297028077519,18879.169647546052,23852.04272508775,10883.285511450315,20904.744118493734
2026-04-06 20:45:00+00:00,20802.766566603255,16793.488066701157,15667.297028077519,18879.169647546052,23852.04272508775,10883.285511450315,20904.744118493734
2026-04-06 20:50:00+00:00,20810.775518351966,16801.497018449867,15667.297028077519,18887.178599294763,23852.04272508775,10883.285511450315,20912.75307024244
2026-04-06 20:55:00+00:00,20818.782232069338,16809.498250740275,15667.297028077519,18895.185313012134,23860.049438805123,10883.285511450315,20920.759783959817
2026-04-06 21:00:00+00:00,20826.774863912346,16817.47719246081,15675.280331823538,18903.168616758157,23868.02465975575,10883.285511450315,20928.752415802825
2026-04-06 21:05:00+00:00,20834.776593228467,16825.478921776932,15675.280331823538,18911.17034607428,23876.02484030521,10883.285511450315,20936.754145118946
2026-04-06 21:10:00+00:00,20842.78338587166,16825.478921776932,15675.280331823538,18911.17034607428,23884.021439553,10883.285511450315,20944.760937762134
2026-04-06 21:15:00+00:00,20832.78338587166,16825.478921776932,15675.280331823538,18911.17034607428,23874.021439553,10883.285511450315,20934.760937762134
2026-04-06 21:20:00+00:00,20840.791384103504,16833.486920008778,15675.280331823538,18919.178344306125,23882.028482027967,10883.285511450315,20942.768935993983
2026-04-06 21:25:00+00:00,20840.791384103504,16833.486920008778,15675.280331823538,18919.178344306125,23882.028482027967,10883.285511450315,20942.768935993983
2026-04-06 21:30:00+00:00,20840.791384103504,16833.486920008778,15675.280331823538,18919.178344306125,23882.028482027967,10883.285511450315,20942.768935993983
2026-04-06 21:35:00+00:00,20848.753333842928,16841.4488697482,15683.224846375615,18927.1228588582,23889.983283938534,10883.285511450315,20950.7308857334
2026-04-06 21:40:00+00:00,20856.767001720502,16841.4488697482,15691.20743620304,18935.105448685626,23897.96587376596,10883.285511450315,20958.744553610977
2026-04-06 21:45:00+00:00,20864.774486405142,16841.4488697482,15699.182597206054,18943.08060968864,23905.97220130035,10883.285511450315,20966.752038295614
2026-04-06 21:50:00+00:00,20872.769326250615,16849.443709593674,15707.178811670135,18951.076824152726,23913.95970458505,10883.285511450315,20974.746878141093
2026-04-06 21:55:00+00:00,20880.763457547197,16857.437840890256,15715.171660256554,18959.069672739144,23921.95755961154,10883.285511450315,20982.741009437676
2026-04-06 22:00:00+00:00,20888.717288825625,16857.437840890256,15723.152843716018,18967.023504017572,23929.94834836934,10883.285511450315,20990.694840716103
2026-04-06 22:05:00+00:00,20896.709212178343,16865.429764242974,15723.152843716018,18975.01542737029,23937.954100627423,10883.285511450315,20998.68676406882
2026-04-06 22:10:00+00:00,20904.721200524957,16865.429764242974,15723.152843716018,18975.01542737029,23937.954100627423,10883.285511450315,21006.698752415432
2026-04-06 22:15:00+00:00,20912.735665370878,16865.429764242974,15723.152843716018,18975.01542737029,23945.95821173639,10883.285511450315,21014.713217261356
2026-04-06 22:20:00+00:00,20920.73659491603,16865.429764242974,15723.152843716018,18975.01542737029,23953.955710607373,10883.285511450315,21022.714146806502
2026-04-06 22:25:00+00:00,20928.742531950724,16865.429764242974,15723.152843716018,18975.01542737029,23961.955964289617,10883.285511450315,21030.720083841195
2026-04-06 22:30:00+00:00,20936.73851313006,16873.42574542231,15731.1153988996,18982.97798255387,23969.95920239325,10883.285511450315,21038.716065020533
2026-04-06 22:35:00+00:00,20944.745574653312,16873.42574542231,15731.1153988996,18982.97798255387,23977.96274004392,10883.285511450315,21046.723126543788
2026-04-06 22:40:00+00:00,20934.745574653312,16873.42574542231,15731.1153988996,18982.97798255387,23985.96950733383,10883.285511450315,21036.723126543788
2026-04-06 22:45:00+00:00,20942.761301242503,16873.42574542231,15731.1153988996,18982.97798255387,23985.96950733383,10883.285511450315,21044.738853132978
2026-04-06 22:50:00+00:00,20950.729655349765,16881.394099529574,15739.012382841549,18990.874966495823,23993.9509317673,10883.285511450315,21052.707207240237
2026-04-06 22:55:00+00:00,20958.73320640777,16881.394099529574,15739.012382841549,18990.874966495823,24001.95649041779,10883.285511450315,21060.710758298243
2026-04-06 23:00:00+00:00,20966.69864871459,16881.394099529574,15746.975991859239,18998.83857551351,24009.89092430668,10883.285511450315,21068.676200605067
2026-04-06 23:05:00+00:00,20956.69864871459,16871.394099529574,15736.975991859239,18988.83857551351,23999.89092430668,10883.285511450315,21058.676200605067
2026-04-06 23:10:00+00:00,20964.686078398543,16871.394099529574,15736.975991859239,18988.83857551351,23989.89092430668,10883.285511450315,21066.66363028902
2026-04-06 23:15:00+00:00,20954.686078398543,16871.394099529574,15744.943198551933,18988.83857551351,23997.88874966282,10891.282463838954,21056.66363028902
2026-04-06 23:20:00+00:00,20962.609876516333,16871.394099529574,15752.888232345502,18996.762373631303,24005.89078992213,10891.282463838954,21064.587428406812
2026-04-06 23:25:00+00:00,20970.591088191966,16879.375311205207,15760.867499594686,19004.741640880486,24013.88256635271,10891.282463838954,21072.56864008244
2026-04-06 23:30:00+00:00,20978.545410592047,16887.329633605288,15768.813004372392,19012.687145658194,24021.8476866579,10891.282463838954,21080.522962482522
2026-04-06 23:35:00+00:00,20968.545410592047,16887.329633605288,15768.813004372392,19012.687145658194,24011.8476866579,10899.280359653942,21070.522962482522
2026-04-06 23:40:00+00:00,20976.513076741834,16895.297299755075,15776.79621809941,19020.67035938521,24019.817757625715,10899.280359653942,21078.49062863231
2026-04-06 23:45:00+00:00,20984.50859584756,16895.297299755075,15776.79621809941,19020.67035938521,24027.81777922492,10899.280359653942,21086.486147738036
2026-04-06 23:50:00+00:00,20992.51204178911,16895.297299755075,15776.79621809941,19020.67035938521,24035.823992951955,10899.280359653942,21094.489593679584
2026-04-06 23:55:00+00:00,20982.51204178911,16895.297299755075,15776.79621809941,19020.67035938521,24043.828832128536,10899.280359653942,21084.489593679584
2026-04-07 00:00:00+00:00,20990.52161403694,16895.297299755075,15776.79621809941,19020.67035938521,24051.82737672896,10899.280359653942,21092.499165927416
2026-04-07 00:05:00+00:00,20998.488174892504,16903.263860610637,15784.766590509917,19028.640731795716,24059.814214470043,10907.246920509506,21100.465726782983
2026-04-07 00:10:00+00:00,20988.488174892504,16903.263860610637,15784.766590509917,19028.640731795716,24049.814214470043,10915.240965906696,21090.465726782983
2026-04-07 00:15:00+00:00,20978.488174892504,16903.263860610637,15784.766590509917,19028.640731795716,24057.820029810442,10915.240965906696,21080.465726782983
2026-04-07 00:20:00+00:00,20968.488174892504,16903.263860610637,15784.766590509917,19028.640731795716,24047.820029810442,10905.240965906696,21070.465726782983
2026-04-07 00:25:00+00:00,20958.488174892504,16903.263860610637,15784.766590509917,19028.640731795716,24037.820029810442,10905.240965906696,21060.465726782983
2026-04-07 00:30:00+00:00,20948.488174892504,16903.263860610637,15792.739498843486,19028.640731795716,24045.825362164527,10913.246298260785,21050.465726782983
2026-04-07 00:35:00+00:00,20956.48203869573,16903.263860610637,15800.707620083434,19036.608853035665,24053.832130818177,10913.246298260785,21058.459590586204
2026-04-07 00:40:00+00:00,20946.48203869573,16903.263860610637,15800.707620083434,19036.608853035665,24061.836157077847,10913.246298260785,21048.459590586204
2026-04-07 00:45:00+00:00,20954.493741939543,16903.263860610637,15800.707620083434,19036.608853035665,24069.84174820628,10921.246383534988,21056.471293830014
2026-04-07 00:50:00+00:00,20954.493741939543,16903.263860610637,15800.707620083434,19036.608853035665,24077.846185233873,10921.246383534988,21056.471293830014
2026-04-07 00:55:00+00:00,20962.50944463921,16903.263860610637,15800.707620083434,19036.608853035665,24085.80785402637,10921.246383534988,21064.486996529686
2026-04-07 01:00:00+00:00,20962.50944463921,16903.263860610637,15800.707620083434,19036.608853035665,24093.7995826673,10929.252903968425,21064.486996529686
2026-04-07 01:05:00+00:00,20970.49340598729,16903.263860610637,15808.67202716085,19044.57326011308,24101.782245112998,10929.252903968425,21072.47095787777
2026-04-07 01:10:00+00:00,20978.492605629413,16903.263860610637,15808.67202716085,19044.57326011308,24109.781386636743,10929.252903968425,21080.47015751989
2026-04-07 01:15:00+00:00,20986.470175465078,16911.241430446302,15816.639800622113,19052.541033574344,24117.767077875167,10929.252903968425,21088.447727355553
2026-04-07 01:20:00+00:00,20976.470175465078,16911.241430446302,15824.617462501279,19052.541033574344,24125.768633212647,10937.25614876115,21078.447727355553
2026-04-07 01:25:00+00:00,20966.470175465078,16911.241430446302,15824.617462501279,19052.541033574344,24115.768633212647,10937.25614876115,21068.447727355553
2026-04-07 01:30:00+00:00,20974.470935854566,16911.241430446302,15824.617462501279,19052.541033574344,24123.769296582956,10937.25614876115,21076.448487745038
2026-04-07 01:35:00+00:00,20982.472691043688,16919.223326916912,15832.567806845549,19060.49137791861,24131.75867368954,10937.25614876115,21084.450242934166
2026-04-07 01:40:00+00:00,20972.472691043688,16919.223326916912,15832.567806845549,19060.49137791861,24139.763219310324,10945.261387681512,21074.450242934166
2026-04-07 01:45:00+00:00,20980.47281862794,16919.223326916912,15832.567806845549,19060.49137791861,24147.767593935365,10945.261387681512,21082.450370518414
2026-04-07 01:50:00+00:00,20988.423152260097,16927.173660549073,15840.543792972378,19068.46736404544,24155.75575743903,10945.261387681512,21090.400704150576
2026-04-07 01:55:00+00:00,20996.40994764648,16927.173660549073,15848.53455924418,19076.458130317245,24163.736311759596,10945.261387681512,21098.387499536955
2026-04-07 02:00:00+00:00,21004.42481087732,16927.173660549073,15848.53455924418,19076.458130317245,24163.736311759596,10945.261387681512,21106.402362767796
2026-04-07 02:05:00+00:00,20994.42481087732,16917.173660549073,15838.53455924418,19066.458130317245,24153.736311759596,10945.261387681512,21096.402362767796
2026-04-07 02:10:00+00:00,21002.423896572967,16917.173660549073,15838.53455924418,19066.458130317245,24161.740478694323,10945.261387681512,21104.401448463443
2026-04-07 02:15:00+00:00,21010.439750720314,16917.173660549073,15838.53455924418,19066.458130317245,24169.74630781595,10953.264474360016,21112.41730261079
2026-04-07 02:20:00+00:00,21000.439750720314,16907.173660549073,15838.53455924418,19056.458130317245,24159.74630781595,10961.268441106782,21102.41730261079
2026-04-07 02:25:00+00:00,21008.44898044844,16907.173660549073,15838.53455924418,19056.458130317245,24149.74630781595,10961.268441106782,21110.42653233892
2026-04-07 02:30:00+00:00,21016.44768599273,16915.172366093364,15838.53455924418,19064.456835861536,24157.743927602532,10961.268441106782,21118.42523788321
2026-04-07 02:35:00+00:00,21024.43427065589,16923.15895075652,15846.501418550619,19072.42369516797,24165.7302026881,10961.268441106782,21126.41182254636
2026-04-07 02:40:00+00:00,21032.439447874793,16931.164603619985,15854.484745915015,19080.407022532367,24173.734920442825,10961.268441106782,21134.41699976527
2026-04-07 02:45:00+00:00,21040.439886868437,16931.164603619985,15854.484745915015,19080.407022532367,24181.735242745817,10969.274795228828,21142.41743875891
2026-04-07 02:50:00+00:00,21030.439886868437,16931.164603619985,15854.484745915015,19080.407022532367,24189.730842978606,10969.274795228828,21132.41743875891
2026-04-07 02:55:00+00:00,21038.42907301849,16939.158684862676,15854.484745915015,19088.396208682425,24197.721464930066,10969.274795228828,21140.406624908966
2026-04-07 03:00:00+00:00,21028.42907301849,16939.158684862676,15854.484745915015,19088.396208682425,24205.726478082215,10969.274795228828,21130.406624908966
2026-04-07 03:05:00+00:00,21018.42907301849,16929.158684862676,15854.484745915015,19078.396208682425,24195.726478082215,10969.274795228828,21120.406624908966
2026-04-07 03:10:00+00:00,21026.442467447807,16929.158684862676,15854.484745915015,19078.396208682425,24195.726478082215,10969.274795228828,21128.420019338286
2026-04-07 03:15:00+00:00,21034.439380116717,16929.158684862676,15854.484745915015,19078.396208682425,24203.733527684577,10969.274795228828,21136.416932007196
2026-04-07 03:20:00+00:00,21042.434958705784,16937.15426345174,15854.484745915015,19086.39178727149,24211.734540508885,10969.274795228828,21144.41251059626
2026-04-07 03:25:00+00:00,21050.44197438614,16937.15426345174,15854.484745915015,19086.39178727149,24219.740954276254,10969.274795228828,21152.419526276615
2026-04-07 03:30:00+00:00,21058.439993036183,16937.15426345174,15854.484745915015,19086.39178727149,24227.739088070088,10969.274795228828,21160.417544926655
2026-04-07 03:35:00+00:00,21066.45129858025,16945.167966529767,15854.484745915015,19094.40309281556,24235.742754048937,10969.274795228828,21168.42885047073
2026-04-07 03:40:00+00:00,21056.45129858025,16945.167966529767,15854.484745915015,19094.40309281556,24235.742754048937,10969.274795228828,21158.42885047073
2026-04-07 03:45:00+00:00,21064.462483594078,16945.167966529767,15854.484745915015,19094.40309281556,24243.746931054586,10969.274795228828,21166.44003548455
2026-04-07 03:50:00+00:00,21054.462483594078,16945.167966529767,15854.484745915015,19094.40309281556,24233.746931054586,10969.274795228828,21156.44003548455
2026-04-07 03:55:00+00:00,21054.462483594078,16945.167966529767,15854.484745915015,19094.40309281556,24233.746931054586,10969.274795228828,21156.44003548455
2026-04-07 04:00:00+00:00,21044.462483594078,16945.167966529767,15854.484745915015,19094.40309281556,24241.71908056738,10969.274795228828,21146.44003548455
2026-04-07 04:05:00+00:00,21052.460573321725,16953.166056257414,15854.484745915015,19102.40118254321,24249.71610888127,10969.274795228828,21154.4381252122
2026-04-07 04:10:00+00:00,21060.4692500155,16953.166056257414,15854.484745915015,19102.40118254321,24257.716137912044,10969.274795228828,21162.446801905975
2026-04-07 04:15:00+00:00,21050.4692500155,16953.166056257414,15862.462187043271,19102.40118254321,24265.6935790403,10969.274795228828,21152.446801905975
2026-04-07 04:20:00+00:00,21058.468877226267,16961.16568346818,15862.462187043271,19110.400809753974,24273.69855975968,10969.274795228828,21160.44642911674
2026-04-07 04:25:00+00:00,21066.47383465732,16961.16568346818,15862.462187043271,19110.400809753974,24273.69855975968,10969.274795228828,21168.451386547797
2026-04-07 04:30:00+00:00,21074.46599040402,16961.16568346818,15870.429915406974,19118.368538117677,24281.692812709116,10969.274795228828,21176.443542294495
2026-04-07 04:35:00+00:00,21082.44752909246,16961.16568346818,15870.429915406974,19118.368538117677,24289.69818149206,10969.274795228828,21184.425080982932
2026-04-07 04:40:00+00:00,21072.44752909246,16961.16568346818,15870.429915406974,19118.368538117677,24289.69818149206,10969.274795228828,21174.425080982932
2026-04-07 04:45:00+00:00,21080.429194734672,16969.147349110393,15878.388044314226,19126.32666702493,24297.678224233357,10969.274795228828,21182.406746625144
2026-04-07 04:50:00+00:00,21088.442879847284,16977.154363634065,15878.388044314226,19134.340352137544,24305.684189230084,10969.274795228828,21190.42043173776
2026-04-07 04:55:00+00:00,21096.45255924001,16985.16404302679,15878.388044314226,19142.350031530266,24313.685359171923,10969.274795228828,21198.43011113048
2026-04-07 05:00:00+00:00,21104.465887199753,16985.16404302679,15878.388044314226,19142.350031530266,24313.685359171923,10969.274795228828,21206.443439090228
2026-04-07 05:05:00+00:00,21112.474466169486,16993.177448648166,15878.388044314226,19150.3586105,24321.677992494675,10969.274795228828,21214.45201805996
2026-04-07 05:10:00+00:00,21102.474466169486,16993.177448648166,15878.388044314226,19150.3586105,24321.677992494675,10969.274795228828,21204.45201805996
2026-04-07 05:15:00+00:00,21092.474466169486,16993.177448648166,15878.388044314226,19150.3586105,24311.677992494675,10959.274795228828,21194.45201805996
2026-04-07 05:20:00+00:00,21082.474466169486,16993.177448648166,15878.388044314226,19150.3586105,24301.677992494675,10959.274795228828,21184.45201805996
2026-04-07 05:25:00+00:00,21090.47698792401,17001.17997040269,15878.388044314226,19158.361132254522,24309.678979790286,10959.274795228828,21192.454539814484
2026-04-07 05:30:00+00:00,21080.47698792401,17001.17997040269,15878.388044314226,19158.361132254522,24317.685556244465,10959.274795228828,21182.454539814484
2026-04-07 05:35:00+00:00,21070.47698792401,17001.17997040269,15878.388044314226,19158.361132254522,24325.67562840299,10959.274795228828,21172.454539814484
2026-04-07 05:40:00+00:00,21078.471894436618,17009.1748769153,15878.388044314226,19166.35603876713,24333.677356099623,10959.274795228828,21180.449446327093
2026-04-07 05:45:00+00:00,21068.471894436618,17009.1748769153,15878.388044314226,19166.35603876713,24333.677356099623,10959.274795228828,21170.449446327093
2026-04-07 05:50:00+00:00,21058.471894436618,17009.1748769153,15878.388044314226,19166.35603876713,24333.677356099623,10959.274795228828,21160.449446327093
2026-04-07 05:55:00+00:00,21058.471894436618,17009.1748769153,15878.388044314226,19166.35603876713,24341.661419695833,10959.274795228828,21160.449446327093
2026-04-07 06:00:00+00:00,21048.471894436618,17009.1748769153,15878.388044314226,19166.35603876713,24331.661419695833,10959.274795228828,21150.449446327093
2026-04-07 06:05:00+00:00,21056.4880970242,17009.1748769153,15878.388044314226,19166.35603876713,24321.661419695833,10959.274795228828,21158.46564891468
2026-04-07 06:10:00+00:00,21064.47913395593,17009.1748769153,15886.373872256565,19174.341866709474,24329.64210333497,10959.274795228828,21166.45668584641
2026-04-07 06:15:00+00:00,21072.464494110267,17009.1748769153,15886.373872256565,19174.341866709474,24337.647713901104,10959.274795228828,21174.44204600074
2026-04-07 06:20:00+00:00,21062.464494110267,17009.1748769153,15886.373872256565,19174.341866709474,24327.647713901104,10959.274795228828,21164.44204600074
2026-04-07 06:25:00+00:00,21062.464494110267,17009.1748769153,15886.373872256565,19174.341866709474,24335.65498581466,10959.274795228828,21164.44204600074
2026-04-07 06:30:00+00:00,21070.458621433238,17017.169004238272,15886.373872256565,19182.335994032444,24343.65105817772,10959.274795228828,21172.436173323717
2026-04-07 06:35:00+00:00,21078.45288529215,17017.169004238272,15894.349028113322,19190.330257891357,24351.655097302744,10959.274795228828,21180.43043718263
2026-04-07 06:40:00+00:00,21068.45288529215,17017.169004238272,15894.349028113322,19190.330257891357,24341.655097302744,10959.274795228828,21170.43043718263
2026-04-07 06:45:00+00:00,21058.45288529215,17017.169004238272,15894.349028113322,19190.330257891357,24331.655097302744,10959.274795228828,21160.43043718263
2026-04-07 06:50:00+00:00,21066.457419967533,17017.169004238272,15894.349028113322,19190.330257891357,24339.651141957933,10959.274795228828,21168.434971858005
2026-04-07 06:55:00+00:00,21056.457419967533,17017.169004238272,15894.349028113322,19190.330257891357,24347.654327154774,10959.274795228828,21158.434971858005
2026-04-07 07:00:00+00:00,21056.457419967533,17017.169004238272,15894.349028113322,19190.330257891357,24355.6533639774,10959.274795228828,21158.434971858005
2026-04-07 07:05:00+00:00,21046.457419967533,17017.169004238272,15894.349028113322,19190.330257891357,24355.6533639774,10959.274795228828,21148.434971858005
2026-04-07 07:10:00+00:00,21036.457419967533,17017.169004238272,15894.349028113322,19190.330257891357,24355.6533639774,10967.28263626255,21138.434971858005
2026-04-07 07:15:00+00:00,21026.457419967533,17017.169004238272,15894.349028113322,19190.330257891357,24345.6533639774,10967.28263626255,21128.434971858005
2026-04-07 07:20:00+00:00,21016.457419967533,17017.169004238272,15894.349028113322,19190.330257891357,24335.6533639774,10957.28263626255,21118.434971858005
2026-04-07 07:25:00+00:00,21024.440545097612,17025.152129368355,15902.326767618295,19198.307997396332,24343.64109534991,10957.28263626255,21126.41809698809
2026-04-07 07:30:00+00:00,21032.42527329019,17033.13685756093,15910.313777975782,19206.29500775382,24351.63505840087,10957.28263626255,21134.402825180667
2026-04-07 07:35:00+00:00,21022.42527329019,17041.14774641161,15910.313777975782,19206.29500775382,24359.640412327506,10957.28263626255,21124.402825180667
2026-04-07 07:40:00+00:00,21030.441087736246,17041.14774641161,15910.313777975782,19206.29500775382,24359.640412327506,10957.28263626255,21132.418639626725
2026-04-07 07:45:00+00:00,21038.44997286818,17041.14774641161,15910.313777975782,19206.29500775382,24359.640412327506,10957.28263626255,21140.427524758656
2026-04-07 07:50:00+00:00,21046.455600095574,17049.153373639005,15910.313777975782,19214.300634981213,24367.642753244174,10957.28263626255,21148.43315198605
2026-04-07 07:55:00+00:00,21054.47170245398,17049.153373639005,15910.313777975782,19214.300634981213,24375.648116396656,10957.28263626255,21156.449254344458
2026-04-07 08:00:00+00:00,21062.432110688416,17057.113781873435,15918.280035667616,19222.266892673048,24383.58146283823,10957.28263626255,21164.409662578888
2026-04-07 08:05:00+00:00,21052.432110688416,17057.113781873435,15918.280035667616,19222.266892673048,24383.58146283823,10957.28263626255,21154.409662578888
2026-04-07 08:10:00+00:00,21060.433341471784,17057.113781873435,15926.274491222863,19230.261348228294,24391.565366854906,10957.28263626255,21162.410893362256
2026-04-07 08:15:00+00:00,21050.433341471784,17047.113781873435,15926.274491222863,19220.261348228294,24381.565366854906,10957.28263626255,21152.410893362256
2026-04-07 08:20:00+00:00,21058.448206366975,17047.113781873435,15926.274491222863,19220.261348228294,24389.569605226032,10957.28263626255,21160.42575825745
2026-04-07 08:25:00+00:00,21066.455989095077,17047.113781873435,15926.274491222863,19220.261348228294,24397.57141986715,10957.28263626255,21168.43354098555
2026-04-07 08:30:00+00:00,21074.449495314508,17055.10728809287,15926.274491222863,19228.254854447725,24405.56649935557,10957.28263626255,21176.427047204983
2026-04-07 08:35:00+00:00,21082.455028728953,17055.10728809287,15926.274491222863,19228.254854447725,24413.57208486204,10957.28263626255,21184.432580619432
2026-04-07 08:40:00+00:00,21072.455028728953,17055.10728809287,15926.274491222863,19228.254854447725,24421.576303696216,10957.28263626255,21174.432580619432
2026-04-07 08:45:00+00:00,21080.45659444414,17055.10728809287,15926.274491222863,19228.254854447725,24429.58179632428,10957.28263626255,21182.434146334614
2026-04-07 08:50:00+00:00,21088.452296470365,17063.102990119096,15926.274491222863,19236.25055647395,24437.570698536183,10957.28263626255,21190.429848360836
2026-04-07 08:55:00+00:00,21096.462854960984,17063.102990119096,15926.274491222863,19236.25055647395,24427.570698536183,10947.28263626255,21198.440406851456
2026-04-07 09:00:00+00:00,21104.469579107972,17063.102990119096,15926.274491222863,19236.25055647395,24435.577455947776,10947.28263626255,21206.447130998447
2026-04-07 09:05:00+00:00,21094.469579107972,17063.102990119096,15934.241281461687,19236.25055647395,24443.544246186597,10947.28263626255,21196.447130998447
2026-04-07 09:10:00+00:00,21084.469579107972,17063.102990119096,15942.224036302621,19236.25055647395,24451.527001027534,10955.265391103485,21186.447130998447
2026-04-07 09:15:00+00:00,21092.46720999878,17071.1006210099,15942.224036302621,19244.248187364756,24459.52069800985,10955.265391103485,21194.444761889252
2026-04-07 09:20:00+00:00,21100.47145151935,17071.1006210099,15942.224036302621,19244.248187364756,24467.52458589351,10955.265391103485,21202.449003409823
2026-04-07 09:25:00+00:00,21108.480903086605,17071.1006210099,15942.224036302621,19244.248187364756,24457.52458589351,10955.265391103485,21210.45845497708
2026-04-07 09:30:00+00:00,21116.481736413265,17071.1006210099,15942.224036302621,19244.248187364756,24465.53098011813,10955.265391103485,21218.45928830374
2026-04-07 09:35:00+00:00,21106.481736413265,17071.1006210099,15942.224036302621,19244.248187364756,24465.53098011813,10955.265391103485,21208.45928830374
2026-04-07 09:40:00+00:00,21114.482455644524,17071.1006210099,15942.224036302621,19244.248187364756,24473.52662203202,10955.265391103485,21216.460007535003
2026-04-07 09:45:00+00:00,21104.482455644524,17071.1006210099,15942.224036302621,19244.248187364756,24463.52662203202,10963.265789131692,21206.460007535003
2026-04-07 09:50:00+00:00,21104.482455644524,17071.1006210099,15942.224036302621,19244.248187364756,24471.533752257797,10963.265789131692,21206.460007535003
2026-04-07 09:55:00+00:00,21094.482455644524,17071.1006210099,15942.224036302621,19244.248187364756,24471.533752257797,10963.265789131692,21196.460007535003
2026-04-07 10:00:00+00:00,21102.491750152716,17079.098265785306,15950.205432255618,19252.229583317756,24479.537856083327,10971.263433907096,21204.469302043195
2026-04-07 10:05:00+00:00,21110.495132450804,17079.098265785306,15950.205432255618,19252.229583317756,24487.54414346045,10971.263433907096,21212.47268434128
2026-04-07 10:10:00+00:00,21118.48338496257,17079.098265785306,15958.197775538441,19260.221926600578,24495.550973406585,10971.263433907096,21220.460936853044
2026-04-07 10:15:00+00:00,21126.462742373835,17079.098265785306,15958.197775538441,19260.221926600578,24503.541180627737,10971.263433907096,21228.44029426431
2026-04-07 10:20:00+00:00,21126.462742373835,17079.098265785306,15958.197775538441,19260.221926600578,24511.543174124745,10971.263433907096,21228.44029426431
2026-04-07 10:25:00+00:00,21134.440813439036,17079.098265785306,15966.149291522106,19268.173442584244,24519.505202589942,10971.263433907096,21236.41836532951
2026-04-07 10:30:00+00:00,21124.440813439036,17079.098265785306,15966.149291522106,19268.173442584244,24527.507352032706,10971.263433907096,21226.41836532951
2026-04-07 10:35:00+00:00,21132.38472316473,17087.042175511,15974.089284100217,19276.113435162355,24535.483017576804,10971.263433907096,21234.362275055202
2026-04-07 10:40:00+00:00,21140.399455700703,17087.042175511,15974.089284100217,19276.113435162355,24543.486490625783,10961.263433907096,21242.377007591174
2026-04-07 10:45:00+00:00,21148.40826967224,17087.042175511,15974.089284100217,19276.113435162355,24551.482382963874,10961.263433907096,21250.38582156272
2026-04-07 10:50:00+00:00,21156.414551881535,17087.042175511,15982.074369192913,19284.098520255047,24559.488665173165,10969.249056407203,21258.39210377201
2026-04-07 10:55:00+00:00,21164.417704399704,17087.042175511,15982.074369192913,19284.098520255047,24549.488665173165,10959.249056407203,21266.395256290176
2026-04-07 11:00:00+00:00,21172.398001226495,17087.042175511,15990.065351973262,19292.0895030354,24557.48432990462,10959.249056407203,21274.375553116974
2026-04-07 11:05:00+00:00,21180.388213133432,17087.042175511,15998.042613821282,19300.06676488342,24565.483599835996,10959.249056407203,21282.365765023907
2026-04-07 11:10:00+00:00,21188.386794308804,17087.042175511,15998.042613821282,19300.06676488342,24573.48710651794,10959.249056407203,21290.36434619928
2026-04-07 11:15:00+00:00,21196.382425396798,17087.042175511,15998.042613821282,19300.06676488342,24581.458133408705,10959.249056407203,21298.35997728727
2026-04-07 11:20:00+00:00,21204.373915392236,17087.042175511,15998.042613821282,19300.06676488342,24589.450092786054,10959.249056407203,21306.351467282708
2026-04-07 11:25:00+00:00,21212.37393520683,17087.042175511,16006.033681680396,19308.057832742532,24597.447782030642,10959.249056407203,21314.351487097305
2026-04-07 11:30:00+00:00,21220.384426205397,17095.04460715963,16006.033681680396,19316.0683237411,24605.451648398717,10959.249056407203,21322.36197809587
2026-04-07 11:35:00+00:00,21228.396533435465,17103.015243529346,16014.0136006768,19324.048242737503,24613.45513820357,10959.249056407203,21330.374085325944
2026-04-07 11:40:00+00:00,21228.396533435465,17103.015243529346,16014.0136006768,19324.048242737503,24613.45513820357,10959.249056407203,21330.374085325944
2026-04-07 11:45:00+00:00,21218.396533435465,17103.015243529346,16014.0136006768,19324.048242737503,24621.4503401842,10959.249056407203,21320.374085325944
2026-04-07 11:50:00+00:00,21226.39398880804,17111.01269890192,16014.0136006768,19332.045698110072,24629.449814471554,10959.249056407203,21328.371540698514
2026-04-07 11:55:00+00:00,21216.39398880804,17111.01269890192,16014.0136006768,19332.045698110072,24629.449814471554,10959.249056407203,21318.371540698514
2026-04-07 12:00:00+00:00,21224.406749700454,17111.01269890192,16014.0136006768,19332.045698110072,24637.454090234718,10959.249056407203,21326.38430159093
2026-04-07 12:05:00+00:00,21232.317308439673,17118.923257641138,16021.88223623436,19339.914333667635,24645.375320993902,10949.249056407203,21334.29486033015
2026-04-07 12:10:00+00:00,21240.28482373531,17126.89077293677,16029.866233126806,19347.898330560078,24653.344976430373,10949.249056407203,21342.26237562578
2026-04-07 12:15:00+00:00,21230.28482373531,17126.89077293677,16037.841145049075,19347.898330560078,24643.344976430373,10957.22396832947,21332.26237562578
2026-04-07 12:20:00+00:00,21238.25490938654,17134.860858588,16045.820630640257,19355.87781615126,24651.319187896137,10957.22396832947,21340.23246127701
2026-04-07 12:25:00+00:00,21238.25490938654,17134.860858588,16045.820630640257,19355.87781615126,24651.319187896137,10957.22396832947,21340.23246127701
2026-04-07 12:30:00+00:00,21246.24132000016,17142.847269201626,16053.78603398749,19363.843219498493,24659.308330723332,10957.22396832947,21348.21887189064
2026-04-07 12:35:00+00:00,21254.248677069772,17142.847269201626,16053.78603398749,19363.843219498493,24667.314670917243,10957.22396832947,21356.226228960244
2026-04-07 12:40:00+00:00,21262.25683891109,17150.855431042943,16053.78603398749,19371.85138133981,24675.321892598527,10957.22396832947,21364.23439080156
2026-04-07 12:45:00+00:00,21252.25683891109,17150.855431042943,16053.78603398749,19371.85138133981,24665.321892598527,10965.218511147148,21354.23439080156
2026-04-07 12:50:00+00:00,21260.25594940326,17158.854541535115,16053.78603398749,19379.85049183198,24673.32524333815,10965.218511147148,21362.233501293733
2026-04-07 12:55:00+00:00,21260.25594940326,17158.854541535115,16061.750332728308,19379.85049183198,24681.299565758367,10965.218511147148,21370.197800034555
2026-04-07 13:00:00+00:00,21268.2604936082,17158.854541535115,16061.750332728308,19379.85049183198,24689.30344708117,10965.218511147148,21378.202344239493
2026-04-07 13:05:00+00:00,21276.24059997752,17158.854541535115,16069.728028628007,19387.828187731684,24697.283685622173,10965.218511147148,21386.182450608812
2026-04-07 13:10:00+00:00,21266.24059997752,17158.854541535115,16069.728028628007,19387.828187731684,24687.283685622173,10965.218511147148,21376.182450608812
2026-04-07 13:15:00+00:00,21274.225037106902,17166.8389786645,16077.71022087288,19395.810379976556,24695.27117097494,10965.218511147148,21384.166887738196
2026-04-07 13:20:00+00:00,21282.236265692525,17166.8389786645,16077.71022087288,19395.810379976556,24703.26335116782,10965.218511147148,21392.17811632382
2026-04-07 13:25:00+00:00,21290.248019136467,17166.8389786645,16077.71022087288,19395.810379976556,24711.26857163341,10965.218511147148,21400.18986976776
2026-04-07 13:30:00+00:00,21298.245627816457,17166.8389786645,16077.71022087288,19395.810379976556,24719.275762443052,10965.218511147148,21408.18747844775
2026-04-07 13:35:00+00:00,21288.245627816457,17166.8389786645,16077.71022087288,19395.810379976556,24709.275762443052,10965.218511147148,21398.18747844775
2026-04-07 13:40:00+00:00,21296.243816920214,17166.8389786645,16077.71022087288,19395.810379976556,24699.275762443052,10973.22030132065,21406.18566755151
2026-04-07 13:45:00+00:00,21304.231881279367,17166.8389786645,16085.679404004848,19403.779563108525,24707.263273229237,10973.22030132065,21414.17373191066
2026-04-07 13:50:00+00:00,21312.246389534615,17166.8389786645,16093.66473318156,19411.764892285235,24715.252003353442,10973.22030132065,21422.18824016591
2026-04-07 13:55:00+00:00,21320.197511546517,17174.790100676397,16101.6119611641,19419.712120267774,24723.207975226615,10973.22030132065,21430.13936217781
2026-04-07 14:00:00+00:00,21328.203608957803,17174.790100676397,16109.583292743624,19427.6834518473,24731.203072816716,10973.22030132065,21438.145459589097
2026-04-07 14:05:00+00:00,21336.12720896236,17174.790100676397,16117.48003374337,19435.580192847046,24739.132982268937,10973.22030132065,21446.069059593654
2026-04-07 14:10:00+00:00,21344.112877443127,17174.790100676397,16117.48003374337,19435.580192847046,24747.116038691813,10973.22030132065,21454.05472807442
2026-04-07 14:15:00+00:00,21352.09206458531,17174.790100676397,16125.416521963993,19443.516681067667,24755.115843194864,10973.22030132065,21462.033915216605
2026-04-07 14:20:00+00:00,21360.04768578092,17174.790100676397,16133.329327510382,19451.42948661406,24763.057508193968,10973.22030132065,21469.989536412213
2026-04-07 14:25:00+00:00,21350.04768578092,17164.790100676397,16123.329327510382,19441.42948661406,24753.057508193968,10973.22030132065,21459.989536412213
2026-04-07 14:30:00+00:00,21340.04768578092,17164.790100676397,16131.291466813494,19441.42948661406,24743.057508193968,10981.182440623763,21449.989536412213
2026-04-07 14:35:00+00:00,21330.04768578092,17164.790100676397,16131.291466813494,19441.42948661406,24733.057508193968,10971.182440623763,21439.989536412213
2026-04-07 14:40:00+00:00,21320.04768578092,17164.790100676397,16131.291466813494,19441.42948661406,24723.057508193968,10979.178327399195,21429.989536412213
2026-04-07 14:45:00+00:00,21328.02206742035,17164.790100676397,16139.271084725995,19449.40910452656,24731.015611716673,10979.178327399195,21437.963918051642
2026-04-07 14:50:00+00:00,21336.0169697168,17164.790100676397,16139.271084725995,19449.40910452656,24739.006695390926,10979.178327399195,21445.958820348093
2026-04-07 14:55:00+00:00,21344.032937108423,17164.790100676397,16139.271084725995,19449.40910452656,24747.01132665237,10969.178327399195,21453.974787739717
2026-04-07 15:00:00+00:00,21352.033391382967,17164.790100676397,16139.271084725995,19449.40910452656,24737.01132665237,10959.178327399195,21461.97524201426
2026-04-07 15:05:00+00:00,21342.033391382967,17164.790100676397,16139.271084725995,19449.40910452656,24745.011449800204,10949.178327399195,21451.97524201426
2026-04-07 15:10:00+00:00,21332.033391382967,17164.790100676397,16139.271084725995,19449.40910452656,24735.011449800204,10957.178746790933,21441.97524201426
2026-04-07 15:15:00+00:00,21332.033391382967,17164.790100676397,16147.260979417857,19449.40910452656,24742.99474914228,10947.178746790933,21449.965136706123
2026-04-07 15:20:00+00:00,21340.040005449326,17164.790100676397,16147.260979417857,19449.40910452656,24750.997565158134,10947.178746790933,21457.97175077248
2026-04-07 15:25:00+00:00,21348.03882425389,17164.790100676397,16147.260979417857,19449.40910452656,24759.00061386983,10947.178746790933,21465.970569577046
2026-04-07 15:30:00+00:00,21356.048601030794,17164.790100676397,16147.260979417857,19449.40910452656,24749.00061386983,10937.178746790933,21473.98034635395
2026-04-07 15:35:00+00:00,21346.048601030794,17164.790100676397,16147.260979417857,19449.40910452656,24739.00061386983,10945.180768209373,21463.98034635395
2026-04-07 15:40:00+00:00,21354.03882024895,17172.780319894548,16155.257930299009,19457.406055407715,24746.988541838182,10945.180768209373,21471.970565572105
2026-04-07 15:45:00+00:00,21362.042504680976,17172.780319894548,16155.257930299009,19457.406055407715,24754.989349634463,10945.180768209373,21479.974250004132
2026-04-07 15:50:00+00:00,21352.042504680976,17172.780319894548,16155.257930299009,19457.406055407715,24744.989349634463,10953.183098821019,21469.974250004132
2026-04-07 15:55:00+00:00,21360.048412615426,17172.780319894548,16155.257930299009,19457.406055407715,24752.995177156823,10953.183098821019,21477.980157938582
2026-04-07 16:00:00+00:00,21367.991047403695,17180.722954682817,16163.217873450252,19465.365998558955,24760.975757074826,10953.183098821019,21485.92279272685
2026-04-07 16:05:00+00:00,21357.991047403695,17180.722954682817,16171.199859266137,19465.365998558955,24768.976963998517,10943.183098821019,21475.92279272685
2026-04-07 16:10:00+00:00,21365.995196626565,17180.722954682817,16171.199859266137,19465.365998558955,24776.97990870588,10943.183098821019,21483.92694194972
2026-04-07 16:15:00+00:00,21355.995196626565,17180.722954682817,16171.199859266137,19465.365998558955,24784.987081965948,10943.183098821019,21473.92694194972
2026-04-07 16:20:00+00:00,21364.007963565135,17180.722954682817,16171.199859266137,19465.365998558955,24792.994107457278,10943.183098821019,21481.93970888829
2026-04-07 16:25:00+00:00,21371.996733154665,17180.722954682817,16171.199859266137,19465.365998558955,24800.988162088906,10943.183098821019,21489.92847847782
2026-04-07 16:30:00+00:00,21361.996733154665,17180.722954682817,16171.199859266137,19465.365998558955,24800.988162088906,10943.183098821019,21479.92847847782
2026-04-07 16:35:00+00:00,21370.001718350846,17188.72093715046,16171.199859266137,19473.37098375514,24808.982549409477,10943.183098821019,21487.933463674002
2026-04-07 16:40:00+00:00,21360.001718350846,17188.72093715046,16171.199859266137,19473.37098375514,24808.982549409477,10943.183098821019,21477.933463674002
2026-04-07 16:45:00+00:00,21350.001718350846,17188.72093715046,16171.199859266137,19473.37098375514,24798.982549409477,10943.183098821019,21467.933463674002
2026-04-07 16:50:00+00:00,21357.984316426257,17196.709900288926,16179.168156332255,19481.339280821256,24806.98759303493,10943.183098821019,21475.916061749413
2026-04-07 16:55:00+00:00,21365.993619303194,17196.709900288926,16179.168156332255,19481.339280821256,24814.990612584705,10943.183098821019,21483.92536462635
2026-04-07 17:00:00+00:00,21373.984579332406,17196.709900288926,16187.135797465426,19489.306921954427,24822.985752300014,10943.183098821019,21491.91632465556
2026-04-07 17:05:00+00:00,21363.984579332406,17196.709900288926,16187.135797465426,19489.306921954427,24830.984548010998,10943.183098821019,21481.91632465556
2026-04-07 17:10:00+00:00,21371.983516392822,17196.709900288926,16187.135797465426,19489.306921954427,24838.983080015452,10943.183098821019,21489.915261715978
2026-04-07 17:15:00+00:00,21361.983516392822,17196.709900288926,16195.114581008485,19489.306921954427,24846.988242388587,10951.180960912803,21479.915261715978
2026-04-07 17:20:00+00:00,21369.94838925398,17196.709900288926,16203.068616080665,19497.27179481558,24854.99206160609,10951.180960912803,21487.880134577135
2026-04-07 17:25:00+00:00,21377.95845612459,17196.709900288926,16203.068616080665,19497.27179481558,24862.99796899705,10951.180960912803,21495.890201447746
2026-04-07 17:30:00+00:00,21385.94766637517,17196.709900288926,16211.055890969204,19505.259069704116,24870.99642870822,10951.180960912803,21503.879411698326
2026-04-07 17:35:00+00:00,21393.85166657962,17196.709900288926,16218.961678054831,19513.164856789743,24878.866008129487,10951.180960912803,21511.783411902776
2026-04-07 17:40:00+00:00,21383.85166657962,17196.709900288926,16218.961678054831,19513.164856789743,24868.866008129487,10951.180960912803,21501.783411902776
2026-04-07 17:45:00+00:00,21391.84640624896,17196.709900288926,16218.961678054831,19513.164856789743,24876.863610422628,10951.180960912803,21509.778151572114
2026-04-07 17:50:00+00:00,21399.82340262836,17204.686896668325,16226.94786571607,19521.151044450984,24884.846002871236,10951.180960912803,21517.755147951517
2026-04-07 17:55:00+00:00,21407.83437569638,17204.686896668325,16226.94786571607,19521.151044450984,24892.849353058922,10951.180960912803,21525.766121019537
2026-04-07 18:00:00+00:00,21397.83437569638,17204.686896668325,16226.94786571607,19521.151044450984,24882.849353058922,10951.180960912803,21515.766121019537
2026-04-07 18:05:00+00:00,21387.83437569638,17204.686896668325,16226.94786571607,19521.151044450984,24890.854460082595,10951.180960912803,21505.766121019537
2026-04-07 18:10:00+00:00,21395.840709771946,17212.690540699936,16226.94786571607,19529.15737852655,24898.856728948038,10951.180960912803,21513.772455095102
2026-04-07 18:15:00+00:00,21403.846221833282,17212.690540699936,16226.94786571607,19529.15737852655,24888.856728948038,10941.180960912803,21521.77796715644
2026-04-07 18:20:00+00:00,21411.857340914292,17212.690540699936,16226.94786571607,19529.15737852655,24878.856728948038,10931.180960912803,21529.789086237448
2026-04-07 18:25:00+00:00,21419.85556255981,17220.68876234545,16234.946923275991,19537.15643608647,24886.84399055333,10931.180960912803,21537.787307882965
2026-04-07 18:30:00+00:00,21427.85368517093,17228.686884956573,16234.946923275991,19545.15455869759,24894.850186517197,10931.180960912803,21545.785430494085
2026-04-07 18:35:00+00:00,21435.82355782557,17236.656757611214,16242.909912995288,19553.117548416885,24902.814393133827,10931.180960912803,21553.755303148726
2026-04-07 18:40:00+00:00,21435.82355782557,17236.656757611214,16242.909912995288,19553.117548416885,24902.814393133827,10931.180960912803,21553.755303148726
2026-04-07 18:45:00+00:00,21443.835081847337,17236.656757611214,16242.909912995288,19553.117548416885,24910.811319722507,10931.180960912803,21561.766827170493
2026-04-07 18:50:00+00:00,21451.846412245373,17236.656757611214,16242.909912995288,19553.117548416885,24918.812603768503,10939.1822449588,21569.77815756853
2026-04-07 18:55:00+00:00,21459.847408867445,17244.63712360824,16250.89258597602,19561.100221397617,24926.811588797515,10939.1822449588,21577.7791541906
2026-04-07 19:00:00+00:00,21467.85189178775,17252.637829948155,16250.89258597602,19569.104704317928,24934.810377544287,10939.1822449588,21585.783637110908
2026-04-07 19:05:00+00:00,21475.853905132324,17252.637829948155,16250.89258597602,19569.104704317928,24942.803088012006,10929.1822449588,21593.78565045548
2026-04-07 19:10:00+00:00,21483.85957358832,17252.637829948155,16250.89258597602,19569.104704317928,24932.803088012006,10919.1822449588,21601.791318911477
2026-04-07 19:15:00+00:00,21491.86158946377,17252.637829948155,16258.854606624449,19577.066724966353,24940.787957286684,10919.1822449588,21609.793334786926
2026-04-07 19:20:00+00:00,21499.858655431934,17252.637829948155,16266.825557136199,19585.037675478103,24948.779557039044,10919.1822449588,21617.79040075509
2026-04-07 19:25:00+00:00,21489.858655431934,17252.637829948155,16266.825557136199,19585.037675478103,24956.785210501534,10919.1822449588,21607.79040075509
2026-04-07 19:30:00+00:00,21497.8580292443,17252.637829948155,16266.825557136199,19585.037675478103,24964.77970651268,10919.1822449588,21615.789774567456
2026-04-07 19:35:00+00:00,21505.856732549786,17260.636601356164,16266.825557136199,19593.03637878359,24972.779087878924,10919.1822449588,21623.788477872942
2026-04-07 19:40:00+00:00,21513.870868250662,17260.636601356164,16266.825557136199,19593.03637878359,24962.779087878924,10919.1822449588,21631.80261357382
2026-04-07 19:45:00+00:00,21503.870868250662,17260.636601356164,16256.825557136199,19583.03637878359,24952.779087878924,10927.18798204612,21621.80261357382
2026-04-07 19:50:00+00:00,21511.847827530284,17260.636601356164,16264.78857126411,19590.999392911497,24960.730162338656,10927.18798204612,21629.77957285344
2026-04-07 19:55:00+00:00,21519.857826433003,17260.636601356164,16272.754578912998,19598.965400560388,24968.72578574514,10927.18798204612,21637.78957175616
2026-04-07 20:00:00+00:00,21527.75838898687,17260.636601356164,16280.645286579365,19606.85610822675,24976.6670770615,10927.18798204612,21645.690134310025
2026-04-07 20:05:00+00:00,21517.75838898687,17260.636601356164,16270.645286579365,19596.85610822675,24966.6670770615,10935.195764119298,21635.690134310025
2026-04-07 20:10:00+00:00,21507.75838898687,17260.636601356164,16270.645286579365,19596.85610822675,24956.6670770615,10935.195764119298,21625.690134310025
2026-04-07 20:15:00+00:00,21507.75838898687,17260.636601356164,16278.619408915685,19596.85610822675,24964.668879927507,10935.195764119298,21633.66425664635
2026-04-07 20:20:00+00:00,21507.75838898687,17260.636601356164,16278.619408915685,19596.85610822675,24972.674114011035,10935.195764119298,21633.66425664635
2026-04-07 20:25:00+00:00,21497.75838898687,17260.636601356164,16278.619408915685,19596.85610822675,24962.674114011035,10943.188869567792,21623.66425664635
2026-04-07 20:30:00+00:00,21487.75838898687,17260.636601356164,16278.619408915685,19596.85610822675,24952.674114011035,10943.188869567792,21613.66425664635
2026-04-07 20:35:00+00:00,21495.733179384784,17260.636601356164,16286.61100496717,19604.84770427824,24960.625210739956,10943.188869567792,21621.639047044257
2026-04-07 20:40:00+00:00,21503.737178028736,17260.636601356164,16286.61100496717,19604.84770427824,24968.620007182326,10943.188869567792,21629.643045688208
2026-04-07 20:45:00+00:00,21511.726241776225,17260.636601356164,16286.61100496717,19604.84770427824,24976.614010363468,10943.188869567792,21637.632109435697
2026-04-07 20:50:00+00:00,21501.726241776225,17260.636601356164,16286.61100496717,19604.84770427824,24984.618355543455,10943.188869567792,21627.632109435697
2026-04-07 20:55:00+00:00,21509.72654597215,17260.636601356164,16286.61100496717,19604.84770427824,24992.617290950024,10943.188869567792,21635.632413631625
2026-04-07 21:00:00+00:00,21517.728813118367,17260.636601356164,16286.61100496717,19604.84770427824,25000.623093482587,10943.188869567792,21643.634680777846
2026-04-07 21:05:00+00:00,21525.633548458172,17260.636601356164,16294.497124034384,19612.73382334545,25008.523587689844,10943.188869567792,21651.539416117645
2026-04-07 21:10:00+00:00,21533.561158174554,17268.56421107255,16302.460198920156,19620.696898231225,25016.46474036814,10943.188869567792,21659.46702583403
2026-04-07 21:15:00+00:00,21541.54532650025,17268.56421107255,16310.403552062657,19628.640251373723,25024.430972091366,10943.188869567792,21667.451194159727
2026-04-07 21:20:00+00:00,21531.54532650025,17268.56421107255,16310.403552062657,19628.640251373723,25014.430972091366,10943.188869567792,21657.451194159727
2026-04-07 21:25:00+00:00,21539.491596394946,17276.51048096724,16318.334558373906,19636.571257684973,25022.404456562028,10943.188869567792,21665.39746405442
2026-04-07 21:30:00+00:00,21547.485825688433,17276.51048096724,16326.331834298024,19644.56853360909,25030.395562834878,10943.188869567792,21673.391693347912
2026-04-07 21:35:00+00:00,21555.496583440403,17276.51048096724,16326.331834298024,19644.56853360909,25020.395562834878,10943.188869567792,21681.40245109988
2026-04-07 21:40:00+00:00,21563.46891531024,17276.51048096724,16326.331834298024,19644.56853360909,25028.4023657891,10943.188869567792,21689.374782969717
2026-04-07 21:45:00+00:00,21553.46891531024,17276.51048096724,16334.296015644457,19644.56853360909,25036.3780951914,10951.169033828777,21679.374782969717
2026-04-07 21:50:00+00:00,21561.44046107821,17284.48202673521,16342.25457302797,19652.527090992604,25044.353127501516,10951.169033828777,21687.346328737687
2026-04-07 21:55:00+00:00,21561.44046107821,17284.48202673521,16342.25457302797,19652.527090992604,25052.343344539684,10951.169033828777,21687.346328737687
2026-04-07 22:00:00+00:00,21569.424611087292,17284.48202673521,16342.25457302797,19652.527090992604,25060.35024755293,10941.169033828777,21695.33047874677
2026-04-07 22:05:00+00:00,21559.424611087292,17284.48202673521,16332.25457302797,19642.527090992604,25050.35024755293,10941.169033828777,21685.33047874677
2026-04-07 22:10:00+00:00,21567.43374874963,17284.48202673521,16340.250510882248,19650.52302884688,25058.3436324364,10949.162477239992,21693.339616409106
2026-04-07 22:15:00+00:00,21575.41415312499,17284.48202673521,16340.250510882248,19650.52302884688,25066.33091267674,10939.162477239992,21701.32002078447
2026-04-07 22:20:00+00:00,21583.37715653789,17292.44503014811,16348.184108302063,19658.456626266692,25074.301625251202,10939.162477239992,21709.283024197364
2026-04-07 22:25:00+00:00,21591.37194563767,17292.44503014811,16348.184108302063,19658.456626266692,25082.295515784746,10939.162477239992,21717.277813297143
2026-04-07 22:30:00+00:00,21599.311696683246,17300.382815839595,16356.045974147932,19666.318492112565,25090.203201995537,10947.100262931479,21725.217564342718
2026-04-07 22:35:00+00:00,21607.20307083988,17300.382815839595,16356.045974147932,19666.318492112565,25098.138983950746,10947.100262931479,21733.108938499354
2026-04-07 22:40:00+00:00,21615.10248664231,17300.382815839595,16363.913431314315,19674.185949278944,25105.98491799694,10947.100262931479,21741.008354301786
2026-04-07 22:45:00+00:00,21623.057409489098,17300.382815839595,16371.840596789087,19682.113114753716,25113.965077541587,10947.100262931479,21748.963277148578
2026-04-07 22:50:00+00:00,21631.019226126682,17300.382815839595,16379.784087567976,19690.056605532605,25121.92171901191,10937.100262931479,21756.925093786158
2026-04-07 22:55:00+00:00,21639.02562767612,17300.382815839595,16387.693980584794,19697.966498549424,25111.92171901191,10927.100262931479,21764.9314953356
2026-04-07 23:00:00+00:00,21647.03986793739,17300.382815839595,16395.64460314219,19705.91712110682,25119.92366209862,10935.079531998408,21772.945735596866
2026-04-07 23:05:00+00:00,21654.913266583528,17300.382815839595,16403.578061765103,19713.790519752958,25127.880648249273,10935.079531998408,21780.819134243004
2026-04-07 23:10:00+00:00,21644.913266583528,17300.382815839595,16411.51950274855,19713.790519752958,25135.852012445263,10925.079531998408,21770.819134243004
2026-04-07 23:15:00+00:00,21634.913266583528,17300.382815839595,16401.51950274855,19703.790519752958,25125.852012445263,10915.079531998408,21760.819134243004
2026-04-07 23:20:00+00:00,21642.92413352633,17300.382815839595,16409.452676931513,19711.72369393592,25133.856763851785,10905.079531998408,21768.83000118581
2026-04-07 23:25:00+00:00,21650.9089863946,17300.382815839595,16417.321086015123,19719.59210301953,25141.803717937757,10905.079531998408,21776.814854054075
2026-04-07 23:30:00+00:00,21658.923030399295,17300.382815839595,16425.267561493278,19727.538578497686,25149.79995521372,10895.079531998408,21784.82889805877
2026-04-07 23:35:00+00:00,21666.92884154348,17300.382815839595,16425.267561493278,19727.538578497686,25139.79995521372,10885.079531998408,21792.834709202958
2026-04-07 23:40:00+00:00,21674.931173364537,17300.382815839595,16425.267561493278,19727.538578497686,25147.800770746806,10893.075305836104,21800.837041024017
2026-04-07 23:45:00+00:00,21682.88643054032,17300.382815839595,16433.23921382605,19735.51023083046,25155.762523192545,10893.075305836104,21808.792298199794
2026-04-07 23:50:00+00:00,21690.898066080867,17300.382815839595,16433.23921382605,19735.51023083046,25163.63605242707,10893.075305836104,21816.803933740346
2026-04-07 23:55:00+00:00,21698.902673914534,17300.382815839595,16433.23921382605,19735.51023083046,25171.63070998953,10893.075305836104,21824.80854157401
2026-04-08 00:00:00+00:00,21688.902673914534,17300.382815839595,16441.215291450706,19735.51023083046,25161.63070998953,10901.051383460757,21814.80854157401
2026-04-08 00:05:00+00:00,21696.901199503118,17308.38134142818,16449.18066157078,19743.475600950533,25169.616357631116,10901.051383460757,21822.80706716259
2026-04-08 00:10:00+00:00,21686.901199503118,17308.38134142818,16457.125675477087,19743.475600950533,25177.622836034076,10909.055124364017,21812.80706716259
2026-04-08 00:15:00+00:00,21694.886504455753,17308.38134142818,16465.09164805244,19751.441573525884,25185.603804933355,10909.055124364017,21820.792372115233
2026-04-08 00:20:00+00:00,21702.89135993986,17308.38134142818,16473.083353693142,19759.433279166587,25193.600083804107,10909.055124364017,21828.797227599334
2026-04-08 00:25:00+00:00,21692.89135993986,17308.38134142818,16473.083353693142,19759.433279166587,25183.600083804107,10917.058312481493,21818.797227599334
2026-04-08 00:30:00+00:00,21700.89201713328,17308.38134142818,16481.026526673035,19767.376452146484,25191.591676128424,10917.058312481493,21826.797884792755
2026-04-08 00:35:00+00:00,21708.89753568054,17308.38134142818,16488.962340747967,19775.312266221412,25199.589855318292,10917.058312481493,21834.80340334001
2026-04-08 00:40:00+00:00,21716.90546090624,17308.38134142818,16488.962340747967,19775.312266221412,25189.589855318292,10925.052126616294,21842.811328565716
2026-04-08 00:45:00+00:00,21724.861188709783,17316.33706923172,16496.921468267603,19783.271393741048,25197.555143758153,10925.052126616294,21850.76705636926
2026-04-08 00:50:00+00:00,21732.837436003523,17316.33706923172,16504.88538775419,19791.247641034788,25205.549859707346,10925.052126616294,21858.743303662995
2026-04-08 00:55:00+00:00,21740.81484594571,17324.31447917391,16512.853691725177,19799.215945005773,25213.52896830788,10925.052126616294,21866.720713605187
2026-04-08 01:00:00+00:00,21748.79921682721,17324.31447917391,16520.820807963293,19807.183061243886,25221.512931666468,10915.052126616294,21874.70508448669
2026-04-08 01:05:00+00:00,21756.79229477953,17324.31447917391,16528.771384477648,19815.13363775824,25229.51917297869,10915.052126616294,21882.698162439006
2026-04-08 01:10:00+00:00,21756.79229477953,17324.31447917391,16528.771384477648,19815.13363775824,25237.518206075947,10915.052126616294,21882.698162439006
2026-04-08 01:15:00+00:00,21764.775481325785,17332.297665720165,16536.72268038439,19823.084933664984,25245.524476757186,10923.035313162547,21890.681348985258
2026-04-08 01:20:00+00:00,21754.775481325785,17332.297665720165,16536.72268038439,19823.084933664984,25235.524476757186,10913.035313162547,21880.681348985258
2026-04-08 01:25:00+00:00,21762.765570135787,17332.297665720165,16544.687772403835,19831.050025684428,25243.52441485654,10913.035313162547,21888.671437795263
2026-04-08 01:30:00+00:00,21770.775120169033,17332.297665720165,16544.687772403835,19831.050025684428,25251.530572470627,10913.035313162547,21896.68098782851
2026-04-08 01:35:00+00:00,21778.787975662963,17332.297665720165,16544.687772403835,19831.050025684428,25259.528630057383,10913.035313162547,21904.693843322435
2026-04-08 01:40:00+00:00,21786.774869801295,17332.297665720165,16544.687772403835,19831.050025684428,25267.5337632865,10913.035313162547,21912.68073746077
2026-04-08 01:45:00+00:00,21794.762319762718,17340.28511568159,16552.672471817907,19839.0347250985,25275.517689074677,10913.035313162547,21920.668187422198
2026-04-08 01:50:00+00:00,21802.743134169577,17348.26603336237,16560.65685696473,19847.019110245325,25283.495073706243,10913.035313162547,21928.649001829053
2026-04-08 01:55:00+00:00,21792.743134169577,17348.26603336237,16560.65685696473,19847.019110245325,25291.4999702195,10921.040167887664,21918.649001829053
2026-04-08 02:00:00+00:00,21782.743134169577,17348.26603336237,16560.65685696473,19847.019110245325,25299.50284743987,10929.043045108034,21908.649001829053
2026-04-08 02:05:00+00:00,21790.70339113735,17356.226290330145,16568.587452460513,19854.949705741106,25307.439774558996,10929.043045108034,21916.609258796827
2026-04-08 02:10:00+00:00,21798.719723724505,17356.226290330145,16568.587452460513,19854.949705741106,25315.446597259066,10929.043045108034,21924.625591383985
2026-04-08 02:15:00+00:00,21806.730435147398,17356.226290330145,16576.560473396603,19862.922726677196,25323.45002029642,10929.043045108034,21932.636302806874
2026-04-08 02:20:00+00:00,21806.730435147398,17356.226290330145,16576.560473396603,19862.922726677196,25331.455758754757,10929.043045108034,21932.636302806874
2026-04-08 02:25:00+00:00,21796.730435147398,17356.226290330145,16576.560473396603,19862.922726677196,25339.457855768997,10929.043045108034,21922.636302806874
2026-04-08 02:30:00+00:00,21804.72544610894,17356.226290330145,16584.507692785595,19870.86994606619,25347.45067389323,10929.043045108034,21930.631313768416
2026-04-08 02:35:00+00:00,21794.72544610894,17356.226290330145,16592.49007054008,19870.86994606619,25355.433051647713,10929.043045108034,21920.631313768416
2026-04-08 02:40:00+00:00,21802.72875528645,17356.226290330145,16592.49007054008,19870.86994606619,25355.433051647713,10929.043045108034,21928.63462294593
2026-04-08 02:45:00+00:00,21810.736834382566,17356.226290330145,16592.49007054008,19870.86994606619,25363.438948895942,10929.043045108034,21936.642702042045
2026-04-08 02:50:00+00:00,21800.736834382566,17356.226290330145,16592.49007054008,19870.86994606619,25353.438948895942,10929.043045108034,21926.642702042045
2026-04-08 02:55:00+00:00,21790.736834382566,17356.226290330145,16592.49007054008,19870.86994606619,25361.433569585428,10929.043045108034,21916.642702042045
2026-04-08 03:00:00+00:00,21798.74663751036,17356.226290330145,16592.49007054008,19870.86994606619,25369.43948539283,10929.043045108034,21924.652505169834
2026-04-08 03:05:00+00:00,21806.756699794954,17356.226290330145,16592.49007054008,19870.86994606619,25369.43948539283,10929.043045108034,21932.66256745443
2026-04-08 03:10:00+00:00,21814.75789008344,17364.227480618636,16592.49007054008,19878.87113635468,25377.439113906454,10929.043045108034,21940.66375774292
2026-04-08 03:15:00+00:00,21804.75789008344,17364.227480618636,16592.49007054008,19878.87113635468,25385.43404472887,10929.043045108034,21930.66375774292
2026-04-08 03:20:00+00:00,21804.75789008344,17364.227480618636,16592.49007054008,19878.87113635468,25385.43404472887,10929.043045108034,21930.66375774292
2026-04-08 03:25:00+00:00,21812.757641787277,17372.22723232247,16600.45278823486,19886.83385404946,25393.440293103573,10929.043045108034,21938.663509446757
2026-04-08 03:30:00+00:00,21820.74867909193,17380.21826962712,16608.44706775379,19894.82813356839,25401.433589445638,10929.043045108034,21946.6545467514
2026-04-08 03:35:00+00:00,21828.758025395506,17388.226893865787,16608.44706775379,19902.837479871967,25409.434518342838,10929.043045108034,21954.66389305498
2026-04-08 03:40:00+00:00,21836.762738505044,17396.23160697533,16608.44706775379,19910.84219298151,25417.441604237258,10929.043045108034,21962.66860616452
2026-04-08 03:45:00+00:00,21844.77009141282,17404.238959883103,16608.44706775379,19918.849545889283,25425.447947753666,10929.043045108034,21970.675959072294
2026-04-08 03:50:00+00:00,21852.783234366325,17404.238959883103,16608.44706775379,19918.849545889283,25425.447947753666,10929.043045108034,21978.689102025797
2026-04-08 03:55:00+00:00,21860.78832578868,17412.24405130546,16608.44706775379,19926.854637311637,25433.451806365643,10929.043045108034,21986.69419344815
2026-04-08 04:00:00+00:00,21868.78028055046,17420.236006067247,16608.44706775379,19934.846592073423,25441.448996627045,10929.043045108034,21994.68614820994
2026-04-08 04:05:00+00:00,21868.78028055046,17420.236006067247,16608.44706775379,19934.846592073423,25449.44731652536,10929.043045108034,21994.68614820994
2026-04-08 04:10:00+00:00,21876.74956426694,17420.236006067247,16608.44706775379,19934.846592073423,25457.45238818426,10929.043045108034,22002.655431926418
2026-04-08 04:15:00+00:00,21866.74956426694,17420.236006067247,16608.44706775379,19934.846592073423,25465.45128951856,10929.043045108034,21992.655431926418
2026-04-08 04:20:00+00:00,21874.74292433673,17420.236006067247,16608.44706775379,19934.846592073423,25473.455359680374,10929.043045108034,22000.648791996206
2026-04-08 04:25:00+00:00,21882.754410183858,17428.239683188673,16616.42615688129,19942.825681200928,25481.461535050046,10929.043045108034,22008.660277843337
2026-04-08 04:30:00+00:00,21890.767283301488,17428.239683188673,16616.42615688129,19942.825681200928,25471.461535050046,10929.043045108034,22016.673150960967
2026-04-08 04:35:00+00:00,21898.770758864383,17436.23668422036,16624.394913410106,19950.794437729743,25479.465875646074,10929.043045108034,22024.676626523855
2026-04-08 04:40:00+00:00,21888.770758864383,17436.23668422036,16624.394913410106,19950.794437729743,25487.469988095334,10937.047157557296,22014.676626523855
2026-04-08 04:45:00+00:00,21896.77865593994,17444.24458129592,16624.394913410106,19958.802334805303,25495.47591768263,10937.047157557296,22022.68452359942
2026-04-08 04:50:00+00:00,21904.790551968967,17452.252635929806,16624.394913410106,19966.814230834327,25503.471628056628,10937.047157557296,22030.69641962844
2026-04-08 04:55:00+00:00,21894.790551968967,17452.252635929806,16624.394913410106,19966.814230834327,25511.46092846031,10937.047157557296,22020.69641962844
2026-04-08 05:00:00+00:00,21902.7975580075,17452.252635929806,16624.394913410106,19966.814230834327,25519.467971244423,10937.047157557296,22028.70342566698
2026-04-08 05:05:00+00:00,21910.807743045487,17452.252635929806,16624.394913410106,19966.814230834327,25527.470013040445,10937.047157557296,22036.71361070496
2026-04-08 05:10:00+00:00,21900.807743045487,17452.252635929806,16624.394913410106,19966.814230834327,25535.47629131587,10937.047157557296,22026.71361070496
2026-04-08 05:15:00+00:00,21890.807743045487,17452.252635929806,16624.394913410106,19966.814230834327,25535.47629131587,10937.047157557296,22016.71361070496
2026-04-08 05:20:00+00:00,21898.81688147502,17452.252635929806,16624.394913410106,19966.814230834327,25543.478541759596,10937.047157557296,22024.722749134497
2026-04-08 05:25:00+00:00,21906.821994994476,17460.25774944926,16624.394913410106,19974.819344353782,25551.48264115803,10937.047157557296,22032.727862653952
2026-04-08 05:30:00+00:00,21914.82877045145,17468.26507320528,16624.394913410106,19982.826119810758,25559.488619620897,10937.047157557296,22040.734638110924
2026-04-08 05:35:00+00:00,21922.832693238226,17468.26507320528,16624.394913410106,19982.826119810758,25567.492598350967,10937.047157557296,22048.738560897706
2026-04-08 05:40:00+00:00,21930.838745412144,17468.26507320528,16624.394913410106,19982.826119810758,25575.497599242342,10937.047157557296,22056.74461307162
2026-04-08 05:45:00+00:00,21938.821339462942,17468.26507320528,16624.394913410106,19982.826119810758,25583.501399473862,10937.047157557296,22064.72720712242
2026-04-08 05:50:00+00:00,21938.821339462942,17468.26507320528,16624.394913410106,19982.826119810758,25591.504552444487,10945.051604729684,22064.72720712242
2026-04-08 05:55:00+00:00,21928.821339462942,17468.26507320528,16624.394913410106,19982.826119810758,25591.504552444487,10945.051604729684,22054.72720712242
2026-04-08 06:00:00+00:00,21936.808622452205,17476.25235619454,16632.36236606201,19990.79357246266,25599.49099382461,10945.051604729684,22062.714490111684
2026-04-08 06:05:00+00:00,21944.82216469876,17476.25235619454,16632.36236606201,19990.79357246266,25589.49099382461,10945.051604729684,22070.728032358238
2026-04-08 06:10:00+00:00,21952.806657427856,17484.236848923636,16640.326281403355,19998.757487804003,25597.47199680161,10945.051604729684,22078.712525087332
2026-04-08 06:15:00+00:00,21942.806657427856,17484.236848923636,16640.326281403355,19998.757487804003,25587.47199680161,10953.05336214322,22068.712525087332
2026-04-08 06:20:00+00:00,21932.806657427856,17484.236848923636,16640.326281403355,19998.757487804003,25595.475577488367,10953.05336214322,22058.712525087332
2026-04-08 06:25:00+00:00,21922.806657427856,17484.236848923636,16640.326281403355,19998.757487804003,25603.475902982664,10953.05336214322,22048.712525087332
2026-04-08 06:30:00+00:00,21922.806657427856,17484.236848923636,16640.326281403355,19998.757487804003,25611.47851253781,10953.05336214322,22048.712525087332
2026-04-08 06:35:00+00:00,21930.817719664527,17484.236848923636,16640.326281403355,19998.757487804003,25601.47851253781,10953.05336214322,22056.723587324006
2026-04-08 06:40:00+00:00,21938.820868109884,17492.2413827,16640.326281403355,20006.76063624936,25609.485275491483,10953.05336214322,22064.72673576936
2026-04-08 06:45:00+00:00,21928.820868109884,17492.2413827,16640.326281403355,20006.76063624936,25599.485275491483,10953.05336214322,22054.72673576936
2026-04-08 06:50:00+00:00,21936.82887665265,17492.2413827,16640.326281403355,20006.76063624936,25607.49188084707,10953.05336214322,22062.734744312125
2026-04-08 06:55:00+00:00,21936.82887665265,17492.2413827,16640.326281403355,20006.76063624936,25607.49188084707,10953.05336214322,22062.734744312125
2026-04-08 07:00:00+00:00,21944.831425542176,17492.2413827,16640.326281403355,20006.76063624936,25615.493290374834,10953.05336214322,22070.73729320165
2026-04-08 07:05:00+00:00,21952.845286286625,17492.2413827,16640.326281403355,20006.76063624936,25623.492019601144,10953.05336214322,22078.751153946105
2026-04-08 07:10:00+00:00,21942.845286286625,17492.2413827,16640.326281403355,20006.76063624936,25631.48730433412,10953.05336214322,22068.751153946105
2026-04-08 07:15:00+00:00,21932.845286286625,17492.2413827,16640.326281403355,20006.76063624936,25621.48730433412,10953.05336214322,22058.751153946105
2026-04-08 07:20:00+00:00,21922.845286286625,17492.2413827,16640.326281403355,20006.76063624936,25629.483648977337,10953.05336214322,22048.751153946105
2026-04-08 07:25:00+00:00,21912.845286286625,17492.2413827,16640.326281403355,20006.76063624936,25619.483648977337,10953.05336214322,22038.751153946105
2026-04-08 07:30:00+00:00,21920.84943267161,17492.2413827,16640.326281403355,20006.76063624936,25627.488707920576,10953.05336214322,22046.755300331082
2026-04-08 07:35:00+00:00,21928.859764058805,17492.2413827,16640.326281403355,20006.76063624936,25627.488707920576,10953.05336214322,22054.76563171828
2026-04-08 07:40:00+00:00,21936.873931813352,17500.244826627644,16640.326281403355,20014.774804003908,25635.491909682605,10953.05336214322,22062.779799472828
2026-04-08 07:45:00+00:00,21944.887148363534,17500.244826627644,16640.326281403355,20014.774804003908,25643.488152218597,10953.05336214322,22070.79301602301
2026-04-08 07:50:00+00:00,21944.887148363534,17500.244826627644,16640.326281403355,20014.774804003908,25651.49494837651,10953.05336214322,22070.79301602301
2026-04-08 07:55:00+00:00,21934.887148363534,17500.244826627644,16640.326281403355,20014.774804003908,25659.50103997733,10953.05336214322,22060.79301602301
2026-04-08 08:00:00+00:00,21942.890448907805,17500.244826627644,16648.30636830325,20022.7548909038,25667.498442305583,10953.05336214322,22068.796316567277
2026-04-08 08:05:00+00:00,21932.890448907805,17500.244826627644,16648.30636830325,20022.7548909038,25657.498442305583,10943.05336214322,22058.796316567277
2026-04-08 08:10:00+00:00,21940.90387866184,17500.244826627644,16648.30636830325,20022.7548909038,25657.498442305583,10943.05336214322,22066.809746321316
2026-04-08 08:15:00+00:00,21948.907638398763,17508.24908192713,16656.289313503818,20030.737836104367,25665.503721867197,10943.05336214322,22074.813506058235
2026-04-08 08:20:00+00:00,21956.910748280403,17516.252191808773,16656.289313503818,20038.740945986014,25673.50674714513,10943.05336214322,22082.816615939882
2026-04-08 08:25:00+00:00,21964.912609389663,17524.25405291803,16656.289313503818,20046.74280709527,25681.49482600932,10943.05336214322,22090.81847704914
2026-04-08 08:30:00+00:00,21972.919947992206,17524.25405291803,16656.289313503818,20046.74280709527,25689.494560135285,10943.05336214322,22098.825815651682
2026-04-08 08:35:00+00:00,21980.89014802593,17524.25405291803,16664.255920965737,20054.70941455719,25697.466953444833,10943.05336214322,22106.796015685402
2026-04-08 08:40:00+00:00,21988.887994664543,17532.251899556642,16672.23886641991,20062.69236001136,25705.462881434098,10943.05336214322,22114.79386232402
2026-04-08 08:45:00+00:00,21978.887994664543,17532.251899556642,16672.23886641991,20062.69236001136,25695.462881434098,10943.05336214322,22104.79386232402
2026-04-08 08:50:00+00:00,21986.90327465498,17532.251899556642,16672.23886641991,20062.69236001136,25695.462881434098,10943.05336214322,22112.809142314458
2026-04-08 08:55:00+00:00,21994.90609571129,17532.251899556642,16672.23886641991,20062.69236001136,25703.4660274098,10943.05336214322,22120.811963370765
2026-04-08 09:00:00+00:00,22002.91655373424,17532.251899556642,16672.23886641991,20062.69236001136,25711.47114131911,10943.05336214322,22128.822421393714
2026-04-08 09:05:00+00:00,21992.91655373424,17532.251899556642,16672.23886641991,20062.69236001136,25701.47114131911,10943.05336214322,22118.822421393714
2026-04-08 09:10:00+00:00,22000.92119363391,17532.251899556642,16672.23886641991,20062.69236001136,25709.475840173065,10943.05336214322,22126.827061293385
2026-04-08 09:15:00+00:00,22008.916127653458,17532.251899556642,16672.23886641991,20062.69236001136,25717.471479174128,10943.05336214322,22134.82199531293
2026-04-08 09:20:00+00:00,22016.924943327453,17532.251899556642,16672.23886641991,20062.69236001136,25725.471775721835,10943.05336214322,22142.830810986932
2026-04-08 09:25:00+00:00,22024.931536159493,17540.25849238868,16680.2211879406,20070.67468153205,25733.477283082335,10943.05336214322,22150.837403818965
2026-04-08 09:30:00+00:00,22032.946685930357,17540.25849238868,16680.2211879406,20070.67468153205,25741.47999092358,10943.05336214322,22158.852553589837
2026-04-08 09:35:00+00:00,22040.953101812494,17540.25849238868,16680.2211879406,20070.67468153205,25741.47999092358,10943.05336214322,22166.85896947197
2026-04-08 09:40:00+00:00,22048.968055853496,17540.25849238868,16680.2211879406,20070.67468153205,25749.484762673263,10943.05336214322,22174.873923512976
2026-04-08 09:45:00+00:00,22056.978991423814,17548.26629028495,16680.2211879406,20078.68561710237,25757.48927058913,10943.05336214322,22182.884859083293
2026-04-08 09:50:00+00:00,22064.989147801512,17548.26629028495,16680.2211879406,20078.68561710237,25765.49406248211,10943.05336214322,22190.895015460985
2026-04-08 09:55:00+00:00,22054.989147801512,17548.26629028495,16680.2211879406,20078.68561710237,25765.49406248211,10943.05336214322,22180.895015460985
2026-04-08 10:00:00+00:00,22044.989147801512,17548.26629028495,16680.2211879406,20078.68561710237,25773.48364226256,10943.05336214322,22170.895015460985
2026-04-08 10:05:00+00:00,22034.989147801512,17548.26629028495,16680.2211879406,20078.68561710237,25781.48193289409,10943.05336214322,22160.895015460985
2026-04-08 10:10:00+00:00,22042.998497023887,17548.26629028495,16680.2211879406,20078.68561710237,25789.484132833233,10943.05336214322,22168.90436468336
2026-04-08 10:15:00+00:00,22051.006694647156,17548.26629028495,16680.2211879406,20078.68561710237,25789.484132833233,10943.05336214322,22176.912562306632
2026-04-08 10:20:00+00:00,22059.016476977045,17556.260775641473,16680.2211879406,20086.695399432254,25797.483143944868,10943.05336214322,22184.92234463652
2026-04-08 10:25:00+00:00,22067.02457811175,17564.266194946038,16680.2211879406,20094.703500566957,25805.485865767427,10943.05336214322,22192.93044577122
2026-04-08 10:30:00+00:00,22075.023156092488,17572.26477292678,16688.183414445495,20102.665727071853,25813.48976092584,10943.05336214322,22200.929023751964
2026-04-08 10:35:00+00:00,22083.03557813706,17572.26477292678,16688.183414445495,20102.665727071853,25821.494221045796,10943.05336214322,22208.94144579654
2026-04-08 10:40:00+00:00,22091.045747131036,17572.26477292678,16688.183414445495,20102.665727071853,25821.494221045796,10943.05336214322,22216.951614790516
2026-04-08 10:45:00+00:00,22099.049125855665,17572.26477292678,16688.183414445495,20102.665727071853,25829.499136887593,10943.05336214322,22224.954993515137
2026-04-08 10:50:00+00:00,22107.05366130964,17572.26477292678,16688.183414445495,20102.665727071853,25837.50357856263,10943.05336214322,22232.959528969113
2026-04-08 10:55:00+00:00,22115.065292070627,17572.26477292678,16688.183414445495,20102.665727071853,25845.50460411515,10943.05336214322,22240.9711597301
2026-04-08 11:00:00+00:00,22123.081460292167,17580.276736455486,16688.183414445495,20110.681895293397,25853.501786308618,10943.05336214322,22248.987327951643
2026-04-08 11:05:00+00:00,22131.097943065986,17580.276736455486,16688.183414445495,20110.681895293397,25861.49011745258,10943.05336214322,22257.003810725462
2026-04-08 11:10:00+00:00,22139.114117808873,17580.276736455486,16688.183414445495,20110.681895293397,25869.482239696277,10943.05336214322,22265.019985468345
2026-04-08 11:15:00+00:00,22147.121151873416,17588.28746046943,16688.183414445495,20118.68892935794,25877.485101114027,10943.05336214322,22273.027019532892
2026-04-08 11:20:00+00:00,22155.10998297957,17596.27629157558,16696.178161227846,20126.683676140292,25885.467283789632,10943.05336214322,22281.015850639043
2026-04-08 11:25:00+00:00,22163.122844642447,17596.27629157558,16696.178161227846,20126.683676140292,25875.467283789632,10943.05336214322,22289.028712301922
2026-04-08 11:30:00+00:00,22153.122844642447,17596.27629157558,16696.178161227846,20126.683676140292,25865.467283789632,10943.05336214322,22279.028712301922
2026-04-08 11:35:00+00:00,22161.073939258305,17604.227386191444,16704.124887971102,20134.630402883544,25873.402674737492,10943.05336214322,22286.97980691778
2026-04-08 11:40:00+00:00,22169.082863747593,17612.23631068073,16704.124887971102,20142.63932737283,25881.40681528215,10943.05336214322,22294.98873140707
2026-04-08 11:45:00+00:00,22177.091533485793,17612.23631068073,16704.124887971102,20142.63932737283,25889.40391601056,10933.05336214322,22302.997401145265
2026-04-08 11:50:00+00:00,22185.06364980523,17620.20842700017,16712.081953835877,20150.59639323761,25897.3832438125,10933.05336214322,22310.969517464706
2026-04-08 11:55:00+00:00,22193.071145334754,17628.215922529693,16712.081953835877,20158.60388876713,25905.38849814578,10933.05336214322,22318.97701299423
2026-04-08 12:00:00+00:00,22201.08503844519,17628.215922529693,16712.081953835877,20158.60388876713,25905.38849814578,10933.05336214322,22326.990906104664
2026-04-08 12:05:00+00:00,22209.094472125722,17636.226701058018,16712.081953835877,20166.613322447665,25913.392290918648,10933.05336214322,22335.000339785198
2026-04-08 12:10:00+00:00,22217.11061989385,17644.218086578145,16720.0707381034,20174.60210671519,25921.374578529016,10933.05336214322,22343.016487553323
2026-04-08 12:15:00+00:00,22207.11061989385,17644.218086578145,16720.0707381034,20174.60210671519,25929.347970967865,10933.05336214322,22333.016487553323
2026-04-08 12:20:00+00:00,22197.11061989385,17644.218086578145,16720.0707381034,20174.60210671519,25919.347970967865,10941.059363187156,22323.016487553323
2026-04-08 12:25:00+00:00,22205.115910943478,17644.218086578145,16720.0707381034,20174.60210671519,25927.344387112225,10941.059363187156,22331.021778602953
2026-04-08 12:30:00+00:00,22213.129992723807,17644.218086578145,16720.0707381034,20174.60210671519,25935.341705041523,10941.059363187156,22339.035860383286
2026-04-08 12:35:00+00:00,22221.13163569451,17644.218086578145,16720.0707381034,20174.60210671519,25943.348109368646,10941.059363187156,22347.037503353982
2026-04-08 12:40:00+00:00,22211.13163569451,17644.218086578145,16720.0707381034,20174.60210671519,25951.353006810336,10941.059363187156,22337.037503353982
2026-04-08 12:45:00+00:00,22219.13640081753,17644.218086578145,16720.0707381034,20174.60210671519,25959.33002523897,10941.059363187156,22345.042268477006
2026-04-08 12:50:00+00:00,22227.146456322604,17644.218086578145,16720.0707381034,20174.60210671519,25967.333097525,10941.059363187156,22353.05232398208
2026-04-08 12:55:00+00:00,22235.119092546796,17644.218086578145,16728.027154561947,20182.558523173735,25975.308550457063,10941.059363187156,22361.02496020627
2026-04-08 13:00:00+00:00,22243.126771935196,17644.218086578145,16728.027154561947,20182.558523173735,25983.315275176006,10941.059363187156,22369.032639594672
2026-04-08 13:05:00+00:00,22250.98036821164,17652.071682854592,16735.766917850066,20190.298286461853,25991.131890360808,10941.059363187156,22376.88623587112
2026-04-08 13:10:00+00:00,22258.89576360339,17660.016021379666,16743.691673037447,20198.2136818536,25999.077886249863,10941.059363187156,22384.801631262864
2026-04-08 13:15:00+00:00,22248.89576360339,17650.016021379666,16733.691673037447,20188.2136818536,25989.077886249863,10949.0621646804,22374.801631262864
2026-04-08 13:20:00+00:00,22256.906486403957,17650.016021379666,16733.691673037447,20188.2136818536,25997.08248419725,10949.0621646804,22382.812354063433
2026-04-08 13:25:00+00:00,22246.906486403957,17650.016021379666,16733.691673037447,20188.2136818536,25987.08248419725,10957.05201381253,22372.812354063433
2026-04-08 13:30:00+00:00,22254.828803006487,17650.016021379666,16741.617627754502,20196.139636570653,25995.035588875027,10947.05201381253,22380.734670665966
2026-04-08 13:35:00+00:00,22262.8242574915,17650.016021379666,16749.559518528862,20204.081527345013,26003.032363666476,10947.05201381253,22388.73012515097
2026-04-08 13:40:00+00:00,22270.802153276025,17650.016021379666,16757.51136745581,20212.03337627196,26011.037200601404,10937.05201381253,22396.708020935504
2026-04-08 13:45:00+00:00,22278.757488959833,17650.016021379666,16765.435608825115,20219.957617641267,26019.003449385014,10937.05201381253,22404.663356619312
2026-04-08 13:50:00+00:00,22286.633145227217,17657.89167764705,16773.293051467357,20227.81506028351,26026.92686939671,10937.05201381253,22412.539012886693
2026-04-08 13:55:00+00:00,22294.617670139676,17657.89167764705,16773.293051467357,20227.81506028351,26034.913803434996,10927.05201381253,22420.52353779915
2026-04-08 14:00:00+00:00,22284.617670139676,17657.89167764705,16773.293051467357,20227.81506028351,26024.913803434996,10927.05201381253,22410.52353779915
2026-04-08 14:05:00+00:00,22274.617670139676,17657.89167764705,16781.249724873087,20227.81506028351,26032.91817191372,10935.05764827382,22400.52353779915
2026-04-08 14:10:00+00:00,22282.58139813278,17657.89167764705,16789.18045991484,20235.745795325263,26040.874411976798,10925.05764827382,22408.48726579226
2026-04-08 14:15:00+00:00,22272.58139813278,17657.89167764705,16789.18045991484,20235.745795325263,26030.874411976798,10933.057453654363,22398.48726579226
2026-04-08 14:20:00+00:00,22262.58139813278,17657.89167764705,16789.18045991484,20235.745795325263,26038.862078732884,10933.057453654363,22388.48726579226
2026-04-08 14:25:00+00:00,22252.58139813278,17657.89167764705,16789.18045991484,20235.745795325263,26028.862078732884,10933.057453654363,22378.48726579226
2026-04-08 14:30:00+00:00,22260.506272615523,17657.89167764705,16797.081960691063,20243.647296101484,26036.80218564956,10923.057453654363,22386.412140275
2026-04-08 14:35:00+00:00,22268.441467167264,17657.89167764705,16805.024147297558,20251.58948270798,26044.76882032219,10913.057453654363,22394.347334826743
2026-04-08 14:40:00+00:00,22258.441467167264,17657.89167764705,16805.024147297558,20251.58948270798,26034.76882032219,10921.062635339102,22384.347334826743
2026-04-08 14:45:00+00:00,22266.43996777259,17665.84932658192,16805.024147297558,20259.5879833133,26042.711958268097,10929.020284273973,22392.34583543206
2026-04-08 14:50:00+00:00,22274.41419149247,17665.84932658192,16812.974878387035,20267.538714402777,26050.687949556777,10929.020284273973,22400.32005915195
2026-04-08 14:55:00+00:00,22264.41419149247,17665.84932658192,16812.974878387035,20267.538714402777,26040.687949556777,10929.020284273973,22390.32005915195
2026-04-08 15:00:00+00:00,22272.396704527306,17665.84932658192,16820.94486477088,20275.508700786624,26048.690157622324,10929.020284273973,22398.30257218678
2026-04-08 15:05:00+00:00,22280.41149026966,17655.84932658192,16820.94486477088,20275.508700786624,26038.690157622324,10919.020284273973,22406.317357929136
2026-04-08 15:10:00+00:00,22288.370709477924,17663.808545790187,16828.899189234835,20283.463025250574,26046.658494902116,10919.020284273973,22414.276577137403
2026-04-08 15:15:00+00:00,22296.38607830739,17663.808545790187,16828.899189234835,20283.463025250574,26036.658494902116,10919.020284273973,22422.291945966866
2026-04-08 15:20:00+00:00,22304.382344941638,17663.808545790187,16828.899189234835,20283.463025250574,26044.661580883898,10919.020284273973,22430.28821260111
2026-04-08 15:25:00+00:00,22312.387872155916,17663.808545790187,16828.899189234835,20283.463025250574,26044.661580883898,10919.020284273973,22438.29373981539
2026-04-08 15:30:00+00:00,22302.387872155916,17663.808545790187,16828.899189234835,20283.463025250574,26034.661580883898,10909.020284273973,22428.29373981539
2026-04-08 15:35:00+00:00,22292.387872155916,17663.808545790187,16828.899189234835,20283.463025250574,26042.65285667181,10899.020284273973,22418.29373981539
2026-04-08 15:40:00+00:00,22282.387872155916,17663.808545790187,16828.899189234835,20283.463025250574,26032.65285667181,10899.020284273973,22408.29373981539
2026-04-08 15:45:00+00:00,22290.381988875994,17663.808545790187,16836.89207122712,20291.45590724286,26040.634342555793,10899.020284273973,22416.28785653547
2026-04-08 15:50:00+00:00,22280.381988875994,17663.808545790187,16836.89207122712,20291.45590724286,26030.634342555793,10899.020284273973,22406.28785653547
2026-04-08 15:55:00+00:00,22288.389395552796,17663.808545790187,16836.89207122712,20291.45590724286,26030.634342555793,10899.020284273973,22414.29526321227
2026-04-08 16:00:00+00:00,22296.403433158957,17663.808545790187,16836.89207122712,20291.45590724286,26038.640897871548,10899.020284273973,22422.30930081843
2026-04-08 16:05:00+00:00,22286.403433158957,17663.808545790187,16836.89207122712,20291.45590724286,26028.640897871548,10899.020284273973,22412.30930081843
2026-04-08 16:10:00+00:00,22294.408152653778,17663.808545790187,16844.875403677644,20299.439239693387,26036.646178104176,10889.020284273973,22420.314020313253
2026-04-08 16:15:00+00:00,22284.408152653778,17663.808545790187,16844.875403677644,20299.439239693387,26044.635623153146,10897.009729322941,22410.314020313253
2026-04-08 16:20:00+00:00,22292.409119067797,17663.808545790187,16852.84809406924,20307.411930084978,26052.64040597015,10897.009729322941,22418.314986727273
2026-04-08 16:25:00+00:00,22300.422052922913,17663.808545790187,16852.84809406924,20307.411930084978,26060.63202185113,10897.009729322941,22426.327920582393
2026-04-08 16:30:00+00:00,22308.430584537728,17663.808545790187,16852.84809406924,20307.411930084978,26068.637200104633,10897.009729322941,22434.336452197203
2026-04-08 16:35:00+00:00,22316.432582500973,17663.808545790187,16852.84809406924,20307.411930084978,26076.64177719461,10897.009729322941,22442.33845016045
2026-04-08 16:40:00+00:00,22324.433838703346,17671.801154500703,16860.84693190799,20315.410767923728,26084.619211011643,10897.009729322941,22450.33970636282
2026-04-08 16:45:00+00:00,22314.433838703346,17671.801154500703,16860.84693190799,20315.410767923728,26092.61280206355,10905.003320374852,22440.33970636282
2026-04-08 16:50:00+00:00,22304.433838703346,17671.801154500703,16860.84693190799,20315.410767923728,26082.61280206355,10905.003320374852,22430.33970636282
2026-04-08 16:55:00+00:00,22304.433838703346,17671.801154500703,16860.84693190799,20315.410767923728,26090.616933410965,10905.003320374852,22430.33970636282
2026-04-08 17:00:00+00:00,22312.434031478122,17679.77287311379,16868.80278513376,20323.366621149504,26098.605711037104,10905.003320374852,22438.339899137594
2026-04-08 17:05:00+00:00,22302.434031478122,17679.77287311379,16868.80278513376,20323.366621149504,26106.602995222733,10905.003320374852,22428.339899137594
2026-04-08 17:10:00+00:00,22310.431334927154,17679.77287311379,16868.80278513376,20323.366621149504,26114.590890464668,10905.003320374852,22436.33720258663
2026-04-08 17:15:00+00:00,22300.431334927154,17679.77287311379,16868.80278513376,20323.366621149504,26104.590890464668,10905.003320374852,22426.33720258663
2026-04-08 17:20:00+00:00,22308.423622512713,17679.77287311379,16876.768455239093,20331.332291254836,26112.583147260568,10905.003320374852,22434.32949017219
2026-04-08 17:25:00+00:00,22298.423622512713,17679.77287311379,16876.768455239093,20331.332291254836,26102.583147260568,10905.003320374852,22424.32949017219
2026-04-08 17:30:00+00:00,22306.425259579482,17679.77287311379,16876.768455239093,20331.332291254836,26092.583147260568,10895.003320374852,22432.33112723896
2026-04-08 17:35:00+00:00,22314.411449490555,17679.77287311379,16884.751536984564,20339.315373000303,26100.51802790952,10895.003320374852,22440.31731715003
2026-04-08 17:40:00+00:00,22322.403899303186,17679.77287311379,16892.751530869493,20347.315366885232,26108.493613030456,10895.003320374852,22448.309766962666
2026-04-08 17:45:00+00:00,22330.41071577726,17679.77287311379,16892.751530869493,20347.315366885232,26116.496239957574,10895.003320374852,22456.316583436736
2026-04-08 17:50:00+00:00,22338.425494528256,17679.77287311379,16892.751530869493,20347.315366885232,26106.496239957574,10895.003320374852,22464.33136218773
2026-04-08 17:55:00+00:00,22346.431207037007,17679.77287311379,16892.751530869493,20347.315366885232,26114.494729390917,10895.003320374852,22472.33707469648
2026-04-08 18:00:00+00:00,22346.431207037007,17679.77287311379,16892.751530869493,20347.315366885232,26122.483037203456,10895.003320374852,22472.33707469648
2026-04-08 18:05:00+00:00,22354.43939135038,17679.77287311379,16892.751530869493,20347.315366885232,26112.483037203456,10895.003320374852,22480.34525900986
2026-04-08 18:10:00+00:00,22362.44228058894,17679.77287311379,16892.751530869493,20347.315366885232,26120.48582175222,10895.003320374852,22488.348148248413
2026-04-08 18:15:00+00:00,22352.44228058894,17679.77287311379,16900.68072759788,20347.315366885232,26128.490969124214,10902.998465756527,22478.348148248413
2026-04-08 18:20:00+00:00,22342.44228058894,17679.77287311379,16900.68072759788,20347.315366885232,26136.487592295485,10902.998465756527,22468.348148248413
2026-04-08 18:25:00+00:00,22350.414910781627,17679.77287311379,16908.66351881715,20355.298158104502,26144.463485387074,10902.998465756527,22476.320778441106
2026-04-08 18:30:00+00:00,22358.407167719757,17679.77287311379,16916.657195775275,20363.291835062628,26152.44602280163,10902.998465756527,22484.313035379233
2026-04-08 18:35:00+00:00,22366.42363963649,17679.77287311379,16916.657195775275,20363.291835062628,26160.45245221367,10902.998465756527,22492.329507295966
2026-04-08 18:40:00+00:00,22374.432024955004,17679.77287311379,16924.60547176226,20371.240111049614,26168.400728200657,10902.998465756527,22500.33789261448
2026-04-08 18:45:00+00:00,22364.432024955004,17679.77287311379,16924.60547176226,20371.240111049614,26158.400728200657,10902.998465756527,22490.33789261448
2026-04-08 18:50:00+00:00,22372.428038392165,17679.77287311379,16924.60547176226,20371.240111049614,26166.406501850666,10902.998465756527,22498.333906051637
2026-04-08 18:55:00+00:00,22380.442347029293,17679.77287311379,16924.60547176226,20371.240111049614,26174.402461343296,10902.998465756527,22506.34821468877
2026-04-08 19:00:00+00:00,22388.436079381616,17679.77287311379,16932.57691904402,20379.21155833137,26182.373087502456,10902.998465756527,22514.34194704109
2026-04-08 19:05:00+00:00,22396.414168898053,17687.750962630227,16940.55031916686,20387.184958454214,26190.355433567598,10892.998465756527,22522.320036557532
2026-04-08 19:10:00+00:00,22396.414168898053,17687.750962630227,16940.55031916686,20387.184958454214,26198.357712863,10892.998465756527,22522.320036557532
2026-04-08 19:15:00+00:00,22404.411016991267,17695.747810723442,16948.532150208423,20395.16678949578,26206.36422080172,10892.998465756527,22530.316884650747
2026-04-08 19:20:00+00:00,22412.397324890437,17703.727705437366,16956.521696066924,20403.156335354277,26214.36180699403,10892.998465756527,22538.303192549913
2026-04-08 19:25:00+00:00,22420.374122580095,17711.704503127025,16964.492090046704,20411.126729334057,26222.335397645853,10892.998465756527,22546.27999023957
2026-04-08 19:30:00+00:00,22428.359518335397,17711.704503127025,16972.490941579552,20419.125580866905,26230.32007787712,10892.998465756527,22554.26538599487
2026-04-08 19:35:00+00:00,22436.32852533272,17711.704503127025,16980.44711140605,20427.081750693404,26238.2806001813,10892.998465756527,22562.234392992195
2026-04-08 19:40:00+00:00,22426.32852533272,17711.704503127025,16980.44711140605,20427.081750693404,26228.2806001813,10892.998465756527,22552.234392992195
2026-04-08 19:45:00+00:00,22434.333906566135,17711.704503127025,16980.44711140605,20427.081750693404,26236.28594366538,10892.998465756527,22560.239774225607
2026-04-08 19:50:00+00:00,22424.333906566135,17711.704503127025,16980.44711140605,20427.081750693404,26244.2715213277,10892.998465756527,22550.239774225607
2026-04-08 19:55:00+00:00,22414.333906566135,17711.704503127025,16980.44711140605,20427.081750693404,26252.27408422216,10892.998465756527,22540.239774225607
2026-04-08 20:00:00+00:00,22422.334154366352,17711.704503127025,16980.44711140605,20427.081750693404,26242.27408422216,10892.998465756527,22548.240022025828
2026-04-08 20:05:00+00:00,22430.333467614015,17719.701079108938,16980.44711140605,20435.08106394107,26250.27345985866,10892.998465756527,22556.23933527349
2026-04-08 20:10:00+00:00,22438.345175612914,17719.701079108938,16980.44711140605,20435.08106394107,26250.27345985866,10892.998465756527,22564.251043272387
2026-04-08 20:15:00+00:00,22446.354327751207,17719.701079108938,16980.44711140605,20435.08106394107,26250.27345985866,10892.998465756527,22572.260195410687
2026-04-08 20:20:00+00:00,22454.336937543983,17727.683688901714,16988.436945034126,20443.070897569145,26258.263664416932,10892.998465756527,22580.24280520346
2026-04-08 20:25:00+00:00,22454.336937543983,17727.683688901714,16988.436945034126,20443.070897569145,26258.263664416932,10892.998465756527,22580.24280520346
2026-04-08 20:30:00+00:00,22462.34652596939,17727.683688901714,16988.436945034126,20443.070897569145,26248.263664416932,10892.998465756527,22588.252393628864
2026-04-08 20:35:00+00:00,22470.329483100766,17735.66664603309,16996.42495819612,20451.058910731135,26256.25484481903,10892.998465756527,22596.23535076024
2026-04-08 20:40:00+00:00,22478.344472322726,17735.66664603309,16996.42495819612,20451.058910731135,26256.25484481903,10892.998465756527,22604.2503399822
2026-04-08 20:45:00+00:00,22468.344472322726,17735.66664603309,16996.42495819612,20451.058910731135,26264.25919840888,10892.998465756527,22594.2503399822
2026-04-08 20:50:00+00:00,22458.344472322726,17735.66664603309,16996.42495819612,20451.058910731135,26254.25919840888,10892.998465756527,22584.2503399822
2026-04-08 20:55:00+00:00,22466.35106320771,17743.674368031036,16996.42495819612,20459.065501616118,26262.265789293866,10892.998465756527,22592.25693086719
2026-04-08 21:00:00+00:00,22474.367306822103,17743.674368031036,16996.42495819612,20459.065501616118,26270.266031590865,10892.998465756527,22600.273174481583
2026-04-08 21:05:00+00:00,22482.34425076635,17751.651311975278,17004.401546578363,20467.042089998366,26278.246997573486,10892.998465756527,22608.25011842582
2026-04-08 21:10:00+00:00,22490.328624946033,17759.635686154965,17012.37992456613,20475.02046798613,26286.230576306334,10892.998465756527,22616.23449260551
2026-04-08 21:15:00+00:00,22498.341972345566,17767.64717078103,17012.37992456613,20483.033815385665,26286.230576306334,10892.998465756527,22624.247840005046
2026-04-08 21:20:00+00:00,22506.35283610492,17775.654695365214,17020.360429386754,20491.01432020629,26294.234245188127,10892.998465756527,22632.258703764397
2026-04-08 21:25:00+00:00,22514.331966475962,17783.633825736255,17028.340026616166,20498.993917435706,26302.2259149682,10892.998465756527,22640.237834135438
2026-04-08 21:30:00+00:00,22504.331966475962,17783.633825736255,17028.340026616166,20498.993917435706,26292.2259149682,10892.998465756527,22630.237834135438
2026-04-08 21:35:00+00:00,22512.343750707216,17783.633825736255,17028.340026616166,20498.993917435706,26300.227902533075,10892.998465756527,22638.24961836669
2026-04-08 21:40:00+00:00,22520.35166517492,17783.633825736255,17028.340026616166,20498.993917435706,26308.232556184368,10892.998465756527,22646.257532834396
2026-04-08 21:45:00+00:00,22528.35240879996,17791.63461736658,17028.340026616166,20506.994661060744,26316.231705363065,10892.998465756527,22654.258276459434
2026-04-08 21:50:00+00:00,22536.35734643669,17791.63461736658,17028.340026616166,20506.994661060744,26324.231161688414,10892.998465756527,22662.263214096165
2026-04-08 21:55:00+00:00,22526.35734643669,17791.63461736658,17028.340026616166,20506.994661060744,26324.231161688414,10892.998465756527,22652.263214096165
2026-04-08 22:00:00+00:00,22534.349430476257,17791.63461736658,17036.321263658094,20514.975898102668,26332.223021884594,10892.998465756527,22660.255298135737
2026-04-08 22:05:00+00:00,22524.349430476257,17791.63461736658,17036.321263658094,20514.975898102668,26332.223021884594,10892.998465756527,22650.255298135737
2026-04-08 22:10:00+00:00,22532.328363805653,17799.613550695976,17044.305986345353,20522.960620789927,26340.198229391426,10892.998465756527,22658.23423146513
2026-04-08 22:15:00+00:00,22540.319047141507,17807.60423403183,17052.27727575192,20530.931910196494,26348.18630810498,10892.998465756527,22666.224914800983
2026-04-08 22:20:00+00:00,22548.33400255243,17807.60423403183,17052.27727575192,20530.931910196494,26356.19169143705,10892.998465756527,22674.23987021191
2026-04-08 22:25:00+00:00,22556.30448250685,17815.574713986243,17060.239678511443,20538.89431295602,26364.16148867945,10892.998465756527,22682.210350166322
2026-04-08 22:30:00+00:00,22564.290602877823,17823.550596761885,17068.193854653422,20546.848489097996,26372.14750309031,10892.998465756527,22690.196470537296
2026-04-08 22:35:00+00:00,22564.290602877823,17823.550596761885,17068.193854653422,20546.848489097996,26380.150968933616,10892.998465756527,22690.196470537296
2026-04-08 22:40:00+00:00,22572.301816585048,17823.550596761885,17068.193854653422,20546.848489097996,26388.138167399928,10892.998465756527,22698.207684244524
2026-04-08 22:45:00+00:00,22562.301816585048,17823.550596761885,17068.193854653422,20546.848489097996,26378.138167399928,10892.998465756527,22688.207684244524
2026-04-08 22:50:00+00:00,22570.292512911317,17831.541293088154,17076.16604351991,20554.820677964482,26386.143006233622,10892.998465756527,22696.198380570793
2026-04-08 22:55:00+00:00,22578.29678734619,17839.541073421846,17084.148714304803,20562.803348749378,26394.143129721837,10892.998465756527,22704.20265500567
2026-04-08 23:00:00+00:00,22568.29678734619,17839.541073421846,17084.148714304803,20562.803348749378,26384.143129721837,10892.998465756527,22694.20265500567
2026-04-08 23:05:00+00:00,22568.29678734619,17839.541073421846,17084.148714304803,20562.803348749378,26392.148527615936,10882.998465756527,22694.20265500567
2026-04-08 23:10:00+00:00,22576.31269710613,17839.541073421846,17084.148714304803,20562.803348749378,26400.153193914448,10882.998465756527,22702.2185647656
2026-04-08 23:15:00+00:00,22566.31269710613,17839.541073421846,17084.148714304803,20562.803348749378,26390.153193914448,10890.992593982533,22692.2185647656
2026-04-08 23:20:00+00:00,22574.28830857166,17847.516684887378,17092.127741055294,20570.782375499868,26398.133840508945,10890.992593982533,22700.194176231133
2026-04-08 23:25:00+00:00,22582.291443770984,17847.516684887378,17092.127741055294,20570.782375499868,26406.137172546307,10890.992593982533,22708.197311430456
2026-04-08 23:30:00+00:00,22590.2852079269,17855.510449043297,17092.127741055294,20578.77613965579,26414.136069263026,10890.992593982533,22716.19107558638
2026-04-08 23:35:00+00:00,22598.275940607884,17863.501181724278,17100.11046917298,20586.758867773475,26422.128905662426,10890.992593982533,22724.181808267356
2026-04-08 23:40:00+00:00,22598.275940607884,17863.501181724278,17100.11046917298,20586.758867773475,26430.131833839627,10890.992593982533,22724.181808267356
2026-04-08 23:45:00+00:00,22606.2771671163,17863.501181724278,17100.11046917298,20586.758867773475,26438.133601067697,10890.992593982533,22732.183034775775
2026-04-08 23:50:00+00:00,22614.281229827408,17863.501181724278,17100.11046917298,20586.758867773475,26446.126146062805,10890.992593982533,22740.187097486883
2026-04-08 23:55:00+00:00,22622.289240652513,17863.501181724278,17100.11046917298,20586.758867773475,26454.110390085698,10890.992593982533,22748.195108311993
2026-04-09 00:00:00+00:00,22630.296243810648,17863.501181724278,17100.11046917298,20586.758867773475,26462.116187284617,10890.992593982533,22756.202111470127
2026-04-09 00:05:00+00:00,22620.296243810648,17863.501181724278,17100.11046917298,20586.758867773475,26470.122976593088,10890.992593982533,22746.202111470127
2026-04-09 00:10:00+00:00,22628.304179048173,17863.501181724278,17100.11046917298,20586.758867773475,26478.12699950329,10890.992593982533,22754.210046707645
2026-04-09 00:15:00+00:00,22618.304179048173,17863.501181724278,17100.11046917298,20586.758867773475,26486.114617738836,10880.992593982533,22744.210046707645
2026-04-09 00:20:00+00:00,22626.30509622693,17863.501181724278,17100.11046917298,20586.758867773475,26494.12008543065,10870.992593982533,22752.210963886406
2026-04-09 00:25:00+00:00,22616.30509622693,17853.501181724278,17100.11046917298,20576.758867773475,26484.12008543065,10870.992593982533,22742.210963886406
2026-04-09 00:30:00+00:00,22624.318313617547,17853.501181724278,17100.11046917298,20576.758867773475,26474.12008543065,10878.98560883114,22750.224181277023
2026-04-09 00:35:00+00:00,22614.318313617547,17843.501181724278,17090.11046917298,20566.758867773475,26464.12008543065,10878.98560883114,22740.224181277023
2026-04-09 00:40:00+00:00,22614.318313617547,17843.501181724278,17090.11046917298,20566.758867773475,26454.12008543065,10878.98560883114,22740.224181277023
2026-04-09 00:45:00+00:00,22622.333115145513,17843.501181724278,17090.11046917298,20566.758867773475,26462.126951699185,10886.986387178877,22748.238982804993
2026-04-09 00:50:00+00:00,22630.2545100522,17851.49426497187,17090.11046917298,20574.68026268016,26470.12010769324,10886.986387178877,22756.160377711676
2026-04-09 00:55:00+00:00,22620.2545100522,17851.49426497187,17090.11046917298,20574.68026268016,26460.12010769324,10886.986387178877,22746.160377711676
2026-04-09 01:00:00+00:00,22628.23818140995,17851.49426497187,17090.11046917298,20574.68026268016,26468.12613144148,10886.986387178877,22754.144049069426
2026-04-09 01:05:00+00:00,22636.16064155742,17859.41672511934,17097.99788705991,20582.56768056709,26476.10912703723,10886.986387178877,22762.066509216897
2026-04-09 01:10:00+00:00,22644.17217536118,17859.41672511934,17097.99788705991,20582.56768056709,26466.10912703723,10886.986387178877,22770.078043020658
2026-04-09 01:15:00+00:00,22652.17022404906,17859.41672511934,17097.99788705991,20582.56768056709,26474.115786815164,10886.986387178877,22778.076091708535
2026-04-09 01:20:00+00:00,22642.17022404906,17859.41672511934,17105.954829981816,20582.56768056709,26482.121036947345,10894.980661218431,22768.076091708535
2026-04-09 01:25:00+00:00,22650.17080489472,17859.41672511934,17105.954829981816,20582.56768056709,26490.120317675075,10894.980661218431,22776.076672554198
2026-04-09 01:30:00+00:00,22658.120045093732,17867.36596531835,17113.88057161627,20590.493422201544,26498.061964916287,10894.980661218431,22784.025912753208
2026-04-09 01:35:00+00:00,22666.131638321815,17867.36596531835,17113.88057161627,20590.493422201544,26506.066069404038,10894.980661218431,22792.03750598129
2026-04-09 01:40:00+00:00,22666.131638321815,17867.36596531835,17113.88057161627,20590.493422201544,26506.066069404038,10894.980661218431,22792.03750598129
2026-04-09 01:45:00+00:00,22656.131638321815,17857.36596531835,17113.88057161627,20580.493422201544,26496.066069404038,10894.980661218431,22782.03750598129
2026-04-09 01:50:00+00:00,22664.1394793392,17857.36596531835,17113.88057161627,20580.493422201544,26486.066069404038,10894.980661218431,22790.045346998675
2026-04-09 01:55:00+00:00,22672.154187210457,17857.36596531835,17113.88057161627,20580.493422201544,26486.066069404038,10894.980661218431,22798.060054869933
2026-04-09 02:00:00+00:00,22680.117542966436,17857.36596531835,17113.88057161627,20580.493422201544,26494.06976240758,10894.980661218431,22806.023410625916
2026-04-09 02:05:00+00:00,22688.128506759513,17857.36596531835,17113.88057161627,20580.493422201544,26502.075641513977,10894.980661218431,22814.03437441899
2026-04-09 02:10:00+00:00,22696.13002175834,17865.36748031718,17121.851835090492,20588.464685675768,26510.08079698859,10894.980661218431,22822.03588941782
2026-04-09 02:15:00+00:00,22704.129346596557,17873.366805155398,17121.851835090492,20596.464010513984,26518.073400087877,10894.980661218431,22830.035214256037
2026-04-09 02:20:00+00:00,22694.129346596557,17873.366805155398,17121.851835090492,20596.464010513984,26508.073400087877,10894.980661218431,22820.035214256037
2026-04-09 02:25:00+00:00,22702.10898747978,17881.346446038617,17129.82723366709,20604.439409090577,26516.062624562957,10894.980661218431,22828.014855139256
2026-04-09 02:30:00+00:00,22710.12229119288,17889.351366649433,17129.82723366709,20612.45271280368,26524.06948241738,10894.980661218431,22836.028158852358
2026-04-09 02:35:00+00:00,22718.13364618414,17897.348104003286,17129.82723366709,20620.464067794936,26532.073579635948,10894.980661218431,22844.039513843614
2026-04-09 02:40:00+00:00,22708.13364618414,17897.348104003286,17129.82723366709,20620.464067794936,26522.073579635948,10894.980661218431,22834.039513843614
2026-04-09 02:45:00+00:00,22716.129062151445,17897.348104003286,17129.82723366709,20620.464067794936,26530.068579480776,10894.980661218431,22842.03492981092
2026-04-09 02:50:00+00:00,22724.1343945494,17897.348104003286,17129.82723366709,20620.464067794936,26538.06353835703,10894.980661218431,22850.040262208877
2026-04-09 02:55:00+00:00,22732.12722006055,17905.340929514434,17129.82723366709,20628.456893306084,26546.052408766176,10894.980661218431,22858.033087720025
2026-04-09 03:00:00+00:00,22740.133997297984,17913.34583813612,17129.82723366709,20636.46367054352,26554.058713623373,10894.980661218431,22866.039864957464
2026-04-09 03:05:00+00:00,22748.119440633902,17921.331281472034,17137.810178281878,20644.44661515831,26562.05017943609,10894.980661218431,22874.025308293378
2026-04-09 03:10:00+00:00,22738.119440633902,17921.331281472034,17137.810178281878,20644.44661515831,26562.05017943609,10894.980661218431,22864.025308293378
2026-04-09 03:15:00+00:00,22746.12993361216,17911.331281472034,17137.810178281878,20644.44661515831,26552.05017943609,10894.980661218431,22872.03580127164
2026-04-09 03:20:00+00:00,22746.12993361216,17911.331281472034,17137.810178281878,20644.44661515831,26552.05017943609,10894.980661218431,22872.03580127164
2026-04-09 03:25:00+00:00,22754.134359203454,17919.312873551273,17145.781788551765,20652.4182254282,26560.048395423244,10894.980661218431,22880.04022686293
2026-04-09 03:30:00+00:00,22744.134359203454,17919.312873551273,17145.781788551765,20652.4182254282,26560.048395423244,10894.980661218431,22870.04022686293
2026-04-09 03:35:00+00:00,22752.136415881418,17927.314930229237,17145.781788551765,20660.420282106163,26568.047495759358,10894.980661218431,22878.042283540894
2026-04-09 03:40:00+00:00,22752.136415881418,17927.314930229237,17145.781788551765,20660.420282106163,26576.0514058711,10894.980661218431,22878.042283540894
2026-04-09 03:45:00+00:00,22742.136415881418,17927.314930229237,17145.781788551765,20660.420282106163,26584.05580761761,10894.980661218431,22868.042283540894
2026-04-09 03:50:00+00:00,22750.144629866903,17927.314930229237,17145.781788551765,20660.420282106163,26592.062665774316,10894.980661218431,22876.050497526383
2026-04-09 03:55:00+00:00,22758.15668474301,17927.314930229237,17145.781788551765,20660.420282106163,26600.0680052747,10894.980661218431,22884.062552402487
2026-04-09 04:00:00+00:00,22748.15668474301,17927.314930229237,17145.781788551765,20660.420282106163,26590.0680052747,10894.980661218431,22874.062552402487
2026-04-09 04:05:00+00:00,22738.15668474301,17917.314930229237,17145.781788551765,20650.420282106163,26598.065536984617,10894.980661218431,22864.062552402487
2026-04-09 04:10:00+00:00,22746.165316583385,17907.314930229237,17145.781788551765,20650.420282106163,26606.0709878751,10894.980661218431,22872.07118424286
2026-04-09 04:15:00+00:00,22746.165316583385,17907.314930229237,17145.781788551765,20650.420282106163,26606.0709878751,10894.980661218431,22872.07118424286
2026-04-09 04:20:00+00:00,22754.15891517391,17907.314930229237,17153.76804099184,20658.406534546233,26614.062259213544,10894.980661218431,22880.06478283339
2026-04-09 04:25:00+00:00,22744.15891517391,17907.314930229237,17153.76804099184,20658.406534546233,26614.062259213544,10894.980661218431,22870.06478283339
2026-04-09 04:30:00+00:00,22752.159814442883,17915.315829498206,17153.76804099184,20666.407433815206,26622.059721427246,10894.980661218431,22878.06568210236
2026-04-09 04:35:00+00:00,22760.17523822105,17915.315829498206,17153.76804099184,20666.407433815206,26622.059721427246,10894.980661218431,22886.081105880527
2026-04-09 04:40:00+00:00,22750.17523822105,17905.315829498206,17153.76804099184,20656.407433815206,26612.059721427246,10894.980661218431,22876.081105880527
2026-04-09 04:45:00+00:00,22740.17523822105,17895.315829498206,17153.76804099184,20646.407433815206,26620.016190377457,10894.980661218431,22866.081105880527
2026-04-09 04:50:00+00:00,22748.18662723057,17895.315829498206,17153.76804099184,20646.407433815206,26628.020502494193,10894.980661218431,22874.092494890047
2026-04-09 04:55:00+00:00,22738.18662723057,17895.315829498206,17153.76804099184,20646.407433815206,26628.020502494193,10894.980661218431,22864.092494890047
2026-04-09 05:00:00+00:00,22728.18662723057,17895.315829498206,17153.76804099184,20646.407433815206,26636.021721373716,10894.980661218431,22854.092494890047
2026-04-09 05:05:00+00:00,22718.18662723057,17895.315829498206,17153.76804099184,20646.407433815206,26636.021721373716,10894.980661218431,22844.092494890047
2026-04-09 05:10:00+00:00,22718.18662723057,17895.315829498206,17153.76804099184,20646.407433815206,26636.021721373716,10894.980661218431,22844.092494890047
2026-04-09 05:15:00+00:00,22726.192003497577,17895.315829498206,17153.76804099184,20646.407433815206,26644.027097640723,10894.980661218431,22852.097871157057
2026-04-09 05:20:00+00:00,22734.200885270213,17895.315829498206,17153.76804099184,20646.407433815206,26634.027097640723,10894.980661218431,22860.106752929692
2026-04-09 05:25:00+00:00,22742.189365533603,17903.304309761596,17161.75931158848,20654.398704411848,26642.01695972606,10894.980661218431,22868.095233193082
2026-04-09 05:30:00+00:00,22750.202809362418,17903.304309761596,17161.75931158848,20654.398704411848,26642.01695972606,10894.980661218431,22876.108677021894
2026-04-09 05:35:00+00:00,22758.218705691583,17903.304309761596,17161.75931158848,20654.398704411848,26650.02414633022,10894.980661218431,22884.12457335106
2026-04-09 05:40:00+00:00,22758.218705691583,17903.304309761596,17161.75931158848,20654.398704411848,26658.02775878892,10894.980661218431,22884.12457335106
2026-04-09 05:45:00+00:00,22766.225857475896,17903.304309761596,17161.75931158848,20654.398704411848,26666.03063829811,10894.980661218431,22892.131725135372
2026-04-09 05:50:00+00:00,22774.22831206254,17903.304309761596,17161.75931158848,20654.398704411848,26674.035602497526,10894.980661218431,22900.134179722016
2026-04-09 05:55:00+00:00,22782.23830993802,17903.304309761596,17161.75931158848,20654.398704411848,26682.03942012281,10894.980661218431,22908.144177597496
2026-04-09 06:00:00+00:00,22790.23003619905,17903.304309761596,17169.73598403525,20662.375376858618,26690.03082126079,10894.980661218431,22916.13590385852
2026-04-09 06:05:00+00:00,22780.23003619905,17893.304309761596,17169.73598403525,20652.375376858618,26680.03082126079,10894.980661218431,22906.13590385852
2026-04-09 06:10:00+00:00,22780.23003619905,17893.304309761596,17169.73598403525,20652.375376858618,26680.03082126079,10894.980661218431,22906.13590385852
2026-04-09 06:15:00+00:00,22788.23512081225,17893.304309761596,17169.73598403525,20652.375376858618,26688.03596318761,10894.980661218431,22914.14098847172
2026-04-09 06:20:00+00:00,22796.245786959735,17893.304309761596,17169.73598403525,20652.375376858618,26696.041170075303,10894.980661218431,22922.15165461921
2026-04-09 06:25:00+00:00,22804.25080183329,17893.304309761596,17169.73598403525,20652.375376858618,26704.040243627398,10894.980661218431,22930.15666949276
2026-04-09 06:30:00+00:00,22812.25957656971,17893.304309761596,17169.73598403525,20652.375376858618,26712.046994570403,10902.979627358603,22938.16544422919
2026-04-09 06:35:00+00:00,22802.25957656971,17893.304309761596,17169.73598403525,20652.375376858618,26702.046994570403,10902.979627358603,22928.16544422919
2026-04-09 06:40:00+00:00,22810.26104086991,17901.305774061795,17169.73598403525,20660.376841158817,26710.045794153604,10902.979627358603,22936.166908529387
2026-04-09 06:45:00+00:00,22818.26633473634,17901.305774061795,17169.73598403525,20660.376841158817,26710.045794153604,10902.979627358603,22944.17220239582
2026-04-09 06:50:00+00:00,22808.26633473634,17891.305774061795,17169.73598403525,20650.376841158817,26710.045794153604,10902.979627358603,22934.17220239582
2026-04-09 06:55:00+00:00,22816.26909757819,17899.30853690364,17169.73598403525,20658.379604000664,26718.049033277155,10902.979627358603,22942.174965237667
2026-04-09 07:00:00+00:00,22806.26909757819,17899.30853690364,17169.73598403525,20658.379604000664,26708.049033277155,10902.979627358603,22932.174965237667
2026-04-09 07:05:00+00:00,22814.285558742202,17899.30853690364,17169.73598403525,20658.379604000664,26698.049033277155,10902.979627358603,22940.19142640168
2026-04-09 07:10:00+00:00,22804.285558742202,17899.30853690364,17169.73598403525,20658.379604000664,26688.049033277155,10892.979627358603,22930.19142640168
2026-04-09 07:15:00+00:00,22812.280027513196,17907.303005674636,17177.713597950697,20666.35721791611,26696.030908479846,10892.979627358603,22938.18589517267
2026-04-09 07:20:00+00:00,22820.2836227593,17915.306600920736,17177.713597950697,20674.36081316221,26704.03235859915,10892.979627358603,22946.189490418772
2026-04-09 07:25:00+00:00,22828.29647302218,17923.319451183615,17177.713597950697,20682.37366342509,26704.03235859915,10892.979627358603,22954.20234068165
2026-04-09 07:30:00+00:00,22818.29647302218,17923.319451183615,17177.713597950697,20682.37366342509,26694.03235859915,10892.979627358603,22944.20234068165
2026-04-09 07:35:00+00:00,22808.29647302218,17913.319451183615,17177.713597950697,20672.37366342509,26684.03235859915,10892.979627358603,22934.20234068165
2026-04-09 07:40:00+00:00,22816.29953466834,17913.319451183615,17177.713597950697,20672.37366342509,26692.029884160806,10892.979627358603,22942.205402327814
2026-04-09 07:45:00+00:00,22824.301106529398,17921.321023044675,17177.713597950697,20680.37523528615,26700.025660747182,10892.979627358603,22950.206974188874
2026-04-09 07:50:00+00:00,22814.301106529398,17911.321023044675,17177.713597950697,20670.37523528615,26690.025660747182,10892.979627358603,22940.206974188874
2026-04-09 07:55:00+00:00,22804.301106529398,17911.321023044675,17177.713597950697,20670.37523528615,26680.025660747182,10892.979627358603,22930.206974188874
2026-04-09 08:00:00+00:00,22794.301106529398,17901.321023044675,17177.713597950697,20660.37523528615,26670.025660747182,10892.979627358603,22920.206974188874
2026-04-09 08:05:00+00:00,22784.301106529398,17901.321023044675,17177.713597950697,20660.37523528615,26670.025660747182,10892.979627358603,22910.206974188874
2026-04-09 08:10:00+00:00,22792.286380737693,17901.321023044675,17185.697574886366,20668.359212221818,26678.01322541439,10892.979627358603,22918.19224839717
2026-04-09 08:15:00+00:00,22800.28934827517,17901.321023044675,17185.697574886366,20668.359212221818,26686.01241177997,10892.979627358603,22926.195215934647
2026-04-09 08:20:00+00:00,22808.299133071647,17901.321023044675,17185.697574886366,20668.359212221818,26694.013879803286,10892.979627358603,22934.20500073112
2026-04-09 08:25:00+00:00,22816.309232748936,17909.33475279887,17185.697574886366,20676.36931189911,26702.012156227458,10892.979627358603,22942.21510040841
2026-04-09 08:30:00+00:00,22824.28477792076,17909.33475279887,17193.657351698334,20684.329088711078,26709.976975498004,10892.979627358603,22950.190645580235
2026-04-09 08:35:00+00:00,22832.29637739071,17909.33475279887,17193.657351698334,20684.329088711078,26717.9796974923,10892.979627358603,22958.202245050183
2026-04-09 08:40:00+00:00,22840.274308350185,17917.312683758348,17201.620625638643,20692.292362651388,26725.955972684118,10892.979627358603,22966.180176009664
2026-04-09 08:45:00+00:00,22848.26843881949,17917.312683758348,17201.620625638643,20692.292362651388,26733.959713851465,10892.979627358603,22974.17430647897
2026-04-09 08:50:00+00:00,22856.26813819976,17917.312683758348,17201.620625638643,20692.292362651388,26741.95584499532,10892.979627358603,22982.174005859237
2026-04-09 08:55:00+00:00,22864.284486605102,17917.312683758348,17201.620625638643,20692.292362651388,26741.95584499532,10892.979627358603,22990.190354264578
2026-04-09 09:00:00+00:00,22872.280967180643,17917.312683758348,17209.588177037498,20700.259914050243,26749.930286432656,10892.979627358603,22998.18683484012
2026-04-09 09:05:00+00:00,22880.29256677537,17917.312683758348,17209.588177037498,20700.259914050243,26757.936455745206,10892.979627358603,23006.198434434846
2026-04-09 09:10:00+00:00,22888.29227534153,17925.312392324508,17217.565774861596,20708.23751187434,26765.91966796473,10892.979627358603,23014.198143001006
2026-04-09 09:15:00+00:00,22896.29865241718,17925.312392324508,17225.539685542844,20716.211422555592,26773.92522509771,10892.979627358603,23022.20452007666
2026-04-09 09:20:00+00:00,22904.281356544074,17933.295096451402,17233.521692958937,20724.19342997168,26781.90858746709,10892.979627358603,23030.187224203553
2026-04-09 09:25:00+00:00,22912.290557638793,17933.295096451402,17233.521692958937,20724.19342997168,26781.90858746709,10892.979627358603,23038.196425298265
2026-04-09 09:30:00+00:00,22902.290557638793,17933.295096451402,17233.521692958937,20724.19342997168,26771.90858746709,10892.979627358603,23028.196425298265
2026-04-09 09:35:00+00:00,22910.305504458403,17933.295096451402,17233.521692958937,20724.19342997168,26779.914870711167,10892.979627358603,23036.211372117883
2026-04-09 09:40:00+00:00,22918.31696879035,17933.295096451402,17233.521692958937,20724.19342997168,26787.91844734601,10892.979627358603,23044.222836449826
2026-04-09 09:45:00+00:00,22926.320001094664,17941.298128755716,17233.521692958937,20732.196462275995,26795.915732021767,10892.979627358603,23052.22586875414
2026-04-09 09:50:00+00:00,22934.336582055053,17941.298128755716,17233.521692958937,20732.196462275995,26803.919523416153,10892.979627358603,23060.24244971453
2026-04-09 09:55:00+00:00,22942.31349157721,17941.298128755716,17241.492442560768,20740.16721187783,26811.878947426674,10892.979627358603,23068.219359236686
2026-04-09 10:00:00+00:00,22950.317469270358,17941.298128755716,17241.492442560768,20740.16721187783,26819.882225071353,10892.979627358603,23076.223336929834
2026-04-09 10:05:00+00:00,22958.305078729783,17949.28573821514,17249.473236749312,20748.148006066374,26827.8669375534,10892.979627358603,23084.210946389256
2026-04-09 10:10:00+00:00,22966.309296934618,17949.28573821514,17249.473236749312,20748.148006066374,26835.86983546793,10892.979627358603,23092.215164594098
2026-04-09 10:15:00+00:00,22974.308598033796,17949.28573821514,17249.473236749312,20748.148006066374,26843.872392085952,10892.979627358603,23100.214465693272
2026-04-09 10:35:00+00:00,22982.306739192078,17949.28573821514,17249.473236749312,20748.148006066374,26851.87621012796,10892.979627358603,23108.21260685155
2026-04-09 10:40:00+00:00,22972.306739192078,17939.28573821514,17249.473236749312,20738.148006066374,26859.861843542913,10892.979627358603,23098.21260685155
2026-04-09 10:45:00+00:00,22962.306739192078,17939.28573821514,17249.473236749312,20738.148006066374,26859.861843542913,10892.979627358603,23088.21260685155
2026-04-09 10:50:00+00:00,22970.29062320882,17947.26962223189,17257.446528596534,20746.121297913596,26867.84387455909,10892.979627358603,23096.1964908683
2026-04-09 10:55:00+00:00,22960.29062320882,17947.26962223189,17257.446528596534,20746.121297913596,26875.85087371935,10892.979627358603,23086.1964908683
2026-04-09 11:00:00+00:00,22968.28903464391,17955.268033666973,17265.445590365925,20754.120359682987,26883.85023462152,10892.979627358603,23094.19490230338
2026-04-09 11:05:00+00:00,22976.29887257655,17955.268033666973,17265.445590365925,20754.120359682987,26891.854601231902,10892.979627358603,23102.204740236026
2026-04-09 11:10:00+00:00,22984.284501190436,17955.268033666973,17273.43254504321,20762.10731436027,26899.85680455856,10892.979627358603,23110.19036884991
2026-04-09 11:15:00+00:00,22974.284501190436,17955.268033666973,17273.43254504321,20762.10731436027,26889.85680455856,10892.979627358603,23100.19036884991
2026-04-09 11:20:00+00:00,22982.29965457844,17955.268033666973,17273.43254504321,20762.10731436027,26897.855092370635,10892.979627358603,23108.205522237913
2026-04-09 11:25:00+00:00,22990.277253620443,17963.24563270898,17281.402790217675,20770.077559534733,26905.82841997717,10892.979627358603,23116.183121279922
2026-04-09 11:30:00+00:00,22998.2647396947,17971.23311878323,17289.386720497485,20778.061489814547,26913.815455447566,10892.979627358603,23124.17060735418
2026-04-09 11:35:00+00:00,22988.2647396947,17961.23311878323,17289.386720497485,20768.061489814547,26903.815455447566,10892.979627358603,23114.17060735418
2026-04-09 11:40:00+00:00,22996.27955714295,17961.23311878323,17289.386720497485,20768.061489814547,26911.818598773454,10892.979627358603,23122.185424802425
2026-04-09 11:45:00+00:00,23004.28649023454,17961.23311878323,17289.386720497485,20768.061489814547,26919.82356506506,10892.979627358603,23130.19235789401
2026-04-09 11:50:00+00:00,23012.2932161066,17969.239844655294,17289.386720497485,20776.06821568661,26927.829218179522,10892.979627358603,23138.199083766078
2026-04-09 11:55:00+00:00,23020.29094880009,17977.237577348787,17289.386720497485,20784.0659483801,26935.834540970354,10892.979627358603,23146.196816459567
2026-04-09 12:00:00+00:00,23028.290766737235,17985.23739528593,17289.386720497485,20792.065766317246,26943.82610245943,10892.979627358603,23154.19663439671
2026-04-09 12:05:00+00:00,23018.290766737235,17985.23739528593,17289.386720497485,20792.065766317246,26933.82610245943,10892.979627358603,23144.19663439671
2026-04-09 12:10:00+00:00,23026.303899257215,17993.25052780591,17289.386720497485,20800.078898837222,26941.830918926848,10892.979627358603,23152.20976691669
2026-04-09 12:15:00+00:00,23016.303899257215,17983.25052780591,17289.386720497485,20790.078898837222,26931.830918926848,10900.979182170946,23142.20976691669
2026-04-09 12:20:00+00:00,23024.296262195086,17983.25052780591,17297.35368788376,20798.045866223496,26939.807960407452,10900.979182170946,23150.202129854562
2026-04-09 12:25:00+00:00,23032.297597619076,17991.2518632299,17297.35368788376,20806.047201647485,26947.807705175175,10900.979182170946,23158.20346527855
2026-04-09 12:30:00+00:00,23040.288657573143,17991.2518632299,17297.35368788376,20806.047201647485,26955.785744431058,10900.979182170946,23166.19452523262
2026-04-09 12:35:00+00:00,23048.292990226197,17991.2518632299,17297.35368788376,20806.047201647485,26963.792416239197,10908.983561215733,23174.198857885673
2026-04-09 12:40:00+00:00,23056.289203392378,17991.2518632299,17305.32120020332,20814.01471396705,26971.7767959298,10908.983561215733,23182.19507105185
2026-04-09 12:45:00+00:00,23064.29140560963,17999.254065447152,17305.32120020332,20822.016916184304,26979.756881136902,10908.983561215733,23190.197273269107
2026-04-09 12:50:00+00:00,23072.30595013148,17999.254065447152,17305.32120020332,20822.016916184304,26987.761165892076,10908.983561215733,23198.211817790958
2026-04-09 12:55:00+00:00,23080.316562765256,17999.254065447152,17305.32120020332,20822.016916184304,26995.755470701853,10908.983561215733,23206.222430424732
2026-04-09 13:00:00+00:00,23088.321654123356,17999.254065447152,17313.29446781454,20829.99018379552,27003.755569434437,10908.983561215733,23214.227521782832
2026-04-09 13:05:00+00:00,23096.32533869651,17999.254065447152,17313.29446781454,20829.99018379552,27011.75784430755,10908.983561215733,23222.231206355988
2026-04-09 13:10:00+00:00,23104.335071348236,17999.254065447152,17313.29446781454,20829.99018379552,27019.76460772569,10908.983561215733,23230.240939007715
2026-04-09 13:15:00+00:00,23112.34214548624,18007.261139585153,17313.29446781454,20837.997257933523,27027.768832093152,10908.983561215733,23238.248013145712
2026-04-09 13:20:00+00:00,23120.349014166633,18007.261139585153,17313.29446781454,20837.997257933523,27035.770423716323,10908.983561215733,23246.254881826113
2026-04-09 13:25:00+00:00,23128.365049617125,18007.261139585153,17313.29446781454,20837.997257933523,27025.770423716323,10908.983561215733,23254.270917276604
2026-04-09 13:30:00+00:00,23136.378070764273,18007.261139585153,17321.24964651256,20845.952436631538,27033.76362221991,10916.983063761516,23262.283938423745
2026-04-09 13:35:00+00:00,23126.378070764273,17997.261139585153,17321.24964651256,20835.952436631538,27023.76362221991,10924.976079833948,23252.283938423745
2026-04-09 13:40:00+00:00,23134.34660646305,17997.261139585153,17329.239479550404,20843.942269669384,27031.73638938565,10924.976079833948,23260.252474122524
2026-04-09 13:45:00+00:00,23142.333089542786,17997.261139585153,17337.200684722076,20851.903474841056,27039.73005344494,10924.976079833948,23268.238957202266
2026-04-09 13:50:00+00:00,23150.309870653244,17997.261139585153,17345.155250168493,20859.858040287472,27047.699214071024,10924.976079833948,23276.21573831272
2026-04-09 13:55:00+00:00,23140.309870653244,17997.261139585153,17345.155250168493,20859.858040287472,27055.70220926659,10932.980250977653,23266.21573831272
2026-04-09 14:00:00+00:00,23148.313451495178,17997.261139585153,17353.146634697692,20867.84942481667,27063.68253029345,10932.980250977653,23274.219319154654
2026-04-09 14:05:00+00:00,23156.30608669714,18005.253774787114,17361.126349112492,20875.82913923147,27071.66754102355,10932.980250977653,23282.211954356615
2026-04-09 14:10:00+00:00,23164.29349798119,18005.253774787114,17369.081573077536,20883.784363196515,27079.64848248179,10940.9852706998,23290.199365640667
2026-04-09 14:15:00+00:00,23172.27692553126,18005.253774787114,17377.03572871352,20891.7385188325,27087.585682494857,10940.9852706998,23298.18279319074
2026-04-09 14:20:00+00:00,23180.27233955413,18005.253774787114,17377.03572871352,20891.7385188325,27095.575674915446,10940.9852706998,23306.178207213605
2026-04-09 14:25:00+00:00,23188.266648893827,18013.24808412681,17384.987953281296,20899.690743400275,27103.543309528974,10940.9852706998,23314.172516553303
2026-04-09 14:30:00+00:00,23188.266648893827,18021.227212981517,17392.964442788536,20907.667232907515,27111.51476220513,10940.9852706998,23322.15164540801
2026-04-09 14:35:00+00:00,23178.266648893827,18021.227212981517,17392.964442788536,20907.667232907515,27119.518058456553,10948.988566951222,23312.15164540801
2026-04-09 14:40:00+00:00,23186.270934425207,18021.227212981517,17392.964442788536,20907.667232907515,27127.52524614664,10948.988566951222,23320.15593093939
2026-04-09 14:45:00+00:00,23194.26508862911,18021.227212981517,17400.945636823533,20915.648426942513,27135.49779103714,10948.988566951222,23328.15008514329
2026-04-09 14:50:00+00:00,23202.25499876275,18021.227212981517,17408.927133397567,20923.629923516546,27143.49694023095,10948.988566951222,23336.139995276928
2026-04-09 14:55:00+00:00,23210.245863793163,18021.227212981517,17408.927133397567,20923.629923516546,27151.50332702977,10956.994701433432,23344.130860307345
2026-04-09 15:00:00+00:00,23218.24310825127,18021.227212981517,17408.927133397567,20923.629923516546,27159.501316486847,10956.994701433432,23352.128104765452
2026-04-09 15:05:00+00:00,23226.246341589183,18021.227212981517,17416.917200168937,20931.619990287916,27167.49301809132,10956.994701433432,23360.13133810337
2026-04-09 15:10:00+00:00,23234.22940775905,18029.210279151383,17424.849978708375,20939.55276882735,27175.449633758144,10956.994701433432,23368.114404273227
2026-04-09 15:15:00+00:00,23234.22940775905,18029.210279151383,17432.830100882733,20939.55276882735,27183.456330330944,10956.994701433432,23376.094526447585
2026-04-09 15:20:00+00:00,23242.17223193532,18037.15310332766,17440.78254679462,20947.50521473924,27191.397121133887,10956.994701433432,23384.03735062386
2026-04-09 15:25:00+00:00,23250.16388419199,18045.144755584322,17448.760928103366,20955.483596047983,27199.383384812234,10956.994701433432,23392.029002880525
2026-04-09 15:30:00+00:00,23258.175315598477,18045.144755584322,17456.615623308062,20963.338291252683,27207.372638739653,10956.994701433432,23400.040434287017
2026-04-09 15:35:00+00:00,23266.13931229854,18045.144755584322,17456.615623308062,20963.338291252683,27215.33682867701,10956.994701433432,23408.00443098708
2026-04-09 15:40:00+00:00,23274.11424028238,18045.144755584322,17464.576711476875,20971.299379421493,27223.297011959243,10956.994701433432,23415.979358970915
2026-04-09 15:45:00+00:00,23282.10263548867,18045.144755584322,17464.576711476875,20971.299379421493,27231.29598371688,10956.994701433432,23423.967754177207
2026-04-09 15:50:00+00:00,23290.10512065036,18045.144755584322,17464.576711476875,20971.299379421493,27239.299576759346,10956.994701433432,23431.970239338898
2026-04-09 15:55:00+00:00,23280.10512065036,18045.144755584322,17464.576711476875,20971.299379421493,27247.306378923993,10964.99931262876,23421.970239338898
2026-04-09 16:00:00+00:00,23288.052564964368,18045.144755584322,17472.51437027313,20979.237038217747,27255.24739028736,10964.99931262876,23429.917683652908
2026-04-09 16:05:00+00:00,23296.02992990742,18045.144755584322,17480.47475673542,20987.197424680042,27263.23204531835,10964.99931262876,23437.895048595958
2026-04-09 16:10:00+00:00,23304.020192061074,18045.144755584322,17488.43996912834,20995.162637072957,27271.197039819082,10964.99931262876,23445.88531074961
2026-04-09 16:15:00+00:00,23311.987714709823,18053.11227823307,17496.401143621217,21003.123811565834,27279.15163501078,10964.99931262876,23453.852833398363
2026-04-09 16:20:00+00:00,23319.97069401519,18053.11227823307,17504.36376985285,21011.08643779747,27287.12844129174,10964.99931262876,23461.835812703728
2026-04-09 16:25:00+00:00,23327.981806680153,18053.11227823307,17504.36376985285,21011.08643779747,27295.134541742886,10972.99840901985,23469.846925368693
2026-04-09 16:30:00+00:00,23335.974403381464,18053.11227823307,17504.36376985285,21011.08643779747,27303.13690423895,10972.99840901985,23477.839522070004
2026-04-09 16:35:00+00:00,23325.974403381464,18043.11227823307,17504.36376985285,21001.08643779747,27311.136666170663,10980.998170951565,23467.839522070004
2026-04-09 16:40:00+00:00,23315.974403381464,18043.11227823307,17504.36376985285,21001.08643779747,27319.142833334572,10970.998170951565,23457.839522070004
2026-04-09 16:45:00+00:00,23323.959121520962,18051.096996372566,17512.300446529094,21009.02311447371,27327.089230919188,10970.998170951565,23465.8242402095
2026-04-09 16:50:00+00:00,23331.959056749212,18051.096996372566,17520.27699383478,21016.9996617794,27335.086213230385,10970.998170951565,23473.824175437752
2026-04-09 16:55:00+00:00,23339.941670781158,18059.07961040451,17528.241664007197,21024.964331951815,27343.068555593876,10970.998170951565,23481.806789469694
2026-04-09 17:00:00+00:00,23347.896988119515,18059.07961040451,17536.172165881344,21032.894833825958,27351.002279323413,10970.998170951565,23489.76210680805
2026-04-09 17:05:00+00:00,23355.89009240918,18059.07961040451,17536.172165881344,21032.894833825958,27358.994825308957,10960.998170951565,23497.75521109772
2026-04-09 17:10:00+00:00,23363.8913545186,18059.07961040451,17536.172165881344,21032.894833825958,27366.99797800763,10950.998170951565,23505.75647320714
2026-04-09 17:15:00+00:00,23353.8913545186,18059.07961040451,17536.172165881344,21032.894833825958,27356.99797800763,10958.999481284438,23495.75647320714
2026-04-09 17:20:00+00:00,23361.885330428704,18059.07961040451,17536.172165881344,21032.894833825958,27364.972554367974,10958.999481284438,23503.75044911724
2026-04-09 17:25:00+00:00,23369.862031881425,18067.05631185723,17544.13381856327,21040.856486507888,27372.929155143505,10958.999481284438,23511.72715056996
2026-04-09 17:30:00+00:00,23377.79916575441,18074.993445730222,17552.07706001942,21048.799727964037,27380.869410832514,10958.999481284438,23519.66428444295
2026-04-09 17:35:00+00:00,23385.759948149243,18082.954228125054,17560.012212356127,21056.73488030074,27388.83841321257,10958.999481284438,23527.625066837783
2026-04-09 17:40:00+00:00,23393.758303134324,18082.954228125054,17560.012212356127,21056.73488030074,27396.832542159667,10967.003068273681,23535.62342182286
2026-04-09 17:45:00+00:00,23383.758303134324,18082.954228125054,17560.012212356127,21056.73488030074,27386.832542159667,10974.992691991725,23525.62342182286
2026-04-09 17:50:00+00:00,23391.740915456354,18090.936840447084,17560.012212356127,21064.717492622774,27394.83224537011,10964.992691991725,23533.60603414489
2026-04-09 17:55:00+00:00,23399.725152509887,18098.921077500618,17568.00319658221,21072.708476848857,27402.814732947238,10964.992691991725,23541.590271198424
2026-04-09 18:00:00+00:00,23407.672219882286,18106.868144873017,17575.893688815733,21080.598969082377,27410.728756037453,10964.992691991725,23549.537338570823
2026-04-09 18:05:00+00:00,23415.65108822017,18114.8470132109,17583.888576643367,21088.593856910018,27418.718934697354,10964.992691991725,23557.51620690871
2026-04-09 18:10:00+00:00,23423.6533188181,18114.8470132109,17583.888576643367,21088.593856910018,27426.723487557218,10972.999811350228,23565.51843750664
2026-04-09 18:15:00+00:00,23431.6572460214,18114.8470132109,17591.88408993351,21096.589370200156,27434.72448303349,10981.0070720503,23573.52236470994
2026-04-09 18:20:00+00:00,23439.65487627539,18114.8470132109,17599.834687595492,21104.53996786214,27442.710390443553,10981.0070720503,23581.51999496393
2026-04-09 18:25:00+00:00,23447.671253580276,18114.8470132109,17599.834687595492,21104.53996786214,27450.71065734157,10989.012266013562,23589.536372268813
2026-04-09 18:30:00+00:00,23437.671253580276,18114.8470132109,17599.834687595492,21104.53996786214,27458.643136895615,10989.012266013562,23579.536372268813
2026-04-09 18:35:00+00:00,23445.67344067953,18114.8470132109,17599.834687595492,21104.53996786214,27466.646031368993,10989.012266013562,23587.538559368066
2026-04-09 18:40:00+00:00,23453.68577821191,18114.8470132109,17599.834687595492,21104.53996786214,27456.646031368993,10979.012266013562,23595.55089690045
2026-04-09 18:45:00+00:00,23443.68577821191,18104.8470132109,17599.834687595492,21094.53996786214,27456.646031368993,10979.012266013562,23585.55089690045
2026-04-09 18:50:00+00:00,23451.692713422166,18104.8470132109,17599.834687595492,21094.53996786214,27464.652837163943,10979.012266013562,23593.557832110702
2026-04-09 18:55:00+00:00,23459.701593802427,18104.8470132109,17599.834687595492,21094.53996786214,27472.659202558425,10979.012266013562,23601.566712490963
2026-04-09 19:00:00+00:00,23467.71253706069,18104.8470132109,17599.834687595492,21094.53996786214,27480.663267016622,10987.01877032076,23609.577655749228
2026-04-09 19:05:00+00:00,23457.71253706069,18104.8470132109,17599.834687595492,21094.53996786214,27488.654529482614,10995.024142459595,23599.577655749228
2026-04-09 19:10:00+00:00,23465.72027697102,18104.8470132109,17599.834687595492,21094.53996786214,27496.659852293717,11003.0294652707,23607.58539565956
2026-04-09 19:15:00+00:00,23473.733685630054,18104.8470132109,17599.834687595492,21094.53996786214,27504.661700209534,11011.03716990097,23615.598804318593
2026-04-09 19:20:00+00:00,23481.7384286428,18104.8470132109,17599.834687595492,21094.53996786214,27512.664215178993,11011.03716990097,23623.60354733134
2026-04-09 19:25:00+00:00,23471.7384286428,18104.8470132109,17599.834687595492,21094.53996786214,27502.664215178993,11001.03716990097,23613.60354733134
2026-04-09 19:30:00+00:00,23479.720439525783,18112.829024093884,17607.81326966527,21102.51854993192,27510.644449514282,11001.03716990097,23621.58555821432
2026-04-09 19:35:00+00:00,23487.731518763037,18112.829024093884,17607.81326966527,21102.51854993192,27518.6496277754,11001.03716990097,23629.596637451574
2026-04-09 19:40:00+00:00,23477.731518763037,18112.829024093884,17607.81326966527,21102.51854993192,27526.65141306528,11001.03716990097,23619.596637451574
2026-04-09 19:45:00+00:00,23485.574523101386,18112.829024093884,17615.79425606455,21110.36155427027,27534.632594616392,11001.03716990097,23627.439641789926
2026-04-09 19:50:00+00:00,23493.581212201098,18112.829024093884,17615.79425606455,21110.36155427027,27542.628804846372,11009.04385900068,23635.446330889637
2026-04-09 19:55:00+00:00,23501.558178440835,18120.80599033362,17623.751531480924,21118.318829686643,27550.588671984628,11009.04385900068,23643.423297129375
2026-04-09 20:00:00+00:00,23491.558178440835,18110.80599033362,17623.751531480924,21108.318829686643,27540.588671984628,11009.04385900068,23633.423297129375
2026-04-09 20:05:00+00:00,23499.550668507094,18110.80599033362,17631.725912708454,21116.293210914173,27548.58287301268,11009.04385900068,23641.415787195634
2026-04-09 20:10:00+00:00,23507.540931648047,18110.80599033362,17639.70427465662,21124.271572862337,27556.56049466623,11009.04385900068,23649.406050336584
2026-04-09 20:15:00+00:00,23515.548452859617,18118.813511545195,17647.6915162892,21132.25881449492,27564.55562834568,11009.04385900068,23657.413571548153
2026-04-09 20:20:00+00:00,23523.55041985461,18118.813511545195,17647.6915162892,21132.25881449492,27572.55473338232,11009.04385900068,23665.41553854315
2026-04-09 20:25:00+00:00,23531.56111566606,18118.813511545195,17647.6915162892,21132.25881449492,27580.557597458668,11009.04385900068,23673.426234354596
2026-04-09 20:30:00+00:00,23539.568380292207,18118.813511545195,17655.68287849622,21140.250176701935,27588.561080141342,11017.050022033958,23681.433498980747
2026-04-09 20:35:00+00:00,23547.569504595984,18126.81463584897,17655.68287849622,21148.251301005712,27596.558409782258,11017.050022033958,23689.43462328452
2026-04-09 20:40:00+00:00,23555.564015890977,18116.81463584897,17655.68287849622,21148.251301005712,27604.549232349724,11017.050022033958,23697.429134579514
2026-04-09 20:45:00+00:00,23563.573820612517,18116.81463584897,17655.68287849622,21148.251301005712,27612.55243742676,11017.050022033958,23705.438939301057
2026-04-09 20:50:00+00:00,23553.573820612517,18106.81463584897,17655.68287849622,21138.251301005712,27620.55405154049,11017.050022033958,23695.438939301057
2026-04-09 20:55:00+00:00,23543.573820612517,18096.81463584897,17655.68287849622,21128.251301005712,27620.55405154049,11017.050022033958,23685.438939301057
2026-04-09 21:00:00+00:00,23533.573820612517,18086.81463584897,17655.68287849622,21118.251301005712,27628.554139126772,11025.045182834636,23675.438939301057
2026-04-09 21:05:00+00:00,23523.573820612517,18076.81463584897,17645.68287849622,21108.251301005712,27618.554139126772,11025.045182834636,23665.438939301057
2026-04-09 21:10:00+00:00,23513.573820612517,18076.81463584897,17645.68287849622,21108.251301005712,27608.554139126772,11033.045043692848,23655.438939301057
2026-04-09 21:15:00+00:00,23521.577233677577,18084.823888492727,17645.68287849622,21116.25471407077,27616.549691751996,11033.045043692848,23663.442352366113
2026-04-09 21:20:00+00:00,23511.577233677577,18084.823888492727,17645.68287849622,21116.25471407077,27606.549691751996,11033.045043692848,23653.442352366113
2026-04-09 21:25:00+00:00,23519.57611665463,18084.823888492727,17653.669051834757,21124.24088740931,27614.55591993879,11033.045043692848,23661.44123534317
2026-04-09 21:30:00+00:00,23527.589468269092,18084.823888492727,17653.669051834757,21124.24088740931,27622.55619059589,11033.045043692848,23669.454586957632
2026-04-09 21:35:00+00:00,23535.601999940744,18084.823888492727,17653.669051834757,21124.24088740931,27630.559686387765,11041.048539484724,23677.46711862928
2026-04-09 21:40:00+00:00,23543.571060041948,18084.823888492727,17661.598217107305,21132.170052681853,27638.513721336818,11041.048539484724,23685.436178730488
2026-04-09 21:45:00+00:00,23551.56502897558,18084.823888492727,17669.588989554122,21140.160825128674,27646.502055848676,11041.048539484724,23693.43014766412
2026-04-09 21:50:00+00:00,23559.545985201614,18092.80484471876,17677.583191168684,21148.155026743236,27654.49404417202,11041.048539484724,23701.411103890154
2026-04-09 21:55:00+00:00,23567.555737231465,18100.81459674861,17677.583191168684,21156.164778773084,27662.493037469638,11041.048539484724,23709.42085592
2026-04-09 22:00:00+00:00,23557.555737231465,18100.81459674861,17677.583191168684,21156.164778773084,27670.498330505376,11041.048539484724,23699.42085592
2026-04-09 22:05:00+00:00,23565.56074234785,18100.81459674861,17685.573497804216,21164.155085408616,27678.481897549158,11041.048539484724,23707.42586103639
2026-04-09 22:10:00+00:00,23573.56157126165,18108.815425662408,17685.573497804216,21172.155914322415,27686.48868673968,11041.048539484724,23715.42668995019
2026-04-09 22:15:00+00:00,23581.529197157677,18116.783051558436,17693.3705495761,21179.952966094297,27694.261530787273,11041.048539484724,23723.394315846213
2026-04-09 22:20:00+00:00,23589.52138237778,18116.783051558436,17693.3705495761,21179.952966094297,27702.26404930721,11041.048539484724,23731.38650106632
2026-04-09 22:25:00+00:00,23597.499667784916,18116.783051558436,17701.340064860422,21187.92248137862,27710.23540902422,11041.048539484724,23739.364786473452
2026-04-09 22:30:00+00:00,23605.478696193575,18116.783051558436,17709.321776585133,21195.90419310333,27718.22678436412,11041.048539484724,23747.343814882115
2026-04-09 22:35:00+00:00,23613.462580330808,18116.783051558436,17717.299982144836,21203.882398663034,27726.218970502385,11041.048539484724,23755.327699019348
2026-04-09 22:40:00+00:00,23621.478787071006,18116.783051558436,17717.299982144836,21203.882398663034,27734.224842735977,11049.052265315186,23763.343905759546
2026-04-09 22:45:00+00:00,23611.478787071006,18116.783051558436,17717.299982144836,21203.882398663034,27724.224842735977,11039.052265315186,23753.343905759546
2026-04-09 22:50:00+00:00,23619.460831443044,18124.765095930474,17725.20665457042,21211.78907108862,27732.178491226623,11039.052265315186,23761.325950131584
2026-04-09 22:55:00+00:00,23627.455839520608,18124.765095930474,17733.15544304784,21219.73785956604,27740.17606770173,11039.052265315186,23769.320958209144
2026-04-09 23:00:00+00:00,23617.455839520608,18124.765095930474,17741.139224837796,21219.73785956604,27748.17349793046,11029.052265315186,23759.320958209144
2026-04-09 23:05:00+00:00,23625.432751838358,18132.74200824822,17749.103601652685,21227.70223638093,27756.156195491283,11029.052265315186,23767.297870526894
2026-04-09 23:10:00+00:00,23633.445049054797,18132.74200824822,17757.083923979095,21235.682558707336,27764.13522214131,11029.052265315186,23775.310167743337
2026-04-09 23:15:00+00:00,23623.445049054797,18132.74200824822,17757.083923979095,21235.682558707336,27754.13522214131,11037.048638892604,23765.310167743337
2026-04-09 23:20:00+00:00,23631.458512648947,18132.74200824822,17757.083923979095,21235.682558707336,27762.141001950844,11045.052729119068,23773.323631337484
2026-04-09 23:25:00+00:00,23621.458512648947,18132.74200824822,17757.083923979095,21235.682558707336,27752.141001950844,11035.052729119068,23763.323631337484
2026-04-09 23:30:00+00:00,23629.404541185304,18132.74200824822,17765.06833051624,21243.628587243693,27760.113447378997,11035.052729119068,23771.26965987384
2026-04-09 23:35:00+00:00,23619.404541185304,18132.74200824822,17765.06833051624,21243.628587243693,27768.118546573725,11043.059773310002,23761.26965987384
2026-04-09 23:40:00+00:00,23627.41261225896,18140.750079321875,17765.06833051624,21251.636658317344,27776.11697589156,11043.059773310002,23769.27773094749
2026-04-09 23:45:00+00:00,23635.428690700533,18140.750079321875,17765.06833051624,21251.636658317344,27766.11697589156,11043.059773310002,23777.29380938907
2026-04-09 23:50:00+00:00,23625.428690700533,18130.750079321875,17765.06833051624,21241.636658317344,27756.11697589156,11043.059773310002,23767.29380938907
2026-04-09 23:55:00+00:00,23633.4291462217,18130.750079321875,17765.06833051624,21241.636658317344,27764.11669118556,11043.059773310002,23775.294264910237
2026-04-10 00:00:00+00:00,23641.42312726753,18130.750079321875,17765.06833051624,21241.636658317344,27772.117682120155,11043.059773310002,23783.28824595607
2026-04-10 00:05:00+00:00,23649.42235402709,18138.74930608143,17765.06833051624,21249.635885076903,27762.117682120155,11033.059773310002,23791.287472715627
2026-04-10 00:10:00+00:00,23639.42235402709,18138.74930608143,17765.06833051624,21249.635885076903,27752.117682120155,11041.061732332582,23781.287472715627
2026-04-10 00:15:00+00:00,23647.414185726513,18138.74930608143,17773.03413057273,21257.60168513339,27760.123799302888,11041.061732332582,23789.27930441505
2026-04-10 00:20:00+00:00,23637.414185726513,18138.74930608143,17773.03413057273,21257.60168513339,27768.119905112988,11049.057838142684,23779.27930441505
2026-04-10 00:25:00+00:00,23645.423571284424,18138.74930608143,17773.03413057273,21257.60168513339,27776.121742037983,11057.062258294105,23787.288689972956
2026-04-10 00:30:00+00:00,23635.423571284424,18138.74930608143,17773.03413057273,21257.60168513339,27784.125053146865,11065.065569402985,23777.288689972956
2026-04-10 00:35:00+00:00,23625.423571284424,18128.74930608143,17773.03413057273,21247.60168513339,27774.125053146865,11073.063519507641,23767.288689972956
2026-04-10 00:40:00+00:00,23633.412613978704,18128.74930608143,17781.016825272207,21255.58437983287,27782.114109662874,11073.063519507641,23775.277732667237
2026-04-10 00:45:00+00:00,23623.412613978704,18128.74930608143,17781.016825272207,21255.58437983287,27772.114109662874,11063.063519507641,23765.277732667237
2026-04-10 00:50:00+00:00,23631.409210187812,18136.745902290542,17789.002650441747,21263.57020500241,27780.100403989014,11063.063519507641,23773.274328876352
2026-04-10 00:55:00+00:00,23621.409210187812,18126.745902290542,17789.002650441747,21253.57020500241,27770.100403989014,11063.063519507641,23763.274328876352
2026-04-10 01:00:00+00:00,23629.405927335454,18126.745902290542,17796.983768434042,21261.551322994703,27778.086633324816,11063.063519507641,23771.27104602399
2026-04-10 01:05:00+00:00,23619.405927335454,18126.745902290542,17796.983768434042,21261.551322994703,27768.086633324816,11071.060135948783,23761.27104602399
2026-04-10 01:10:00+00:00,23627.400718031833,18134.740692986925,17804.95123965853,21269.51879421919,27776.055698457218,11071.060135948783,23769.26583672037
2026-04-10 01:15:00+00:00,23617.400718031833,18134.740692986925,17804.95123965853,21269.51879421919,27766.055698457218,11061.060135948783,23759.26583672037
2026-04-10 01:20:00+00:00,23625.38052270589,18134.740692986925,17812.869553872704,21277.43710843337,27773.935402227464,11061.060135948783,23767.245641394424
2026-04-10 01:25:00+00:00,23615.38052270589,18134.740692986925,17812.869553872704,21277.43710843337,27763.935402227464,11051.060135948783,23757.245641394424
2026-04-10 01:30:00+00:00,23623.38301565546,18134.740692986925,17820.790283741768,21285.35783830243,27771.881325101494,11051.060135948783,23765.248134343998
2026-04-10 01:35:00+00:00,23631.35489897077,18142.712576302234,17828.736323827852,21293.303878388513,27779.83891683201,11051.060135948783,23773.22001765931
2026-04-10 01:40:00+00:00,23621.35489897077,18142.712576302234,17818.736323827852,21283.303878388513,27769.83891683201,11051.060135948783,23763.22001765931
2026-04-10 01:45:00+00:00,23629.346386113477,18150.704063444937,17818.736323827852,21291.29536553122,27777.83704699848,11051.060135948783,23771.211504802013
2026-04-10 01:50:00+00:00,23619.346386113477,18150.704063444937,17808.736323827852,21281.29536553122,27767.83704699848,11051.060135948783,23761.211504802013
2026-04-10 01:55:00+00:00,23627.35871356719,18150.704063444937,17808.736323827852,21281.29536553122,27775.84301067082,11051.060135948783,23769.22383225573
2026-04-10 02:00:00+00:00,23617.35871356719,18150.704063444937,17808.736323827852,21281.29536553122,27765.84301067082,11051.060135948783,23759.22383225573
2026-04-10 02:05:00+00:00,23625.36893156329,18150.704063444937,17816.71772110995,21289.276762813315,27773.844647557427,11051.060135948783,23767.234050251827
2026-04-10 02:10:00+00:00,23615.36893156329,18150.704063444937,17816.71772110995,21289.276762813315,27781.851071766418,11059.055797807232,23757.234050251827
2026-04-10 02:15:00+00:00,23623.38433942564,18150.704063444937,17816.71772110995,21289.276762813315,27789.852377427982,11059.055797807232,23765.24945811418
2026-04-10 02:20:00+00:00,23613.38433942564,18150.704063444937,17816.71772110995,21289.276762813315,27789.852377427982,11059.055797807232,23755.24945811418
2026-04-10 02:25:00+00:00,23621.39796524342,18150.704063444937,17816.71772110995,21289.276762813315,27789.852377427982,11059.055797807232,23763.263083931954
2026-04-10 02:30:00+00:00,23611.39796524342,18150.704063444937,17816.71772110995,21289.276762813315,27797.855658522305,11067.059078901555,23753.263083931954
2026-04-10 02:35:00+00:00,23619.41272153386,18150.704063444937,17816.71772110995,21289.276762813315,27805.855828705146,11067.059078901555,23761.277840222396
2026-04-10 02:40:00+00:00,23627.428075372394,18150.704063444937,17816.71772110995,21289.276762813315,27813.862425187373,11067.059078901555,23769.293194060927
2026-04-10 02:45:00+00:00,23635.418391783256,18158.694379855802,17824.69810225321,21297.257143956573,27821.851938235697,11067.059078901555,23777.283510471792
2026-04-10 02:50:00+00:00,23643.43320577157,18158.694379855802,17824.69810225321,21297.257143956573,27811.851938235697,11067.059078901555,23785.298324460106
2026-04-10 02:55:00+00:00,23651.436831525334,18166.698005609567,17824.69810225321,21305.260769710338,27819.858150997585,11067.059078901555,23793.30195021387
2026-04-10 03:00:00+00:00,23659.441167850215,18174.702341934444,17824.69810225321,21313.26510603522,27809.858150997585,11057.059078901555,23801.306286538747
2026-04-10 03:05:00+00:00,23667.448702167538,18174.702341934444,17824.69810225321,21313.26510603522,27799.858150997585,11047.059078901555,23809.313820856078
2026-04-10 03:10:00+00:00,23657.448702167538,18174.702341934444,17824.69810225321,21313.26510603522,27807.85717675628,11047.059078901555,23799.313820856078
2026-04-10 03:15:00+00:00,23665.458488680153,18182.71212844706,17824.69810225321,21321.274892547834,27815.86101264453,11047.059078901555,23807.323607368693
2026-04-10 03:20:00+00:00,23655.458488680153,18182.71212844706,17824.69810225321,21321.274892547834,27823.864800281615,11047.059078901555,23797.323607368693
2026-04-10 03:25:00+00:00,23645.458488680153,18172.71212844706,17824.69810225321,21311.274892547834,27831.865704231648,11047.059078901555,23787.323607368693
2026-04-10 03:30:00+00:00,23653.457000440034,18180.71064020694,17824.69810225321,21319.273404307714,27839.861157235046,11047.059078901555,23795.32211912857
2026-04-10 03:35:00+00:00,23661.447995841372,18188.701635608275,17832.69211916279,21327.2674212173,27847.85030500302,11047.059078901555,23803.313114529905
2026-04-10 03:40:00+00:00,23669.448587064686,18196.702226831592,17832.69211916279,21335.268012440614,27855.85218227936,11047.059078901555,23811.313705753222
2026-04-10 03:45:00+00:00,23659.448587064686,18186.702226831592,17832.69211916279,21325.268012440614,27845.85218227936,11055.059188223653,23801.313705753222
2026-04-10 03:50:00+00:00,23667.464227830736,18186.702226831592,17832.69211916279,21325.268012440614,27845.85218227936,11055.059188223653,23809.329346519276
2026-04-10 03:55:00+00:00,23675.47864807252,18194.716647073372,17832.69211916279,21333.282432682397,27845.85218227936,11055.059188223653,23817.343766761056
2026-04-10 04:00:00+00:00,23683.479337501834,18194.716647073372,17832.69211916279,21333.282432682397,27853.852929262048,11055.059188223653,23825.344456190367
2026-04-10 04:05:00+00:00,23691.488764341964,18194.716647073372,17832.69211916279,21333.282432682397,27861.858217059136,11055.059188223653,23833.3538830305
2026-04-10 04:10:00+00:00,23699.492644885908,18202.720527617315,17832.69211916279,21341.286313226337,27869.860757888397,11055.059188223653,23841.357763574444
2026-04-10 04:15:00+00:00,23707.494028892543,18202.720527617315,17832.69211916279,21341.286313226337,27877.853649420347,11055.059188223653,23849.359147581075
2026-04-10 04:20:00+00:00,23697.494028892543,18202.720527617315,17832.69211916279,21341.286313226337,27867.853649420347,11055.059188223653,23839.359147581075
2026-04-10 04:25:00+00:00,23687.494028892543,18202.720527617315,17832.69211916279,21341.286313226337,27857.853649420347,11055.059188223653,23829.359147581075
2026-04-10 04:30:00+00:00,23695.505242345906,18202.720527617315,17832.69211916279,21341.286313226337,27857.853649420347,11055.059188223653,23837.370361034442
2026-04-10 04:35:00+00:00,23703.51382485264,18210.729110124048,17832.69211916279,21349.294895733074,27865.843871959427,11055.059188223653,23845.378943541175
2026-04-10 04:40:00+00:00,23693.51382485264,18200.729110124048,17832.69211916279,21339.294895733074,27865.843871959427,11055.059188223653,23835.378943541175
2026-04-10 04:45:00+00:00,23683.51382485264,18190.729110124048,17832.69211916279,21329.294895733074,27873.837761344057,11055.059188223653,23825.378943541175
2026-04-10 04:50:00+00:00,23691.512275356283,18198.72756062769,17840.62033576495,21337.223112335232,27881.79907451266,11055.059188223653,23833.377394044815
2026-04-10 04:55:00+00:00,23681.512275356283,18198.72756062769,17840.62033576495,21337.223112335232,27871.79907451266,11055.059188223653,23823.377394044815
2026-04-10 05:00:00+00:00,23671.512275356283,18188.72756062769,17840.62033576495,21327.223112335232,27861.79907451266,11055.059188223653,23813.377394044815
2026-04-10 05:05:00+00:00,23679.526805793135,18188.72756062769,17840.62033576495,21327.223112335232,27869.802422785295,11055.059188223653,23821.39192448167
2026-04-10 05:10:00+00:00,23669.526805793135,18188.72756062769,17840.62033576495,21327.223112335232,27869.802422785295,11055.059188223653,23811.39192448167
2026-04-10 05:15:00+00:00,23659.526805793135,18188.72756062769,17840.62033576495,21327.223112335232,27859.802422785295,11055.059188223653,23801.39192448167
2026-04-10 05:20:00+00:00,23667.50851777233,18196.709272606888,17848.61150691685,21335.214283487127,27867.797766839558,11055.059188223653,23809.37363646087
2026-04-10 05:25:00+00:00,23667.50851777233,18196.709272606888,17848.61150691685,21335.214283487127,27875.80452946064,11055.059188223653,23809.37363646087
2026-04-10 05:30:00+00:00,23657.50851777233,18196.709272606888,17848.61150691685,21335.214283487127,27865.80452946064,11055.059188223653,23799.37363646087
2026-04-10 05:35:00+00:00,23657.50851777233,18196.709272606888,17848.61150691685,21335.214283487127,27865.80452946064,11055.059188223653,23799.37363646087
2026-04-10 05:40:00+00:00,23665.509383689267,18204.71013852382,17848.61150691685,21343.215149404063,27873.802624684668,11055.059188223653,23807.374502377803
2026-04-10 05:45:00+00:00,23673.5041253467,18204.71013852382,17848.61150691685,21343.215149404063,27881.80569489232,11055.059188223653,23815.36924403523
2026-04-10 05:50:00+00:00,23663.5041253467,18194.71013852382,17848.61150691685,21333.215149404063,27889.80933516015,11063.062828491482,23805.36924403523
2026-04-10 05:55:00+00:00,23671.517656796674,18184.71013852382,17848.61150691685,21333.215149404063,27889.80933516015,11063.062828491482,23813.38277548521
2026-04-10 06:00:00+00:00,23679.529310378715,18184.71013852382,17848.61150691685,21333.215149404063,27889.80933516015,11063.062828491482,23821.39442906725
2026-04-10 06:05:00+00:00,23687.539153090496,18184.71013852382,17848.61150691685,21333.215149404063,27897.810212553788,11063.062828491482,23829.40427177903
2026-04-10 06:10:00+00:00,23677.539153090496,18184.71013852382,17848.61150691685,21333.215149404063,27887.810212553788,11063.062828491482,23819.40427177903
2026-04-10 06:15:00+00:00,23685.54573778822,18192.716723221543,17848.61150691685,21341.221734101786,27895.81384678403,11063.062828491482,23827.410856476752
2026-04-10 06:20:00+00:00,23685.54573778822,18192.716723221543,17848.61150691685,21341.221734101786,27903.817656326817,11063.062828491482,23827.410856476752
2026-04-10 06:25:00+00:00,23685.54573778822,18192.716723221543,17848.61150691685,21341.221734101786,27903.817656326817,11063.062828491482,23827.410856476752
2026-04-10 06:30:00+00:00,23693.56085941194,18192.716723221543,17848.61150691685,21341.221734101786,27903.817656326817,11063.062828491482,23835.425978100477
2026-04-10 06:35:00+00:00,23683.56085941194,18182.716723221543,17838.61150691685,21331.221734101786,27893.817656326817,11063.062828491482,23825.425978100477
2026-04-10 06:40:00+00:00,23691.543616240808,18190.699480050414,17846.58614071698,21339.196367901917,27901.79592636717,11063.062828491482,23833.408734929348
2026-04-10 06:45:00+00:00,23691.543616240808,18190.699480050414,17846.58614071698,21339.196367901917,27901.79592636717,11063.062828491482,23833.408734929348
2026-04-10 07:25:00+00:00,23699.3754224026,18190.699480050414,17846.58614071698,21339.196367901917,27909.630463093854,11063.062828491482,23841.240541091138
2026-04-10 07:30:00+00:00,23689.3754224026,18190.699480050414,17846.58614071698,21339.196367901917,27917.63094017051,11071.06330556814,23831.240541091138
2026-04-10 07:35:00+00:00,23679.3754224026,18190.699480050414,17846.58614071698,21339.196367901917,27907.63094017051,11071.06330556814,23821.240541091138
2026-04-10 07:40:00+00:00,23687.381828787074,18190.699480050414,17846.58614071698,21339.196367901917,27915.62659317872,11071.06330556814,23829.246947475614
2026-04-10 07:45:00+00:00,23695.393210411294,18190.699480050414,17846.58614071698,21339.196367901917,27915.62659317872,11071.06330556814,23837.25832909983
2026-04-10 07:50:00+00:00,23703.37533244447,18198.68160208359,17854.54667240445,21347.156899589383,27923.610370596216,11071.06330556814,23845.240451133006
2026-04-10 07:55:00+00:00,23711.375176790105,18206.681446429226,17854.54667240445,21355.156743935022,27931.599467465458,11071.06330556814,23853.240295478645
2026-04-10 08:00:00+00:00,23701.375176790105,18206.681446429226,17854.54667240445,21355.156743935022,27921.599467465458,11071.06330556814,23843.240295478645
2026-04-10 08:05:00+00:00,23709.363191221135,18214.669460860256,17862.52922094645,21363.139292477023,27929.576281486967,11071.06330556814,23851.22830990967
2026-04-10 08:10:00+00:00,23699.363191221135,18214.669460860256,17862.52922094645,21363.139292477023,27919.576281486967,11071.06330556814,23841.22830990967
2026-04-10 08:15:00+00:00,23689.363191221135,18204.669460860256,17862.52922094645,21353.139292477023,27909.576281486967,11071.06330556814,23831.22830990967
2026-04-10 08:20:00+00:00,23679.363191221135,18204.669460860256,17862.52922094645,21353.139292477023,27909.576281486967,11071.06330556814,23821.22830990967
2026-04-10 08:25:00+00:00,23687.37315701486,18204.669460860256,17862.52922094645,21353.139292477023,27917.57610628615,11071.06330556814,23829.238275703396
2026-04-10 08:30:00+00:00,23677.37315701486,18194.669460860256,17862.52922094645,21343.139292477023,27907.57610628615,11071.06330556814,23819.238275703396
2026-04-10 08:35:00+00:00,23685.376462856708,18194.669460860256,17870.52803085837,21351.138102388944,27915.57437503669,11071.06330556814,23827.241581545248
2026-04-10 08:40:00+00:00,23675.376462856708,18194.669460860256,17870.52803085837,21351.138102388944,27923.573986022762,11071.06330556814,23817.241581545248
2026-04-10 08:45:00+00:00,23665.376462856708,18184.669460860256,17878.484881830802,21341.138102388944,27931.574590574328,11071.06330556814,23807.241581545248
2026-04-10 08:50:00+00:00,23655.376462856708,18174.669460860256,17878.484881830802,21331.138102388944,27921.574590574328,11071.06330556814,23797.241581545248
2026-04-10 08:55:00+00:00,23663.3910714105,18174.669460860256,17878.484881830802,21331.138102388944,27921.574590574328,11071.06330556814,23805.25619009904
2026-04-10 09:00:00+00:00,23653.3910714105,18174.669460860256,17878.484881830802,21331.138102388944,27929.58076864052,11071.06330556814,23795.25619009904
2026-04-10 09:05:00+00:00,23661.400816265443,18174.669460860256,17878.484881830802,21331.138102388944,27929.58076864052,11071.06330556814,23803.265934953983
2026-04-10 09:10:00+00:00,23669.417024397946,18174.669460860256,17878.484881830802,21331.138102388944,27937.57811980457,11071.06330556814,23811.282143086482
2026-04-10 09:15:00+00:00,23677.429105630108,18174.669460860256,17878.484881830802,21331.138102388944,27945.57888289664,11071.06330556814,23819.29422431864
2026-04-10 09:20:00+00:00,23685.43372462259,18174.669460860256,17878.484881830802,21331.138102388944,27953.58415593747,11071.06330556814,23827.29884331113
2026-04-10 09:25:00+00:00,23675.43372462259,18174.669460860256,17878.484881830802,21331.138102388944,27953.58415593747,11071.06330556814,23817.29884331113
2026-04-10 09:30:00+00:00,23683.430928205576,18182.66666444324,17878.484881830802,21339.13530597193,27961.573620303727,11071.06330556814,23825.296046894116
2026-04-10 09:35:00+00:00,23673.430928205576,18172.66666444324,17878.484881830802,21329.13530597193,27969.579647600156,11079.067256668908,23815.296046894116
2026-04-10 09:40:00+00:00,23681.437597384633,18180.673333622297,17878.484881830802,21337.141975150982,27977.578516205373,11079.067256668908,23823.30271607317
2026-04-10 09:45:00+00:00,23689.43523041997,18188.67096665763,17878.484881830802,21345.13960818632,27985.569818861994,11079.067256668908,23831.300349108504
2026-04-10 09:50:00+00:00,23697.447904319408,18188.67096665763,17878.484881830802,21345.13960818632,27993.560171332458,11079.067256668908,23839.313023007944
2026-04-10 09:55:00+00:00,23705.45810071814,18188.67096665763,17878.484881830802,21345.13960818632,27993.560171332458,11079.067256668908,23847.323219406673
2026-04-10 10:00:00+00:00,23713.473421580995,18188.67096665763,17878.484881830802,21345.13960818632,27993.560171332458,11079.067256668908,23855.338540269535
2026-04-10 10:05:00+00:00,23721.464863199442,18196.662408276075,17886.4798850939,21353.134611449415,28001.55093017684,11079.067256668908,23863.32998188798
2026-04-10 10:10:00+00:00,23729.47946464816,18196.662408276075,17886.4798850939,21353.134611449415,28009.54901476232,11079.067256668908,23871.344583336693
2026-04-10 10:15:00+00:00,23719.47946464816,18196.662408276075,17886.4798850939,21353.134611449415,28009.54901476232,11079.067256668908,23861.344583336693
2026-04-10 10:20:00+00:00,23727.483489566777,18204.666433194696,17886.4798850939,21361.138636368036,28017.55257563451,11079.067256668908,23869.348608255314
2026-04-10 10:25:00+00:00,23717.483489566777,18204.666433194696,17886.4798850939,21361.138636368036,28025.557164676688,11079.067256668908,23859.348608255314
2026-04-10 10:30:00+00:00,23725.488391690844,18204.666433194696,17886.4798850939,21361.138636368036,28033.561721844675,11079.067256668908,23867.35351037938
2026-04-10 10:35:00+00:00,23715.488391690844,18204.666433194696,17886.4798850939,21361.138636368036,28041.56500731244,11079.067256668908,23857.35351037938
2026-04-10 10:40:00+00:00,23723.493303308074,18204.666433194696,17886.4798850939,21361.138636368036,28049.566912062615,11079.067256668908,23865.358421996614
2026-04-10 10:45:00+00:00,23731.501861510842,18204.666433194696,17886.4798850939,21361.138636368036,28049.566912062615,11079.067256668908,23873.36698019938
2026-04-10 10:50:00+00:00,23739.501465023473,18212.666036707327,17894.477425340407,21369.136176614542,28057.558178011863,11079.067256668908,23881.366583712013
2026-04-10 10:55:00+00:00,23747.51137180879,18212.666036707327,17894.477425340407,21369.136176614542,28065.56089740739,11079.067256668908,23889.37649049732
2026-04-10 11:00:00+00:00,23755.506513578286,18220.661178476825,17902.455723646734,21377.11447492087,28073.540028086052,11079.067256668908,23897.371632266822
2026-04-10 11:05:00+00:00,23745.506513578286,18210.661178476825,17902.455723646734,21367.11447492087,28081.53214584341,11087.059374426262,23887.371632266822
2026-04-10 11:10:00+00:00,23735.506513578286,18210.661178476825,17902.455723646734,21367.11447492087,28089.53708121588,11095.060290673355,23877.371632266822
2026-04-10 11:15:00+00:00,23743.512128092254,18210.661178476825,17902.455723646734,21367.11447492087,28079.53708121588,11095.060290673355,23885.37724678079
2026-04-10 11:20:00+00:00,23751.51346540538,18210.661178476825,17902.455723646734,21367.11447492087,28087.54247016874,11095.060290673355,23893.378584093916
2026-04-10 11:25:00+00:00,23759.512328792076,18210.661178476825,17902.455723646734,21367.11447492087,28087.54247016874,11095.060290673355,23901.377447480612
2026-04-10 11:30:00+00:00,23767.500577676095,18210.661178476825,17902.455723646734,21367.11447492087,28095.53088288801,11095.060290673355,23909.36569636463
2026-04-10 11:35:00+00:00,23775.508797395538,18218.66939819627,17902.455723646734,21375.12269464031,28103.522455692135,11095.060290673355,23917.373916084078
2026-04-10 11:40:00+00:00,23783.51888650839,18226.67948730912,17902.455723646734,21383.132783753164,28111.528371599663,11095.060290673355,23925.384005196924
2026-04-10 11:45:00+00:00,23773.51888650839,18216.67948730912,17902.455723646734,21373.132783753164,28101.528371599663,11103.062784882048,23915.384005196924
2026-04-10 11:50:00+00:00,23781.523738499018,18216.67948730912,17902.455723646734,21373.132783753164,28109.533879177965,11103.062784882048,23923.38885718755
2026-04-10 11:55:00+00:00,23789.522719840843,18224.67846865095,17902.455723646734,21381.13176509499,28117.531049889734,11103.062784882048,23931.38783852938
2026-04-10 12:00:00+00:00,23797.532886212874,18224.67846865095,17902.455723646734,21381.13176509499,28125.535599458322,11103.062784882048,23939.398004901414
2026-04-10 12:05:00+00:00,23805.539743235277,18232.68532567335,17902.455723646734,21389.13862211739,28133.541461511362,11103.062784882048,23947.404861923813
2026-04-10 12:10:00+00:00,23813.541603603262,18240.691498828262,17902.455723646734,21397.140482485374,28141.538873527617,11103.062784882048,23955.406722291795
2026-04-10 12:15:00+00:00,23803.541603603262,18248.703643988294,17902.455723646734,21397.140482485374,28149.533022021606,11103.062784882048,23945.406722291795
2026-04-10 12:20:00+00:00,23793.541603603262,18238.703643988294,17892.455723646734,21387.140482485374,28139.533022021606,11111.060734594388,23935.406722291795
2026-04-10 12:25:00+00:00,23783.541603603262,18228.703643988294,17882.455723646734,21377.140482485374,28129.533022021606,11111.060734594388,23925.406722291795
2026-04-10 12:30:00+00:00,23791.474670604464,18228.703643988294,17890.383858835983,21385.068617674624,28137.47481353372,11111.060734594388,23933.339789293
2026-04-10 12:35:00+00:00,23799.46286494848,18228.703643988294,17898.33519521996,21393.0199540586,28145.456866739947,11111.060734594388,23941.32798363702
2026-04-10 12:40:00+00:00,23807.455132970776,18228.703643988294,17906.311854390842,21400.99661322948,28153.45889750122,11111.060734594388,23949.320251659316
2026-04-10 12:45:00+00:00,23797.455132970776,18218.703643988294,17906.311854390842,21390.99661322948,28161.464780720533,11101.060734594388,23939.320251659316
2026-04-10 12:50:00+00:00,23805.43837084214,18226.686881859656,17914.27896805772,21398.963726896356,28169.439334720515,11101.060734594388,23947.303489530677
2026-04-10 12:55:00+00:00,23813.43182249286,18226.686881859656,17914.27896805772,21398.963726896356,28177.43194031256,11101.060734594388,23955.296941181397
2026-04-10 13:00:00+00:00,23821.42811077088,18226.686881859656,17914.27896805772,21398.963726896356,28185.434690783015,11101.060734594388,23963.293229459414
2026-04-10 13:05:00+00:00,23829.4360464399,18226.686881859656,17914.27896805772,21398.963726896356,28193.43656913284,11101.060734594388,23971.301165128436
2026-04-10 13:10:00+00:00,23819.4360464399,18226.686881859656,17914.27896805772,21398.963726896356,28183.43656913284,11101.060734594388,23961.301165128436
2026-04-10 13:15:00+00:00,23809.4360464399,18216.686881859656,17914.27896805772,21388.963726896356,28173.43656913284,11101.060734594388,23951.301165128436
2026-04-10 13:20:00+00:00,23817.43694070498,18224.68777612474,17914.27896805772,21396.96462116144,28181.441954871396,11101.060734594388,23959.30205939352
2026-04-10 13:25:00+00:00,23825.43540835222,18224.68777612474,17914.27896805772,21396.96462116144,28189.448025654932,11101.060734594388,23967.300527040756
2026-04-10 13:30:00+00:00,23815.43540835222,18224.68777612474,17922.25098255836,21396.96462116144,28197.450373445336,11109.06308238479,23957.300527040756
2026-04-10 13:35:00+00:00,23823.284363174364,18232.64363536,17930.224744953375,21404.813575983586,28205.417644241676,11109.06308238479,23965.1494818629
2026-04-10 13:40:00+00:00,23831.288311704113,18232.64363536,17938.215187099697,21412.804018129907,28213.409848665513,11109.06308238479,23973.15343039265
2026-04-10 13:45:00+00:00,23839.26949292497,18232.64363536,17938.215187099697,21412.804018129907,28221.415853767627,11109.06308238479,23981.134611613506
2026-04-10 13:50:00+00:00,23847.233733191235,18232.64363536,17946.185543373664,21420.774374403874,28229.392768126912,11109.06308238479,23989.098851879768
2026-04-10 13:55:00+00:00,23855.23393110757,18232.64363536,17946.185543373664,21420.774374403874,28237.38395361417,11109.06308238479,23997.09904979611
2026-04-10 14:00:00+00:00,23863.244227683754,18232.64363536,17954.169827780628,21428.75865881084,28245.371806009764,11109.06308238479,24005.10934637229
2026-04-10 14:05:00+00:00,23871.23341624842,18232.64363536,17962.146636202928,21436.735467233142,28253.374319453073,11109.06308238479,24013.098534936955
2026-04-10 14:10:00+00:00,23879.23650679233,18232.64363536,17970.024366046302,21444.613197076513,28261.348477916516,11117.068225928544,24021.101625480864
2026-04-10 14:15:00+00:00,23887.205253432476,18232.64363536,17977.992165808308,21452.58099683852,28269.352080525114,11107.068225928544,24029.070372121012
2026-04-10 14:20:00+00:00,23895.13525769439,18240.573639621914,17985.93503509769,21460.5238661279,28277.29084606043,11107.068225928544,24037.00037638293
2026-04-10 14:25:00+00:00,23903.11659694321,18240.573639621914,17993.90474952502,21468.49358055523,28285.255542900897,11107.068225928544,24044.98171563175
2026-04-10 14:30:00+00:00,23911.10090787326,18240.573639621914,17993.90474952502,21468.49358055523,28293.251804074804,11107.068225928544,24052.966026561793
2026-04-10 14:35:00+00:00,23919.108821737616,18240.573639621914,17993.90474952502,21468.49358055523,28301.246678769177,11115.069073371284,24060.973940426156
2026-04-10 14:40:00+00:00,23927.064516734194,18240.573639621914,18001.79240790703,21476.38123893724,28309.253821798367,11115.069073371284,24068.929635422726
2026-04-10 14:45:00+00:00,23917.064516734194,18240.573639621914,18001.79240790703,21476.38123893724,28299.253821798367,11115.069073371284,24058.929635422726
2026-04-10 14:50:00+00:00,23925.017668005657,18248.526790893382,18009.702362082073,21484.29119311228,28307.190916517862,11115.069073371284,24066.882786694194
2026-04-10 14:55:00+00:00,23933.02850150066,18248.526790893382,18009.702362082073,21484.29119311228,28315.191157248693,11123.069314102117,24074.8936201892
2026-04-10 15:00:00+00:00,23923.02850150066,18248.526790893382,17999.702362082073,21474.29119311228,28305.191157248693,11123.069314102117,24064.8936201892
2026-04-10 15:05:00+00:00,23931.034611591524,18248.526790893382,17999.702362082073,21474.29119311228,28313.197865931437,11131.075914260073,24072.89973028006
2026-04-10 15:10:00+00:00,23939.037932578016,18248.526790893382,17999.702362082073,21474.29119311228,28321.201186917926,11139.079235246563,24080.90305126655
2026-04-10 15:15:00+00:00,23947.03563023979,18256.52448855516,18007.69595626152,21482.28478729173,28329.188078993342,11139.079235246563,24088.900748928325
2026-04-10 15:20:00+00:00,23955.049085532748,18256.52448855516,18007.69595626152,21482.28478729173,28337.187310124395,11147.084764138555,24096.914204221284
2026-04-10 15:25:00+00:00,23962.929606244747,18264.405009267153,18015.53871814412,21490.12754917433,28345.048152913336,11147.084764138555,24104.794724933283
2026-04-10 15:30:00+00:00,23970.927851503133,18264.405009267153,18023.515829106218,21498.10466013643,28353.033350914855,11147.084764138555,24112.792970191673
2026-04-10 15:35:00+00:00,23978.939641444467,18264.405009267153,18023.515829106218,21498.10466013643,28343.033350914855,11147.084764138555,24120.804760133004
2026-04-10 15:40:00+00:00,23986.922960745775,18264.405009267153,18031.488156849355,21506.076987879565,28351.01678584932,11147.084764138555,24128.788079434307
2026-04-10 15:55:00+00:00,23994.881988703408,18272.36403722479,18039.39453378669,21513.9833648169,28358.940394047288,11147.084764138555,24136.747107391944
2026-04-10 16:00:00+00:00,23984.881988703408,18262.36403722479,18039.39453378669,21503.9833648169,28366.942504879968,11155.086874971234,24126.747107391944
2026-04-10 16:05:00+00:00,23992.890640403366,18262.36403722479,18039.39453378669,21503.9833648169,28374.946673425336,11163.092580851915,24134.755759091902
2026-04-10 16:10:00+00:00,24000.87993136759,18270.353328189016,18047.388282078526,21511.977113108733,28382.938988923754,11163.092580851915,24142.745050056128
2026-04-10 16:15:00+00:00,24008.882667159785,18278.356063981206,18047.388282078526,21519.979848900926,28390.936768771597,11163.092580851915,24150.747785848318
2026-04-10 16:20:00+00:00,23998.882667159785,18268.356063981206,18037.388282078526,21509.979848900926,28380.936768771597,11163.092580851915,24140.747785848318
2026-04-10 16:25:00+00:00,23988.882667159785,18258.356063981206,18027.388282078526,21499.979848900926,28370.936768771597,11163.092580851915,24130.747785848318
2026-04-10 16:30:00+00:00,23978.882667159785,18258.356063981206,18017.388282078526,21489.979848900926,28360.936768771597,11163.092580851915,24120.747785848318
2026-04-10 16:35:00+00:00,23986.881199061536,18258.356063981206,18017.388282078526,21489.979848900926,28368.925477078206,11163.092580851915,24128.746317750076
2026-04-10 16:40:00+00:00,23976.881199061536,18258.356063981206,18007.388282078526,21479.979848900926,28358.925477078206,11163.092580851915,24118.746317750076
2026-04-10 16:45:00+00:00,23984.8878373552,18258.356063981206,18007.388282078526,21479.979848900926,28366.926706812785,11163.092580851915,24126.752956043736
2026-04-10 16:50:00+00:00,23992.87268273109,18266.340909357095,18015.35447806316,21487.94604488556,28374.903357556686,11163.092580851915,24134.737801419626
2026-04-10 16:55:00+00:00,24000.870392296012,18266.340909357095,18015.35447806316,21487.94604488556,28382.900967021065,11163.092580851915,24142.735510984552
2026-04-10 17:00:00+00:00,24008.854146714428,18266.340909357095,18023.335197246604,21495.92676406901,28390.889605062785,11163.092580851915,24150.719265402964
2026-04-10 17:05:00+00:00,23998.854146714428,18266.340909357095,18023.335197246604,21495.92676406901,28398.89250094279,11171.095476731922,24140.719265402964
2026-04-10 17:10:00+00:00,23988.854146714428,18266.340909357095,18023.335197246604,21495.92676406901,28406.89090284462,11171.095476731922,24130.719265402964
2026-04-10 17:15:00+00:00,23996.86855960083,18266.340909357095,18023.335197246604,21495.92676406901,28414.892655078038,11179.100948739764,24138.73367828937
2026-04-10 17:20:00+00:00,23986.86855960083,18256.340909357095,18023.335197246604,21485.92676406901,28404.892655078038,11187.103986855034,24128.73367828937
2026-04-10 17:25:00+00:00,23994.859816429474,18264.33216618574,18023.335197246604,21493.918020897647,28412.886408462335,11187.103986855034,24136.724935118007
2026-04-10 17:30:00+00:00,24002.859398903627,18272.331792260884,18023.335197246604,21501.917603371803,28420.880113002797,11187.103986855034,24144.724517592163
2026-04-10 17:35:00+00:00,23992.859398903627,18272.331792260884,18023.335197246604,21501.917603371803,28410.880113002797,11187.103986855034,24134.724517592163
2026-04-10 17:40:00+00:00,23982.859398903627,18262.331792260884,18023.335197246604,21491.917603371803,28418.879706464304,11187.103986855034,24124.724517592163
2026-04-10 17:45:00+00:00,23990.85988250465,18262.331792260884,18023.335197246604,21491.917603371803,28426.8678426544,11187.103986855034,24132.725001193183
2026-04-10 17:50:00+00:00,23998.835383028043,18270.307292784277,18031.294061301604,21499.876467426802,28434.84259528711,11187.103986855034,24140.70050171658
2026-04-10 17:55:00+00:00,23998.835383028043,18270.307292784277,18031.294061301604,21499.876467426802,28434.84259528711,11187.103986855034,24140.70050171658
2026-04-10 18:00:00+00:00,24006.83611997853,18270.307292784277,18039.27961645301,21507.862022578207,28442.831580441412,11195.108786882156,24148.70123866706
2026-04-10 18:05:00+00:00,24014.837132919452,18278.3083057252,18039.27961645301,21515.863035519134,28450.834212892638,11195.108786882156,24156.70225160799
2026-04-10 18:10:00+00:00,24022.844113237392,18278.3083057252,18039.27961645301,21515.863035519134,28458.83336908712,11195.108786882156,24164.70923192593
2026-04-10 18:15:00+00:00,24030.854088523032,18278.3083057252,18039.27961645301,21515.863035519134,28466.836480476213,11195.108786882156,24172.71920721157
2026-04-10 18:20:00+00:00,24020.854088523032,18278.3083057252,18039.27961645301,21515.863035519134,28456.836480476213,11195.108786882156,24162.71920721157
2026-04-10 18:25:00+00:00,24028.86762245182,18278.3083057252,18039.27961645301,21515.863035519134,28446.836480476213,11195.108786882156,24170.73274114036
2026-04-10 18:30:00+00:00,24018.86762245182,18278.3083057252,18039.27961645301,21515.863035519134,28436.836480476213,11203.112033526257,24160.73274114036
2026-04-10 18:35:00+00:00,24008.86762245182,18268.3083057252,18039.27961645301,21505.863035519134,28444.829841681443,11203.112033526257,24150.73274114036
2026-04-10 18:40:00+00:00,23998.86762245182,18268.3083057252,18039.27961645301,21505.863035519134,28434.829841681443,11203.112033526257,24140.73274114036
2026-04-10 18:45:00+00:00,24006.87259646332,18276.3132797367,18039.27961645301,21513.868009530634,28434.829841681443,11203.112033526257,24148.73771515186
2026-04-10 18:50:00+00:00,24014.886743536386,18284.327426809767,18039.27961645301,21521.882156603697,28442.83660923713,11203.112033526257,24156.751862224923
2026-04-10 18:55:00+00:00,24022.89271712811,18292.33340040149,18039.27961645301,21529.888130195417,28450.83255117661,11203.112033526257,24164.757835816643
2026-04-10 19:00:00+00:00,24030.902837727524,18300.343521000905,18039.27961645301,21537.89825079483,28458.832778476677,11203.112033526257,24172.767956416057
2026-04-10 19:05:00+00:00,24020.902837727524,18290.343521000905,18039.27961645301,21527.89825079483,28466.822719283315,11203.112033526257,24162.767956416057
2026-04-10 19:10:00+00:00,24028.87921594663,18298.31989922001,18047.22738702453,21535.846021366353,28474.777263423694,11203.112033526257,24170.744334635165
2026-04-10 19:15:00+00:00,24036.889417842463,18298.31989922001,18047.22738702453,21535.846021366353,28482.783558364714,11203.112033526257,24178.754536531
2026-04-10 19:20:00+00:00,24044.865877256096,18306.29635863364,18055.173760726004,21543.792395067827,28490.75446440332,11203.112033526257,24186.730995944632
2026-04-10 19:25:00+00:00,24052.870617597953,18306.29635863364,18055.173760726004,21543.792395067827,28498.758307837667,11203.112033526257,24194.73573628649
2026-04-10 19:30:00+00:00,24042.870617597953,18296.29635863364,18055.173760726004,21533.792395067827,28488.758307837667,11203.112033526257,24184.73573628649
2026-04-10 19:35:00+00:00,24050.87348052099,18304.299221556677,18055.173760726004,21541.795257990863,28496.760184932897,11203.112033526257,24192.738599209526
2026-04-10 19:40:00+00:00,24058.881562414565,18304.299221556677,18055.173760726004,21541.795257990863,28504.76429825602,11203.112033526257,24200.7466811031
2026-04-10 19:45:00+00:00,24048.881562414565,18304.299221556677,18055.173760726004,21541.795257990863,28512.768933254425,11211.11671288003,24190.7466811031
2026-04-10 19:50:00+00:00,24056.87154878994,18312.28920793205,18063.16207518489,21549.78357244975,28520.753273282517,11211.11671288003,24198.73666747848
2026-04-10 19:55:00+00:00,24064.87695395585,18312.28920793205,18063.16207518489,21549.78357244975,28528.754631280925,11211.11671288003,24206.74207264439
2026-04-10 20:00:00+00:00,24072.88563946364,18312.28920793205,18063.16207518489,21549.78357244975,28518.754631280925,11211.11671288003,24214.75075815218
2026-04-10 20:05:00+00:00,24080.896127658216,18320.29969612663,18071.128970494872,21557.75046775973,28526.742922562775,11211.11671288003,24222.761246346752
2026-04-10 20:10:00+00:00,24088.88880150427,18320.29969612663,18071.128970494872,21557.75046775973,28534.735435297054,11211.11671288003,24230.753920192805
2026-04-10 20:15:00+00:00,24078.88880150427,18320.29969612663,18071.128970494872,21557.75046775973,28542.741926007464,11219.11793782857,24220.753920192805
2026-04-10 20:20:00+00:00,24086.89180023233,18320.29969612663,18079.09951897573,21565.72101624059,28550.74281843067,11219.11793782857,24228.756918920866
2026-04-10 20:25:00+00:00,24094.888196789558,18320.29969612663,18079.09951897573,21565.72101624059,28558.744358563166,11219.11793782857,24236.753315478098
2026-04-10 20:30:00+00:00,24084.888196789558,18320.29969612663,18079.09951897573,21565.72101624059,28566.748189044774,11227.12176831018,24226.753315478098
2026-04-10 20:35:00+00:00,24092.864567336124,18328.276066673196,18087.043120862338,21573.664618127197,28574.71478049437,11227.12176831018,24234.729686024664
2026-04-10 20:40:00+00:00,24100.869254658297,18328.276066673196,18087.043120862338,21573.664618127197,28582.715141429373,11227.12176831018,24242.73437334683
2026-04-10 20:45:00+00:00,24090.869254658297,18318.276066673196,18087.043120862338,21563.664618127197,28572.715141429373,11227.12176831018,24232.73437334683
2026-04-10 20:50:00+00:00,24080.869254658297,18318.276066673196,18087.043120862338,21563.664618127197,28580.71487855666,11227.12176831018,24222.73437334683
2026-04-10 20:55:00+00:00,24088.84810909632,18318.276066673196,18095.03358194876,21571.65507921362,28588.69916503527,11227.12176831018,24230.713227784858
2026-04-10 21:00:00+00:00,24096.843476136743,18326.271433713617,18095.03358194876,21579.65044625404,28596.698982455404,11227.12176831018,24238.70859482528
2026-04-10 21:05:00+00:00,24104.81888684279,18334.246844419664,18102.976945079223,21587.593809384503,28604.6481893758,11227.12176831018,24246.684005531322
2026-04-10 21:10:00+00:00,24112.82720429442,18342.255161871293,18110.959438880243,21595.576303185524,28612.64599702504,11227.12176831018,24254.692322982955
2026-04-10 21:15:00+00:00,24112.82720429442,18342.255161871293,18110.959438880243,21595.576303185524,28612.64599702504,11227.12176831018,24254.692322982955
2026-04-10 21:20:00+00:00,24120.838343714495,18342.255161871293,18110.959438880243,21595.576303185524,28620.645086292687,11235.125077323431,24262.703462403028
2026-04-10 21:25:00+00:00,24128.841429282213,18350.258247439015,18110.959438880243,21603.57938875325,28628.648924230856,11235.125077323431,24270.706547970753
2026-04-10 21:30:00+00:00,24136.846571438,18358.263389594802,18110.959438880243,21611.584530909033,28636.648021049135,11235.125077323431,24278.711690126536
2026-04-10 21:35:00+00:00,24144.847526943402,18366.2643451002,18110.959438880243,21619.585486414435,28644.64735388027,11235.125077323431,24286.71264563194
2026-04-10 21:40:00+00:00,24134.847526943402,18356.2643451002,18110.959438880243,21609.585486414435,28634.64735388027,11235.125077323431,24276.71264563194
2026-04-10 21:45:00+00:00,24142.86327205917,18356.2643451002,18110.959438880243,21609.585486414435,28642.651268233894,11235.125077323431,24284.728390747703
2026-04-10 21:50:00+00:00,24150.858158549912,18356.2643451002,18110.959438880243,21609.585486414435,28650.65199750682,11235.125077323431,24292.723277238445
2026-04-10 21:55:00+00:00,24158.87169790963,18356.2643451002,18110.959438880243,21609.585486414435,28658.658302744225,11235.125077323431,24300.736816598168
2026-04-10 22:00:00+00:00,24148.87169790963,18356.2643451002,18110.959438880243,21609.585486414435,28648.658302744225,11235.125077323431,24290.736816598168
2026-04-10 22:05:00+00:00,24138.87169790963,18346.2643451002,18110.959438880243,21599.585486414435,28656.663303847283,11243.12976653666,24280.736816598168
2026-04-10 22:10:00+00:00,24128.87169790963,18346.2643451002,18110.959438880243,21599.585486414435,28656.663303847283,11243.12976653666,24270.736816598168
2026-04-10 22:15:00+00:00,24136.882655472138,18346.2643451002,18110.959438880243,21599.585486414435,28664.66819260243,11243.12976653666,24278.747774160678
2026-04-10 22:20:00+00:00,24144.89314433596,18346.2643451002,18110.959438880243,21599.585486414435,28672.674588855498,11243.12976653666,24286.758263024494
2026-04-10 22:25:00+00:00,24152.906218888773,18346.2643451002,18110.959438880243,21599.585486414435,28672.674588855498,11243.12976653666,24294.77133757731
2026-04-10 22:30:00+00:00,24160.920042869293,18354.278169080724,18110.959438880243,21607.59931039496,28680.680149270742,11243.12976653666,24302.785161557833
2026-04-10 22:35:00+00:00,24168.931757451384,18354.278169080724,18110.959438880243,21607.59931039496,28688.68686540554,11243.12976653666,24310.79687613992
2026-04-10 22:40:00+00:00,24176.918883825354,18354.278169080724,18118.94229795541,21615.582169470123,28696.67342146667,11243.12976653666,24318.784002513887
2026-04-10 22:45:00+00:00,24184.93227070907,18354.278169080724,18118.94229795541,21615.582169470123,28696.67342146667,11243.12976653666,24326.79738939761
2026-04-10 22:50:00+00:00,24192.931883864003,18362.27778223566,18118.94229795541,21623.581782625057,28704.679112318106,11243.12976653666,24334.79700255254
2026-04-10 22:55:00+00:00,24182.931883864003,18352.27778223566,18118.94229795541,21613.581782625057,28704.679112318106,11243.12976653666,24324.79700255254
2026-04-10 23:00:00+00:00,24190.917548999554,18360.26344737121,18126.924307619083,21621.56379228873,28712.66169560925,11243.12976653666,24332.78266768809
2026-04-10 23:05:00+00:00,24198.929785447137,18360.26344737121,18126.924307619083,21621.56379228873,28720.667344578877,11243.12976653666,24340.79490413567
2026-04-10 23:10:00+00:00,24188.929785447137,18350.26344737121,18126.924307619083,21611.56379228873,28710.667344578877,11243.12976653666,24330.79490413567
2026-04-10 23:15:00+00:00,24196.939466482298,18358.27312840637,18126.924307619083,21619.57347332389,28718.674660747354,11243.12976653666,24338.80458517083
2026-04-10 23:20:00+00:00,24196.939466482298,18366.26171659716,18134.90597305076,21627.555138755568,28726.660157087998,11243.12976653666,24346.793173361628
2026-04-10 23:25:00+00:00,24204.94091213798,18374.263162252846,18134.90597305076,21635.55658441125,28734.660026765316,11243.12976653666,24354.79461901731
2026-04-10 23:30:00+00:00,24194.94091213798,18374.263162252846,18134.90597305076,21635.55658441125,28724.660026765316,11243.12976653666,24344.79461901731
2026-04-10 23:35:00+00:00,24202.945766913894,18374.263162252846,18134.90597305076,21635.55658441125,28732.66492729321,11243.12976653666,24352.799473793224
2026-04-10 23:40:00+00:00,24192.945766913894,18374.263162252846,18134.90597305076,21635.55658441125,28732.66492729321,11243.12976653666,24342.799473793224
2026-04-10 23:45:00+00:00,24200.94891269471,18382.266308033657,18134.90597305076,21643.55973019206,28740.66665905323,11243.12976653666,24350.80261957404
2026-04-10 23:50:00+00:00,24208.961972725047,18390.279368064,18134.90597305076,21651.572790222403,28740.66665905323,11243.12976653666,24358.815679604377
2026-04-10 23:55:00+00:00,24216.956599315534,18390.279368064,18134.90597305076,21651.572790222403,28748.659052051793,11243.12976653666,24366.810306194864
2026-04-11 00:00:00+00:00,24224.952700524616,18390.279368064,18142.901016581105,21659.56783375275,28756.649999314104,11243.12976653666,24374.806407403947
2026-04-11 00:05:00+00:00,24232.961974017224,18398.288641556606,18142.901016581105,21667.577107245357,28764.656809842625,11243.12976653666,24382.815680896554
2026-04-11 00:10:00+00:00,24240.973593998566,18406.30102716729,18142.901016581105,21675.5887272267,28772.65914809522,11243.12976653666,24390.827300877896
2026-04-11 00:15:00+00:00,24248.987508767867,18406.30102716729,18142.901016581105,21675.5887272267,28772.65914809522,11243.12976653666,24398.841215647197
2026-04-11 00:20:00+00:00,24238.987508767867,18406.30102716729,18142.901016581105,21675.5887272267,28762.65914809522,11251.127512363597,24388.841215647197
2026-04-11 01:10:00+00:00,24246.98813249872,18414.307376300832,18142.901016581105,21683.589350957547,28770.658144595876,11251.127512363597,24396.84183937805
2026-04-11 01:15:00+00:00,24254.961555207607,18422.28079900972,18150.861890040967,21691.55022441741,28778.624486773213,11251.127512363597,24404.815262086937
2026-04-11 01:20:00+00:00,24244.961555207607,18422.28079900972,18150.861890040967,21691.55022441741,28778.624486773213,11251.127512363597,24394.815262086937
2026-04-11 01:25:00+00:00,24252.9780721349,18422.28079900972,18150.861890040967,21691.55022441741,28786.628797266625,11251.127512363597,24402.831779014232
2026-04-11 01:30:00+00:00,24260.97514021831,18430.277867093126,18158.842686463915,21699.53102084036,28794.607853818507,11251.127512363597,24410.82884709764
2026-04-11 01:35:00+00:00,24268.975474804436,18430.277867093126,18158.842686463915,21699.53102084036,28802.598330818037,11251.127512363597,24418.829181683766
2026-04-11 01:40:00+00:00,24258.975474804436,18420.277867093126,18158.842686463915,21689.53102084036,28802.598330818037,11251.127512363597,24408.829181683766
2026-04-11 01:45:00+00:00,24266.97168281344,18428.274075102134,18158.842686463915,21697.527228849365,28810.595170538938,11251.127512363597,24416.82538969277
2026-04-11 01:50:00+00:00,24274.987939484716,18428.274075102134,18158.842686463915,21697.527228849365,28818.598762462632,11251.127512363597,24424.841646364046
2026-04-11 01:55:00+00:00,24264.987939484716,18428.274075102134,18158.842686463915,21697.527228849365,28808.598762462632,11251.127512363597,24414.841646364046
2026-04-11 02:00:00+00:00,24272.99374342431,18436.27987904173,18158.842686463915,21705.53303278896,28816.599900165707,11251.127512363597,24422.84745030364
2026-04-11 02:05:00+00:00,24262.99374342431,18436.27987904173,18158.842686463915,21705.53303278896,28806.599900165707,11251.127512363597,24412.84745030364
2026-04-11 02:10:00+00:00,24271.001136024355,18444.28727164177,18158.842686463915,21713.540425389005,28814.606275098224,11251.127512363597,24420.854842903685
2026-04-11 02:15:00+00:00,24279.00764782665,18444.28727164177,18158.842686463915,21713.540425389005,28822.612500761938,11251.127512363597,24428.86135470598
2026-04-11 02:20:00+00:00,24287.01185646949,18444.28727164177,18158.842686463915,21713.540425389005,28830.61764744011,11251.127512363597,24436.86556334882
2026-04-11 02:25:00+00:00,24295.02435135292,18444.28727164177,18158.842686463915,21713.540425389005,28838.624687990567,11251.127512363597,24444.87805823225
2026-04-11 02:30:00+00:00,24295.02435135292,18444.28727164177,18166.83462851816,21713.540425389005,28846.620792538946,11251.127512363597,24452.8700002865
2026-04-11 02:35:00+00:00,24303.030913694914,18444.28727164177,18166.83462851816,21713.540425389005,28846.620792538946,11251.127512363597,24460.87656262849
2026-04-11 02:40:00+00:00,24311.042646690494,18444.28727164177,18166.83462851816,21713.540425389005,28854.6266584336,11251.127512363597,24468.88829562407
2026-04-11 02:45:00+00:00,24319.046739595215,18452.295840981526,18166.83462851816,21721.544518293726,28862.62932585803,11251.127512363597,24476.89238852879
2026-04-11 02:50:00+00:00,24309.046739595215,18442.295840981526,18166.83462851816,21711.544518293726,28862.62932585803,11251.127512363597,24466.89238852879
2026-04-11 02:55:00+00:00,24317.05276466305,18450.307003161644,18166.83462851816,21719.55054336156,28862.62932585803,11251.127512363597,24474.89841359663
2026-04-11 03:00:00+00:00,24317.05276466305,18458.315540873453,18166.83462851816,21719.55054336156,28870.635681048898,11251.127512363597,24482.90695130844
2026-04-11 03:05:00+00:00,24325.06650423181,18458.315540873453,18166.83462851816,21719.55054336156,28870.635681048898,11251.127512363597,24490.920690877196
2026-04-11 03:10:00+00:00,24333.070964696628,18458.315540873453,18166.83462851816,21719.55054336156,28878.630720372235,11251.127512363597,24498.925151342013
2026-04-11 03:15:00+00:00,24333.070964696628,18458.315540873453,18166.83462851816,21719.55054336156,28878.630720372235,11251.127512363597,24498.925151342013
2026-04-11 03:20:00+00:00,24341.052833601578,18458.315540873453,18166.83462851816,21719.55054336156,28878.630720372235,11251.127512363597,24506.907020246963
2026-04-11 03:25:00+00:00,24331.052833601578,18448.315540873453,18166.83462851816,21709.55054336156,28878.630720372235,11251.127512363597,24496.907020246963
2026-04-11 03:30:00+00:00,24321.052833601578,18448.315540873453,18166.83462851816,21709.55054336156,28886.616282726423,11251.127512363597,24486.907020246963
2026-04-11 03:35:00+00:00,24329.06377067973,18448.315540873453,18166.83462851816,21709.55054336156,28886.616282726423,11251.127512363597,24494.917957325117
2026-04-11 03:40:00+00:00,24337.06512267296,18448.315540873453,18166.83462851816,21709.55054336156,28894.61842874226,11251.127512363597,24502.91930931835
2026-04-11 03:45:00+00:00,24337.06512267296,18438.315540873453,18166.83462851816,21709.55054336156,28894.61842874226,11251.127512363597,24492.91930931835
2026-04-11 03:50:00+00:00,24345.058426310974,18438.315540873453,18166.83462851816,21709.55054336156,28902.62128061279,11251.127512363597,24500.91261295636
2026-04-11 03:55:00+00:00,24353.05536050057,18438.315540873453,18174.82146062115,21717.53737546455,28910.6162092143,11251.127512363597,24508.90954714596
2026-04-11 04:00:00+00:00,24361.061669393333,18438.315540873453,18174.82146062115,21717.53737546455,28918.616654110727,11251.127512363597,24516.915856038722
2026-04-11 04:05:00+00:00,24369.05710444827,18446.31097592839,18182.79831779,21725.5142326334,28926.598681464147,11251.127512363597,24524.911291093656
2026-04-11 04:10:00+00:00,24359.05710444827,18436.31097592839,18182.79831779,21715.5142326334,28934.600961100645,11251.127512363597,24514.911291093656
2026-04-11 04:15:00+00:00,24367.042298104996,18444.296169585115,18190.794103105316,21723.510017948716,28942.599086807502,11251.127512363597,24522.89648475038
2026-04-11 04:20:00+00:00,24357.042298104996,18444.296169585115,18190.794103105316,21723.510017948716,28942.599086807502,11251.127512363597,24512.89648475038
2026-04-11 04:25:00+00:00,24365.033156567883,18444.296169585115,18190.794103105316,21723.510017948716,28942.599086807502,11251.127512363597,24520.887343213268
2026-04-11 04:30:00+00:00,24373.02011806333,18444.296169585115,18198.7810063789,21731.4969212223,28950.592004438557,11251.127512363597,24528.87430470872
2026-04-11 04:35:00+00:00,24381.036524264116,18444.296169585115,18198.7810063789,21731.4969212223,28950.592004438557,11251.127512363597,24536.8907109095
2026-04-11 04:40:00+00:00,24371.036524264116,18434.296169585115,18198.7810063789,21721.4969212223,28950.592004438557,11251.127512363597,24526.8907109095
2026-04-11 04:45:00+00:00,24379.05144290431,18424.296169585115,18198.7810063789,21721.4969212223,28958.595118023135,11251.127512363597,24534.905629549696
2026-04-11 04:50:00+00:00,24387.061552193147,18424.296169585115,18198.7810063789,21721.4969212223,28966.60099734923,11251.127512363597,24542.915738838532
2026-04-11 04:55:00+00:00,24387.061552193147,18432.31236601967,18198.7810063789,21721.4969212223,28966.60099734923,11251.127512363597,24550.931935273085
2026-04-11 05:00:00+00:00,24377.061552193147,18432.31236601967,18198.7810063789,21721.4969212223,28966.60099734923,11251.127512363597,24540.931935273085
2026-04-11 05:05:00+00:00,24367.061552193147,18432.31236601967,18198.7810063789,21721.4969212223,28966.60099734923,11251.127512363597,24530.931935273085
2026-04-11 05:10:00+00:00,24375.073424567665,18440.324238394187,18198.7810063789,21729.50879359682,28974.604238445772,11251.127512363597,24538.943807647604
2026-04-11 05:15:00+00:00,24383.085232872334,18440.324238394187,18198.7810063789,21729.50879359682,28982.607915958193,11259.127733011943,24546.955615952276
2026-04-11 05:20:00+00:00,24391.071586348604,18448.31059187046,18206.76110856877,21737.48889578669,28990.59200930454,11259.127733011943,24554.941969428546
2026-04-11 05:25:00+00:00,24399.086926747714,18448.31059187046,18206.76110856877,21737.48889578669,28998.586130154912,11259.127733011943,24562.957309827652
2026-04-11 05:30:00+00:00,24389.086926747714,18448.31059187046,18206.76110856877,21737.48889578669,28988.586130154912,11259.127733011943,24552.957309827652
2026-04-11 05:35:00+00:00,24397.09566093009,18456.319326052835,18206.76110856877,21745.497629969064,28988.586130154912,11259.127733011943,24560.966044010027
2026-04-11 05:40:00+00:00,24387.09566093009,18456.319326052835,18206.76110856877,21745.497629969064,28988.586130154912,11259.127733011943,24550.966044010027
2026-04-11 05:45:00+00:00,24395.099986152152,18464.3236512749,18206.76110856877,21753.50195519113,28996.59204871079,11259.127733011943,24558.97036923209
2026-04-11 05:50:00+00:00,24403.109889782463,18464.3236512749,18206.76110856877,21753.50195519113,29004.598194850823,11259.127733011943,24566.9802728624
2026-04-11 05:55:00+00:00,24411.105460551902,18472.319222044338,18206.76110856877,21761.49752596057,29012.591626066063,11259.127733011943,24574.975843631844
2026-04-11 06:00:00+00:00,24419.109613820518,18480.323375312953,18214.743242953056,21769.479660344856,29020.581629428347,11259.127733011943,24582.97999690046
2026-04-11 06:05:00+00:00,24427.11013352006,18488.323895012494,18214.743242953056,21777.480180044393,29028.580480776633,11259.127733011943,24590.980516599997
2026-04-11 06:10:00+00:00,24417.11013352006,18478.323895012494,18214.743242953056,21767.480180044393,29018.580480776633,11259.127733011943,24580.980516599997
2026-04-11 06:15:00+00:00,24425.123467281213,18478.323895012494,18214.743242953056,21767.480180044393,29026.58547506205,11259.127733011943,24588.993850361156
2026-04-11 06:20:00+00:00,24415.123467281213,18468.323895012494,18214.743242953056,21757.480180044393,29026.58547506205,11259.127733011943,24578.993850361156
2026-04-11 06:25:00+00:00,24423.135711637937,18468.323895012494,18214.743242953056,21757.480180044393,29026.58547506205,11259.127733011943,24587.006094717875
2026-04-11 06:30:00+00:00,24413.135711637937,18458.323895012494,18214.743242953056,21747.480180044393,29016.58547506205,11259.127733011943,24577.006094717875
2026-04-11 06:35:00+00:00,24421.138278562234,18466.331408509926,18214.743242953056,21755.482746968693,29024.591986594838,11259.127733011943,24585.008661642176
2026-04-11 06:40:00+00:00,24411.138278562234,18466.331408509926,18214.743242953056,21755.482746968693,29024.591986594838,11259.127733011943,24575.008661642176
2026-04-11 06:45:00+00:00,24401.138278562234,18466.331408509926,18214.743242953056,21755.482746968693,29024.591986594838,11259.127733011943,24565.008661642176
2026-04-11 06:50:00+00:00,24409.1422238437,18466.331408509926,18214.743242953056,21755.482746968693,29032.59506369755,11259.127733011943,24573.01260692364
2026-04-11 06:55:00+00:00,24417.149385528177,18466.331408509926,18214.743242953056,21755.482746968693,29032.59506369755,11259.127733011943,24581.019768608116
2026-04-11 07:00:00+00:00,24407.149385528177,18466.331408509926,18214.743242953056,21755.482746968693,29032.59506369755,11259.127733011943,24571.019768608116
2026-04-11 07:05:00+00:00,24415.16091408096,18466.331408509926,18214.743242953056,21755.482746968693,29032.59506369755,11259.127733011943,24579.031297160902
2026-04-11 07:10:00+00:00,24405.16091408096,18456.331408509926,18214.743242953056,21745.482746968693,29032.59506369755,11259.127733011943,24569.031297160902
2026-04-11 07:15:00+00:00,24405.16091408096,18456.331408509926,18214.743242953056,21745.482746968693,29032.59506369755,11259.127733011943,24569.031297160902
2026-04-11 07:20:00+00:00,24413.170277351124,18464.340771780095,18214.743242953056,21753.492110238854,29040.591146425937,11259.127733011943,24577.040660431063
2026-04-11 07:25:00+00:00,24421.186145093005,18464.340771780095,18214.743242953056,21753.492110238854,29048.588294660236,11259.127733011943,24585.056528172943
2026-04-11 07:30:00+00:00,24411.186145093005,18454.340771780095,18214.743242953056,21743.492110238854,29048.588294660236,11259.127733011943,24575.056528172943
2026-04-11 07:35:00+00:00,24419.19230282038,18462.353448204012,18214.743242953056,21751.498267966228,29056.59445238761,11259.127733011943,24583.062685900317
2026-04-11 07:40:00+00:00,24427.205709054553,18470.366854438187,18214.743242953056,21759.511674200403,29064.60059468519,11259.127733011943,24591.07609213449
2026-04-11 07:45:00+00:00,24435.21900782708,18470.366854438187,18214.743242953056,21759.511674200403,29072.595792629752,11259.127733011943,24599.08939090702
2026-04-11 07:50:00+00:00,24443.23162468261,18470.366854438187,18214.743242953056,21759.511674200403,29080.597197247684,11259.127733011943,24607.10200776255
2026-04-11 07:55:00+00:00,24451.207204959697,18478.37752018263,18214.743242953056,21767.48725447749,29080.597197247684,11259.127733011943,24615.07758803964
2026-04-11 08:00:00+00:00,24459.21421775138,18486.384532974313,18214.743242953056,21775.494267269176,29088.60316453982,11259.127733011943,24623.084600831324
2026-04-11 08:05:00+00:00,24467.21865302407,18486.384532974313,18214.743242953056,21775.494267269176,29088.60316453982,11259.127733011943,24631.089036104007
2026-04-11 08:10:00+00:00,24467.21865302407,18494.385745624902,18214.743242953056,21775.494267269176,29096.602774839903,11259.127733011943,24639.0902487546
2026-04-11 08:15:00+00:00,24475.235066584122,18502.40215918496,18214.743242953056,21783.510680829233,29096.602774839903,11259.127733011943,24647.106662314654
2026-04-11 08:20:00+00:00,24465.235066584122,18492.40215918496,18214.743242953056,21773.510680829233,29086.602774839903,11259.127733011943,24637.106662314654
2026-04-11 08:25:00+00:00,24473.23042412891,18492.40215918496,18214.743242953056,21773.510680829233,29086.602774839903,11259.127733011943,24645.10201985944
2026-04-11 08:30:00+00:00,24481.228400645865,18492.40215918496,18214.743242953056,21773.510680829233,29086.602774839903,11259.127733011943,24653.099996376397
2026-04-11 08:35:00+00:00,24489.232156487793,18492.40215918496,18214.743242953056,21773.510680829233,29094.60517060768,11259.127733011943,24661.103752218325
2026-04-11 08:40:00+00:00,24497.242848745762,18482.40215918496,18214.743242953056,21773.510680829233,29094.60517060768,11259.127733011943,24669.114444476294
2026-04-11 08:45:00+00:00,24487.242848745762,18482.40215918496,18214.743242953056,21773.510680829233,29094.60517060768,11259.127733011943,24659.114444476294
2026-04-11 08:50:00+00:00,24495.23972515732,18482.40215918496,18214.743242953056,21773.510680829233,29102.600031751605,11259.127733011943,24667.111320887852
2026-04-11 08:55:00+00:00,24495.23972515732,18472.40215918496,18214.743242953056,21773.510680829233,29102.600031751605,11259.127733011943,24657.111320887852
2026-04-11 09:00:00+00:00,24503.255783720295,18472.40215918496,18214.743242953056,21773.510680829233,29102.600031751605,11259.127733011943,24665.127379450827
2026-04-11 09:05:00+00:00,24511.25424618964,18472.40215918496,18214.743242953056,21773.510680829233,29110.600520623673,11259.127733011943,24673.125841920173
2026-04-11 09:10:00+00:00,24519.25383171577,18472.40215918496,18214.743242953056,21773.510680829233,29110.600520623673,11259.127733011943,24681.125427446303
2026-04-11 09:15:00+00:00,24527.234317029364,18472.40215918496,18222.696548843607,21781.463986719784,29118.57243103419,11259.127733011943,24689.105912759896
2026-04-11 09:20:00+00:00,24535.219462714507,18472.40215918496,18230.684955679586,21789.45239355576,29126.561209752916,11259.127733011943,24697.09105844504
2026-04-11 09:25:00+00:00,24535.219462714507,18472.40215918496,18230.684955679586,21789.45239355576,29126.561209752916,11259.127733011943,24697.09105844504
2026-04-11 09:30:00+00:00,24543.23314023707,18480.415836707518,18230.684955679586,21797.46607107832,29134.56474827768,11259.127733011943,24705.1047359676
2026-04-11 09:35:00+00:00,24551.22331530354,18488.406011773994,18238.672620495483,21805.453735894218,29142.553481792052,11259.127733011943,24713.094911034073
2026-04-11 09:40:00+00:00,24559.222056465867,18488.406011773994,18238.672620495483,21805.453735894218,29142.553481792052,11259.127733011943,24721.0936521964
2026-04-11 09:45:00+00:00,24567.229514219714,18488.406011773994,18238.672620495483,21805.453735894218,29150.559932267613,11259.127733011943,24729.101109950247
2026-04-11 09:50:00+00:00,24575.245107040228,18488.406011773994,18238.672620495483,21805.453735894218,29150.559932267613,11259.127733011943,24737.11670277076
2026-04-11 09:55:00+00:00,24583.252693613584,18488.406011773994,18238.672620495483,21805.453735894218,29158.561070563457,11259.127733011943,24745.124289344116
2026-04-11 10:00:00+00:00,24591.247531618283,18496.41889740237,18238.672620495483,21813.448573898917,29166.556156174058,11259.127733011943,24753.119127348815
2026-04-11 10:05:00+00:00,24581.247531618283,18486.41889740237,18238.672620495483,21803.448573898917,29166.556156174058,11259.127733011943,24743.119127348815
2026-04-11 10:10:00+00:00,24589.238145387935,18494.409511172023,18246.650584418523,21811.426537821953,29174.536832876373,11259.127733011943,24751.109741118467
2026-04-11 10:15:00+00:00,24597.248457227073,18502.41982301116,18246.650584418523,21819.43684966109,29182.539544058778,11259.127733011943,24759.120052957605
2026-04-11 10:20:00+00:00,24605.25788016873,18510.42924595282,18246.650584418523,21827.44627260275,29190.54517898225,11259.127733011943,24767.129475899263
2026-04-11 10:25:00+00:00,24613.268320792457,18518.439686576545,18246.650584418523,21835.45671322647,29198.551135116464,11259.127733011943,24775.13991652299
2026-04-11 10:30:00+00:00,24613.268320792457,18526.455823260658,18246.650584418523,21835.45671322647,29198.551135116464,11259.127733011943,24783.1560532071
2026-04-11 10:35:00+00:00,24621.27349127722,18534.460993745422,18246.650584418523,21843.46188371124,29206.555080325143,11259.127733011943,24791.161223691866
2026-04-11 10:40:00+00:00,24629.29000244567,18534.460993745422,18246.650584418523,21843.46188371124,29214.552356637403,11259.127733011943,24799.177734860314
2026-04-11 10:45:00+00:00,24619.29000244567,18534.460993745422,18246.650584418523,21843.46188371124,29214.552356637403,11259.127733011943,24789.177734860314
2026-04-11 10:50:00+00:00,24627.296173020088,18534.460993745422,18246.650584418523,21843.46188371124,29222.557397246008,11259.127733011943,24797.18390543473
2026-04-11 10:55:00+00:00,24635.30869444784,18534.460993745422,18246.650584418523,21843.46188371124,29222.557397246008,11259.127733011943,24805.19642686248
2026-04-11 11:00:00+00:00,24643.32004330167,18534.460993745422,18246.650584418523,21843.46188371124,29222.557397246008,11259.127733011943,24813.207775716313
2026-04-11 11:05:00+00:00,24651.322088672365,18542.46303911612,18246.650584418523,21851.46392908194,29230.557915406447,11259.127733011943,24821.20982108701
2026-04-11 11:10:00+00:00,24659.334548151957,18542.46303911612,18246.650584418523,21851.46392908194,29230.557915406447,11259.127733011943,24829.222280566602
2026-04-11 11:15:00+00:00,24667.34842106757,18550.476912031732,18246.650584418523,21859.47780199755,29238.556668262743,11259.127733011943,24837.236153482212
2026-04-11 11:20:00+00:00,24675.363260690367,18558.49175165453,18246.650584418523,21867.492641620345,29246.561279657904,11259.127733011943,24845.250993105008
2026-04-11 11:25:00+00:00,24683.37568100956,18566.50417197372,18246.650584418523,21875.50506193954,29254.568225737807,11259.127733011943,24853.263413424203
2026-04-11 11:30:00+00:00,24691.391847393592,18574.520338357754,18246.650584418523,21883.52122832357,29254.568225737807,11259.127733011943,24861.279579808237
2026-04-11 11:35:00+00:00,24699.407264674104,18582.537652469386,18246.650584418523,21891.536645604083,29254.568225737807,11259.127733011943,24869.29499708875
2026-04-11 11:40:00+00:00,24699.407264674104,18582.537652469386,18246.650584418523,21891.536645604083,29254.568225737807,11259.127733011943,24869.29499708875
2026-04-11 11:45:00+00:00,24707.423071783025,18590.553459578303,18246.650584418523,21899.552452713004,29254.568225737807,11259.127733011943,24877.310804197667
2026-04-11 11:50:00+00:00,24715.43319497903,18598.566586511624,18246.650584418523,21907.562575909003,29262.570927055272,11259.127733011943,24885.32092739367
2026-04-11 11:55:00+00:00,24723.44448785884,18606.577879391436,18246.650584418523,21915.573868788815,29262.570927055272,11259.127733011943,24893.33222027348
2026-04-11 12:00:00+00:00,24731.458443956722,18614.591835489322,18246.650584418523,21923.5878248867,29270.57324684423,11259.127733011943,24901.346176371364
2026-04-11 12:05:00+00:00,24721.458443956722,18614.591835489322,18246.650584418523,21923.5878248867,29270.57324684423,11259.127733011943,24891.346176371364
2026-04-11 12:10:00+00:00,24711.458443956722,18622.608645940552,18246.650584418523,21923.5878248867,29260.57324684423,11259.127733011943,24881.346176371364
2026-04-11 12:15:00+00:00,24719.473393920634,18622.608645940552,18246.650584418523,21923.5878248867,29268.575143194823,11259.127733011943,24889.361126335276
2026-04-11 12:20:00+00:00,24727.48891363716,18622.608645940552,18246.650584418523,21923.5878248867,29268.575143194823,11259.127733011943,24897.3766460518
2026-04-11 12:25:00+00:00,24735.496656687093,18622.608645940552,18246.650584418523,21923.5878248867,29276.577855957607,11259.127733011943,24905.384389101735
2026-04-11 12:30:00+00:00,24725.496656687093,18612.608645940552,18246.650584418523,21913.5878248867,29276.577855957607,11259.127733011943,24895.384389101735
2026-04-11 12:35:00+00:00,24725.496656687093,18612.608645940552,18246.650584418523,21913.5878248867,29276.577855957607,11259.127733011943,24895.384389101735
2026-04-11 12:40:00+00:00,24733.504545451702,18620.616534705165,18246.650584418523,21921.59571365131,29284.58151730264,11259.127733011943,24903.392277866347
2026-04-11 12:45:00+00:00,24741.518147849056,18620.616534705165,18246.650584418523,21921.59571365131,29284.58151730264,11259.127733011943,24911.405880263697
2026-04-11 12:50:00+00:00,24749.528028298846,18628.63318524394,18246.650584418523,21929.605594101107,29284.58151730264,11259.127733011943,24919.41576071349
2026-04-11 12:55:00+00:00,24757.54166448,18636.646821425093,18246.650584418523,21937.619230282253,29284.58151730264,11259.127733011943,24927.42939689464
2026-04-11 13:00:00+00:00,24765.510237045586,18644.61539399068,18254.613661025887,21945.58230688962,29292.53694767778,11259.127733011943,24935.39796946023
2026-04-11 13:05:00+00:00,24755.510237045586,18644.61539399068,18254.613661025887,21945.58230688962,29300.53586091988,11259.127733011943,24925.39796946023
2026-04-11 13:10:00+00:00,24763.462007996528,18644.61539399068,18262.578052930738,21953.546698794467,29308.485661761995,11259.127733011943,24933.34974041117
2026-04-11 13:15:00+00:00,24771.46109945706,18652.614485451217,18262.578052930738,21961.545790255004,29316.483959196692,11259.127733011943,24941.348831871706
2026-04-11 13:20:00+00:00,24779.449249252262,18660.602635246418,18270.562744746618,21969.530482070884,29324.472163525093,11259.127733011943,24949.336981666907
2026-04-11 13:25:00+00:00,24769.449249252262,18650.602635246418,18270.562744746618,21959.530482070884,29314.472163525093,11259.127733011943,24939.336981666907
2026-04-11 13:30:00+00:00,24759.449249252262,18640.602635246418,18270.562744746618,21949.530482070884,29304.472163525093,11267.121682394996,24929.336981666907
2026-04-11 13:35:00+00:00,24767.456481569854,18648.609867564006,18270.562744746618,21957.537714388473,29312.47375094449,11267.121682394996,24937.344213984496
2026-04-11 13:40:00+00:00,24775.469130279325,18648.609867564006,18278.544096931277,21965.519066573135,29320.4756064808,11267.121682394996,24945.356862693967
2026-04-11 13:45:00+00:00,24765.469130279325,18638.609867564006,18278.544096931277,21955.519066573135,29328.476295980792,11267.121682394996,24935.356862693967
2026-04-11 13:50:00+00:00,24773.48512837245,18638.609867564006,18278.544096931277,21955.519066573135,29336.481475879646,11267.121682394996,24943.372860787094
2026-04-11 13:55:00+00:00,24763.48512837245,18628.609867564006,18278.544096931277,21945.519066573135,29336.481475879646,11267.121682394996,24933.372860787094
2026-04-11 14:00:00+00:00,24771.50126979294,18618.609867564006,18278.544096931277,21945.519066573135,29344.479850484724,11267.121682394996,24941.389002207583
2026-04-11 14:05:00+00:00,24761.50126979294,18608.609867564006,18278.544096931277,21935.519066573135,29352.484836628337,11267.121682394996,24931.389002207583
2026-04-11 14:10:00+00:00,24769.512545248326,18608.609867564006,18278.544096931277,21935.519066573135,29352.484836628337,11267.121682394996,24939.400277662968
2026-04-11 14:15:00+00:00,24777.527850076076,18616.62517239176,18278.544096931277,21943.534371400885,29360.486018127707,11267.121682394996,24947.41558249072
2026-04-11 14:20:00+00:00,24767.527850076076,18616.62517239176,18278.544096931277,21943.534371400885,29368.49061448531,11267.121682394996,24937.41558249072
2026-04-11 14:25:00+00:00,24767.527850076076,18624.635664449976,18278.544096931277,21943.534371400885,29368.49061448531,11267.121682394996,24945.426074548937
2026-04-11 14:30:00+00:00,24775.527898004384,18624.635664449976,18278.544096931277,21943.534371400885,29376.496073088114,11267.121682394996,24953.42612247724
2026-04-11 14:35:00+00:00,24783.539861245084,18632.647627690676,18278.544096931277,21951.546334641585,29384.494036350734,11267.121682394996,24961.438085717942
2026-04-11 14:40:00+00:00,24773.539861245084,18632.647627690676,18278.544096931277,21951.546334641585,29392.494623938655,11267.121682394996,24951.438085717942
2026-04-11 14:45:00+00:00,24763.539861245084,18632.647627690676,18278.544096931277,21951.546334641585,29392.494623938655,11267.121682394996,24941.438085717942
2026-04-11 14:50:00+00:00,24771.537730722954,18640.645497168545,18278.544096931277,21959.544204119455,29400.488947545407,11267.121682394996,24949.43595519581
2026-04-11 14:55:00+00:00,24771.537730722954,18640.645497168545,18278.544096931277,21959.544204119455,29400.488947545407,11267.121682394996,24949.43595519581
2026-04-11 15:00:00+00:00,24779.54947323724,18640.645497168545,18278.544096931277,21959.544204119455,29390.488947545407,11267.121682394996,24957.4476977101
2026-04-11 15:05:00+00:00,24787.561782013137,18648.65780594444,18278.544096931277,21967.556512895353,29390.488947545407,11267.121682394996,24965.460006485995
2026-04-11 15:10:00+00:00,24795.57701726789,18648.65780594444,18278.544096931277,21967.556512895353,29390.488947545407,11267.121682394996,24973.47524174075
2026-04-11 15:15:00+00:00,24803.571524938685,18656.652313615235,18286.533329221515,21975.545745185587,29398.48121447826,11267.121682394996,24981.469749411546
2026-04-11 15:20:00+00:00,24811.578504587316,18656.652313615235,18286.533329221515,21975.545745185587,29406.48727532704,11267.121682394996,24989.476729060174
2026-04-11 15:25:00+00:00,24819.585605577908,18664.659414605827,18286.533329221515,21983.55284617618,29406.48727532704,11267.121682394996,24997.483830050765
2026-04-11 15:30:00+00:00,24827.591763633674,18664.659414605827,18286.533329221515,21983.55284617618,29414.4873452583,11267.121682394996,25005.489988106532
2026-04-11 15:35:00+00:00,24817.591763633674,18664.659414605827,18286.533329221515,21983.55284617618,29414.4873452583,11267.121682394996,24995.489988106532
2026-04-11 15:40:00+00:00,24825.600240357104,18664.659414605827,18286.533329221515,21983.55284617618,29414.4873452583,11267.121682394996,25003.498464829965
2026-04-11 15:45:00+00:00,24815.600240357104,18664.659414605827,18286.533329221515,21983.55284617618,29404.4873452583,11267.121682394996,24993.498464829965
2026-04-11 15:50:00+00:00,24823.590119360408,18672.649293609127,18294.518726421797,21991.53824337646,29412.478742386862,11267.121682394996,25001.48834383327
2026-04-11 15:55:00+00:00,24831.602404004352,18672.649293609127,18294.518726421797,21991.53824337646,29420.48251790713,11267.121682394996,25009.50062847721
2026-04-11 16:00:00+00:00,24839.60848224858,18680.655371853354,18294.518726421797,21999.544321620684,29428.48682630174,11267.121682394996,25017.506706721437
2026-04-11 16:05:00+00:00,24847.617605303323,18680.655371853354,18294.518726421797,21999.544321620684,29428.48682630174,11267.121682394996,25025.51582977618
2026-04-11 16:10:00+00:00,24855.62759030155,18680.655371853354,18294.518726421797,21999.544321620684,29436.492597405664,11267.121682394996,25033.52581477441
2026-04-11 16:15:00+00:00,24863.631053938443,18680.655371853354,18294.518726421797,21999.544321620684,29436.492597405664,11267.121682394996,25041.5292784113
2026-04-11 16:20:00+00:00,24871.632138954334,18680.655371853354,18294.518726421797,21999.544321620684,29444.494505626073,11267.121682394996,25049.53036342719
2026-04-11 16:25:00+00:00,24879.639137759223,18688.66237065824,18294.518726421797,22007.551320425573,29452.497329362253,11267.121682394996,25057.53736223208
2026-04-11 16:30:00+00:00,24869.639137759223,18678.66237065824,18294.518726421797,21997.551320425573,29442.497329362253,11267.121682394996,25047.53736223208
2026-04-11 16:35:00+00:00,24877.649988676356,18678.66237065824,18294.518726421797,21997.551320425573,29450.49424345455,11267.121682394996,25055.548213149217
2026-04-11 16:40:00+00:00,24885.612779754403,18678.66237065824,18302.48791988935,22005.520513893127,29458.463110919307,11267.121682394996,25063.511004227264
2026-04-11 16:45:00+00:00,24875.612779754403,18668.66237065824,18302.48791988935,21995.520513893127,29448.463110919307,11275.122603450662,25053.511004227264
2026-04-11 16:50:00+00:00,24883.613206265873,18668.66237065824,18302.48791988935,21995.520513893127,29456.462876912854,11275.122603450662,25061.51143073873
2026-04-11 16:55:00+00:00,24873.613206265873,18668.66237065824,18302.48791988935,21995.520513893127,29456.462876912854,11275.122603450662,25051.51143073873
2026-04-11 17:00:00+00:00,24881.622775269647,18668.66237065824,18302.48791988935,21995.520513893127,29464.467480475058,11275.122603450662,25059.520999742505
2026-04-11 17:05:00+00:00,24889.62290108711,18668.66237065824,18302.48791988935,21995.520513893127,29472.473297281624,11275.122603450662,25067.521125559968
2026-04-11 17:10:00+00:00,24897.632494100573,18676.675160858846,18302.48791988935,22003.53010690659,29480.47626743874,11275.122603450662,25075.530718573435
2026-04-11 17:15:00+00:00,24905.629636393387,18684.672303151663,18302.48791988935,22011.527249199407,29488.471256984703,11275.122603450662,25083.52786086625
2026-04-11 17:20:00+00:00,24913.63220267663,18692.6748694349,18302.48791988935,22019.529815482645,29496.464273773086,11275.122603450662,25091.53042714949
2026-04-11 17:25:00+00:00,24921.635136520876,18692.6748694349,18302.48791988935,22019.529815482645,29504.46576505688,11275.122603450662,25099.533360993737
2026-04-11 17:30:00+00:00,24929.62771341637,18700.667446330393,18302.48791988935,22027.522392378138,29512.462786719745,11275.122603450662,25107.52593788923
2026-04-11 17:35:00+00:00,24937.635856807563,18700.667446330393,18302.48791988935,22027.522392378138,29520.46926441856,11275.122603450662,25115.53408128042
2026-04-11 17:40:00+00:00,24927.635856807563,18690.667446330393,18302.48791988935,22017.522392378138,29528.46229452637,11275.122603450662,25105.53408128042
2026-04-11 17:45:00+00:00,24935.650363022425,18690.667446330393,18302.48791988935,22017.522392378138,29536.46602931377,11275.122603450662,25113.548587495286
2026-04-11 17:50:00+00:00,24925.650363022425,18680.667446330393,18302.48791988935,22007.522392378138,29536.46602931377,11275.122603450662,25103.548587495286
2026-04-11 17:55:00+00:00,24915.650363022425,18670.667446330393,18302.48791988935,21997.522392378138,29536.46602931377,11275.122603450662,25093.548587495286
2026-04-11 18:00:00+00:00,24923.645553453603,18670.667446330393,18302.48791988935,21997.522392378138,29544.46140213204,11275.122603450662,25101.54377792646
2026-04-11 18:05:00+00:00,24931.65844182673,18670.667446330393,18302.48791988935,21997.522392378138,29552.465553142105,11275.122603450662,25109.55666629959
2026-04-11 18:10:00+00:00,24921.65844182673,18670.667446330393,18302.48791988935,21997.522392378138,29552.465553142105,11275.122603450662,25099.55666629959
2026-04-11 18:15:00+00:00,24929.667736695606,18670.667446330393,18302.48791988935,21997.522392378138,29560.4688098053,11275.122603450662,25107.565961168468
2026-04-11 18:20:00+00:00,24937.677096338273,18678.67680597306,18302.48791988935,22005.531752020805,29568.474561149247,11275.122603450662,25115.57532081113
2026-04-11 18:25:00+00:00,24945.68536251613,18686.685072150918,18302.48791988935,22013.540018198662,29576.47970688343,11275.122603450662,25123.583586988992
2026-04-11 18:30:00+00:00,24953.68719251729,18694.686902152076,18302.48791988935,22021.54184819982,29584.47689199796,11275.122603450662,25131.585416990147
2026-04-11 18:35:00+00:00,24961.55149130624,18702.55120094103,18310.373949936653,22029.427878247123,29592.364224719655,11275.122603450662,25139.449715779097
2026-04-11 18:40:00+00:00,24969.54092369588,18702.55120094103,18318.338165203677,22037.392093514143,29600.336634584382,11275.122603450662,25147.439148168738
2026-04-11 18:45:00+00:00,24959.54092369588,18702.55120094103,18318.338165203677,22037.392093514143,29608.339497088775,11283.125465955054,25137.439148168738
2026-04-11 18:50:00+00:00,24967.541834102412,18710.552111347562,18318.338165203677,22045.393003920683,29616.340185575755,11283.125465955054,25145.440058575274
2026-04-11 18:55:00+00:00,24975.539396224536,18710.552111347562,18318.338165203677,22045.393003920683,29624.337914993514,11283.125465955054,25153.437620697398
2026-04-11 19:00:00+00:00,24983.55586387261,18710.552111347562,18318.338165203677,22045.393003920683,29632.343686122087,11291.131237083628,25161.45408834547
2026-04-11 19:05:00+00:00,24991.526246194546,18710.552111347562,18326.314472826863,22053.36931154387,29640.313628381322,11291.131237083628,25169.424470667407
2026-04-11 19:10:00+00:00,24999.512920102967,18718.538785255983,18334.264338673747,22061.319177390753,29648.28502553573,11291.131237083628,25177.411144575824
2026-04-11 19:15:00+00:00,24989.512920102967,18708.538785255983,18324.264338673747,22051.319177390753,29638.28502553573,11291.131237083628,25167.411144575824
2026-04-11 19:20:00+00:00,24989.512920102967,18708.538785255983,18324.264338673747,22051.319177390753,29646.285681865662,11291.131237083628,25167.411144575824
2026-04-11 19:35:00+00:00,24997.30292330288,18708.538785255983,18324.264338673747,22051.319177390753,29646.285681865662,11291.131237083628,25175.201147775737
2026-04-11 19:40:00+00:00,25005.30453069439,18708.538785255983,18324.264338673747,22051.319177390753,29654.287176944308,11291.131237083628,25183.202755167247
2026-04-11 19:45:00+00:00,25013.302464734155,18716.53671929575,18324.264338673747,22059.317111430522,29662.281840072585,11291.131237083628,25191.200689207013
2026-04-11 19:50:00+00:00,25003.302464734155,18716.53671929575,18324.264338673747,22059.317111430522,29652.281840072585,11291.131237083628,25181.200689207013
2026-04-11 19:55:00+00:00,24993.302464734155,18706.53671929575,18324.264338673747,22049.317111430522,29652.281840072585,11291.131237083628,25171.200689207013
2026-04-11 20:00:00+00:00,25001.284792120576,18714.519046682173,18332.222844159733,22057.275616916504,29660.260504036465,11291.131237083628,25179.183016593437
2026-04-11 20:05:00+00:00,25009.288963907617,18714.519046682173,18332.222844159733,22057.275616916504,29668.26472914018,11291.131237083628,25187.187188380474
2026-04-11 20:10:00+00:00,25017.282873816046,18722.512956590603,18340.2013257449,22065.254098501675,29676.25267770415,11291.131237083628,25195.181098288907
2026-04-11 20:15:00+00:00,25007.282873816046,18722.512956590603,18340.2013257449,22065.254098501675,29684.2484145131,11291.131237083628,25185.181098288907
2026-04-11 20:20:00+00:00,25007.282873816046,18730.51646453372,18340.2013257449,22065.254098501675,29692.254993002753,11291.131237083628,25193.18460623202
2026-04-11 20:25:00+00:00,25015.289412020884,18730.51646453372,18340.2013257449,22065.254098501675,29692.254993002753,11291.131237083628,25201.19114443686
2026-04-11 20:30:00+00:00,25023.272065737867,18738.4991182507,18348.14009016569,22073.192862922464,29700.2217335228,11291.131237083628,25209.17379815384
2026-04-11 20:35:00+00:00,25031.257916475657,18746.484968988494,18356.12127143979,22081.174044196563,29708.197603706456,11291.131237083628,25217.159648891633
2026-04-11 20:40:00+00:00,25039.263666712053,18754.490719224887,18356.12127143979,22089.17979443296,29716.2013402406,11291.131237083628,25225.165399128025
2026-04-11 20:45:00+00:00,25047.278397237205,18744.490719224887,18356.12127143979,22089.17979443296,29706.2013402406,11299.131727589745,25233.180129653178
2026-04-11 20:50:00+00:00,25037.278397237205,18744.490719224887,18356.12127143979,22089.17979443296,29696.2013402406,11299.131727589745,25223.180129653178
2026-04-11 20:55:00+00:00,25045.272762011635,18744.490719224887,18364.096847530098,22097.155370523265,29704.190445248307,11299.131727589745,25231.174494427607
2026-04-11 21:00:00+00:00,25035.272762011635,18734.490719224887,18364.096847530098,22087.155370523265,29694.190445248307,11307.125462007503,25221.174494427607
2026-04-11 21:05:00+00:00,25043.27798403585,18742.4959412491,18372.077069664818,22095.135592657985,29702.17806174717,11307.125462007503,25229.17971645182
2026-04-11 21:10:00+00:00,25033.27798403585,18742.4959412491,18372.077069664818,22095.135592657985,29702.17806174717,11307.125462007503,25219.17971645182
2026-04-11 21:15:00+00:00,25023.27798403585,18742.4959412491,18372.077069664818,22095.135592657985,29710.17312886375,11307.125462007503,25209.17971645182
2026-04-11 21:20:00+00:00,25031.268206771387,18742.4959412491,18372.077069664818,22095.135592657985,29718.16345160868,11307.125462007503,25217.169939187363
2026-04-11 21:25:00+00:00,25021.268206771387,18742.4959412491,18372.077069664818,22095.135592657985,29726.169274422464,11307.125462007503,25207.169939187363
2026-04-11 21:30:00+00:00,25029.280987825026,18732.4959412491,18372.077069664818,22095.135592657985,29734.17200019043,11307.125462007503,25215.182720241
2026-04-11 21:35:00+00:00,25037.286486716912,18732.4959412491,18372.077069664818,22095.135592657985,29734.17200019043,11307.125462007503,25223.188219132888
2026-04-11 21:40:00+00:00,25045.300488682064,18732.4959412491,18372.077069664818,22095.135592657985,29742.175425041434,11307.125462007503,25231.202221098036
2026-04-11 21:45:00+00:00,25035.300488682064,18732.4959412491,18372.077069664818,22095.135592657985,29732.175425041434,11307.125462007503,25221.202221098036
2026-04-11 21:50:00+00:00,25043.280908615838,18740.490741976388,18380.05163712034,22103.11016011351,29740.16689442587,11307.125462007503,25229.18264103181
2026-04-11 21:55:00+00:00,25051.274967905254,18748.500777340916,18380.05163712034,22111.10421940293,29748.173943718826,11307.125462007503,25237.17670032123
2026-04-11 22:00:00+00:00,25041.274967905254,18738.500777340916,18380.05163712034,22101.10421940293,29738.173943718826,11307.125462007503,25227.17670032123
2026-04-11 22:05:00+00:00,25049.27719778785,18738.500777340916,18380.05163712034,22101.10421940293,29746.169921466146,11307.125462007503,25235.178930203823
2026-04-11 22:10:00+00:00,25057.28754387278,18746.511123425844,18380.05163712034,22109.114565487856,29754.17582280589,11307.125462007503,25243.18927628875
2026-04-11 22:15:00+00:00,25047.28754387278,18746.511123425844,18380.05163712034,22109.114565487856,29762.181628667764,11315.124269347663,25233.18927628875
2026-04-11 22:20:00+00:00,25055.2996705864,18746.511123425844,18380.05163712034,22109.114565487856,29770.18402609542,11315.124269347663,25241.20140300237
2026-04-11 22:25:00+00:00,25063.300349690755,18746.511123425844,18380.05163712034,22109.114565487856,29778.183052030683,11315.124269347663,25249.202082106727
2026-04-11 22:30:00+00:00,25071.27388738845,18746.511123425844,18388.000749616935,22117.06367798445,29786.139008747337,11315.124269347663,25257.175619804424
2026-04-11 22:35:00+00:00,25079.285927734414,18746.511123425844,18395.996846920985,22125.0597752885,29794.128283014077,11323.129275624808,25265.18766015039
2026-04-11 22:40:00+00:00,25087.29284429253,18754.51803998396,18395.996846920985,22133.066691846616,29802.12678078074,11323.129275624808,25273.194576708505
2026-04-11 22:45:00+00:00,25077.29284429253,18754.51803998396,18395.996846920985,22133.066691846616,29802.12678078074,11323.129275624808,25263.194576708505
2026-04-11 22:50:00+00:00,25085.290277621632,18754.51803998396,18403.975908678723,22141.045753604354,29810.11210585965,11323.129275624808,25271.19201003761
2026-04-11 22:55:00+00:00,25085.290277621632,18754.51803998396,18411.9525015142,22141.045753604354,29818.093058915212,11323.129275624808,25279.168602873084
2026-04-11 23:00:00+00:00,25093.28404919338,18762.511811555705,18419.92316193953,22149.016414029684,29826.07197931613,11323.129275624808,25287.16237444483
2026-04-11 23:05:00+00:00,25101.28737706253,18762.511811555705,18427.91816273239,22157.011414822544,29834.05185529178,11323.129275624808,25295.16570231398
2026-04-11 23:10:00+00:00,25109.30135854783,18762.511811555705,18427.91816273239,22157.011414822544,29842.055562963542,11331.128488972274,25303.17968379928
2026-04-11 23:15:00+00:00,25117.30499747084,18770.515450478713,18435.91187853866,22165.005130628815,29850.044824902372,11331.128488972274,25311.18332272229
2026-04-11 23:20:00+00:00,25125.306357975183,18770.515450478713,18435.91187853866,22165.005130628815,29858.05129264767,11331.128488972274,25319.18468322663
2026-04-11 23:25:00+00:00,25133.306764599038,18778.515857102575,18435.91187853866,22173.005537252673,29866.052895525765,11331.128488972274,25327.18508985049
2026-04-11 23:30:00+00:00,25141.30830463161,18778.515857102575,18435.91187853866,22173.005537252673,29874.053015283003,11331.128488972274,25335.186629883057
2026-04-11 23:35:00+00:00,25149.321312392953,18778.515857102575,18435.91187853866,22173.005537252673,29882.058040126725,11331.128488972274,25343.1996376444
2026-04-11 23:40:00+00:00,25157.32958299809,18786.524127707708,18435.91187853866,22181.01380785781,29890.062833810276,11331.128488972274,25351.20790824954
2026-04-11 23:45:00+00:00,25165.343983794075,18786.524127707708,18435.91187853866,22181.01380785781,29890.062833810276,11331.128488972274,25359.222309045526
2026-04-11 23:50:00+00:00,25173.343772574226,18786.524127707708,18435.91187853866,22181.01380785781,29898.06689680219,11331.128488972274,25367.222097825674
2026-04-11 23:55:00+00:00,25181.344064819423,18794.52441995291,18435.91187853866,22189.01410010301,29906.06599459374,11331.128488972274,25375.222390070874
2026-04-12 00:00:00+00:00,25189.349227998762,18802.529583132244,18443.89592224179,22196.998143806144,29914.054336160818,11331.128488972274,25383.22755325021
2026-04-12 00:05:00+00:00,25197.329419237634,18810.50977437112,18451.85235207757,22204.954573641917,29922.03543071566,11331.128488972274,25391.207744489082
2026-04-12 00:10:00+00:00,25205.338522128528,18810.50977437112,18451.85235207757,22204.954573641917,29930.04108633489,11331.128488972274,25399.216847379976
2026-04-12 00:15:00+00:00,25213.33436468104,18810.50977437112,18451.85235207757,22204.954573641917,29938.042687926878,11331.128488972274,25407.21268993249
2026-04-12 00:20:00+00:00,25221.327598432996,18818.503008123076,18459.83620264508,22212.93842420943,29946.042321169778,11331.128488972274,25415.205923684447
2026-04-12 00:25:00+00:00,25211.327598432996,18808.503008123076,18459.83620264508,22202.93842420943,29936.042321169778,11331.128488972274,25405.205923684447
2026-04-12 00:30:00+00:00,25211.327598432996,18816.507691983443,18459.83620264508,22202.93842420943,29936.042321169778,11331.128488972274,25413.210607544814
2026-04-12 00:35:00+00:00,25201.327598432996,18816.507691983443,18459.83620264508,22202.93842420943,29926.042321169778,11331.128488972274,25403.210607544814
2026-04-12 00:40:00+00:00,25191.327598432996,18816.507691983443,18459.83620264508,22202.93842420943,29926.042321169778,11331.128488972274,25393.210607544814
2026-04-12 00:45:00+00:00,25181.327598432996,18806.507691983443,18459.83620264508,22192.93842420943,29916.042321169778,11331.128488972274,25383.210607544814
2026-04-12 00:50:00+00:00,25189.325960933515,18814.50605448396,18467.81915754291,22200.92137910726,29924.027552094816,11331.128488972274,25391.208970045333
2026-04-12 00:55:00+00:00,25179.325960933515,18804.50605448396,18467.81915754291,22190.92137910726,29914.027552094816,11331.128488972274,25381.208970045333
2026-04-12 01:00:00+00:00,25169.325960933515,18794.50605448396,18467.81915754291,22180.92137910726,29904.027552094816,11331.128488972274,25371.208970045333
2026-04-12 01:05:00+00:00,25159.325960933515,18794.50605448396,18467.81915754291,22180.92137910726,29904.027552094816,11331.128488972274,25361.208970045333
2026-04-12 01:10:00+00:00,25167.3292245096,18794.50605448396,18467.81915754291,22180.92137910726,29912.022409996676,11331.128488972274,25369.21223362142
2026-04-12 01:15:00+00:00,25175.338268845902,18802.515098820262,18467.81915754291,22188.930423443562,29920.013991864435,11331.128488972274,25377.22127795772
2026-04-12 01:20:00+00:00,25165.338268845902,18802.515098820262,18467.81915754291,22188.930423443562,29920.013991864435,11331.128488972274,25367.22127795772
2026-04-12 01:25:00+00:00,25173.346034624476,18810.52701067165,18467.81915754291,22196.938189222128,29928.011128015714,11331.128488972274,25375.22904373629
2026-04-12 01:30:00+00:00,25181.348098637907,18818.539308928113,18467.81915754291,22204.94025323556,29936.013192029146,11331.128488972274,25383.23110774972
2026-04-12 01:35:00+00:00,25189.16671919972,18826.357929489925,18475.619078786607,22212.74017447926,29943.862626085767,11331.128488972274,25391.049728311533
2026-04-12 01:40:00+00:00,25197.069127811003,18834.26033810121,18483.481554456375,22220.602650149027,29951.772617396993,11331.128488972274,25398.952136922817
2026-04-12 01:45:00+00:00,25204.988329507916,18834.26033810121,18491.445690503606,22228.521851845944,29959.75324654057,11331.128488972274,25406.871338619734
2026-04-12 01:50:00+00:00,25212.956126170386,18834.26033810121,18499.380691840503,22236.45685318284,29967.70659230094,11331.128488972274,25414.8391352822
2026-04-12 01:55:00+00:00,25220.922204994968,18842.22641692579,18507.372191576334,22244.44835291867,29975.66681836171,11331.128488972274,25422.805214106782
2026-04-12 02:00:00+00:00,25210.922204994968,18842.22641692579,18507.372191576334,22244.44835291867,29983.672503102025,11339.133939525007,25412.805214106782
2026-04-12 02:05:00+00:00,25218.888914795432,18850.193126726255,18515.347012049857,22252.42317339219,29991.635738670222,11339.133939525007,25420.77192390725
2026-04-12 02:10:00+00:00,25226.842815912332,18858.147027843155,18523.26775626496,22260.343917607293,29999.58050919109,11339.133939525007,25428.72582502415
2026-04-12 02:15:00+00:00,25234.808534095006,18858.147027843155,18531.231757785514,22268.30791912785,30007.545575637316,11339.133939525007,25436.69154320682
2026-04-12 02:20:00+00:00,25224.808534095006,18858.147027843155,18531.231757785514,22268.30791912785,30015.551970748947,11329.133939525007,25426.69154320682
2026-04-12 02:25:00+00:00,25232.814864625478,18858.147027843155,18531.231757785514,22268.30791912785,30023.556642433945,11337.141022309004,25434.697873737296
2026-04-12 02:30:00+00:00,25240.79762558386,18866.129788801532,18539.208887522887,22276.285048865226,30031.52896506298,11337.141022309004,25442.680634695673
2026-04-12 02:35:00+00:00,25230.79762558386,18866.129788801532,18539.208887522887,22276.285048865226,30039.521596563212,11337.141022309004,25432.680634695673
2026-04-12 02:40:00+00:00,25238.79245624508,18874.124619462753,18547.187725480886,22284.263886823224,30047.51695268929,11337.141022309004,25440.675465356893
2026-04-12 02:45:00+00:00,25246.79992037709,18874.124619462753,18555.17521258964,22292.251373931973,30055.518094403902,11337.141022309004,25448.682929488903
2026-04-12 02:50:00+00:00,25236.79992037709,18864.124619462753,18555.17521258964,22282.251373931973,30063.52217419473,11345.145102099832,25438.682929488903
2026-04-12 02:55:00+00:00,25226.79992037709,18864.124619462753,18555.17521258964,22282.251373931973,30053.52217419473,11345.145102099832,25428.682929488903
2026-04-12 03:00:00+00:00,25234.798909429577,18864.124619462753,18555.17521258964,22282.251373931973,30061.520040487027,11345.145102099832,25436.68191854139
2026-04-12 03:05:00+00:00,25242.805782639807,18864.124619462753,18555.17521258964,22282.251373931973,30069.526326362804,11345.145102099832,25444.68879175162
2026-04-12 03:10:00+00:00,25232.805782639807,18864.124619462753,18545.17521258964,22272.251373931973,30059.526326362804,11345.145102099832,25434.68879175162
2026-04-12 03:15:00+00:00,25240.80526378393,18872.124100606874,18545.17521258964,22280.25085507609,30067.52949572327,11345.145102099832,25442.688272895743
2026-04-12 03:20:00+00:00,25248.819704864945,18872.124100606874,18545.17521258964,22280.25085507609,30075.535358266636,11335.145102099832,25450.70271397676
2026-04-12 03:25:00+00:00,25256.81375096714,18872.124100606874,18553.162333244807,22288.237975731263,30083.531319697933,11335.145102099832,25458.696760078958
2026-04-12 03:30:00+00:00,25246.81375096714,18872.124100606874,18553.162333244807,22288.237975731263,30073.531319697933,11343.141046110608,25448.696760078958
2026-04-12 03:35:00+00:00,25236.81375096714,18872.124100606874,18553.162333244807,22288.237975731263,30063.531319697933,11343.141046110608,25438.696760078958
2026-04-12 03:40:00+00:00,25244.825841971087,18872.124100606874,18553.162333244807,22288.237975731263,30063.531319697933,11343.141046110608,25446.708851082905
2026-04-12 03:45:00+00:00,25234.825841971087,18872.124100606874,18553.162333244807,22288.237975731263,30063.531319697933,11343.141046110608,25436.708851082905
2026-04-12 03:50:00+00:00,25242.826372496496,18880.124631132283,18553.162333244807,22296.238506256672,30071.535496027136,11343.141046110608,25444.709381608314
2026-04-12 03:55:00+00:00,25250.83182020689,18880.124631132283,18553.162333244807,22296.238506256672,30079.53030918211,11343.141046110608,25452.714829318706
2026-04-12 04:00:00+00:00,25258.84219769985,18880.124631132283,18553.162333244807,22296.238506256672,30087.53016125918,11343.141046110608,25460.725206811665
2026-04-12 04:05:00+00:00,25266.85089434678,18880.124631132283,18553.162333244807,22296.238506256672,30087.53016125918,11343.141046110608,25468.733903458597
2026-04-12 04:10:00+00:00,25256.85089434678,18880.124631132283,18553.162333244807,22296.238506256672,30077.53016125918,11343.141046110608,25458.733903458597
2026-04-12 04:15:00+00:00,25264.84938560817,18888.123122393677,18553.162333244807,22304.236997518063,30085.52416041905,11343.141046110608,25466.732394719987
2026-04-12 04:20:00+00:00,25272.84099529024,18896.114732075745,18553.162333244807,22312.228607200133,30085.52416041905,11343.141046110608,25474.72400440206
2026-04-12 04:25:00+00:00,25262.84099529024,18886.114732075745,18553.162333244807,22302.228607200133,30075.52416041905,11343.141046110608,25464.72400440206
2026-04-12 04:30:00+00:00,25270.852960420023,18886.114732075745,18553.162333244807,22302.228607200133,30083.51281564594,11343.141046110608,25472.73596953184
2026-04-12 04:35:00+00:00,25278.86329592025,18894.12924949396,18553.162333244807,22310.238942700358,30091.51987450209,11343.141046110608,25480.746305032066
2026-04-12 04:40:00+00:00,25286.879156707473,18894.12924949396,18553.162333244807,22310.238942700358,30099.526327807005,11343.141046110608,25488.762165819287
2026-04-12 04:45:00+00:00,25276.879156707473,18884.12924949396,18553.162333244807,22300.238942700358,30089.526327807005,11343.141046110608,25478.762165819287
2026-04-12 04:50:00+00:00,25266.879156707473,18892.142564712973,18553.162333244807,22300.238942700358,30097.496979431406,11343.141046110608,25468.762165819287
2026-04-12 04:55:00+00:00,25274.885473250746,18900.148881256246,18553.162333244807,22308.24525924363,30105.50217992092,11343.141046110608,25476.76848236256
2026-04-12 05:00:00+00:00,25264.885473250746,18900.148881256246,18553.162333244807,22308.24525924363,30113.50846393718,11351.146087968642,25466.76848236256
2026-04-12 05:05:00+00:00,25272.894532267357,18900.148881256246,18553.162333244807,22308.24525924363,30121.50704870417,11351.146087968642,25474.777541379175
2026-04-12 05:10:00+00:00,25280.9031548013,18908.163216078465,18553.162333244807,22316.25388177757,30129.503617673738,11351.146087968642,25482.786163913115
2026-04-12 05:15:00+00:00,25288.912666891607,18908.163216078465,18553.162333244807,22316.25388177757,30129.503617673738,11351.146087968642,25490.79567600342
2026-04-12 05:20:00+00:00,25296.912960656773,18908.163216078465,18561.13315185909,22324.224700391853,30137.481321071195,11351.146087968642,25498.79596976859
2026-04-12 05:25:00+00:00,25286.912960656773,18898.163216078465,18561.13315185909,22314.224700391853,30137.481321071195,11351.146087968642,25488.79596976859
2026-04-12 05:30:00+00:00,25276.912960656773,18898.163216078465,18561.13315185909,22314.224700391853,30127.481321071195,11351.146087968642,25478.79596976859
2026-04-12 05:35:00+00:00,25284.915848124565,18888.163216078465,18561.13315185909,22314.224700391853,30117.481321071195,11351.146087968642,25486.798857236383
2026-04-12 05:40:00+00:00,25284.915848124565,18896.175915421627,18561.13315185909,22314.224700391853,30117.481321071195,11351.146087968642,25494.811556579545
2026-04-12 05:45:00+00:00,25292.926094329527,18896.175915421627,18561.13315185909,22314.224700391853,30125.48825321777,11351.146087968642,25502.821802784507
2026-04-12 05:50:00+00:00,25282.926094329527,18896.175915421627,18561.13315185909,22314.224700391853,30115.48825321777,11351.146087968642,25492.821802784507
2026-04-12 05:55:00+00:00,25290.931473771674,18896.175915421627,18561.13315185909,22314.224700391853,30123.49246978596,11351.146087968642,25500.827182226654
2026-04-12 06:00:00+00:00,25298.944131054574,18904.188572704526,18561.13315185909,22322.237357674752,30123.49246978596,11351.146087968642,25508.83983950955
2026-04-12 06:05:00+00:00,25306.95687556726,18894.188572704526,18561.13315185909,22322.237357674752,30123.49246978596,11351.146087968642,25516.852584022236
2026-04-12 06:10:00+00:00,25314.963543697817,18902.195240835084,18561.13315185909,22330.24402580531,30131.497573153712,11351.146087968642,25524.859252152797
2026-04-12 06:15:00+00:00,25322.96167961127,18910.19337674854,18561.13315185909,22338.242161718765,30139.490432655053,11351.146087968642,25532.85738806625
2026-04-12 06:20:00+00:00,25330.967525626285,18910.19337674854,18561.13315185909,22338.242161718765,30147.495117771905,11351.146087968642,25540.863234081262
2026-04-12 07:15:00+00:00,25338.936802341406,18910.19337674854,18561.13315185909,22338.242161718765,30155.465160067102,11351.146087968642,25548.832510796383
2026-04-12 07:20:00+00:00,25328.936802341406,18910.19337674854,18561.13315185909,22338.242161718765,30155.465160067102,11351.146087968642,25538.832510796383
2026-04-12 07:25:00+00:00,25336.95266857215,18910.19337674854,18561.13315185909,22338.242161718765,30155.465160067102,11351.146087968642,25546.84837702713
2026-04-12 07:30:00+00:00,25344.96859589711,18910.19337674854,18561.13315185909,22338.242161718765,30155.465160067102,11351.146087968642,25554.864304352086
2026-04-12 07:35:00+00:00,25352.962298594677,18918.187079446107,18569.11139069057,22346.22040055025,30163.456549664534,11351.146087968642,25562.858007049654
2026-04-12 07:40:00+00:00,25360.977608996494,18918.187079446107,18569.11139069057,22346.22040055025,30171.46000431293,11351.146087968642,25570.87331745147
2026-04-12 07:45:00+00:00,25350.977608996494,18918.187079446107,18569.11139069057,22346.22040055025,30171.46000431293,11351.146087968642,25560.87331745147
2026-04-12 07:50:00+00:00,25358.98814327261,18918.187079446107,18569.11139069057,22346.22040055025,30179.464084317264,11351.146087968642,25568.883851727587
2026-04-12 07:55:00+00:00,25367.003085413977,18918.187079446107,18569.11139069057,22346.22040055025,30179.464084317264,11351.146087968642,25576.898793868953
2026-04-12 08:00:00+00:00,25375.01295337501,18918.187079446107,18569.11139069057,22346.22040055025,30179.464084317264,11351.146087968642,25584.90866182999
2026-04-12 08:05:00+00:00,25383.015585209,18926.189711280094,18569.11139069057,22354.223032384238,30187.46525324029,11351.146087968642,25592.91129366398
2026-04-12 08:10:00+00:00,25391.027305007003,18934.201431078094,18569.11139069057,22362.234752182238,30195.47156198757,11351.146087968642,25600.92301346198
2026-04-12 08:15:00+00:00,25391.027305007003,18924.201431078094,18569.11139069057,22362.234752182238,30195.47156198757,11351.146087968642,25590.92301346198
2026-04-12 08:20:00+00:00,25399.04105704052,18932.215183111613,18569.11139069057,22370.248504215757,30203.478725536832,11351.146087968642,25598.9367654955
2026-04-12 08:25:00+00:00,25407.054975448875,18932.215183111613,18569.11139069057,22370.248504215757,30203.478725536832,11351.146087968642,25606.95068390385
2026-04-12 08:30:00+00:00,25397.054975448875,18922.215183111613,18569.11139069057,22360.248504215757,30203.478725536832,11351.146087968642,25596.95068390385
2026-04-12 08:35:00+00:00,25387.054975448875,18912.215183111613,18569.11139069057,22350.248504215757,30211.48250798115,11351.146087968642,25586.95068390385
2026-04-12 08:40:00+00:00,25395.058498189515,18920.218916704936,18569.11139069057,22358.252026956397,30219.48190791365,11351.146087968642,25594.954206644492
2026-04-12 08:45:00+00:00,25403.049595511395,18928.210014026816,18577.073730903307,22366.214367169134,30227.455879450874,11351.146087968642,25602.94530396637
2026-04-12 08:50:00+00:00,25411.05510700889,18928.210014026816,18577.073730903307,22366.214367169134,30235.45787652289,11351.146087968642,25610.95081546387
2026-04-12 08:55:00+00:00,25401.05510700889,18928.210014026816,18577.073730903307,22366.214367169134,30243.4592568187,11351.146087968642,25600.95081546387
2026-04-12 09:00:00+00:00,25409.0631573715,18936.21806438942,18577.073730903307,22374.22241753174,30251.46636065221,11351.146087968642,25608.958865826477
2026-04-12 09:05:00+00:00,25399.0631573715,18926.21806438942,18577.073730903307,22364.22241753174,30251.46636065221,11351.146087968642,25598.958865826477
2026-04-12 09:10:00+00:00,25389.0631573715,18926.21806438942,18577.073730903307,22364.22241753174,30251.46636065221,11351.146087968642,25588.958865826477
2026-04-12 09:15:00+00:00,25397.077642359654,18926.21806438942,18577.073730903307,22364.22241753174,30251.46636065221,11351.146087968642,25596.97335081463
2026-04-12 09:20:00+00:00,25405.092465711314,18934.232887741084,18577.073730903307,22372.2372408834,30251.46636065221,11351.146087968642,25604.988174166294
2026-04-12 09:25:00+00:00,25413.10646733729,18924.232887741084,18577.073730903307,22372.2372408834,30251.46636065221,11351.146087968642,25613.00217579227
2026-04-12 09:30:00+00:00,25421.121442076135,18932.247862479926,18577.073730903307,22380.252215622248,30259.46463360058,11351.146087968642,25621.017150531115
2026-04-12 09:35:00+00:00,25429.13285173018,18940.25927213397,18577.073730903307,22388.26362527629,30267.469719164623,11351.146087968642,25629.028560185157
2026-04-12 09:40:00+00:00,25437.141761232124,18948.26818163591,18577.073730903307,22396.272534778233,30275.475475836414,11351.146087968642,25637.0374696871
2026-04-12 09:45:00+00:00,25445.140469565125,18948.26818163591,18577.073730903307,22396.272534778233,30283.46410791844,11351.146087968642,25645.036178020106
2026-04-12 09:50:00+00:00,25453.154637733336,18948.26818163591,18577.073730903307,22396.272534778233,30283.46410791844,11351.146087968642,25653.050346188316
2026-04-12 09:55:00+00:00,25461.17058400737,18948.26818163591,18577.073730903307,22396.272534778233,30283.46410791844,11351.146087968642,25661.066292462347
2026-04-12 10:00:00+00:00,25461.17058400737,18948.26818163591,18577.073730903307,22396.272534778233,30283.46410791844,11351.146087968642,25661.066292462347
2026-04-12 10:05:00+00:00,25469.16890948731,18956.27321122868,18577.073730903307,22404.270860258173,30291.4678988088,11351.146087968642,25669.06461794229
2026-04-12 10:10:00+00:00,25477.166481740685,18956.27321122868,18577.073730903307,22404.270860258173,30299.463717607287,11351.146087968642,25677.062190195662
2026-04-12 10:15:00+00:00,25485.17922632221,18956.27321122868,18577.073730903307,22404.270860258173,30299.463717607287,11351.146087968642,25685.074934777185
2026-04-12 10:20:00+00:00,25493.19308799939,18956.27321122868,18577.073730903307,22404.270860258173,30299.463717607287,11351.146087968642,25693.088796454365
2026-04-12 10:25:00+00:00,25501.197624234446,18956.27321122868,18577.073730903307,22404.270860258173,30307.4683045835,11351.146087968642,25701.093332689426
2026-04-12 10:30:00+00:00,25509.205278140573,18964.288108670284,18577.073730903307,22412.278514164296,30307.4683045835,11351.146087968642,25709.10098659555
2026-04-12 10:35:00+00:00,25517.209737536334,18972.29256806605,18577.073730903307,22420.28297356006,30315.471466683117,11351.146087968642,25717.105445991314
2026-04-12 10:40:00+00:00,25525.216638804217,18980.29946933393,18577.073730903307,22428.289874827944,30315.471466683117,11351.146087968642,25725.112347259197
2026-04-12 10:45:00+00:00,25533.231341330236,18980.29946933393,18577.073730903307,22428.289874827944,30323.464279506552,11351.146087968642,25733.127049785217
2026-04-12 10:50:00+00:00,25523.231341330236,18970.29946933393,18577.073730903307,22418.289874827944,30331.467510378734,11351.146087968642,25723.127049785217
2026-04-12 10:55:00+00:00,25531.23023477948,18970.29946933393,18577.073730903307,22418.289874827944,30339.471553366922,11351.146087968642,25731.12594323446
2026-04-12 11:00:00+00:00,25521.23023477948,18970.29946933393,18577.073730903307,22418.289874827944,30329.471553366922,11351.146087968642,25721.12594323446
2026-04-12 11:05:00+00:00,25511.23023477948,18960.29946933393,18577.073730903307,22408.289874827944,30319.471553366922,11351.146087968642,25711.12594323446
2026-04-12 11:10:00+00:00,25519.243143921456,18960.29946933393,18577.073730903307,22408.289874827944,30327.477692152275,11351.146087968642,25719.138852376436
2026-04-12 11:15:00+00:00,25527.258520286217,18968.314845698693,18577.073730903307,22416.305251192705,30327.477692152275,11351.146087968642,25727.154228741198
2026-04-12 11:20:00+00:00,25527.258520286217,18958.314845698693,18577.073730903307,22416.305251192705,30327.477692152275,11351.146087968642,25717.154228741198
2026-04-12 11:25:00+00:00,25535.264171417395,18966.320496829867,18577.073730903307,22424.31090232388,30335.479662226095,11351.146087968642,25725.15987987237
2026-04-12 11:30:00+00:00,25543.272015476337,18974.328340888813,18577.073730903307,22432.318746382825,30343.485913191496,11351.146087968642,25733.167723931318
2026-04-12 11:35:00+00:00,25551.282834443497,18982.33915985597,18577.073730903307,22440.32956534998,30343.485913191496,11351.146087968642,25741.178542898473
2026-04-12 11:40:00+00:00,25559.284932163686,18982.33915985597,18577.073730903307,22440.32956534998,30351.492812900644,11351.146087968642,25749.180640618666
2026-04-12 11:45:00+00:00,25567.29695284123,18990.351180533507,18577.073730903307,22448.34158602752,30351.492812900644,11351.146087968642,25757.192661296205
2026-04-12 11:50:00+00:00,25575.308930332398,18990.351180533507,18577.073730903307,22448.34158602752,30359.487189815172,11351.146087968642,25765.204638787378
2026-04-12 11:55:00+00:00,25583.324835279192,18990.351180533507,18577.073730903307,22448.34158602752,30359.487189815172,11351.146087968642,25773.220543734173
2026-04-12 12:00:00+00:00,25591.321712716883,18998.348057971198,18585.055246265616,22456.32310138983,30367.47592664059,11351.146087968642,25781.21742117186
2026-04-12 12:05:00+00:00,25599.331863616644,19006.35820887096,18585.055246265616,22464.333252289594,30367.47592664059,11351.146087968642,25789.227572071624
2026-04-12 12:10:00+00:00,25589.331863616644,19006.35820887096,18585.055246265616,22464.333252289594,30357.47592664059,11341.146087968642,25779.227572071624
2026-04-12 12:15:00+00:00,25579.331863616644,19006.35820887096,18585.055246265616,22464.333252289594,30357.47592664059,11341.146087968642,25769.227572071624
2026-04-12 12:20:00+00:00,25587.343143969214,19006.35820887096,18585.055246265616,22464.333252289594,30365.481386840154,11341.146087968642,25777.238852424194
2026-04-12 12:25:00+00:00,25595.359357241236,19006.35820887096,18585.055246265616,22464.333252289594,30365.481386840154,11341.146087968642,25785.255065696212
2026-04-12 12:30:00+00:00,25603.370638653047,19006.35820887096,18585.055246265616,22464.333252289594,30373.48431147031,11341.146087968642,25793.266347108023
2026-04-12 12:35:00+00:00,25611.371261049833,19014.358831267746,18593.038842628925,22472.316848652903,30381.471680419792,11341.146087968642,25801.26696950481
2026-04-12 12:40:00+00:00,25619.384166134994,19014.358831267746,18593.038842628925,22472.316848652903,30381.471680419792,11341.146087968642,25809.279874589974
2026-04-12 12:45:00+00:00,25627.396914847213,19014.358831267746,18593.038842628925,22472.316848652903,30389.468994589315,11341.146087968642,25817.292623302194
2026-04-12 12:50:00+00:00,25617.396914847213,19004.358831267746,18600.916048344236,22462.316848652903,30397.452839306257,11341.146087968642,25807.292623302194
2026-04-12 12:55:00+00:00,25625.408626402474,19004.358831267746,18600.916048344236,22462.316848652903,30387.452839306257,11349.139909562875,25815.30433485745
2026-04-12 13:00:00+00:00,25633.366801915905,19012.31700678118,18608.8674508652,22470.268251173868,30395.408468908547,11349.139909562875,25823.262510370885
2026-04-12 13:05:00+00:00,25641.332570723014,19012.31700678118,18608.8674508652,22470.268251173868,30403.414760527925,11349.139909562875,25831.228279177994
2026-04-12 13:10:00+00:00,25649.313001069735,19012.31700678118,18616.843060271876,22478.243860580544,30411.392065019867,11349.139909562875,25839.208709524715
2026-04-12 13:15:00+00:00,25657.299622658014,19020.303628369453,18624.840390374935,22486.241190683602,30419.37795543357,11349.139909562875,25847.19533111299
2026-04-12 13:20:00+00:00,25665.308041822784,19028.31204753423,18624.840390374935,22494.249609848375,30427.378609280484,11349.139909562875,25855.203750277764
2026-04-12 13:25:00+00:00,25673.312525727473,19036.31653143892,18624.840390374935,22502.254093753065,30435.373513798077,11349.139909562875,25863.208234182453
2026-04-12 13:30:00+00:00,25663.312525727473,19036.31653143892,18624.840390374935,22502.254093753065,30425.373513798077,11349.139909562875,25853.208234182453
2026-04-12 13:35:00+00:00,25671.321214732474,19036.31653143892,18632.81412912006,22510.22783249819,30433.37801282035,11349.139909562875,25861.21692318745
2026-04-12 13:40:00+00:00,25679.33721979002,19036.31653143892,18632.81412912006,22510.22783249819,30441.37785480798,11349.139909562875,25869.232928245
2026-04-12 13:45:00+00:00,25669.33721979002,19036.31653143892,18632.81412912006,22510.22783249819,30431.37785480798,11349.139909562875,25859.232928245
2026-04-12 13:50:00+00:00,25677.329834889384,19036.31653143892,18632.81412912006,22510.22783249819,30439.3723966925,11349.139909562875,25867.225543344364
2026-04-12 13:55:00+00:00,25667.329834889384,19026.31653143892,18632.81412912006,22500.22783249819,30447.36843032295,11357.135943193325,25857.225543344364
2026-04-12 14:00:00+00:00,25675.337722104727,19026.31653143892,18632.81412912006,22500.22783249819,30455.372359423673,11357.135943193325,25865.233430559707
2026-04-12 14:05:00+00:00,25683.34117384904,19026.31653143892,18632.81412912006,22500.22783249819,30463.378719388777,11357.135943193325,25873.236882304016
2026-04-12 14:10:00+00:00,25673.34117384904,19016.31653143892,18632.81412912006,22490.22783249819,30471.380965449494,11357.135943193325,25863.236882304016
2026-04-12 14:15:00+00:00,25673.34117384904,19016.31653143892,18640.809552740182,22490.22783249819,30479.3799852794,11357.135943193325,25871.23230592414
2026-04-12 14:20:00+00:00,25681.34233157364,19024.317689163516,18640.809552740182,22498.22899022279,30487.384826559497,11365.139834237953,25879.233463648743
2026-04-12 14:25:00+00:00,25671.34233157364,19024.317689163516,18640.809552740182,22498.22899022279,30495.39057536187,11365.139834237953,25869.233463648743
2026-04-12 14:30:00+00:00,25679.336102401972,19032.311459991848,18648.79224152737,22506.21167900998,30503.376987404772,11365.139834237953,25877.227234477075
2026-04-12 14:35:00+00:00,25687.346002587095,19040.321360176975,18648.79224152737,22514.221579195102,30511.379330002263,11365.139834237953,25885.2371346622
2026-04-12 14:40:00+00:00,25695.346387210266,19040.321360176975,18656.75489041406,22522.184228081795,30519.36387790616,11373.142536344558,25893.237519285365
2026-04-12 14:45:00+00:00,25685.346387210266,19040.321360176975,18656.75489041406,22522.184228081795,30527.366001201997,11381.144764465203,25883.237519285365
2026-04-12 14:50:00+00:00,25675.346387210266,19040.321360176975,18656.75489041406,22522.184228081795,30535.36864107297,11389.147404336178,25873.237519285365
2026-04-12 14:55:00+00:00,25683.34378196006,19048.31875492677,18664.742061617577,22530.17139928531,30543.34715681611,11389.147404336178,25881.23491403516
2026-04-12 15:00:00+00:00,25691.35261266204,19048.31875492677,18664.742061617577,22530.17139928531,30551.350166533844,11389.147404336178,25889.24374473714
2026-04-12 15:05:00+00:00,25699.351327621283,19056.317469886013,18664.742061617577,22538.170114244553,30559.354177038633,11389.147404336178,25897.242459696383
2026-04-12 15:10:00+00:00,25707.35906442004,19064.32520668477,18672.738382200427,22546.1664348274,30567.355573684792,11389.147404336178,25905.250196495144
2026-04-12 15:15:00+00:00,25715.366260569033,19072.332402833767,18680.712849988977,22554.140902615953,30575.357191879273,11389.147404336178,25913.257392644136
2026-04-12 15:20:00+00:00,25705.366260569033,19072.332402833767,18680.712849988977,22554.140902615953,30583.361023073336,11389.147404336178,25903.257392644136
2026-04-12 15:25:00+00:00,25713.380112848827,19072.332402833767,18680.712849988977,22554.140902615953,30591.364019884208,11389.147404336178,25911.27124492393
2026-04-12 15:30:00+00:00,25721.39344739411,19072.332402833767,18680.712849988977,22554.140902615953,30599.364017786796,11397.153393201239,25919.28457946921
2026-04-12 15:35:00+00:00,25729.396094305674,19080.33504974533,18680.712849988977,22562.143549527515,30607.368602232626,11397.153393201239,25927.287226380773
2026-04-12 15:40:00+00:00,25737.409712319924,19080.33504974533,18680.712849988977,22562.143549527515,30615.37325570185,11397.153393201239,25935.300844395024
2026-04-12 15:45:00+00:00,25745.42113409561,19080.33504974533,18680.712849988977,22562.143549527515,30615.37325570185,11397.153393201239,25943.312266170713
2026-04-12 15:50:00+00:00,25753.437017635406,19088.351703713073,18680.712849988977,22570.15943306731,30623.376616887603,11397.153393201239,25951.32814971051
2026-04-12 15:55:00+00:00,25761.441265609385,19096.355951687045,18680.712849988977,22578.163681041282,30631.37977525893,11397.153393201239,25959.332397684484
2026-04-12 16:00:00+00:00,25769.456174677543,19096.355951687045,18680.712849988977,22578.163681041282,30639.383690978768,11405.155623364946,25967.347306752643
2026-04-12 16:05:00+00:00,25777.468011827055,19096.355951687045,18688.695648123212,22586.14647917552,30647.381498228904,11405.155623364946,25975.359143902155
2026-04-12 16:10:00+00:00,25785.467773235345,19104.355713095338,18688.695648123212,22594.14624058381,30655.379519068214,11405.155623364946,25983.358905310448
2026-04-12 16:15:00+00:00,25793.469505976896,19104.355713095338,18688.695648123212,22594.14624058381,30663.38505004369,11405.155623364946,25991.360638052
2026-04-12 16:20:00+00:00,25783.469505976896,19104.355713095338,18688.695648123212,22594.14624058381,30671.389017566195,11413.153183716313,25981.360638052
2026-04-12 16:25:00+00:00,25791.48001510044,19112.36622221888,18688.695648123212,22602.15674970735,30671.389017566195,11413.153183716313,25989.371147175538
2026-04-12 16:30:00+00:00,25799.492715209693,19120.378922328135,18688.695648123212,22610.16944981661,30671.389017566195,11413.153183716313,25997.383847284797
2026-04-12 16:35:00+00:00,25807.497830122396,19128.384037240838,18688.695648123212,22618.174564729314,30679.391947609096,11413.153183716313,26005.3889621975
2026-04-12 16:40:00+00:00,25815.509182630394,19128.384037240838,18688.695648123212,22618.174564729314,30687.39349621598,11413.153183716313,26013.400314705497
2026-04-12 16:45:00+00:00,25823.525019963337,19128.384037240838,18688.695648123212,22618.174564729314,30695.38718473234,11413.153183716313,26021.416152038437
2026-04-12 16:50:00+00:00,25831.527751779206,19136.38676905671,18688.695648123212,22626.177296545182,30703.388454613443,11413.153183716313,26029.418883854305
2026-04-12 16:55:00+00:00,25821.527751779206,19126.38676905671,18688.695648123212,22616.177296545182,30711.386789349974,11413.153183716313,26019.418883854305
2026-04-12 17:00:00+00:00,25829.53045556514,19126.38676905671,18688.695648123212,22616.177296545182,30719.389561825694,11413.153183716313,26027.42158764024
2026-04-12 17:05:00+00:00,25829.53045556514,19126.38676905671,18688.695648123212,22616.177296545182,30719.389561825694,11413.153183716313,26027.42158764024
2026-04-12 17:10:00+00:00,25837.52625676291,19134.38257025448,18688.695648123212,22624.173097742954,30727.387509062795,11413.153183716313,26035.41738883801
2026-04-12 17:15:00+00:00,25845.533560736418,19142.389874227985,18688.695648123212,22632.180401716458,30735.393795397846,11413.153183716313,26043.424692811517
2026-04-12 17:20:00+00:00,25853.53952603398,19142.389874227985,18688.695648123212,22632.180401716458,30743.39996028088,11413.153183716313,26051.43065810908
2026-04-12 17:25:00+00:00,25861.542721602873,19142.389874227985,18688.695648123212,22632.180401716458,30751.40322038299,11413.153183716313,26059.433853677976
2026-04-12 17:30:00+00:00,25851.542721602873,19142.389874227985,18688.695648123212,22632.180401716458,30751.40322038299,11413.153183716313,26049.433853677976
2026-04-12 17:35:00+00:00,25841.542721602873,19142.389874227985,18688.695648123212,22632.180401716458,30741.40322038299,11413.153183716313,26039.433853677976
2026-04-12 17:40:00+00:00,25831.542721602873,19132.389874227985,18688.695648123212,22622.180401716458,30731.40322038299,11413.153183716313,26029.433853677976
2026-04-12 17:45:00+00:00,25821.542721602873,19122.389874227985,18678.695648123212,22612.180401716458,30721.40322038299,11413.153183716313,26019.433853677976
2026-04-12 17:50:00+00:00,25829.493240021882,19130.340392647,18686.6514688483,22620.136222441542,30729.35342398273,11413.153183716313,26027.384372096985
2026-04-12 17:55:00+00:00,25837.504138751225,19130.340392647,18686.6514688483,22620.136222441542,30737.360218878748,11413.153183716313,26035.395270826324
2026-04-12 18:00:00+00:00,25827.504138751225,19120.340392647,18686.6514688483,22610.136222441542,30727.360218878748,11413.153183716313,26025.395270826324
2026-04-12 18:05:00+00:00,25817.504138751225,19120.340392647,18686.6514688483,22610.136222441542,30717.360218878748,11413.153183716313,26015.395270826324
2026-04-12 18:10:00+00:00,25817.504138751225,19120.340392647,18686.6514688483,22610.136222441542,30717.360218878748,11413.153183716313,26015.395270826324
2026-04-12 18:15:00+00:00,25825.51832263131,19120.340392647,18686.6514688483,22610.136222441542,30725.360313595098,11413.153183716313,26023.40945470641
2026-04-12 18:20:00+00:00,25815.51832263131,19110.340392647,18686.6514688483,22600.136222441542,30715.360313595098,11413.153183716313,26013.40945470641
2026-04-12 18:25:00+00:00,25823.520952296887,19118.35598481618,18686.6514688483,22608.13885210712,30715.360313595098,11413.153183716313,26021.412084371987
2026-04-12 18:30:00+00:00,25831.526488901873,19118.35598481618,18686.6514688483,22608.13885210712,30723.36552556928,11413.153183716313,26029.417620976972
2026-04-12 18:35:00+00:00,25839.531359919456,19126.360855833766,18686.6514688483,22616.14372312471,30731.371635064148,11413.153183716313,26037.42249199456
2026-04-12 18:40:00+00:00,25847.53852804985,19134.368023964154,18694.63367545825,22624.125929734662,30739.3767102306,11413.153183716313,26045.42966012495
2026-04-12 18:45:00+00:00,25847.53852804985,19134.368023964154,18694.63367545825,22624.125929734662,30739.3767102306,11413.153183716313,26045.42966012495
2026-04-12 19:35:00+00:00,25855.530793124613,19134.368023964154,18694.63367545825,22624.125929734662,30747.36915965444,11413.153183716313,26053.421925199713
2026-04-12 19:40:00+00:00,25845.530793124613,19134.368023964154,18694.63367545825,22624.125929734662,30747.36915965444,11413.153183716313,26043.421925199713
2026-04-12 19:45:00+00:00,25835.530793124613,19134.368023964154,18694.63367545825,22624.125929734662,30747.36915965444,11413.153183716313,26033.421925199713
2026-04-12 19:50:00+00:00,25843.535709908458,19142.372940748002,18694.63367545825,22632.130846518507,30755.372591160183,11413.153183716313,26041.426841983557
2026-04-12 19:55:00+00:00,25851.543017755896,19150.380248595437,18694.63367545825,22640.138154365945,30755.372591160183,11413.153183716313,26049.434149830995
2026-04-12 20:00:00+00:00,25841.543017755896,19140.380248595437,18694.63367545825,22630.138154365945,30755.372591160183,11413.153183716313,26039.434149830995
2026-04-12 20:05:00+00:00,25849.553792454768,19148.391023294313,18694.63367545825,22638.148929064817,30763.379533357976,11413.153183716313,26047.444924529867
2026-04-12 20:10:00+00:00,25839.553792454768,19138.391023294313,18694.63367545825,22628.148929064817,30763.379533357976,11413.153183716313,26037.444924529867
2026-04-12 20:15:00+00:00,25847.550104742157,19146.387335581698,18694.63367545825,22636.145241352206,30771.376673135106,11413.153183716313,26045.441236817256
2026-04-12 20:20:00+00:00,25855.554403413043,19146.387335581698,18694.63367545825,22636.145241352206,30779.38102229948,11413.153183716313,26053.445535488147
2026-04-12 20:25:00+00:00,25863.568806133193,19154.401738301847,18694.63367545825,22644.15964407235,30779.38102229948,11413.153183716313,26061.459938208296
2026-04-12 20:30:00+00:00,25871.58240568498,19162.415337853636,18694.63367545825,22652.173243624136,30787.380202817676,11413.153183716313,26069.47353776008
2026-04-12 20:35:00+00:00,25879.590375525433,19170.423307694087,18694.63367545825,22660.18121346459,30795.387072812573,11413.153183716313,26077.481507600532
2026-04-12 20:40:00+00:00,25887.56219711282,19178.395129281475,18702.59229251452,22668.139830520864,30803.354839469837,11413.153183716313,26085.45332918792
2026-04-12 20:45:00+00:00,25895.557794522832,19178.395129281475,18710.569000881176,22676.116538887516,30811.346095708057,11413.153183716313,26093.448926597935
2026-04-12 20:50:00+00:00,25903.550373379574,19186.387708138216,18718.5509994875,22684.09853749384,30819.32971115192,11413.153183716313,26101.441505454677
2026-04-12 20:55:00+00:00,25911.561913262572,19176.387708138216,18718.5509994875,22684.09853749384,30827.328828633978,11413.153183716313,26109.453045337676
2026-04-12 21:00:00+00:00,25919.544952425567,19184.370747301207,18726.5379144545,22692.085452460844,30835.31347488268,11413.153183716313,26117.436084500667
2026-04-12 21:05:00+00:00,25927.55578431477,19192.381579190413,18734.51704752188,22700.06458552822,30843.313696592457,11413.153183716313,26125.446916389872
2026-04-12 21:10:00+00:00,25935.541380913484,19200.36717578912,18742.50098488567,22708.048522892015,30851.30057676453,11413.153183716313,26133.432512988584
2026-04-12 21:15:00+00:00,25943.530431351748,19208.35622622739,18750.483242203514,22716.030780209854,30859.29367181886,11413.153183716313,26141.42156342685
2026-04-12 21:20:00+00:00,25951.54568287418,19216.371477749817,18750.483242203514,22724.046031732287,30859.29367181886,11413.153183716313,26149.43681494928
2026-04-12 21:25:00+00:00,25959.5581216144,19216.371477749817,18750.483242203514,22724.046031732287,30859.29367181886,11413.153183716313,26157.4492536895
2026-04-12 21:30:00+00:00,25967.57197409602,19216.371477749817,18750.483242203514,22724.046031732287,30867.30054042675,11413.153183716313,26165.46310617112
2026-04-12 21:35:00+00:00,25975.583603312545,19224.383106966343,18750.483242203514,22732.057660948813,30875.307161736033,11413.153183716313,26173.474735387645
2026-04-12 21:40:00+00:00,25983.593797410907,19232.39330106471,18750.483242203514,22740.06785504717,30883.313616805684,11413.153183716313,26181.48492948601
2026-04-12 21:45:00+00:00,25991.605650280795,19232.39330106471,18750.483242203514,22740.06785504717,30891.316800164575,11413.153183716313,26189.496782355898
2026-04-12 21:50:00+00:00,25981.605650280795,19232.39330106471,18750.483242203514,22740.06785504717,30881.316800164575,11413.153183716313,26179.496782355898
2026-04-12 21:55:00+00:00,25989.60988576882,19232.39330106471,18750.483242203514,22740.06785504717,30889.31972128022,11413.153183716313,26187.50101784392
2026-04-12 22:00:00+00:00,25997.44612497196,19232.39330106471,18758.220715522846,22747.805328366507,30897.09543504657,11413.153183716313,26195.337257047064
2026-04-12 22:05:00+00:00,26005.37431900038,19240.32149509312,18766.180913275,22755.76552611866,30905.02198877721,11413.153183716313,26203.26545107548
2026-04-12 22:10:00+00:00,25995.37431900038,19230.32149509312,18756.180913275,22745.76552611866,30895.02198877721,11413.153183716313,26193.26545107548
2026-04-12 22:15:00+00:00,26003.346409359696,19238.29358545244,18764.14982692796,22753.734439771615,30902.959806633953,11413.153183716313,26201.2375414348
2026-04-12 22:20:00+00:00,26011.340507964444,19238.29358545244,18764.14982692796,22753.734439771615,30910.959658960997,11413.153183716313,26209.231640039543
2026-04-12 22:25:00+00:00,26019.321173956974,19246.27425144497,18772.1174065918,22761.702019435455,30918.962089876914,11413.153183716313,26217.212306032074
2026-04-12 22:30:00+00:00,26027.328961805364,19246.27425144497,18772.1174065918,22761.702019435455,30908.962089876914,11421.15380007268,26225.220093880467
2026-04-12 22:35:00+00:00,26035.31355926367,19254.25884890328,18780.107197887253,22769.69181073091,30916.95485696654,11421.15380007268,26233.204691338775
2026-04-12 22:40:00+00:00,26043.316549571395,19254.25884890328,18780.107197887253,22769.69181073091,30924.94924086619,11429.16049260472,26241.207681646498
2026-04-12 22:45:00+00:00,26033.316549571395,19244.25884890328,18770.107197887253,22759.69181073091,30914.94924086619,11429.16049260472,26231.207681646498
2026-04-12 22:50:00+00:00,26041.30211973341,19252.24441906529,18778.090873300316,22767.675486143977,30922.93402589875,11429.16049260472,26239.19325180851
2026-04-12 22:55:00+00:00,26049.311850803082,19260.254150134962,18778.090873300316,22775.68521721365,30930.937122814925,11429.16049260472,26247.20298287818
2026-04-12 23:00:00+00:00,26057.26970605846,19260.254150134962,18786.050629181802,22783.64497309513,30938.88399881675,11429.16049260472,26255.160838133565
2026-04-12 23:05:00+00:00,26065.28477589845,19260.254150134962,18786.050629181802,22783.64497309513,30946.885837854596,11437.163629912031,26263.17590797355
2026-04-12 23:10:00+00:00,26073.29131791887,19268.26069215538,18794.019356383695,22791.613700297028,30954.891285311605,11437.163629912031,26271.18244999397
2026-04-12 23:15:00+00:00,26063.29131791887,19268.26069215538,18794.019356383695,22791.613700297028,30944.891285311605,11437.163629912031,26261.18244999397
2026-04-12 23:20:00+00:00,26071.283179956004,19276.25255419252,18794.019356383695,22799.605562334164,30952.896178817144,11437.163629912031,26269.174312031108
2026-04-12 23:25:00+00:00,26079.26539779482,19284.234772031334,18801.988750955337,22807.574956905803,30960.87084034792,11437.163629912031,26277.15652986992
2026-04-12 23:30:00+00:00,26087.250029968927,19284.234772031334,18809.961414725036,22815.547620675505,30968.84850094603,11437.163629912031,26285.141162044027
2026-04-12 23:35:00+00:00,26095.244927618653,19292.229669681063,18817.946261613786,22823.532467564255,30976.84739008293,11437.163629912031,26293.136059693756
2026-04-12 23:40:00+00:00,26095.244927618653,19300.23635501123,18817.946261613786,22823.532467564255,30984.85299450893,11437.163629912031,26301.142745023924
2026-04-12 23:45:00+00:00,26103.25947412051,19300.23635501123,18817.946261613786,22823.532467564255,30992.856850340457,11445.16748574356,26309.15729152578
2026-04-12 23:50:00+00:00,26111.233866192666,19308.210747083387,18825.88186816946,22831.46807411993,31000.811024898463,11445.16748574356,26317.131683597938
2026-04-12 23:55:00+00:00,26119.238752982048,19308.210747083387,18825.88186816946,22831.46807411993,31008.81184448244,11445.16748574356,26325.13657038732
2026-04-13 00:00:00+00:00,26127.21603878968,19308.210747083387,18833.839399187207,22839.425605137676,31016.783861818953,11445.16748574356,26333.113856194952
2026-04-13 00:05:00+00:00,26135.214734841324,19308.210747083387,18841.813867592886,22847.40007354335,31024.766126686452,11445.16748574356,26341.112552246595
2026-04-13 00:10:00+00:00,26125.214734841324,19308.210747083387,18841.813867592886,22847.40007354335,31014.766126686452,11445.16748574356,26331.112552246595
2026-04-13 00:15:00+00:00,26133.210447331476,19316.206459573543,18849.791025964856,22855.37723191532,31022.768962457347,11445.16748574356,26339.108264736748
2026-04-13 00:20:00+00:00,26141.201388198526,19324.197400440593,18849.791025964856,22863.36817278237,31030.773704316623,11445.16748574356,26347.099205603798
2026-04-13 00:25:00+00:00,26149.20164618146,19324.197400440593,18857.73848779457,22871.31563461209,31038.74376796489,11445.16748574356,26355.099463586732
2026-04-13 00:30:00+00:00,26157.208982180106,19324.197400440593,18857.73848779457,22871.31563461209,31046.739432621514,11445.16748574356,26363.106799585374
2026-04-13 00:35:00+00:00,26165.213302921467,19324.197400440593,18857.73848779457,22871.31563461209,31054.74379789185,11445.16748574356,26371.111120326736
2026-04-13 00:40:00+00:00,26173.220174985578,19324.197400440593,18857.73848779457,22871.31563461209,31062.746015424163,11445.16748574356,26379.11799239085
2026-04-13 00:45:00+00:00,26163.220174985578,19324.197400440593,18857.73848779457,22871.31563461209,31070.74940047195,11453.16658816315,26369.11799239085
2026-04-13 00:50:00+00:00,26171.227484215487,19324.197400440593,18857.73848779457,22871.31563461209,31078.756432300204,11453.16658816315,26377.125301620756
2026-04-13 00:55:00+00:00,26179.213183070395,19332.1830992955,18865.73064943481,22879.307796252324,31086.749612764645,11453.16658816315,26385.111000475667
2026-04-13 01:00:00+00:00,26187.21957423971,19332.1830992955,18865.73064943481,22879.307796252324,31076.749612764645,11443.16658816315,26393.11739164498
2026-04-13 01:05:00+00:00,26195.219054024194,19340.18257907999,18865.73064943481,22887.30727603681,31084.747376548265,11443.16658816315,26401.116871429465
2026-04-13 01:10:00+00:00,26203.204880322824,19348.168405378616,18873.71078880015,22895.287415402152,31092.71925471749,11443.16658816315,26409.102697728093
2026-04-13 01:15:00+00:00,26211.21254799964,19348.168405378616,18873.71078880015,22895.287415402152,31100.724357324623,11443.16658816315,26417.11036540491
2026-04-13 01:20:00+00:00,26219.22700122744,19348.168405378616,18873.71078880015,22895.287415402152,31108.726982074695,11443.16658816315,26425.12481863271
2026-04-13 01:25:00+00:00,26227.235794284912,19348.168405378616,18873.71078880015,22895.287415402152,31116.732854832062,11443.16658816315,26433.133611690184
2026-04-13 01:30:00+00:00,26217.235794284912,19348.168405378616,18873.71078880015,22895.287415402152,31106.732854832062,11451.167981079763,26423.133611690184
2026-04-13 01:35:00+00:00,26225.25142767701,19348.168405378616,18873.71078880015,22895.287415402152,31114.739447086806,11451.167981079763,26431.14924508228
2026-04-13 01:40:00+00:00,26215.25142767701,19348.168405378616,18873.71078880015,22895.287415402152,31104.739447086806,11451.167981079763,26421.14924508228
2026-04-13 01:45:00+00:00,26205.25142767701,19348.168405378616,18873.71078880015,22895.287415402152,31094.739447086806,11451.167981079763,26411.14924508228
2026-04-13 01:50:00+00:00,26195.25142767701,19348.168405378616,18873.71078880015,22895.287415402152,31084.739447086806,11451.167981079763,26401.14924508228
2026-04-13 01:55:00+00:00,26203.24054627304,19356.157523974645,18881.685283291306,22903.261909893314,31092.71376465638,11451.167981079763,26409.138363678307
2026-04-13 02:00:00+00:00,26211.249636643704,19356.157523974645,18881.685283291306,22903.261909893314,31100.704162048514,11451.167981079763,26417.147454048973
2026-04-13 02:05:00+00:00,26219.262408452036,19364.170295782977,18881.685283291306,22911.274681701645,31108.709558957242,11451.167981079763,26425.160225857308
2026-04-13 02:10:00+00:00,26227.262522437646,19372.170409768587,18889.64211813463,22919.23151654497,31116.685984989635,11451.167981079763,26433.160339842914
2026-04-13 02:15:00+00:00,26235.266918938112,19372.170409768587,18889.64211813463,22919.23151654497,31124.69288900854,11451.167981079763,26441.164736343384
2026-04-13 02:20:00+00:00,26243.28002053019,19372.170409768587,18889.64211813463,22919.23151654497,31132.694600044888,11451.167981079763,26449.17783793546
2026-04-13 02:25:00+00:00,26243.28002053019,19372.170409768587,18897.62920831168,22919.23151654497,31140.688786137656,11451.167981079763,26457.164928112506
2026-04-13 02:30:00+00:00,26251.291720971243,19372.170409768587,18897.62920831168,22919.23151654497,31148.69287095,11459.170747853885,26465.17662855356
2026-04-13 02:35:00+00:00,26259.302077239525,19380.180766036865,18905.610741983168,22927.21305021646,31156.679878958766,11459.170747853885,26473.186984821838
2026-04-13 02:40:00+00:00,26249.302077239525,19380.180766036865,18905.610741983168,22927.21305021646,31146.679878958766,11459.170747853885,26463.186984821838
2026-04-13 02:45:00+00:00,26257.313312476093,19388.192001273434,18905.610741983168,22935.224285453027,31136.679878958766,11459.170747853885,26471.19822005841
2026-04-13 02:50:00+00:00,26247.313312476093,19378.192001273434,18905.610741983168,22925.224285453027,31126.679878958766,11459.170747853885,26461.19822005841
2026-04-13 02:55:00+00:00,26255.329193803827,19378.192001273434,18905.610741983168,22925.224285453027,31126.679878958766,11459.170747853885,26469.214101386144
2026-04-13 03:00:00+00:00,26245.329193803827,19368.192001273434,18895.610741983168,22915.224285453027,31116.679878958766,11459.170747853885,26459.214101386144
2026-04-13 03:05:00+00:00,26253.32710614749,19368.192001273434,18895.610741983168,22915.224285453027,31124.68605393844,11459.170747853885,26467.212013729808
2026-04-13 03:10:00+00:00,26261.33253534662,19368.192001273434,18895.610741983168,22915.224285453027,31132.69148313757,11459.170747853885,26475.217442928937
2026-04-13 03:15:00+00:00,26269.34421861022,19368.192001273434,18895.610741983168,22915.224285453027,31140.6890685724,11459.170747853885,26483.22912619253
2026-04-13 03:20:00+00:00,26277.341334549244,19368.192001273434,18903.583266431615,22923.196809901478,31148.685224418,11459.170747853885,26491.226242131557
2026-04-13 03:25:00+00:00,26285.345135017633,19376.195801741822,18903.583266431615,22931.200610369866,31156.68421305066,11459.170747853885,26499.230042599946
2026-04-13 03:30:00+00:00,26275.345135017633,19366.195801741822,18903.583266431615,22921.200610369866,31156.68421305066,11459.170747853885,26489.230042599946
2026-04-13 03:35:00+00:00,26283.337588036575,19374.188254760767,18903.583266431615,22929.193063388808,31164.678832358313,11459.170747853885,26497.222495618887
2026-04-13 03:40:00+00:00,26291.34128230651,19374.188254760767,18903.583266431615,22929.193063388808,31172.68257202853,11459.170747853885,26505.226189888817
2026-04-13 03:45:00+00:00,26299.343992004917,19374.188254760767,18903.583266431615,22929.193063388808,31180.68155841364,11459.170747853885,26513.22889958723
2026-04-13 03:50:00+00:00,26289.343992004917,19374.188254760767,18903.583266431615,22929.193063388808,31180.68155841364,11459.170747853885,26503.22889958723
2026-04-13 03:55:00+00:00,26279.343992004917,19364.188254760767,18903.583266431615,22919.193063388808,31180.68155841364,11459.170747853885,26493.22889958723
2026-04-13 04:00:00+00:00,26287.352597293175,19364.188254760767,18903.583266431615,22919.193063388808,31180.68155841364,11459.170747853885,26501.237504875488
2026-04-13 04:05:00+00:00,26295.357505986583,19372.193163454176,18903.583266431615,22927.197972082216,31188.68521258815,11459.170747853885,26509.242413568896
2026-04-13 04:10:00+00:00,26303.37232767138,19372.193163454176,18903.583266431615,22927.197972082216,31188.68521258815,11459.170747853885,26517.257235253688
2026-04-13 04:15:00+00:00,26293.37232767138,19372.193163454176,18903.583266431615,22927.197972082216,31178.68521258815,11459.170747853885,26507.257235253688
2026-04-13 04:20:00+00:00,26283.37232767138,19362.193163454176,18903.583266431615,22917.197972082216,31178.68521258815,11459.170747853885,26497.257235253688
2026-04-13 04:25:00+00:00,26291.364112355564,19370.18494813836,18903.583266431615,22925.189756766402,31186.67412043089,11459.170747853885,26505.249019937874
2026-04-13 04:30:00+00:00,26299.36127062193,19378.182106404725,18903.583266431615,22933.186915032766,31194.667157313546,11459.170747853885,26513.246178204237
2026-04-13 04:35:00+00:00,26289.36127062193,19378.182106404725,18903.583266431615,22933.186915032766,31184.667157313546,11459.170747853885,26503.246178204237
2026-04-13 04:40:00+00:00,26297.370177628785,19386.191013411582,18903.583266431615,22941.195822039626,31192.669256192312,11459.170747853885,26511.255085211094
2026-04-13 04:45:00+00:00,26305.37501856091,19394.195854343707,18903.583266431615,22949.200662971747,31200.672840443956,11459.170747853885,26519.259926143215
2026-04-13 04:50:00+00:00,26313.35043064566,19402.17126642846,18911.560251202707,22957.17764774284,31208.650417133947,11459.170747853885,26527.23533822797
2026-04-13 04:55:00+00:00,26321.363145615644,19402.17126642846,18911.560251202707,22957.17764774284,31208.650417133947,11459.170747853885,26535.248053197953
2026-04-13 05:00:00+00:00,26311.363145615644,19402.17126642846,18911.560251202707,22957.17764774284,31198.650417133947,11459.170747853885,26525.248053197953
2026-04-13 05:05:00+00:00,26319.36708053017,19410.175201342987,18911.560251202707,22965.181582657366,31206.654824424888,11459.170747853885,26533.251988112475
2026-04-13 05:10:00+00:00,26309.36708053017,19400.175201342987,18911.560251202707,22955.181582657366,31206.654824424888,11459.170747853885,26523.251988112475
2026-04-13 05:15:00+00:00,26309.36708053017,19408.174809856744,18911.560251202707,22955.181582657366,31206.654824424888,11459.170747853885,26531.251596626236
2026-04-13 05:20:00+00:00,26299.36708053017,19398.174809856744,18911.560251202707,22945.181582657366,31206.654824424888,11459.170747853885,26521.251596626236
2026-04-13 05:25:00+00:00,26307.37849900223,19398.174809856744,18911.560251202707,22945.181582657366,31214.66152573934,11459.170747853885,26529.263015098295
2026-04-13 05:30:00+00:00,26315.3690162435,19406.165327098017,18919.55295524501,22953.17428669967,31222.649326131235,11459.170747853885,26537.253532339564
2026-04-13 05:35:00+00:00,26323.385286562247,19406.165327098017,18919.55295524501,22953.17428669967,31230.647216006677,11459.170747853885,26545.26980265831
2026-04-13 05:40:00+00:00,26331.38168514752,19414.16172568329,18919.55295524501,22961.170685284946,31238.638529592587,11459.170747853885,26553.266201243583
2026-04-13 05:45:00+00:00,26339.35776410024,19414.16172568329,18927.540865891686,22969.158595931614,31246.621986983948,11459.170747853885,26561.242280196304
2026-04-13 05:50:00+00:00,26347.367563320528,19422.171524903577,18927.540865891686,22977.168395151904,31246.621986983948,11459.170747853885,26569.252079416594
2026-04-13 05:55:00+00:00,26355.371637691904,19422.171524903577,18927.540865891686,22977.168395151904,31246.621986983948,11459.170747853885,26577.25615378797
2026-04-13 06:00:00+00:00,26363.377788387632,19422.171524903577,18927.540865891686,22977.168395151904,31254.62801613858,11459.170747853885,26585.262304483695
2026-04-13 06:05:00+00:00,26371.38267725183,19430.18461707264,18927.540865891686,22985.173284016106,31262.63296762666,11459.170747853885,26593.267193347896
2026-04-13 06:10:00+00:00,26379.39636847405,19430.18461707264,18927.540865891686,22985.173284016106,31262.63296762666,11459.170747853885,26601.280884570115
2026-04-13 06:15:00+00:00,26387.39152715936,19430.18461707264,18927.540865891686,22985.173284016106,31270.628126311974,11459.170747853885,26609.276043255428
2026-04-13 06:20:00+00:00,26395.405298136477,19430.18461707264,18927.540865891686,22985.173284016106,31270.628126311974,11459.170747853885,26617.289814232543
2026-04-13 06:25:00+00:00,26403.405302475316,19438.184621411478,18927.540865891686,22993.173288354945,31278.62907687452,11459.170747853885,26625.289818571382
2026-04-13 06:30:00+00:00,26411.4174161835,19446.196735119665,18927.540865891686,23001.18540206313,31278.62907687452,11459.170747853885,26633.301932279566
2026-04-13 06:35:00+00:00,26401.4174161835,19446.196735119665,18927.540865891686,23001.18540206313,31278.62907687452,11459.170747853885,26623.301932279566
2026-04-13 06:40:00+00:00,26391.4174161835,19446.196735119665,18927.540865891686,23001.18540206313,31268.62907687452,11459.170747853885,26613.301932279566
2026-04-13 06:45:00+00:00,26381.4174161835,19436.196735119665,18927.540865891686,22991.18540206313,31258.62907687452,11459.170747853885,26603.301932279566
2026-04-13 06:50:00+00:00,26389.43101363916,19436.196735119665,18927.540865891686,22991.18540206313,31258.62907687452,11459.170747853885,26611.315529735228
2026-04-13 06:55:00+00:00,26397.442338932826,19426.196735119665,18927.540865891686,22991.18540206313,31258.62907687452,11459.170747853885,26619.326855028892
2026-04-13 07:00:00+00:00,26405.45634720961,19426.196735119665,18927.540865891686,22991.18540206313,31266.632680268907,11459.170747853885,26627.340863305675
2026-04-13 07:05:00+00:00,26413.447850510405,19434.18823842046,18935.517847949748,22999.16238412119,31274.616022105572,11459.170747853885,26635.33236660647
2026-04-13 07:10:00+00:00,26421.462421583394,19424.18823842046,18935.517847949748,22999.16238412119,31282.620995845475,11459.170747853885,26643.34693767946
2026-04-13 07:15:00+00:00,26429.467005125123,19424.18823842046,18935.517847949748,22999.16238412119,31290.62319942448,11459.170747853885,26651.35152122119
2026-04-13 07:20:00+00:00,26437.4429401935,19432.16417348884,18943.460952917587,23007.105489089034,31298.582981046296,11459.170747853885,26659.327456289568
2026-04-13 07:25:00+00:00,26445.451928614533,19440.173161909872,18943.460952917587,23015.114477510066,31288.582981046296,11459.170747853885,26667.3364447106
2026-04-13 07:30:00+00:00,26435.451928614533,19440.173161909872,18943.460952917587,23015.114477510066,31278.582981046296,11459.170747853885,26657.3364447106
2026-04-13 07:35:00+00:00,26443.454385591533,19440.173161909872,18943.460952917587,23015.114477510066,31286.58199017751,11459.170747853885,26665.3389016876
2026-04-13 07:40:00+00:00,26451.4629857199,19440.173161909872,18943.460952917587,23015.114477510066,31294.57350443604,11459.170747853885,26673.347501815966
2026-04-13 07:45:00+00:00,26459.47639395503,19440.173161909872,18943.460952917587,23015.114477510066,31302.576082372245,11459.170747853885,26681.360910051095
2026-04-13 07:50:00+00:00,26467.477915422358,19448.174683377205,18943.460952917587,23023.115998977395,31310.57779916497,11459.170747853885,26689.362431518424
2026-04-13 07:55:00+00:00,26475.479355197585,19456.17612315243,18943.460952917587,23031.117438752623,31318.575094985546,11459.170747853885,26697.36387129365
2026-04-13 08:00:00+00:00,26465.479355197585,19456.17612315243,18943.460952917587,23031.117438752623,31308.575094985546,11467.174682824725,26687.36387129365
2026-04-13 08:05:00+00:00,26473.481554467788,19464.17832242263,18943.460952917587,23039.119638022825,31316.566701139527,11467.174682824725,26695.366070563854
2026-04-13 08:10:00+00:00,26463.481554467788,19464.17832242263,18943.460952917587,23039.119638022825,31306.566701139527,11467.174682824725,26685.366070563854
2026-04-13 08:15:00+00:00,26453.481554467788,19464.17832242263,18943.460952917587,23039.119638022825,31296.566701139527,11467.174682824725,26675.366070563854
2026-04-13 08:20:00+00:00,26461.48326416291,19472.18003211775,18943.460952917587,23047.121347717948,31304.56880342227,11467.174682824725,26683.367780258977
2026-04-13 08:25:00+00:00,26451.48326416291,19472.18003211775,18943.460952917587,23047.121347717948,31312.56504038804,11467.174682824725,26673.367780258977
2026-04-13 08:30:00+00:00,26459.478806601364,19472.18003211775,18943.460952917587,23047.121347717948,31320.56987093344,11467.174682824725,26681.36332269743
2026-04-13 08:35:00+00:00,26467.483191534528,19480.184417050914,18943.460952917587,23055.12573265111,31328.564498858283,11467.174682824725,26689.367707630594
2026-04-13 08:40:00+00:00,26475.487640248277,19480.184417050914,18951.44917063579,23063.113950369312,31336.555214301938,11467.174682824725,26697.372156344343
2026-04-13 08:45:00+00:00,26483.494921106645,19480.184417050914,18951.44917063579,23063.113950369312,31344.55853537173,11475.17255526449,26705.37943720271
2026-04-13 08:50:00+00:00,26473.494921106645,19480.184417050914,18951.44917063579,23063.113950369312,31334.55853537173,11475.17255526449,26695.37943720271
2026-04-13 08:55:00+00:00,26481.495000308987,19480.184417050914,18951.44917063579,23063.113950369312,31342.56470972818,11475.17255526449,26703.379516405053
2026-04-13 09:00:00+00:00,26489.447659861074,19488.137076603,18959.36610527747,23071.030885010994,31350.49154185875,11475.17255526449,26711.33217595714
2026-04-13 09:05:00+00:00,26497.444627226592,19496.134043968523,18959.36610527747,23079.027852376512,31358.48985420203,11475.17255526449,26719.32914332266
2026-04-13 09:10:00+00:00,26505.451589237022,19496.134043968523,18959.36610527747,23079.027852376512,31358.48985420203,11475.17255526449,26727.33610533309
2026-04-13 09:20:00+00:00,26513.458516826253,19496.134043968523,18959.36610527747,23079.027852376512,31358.48985420203,11475.17255526449,26735.34303292232
2026-04-13 09:25:00+00:00,26521.455335342842,19504.130862485108,18967.3585940217,23087.020341120744,31366.484651939434,11475.17255526449,26743.33985143891
2026-04-13 09:30:00+00:00,26529.461302078318,19504.130862485108,18967.3585940217,23087.020341120744,31366.484651939434,11475.17255526449,26751.345818174384
2026-04-13 09:35:00+00:00,26537.465982201553,19504.130862485108,18967.3585940217,23087.020341120744,31366.484651939434,11475.17255526449,26759.35049829762
2026-04-13 09:40:00+00:00,26545.47532208094,19504.130862485108,18967.3585940217,23087.020341120744,31374.49190447681,11475.17255526449,26767.359838177006
2026-04-13 09:45:00+00:00,26553.48255799426,19512.138098398427,18967.3585940217,23095.027577034063,31374.49190447681,11475.17255526449,26775.367074090325
2026-04-13 09:50:00+00:00,26543.48255799426,19512.138098398427,18967.3585940217,23095.027577034063,31374.49190447681,11475.17255526449,26765.367074090325
2026-04-13 09:55:00+00:00,26551.48561719087,19520.141157595037,18967.3585940217,23103.030636230673,31374.49190447681,11475.17255526449,26773.370133286935
2026-04-13 10:00:00+00:00,26559.498546317936,19520.141157595037,18967.3585940217,23103.030636230673,31374.49190447681,11475.17255526449,26781.383062414003
2026-04-13 10:05:00+00:00,26567.505704288757,19528.148315565857,18967.3585940217,23111.037794201493,31382.492417147485,11475.17255526449,26789.390220384823
2026-04-13 10:10:00+00:00,26575.516064207703,19536.158675484803,18967.3585940217,23119.048154120443,31382.492417147485,11475.17255526449,26797.40058030377
2026-04-13 10:15:00+00:00,26583.504811047846,19536.158675484803,18975.33296951819,23127.02252961693,31390.474106305897,11475.17255526449,26805.389327143912
2026-04-13 10:20:00+00:00,26573.504811047846,19526.158675484803,18975.33296951819,23117.02252961693,31398.472194402915,11475.17255526449,26795.389327143912
2026-04-13 10:25:00+00:00,26581.514628800236,19526.158675484803,18975.33296951819,23117.02252961693,31406.476752291434,11475.17255526449,26803.399144896302
2026-04-13 10:30:00+00:00,26589.529697333135,19526.158675484803,18975.33296951819,23117.02252961693,31406.476752291434,11475.17255526449,26811.4142134292
2026-04-13 10:35:00+00:00,26597.534382426795,19526.158675484803,18983.32013420332,23125.00969430206,31414.466287075786,11483.1776543226,26819.41889852286
2026-04-13 10:40:00+00:00,26605.53572625445,19534.160019312458,18983.32013420332,23133.011038129713,31422.46954885195,11483.1776543226,26827.420242350516
2026-04-13 10:45:00+00:00,26595.53572625445,19534.160019312458,18983.32013420332,23133.011038129713,31412.46954885195,11483.1776543226,26817.420242350516
2026-04-13 10:50:00+00:00,26585.53572625445,19524.160019312458,18983.32013420332,23123.011038129713,31420.46103248598,11483.1776543226,26807.420242350516
2026-04-13 10:55:00+00:00,26593.533650281035,19532.157943339043,18983.32013420332,23131.0089621563,31428.453672665837,11483.1776543226,26815.4181663771
2026-04-13 11:00:00+00:00,26593.533650281035,19532.157943339043,18983.32013420332,23131.0089621563,31436.45993512526,11483.1776543226,26815.4181663771
2026-04-13 11:05:00+00:00,26601.5382221641,19540.16251522211,18983.32013420332,23139.013534039368,31444.465068211695,11483.1776543226,26823.422738260168
2026-04-13 11:10:00+00:00,26601.5382221641,19540.16251522211,18983.32013420332,23139.013534039368,31444.465068211695,11483.1776543226,26823.422738260168
2026-04-13 11:15:00+00:00,26609.54747830597,19548.17177136398,18983.32013420332,23147.022790181232,31444.465068211695,11483.1776543226,26831.431994402035
2026-04-13 11:20:00+00:00,26617.559717744647,19548.17177136398,18983.32013420332,23147.022790181232,31444.465068211695,11483.1776543226,26839.444233840713
2026-04-13 11:25:00+00:00,26625.57566357332,19556.18771719265,18983.32013420332,23155.038736009905,31444.465068211695,11483.1776543226,26847.460179669386
2026-04-13 11:30:00+00:00,26633.586667532716,19546.18771719265,18983.32013420332,23155.038736009905,31444.465068211695,11483.1776543226,26855.471183628782
2026-04-13 11:35:00+00:00,26623.586667532716,19536.18771719265,18983.32013420332,23145.038736009905,31452.466299751624,11491.174051794336,26845.471183628782
2026-04-13 11:40:00+00:00,26631.593822382056,19536.18771719265,18991.312219376916,23153.0308211835,31460.452192531673,11491.174051794336,26853.478338478122
2026-04-13 11:45:00+00:00,26621.593822382056,19526.18771719265,18991.312219376916,23143.0308211835,31450.452192531673,11491.174051794336,26843.478338478122
2026-04-13 11:50:00+00:00,26629.59755876022,19526.18771719265,18991.312219376916,23143.0308211835,31458.455928909836,11491.174051794336,26851.482074856285
2026-04-13 11:55:00+00:00,26637.604682270183,19534.194840702614,18991.312219376916,23151.03794469346,31458.455928909836,11491.174051794336,26859.48919836625
2026-04-13 12:00:00+00:00,26645.59191385675,19542.18207228918,18999.294825176778,23159.020550493322,31466.44811108634,11491.174051794336,26867.476429952818
2026-04-13 12:05:00+00:00,26653.582087703668,19550.172246136095,19007.27364448843,23166.999369804973,31474.419624441565,11491.174051794336,26875.466603799734
2026-04-13 12:10:00+00:00,26643.582087703668,19550.172246136095,19007.27364448843,23166.999369804973,31482.42072665381,11491.174051794336,26865.466603799734
2026-04-13 12:15:00+00:00,26633.582087703668,19550.172246136095,19007.27364448843,23166.999369804973,31490.4244303034,11491.174051794336,26855.466603799734
2026-04-13 12:20:00+00:00,26623.582087703668,19550.172246136095,19007.27364448843,23166.999369804973,31490.4244303034,11491.174051794336,26845.466603799734
2026-04-13 12:25:00+00:00,26631.59830770585,19550.172246136095,19007.27364448843,23166.999369804973,31498.42385732403,11491.174051794336,26853.482823801918
2026-04-13 12:30:00+00:00,26621.59830770585,19550.172246136095,19007.27364448843,23166.999369804973,31488.42385732403,11491.174051794336,26843.482823801918
2026-04-13 12:35:00+00:00,26629.600160613478,19558.17409904372,19007.27364448843,23175.0012227126,31496.42621326608,11491.174051794336,26851.484676709544
2026-04-13 12:40:00+00:00,26619.600160613478,19558.17409904372,19007.27364448843,23175.0012227126,31486.42621326608,11491.174051794336,26841.484676709544
2026-04-13 12:45:00+00:00,26627.58920323746,19566.163141667705,19015.269638852264,23182.997217076434,31494.418147406497,11491.174051794336,26849.473719333528
2026-04-13 12:50:00+00:00,26635.58657941251,19574.160517842753,19023.217629541883,23190.945207766053,31502.38721316785,11491.174051794336,26857.471095508576
2026-04-13 12:55:00+00:00,26643.558517376096,19582.132455806342,19031.186970374365,23198.914548598535,31510.36501908569,11491.174051794336,26865.443033472162
2026-04-13 13:00:00+00:00,26651.54792938531,19590.133607619216,19039.158732072625,23206.886310296795,31518.352524852504,11491.174051794336,26873.432445481376
2026-04-13 13:05:00+00:00,26659.54066403133,19598.12634226524,19047.137937183143,23214.865515407313,31526.33842690851,11491.174051794336,26881.425180127397
2026-04-13 13:10:00+00:00,26667.534234248466,19606.119912482372,19055.114514462766,23222.842092686937,31534.319301849384,11491.174051794336,26889.418750344532
2026-04-13 13:15:00+00:00,26675.535667382483,19606.119912482372,19055.114514462766,23222.842092686937,31542.318275968893,11491.174051794336,26897.42018347855
2026-04-13 13:20:00+00:00,26683.54077331458,19606.119912482372,19055.114514462766,23222.842092686937,31550.323673335624,11499.179201990883,26905.425289410647
2026-04-13 13:25:00+00:00,26673.54077331458,19606.119912482372,19055.114514462766,23222.842092686937,31550.323673335624,11499.179201990883,26895.425289410647
2026-04-13 13:30:00+00:00,26681.53881741626,19606.119912482372,19063.09395359268,23230.82153181685,31558.31475409152,11499.179201990883,26903.423333512328
2026-04-13 13:35:00+00:00,26689.524307590003,19614.105402656114,19071.04438124973,23238.7719594739,31566.301545204777,11499.179201990883,26911.40882368607
2026-04-13 13:40:00+00:00,26697.45398098252,19622.035076048633,19078.95892775639,23246.68650598056,31574.194328105907,11499.179201990883,26919.338497078585
2026-04-13 13:45:00+00:00,26687.45398098252,19622.035076048633,19068.95892775639,23236.68650598056,31564.194328105907,11507.164712023392,26909.338497078585
2026-04-13 13:50:00+00:00,26695.395705816904,19622.035076048633,19076.884233673638,23244.61181189781,31572.128991316487,11507.164712023392,26917.28022191297
2026-04-13 13:55:00+00:00,26703.367104358735,19622.035076048633,19084.855540353492,23252.583118577662,31580.103054769846,11507.164712023392,26925.2516204548
2026-04-13 14:00:00+00:00,26711.343717838005,19622.035076048633,19092.79979843406,23260.527376658232,31588.06841477845,11515.165154353197,26933.22823393407
2026-04-13 14:05:00+00:00,26701.343717838005,19622.035076048633,19092.79979843406,23260.527376658232,31578.06841477845,11505.165154353197,26923.22823393407
2026-04-13 14:10:00+00:00,26709.317833036785,19622.035076048633,19100.75575997488,23268.48333819905,31586.029170815633,11505.165154353197,26931.20234913285
2026-04-13 14:15:00+00:00,26699.317833036785,19622.035076048633,19108.710923018545,23268.48333819905,31594.01417772612,11513.154474328341,26921.20234913285
2026-04-13 14:20:00+00:00,26707.294572589188,19630.011815601036,19116.692325475717,23276.46474065622,31601.988047798626,11503.154474328341,26929.179088685254
2026-04-13 14:25:00+00:00,26715.306175026184,19630.011815601036,19116.692325475717,23276.46474065622,31609.993814481448,11511.159551311395,26937.19069112225
2026-04-13 14:30:00+00:00,26723.293136852564,19630.011815601036,19116.692325475717,23276.46474065622,31617.983914137418,11511.159551311395,26945.17765294863
2026-04-13 14:35:00+00:00,26713.293136852564,19630.011815601036,19116.692325475717,23276.46474065622,31607.983914137418,11511.159551311395,26935.17765294863
2026-04-13 14:40:00+00:00,26721.303563874288,19630.011815601036,19116.692325475717,23276.46474065622,31615.984554148683,11519.160191322662,26943.188079970354
2026-04-13 14:45:00+00:00,26711.303563874288,19630.011815601036,19106.692325475717,23266.46474065622,31605.984554148683,11509.160191322662,26933.188079970354
2026-04-13 14:50:00+00:00,26701.303563874288,19630.011815601036,19106.692325475717,23266.46474065622,31595.984554148683,11517.154334519808,26923.188079970354
2026-04-13 14:55:00+00:00,26709.307830323778,19630.011815601036,19114.652697601447,23274.42511278195,31603.96772473746,11517.154334519808,26931.192346419844
2026-04-13 15:00:00+00:00,26717.29014215875,19630.011815601036,19122.58395915563,23282.356374336134,31611.923709473886,11517.154334519808,26939.174658254815
2026-04-13 15:05:00+00:00,26725.29688454283,19630.011815601036,19122.58395915563,23282.356374336134,31601.923709473886,11525.152859449912,26947.181400638896
2026-04-13 15:10:00+00:00,26733.287180421612,19630.011815601036,19122.58395915563,23282.356374336134,31609.9221905777,11525.152859449912,26955.17169651768
2026-04-13 15:15:00+00:00,26741.28397919798,19630.011815601036,19122.58395915563,23282.356374336134,31617.913037180835,11525.152859449912,26963.168495294045
2026-04-13 15:20:00+00:00,26749.266982166566,19630.011815601036,19130.56283339661,23290.335248577114,31625.90574647682,11525.152859449912,26971.151498262632
2026-04-13 15:25:00+00:00,26757.28192727104,19630.011815601036,19138.53260802913,23298.305023209636,31633.906726496112,11515.152859449912,26979.166443367107
2026-04-13 15:30:00+00:00,26765.21599208973,19630.011815601036,19146.44040840292,23306.212823583424,31641.832819402065,11515.152859449912,26987.100508185795
2026-04-13 15:35:00+00:00,26755.21599208973,19630.011815601036,19146.44040840292,23306.212823583424,31631.832819402065,11515.152859449912,26977.100508185795
2026-04-13 15:40:00+00:00,26763.201533009116,19630.011815601036,19146.44040840292,23306.212823583424,31639.81873465099,11515.152859449912,26985.086049105183
2026-04-13 15:45:00+00:00,26753.201533009116,19630.011815601036,19136.44040840292,23296.212823583424,31629.81873465099,11515.152859449912,26975.086049105183
2026-04-13 15:50:00+00:00,26761.20906678861,19630.011815601036,19136.44040840292,23296.212823583424,31637.82582648245,11515.152859449912,26983.093582884678
2026-04-13 15:55:00+00:00,26769.18505378303,19630.011815601036,19136.44040840292,23296.212823583424,31645.82045039933,11515.152859449912,26991.069569879095
2026-04-13 16:00:00+00:00,26759.18505378303,19630.011815601036,19136.44040840292,23296.212823583424,31653.823792316645,11523.157260888724,26981.069569879095
2026-04-13 16:05:00+00:00,26767.171239385963,19630.011815601036,19144.429475153596,23304.2018903341,31661.803080137775,11531.159246717396,26989.05575548203
2026-04-13 16:10:00+00:00,26757.171239385963,19630.011815601036,19144.429475153596,23304.2018903341,31651.803080137775,11521.159246717396,26979.05575548203
2026-04-13 16:15:00+00:00,26765.16879271039,19630.011815601036,19144.429475153596,23304.2018903341,31659.80944493613,11529.160891218304,26987.053308806455
2026-04-13 16:20:00+00:00,26755.16879271039,19630.011815601036,19144.429475153596,23304.2018903341,31667.80507495398,11537.156521236153,26977.053308806455
2026-04-13 16:25:00+00:00,26745.16879271039,19630.011815601036,19134.429475153596,23294.2018903341,31657.80507495398,11527.156521236153,26967.053308806455
2026-04-13 16:30:00+00:00,26753.180205496712,19630.011815601036,19134.429475153596,23294.2018903341,31665.809954034336,11535.16140031651,26975.06472159278
2026-04-13 16:35:00+00:00,26761.172246004106,19630.011815601036,19134.429475153596,23294.2018903341,31673.813600058307,11535.16140031651,26983.056762100172
2026-04-13 16:40:00+00:00,26751.172246004106,19630.011815601036,19124.429475153596,23284.2018903341,31663.813600058307,11525.16140031651,26973.056762100172
2026-04-13 16:45:00+00:00,26759.179126401727,19630.011815601036,19132.4017799079,23292.17419508841,31671.79572923585,11525.16140031651,26981.063642497793
2026-04-13 16:50:00+00:00,26767.171121506068,19630.011815601036,19140.384223400084,23300.156638580593,31679.79582617653,11533.167462807636,26989.055637602134
2026-04-13 16:55:00+00:00,26775.162681585116,19638.003375680084,19148.367039258148,23308.139454438653,31687.782351922146,11533.167462807636,26997.047197681182
2026-04-13 17:00:00+00:00,26765.162681585116,19638.003375680084,19148.367039258148,23308.139454438653,31695.786619184346,11541.167568472774,26987.047197681182
2026-04-13 17:05:00+00:00,26755.162681585116,19628.003375680084,19138.367039258148,23298.139454438653,31685.786619184346,11541.167568472774,26977.047197681182
2026-04-13 17:10:00+00:00,26763.1416852488,19628.003375680084,19146.346770597986,23306.119185778494,31693.747904473057,11541.167568472774,26985.026201344866
2026-04-13 17:15:00+00:00,26771.150209027925,19618.003375680084,19146.346770597986,23306.119185778494,31683.747904473057,11541.167568472774,26993.03472512399
2026-04-13 17:20:00+00:00,26779.147561557802,19618.003375680084,19154.324218409456,23314.096633589965,31691.735506900175,11541.167568472774,27001.03207765387
2026-04-13 17:25:00+00:00,26787.13831777336,19625.99413189564,19162.29277281233,23322.065187992834,31699.728203912367,11541.167568472774,27009.022833869425
2026-04-13 17:30:00+00:00,26787.13831777336,19625.99413189564,19170.253969443114,23322.065187992834,31707.708316147284,11541.167568472774,27016.98403050021
2026-04-13 17:35:00+00:00,26795.124920208487,19625.99413189564,19170.253969443114,23322.065187992834,31715.710058039018,11541.167568472774,27024.97063293534
2026-04-13 17:40:00+00:00,26803.136206179854,19625.99413189564,19170.253969443114,23322.065187992834,31723.71526145173,11541.167568472774,27032.981918906706
2026-04-13 17:45:00+00:00,26811.149466368228,19625.99413189564,19170.253969443114,23322.065187992834,31731.720623334957,11549.161219202919,27040.99517909508
2026-04-13 17:50:00+00:00,26819.08407390314,19625.99413189564,19178.150239348237,23329.96145789796,31739.630143935923,11549.161219202919,27048.929786629993
2026-04-13 17:55:00+00:00,26827.072232003007,19633.982289995507,19178.150239348237,23337.949615997823,31747.62908994592,11549.161219202919,27056.91794472986
2026-04-13 18:00:00+00:00,26835.08486028128,19633.982289995507,19178.150239348237,23337.949615997823,31737.62908994592,11549.161219202919,27064.930573008132
2026-04-13 18:05:00+00:00,26825.08486028128,19633.982289995507,19178.150239348237,23337.949615997823,31745.63424006268,11557.163786007199,27054.930573008132
2026-04-13 18:10:00+00:00,26833.093424762974,19633.982289995507,19178.150239348237,23337.949615997823,31745.63424006268,11557.163786007199,27062.939137489826
2026-04-13 18:15:00+00:00,26841.105395550916,19633.982289995507,19178.150239348237,23337.949615997823,31735.63424006268,11547.163786007199,27070.951108277768
2026-04-13 18:20:00+00:00,26831.105395550916,19633.982289995507,19178.150239348237,23337.949615997823,31725.63424006268,11555.165687058074,27060.951108277768
2026-04-13 18:25:00+00:00,26821.105395550916,19633.982289995507,19178.150239348237,23337.949615997823,31715.63424006268,11545.165687058074,27050.951108277768
2026-04-13 18:30:00+00:00,26829.095812008345,19633.982289995507,19186.118385957467,23345.917762607052,31723.620990598585,11545.165687058074,27058.941524735197
2026-04-13 18:35:00+00:00,26837.0953700421,19633.982289995507,19186.118385957467,23345.917762607052,31731.62813352969,11545.165687058074,27066.941082768953
2026-04-13 18:40:00+00:00,26845.089600523224,19641.97652047663,19194.10554427271,23353.904920922294,31739.61914203713,11545.165687058074,27074.935313250076
2026-04-13 18:45:00+00:00,26835.089600523224,19641.97652047663,19194.10554427271,23353.904920922294,31729.61914203713,11545.165687058074,27064.935313250076
2026-04-13 18:50:00+00:00,26843.10178358915,19641.97652047663,19194.10554427271,23353.904920922294,31737.61918045369,11545.165687058074,27072.947496316003
2026-04-13 18:55:00+00:00,26851.098064075602,19641.97652047663,19194.10554427271,23353.904920922294,31745.614796888603,11545.165687058074,27080.943776802455
2026-04-13 19:00:00+00:00,26859.09758181051,19641.97652047663,19202.089829376848,23361.889206026433,31753.609304076832,11545.165687058074,27088.943294537363
2026-04-13 19:05:00+00:00,26849.09758181051,19641.97652047663,19202.089829376848,23361.889206026433,31761.613980717255,11545.165687058074,27078.943294537363
2026-04-13 19:10:00+00:00,26857.105996806014,19641.97652047663,19202.089829376848,23361.889206026433,31769.61912138671,11545.165687058074,27086.951709532867
2026-04-13 19:15:00+00:00,26865.053345836575,19641.97652047663,19210.039041310883,23369.83841796047,31777.56623617307,11545.165687058074,27094.899058563427
2026-04-13 19:20:00+00:00,26873.026947534327,19649.95012217438,19218.02691779245,23377.826294442035,31785.542997865814,11545.165687058074,27102.87266026118
2026-04-13 19:25:00+00:00,26881.00224945245,19649.95012217438,19218.02691779245,23377.826294442035,31793.545209482494,11545.165687058074,27110.8479621793
2026-04-13 19:30:00+00:00,26888.960215206032,19657.908087927965,19225.964069372734,23385.76344602232,31801.49627752368,11545.165687058074,27118.805927932885
2026-04-13 19:35:00+00:00,26896.964897965758,19657.908087927965,19215.964069372734,23385.76344602232,31791.49627752368,11535.165687058074,27126.81061069261
2026-04-13 19:40:00+00:00,26904.96336422341,19657.908087927965,19223.93714577717,23393.736522426756,31799.472386247457,11535.165687058074,27134.809076950263
2026-04-13 19:45:00+00:00,26912.911754777666,19657.908087927965,19231.857945516116,23401.6573221657,31807.41827903123,11535.165687058074,27142.757467504518
2026-04-13 19:50:00+00:00,26920.88051322354,19665.876846373834,19239.782755009823,23409.58213165941,31815.35841119671,11535.165687058074,27150.72622595039
2026-04-13 19:55:00+00:00,26928.88562561823,19665.876846373834,19247.76824390825,23417.567620557835,31823.352049053115,11535.165687058074,27158.731338345082
2026-04-13 20:00:00+00:00,26936.89537934472,19665.876846373834,19247.76824390825,23417.567620557835,31831.35633576454,11543.169973769496,27166.741092071574
2026-04-13 20:05:00+00:00,26926.89537934472,19665.876846373834,19247.76824390825,23417.567620557835,31821.35633576454,11533.169973769496,27156.741092071574
2026-04-13 20:10:00+00:00,26934.884125873024,19673.86559290214,19255.745864461624,23425.54524111121,31829.338952229507,11533.169973769496,27164.729838599877
2026-04-13 20:15:00+00:00,26924.884125873024,19673.86559290214,19245.745864461624,23415.54524111121,31819.338952229507,11533.169973769496,27154.729838599877
2026-04-13 20:20:00+00:00,26914.884125873024,19673.86559290214,19245.745864461624,23415.54524111121,31827.332965986596,11541.175691293762,27144.729838599877
2026-04-13 20:25:00+00:00,26922.882726748125,19673.86559290214,19245.745864461624,23415.54524111121,31835.33448120542,11541.175691293762,27152.728439474977
2026-04-13 20:30:00+00:00,26912.882726748125,19673.86559290214,19245.745864461624,23415.54524111121,31843.33624299311,11549.177453081451,27142.728439474977
2026-04-13 20:35:00+00:00,26902.882726748125,19673.86559290214,19245.745864461624,23415.54524111121,31833.33624299311,11539.177453081451,27132.728439474977
2026-04-13 20:40:00+00:00,26910.885061031553,19673.86559290214,19245.745864461624,23415.54524111121,31841.330860039678,11539.177453081451,27140.730773758405
2026-04-13 20:45:00+00:00,26900.885061031553,19673.86559290214,19245.745864461624,23415.54524111121,31831.330860039678,11529.177453081451,27130.730773758405
2026-04-13 20:50:00+00:00,26908.877687653097,19681.85821952368,19245.745864461624,23423.537867732754,31839.32751120722,11529.177453081451,27138.72340037995
2026-04-13 20:55:00+00:00,26916.87558604192,19681.85821952368,19253.722807612823,23431.514810883957,31847.311225113397,11529.177453081451,27146.72129876877
2026-04-13 21:00:00+00:00,26924.888732391097,19689.871365872863,19253.722807612823,23439.527957233135,31855.317062967926,11529.177453081451,27154.73444511795
2026-04-13 21:05:00+00:00,26932.871927329958,19689.871365872863,19261.70548585638,23447.51063547669,31863.300589132763,11529.177453081451,27162.71764005681
2026-04-13 21:10:00+00:00,26940.86955696006,19689.871365872863,19269.686975829813,23455.49212545012,31871.2799751207,11529.177453081451,27170.715269686913
2026-04-13 21:15:00+00:00,26948.833335055955,19689.871365872863,19269.686975829813,23455.49212545012,31879.24460490598,11529.177453081451,27178.679047782807
2026-04-13 21:20:00+00:00,26956.84328524986,19697.881316066763,19269.686975829813,23463.50207564402,31887.24727400469,11529.177453081451,27186.68899797671
2026-04-13 21:25:00+00:00,26964.855566257822,19705.896001393536,19269.686975829813,23471.514356651987,31895.24923831982,11529.177453081451,27194.701278984674
2026-04-13 21:30:00+00:00,26954.855566257822,19705.896001393536,19269.686975829813,23471.514356651987,31903.25132324226,11529.177453081451,27184.701278984674
2026-04-13 21:35:00+00:00,26962.857731318603,19713.898166454317,19269.686975829813,23479.516521712765,31911.25686636247,11529.177453081451,27192.703444045455
2026-04-13 21:40:00+00:00,26952.857731318603,19703.898166454317,19269.686975829813,23469.516521712765,31901.25686636247,11529.177453081451,27182.703444045455
2026-04-13 21:45:00+00:00,26960.85436359031,19703.898166454317,19269.686975829813,23469.516521712765,31909.252021604032,11529.177453081451,27190.700076317164
2026-04-13 21:50:00+00:00,26968.854898754995,19703.898166454317,19269.686975829813,23469.516521712765,31917.257616589202,11529.177453081451,27198.700611481847
2026-04-13 21:55:00+00:00,26976.84108411081,19703.898166454317,19269.686975829813,23469.516521712765,31925.263233621103,11529.177453081451,27206.68679683766
2026-04-13 22:00:00+00:00,26984.819306306577,19711.876388650086,19277.66100926893,23477.490555151886,31933.227940072673,11529.177453081451,27214.66501903343
2026-04-13 22:05:00+00:00,26992.75556797238,19719.81265031589,19285.579650955173,23485.409196838125,31941.14871626657,11529.177453081451,27222.601280699233
2026-04-13 22:10:00+00:00,27000.73024544198,19727.78732778549,19293.53892732985,23493.36847321281,31949.116944743913,11529.177453081451,27230.575958168833
2026-04-13 22:15:00+00:00,27008.50087679373,19735.557959137237,19301.370989420753,23501.20053530371,31956.931509892445,11529.177453081451,27238.34658952058
2026-04-13 22:20:00+00:00,27016.44806322906,19735.557959137237,19301.370989420753,23501.20053530371,31964.92989100951,11537.182788699249,27246.293775955914
2026-04-13 22:25:00+00:00,27024.442220229932,19735.557959137237,19309.33692215606,23509.166468039017,31972.90741869179,11527.182788699249,27254.287932956784
2026-04-13 22:30:00+00:00,27032.391284245132,19735.557959137237,19317.319683834823,23517.149229717783,31980.885345675633,11527.182788699249,27262.236996971984
2026-04-13 22:35:00+00:00,27040.37950261302,19735.557959137237,19325.28979082648,23525.11933670944,31988.86250972197,11527.182788699249,27270.225215339873
2026-04-13 22:40:00+00:00,27048.349636601022,19743.528093125235,19325.28979082648,23533.089470697436,31996.855890724066,11527.182788699249,27278.195349327874
2026-04-13 22:45:00+00:00,27038.349636601022,19743.528093125235,19325.28979082648,23533.089470697436,31986.855890724066,11535.181939265402,27268.195349327874
2026-04-13 22:50:00+00:00,27046.34595480081,19743.528093125235,19333.252752424287,23541.052432295244,31994.85609260286,11525.181939265402,27276.191667527663
2026-04-13 22:55:00+00:00,27054.344725150793,19743.528093125235,19333.252752424287,23541.052432295244,31984.85609260286,11533.180709615384,27284.190437877645
2026-04-13 23:00:00+00:00,27044.344725150793,19743.528093125235,19323.252752424287,23531.052432295244,31974.85609260286,11533.180709615384,27274.190437877645
2026-04-13 23:05:00+00:00,27034.344725150793,19743.528093125235,19313.252752424287,23521.052432295244,31964.85609260286,11533.180709615384,27264.190437877645
2026-04-13 23:10:00+00:00,27042.33090341945,19743.528093125235,19321.244185221316,23529.043865092273,31972.840731289067,11533.180709615384,27272.176616146302
2026-04-13 23:15:00+00:00,27050.331102927397,19743.528093125235,19329.22640768031,23537.02608755127,31980.840875643,11541.180909123334,27280.17681565425
2026-04-13 23:20:00+00:00,27058.30234114547,19751.499331343308,19337.211845139787,23545.011525010745,31988.793887883086,11541.180909123334,27288.148053872323
2026-04-13 23:25:00+00:00,27066.249843270612,19759.44683346845,19337.211845139787,23552.959027135883,31996.76731427146,11541.180909123334,27296.095555997465
2026-04-13 23:30:00+00:00,27056.249843270612,19759.44683346845,19327.211845139787,23542.959027135883,31986.76731427146,11531.180909123334,27286.095555997465
2026-04-13 23:35:00+00:00,27046.249843270612,19759.44683346845,19327.211845139787,23542.959027135883,31994.75366188082,11531.180909123334,27276.095555997465
2026-04-13 23:40:00+00:00,27054.229047610697,19767.426037808535,19335.18443407894,23550.93161607504,32002.73279606207,11531.180909123334,27284.07476033755
2026-04-13 23:45:00+00:00,27062.23198980728,19767.426037808535,19335.18443407894,23550.93161607504,32010.738581969912,11531.180909123334,27292.07770253413
2026-04-13 23:50:00+00:00,27052.23198980728,19767.426037808535,19335.18443407894,23550.93161607504,32018.737382357947,11539.185415200593,27282.07770253413
2026-04-13 23:55:00+00:00,27060.24522385527,19767.426037808535,19335.18443407894,23550.93161607504,32026.730190090908,11539.185415200593,27290.09093658212
2026-04-14 00:00:00+00:00,27068.24360671382,19767.426037808535,19343.157045885964,23558.904227882063,32034.72477932968,11539.185415200593,27298.08931944067
2026-04-14 00:05:00+00:00,27076.23701784746,19767.426037808535,19351.137863523825,23566.88504551992,32042.714221063245,11539.185415200593,27306.08273057431
2026-04-14 00:10:00+00:00,27066.23701784746,19757.426037808535,19351.137863523825,23556.88504551992,32032.714221063245,11539.185415200593,27296.08273057431
2026-04-14 00:15:00+00:00,27074.24426299625,19757.426037808535,19359.10368264319,23564.850864639287,32040.707111422056,11539.185415200593,27304.0899757231
2026-04-14 00:20:00+00:00,27082.227662286394,19757.426037808535,19367.069814281476,23572.816996277572,32048.683302935824,11539.185415200593,27312.073375013246
2026-04-14 00:25:00+00:00,27090.21874822767,19765.417123749812,19367.069814281476,23580.80808221885,32056.672285760993,11539.185415200593,27320.064460954523
2026-04-14 00:30:00+00:00,27098.221291582417,19765.417123749812,19367.069814281476,23580.80808221885,32064.67715161322,11547.19076917822,27328.06700430927
2026-04-14 00:35:00+00:00,27106.187327922722,19773.383160090118,19375.0294108555,23588.767678792872,32072.638413582703,11547.19076917822,27336.033040649574
2026-04-14 00:40:00+00:00,27114.19545401684,19773.383160090118,19375.0294108555,23588.767678792872,32080.641329419675,11547.19076917822,27344.041166743693
2026-04-14 00:45:00+00:00,27122.173178966583,19781.36088503986,19382.9791006214,23596.717368558773,32088.593024888833,11547.19076917822,27352.018891693435
2026-04-14 00:50:00+00:00,27130.15283291094,19789.340538984216,19390.948864289665,23604.687132227038,32096.55211605168,11547.19076917822,27359.99854563779
2026-04-14 00:55:00+00:00,27138.1600057595,19797.347711832776,19390.948864289665,23612.694305075598,32086.55211605168,11537.19076917822,27368.00571848635
2026-04-14 01:00:00+00:00,27128.1600057595,19787.347711832776,19380.948864289665,23602.694305075598,32076.55211605168,11537.19076917822,27358.00571848635
2026-04-14 01:05:00+00:00,27136.143269638887,19795.330975712164,19388.942301669795,23610.687742455728,32084.534993600486,11537.19076917822,27365.98898236574
2026-04-14 01:10:00+00:00,27126.143269638887,19795.330975712164,19388.942301669795,23610.687742455728,32074.534993600486,11537.19076917822,27355.98898236574
2026-04-14 01:15:00+00:00,27116.143269638887,19795.330975712164,19378.942301669795,23600.687742455728,32064.534993600486,11537.19076917822,27345.98898236574
2026-04-14 01:20:00+00:00,27106.143269638887,19795.330975712164,19378.942301669795,23600.687742455728,32054.534993600486,11537.19076917822,27335.98898236574
2026-04-14 01:25:00+00:00,27114.14934714395,19795.330975712164,19378.942301669795,23600.687742455728,32054.534993600486,11537.19076917822,27343.995059870802
2026-04-14 01:30:00+00:00,27122.15424788529,19795.330975712164,19378.942301669795,23600.687742455728,32062.533247217845,11537.19076917822,27351.999960612142
2026-04-14 01:35:00+00:00,27130.158387769607,19795.330975712164,19378.942301669795,23600.687742455728,32070.532571800777,11537.19076917822,27360.00410049646
2026-04-14 01:40:00+00:00,27138.151113320666,19795.330975712164,19378.942301669795,23600.687742455728,32078.52766179843,11537.19076917822,27367.996826047518
2026-04-14 01:45:00+00:00,27146.130249172515,19803.333073066395,19378.942301669795,23608.66687830758,32086.532510696536,11537.19076917822,27375.975961899367
2026-04-14 01:50:00+00:00,27154.13686370284,19811.339687596723,19378.942301669795,23616.673492837905,32094.539386436623,11537.19076917822,27383.98257642969
2026-04-14 01:55:00+00:00,27162.141255468352,19819.344079362236,19378.942301669795,23624.67788460342,32102.53993816394,11537.19076917822,27391.986968195204
2026-04-14 02:00:00+00:00,27170.149065094814,19819.344079362236,19378.942301669795,23624.67788460342,32092.53993816394,11537.19076917822,27399.994777821667
2026-04-14 02:05:00+00:00,27178.145821401362,19819.344079362236,19378.942301669795,23624.67788460342,32100.54492569938,11537.19076917822,27407.991534128214
2026-04-14 02:10:00+00:00,27186.157799186545,19819.344079362236,19378.942301669795,23624.67788460342,32108.55141556543,11527.19076917822,27416.003511913397
2026-04-14 02:15:00+00:00,27194.166936104542,19819.344079362236,19378.942301669795,23624.67788460342,32116.541241188173,11535.17829406166,27424.012648831394
2026-04-14 02:20:00+00:00,27202.177534261984,19819.344079362236,19378.942301669795,23624.67788460342,32124.53919863676,11535.17829406166,27432.023246988836
2026-04-14 02:25:00+00:00,27192.177534261984,19819.344079362236,19378.942301669795,23624.67788460342,32132.541056789887,11535.17829406166,27422.023246988836
2026-04-14 02:30:00+00:00,27200.179532150414,19819.344079362236,19378.942301669795,23624.67788460342,32140.54833259123,11535.17829406166,27430.025244877266
2026-04-14 02:35:00+00:00,27208.19186088011,19809.344079362236,19378.942301669795,23624.67788460342,32148.55319619072,11543.176045315264,27438.03757360696
2026-04-14 02:40:00+00:00,27208.19186088011,19809.344079362236,19378.942301669795,23624.67788460342,32148.55319619072,11543.176045315264,27438.03757360696
2026-04-14 02:45:00+00:00,27198.19186088011,19799.344079362236,19378.942301669795,23614.67788460342,32138.55319619072,11543.176045315264,27428.03757360696
2026-04-14 02:50:00+00:00,27206.183807396337,19807.336025878463,19378.942301669795,23622.669831119645,32146.54966536197,11543.176045315264,27436.02952012319
2026-04-14 02:55:00+00:00,27214.192088074422,19815.34430655655,19378.942301669795,23630.678111797733,32154.551766486486,11543.176045315264,27444.037800801274
2026-04-14 03:00:00+00:00,27222.19839475011,19823.352857708487,19378.942301669795,23638.684418473422,32162.549891790182,11543.176045315264,27452.044107476962
2026-04-14 03:05:00+00:00,27230.194845585564,19831.34930854394,19378.942301669795,23646.68086930887,32170.544286844422,11543.176045315264,27460.040558312416
2026-04-14 03:10:00+00:00,27238.167833083957,19831.34930854394,19378.942301669795,23646.68086930887,32178.543586749,11543.176045315264,27468.01354581081
2026-04-14 03:15:00+00:00,27228.167833083957,19831.34930854394,19378.942301669795,23646.68086930887,32168.543586749,11543.176045315264,27458.01354581081
2026-04-14 03:20:00+00:00,27236.168265043063,19831.34930854394,19378.942301669795,23646.68086930887,32176.549032985466,11543.176045315264,27466.013977769915
2026-04-14 03:25:00+00:00,27226.168265043063,19831.34930854394,19378.942301669795,23646.68086930887,32166.549032985466,11543.176045315264,27456.013977769915
2026-04-14 03:30:00+00:00,27234.16358947275,19839.344632973625,19386.91984608258,23654.658413721656,32174.531397663304,11543.176045315264,27464.009302199604
2026-04-14 03:35:00+00:00,27224.16358947275,19829.344632973625,19386.91984608258,23644.658413721656,32174.531397663304,11543.176045315264,27454.009302199604
2026-04-14 03:40:00+00:00,27232.157195964082,19829.344632973625,19394.903257166614,23652.64182480569,32182.528026848413,11543.176045315264,27462.002908690934
2026-04-14 03:45:00+00:00,27232.157195964082,19829.344632973625,19394.903257166614,23652.64182480569,32190.529773933988,11543.176045315264,27462.002908690934
2026-04-14 03:50:00+00:00,27240.172863134878,19829.344632973625,19394.903257166614,23652.64182480569,32198.531426997295,11543.176045315264,27470.01857586173
2026-04-14 03:55:00+00:00,27230.172863134878,19829.344632973625,19394.903257166614,23652.64182480569,32198.531426997295,11543.176045315264,27460.01857586173
2026-04-14 04:00:00+00:00,27238.172607251265,19829.344632973625,19394.903257166614,23652.64182480569,32206.52534348733,11543.176045315264,27468.018319978117
2026-04-14 04:05:00+00:00,27246.177160674648,19829.344632973625,19394.903257166614,23652.64182480569,32214.529896910713,11543.176045315264,27476.0228734015
2026-04-14 04:10:00+00:00,27236.177160674648,19819.344632973625,19394.903257166614,23642.64182480569,32204.529896910713,11543.176045315264,27466.0228734015
2026-04-14 04:15:00+00:00,27226.177160674648,19819.344632973625,19394.903257166614,23642.64182480569,32194.529896910713,11543.176045315264,27456.0228734015
2026-04-14 04:20:00+00:00,27216.177160674648,19819.344632973625,19394.903257166614,23642.64182480569,32202.521056197173,11543.176045315264,27446.0228734015
2026-04-14 04:25:00+00:00,27224.184878422227,19819.344632973625,19394.903257166614,23642.64182480569,32210.527676973823,11543.176045315264,27454.03059114908
2026-04-14 04:30:00+00:00,27232.18575546703,19819.344632973625,19394.903257166614,23642.64182480569,32218.53468854526,11543.176045315264,27462.031468193883
2026-04-14 04:35:00+00:00,27222.18575546703,19819.344632973625,19394.903257166614,23642.64182480569,32218.53468854526,11543.176045315264,27452.031468193883
2026-04-14 04:40:00+00:00,27230.190035101077,19819.344632973625,19394.903257166614,23642.64182480569,32226.53073393798,11543.176045315264,27460.03574782793
2026-04-14 04:45:00+00:00,27238.204075301033,19819.344632973625,19394.903257166614,23642.64182480569,32234.533578552913,11543.176045315264,27468.049788027885
2026-04-14 04:50:00+00:00,27246.211061212776,19827.35161888537,19394.903257166614,23650.648810717434,32234.533578552913,11543.176045315264,27476.05677393963
2026-04-14 04:55:00+00:00,27236.211061212776,19827.35161888537,19394.903257166614,23650.648810717434,32234.533578552913,11543.176045315264,27466.05677393963
2026-04-14 05:00:00+00:00,27244.20944097497,19835.349998647565,19394.903257166614,23658.647190479627,32242.535515710624,11543.176045315264,27474.055153701822
2026-04-14 05:05:00+00:00,27252.224786373135,19835.349998647565,19394.903257166614,23658.647190479627,32250.541101742117,11543.176045315264,27482.070499099988
2026-04-14 05:10:00+00:00,27242.224786373135,19835.349998647565,19394.903257166614,23658.647190479627,32250.541101742117,11543.176045315264,27472.070499099988
2026-04-14 05:15:00+00:00,27250.22017970098,19835.349998647565,19394.903257166614,23658.647190479627,32258.540772189488,11543.176045315264,27480.065892427832
2026-04-14 05:20:00+00:00,27258.233943252835,19835.349998647565,19394.903257166614,23658.647190479627,32258.540772189488,11543.176045315264,27488.079655979687
2026-04-14 05:25:00+00:00,27266.233987155054,19835.349998647565,19394.903257166614,23658.647190479627,32266.546470493915,11543.176045315264,27496.079699881906
2026-04-14 05:30:00+00:00,27256.233987155054,19835.349998647565,19394.903257166614,23658.647190479627,32274.54230044904,11543.176045315264,27486.079699881906
2026-04-14 05:35:00+00:00,27246.233987155054,19825.349998647565,19394.903257166614,23648.647190479627,32264.54230044904,11543.176045315264,27476.079699881906
2026-04-14 05:40:00+00:00,27236.233987155054,19825.349998647565,19394.903257166614,23648.647190479627,32264.54230044904,11543.176045315264,27466.079699881906
2026-04-14 05:45:00+00:00,27226.233987155054,19825.349998647565,19394.903257166614,23648.647190479627,32264.54230044904,11543.176045315264,27456.079699881906
2026-04-14 05:50:00+00:00,27234.23988312198,19825.349998647565,19394.903257166614,23648.647190479627,32264.54230044904,11543.176045315264,27464.085595848832
2026-04-14 05:55:00+00:00,27242.23585325923,19825.349998647565,19394.903257166614,23648.647190479627,32272.543034880026,11543.176045315264,27472.081565986082
2026-04-14 06:00:00+00:00,27250.218700980105,19825.349998647565,19402.88743225472,23656.631365567737,32280.524529581806,11543.176045315264,27480.064413706958
2026-04-14 06:05:00+00:00,27258.22292930211,19833.354226969568,19402.88743225472,23664.63559388974,32288.522728060092,11543.176045315264,27488.06864202896
2026-04-14 06:10:00+00:00,27266.23833072951,19833.354226969568,19402.88743225472,23664.63559388974,32288.522728060092,11543.176045315264,27496.08404345636
2026-04-14 06:15:00+00:00,27274.253601430086,19833.354226969568,19402.88743225472,23664.63559388974,32296.524138637862,11543.176045315264,27504.099314156938
2026-04-14 06:20:00+00:00,27264.253601430086,19841.367923907615,19402.88743225472,23664.63559388974,32304.518918703758,11543.176045315264,27494.099314156938
2026-04-14 06:25:00+00:00,27272.26943700432,19841.367923907615,19402.88743225472,23664.63559388974,32304.518918703758,11543.176045315264,27502.115149731173
2026-04-14 06:30:00+00:00,27280.28473650529,19841.367923907615,19402.88743225472,23664.63559388974,32304.518918703758,11543.176045315264,27510.130449232143
2026-04-14 06:35:00+00:00,27288.296569560993,19841.367923907615,19402.88743225472,23664.63559388974,32312.51681950676,11543.176045315264,27518.142282287845
2026-04-14 06:40:00+00:00,27296.29350108714,19849.377741129407,19402.88743225472,23672.632525415884,32320.51395756426,11543.176045315264,27526.139213813993
2026-04-14 06:45:00+00:00,27304.296387289163,19857.380627331426,19402.88743225472,23680.635411617906,32328.514536903604,11543.176045315264,27534.142100016015
2026-04-14 06:50:00+00:00,27312.3029737449,19865.387213787166,19402.88743225472,23688.64199807364,32336.521048364804,11543.176045315264,27542.14868647175
2026-04-14 06:55:00+00:00,27312.3029737449,19865.387213787166,19402.88743225472,23688.64199807364,32344.522641832253,11543.176045315264,27542.14868647175
2026-04-14 07:00:00+00:00,27302.3029737449,19855.387213787166,19402.88743225472,23678.64199807364,32352.52727800735,11551.180681490361,27532.14868647175
2026-04-14 07:05:00+00:00,27310.29136747865,19855.387213787166,19402.88743225472,23678.64199807364,32360.53093744673,11551.180681490361,27540.137080205503
2026-04-14 07:10:00+00:00,27318.23138145866,19863.327227767175,19410.828858567904,23686.583424386823,32368.470942727163,11551.180681490361,27548.07709418551
2026-04-14 07:15:00+00:00,27326.225799716205,19863.327227767175,19410.828858567904,23686.583424386823,32376.47059024868,11551.180681490361,27556.071512443057
2026-04-14 07:20:00+00:00,27316.225799716205,19853.327227767175,19410.828858567904,23676.583424386823,32366.47059024868,11551.180681490361,27546.071512443057
2026-04-14 07:25:00+00:00,27324.232332010535,19853.327227767175,19410.828858567904,23676.583424386823,32374.46524203784,11551.180681490361,27554.078044737387
2026-04-14 07:30:00+00:00,27332.22433666034,19861.31923241698,19418.814065288003,23684.568631106922,32382.45086050705,11551.180681490361,27562.070049387192
2026-04-14 07:35:00+00:00,27340.233313475903,19861.31923241698,19418.814065288003,23684.568631106922,32390.448670108308,11551.180681490361,27570.079026202755
2026-04-14 07:40:00+00:00,27348.248069274832,19861.31923241698,19418.814065288003,23684.568631106922,32398.454389784863,11559.186941366119,27578.093782001684
2026-04-14 07:45:00+00:00,27356.260316285003,19861.31923241698,19418.814065288003,23684.568631106922,32406.454118140533,11559.186941366119,27586.106029011855
2026-04-14 07:50:00+00:00,27364.266297446862,19869.32521357884,19418.814065288003,23692.574612268785,32414.454841398045,11559.186941366119,27594.112010173714
2026-04-14 07:55:00+00:00,27354.266297446862,19869.32521357884,19418.814065288003,23692.574612268785,32404.454841398045,11559.186941366119,27584.112010173714
2026-04-14 08:00:00+00:00,27362.276878347966,19877.335794479943,19426.811401627958,23700.571948608736,32412.449890247317,11559.186941366119,27592.122591074818
2026-04-14 08:05:00+00:00,27370.270741614895,19885.329657746868,19426.811401627958,23708.565811875662,32420.44844011608,11559.186941366119,27600.116454341747
2026-04-14 08:10:00+00:00,27360.270741614895,19885.329657746868,19426.811401627958,23708.565811875662,32420.44844011608,11549.186941366119,27590.116454341747
2026-04-14 08:15:00+00:00,27350.270741614895,19885.329657746868,19426.811401627958,23708.565811875662,32410.44844011608,11539.186941366119,27580.116454341747
2026-04-14 08:20:00+00:00,27358.279337381467,19885.329657746868,19426.811401627958,23708.565811875662,32418.452104116404,11539.186941366119,27588.12505010832
2026-04-14 08:25:00+00:00,27366.283564490237,19893.33933761902,19426.811401627958,23716.570038984435,32426.45638513097,11539.186941366119,27596.12927721709
2026-04-14 08:30:00+00:00,27374.279102127322,19901.339074356634,19434.787915496974,23724.546552853448,32434.444679641656,11539.186941366119,27604.124814854174
2026-04-14 08:35:00+00:00,27364.279102127322,19891.339074356634,19424.787915496974,23714.546552853448,32424.444679641656,11529.186941366119,27594.124814854174
2026-04-14 08:40:00+00:00,27372.247626670454,19899.32772116765,19432.74918385921,23722.507821215688,32432.434991379527,11529.186941366119,27602.093339397306
2026-04-14 08:45:00+00:00,27362.247626670454,19899.32772116765,19432.74918385921,23722.507821215688,32422.434991379527,11537.189036941505,27592.093339397306
2026-04-14 08:50:00+00:00,27352.247626670454,19889.32772116765,19422.74918385921,23712.507821215688,32412.434991379527,11537.189036941505,27582.093339397306
2026-04-14 08:55:00+00:00,27360.25828138831,19897.338375885505,19422.74918385921,23720.518475933543,32420.436980944167,11537.189036941505,27590.10399411516
2026-04-14 09:00:00+00:00,27350.25828138831,19897.338375885505,19422.74918385921,23720.518475933543,32410.436980944167,11537.189036941505,27580.10399411516
2026-04-14 09:05:00+00:00,27358.26994750942,19897.338375885505,19422.74918385921,23720.518475933543,32418.43616678204,11545.18822277938,27588.11566023627
2026-04-14 09:10:00+00:00,27366.27393639001,19897.338375885505,19422.74918385921,23720.518475933543,32426.43576345526,11545.18822277938,27596.119649116863
2026-04-14 09:15:00+00:00,27356.27393639001,19897.338375885505,19422.74918385921,23720.518475933543,32416.43576345526,11545.18822277938,27586.119649116863
2026-04-14 09:20:00+00:00,27364.281016337503,19905.345455832998,19422.74918385921,23728.52555588104,32424.43986368833,11545.18822277938,27594.126729064355
2026-04-14 09:25:00+00:00,27372.280159015856,19913.34459851135,19422.74918385921,23736.52469855939,32432.43630500424,11545.18822277938,27602.125871742708
2026-04-14 09:30:00+00:00,27362.280159015856,19913.34459851135,19422.74918385921,23736.52469855939,32440.43682663367,11545.18822277938,27592.125871742708
2026-04-14 09:35:00+00:00,27352.280159015856,19913.34459851135,19422.74918385921,23736.52469855939,32430.43682663367,11545.18822277938,27582.125871742708
2026-04-14 09:40:00+00:00,27360.26440610165,19921.32884559715,19430.724692372176,23744.500207072357,32438.409999822063,11545.18822277938,27590.110118828503
2026-04-14 09:45:00+00:00,27368.27948858259,19921.32884559715,19430.724692372176,23744.500207072357,32446.415229246126,11545.18822277938,27598.12520130944
2026-04-14 09:50:00+00:00,27358.27948858259,19921.32884559715,19430.724692372176,23744.500207072357,32446.415229246126,11545.18822277938,27588.12520130944
2026-04-14 09:55:00+00:00,27366.277399437997,19929.326756452556,19430.724692372176,23752.49811792776,32454.408587584323,11545.18822277938,27596.12311216485
2026-04-14 10:00:00+00:00,27374.288959011767,19929.326756452556,19430.724692372176,23752.49811792776,32462.40901844253,11545.18822277938,27604.13467173862
2026-04-14 10:05:00+00:00,27382.284610917264,19929.326756452556,19438.69814352767,23760.471569083253,32470.389965323422,11545.18822277938,27612.130323644116
2026-04-14 10:10:00+00:00,27372.284610917264,19929.326756452556,19438.69814352767,23760.471569083253,32470.389965323422,11545.18822277938,27602.130323644116
2026-04-14 10:15:00+00:00,27380.297538498446,19929.326756452556,19438.69814352767,23760.471569083253,32478.394460692547,11545.18822277938,27610.143251225298
2026-04-14 10:20:00+00:00,27388.30898736102,19937.33820531513,19438.69814352767,23768.48301794583,32486.399471770954,11545.18822277938,27618.15470008787
2026-04-14 10:25:00+00:00,27378.30898736102,19937.33820531513,19438.69814352767,23768.48301794583,32486.399471770954,11545.18822277938,27608.15470008787
2026-04-14 10:30:00+00:00,27386.314779234224,19937.33820531513,19438.69814352767,23768.48301794583,32494.40172371652,11545.18822277938,27616.160491961076
2026-04-14 10:35:00+00:00,27394.328887611035,19937.33820531513,19438.69814352767,23768.48301794583,32502.407752708208,11545.18822277938,27624.174600337887
2026-04-14 10:40:00+00:00,27402.336848655905,19937.33820531513,19438.69814352767,23768.48301794583,32510.40672828608,11545.18822277938,27632.182561382757
2026-04-14 10:45:00+00:00,27410.35020613563,19937.33820531513,19438.69814352767,23768.48301794583,32518.406644858893,11545.18822277938,27640.195918862482
2026-04-14 10:50:00+00:00,27400.35020613563,19937.33820531513,19438.69814352767,23768.48301794583,32508.406644858893,11545.18822277938,27630.195918862482
2026-04-14 10:55:00+00:00,27390.35020613563,19927.33820531513,19438.69814352767,23758.48301794583,32498.406644858893,11545.18822277938,27620.195918862482
2026-04-14 11:00:00+00:00,27398.359099795554,19927.33820531513,19438.69814352767,23758.48301794583,32506.411239135512,11545.18822277938,27628.204812522406
2026-04-14 11:05:00+00:00,27406.36457122677,19927.33820531513,19438.69814352767,23758.48301794583,32514.416364503773,11545.18822277938,27636.210283953624
2026-04-14 11:10:00+00:00,27414.36850791645,19935.34214200481,19438.69814352767,23766.486954635508,32522.421379569034,11545.18822277938,27644.2142206433
2026-04-14 11:15:00+00:00,27422.37324451969,19943.346878608052,19438.69814352767,23774.49169123875,32530.425877447404,11545.18822277938,27652.218957246543
2026-04-14 11:20:00+00:00,27430.388395611793,19943.346878608052,19438.69814352767,23774.49169123875,32538.432007829793,11545.18822277938,27660.234108338645
2026-04-14 11:25:00+00:00,27420.388395611793,19943.346878608052,19438.69814352767,23774.49169123875,32528.432007829793,11545.18822277938,27650.234108338645
2026-04-14 11:30:00+00:00,27428.393637833575,19943.346878608052,19438.69814352767,23774.49169123875,32536.43730472751,11545.18822277938,27658.239350560427
2026-04-14 11:35:00+00:00,27436.4003756187,19943.346878608052,19438.69814352767,23774.49169123875,32544.438324379586,11545.18822277938,27666.246088345553
2026-04-14 11:40:00+00:00,27444.413225000495,19943.346878608052,19438.69814352767,23774.49169123875,32552.444836801697,11545.18822277938,27674.258937727347
2026-04-14 11:45:00+00:00,27452.418495869726,19943.346878608052,19438.69814352767,23774.49169123875,32560.44713397156,11545.18822277938,27682.264208596578
2026-04-14 11:50:00+00:00,27460.42149508136,19943.346878608052,19438.69814352767,23774.49169123875,32568.448136422187,11545.18822277938,27690.26720780821
2026-04-14 11:55:00+00:00,27450.42149508136,19943.346878608052,19446.69545191389,23774.49169123875,32558.448136422187,11553.172034612266,27680.26720780821
2026-04-14 12:00:00+00:00,27440.42149508136,19933.346878608052,19446.69545191389,23764.49169123875,32566.45274971535,11561.17483235124,27670.26720780821
2026-04-14 12:05:00+00:00,27448.430619038172,19933.346878608052,19446.69545191389,23764.49169123875,32566.45274971535,11561.17483235124,27678.276331765024
2026-04-14 12:10:00+00:00,27456.432579918703,19941.348839488583,19454.669656593804,23772.465895918664,32574.432596459028,11561.17483235124,27686.278292645555
2026-04-14 12:15:00+00:00,27464.428563051013,19949.344822620893,19462.641434059675,23780.437673384535,32582.414710791625,11561.17483235124,27694.274275777865
2026-04-14 12:20:00+00:00,27472.417415294516,19949.344822620893,19470.61552853632,23788.41176786118,32590.395076584733,11561.17483235124,27702.263128021368
2026-04-14 12:25:00+00:00,27480.425797077733,19949.344822620893,19470.61552853632,23788.41176786118,32598.39765486671,11561.17483235124,27710.271509804585
2026-04-14 12:30:00+00:00,27480.425797077733,19949.344822620893,19478.589653230192,23788.41176786118,32606.383074664463,11561.17483235124,27718.245634498457
2026-04-14 12:35:00+00:00,27488.436638514682,19949.344822620893,19478.589653230192,23788.41176786118,32614.38924192832,11561.17483235124,27726.256475935406
2026-04-14 12:40:00+00:00,27478.436638514682,19939.344822620893,19478.589653230192,23778.41176786118,32604.38924192832,11561.17483235124,27716.256475935406
2026-04-14 12:45:00+00:00,27486.444867873226,19947.353051979433,19478.589653230192,23786.419997219724,32612.393552034508,11561.17483235124,27724.26470529395
2026-04-14 12:50:00+00:00,27494.448861236524,19955.35704534273,19478.589653230192,23794.423990583018,32602.393552034508,11551.17483235124,27732.268698657248
2026-04-14 12:55:00+00:00,27502.451057293165,19963.35924139937,19478.589653230192,23802.426186639655,32610.390781687758,11551.17483235124,27740.27089471389
2026-04-14 13:00:00+00:00,27510.448896761725,19963.35924139937,19486.56383460268,23810.400368012146,32618.360975319796,11551.17483235124,27748.26873418245
2026-04-14 13:05:00+00:00,27518.451344183974,19963.35924139937,19486.56383460268,23810.400368012146,32626.363474172314,11551.17483235124,27756.271181604698
2026-04-14 13:10:00+00:00,27526.45458173546,19971.362478950854,19486.56383460268,23818.40360556363,32634.365559805112,11551.17483235124,27764.274419156183
2026-04-14 13:15:00+00:00,27516.45458173546,19971.362478950854,19486.56383460268,23818.40360556363,32642.36985023144,11551.17483235124,27754.274419156183
2026-04-14 13:20:00+00:00,27524.457048465432,19979.364945680827,19486.56383460268,23826.406072293605,32650.366554516004,11551.17483235124,27762.276885886156
2026-04-14 13:25:00+00:00,27532.469331072945,19979.364945680827,19486.56383460268,23826.406072293605,32658.36265840974,11551.17483235124,27770.28916849367
2026-04-14 13:30:00+00:00,27540.42821660489,19979.364945680827,19494.5034973422,23834.34573503313,32666.29905868733,11551.17483235124,27778.248054025615
2026-04-14 13:35:00+00:00,27548.391003231205,19987.32773230714,19502.4739062945,23842.31614398543,32674.245094363254,11551.17483235124,27786.21084065193
2026-04-14 13:40:00+00:00,27556.310877044958,19987.32773230714,19510.323610256655,23850.16584794758,32682.126211488336,11551.17483235124,27794.130714465682
2026-04-14 13:45:00+00:00,27546.310877044958,19987.32773230714,19500.323610256655,23840.16584794758,32672.126211488336,11559.172332954888,27784.130714465682
2026-04-14 13:50:00+00:00,27554.25121263359,19995.268067895777,19508.244226618845,23848.086464309774,32680.0646406174,11559.172332954888,27792.071050054314
2026-04-14 13:55:00+00:00,27562.23406536757,19995.268067895777,19516.22302214113,23856.065259832056,32688.042605625556,11559.172332954888,27800.053902788295
2026-04-14 14:00:00+00:00,27570.24040296363,19995.268067895777,19524.1842594798,23864.026497170726,32696.018740974243,11559.172332954888,27808.060240384355
2026-04-14 14:05:00+00:00,27578.20240727286,20003.230072205006,19532.1273651381,23871.969602829027,32703.971285610234,11567.166229532482,27816.022244693584
2026-04-14 14:10:00+00:00,27568.20240727286,20003.230072205006,19522.1273651381,23861.969602829027,32693.971285610234,11575.164924721747,27806.022244693584
2026-04-14 14:15:00+00:00,27558.20240727286,20003.230072205006,19522.1273651381,23861.969602829027,32683.971285610234,11565.164924721747,27796.022244693584
2026-04-14 14:20:00+00:00,27566.17937835416,20003.230072205006,19530.080883730494,23869.92312142142,32691.925675949817,11565.164924721747,27803.999215774886
2026-04-14 14:25:00+00:00,27574.1272406006,20011.177934451443,19538.007129568687,23877.849367259616,32699.8615661349,11565.164924721747,27811.947078021323
2026-04-14 14:30:00+00:00,27564.1272406006,20001.177934451443,19528.007129568687,23867.849367259616,32689.8615661349,11573.160158996387,27801.947078021323
2026-04-14 14:35:00+00:00,27572.137376651255,20001.177934451443,19535.96144788881,23875.803685579736,32697.8459089773,11581.165221231213,27809.95721407198
2026-04-14 14:40:00+00:00,27562.137376651255,20001.177934451443,19535.96144788881,23875.803685579736,32705.849089480693,11571.165221231213,27799.95721407198
2026-04-14 14:45:00+00:00,27570.099555923865,20001.177934451443,19535.96144788881,23875.803685579736,32713.83905581785,11571.165221231213,27807.91939334459
2026-04-14 14:50:00+00:00,27578.105545431426,20001.177934451443,19535.96144788881,23875.803685579736,32721.833413517546,11579.171210738774,27815.92538285215
2026-04-14 14:55:00+00:00,27586.09852036321,20001.177934451443,19543.940803669822,23883.783041360748,32729.821767608217,11579.171210738774,27823.918357783936
2026-04-14 15:00:00+00:00,27576.09852036321,20001.177934451443,19543.940803669822,23883.783041360748,32719.821767608217,11569.171210738774,27813.918357783936
2026-04-14 15:05:00+00:00,27584.050618516194,20001.177934451443,19551.91118315693,23891.73513951373,32727.80372513609,11569.171210738774,27821.870455936918
2026-04-14 15:10:00+00:00,27592.015886094,20009.14320202925,19541.91118315693,23899.700407091535,32717.80372513609,11559.171210738774,27829.835723514723
2026-04-14 15:15:00+00:00,27600.027725261905,20009.14320202925,19541.91118315693,23899.700407091535,32725.801953817496,11567.177661445603,27837.84756268263
2026-04-14 15:20:00+00:00,27608.009327130963,20009.14320202925,19541.91118315693,23899.700407091535,32733.7964584634,11567.177661445603,27845.829164551687
2026-04-14 15:25:00+00:00,27598.009327130963,20009.14320202925,19541.91118315693,23899.700407091535,32723.7964584634,11575.174640321084,27835.829164551687
2026-04-14 15:30:00+00:00,27605.969101791576,20017.102976689857,19549.827030653167,23907.61625458777,32731.73409233669,11575.174640321084,27843.7889392123
2026-04-14 15:35:00+00:00,27613.950330377505,20025.084205275787,19557.783640058467,23915.57286399307,32739.691294997814,11575.174640321084,27851.77016779823
2026-04-14 15:40:00+00:00,27621.93943459225,20033.07330949053,19565.76510672827,23923.554330662875,32747.671582454637,11575.174640321084,27859.759272012972
2026-04-14 15:45:00+00:00,27629.93395543045,20033.07330949053,19573.74418003505,23931.533403969654,32755.65113245317,11575.174640321084,27867.753792851174
2026-04-14 15:50:00+00:00,27637.921104473426,20033.07330949053,19581.709095877508,23939.49831981211,32763.631885681756,11575.174640321084,27875.74094189415
2026-04-14 15:55:00+00:00,27645.921818080027,20033.07330949053,19589.705749300767,23947.49497323537,32771.636859024264,11575.174640321084,27883.74165550075
2026-04-14 16:00:00+00:00,27653.909224551655,20033.07330949053,19597.668421518814,23955.457645453418,32779.60270261236,11575.174640321084,27891.72906197238
2026-04-14 16:05:00+00:00,27661.921975314188,20033.07330949053,19597.668421518814,23955.457645453418,32787.60336093638,11575.174640321084,27899.741812734912
2026-04-14 16:10:00+00:00,27669.920260308063,20033.07330949053,19605.612141557234,23963.401365491838,32795.586011411215,11575.174640321084,27907.740097728787
2026-04-14 16:15:00+00:00,27677.91953849567,20033.07330949053,19613.588756839497,23971.3779807741,32803.58504538711,11575.174640321084,27915.739375916393
2026-04-14 16:20:00+00:00,27685.898687499688,20033.07330949053,19621.577804063894,23979.367027998498,32811.55454862991,11575.174640321084,27923.718524920412
2026-04-14 16:25:00+00:00,27693.87239292565,20041.04701491649,19629.536970633628,23987.32619456823,32819.51217660979,11575.174640321084,27931.692230346373
2026-04-14 16:30:00+00:00,27693.87239292565,20041.04701491649,19629.536970633628,23987.32619456823,32819.51217660979,11575.174640321084,27931.692230346373
2026-04-14 16:35:00+00:00,27701.885164520332,20041.04701491649,19629.536970633628,23987.32619456823,32827.513305669796,11583.180645704291,27939.705001941056
2026-04-14 16:40:00+00:00,27709.897568491702,20041.04701491649,19629.536970633628,23987.32619456823,32817.513305669796,11583.180645704291,27947.717405912426
2026-04-14 16:45:00+00:00,27717.90286098287,20041.04701491649,19629.536970633628,23987.32619456823,32825.51309142357,11583.180645704291,27955.722698403595
2026-04-14 16:50:00+00:00,27725.869275806897,20049.013429740517,19637.461101675086,23995.25032560969,32833.456267358866,11583.180645704291,27963.68911322762
2026-04-14 16:55:00+00:00,27733.85876609093,20049.013429740517,19645.443213385654,24003.232437320257,32841.45273380514,11583.180645704291,27971.678603511653
2026-04-14 17:00:00+00:00,27741.863436904332,20049.013429740517,19645.443213385654,24003.232437320257,32831.45273380514,11573.180645704291,27979.683274325056
2026-04-14 17:05:00+00:00,27749.84795596475,20049.013429740517,19653.442582991072,24011.231806925676,32839.43659071477,11573.180645704291,27987.667793385473
2026-04-14 17:10:00+00:00,27757.83056556638,20049.013429740517,19653.442582991072,24011.231806925676,32847.4361593189,11573.180645704291,27995.650402987103
2026-04-14 17:15:00+00:00,27765.841422443984,20049.013429740517,19653.442582991072,24011.231806925676,32855.43910434206,11573.180645704291,28003.661259864708
2026-04-14 17:20:00+00:00,27755.841422443984,20049.013429740517,19643.442582991072,24001.231806925676,32845.43910434206,11573.180645704291,27993.661259864708
2026-04-14 17:25:00+00:00,27763.83637721271,20057.008384509238,19651.404211971152,24009.193435905756,32853.43418940304,11573.180645704291,28001.656214633433
2026-04-14 17:30:00+00:00,27753.83637721271,20057.008384509238,19651.404211971152,24009.193435905756,32861.43802220597,11563.180645704291,27991.656214633433
2026-04-14 17:35:00+00:00,27761.84603161063,20057.008384509238,19651.404211971152,24009.193435905756,32869.43963712283,11571.1818490569,27999.665869031352
2026-04-14 17:40:00+00:00,27769.816969176078,20064.979322074687,19659.356646263084,24017.145870197688,32877.412708807846,11571.1818490569,28007.6368065968
2026-04-14 17:45:00+00:00,27777.81838804394,20064.979322074687,19659.356646263084,24017.145870197688,32885.413500602386,11571.1818490569,28015.638225464663
2026-04-14 17:50:00+00:00,27767.81838804394,20064.979322074687,19659.356646263084,24017.145870197688,32893.41658701317,11571.1818490569,28005.638225464663
2026-04-14 17:55:00+00:00,27767.81838804394,20064.979322074687,19667.34410276419,24017.145870197688,32901.40648330684,11571.1818490569,28013.625681965772
2026-04-14 18:00:00+00:00,27775.819136875107,20072.980070905858,19667.34410276419,24025.146619028856,32909.40763478569,11571.1818490569,28021.62643079694
2026-04-14 18:05:00+00:00,27765.819136875107,20072.980070905858,19667.34410276419,24025.146619028856,32899.40763478569,11571.1818490569,28011.62643079694
2026-04-14 18:10:00+00:00,27773.814602211238,20072.980070905858,19667.34410276419,24025.146619028856,32907.40319658715,11571.1818490569,28019.62189613307
2026-04-14 18:15:00+00:00,27763.814602211238,20072.980070905858,19667.34410276419,24025.146619028856,32915.40224006468,11579.180892534436,28009.62189613307
2026-04-14 18:20:00+00:00,27771.785515894993,20072.980070905858,19675.282907682275,24033.08542394694,32923.375231417944,11579.180892534436,28017.592809816826
2026-04-14 18:25:00+00:00,27779.774230086317,20072.980070905858,19683.263622371556,24041.06613863622,32931.34829171222,11579.180892534436,28025.58152400815
2026-04-14 18:30:00+00:00,27787.777598205666,20072.980070905858,19683.263622371556,24041.06613863622,32921.34829171222,11587.184260653785,28033.5848921275
2026-04-14 18:35:00+00:00,27795.728991772357,20072.980070905858,19691.188255105037,24048.9907713697,32929.29991871395,11587.184260653785,28041.53628569419
2026-04-14 18:40:00+00:00,27803.70811530117,20080.959194434672,19699.176913075815,24056.979429340478,32937.284980778684,11587.184260653785,28049.515409223004
2026-04-14 18:45:00+00:00,27811.656462402614,20088.907541536115,19707.055032305194,24064.85754856986,32945.170457563785,11595.191671575396,28057.463756324447
2026-04-14 18:50:00+00:00,27819.599930340577,20096.851009474078,19714.977662072633,24072.7801783373,32953.10041587226,11595.191671575396,28065.40722426241
2026-04-14 18:55:00+00:00,27809.599930340577,20096.851009474078,19714.977662072633,24072.7801783373,32943.10041587226,11595.191671575396,28055.40722426241
2026-04-14 19:00:00+00:00,27817.590240178062,20104.841319311563,19722.933854927287,24080.73637119195,32951.07204831258,11595.191671575396,28063.397534099895
2026-04-14 19:05:00+00:00,27825.567824304344,20112.818903437845,19730.892147484145,24088.694663748807,32959.04735270044,11595.191671575396,28071.375118226177
2026-04-14 19:10:00+00:00,27815.567824304344,20102.818903437845,19730.892147484145,24078.694663748807,32967.048941835346,11603.183942380863,28061.375118226177
2026-04-14 19:15:00+00:00,27823.556430576213,20102.818903437845,19738.87781488717,24086.680331151838,32975.031460117105,11603.183942380863,28069.363724498045
2026-04-14 19:20:00+00:00,27813.556430576213,20092.818903437845,19746.867931800625,24076.680331151838,32983.02476859548,11611.18747321861,28059.363724498045
2026-04-14 19:25:00+00:00,27821.55954859005,20092.818903437845,19746.867931800625,24076.680331151838,32991.027886609314,11619.190591232444,28067.36684251188
2026-04-14 19:30:00+00:00,27811.55954859005,20082.818903437845,19736.867931800625,24066.680331151838,32981.027886609314,11619.190591232444,28057.36684251188
2026-04-14 19:35:00+00:00,27819.575596420098,20082.818903437845,19736.867931800625,24066.680331151838,32989.03092218953,11627.18227537848,28065.38289034193
2026-04-14 19:40:00+00:00,27809.575596420098,20072.818903437845,19736.867931800625,24056.680331151838,32979.03092218953,11635.185716695398,28055.38289034193
2026-04-14 19:45:00+00:00,27817.5478832626,20072.818903437845,19736.867931800625,24056.680331151838,32987.02933909805,11635.185716695398,28063.355177184432
2026-04-14 19:50:00+00:00,27825.54554577815,20072.818903437845,19736.867931800625,24056.680331151838,32995.0270016136,11643.183379210948,28071.352839699983
2026-04-14 19:55:00+00:00,27825.54554577815,20072.818903437845,19736.867931800625,24056.680331151838,33003.02869744292,11643.183379210948,28071.352839699983
2026-04-14 20:00:00+00:00,27833.533642142673,20080.806999802367,19744.80941890508,24064.62181825629,33011.00417057164,11643.183379210948,28079.340936064506
2026-04-14 20:05:00+00:00,27823.533642142673,20080.806999802367,19744.80941890508,24064.62181825629,33019.00800873939,11651.1872173787,28069.340936064506
2026-04-14 20:10:00+00:00,27813.533642142673,20080.806999802367,19744.80941890508,24064.62181825629,33027.010635750776,11651.1872173787,28059.340936064506
2026-04-14 20:15:00+00:00,27821.537978831228,20080.806999802367,19752.781314150572,24072.593713501785,33034.99403160268,11651.1872173787,28067.34527275306
2026-04-14 20:20:00+00:00,27829.543285538064,20088.812306509208,19760.760979446626,24080.57337879784,33042.99143445745,11651.1872173787,28075.350579459897
2026-04-14 20:25:00+00:00,27819.543285538064,20096.821437703467,19760.760979446626,24080.57337879784,33050.993114692894,11651.1872173787,28065.350579459897
2026-04-14 20:30:00+00:00,27827.528223159905,20104.80637532531,19768.74960542118,24088.562004772393,33058.98483503601,11651.1872173787,28073.335517081738
2026-04-14 20:35:00+00:00,27835.523804053566,20112.801956218973,19768.74960542118,24096.557585666058,33066.98176002706,11651.1872173787,28081.3310979754
2026-04-14 20:40:00+00:00,27825.523804053566,20112.801956218973,19768.74960542118,24096.557585666058,33074.98339927176,11651.1872173787,28071.3310979754
2026-04-14 20:45:00+00:00,27833.526371648444,20112.801956218973,19768.74960542118,24096.557585666058,33082.98134879967,11659.188291249282,28079.333665570277
2026-04-14 20:50:00+00:00,27823.526371648444,20112.801956218973,19768.74960542118,24096.557585666058,33090.98017207062,11659.188291249282,28069.333665570277
2026-04-14 20:55:00+00:00,27831.532544126618,20120.808128697143,19776.718884308884,24104.526864553758,33098.95914355601,11659.188291249282,28077.33983804845
2026-04-14 21:00:00+00:00,27839.533832690246,20128.809417260774,19776.718884308884,24112.52815311739,33106.956168596655,11659.188291249282,28085.34112661208
2026-04-14 21:05:00+00:00,27847.519428808173,20128.809417260774,19784.690553570865,24120.499822379366,33114.93288767341,11659.188291249282,28093.326722730006
2026-04-14 21:10:00+00:00,27837.519428808173,20128.809417260774,19784.690553570865,24120.499822379366,33114.93288767341,11659.188291249282,28083.326722730006
2026-04-14 21:15:00+00:00,27845.51762194966,20136.807610402262,19784.690553570865,24128.498015520858,33122.925199707635,11659.188291249282,28091.324915871493
2026-04-14 21:20:00+00:00,27853.50403536214,20144.794023814742,19792.658966005278,24136.466427955267,33130.89834810839,11659.188291249282,28099.311329283973
2026-04-14 21:25:00+00:00,27861.430030646727,20144.794023814742,19792.658966005278,24136.466427955267,33138.89455251048,11659.188291249282,28107.23732456856
2026-04-14 21:30:00+00:00,27869.432347104615,20152.79634027263,19792.658966005278,24144.46874441316,33146.89632184326,11659.188291249282,28115.23964102645
2026-04-14 21:35:00+00:00,27877.440633083206,20160.804626251225,19792.658966005278,24152.477030391754,33136.89632184326,11649.188291249282,28123.24792700504
2026-04-14 21:40:00+00:00,27885.443055683936,20160.804626251225,19800.64065410332,24160.458718489797,33144.87874212563,11649.188291249282,28131.25034960577
2026-04-14 21:45:00+00:00,27893.455591995596,20160.804626251225,19800.64065410332,24160.458718489797,33152.88434173851,11649.188291249282,28139.26288591743
2026-04-14 21:50:00+00:00,27901.44382993425,20168.79286418988,19808.594352844775,24168.41241723125,33160.879968769324,11649.188291249282,28147.251123856084
2026-04-14 21:55:00+00:00,27909.445259673703,20176.79429392933,19808.594352844775,24176.413846970703,33168.8786599733,11649.188291249282,28155.252553595536
2026-04-14 22:00:00+00:00,27917.41974533495,20176.79429392933,19808.594352844775,24176.413846970703,33176.88547996843,11649.188291249282,28163.227039256784
2026-04-14 22:05:00+00:00,27925.40101537735,20184.77556397173,19808.594352844775,24184.395117013104,33184.873370380985,11649.188291249282,28171.20830929918
2026-04-14 22:10:00+00:00,27933.40308827264,20184.77556397173,19808.594352844775,24184.395117013104,33192.87451704954,11657.193274759844,28179.210382194473
2026-04-14 22:15:00+00:00,27941.393053321506,20192.765529020595,19816.56632816926,24192.36709233759,33200.85412182694,11657.193274759844,28187.20034724334
2026-04-14 22:20:00+00:00,27949.381741246016,20200.754216945104,19824.56022525215,24200.36098942048,33208.84159313506,11657.193274759844,28195.18903516785
2026-04-14 22:25:00+00:00,27957.38870656331,20208.761182262395,19824.56022525215,24208.36795473777,33216.84602615687,11657.193274759844,28203.196000485143
2026-04-14 22:30:00+00:00,27965.37418888977,20208.761182262395,19832.515823041278,24216.323552526897,33224.795741210124,11665.19965626123,28211.181482811604
2026-04-14 22:35:00+00:00,27973.38530444602,20208.761182262395,19840.49091823401,24224.29864771963,33232.787164995985,11665.19965626123,28219.192598367852
2026-04-14 22:40:00+00:00,27963.38530444602,20208.761182262395,19840.49091823401,24224.29864771963,33222.787164995985,11665.19965626123,28209.192598367852
2026-04-14 22:45:00+00:00,27971.36907715556,20208.761182262395,19848.4558145206,24232.26354400622,33230.786644605294,11665.19965626123,28217.176371077392
2026-04-14 22:50:00+00:00,27979.35593925829,20216.74804436513,19856.450707884553,24240.258437370172,33238.78142743152,11665.19965626123,28225.163233180123
2026-04-14 22:55:00+00:00,27987.363438351418,20224.755543458254,19856.450707884553,24248.2659364633,33228.78142743152,11665.19965626123,28233.17073227325
2026-04-14 23:00:00+00:00,27995.36799585221,20224.755543458254,19856.450707884553,24248.2659364633,33236.78569661536,11665.19965626123,28241.175289774044
2026-04-14 23:05:00+00:00,28003.383166595617,20214.755543458254,19856.450707884553,24248.2659364633,33226.78569661536,11665.19965626123,28249.19046051745
2026-04-14 23:10:00+00:00,28011.39286079129,20214.755543458254,19856.450707884553,24248.2659364633,33234.78733662772,11665.19965626123,28257.200154713122
2026-04-14 23:15:00+00:00,28019.39679696236,20214.755543458254,19856.450707884553,24248.2659364633,33242.787204918495,11665.19965626123,28265.204090884192
2026-04-14 23:20:00+00:00,28009.39679696236,20214.755543458254,19856.450707884553,24248.2659364633,33242.787204918495,11665.19965626123,28255.204090884192
2026-04-14 23:25:00+00:00,28017.39230241081,20222.751048906706,19856.450707884553,24256.26144191175,33250.78903655567,11665.19965626123,28263.199596332644
2026-04-14 23:30:00+00:00,28025.381920986223,20230.740667482114,19856.450707884553,24264.251060487157,33258.77766772495,11665.19965626123,28271.189214908056
2026-04-14 23:35:00+00:00,28015.381920986223,20230.740667482114,19846.450707884553,24254.251060487157,33248.77766772495,11665.19965626123,28261.189214908056
2026-04-14 23:40:00+00:00,28023.39763178935,20230.740667482114,19846.450707884553,24254.251060487157,33238.77766772495,11665.19965626123,28269.204925711183
2026-04-14 23:45:00+00:00,28031.39452348444,20230.740667482114,19854.43349776096,24262.23385036357,33246.76844688541,11665.19965626123,28277.201817406272
2026-04-14 23:50:00+00:00,28039.400480838274,20230.740667482114,19862.378516333138,24270.17886893574,33254.728136631966,11665.19965626123,28285.207774760107
2026-04-14 23:55:00+00:00,28047.39344643244,20238.73363307628,19870.3597789975,24278.160131600103,33262.71182861127,11665.19965626123,28293.200740354274
2026-04-15 00:00:00+00:00,28055.343676124754,20246.683862768594,19878.302620530165,24286.10297313277,33270.656103871705,11665.19965626123,28301.150970046587
2026-04-15 00:05:00+00:00,28063.33714809252,20254.677334736363,19886.28329422766,24294.083646830266,33278.63793798785,11665.19965626123,28309.144442014353
2026-04-15 00:10:00+00:00,28071.329403882377,20254.677334736363,19894.26563948735,24302.065992089956,33286.644995944356,11665.19965626123,28317.13669780421
2026-04-15 00:15:00+00:00,28079.30522726931,20262.672011524126,19902.240939941898,24310.041292544505,33294.644812008104,11665.19965626123,28325.112521191142
2026-04-15 00:20:00+00:00,28087.27441354868,20270.641197803496,19910.152723045205,24317.953075647813,33302.58794761791,11665.19965626123,28333.081707470512
2026-04-15 00:25:00+00:00,28077.27441354868,20270.641197803496,19910.152723045205,24317.953075647813,33292.58794761791,11665.19965626123,28323.081707470512
2026-04-15 00:30:00+00:00,28085.265721179687,20278.632505434503,19918.12304192436,24325.923394526966,33300.577371573454,11665.19965626123,28331.07301510152
2026-04-15 00:35:00+00:00,28093.270944847114,20278.632505434503,19918.12304192436,24325.923394526966,33308.57960104082,11665.19965626123,28339.078238768947
2026-04-15 00:40:00+00:00,28101.286693933493,20278.632505434503,19918.12304192436,24325.923394526966,33316.57519692864,11665.19965626123,28347.093987855325
2026-04-15 00:45:00+00:00,28109.290325297407,20286.636136798414,19926.112878817985,24333.913231420593,33324.56503426039,11665.19965626123,28355.09761921924
2026-04-15 00:50:00+00:00,28099.290325297407,20286.636136798414,19926.112878817985,24333.913231420593,33314.56503426039,11665.19965626123,28345.09761921924
2026-04-15 00:55:00+00:00,28107.28093547453,20294.626746975537,19934.08324014116,24341.883592743765,33322.55010987716,11665.19965626123,28353.088229396362
2026-04-15 01:00:00+00:00,28115.29500486834,20294.626746975537,19934.08324014116,24341.883592743765,33330.55346079308,11673.203007177155,28361.102298790174
2026-04-15 01:05:00+00:00,28123.297389285606,20294.626746975537,19942.058794024757,24349.859146627365,33338.537121691086,11673.203007177155,28369.10468320744
2026-04-15 01:10:00+00:00,28113.297389285606,20284.626746975537,19942.058794024757,24339.859146627365,33328.537121691086,11673.203007177155,28359.10468320744
2026-04-15 01:15:00+00:00,28121.30121692215,20284.626746975537,19942.058794024757,24339.859146627365,33336.54112594119,11673.203007177155,28367.108510843984
2026-04-15 01:20:00+00:00,28129.28121766705,20292.606747720434,19950.046039524583,24347.84639212719,33344.52151502659,11673.203007177155,28375.08851158888
2026-04-15 01:25:00+00:00,28137.28542709936,20300.61095715275,19950.046039524583,24355.850601559505,33352.526020777936,11673.203007177155,28383.092721021192
2026-04-15 01:30:00+00:00,28145.301881615054,20300.61095715275,19950.046039524583,24355.850601559505,33360.52536894199,11673.203007177155,28391.109175536887
2026-04-15 01:35:00+00:00,28153.285425090202,20300.61095715275,19958.018171523807,24363.82273355873,33368.50676266178,11673.203007177155,28399.092719012035
2026-04-15 01:40:00+00:00,28161.2767745343,20300.61095715275,19958.018171523807,24363.82273355873,33376.50346378271,11673.203007177155,28407.084068456134
2026-04-15 01:45:00+00:00,28151.2767745343,20290.61095715275,19958.018171523807,24353.82273355873,33366.50346378271,11673.203007177155,28397.084068456134
2026-04-15 01:50:00+00:00,28141.2767745343,20290.61095715275,19948.018171523807,24343.82273355873,33356.50346378271,11681.199583522535,28387.084068456134
2026-04-15 01:55:00+00:00,28149.289271057023,20290.61095715275,19948.018171523807,24343.82273355873,33346.50346378271,11681.199583522535,28395.096564978856
2026-04-15 02:00:00+00:00,28157.299558451483,20290.61095715275,19948.018171523807,24343.82273355873,33354.49016735854,11681.199583522535,28403.106852373316
2026-04-15 02:05:00+00:00,28165.305477654805,20290.61095715275,19948.018171523807,24343.82273355873,33362.49250248083,11681.199583522535,28411.112771576638
2026-04-15 02:10:00+00:00,28165.305477654805,20290.61095715275,19948.018171523807,24343.82273355873,33362.49250248083,11681.199583522535,28411.112771576638
2026-04-15 02:15:00+00:00,28173.32134251015,20290.61095715275,19948.018171523807,24343.82273355873,33352.49250248083,11681.199583522535,28419.128636431982
2026-04-15 02:20:00+00:00,28181.321219259597,20298.610833902196,19948.018171523807,24351.822610308176,33360.49474506173,11681.199583522535,28427.12851318143
2026-04-15 02:25:00+00:00,28189.313561327275,20306.603175969874,19956.004753131616,24359.809191915985,33368.48032112135,11681.199583522535,28435.120855249108
2026-04-15 02:30:00+00:00,28197.278875393247,20314.568490035846,19963.95885839576,24367.76329718013,33376.44320450182,11681.199583522535,28443.08616931508
2026-04-15 02:35:00+00:00,28187.278875393247,20314.568490035846,19963.95885839576,24367.76329718013,33376.44320450182,11681.199583522535,28433.08616931508
2026-04-15 02:40:00+00:00,28195.274856177915,20322.56447082051,19971.944822811776,24375.749261596142,33384.438012761755,11681.199583522535,28441.082150099748
2026-04-15 02:45:00+00:00,28203.285901336872,20330.575515979464,19971.944822811776,24383.760306755095,33392.428441785465,11681.199583522535,28449.093195258705
2026-04-15 02:50:00+00:00,28211.29077816525,20330.575515979464,19971.944822811776,24383.760306755095,33400.431383969946,11681.199583522535,28457.098072087083
2026-04-15 02:55:00+00:00,28219.291173825197,20338.57591163941,19971.944822811776,24391.760702415042,33408.43786919919,11681.199583522535,28465.09846774703
2026-04-15 03:00:00+00:00,28227.290412329687,20346.5751501439,19971.944822811776,24399.75994091953,33416.43263158432,11681.199583522535,28473.09770625152
2026-04-15 03:05:00+00:00,28217.290412329687,20346.5751501439,19971.944822811776,24399.75994091953,33416.43263158432,11681.199583522535,28463.09770625152
2026-04-15 03:10:00+00:00,28207.290412329687,20346.5751501439,19971.944822811776,24399.75994091953,33416.43263158432,11681.199583522535,28453.09770625152
2026-04-15 03:15:00+00:00,28215.29654274604,20346.5751501439,19971.944822811776,24399.75994091953,33424.438814928435,11681.199583522535,28461.103836667873
2026-04-15 03:20:00+00:00,28205.29654274604,20336.5751501439,19971.944822811776,24389.75994091953,33432.44150092432,11681.199583522535,28451.103836667873
2026-04-15 03:25:00+00:00,28195.29654274604,20326.5751501439,19971.944822811776,24379.75994091953,33422.44150092432,11681.199583522535,28441.103836667873
2026-04-15 03:30:00+00:00,28185.29654274604,20326.5751501439,19971.944822811776,24379.75994091953,33430.44704276635,11689.200347908269,28431.103836667873
2026-04-15 03:35:00+00:00,28193.29754363631,20334.57615103417,19979.93211608437,24387.747234192128,33438.43300431825,11689.200347908269,28439.10483755814
2026-04-15 03:40:00+00:00,28193.29754363631,20334.57615103417,19979.93211608437,24387.747234192128,33438.43300431825,11689.200347908269,28439.10483755814
2026-04-15 03:45:00+00:00,28201.308466509512,20342.587073907376,19979.93211608437,24395.758157065335,33446.432295411745,11689.200347908269,28447.115760431345
2026-04-15 03:50:00+00:00,28201.308466509512,20350.5961153281,19979.93211608437,24395.758157065335,33454.43926108968,11689.200347908269,28455.124801852067
2026-04-15 03:55:00+00:00,28209.304984873805,20358.592633692388,19987.911474292152,24403.73751527311,33462.43055668605,11689.200347908269,28463.12132021636
2026-04-15 04:00:00+00:00,28217.309099492886,20358.592633692388,19995.894482117597,24411.72052309856,33470.420189743265,11689.200347908269,28471.12543483544
2026-04-15 04:05:00+00:00,28225.305240277223,20366.588774476724,19995.894482117597,24419.716663882897,33478.42467677701,11689.200347908269,28479.121575619778
2026-04-15 04:10:00+00:00,28225.305240277223,20366.588774476724,19995.894482117597,24419.716663882897,33478.42467677701,11689.200347908269,28479.121575619778
2026-04-15 04:15:00+00:00,28225.305240277223,20366.588774476724,19995.894482117597,24419.716663882897,33478.42467677701,11689.200347908269,28479.121575619778
2026-04-15 05:15:00+00:00,28233.26577553178,20366.588774476724,20003.85290318491,24427.675084950206,33486.3854284503,11689.200347908269,28487.082110874337
2026-04-15 05:20:00+00:00,28241.26046027486,20374.583459219808,20011.82336315288,24435.645544918178,33494.35249388174,11689.200347908269,28495.076795617417
2026-04-15 05:25:00+00:00,28249.258617441963,20382.58161638691,20019.800170472365,24443.622352237664,33502.34055706103,11689.200347908269,28503.07495278452
2026-04-15 06:20:00+00:00,28257.265916187545,20390.58891513249,20019.800170472365,24451.629650983246,33510.33618530005,11689.200347908269,28511.0822515301
2026-04-15 06:25:00+00:00,28265.269111356563,20398.592110301506,20019.800170472365,24459.632846152264,33518.33882860035,11689.200347908269,28519.08544669912
2026-04-15 06:30:00+00:00,28255.269111356563,20388.592110301506,20019.800170472365,24449.632846152264,33508.33882860035,11689.200347908269,28509.08544669912
2026-04-15 06:35:00+00:00,28245.269111356563,20388.592110301506,20019.800170472365,24449.632846152264,33516.3459141489,11689.200347908269,28499.08544669912
2026-04-15 06:40:00+00:00,28253.283498839904,20388.592110301506,20019.800170472365,24449.632846152264,33516.3459141489,11689.200347908269,28507.09983418246
2026-04-15 06:45:00+00:00,28261.29945522506,20388.592110301506,20019.800170472365,24449.632846152264,33524.348019213256,11689.200347908269,28515.115790567615
2026-04-15 06:50:00+00:00,28269.304239609257,20396.596894685703,20019.800170472365,24457.637630536457,33532.349575110085,11689.200347908269,28523.120574951812
2026-04-15 06:55:00+00:00,28269.304239609257,20404.601133187723,20019.800170472365,24457.637630536457,33540.35250365292,11689.200347908269,28531.124813453833
2026-04-15 07:00:00+00:00,28259.304239609257,20404.601133187723,20019.800170472365,24457.637630536457,33548.353077197986,11689.200347908269,28521.124813453833
2026-04-15 07:05:00+00:00,28267.29943199075,20412.596325569215,20027.79632964832,24465.63378971241,33556.339989408894,11689.200347908269,28529.120005835324
2026-04-15 07:10:00+00:00,28275.258093310673,20420.55498688914,20035.737035185237,24473.574495249333,33564.298032967854,11689.200347908269,28537.07866715525
2026-04-15 07:15:00+00:00,28283.250611071548,20428.547504650014,20043.627492118176,24481.464952182272,33572.22213218527,11689.200347908269,28545.071184916123
2026-04-15 07:20:00+00:00,28291.262648709067,20428.547504650014,20043.627492118176,24481.464952182272,33580.22755129344,11679.200347908269,28553.083222553643
2026-04-15 07:25:00+00:00,28299.26238521473,20428.547504650014,20043.627492118176,24481.464952182272,33588.23399029141,11687.202921968805,28561.082959059306
2026-04-15 07:30:00+00:00,28307.272227310295,20428.547504650014,20043.627492118176,24481.464952182272,33596.23797468642,11687.202921968805,28569.09280115487
2026-04-15 07:35:00+00:00,28297.272227310295,20428.547504650014,20043.627492118176,24481.464952182272,33604.23700035633,11687.202921968805,28559.09280115487
2026-04-15 07:40:00+00:00,28305.280701546828,20428.547504650014,20043.627492118176,24481.464952182272,33612.235165680904,11687.202921968805,28567.101275391404
2026-04-15 07:45:00+00:00,28313.28038641137,20428.547504650014,20043.627492118176,24481.464952182272,33620.2379477987,11687.202921968805,28575.100960255946
2026-04-15 07:50:00+00:00,28321.267060581915,20436.534178820562,20051.610334872978,24489.44779493707,33628.21852020714,11687.202921968805,28583.08763442649
2026-04-15 07:55:00+00:00,28329.2682419447,20436.534178820562,20051.610334872978,24489.44779493707,33618.21852020714,11687.202921968805,28591.088815789277
2026-04-15 08:00:00+00:00,28337.268112973463,20436.534178820562,20051.610334872978,24489.44779493707,33618.21852020714,11687.202921968805,28599.08868681804
2026-04-15 08:05:00+00:00,28327.268112973463,20436.534178820562,20051.610334872978,24489.44779493707,33608.21852020714,11687.202921968805,28589.08868681804
2026-04-15 08:10:00+00:00,28335.280948744705,20436.534178820562,20051.610334872978,24489.44779493707,33616.22548729839,11687.202921968805,28597.10152258928
2026-04-15 08:15:00+00:00,28343.290138271663,20444.54336834752,20051.610334872978,24497.45698446403,33624.22633305528,11687.202921968805,28605.11071211624
2026-04-15 08:20:00+00:00,28351.28813727514,20452.541367350997,20051.610334872978,24505.454983467505,33632.22345782534,11687.202921968805,28613.108711119716
2026-04-15 08:25:00+00:00,28359.295558179252,20460.54878825511,20051.610334872978,24513.462404371618,33640.224786221894,11687.202921968805,28621.116132023828
2026-04-15 08:30:00+00:00,28367.309633309855,20450.54878825511,20051.610334872978,24513.462404371618,33648.208960155964,11687.202921968805,28629.13020715443
2026-04-15 08:35:00+00:00,28375.317832458215,20450.54878825511,20051.610334872978,24513.462404371618,33648.208960155964,11687.202921968805,28637.13840630279
2026-04-15 08:40:00+00:00,28365.317832458215,20450.54878825511,20051.610334872978,24513.462404371618,33638.208960155964,11687.202921968805,28627.13840630279
2026-04-15 08:45:00+00:00,28373.312672557753,20458.54362835465,20051.610334872978,24521.45724447116,33646.20159526792,11687.202921968805,28635.13324640233
2026-04-15 08:50:00+00:00,28363.312672557753,20458.54362835465,20051.610334872978,24521.45724447116,33654.204152891354,11687.202921968805,28625.13324640233
2026-04-15 08:55:00+00:00,28371.324691067195,20458.54362835465,20051.610334872978,24521.45724447116,33662.20763822967,11687.202921968805,28633.14526491177
2026-04-15 09:00:00+00:00,28361.324691067195,20448.54362835465,20059.608676231637,24511.45724447116,33670.20816399253,11695.203447731657,28623.14526491177
2026-04-15 09:05:00+00:00,28351.324691067195,20438.54362835465,20059.608676231637,24501.45724447116,33678.19745352721,11695.203447731657,28613.14526491177
2026-04-15 09:10:00+00:00,28341.324691067195,20428.54362835465,20059.608676231637,24491.45724447116,33668.19745352721,11703.20071854875,28603.14526491177
2026-04-15 09:15:00+00:00,28349.335921545597,20428.54362835465,20059.608676231637,24491.45724447116,33676.20115510927,11703.20071854875,28611.156495390172
2026-04-15 09:20:00+00:00,28357.34413502368,20428.54362835465,20059.608676231637,24491.45724447116,33676.20115510927,11703.20071854875,28619.164708868255
2026-04-15 09:25:00+00:00,28365.327463582842,20436.526956913815,20067.58996493918,24499.438533178705,33684.17685245017,11703.20071854875,28627.148037427418
2026-04-15 09:30:00+00:00,28355.327463582842,20436.526956913815,20067.58996493918,24499.438533178705,33674.17685245017,11703.20071854875,28617.148037427418
2026-04-15 09:40:00+00:00,28363.332090843855,20444.53158417483,20067.58996493918,24507.443160439718,33682.180202669806,11703.20071854875,28625.15266468843
2026-04-15 09:45:00+00:00,28353.332090843855,20444.53158417483,20067.58996493918,24507.443160439718,33690.18469475611,11703.20071854875,28615.15266468843
2026-04-15 09:50:00+00:00,28361.342451854962,20452.541945185938,20067.58996493918,24515.453521450825,33690.18469475611,11703.20071854875,28623.163025699538
2026-04-15 09:55:00+00:00,28369.357309729454,20460.556803060434,20067.58996493918,24523.46837932532,33698.18594098215,11703.20071854875,28631.17788357403
2026-04-15 10:00:00+00:00,28359.357309729454,20460.556803060434,20067.58996493918,24523.46837932532,33688.18594098215,11703.20071854875,28621.17788357403
2026-04-15 10:05:00+00:00,28367.345218085266,20468.544711416245,20075.536712011446,24531.415126397584,33696.14700215988,11703.20071854875,28629.16579192984
2026-04-15 10:10:00+00:00,28375.360672681196,20468.544711416245,20075.536712011446,24531.415126397584,33686.14700215988,11703.20071854875,28637.18124652577
2026-04-15 10:15:00+00:00,28383.36860561563,20468.544711416245,20083.51873646912,24539.397150855257,33694.14247505345,11703.20071854875,28645.189179460205
2026-04-15 10:20:00+00:00,28391.379847494754,20468.544711416245,20083.51873646912,24539.397150855257,33702.147348676444,11703.20071854875,28653.20042133933
2026-04-15 10:25:00+00:00,28399.38454476308,20476.549408684572,20091.500324986693,24547.378739372827,33710.13903396546,11703.20071854875,28661.205118607657
2026-04-15 10:30:00+00:00,28407.375937859255,20484.540801780742,20091.500324986693,24555.370132469005,33718.140721620664,11703.20071854875,28669.19651170383
2026-04-15 10:35:00+00:00,28415.392280068656,20484.540801780742,20091.500324986693,24555.370132469005,33718.140721620664,11703.20071854875,28677.21285391323
2026-04-15 10:40:00+00:00,28423.40035788584,20492.548879597925,20099.48557590994,24563.355383392252,33726.14785126778,11703.20071854875,28685.220931730415
2026-04-15 10:45:00+00:00,28431.355501736172,20500.50402344826,20107.456438989037,24571.326246471348,33734.09826209428,11703.20071854875,28693.176075580748
2026-04-15 10:50:00+00:00,28439.34432642408,20508.492848136164,20115.44166484,24579.31147232231,33742.09161504464,11703.20071854875,28701.164900268657
2026-04-15 10:55:00+00:00,28447.33836159261,20508.492848136164,20115.44166484,24579.31147232231,33750.095169853594,11703.20071854875,28709.158935437186
2026-04-15 11:00:00+00:00,28455.32473194256,20516.479218486118,20123.436828733444,24587.306636215755,33758.082873446925,11703.20071854875,28717.145305787137
2026-04-15 11:05:00+00:00,28445.32473194256,20506.479218486118,20123.436828733444,24577.306636215755,33766.076622531786,11703.20071854875,28707.145305787137
2026-04-15 11:10:00+00:00,28453.332222862628,20506.479218486118,20123.436828733444,24577.306636215755,33774.0760236524,11703.20071854875,28715.152796707203
2026-04-15 11:15:00+00:00,28461.33636399406,20506.479218486118,20123.436828733444,24577.306636215755,33782.06600867499,11703.20071854875,28723.156937838638
2026-04-15 11:20:00+00:00,28469.349266332203,20506.479218486118,20123.436828733444,24577.306636215755,33790.07186096921,11703.20071854875,28731.16984017678
2026-04-15 11:25:00+00:00,28459.349266332203,20496.479218486118,20123.436828733444,24567.306636215755,33780.07186096921,11703.20071854875,28721.16984017678
2026-04-15 11:30:00+00:00,28467.340512069935,20504.47046422385,20123.436828733444,24575.297881953484,33788.06548975578,11703.20071854875,28729.16108591451
2026-04-15 11:35:00+00:00,28475.334073528615,20512.46402568253,20131.433793673677,24583.294846893725,33796.05075021075,11703.20071854875,28737.15464737319
2026-04-15 11:40:00+00:00,28465.334073528615,20502.46402568253,20131.433793673677,24573.294846893725,33804.05241766665,11703.20071854875,28727.15464737319
2026-04-15 11:45:00+00:00,28455.334073528615,20502.46402568253,20139.41351593151,24573.294846893725,33812.05779495323,11703.20071854875,28717.15464737319
2026-04-15 11:50:00+00:00,28463.32322782864,20510.453179982556,20147.389228196043,24581.27055915826,33820.04236622307,11703.20071854875,28725.143801673217
2026-04-15 11:55:00+00:00,28471.32488973454,20518.454841888455,20147.389228196043,24589.27222106416,33828.0397088594,11703.20071854875,28733.145463579116
2026-04-15 12:00:00+00:00,28479.32534730797,20518.454841888455,20147.389228196043,24589.27222106416,33836.03022914925,11703.20071854875,28741.145921152547
2026-04-15 12:05:00+00:00,28487.324203300323,20518.454841888455,20147.389228196043,24589.27222106416,33836.03022914925,11703.20071854875,28749.1447771449
2026-04-15 12:10:00+00:00,28495.313401211413,20518.454841888455,20147.389228196043,24589.27222106416,33844.03194517089,11703.20071854875,28757.13397505599
2026-04-15 12:15:00+00:00,28503.321800093432,20518.454841888455,20147.389228196043,24589.27222106416,33852.03893384115,11703.20071854875,28765.142373938008
2026-04-15 12:20:00+00:00,28511.32850118793,20526.461542982954,20147.389228196043,24597.278922158657,33860.04134907907,11703.20071854875,28773.149075032507
2026-04-15 12:25:00+00:00,28519.326831635535,20534.459873430555,20147.389228196043,24605.27725260626,33868.04646649597,11703.20071854875,28781.14740548011
2026-04-15 12:30:00+00:00,28527.3333622753,20534.459873430555,20147.389228196043,24605.27725260626,33876.05303911058,11703.20071854875,28789.153936119877
2026-04-15 12:35:00+00:00,28535.324856504038,20534.459873430555,20155.351645981813,24613.239670392028,33884.0186284738,11703.20071854875,28797.145430348613
2026-04-15 12:40:00+00:00,28543.302231904403,20534.459873430555,20163.30808885998,24621.19611327019,33891.982948395394,11703.20071854875,28805.12280574898
2026-04-15 12:45:00+00:00,28551.313089441785,20542.47073096794,20163.30808885998,24629.206970807576,33899.98349094686,11703.20071854875,28813.13366328636
2026-04-15 12:50:00+00:00,28559.313276449204,20542.47073096794,20163.30808885998,24629.206970807576,33907.983093774375,11703.20071854875,28821.13385029378
2026-04-15 12:55:00+00:00,28549.313276449204,20542.47073096794,20163.30808885998,24629.206970807576,33915.98755645122,11703.20071854875,28811.13385029378
2026-04-15 13:00:00+00:00,28557.31498331,20550.472437828736,20171.288566402087,24637.187448349687,33923.97876368489,11703.20071854875,28819.135557154576
2026-04-15 13:05:00+00:00,28565.320406831197,20558.477861349937,20171.288566402087,24645.192871870888,33931.97918657452,11703.20071854875,28827.140980675773
2026-04-15 13:10:00+00:00,28573.32226393527,20558.477861349937,20171.288566402087,24645.192871870888,33939.98077268043,11703.20071854875,28835.142837779847
2026-04-15 13:15:00+00:00,28581.333238403706,20566.488835818367,20171.288566402087,24653.20384633932,33947.98529670019,11703.20071854875,28843.15381224828
2026-04-15 13:20:00+00:00,28571.333238403706,20566.488835818367,20171.288566402087,24653.20384633932,33955.990593569215,11703.20071854875,28833.15381224828
2026-04-15 13:25:00+00:00,28579.31153036828,20566.488835818367,20179.254395328015,24661.169675265246,33963.96885354747,11703.20071854875,28841.132104212855
2026-04-15 13:30:00+00:00,28587.232366639986,20574.409672090078,20187.164784135315,24669.080064072547,33971.895625032506,11703.20071854875,28849.052940484562
2026-04-15 13:35:00+00:00,28595.22122188715,20574.409672090078,20195.12372186273,24677.03900179996,33979.88449224894,11703.20071854875,28857.041795731726
2026-04-15 13:40:00+00:00,28603.19773701534,20582.386187218264,20203.070184459964,24684.985464397196,33987.83914600678,11703.20071854875,28865.018310859916
2026-04-15 13:45:00+00:00,28611.19214166569,20582.386187218264,20211.034928567038,24692.95020850427,33995.81604397413,11703.20071854875,28873.012715510267
2026-04-15 13:50:00+00:00,28619.203467057843,20582.386187218264,20219.02553005984,24700.94080999707,34003.79706886796,11703.20071854875,28881.02404090242
2026-04-15 13:55:00+00:00,28627.200788311184,20582.386187218264,20226.951177054256,24708.866456991487,34011.76272420188,11703.20071854875,28889.02136215576
2026-04-15 14:00:00+00:00,28635.171990094765,20582.386187218264,20234.922180093105,24716.837460030336,34019.7634384941,11703.20071854875,28896.99256393934
2026-04-15 14:05:00+00:00,28625.171990094765,20582.386187218264,20224.922180093105,24706.837460030336,34009.7634384941,11693.20071854875,28886.99256393934
2026-04-15 14:10:00+00:00,28633.166005027535,20582.386187218264,20232.91131222395,24714.826592161182,34017.741530737556,11693.20071854875,28894.98657887211
2026-04-15 14:15:00+00:00,28641.138821818236,20582.386187218264,20240.86986053084,24722.78514046807,34025.67035590518,11693.20071854875,28902.959395662812
2026-04-15 14:20:00+00:00,28649.0977744727,20590.345139872727,20248.805276455976,24730.720556393208,34033.61879525002,11693.20071854875,28910.918348317275
2026-04-15 14:25:00+00:00,28657.09247554451,20598.339840944536,20248.805276455976,24738.715257465017,34041.61127399045,11693.20071854875,28918.913049389084
2026-04-15 14:30:00+00:00,28665.096029958786,20598.339840944536,20256.78273348946,24746.692714498506,34049.60317195706,11693.20071854875,28926.91660380336
2026-04-15 14:35:00+00:00,28673.071361310092,20598.339840944536,20256.78273348946,24746.692714498506,34057.60854325307,11693.20071854875,28934.89193515467
2026-04-15 14:40:00+00:00,28663.071361310092,20598.339840944536,20256.78273348946,24746.692714498506,34065.600865818575,11693.20071854875,28924.89193515467
2026-04-15 14:45:00+00:00,28653.071361310092,20598.339840944536,20256.78273348946,24746.692714498506,34073.60408229807,11693.20071854875,28914.89193515467
2026-04-15 14:50:00+00:00,28643.071361310092,20598.339840944536,20256.78273348946,24746.692714498506,34081.606177225476,11693.20071854875,28904.89193515467
2026-04-15 14:55:00+00:00,28633.071361310092,20598.339840944536,20256.78273348946,24746.692714498506,34089.60148745078,11693.20071854875,28894.89193515467
2026-04-15 15:00:00+00:00,28623.071361310092,20598.339840944536,20246.78273348946,24736.692714498506,34079.60148745078,11693.20071854875,28884.89193515467
2026-04-15 15:05:00+00:00,28631.071835760413,20598.339840944536,20254.73980905473,24744.64979006377,34087.58392684585,11693.20071854875,28892.89240960499
2026-04-15 15:10:00+00:00,28639.08203171229,20598.339840944536,20254.73980905473,24744.64979006377,34095.59036627444,11701.199857160935,28900.902605556865
2026-04-15 15:15:00+00:00,28647.069746234254,20606.3275554665,20262.709357215303,24752.619338224344,34103.55711623655,11701.199857160935,28908.89032007883
2026-04-15 15:20:00+00:00,28637.069746234254,20606.3275554665,20262.709357215303,24752.619338224344,34111.48416080768,11701.199857160935,28898.89032007883
2026-04-15 15:25:00+00:00,28645.08290055448,20606.3275554665,20262.709357215303,24752.619338224344,34119.485604789836,11701.199857160935,28906.903474399056
2026-04-15 15:30:00+00:00,28652.971779630443,20606.3275554665,20270.597238740942,24760.507219749983,34127.37531615088,11701.199857160935,28914.79235347502
2026-04-15 15:35:00+00:00,28660.973366114693,20606.3275554665,20270.597238740942,24760.507219749983,34135.367895011324,11701.199857160935,28922.79393995927
2026-04-15 15:40:00+00:00,28668.938365898015,20614.292555249824,20278.558107447094,24768.46808845614,34143.35047943708,11701.199857160935,28930.75893974259
2026-04-15 15:45:00+00:00,28676.92430323763,20622.278492589438,20278.558107447094,24776.45402579575,34151.35115429225,11701.199857160935,28938.744877082205
2026-04-15 15:50:00+00:00,28666.92430323763,20612.278492589438,20278.558107447094,24766.45402579575,34141.35115429225,11709.200585855517,28928.744877082205
2026-04-15 15:55:00+00:00,28666.92430323763,20612.278492589438,20278.558107447094,24766.45402579575,34131.35115429225,11709.200585855517,28928.744877082205
2026-04-15 16:00:00+00:00,28674.925612431045,20612.278492589438,20286.543881775273,24774.43980012393,34139.3290602443,11717.208080275926,28936.74618627562
2026-04-15 16:05:00+00:00,28682.93367866693,20612.278492589438,20286.543881775273,24774.43980012393,34129.3290602443,11717.208080275926,28944.754252511506
2026-04-15 16:10:00+00:00,28690.949009830274,20612.278492589438,20286.543881775273,24774.43980012393,34119.3290602443,11707.208080275926,28952.76958367485
2026-04-15 16:15:00+00:00,28680.949009830274,20612.278492589438,20286.543881775273,24774.43980012393,34127.33224275784,11697.208080275926,28942.76958367485
2026-04-15 16:20:00+00:00,28688.945111866156,20612.278492589438,20286.543881775273,24774.43980012393,34135.32625991697,11697.208080275926,28950.765685710732
2026-04-15 16:25:00+00:00,28696.94753683375,20612.278492589438,20286.543881775273,24774.43980012393,34135.32625991697,11697.208080275926,28958.768110678328
2026-04-15 16:30:00+00:00,28704.9584807713,20612.278492589438,20286.543881775273,24774.43980012393,34143.317336797794,11697.208080275926,28966.779054615876
2026-04-15 16:35:00+00:00,28712.932170400054,20612.278492589438,20294.501346400655,24782.397264749314,34151.30572916902,11697.208080275926,28974.75274424463
2026-04-15 16:40:00+00:00,28720.890971923065,20620.23729411245,20302.471314556846,24790.3672329055,34159.28861327212,11697.208080275926,28982.71154576764
2026-04-15 16:45:00+00:00,28728.90157263684,20620.23729411245,20302.471314556846,24790.3672329055,34149.28861327212,11687.208080275926,28990.722146481417
2026-04-15 16:50:00+00:00,28736.898048492458,20628.233769968065,20310.449538519926,24798.345456868585,34157.26532963153,11687.208080275926,28998.718622337034
2026-04-15 16:55:00+00:00,28744.9033679045,20628.233769968065,20318.433140864974,24806.32905921363,34165.25660613347,11687.208080275926,29006.723941749075
2026-04-15 17:00:00+00:00,28752.89724772021,20628.233769968065,20318.433140864974,24806.32905921363,34173.24984091005,11687.208080275926,29014.717821564787
2026-04-15 17:05:00+00:00,28760.905093897723,20628.233769968065,20318.433140864974,24806.32905921363,34163.24984091005,11677.208080275926,29022.7256677423
2026-04-15 17:10:00+00:00,28760.905093897723,20628.233769968065,20318.433140864974,24806.32905921363,34171.25603271808,11677.208080275926,29022.7256677423
2026-04-15 17:15:00+00:00,28768.91172133085,20628.233769968065,20318.433140864974,24806.32905921363,34179.262699472245,11677.208080275926,29030.732295175425
2026-04-15 17:20:00+00:00,28776.923339911293,20628.233769968065,20318.433140864974,24806.32905921363,34187.26847139334,11677.208080275926,29038.74391375587
2026-04-15 17:25:00+00:00,28784.90827794493,20636.218708001703,20326.376207899397,24814.27212624805,34195.22806159624,11677.208080275926,29046.728851789507
2026-04-15 17:30:00+00:00,28774.90827794493,20636.218708001703,20326.376207899397,24814.27212624805,34203.225581588005,11667.208080275926,29036.728851789507
2026-04-15 17:35:00+00:00,28764.90827794493,20636.218708001703,20326.376207899397,24814.27212624805,34211.22865573615,11675.211154424074,29026.728851789507
2026-04-15 17:40:00+00:00,28772.904550777177,20644.21498083395,20334.36102829836,24822.256946647016,34219.212050557326,11675.211154424074,29034.725124621753
2026-04-15 17:45:00+00:00,28780.908702533456,20644.21498083395,20334.36102829836,24822.256946647016,34227.21571520431,11675.211154424074,29042.72927637803
2026-04-15 17:50:00+00:00,28788.900747803506,20652.207026104,20342.345189853266,24830.24110820192,34235.20106729552,11675.211154424074,29050.72132164808
2026-04-15 17:55:00+00:00,28778.900747803506,20652.207026104,20342.345189853266,24830.24110820192,34225.20106729552,11675.211154424074,29040.72132164808
2026-04-15 18:00:00+00:00,28786.90642396361,20652.207026104,20350.333726177105,24838.22964452576,34233.18792591907,11683.21683058418,29048.726997808186
2026-04-15 18:05:00+00:00,28794.912708993736,20652.207026104,20350.333726177105,24838.22964452576,34241.19425260251,11691.21538924409,29056.73328283831
2026-04-15 18:10:00+00:00,28802.922479383244,20652.207026104,20350.333726177105,24838.22964452576,34249.20034502404,11691.21538924409,29064.74305322782
2026-04-15 18:15:00+00:00,28810.91571154206,20660.200258262816,20350.333726177105,24846.22287668458,34257.19296321215,11691.21538924409,29072.736285386636
2026-04-15 18:20:00+00:00,28800.91571154206,20660.200258262816,20350.333726177105,24846.22287668458,34265.193537046376,11691.21538924409,29062.736285386636
2026-04-15 18:25:00+00:00,28808.913810515674,20660.200258262816,20350.333726177105,24846.22287668458,34273.19426897353,11691.21538924409,29070.73438436025
2026-04-15 18:30:00+00:00,28816.914177724266,20668.200625471407,20358.314772057296,24854.20392256477,34281.19951234847,11691.21538924409,29078.73475156884
2026-04-15 18:35:00+00:00,28824.921055370618,20668.200625471407,20366.298634053353,24862.18778456083,34289.19744948562,11691.21538924409,29086.741629215194
2026-04-15 18:40:00+00:00,28814.921055370618,20668.200625471407,20366.298634053353,24862.18778456083,34297.20252048374,11691.21538924409,29076.741629215194
2026-04-15 18:45:00+00:00,28822.923449459973,20668.200625471407,20366.298634053353,24862.18778456083,34305.20756251827,11691.21538924409,29084.74402330455
2026-04-15 18:50:00+00:00,28822.923449459973,20668.200625471407,20366.298634053353,24862.18778456083,34313.21127607404,11691.21538924409,29084.74402330455
2026-04-15 18:55:00+00:00,28830.939290691218,20668.200625471407,20366.298634053353,24862.18778456083,34321.21280309692,11691.21538924409,29092.759864535794
2026-04-15 19:00:00+00:00,28820.939290691218,20668.200625471407,20366.298634053353,24862.18778456083,34329.21418695823,11699.216773105392,29082.759864535794
2026-04-15 19:05:00+00:00,28828.92126628041,20668.200625471407,20374.272529156362,24870.161679663834,34337.192730020586,11699.216773105392,29090.741840124985
2026-04-15 19:25:00+00:00,28836.862794092573,20668.200625471407,20374.272529156362,24870.161679663834,34345.13467748545,11699.216773105392,29098.68336793715
2026-04-15 19:30:00+00:00,28844.832944039328,20668.200625471407,20382.228871604748,24878.11802211222,34353.09312706907,11699.216773105392,29106.653517883904
2026-04-15 19:35:00+00:00,28852.747820601948,20668.200625471407,20390.101181131424,24885.990331638895,34360.99371446192,11699.216773105392,29114.568394446524
2026-04-15 19:40:00+00:00,28860.743594874337,20668.200625471407,20398.08877375689,24893.977924264364,34368.98146619765,11699.216773105392,29122.564168718913
2026-04-15 19:45:00+00:00,28868.72618525259,20668.200625471407,20406.054554017683,24901.943704525154,34376.952751066376,11699.216773105392,29130.546759097168
2026-04-15 19:50:00+00:00,28876.707831326738,20676.182271545556,20406.054554017683,24909.9253505993,34384.93769979499,11699.216773105392,29138.528405171313
2026-04-15 19:55:00+00:00,28876.707831326738,20676.182271545556,20406.054554017683,24909.9253505993,34374.93769979499,11699.216773105392,29138.528405171313
2026-04-15 20:00:00+00:00,28884.675576818692,20684.15001703751,20413.99477807721,24917.865574658827,34382.89699462417,11699.216773105392,29146.496150663268
2026-04-15 20:05:00+00:00,28874.675576818692,20684.15001703751,20421.97540121174,24917.865574658827,34390.89827054807,11707.218049029289,29136.496150663268
2026-04-15 20:10:00+00:00,28882.65693363066,20692.13137384948,20429.938737655884,24925.82891110297,34398.88190450958,11707.218049029289,29144.477507475236
2026-04-15 20:15:00+00:00,28890.65972944081,20700.13416965963,20437.899279042984,24933.78945249007,34406.85018375027,11707.218049029289,29152.480303285385
2026-04-15 20:20:00+00:00,28898.66955976927,20700.13416965963,20437.899279042984,24933.78945249007,34414.855720235835,11707.218049029289,29160.490133613846
2026-04-15 20:25:00+00:00,28888.66955976927,20690.13416965963,20437.899279042984,24923.78945249007,34404.855720235835,11715.220433947507,29150.490133613846
2026-04-15 20:30:00+00:00,28878.66955976927,20690.13416965963,20427.899279042984,24913.78945249007,34394.855720235835,11715.220433947507,29140.490133613846
2026-04-15 20:35:00+00:00,28868.66955976927,20690.13416965963,20435.8810263938,24913.78945249007,34402.85684373047,11723.22155744214,29130.490133613846
2026-04-15 20:40:00+00:00,28876.678652878087,20690.13416965963,20435.8810263938,24913.78945249007,34410.85494786002,11731.228432558486,29138.499226722663
2026-04-15 20:45:00+00:00,28884.670115180306,20698.125631961848,20435.8810263938,24921.78091479229,34418.854438662485,11731.228432558486,29146.490689024882
2026-04-15 20:50:00+00:00,28892.677538390028,20698.125631961848,20435.8810263938,24921.78091479229,34426.85680112132,11731.228432558486,29154.498112234603
2026-04-15 20:55:00+00:00,28900.68486346804,20698.125631961848,20435.8810263938,24921.78091479229,34426.85680112132,11731.228432558486,29162.505437312615
2026-04-15 21:00:00+00:00,28908.668795429523,20706.10956392333,20443.877087748173,24929.776976146666,34434.8474423017,11731.228432558486,29170.4893692741
2026-04-15 21:05:00+00:00,28898.668795429523,20706.10956392333,20443.877087748173,24929.776976146666,34424.8474423017,11731.228432558486,29160.4893692741
2026-04-15 21:10:00+00:00,28888.668795429523,20706.10956392333,20443.877087748173,24929.776976146666,34424.8474423017,11731.228432558486,29150.4893692741
2026-04-15 21:15:00+00:00,28896.65090716227,20706.10956392333,20451.86694291485,24937.766831313344,34432.84327183267,11731.228432558486,29158.471481006847
2026-04-15 21:20:00+00:00,28904.664935146102,20706.10956392333,20451.86694291485,24937.766831313344,34432.84327183267,11731.228432558486,29166.485508990678
2026-04-15 21:25:00+00:00,28912.667933992434,20706.10956392333,20451.86694291485,24937.766831313344,34440.840699361404,11731.228432558486,29174.48850783701
2026-04-15 21:30:00+00:00,28920.674179913014,20714.1199469059,20451.86694291485,24945.77307723392,34448.83881521406,11731.228432558486,29182.49475375759
2026-04-15 21:35:00+00:00,28928.665659940605,20714.1199469059,20451.86694291485,24945.77307723392,34456.84130795057,11731.228432558486,29190.48623378518
2026-04-15 21:40:00+00:00,28936.667122440038,20714.1199469059,20451.86694291485,24945.77307723392,34464.83908170299,11739.229937102193,29198.487696284614
2026-04-15 21:45:00+00:00,28936.667122440038,20714.1199469059,20451.86694291485,24945.77307723392,34472.83948991743,11739.229937102193,29198.487696284614
2026-04-15 21:50:00+00:00,28944.66227038717,20722.11509485303,20451.86694291485,24953.768225181055,34480.832091794684,11739.229937102193,29206.482844231745
2026-04-15 21:55:00+00:00,28952.659776476612,20722.11509485303,20459.8557571483,24961.7570394145,34488.820563999434,11739.229937102193,29214.480350321188
2026-04-15 22:00:00+00:00,28960.65026624179,20730.114195039183,20467.82417949059,24969.725461756792,34496.79652297392,11739.229937102193,29222.470840086367
2026-04-15 22:05:00+00:00,28950.65026624179,20730.114195039183,20467.82417949059,24969.725461756792,34486.79652297392,11747.23362086536,29212.470840086367
2026-04-15 22:10:00+00:00,28958.6324944933,20730.114195039183,20475.80973520629,24977.711017472495,34494.78212408368,11747.23362086536,29220.453068337876
2026-04-15 22:15:00+00:00,28966.63913430402,20730.114195039183,20483.796845682922,24985.698127949123,34502.768019958574,11747.23362086536,29228.459708148595
2026-04-15 22:20:00+00:00,28974.613347662118,20738.088408397278,20491.770129511788,24993.671411777992,34510.73320503376,11747.23362086536,29236.433921506694
2026-04-15 22:25:00+00:00,28982.608711557106,20738.088408397278,20491.770129511788,24993.671411777992,34518.72668249628,11747.23362086536,29244.429285401682
2026-04-15 22:30:00+00:00,28972.608711557106,20738.088408397278,20491.770129511788,24993.671411777992,34508.72668249628,11747.23362086536,29234.429285401682
2026-04-15 22:35:00+00:00,28980.61611886795,20738.088408397278,20491.770129511788,24993.671411777992,34516.72951176111,11747.23362086536,29242.436692712527
2026-04-15 22:40:00+00:00,28988.586014559125,20746.058304088452,20499.713568404462,25001.614850670667,34524.68486963565,11747.23362086536,29250.4065884037
2026-04-15 22:45:00+00:00,28996.597701520455,20746.058304088452,20499.713568404462,25001.614850670667,34532.69001820273,11747.23362086536,29258.41827536503
2026-04-15 22:50:00+00:00,29004.600197540956,20746.058304088452,20499.713568404462,25001.614850670667,34540.69509265345,11747.23362086536,29266.420771385532
2026-04-15 22:55:00+00:00,29012.567889189697,20746.058304088452,20507.67714944226,25009.57843170846,34548.648243720105,11747.23362086536,29274.388463034273
2026-04-15 23:00:00+00:00,29020.53023261819,20754.020647516947,20515.605351056372,25017.506633322577,34556.59705460705,11747.23362086536,29282.350806462768
2026-04-15 23:05:00+00:00,29010.53023261819,20744.020647516947,20515.605351056372,25007.506633322577,34546.59705460705,11747.23362086536,29272.350806462768
2026-04-15 23:10:00+00:00,29000.53023261819,20744.020647516947,20515.605351056372,25007.506633322577,34554.60419810913,11747.23362086536,29262.350806462768
2026-04-15 23:15:00+00:00,29000.53023261819,20744.020647516947,20515.605351056372,25007.506633322577,34562.597853975116,11747.23362086536,29262.350806462768
2026-04-15 23:20:00+00:00,28990.53023261819,20744.020647516947,20515.605351056372,25007.506633322577,34570.59445481308,11747.23362086536,29252.350806462768
2026-04-15 23:25:00+00:00,28998.5408610735,20744.020647516947,20515.605351056372,25007.506633322577,34578.601353548496,11747.23362086536,29260.361434918075
2026-04-15 23:30:00+00:00,29006.556235986824,20744.020647516947,20515.605351056372,25007.506633322577,34586.59262287182,11747.23362086536,29268.3768098314
2026-04-15 23:35:00+00:00,29006.556235986824,20744.020647516947,20515.605351056372,25007.506633322577,34594.59957559212,11747.23362086536,29268.3768098314
2026-04-15 23:40:00+00:00,28996.556235986824,20744.020647516947,20515.605351056372,25007.506633322577,34602.60633099391,11747.23362086536,29258.3768098314
2026-04-15 23:45:00+00:00,29004.549063448052,20752.013474978176,20523.58857225383,25015.489854520034,34610.59708773218,11747.23362086536,29266.369637292628
2026-04-15 23:50:00+00:00,29012.52833663801,20759.99274816813,20531.57228442162,25023.473566687826,34618.58624934129,11747.23362086536,29274.348910482586
2026-04-15 23:55:00+00:00,29020.538184732097,20759.99274816813,20531.57228442162,25023.473566687826,34618.58624934129,11747.23362086536,29282.358758576673
2026-04-16 00:00:00+00:00,29028.552715098074,20759.99274816813,20531.57228442162,25023.473566687826,34626.59318099222,11747.23362086536,29290.37328894265
2026-04-16 00:05:00+00:00,29018.552715098074,20759.99274816813,20531.57228442162,25023.473566687826,34616.59318099222,11747.23362086536,29280.37328894265
2026-04-16 00:10:00+00:00,29026.565457539615,20759.99274816813,20531.57228442162,25023.473566687826,34606.59318099222,11747.23362086536,29288.38603138419
2026-04-16 00:15:00+00:00,29016.565457539615,20759.99274816813,20531.57228442162,25023.473566687826,34596.59318099222,11747.23362086536,29278.38603138419
2026-04-16 00:20:00+00:00,29024.558866771666,20767.986157400184,20531.57228442162,25031.466975919877,34604.59347806292,11747.23362086536,29286.37944061624
2026-04-16 00:25:00+00:00,29032.569247604828,20767.986157400184,20531.57228442162,25031.466975919877,34612.600421852854,11747.23362086536,29294.389821449404
2026-04-16 00:30:00+00:00,29040.524762674984,20775.941672470337,20539.512504059123,25039.407195557375,34620.541000078076,11747.23362086536,29302.34533651956
2026-04-16 00:35:00+00:00,29048.523331886165,20775.941672470337,20539.512504059123,25039.407195557375,34628.54502003647,11747.23362086536,29310.34390573074
2026-04-16 00:40:00+00:00,29038.523331886165,20765.941672470337,20539.512504059123,25029.407195557375,34618.54502003647,11747.23362086536,29300.34390573074
2026-04-16 00:45:00+00:00,29046.526025847605,20773.947705868144,20539.512504059123,25037.409889518814,34626.54318244916,11747.23362086536,29308.34659969218
2026-04-16 00:50:00+00:00,29054.4995865075,20781.921266528043,20547.46995821914,25045.36734367883,34634.508154909694,11747.23362086536,29316.320160352076
2026-04-16 00:55:00+00:00,29062.50526876332,20789.92694878386,20547.46995821914,25053.37302593465,34642.51369599784,11747.23362086536,29324.325842607897
2026-04-16 01:00:00+00:00,29070.468773942426,20797.890453962966,20555.412408737964,25061.315476453477,34650.46088430699,11747.23362086536,29332.289347787002
2026-04-16 01:05:00+00:00,29078.420169993304,20805.841850013843,20563.363552573835,25069.266620289345,34658.419064738264,11747.23362086536,29340.24074383788
2026-04-16 01:10:00+00:00,29086.431469032388,20805.841850013843,20563.363552573835,25069.266620289345,34666.42394757803,11747.23362086536,29348.252042876964
2026-04-16 01:15:00+00:00,29076.431469032388,20805.841850013843,20563.363552573835,25069.266620289345,34674.42409110618,11755.233764393506,29338.252042876964
2026-04-16 01:20:00+00:00,29066.431469032388,20805.841850013843,20563.363552573835,25069.266620289345,34664.42409110618,11755.233764393506,29328.252042876964
2026-04-16 01:25:00+00:00,29074.44755611105,20805.841850013843,20563.363552573835,25069.266620289345,34664.42409110618,11755.233764393506,29336.268129955624
2026-04-16 01:30:00+00:00,29082.463434477413,20805.841850013843,20563.363552573835,25069.266620289345,34672.41595168594,11755.233764393506,29344.28400832199
2026-04-16 01:35:00+00:00,29090.461182409923,20813.839597946353,20563.363552573835,25077.264368221855,34680.40625131363,11755.233764393506,29352.2817562545
2026-04-16 01:40:00+00:00,29098.467965219716,20813.839597946353,20563.363552573835,25077.264368221855,34688.40862239654,11755.233764393506,29360.28853906429
2026-04-16 01:45:00+00:00,29088.467965219716,20813.839597946353,20563.363552573835,25077.264368221855,34678.40862239654,11755.233764393506,29350.28853906429
2026-04-16 01:50:00+00:00,29096.46881802271,20821.840450749347,20563.363552573835,25085.26522102485,34686.41497380584,11755.233764393506,29358.289391867285
2026-04-16 01:55:00+00:00,29086.46881802271,20821.840450749347,20563.363552573835,25085.26522102485,34676.41497380584,11755.233764393506,29348.289391867285
2026-04-16 02:00:00+00:00,29094.45988716356,20829.8315198902,20563.363552573835,25093.2562901657,34684.40788599718,11755.233764393506,29356.280461008137
2026-04-16 02:05:00+00:00,29084.45988716356,20829.8315198902,20563.363552573835,25093.2562901657,34674.40788599718,11755.233764393506,29346.280461008137
2026-04-16 02:10:00+00:00,29092.44913910019,20829.8315198902,20571.32463827252,25101.217375864388,34682.38512792733,11755.233764393506,29354.269712944766
2026-04-16 02:15:00+00:00,29100.435593784932,20829.8315198902,20571.32463827252,25101.217375864388,34690.387842133496,11755.233764393506,29362.256167629508
2026-04-16 02:20:00+00:00,29108.417208033632,20837.813134138898,20579.299818289932,25109.1925558818,34698.35912117343,11755.233764393506,29370.237781878208
2026-04-16 02:25:00+00:00,29116.394913444783,20837.813134138898,20587.291738454798,25117.184476046667,34706.34352109135,11755.233764393506,29378.21548728936
2026-04-16 02:30:00+00:00,29124.371363596067,20845.789584290185,20595.249987765477,25125.142725357342,34714.30492939977,11755.233764393506,29386.191937440643
2026-04-16 02:35:00+00:00,29132.36647872279,20845.789584290185,20603.236404330084,25133.12914192195,34722.29118165991,11755.233764393506,29394.187052567366
2026-04-16 02:40:00+00:00,29140.359933423053,20853.78303899045,20611.192803789123,25141.08554138099,34730.28028999567,11755.233764393506,29402.18050726763
2026-04-16 02:45:00+00:00,29148.33182666119,20861.754932228585,20619.127750921412,25149.020488513277,34738.228281996635,11755.233764393506,29410.152400505765
2026-04-16 02:50:00+00:00,29156.33229849758,20869.755404064974,20627.108063544387,25157.000801136255,34746.21660480267,11755.233764393506,29418.152872342154
2026-04-16 02:55:00+00:00,29146.33229849758,20869.755404064974,20627.108063544387,25157.000801136255,34736.21660480267,11755.233764393506,29408.152872342154
2026-04-16 03:00:00+00:00,29154.322549453358,20869.755404064974,20627.108063544387,25157.000801136255,34744.22058554558,11755.233764393506,29416.143123297934
2026-04-16 03:05:00+00:00,29144.322549453358,20859.755404064974,20617.108063544387,25147.000801136255,34734.22058554558,11755.233764393506,29406.143123297934
2026-04-16 03:10:00+00:00,29152.323934841388,20859.755404064974,20617.108063544387,25147.000801136255,34742.22597435088,11755.233764393506,29414.144508685964
2026-04-16 03:15:00+00:00,29160.31944866813,20859.755404064974,20625.103187255278,25154.995924847142,34750.21781339341,11755.233764393506,29422.140022512707
2026-04-16 03:20:00+00:00,29168.322470131632,20867.758425528475,20625.103187255278,25162.998946310647,34758.215396878324,11755.233764393506,29430.143043976208
2026-04-16 03:25:00+00:00,29176.330849360897,20867.758425528475,20625.103187255278,25162.998946310647,34766.217405410236,11763.23224572454,29438.151423205472
2026-04-16 03:30:00+00:00,29166.330849360897,20867.758425528475,20625.103187255278,25162.998946310647,34774.2230271037,11763.23224572454,29428.151423205472
2026-04-16 03:35:00+00:00,29174.343903090747,20867.758425528475,20625.103187255278,25162.998946310647,34782.22647731088,11763.23224572454,29436.164476935322
2026-04-16 03:40:00+00:00,29164.343903090747,20867.758425528475,20625.103187255278,25162.998946310647,34782.22647731088,11763.23224572454,29426.164476935322
2026-04-16 03:45:00+00:00,29164.343903090747,20867.758425528475,20625.103187255278,25162.998946310647,34790.23105097668,11763.23224572454,29426.164476935322
2026-04-16 03:50:00+00:00,29154.343903090747,20867.758425528475,20625.103187255278,25162.998946310647,34780.23105097668,11763.23224572454,29416.164476935322
2026-04-16 03:55:00+00:00,29162.350754337167,20875.765276774895,20625.103187255278,25171.005797557067,34788.23553933039,11763.23224572454,29424.171328181743
2026-04-16 04:00:00+00:00,29152.350754337167,20875.765276774895,20625.103187255278,25171.005797557067,34796.23879582612,11763.23224572454,29414.171328181743
2026-04-16 04:05:00+00:00,29160.337902578613,20883.75242501634,20633.06467680026,25178.96728710205,34804.20471458408,11763.23224572454,29422.15847642319
2026-04-16 04:10:00+00:00,29168.32778247353,20891.74230491126,20633.06467680026,25186.957166996966,34812.18840966956,11763.23224572454,29430.148356318106
2026-04-16 04:15:00+00:00,29176.332334009658,20891.74230491126,20633.06467680026,25186.957166996966,34820.193016018355,11771.233059650891,29438.152907854233
2026-04-16 04:20:00+00:00,29184.344668031248,20891.74230491126,20633.06467680026,25186.957166996966,34828.20011736486,11771.233059650891,29446.165241875824
2026-04-16 04:25:00+00:00,29192.351460358946,20891.74230491126,20633.06467680026,25186.957166996966,34836.20152675956,11771.233059650891,29454.172034203522
2026-04-16 04:30:00+00:00,29182.351460358946,20891.74230491126,20633.06467680026,25186.957166996966,34826.20152675956,11771.233059650891,29444.172034203522
2026-04-16 04:35:00+00:00,29190.3542539172,20899.751921738054,20633.06467680026,25194.959960555218,34834.196599570496,11771.233059650891,29452.174827761777
2026-04-16 04:40:00+00:00,29198.365436337845,20899.751921738054,20641.03074789841,25202.92603165337,34842.19399658811,11771.233059650891,29460.18601018242
2026-04-16 04:45:00+00:00,29206.336955145616,20899.751921738054,20648.956547309463,25210.85183106442,34850.191416714835,11771.233059650891,29468.157528990192
2026-04-16 04:50:00+00:00,29214.296803053396,20899.751921738054,20656.943297840277,25218.8116789722,34858.18001264123,11771.233059650891,29476.11737689797
2026-04-16 04:55:00+00:00,29222.302287841085,20899.751921738054,20656.943297840277,25218.8116789722,34866.18464946165,11771.233059650891,29484.12286168566
2026-04-16 05:00:00+00:00,29230.300697122006,20907.750331018975,20656.943297840277,25226.81008825312,34874.185982771436,11779.23964395705,29492.12127096658
2026-04-16 05:05:00+00:00,29238.300175309418,20907.750331018975,20656.943297840277,25226.81008825312,34882.18444793304,11779.23964395705,29500.120749153994
2026-04-16 05:10:00+00:00,29228.300175309418,20907.750331018975,20656.943297840277,25226.81008825312,34872.18444793304,11779.23964395705,29490.120749153994
2026-04-16 05:15:00+00:00,29236.29721924365,20915.747374953207,20656.943297840277,25234.807132187354,34880.18004899945,11779.23964395705,29498.117793088226
2026-04-16 05:20:00+00:00,29244.29742400662,20915.747374953207,20656.943297840277,25234.807132187354,34888.18399689406,11779.23964395705,29506.117997851197
2026-04-16 05:25:00+00:00,29252.30087881976,20915.747374953207,20656.943297840277,25234.807132187354,34896.18296550217,11779.23964395705,29514.121452664334
2026-04-16 05:30:00+00:00,29242.30087881976,20915.747374953207,20656.943297840277,25234.807132187354,34904.186086964386,11779.23964395705,29504.121452664334
2026-04-16 05:35:00+00:00,29232.30087881976,20905.747374953207,20656.943297840277,25224.807132187354,34894.186086964386,11769.23964395705,29494.121452664334
2026-04-16 05:40:00+00:00,29240.30081097362,20913.74730710707,20664.923858047136,25232.787692394213,34902.18370235936,11769.23964395705,29502.121384818194
2026-04-16 05:45:00+00:00,29230.30081097362,20913.74730710707,20664.923858047136,25232.787692394213,34902.18370235936,11769.23964395705,29492.121384818194
2026-04-16 05:50:00+00:00,29238.312489024094,20913.74730710707,20664.923858047136,25232.787692394213,34910.18893488798,11769.23964395705,29500.13306286867
2026-04-16 05:55:00+00:00,29246.314024759555,20913.74730710707,20664.923858047136,25232.787692394213,34918.190571341736,11769.23964395705,29508.13459860413
2026-04-16 06:00:00+00:00,29236.314024759555,20903.74730710707,20664.923858047136,25222.787692394213,34908.190571341736,11769.23964395705,29498.13459860413
2026-04-16 06:05:00+00:00,29244.31592175976,20911.749204107276,20664.923858047136,25230.78958939442,34916.19674184145,11769.23964395705,29506.136495604336
2026-04-16 06:10:00+00:00,29252.320866428003,20919.754148775515,20664.923858047136,25238.79453406266,34924.19805187752,11769.23964395705,29514.14144027258
2026-04-16 06:15:00+00:00,29260.321787870307,20919.754148775515,20664.923858047136,25238.79453406266,34932.19495141387,11769.23964395705,29522.142361714883
2026-04-16 06:20:00+00:00,29268.316280213217,20927.753091836057,20664.923858047136,25246.78902640557,34940.19070810532,11769.23964395705,29530.136854057793
2026-04-16 06:25:00+00:00,29258.316280213217,20927.753091836057,20664.923858047136,25246.78902640557,34940.19070810532,11769.23964395705,29520.136854057793
2026-04-16 06:30:00+00:00,29266.326915534246,20935.763727157086,20664.923858047136,25254.7996617266,34948.18773452009,11769.23964395705,29528.14748937882
2026-04-16 06:35:00+00:00,29274.34023068694,20943.777042309775,20664.923858047136,25262.812976879293,34956.187305143656,11769.23964395705,29536.160804531515
2026-04-16 06:40:00+00:00,29282.306220504783,20951.74303212762,20672.905023655665,25270.794142487823,34964.17120347776,11769.23964395705,29544.12679434936
2026-04-16 06:45:00+00:00,29272.306220504783,20941.74303212762,20672.905023655665,25260.794142487823,34954.17120347776,11777.232798545849,29534.12679434936
2026-04-16 06:50:00+00:00,29262.306220504783,20941.74303212762,20672.905023655665,25260.794142487823,34944.17120347776,11777.232798545849,29524.12679434936
2026-04-16 07:10:00+00:00,29270.300325436885,20949.73713705972,20680.897546171247,25268.786665003405,34952.15154455049,11777.232798545849,29532.12089928146
2026-04-16 07:15:00+00:00,29260.300325436885,20949.73713705972,20680.897546171247,25268.786665003405,34960.158111159035,11777.232798545849,29522.12089928146
2026-04-16 07:20:00+00:00,29268.313831959607,20957.750643582447,20680.897546171247,25276.800171526127,34960.158111159035,11777.232798545849,29530.134405804183
2026-04-16 07:25:00+00:00,29276.32011439844,20965.756926021277,20680.897546171247,25284.806453964964,34968.158695119564,11777.232798545849,29538.140688243016
2026-04-16 07:30:00+00:00,29284.325392182847,20973.762203805683,20680.897546171247,25292.811731749367,34976.15736882717,11777.232798545849,29546.145966027423
2026-04-16 07:35:00+00:00,29292.33425552095,20981.771067143785,20680.897546171247,25300.82059508747,34984.16220815979,11777.232798545849,29554.154829365525
2026-04-16 07:40:00+00:00,29300.341198667727,20981.771067143785,20680.897546171247,25300.82059508747,34992.16371036788,11777.232798545849,29562.161772512303
2026-04-16 07:45:00+00:00,29308.314564533946,20989.744433010004,20688.86377610267,25308.786825018895,35000.133305352065,11777.232798545849,29570.135138378522
2026-04-16 07:50:00+00:00,29316.32587096045,20989.744433010004,20688.86377610267,25308.786825018895,35008.118475325464,11777.232798545849,29578.146444805025
2026-04-16 07:55:00+00:00,29324.32893544612,20997.74749749568,20688.86377610267,25316.789889504566,35016.12356854593,11777.232798545849,29586.149509290695
2026-04-16 08:00:00+00:00,29314.32893544612,20987.74749749568,20688.86377610267,25306.789889504566,35024.12776027356,11785.236990273475,29576.149509290695
2026-04-16 08:05:00+00:00,29322.33537074202,20987.74749749568,20688.86377610267,25306.789889504566,35032.13168837964,11793.242689793817,29584.155944586597
2026-04-16 08:10:00+00:00,29312.33537074202,20987.74749749568,20688.86377610267,25306.789889504566,35022.13168837964,11793.242689793817,29574.155944586597
2026-04-16 08:15:00+00:00,29320.319365521973,20987.74749749568,20696.846601490928,25314.772714892824,35030.11567440327,11793.242689793817,29582.13993936655
2026-04-16 08:20:00+00:00,29328.307850700778,20995.73598267448,20704.828476302893,25322.75458970479,35038.0970796515,11793.242689793817,29590.128424545353
2026-04-16 08:25:00+00:00,29318.307850700778,20985.73598267448,20704.828476302893,25312.75458970479,35028.0970796515,11793.242689793817,29580.128424545353
2026-04-16 08:30:00+00:00,29326.32242269888,20985.73598267448,20704.828476302893,25312.75458970479,35036.088863478886,11793.242689793817,29588.142996543455
2026-04-16 08:35:00+00:00,29334.323101591013,20993.736661566618,20704.828476302893,25320.755268596928,35044.08998670751,11793.242689793817,29596.14367543559
2026-04-16 08:40:00+00:00,29324.323101591013,20983.736661566618,20694.828476302893,25310.755268596928,35034.08998670751,11793.242689793817,29586.14367543559
2026-04-16 08:45:00+00:00,29332.32542988159,20991.73898985719,20694.828476302893,25318.7575968875,35042.08163304665,11793.242689793817,29594.146003726164
2026-04-16 08:50:00+00:00,29340.324068448503,20999.737628424104,20694.828476302893,25326.756235454413,35050.077184252295,11793.242689793817,29602.14464229308
2026-04-16 08:55:00+00:00,29330.324068448503,20999.737628424104,20694.828476302893,25326.756235454413,35058.07888560962,11793.242689793817,29592.14464229308
2026-04-16 09:00:00+00:00,29320.324068448503,20989.737628424104,20694.828476302893,25316.756235454413,35066.081715004984,11801.245519189182,29582.14464229308
2026-04-16 09:05:00+00:00,29328.323965834195,20989.737628424104,20694.828476302893,25316.756235454413,35074.07257445615,11801.245519189182,29590.14453967877
2026-04-16 09:10:00+00:00,29336.335975794995,20989.737628424104,20694.828476302893,25316.756235454413,35082.07125555054,11801.245519189182,29598.15654963957
2026-04-16 09:15:00+00:00,29344.33075825546,20989.737628424104,20694.828476302893,25316.756235454413,35090.063823425764,11801.245519189182,29606.151332100035
2026-04-16 09:20:00+00:00,29352.3420197583,20989.737628424104,20694.828476302893,25316.756235454413,35098.068894029115,11801.245519189182,29614.162593602876
2026-04-16 09:25:00+00:00,29360.348146461416,20989.737628424104,20694.828476302893,25316.756235454413,35106.07502073223,11801.245519189182,29622.168720305992
2026-04-16 09:30:00+00:00,29368.359320949832,20989.737628424104,20694.828476302893,25316.756235454413,35114.07621625559,11801.245519189182,29630.179894794408
2026-04-16 09:35:00+00:00,29376.372126335118,20989.737628424104,20694.828476302893,25316.756235454413,35122.083357224416,11801.245519189182,29638.192700179694
2026-04-16 09:40:00+00:00,29384.375399166547,20997.740901255533,20694.828476302893,25324.759508285842,35130.0864471377,11801.245519189182,29646.195973011123
2026-04-16 09:45:00+00:00,29374.375399166547,20987.740901255533,20694.828476302893,25314.759508285842,35138.08790433651,11801.245519189182,29636.195973011123
2026-04-16 09:50:00+00:00,29382.388296516354,20987.740901255533,20694.828476302893,25314.759508285842,35146.09397322235,11801.245519189182,29644.20887036093
2026-04-16 09:55:00+00:00,29390.401842544146,20987.740901255533,20694.828476302893,25314.759508285842,35154.10122842211,11801.245519189182,29652.222416388722
2026-04-16 10:00:00+00:00,29380.401842544146,20987.740901255533,20694.828476302893,25314.759508285842,35144.10122842211,11801.245519189182,29642.222416388722
2026-04-16 10:05:00+00:00,29388.38626732781,20987.740901255533,20702.82300622265,25322.7540382056,35152.095056002,11801.245519189182,29650.206841172385
2026-04-16 10:10:00+00:00,29396.379000569617,20987.740901255533,20710.79750662588,25330.728538608826,35160.07300596585,11801.245519189182,29658.199574414193
2026-04-16 10:15:00+00:00,29404.378178419112,20987.740901255533,20710.79750662588,25330.728538608826,35150.07300596585,11791.245519189182,29666.19875226369
2026-04-16 10:20:00+00:00,29412.371245327988,20995.73645809567,20718.78619439949,25338.71722638244,35158.065738755555,11791.245519189182,29674.191819172564
2026-04-16 10:25:00+00:00,29412.371245327988,20995.73645809567,20718.78619439949,25338.71722638244,35166.070015716716,11791.245519189182,29674.191819172564
2026-04-16 10:30:00+00:00,29420.386509369026,20995.73645809567,20718.78619439949,25338.71722638244,35166.070015716716,11791.245519189182,29682.2070832136
2026-04-16 10:35:00+00:00,29428.386114659563,21003.736063386204,20718.78619439949,25346.716831672973,35174.06964600031,11791.245519189182,29690.20668850414
2026-04-16 10:40:00+00:00,29436.38674902943,21011.73669775607,20718.78619439949,25354.71746604284,35182.06023389629,11791.245519189182,29698.207322874005
2026-04-16 10:45:00+00:00,29444.395944568296,21019.745893294938,20718.78619439949,25362.726661581706,35190.06376261957,11791.245519189182,29706.21651841287
2026-04-16 10:50:00+00:00,29452.393827002106,21019.745893294938,20718.78619439949,25362.726661581706,35198.06150731334,11791.245519189182,29714.214400846682
2026-04-16 10:55:00+00:00,29442.393827002106,21009.745893294938,20718.78619439949,25352.726661581706,35206.063723081126,11791.245519189182,29704.214400846682
2026-04-16 11:00:00+00:00,29432.393827002106,21009.745893294938,20718.78619439949,25352.726661581706,35214.063194246206,11791.245519189182,29694.214400846682
2026-04-16 11:05:00+00:00,29440.395339369486,21009.745893294938,20718.78619439949,25352.726661581706,35222.06107988296,11791.245519189182,29702.215913214062
2026-04-16 11:10:00+00:00,29448.40210164203,21017.75265556748,20718.78619439949,25360.73342385425,35230.063841329844,11791.245519189182,29710.222675486606
2026-04-16 11:15:00+00:00,29456.415175335333,21017.75265556748,20718.78619439949,25360.73342385425,35230.063841329844,11791.245519189182,29718.23574917991
2026-04-16 11:20:00+00:00,29464.42350657335,21017.75265556748,20718.78619439949,25360.73342385425,35238.069940168294,11791.245519189182,29726.244080417924
2026-04-16 11:25:00+00:00,29472.432451680965,21025.76469909207,20718.78619439949,25368.742368961866,35246.06814961501,11791.245519189182,29734.25302552554
2026-04-16 11:30:00+00:00,29462.432451680965,21025.76469909207,20718.78619439949,25368.742368961866,35236.06814961501,11791.245519189182,29724.25302552554
2026-04-16 11:35:00+00:00,29470.43899441633,21025.76469909207,20718.78619439949,25368.742368961866,35244.064364687525,11791.245519189182,29732.259568260906
2026-04-16 11:40:00+00:00,29460.43899441633,21025.76469909207,20718.78619439949,25368.742368961866,35252.064780336426,11791.245519189182,29722.259568260906
2026-04-16 11:45:00+00:00,29468.45264034175,21025.76469909207,20718.78619439949,25368.742368961866,35260.068859864725,11791.245519189182,29730.273214186327
2026-04-16 11:50:00+00:00,29476.443276790662,21025.76469909207,20718.78619439949,25368.742368961866,35268.07413299066,11791.245519189182,29738.263850635238
2026-04-16 11:55:00+00:00,29466.443276790662,21025.76469909207,20718.78619439949,25368.742368961866,35276.07802304484,11791.245519189182,29728.263850635238
2026-04-16 12:00:00+00:00,29474.425533981164,21025.76469909207,20726.732270663204,25376.68844522558,35284.03150903052,11791.245519189182,29736.24610782574
2026-04-16 12:05:00+00:00,29482.41611738621,21033.755282497117,20734.709975789392,25384.666150351768,35292.01431391071,11791.245519189182,29744.236691230784
2026-04-16 12:10:00+00:00,29490.3975342605,21033.755282497117,20742.683427982287,25392.639602544667,35299.98333493189,11791.245519189182,29752.218108105077
2026-04-16 12:15:00+00:00,29498.40757644232,21041.765324678934,20742.683427982287,25400.649644726484,35289.98333493189,11781.245519189182,29760.228150286897
2026-04-16 12:20:00+00:00,29506.41536427195,21041.765324678934,20742.683427982287,25400.649644726484,35297.98389708804,11781.245519189182,29768.235938116526
2026-04-16 12:25:00+00:00,29514.419972520816,21041.765324678934,20742.683427982287,25400.649644726484,35297.98389708804,11781.245519189182,29776.240546365392
2026-04-16 12:30:00+00:00,29522.43396197041,21031.765324678934,20742.683427982287,25400.649644726484,35287.98389708804,11781.245519189182,29784.254535814987
2026-04-16 12:35:00+00:00,29530.441328117424,21039.77269082595,20742.683427982287,25408.657010873496,35295.99024314253,11781.245519189182,29792.261901962
2026-04-16 12:40:00+00:00,29520.441328117424,21029.77269082595,20742.683427982287,25398.657010873496,35285.99024314253,11781.245519189182,29782.261901962
2026-04-16 12:45:00+00:00,29528.439706095465,21037.771068803988,20742.683427982287,25406.655388851537,35293.983867461,11781.245519189182,29790.26027994004
2026-04-16 12:50:00+00:00,29518.439706095465,21037.771068803988,20742.683427982287,25406.655388851537,35283.983867461,11781.245519189182,29780.26027994004
2026-04-16 12:55:00+00:00,29526.441900891266,21037.771068803988,20742.683427982287,25406.655388851537,35291.9876258133,11781.245519189182,29788.262474735842
2026-04-16 13:00:00+00:00,29534.448598216695,21045.777766129417,20742.683427982287,25414.662086176966,35299.99153667655,11789.25231142763,29796.26917206127
2026-04-16 13:05:00+00:00,29542.44495161431,21045.777766129417,20750.65241582733,25422.631074022007,35307.976190198366,11789.25231142763,29804.265525458886
2026-04-16 13:10:00+00:00,29550.459403111097,21045.777766129417,20750.65241582733,25422.631074022007,35315.98208621271,11789.25231142763,29812.279976955673
2026-04-16 13:15:00+00:00,29540.459403111097,21045.777766129417,20750.65241582733,25422.631074022007,35323.98215571175,11789.25231142763,29802.279976955673
2026-04-16 13:20:00+00:00,29548.469940423052,21045.777766129417,20750.65241582733,25422.631074022007,35331.98885359867,11789.25231142763,29810.290514267628
2026-04-16 13:25:00+00:00,29556.48427130508,21045.777766129417,20750.65241582733,25422.631074022007,35339.99580466637,11789.25231142763,29818.304845149654
2026-04-16 13:30:00+00:00,29564.432195987174,21045.777766129417,20758.616531716336,25430.595189911015,35347.951140412944,11789.25231142763,29826.25276983175
2026-04-16 13:35:00+00:00,29572.402885862946,21053.74845600519,20766.587113310212,25438.565771504887,35355.927255090566,11789.25231142763,29834.223459707522
2026-04-16 13:40:00+00:00,29580.382926762653,21053.74845600519,20774.553593231314,25446.53225142599,35363.89192022198,11797.257041236597,29842.20350060723
2026-04-16 13:45:00+00:00,29588.365553048996,21053.74845600519,20782.506671994168,25454.485330188847,35371.85229151502,11797.257041236597,29850.18612689357
2026-04-16 13:50:00+00:00,29596.317097036645,21053.74845600519,20790.257560151556,25462.236218346232,35379.67930266293,11797.257041236597,29858.13767088122
2026-04-16 13:55:00+00:00,29604.22146074217,21061.652819710718,20798.15685196027,25470.13551015495,35387.600038084565,11797.257041236597,29866.042034586746
2026-04-16 14:00:00+00:00,29612.177023518543,21061.652819710718,20806.11166473375,25478.09032292843,35395.59145708892,11797.257041236597,29873.99759736312
2026-04-16 14:05:00+00:00,29620.159724935333,21061.652819710718,20814.066516979656,25486.04517517433,35403.55585004013,11805.263116582055,29881.98029877991
2026-04-16 14:10:00+00:00,29628.151566194883,21061.652819710718,20814.066516979656,25486.04517517433,35411.56051987251,11805.263116582055,29889.97214003946
2026-04-16 14:15:00+00:00,29636.14144687903,21061.652819710718,20821.964477097426,25493.943135292102,35419.513166171375,11805.263116582055,29897.962020723608
2026-04-16 14:20:00+00:00,29644.12587407691,21061.652819710718,20829.95131424359,25501.92997243827,35427.50366512982,11813.26645859102,29905.946447921488
2026-04-16 14:25:00+00:00,29652.13818782955,21061.652819710718,20829.95131424359,25501.92997243827,35435.50786952757,11803.26645859102,29913.958761674126
2026-04-16 14:30:00+00:00,29660.12809492093,21061.652819710718,20837.93888502061,25509.917543215284,35443.50023440115,11803.26645859102,29921.948668765504
2026-04-16 14:35:00+00:00,29650.12809492093,21061.652819710718,20837.93888502061,25509.917543215284,35433.50023440115,11803.26645859102,29911.948668765504
2026-04-16 14:40:00+00:00,29640.12809492093,21061.652819710718,20837.93888502061,25509.917543215284,35441.505228297814,11811.269885370997,29901.948668765504
2026-04-16 14:45:00+00:00,29648.134417806046,21061.652819710718,20837.93888502061,25509.917543215284,35449.51161962465,11811.269885370997,29909.954991650622
2026-04-16 14:50:00+00:00,29638.134417806046,21061.652819710718,20837.93888502061,25509.917543215284,35457.51440246643,11819.273341379647,29899.954991650622
2026-04-16 14:55:00+00:00,29646.117811938293,21061.652819710718,20845.89487554359,25517.873533738268,35465.495910126905,11819.273341379647,29907.93838578287
2026-04-16 15:00:00+00:00,29654.117656947514,21061.652819710718,20845.89487554359,25517.873533738268,35455.495910126905,11809.273341379647,29915.93823079209
2026-04-16 15:05:00+00:00,29662.123399621458,21061.652819710718,20845.89487554359,25517.873533738268,35463.50160122552,11809.273341379647,29923.943973466034
2026-04-16 15:10:00+00:00,29652.123399621458,21061.652819710718,20845.89487554359,25517.873533738268,35453.50160122552,11799.273341379647,29913.943973466034
2026-04-16 15:15:00+00:00,29660.109092198592,21069.63851228785,20853.88564085342,25525.864299048095,35461.48425553536,11799.273341379647,29921.92966604317
2026-04-16 15:20:00+00:00,29668.0803113884,21077.609731477656,20861.86734547311,25533.846003667786,35469.46716430015,11799.273341379647,29929.900885232975
2026-04-16 15:25:00+00:00,29676.087308925195,21077.609731477656,20861.86734547311,25533.846003667786,35477.47169284215,11799.273341379647,29937.90788276977
2026-04-16 15:30:00+00:00,29684.084609014782,21085.607031567248,20861.86734547311,25541.843303757378,35485.473788518095,11799.273341379647,29945.90518285936
2026-04-16 16:35:00+00:00,29692.042387087342,21085.607031567248,20869.819594717097,25549.795553001364,35493.427272156754,11799.273341379647,29953.862960931918
2026-04-16 16:40:00+00:00,29700.02993556242,21093.594580042325,20869.819594717097,25557.783101476445,35501.418962107884,11799.273341379647,29961.850509406995
2026-04-16 16:45:00+00:00,29690.02993556242,21093.594580042325,20869.819594717097,25557.783101476445,35491.418962107884,11789.273341379647,29951.850509406995
2026-04-16 16:50:00+00:00,29680.02993556242,21093.594580042325,20877.75241078815,25557.783101476445,35499.423456011355,11797.277835283116,29941.850509406995
2026-04-16 16:55:00+00:00,29688.02680958055,21093.594580042325,20885.74264586788,25565.773336556173,35507.415840336784,11797.277835283116,29949.847383425127
2026-04-16 17:00:00+00:00,29696.030723941807,21093.594580042325,20893.717350334955,25573.748041023246,35515.40443735164,11797.277835283116,29957.851297786383
2026-04-16 17:05:00+00:00,29704.02585634215,21093.594580042325,20901.67018497268,25581.700875660972,35523.37830572051,11797.277835283116,29965.846430186724
2026-04-16 17:10:00+00:00,29694.02585634215,21093.594580042325,20901.67018497268,25581.700875660972,35513.37830572051,11797.277835283116,29955.846430186724
2026-04-16 17:15:00+00:00,29702.013896545555,21093.594580042325,20909.664666324134,25589.695357012424,35521.36220836609,11797.277835283116,29963.83447039013
2026-04-16 17:20:00+00:00,29692.013896545555,21093.594580042325,20909.664666324134,25589.695357012424,35511.36220836609,11797.277835283116,29953.83447039013
2026-04-16 17:25:00+00:00,29700.020870346165,21093.594580042325,20917.643447699716,25597.67413838801,35519.348687292324,11797.277835283116,29961.84144419074
2026-04-16 17:30:00+00:00,29690.020870346165,21093.594580042325,20907.643447699716,25587.67413838801,35509.348687292324,11797.277835283116,29951.84144419074
2026-04-16 17:35:00+00:00,29698.006383157117,21093.594580042325,20915.63480189484,25595.66549258313,35517.32644404918,11797.277835283116,29959.826957001693
2026-04-16 17:40:00+00:00,29705.992837114347,21093.594580042325,20923.57637953326,25603.60707022155,35525.30287018168,11797.277835283116,29967.813410958923
2026-04-16 17:45:00+00:00,29713.997039962065,21093.594580042325,20923.57637953326,25603.60707022155,35533.3071501931,11805.282114189982,29975.81761380664
2026-04-16 17:50:00+00:00,29721.97675528353,21101.57429536379,20931.560903655685,25611.59159434398,35541.29229715273,11805.282114189982,29983.797329128105
2026-04-16 17:55:00+00:00,29711.97675528353,21101.57429536379,20921.560903655685,25601.59159434398,35531.29229715273,11805.282114189982,29973.797329128105
2026-04-16 18:00:00+00:00,29719.968263273746,21101.57429536379,20929.51731721819,25609.548007906484,35539.25299505689,11805.282114189982,29981.78883711832
2026-04-16 18:05:00+00:00,29709.968263273746,21101.57429536379,20929.51731721819,25609.548007906484,35529.25299505689,11813.2835415611,29971.78883711832
2026-04-16 18:10:00+00:00,29717.943562648394,21109.549594738437,20937.456353015703,25617.487043703994,35537.20727923013,11813.2835415611,29979.76413649297
2026-04-16 18:15:00+00:00,29707.943562648394,21109.549594738437,20937.456353015703,25617.487043703994,35527.20727923013,11803.2835415611,29969.76413649297
2026-04-16 18:20:00+00:00,29715.945078492034,21109.549594738437,20937.456353015703,25617.487043703994,35535.21135870414,11803.2835415611,29977.76565233661
2026-04-16 18:25:00+00:00,29723.942693654448,21117.547209900855,20937.456353015703,25625.48465886641,35543.209959292275,11803.2835415611,29985.763267499024
2026-04-16 18:30:00+00:00,29713.942693654448,21117.547209900855,20937.456353015703,25625.48465886641,35533.209959292275,11811.28995162876,29975.763267499024
2026-04-16 18:35:00+00:00,29721.954968041322,21117.547209900855,20937.456353015703,25625.48465886641,35523.209959292275,11819.282759802736,29983.775541885898
2026-04-16 18:40:00+00:00,29729.954762586614,21117.547209900855,20937.456353015703,25625.48465886641,35531.21106002449,11819.282759802736,29991.77533643119
2026-04-16 18:45:00+00:00,29737.918832275165,21117.547209900855,20945.398714175848,25633.42702002656,35539.15391988901,11819.282759802736,29999.73940611974
2026-04-16 18:50:00+00:00,29745.886796889587,21125.515174515273,20953.30586049996,25641.334166350673,35547.114396917284,11819.282759802736,30007.707370734162
2026-04-16 18:55:00+00:00,29753.8753694328,21125.515174515273,20953.30586049996,25641.334166350673,35555.114423928375,11819.282759802736,30015.695943277377
2026-04-16 19:00:00+00:00,29761.882249102102,21125.515174515273,20953.30586049996,25641.334166350673,35563.11705061619,11819.282759802736,30023.702822946678
2026-04-16 19:05:00+00:00,29769.875001085355,21133.507926498525,20953.30586049996,25649.32691833392,35571.11583708656,11819.282759802736,30031.69557492993
2026-04-16 19:10:00+00:00,29777.878800160077,21141.511725573248,20961.2768171824,25657.29787501636,35579.1013251146,11819.282759802736,30039.699374004653
2026-04-16 19:15:00+00:00,29767.878800160077,21141.511725573248,20961.2768171824,25657.29787501636,35587.106522890404,11827.284752706804,30029.699374004653
2026-04-16 19:20:00+00:00,29757.878800160077,21141.511725573248,20961.2768171824,25657.29787501636,35595.10536834689,11827.284752706804,30019.699374004653
2026-04-16 19:25:00+00:00,29747.878800160077,21131.511725573248,20961.2768171824,25647.29787501636,35585.10536834689,11835.28161273057,30009.699374004653
2026-04-16 19:30:00+00:00,29737.878800160077,21131.511725573248,20951.2768171824,25637.29787501636,35575.10536834689,11825.28161273057,29999.699374004653
2026-04-16 19:35:00+00:00,29745.874469270482,21131.511725573248,20959.230473943328,25645.25153177729,35583.072340241175,11825.28161273057,30007.695043115058
2026-04-16 19:40:00+00:00,29753.864751974663,21139.502008277428,20967.20269691752,25653.22375475148,35591.02503257636,11825.28161273057,30015.68532581924
2026-04-16 19:45:00+00:00,29761.872254484133,21139.502008277428,20975.184775330104,25661.205833164066,35599.00987262394,11825.28161273057,30023.69282832871
2026-04-16 19:50:00+00:00,29769.869922288133,21139.502008277428,20975.184775330104,25661.205833164066,35607.007540427934,11833.279280534569,30031.69049613271
2026-04-16 19:55:00+00:00,29759.869922288133,21139.502008277428,20975.184775330104,25661.205833164066,35597.007540427934,11833.279280534569,30021.69049613271
2026-04-16 20:00:00+00:00,29767.88491807383,21139.502008277428,20975.184775330104,25661.205833164066,35587.007540427934,11841.278529802501,30029.705491918405
2026-04-16 20:05:00+00:00,29775.890823745995,21139.502008277428,20975.184775330104,25661.205833164066,35595.01107801209,11841.278529802501,30037.71139759057
2026-04-16 20:10:00+00:00,29783.846762988804,21147.457947520234,20983.134798181352,25669.155856015313,35602.95982948497,11841.278529802501,30045.66733683338
2026-04-16 20:15:00+00:00,29791.842281488953,21147.457947520234,20983.134798181352,25669.155856015313,35610.96358665306,11841.278529802501,30053.66285533353
2026-04-16 20:20:00+00:00,29799.82340006472,21147.457947520234,20991.12904157884,25677.1500994128,35618.94329423578,11841.278529802501,30061.643973909297
2026-04-16 20:25:00+00:00,29807.822552312435,21155.457099767948,20991.12904157884,25685.149251660514,35626.94616269827,11841.278529802501,30069.64312615701
2026-04-16 20:30:00+00:00,29815.823015448612,21155.457099767948,20999.08609556286,25693.106305644535,35634.93894605087,11841.278529802501,30077.643589293188
2026-04-16 20:35:00+00:00,29805.823015448612,21155.457099767948,20999.08609556286,25693.106305644535,35624.93894605087,11841.278529802501,30067.643589293188
2026-04-16 20:40:00+00:00,29813.837088533146,21155.457099767948,20999.08609556286,25693.106305644535,35624.93894605087,11841.278529802501,30075.657662377722
2026-04-16 20:45:00+00:00,29821.8457556059,21155.457099767948,21007.080545393947,25701.10075547562,35632.92177636687,11841.278529802501,30083.666329450476
2026-04-16 20:50:00+00:00,29829.838615763867,21155.457099767948,21007.080545393947,25701.10075547562,35640.927615111475,11841.278529802501,30091.659189608443
2026-04-16 20:55:00+00:00,29837.850665329523,21155.457099767948,21007.080545393947,25701.10075547562,35648.930229342586,11841.278529802501,30099.6712391741
2026-04-16 21:00:00+00:00,29845.85596035195,21163.462394790375,21007.080545393947,25709.10605049805,35656.92522561,11849.28385999521,30107.676534196526
2026-04-16 21:05:00+00:00,29835.85596035195,21153.462394790375,21007.080545393947,25699.10605049805,35646.92522561,11857.284687813291,30097.676534196526
2026-04-16 21:10:00+00:00,29843.86912701541,21153.462394790375,21007.080545393947,25699.10605049805,35654.930304940965,11857.284687813291,30105.689700859984
2026-04-16 21:15:00+00:00,29851.86727822007,21161.46054599504,21007.080545393947,25707.104201702714,35662.93205186189,11857.284687813291,30113.687852064646
2026-04-16 21:20:00+00:00,29859.78649324761,21169.37976102258,21015.03498961006,25715.058645918827,35670.89630794516,11857.284687813291,30121.607067092187
2026-04-16 21:25:00+00:00,29867.784584646965,21177.377852421934,21015.03498961006,25723.056737318177,35678.88770977738,11857.284687813291,30129.60515849154
2026-04-16 21:30:00+00:00,29875.79896743714,21177.377852421934,21015.03498961006,25723.056737318177,35686.89338386421,11857.284687813291,30137.619541281714
2026-04-16 21:35:00+00:00,29883.80050735695,21177.377852421934,21015.03498961006,25723.056737318177,35694.896613909106,11857.284687813291,30145.621081201527
2026-04-16 21:40:00+00:00,29891.77435184024,21177.377852421934,21015.03498961006,25723.056737318177,35694.896613909106,11857.284687813291,30153.594925684814
2026-04-16 21:45:00+00:00,29899.783254182432,21177.377852421934,21015.03498961006,25723.056737318177,35702.90122252618,11857.284687813291,30161.603828027008
2026-04-16 21:50:00+00:00,29907.787807345485,21185.382405584984,21015.03498961006,25731.06129048123,35710.90255982239,11857.284687813291,30169.60838119006
2026-04-16 21:55:00+00:00,29897.787807345485,21185.382405584984,21015.03498961006,25731.06129048123,35718.90785668293,11865.290863938168,30159.60838119006
2026-04-16 22:00:00+00:00,29905.747433370077,21193.34203160958,21022.981684288596,25739.007985159762,35726.86997866089,11865.290863938168,30167.568007214653
2026-04-16 22:05:00+00:00,29895.747433370077,21193.34203160958,21022.981684288596,25739.007985159762,35716.86997866089,11865.290863938168,30157.568007214653
2026-04-16 22:10:00+00:00,29885.747433370077,21193.34203160958,21022.981684288596,25739.007985159762,35706.86997866089,11865.290863938168,30147.568007214653
2026-04-16 22:15:00+00:00,29893.750569042553,21193.34203160958,21030.964652906026,25746.990953777196,35714.85664515688,11865.290863938168,30155.57114288713
2026-04-16 22:20:00+00:00,29883.750569042553,21193.34203160958,21030.964652906026,25746.990953777196,35704.85664515688,11873.295643142841,30145.57114288713
2026-04-16 22:25:00+00:00,29891.75193244796,21201.343395014985,21038.92326591473,25754.9495667859,35712.84557269473,11873.295643142841,30153.572506292538
2026-04-16 22:30:00+00:00,29899.760064131624,21201.343395014985,21038.92326591473,25754.9495667859,35702.84557269473,11873.295643142841,30161.5806379762
2026-04-16 22:35:00+00:00,29889.760064131624,21201.343395014985,21038.92326591473,25754.9495667859,35710.848094150824,11873.295643142841,30151.5806379762
2026-04-16 22:40:00+00:00,29889.760064131624,21201.343395014985,21038.92326591473,25754.9495667859,35710.848094150824,11873.295643142841,30151.5806379762
2026-04-16 22:45:00+00:00,29897.7659851084,21209.349315991763,21038.92326591473,25762.955487762676,35718.847056087325,11873.295643142841,30159.586558952975
2026-04-16 22:50:00+00:00,29905.77501516294,21209.349315991763,21038.92326591473,25762.955487762676,35726.84850515308,11873.295643142841,30167.595589007517
2026-04-16 22:55:00+00:00,29913.788798544174,21217.363099372997,21038.92326591473,25770.96927114391,35726.84850515308,11873.295643142841,30175.60937238875
2026-04-16 23:00:00+00:00,29921.788620673567,21225.36292150239,21038.92326591473,25778.969093273303,35734.85433566775,11873.295643142841,30183.609194518143
2026-04-16 23:05:00+00:00,29921.788620673567,21225.36292150239,21038.92326591473,25778.969093273303,35742.859182640015,11873.295643142841,30183.609194518143
2026-04-16 23:10:00+00:00,29911.788620673567,21215.36292150239,21038.92326591473,25768.969093273303,35742.859182640015,11873.295643142841,30173.609194518143
2026-04-16 23:15:00+00:00,29919.7842384875,21215.36292150239,21038.92326591473,25768.969093273303,35750.85266131406,11873.295643142841,30181.604812332076
2026-04-16 23:20:00+00:00,29927.772091603987,21223.350774618877,21046.922967298928,25776.9687946575,35758.84358767666,11873.295643142841,30189.592665448563
2026-04-16 23:25:00+00:00,29935.781237728264,21223.350774618877,21046.922967298928,25776.9687946575,35766.846403671145,11873.295643142841,30197.60181157284
2026-04-16 23:30:00+00:00,29943.78533710018,21231.354873990793,21046.922967298928,25784.972894029415,35774.85120313519,11873.295643142841,30205.605910944756
2026-04-16 23:35:00+00:00,29951.76440717886,21239.333944069473,21054.90534839406,25792.95527512455,35782.83908666362,11873.295643142841,30213.584981023436
2026-04-16 23:40:00+00:00,29959.76828915267,21239.333944069473,21054.90534839406,25792.95527512455,35790.83929474437,11873.295643142841,30221.588862997247
2026-04-16 23:45:00+00:00,29967.765260924258,21247.330915841056,21054.90534839406,25800.952246896137,35798.83576097856,11873.295643142841,30229.585834768834
2026-04-16 23:50:00+00:00,29957.765260924258,21247.330915841056,21054.90534839406,25800.952246896137,35798.83576097856,11873.295643142841,30219.585834768834
2026-04-16 23:55:00+00:00,29965.760951415356,21255.326606332157,21062.882401135197,25808.929299637275,35806.83769018883,11873.295643142841,30227.58152525993
2026-04-17 00:00:00+00:00,29973.752039325434,21263.317694242232,21062.882401135197,25816.92038754735,35814.84285049881,11873.295643142841,30235.57261317001
2026-04-17 00:05:00+00:00,29981.725950867905,21271.291605784703,21070.853980394983,25824.891966807132,35822.81224768769,11873.295643142841,30243.54652471248
2026-04-17 00:10:00+00:00,29971.725950867905,21271.291605784703,21070.853980394983,25824.891966807132,35812.81224768769,11873.295643142841,30233.54652471248
2026-04-17 00:15:00+00:00,29979.73078529945,21271.291605784703,21070.853980394983,25824.891966807132,35820.816489783174,11873.295643142841,30241.551359144025
2026-04-17 00:20:00+00:00,29969.73078529945,21271.291605784703,21070.853980394983,25824.891966807132,35828.818926275155,11873.295643142841,30231.551359144025
2026-04-17 00:25:00+00:00,29977.725815104703,21271.291605784703,21070.853980394983,25824.891966807132,35836.818798226624,11873.295643142841,30239.54638894928
2026-04-17 00:30:00+00:00,29985.71136754816,21279.277158228164,21078.839044095403,25832.877030507556,35844.81358822272,11873.295643142841,30247.531941392735
2026-04-17 00:35:00+00:00,29993.712150497493,21287.282990063104,21078.839044095403,25840.877813456893,35852.805296579376,11873.295643142841,30255.53272434207
2026-04-17 00:40:00+00:00,29983.712150497493,21287.282990063104,21078.839044095403,25840.877813456893,35852.805296579376,11873.295643142841,30245.53272434207
2026-04-17 00:45:00+00:00,29991.71316919465,21287.282990063104,21078.839044095403,25840.877813456893,35860.80389126117,11873.295643142841,30253.533743039225
2026-04-17 00:50:00+00:00,29981.71316919465,21287.282990063104,21078.839044095403,25840.877813456893,35860.80389126117,11873.295643142841,30243.533743039225
2026-04-17 00:55:00+00:00,29971.71316919465,21287.282990063104,21078.839044095403,25840.877813456893,35860.80389126117,11873.295643142841,30233.533743039225
2026-04-17 01:00:00+00:00,29979.727848519204,21295.297669387655,21078.839044095403,25848.892492781444,35860.80389126117,11873.295643142841,30241.54842236378
2026-04-17 01:05:00+00:00,29987.720676959543,21303.290497828,21086.80947703794,25856.86292572398,35868.787346505545,11873.295643142841,30249.54125080412
2026-04-17 01:10:00+00:00,29995.70102327768,21311.270844146136,21094.79179868193,25864.84524736797,35876.767526805794,11873.295643142841,30257.521597122257
2026-04-17 01:15:00+00:00,30003.70883456745,21319.278655435905,21094.79179868193,25872.85305865774,35884.77130884754,11873.295643142841,30265.529408412025
2026-04-17 01:20:00+00:00,30011.696119086733,21319.278655435905,21102.740890463858,25880.80215043967,35892.72461888548,11873.295643142841,30273.51669293131
2026-04-17 01:25:00+00:00,30019.686580674937,21327.26911702411,21102.740890463858,25888.79261202787,35900.72210692788,11873.295643142841,30281.507154519513
2026-04-17 01:30:00+00:00,30027.69378827102,21335.276324620187,21102.740890463858,25896.799819623953,35908.72448957173,11873.295643142841,30289.514362115595
2026-04-17 01:35:00+00:00,30035.68927865261,21335.276324620187,21102.740890463858,25896.799819623953,35916.7311016923,11873.295643142841,30297.509852497187
2026-04-17 01:40:00+00:00,30043.6629085746,21343.249954542174,21110.720077732865,25904.77900689296,35924.702084308745,11873.295643142841,30305.483482419175
2026-04-17 01:45:00+00:00,30051.66888314242,21343.249954542174,21110.720077732865,25904.77900689296,35932.70805887657,11873.295643142841,30313.489456986998
2026-04-17 01:50:00+00:00,30059.671883608105,21343.249954542174,21110.720077732865,25904.77900689296,35932.70805887657,11873.295643142841,30321.49245745268
2026-04-17 01:55:00+00:00,30067.616455342722,21343.249954542174,21118.6390047379,25912.697933897995,35940.63429887303,11873.295643142841,30329.4370291873
2026-04-17 02:00:00+00:00,30075.63131616511,21343.249954542174,21118.6390047379,25912.697933897995,35948.634376513895,11873.295643142841,30337.451890009685
2026-04-17 02:05:00+00:00,30083.640253040678,21343.249954542174,21118.6390047379,25912.697933897995,35956.62694982796,11873.295643142841,30345.460826885253
2026-04-17 02:10:00+00:00,30091.645939575188,21351.255641076685,21118.6390047379,25920.703620432505,35964.632918265976,11873.295643142841,30353.466513419764
2026-04-17 02:15:00+00:00,30099.64189186615,21359.251593367648,21126.6216124665,25928.686228161103,35972.623864083085,11873.295643142841,30361.462465710727
2026-04-17 02:20:00+00:00,30107.652551738352,21349.251593367648,21126.6216124665,25928.686228161103,35980.628033662244,11873.295643142841,30369.47312558293
2026-04-17 02:25:00+00:00,30097.652551738352,21349.251593367648,21126.6216124665,25928.686228161103,35988.63090826008,11873.295643142841,30359.47312558293
2026-04-17 02:30:00+00:00,30105.648547108703,21349.251593367648,21126.6216124665,25928.686228161103,35996.636105363395,11873.295643142841,30367.46912095328
2026-04-17 02:35:00+00:00,30113.65666731742,21349.251593367648,21126.6216124665,25928.686228161103,36004.63490310298,11873.295643142841,30375.477241161996
2026-04-17 02:40:00+00:00,30121.66611061066,21349.251593367648,21126.6216124665,25928.686228161103,36012.62666375957,11873.295643142841,30383.486684455234
2026-04-17 02:45:00+00:00,30111.66611061066,21349.251593367648,21126.6216124665,25928.686228161103,36012.62666375957,11873.295643142841,30373.486684455234
2026-04-17 02:50:00+00:00,30119.679735204343,21357.265217961336,21126.6216124665,25936.69985275479,36020.61758567615,11873.295643142841,30381.50030904892
2026-04-17 02:55:00+00:00,30127.688001191782,21357.265217961336,21126.6216124665,25936.69985275479,36020.61758567615,11873.295643142841,30389.508575036358
2026-04-17 03:00:00+00:00,30135.70350503479,21365.280721804345,21126.6216124665,25944.7153565978,36028.62272090398,11873.295643142841,30397.524078879367
2026-04-17 03:05:00+00:00,30143.71540502128,21365.280721804345,21126.6216124665,25944.7153565978,36036.629955500786,11873.295643142841,30405.535978865857
2026-04-17 03:10:00+00:00,30151.71710673722,21365.280721804345,21126.6216124665,25944.7153565978,36044.63538042399,11873.295643142841,30413.537680581794
2026-04-17 03:15:00+00:00,30159.71899562947,21373.2826106966,21126.6216124665,25952.717245490057,36052.64132299545,11873.295643142841,30421.539569474047
2026-04-17 03:20:00+00:00,30149.71899562947,21373.2826106966,21126.6216124665,25952.717245490057,36052.64132299545,11873.295643142841,30411.539569474047
2026-04-17 03:25:00+00:00,30157.724265506597,21373.2826106966,21126.6216124665,25952.717245490057,36060.64428024467,11873.295643142841,30419.544839351172
2026-04-17 03:30:00+00:00,30165.72991058078,21373.2826106966,21126.6216124665,25952.717245490057,36068.63932559178,11873.295643142841,30427.550484425356
2026-04-17 03:35:00+00:00,30173.736349586976,21381.28904970279,21126.6216124665,25960.72368449625,36076.63967397151,11873.295643142841,30435.55692343155
2026-04-17 03:40:00+00:00,30181.70897915832,21389.26167927414,21134.598048739572,25968.700120769325,36084.6204951393,11873.295643142841,30443.529553002896
2026-04-17 03:45:00+00:00,30171.70897915832,21379.26167927414,21134.598048739572,25958.700120769325,36092.62322507707,11873.295643142841,30433.529553002896
2026-04-17 03:50:00+00:00,30179.71413754192,21379.26167927414,21134.598048739572,25958.700120769325,36100.6284333183,11873.295643142841,30441.534711386495
2026-04-17 03:55:00+00:00,30187.723017318287,21387.270559050503,21134.598048739572,25966.709000545692,36108.63528924543,11873.295643142841,30449.543591162863
2026-04-17 04:00:00+00:00,30195.725541879423,21387.270559050503,21134.598048739572,25966.709000545692,36116.630036170594,11873.295643142841,30457.546115724
2026-04-17 04:05:00+00:00,30203.735952646974,21387.270559050503,21134.598048739572,25966.709000545692,36116.630036170594,11873.295643142841,30465.55652649155
2026-04-17 04:10:00+00:00,30193.735952646974,21387.270559050503,21134.598048739572,25966.709000545692,36116.630036170594,11873.295643142841,30455.55652649155
2026-04-17 04:15:00+00:00,30201.735190862484,21387.270559050503,21134.598048739572,25966.709000545692,36124.63536345147,11873.295643142841,30463.55576470706
2026-04-17 04:20:00+00:00,30209.738629916497,21395.273998104516,21134.598048739572,25974.712439599705,36132.62582821074,11873.295643142841,30471.559203761073
2026-04-17 04:25:00+00:00,30217.75205049281,21395.273998104516,21134.598048739572,25974.712439599705,36132.62582821074,11873.295643142841,30479.572624337387
2026-04-17 04:30:00+00:00,30225.76289937281,21403.28484698452,21134.598048739572,25982.723288479705,36140.6313635938,11873.295643142841,30487.583473217386
2026-04-17 04:35:00+00:00,30233.77676517449,21403.28484698452,21134.598048739572,25982.723288479705,36130.6313635938,11873.295643142841,30495.597339019067
2026-04-17 04:40:00+00:00,30241.78575895057,21411.293840760594,21134.598048739572,25990.732282255784,36130.6313635938,11873.295643142841,30503.606332795145
2026-04-17 04:45:00+00:00,30231.78575895057,21401.293840760594,21134.598048739572,25980.732282255784,36138.63375642098,11873.295643142841,30493.606332795145
2026-04-17 04:50:00+00:00,30239.781349045606,21409.28943085563,21134.598048739572,25988.72787235082,36146.63522883154,11873.295643142841,30501.601922890182
2026-04-17 04:55:00+00:00,30229.781349045606,21409.28943085563,21134.598048739572,25988.72787235082,36146.63522883154,11873.295643142841,30491.601922890182
2026-04-17 05:00:00+00:00,30219.781349045606,21409.28943085563,21134.598048739572,25988.72787235082,36154.63787781599,11873.295643142841,30481.601922890182
