window_start,LIVE_ORB,LIVE_VWM,LIVE_RENKO,CONSENSUS_2_OF_3,CHEAP_LEADER_PULLBACK,OPEN_FLIP_VALUE,LIVE_PRIORITY_PORTFOLIO
2026-03-26 03:05:00+00:00,10009.403251287311,10009.403251287311,10000.0,10009.403251287311,10009.401894723793,10000.0,10009.403251287311
2026-03-26 03:10:00+00:00,10018.817975380542,10018.817983033536,10000.0,10018.817975380542,10018.787121875144,10000.0,10018.817975380542
2026-03-26 03:15:00+00:00,10028.210375946348,10028.210383599342,10000.0,10028.210375946348,10028.177132526953,10000.0,10028.210375946348
2026-03-26 03:20:00+00:00,10037.574291952022,10037.574299605016,10009.322257534075,10037.532633480421,10037.535951985974,10000.0,10037.574291952022
2026-03-26 03:25:00+00:00,10046.948762494707,10046.948770147701,10018.69369269599,10046.904068642338,10046.906327863024,10000.0,10046.948762494707
2026-03-26 03:30:00+00:00,10056.358612261194,10056.358619914188,10018.69369269599,10056.313918408825,10056.283755733799,10000.0,10056.358612261194
2026-03-26 03:35:00+00:00,10065.766975404873,10065.767008393992,10018.69369269599,10065.722281552504,10065.67296627843,10000.0,10065.766975404873
2026-03-26 03:40:00+00:00,10055.766975404873,10055.767008393992,10018.69369269599,10055.722281552504,10055.67296627843,10000.0,10055.766975404873
2026-03-26 03:45:00+00:00,10065.171243312945,10065.171313016619,10018.69369269599,10065.126549460574,10065.076014717788,10000.0,10065.171243312945
2026-03-26 03:50:00+00:00,10055.171243312945,10055.171313016619,10018.69369269599,10055.126549460574,10074.47569494684,10000.0,10055.171243312945
2026-03-26 03:55:00+00:00,10045.171243312945,10045.171313016619,10018.69369269599,10045.126549460574,10074.47569494684,10000.0,10045.171243312945
2026-03-26 04:00:00+00:00,10054.573314314819,10045.171313016619,10018.69369269599,10045.126549460574,10083.876296921128,10000.0,10054.573314314819
2026-03-26 04:05:00+00:00,10044.573314314819,10035.171313016619,10018.69369269599,10035.126549460574,10083.876296921128,10000.0,10044.573314314819
2026-03-26 04:10:00+00:00,10053.96174352837,10044.55974223017,10018.69369269599,10044.514978674126,10093.26195833303,10000.0,10053.96174352837
2026-03-26 04:15:00+00:00,10063.367151654504,10053.965183903296,10018.69369269599,10053.920386800259,10102.66625219441,10000.0,10063.367151654504
2026-03-26 04:20:00+00:00,10072.76362884742,10063.361661096213,10018.69369269599,10063.316863993176,10112.060727555234,10000.0,10072.76362884742
2026-03-26 04:25:00+00:00,10082.17862661567,10072.776665756393,10018.69369269599,10072.731861761426,10121.462904621425,10000.0,10082.17862661567
2026-03-26 04:30:00+00:00,10091.568750953635,10082.16679009436,10018.69369269599,10082.12198609939,10130.850422433765,10000.0,10091.568750953635
2026-03-26 04:35:00+00:00,10100.97609588086,10091.574135021583,10018.69369269599,10091.529331026615,10130.850422433765,10000.0,10100.97609588086
2026-03-26 04:40:00+00:00,10090.97609588086,10081.574135021583,10018.69369269599,10081.529331026615,10130.850422433765,10000.0,10090.97609588086
2026-03-26 04:45:00+00:00,10100.38925282805,10081.574135021583,10018.69369269599,10081.529331026615,10130.850422433765,10000.0,10100.38925282805
2026-03-26 04:50:00+00:00,10109.805024536628,10090.989911469725,10018.69369269599,10090.945102735193,10140.25320869254,10000.0,10109.805024536628
2026-03-26 04:55:00+00:00,10099.805024536628,10080.989911469725,10018.69369269599,10080.945102735193,10130.25320869254,10000.0,10099.805024536628
2026-03-26 05:00:00+00:00,10109.218097825527,10090.402984758626,10018.69369269599,10090.358176024092,10139.650764161222,10000.0,10109.218097825527
2026-03-26 05:05:00+00:00,10118.570380343186,10090.402984758626,10028.065276776979,10099.729760105081,10148.996847228202,10000.0,10118.570380343186
2026-03-26 05:10:00+00:00,10127.960333939795,10099.793014803783,10028.065276776979,10109.11971370169,10158.384261775796,10000.0,10127.960333939795
2026-03-26 05:15:00+00:00,10137.372007359314,10109.204704358463,10028.065276776979,10118.53138712121,10158.384261775796,10000.0,10137.372007359314
2026-03-26 05:20:00+00:00,10146.782523763542,10109.204704358463,10028.065276776979,10118.53138712121,10158.384261775796,10000.0,10146.782523763542
2026-03-26 05:25:00+00:00,10156.198330180641,10109.204704358463,10028.065276776979,10118.53138712121,10158.384261775796,10000.0,10156.198330180641
2026-03-26 05:30:00+00:00,10146.198330180641,10099.204704358463,10028.065276776979,10108.53138712121,10148.384261775796,10000.0,10146.198330180641
2026-03-26 05:35:00+00:00,10155.595987450326,10108.602416699952,10028.065276776979,10117.929044390894,10157.780089902784,10000.0,10155.595987450326
2026-03-26 05:40:00+00:00,10164.969893330446,10108.602416699952,10037.43936417092,10127.302950271014,10167.154177296723,10009.37408739394,10164.969893330446
2026-03-26 05:45:00+00:00,10174.323259714924,10117.955783084428,10046.806557632197,10136.670143732292,10176.50144692384,10009.37408739394,10174.323259714924
2026-03-26 05:50:00+00:00,10183.682640423362,10117.955783084428,10056.133424951053,10145.997011051148,10185.855300946088,10009.37408739394,10183.682640423362
2026-03-26 05:55:00+00:00,10193.090985964918,10127.364128625984,10056.133424951053,10155.405356592702,10185.855300946088,10009.37408739394,10193.090985964918
2026-03-26 06:00:00+00:00,10183.090985964918,10127.364128625984,10056.133424951053,10155.405356592702,10185.855300946088,10009.37408739394,10183.090985964918
2026-03-26 06:05:00+00:00,10192.458875329208,10136.732017990274,10065.48464621867,10164.75657786032,10195.218470790305,10009.37408739394,10192.458875329208
2026-03-26 06:10:00+00:00,10182.458875329208,10126.732017990274,10065.48464621867,10154.75657786032,10204.589739586103,10009.37408739394,10182.458875329208
2026-03-26 06:15:00+00:00,10191.868370589717,10136.141535440524,10065.48464621867,10164.166073120829,10213.959021920917,10009.37408739394,10191.868370589717
2026-03-26 06:20:00+00:00,10201.240196185066,10145.513361035872,10074.828199234827,10173.509626136987,10223.32650166806,10009.37408739394,10201.240196185066
2026-03-26 06:25:00+00:00,10210.604936295947,10154.878101146753,10084.174409739644,10182.855836641804,10232.686223416478,10009.37408739394,10210.604936295947
2026-03-26 06:30:00+00:00,10220.017465263209,10154.878101146753,10084.174409739644,10182.855836641804,10242.073498447982,10009.37408739394,10220.017465263209
2026-03-26 06:35:00+00:00,10229.428454153978,10154.878101146753,10084.174409739644,10182.855836641804,10242.073498447982,10009.37408739394,10229.428454153978
2026-03-26 06:40:00+00:00,10238.826464183005,10164.27611117578,10084.174409739644,10192.25384667083,10251.469652612403,10009.37408739394,10238.826464183005
2026-03-26 06:45:00+00:00,10248.241772196327,10164.27611117578,10084.174409739644,10192.25384667083,10260.85662125383,10009.37408739394,10248.241772196327
2026-03-26 06:50:00+00:00,10257.651790198015,10173.686129177468,10084.174409739644,10201.663864672517,10260.85662125383,10009.37408739394,10257.651790198015
2026-03-26 06:55:00+00:00,10267.053702739866,10173.686129177468,10084.174409739644,10201.663864672517,10270.2570496703,10009.37408739394,10267.053702739866
2026-03-26 07:00:00+00:00,10257.053702739866,10173.686129177468,10093.55045282866,10201.663864672517,10279.633092759315,10018.750130482955,10257.053702739866
2026-03-26 07:05:00+00:00,10247.053702739866,10163.686129177468,10093.55045282866,10191.663864672517,10269.633092759315,10018.750130482955,10247.053702739866
2026-03-26 07:10:00+00:00,10237.053702739866,10153.686129177468,10093.55045282866,10181.663864672517,10269.633092759315,10018.750130482955,10237.053702739866
2026-03-26 07:15:00+00:00,10246.455870201386,10153.686129177468,10093.55045282866,10181.663864672517,10279.035324088514,10018.750130482955,10246.455870201386
2026-03-26 07:20:00+00:00,10255.827462198435,10163.057721174517,10102.90552878498,10191.01894062884,10288.402548056874,10018.750130482955,10255.827462198435
2026-03-26 07:25:00+00:00,10265.230117062172,10172.460376038254,10112.26839866866,10200.381810512517,10297.803789524709,10018.750130482955,10265.230117062172
2026-03-26 07:30:00+00:00,10255.230117062172,10162.460376038254,10112.26839866866,10190.381810512517,10287.803789524709,10018.750130482955,10255.230117062172
2026-03-26 07:35:00+00:00,10264.628470249809,10171.858782365773,10112.26839866866,10199.780163700154,10297.200377730085,10018.750130482955,10264.628470249809
2026-03-26 07:40:00+00:00,10274.025170741397,10181.255482857361,10112.26839866866,10209.176864191742,10306.59509765208,10018.750130482955,10274.025170741397
2026-03-26 07:45:00+00:00,10283.440344913912,10190.670663431232,10112.26839866866,10218.592038364257,10306.59509765208,10018.750130482955,10283.440344913912
2026-03-26 07:50:00+00:00,10292.849975094852,10200.080293612173,10112.26839866866,10228.001668545197,10315.99221863536,10018.750130482955,10292.849975094852
2026-03-26 07:55:00+00:00,10302.249583429897,10209.47990194722,10112.26839866866,10237.401276880244,10325.390123334779,10018.750130482955,10302.249583429897
2026-03-26 08:00:00+00:00,10311.656569807621,10209.47990194722,10112.26839866866,10237.401276880244,10334.778614129324,10018.750130482955,10311.656569807621
2026-03-26 08:05:00+00:00,10301.656569807621,10209.47990194722,10112.26839866866,10237.401276880244,10324.778614129324,10018.750130482955,10301.656569807621
2026-03-26 08:10:00+00:00,10311.052787883393,10218.876120022991,10121.626992034628,10246.759870246211,10334.172805700542,10018.750130482955,10311.052787883393
2026-03-26 08:15:00+00:00,10301.052787883393,10218.876120022991,10121.626992034628,10246.759870246211,10343.551394252465,10018.750130482955,10301.052787883393
2026-03-26 08:20:00+00:00,10310.43457863799,10228.25791077759,10131.003634422827,10256.13651263441,10352.929785913613,10018.750130482955,10310.43457863799
2026-03-26 08:25:00+00:00,10300.43457863799,10228.25791077759,10131.003634422827,10256.13651263441,10352.929785913613,10018.750130482955,10300.43457863799
2026-03-26 08:30:00+00:00,10309.83460172063,10237.657933860228,10131.003634422827,10265.536535717049,10362.328144867324,10018.750130482955,10309.83460172063
2026-03-26 08:35:00+00:00,10319.246384659487,10247.069732629783,10131.003634422827,10274.948318655906,10371.720018722131,10018.750130482955,10319.246384659487
2026-03-26 08:40:00+00:00,10328.644857568434,10256.46820553873,10131.003634422827,10284.346791564853,10381.116679850149,10018.750130482955,10328.644857568434
2026-03-26 08:45:00+00:00,10338.03065607206,10256.46820553873,10131.003634422827,10284.346791564853,10390.499460324867,10018.750130482955,10338.03065607206
2026-03-26 08:50:00+00:00,10347.435975070914,10256.46820553873,10131.003634422827,10284.346791564853,10399.9036198193,10018.750130482955,10347.435975070914
2026-03-26 08:55:00+00:00,10337.435975070914,10256.46820553873,10131.003634422827,10284.346791564853,10399.9036198193,10018.750130482955,10337.435975070914
2026-03-26 09:00:00+00:00,10327.435975070914,10256.46820553873,10131.003634422827,10284.346791564853,10399.9036198193,10018.750130482955,10327.435975070914
2026-03-26 09:05:00+00:00,10336.84319045637,10256.46820553873,10140.3794224101,10293.722579552128,10409.279407806576,10018.750130482955,10336.84319045637
2026-03-26 09:10:00+00:00,10346.24845353961,10265.87346862197,10140.3794224101,10303.12784263537,10418.683506055868,10018.750130482955,10346.24845353961
2026-03-26 09:15:00+00:00,10355.626627800733,10275.251642883093,10149.739013587336,10312.487433812605,10428.0579375092,10018.750130482955,10355.626627800733
2026-03-26 09:20:00+00:00,10345.626627800733,10265.251642883093,10149.739013587336,10302.487433812605,10418.0579375092,10018.750130482955,10345.626627800733
2026-03-26 09:25:00+00:00,10355.022010883411,10274.64702596577,10159.116886555628,10311.865306780895,10427.451214586377,10018.750130482955,10355.022010883411
2026-03-26 09:30:00+00:00,10364.300929481584,10283.925944563944,10168.315636646175,10321.064056871444,10436.717012318317,10018.750130482955,10364.300929481584
2026-03-26 09:35:00+00:00,10373.710833637544,10293.33586977315,10168.315636646175,10330.473961027403,10446.095103584657,10018.750130482955,10373.710833637544
2026-03-26 09:40:00+00:00,10383.119010951603,10293.33586977315,10168.315636646175,10330.473961027403,10455.494682728111,10018.750130482955,10383.119010951603
2026-03-26 09:45:00+00:00,10392.515188655825,10302.732047477371,10168.315636646175,10339.870138731625,10464.888830083768,10018.750130482955,10392.515188655825
2026-03-26 09:50:00+00:00,10401.906572921152,10312.123431742699,10177.687791067292,10349.242293152742,10474.277727714454,10018.750130482955,10401.906572921152
2026-03-26 09:55:00+00:00,10391.906572921152,10302.123431742699,10177.687791067292,10339.242293152742,10483.67532283777,10018.750130482955,10391.906572921152
2026-03-26 10:00:00+00:00,10401.31502674467,10311.531885566217,10177.687791067292,10348.65074697626,10493.064683760362,10018.750130482955,10401.31502674467
2026-03-26 10:05:00+00:00,10391.31502674467,10311.531885566217,10177.687791067292,10348.65074697626,10502.455421785311,10028.140868507904,10391.31502674467
2026-03-26 10:10:00+00:00,10400.710152085208,10320.927010906755,10177.687791067292,10358.045872316798,10511.84841658185,10028.140868507904,10400.710152085208
2026-03-26 10:15:00+00:00,10410.12106856768,10320.927010906755,10177.687791067292,10358.045872316798,10511.84841658185,10028.140868507904,10410.12106856768
2026-03-26 10:20:00+00:00,10419.520787940372,10320.927010906755,10177.687791067292,10358.045872316798,10521.246442895603,10028.140868507904,10419.520787940372
2026-03-26 10:25:00+00:00,10409.520787940372,10310.927010906755,10177.687791067292,10348.045872316798,10521.246442895603,10028.140868507904,10409.520787940372
2026-03-26 10:30:00+00:00,10399.520787940372,10300.927010906755,10177.687791067292,10338.045872316798,10521.246442895603,10028.140868507904,10399.520787940372
2026-03-26 10:35:00+00:00,10408.935947286453,10310.342176695425,10177.687791067292,10347.461031662879,10530.647664573804,10028.140868507904,10408.935947286453
2026-03-26 10:40:00+00:00,10398.935947286453,10310.342176695425,10177.687791067292,10347.461031662879,10530.647664573804,10028.140868507904,10398.935947286453
2026-03-26 10:45:00+00:00,10408.325901915765,10319.732131324738,10177.687791067292,10356.850986292191,10540.034996529826,10028.140868507904,10408.325901915765
2026-03-26 10:50:00+00:00,10417.739990638896,10329.14622946768,10177.687791067292,10366.26507501532,10549.419604925179,10028.140868507904,10417.739990638896
2026-03-26 10:55:00+00:00,10407.739990638896,10319.14622946768,10177.687791067292,10356.26507501532,10539.419604925179,10028.140868507904,10407.739990638896
2026-03-26 11:00:00+00:00,10417.121934787912,10328.528173616698,10187.031349440507,10365.608633388536,10548.798164562593,10028.140868507904,10417.121934787912
2026-03-26 11:05:00+00:00,10426.50662102675,10337.912859855536,10196.42407164532,10375.00135559335,10558.179726998847,10028.140868507904,10426.50662102675
2026-03-26 11:10:00+00:00,10435.899112652864,10347.305351481647,10196.42407164532,10384.39384721946,10567.569837377656,10028.140868507904,10435.899112652864
2026-03-26 11:15:00+00:00,10445.300207875958,10347.305351481647,10196.42407164532,10384.39384721946,10576.969370606948,10028.140868507904,10445.300207875958
2026-03-26 11:20:00+00:00,10454.701117596695,10356.706261202384,10196.42407164532,10393.794756940199,10586.36870066152,10028.140868507904,10454.701117596695
2026-03-26 11:25:00+00:00,10444.701117596695,10356.706261202384,10196.42407164532,10393.794756940199,10595.770026070122,10037.542193916508,10444.701117596695
2026-03-26 11:30:00+00:00,10454.088339885435,10366.093483491124,10205.799254202475,10403.169939497353,10605.154365747943,10037.542193916508,10454.088339885435
2026-03-26 11:35:00+00:00,10463.481617492933,10375.486761098622,10215.177155883955,10412.547841178834,10614.545336917881,10037.542193916508,10463.481617492933
2026-03-26 11:40:00+00:00,10472.890379889126,10384.895547721375,10215.177155883955,10421.956603575025,10623.948431026842,10037.542193916508,10472.890379889126
2026-03-26 11:45:00+00:00,10462.890379889126,10374.895547721375,10215.177155883955,10411.956603575025,10633.327194010542,10037.542193916508,10462.890379889126
2026-03-26 11:50:00+00:00,10472.299703889406,10384.304894387387,10215.177155883955,10421.365927575307,10642.715116803955,10037.542193916508,10472.299703889406
2026-03-26 11:55:00+00:00,10481.681817227061,10393.687007725042,10224.554495266464,10430.743266957816,10652.093861713562,10037.542193916508,10481.681817227061
2026-03-26 12:00:00+00:00,10491.058348028655,10403.063538526636,10233.915059370902,10440.103831062253,10661.466493558384,10037.542193916508,10491.058348028655
2026-03-26 12:05:00+00:00,10500.442492074915,10412.447682572896,10243.275686560874,10449.464458252225,10670.847462245709,10037.542193916508,10500.442492074915
2026-03-26 12:10:00+00:00,10509.850308861898,10421.855526214309,10243.275686560874,10458.872275039208,10670.847462245709,10037.542193916508,10509.850308861898
2026-03-26 12:15:00+00:00,10519.249033848768,10421.855526214309,10243.275686560874,10458.872275039208,10680.246265448786,10037.542193916508,10519.249033848768
2026-03-26 12:20:00+00:00,10509.249033848768,10431.27189644494,10243.275686560874,10458.872275039208,10680.246265448786,10037.542193916508,10509.249033848768
2026-03-26 12:25:00+00:00,10518.658293342303,10440.68117878349,10243.275686560874,10468.281534532744,10689.639008251597,10037.542193916508,10518.658293342303
2026-03-26 12:30:00+00:00,10508.658293342303,10440.68117878349,10243.275686560874,10468.281534532744,10699.003349623445,10037.542193916508,10508.658293342303
2026-03-26 12:35:00+00:00,10518.046628477307,10450.069513918495,10252.645283085134,10477.651131057004,10708.38890800697,10037.542193916508,10518.046628477307
2026-03-26 12:40:00+00:00,10527.446212494628,10459.469097935817,10262.015757126064,10487.021605097936,10717.786786072342,10037.542193916508,10527.446212494628
2026-03-26 12:45:00+00:00,10517.446212494628,10449.469097935817,10262.015757126064,10477.021605097936,10717.786786072342,10037.542193916508,10517.446212494628
2026-03-26 12:50:00+00:00,10526.858206451287,10449.469097935817,10262.015757126064,10477.021605097936,10727.183567874596,10037.542193916508,10526.858206451287
2026-03-26 12:55:00+00:00,10536.26317993483,10458.874106173847,10262.015757126064,10486.426578581479,10736.58738698883,10037.542193916508,10536.26317993483
2026-03-26 13:00:00+00:00,10545.669458245953,10468.280384484971,10262.015757126064,10495.832856892603,10736.58738698883,10037.542193916508,10545.669458245953
2026-03-26 13:05:00+00:00,10555.07330501241,10477.684269135838,10262.015757126064,10505.23670365906,10745.989975432725,10037.542193916508,10555.07330501241
2026-03-26 13:10:00+00:00,10564.479080301859,10477.684269135838,10262.015757126064,10505.23670365906,10755.394634709823,10037.542193916508,10564.479080301859
2026-03-26 13:15:00+00:00,10554.479080301859,10467.684269135838,10262.015757126064,10495.23670365906,10745.394634709823,10037.542193916508,10554.479080301859
2026-03-26 13:20:00+00:00,10544.479080301859,10457.684269135838,10262.015757126064,10485.23670365906,10745.394634709823,10037.542193916508,10544.479080301859
2026-03-26 13:25:00+00:00,10553.88021531845,10467.085404152429,10262.015757126064,10494.637838675651,10754.794211523691,10037.542193916508,10553.88021531845
2026-03-26 13:30:00+00:00,10563.249405205068,10467.085404152429,10271.385148124638,10504.00702856227,10764.163602522263,10037.542193916508,10563.249405205068
2026-03-26 13:35:00+00:00,10572.612266835358,10467.085404152429,10280.749522732493,10513.371403170124,10773.521267586317,10037.542193916508,10572.612266835358
2026-03-26 13:40:00+00:00,10582.006917971628,10476.480118704176,10290.11663148144,10522.738511919073,10782.913812486151,10037.542193916508,10582.006917971628
2026-03-26 13:45:00+00:00,10591.401631586326,10476.480118704176,10299.50895815913,10532.13083859676,10792.306356359728,10037.542193916508,10591.401631586326
2026-03-26 13:50:00+00:00,10600.722970428693,10485.801457546542,10308.815467031145,10541.437347468776,10801.618569292323,10037.542193916508,10600.722970428693
2026-03-26 13:55:00+00:00,10610.081146209506,10495.159633327356,10318.138393403673,10550.760273841304,10810.971104145838,10037.542193916508,10610.081146209506
2026-03-26 14:00:00+00:00,10600.081146209506,10485.159633327356,10318.138393403673,10540.760273841304,10800.971104145838,10037.542193916508,10600.081146209506
2026-03-26 14:05:00+00:00,10609.456545024212,10485.159633327356,10327.513967526053,10550.135672656008,10810.346678268217,10046.917768038888,10609.456545024212
2026-03-26 14:10:00+00:00,10618.868286083345,10485.159633327356,10327.513967526053,10550.135672656008,10819.731024603616,10046.917768038888,10618.868286083345
2026-03-26 14:15:00+00:00,10628.267832393241,10494.559179637254,10336.878021278057,10559.499726408012,10829.12886136985,10046.917768038888,10628.267832393241
2026-03-26 14:20:00+00:00,10637.650147853883,10503.941592724548,10346.231593893022,10568.853299022978,10838.50793452492,10046.917768038888,10637.650147853883
2026-03-26 14:25:00+00:00,10647.01189339661,10513.303338267273,10355.59634397172,10578.218049101675,10847.864377640815,10046.917768038888,10647.01189339661
2026-03-26 14:30:00+00:00,10656.420588171173,10522.712033041837,10355.59634397172,10587.626743876239,10857.22281758181,10046.917768038888,10656.420588171173
2026-03-26 14:35:00+00:00,10665.816585767556,10522.712033041837,10355.59634397172,10587.626743876239,10866.616767680734,10046.917768038888,10665.816585767556
2026-03-26 14:40:00+00:00,10675.220208428924,10532.115694210113,10355.59634397172,10597.030366537607,10876.019111344716,10046.917768038888,10675.220208428924
2026-03-26 14:45:00+00:00,10684.62151717654,10532.115694210113,10355.59634397172,10597.030366537607,10885.418878440958,10046.917768038888,10684.62151717654
2026-03-26 14:50:00+00:00,10694.009428155166,10541.503687302451,10364.934043671386,10606.368066237272,10894.804062243606,10046.917768038888,10694.009428155166
2026-03-26 14:55:00+00:00,10703.355627390436,10541.503687302451,10374.28053942324,10615.714265472543,10904.15055799546,10046.917768038888,10703.355627390436
2026-03-26 15:00:00+00:00,10712.760449613437,10541.503687302451,10374.28053942324,10615.714265472543,10913.554173365612,10046.917768038888,10712.760449613437
2026-03-26 15:05:00+00:00,10722.13534348154,10550.878581170551,10383.59655250031,10625.030278549611,10922.925012777016,10046.917768038888,10722.13534348154
2026-03-26 15:10:00+00:00,10731.503088468684,10560.246326157696,10392.962044432119,10634.395770481422,10932.288024541349,10046.917768038888,10731.503088468684
2026-03-26 15:15:00+00:00,10740.85697504867,10569.600212737683,10402.317146113295,10643.750872162596,10941.635863655545,10046.917768038888,10740.85697504867
2026-03-26 15:20:00+00:00,10730.85697504867,10559.600212737683,10402.317146113295,10633.750872162596,10931.635863655545,10046.917768038888,10730.85697504867
2026-03-26 15:25:00+00:00,10740.240188100257,10568.983425789269,10411.68590618576,10643.119632235062,10941.015812828584,10046.917768038888,10740.240188100257
2026-03-26 15:30:00+00:00,10730.240188100257,10558.983425789269,10411.68590618576,10633.119632235062,10931.015812828584,10056.318092620457,10730.240188100257
2026-03-26 15:35:00+00:00,10739.622355548132,10568.365593237144,10421.061621973186,10642.495348022487,10940.394616992351,10056.318092620457,10739.622355548132
2026-03-26 15:40:00+00:00,10749.005392161644,10568.365593237144,10430.431521794504,10651.865247843805,10949.774372952517,10056.318092620457,10749.005392161644
2026-03-26 15:45:00+00:00,10758.376814602683,10568.365593237144,10439.80160590183,10661.235331951131,10959.141411265658,10056.318092620457,10758.376814602683
2026-03-26 15:50:00+00:00,10767.737703525274,10577.726482159733,10449.146473944824,10670.580199994127,10968.496916520373,10056.318092620457,10767.737703525274
2026-03-26 15:55:00+00:00,10777.13609164752,10587.124870281981,10458.50707057985,10679.940796629153,10977.893484786619,10056.318092620457,10777.13609164752
2026-03-26 16:00:00+00:00,10767.13609164752,10577.124870281981,10467.883574628439,10669.940796629153,10987.269988835205,10056.318092620457,10767.13609164752
2026-03-26 16:10:00+00:00,10776.540052860826,10586.528869061789,10467.883574628439,10679.344757842458,10996.672702284448,10056.318092620457,10776.540052860826
2026-03-26 16:15:00+00:00,10766.540052860826,10586.528869061789,10467.883574628439,10679.344757842458,10986.672702284448,10056.318092620457,10766.540052860826
2026-03-26 16:20:00+00:00,10756.540052860826,10576.528869061789,10467.883574628439,10669.344757842458,10976.672702284448,10056.318092620457,10756.540052860826
2026-03-26 16:25:00+00:00,10765.950506764873,10576.528869061789,10477.246061864455,10678.707245078474,10986.035189520466,10056.318092620457,10765.950506764873
2026-03-26 16:30:00+00:00,10775.353418920951,10576.528869061789,10477.246061864455,10678.707245078474,10995.438162439606,10056.318092620457,10775.353418920951
2026-03-26 16:35:00+00:00,10784.740897591331,10585.916347732167,10486.607535163963,10688.068718377981,11004.82278288617,10056.318092620457,10784.740897591331
2026-03-26 16:40:00+00:00,10794.145907273452,10585.916347732167,10486.607535163963,10688.068718377981,11014.226603582134,10056.318092620457,10794.145907273452
2026-03-26 16:45:00+00:00,10784.145907273452,10585.916347732167,10486.607535163963,10688.068718377981,11014.226603582134,10056.318092620457,10784.145907273452
2026-03-26 16:50:00+00:00,10793.548169406622,10595.318609865339,10495.978918113236,10697.440101327256,11023.627414898736,10056.318092620457,10793.548169406622
2026-03-26 16:55:00+00:00,10802.955972130067,10604.726439482292,10495.978918113236,10706.847904050699,11033.026613111448,10056.318092620457,10802.955972130067
2026-03-26 17:00:00+00:00,10812.361179350486,10604.726439482292,10495.978918113236,10706.847904050699,11042.430650173452,10056.318092620457,10812.361179350486
2026-03-26 17:05:00+00:00,10821.750071077307,10604.726439482292,10495.978918113236,10706.847904050699,11051.816818099574,10056.318092620457,10821.750071077307
2026-03-26 17:10:00+00:00,10811.750071077307,10594.726439482292,10495.978918113236,10696.847904050699,11041.816818099574,10056.318092620457,10811.750071077307
2026-03-26 17:15:00+00:00,10821.145713736501,10604.122082141486,10495.978918113236,10706.243546709895,11051.210379467133,10056.318092620457,10821.145713736501
2026-03-26 17:20:00+00:00,10830.549735208826,10613.526141012928,10495.978918113236,10715.64756818222,11060.613158734755,10056.318092620457,10830.549735208826
2026-03-26 17:25:00+00:00,10839.962253982534,10613.526141012928,10495.978918113236,10715.64756818222,11070.000671782647,10056.318092620457,10839.962253982534
2026-03-26 17:30:00+00:00,10849.373914008613,10622.937817211401,10495.978918113236,10725.059228208298,11079.394692158616,10056.318092620457,10849.373914008613
2026-03-26 17:35:00+00:00,10858.757202422123,10632.321105624911,10505.34878469136,10734.429094786423,11088.774723858694,10056.318092620457,10858.757202422123
2026-03-26 17:40:00+00:00,10868.165903630721,10641.729831230119,10505.34878469136,10743.83779599502,11088.774723858694,10056.318092620457,10868.165903630721
2026-03-26 17:45:00+00:00,10877.54940043676,10651.113328036157,10514.693733247328,10753.182744550988,11098.154983764762,10056.318092620457,10877.54940043676
2026-03-26 17:50:00+00:00,10886.94238581058,10660.506381447747,10514.693733247328,10762.575729924809,11107.545709399134,10065.711146032047,10886.94238581058
2026-03-26 17:55:00+00:00,10896.282659591203,10669.84665522837,10523.975175587213,10771.857172264694,11116.878646786156,10065.711146032047,10896.282659591203
2026-03-26 18:00:00+00:00,10905.695582030141,10669.84665522837,10533.280723931104,10781.162720608585,11126.184195130047,10065.711146032047,10905.695582030141
2026-03-26 18:05:00+00:00,10915.110342664377,10669.84665522837,10533.280723931104,10781.162720608585,11126.184195130047,10065.711146032047,10915.110342664377
2026-03-26 18:10:00+00:00,10924.508410845876,10679.244723409869,10533.280723931104,10790.560788790084,11135.580412985126,10065.711146032047,10924.508410845876
2026-03-26 18:15:00+00:00,10933.905115620819,10688.641485900593,10533.280723931104,10799.957493565027,11144.975200809911,10075.10790852277,10933.905115620819
2026-03-26 18:20:00+00:00,10943.287585472526,10688.641485900593,10542.642106280331,10809.318875914254,11154.354336125834,10075.10790852277,10943.287585472526
2026-03-26 18:25:00+00:00,10952.672048006987,10688.641485900593,10552.01641534781,10818.693184981734,11163.735653585582,10075.10790852277,10952.672048006987
2026-03-26 18:30:00+00:00,10942.672048006987,10688.641485900593,10552.01641534781,10818.693184981734,11163.735653585582,10075.10790852277,10942.672048006987
2026-03-26 18:35:00+00:00,10952.083405693087,10688.641485900593,10552.01641534781,10818.693184981734,11173.119403150551,10075.10790852277,10952.083405693087
2026-03-26 18:40:00+00:00,10942.083405693087,10678.641485900593,10552.01641534781,10808.693184981734,11173.119403150551,10075.10790852277,10942.083405693087
2026-03-26 18:45:00+00:00,10951.471943005696,10688.0300232132,10552.01641534781,10818.081722294342,11182.50518294525,10075.10790852277,10951.471943005696
2026-03-26 18:50:00+00:00,10960.881007592609,10697.439111186826,10552.01641534781,10827.490786881255,11191.902244051487,10075.10790852277,10960.881007592609
2026-03-26 18:55:00+00:00,10950.881007592609,10697.439111186826,10552.01641534781,10827.490786881255,11191.902244051487,10075.10790852277,10950.881007592609
2026-03-26 19:00:00+00:00,10960.289137091082,10706.8472406853,10552.01641534781,10836.898916379729,11201.284339984088,10075.10790852277,10960.289137091082
2026-03-26 19:05:00+00:00,10950.289137091082,10706.8472406853,10552.01641534781,10836.898916379729,11210.648745091841,10075.10790852277,10950.289137091082
2026-03-26 19:10:00+00:00,10940.289137091082,10706.8472406853,10552.01641534781,10836.898916379729,11220.048382643115,10075.10790852277,10940.289137091082
2026-03-26 19:15:00+00:00,10930.289137091082,10706.8472406853,10552.01641534781,10836.898916379729,11220.048382643115,10075.10790852277,10930.289137091082
2026-03-26 19:20:00+00:00,10939.680447599405,10716.238551193625,10552.01641534781,10846.290226888052,11229.437199497825,10075.10790852277,10939.680447599405
2026-03-26 19:25:00+00:00,10949.083765280362,10725.641908228616,10552.01641534781,10855.693544569009,11238.839210046252,10075.10790852277,10949.083765280362
2026-03-26 19:30:00+00:00,10958.477727484054,10725.641908228616,10552.01641534781,10855.693544569009,11248.23093097771,10075.10790852277,10958.477727484054
2026-03-26 19:35:00+00:00,10967.839270453032,10735.003451197592,10561.365024680488,10865.042153901686,11257.587152307236,10075.10790852277,10967.839270453032
2026-03-26 19:40:00+00:00,10977.248953212584,10744.413155625753,10561.365024680488,10874.45183666124,11257.587152307236,10075.10790852277,10977.248953212584
2026-03-26 19:45:00+00:00,10986.64418634802,10753.808450561497,10561.365024680488,10883.847069796673,11266.980332845318,10075.10790852277,10986.64418634802
2026-03-26 19:50:00+00:00,10996.055062220752,10753.808450561497,10570.742190398865,10893.22423551505,11276.357498563695,10075.10790852277,10996.055062220752
2026-03-26 19:55:00+00:00,10986.055062220752,10743.808450561497,10570.742190398865,10883.22423551505,11285.703867096032,10075.10790852277,10986.055062220752
2026-03-26 20:00:00+00:00,10995.454950015406,10753.20833835615,10580.099388502036,10892.581433618221,11295.102077874724,10075.10790852277,10995.454950015406
2026-03-26 20:05:00+00:00,11004.870151179543,10753.20833835615,10580.099388502036,10892.581433618221,11304.484990820203,10075.10790852277,11004.870151179543
2026-03-26 20:10:00+00:00,11014.014687803434,10753.20833835615,10589.0795931437,10901.561638259886,11313.60388065014,10075.10790852277,11014.014687803434
2026-03-26 20:15:00+00:00,11004.014687803434,10753.20833835615,10589.0795931437,10901.561638259886,11303.60388065014,10075.10790852277,11004.014687803434
2026-03-26 20:20:00+00:00,11013.397439370918,10762.591089923635,10598.368507364747,10910.850552480932,11312.983324464321,10075.10790852277,11013.397439370918
2026-03-26 20:25:00+00:00,11022.797603472967,10762.591089923635,10607.739580657366,10920.22162577355,11322.381837870644,10075.10790852277,11022.797603472967
2026-03-26 20:30:00+00:00,11012.797603472967,10762.591089923635,10607.739580657366,10920.22162577355,11331.751157615025,10075.10790852277,11012.797603472967
2026-03-26 20:35:00+00:00,11022.204678488366,10771.99819385468,10607.739580657366,10929.62870078895,11331.751157615025,10075.10790852277,11022.204678488366
2026-03-26 20:40:00+00:00,11031.617938633528,10771.99819385468,10607.739580657366,10929.62870078895,11331.751157615025,10075.10790852277,11031.617938633528
2026-03-26 20:45:00+00:00,11021.617938633528,10761.99819385468,10607.739580657366,10919.62870078895,11321.751157615025,10075.10790852277,11021.617938633528
2026-03-26 20:50:00+00:00,11031.015282513503,10771.395593676412,10617.073705213334,10928.962825344917,11331.146643460861,10075.10790852277,11031.015282513503
2026-03-26 20:55:00+00:00,11021.015282513503,10771.395593676412,10617.073705213334,10928.962825344917,11340.539429921384,10075.10790852277,11021.015282513503
2026-03-26 21:00:00+00:00,11030.42611856603,10780.806429728938,10617.073705213334,10938.373661397445,11349.937232760954,10075.10790852277,11030.42611856603
2026-03-26 21:05:00+00:00,11020.42611856603,10780.806429728938,10617.073705213334,10938.373661397445,11349.937232760954,10075.10790852277,11020.42611856603
2026-03-26 21:10:00+00:00,11029.832269322835,10790.212611969482,10626.44196318723,10947.741919371341,11359.30549073485,10075.10790852277,11029.832269322835
2026-03-26 21:15:00+00:00,11039.247791875767,10790.212611969482,10626.44196318723,10947.741919371341,11359.30549073485,10075.10790852277,11039.247791875767
2026-03-26 21:20:00+00:00,11048.638359197223,10799.603179290938,10635.775454886834,10957.075411070944,11368.693493681736,10075.10790852277,11048.638359197223
2026-03-26 21:25:00+00:00,11038.638359197223,10799.603179290938,10635.775454886834,10957.075411070944,11368.693493681736,10075.10790852277,11038.638359197223
2026-03-26 21:30:00+00:00,11048.009195665745,10808.97401575946,10645.132216015136,10966.432172199247,11378.059890387121,10075.10790852277,11048.009195665745
2026-03-26 21:35:00+00:00,11057.398463063746,10818.36328315746,10645.132216015136,10975.821439597246,11387.446469725399,10075.10790852277,11057.398463063746
2026-03-26 21:40:00+00:00,11066.807404290807,10818.36328315746,10645.132216015136,10975.821439597246,11377.446469725399,10065.10790852277,11066.807404290807
2026-03-26 21:45:00+00:00,11076.211932321496,10827.767811188149,10645.132216015136,10985.225967627935,11386.849762864593,10065.10790852277,11076.211932321496
2026-03-26 21:50:00+00:00,11085.602464634849,10837.158343501504,10654.506426366712,10994.600177979511,11396.237727472184,10065.10790852277,11085.602464634849
2026-03-26 21:55:00+00:00,11094.99885475016,10846.554733616813,10654.506426366712,11003.996568094823,11405.632107464018,10065.10790852277,11094.99885475016
2026-03-26 22:00:00+00:00,11104.401912768508,10855.957831710428,10654.506426366712,11013.399626113172,11415.03383439613,10065.10790852277,11104.401912768508
2026-03-26 22:05:00+00:00,11113.809418263101,10865.365364924482,10663.875343095642,11022.768542842101,11424.40275112506,10065.10790852277,11113.809418263101
2026-03-26 22:10:00+00:00,11123.198717284808,10874.754663946187,10663.875343095642,11032.157841863807,11433.78936509576,10065.10790852277,11123.198717284808
2026-03-26 22:15:00+00:00,11132.612787378692,10874.754663946187,10663.875343095642,11032.157841863807,11433.78936509576,10065.10790852277,11132.612787378692
2026-03-26 22:20:00+00:00,11122.612787378692,10874.754663946187,10663.875343095642,11032.157841863807,11443.07378565451,10065.10790852277,11122.612787378692
2026-03-26 22:25:00+00:00,11131.994181121001,10884.136157869649,10673.264500562995,11041.54699933116,11452.45185226814,10074.489402446232,11131.994181121001
2026-03-26 22:30:00+00:00,11121.994181121001,10874.136157869649,10673.264500562995,11031.54699933116,11442.45185226814,10074.489402446232,11121.994181121001
2026-03-26 22:35:00+00:00,11111.994181121001,10864.136157869649,10673.264500562995,11021.54699933116,11442.45185226814,10074.489402446232,11111.994181121001
2026-03-26 22:40:00+00:00,11101.994181121001,10854.136157869649,10673.264500562995,11011.54699933116,11442.45185226814,10074.489402446232,11101.994181121001
2026-03-26 22:45:00+00:00,11091.994181121001,10844.136157869649,10673.264500562995,11001.54699933116,11442.45185226814,10074.489402446232,11091.994181121001
2026-03-26 22:50:00+00:00,11101.393378319513,10853.535355068163,10673.264500562995,11010.946196529674,11451.849306670127,10074.489402446232,11101.393378319513
2026-03-26 22:55:00+00:00,11110.793186852805,10862.935163601454,10673.264500562995,11020.346005062966,11461.247430637402,10074.489402446232,11110.793186852805
2026-03-26 23:00:00+00:00,11120.206594317104,10862.935163601454,10673.264500562995,11020.346005062966,11461.247430637402,10074.489402446232,11120.206594317104
2026-03-26 23:05:00+00:00,11129.59959529853,10872.328164582881,10682.622867665288,11029.704372165259,11470.638098851225,10074.489402446232,11129.59959529853
2026-03-26 23:10:00+00:00,11138.98669903667,10881.744404149234,10682.622867665288,11039.091475903399,11480.025329206372,10074.489402446232,11138.98669903667
2026-03-26 23:15:00+00:00,11148.394465157711,10891.152197265497,10682.622867665288,11048.499242024438,11489.424594561504,10074.489402446232,11148.394465157711
2026-03-26 23:20:00+00:00,11157.800203169256,10900.557967907533,10691.992677827418,11057.869052186568,11498.8292487482,10074.489402446232,11157.800203169256
2026-03-26 23:25:00+00:00,11147.800203169256,10890.557967907533,10691.992677827418,11047.869052186568,11508.204929113208,10074.489402446232,11147.800203169256
2026-03-26 23:30:00+00:00,11137.800203169256,10890.557967907533,10691.992677827418,11047.869052186568,11508.204929113208,10074.489402446232,11137.800203169256
2026-03-26 23:35:00+00:00,11127.800203169256,10880.557967907533,10691.992677827418,11037.869052186568,11498.204929113208,10074.489402446232,11127.800203169256
2026-03-26 23:40:00+00:00,11117.800203169256,10870.557967907533,10691.992677827418,11027.869052186568,11498.204929113208,10074.489402446232,11117.800203169256
2026-03-26 23:45:00+00:00,11127.211349021707,10870.557967907533,10691.992677827418,11027.869052186568,11507.606356263077,10074.489402446232,11127.211349021707
2026-03-26 23:50:00+00:00,11136.609371867116,10879.95599075294,10691.992677827418,11037.267075031978,11517.002524464451,10074.489402446232,11136.609371867116
2026-03-26 23:55:00+00:00,11146.014694109721,10889.361312995547,10691.992677827418,11046.672397274582,11526.406687511813,10074.489402446232,11146.014694109721
2026-03-27 00:00:00+00:00,11155.419483315329,10898.766137467574,10691.992677827418,11056.07718648019,11535.810305345343,10074.489402446232,11155.419483315329
2026-03-27 00:05:00+00:00,11164.806832031558,10898.766137467574,10701.340416868974,11065.424925521746,11545.194783476389,10074.489402446232,11164.806832031558
2026-03-27 00:10:00+00:00,11174.216378734889,10908.175706217668,10701.340416868974,11074.834472225077,11545.194783476389,10074.489402446232,11174.216378734889
2026-03-27 00:15:00+00:00,11164.216378734889,10898.175706217668,10701.340416868974,11064.834472225077,11545.194783476389,10074.489402446232,11164.216378734889
2026-03-27 00:20:00+00:00,11173.571992001534,10907.531491016136,10710.677753334392,11074.171808690495,11554.544700701219,10074.489402446232,11173.571992001534
2026-03-27 00:25:00+00:00,11182.98415218804,10916.943665984563,10710.677753334392,11083.583968877001,11563.940139944722,10074.489402446232,11182.98415218804
2026-03-27 00:30:00+00:00,11192.391410128252,10926.350952332128,10710.677753334392,11092.991226817212,11563.940139944722,10074.489402446232,11192.391410128252
2026-03-27 00:35:00+00:00,11201.757477978574,10935.71702018245,10720.052048542999,11102.365522025819,11573.301315412808,10074.489402446232,11201.757477978574
2026-03-27 00:40:00+00:00,11211.154771107816,10935.71702018245,10720.052048542999,11102.365522025819,11582.698692724865,10074.489402446232,11211.154771107816
2026-03-27 00:45:00+00:00,11201.154771107816,10925.71702018245,10720.052048542999,11092.365522025819,11582.698692724865,10074.489402446232,11201.154771107816
2026-03-27 00:50:00+00:00,11210.530239085663,10935.092488160299,10729.413724953365,11101.727198436183,11592.070160780077,10074.489402446232,11210.530239085663
2026-03-27 00:55:00+00:00,11200.530239085663,10935.092488160299,10729.413724953365,11101.727198436183,11592.070160780077,10074.489402446232,11200.530239085663
2026-03-27 01:00:00+00:00,11209.938538154698,10935.092488160299,10729.413724953365,11101.727198436183,11601.453086044352,10074.489402446232,11209.938538154698
2026-03-27 01:05:00+00:00,11199.938538154698,10925.092488160299,10729.413724953365,11091.727198436183,11591.453086044352,10074.489402446232,11199.938538154698
2026-03-27 01:10:00+00:00,11209.35373741845,10934.50769375563,10729.413724953365,11101.142397699936,11591.453086044352,10074.489402446232,11209.35373741845
2026-03-27 01:15:00+00:00,11218.740717476701,10943.89467381388,10729.413724953365,11110.529377758186,11600.837160451294,10074.489402446232,11218.740717476701
2026-03-27 01:20:00+00:00,11228.14242092646,10953.29642110099,10729.413724953365,11119.931081207946,11610.23740786812,10074.489402446232,11228.14242092646
2026-03-27 01:25:00+00:00,11237.55800396598,10962.71200940479,10729.413724953365,11129.346664247467,11610.23740786812,10074.489402446232,11237.55800396598
2026-03-27 01:30:00+00:00,11227.55800396598,10962.71200940479,10729.413724953365,11129.346664247467,11610.23740786812,10074.489402446232,11227.55800396598
2026-03-27 01:35:00+00:00,11236.967034155969,10972.121063077087,10729.413724953365,11138.755694437456,11610.23740786812,10074.489402446232,11236.967034155969
2026-03-27 01:40:00+00:00,11246.371718925408,10981.52578340307,10729.413724953365,11148.160379206893,11619.640911629629,10074.489402446232,11246.371718925408
2026-03-27 01:45:00+00:00,11255.787122262933,10981.52578340307,10729.413724953365,11148.160379206893,11629.030677143308,10074.489402446232,11255.787122262933
2026-03-27 01:50:00+00:00,11265.191724541757,10990.930421467598,10729.413724953365,11157.564981485717,11638.434090803245,10074.489402446232,11265.191724541757
2026-03-27 01:55:00+00:00,11274.600399773912,10990.930421467598,10729.413724953365,11157.564981485717,11647.829586911255,10074.489402446232,11274.600399773912
2026-03-27 02:00:00+00:00,11284.010531364383,11000.340573479156,10729.413724953365,11166.975113076187,11657.227019480875,10074.489402446232,11284.010531364383
2026-03-27 02:05:00+00:00,11293.423626512102,11000.340573479156,10729.413724953365,11166.975113076187,11666.592852759752,10074.489402446232,11293.423626512102
2026-03-27 02:10:00+00:00,11302.818262001143,11009.735208968197,10738.791314322898,11176.352702445722,11675.98531107016,10074.489402446232,11302.818262001143
2026-03-27 02:15:00+00:00,11312.215264086011,11019.132211053065,10738.791314322898,11185.74970453059,11685.380361304004,10074.489402446232,11312.215264086011
2026-03-27 02:20:00+00:00,11321.615964391627,11028.532911358681,10738.791314322898,11195.150404836206,11694.779461993423,10074.489402446232,11321.615964391627
2026-03-27 02:25:00+00:00,11311.615964391627,11028.532911358681,10738.791314322898,11195.150404836206,11704.172695937088,10074.489402446232,11311.615964391627
2026-03-27 02:30:00+00:00,11301.615964391627,11018.532911358681,10738.791314322898,11185.150404836206,11694.172695937088,10074.489402446232,11301.615964391627
2026-03-27 02:35:00+00:00,11311.019823557504,11027.936770524559,10738.791314322898,11194.554264002083,11703.57525646731,10074.489402446232,11311.019823557504
2026-03-27 02:40:00+00:00,11320.432764232533,11027.936770524559,10738.791314322898,11194.554264002083,11703.57525646731,10074.489402446232,11320.432764232533
2026-03-27 02:45:00+00:00,11310.432764232533,11017.936770524559,10738.791314322898,11184.554264002083,11703.57525646731,10074.489402446232,11310.432764232533
2026-03-27 02:50:00+00:00,11319.842610800053,11017.936770524559,10738.791314322898,11184.554264002083,11703.57525646731,10074.489402446232,11319.842610800053
2026-03-27 02:55:00+00:00,11329.243831597225,11027.33799132173,10738.791314322898,11193.955484799253,11712.974927234032,10074.489402446232,11329.243831597225
2026-03-27 03:00:00+00:00,11338.650522499012,11036.744682223518,10738.791314322898,11203.362175701042,11722.378316731845,10074.489402446232,11338.650522499012
2026-03-27 03:05:00+00:00,11348.027520568969,11046.121680293474,10748.13028385395,11212.701145232095,11731.751460238334,10074.489402446232,11348.027520568969
2026-03-27 03:10:00+00:00,11357.4226667172,11055.516888483431,10748.13028385395,11222.096291380327,11741.144545771946,10074.489402446232,11357.4226667172
2026-03-27 03:15:00+00:00,11366.819538622407,11064.913760388637,10748.13028385395,11231.493163285535,11750.539453429928,10074.489402446232,11366.819538622407
2026-03-27 03:20:00+00:00,11376.226222310936,11074.320474080161,10757.500150723765,11240.86303015535,11759.909320299745,10074.489402446232,11376.226222310936
2026-03-27 03:25:00+00:00,11385.625217902116,11083.719469671341,10757.500150723765,11250.262025746531,11769.306553891895,10074.489402446232,11385.625217902116
2026-03-27 03:30:00+00:00,11395.03094807774,11093.125199846965,10757.500150723765,11259.667755922153,11778.71116375497,10074.489402446232,11395.03094807774
2026-03-27 03:35:00+00:00,11404.440880802431,11093.125199846965,10757.500150723765,11259.667755922153,11778.71116375497,10074.489402446232,11404.440880802431
2026-03-27 03:40:00+00:00,11394.440880802431,11093.125199846965,10757.500150723765,11259.667755922153,11778.71116375497,10074.489402446232,11394.440880802431
2026-03-27 03:45:00+00:00,11403.85616598626,11093.125199846965,10757.500150723765,11259.667755922153,11788.108558536685,10074.489402446232,11403.85616598626
2026-03-27 03:50:00+00:00,11413.263638240514,11093.125199846965,10757.500150723765,11259.667755922153,11788.108558536685,10074.489402446232,11413.263638240514
2026-03-27 03:55:00+00:00,11422.677486172544,11093.125199846965,10757.500150723765,11259.667755922153,11788.108558536685,10074.489402446232,11422.677486172544
2026-03-27 04:00:00+00:00,11432.050364678726,11102.498078353148,10766.893228985775,11269.060834184163,11797.477191177331,10074.489402446232,11432.050364678726
2026-03-27 04:05:00+00:00,11441.40514976301,11111.85286343743,10776.168138165704,11278.33574336409,11806.826013941265,10074.489402446232,11441.40514976301
2026-03-27 04:10:00+00:00,11450.805713899328,11121.253474574944,10776.168138165704,11287.73630750041,11816.225016968083,10074.489402446232,11450.805713899328
2026-03-27 04:15:00+00:00,11460.210345902075,11130.658142280821,10776.168138165704,11297.140939503157,11825.6284630944,10083.890171021387,11460.210345902075
2026-03-27 04:20:00+00:00,11450.210345902075,11130.658142280821,10776.168138165704,11297.140939503157,11815.6284630944,10083.890171021387,11450.210345902075
2026-03-27 04:25:00+00:00,11459.618001972198,11140.065825651984,10776.168138165704,11306.54859557328,11825.022077532225,10083.890171021387,11459.618001972198
2026-03-27 04:30:00+00:00,11449.618001972198,11140.065825651984,10776.168138165704,11306.54859557328,11834.423076269439,10083.890171021387,11449.618001972198
2026-03-27 04:35:00+00:00,11439.618001972198,11149.482301346185,10776.168138165704,11306.54859557328,11834.423076269439,10083.890171021387,11439.618001972198
2026-03-27 04:40:00+00:00,11449.031097828423,11158.895409382923,10776.168138165704,11315.961691429504,11834.423076269439,10083.890171021387,11449.031097828423
2026-03-27 04:45:00+00:00,11439.031097828423,11158.895409382923,10776.168138165704,11315.961691429504,11834.423076269439,10083.890171021387,11439.031097828423
2026-03-27 04:50:00+00:00,11429.031097828423,11148.895409382923,10776.168138165704,11305.961691429504,11834.423076269439,10083.890171021387,11429.031097828423
2026-03-27 04:55:00+00:00,11438.434567287555,11158.29891777451,10776.168138165704,11315.365160888636,11843.825252597804,10083.890171021387,11438.434567287555
2026-03-27 05:00:00+00:00,11447.849080993537,11167.713439718538,10776.168138165704,11324.77967459462,11853.225857250754,10083.890171021387,11447.849080993537
2026-03-27 05:05:00+00:00,11457.240676183606,11177.105034908607,10785.530966885402,11334.142503314319,11862.614985878832,10083.890171021387,11457.240676183606
2026-03-27 05:10:00+00:00,11466.649732801636,11177.105034908607,10785.530966885402,11334.142503314319,11871.982826720157,10083.890171021387,11466.649732801636
2026-03-27 05:15:00+00:00,11476.039871161569,11186.49517326854,10785.530966885402,11343.532641674252,11881.37035988866,10083.890171021387,11476.039871161569
2026-03-27 05:20:00+00:00,11485.454130880753,11186.49517326854,10785.530966885402,11343.532641674252,11890.7653502616,10083.890171021387,11485.454130880753
2026-03-27 05:25:00+00:00,11494.862003316332,11186.49517326854,10785.530966885402,11343.532641674252,11900.161044598524,10083.890171021387,11494.862003316332
2026-03-27 05:30:00+00:00,11504.254327405823,11195.887497358031,10785.530966885402,11352.924965763743,11909.550971495428,10083.890171021387,11504.254327405823
2026-03-27 05:35:00+00:00,11494.254327405823,11185.887497358031,10785.530966885402,11342.924965763743,11899.550971495428,10083.890171021387,11494.254327405823
2026-03-27 05:40:00+00:00,11503.65493683899,11195.288106791199,10785.530966885402,11352.325575196912,11908.94997265554,10083.890171021387,11503.65493683899
2026-03-27 05:45:00+00:00,11493.65493683899,11185.288106791199,10785.530966885402,11342.325575196912,11908.94997265554,10083.890171021387,11493.65493683899
2026-03-27 05:50:00+00:00,11503.064939005479,11194.698129738514,10785.530966885402,11351.735577363399,11908.94997265554,10083.890171021387,11503.064939005479
2026-03-27 05:55:00+00:00,11512.476934695676,11204.11014066795,10785.530966885402,11361.147573053597,11908.94997265554,10083.890171021387,11512.476934695676
2026-03-27 06:00:00+00:00,11521.87951808091,11213.512724053182,10785.530966885402,11370.550156438829,11918.351135834037,10083.890171021387,11521.87951808091
2026-03-27 06:05:00+00:00,11531.255238722735,11222.888444695009,10794.902157280543,11379.92134683397,11927.72288055463,10083.890171021387,11531.255238722735
2026-03-27 06:10:00+00:00,11521.255238722735,11212.888444695009,10794.902157280543,11369.92134683397,11917.72288055463,10083.890171021387,11521.255238722735
2026-03-27 06:15:00+00:00,11530.668885581776,11222.302102202515,10794.902157280543,11379.33499369301,11927.121513185975,10083.890171021387,11530.668885581776
2026-03-27 06:20:00+00:00,11520.668885581776,11212.302102202515,10794.902157280543,11369.33499369301,11936.497321112836,10083.890171021387,11520.668885581776
2026-03-27 06:25:00+00:00,11530.07162079406,11221.704837414798,10794.902157280543,11378.737728905293,11945.898650585295,10083.890171021387,11530.07162079406
2026-03-27 06:30:00+00:00,11520.07162079406,11211.704837414798,10794.902157280543,11368.737728905293,11935.898650585295,10083.890171021387,11520.07162079406
2026-03-27 06:35:00+00:00,11529.477572185546,11221.110820843936,10794.902157280543,11378.14368029678,11945.303537841995,10083.890171021387,11529.477572185546
2026-03-27 06:40:00+00:00,11538.891621446575,11221.110820843936,10794.902157280543,11378.14368029678,11954.700992281654,10083.890171021387,11538.891621446575
2026-03-27 06:45:00+00:00,11528.891621446575,11211.110820843936,10794.902157280543,11368.14368029678,11954.700992281654,10083.890171021387,11528.891621446575
2026-03-27 06:50:00+00:00,11538.305705982664,11220.524905380027,10794.902157280543,11377.55776483287,11954.700992281654,10083.890171021387,11538.305705982664
2026-03-27 06:55:00+00:00,11547.716980497802,11229.936197139252,10794.902157280543,11386.969039348007,11964.083620835352,10083.890171021387,11547.716980497802
2026-03-27 07:00:00+00:00,11557.127096891189,11229.936197139252,10794.902157280543,11386.969039348007,11964.083620835352,10083.890171021387,11557.127096891189
2026-03-27 07:05:00+00:00,11566.520742101882,11239.329842349945,10804.279042465176,11396.34592453264,11973.474994599259,10083.890171021387,11566.520742101882
2026-03-27 07:10:00+00:00,11575.841666133249,11248.650766381312,10813.598709946982,11405.665592014448,11982.786753561124,10083.890171021387,11575.841666133249
2026-03-27 07:15:00+00:00,11585.250948498795,11258.060048746858,10813.598709946982,11415.074874379996,11992.168877725964,10083.890171021387,11585.250948498795
2026-03-27 07:20:00+00:00,11594.646304017297,11267.455404265362,10813.598709946982,11424.470229898498,12001.56212461467,10083.890171021387,11594.646304017297
2026-03-27 07:25:00+00:00,11604.061382715496,11267.455404265362,10813.598709946982,11424.470229898498,12001.56212461467,10083.890171021387,11604.061382715496
2026-03-27 07:30:00+00:00,11613.470103209287,11276.864149102168,10822.948207618834,11433.81972757035,12010.91162228652,10083.890171021387,11613.470103209287
2026-03-27 07:35:00+00:00,11622.868378726642,11286.26247797503,10822.948207618834,11443.218003087704,12020.308125660522,10083.890171021387,11622.868378726642
2026-03-27 07:40:00+00:00,11632.278326582993,11295.672446763163,10822.948207618834,11452.627950944054,12029.709704766394,10083.890171021387,11632.278326582993
2026-03-27 07:45:00+00:00,11622.278326582993,11295.672446763163,10822.948207618834,11452.627950944054,12019.709704766394,10073.890171021387,11622.278326582993
2026-03-27 07:50:00+00:00,11631.675217594558,11305.069337774728,10822.948207618834,11462.024841955621,12029.104633350104,10073.890171021387,11631.675217594558
2026-03-27 07:55:00+00:00,11641.076267537035,11305.069337774728,10822.948207618834,11462.024841955621,12038.504116984968,10073.890171021387,11641.076267537035
2026-03-27 08:00:00+00:00,11650.47801215643,11314.471082394124,10832.319627257826,11471.396261594611,12047.904361479916,10073.890171021387,11650.47801215643
2026-03-27 08:05:00+00:00,11659.889925024054,11314.471082394124,10832.319627257826,11471.396261594611,12057.290780049432,10073.890171021387,11659.889925024054
2026-03-27 08:10:00+00:00,11669.290396396445,11323.871553766516,10832.319627257826,11480.796732967003,12066.689629996737,10073.890171021387,11669.290396396445
2026-03-27 08:15:00+00:00,11678.654908335655,11333.236065705725,10841.656950728437,11490.134056437615,12076.049101925733,10073.890171021387,11678.654908335655
2026-03-27 08:20:00+00:00,11688.052338164289,11342.63349553436,10841.656950728437,11499.53148626625,12085.444620635997,10073.890171021387,11688.052338164289
2026-03-27 08:25:00+00:00,11697.4502024602,11352.03141432737,10851.01392469841,11508.888460236223,12094.840674875551,10073.890171021387,11697.4502024602
2026-03-27 08:30:00+00:00,11687.4502024602,11342.03141432737,10851.01392469841,11498.888460236223,12084.840674875551,10073.890171021387,11687.4502024602
2026-03-27 08:35:00+00:00,11696.785788571706,11351.367000438873,10860.270969630628,11508.14550516844,12094.168481206063,10073.890171021387,11696.785788571706
2026-03-27 08:40:00+00:00,11706.16467135452,11351.367000438873,10869.60477743038,11517.479312968193,12103.543688508413,10073.890171021387,11706.16467135452
2026-03-27 08:45:00+00:00,11696.16467135452,11351.367000438873,10869.60477743038,11517.479312968193,12093.543688508413,10083.288820030279,11696.16467135452
2026-03-27 08:50:00+00:00,11705.541498465656,11360.74382755001,10878.970844997439,11526.845380535251,12102.916644813693,10083.288820030279,11705.541498465656
2026-03-27 08:55:00+00:00,11695.541498465656,11350.74382755001,10878.970844997439,11516.845380535251,12112.306986941614,10083.288820030279,11695.541498465656
2026-03-27 09:00:00+00:00,11704.932137413425,11360.13446649778,10888.334731582552,11526.209267120365,12121.695068330446,10083.288820030279,11704.932137413425
2026-03-27 09:05:00+00:00,11714.333061928472,11360.13446649778,10888.334731582552,11526.209267120365,12131.094414588732,10083.288820030279,11714.333061928472
2026-03-27 09:10:00+00:00,11723.719927622755,11369.521417204387,10897.69249548113,11535.567031018942,12140.478456852214,10083.288820030279,11723.719927622755
2026-03-27 09:15:00+00:00,11713.719927622755,11369.521417204387,10897.69249548113,11535.567031018942,12140.478456852214,10083.288820030279,11713.719927622755
2026-03-27 09:20:00+00:00,11723.127295698012,11369.521417204387,10897.69249548113,11535.567031018942,12140.478456852214,10083.288820030279,11723.127295698012
2026-03-27 09:25:00+00:00,11732.535047930853,11369.521417204387,10897.69249548113,11535.567031018942,12140.478456852214,10083.288820030279,11732.535047930853
2026-03-27 09:30:00+00:00,11741.947449662572,11369.521417204387,10897.69249548113,11535.567031018942,12149.879549312654,10083.288820030279,11741.947449662572
2026-03-27 09:35:00+00:00,11751.33931391876,11378.913281460573,10897.69249548113,11544.958895275127,12159.268972613221,10083.288820030279,11751.33931391876
2026-03-27 09:40:00+00:00,11741.33931391876,11368.913281460573,10897.69249548113,11534.958895275127,12149.268972613221,10083.288820030279,11741.33931391876
2026-03-27 09:45:00+00:00,11750.716030285725,11378.289997827538,10907.080173407288,11544.346573201286,12158.64180765296,10083.288820030279,11750.716030285725
2026-03-27 09:50:00+00:00,11760.10772179754,11387.681689339355,10907.080173407288,11553.738264713103,12168.031041769405,10083.288820030279,11760.10772179754
2026-03-27 09:55:00+00:00,11769.468442255233,11397.042409797046,10916.450852652717,11563.10894395853,12177.386362583104,10083.288820030279,11769.468442255233
2026-03-27 10:00:00+00:00,11778.837280403162,11406.41138289912,10925.819779613425,11572.47787091924,12186.750719029125,10092.65779313235,11778.837280403162
2026-03-27 10:05:00+00:00,11788.230339040247,11415.804441536204,10935.188545776104,11581.846637081919,12196.141450386365,10092.65779313235,11788.230339040247
2026-03-27 10:10:00+00:00,11778.230339040247,11415.804441536204,10935.188545776104,11581.846637081919,12205.526577331955,10092.65779313235,11778.230339040247
2026-03-27 10:15:00+00:00,11787.620742937856,11425.194845433813,10935.188545776104,11591.237040979526,12214.914401304535,10092.65779313235,11787.620742937856
2026-03-27 10:20:00+00:00,11797.029659502132,11434.603761998087,10935.188545776104,11600.645957543802,12214.914401304535,10092.65779313235,11797.029659502132
2026-03-27 10:25:00+00:00,11806.428633122372,11434.603761998087,10935.188545776104,11600.645957543802,12224.311610833103,10092.65779313235,11806.428633122372
2026-03-27 10:30:00+00:00,11815.821416278171,11443.996613752734,10935.188545776104,11610.038740699603,12233.702115616667,10092.65779313235,11815.821416278171
2026-03-27 10:35:00+00:00,11825.141961975947,11453.317159450507,10944.271075622066,11619.121270545565,12243.013460530445,10092.65779313235,11825.141961975947
2026-03-27 10:40:00+00:00,11815.141961975947,11443.317159450507,10934.271075622066,11609.121270545565,12233.013460530445,10082.65779313235,11815.141961975947
2026-03-27 10:45:00+00:00,11805.141961975947,11443.317159450507,10934.271075622066,11609.121270545565,12223.013460530445,10082.65779313235,11805.141961975947
2026-03-27 10:50:00+00:00,11814.553451035004,11443.317159450507,10943.629339957039,11618.479534880538,12232.371724865417,10092.016057467323,11814.553451035004
2026-03-27 10:55:00+00:00,11823.946280944052,11443.317159450507,10952.99189279432,11627.842087717821,12241.762205724126,10092.016057467323,11823.946280944052
2026-03-27 11:00:00+00:00,11833.345421434222,11452.716299940677,10952.99189279432,11637.241228207991,12251.159598016422,10092.016057467323,11833.345421434222
2026-03-27 11:05:00+00:00,11823.345421434222,11452.716299940677,10952.99189279432,11637.241228207991,12241.159598016422,10092.016057467323,11823.345421434222
2026-03-27 11:10:00+00:00,11832.741502734287,11462.112381240742,10962.36570761876,11646.61504303243,12250.553639788797,10092.016057467323,11832.741502734287
2026-03-27 11:15:00+00:00,11822.741502734287,11452.112381240742,10962.36570761876,11636.61504303243,12240.553639788797,10092.016057467323,11822.741502734287
2026-03-27 11:20:00+00:00,11832.147441669866,11452.112381240742,10962.36570761876,11636.61504303243,12249.958478310762,10092.016057467323,11832.147441669866
2026-03-27 11:25:00+00:00,11841.543619199561,11461.50855877044,10962.36570761876,11646.011220562126,12259.352625475278,10092.016057467323,11841.543619199561
2026-03-27 11:30:00+00:00,11850.924792691656,11461.50855877044,10962.36570761876,11646.011220562126,12268.73034119882,10092.016057467323,11850.924792691656
2026-03-27 11:35:00+00:00,11860.327610974651,11470.911377053433,10962.36570761876,11655.414038845121,12278.131761657527,10092.016057467323,11860.327610974651
2026-03-27 11:40:00+00:00,11850.327610974651,11460.911377053433,10962.36570761876,11645.414038845121,12278.131761657527,10092.016057467323,11850.327610974651
2026-03-27 11:45:00+00:00,11859.706606931832,11470.290373010614,10971.723387823786,11654.771719050146,12287.507092889147,10092.016057467323,11859.706606931832
2026-03-27 11:50:00+00:00,11869.078240562489,11479.66200664127,10981.098746852123,11664.147078078484,12296.87436244424,10092.016057467323,11869.078240562489
2026-03-27 11:55:00+00:00,11878.466410686115,11489.050176764897,10981.098746852123,11673.535248202112,12306.259740118847,10092.016057467323,11878.466410686115
2026-03-27 12:00:00+00:00,11887.865254275703,11489.050176764897,10981.098746852123,11673.535248202112,12315.656807231993,10092.016057467323,11887.865254275703
2026-03-27 12:05:00+00:00,11897.224632744745,11498.409555233939,10990.470831152295,11682.907332502284,12325.010658802508,10092.016057467323,11897.224632744745
2026-03-27 12:10:00+00:00,11906.59768793051,11498.409555233939,10999.84396519825,11692.280466548238,12334.379484901112,10092.016057467323,11906.59768793051
2026-03-27 12:15:00+00:00,11916.003510371682,11507.815410071029,10999.84396519825,11701.68628898941,12343.784231308291,10092.016057467323,11916.003510371682
2026-03-27 12:20:00+00:00,11906.003510371682,11497.815410071029,10999.84396519825,11691.68628898941,12343.784231308291,10092.016057467323,11906.003510371682
2026-03-27 12:25:00+00:00,11915.403976756954,11497.815410071029,10999.84396519825,11691.68628898941,12353.183075793393,10092.016057467323,11915.403976756954
2026-03-27 12:30:00+00:00,11905.403976756954,11487.815410071029,10999.84396519825,11681.68628898941,12343.183075793393,10092.016057467323,11905.403976756954
2026-03-27 12:35:00+00:00,11914.748018244356,11497.159451558433,11009.166863557211,11691.00918734837,12352.520137431673,10092.016057467323,11914.748018244356
2026-03-27 12:40:00+00:00,11904.748018244356,11487.159451558433,11009.166863557211,11681.00918734837,12352.520137431673,10092.016057467323,11904.748018244356
2026-03-27 12:45:00+00:00,11914.140527071402,11496.55202974546,11018.498282654396,11690.340606445556,12361.910342609941,10092.016057467323,11914.140527071402
2026-03-27 12:50:00+00:00,11923.535301401127,11496.55202974546,11018.498282654396,11690.340606445556,12371.302952978622,10092.016057467323,11923.535301401127
2026-03-27 12:55:00+00:00,11932.949225349008,11505.96595369334,11018.498282654396,11699.754530393437,12380.698935212415,10092.016057467323,11932.949225349008
2026-03-27 13:00:00+00:00,11942.3590300494,11505.96595369334,11018.498282654396,11699.754530393437,12390.078728461704,10092.016057467323,11942.3590300494
2026-03-27 13:05:00+00:00,11951.759364160964,11515.366335444829,11018.498282654396,11709.154864505002,12399.47748025069,10092.016057467323,11951.759364160964
2026-03-27 13:10:00+00:00,11961.17266247293,11515.366335444829,11018.498282654396,11709.154864505002,12399.47748025069,10092.016057467323,11961.17266247293
2026-03-27 13:15:00+00:00,11951.17266247293,11515.366335444829,11018.498282654396,11709.154864505002,12399.47748025069,10092.016057467323,11951.17266247293
2026-03-27 13:20:00+00:00,11941.17266247293,11505.366335444829,11018.498282654396,11699.154864505002,12389.47748025069,10092.016057467323,11941.17266247293
2026-03-27 13:25:00+00:00,11950.579941002377,11505.366335444829,11018.498282654396,11699.154864505002,12398.864692639958,10092.016057467323,11950.579941002377
2026-03-27 13:30:00+00:00,11959.91426165033,11505.366335444829,11027.764444316004,11708.421026166612,12408.191113852721,10092.016057467323,11959.91426165033
2026-03-27 13:35:00+00:00,11969.312404041795,11505.366335444829,11037.107345956847,11717.763927807453,12417.587471826957,10101.414253583871,11969.312404041795
2026-03-27 13:40:00+00:00,11978.707146746701,11514.761141311094,11046.467470283726,11727.124052134333,12426.980116734478,10101.414253583871,11978.707146746701
2026-03-27 13:45:00+00:00,11968.707146746701,11514.761141311094,11036.467470283726,11717.124052134333,12416.980116734478,10101.414253583871,11968.707146746701
2026-03-27 13:50:00+00:00,11978.105433693756,11524.159428258148,11036.467470283726,11726.522339081386,12426.376574189717,10101.414253583871,11978.105433693756
2026-03-27 13:55:00+00:00,11968.105433693756,11514.159428258148,11036.467470283726,11716.522339081386,12416.376574189717,10101.414253583871,11968.105433693756
2026-03-27 14:00:00+00:00,11958.105433693756,11514.159428258148,11036.467470283726,11716.522339081386,12406.376574189717,10101.414253583871,11958.105433693756
2026-03-27 14:05:00+00:00,11948.105433693756,11504.159428258148,11036.467470283726,11706.522339081386,12396.376574189717,10110.81575142547,11948.105433693756
2026-03-27 14:10:00+00:00,11957.519216518791,11513.573211083185,11026.467470283726,11715.936121906423,12386.376574189717,10110.81575142547,11957.519216518791
2026-03-27 14:15:00+00:00,11966.896900406997,11522.95089497139,11035.802789070138,11725.271440692835,12395.75046867559,10110.81575142547,11966.896900406997
2026-03-27 14:20:00+00:00,11976.219911677908,11532.273906242302,11045.124672628966,11734.593324251662,12405.064511939248,10110.81575142547,11976.219911677908
2026-03-27 14:25:00+00:00,11985.574197643695,11541.628192208087,11054.453309861485,11743.921961484182,12414.412788285374,10110.81575142547,11985.574197643695
2026-03-27 14:30:00+00:00,11975.574197643695,11531.628192208087,11063.8159359882,11733.921961484182,12404.412788285374,10120.178377552185,11975.574197643695
2026-03-27 14:35:00+00:00,11984.982813628554,11531.628192208087,11073.157452692953,11743.263478188934,12413.754304990125,10129.519894256939,11984.982813628554
2026-03-27 14:40:00+00:00,11974.982813628554,11521.628192208087,11073.157452692953,11733.263478188934,12403.754304990125,10129.519894256939,11974.982813628554
2026-03-27 14:45:00+00:00,11984.374740862042,11531.020190415144,11073.157452692953,11742.655405422422,12413.143874989635,10129.519894256939,11984.374740862042
2026-03-27 14:50:00+00:00,11993.785847040166,11531.020190415144,11073.157452692953,11742.655405422422,12422.5271380831,10129.519894256939,11993.785847040166
2026-03-27 14:55:00+00:00,12003.17138055836,11540.405723933338,11082.531254997459,11752.02920772693,12431.909628371704,10129.519894256939,12003.17138055836
2026-03-27 15:00:00+00:00,12012.579161316879,11540.405723933338,11082.531254997459,11752.02920772693,12431.909628371704,10129.519894256939,12012.579161316879
2026-03-27 15:05:00+00:00,12002.579161316879,11540.405723933338,11082.531254997459,11752.02920772693,12421.909628371704,10129.519894256939,12002.579161316879
2026-03-27 15:10:00+00:00,12011.990481059562,11549.817060794381,11082.531254997459,11761.440527469611,12421.909628371704,10129.519894256939,12011.990481059562
2026-03-27 15:15:00+00:00,12021.388571767975,11559.215205371356,11082.531254997459,11770.838618178026,12431.305929897888,10129.519894256939,12021.388571767975
2026-03-27 15:20:00+00:00,12011.388571767975,11549.215205371356,11091.723880910144,11760.838618178026,12421.305929897888,10138.712520169624,12011.388571767975
2026-03-27 15:25:00+00:00,12020.782741028112,11549.215205371356,11091.723880910144,11760.838618178026,12430.69787759607,10138.712520169624,12020.782741028112
2026-03-27 15:30:00+00:00,12030.17740672908,11558.609871072325,11101.095961805837,11770.21069907372,12440.090368994555,10138.712520169624,12030.17740672908
2026-03-27 15:35:00+00:00,12020.17740672908,11548.609871072325,11091.095961805837,11760.21069907372,12430.090368994555,10138.712520169624,12020.17740672908
2026-03-27 15:40:00+00:00,12029.585201407725,11558.026347073559,11091.095961805837,11769.618493752361,12439.47567256017,10138.712520169624,12029.585201407725
2026-03-27 15:45:00+00:00,12038.977583425556,11558.026347073559,11100.458091325709,11778.980623272233,12448.865662898705,10138.712520169624,12038.977583425556
2026-03-27 15:50:00+00:00,12048.349158449828,11567.397922097829,11109.794681884028,11788.317213830554,12458.232868282721,10138.712520169624,12048.349158449828
2026-03-27 15:55:00+00:00,12057.744767447582,11576.793531095584,11109.794681884028,11797.712822828309,12467.626392783946,10138.712520169624,12057.744767447582
2026-03-27 16:00:00+00:00,12047.744767447582,11566.793531095584,11109.794681884028,11787.712822828309,12457.626392783946,10128.712520169624,12047.744767447582
2026-03-27 16:05:00+00:00,12057.134637603129,11576.183401251132,11119.156450153327,11797.074591097606,12467.013632228694,10128.712520169624,12057.134637603129
2026-03-27 16:10:00+00:00,12066.517428180006,11585.56619182801,11128.51458367573,11806.432724620008,12476.393118760927,10128.712520169624,12066.517428180006
2026-03-27 16:15:00+00:00,12056.517428180006,11585.56619182801,11128.51458367573,11806.432724620008,12485.782216591831,10138.101618000526,12056.517428180006
2026-03-27 16:20:00+00:00,12065.891437137649,11594.94020078565,11137.841061651887,11815.759202596168,12495.15208704307,10138.101618000526,12065.891437137649
2026-03-27 16:25:00+00:00,12075.267067646058,11604.315831294061,11147.198571897541,11825.116712841822,12504.52373306809,10138.101618000526,12075.267067646058
2026-03-27 16:30:00+00:00,12084.675677956908,11604.315831294061,11147.198571897541,11825.116712841822,12504.52373306809,10138.101618000526,12084.675677956908
2026-03-27 16:35:00+00:00,12094.021915532909,11613.662068870062,11156.524169947963,11834.442310892244,12513.863198685473,10138.101618000526,12094.021915532909
2026-03-27 16:40:00+00:00,12103.414617702752,11623.054771039906,11165.86268497505,11843.78082591933,12523.25353964692,10138.101618000526,12103.414617702752
2026-03-27 16:45:00+00:00,12112.824987813263,11623.054771039906,11165.86268497505,11843.78082591933,12532.644251629454,10147.49232998306,12112.824987813263
2026-03-27 16:50:00+00:00,12102.824987813263,11613.054771039906,11165.86268497505,11833.78082591933,12522.644251629454,10147.49232998306,12102.824987813263
2026-03-27 16:55:00+00:00,12112.217647615002,11613.054771039906,11165.86268497505,11833.78082591933,12532.034546190293,10147.49232998306,12112.217647615002
2026-03-27 17:00:00+00:00,12121.63079683037,11613.054771039906,11165.86268497505,11833.78082591933,12541.428272653038,10156.886056445806,12121.63079683037
2026-03-27 17:05:00+00:00,12130.971569981184,11613.054771039906,11175.194510852121,11843.112651796402,12550.761756657663,10156.886056445806,12130.971569981184
2026-03-27 17:10:00+00:00,12140.378773121358,11613.054771039906,11175.194510852121,11843.112651796402,12560.15335334204,10156.886056445806,12140.378773121358
2026-03-27 17:15:00+00:00,12149.76302607311,11622.439116247848,11184.544045566618,11852.462186510897,12569.534542318868,10156.886056445806,12149.76302607311
2026-03-27 17:20:00+00:00,12159.178349688522,11622.439116247848,11184.544045566618,11852.462186510897,12578.894838737508,10156.886056445806,12159.178349688522
2026-03-27 17:25:00+00:00,12168.59250251505,11622.439116247848,11184.544045566618,11852.462186510897,12588.294284795353,10156.886056445806,12168.59250251505
2026-03-27 17:30:00+00:00,12177.978969578382,11631.825583311182,11193.920229248155,11861.838370192434,12597.677797414606,10156.886056445806,12177.978969578382
2026-03-27 17:35:00+00:00,12187.386492057323,11631.825583311182,11193.920229248155,11861.838370192434,12597.677797414606,10156.886056445806,12187.386492057323
2026-03-27 17:40:00+00:00,12196.747267555216,11641.186358809075,11203.219173165216,11871.137314109495,12607.033178488127,10156.886056445806,12196.747267555216
2026-03-27 17:45:00+00:00,12206.143739491125,11650.582889107049,11212.589030202307,11880.507171146586,12616.427712010624,10156.886056445806,12206.143739491125
2026-03-27 17:50:00+00:00,12215.548791998655,11659.987976149532,11212.589030202307,11889.912223654117,12625.831617440259,10156.886056445806,12215.548791998655
2026-03-27 17:55:00+00:00,12224.94730127485,11659.987976149532,11212.589030202307,11889.912223654117,12635.228318399159,10156.886056445806,12224.94730127485
2026-03-27 18:00:00+00:00,12234.33998919866,11669.380732936414,11212.589030202307,11899.304911577927,12644.618719176004,10156.886056445806,12234.33998919866
2026-03-27 18:05:00+00:00,12224.33998919866,11669.380732936414,11212.589030202307,11899.304911577927,12644.618719176004,10156.886056445806,12224.33998919866
2026-03-27 18:10:00+00:00,12214.33998919866,11669.380732936414,11212.589030202307,11899.304911577927,12654.004601838189,10166.27193910799,12214.33998919866
2026-03-27 18:15:00+00:00,12223.72140253485,11678.762146272604,11221.942079812628,11908.657961188248,12663.38258020419,10166.27193910799,12223.72140253485
2026-03-27 18:20:00+00:00,12233.117138388781,11688.157882126536,11231.29731431421,11918.013195689831,12672.776243639584,10166.27193910799,12233.117138388781
2026-03-27 18:25:00+00:00,12242.47592298371,11697.516666721463,11240.631992899607,11927.347874275227,12682.129445027887,10166.27193910799,12242.47592298371
2026-03-27 18:30:00+00:00,12232.47592298371,11687.516666721463,11230.631992899607,11917.347874275227,12672.129445027887,10166.27193910799,12232.47592298371
2026-03-27 18:35:00+00:00,12241.87515138348,11696.915945831262,11230.631992899607,11926.747102674999,12681.526989143093,10156.27193910799,12241.87515138348
2026-03-27 18:40:00+00:00,12231.87515138348,11686.915945831262,11230.631992899607,11916.747102674999,12690.926706671347,10156.27193910799,12231.87515138348
2026-03-27 18:45:00+00:00,12221.87515138348,11676.915945831262,11230.631992899607,11906.747102674999,12690.926706671347,10156.27193910799,12221.87515138348
2026-03-27 18:50:00+00:00,12231.263435970675,11686.304230418456,11240.000849476586,11916.115959251978,12700.312209698415,10156.27193910799,12231.263435970675
2026-03-27 18:55:00+00:00,12221.263435970675,11676.304230418456,11240.000849476586,11906.115959251978,12690.312209698415,10156.27193910799,12221.263435970675
2026-03-27 19:00:00+00:00,12230.67366913337,11676.304230418456,11240.000849476586,11906.115959251978,12699.69640825359,10156.27193910799,12230.67366913337
2026-03-27 19:05:00+00:00,12240.083288135023,11676.304230418456,11240.000849476586,11906.115959251978,12709.03440949168,10156.27193910799,12240.083288135023
2026-03-27 19:10:00+00:00,12249.494021419006,11685.71498245104,11240.000849476586,11915.52669253596,12709.03440949168,10156.27193910799,12249.494021419006
2026-03-27 19:15:00+00:00,12258.84140473395,11695.062365765983,11249.324747785888,11924.85059084526,12718.375129328946,10156.27193910799,12258.84140473395
2026-03-27 19:20:00+00:00,12268.245756701697,11695.062365765983,11249.324747785888,11924.85059084526,12727.778229625581,10156.27193910799,12268.245756701697
2026-03-27 19:25:00+00:00,12258.245756701697,11695.062365765983,11249.324747785888,11924.85059084526,12737.175235359075,10165.668944841484,12258.245756701697
2026-03-27 19:30:00+00:00,12267.65417533664,11695.062365765983,11258.701992514265,11934.22783557364,12746.552480087452,10165.668944841484,12267.65417533664
2026-03-27 19:35:00+00:00,12257.65417533664,11685.062365765983,11258.701992514265,11924.22783557364,12755.95400656213,10165.668944841484,12257.65417533664
2026-03-27 19:40:00+00:00,12267.049237310275,11694.457490014947,11258.701992514265,11933.622897547275,12765.347000163172,10165.668944841484,12267.049237310275
2026-03-27 19:45:00+00:00,12276.450269993384,11703.858568398153,11258.701992514265,11943.023930230383,12774.746514948267,10165.668944841484,12276.450269993384
2026-03-27 19:50:00+00:00,12266.450269993384,11693.858568398153,11258.701992514265,11933.023930230383,12764.746514948267,10175.061511929285,12266.450269993384
2026-03-27 19:55:00+00:00,12275.862817984853,11703.271116389624,11258.701992514265,11942.436478221853,12764.746514948267,10175.061511929285,12275.862817984853
2026-03-27 20:00:00+00:00,12285.229554684773,11712.637853089542,11268.082019808671,11951.81650551626,12774.108422735786,10175.061511929285,12285.229554684773
2026-03-27 20:05:00+00:00,12294.642945389285,11722.051255154764,11268.082019808671,11961.229896220773,12783.491076170147,10175.061511929285,12294.642945389285
2026-03-27 20:10:00+00:00,12304.049258737912,11722.051255154764,11268.082019808671,11961.229896220773,12792.868908875182,10175.061511929285,12304.049258737912
2026-03-27 20:15:00+00:00,12313.440444023623,11731.442513472377,11268.082019808671,11970.621081506484,12802.257668572569,10175.061511929285,12313.440444023623
2026-03-27 20:20:00+00:00,12322.854237179248,11731.442513472377,11268.082019808671,11970.621081506484,12802.257668572569,10175.061511929285,12322.854237179248
2026-03-27 20:25:00+00:00,12332.266275051696,11740.854551344824,11268.082019808671,11980.033119378932,12811.644273750408,10175.061511929285,12332.266275051696
2026-03-27 20:30:00+00:00,12341.68041546837,11740.854551344824,11268.082019808671,11980.033119378932,12811.644273750408,10175.061511929285,12341.68041546837
2026-03-27 20:35:00+00:00,12351.077416336013,11750.251609106368,11268.082019808671,11989.430120246574,12821.039384962723,10175.061511929285,12351.077416336013
2026-03-27 20:40:00+00:00,12341.077416336013,11740.251609106368,11268.082019808671,11979.430120246574,12830.423869226164,10175.061511929285,12341.077416336013
2026-03-27 20:45:00+00:00,12350.460058293727,11749.634251064082,11277.429914462115,11988.778014900015,12839.803193009966,10175.061511929285,12350.460058293727
2026-03-27 20:50:00+00:00,12359.852990308933,11759.027183079288,11286.804542213684,11998.152642651585,12849.1937856933,10175.061511929285,12359.852990308933
2026-03-27 20:55:00+00:00,12369.265130191709,11768.439337800432,11286.804542213684,12007.56478253436,12849.1937856933,10175.061511929285,12369.265130191709
2026-03-27 21:00:00+00:00,12378.66766370829,11777.841871317012,11286.804542213684,12016.967316050941,12858.59489425144,10175.061511929285,12378.66766370829
2026-03-27 21:05:00+00:00,12388.08217223531,11777.841871317012,11286.804542213684,12016.967316050941,12858.59489425144,10175.061511929285,12388.08217223531
2026-03-27 21:10:00+00:00,12397.480381847046,11787.240080928746,11286.804542213684,12026.365525662675,12867.991267006108,10175.061511929285,12397.480381847046
2026-03-27 21:15:00+00:00,12406.89102522128,11796.650743301507,11286.804542213684,12035.776169036912,12867.991267006108,10175.061511929285,12406.89102522128
2026-03-27 21:20:00+00:00,12416.300796267022,11796.650743301507,11286.804542213684,12035.776169036912,12867.991267006108,10175.061511929285,12416.300796267022
2026-03-27 21:25:00+00:00,12425.713802691731,11786.650743301507,11286.804542213684,12035.776169036912,12867.991267006108,10175.061511929285,12425.713802691731
2026-03-27 21:30:00+00:00,12415.713802691731,11776.650743301507,11286.804542213684,12025.776169036912,12867.991267006108,10175.061511929285,12415.713802691731
2026-03-27 21:35:00+00:00,12425.095485402602,11786.032426012378,11296.174179228616,12035.145806051845,12877.369540352922,10175.061511929285,12425.095485402602
2026-03-27 21:40:00+00:00,12434.492666193857,11786.032426012378,11296.174179228616,12035.145806051845,12886.764786310545,10175.061511929285,12434.492666193857
2026-03-27 21:45:00+00:00,12443.891056395976,11795.430816214495,11296.174179228616,12044.544196253963,12896.161356854745,10175.061511929285,12443.891056395976
2026-03-27 21:50:00+00:00,12453.306843006403,11795.430816214495,11296.174179228616,12044.544196253963,12896.161356854745,10175.061511929285,12453.306843006403
2026-03-27 21:55:00+00:00,12443.306843006403,11785.430816214495,11296.174179228616,12034.544196253963,12886.161356854745,10175.061511929285,12443.306843006403
2026-03-27 22:00:00+00:00,12433.306843006403,11775.430816214495,11296.174179228616,12024.544196253963,12876.161356854745,10175.061511929285,12433.306843006403
2026-03-27 22:05:00+00:00,12423.306843006403,11775.430816214495,11296.174179228616,12024.544196253963,12876.161356854745,10175.061511929285,12423.306843006403
2026-03-27 22:10:00+00:00,12432.715271694718,11775.430816214495,11296.174179228616,12024.544196253963,12876.161356854745,10175.061511929285,12432.715271694718
2026-03-27 22:15:00+00:00,12442.123446316093,11775.430816214495,11296.174179228616,12024.544196253963,12876.161356854745,10175.061511929285,12442.123446316093
2026-03-27 22:20:00+00:00,12451.53321294035,11784.840582838755,11296.174179228616,12033.953962878222,12876.161356854745,10175.061511929285,12451.53321294035
2026-03-27 22:25:00+00:00,12441.53321294035,11784.840582838755,11296.174179228616,12033.953962878222,12885.53060236645,10175.061511929285,12441.53321294035
2026-03-27 22:30:00+00:00,12431.53321294035,11774.840582838755,11296.174179228616,12023.953962878222,12875.53060236645,10175.061511929285,12431.53321294035
2026-03-27 22:35:00+00:00,12440.933711199243,11784.241081097645,11296.174179228616,12033.354461137113,12884.929481761515,10175.061511929285,12440.933711199243
2026-03-27 22:40:00+00:00,12450.347595464591,11784.241081097645,11305.542625751184,12042.722907659681,12894.297928284084,10175.061511929285,12450.347595464591
2026-03-27 22:45:00+00:00,12459.76026512756,11793.653750760614,11305.542625751184,12052.13557732265,12894.297928284084,10175.061511929285,12459.76026512756
2026-03-27 22:50:00+00:00,12469.1601163437,11803.053601976755,11305.542625751184,12061.535428538791,12903.696098999966,10175.061511929285,12469.1601163437
2026-03-27 22:55:00+00:00,12478.56071625284,11812.454248787753,11305.542625751184,12070.93602844793,12913.095141098653,10175.061511929285,12478.56071625284
2026-03-27 23:00:00+00:00,12487.957341765908,11821.87063166398,11305.542625751184,12080.332653960999,12922.49185357622,10175.061511929285,12487.957341765908
2026-03-27 23:05:00+00:00,12497.359661385637,11831.272993409817,11305.542625751184,12089.734973580726,12931.892773996753,10184.46387367512,12497.359661385637
2026-03-27 23:10:00+00:00,12506.755333097877,11840.668665122055,11305.542625751184,12099.130645292966,12941.286367183497,10184.46387367512,12506.755333097877
2026-03-27 23:15:00+00:00,12516.168051576124,11850.081396830057,11305.542625751184,12108.543363771212,12941.286367183497,10184.46387367512,12516.168051576124
2026-03-27 23:20:00+00:00,12525.573438563813,11859.486783817747,11305.542625751184,12117.948750758904,12950.69060114709,10184.46387367512,12525.573438563813
2026-03-27 23:25:00+00:00,12534.986759212838,11868.900104466771,11305.542625751184,12127.362071407928,12950.69060114709,10184.46387367512,12534.986759212838
2026-03-27 23:30:00+00:00,12544.400964571643,11868.900104466771,11305.542625751184,12127.362071407928,12950.69060114709,10184.46387367512,12544.400964571643
2026-03-27 23:35:00+00:00,12553.795383397595,11878.294523292723,11305.542625751184,12136.75649023388,12960.082822168566,10184.46387367512,12553.795383397595
2026-03-27 23:40:00+00:00,12563.199859134049,11887.699035166406,11305.542625751184,12146.160965970332,12969.486097610903,10184.46387367512,12563.199859134049
2026-03-27 23:45:00+00:00,12572.606742808344,11897.105918840702,11305.542625751184,12155.567849644627,12978.870728031437,10184.46387367512,12572.606742808344
2026-03-27 23:50:00+00:00,12582.016278551555,11906.515476661138,11305.542625751184,12164.97738538784,12988.273299732831,10184.46387367512,12582.016278551555
2026-03-27 23:55:00+00:00,12591.428162205882,11915.92737586617,11305.542625751184,12174.389269042165,12997.658994531183,10184.46387367512,12591.428162205882
2026-03-28 00:00:00+00:00,12600.825489946697,11925.324759593539,11314.91841478399,12183.76505807497,13007.054462750015,10184.46387367512,12600.825489946697
2026-03-28 00:05:00+00:00,12590.825489946697,11925.324759593539,11314.91841478399,12183.76505807497,13016.415664017248,10184.46387367512,12590.825489946697
2026-03-28 00:10:00+00:00,12600.240118088723,11934.739395655384,11314.91841478399,12193.179686216996,13016.415664017248,10184.46387367512,12600.240118088723
2026-03-28 00:15:00+00:00,12609.630000454876,11944.129278021535,11314.91841478399,12202.569568583149,13025.802916834411,10184.46387367512,12609.630000454876
2026-03-28 00:20:00+00:00,12619.043133824729,11944.129278021535,11314.91841478399,12202.569568583149,13025.802916834411,10184.46387367512,12619.043133824729
2026-03-28 00:25:00+00:00,12628.455513709656,11953.541657906462,11314.91841478399,12211.981948468074,13035.196693135707,10184.46387367512,12628.455513709656
2026-03-28 00:30:00+00:00,12637.847094456856,11953.541657906462,11324.31543380665,12221.378967490737,13044.585805946446,10184.46387367512,12637.847094456856
2026-03-28 00:35:00+00:00,12647.244111313707,11953.541657906462,11324.31543380665,12221.378967490737,13053.980872358927,10184.46387367512,12647.244111313707
2026-03-28 00:40:00+00:00,12637.244111313707,11953.541657906462,11324.31543380665,12221.378967490737,13063.364697726898,10184.46387367512,12637.244111313707
2026-03-28 00:45:00+00:00,12646.653853562146,11962.951400154901,11324.31543380665,12230.788709739174,13072.749956739342,10184.46387367512,12646.653853562146
2026-03-28 00:50:00+00:00,12656.056632010834,11972.35417860359,11324.31543380665,12240.191488187864,13082.151333568054,10184.46387367512,12656.056632010834
2026-03-28 00:55:00+00:00,12665.452668854266,11981.750215447022,11333.690309173624,12249.566363554837,13091.545326650888,10184.46387367512,12665.452668854266
2026-03-28 01:00:00+00:00,12674.851169574878,11981.750215447022,11333.690309173624,12249.566363554837,13100.943906522294,10184.46387367512,12674.851169574878
2026-03-28 01:05:00+00:00,12684.25344171274,11991.152529842864,11343.067572691973,12258.943627073186,13110.344775081232,10184.46387367512,12684.25344171274
2026-03-28 01:10:00+00:00,12693.650316127043,11991.152529842864,11352.420759422377,12268.29681380359,13119.739685487235,10184.46387367512,12693.650316127043
2026-03-28 01:15:00+00:00,12703.04169993639,12000.54391365221,11352.420759422377,12277.688197612937,13129.128582618547,10184.46387367512,12703.04169993639
2026-03-28 01:20:00+00:00,12712.445408485417,12009.947622201238,11352.420759422377,12287.091906161964,13138.530978178498,10184.46387367512,12712.445408485417
2026-03-28 01:25:00+00:00,12721.847562653344,12019.349776369165,11352.420759422377,12296.49406032989,13147.931671242863,10184.46387367512,12721.847562653344
2026-03-28 01:30:00+00:00,12711.847562653344,12009.349776369165,11352.420759422377,12286.49406032989,13137.931671242863,10184.46387367512,12711.847562653344
2026-03-28 01:35:00+00:00,12721.229588911805,12018.731802627626,11361.817797807194,12295.891098714708,13147.31032079524,10184.46387367512,12721.229588911805
2026-03-28 01:40:00+00:00,12730.617013043575,12028.119226759398,11361.817797807194,12305.278522846478,13156.694881515408,10184.46387367512,12730.617013043575
2026-03-28 01:45:00+00:00,12740.01529998565,12037.517513701472,11361.817797807194,12314.676809788554,13166.091338965196,10184.46387367512,12740.01529998565
2026-03-28 01:50:00+00:00,12730.01529998565,12027.517513701472,11361.817797807194,12304.676809788554,13156.091338965196,10184.46387367512,12730.01529998565
2026-03-28 01:55:00+00:00,12720.01529998565,12017.517513701472,11361.817797807194,12294.676809788554,13165.465044592987,10184.46387367512,12720.01529998565
2026-03-28 02:00:00+00:00,12729.40550180414,12026.907791279988,11361.817797807194,12304.067011607043,13174.852730226887,10184.46387367512,12729.40550180414
2026-03-28 02:05:00+00:00,12738.798100726923,12036.300390202774,11361.817797807194,12313.459610529828,13184.242958114475,10184.46387367512,12738.798100726923
2026-03-28 02:10:00+00:00,12748.209471878752,12036.300390202774,11361.817797807194,12313.459610529828,13193.631295504492,10184.46387367512,12748.209471878752
2026-03-28 02:15:00+00:00,12757.538197648539,12045.62911597256,11371.139871147161,12322.781683869795,13202.951593030955,10184.46387367512,12757.538197648539
2026-03-28 02:20:00+00:00,12766.94922708307,12055.040145407092,11371.139871147161,12332.192713304326,13212.35477938436,10184.46387367512,12766.94922708307
2026-03-28 02:25:00+00:00,12776.357705987562,12064.448624311586,11371.139871147161,12341.601192208818,13212.35477938436,10184.46387367512,12776.357705987562
2026-03-28 02:30:00+00:00,12785.764478819445,12073.855397143469,11371.139871147161,12351.007965040702,13221.739807902935,10184.46387367512,12785.764478819445
2026-03-28 02:35:00+00:00,12795.1585342378,12083.249452561822,11371.139871147161,12360.402020459056,13231.131630922362,10184.46387367512,12795.1585342378
2026-03-28 02:40:00+00:00,12804.571108607568,12092.66202693159,11371.139871147161,12369.814594828824,13231.131630922362,10184.46387367512,12804.571108607568
2026-03-28 02:45:00+00:00,12794.571108607568,12092.66202693159,11371.139871147161,12369.814594828824,13231.131630922362,10184.46387367512,12794.571108607568
2026-03-28 02:50:00+00:00,12784.571108607568,12082.66202693159,11371.139871147161,12359.814594828824,13221.131630922362,10184.46387367512,12784.571108607568
2026-03-28 02:55:00+00:00,12793.982132198575,12092.073050522597,11371.139871147161,12369.22561841983,13221.131630922362,10184.46387367512,12793.982132198575
2026-03-28 03:00:00+00:00,12803.37898305283,12101.469901376851,11371.139871147161,12378.622469274085,13230.52651552486,10184.46387367512,12803.37898305283
2026-03-28 03:05:00+00:00,12812.793919632972,12101.469901376851,11371.139871147161,12378.622469274085,13239.92573318072,10184.46387367512,12812.793919632972
2026-03-28 03:10:00+00:00,12802.793919632972,12091.469901376851,11371.139871147161,12368.622469274085,13239.92573318072,10184.46387367512,12802.793919632972
2026-03-28 03:15:00+00:00,12812.199609576368,12100.875624084285,11371.139871147161,12378.028159217482,13249.33033486375,10184.46387367512,12812.199609576368
2026-03-28 03:20:00+00:00,12802.199609576368,12090.875624084285,11371.139871147161,12368.028159217482,13249.33033486375,10184.46387367512,12802.199609576368
2026-03-28 03:25:00+00:00,12792.199609576368,12080.875624084285,11371.139871147161,12358.028159217482,13239.33033486375,10184.46387367512,12792.199609576368
2026-03-28 03:30:00+00:00,12782.199609576368,12070.875624084285,11371.139871147161,12348.028159217482,13239.33033486375,10184.46387367512,12782.199609576368
2026-03-28 03:35:00+00:00,12772.199609576368,12060.875624084285,11371.139871147161,12338.028159217482,13229.33033486375,10184.46387367512,12772.199609576368
2026-03-28 03:40:00+00:00,12781.603892437532,12070.27990694545,11371.139871147161,12347.432442078647,13238.733359467711,10184.46387367512,12781.603892437532
2026-03-28 03:45:00+00:00,12791.01544298762,12079.691457495539,11371.139871147161,12356.843992628736,13238.733359467711,10184.46387367512,12791.01544298762
2026-03-28 03:50:00+00:00,12781.01544298762,12069.691457495539,11371.139871147161,12346.843992628736,13238.733359467711,10184.46387367512,12781.01544298762
2026-03-28 03:55:00+00:00,12790.426019335708,12079.10205302846,11371.139871147161,12356.254568976821,13248.118644971584,10184.46387367512,12790.426019335708
2026-03-28 04:00:00+00:00,12780.426019335708,12079.10205302846,11371.139871147161,12356.254568976821,13238.118644971584,10184.46387367512,12780.426019335708
2026-03-28 04:05:00+00:00,12789.827024443537,12088.503058136292,11371.139871147161,12365.655574084652,13247.518079500504,10184.46387367512,12789.827024443537
2026-03-28 04:10:00+00:00,12799.239763731872,12088.503058136292,11371.139871147161,12365.655574084652,13247.518079500504,10184.46387367512,12799.239763731872
2026-03-28 04:15:00+00:00,12808.625217242037,12097.888511646457,11380.484607015987,12375.000309953477,13256.900482172294,10184.46387367512,12808.625217242037
2026-03-28 04:20:00+00:00,12818.030391120881,12107.2936855253,11380.484607015987,12384.40548383232,13266.304482714842,10184.46387367512,12818.030391120881
2026-03-28 04:25:00+00:00,12808.030391120881,12107.2936855253,11380.484607015987,12384.40548383232,13266.304482714842,10184.46387367512,12808.030391120881
2026-03-28 04:30:00+00:00,12798.030391120881,12097.2936855253,11380.484607015987,12374.40548383232,13266.304482714842,10184.46387367512,12798.030391120881
2026-03-28 04:35:00+00:00,12807.435563087118,12106.698857491538,11380.484607015987,12383.81065579856,13275.708481162492,10184.46387367512,12807.435563087118
2026-03-28 04:40:00+00:00,12797.435563087118,12096.698857491538,11380.484607015987,12373.81065579856,13265.708481162492,10184.46387367512,12797.435563087118
2026-03-28 04:45:00+00:00,12806.846686096718,12106.10999816639,11380.484607015987,12383.221778808158,13265.708481162492,10184.46387367512,12806.846686096718
2026-03-28 04:50:00+00:00,12816.257656585794,12106.10999816639,11380.484607015987,12383.221778808158,13265.708481162492,10184.46387367512,12816.257656585794
2026-03-28 04:55:00+00:00,12806.257656585794,12096.10999816639,11380.484607015987,12373.221778808158,13255.708481162492,10184.46387367512,12806.257656585794
2026-03-28 05:00:00+00:00,12815.661507519031,12105.513849099625,11380.484607015987,12382.625629741395,13265.111032675517,10184.46387367512,12815.661507519031
2026-03-28 05:05:00+00:00,12805.661507519031,12095.513849099625,11380.484607015987,12372.625629741395,13265.111032675517,10184.46387367512,12805.661507519031
2026-03-28 05:10:00+00:00,12815.070845692357,12104.92318727295,11380.484607015987,12382.03496791472,13274.505777849092,10184.46387367512,12815.070845692357
2026-03-28 05:15:00+00:00,12824.485191446222,12114.337541731898,11380.484607015987,12391.449313668585,13283.901291543894,10184.46387367512,12824.485191446222
2026-03-28 05:20:00+00:00,12833.869030416512,12123.721380702189,11389.851935955343,12400.816642607942,13293.281926147383,10184.46387367512,12833.869030416512
2026-03-28 05:25:00+00:00,12843.274771757755,12133.127122043432,11389.851935955343,12410.222383949185,13302.68654824037,10184.46387367512,12843.274771757755
2026-03-28 05:30:00+00:00,12852.673558349437,12142.525908635114,11389.851935955343,12419.621170540868,13312.083552926899,10184.46387367512,12852.673558349437
2026-03-28 05:35:00+00:00,12862.082675615604,12151.93502590128,11389.851935955343,12429.030287807034,13312.083552926899,10184.46387367512,12862.082675615604
2026-03-28 05:40:00+00:00,12852.082675615604,12141.93502590128,11389.851935955343,12419.030287807034,13321.47309472938,10184.46387367512,12852.082675615604
2026-03-28 05:45:00+00:00,12861.496850164755,12151.349209631588,11389.851935955343,12428.444462356185,13321.47309472938,10184.46387367512,12861.496850164755
2026-03-28 05:50:00+00:00,12851.496850164755,12141.349209631588,11389.851935955343,12418.444462356185,13321.47309472938,10184.46387367512,12851.496850164755
2026-03-28 05:55:00+00:00,12841.496850164755,12131.349209631588,11389.851935955343,12408.444462356185,13321.47309472938,10184.46387367512,12841.496850164755
2026-03-28 06:00:00+00:00,12850.887747641293,12140.740180938437,11399.22918345335,12417.82170985419,13330.861540103786,10184.46387367512,12850.887747641293
2026-03-28 06:05:00+00:00,12840.887747641293,12130.740180938437,11399.22918345335,12407.82170985419,13320.861540103786,10184.46387367512,12840.887747641293
2026-03-28 06:10:00+00:00,12830.887747641293,12120.740180938437,11399.22918345335,12397.82170985419,13330.252869449088,10184.46387367512,12830.887747641293
2026-03-28 06:15:00+00:00,12840.263622353223,12130.116055650367,11408.575636897102,12407.168163297942,13339.624782875762,10184.46387367512,12840.263622353223
2026-03-28 06:20:00+00:00,12830.263622353223,12120.116055650367,11408.575636897102,12397.168163297942,13349.009752111471,10184.46387367512,12830.263622353223
2026-03-28 06:25:00+00:00,12820.263622353223,12110.116055650367,11408.575636897102,12387.168163297942,13349.009752111471,10184.46387367512,12820.263622353223
2026-03-28 06:30:00+00:00,12810.263622353223,12110.116055650367,11408.575636897102,12387.168163297942,13349.009752111471,10184.46387367512,12810.263622353223
2026-03-28 06:35:00+00:00,12819.672659547241,12119.525092844386,11408.575636897102,12396.57720049196,13349.009752111471,10184.46387367512,12819.672659547241
2026-03-28 06:40:00+00:00,12809.672659547241,12109.525092844386,11408.575636897102,12386.57720049196,13339.009752111471,10184.46387367512,12809.672659547241
2026-03-28 06:45:00+00:00,12819.070465047906,12118.922953005364,11408.575636897102,12395.975005992625,13348.405742135232,10184.46387367512,12819.070465047906
2026-03-28 06:50:00+00:00,12828.468183624529,12118.922953005364,11408.575636897102,12395.975005992625,13357.803543121909,10184.46387367512,12828.468183624529
2026-03-28 06:55:00+00:00,12818.468183624529,12108.922953005364,11408.575636897102,12385.975005992625,13357.803543121909,10184.46387367512,12818.468183624529
2026-03-28 07:00:00+00:00,12827.880879646931,12108.922953005364,11408.575636897102,12385.975005992625,13357.803543121909,10184.46387367512,12827.880879646931
2026-03-28 07:05:00+00:00,12817.880879646931,12098.922953005364,11408.575636897102,12375.975005992625,13367.20429611223,10184.46387367512,12817.880879646931
2026-03-28 07:10:00+00:00,12827.292418797108,12088.922953005364,11408.575636897102,12375.975005992625,13367.20429611223,10184.46387367512,12827.292418797108
2026-03-28 07:15:00+00:00,12836.705313294724,12098.335860243347,11408.575636897102,12385.387900490241,13376.59220239276,10184.46387367512,12836.705313294724
2026-03-28 07:20:00+00:00,12826.705313294724,12088.335860243347,11408.575636897102,12375.387900490241,13376.59220239276,10184.46387367512,12826.705313294724
2026-03-28 07:25:00+00:00,12836.11495253196,12088.335860243347,11408.575636897102,12375.387900490241,13376.59220239276,10184.46387367512,12836.11495253196
2026-03-28 07:30:00+00:00,12845.524602837842,12088.335860243347,11408.575636897102,12375.387900490241,13376.59220239276,10184.46387367512,12845.524602837842
2026-03-28 07:35:00+00:00,12854.934419844923,12097.745677250427,11408.575636897102,12384.797717497322,13376.59220239276,10184.46387367512,12854.934419844923
2026-03-28 07:40:00+00:00,12864.333917065514,12097.745677250427,11408.575636897102,12384.797717497322,13376.59220239276,10184.46387367512,12864.333917065514
2026-03-28 07:45:00+00:00,12873.746271347522,12107.15804577474,11408.575636897102,12394.21007177933,13385.983577381889,10184.46387367512,12873.746271347522
2026-03-28 07:50:00+00:00,12883.157727737034,12116.569502164253,11408.575636897102,12403.621528168842,13385.983577381889,10184.46387367512,12883.157727737034
2026-03-28 07:55:00+00:00,12892.542998161858,12125.954772589077,11408.575636897102,12413.006798593666,13395.36577955713,10184.46387367512,12892.542998161858
2026-03-28 08:00:00+00:00,12901.950826659071,12135.362627908176,11408.575636897102,12422.414627090879,13404.767338762782,10184.46387367512,12901.950826659071
2026-03-28 08:05:00+00:00,12911.362307379655,12135.362627908176,11408.575636897102,12422.414627090879,13414.166649143079,10184.46387367512,12911.362307379655
2026-03-28 08:10:00+00:00,12920.772273077875,12135.362627908176,11408.575636897102,12422.414627090879,13423.558063766,10184.46387367512,12920.772273077875
2026-03-28 08:15:00+00:00,12930.183909692567,12144.774280760346,11408.575636897102,12431.82626370557,13423.558063766,10184.46387367512,12930.183909692567
2026-03-28 08:20:00+00:00,12939.596615609478,12154.186999941936,11408.575636897102,12441.23896962248,13423.558063766,10184.46387367512,12939.596615609478
2026-03-28 08:25:00+00:00,12949.008094527479,12154.186999941936,11408.575636897102,12441.23896962248,13423.558063766,10184.46387367512,12949.008094527479
2026-03-28 08:30:00+00:00,12939.008094527479,12144.186999941936,11408.575636897102,12431.23896962248,13432.95223487056,10184.46387367512,12939.008094527479
2026-03-28 08:35:00+00:00,12948.404487296397,12153.583392710854,11408.575636897102,12440.635362391398,13442.34661776867,10184.46387367512,12948.404487296397
2026-03-28 08:40:00+00:00,12957.80958329831,12162.988488712768,11408.575636897102,12450.040458393312,13451.750533011673,10184.46387367512,12957.80958329831
2026-03-28 08:45:00+00:00,12967.215368465713,12172.39427388017,11408.575636897102,12459.446243560715,13461.155203108281,10184.46387367512,12967.215368465713
2026-03-28 08:50:00+00:00,12976.62898910133,12181.807905237169,11408.575636897102,12468.85986419633,13461.155203108281,10184.46387367512,12976.62898910133
2026-03-28 08:55:00+00:00,12986.044270857474,12181.807905237169,11408.575636897102,12468.85986419633,13461.155203108281,10184.46387367512,12986.044270857474
2026-03-28 09:00:00+00:00,12995.450807066503,12191.21447185897,11408.575636897102,12478.266400405359,13470.543686955316,10184.46387367512,12995.450807066503
2026-03-28 09:05:00+00:00,13004.85831361079,12200.621978403258,11408.575636897102,12487.673906949647,13470.543686955316,10184.46387367512,13004.85831361079
2026-03-28 09:10:00+00:00,13004.85831361079,12210.037995731105,11408.575636897102,12487.673906949647,13470.543686955316,10184.46387367512,13014.274330938637
2026-03-28 09:15:00+00:00,13014.253984481606,12219.43366660192,11408.575636897102,12497.069577820463,13479.937279220523,10184.46387367512,13023.670001809454
2026-03-28 09:20:00+00:00,13004.253984481606,12219.43366660192,11408.575636897102,12497.069577820463,13479.937279220523,10184.46387367512,13013.670001809454
2026-03-28 09:25:00+00:00,12994.253984481606,12219.43366660192,11408.575636897102,12497.069577820463,13479.937279220523,10184.46387367512,13003.670001809454
2026-03-28 09:30:00+00:00,13003.658867269694,12228.838584396455,11408.575636897102,12506.474460608551,13489.340999271062,10184.46387367512,13013.074884597543
2026-03-28 09:35:00+00:00,12993.658867269694,12228.838584396455,11408.575636897102,12506.474460608551,13498.738754533222,10184.46387367512,13003.074884597543
2026-03-28 09:40:00+00:00,13003.074463626037,12228.838584396455,11408.575636897102,12506.474460608551,13508.125399584293,10184.46387367512,13012.490480953884
2026-03-28 09:45:00+00:00,12993.074463626037,12218.838584396455,11408.575636897102,12496.474460608551,13508.125399584293,10184.46387367512,13002.490480953884
2026-03-28 09:50:00+00:00,13002.474056231904,12228.238177002322,11408.575636897102,12505.874053214418,13517.523287056289,10184.46387367512,13011.89007355975
2026-03-28 09:55:00+00:00,12992.474056231904,12218.238177002322,11408.575636897102,12495.874053214418,13517.523287056289,10184.46387367512,13001.89007355975
2026-03-28 10:00:00+00:00,13001.885762538324,12227.649899352478,11408.575636897102,12505.285759520839,13526.910925437933,10184.46387367512,13011.301779866171
2026-03-28 10:05:00+00:00,13011.289424457362,12227.649899352478,11408.575636897102,12505.285759520839,13536.31326992422,10184.46387367512,13020.705441785209
2026-03-28 10:10:00+00:00,13020.684527973794,12237.066019297044,11408.575636897102,12514.680863037269,13545.70846674597,10184.46387367512,13030.10054530164
2026-03-28 10:15:00+00:00,13030.091553157128,12246.473073534497,11408.575636897102,12524.087888220605,13555.085756300765,10184.46387367512,13039.507570484977
2026-03-28 10:20:00+00:00,13039.494112232751,12255.875632610117,11408.575636897102,12533.490447296228,13564.486892853321,10184.46387367512,13048.910129560598
2026-03-28 10:25:00+00:00,13048.871347795448,12265.252868172814,11417.943875503113,12542.85868590224,13573.860296416697,10184.46387367512,13058.287365123295
2026-03-28 10:30:00+00:00,13058.275412210141,12274.656932587508,11417.943875503113,12552.262750316933,13583.263081755847,10184.46387367512,13067.691429537988
2026-03-28 10:35:00+00:00,13067.67268715371,12284.054207531079,11417.943875503113,12561.660025260502,13592.658430831616,10184.46387367512,13077.088704481557
2026-03-28 10:40:00+00:00,13077.078593963799,12293.460114341166,11417.943875503113,12571.06593207059,13602.063234165867,10184.46387367512,13086.494611291646
2026-03-28 10:45:00+00:00,13067.078593963799,12293.460114341166,11417.943875503113,12571.06593207059,13602.063234165867,10184.46387367512,13076.494611291646
2026-03-28 10:50:00+00:00,13076.493118500797,12302.874647086091,11417.943875503113,12580.48045660759,13602.063234165867,10184.46387367512,13085.909135828646
2026-03-28 10:55:00+00:00,13085.906507317102,12312.288047268354,11417.943875503113,12589.893845423896,13611.465399116234,10184.46387367512,13095.322524644951
2026-03-28 11:00:00+00:00,13075.906507317102,12302.288047268354,11417.943875503113,12579.893845423896,13611.465399116234,10184.46387367512,13085.322524644951
2026-03-28 11:05:00+00:00,13085.30931830429,12311.69085825554,11417.943875503113,12589.296656411083,13620.866811583937,10184.46387367512,13094.725335632138
2026-03-28 11:10:00+00:00,13075.30931830429,12301.69085825554,11417.943875503113,12579.296656411083,13610.866811583937,10184.46387367512,13084.725335632138
2026-03-28 11:15:00+00:00,13065.30931830429,12291.69085825554,11417.943875503113,12569.296656411083,13610.866811583937,10184.46387367512,13074.725335632138
2026-03-28 11:20:00+00:00,13074.714013747216,12301.09555369847,11417.943875503113,12578.701351854008,13620.270288090847,10184.46387367512,13084.130031075063
2026-03-28 11:25:00+00:00,13084.12342293131,12310.504962882562,11417.943875503113,12588.110761038102,13629.672583649673,10184.46387367512,13093.539440259157
2026-03-28 11:30:00+00:00,13074.12342293131,12300.504962882562,11417.943875503113,12578.110761038102,13629.672583649673,10184.46387367512,13083.539440259157
2026-03-28 11:35:00+00:00,13064.12342293131,12300.504962882562,11417.943875503113,12578.110761038102,13629.672583649673,10184.46387367512,13073.539440259157
2026-03-28 11:40:00+00:00,13073.536407474177,12309.917959915438,11417.943875503113,12587.52374558097,13629.672583649673,10184.46387367512,13082.952424802024
2026-03-28 11:45:00+00:00,13082.950756528466,12319.33231766563,11417.943875503113,12596.938094635258,13639.066937471047,10184.46387367512,13092.366773856313
2026-03-28 11:50:00+00:00,13092.359475084899,12328.741036222063,11417.943875503113,12606.34681319169,13639.066937471047,10184.46387367512,13101.775492412746
2026-03-28 11:55:00+00:00,13082.359475084899,12318.741036222063,11417.943875503113,12596.34681319169,13639.066937471047,10184.46387367512,13091.775492412746
2026-03-28 12:00:00+00:00,13091.770778458687,12328.152356759718,11417.943875503113,12605.75811656548,13648.46953855617,10184.46387367512,13101.186795786534
2026-03-28 12:05:00+00:00,13101.175520127601,12337.55713382711,11417.943875503113,12615.162858234393,13657.873104466995,10184.46387367512,13110.591537455448
2026-03-28 12:10:00+00:00,13110.585040398611,12346.966676218346,11417.943875503113,12624.572378505403,13667.255608911995,10184.46387367512,13120.001057726458
2026-03-28 12:15:00+00:00,13119.965610119623,12356.347348404042,11427.326016150722,12633.954519153012,13676.6327756795,10184.46387367512,13129.38162744747
2026-03-28 12:20:00+00:00,13129.369364802325,12365.751141226938,11427.326016150722,12643.358273835714,13686.035263544385,10184.46387367512,13138.785382130172
2026-03-28 12:25:00+00:00,13138.783828965446,12365.751141226938,11427.326016150722,12643.358273835714,13686.035263544385,10184.46387367512,13148.199846293293
2026-03-28 12:30:00+00:00,13148.176563424757,12375.143875686248,11427.326016150722,12652.751008295025,13695.425639868554,10184.46387367512,13157.592580752604
2026-03-28 12:35:00+00:00,13157.586637077944,12375.143875686248,11427.326016150722,12652.751008295025,13695.425639868554,10184.46387367512,13167.002654405791
2026-03-28 12:40:00+00:00,13166.997907463825,12384.555163327695,11427.326016150722,12662.162278680906,13704.826088222606,10184.46387367512,13176.413924791672
2026-03-28 12:45:00+00:00,13176.404888790777,12384.555163327695,11427.326016150722,12662.162278680906,13714.208055251924,10184.46387367512,13185.820906118624
2026-03-28 12:50:00+00:00,13185.814217069716,12384.555163327695,11427.326016150722,12662.162278680906,13714.208055251924,10184.46387367512,13195.230234397564
2026-03-28 12:55:00+00:00,13195.220181590277,12393.961159849432,11427.326016150722,12671.568243201467,13723.612956849225,10184.46387367512,13204.636198918124
2026-03-28 13:00:00+00:00,13204.629427291538,12393.961159849432,11427.326016150722,12671.568243201467,13723.612956849225,10184.46387367512,13214.045444619385
2026-03-28 13:05:00+00:00,13194.629427291538,12393.961159849432,11427.326016150722,12671.568243201467,13723.612956849225,10184.46387367512,13204.045444619385
2026-03-28 13:10:00+00:00,13204.01557531819,12393.961159849432,11427.326016150722,12671.568243201467,13732.999366617176,10184.46387367512,13213.431592646037
2026-03-28 13:15:00+00:00,13213.427035750496,12393.961159849432,11427.326016150722,12671.568243201467,13732.999366617176,10184.46387367512,13222.843053078344
2026-03-28 13:20:00+00:00,13222.833369777956,12403.367493876893,11427.326016150722,12680.974577228928,13742.393793056748,10184.46387367512,13232.249387105803
2026-03-28 13:25:00+00:00,13232.238589722814,12412.77271382175,11427.326016150722,12690.379797173786,13751.797844055996,10184.46387367512,13241.654607050663
2026-03-28 13:30:00+00:00,13241.577388796057,12422.111512894991,11436.664176779239,12699.717957802302,13761.129167223447,10184.46387367512,13250.993406123904
2026-03-28 13:35:00+00:00,13250.985200504905,12422.111512894991,11436.664176779239,12699.717957802302,13770.514627925095,10184.46387367512,13260.401217832752
2026-03-28 13:40:00+00:00,13260.392694001988,12422.111512894991,11436.664176779239,12699.717957802302,13779.895973177985,10184.46387367512,13269.808711329837
2026-03-28 13:45:00+00:00,13250.392694001988,12422.111512894991,11436.664176779239,12699.717957802302,13769.895973177985,10184.46387367512,13259.808711329837
2026-03-28 13:50:00+00:00,13240.392694001988,12422.111512894991,11436.664176779239,12699.717957802302,13759.895973177985,10184.46387367512,13249.808711329837
2026-03-28 13:55:00+00:00,13249.794628865222,12431.513447758225,11436.664176779239,12709.119892665534,13769.29642604256,10184.46387367512,13259.210646193069
2026-03-28 14:00:00+00:00,13239.794628865222,12431.513447758225,11436.664176779239,12709.119892665534,13759.29642604256,10184.46387367512,13249.210646193069
2026-03-28 14:05:00+00:00,13249.20141998009,12440.920268577596,11436.664176779239,12718.526683780403,13768.696442342054,10193.863889974617,13258.617437307938
2026-03-28 14:10:00+00:00,13258.6100415593,12450.328890156805,11436.664176779239,12727.935305359611,13778.094243791717,10193.863889974617,13268.026058887146
2026-03-28 14:15:00+00:00,13268.025544124495,12450.328890156805,11436.664176779239,12727.935305359611,13787.493942337747,10193.863889974617,13277.441561452342
2026-03-28 14:20:00+00:00,13277.424619345657,12459.727965377966,11436.664176779239,12737.33438058077,13796.891263144345,10193.863889974617,13286.840636673503
2026-03-28 14:25:00+00:00,13286.837515232486,12469.1408740013,11436.664176779239,12746.747276467602,13796.891263144345,10193.863889974617,13296.253532560335
2026-03-28 14:30:00+00:00,13296.250105056744,12478.553477413005,11436.664176779239,12756.15986629186,13796.891263144345,10193.863889974617,13305.666122384591
2026-03-28 14:35:00+00:00,13305.662900995576,12478.553477413005,11436.664176779239,12756.15986629186,13806.283071948032,10193.863889974617,13315.078918323423
2026-03-28 14:40:00+00:00,13315.028639406466,12487.919359355865,11446.024424411093,12765.520113923714,13815.644043868004,10193.863889974617,13324.444656734315
2026-03-28 14:45:00+00:00,13324.428732942735,12497.319452892134,11446.024424411093,12774.920207459982,13825.042479986576,10193.863889974617,13333.844750270582
2026-03-28 14:50:00+00:00,13333.822660570964,12506.713380520363,11455.39515539269,12784.29093844158,13834.434163051283,10193.863889974617,13343.238677898811
2026-03-28 14:55:00+00:00,13343.214587265216,12516.105307214615,11455.39515539269,12793.682865135832,13843.823654732107,10193.863889974617,13352.630604593065
2026-03-28 15:00:00+00:00,13352.609616057343,12516.105307214615,11455.39515539269,12793.682865135832,13853.218777140835,10193.863889974617,13362.02563338519
2026-03-28 15:05:00+00:00,13362.007966548845,12525.503657706118,11455.39515539269,12803.081215627335,13862.615304192414,10193.863889974617,13371.423983876692
2026-03-28 15:10:00+00:00,13371.38834908161,12534.884040238883,11464.766312485594,12812.452372720238,13871.992153776444,10193.863889974617,13380.804366409458
2026-03-28 15:15:00+00:00,13380.735256203228,12534.884040238883,11474.08659689821,12821.772657132855,13881.332352331687,10193.863889974617,13390.151273531077
2026-03-28 15:20:00+00:00,13390.134437842811,12534.884040238883,11474.08659689821,12821.772657132855,13890.729789692783,10193.863889974617,13399.550455170658
2026-03-28 15:25:00+00:00,13399.508272099647,12544.257995618445,11483.441616427779,12831.127676662423,13900.099601477315,10193.863889974617,13408.924289427494
2026-03-28 15:30:00+00:00,13389.508272099647,12534.257995618445,11483.441616427779,12821.127676662423,13890.099601477315,10203.261405890651,13398.924289427494
2026-03-28 15:35:00+00:00,13398.904032576313,12534.257995618445,11483.441616427779,12821.127676662423,13899.495452522446,10203.261405890651,13408.32004990416
2026-03-28 15:40:00+00:00,13408.314202102178,12543.668185459956,11483.441616427779,12830.53784618829,13908.893552783567,10203.261405890651,13417.730219430025
2026-03-28 15:45:00+00:00,13417.718657028752,12553.07264038653,11483.441616427779,12839.942301114865,13918.296765851444,10203.261405890651,13427.134674356601
2026-03-28 15:50:00+00:00,13407.718657028752,12553.07264038653,11483.441616427779,12839.942301114865,13918.296765851444,10203.261405890651,13417.134674356601
2026-03-28 15:55:00+00:00,13397.718657028752,12543.07264038653,11483.441616427779,12829.942301114865,13908.296765851444,10203.261405890651,13407.134674356601
2026-03-28 16:00:00+00:00,13407.11584326384,12552.469826621618,11492.80348676247,12839.304171449556,13917.692017771296,10203.261405890651,13416.53186059169
2026-03-28 16:05:00+00:00,13416.505357773369,12561.859341131147,11502.178434349116,12848.679119036202,13927.078867731872,10203.261405890651,13425.921375101218
2026-03-28 16:10:00+00:00,13406.505357773369,12551.859341131147,11502.178434349116,12838.679119036202,13927.078867731872,10203.261405890651,13415.921375101218
2026-03-28 16:15:00+00:00,13415.915827503579,12561.269830342553,11502.178434349116,12848.089588766412,13936.47534248052,10203.261405890651,13425.331844831428
2026-03-28 16:20:00+00:00,13425.326753785608,12561.269830342553,11502.178434349116,12848.089588766412,13936.47534248052,10203.261405890651,13434.742771113457
2026-03-28 16:25:00+00:00,13434.740423052892,12561.269830342553,11502.178434349116,12848.089588766412,13936.47534248052,10203.261405890651,13444.156440380739
2026-03-28 16:30:00+00:00,13444.136070667428,12570.665477957089,11502.178434349116,12857.485236380948,13945.868909275216,10203.261405890651,13453.552087995275
2026-03-28 16:35:00+00:00,13434.136070667428,12560.665477957089,11502.178434349116,12847.485236380948,13955.255585340132,10203.261405890651,13443.552087995275
2026-03-28 16:40:00+00:00,13443.534551544455,12570.063958834118,11502.178434349116,12856.883717257977,13964.652255195115,10203.261405890651,13452.950568872304
2026-03-28 16:45:00+00:00,13433.534551544455,12560.063958834118,11502.178434349116,12846.883717257977,13954.652255195115,10203.261405890651,13442.950568872304
2026-03-28 16:50:00+00:00,13442.947928099333,12569.477346789046,11502.178434349116,12856.297093812855,13954.652255195115,10203.261405890651,13452.363945427182
2026-03-28 16:55:00+00:00,13452.346238588932,12578.875657278644,11502.178434349116,12865.695404302453,13964.048738435054,10203.261405890651,13461.76225591678
2026-03-28 17:00:00+00:00,13461.761804419119,12578.875657278644,11502.178434349116,12865.695404302453,13973.448460600466,10203.261405890651,13471.177821746967
2026-03-28 17:05:00+00:00,13471.136413174685,12588.250266034209,11511.545892781049,12875.062862734383,13982.81898781813,10203.261405890651,13480.552430502532
2026-03-28 17:10:00+00:00,13480.548685662226,12597.662552991458,11511.545892781049,12884.475135221926,13982.81898781813,10203.261405890651,13489.964702990073
2026-03-28 17:15:00+00:00,13489.944881994496,12607.058749323729,11511.545892781049,12893.871331554197,13992.213155575519,10203.261405890651,13499.360899322344
2026-03-28 17:20:00+00:00,13479.944881994496,12597.058749323729,11511.545892781049,12883.871331554197,13982.213155575519,10203.261405890651,13489.360899322344
2026-03-28 17:25:00+00:00,13489.339730459364,12606.453597788597,11511.545892781049,12893.266180019064,13991.605847137069,10203.261405890651,13498.75574778721
2026-03-28 17:30:00+00:00,13479.339730459364,12596.453597788597,11511.545892781049,12883.266180019064,13981.605847137069,10203.261405890651,13488.75574778721
2026-03-28 17:35:00+00:00,13488.721351835178,12605.835219164412,11520.918595173913,12892.638882411928,13990.984053318389,10203.261405890651,13498.137369163025
2026-03-28 17:40:00+00:00,13498.131373926015,12615.245241255248,11520.918595173913,12902.048904502766,14000.369908350032,10203.261405890651,13507.547391253864
2026-03-28 17:45:00+00:00,13507.541225701574,12624.655114229643,11520.918595173913,12911.458756278324,14009.772533888457,10203.261405890651,13516.957243029421
2026-03-28 17:50:00+00:00,13516.955010540025,12634.068899068094,11520.918595173913,12920.872541116776,14009.772533888457,10203.261405890651,13526.371027867872
2026-03-28 17:55:00+00:00,13526.354371018539,12643.468259546607,11520.918595173913,12930.27190159529,14019.170167122704,10203.261405890651,13535.770388346387
2026-03-28 18:00:00+00:00,13535.759574528704,12652.873497172222,11530.295001167902,12939.64830758928,14028.574237487916,10203.261405890651,13545.17559185655
2026-03-28 18:05:00+00:00,13525.759574528704,12652.873497172222,11530.295001167902,12939.64830758928,14028.574237487916,10203.261405890651,13535.17559185655
2026-03-28 18:10:00+00:00,13535.172531893268,12662.28646710236,11530.295001167902,12949.061264953842,14028.574237487916,10203.261405890651,13544.588549221115
2026-03-28 18:15:00+00:00,13544.573641457813,12671.687576666905,11530.295001167902,12958.462374518389,14037.973786424951,10203.261405890651,13553.98965878566
2026-03-28 18:20:00+00:00,13544.573641457813,12671.687576666905,11530.295001167902,12958.462374518389,14037.973786424951,10203.261405890651,13553.98965878566
2026-03-28 18:25:00+00:00,13534.573641457813,12661.687576666905,11530.295001167902,12948.462374518389,14037.973786424951,10203.261405890651,13543.98965878566
2026-03-28 18:30:00+00:00,13524.573641457813,12651.687576666905,11530.295001167902,12938.462374518389,14037.973786424951,10203.261405890651,13533.98965878566
2026-03-28 18:35:00+00:00,13533.97181752798,12661.085806368657,11530.295001167902,12947.860550588553,14047.370181182961,10203.261405890651,13543.387834855826
2026-03-28 18:40:00+00:00,13543.371646304402,12670.485635145082,11530.295001167902,12957.260379364978,14056.768327321628,10203.261405890651,13552.787663632249
2026-03-28 18:45:00+00:00,13552.779796513527,12679.893785354207,11530.295001167902,12966.668529574103,14056.768327321628,10203.261405890651,13562.195813841374
2026-03-28 18:50:00+00:00,13562.193106398716,12689.30710682482,11530.295001167902,12976.081839459292,14056.768327321628,10203.261405890651,13571.609123726563
2026-03-28 18:55:00+00:00,13571.598769448514,12698.712769874615,11530.295001167902,12985.487502509088,14066.172863660564,10203.261405890651,13581.01478677636
2026-03-28 19:00:00+00:00,13581.000918763726,12708.11491918983,11530.295001167902,12994.889651824302,14075.573551409849,10203.261405890651,13590.416936091573
2026-03-28 19:05:00+00:00,13590.409310974945,12717.523311401046,11530.295001167902,13004.298044035519,14084.976354614451,10203.261405890651,13599.825328302792
2026-03-28 19:10:00+00:00,13599.798927741784,12726.912928167887,11530.295001167902,13013.68766080236,14094.363316561534,10203.261405890651,13609.214945069632
2026-03-28 19:15:00+00:00,13609.210206912441,12736.324207338545,11530.295001167902,13023.098939973017,14103.760600810754,10203.261405890651,13618.626224240288
2026-03-28 19:20:00+00:00,13618.625444340772,12745.73945099232,11530.295001167902,13032.514177401348,14113.149507755188,10203.261405890651,13628.041461668621
2026-03-28 19:25:00+00:00,13628.03632887485,12755.150335526396,11530.295001167902,13041.925061935424,14113.149507755188,10203.261405890651,13637.452346202697
2026-03-28 19:30:00+00:00,13637.447920874743,12755.150335526396,11530.295001167902,13041.925061935424,14113.149507755188,10203.261405890651,13646.86393820259
2026-03-28 19:35:00+00:00,13627.447920874743,12755.150335526396,11530.295001167902,13041.925061935424,14113.149507755188,10203.261405890651,13636.86393820259
2026-03-28 19:40:00+00:00,13617.447920874743,12755.150335526396,11530.295001167902,13041.925061935424,14122.54858705427,10212.660485189732,13626.86393820259
2026-03-28 19:45:00+00:00,13607.447920874743,12745.150335526396,11530.295001167902,13031.925061935424,14122.54858705427,10212.660485189732,13616.86393820259
2026-03-28 19:50:00+00:00,13616.857713734282,12754.56767570291,11530.295001167902,13041.334854794964,14122.54858705427,10212.660485189732,13626.273731062129
2026-03-28 19:55:00+00:00,13626.258951008418,12763.968912977047,11530.295001167902,13050.7360920691,14131.948275867719,10212.660485189732,13635.674968336265
2026-03-28 20:00:00+00:00,13635.669232616809,12763.968912977047,11530.295001167902,13050.7360920691,14141.332674605375,10212.660485189732,13645.085249944656
2026-03-28 20:05:00+00:00,13645.081597316355,12773.381291889937,11530.295001167902,13060.148456768648,14150.735786591133,10212.660485189732,13654.497614644204
2026-03-28 20:10:00+00:00,13654.484966885597,12782.784661459178,11530.295001167902,13069.551826337889,14160.137810868237,10212.660485189732,13663.900984213444
2026-03-28 20:15:00+00:00,13644.484966885597,12782.784661459178,11530.295001167902,13069.551826337889,14169.511646269848,10212.660485189732,13653.900984213444
2026-03-28 20:20:00+00:00,13653.895834873303,12792.195547821044,11530.295001167902,13078.962694325595,14178.909713645322,10212.660485189732,13663.31185220115
2026-03-28 20:25:00+00:00,13663.31062486533,12801.610345282808,11530.295001167902,13088.377484317622,14188.307899775395,10212.660485189732,13672.726642193178
2026-03-28 20:30:00+00:00,13672.723350733671,12811.023084360359,11530.295001167902,13097.790210185964,14197.711111926214,10212.660485189732,13682.139368061518
2026-03-28 20:35:00+00:00,13662.723350733671,12801.023084360359,11530.295001167902,13087.790210185964,14187.711111926214,10212.660485189732,13672.139368061518
2026-03-28 20:40:00+00:00,13672.130294905386,12810.430028532073,11530.295001167902,13097.197154357678,14197.11241384808,10212.660485189732,13681.546312233235
2026-03-28 20:45:00+00:00,13662.130294905386,12800.430028532073,11530.295001167902,13087.197154357678,14197.11241384808,10212.660485189732,13671.546312233235
2026-03-28 20:50:00+00:00,13671.541425495308,12809.841159121996,11530.295001167902,13096.6082849476,14197.11241384808,10212.660485189732,13680.957442823155
2026-03-28 20:55:00+00:00,13680.954650651103,12819.254396098797,11530.295001167902,13106.021510103394,14206.49137985461,10212.660485189732,13690.37066797895
2026-03-28 21:00:00+00:00,13670.954650651103,12809.254396098797,11530.295001167902,13096.021510103394,14206.49137985461,10212.660485189732,13680.37066797895
2026-03-28 21:05:00+00:00,13680.35733478979,12818.657080237484,11539.67028286177,13105.396791797262,14215.892653386873,10212.660485189732,13689.773352117636
2026-03-28 21:10:00+00:00,13670.35733478979,12808.657080237484,11539.67028286177,13095.396791797262,14205.892653386873,10212.660485189732,13679.773352117636
2026-03-28 21:15:00+00:00,13679.763142492637,12818.062887940332,11539.67028286177,13104.802599500108,14215.297348166987,10212.660485189732,13689.179159820484
2026-03-28 21:20:00+00:00,13669.763142492637,12808.062887940332,11539.67028286177,13094.802599500108,14224.692583243137,10212.660485189732,13679.179159820484
2026-03-28 21:25:00+00:00,13659.763142492637,12798.062887940332,11539.67028286177,13084.802599500108,14224.692583243137,10212.660485189732,13669.179159820484
2026-03-28 21:30:00+00:00,13669.174273520386,12807.474036611044,11539.67028286177,13094.21373052786,14224.692583243137,10212.660485189732,13678.590290848233
2026-03-28 21:35:00+00:00,13678.588001000046,12816.887774514998,11539.67028286177,13103.627458007519,14234.084985881407,10212.660485189732,13688.004018327892
2026-03-28 21:40:00+00:00,13688.000880654696,12826.300666951283,11539.67028286177,13113.040337662169,14243.483120399389,10212.660485189732,13697.416897982543
2026-03-28 21:45:00+00:00,13697.413950426882,12835.713748976508,11539.67028286177,13122.453407434356,14243.483120399389,10212.660485189732,13706.82996775473
2026-03-28 21:50:00+00:00,13687.413950426882,12835.713748976508,11549.017602285665,13122.453407434356,14252.830439823283,10212.660485189732,13696.82996775473
2026-03-28 21:55:00+00:00,13696.82755800132,12835.713748976508,11549.017602285665,13122.453407434356,14252.830439823283,10212.660485189732,13706.243575329168
2026-03-28 22:00:00+00:00,13686.82755800132,12835.713748976508,11549.017602285665,13122.453407434356,14242.830439823283,10212.660485189732,13696.243575329168
2026-03-28 22:05:00+00:00,13696.242491901809,12835.713748976508,11549.017602285665,13122.453407434356,14252.17630078,10212.660485189732,13705.658509229655
2026-03-28 22:10:00+00:00,13686.242491901809,12835.713748976508,11549.017602285665,13122.453407434356,14242.17630078,10212.660485189732,13695.658509229655
2026-03-28 22:15:00+00:00,13695.644615466423,12845.115915211732,11558.393941615483,13131.829746764175,14251.577007061434,10212.660485189732,13705.060632794271
2026-03-28 22:20:00+00:00,13705.055544908442,12845.115915211732,11558.393941615483,13131.829746764175,14251.577007061434,10212.660485189732,13714.47156223629
2026-03-28 22:25:00+00:00,13695.055544908442,12835.115915211732,11558.393941615483,13121.829746764175,14251.577007061434,10212.660485189732,13704.47156223629
2026-03-28 22:30:00+00:00,13704.463761628595,12844.524131931885,11558.393941615483,13131.237963484327,14251.577007061434,10212.660485189732,13713.879778956441
2026-03-28 22:35:00+00:00,13694.463761628595,12844.524131931885,11558.393941615483,13131.237963484327,14251.577007061434,10212.660485189732,13703.879778956441
2026-03-28 22:40:00+00:00,13703.872196958413,12844.524131931885,11558.393941615483,13131.237963484327,14260.978019212525,10212.660485189732,13713.28821428626
2026-03-28 22:45:00+00:00,13713.281749321923,12844.524131931885,11558.393941615483,13131.237963484327,14260.978019212525,10212.660485189732,13722.69776664977
2026-03-28 22:50:00+00:00,13703.281749321923,12844.524131931885,11558.393941615483,13131.237963484327,14270.371968054715,10212.660485189732,13712.69776664977
2026-03-28 22:55:00+00:00,13712.695686000598,12853.938078453153,11558.393941615483,13140.651900163,14270.371968054715,10212.660485189732,13722.111703328444
2026-03-28 23:00:00+00:00,13722.110702552998,12853.938078453153,11558.393941615483,13140.651900163,14279.77134217032,10212.660485189732,13731.526719880845
2026-03-28 23:05:00+00:00,13731.501680001356,12863.329055901511,11567.764905640566,13150.022864188084,14289.159794270658,10212.660485189732,13740.917697329203
2026-03-28 23:10:00+00:00,13740.878975536183,12863.329055901511,11577.140658292847,13159.398616840366,14298.5332635042,10212.660485189732,13750.29499286403
2026-03-28 23:15:00+00:00,13750.280357615688,12872.730437981016,11577.140658292847,13168.79999891987,14307.933110918755,10212.660485189732,13759.696374943534
2026-03-28 23:20:00+00:00,13759.666484899259,12882.116565264589,11577.140658292847,13178.186126203444,14317.31625144215,10212.660485189732,13769.082502227107
2026-03-28 23:25:00+00:00,13749.666484899259,12872.116565264589,11577.140658292847,13168.186126203444,14317.31625144215,10212.660485189732,13759.082502227107
2026-03-28 23:30:00+00:00,13759.072899259965,12872.116565264589,11577.140658292847,13168.186126203444,14326.719085577892,10212.660485189732,13768.488916587812
2026-03-28 23:35:00+00:00,13749.072899259965,12872.116565264589,11577.140658292847,13168.186126203444,14326.719085577892,10212.660485189732,13758.488916587812
2026-03-28 23:40:00+00:00,13739.072899259965,12872.116565264589,11577.140658292847,13168.186126203444,14336.072066692264,10212.660485189732,13748.488916587812
2026-03-28 23:45:00+00:00,13748.462530434374,12881.506196438997,11577.140658292847,13177.575757377852,14345.459044417723,10212.660485189732,13757.87854776222
2026-03-28 23:50:00+00:00,13757.868641097837,12890.91230710246,11577.140658292847,13186.981868041315,14354.864071036975,10212.660485189732,13767.284658425684
2026-03-28 23:55:00+00:00,13767.273901760678,12900.317601721974,11577.140658292847,13196.387128704157,14364.268203828378,10212.660485189732,13776.689919088527
2026-03-29 00:00:00+00:00,13776.651629051417,12909.695329012713,11586.516040899789,13205.762511311097,14373.642145840724,10212.660485189732,13786.067646379266
2026-03-29 00:05:00+00:00,13786.050264052617,12919.093964013911,11586.516040899789,13215.161146312297,14383.038984498855,10212.660485189732,13795.466281380464
2026-03-29 00:10:00+00:00,13795.44691813067,12919.093964013911,11586.516040899789,13215.161146312297,14392.433653587776,10212.660485189732,13804.86293545852
2026-03-29 00:15:00+00:00,13804.85291717773,12928.49996306097,11586.516040899789,13224.567145359353,14401.838557951116,10212.660485189732,13814.268934505577
2026-03-29 00:20:00+00:00,13814.203205184553,12937.850251067794,11595.86153311489,13233.912637574456,14411.182457566214,10212.660485189732,13823.619222512401
2026-03-29 00:25:00+00:00,13823.607772820975,12947.254818704216,11595.86153311489,13243.317205210878,14420.585794085797,10212.660485189732,13833.023790148824
2026-03-29 00:30:00+00:00,13833.0081901714,12947.254818704216,11595.86153311489,13243.317205210878,14429.984584864917,10212.660485189732,13842.424207499247
2026-03-29 00:35:00+00:00,13842.398455022223,12956.645083555039,11595.86153311489,13252.7074700617,14439.372256560058,10212.660485189732,13851.81447235007
2026-03-29 00:40:00+00:00,13851.811030321502,12956.645083555039,11595.86153311489,13252.7074700617,14448.766212016115,10212.660485189732,13861.227047649349
2026-03-29 00:45:00+00:00,13841.811030321502,12956.645083555039,11595.86153311489,13252.7074700617,14448.766212016115,10212.660485189732,13851.227047649349
2026-03-29 00:50:00+00:00,13831.811030321502,12956.645083555039,11595.86153311489,13252.7074700617,14458.165042582823,10212.660485189732,13841.227047649349
2026-03-29 00:55:00+00:00,13841.221968585172,12966.056039997518,11595.86153311489,13262.118408325372,14467.546042934728,10212.660485189732,13850.637985913021
2026-03-29 01:00:00+00:00,13831.221968585172,12956.056039997518,11595.86153311489,13252.118408325372,14476.929317331498,10212.660485189732,13840.637985913021
2026-03-29 01:05:00+00:00,13821.221968585172,12946.056039997518,11595.86153311489,13242.118408325372,14466.929317331498,10212.660485189732,13830.637985913021
2026-03-29 01:10:00+00:00,13830.626884019503,12946.056039997518,11595.86153311489,13242.118408325372,14476.324032093658,10212.660485189732,13840.04290134735
2026-03-29 01:15:00+00:00,13820.626884019503,12936.056039997518,11595.86153311489,13232.118408325372,14466.324032093658,10212.660485189732,13830.04290134735
2026-03-29 01:20:00+00:00,13830.02874305948,12936.056039997518,11595.86153311489,13232.118408325372,14475.725956287053,10212.660485189732,13839.444760387329
2026-03-29 01:25:00+00:00,13839.435020212963,12945.462317151,11595.86153311489,13241.524685478853,14475.725956287053,10212.660485189732,13848.85103754081
2026-03-29 01:30:00+00:00,13848.845784841686,12954.873100441193,11595.86153311489,13250.935450107576,14485.115196145622,10212.660485189732,13858.261802169533
2026-03-29 01:35:00+00:00,13858.243433021154,12964.270748620662,11595.86153311489,13260.333098287045,14494.510954000325,10212.660485189732,13867.659450349001
2026-03-29 01:40:00+00:00,13867.63500157163,12973.662317171138,11605.234521578752,13269.706086750906,14503.900053453628,10212.660485189732,13877.051018899478
2026-03-29 01:45:00+00:00,13857.63500157163,12963.662317171138,11605.234521578752,13259.706086750906,14493.900053453628,10212.660485189732,13867.051018899478
2026-03-29 01:50:00+00:00,13847.63500157163,12953.662317171138,11605.234521578752,13249.706086750906,14483.900053453628,10212.660485189732,13857.051018899478
2026-03-29 01:55:00+00:00,13857.024621361186,12963.051936960695,11605.234521578752,13259.095706540462,14493.28701871102,10212.660485189732,13866.440638689033
2026-03-29 02:00:00+00:00,13866.439210983177,12963.051936960695,11605.234521578752,13259.095706540462,14493.28701871102,10212.660485189732,13875.855228311024
2026-03-29 02:05:00+00:00,13875.852547720819,12963.051936960695,11605.234521578752,13259.095706540462,14493.28701871102,10212.660485189732,13885.268565048666
2026-03-29 02:10:00+00:00,13885.26435481017,12972.463744050046,11605.234521578752,13268.507513629815,14502.670913425567,10212.660485189732,13894.680372138017
2026-03-29 02:15:00+00:00,13875.26435481017,12972.463744050046,11605.234521578752,13268.507513629815,14502.670913425567,10212.660485189732,13884.680372138017
2026-03-29 02:20:00+00:00,13884.662631111036,12981.862020350913,11614.61203775462,13277.885029805682,14512.067359220695,10212.660485189732,13894.078648438883
2026-03-29 02:25:00+00:00,13874.662631111036,12971.862020350913,11614.61203775462,13267.885029805682,14512.067359220695,10212.660485189732,13884.078648438883
2026-03-29 02:30:00+00:00,13884.066484620555,12971.862020350913,11614.61203775462,13267.885029805682,14521.46991355552,10212.660485189732,13893.482501948403
2026-03-29 02:35:00+00:00,13893.4757380859,12981.271296678024,11614.61203775462,13277.294283271025,14530.852988915678,10212.660485189732,13902.891755413748
2026-03-29 02:40:00+00:00,13902.880301635392,12990.675860227519,11614.61203775462,13286.69884682052,14540.256320958826,10212.660485189732,13912.29631896324
2026-03-29 02:45:00+00:00,13892.880301635392,12980.675860227519,11614.61203775462,13276.69884682052,14540.256320958826,10212.660485189732,13902.29631896324
2026-03-29 02:50:00+00:00,13902.28091528046,12980.675860227519,11614.61203775462,13276.69884682052,14549.655326732076,10212.660485189732,13911.696932608307
2026-03-29 02:55:00+00:00,13911.69227942265,12990.087241364643,11614.61203775462,13286.11021096271,14559.038539509424,10212.660485189732,13921.108296750499
2026-03-29 03:00:00+00:00,13921.105526423555,12999.500488365547,11614.61203775462,13295.523457963613,14549.038539509424,10212.660485189732,13930.521543751402
2026-03-29 03:05:00+00:00,13911.105526423555,12989.500488365547,11614.61203775462,13285.523457963613,14539.038539509424,10212.660485189732,13920.521543751402
2026-03-29 03:10:00+00:00,13920.519382912087,12989.500488365547,11614.61203775462,13285.523457963613,14539.038539509424,10212.660485189732,13929.935400239934
2026-03-29 03:15:00+00:00,13929.870427409576,12989.500488365547,11623.954050274504,13294.865470483497,14548.38326727287,10212.660485189732,13939.286444737423
2026-03-29 03:20:00+00:00,13939.254021346293,12998.884082302262,11633.317113939627,13304.22853414862,14557.763633544724,10212.660485189732,13948.67003867414
2026-03-29 03:25:00+00:00,13948.654510774288,13008.284571730259,11633.317113939627,13313.629023576617,14567.162503267646,10212.660485189732,13958.070528102136
2026-03-29 03:30:00+00:00,13958.058434196108,13017.688532823558,11633.317113939627,13323.032946998439,14576.565175438867,10212.660485189732,13967.474451523956
2026-03-29 03:35:00+00:00,13967.455330011291,13027.08542863874,11633.317113939627,13332.42984281362,14585.960109283613,10212.660485189732,13976.87134733914
2026-03-29 03:40:00+00:00,13976.861048494873,13027.08542863874,11633.317113939627,13332.42984281362,14595.36470634018,10212.660485189732,13986.277065822722
2026-03-29 03:45:00+00:00,13986.264968456166,13027.08542863874,11633.317113939627,13332.42984281362,14604.767333459544,10212.660485189732,13995.680985784013
2026-03-29 03:50:00+00:00,13995.667529046581,13036.488030686003,11633.317113939627,13341.832403404036,14614.168517078278,10212.660485189732,14005.083546374428
2026-03-29 03:55:00+00:00,14005.07958732708,13026.488030686003,11633.317113939627,13341.832403404036,14614.168517078278,10212.660485189732,14014.495604654927
2026-03-29 04:00:00+00:00,14014.455273560976,13035.863716919901,11642.685780671236,13351.201070135643,14623.540224122378,10212.660485189732,14023.871290888823
2026-03-29 04:05:00+00:00,14023.851679873995,13045.26012323292,11642.685780671236,13360.597476448662,14632.93462185423,10212.660485189732,14033.267697201842
2026-03-29 04:10:00+00:00,14033.263251871613,13045.26012323292,11642.685780671236,13360.597476448662,14632.93462185423,10212.660485189732,14042.67926919946
2026-03-29 04:15:00+00:00,14042.677738660002,13054.674618334207,11642.685780671236,13370.011963237052,14632.93462185423,10212.660485189732,14052.09375598785
2026-03-29 04:20:00+00:00,14052.064801249673,13064.061680923878,11642.685780671236,13379.399025826724,14642.318786642716,10212.660485189732,14061.48081857752
2026-03-29 04:25:00+00:00,14061.472976954294,13073.469856628499,11642.685780671236,13388.807201531343,14642.318786642716,10212.660485189732,14070.88899428214
2026-03-29 04:30:00+00:00,14051.472976954294,13063.469856628499,11642.685780671236,13378.807201531343,14632.318786642716,10212.660485189732,14060.88899428214
2026-03-29 04:35:00+00:00,14060.879121095924,13072.87600077013,11642.685780671236,13388.213345672975,14641.72384993137,10212.660485189732,14070.295138423771
2026-03-29 04:40:00+00:00,14050.879121095924,13072.87600077013,11642.685780671236,13388.213345672975,14641.72384993137,10212.660485189732,14060.295138423771
2026-03-29 04:45:00+00:00,14060.283202079167,13072.87600077013,11642.685780671236,13388.213345672975,14641.72384993137,10212.660485189732,14069.699219407014
2026-03-29 04:50:00+00:00,14060.283202079167,13082.293437727272,11642.685780671236,13388.213345672975,14641.72384993137,10212.660485189732,14079.116656364156
2026-03-29 04:55:00+00:00,14069.685548752324,13091.695784400432,11642.685780671236,13397.615692346133,14651.124753843069,10212.660485189732,14088.519003037316
2026-03-29 05:00:00+00:00,14079.099087567974,13091.695784400432,11642.685780671236,13397.615692346133,14651.124753843069,10212.660485189732,14097.932541852966
2026-03-29 05:05:00+00:00,14088.507567800523,13101.10426463298,11642.685780671236,13407.024172578682,14660.52564675028,10212.660485189732,14107.341022085515
2026-03-29 05:10:00+00:00,14097.91492981628,13110.511626648735,11642.685780671236,13416.431534594436,14669.927194822725,10212.660485189732,14116.748384101269
2026-03-29 05:15:00+00:00,14107.328014817162,13119.924723860313,11642.685780671236,13425.844619595318,14679.324815250095,10212.660485189732,14126.161469102151
2026-03-29 05:20:00+00:00,14097.328014817162,13109.924723860313,11642.685780671236,13415.844619595318,14669.324815250095,10212.660485189732,14116.161469102151
2026-03-29 05:25:00+00:00,14106.729461586081,13109.924723860313,11642.685780671236,13415.844619595318,14678.72473351716,10212.660485189732,14125.56291587107
2026-03-29 05:30:00+00:00,14116.140238098811,13109.924723860313,11642.685780671236,13415.844619595318,14678.72473351716,10212.660485189732,14134.973692383803
2026-03-29 05:35:00+00:00,14125.541383517415,13119.325914665951,11642.685780671236,13425.245765013922,14688.12437143506,10212.660485189732,14144.374837802405
2026-03-29 05:40:00+00:00,14134.951405647098,13128.735936795634,11642.685780671236,13434.655787143605,14688.12437143506,10212.660485189732,14153.784859932086
2026-03-29 05:45:00+00:00,14124.951405647098,13118.735936795634,11642.685780671236,13424.655787143605,14678.12437143506,10212.660485189732,14143.784859932086
2026-03-29 05:50:00+00:00,14114.951405647098,13118.735936795634,11642.685780671236,13424.655787143605,14687.512436999614,10212.660485189732,14133.784859932086
2026-03-29 05:55:00+00:00,14124.363358803523,13118.735936795634,11642.685780671236,13424.655787143605,14696.906389053143,10212.660485189732,14143.196813088512
2026-03-29 06:00:00+00:00,14133.772327061077,13128.144905053186,11642.685780671236,13434.064755401158,14706.307552463186,10212.660485189732,14152.605781346065
2026-03-29 06:05:00+00:00,14143.178366297385,13137.550944289496,11642.685780671236,13443.470794637467,14715.712500846685,10212.660485189732,14162.011820582375
2026-03-29 06:10:00+00:00,14133.178366297385,13127.550944289496,11642.685780671236,13433.470794637467,14715.712500846685,10212.660485189732,14152.011820582375
2026-03-29 06:15:00+00:00,14123.178366297385,13117.550944289496,11642.685780671236,13423.470794637467,14725.102510447477,10212.660485189732,14142.011820582375
2026-03-29 06:20:00+00:00,14113.178366297385,13107.550944289496,11642.685780671236,13413.470794637467,14734.49183458964,10212.660485189732,14132.011820582375
2026-03-29 06:25:00+00:00,14103.178366297385,13097.550944289496,11642.685780671236,13403.470794637467,14743.874476692243,10212.660485189732,14122.011820582375
2026-03-29 06:30:00+00:00,14093.178366297385,13097.550944289496,11642.685780671236,13403.470794637467,14743.874476692243,10212.660485189732,14112.011820582375
2026-03-29 06:35:00+00:00,14083.178366297385,13097.550944289496,11642.685780671236,13403.470794637467,14743.874476692243,10212.660485189732,14102.011820582375
2026-03-29 06:40:00+00:00,14092.580261253099,13087.550944289496,11642.685780671236,13403.470794637467,14753.276436651651,10212.660485189732,14111.413715538089
2026-03-29 06:45:00+00:00,14101.987954733486,13096.958664966965,11642.685780671236,13412.878488117854,14762.673536035956,10212.660485189732,14120.821409018476
2026-03-29 06:50:00+00:00,14111.387657431213,13106.358417057832,11642.685780671236,13422.278190815581,14772.071598184415,10212.660485189732,14130.2211117162
2026-03-29 06:55:00+00:00,14120.799180004284,13115.769939630904,11642.685780671236,13431.689713388652,14772.071598184415,10212.660485189732,14139.632634289275
2026-03-29 07:00:00+00:00,14130.189731295472,13125.160490922091,11652.05631936965,13441.060252087069,14781.459583575674,10212.660485189732,14149.02318558046
2026-03-29 07:05:00+00:00,14139.581157069275,13134.551989060645,11652.05631936965,13450.451677860872,14790.848605916271,10212.660485189732,14158.414611354265
2026-03-29 07:10:00+00:00,14148.979331292834,13134.551989060645,11652.05631936965,13450.451677860872,14800.246860651194,10212.660485189732,14167.812785577822
2026-03-29 07:15:00+00:00,14138.979331292834,13124.551989060645,11652.05631936965,13440.451677860872,14809.607436097092,10212.660485189732,14157.812785577822
2026-03-29 07:20:00+00:00,14128.979331292834,13114.551989060645,11652.05631936965,13430.451677860872,14819.003412657406,10212.660485189732,14147.812785577822
2026-03-29 07:25:00+00:00,14138.381497958593,13114.551989060645,11652.05631936965,13430.451677860872,14819.003412657406,10212.660485189732,14157.214952243583
2026-03-29 07:30:00+00:00,14147.788081004484,13123.958572106538,11652.05631936965,13439.858260906763,14828.402937903204,10212.660485189732,14166.621535289476
2026-03-29 07:35:00+00:00,14137.788081004484,13113.958572106538,11652.05631936965,13429.858260906763,14818.402937903204,10212.660485189732,14156.621535289476
2026-03-29 07:40:00+00:00,14147.202349028015,13113.958572106538,11652.05631936965,13429.858260906763,14818.402937903204,10212.660485189732,14166.035803313007
2026-03-29 07:45:00+00:00,14137.202349028015,13113.958572106538,11652.05631936965,13429.858260906763,14818.402937903204,10212.660485189732,14156.035803313007
2026-03-29 07:50:00+00:00,14127.202349028015,13103.958572106538,11652.05631936965,13419.858260906763,14818.402937903204,10212.660485189732,14146.035803313007
2026-03-29 07:55:00+00:00,14136.592308883895,13103.958572106538,11652.05631936965,13419.858260906763,14827.793012486149,10212.660485189732,14155.425763168885
2026-03-29 08:00:00+00:00,14145.991564294742,13113.357827517384,11652.05631936965,13429.257516317612,14837.190530645103,10212.660485189732,14164.825018579731
2026-03-29 08:05:00+00:00,14135.991564294742,13103.357827517384,11652.05631936965,13419.257516317612,14827.190530645103,10212.660485189732,14154.825018579731
2026-03-29 08:10:00+00:00,14145.40056164193,13112.766848438161,11652.05631936965,13428.666513664799,14827.190530645103,10212.660485189732,14164.234015926919
2026-03-29 08:15:00+00:00,14135.40056164193,13102.766848438161,11652.05631936965,13418.666513664799,14827.190530645103,10212.660485189732,14154.234015926919
2026-03-29 08:20:00+00:00,14144.797455499149,13102.766848438161,11652.05631936965,13418.666513664799,14836.587510348763,10212.660485189732,14163.630909784137
2026-03-29 08:25:00+00:00,14134.797455499149,13092.766848438161,11652.05631936965,13408.666513664799,14836.587510348763,10212.660485189732,14153.630909784137
2026-03-29 08:30:00+00:00,14124.797455499149,13082.766848438161,11652.05631936965,13398.666513664799,14836.587510348763,10212.660485189732,14143.630909784137
2026-03-29 08:35:00+00:00,14134.197113625323,13092.166506564336,11652.05631936965,13408.066171790975,14845.985469582058,10212.660485189732,14153.030567910313
2026-03-29 08:40:00+00:00,14143.607923395484,13082.166506564336,11652.05631936965,13408.066171790975,14845.985469582058,10212.660485189732,14162.441377680472
2026-03-29 08:45:00+00:00,14153.015418200568,13082.166506564336,11652.05631936965,13408.066171790975,14845.985469582058,10212.660485189732,14171.84887248556
2026-03-29 08:50:00+00:00,14143.015418200568,13082.166506564336,11652.05631936965,13408.066171790975,14845.985469582058,10212.660485189732,14161.84887248556
2026-03-29 08:55:00+00:00,14152.426145073216,13091.577233436983,11652.05631936965,13417.47689866362,14845.985469582058,10212.660485189732,14171.259599358205
2026-03-29 09:00:00+00:00,14161.834589016624,13100.98570249197,11652.05631936965,13426.88534260703,14855.383460935831,10212.660485189732,14180.668043301615
2026-03-29 09:05:00+00:00,14171.217873190459,13110.369081607449,11652.05631936965,13436.268626780864,14864.763591961548,10212.660485189732,14190.051327475448
2026-03-29 09:10:00+00:00,14180.628528099238,13119.77975548269,11652.05631936965,13445.679281689645,14864.763591961548,10212.660485189732,14199.46198238423
2026-03-29 09:15:00+00:00,14170.628528099238,13109.77975548269,11652.05631936965,13435.679281689645,14854.763591961548,10212.660485189732,14189.46198238423
2026-03-29 09:20:00+00:00,14180.03683132802,13119.188058711472,11652.05631936965,13445.087584918427,14854.763591961548,10212.660485189732,14198.87028561301
2026-03-29 09:25:00+00:00,14189.447741190423,13128.598986831632,11652.05631936965,13454.49849478083,14854.763591961548,10212.660485189732,14208.281195475412
2026-03-29 09:30:00+00:00,14198.863591463594,13128.598986831632,11661.424837423869,13463.867012835046,14864.132110015766,10212.660485189732,14217.697045748584
2026-03-29 09:35:00+00:00,14188.863591463594,13128.598986831632,11661.424837423869,13463.867012835046,14854.132110015766,10212.660485189732,14207.697045748584
2026-03-29 09:40:00+00:00,14178.863591463594,13118.598986831632,11661.424837423869,13453.867012835046,14854.132110015766,10212.660485189732,14197.697045748584
2026-03-29 09:45:00+00:00,14188.263012548698,13118.598986831632,11661.424837423869,13453.867012835046,14863.529809629392,10212.660485189732,14207.096466833687
2026-03-29 09:50:00+00:00,14178.263012548698,13118.598986831632,11661.424837423869,13453.867012835046,14863.529809629392,10212.660485189732,14197.096466833687
2026-03-29 09:55:00+00:00,14187.677234473098,13118.598986831632,11661.424837423869,13453.867012835046,14863.529809629392,10212.660485189732,14206.510688758088
2026-03-29 10:00:00+00:00,14197.081893940918,13118.598986831632,11661.424837423869,13453.867012835046,14872.917932178356,10212.660485189732,14215.91534822591
2026-03-29 10:05:00+00:00,14206.489381968733,13128.006502627444,11661.424837423869,13463.27450086286,14882.308214252398,10212.660485189732,14225.322836253723
2026-03-29 10:10:00+00:00,14196.489381968733,13118.006502627444,11661.424837423869,13453.27450086286,14872.308214252398,10212.660485189732,14215.322836253723
2026-03-29 10:15:00+00:00,14205.894998959408,13127.412152584837,11661.424837423869,13462.680117853533,14881.712736250991,10212.660485189732,14224.728453244395
2026-03-29 10:20:00+00:00,14215.304716706403,13136.821870331834,11661.424837423869,13472.089835600531,14881.712736250991,10212.660485189732,14234.138170991391
2026-03-29 10:25:00+00:00,14224.718429462257,13136.821870331834,11661.424837423869,13472.089835600531,14881.712736250991,10212.660485189732,14243.551883747246
2026-03-29 10:30:00+00:00,14214.718429462257,13126.821870331834,11661.424837423869,13462.089835600531,14871.712736250991,10212.660485189732,14233.551883747246
2026-03-29 10:35:00+00:00,14224.114724546376,13136.218165415954,11661.424837423869,13471.48613068465,14881.107012163016,10212.660485189732,14242.948178831368
2026-03-29 10:40:00+00:00,14214.114724546376,13126.218165415954,11661.424837423869,13461.48613068465,14890.50103392994,10212.660485189732,14232.948178831368
2026-03-29 10:45:00+00:00,14204.114724546376,13126.218165415954,11661.424837423869,13461.48613068465,14890.50103392994,10212.660485189732,14222.948178831368
2026-03-29 10:50:00+00:00,14213.526808995053,13135.63026485711,11661.424837423869,13470.898215133326,14899.894601083804,10212.660485189732,14232.360263280043
2026-03-29 10:55:00+00:00,14222.93291925096,13145.036375113017,11661.424837423869,13480.304325389232,14909.29962725665,10212.660485189732,14241.76637353595
2026-03-29 11:00:00+00:00,14232.332891446937,13154.436347308994,11670.794848395393,13489.674336360758,14918.697930476403,10212.660485189732,14251.166345731926
2026-03-29 11:05:00+00:00,14241.696225814509,13154.436347308994,11680.165080155779,13499.044568121144,14928.056113120798,10212.660485189732,14260.529680099498
2026-03-29 11:10:00+00:00,14251.090519792984,13154.436347308994,11680.165080155779,13499.044568121144,14937.45050377682,10212.660485189732,14269.923974077974
2026-03-29 11:15:00+00:00,14241.090519792984,13144.436347308994,11680.165080155779,13489.044568121144,14927.45050377682,10212.660485189732,14259.923974077974
2026-03-29 11:20:00+00:00,14250.485462880348,13153.831290396358,11680.165080155779,13498.439511208508,14936.843298969092,10212.660485189732,14269.318917165336
2026-03-29 11:25:00+00:00,14259.899621167862,13163.245448683872,11680.165080155779,13507.853669496022,14946.24643069284,10212.660485189732,14278.733075452852
2026-03-29 11:30:00+00:00,14269.30171064463,13172.64758092592,11689.539414663604,13517.228004003848,14955.647099742228,10212.660485189732,14288.13516492962
2026-03-29 11:35:00+00:00,14278.705428245274,13182.051298526565,11698.911757436377,13526.60034677662,14965.049505216386,10212.660485189732,14297.538882530265
2026-03-29 11:40:00+00:00,14288.104804727194,13191.450675008484,11698.911757436377,13535.999723258541,14974.447155978363,10212.660485189732,14306.938259012184
2026-03-29 11:45:00+00:00,14297.512577081941,13200.858474341132,11698.911757436377,13545.407495613288,14983.832956067527,10212.660485189732,14316.346031366931
2026-03-29 11:50:00+00:00,14306.913120524194,13210.259064842043,11698.911757436377,13554.80803905554,14993.231936491833,10212.660485189732,14325.746574809185
2026-03-29 11:55:00+00:00,14316.32521670334,13219.67116102119,11698.911757436377,13564.220135234687,14993.231936491833,10212.660485189732,14335.15867098833
2026-03-29 12:00:00+00:00,14325.738557884313,13219.67116102119,11698.911757436377,13564.220135234687,15002.614039833741,10212.660485189732,14344.572012169301
2026-03-29 12:05:00+00:00,14335.150264898883,13229.082868035759,11698.911757436377,13573.631842249257,15012.01138583848,10212.660485189732,14353.983719183872
2026-03-29 12:10:00+00:00,14344.562911584968,13238.495528151201,11698.911757436377,13583.044488935342,15012.01138583848,10212.660485189732,14363.396365869958
2026-03-29 12:15:00+00:00,14353.961219281427,13247.893835847659,11698.911757436377,13592.442796631802,15021.407866019264,10212.660485189732,14372.794673566415
2026-03-29 12:20:00+00:00,14343.961219281427,13237.893835847659,11698.911757436377,13582.442796631802,15021.407866019264,10212.660485189732,14362.794673566415
2026-03-29 12:25:00+00:00,14343.961219281427,13227.893835847659,11698.911757436377,13582.442796631802,15021.407866019264,10212.660485189732,14352.794673566415
2026-03-29 12:30:00+00:00,14353.375780218066,13237.308404891006,11698.911757436377,13591.85735756844,15030.790320379298,10212.660485189732,14362.209234503056
2026-03-29 12:35:00+00:00,14362.790598853488,13237.308404891006,11698.911757436377,13591.85735756844,15030.790320379298,10212.660485189732,14371.62405313848
2026-03-29 12:40:00+00:00,14372.203195569717,13246.721001607233,11698.911757436377,13601.26995428467,15040.166999541001,10212.660485189732,14381.036649854706
2026-03-29 12:45:00+00:00,14381.596825801123,13256.114631838638,11708.282222759068,13610.64041960736,15049.55835689977,10212.660485189732,14390.430280086111
2026-03-29 12:50:00+00:00,14390.994008477985,13265.5118145155,11708.282222759068,13620.03760228422,15058.953604922557,10212.660485189732,14399.827462762973
2026-03-29 12:55:00+00:00,14400.405127001308,13265.5118145155,11708.282222759068,13620.03760228422,15058.953604922557,10212.660485189732,14409.238581286296
2026-03-29 13:00:00+00:00,14409.81020656728,13274.91689408147,11708.282222759068,13629.442681850192,15068.35750216308,10212.660485189732,14418.643660852269
2026-03-29 13:05:00+00:00,14419.1739783855,13284.28066589969,11717.588856593484,13638.749315684607,15077.716163756106,10212.660485189732,14428.007432670489
2026-03-29 13:10:00+00:00,14428.575539434885,13293.68227118189,11717.588856593484,13648.150876733993,15087.116255638524,10212.660485189732,14437.408993719875
2026-03-29 13:15:00+00:00,14437.989911551134,13293.68227118189,11717.588856593484,13648.150876733993,15096.511144631542,10212.660485189732,14446.823365836124
2026-03-29 13:20:00+00:00,14447.380348939132,13303.072708569887,11717.588856593484,13657.54131412199,15105.899005281237,10212.660485189732,14456.213803224122
2026-03-29 13:25:00+00:00,14456.792079441155,13303.072708569887,11717.588856593484,13657.54131412199,15105.899005281237,10212.660485189732,14465.625533726145
2026-03-29 13:30:00+00:00,14466.18962722629,13312.470256355022,11717.588856593484,13666.938861907125,15115.294653180965,10212.660485189732,14475.023081511279
2026-03-29 13:35:00+00:00,14475.598441872291,13321.879071001023,11717.588856593484,13676.347676553127,15124.689245362515,10212.660485189732,14484.431896157279
2026-03-29 13:40:00+00:00,14485.013558651597,13321.879071001023,11717.588856593484,13676.347676553127,15124.689245362515,10212.660485189732,14493.847012936585
2026-03-29 13:45:00+00:00,14494.42107606199,13331.286588411416,11717.588856593484,13685.75519396352,15134.076913733013,10212.660485189732,14503.25453034698
2026-03-29 13:50:00+00:00,14503.825449825748,13340.690962175175,11717.588856593484,13695.159567727278,15143.480037902902,10212.660485189732,14512.658904110738
2026-03-29 13:55:00+00:00,14513.2324725928,13340.690962175175,11717.588856593484,13695.159567727278,15152.874256941159,10212.660485189732,14522.065926877789
2026-03-29 14:00:00+00:00,14522.646899774329,13340.690962175175,11717.588856593484,13695.159567727278,15162.252331988308,10212.660485189732,14531.48035405932
2026-03-29 14:05:00+00:00,14532.057829407393,13340.690962175175,11717.588856593484,13695.159567727278,15162.252331988308,10212.660485189732,14540.891283692381
2026-03-29 14:10:00+00:00,14541.417002905238,13350.050135673022,11726.927126279206,13704.497837413,15171.605959152877,10212.660485189732,14550.250457190228
2026-03-29 14:15:00+00:00,14550.822159526542,13359.455326540037,11726.927126279206,13713.902994034303,15181.009978302787,10212.660485189732,14559.65561381153
2026-03-29 14:20:00+00:00,14560.215868611645,13368.84903562514,11726.927126279206,13723.296703119406,15190.401422021221,10212.660485189732,14569.049322896633
2026-03-29 14:25:00+00:00,14550.215868611645,13368.84903562514,11726.927126279206,13723.296703119406,15199.78879207143,10212.660485189732,14559.049322896633
2026-03-29 14:30:00+00:00,14559.619401498185,13378.252607267954,11726.927126279206,13732.700236005945,15209.191037678547,10212.660485189732,14568.452855783173
2026-03-29 14:35:00+00:00,14549.619401498185,13378.252607267954,11726.927126279206,13732.700236005945,15218.583756247395,10212.660485189732,14558.452855783173
2026-03-29 14:40:00+00:00,14539.619401498185,13378.252607267954,11726.927126279206,13732.700236005945,15208.583756247395,10212.660485189732,14548.452855783173
2026-03-29 14:45:00+00:00,14549.033987401011,13387.667193170782,11726.927126279206,13742.114821908774,15217.968167317538,10212.660485189732,14557.867441686001
2026-03-29 14:50:00+00:00,14558.442317649728,13387.667193170782,11726.927126279206,13742.114821908774,15227.36798505765,10212.660485189732,14567.275771934717
2026-03-29 14:55:00+00:00,14567.852569658982,13397.077445180035,11726.927126279206,13751.525073918026,15236.766173403914,10212.660485189732,14576.68602394397
2026-03-29 15:00:00+00:00,14577.25534851971,13397.077445180035,11726.927126279206,13751.525073918026,15246.167550683927,10212.660485189732,14586.0888028047
2026-03-29 15:05:00+00:00,14567.25534851971,13397.077445180035,11726.927126279206,13751.525073918026,15236.167550683927,10212.660485189732,14576.0888028047
2026-03-29 15:10:00+00:00,14576.658005057829,13406.480142908518,11736.288411402184,13760.886359041004,15245.568839100899,10212.660485189732,14585.491459342818
2026-03-29 15:15:00+00:00,14566.658005057829,13406.480142908518,11736.288411402184,13760.886359041004,15254.95010433454,10212.660485189732,14575.491459342818
2026-03-29 15:20:00+00:00,14576.057159296772,13415.879297147461,11736.288411402184,13770.285513279947,15264.347511685146,10212.660485189732,14584.89061358176
2026-03-29 15:25:00+00:00,14566.057159296772,13405.879297147461,11736.288411402184,13760.285513279947,15264.347511685146,10212.660485189732,14574.89061358176
2026-03-29 15:30:00+00:00,14575.469927421696,13415.292078364108,11736.288411402184,13769.698281404872,15273.728235369163,10212.660485189732,14584.303381706686
2026-03-29 15:35:00+00:00,14584.862980989536,13424.6851997805,11736.288411402184,13779.091334972713,15283.119035481188,10212.660485189732,14593.696435274527
2026-03-29 15:40:00+00:00,14594.275735839608,13424.6851997805,11736.288411402184,13779.091334972713,15292.51327976272,10212.660485189732,14603.109190124598
2026-03-29 15:45:00+00:00,14603.687137032372,13434.096617865202,11736.288411402184,13788.502736165476,15292.51327976272,10212.660485189732,14612.52059131736
2026-03-29 15:50:00+00:00,14613.085284490697,13443.494765323529,11745.64791453357,13797.862239296861,15301.909584444664,10212.660485189732,14621.918738775687
2026-03-29 15:55:00+00:00,14613.085284490697,13452.910815633999,11745.64791453357,13797.862239296861,15301.909584444664,10212.660485189732,14631.334789086159
2026-03-29 16:00:00+00:00,14603.085284490697,13442.910815633999,11745.64791453357,13787.862239296861,15291.909584444664,10212.660485189732,14621.334789086159
2026-03-29 16:05:00+00:00,14593.085284490697,13442.910815633999,11745.64791453357,13787.862239296861,15301.290073737433,10212.660485189732,14611.334789086159
2026-03-29 16:10:00+00:00,14602.475417554992,13452.300948698294,11745.64791453357,13797.252372361156,15310.677601106418,10212.660485189732,14620.724922150453
2026-03-29 16:15:00+00:00,14611.858116732801,13461.683647876103,11754.997652172005,13806.602109999592,15320.056987550215,10212.660485189732,14630.107621328263
2026-03-29 16:20:00+00:00,14621.269226993114,13471.09477583711,11754.997652172005,13816.013220259905,15320.056987550215,10212.660485189732,14639.518731588578
2026-03-29 16:25:00+00:00,14630.680330865296,13480.50587970929,11754.997652172005,13825.424324132087,15320.056987550215,10212.660485189732,14648.929835460756
2026-03-29 16:30:00+00:00,14640.093300704171,13480.50587970929,11754.997652172005,13825.424324132087,15320.056987550215,10212.660485189732,14658.342805299631
2026-03-29 16:35:00+00:00,14630.093300704171,13470.50587970929,11754.997652172005,13815.424324132087,15320.056987550215,10212.660485189732,14648.342805299631
2026-03-29 16:40:00+00:00,14620.093300704171,13470.50587970929,11754.997652172005,13815.424324132087,15320.056987550215,10212.660485189732,14638.342805299631
2026-03-29 16:45:00+00:00,14629.503526002765,13479.916105007884,11754.997652172005,13824.83454943068,15320.056987550215,10212.660485189732,14647.753030598225
2026-03-29 16:50:00+00:00,14638.896935120174,13489.309514125294,11754.997652172005,13834.22795854809,15329.448102747836,10212.660485189732,14657.146439715638
2026-03-29 16:55:00+00:00,14628.896935120174,13479.309514125294,11754.997652172005,13824.22795854809,15329.448102747836,10212.660485189732,14647.146439715638
2026-03-29 17:00:00+00:00,14638.305684077455,13479.309514125294,11754.997652172005,13824.22795854809,15338.843761218419,10212.660485189732,14656.555188672915
2026-03-29 17:05:00+00:00,14647.718326367209,13488.726391435972,11754.997652172005,13833.640600837845,15338.843761218419,10212.660485189732,14665.96783096267
2026-03-29 17:10:00+00:00,14657.125466320733,13498.133560124703,11754.997652172005,13843.047740791368,15348.224632254762,10212.660485189732,14675.374970916193
2026-03-29 17:15:00+00:00,14647.125466320733,13498.133560124703,11754.997652172005,13843.047740791368,15357.625365647116,10212.660485189732,14665.374970916193
2026-03-29 17:20:00+00:00,14656.497633518215,13507.505727322185,11764.37592163213,13852.426010251493,15366.993219433054,10212.660485189732,14674.747138113677
2026-03-29 17:25:00+00:00,14665.89780042594,13516.90589422991,11764.37592163213,13861.826177159219,15376.391735912319,10212.660485189732,14684.147305021403
2026-03-29 17:30:00+00:00,14655.89780042594,13516.90589422991,11764.37592163213,13861.826177159219,15366.391735912319,10212.660485189732,14674.147305021403
2026-03-29 17:35:00+00:00,14665.292641856655,13526.300735660625,11764.37592163213,13871.221018589933,15375.784419770058,10212.660485189732,14683.542146452117
2026-03-29 17:40:00+00:00,14674.682032041743,13535.690125845715,11773.740497201745,13880.585594159547,15385.171133577593,10212.660485189732,14692.931536637207
2026-03-29 17:45:00+00:00,14684.092293075773,13545.100406941036,11773.740497201745,13889.995855193578,15385.171133577593,10212.660485189732,14702.341797671237
2026-03-29 17:50:00+00:00,14693.50042199987,13554.508535865132,11773.740497201745,13899.403984117673,15394.567764430114,10212.660485189732,14711.749926595332
2026-03-29 17:55:00+00:00,14693.50042199987,13554.508535865132,11773.740497201745,13899.403984117673,15394.567764430114,10212.660485189732,14711.749926595332
2026-03-29 18:00:00+00:00,14702.899541622864,13554.508535865132,11773.740497201745,13899.403984117673,15403.965133867692,10212.660485189732,14721.149046218326
2026-03-29 18:05:00+00:00,14712.307909121933,13554.508535865132,11773.740497201745,13899.403984117673,15403.965133867692,10212.660485189732,14730.557413717395
2026-03-29 18:10:00+00:00,14721.71443704763,13563.915063790828,11773.740497201745,13908.810512043368,15413.366663930949,10212.660485189732,14739.963941643091
2026-03-29 18:15:00+00:00,14731.11784329543,13573.318470038626,11773.740497201745,13918.213918291169,15422.768728381832,10212.660485189732,14749.367347890891
2026-03-29 18:20:00+00:00,14740.517909556334,13582.718584683196,11783.115128096673,13927.588549186097,15432.167187619438,10212.660485189732,14758.767414151796
2026-03-29 18:25:00+00:00,14749.930771244784,13592.131446371646,11783.115128096673,13937.001410874545,15432.167187619438,10212.660485189732,14768.180275840245
2026-03-29 18:30:00+00:00,14759.342839118122,13601.543514244984,11783.115128096673,13946.413478747885,15432.167187619438,10212.660485189732,14777.592343713584
2026-03-29 18:35:00+00:00,14768.751340876319,13601.543514244984,11783.115128096673,13946.413478747885,15441.535141250766,10212.660485189732,14787.00084547178
2026-03-29 18:40:00+00:00,14778.160261355,13610.952458510888,11783.115128096673,13955.822399226567,15450.933914634275,10212.660485189732,14796.409765950462
2026-03-29 18:45:00+00:00,14787.560782188968,13610.952458510888,11792.492745926582,13965.200017056475,15460.33281875497,10212.660485189732,14805.81028678443
2026-03-29 18:50:00+00:00,14796.975735157335,13610.952458510888,11792.492745926582,13965.200017056475,15460.33281875497,10212.660485189732,14815.225239752797
2026-03-29 18:55:00+00:00,14806.385232498904,13620.361978036413,11792.492745926582,13974.609514398044,15460.33281875497,10212.660485189732,14824.634737094366
2026-03-29 19:00:00+00:00,14796.385232498904,13620.361978036413,11792.492745926582,13974.609514398044,15460.33281875497,10212.660485189732,14814.634737094366
2026-03-29 19:05:00+00:00,14786.385232498904,13620.361978036413,11792.492745926582,13974.609514398044,15469.72634058904,10212.660485189732,14804.634737094366
2026-03-29 19:10:00+00:00,14795.799889370115,13629.776642747554,11792.492745926582,13984.024171269255,15469.72634058904,10212.660485189732,14814.049393965577
2026-03-29 19:15:00+00:00,14805.210357186195,13639.187130050152,11792.492745926582,13993.434639085335,15469.72634058904,10212.660485189732,14823.459861781657
2026-03-29 19:20:00+00:00,14795.210357186195,13629.187130050152,11792.492745926582,13983.434639085335,15459.72634058904,10212.660485189732,14813.459861781657
2026-03-29 19:25:00+00:00,14785.210357186195,13629.187130050152,11792.492745926582,13983.434639085335,15459.72634058904,10212.660485189732,14803.459861781657
2026-03-29 19:30:00+00:00,14794.624904384134,13629.187130050152,11792.492745926582,13983.434639085335,15469.122215464504,10212.660485189732,14812.874408979596
2026-03-29 19:35:00+00:00,14804.020723407597,13638.582949073614,11792.492745926582,13992.830458108798,15478.515969988104,10212.660485189732,14822.270228003057
2026-03-29 19:40:00+00:00,14794.020723407597,13638.582949073614,11792.492745926582,13992.830458108798,15478.515969988104,10212.660485189732,14812.270228003057
2026-03-29 19:45:00+00:00,14784.020723407597,13628.582949073614,11792.492745926582,13982.830458108798,15468.515969988104,10212.660485189732,14802.270228003057
2026-03-29 19:50:00+00:00,14793.432031693075,13628.582949073614,11792.492745926582,13982.830458108798,15468.515969988104,10212.660485189732,14811.681536288539
2026-03-29 19:55:00+00:00,14802.843163277354,13628.582949073614,11792.492745926582,13982.830458108798,15477.918955807578,10212.660485189732,14821.092667872814
2026-03-29 20:00:00+00:00,14812.243017641751,13637.982803438012,11792.492745926582,13992.230312473195,15487.317129971603,10212.660485189732,14830.492522237213
2026-03-29 20:05:00+00:00,14821.632444119909,13647.372229916169,11792.492745926582,14001.619738951353,15496.703883525222,10212.660485189732,14839.88194871537
2026-03-29 20:10:00+00:00,14831.03908654156,13656.778872337818,11792.492745926582,14011.026381373003,15496.703883525222,10212.660485189732,14849.288591137021
2026-03-29 20:15:00+00:00,14840.444445884237,13666.18426536302,11801.862580321405,14020.396215767827,15506.108124101793,10212.660485189732,14858.693950479701
2026-03-29 20:20:00+00:00,14849.859814075,13666.18426536302,11811.218922262355,14029.752557708776,15515.46446604274,10212.660485189732,14868.10931867046
2026-03-29 20:25:00+00:00,14859.27222733672,13666.18426536302,11811.218922262355,14029.752557708776,15524.861154785433,10212.660485189732,14877.521731932182
2026-03-29 20:30:00+00:00,14868.681101579208,13666.18426536302,11811.218922262355,14029.752557708776,15534.25606406762,10212.660485189732,14886.930606174668
2026-03-29 20:35:00+00:00,14878.088772933559,13656.18426536302,11811.218922262355,14029.752557708776,15543.652591207432,10212.660485189732,14896.33827752902
2026-03-29 20:40:00+00:00,14887.496486849963,13665.591979279425,11811.218922262355,14039.160271625182,15553.025306646861,10212.660485189732,14905.745991445425
2026-03-29 20:45:00+00:00,14896.90179005158,13674.997282481041,11811.218922262355,14048.565574826798,15562.42944883836,10212.660485189732,14915.151294647041
2026-03-29 20:50:00+00:00,14906.311735927247,13684.41318349814,11811.218922262355,14057.975520702468,15562.42944883836,10212.660485189732,14924.561240522711
2026-03-29 20:55:00+00:00,14896.311735927247,13674.41318349814,11811.218922262355,14047.975520702468,15562.42944883836,10212.660485189732,14914.561240522711
2026-03-29 21:00:00+00:00,14905.713327407473,13683.814774978366,11811.218922262355,14057.377112182694,15571.829525603836,10212.660485189732,14923.962832002937
2026-03-29 21:05:00+00:00,14915.125098943117,13693.226562376409,11811.218922262355,14066.788883718338,15581.226850470695,10212.660485189732,14933.374603538581
2026-03-29 21:10:00+00:00,14924.53306162453,13702.63452505782,11811.218922262355,14076.19684639975,15581.226850470695,10212.660485189732,14942.782566219992
2026-03-29 21:15:00+00:00,14914.53306162453,13702.63452505782,11811.218922262355,14076.19684639975,15581.226850470695,10212.660485189732,14932.782566219992
2026-03-29 21:20:00+00:00,14923.939755888081,13712.04121932137,11811.218922262355,14085.6035406633,15590.617563598278,10212.660485189732,14942.189260483543
2026-03-29 21:25:00+00:00,14933.346858963181,13721.44832239647,11811.218922262355,14095.0106437384,15590.617563598278,10212.660485189732,14951.596363558641
2026-03-29 21:30:00+00:00,14923.346858963181,13711.44832239647,11811.218922262355,14085.0106437384,15590.617563598278,10212.660485189732,14941.596363558641
2026-03-29 21:35:00+00:00,14932.757215286782,13720.858678720073,11811.218922262355,14094.421000062,15600.007284191568,10212.660485189732,14951.006719882243
2026-03-29 21:40:00+00:00,14922.757215286782,13720.858678720073,11811.218922262355,14094.421000062,15600.007284191568,10212.660485189732,14941.006719882243
2026-03-29 21:45:00+00:00,14932.163609073395,13730.265072506685,11811.218922262355,14103.827393848613,15609.395921473413,10212.660485189732,14950.413113668856
2026-03-29 21:50:00+00:00,14922.163609073395,13730.265072506685,11811.218922262355,14103.827393848613,15609.395921473413,10212.660485189732,14940.413113668856
2026-03-29 21:55:00+00:00,14931.559729008264,13739.661192441554,11811.218922262355,14113.223513783483,15618.790005559196,10212.660485189732,14949.809233603726
2026-03-29 22:00:00+00:00,14940.90368640289,13749.005149836179,11820.531977288378,14122.536568809506,15628.126975145178,10212.660485189732,14959.153190998351
2026-03-29 22:05:00+00:00,14950.299044505788,13758.400569392565,11829.906241484996,14131.910833006124,15637.520292168621,10222.055904746117,14968.548549101248
2026-03-29 22:10:00+00:00,14959.649939721128,13758.400569392565,11839.26661942109,14141.27121094222,15646.864856508857,10222.055904746117,14977.89944431659
2026-03-29 22:15:00+00:00,14949.649939721128,13758.400569392565,11848.643356878541,14141.27121094222,15656.241593966308,10222.055904746117,14967.89944431659
2026-03-29 22:20:00+00:00,14959.054770483035,13758.400569392565,11848.643356878541,14141.27121094222,15665.645218689198,10222.055904746117,14977.304275078495
2026-03-29 22:25:00+00:00,14968.467492241572,13758.400569392565,11848.643356878541,14141.27121094222,15675.037443180398,10222.055904746117,14986.716996837034
2026-03-29 22:30:00+00:00,14977.873835438735,13758.400569392565,11848.643356878541,14141.27121094222,15684.435130789867,10222.055904746117,14996.123340034197
2026-03-29 22:35:00+00:00,14987.235039152378,13767.761773106207,11858.021555869436,14150.649409933114,15693.790980689198,10222.055904746117,15005.48454374784
2026-03-29 22:40:00+00:00,14996.411043215969,13776.937777169796,11867.118752569877,14159.746606633555,15702.944253352329,10222.055904746117,15014.660547811429
2026-03-29 22:45:00+00:00,14986.411043215969,13776.937777169796,11876.475933715486,14159.746606633555,15692.944253352329,10231.413085891727,15004.660547811429
2026-03-29 22:50:00+00:00,14995.683204612884,13786.209938566713,11885.714249303981,14168.98492222205,15702.20265932538,10231.413085891727,15013.932709208348
2026-03-29 22:55:00+00:00,15004.98484644452,13795.51158039835,11895.020331294238,14178.291004212308,15711.493317835892,10231.413085891727,15023.234351039982
2026-03-29 23:00:00+00:00,15014.353397272618,13804.880266975797,11904.345256409544,14187.615929327612,15720.857360560294,10231.413085891727,15032.602901868078
2026-03-29 23:05:00+00:00,15023.722532179396,13804.880266975797,11913.700074221939,14196.970747140007,15730.221894169961,10231.413085891727,15041.972036774856
2026-03-29 23:10:00+00:00,15033.09559630876,13814.253331105163,11923.057481680098,14206.328154598166,15739.590730061504,10231.413085891727,15051.345100904222
2026-03-29 23:15:00+00:00,15042.467317318566,13814.253331105163,11932.411063382204,14215.681736300272,15748.958095292488,10231.413085891727,15060.716821914026
2026-03-29 23:20:00+00:00,15032.467317318566,13804.253331105163,11932.411063382204,14205.681736300272,15758.349188261105,10231.413085891727,15050.716821914026
2026-03-29 23:25:00+00:00,15041.843038281735,13813.629052068334,11941.79438847796,14215.065061396028,15767.720933333569,10231.413085891727,15060.092542877199
2026-03-29 23:30:00+00:00,15051.22803853183,13823.014142502925,11941.79438847796,14224.450061646123,15777.102938402062,10240.798176326318,15069.477543127292
2026-03-29 23:35:00+00:00,15041.22803853183,13813.014142502925,11941.79438847796,14214.450061646123,15767.102938402062,10240.798176326318,15059.477543127292
2026-03-29 23:40:00+00:00,15050.629122028986,13822.415271559068,11941.79438847796,14223.851145143277,15776.50250868764,10250.19930538246,15068.878626624446
2026-03-29 23:45:00+00:00,15060.031121396816,13831.817270926898,11941.79438847796,14233.253144511109,15785.903032202681,10250.19930538246,15078.280625992278
2026-03-29 23:50:00+00:00,15050.031121396816,13831.817270926898,11941.79438847796,14233.253144511109,15775.903032202681,10250.19930538246,15068.280625992278
2026-03-29 23:55:00+00:00,15059.442180817357,13841.228348189457,11941.79438847796,14242.664203931648,15785.292150645564,10250.19930538246,15077.691685412818
2026-03-30 00:00:00+00:00,15068.78685360145,13850.57302097355,11951.131155246421,14252.000970700112,15794.629903336248,10250.19930538246,15087.03635819691
2026-03-30 00:05:00+00:00,15078.163750397132,13859.949917769234,11951.131155246421,14261.377867495794,15804.0029359466,10250.19930538246,15096.413254992596
2026-03-30 00:10:00+00:00,15087.549003228372,13869.335170600472,11951.131155246421,14270.763120327034,15813.385118855147,10250.19930538246,15105.798507823834
2026-03-30 00:15:00+00:00,15096.881863912593,13878.668265628536,11960.32378929469,14279.955754375304,15822.710198577734,10259.532400410522,15115.131368508057
2026-03-30 00:20:00+00:00,15106.193814988525,13878.668265628536,11969.544999411773,14289.176964492384,15832.012137960191,10259.532400410522,15124.443319583988
2026-03-30 00:25:00+00:00,15096.193814988525,13878.668265628536,11959.544999411773,14279.176964492384,15822.012137960191,10259.532400410522,15114.443319583988
2026-03-30 00:30:00+00:00,15086.193814988525,13868.668265628536,11968.884801974724,14269.176964492384,15831.351940523142,10259.532400410522,15104.443319583988
2026-03-30 00:35:00+00:00,15095.54860878333,13878.023233220025,11978.198692489328,14278.490855006989,15840.700963090378,10259.532400410522,15113.798113378793
2026-03-30 00:40:00+00:00,15085.54860878333,13878.023233220025,11978.198692489328,14278.490855006989,15830.700963090378,10259.532400410522,15103.798113378793
2026-03-30 00:45:00+00:00,15094.955200840526,13878.023233220025,11978.198692489328,14278.490855006989,15840.098045339591,10259.532400410522,15113.20470543599
2026-03-30 00:50:00+00:00,15104.328092362437,13878.023233220025,11987.54906401911,14287.84122653677,15849.466692231992,10259.532400410522,15122.5775969579
2026-03-30 00:55:00+00:00,15113.675148600185,13887.370289457771,11996.898060844445,14297.190223362108,15858.807054022265,10259.532400410522,15131.924653195645
2026-03-30 01:00:00+00:00,15123.032865947038,13896.728006804624,12006.21249915437,14306.504661672032,15868.15908698109,10259.532400410522,15141.2823705425
2026-03-30 01:05:00+00:00,15132.437695878118,13906.132871888989,12006.21249915437,14315.90949160311,15877.562749297678,10259.532400410522,15150.687200473578
2026-03-30 01:10:00+00:00,15141.817269861243,13915.512445872115,12006.21249915437,14325.289065586236,15886.938713486923,10259.532400410522,15160.066774456704
2026-03-30 01:15:00+00:00,15151.189516833536,13915.512445872115,12015.548192256507,14334.624758688373,15896.306654622831,10259.532400410522,15169.439021429
2026-03-30 01:20:00+00:00,15160.596003174043,13924.918932212622,12015.548192256507,14344.03124502888,15886.306654622831,10259.532400410522,15178.845507769507
2026-03-30 01:25:00+00:00,15169.99950641732,13934.322474294511,12024.909013124705,14353.392065897078,15895.708867852012,10259.532400410522,15188.249011012784
2026-03-30 01:30:00+00:00,15179.408889550758,13934.322474294511,12024.909013124705,14353.392065897078,15905.03317923515,10259.532400410522,15197.65839414622
2026-03-30 01:35:00+00:00,15188.808607405823,13943.722192149575,12024.909013124705,14362.791783752142,15914.431203886714,10259.532400410522,15207.058112001283
2026-03-30 01:40:00+00:00,15178.808607405823,13943.722192149575,12024.909013124705,14362.791783752142,15904.431203886714,10259.532400410522,15197.058112001283
2026-03-30 01:45:00+00:00,15188.176957944044,13953.090542687798,12034.264405492819,14372.147176120257,15913.794878676083,10259.532400410522,15206.426462539508
2026-03-30 01:50:00+00:00,15197.561072523515,13953.090542687798,12043.605743404645,14381.488514032084,15923.17581509475,10259.532400410522,15215.810577118977
2026-03-30 01:55:00+00:00,15187.561072523515,13943.090542687798,12043.605743404645,14371.488514032084,15932.571877584789,10259.532400410522,15205.810577118977
2026-03-30 02:00:00+00:00,15177.561072523515,13933.090542687798,12043.605743404645,14361.488514032084,15922.571877584789,10259.532400410522,15195.810577118977
2026-03-30 02:05:00+00:00,15186.89275798331,13942.422228147596,12052.912225547625,14370.794996175064,15931.895414498445,10259.532400410522,15205.142262578775
2026-03-30 02:10:00+00:00,15176.89275798331,13932.422228147596,12052.912225547625,14360.794996175064,15921.895414498445,10259.532400410522,15195.142262578775
2026-03-30 02:15:00+00:00,15186.29349459476,13941.823011281303,12052.912225547625,14370.195732786511,15931.294605906556,10259.532400410522,15204.542999190222
2026-03-30 02:20:00+00:00,15195.693472891311,13941.823011281303,12052.912225547625,14370.195732786511,15940.692915808002,10259.532400410522,15213.942977486773
2026-03-30 02:25:00+00:00,15205.07676621167,13951.206304601663,12062.3096552247,14379.593162463589,15950.072952881454,10259.532400410522,15223.326270807132
2026-03-30 02:30:00+00:00,15195.07676621167,13951.206304601663,12062.3096552247,14379.593162463589,15959.470235338391,10268.929682867461,15213.326270807132
2026-03-30 02:35:00+00:00,15204.47510337607,13960.604641766062,12062.3096552247,14388.991499627986,15968.866747793607,10268.929682867461,15222.72460797153
2026-03-30 02:40:00+00:00,15213.825291589284,13969.954829979277,12071.604356647476,14398.286201050762,15978.210538162726,10268.929682867461,15232.074796184745
2026-03-30 02:45:00+00:00,15223.21417129859,13979.343789115686,12071.604356647476,14407.67508076007,15987.596779911606,10268.929682867461,15241.463675894052
2026-03-30 02:50:00+00:00,15232.622647246146,13979.343789115686,12080.98220817844,14417.052932291033,15996.97463144257,10268.929682867461,15250.872151841608
2026-03-30 02:55:00+00:00,15242.029771406875,13979.343789115686,12080.98220817844,14417.052932291033,15996.97463144257,10268.929682867461,15260.279276002337
2026-03-30 03:00:00+00:00,15251.401128787791,13988.715146496603,12090.308677471534,14426.379401584127,16006.341598518262,10268.929682867461,15269.650633383253
2026-03-30 03:05:00+00:00,15260.791037280378,13988.715146496603,12099.68146142282,14435.75218553541,16015.728879947732,10268.929682867461,15279.040541875842
2026-03-30 03:10:00+00:00,15270.192672823583,13988.715146496603,12099.68146142282,14435.75218553541,16025.129004974251,10268.929682867461,15288.442177419045
2026-03-30 03:15:00+00:00,15279.581593662391,13998.10406733541,12109.054231301207,14445.124955413798,16034.51520478199,10268.929682867461,15297.831098257851
2026-03-30 03:20:00+00:00,15269.581593662391,13998.10406733541,12109.054231301207,14445.124955413798,16024.51520478199,10278.324930545317,15287.831098257851
2026-03-30 03:25:00+00:00,15259.581593662391,13998.10406733541,12109.054231301207,14445.124955413798,16033.91278539229,10287.722511155614,15277.831098257851
2026-03-30 03:30:00+00:00,15268.975813578229,14007.498287251248,12109.054231301207,14454.519175329635,16043.3047885683,10287.722511155614,15287.22531817369
2026-03-30 03:35:00+00:00,15258.975813578229,13997.498287251248,12109.054231301207,14444.519175329635,16052.701682473406,10287.722511155614,15277.22531817369
2026-03-30 03:40:00+00:00,15268.375357846766,14006.897831519786,12109.054231301207,14453.918719598172,16062.099517003837,10287.722511155614,15286.624862442228
2026-03-30 03:45:00+00:00,15258.375357846766,13996.897831519786,12109.054231301207,14443.918719598172,16052.099517003837,10287.722511155614,15276.624862442228
2026-03-30 03:50:00+00:00,15267.77631260746,14006.29878628048,12109.054231301207,14453.319674358867,16061.498896389181,10287.722511155614,15286.025817202923
2026-03-30 03:55:00+00:00,15257.77631260746,14006.29878628048,12109.054231301207,14453.319674358867,16061.498896389181,10287.722511155614,15276.025817202923
2026-03-30 04:00:00+00:00,15267.169373238336,14015.691846911355,12109.054231301207,14462.712734989742,16070.889629929985,10287.722511155614,15285.418877833798
2026-03-30 04:05:00+00:00,15276.547435083867,14015.691846911355,12118.384263159973,14472.04276684851,16080.263938285923,10287.722511155614,15294.796939679327
2026-03-30 04:10:00+00:00,15285.936121045876,14025.080532873364,12127.754893316445,14481.41339700498,16089.649880871628,10287.722511155614,15304.185625641338
2026-03-30 04:15:00+00:00,15275.936121045876,14025.080532873364,12127.754893316445,14481.41339700498,16099.044370646916,10287.722511155614,15294.185625641338
2026-03-30 04:20:00+00:00,15265.936121045876,14025.080532873364,12127.754893316445,14481.41339700498,16108.444716962107,10297.122857470806,15284.185625641338
2026-03-30 04:25:00+00:00,15275.338824957826,14025.080532873364,12137.075729233886,14490.73423292242,16117.846012151746,10297.122857470806,15293.588329553288
2026-03-30 04:30:00+00:00,15284.751913436292,14025.080532873364,12137.075729233886,14490.73423292242,16117.846012151746,10297.122857470806,15303.001418031756
2026-03-30 04:35:00+00:00,15294.159893885844,14034.48853972254,12137.075729233886,14500.142213371972,16127.237243115524,10297.122857470806,15312.409398481304
2026-03-30 04:40:00+00:00,15303.567322388328,14043.895968225024,12137.075729233886,14509.549641874455,16136.63499958639,10297.122857470806,15321.81682698379
2026-03-30 04:45:00+00:00,15312.953703662542,14043.895968225024,12146.43588799304,14518.90980063361,16146.018418257092,10297.122857470806,15331.203208258004
2026-03-30 04:50:00+00:00,15322.343293191989,14053.28563521284,12146.43588799304,14528.299390163058,16155.405435203427,10297.122857470806,15340.592797787453
2026-03-30 04:55:00+00:00,15312.343293191989,14053.28563521284,12146.43588799304,14528.299390163058,16145.405435203427,10297.122857470806,15330.592797787453
2026-03-30 05:00:00+00:00,15321.75616573769,14053.28563521284,12146.43588799304,14528.299390163058,16154.789217303805,10306.506639571186,15340.005670333152
2026-03-30 05:05:00+00:00,15331.165880739207,14053.28563521284,12146.43588799304,14528.299390163058,16164.189165230157,10306.506639571186,15349.415385334669
2026-03-30 05:10:00+00:00,15340.552439178839,14053.28563521284,12155.799186414815,14537.662688584833,16173.573537682318,10306.506639571186,15358.801943774299
2026-03-30 05:15:00+00:00,15330.552439178839,14053.28563521284,12155.799186414815,14537.662688584833,16182.960387600271,10315.89348948914,15348.801943774299
2026-03-30 05:20:00+00:00,15339.960123106428,14062.693319140431,12155.799186414815,14547.070372512422,16192.355575550726,10315.89348948914,15358.20962770189
2026-03-30 05:25:00+00:00,15349.369085393162,14062.693319140431,12155.799186414815,14547.070372512422,16201.757636925278,10315.89348948914,15367.618589988626
2026-03-30 05:30:00+00:00,15339.369085393162,14062.693319140431,12155.799186414815,14547.070372512422,16201.757636925278,10315.89348948914,15357.618589988626
2026-03-30 05:35:00+00:00,15348.7712305959,14072.095506953681,12155.799186414815,14556.47251771516,16211.151198139862,10315.89348948914,15367.020735191363
2026-03-30 05:40:00+00:00,15338.7712305959,14072.095506953681,12155.799186414815,14556.47251771516,16220.548272751184,10315.89348948914,15357.020735191363
2026-03-30 05:45:00+00:00,15328.7712305959,14062.095506953681,12155.799186414815,14546.47251771516,16210.548272751184,10315.89348948914,15347.020735191363
2026-03-30 05:50:00+00:00,15338.176066712933,14062.095506953681,12155.799186414815,14546.47251771516,16219.947352635147,10315.89348948914,15356.425571308395
2026-03-30 05:55:00+00:00,15328.176066712933,14062.095506953681,12155.799186414815,14546.47251771516,16219.947352635147,10315.89348948914,15346.425571308395
2026-03-30 06:00:00+00:00,15337.577926192438,14062.095506953681,12165.176664261233,14555.849995561577,16229.327168647647,10315.89348948914,15355.8274307879
2026-03-30 06:05:00+00:00,15346.980149615982,14062.095506953681,12165.176664261233,14555.849995561577,16238.727937566331,10315.89348948914,15365.229654211444
2026-03-30 06:10:00+00:00,15356.394056290355,14062.095506953681,12165.176664261233,14555.849995561577,16238.727937566331,10315.89348948914,15374.64356088582
2026-03-30 06:15:00+00:00,15365.7875385214,14071.489055843855,12174.531185202046,14565.204516502392,16248.119205841187,10315.89348948914,15384.03704311686
2026-03-30 06:20:00+00:00,15375.203015339906,14071.489055843855,12174.531185202046,14565.204516502392,16257.51151079882,10315.89348948914,15393.452519935368
2026-03-30 06:25:00+00:00,15384.615237434855,14071.489055843855,12174.531185202046,14565.204516502392,16266.902545253548,10315.89348948914,15402.864742030317
2026-03-30 06:30:00+00:00,15374.615237434855,14071.489055843855,12174.531185202046,14565.204516502392,16266.902545253548,10315.89348948914,15392.864742030317
2026-03-30 06:35:00+00:00,15364.615237434855,14071.489055843855,12174.531185202046,14565.204516502392,16266.902545253548,10315.89348948914,15382.864742030317
2026-03-30 06:40:00+00:00,15374.029950282116,14071.489055843855,12174.531185202046,14565.204516502392,16266.902545253548,10315.89348948914,15392.279454877578
2026-03-30 06:45:00+00:00,15383.429282824662,14080.888388386402,12174.531185202046,14574.60384904494,16276.300147890932,10315.89348948914,15401.678787420125
2026-03-30 06:50:00+00:00,15392.843249490226,14080.888388386402,12183.905041123671,14583.977704966563,16285.674003812557,10315.89348948914,15411.092754085686
2026-03-30 06:55:00+00:00,15402.253940829536,14090.299098590907,12183.905041123671,14593.388396305872,16295.063666620532,10315.89348948914,15420.503445424998
2026-03-30 07:00:00+00:00,15411.664462075836,14099.709639175207,12183.905041123671,14602.798917552172,16304.458137987396,10315.89348948914,15429.913966671298
2026-03-30 07:05:00+00:00,15421.053052438674,14109.098229538045,12193.269683928815,14612.16356035732,16313.843975879176,10315.89348948914,15439.302557034136
2026-03-30 07:10:00+00:00,15430.460948008476,14118.506151743346,12193.269683928815,14621.571455927122,16323.237277285982,10315.89348948914,15448.710452603938
2026-03-30 07:15:00+00:00,15420.460948008476,14108.506151743346,12193.269683928815,14611.571455927122,16313.237277285982,10315.89348948914,15438.710452603938
2026-03-30 07:20:00+00:00,15429.869017349525,14108.506151743346,12193.269683928815,14611.571455927122,16322.636558728173,10315.89348948914,15448.118521944987
2026-03-30 07:25:00+00:00,15439.265648819273,14108.506151743346,12193.269683928815,14611.571455927122,16332.040940477167,10315.89348948914,15457.515153414737
2026-03-30 07:30:00+00:00,15448.639986648974,14117.880489573046,12202.651569723605,14620.95334172191,16341.413687407643,10305.89348948914,15466.889491244438
2026-03-30 07:35:00+00:00,15438.639986648974,14107.880489573046,12202.651569723605,14610.95334172191,16331.413687407643,10305.89348948914,15456.889491244438
2026-03-30 07:40:00+00:00,15448.046843538019,14117.287346462092,12202.651569723605,14620.360198610953,16340.81112654179,10305.89348948914,15466.296348133481
2026-03-30 07:45:00+00:00,15457.447827907734,14126.688330831807,12212.002050352108,14629.710679239459,16350.193911633092,10305.89348948914,15475.697332503194
2026-03-30 07:50:00+00:00,15466.812833417966,14136.053336342038,12221.398047523324,14639.106676410674,16359.581207114263,10305.89348948914,15485.062338013428
2026-03-30 07:55:00+00:00,15476.188588075931,14145.429091000004,12230.775685168926,14648.484314056279,16368.95103108801,10305.89348948914,15494.438092671393
2026-03-30 08:00:00+00:00,15485.586219072793,14145.429091000004,12240.098918269783,14657.807547157136,16378.344214176028,10305.89348948914,15503.835723668255
2026-03-30 08:05:00+00:00,15475.586219072793,14145.429091000004,12240.098918269783,14657.807547157136,16368.344214176028,10295.89348948914,15493.835723668255
2026-03-30 08:10:00+00:00,15465.586219072793,14145.429091000004,12240.098918269783,14657.807547157136,16377.748066565055,10295.89348948914,15483.835723668255
2026-03-30 08:15:00+00:00,15474.978034407999,14145.429091000004,12249.454860524682,14667.163489412033,16387.11984021285,10295.89348948914,15493.227539003463
2026-03-30 08:20:00+00:00,15484.35669381885,14145.429091000004,12258.810029787934,14676.518658675286,16396.48249919756,10295.89348948914,15502.606198414313
2026-03-30 08:25:00+00:00,15474.35669381885,14145.429091000004,12258.810029787934,14676.518658675286,16405.885920782755,10295.89348948914,15492.606198414313
2026-03-30 08:30:00+00:00,15464.35669381885,14135.429091000004,12258.810029787934,14666.518658675286,16395.885920782755,10295.89348948914,15482.606198414313
2026-03-30 08:35:00+00:00,15473.765953365088,14135.429091000004,12258.810029787934,14666.518658675286,16405.287918473095,10295.89348948914,15492.015457960548
2026-03-30 08:40:00+00:00,15483.159553895544,14144.822691530462,12258.810029787934,14675.912259205743,16414.670629852066,10295.89348948914,15501.409058491006
2026-03-30 08:45:00+00:00,15473.159553895544,14144.822691530462,12258.810029787934,14675.912259205743,16424.06758297434,10305.290442611416,15491.409058491006
2026-03-30 08:50:00+00:00,15482.546869078205,14154.210006713121,12268.19332855798,14685.29555797579,16433.45395707318,10305.290442611416,15500.796373673667
2026-03-30 08:55:00+00:00,15491.92530753448,14154.210006713121,12277.558505324301,14694.66073474211,16442.814713600354,10305.290442611416,15510.174812129942
2026-03-30 09:00:00+00:00,15501.325269619829,14154.210006713121,12277.558505324301,14694.66073474211,16452.209087602234,10305.290442611416,15519.574774215289
2026-03-30 09:05:00+00:00,15491.325269619829,14144.210006713121,12277.558505324301,14684.66073474211,16442.209087602234,10305.290442611416,15509.574774215289
2026-03-30 09:10:00+00:00,15500.74042446497,14144.210006713121,12277.558505324301,14684.66073474211,16451.599376171787,10305.290442611416,15518.98992906043
2026-03-30 09:15:00+00:00,15510.155637137166,14144.210006713121,12277.558505324301,14684.66073474211,16441.599376171787,10314.692454151893,15528.405141732626
2026-03-30 09:20:00+00:00,15519.555139022412,14153.620396258582,12277.558505324301,14694.060236627356,16450.998420633845,10314.692454151893,15537.804643617874
2026-03-30 09:25:00+00:00,15528.96563915821,14153.620396258582,12277.558505324301,14694.060236627356,16450.998420633845,10314.692454151893,15547.21514375367
2026-03-30 09:30:00+00:00,15538.36959919849,14163.024356298865,12277.558505324301,14703.464196667639,16460.396985347157,10314.692454151893,15556.619103793953
2026-03-30 09:35:00+00:00,15547.780924437651,14163.024356298865,12277.558505324301,14703.464196667639,16469.798527985837,10314.692454151893,15566.030429033115
2026-03-30 09:40:00+00:00,15537.780924437651,14153.024356298865,12277.558505324301,14693.464196667639,16459.798527985837,10314.692454151893,15556.030429033115
2026-03-30 09:45:00+00:00,15547.184539183883,14162.427971045097,12277.558505324301,14702.867811413871,16469.198519903486,10314.692454151893,15565.434043779347
2026-03-30 09:50:00+00:00,15556.575689493275,14162.427971045097,12277.558505324301,14702.867811413871,16478.59763809397,10314.692454151893,15574.825194088738
2026-03-30 09:55:00+00:00,15565.976360659315,14171.828642211138,12286.93579544447,14712.245101534041,16487.99044935409,10314.692454151893,15584.225865254779
2026-03-30 10:00:00+00:00,15575.378874282944,14171.828642211138,12286.93579544447,14712.245101534041,16497.391803687115,10314.692454151893,15593.628378878406
2026-03-30 10:05:00+00:00,15584.793357148792,14171.828642211138,12286.93579544447,14712.245101534041,16497.391803687115,10314.692454151893,15603.042861744254
2026-03-30 10:10:00+00:00,15594.201994856949,14181.237279919293,12286.93579544447,14721.653739242196,16506.796156823217,10314.692454151893,15612.45149945241
2026-03-30 10:15:00+00:00,15603.61225642293,14190.647541485276,12286.93579544447,14731.06400080818,16516.198490297582,10314.692454151893,15621.861761018394
2026-03-30 10:20:00+00:00,15613.022113486317,14190.647541485276,12286.93579544447,14731.06400080818,16525.603177577053,10314.692454151893,15631.271618081779
2026-03-30 10:25:00+00:00,15622.43690644567,14190.647541485276,12286.93579544447,14731.06400080818,16525.603177577053,10314.692454151893,15640.68641104113
2026-03-30 10:30:00+00:00,15631.845691137776,14190.647541485276,12286.93579544447,14731.06400080818,16525.603177577053,10314.692454151893,15650.09519573324
2026-03-30 10:35:00+00:00,15641.253493760532,14190.647541485276,12286.93579544447,14731.06400080818,16534.995903221246,10314.692454151893,15659.502998355994
2026-03-30 10:40:00+00:00,15631.253493760532,14180.647541485276,12286.93579544447,14721.06400080818,16534.995903221246,10314.692454151893,15649.502998355994
2026-03-30 10:45:00+00:00,15621.253493760532,14170.647541485276,12286.93579544447,14711.06400080818,16544.367292873292,10314.692454151893,15639.502998355994
2026-03-30 10:50:00+00:00,15630.650837311758,14180.044885036503,12286.93579544447,14720.461344359406,16553.755675432418,10314.692454151893,15648.900341907221
2026-03-30 10:55:00+00:00,15640.060806287602,14189.454854012347,12286.93579544447,14729.87131333525,16553.755675432418,10314.692454151893,15658.310310883066
2026-03-30 11:00:00+00:00,15649.456508425796,14189.454854012347,12296.311401361017,14739.246919251796,16563.14002793058,10314.692454151893,15667.706013021256
2026-03-30 11:05:00+00:00,15658.86550388039,14198.863849466941,12296.311401361017,14748.655914706393,16572.527472521717,10314.692454151893,15677.115008475852
2026-03-30 11:10:00+00:00,15668.276914701977,14198.863849466941,12296.311401361017,14748.655914706393,16572.527472521717,10314.692454151893,15686.52641929744
2026-03-30 11:15:00+00:00,15677.683143996197,14198.863849466941,12296.311401361017,14748.655914706393,16581.928782364244,10314.692454151893,15695.932648591659
2026-03-30 11:20:00+00:00,15687.087972788328,14208.268678259072,12296.311401361017,14758.060743498523,16591.331357267485,10314.692454151893,15705.33747738379
2026-03-30 11:25:00+00:00,15696.469824772264,14208.268678259072,12305.663088315741,14767.412430453247,16600.64582344766,10314.692454151893,15714.719329367726
2026-03-30 11:30:00+00:00,15705.852178991867,14208.268678259072,12305.663088315741,14767.412430453247,16610.027636926316,10324.097641629065,15724.10168358733
2026-03-30 11:35:00+00:00,15695.852178991867,14208.268678259072,12305.663088315741,14767.412430453247,16600.027636926316,10333.49684155207,15714.10168358733
2026-03-30 11:40:00+00:00,15705.246970667438,14208.268678259072,12315.038299624413,14776.787641761919,16609.42075813453,10333.49684155207,15723.496475262898
2026-03-30 11:45:00+00:00,15714.649680673057,14217.67138826469,12315.038299624413,14786.190351767538,16618.816268402337,10333.49684155207,15732.89918526852
2026-03-30 11:50:00+00:00,15704.649680673057,14217.67138826469,12315.038299624413,14786.190351767538,16628.20436469446,10333.49684155207,15722.89918526852
2026-03-30 11:55:00+00:00,15694.649680673057,14217.67138826469,12315.038299624413,14786.190351767538,16628.20436469446,10333.49684155207,15712.89918526852
2026-03-30 12:00:00+00:00,15704.039854022525,14227.061637453156,12315.038299624413,14795.580525117008,16637.603961912384,10333.49684155207,15722.289358617989
2026-03-30 12:05:00+00:00,15713.441138520418,14227.061637453156,12315.038299624413,14795.580525117008,16647.00329025081,10333.49684155207,15731.690643115879
2026-03-30 12:10:00+00:00,15722.849186788815,14227.061637453156,12315.038299624413,14795.580525117008,16656.4032875019,10333.49684155207,15741.098691384277
2026-03-30 12:15:00+00:00,15712.849186788815,14227.061637453156,12315.038299624413,14795.580525117008,16646.4032875019,10342.891040422739,15731.098691384277
2026-03-30 12:20:00+00:00,15702.849186788815,14227.061637453156,12315.038299624413,14795.580525117008,16636.4032875019,10332.891040422739,15721.098691384277
2026-03-30 12:25:00+00:00,15692.849186788815,14227.061637453156,12315.038299624413,14795.580525117008,16645.80180743333,10332.891040422739,15711.098691384277
2026-03-30 12:30:00+00:00,15702.221928175706,14236.434378840047,12324.414477677346,14804.95670316994,16655.17409059398,10332.891040422739,15720.47143277117
2026-03-30 12:35:00+00:00,15692.221928175706,14236.434378840047,12324.414477677346,14804.95670316994,16645.17409059398,10342.273884020273,15710.47143277117
2026-03-30 12:40:00+00:00,15682.221928175706,14226.434378840047,12324.414477677346,14794.95670316994,16635.17409059398,10342.273884020273,15700.47143277117
2026-03-30 12:45:00+00:00,15672.221928175706,14216.434378840047,12324.414477677346,14784.95670316994,16625.17409059398,10342.273884020273,15690.47143277117
2026-03-30 12:50:00+00:00,15681.622623889187,14216.434378840047,12324.414477677346,14784.95670316994,16634.57483707372,10342.273884020273,15699.87212848465
2026-03-30 12:55:00+00:00,15691.020210580999,14225.83196553186,12324.414477677346,14794.354289861752,16643.97036092913,10342.273884020273,15709.269715176462
2026-03-30 13:00:00+00:00,15681.020210580999,14215.83196553186,12324.414477677346,14784.354289861752,16633.97036092913,10342.273884020273,15699.269715176462
2026-03-30 13:05:00+00:00,15690.42804863872,14215.83196553186,12324.414477677346,14784.354289861752,16643.363142449532,10342.273884020273,15708.677553234182
2026-03-30 13:10:00+00:00,15699.812529589854,14225.216446482995,12333.811397873542,14793.751210057948,16652.762001876847,10342.273884020273,15718.062034185317
2026-03-30 13:15:00+00:00,15709.208947982115,14234.612864875255,12333.811397873542,14803.14762845021,16662.15804722233,10342.273884020273,15727.458452577575
2026-03-30 13:20:00+00:00,15718.530878602865,14243.934795496007,12343.163244285197,14812.499474861863,16671.49294486949,10342.273884020273,15736.780383198327
2026-03-30 13:25:00+00:00,15727.763023556798,14243.934795496007,12352.520799711845,14821.731619815795,16680.88164791064,10342.273884020273,15746.01252815226
2026-03-30 13:30:00+00:00,15737.151091210882,14243.934795496007,12361.90089866365,14831.111718767599,16690.23357868569,10351.674578899225,15755.400595806343
2026-03-30 13:35:00+00:00,15746.542662209962,14243.934795496007,12361.90089866365,14831.111718767599,16680.23357868569,10341.674578899225,15764.792166805424
2026-03-30 13:40:00+00:00,15755.899471717863,14253.291605003906,12371.255359023373,14840.466179127321,16689.566653731592,10341.674578899225,15774.148976313325
2026-03-30 13:45:00+00:00,15765.301184570206,14253.291605003906,12361.255359023373,14840.466179127321,16679.566653731592,10351.070369344327,15783.550689165666
2026-03-30 13:50:00+00:00,15774.679582283316,14253.291605003906,12370.611911492279,14849.822731596227,16688.933519515504,10351.070369344327,15792.929086878778
2026-03-30 13:55:00+00:00,15784.044583115332,14262.656605835924,12379.946111835236,14859.156931939184,16698.291498034985,10351.070369344327,15802.294087710794
2026-03-30 14:00:00+00:00,15774.044583115332,14262.656605835924,12389.322566340903,14859.156931939184,16707.688468338274,10360.471729096602,15792.294087710794
2026-03-30 14:05:00+00:00,15783.446025383204,14262.656605835924,12379.322566340903,14859.156931939184,16697.688468338274,10360.471729096602,15801.695529978668
2026-03-30 14:10:00+00:00,15792.844608897289,14262.656605835924,12388.680535555519,14868.514901153801,16707.07833125192,10369.87511450358,15811.094113492753
2026-03-30 14:15:00+00:00,15802.227882521103,14262.656605835924,12398.053926717419,14877.8882923157,16716.441844533547,10369.87511450358,15820.477387116563
2026-03-30 14:20:00+00:00,15792.227882521103,14262.656605835924,12398.053926717419,14877.8882923157,16725.842817345296,10359.87511450358,15810.477387116563
2026-03-30 14:25:00+00:00,15801.614423084826,14272.043146399647,12407.404329676541,14887.238695274822,16735.22962343301,10359.87511450358,15819.863927680286
2026-03-30 14:30:00+00:00,15810.990380993215,14272.043146399647,12407.404329676541,14887.238695274822,16744.623603398857,10359.87511450358,15829.239885588677
2026-03-30 14:35:00+00:00,15820.310425676784,14281.363191083214,12416.723234686558,14896.55760028484,16753.946071078164,10359.87511450358,15838.559930272244
2026-03-30 14:40:00+00:00,15829.678194976043,14290.730960382472,12426.086022311349,14905.920387909631,16763.29199075974,10359.87511450358,15847.927699571504
2026-03-30 14:45:00+00:00,15839.044147100522,14290.730960382472,12435.404049105004,14915.238414703283,16772.67231531545,10359.87511450358,15857.293651695983
2026-03-30 14:50:00+00:00,15848.43388501689,14290.730960382472,12444.739550440421,14924.573916038702,16782.04885525209,10359.87511450358,15866.683389612352
2026-03-30 14:55:00+00:00,15857.769768778755,14300.066844144338,12453.986984310832,14933.821349909113,16791.361453040696,10359.87511450358,15876.019273374215
2026-03-30 15:00:00+00:00,15867.174032828625,14300.066844144338,12453.986984310832,14933.821349909113,16800.763906362306,10359.87511450358,15885.423537424089
2026-03-30 15:05:00+00:00,15876.544961310974,14300.066844144338,12463.280094311174,14943.114459909455,16810.096484848553,10359.87511450358,15894.794465906436
2026-03-30 15:10:00+00:00,15866.544961310974,14290.066844144338,12453.280094311174,14933.114459909455,16800.096484848553,10359.87511450358,15884.794465906436
2026-03-30 15:15:00+00:00,15875.91017234646,14290.066844144338,12462.623858364157,14942.45822396244,16809.46317677008,10359.87511450358,15894.159676941921
2026-03-30 15:20:00+00:00,15865.91017234646,14290.066844144338,12462.623858364157,14942.45822396244,16799.46317677008,10359.87511450358,15884.159676941921
2026-03-30 15:25:00+00:00,15875.290842514685,14299.447514312564,12471.957324924575,14951.791690522858,16808.834920262085,10359.87511450358,15893.540347110145
2026-03-30 15:30:00+00:00,15884.692249839762,14299.447514312564,12481.311395697247,14961.14576129553,16818.18702944587,10359.87511450358,15902.941754435222
2026-03-30 15:35:00+00:00,15894.078093858789,14308.83335833159,12490.673690407952,14970.508056006234,16827.563638552874,10359.87511450358,15912.327598454252
2026-03-30 15:40:00+00:00,15903.479820769113,14308.83335833159,12490.673690407952,14970.508056006234,16836.96596377564,10369.276889697534,15921.729325364577
2026-03-30 15:45:00+00:00,15912.89112564978,14308.83335833159,12490.673690407952,14970.508056006234,16846.368283249405,10369.276889697534,15931.140630245241
2026-03-30 15:50:00+00:00,15922.274134310743,14308.83335833159,12490.673690407952,14970.508056006234,16855.763836142018,10369.276889697534,15940.523638906205
2026-03-30 15:55:00+00:00,15931.647490531966,14318.206714552814,12500.029975169142,14979.864340767424,16865.117599529804,10369.276889697534,15949.896995127427
2026-03-30 16:00:00+00:00,15941.024744611761,14327.583968632609,12509.370363410098,14989.204729008381,16874.48612840257,10369.276889697534,15959.274249207221
2026-03-30 16:05:00+00:00,15950.429553281308,14327.583968632609,12509.370363410098,14989.204729008381,16883.890937072116,10369.276889697534,15968.679057876769
2026-03-30 16:10:00+00:00,15950.429553281308,14327.583968632609,12509.370363410098,14989.204729008381,16893.29359713479,10369.276889697534,15968.679057876769
2026-03-30 16:15:00+00:00,15959.824684133915,14336.979099485216,12509.370363410098,14998.599859860988,16883.29359713479,10359.276889697534,15978.074188729377
2026-03-30 16:20:00+00:00,15969.198006410043,14346.352421761345,12518.742894784562,15007.972391235453,16892.675610938797,10359.276889697534,15987.447511005505
2026-03-30 16:25:00+00:00,15978.591398111377,14346.352421761345,12518.742894784562,15007.972391235453,16902.068922593207,10359.276889697534,15996.840902706841
2026-03-30 16:30:00+00:00,15988.005981586422,14346.352421761345,12518.742894784562,15007.972391235453,16911.455042257618,10359.276889697534,16006.255486181886
2026-03-30 16:35:00+00:00,15997.394470398962,14355.740910573884,12528.116858290257,15017.346354741147,16920.824891722645,10359.276889697534,16015.643974994426
2026-03-30 16:40:00+00:00,16006.777608546956,14365.124048721875,12537.47080215917,15026.70029861006,16930.212121049226,10359.276889697534,16025.027113142416
2026-03-30 16:45:00+00:00,15996.777608546956,14365.124048721875,12527.47080215917,15016.70029861006,16920.212121049226,10359.276889697534,16015.027113142416
2026-03-30 16:50:00+00:00,16006.189866787192,14365.124048721875,12527.47080215917,15016.70029861006,16910.212121049226,10359.276889697534,16024.439371382654
2026-03-30 16:55:00+00:00,16015.601334085797,14365.124048721875,12527.47080215917,15016.70029861006,16919.614262033516,10359.276889697534,16033.85083868126
2026-03-30 17:00:00+00:00,16005.601334085797,14365.124048721875,12527.47080215917,15016.70029861006,16929.016658701566,10368.679286365585,16023.85083868126
2026-03-30 17:05:00+00:00,16014.989759276115,14365.124048721875,12536.85752157032,15026.087018021208,16938.4023157075,10368.679286365585,16033.239263871577
2026-03-30 17:10:00+00:00,16024.379685757394,14365.124048721875,12536.85752157032,15026.087018021208,16947.789632606622,10368.679286365585,16042.629190352856
2026-03-30 17:15:00+00:00,16033.762319156958,14365.124048721875,12546.244949166074,15035.474445616961,16957.171957173403,10368.679286365585,16052.011823752418
2026-03-30 17:20:00+00:00,16043.128482052998,14374.490211617918,12555.573095170892,15044.802591621781,16966.510590797716,10368.679286365585,16061.377986648462
2026-03-30 17:25:00+00:00,16052.504126239011,14374.490211617918,12564.91795314736,15054.147449598247,16975.83382906325,10368.679286365585,16070.753630834473
2026-03-30 17:30:00+00:00,16061.913947507814,14374.490211617918,12564.91795314736,15054.147449598247,16985.23667154788,10358.679286365585,16080.163452103276
2026-03-30 17:35:00+00:00,16071.320116737355,14374.490211617918,12564.91795314736,15054.147449598247,16994.623982366225,10368.072372398543,16089.569621332816
2026-03-30 17:40:00+00:00,16080.728503822429,14374.490211617918,12564.91795314736,15054.147449598247,16984.623982366225,10368.072372398543,16098.978008417893
2026-03-30 17:45:00+00:00,16090.129791785403,14374.490211617918,12564.91795314736,15054.147449598247,16994.026285202955,10368.072372398543,16108.379296380865
2026-03-30 17:50:00+00:00,16080.129791785403,14374.490211617918,12564.91795314736,15054.147449598247,17003.410348761972,10368.072372398543,16098.379296380865
2026-03-30 17:55:00+00:00,16089.532331126327,14374.490211617918,12564.91795314736,15054.147449598247,17012.80492422287,10368.072372398543,16107.781835721788
2026-03-30 18:00:00+00:00,16098.930937532848,14374.490211617918,12574.29409619317,15063.523592644058,17022.20416663999,10368.072372398543,16117.180442128312
2026-03-30 18:05:00+00:00,16108.335548287923,14374.490211617918,12574.29409619317,15063.523592644058,17031.58752487553,10368.072372398543,16126.585052883385
2026-03-30 18:10:00+00:00,16117.738367002625,14374.490211617918,12583.665037046358,15072.894533497249,17040.98006890464,10368.072372398543,16135.987871598085
2026-03-30 18:15:00+00:00,16127.122914452415,14383.874759067709,12583.665037046358,15082.279080947039,17050.37132974513,10368.072372398543,16145.372419047879
2026-03-30 18:20:00+00:00,16136.534920627204,14383.874759067709,12583.665037046358,15082.279080947039,17059.77186399957,10377.470479666526,16154.784425222668
2026-03-30 18:25:00+00:00,16126.534920627204,14383.874759067709,12583.665037046358,15082.279080947039,17049.77186399957,10386.868957745868,16144.784425222668
2026-03-30 18:30:00+00:00,16116.534920627204,14373.874759067709,12573.665037046358,15072.279080947039,17039.77186399957,10396.25614082393,16134.784425222668
2026-03-30 18:35:00+00:00,16106.534920627204,14373.874759067709,12573.665037046358,15072.279080947039,17029.77186399957,10396.25614082393,16124.784425222668
2026-03-30 18:40:00+00:00,16115.938006363627,14373.874759067709,12573.665037046358,15072.279080947039,17039.175003895747,10396.25614082393,16134.187510959091
2026-03-30 18:45:00+00:00,16125.349409036753,14373.874759067709,12573.665037046358,15072.279080947039,17048.578224503486,10405.656257278386,16143.598913632215
2026-03-30 18:50:00+00:00,16125.349409036753,14373.874759067709,12573.665037046358,15072.279080947039,17057.968532140585,10405.656257278386,16143.598913632215
2026-03-30 18:55:00+00:00,16115.349409036753,14373.874759067709,12573.665037046358,15072.279080947039,17047.968532140585,10405.656257278386,16133.598913632215
2026-03-30 19:00:00+00:00,16105.349409036753,14373.874759067709,12573.665037046358,15072.279080947039,17057.369843205885,10405.656257278386,16123.598913632215
2026-03-30 19:05:00+00:00,16114.715979914501,14373.874759067709,12582.960443358243,15081.574487258924,17066.705715560554,10405.656257278386,16132.965484509963
2026-03-30 19:10:00+00:00,16124.092266727625,14373.874759067709,12592.305108403012,15090.919152303693,17076.081825644662,10405.656257278386,16142.341771323087
2026-03-30 19:15:00+00:00,16114.092266727625,14373.874759067709,12592.305108403012,15090.919152303693,17066.081825644662,10395.656257278386,16132.341771323087
2026-03-30 19:20:00+00:00,16104.092266727625,14373.874759067709,12592.305108403012,15090.919152303693,17075.48394822565,10405.054025908428,16122.341771323087
2026-03-30 19:25:00+00:00,16113.456544529534,14383.239036869618,12601.654094966323,15100.268138867004,17084.856755879904,10405.054025908428,16131.706049124994
2026-03-30 19:30:00+00:00,16103.456544529534,14383.239036869618,12601.654094966323,15100.268138867004,17074.856755879904,10405.054025908428,16121.706049124994
2026-03-30 19:35:00+00:00,16093.456544529534,14383.239036869618,12601.654094966323,15100.268138867004,17064.856755879904,10395.054025908428,16111.706049124994
2026-03-30 19:40:00+00:00,16083.456544529534,14383.239036869618,12601.654094966323,15100.268138867004,17054.856755879904,10395.054025908428,16101.706049124994
2026-03-30 19:45:00+00:00,16092.865928354851,14383.239036869618,12611.01856713478,15109.632611035462,17064.26088784878,10404.447414356693,16111.115432950315
2026-03-30 19:50:00+00:00,16102.260689746841,14383.239036869618,12611.01856713478,15109.632611035462,17073.661422672594,10404.447414356693,16120.510194342303
2026-03-30 19:55:00+00:00,16092.260689746841,14383.239036869618,12611.01856713478,15109.632611035462,17063.661422672594,10394.447414356693,16110.510194342303
2026-03-30 20:00:00+00:00,16101.657030868384,14383.239036869618,12611.01856713478,15109.632611035462,17073.05735805254,10394.447414356693,16119.906535463844
2026-03-30 20:05:00+00:00,16111.02634948542,14383.239036869618,12620.402091375932,15119.016135276615,17082.438361783737,10394.447414356693,16129.275854080883
2026-03-30 20:10:00+00:00,16101.02634948542,14373.239036869618,12620.402091375932,15109.016135276615,17072.438361783737,10403.839244580984,16119.275854080883
2026-03-30 20:15:00+00:00,16091.02634948542,14373.239036869618,12620.402091375932,15109.016135276615,17062.438361783737,10403.839244580984,16109.275854080883
2026-03-30 20:20:00+00:00,16100.414836421722,14382.62752380592,12620.402091375932,15118.404622212916,17071.830052535086,10403.839244580984,16118.664341017186
2026-03-30 20:25:00+00:00,16100.414836421722,14382.62752380592,12620.402091375932,15118.404622212916,17071.830052535086,10403.839244580984,16118.664341017186
2026-03-30 20:30:00+00:00,16090.414836421722,14382.62752380592,12620.402091375932,15118.404622212916,17081.230856993516,10403.839244580984,16108.664341017186
2026-03-30 20:35:00+00:00,16099.829391524538,14382.62752380592,12620.402091375932,15118.404622212916,17090.632026677988,10413.234711192858,16118.078896119998
2026-03-30 20:40:00+00:00,16089.829391524538,14382.62752380592,12620.402091375932,15118.404622212916,17090.632026677988,10413.234711192858,16108.078896119998
2026-03-30 20:45:00+00:00,16099.234908726981,14382.62752380592,12620.402091375932,15118.404622212916,17100.035415505787,10413.234711192858,16117.484413322443
2026-03-30 20:50:00+00:00,16108.650470903083,14382.62752380592,12620.402091375932,15118.404622212916,17109.427911572344,10413.234711192858,16126.899975498545
2026-03-30 20:55:00+00:00,16118.059094412989,14382.62752380592,12620.402091375932,15118.404622212916,17109.427911572344,10413.234711192858,16136.308599008451
2026-03-30 21:00:00+00:00,16127.423369411983,14382.62752380592,12620.402091375932,15118.404622212916,17118.829009464956,10413.234711192858,16145.672874007443
2026-03-30 21:05:00+00:00,16136.807934972025,14382.62752380592,12620.402091375932,15118.404622212916,17128.213575024998,10413.234711192858,16155.057439567485
2026-03-30 21:10:00+00:00,16146.188281215564,14382.62752380592,12620.402091375932,15118.404622212916,17137.60764125958,10413.234711192858,16164.437785811027
2026-03-30 21:15:00+00:00,16155.568974645279,14392.008217235634,12629.780440464288,15127.782971301272,17146.993086713555,10413.234711192858,16173.818479240741
2026-03-30 21:20:00+00:00,16164.958920638428,14401.406915441461,12639.135037371325,15137.137568208309,17156.37436762892,10413.234711192858,16183.20842523389
2026-03-30 21:25:00+00:00,16174.328545848693,14401.406915441461,12648.486101633132,15146.488632470116,17165.739438084736,10413.234711192858,16192.578050444155
2026-03-30 21:30:00+00:00,16164.328545848693,14401.406915441461,12648.486101633132,15146.488632470116,17165.739438084736,10413.234711192858,16182.578050444155
2026-03-30 21:35:00+00:00,16154.328545848693,14410.818924946814,12648.486101633132,15146.488632470116,17175.13022971571,10413.234711192858,16172.578050444155
2026-03-30 21:40:00+00:00,16144.328545848693,14400.818924946814,12648.486101633132,15136.488632470116,17184.526564757147,10422.634062697316,16162.578050444155
2026-03-30 21:45:00+00:00,16153.717462889826,14410.207841987947,12657.866686520956,15145.869217357938,17193.91717918979,10422.634062697316,16171.966967485288
2026-03-30 21:50:00+00:00,16143.717462889826,14410.207841987947,12657.866686520956,15145.869217357938,17193.91717918979,10422.634062697316,16161.966967485288
2026-03-30 21:55:00+00:00,16153.120884216372,14410.207841987947,12657.866686520956,15145.869217357938,17203.3201552693,10422.634062697316,16171.370388811833
2026-03-30 22:00:00+00:00,16162.507840329614,14419.594798101189,12657.866686520956,15155.256173471182,17212.70865867709,10422.634062697316,16180.757344925076
2026-03-30 22:05:00+00:00,16171.885684807748,14419.594798101189,12667.154841849559,15164.544328799784,17222.061548002224,10422.634062697316,16190.135189403209
2026-03-30 22:10:00+00:00,16161.885684807748,14419.594798101189,12667.154841849559,15164.544328799784,17212.061548002224,10432.030407573717,16180.135189403209
2026-03-30 22:15:00+00:00,16171.298625081858,14419.594798101189,12667.154841849559,15164.544328799784,17221.46407045918,10432.030407573717,16189.54812967732
2026-03-30 22:20:00+00:00,16180.707622994405,14429.005933553097,12667.154841849559,15173.953326712333,17230.863170307097,10432.030407573717,16198.957127589867
2026-03-30 22:25:00+00:00,16190.119824802321,14429.005933553097,12667.154841849559,15173.953326712333,17240.262385858186,10432.030407573717,16208.369329397783
2026-03-30 22:30:00+00:00,16190.119824802321,14438.398840546586,12667.154841849559,15173.953326712333,17249.664927697755,10432.030407573717,16217.762236391272
2026-03-30 22:35:00+00:00,16180.119824802321,14438.398840546586,12667.154841849559,15173.953326712333,17249.664927697755,10432.030407573717,16207.762236391272
2026-03-30 22:40:00+00:00,16189.510802615021,14447.789818359284,12667.154841849559,15183.344304525031,17259.053380197103,10432.030407573717,16217.153214203972
2026-03-30 22:45:00+00:00,16198.915207505977,14447.789818359284,12676.53012228259,15192.719584958064,17268.448583324727,10432.030407573717,16226.557619094929
2026-03-30 22:50:00+00:00,16208.321096923553,14457.19570777686,12676.53012228259,15202.12547437564,17277.853372912195,10432.030407573717,16235.963508512505
2026-03-30 22:55:00+00:00,16217.727572887814,14466.607727017366,12676.53012228259,15211.5319503399,17287.24567211886,10432.030407573717,16245.369984476765
2026-03-30 23:00:00+00:00,16227.08056696591,14475.960721095464,12685.792376163781,15220.79420422109,17296.551429507395,10432.030407573717,16254.722978554862
2026-03-30 23:05:00+00:00,16217.08056696591,14475.960721095464,12685.792376163781,15220.79420422109,17286.551429507395,10422.030407573717,16244.722978554862
2026-03-30 23:10:00+00:00,16226.489939401425,14475.960721095464,12685.792376163781,15220.79420422109,17295.94989966329,10422.030407573717,16254.132350990378
2026-03-30 23:15:00+00:00,16235.894446625618,14475.960721095464,12685.792376163781,15220.79420422109,17305.35271804757,10422.030407573717,16263.536858214571
2026-03-30 23:20:00+00:00,16245.299984611353,14475.960721095464,12685.792376163781,15220.79420422109,17314.755233354765,10422.030407573717,16272.942396200306
2026-03-30 23:25:00+00:00,16254.700483575347,14485.361220059458,12685.792376163781,15230.194703185083,17324.147145921084,10422.030407573717,16282.342895164298
2026-03-30 23:30:00+00:00,16264.09234924696,14485.361220059458,12685.792376163781,15230.194703185083,17333.539118383957,10422.030407573717,16291.73476083591
2026-03-30 23:35:00+00:00,16273.504652748788,14494.77353794477,12685.792376163781,15239.607006686914,17342.91028757285,10422.030407573717,16301.14706433774
2026-03-30 23:40:00+00:00,16282.91692176619,14494.77353794477,12695.157762961506,15248.972393484637,17352.275674370576,10422.030407573717,16310.55933335514
2026-03-30 23:45:00+00:00,16292.32437404403,14504.18101808995,12695.157762961506,15258.37984576248,17352.275674370576,10422.030407573717,16319.966785632983
2026-03-30 23:50:00+00:00,16282.32437404403,14494.18101808995,12695.157762961506,15248.37984576248,17352.275674370576,10422.030407573717,16309.966785632983
2026-03-30 23:55:00+00:00,16291.703423594257,14494.18101808995,12695.157762961506,15248.37984576248,17361.655044852694,10422.030407573717,16319.345835183209
2026-03-31 00:00:00+00:00,16301.114262704326,14503.59187565445,12695.157762961506,15257.790684872547,17370.99264020718,10422.030407573717,16328.756674293276
2026-03-31 00:05:00+00:00,16310.526280526978,14513.003893477104,12695.157762961506,15267.2027026952,17380.397154806065,10422.030407573717,16338.168692115929
2026-03-31 00:10:00+00:00,16319.893723737769,14522.371336687895,12704.503145077966,15276.54808481166,17389.73876234167,10422.030407573717,16347.53613532672
2026-03-31 00:15:00+00:00,16329.296645000366,14522.371336687895,12704.503145077966,15276.54808481166,17399.128094160005,10422.030407573717,16356.939056589317
2026-03-31 00:20:00+00:00,16338.684788863467,14522.371336687895,12704.503145077966,15276.54808481166,17408.519633389136,10412.030407573717,16366.327200452419
2026-03-31 00:25:00+00:00,16348.063720408987,14531.750268233412,12713.877280976078,15285.922220709774,17417.895116077092,10412.030407573717,16375.706131997937
2026-03-31 00:30:00+00:00,16357.468684586514,14531.750268233412,12713.877280976078,15285.922220709774,17427.29810316871,10421.432979789091,16385.111096175468
2026-03-31 00:35:00+00:00,16366.809970926523,14531.750268233412,12723.218884190259,15295.26350704978,17436.702337898863,10421.432979789091,16394.452382515476
2026-03-31 00:40:00+00:00,16356.809970926523,14531.750268233412,12723.218884190259,15295.26350704978,17446.10097848954,10421.432979789091,16384.452382515476
2026-03-31 00:45:00+00:00,16366.21680918982,14541.157136070207,12723.218884190259,15304.670345313078,17455.412113808645,10421.432979789091,16393.859220778773
2026-03-31 00:50:00+00:00,16375.59243091659,14541.157136070207,12723.218884190259,15304.670345313078,17464.783750217823,10421.432979789091,16403.234842505542
2026-03-31 00:55:00+00:00,16384.99327580913,14541.157136070207,12723.218884190259,15304.670345313078,17474.183009268258,10421.432979789091,16412.635687398084
2026-03-31 01:00:00+00:00,16394.38386634173,14541.157136070207,12723.218884190259,15304.670345313078,17483.57371190196,10430.823682422793,16422.02627793068
2026-03-31 01:05:00+00:00,16403.782477783618,14550.555747512097,12723.218884190259,15314.068956754967,17492.970524756947,10430.823682422793,16431.424889372567
2026-03-31 01:10:00+00:00,16393.782477783618,14550.555747512097,12723.218884190259,15314.068956754967,17492.970524756947,10430.823682422793,16421.424889372567
2026-03-31 01:15:00+00:00,16383.782477783618,14550.555747512097,12723.218884190259,15314.068956754967,17502.339732808203,10430.823682422793,16411.424889372567
2026-03-31 01:20:00+00:00,16393.16688599607,14559.940155724547,12732.479768217941,15323.329840782648,17511.720990780523,10430.823682422793,16420.80929758502
2026-03-31 01:25:00+00:00,16383.16688599607,14549.940155724547,12732.479768217941,15313.329840782648,17501.720990780523,10430.823682422793,16410.80929758502
2026-03-31 01:30:00+00:00,16392.492335696443,14559.265605424924,12741.685182565809,15322.535255130515,17511.03770275259,10430.823682422793,16420.134747285396
2026-03-31 01:35:00+00:00,16401.901318819742,14559.265605424924,12741.685182565809,15322.535255130515,17520.439323060902,10430.823682422793,16429.543730408695
2026-03-31 01:40:00+00:00,16411.246280031122,14568.610566636304,12750.986067728365,15331.836140293073,17529.77739148154,10430.823682422793,16438.888691620075
2026-03-31 01:45:00+00:00,16420.628655447632,14568.610566636304,12760.382860547972,15341.232933112678,17539.156423384586,10430.823682422793,16448.271067036585
2026-03-31 01:50:00+00:00,16430.007457727843,14568.610566636304,12769.740669433075,15350.590741997783,17548.531542534296,10430.823682422793,16457.649869316796
2026-03-31 01:55:00+00:00,16439.411245314004,14578.01439227126,12769.740669433075,15359.994529583942,17557.93406633816,10430.823682422793,16467.053656902954
2026-03-31 02:00:00+00:00,16448.766013011555,14587.369159968812,12779.084641852527,15369.338502003393,17567.28287006765,10430.823682422793,16476.408424600508
2026-03-31 02:05:00+00:00,16438.766013011555,14577.369159968812,12779.084641852527,15359.338502003393,17557.28287006765,10430.823682422793,16466.408424600508
2026-03-31 02:10:00+00:00,16428.766013011555,14577.369159968812,12779.084641852527,15359.338502003393,17566.684603184127,10430.823682422793,16456.408424600508
2026-03-31 02:15:00+00:00,16438.141856108512,14586.74500306577,12788.417925059342,15368.671785210208,17576.040330432257,10430.823682422793,16465.784267697465
2026-03-31 02:20:00+00:00,16428.141856108512,14586.74500306577,12788.417925059342,15368.671785210208,17566.040330432257,10430.823682422793,16455.784267697465
2026-03-31 02:25:00+00:00,16437.53236470029,14596.135511657547,12788.417925059342,15378.062293801986,17575.429703814938,10430.823682422793,16465.17477628924
2026-03-31 02:30:00+00:00,16446.91181569752,14605.514962654775,12797.79204322487,15387.436411967512,17584.806624064797,10430.823682422793,16474.55422728647
2026-03-31 02:35:00+00:00,16436.91181569752,14595.514962654775,12797.79204322487,15377.436411967512,17574.806624064797,10430.823682422793,16464.55422728647
2026-03-31 02:40:00+00:00,16446.31721076908,14604.920357726336,12797.79204322487,15386.841807039073,17584.20122141441,10430.823682422793,16473.95962235803
2026-03-31 02:45:00+00:00,16436.31721076908,14604.920357726336,12797.79204322487,15386.841807039073,17593.599298231125,10430.823682422793,16463.95962235803
2026-03-31 02:50:00+00:00,16445.693668353713,14604.920357726336,12807.12323897548,15396.173002789683,17602.94699392851,10430.823682422793,16473.336079942666
2026-03-31 02:55:00+00:00,16455.099783316928,14604.920357726336,12807.12323897548,15396.173002789683,17602.94699392851,10430.823682422793,16482.74219490588
2026-03-31 03:00:00+00:00,16464.470883647504,14604.920357726336,12816.491715163098,15405.5414789773,17612.31295181097,10430.823682422793,16492.113295236457
2026-03-31 03:05:00+00:00,16473.863730405603,14604.920357726336,12825.831021458998,15414.880785273199,17621.676974711576,10430.823682422793,16501.506141994556
2026-03-31 03:10:00+00:00,16463.863730405603,14604.920357726336,12825.831021458998,15414.880785273199,17631.071772269817,10430.823682422793,16491.506141994556
2026-03-31 03:15:00+00:00,16473.27459052622,14604.920357726336,12825.831021458998,15414.880785273199,17621.071772269817,10440.220386724783,16500.917002115173
2026-03-31 03:20:00+00:00,16463.27459052622,14604.920357726336,12825.831021458998,15414.880785273199,17611.071772269817,10440.220386724783,16490.917002115173
2026-03-31 03:25:00+00:00,16472.66694775784,14614.312714957956,12825.831021458998,15424.273142504819,17620.461735463126,10440.220386724783,16500.30935934679
2026-03-31 03:30:00+00:00,16482.067244764916,14623.713011965032,12825.831021458998,15433.673439511895,17629.86039443491,10440.220386724783,16509.709656353865
2026-03-31 03:35:00+00:00,16491.45534472638,14633.101111926495,12835.199834190436,15443.042252243336,17639.242323646686,10440.220386724783,16519.09775631533
2026-03-31 03:40:00+00:00,16500.86852373317,14633.101111926495,12835.199834190436,15443.042252243336,17648.640868824277,10440.220386724783,16528.510935322123
2026-03-31 03:45:00+00:00,16510.276498561187,14642.509113169757,12835.199834190436,15452.45022707135,17658.02217897131,10440.220386724783,16537.918910150136
2026-03-31 03:50:00+00:00,16519.682965698685,14651.915580307257,12835.199834190436,15461.856694208851,17667.422592441275,10440.220386724783,16547.325377287638
2026-03-31 03:55:00+00:00,16529.094238690224,14651.915580307257,12835.199834190436,15461.856694208851,17667.422592441275,10440.220386724783,16556.736650279177
2026-03-31 04:00:00+00:00,16538.501871651366,14651.915580307257,12844.592598123927,15471.24945814234,17676.79673852026,10449.61910450537,16566.14428324032
2026-03-31 04:05:00+00:00,16547.894981610272,14651.915580307257,12853.961738340258,15480.61859835867,17686.160171612635,10449.61910450537,16575.53739319922
2026-03-31 04:10:00+00:00,16537.894981610272,14641.915580307257,12853.961738340258,15470.61859835867,17676.160171612635,10449.61910450537,16565.53739319922
2026-03-31 04:15:00+00:00,16547.28438952756,14651.304988224543,12853.961738340258,15480.008006275955,17685.550641678055,10449.61910450537,16574.926801116508
2026-03-31 04:20:00+00:00,16547.28438952756,14651.304988224543,12853.961738340258,15480.008006275955,17694.950152616988,10449.61910450537,16574.926801116508
2026-03-31 04:25:00+00:00,16556.653731990966,14660.67433068795,12863.257203125944,15489.303471061641,17704.296956141472,10449.61910450537,16584.296143579915
2026-03-31 04:30:00+00:00,16546.653731990966,14660.67433068795,12863.257203125944,15489.303471061641,17694.296956141472,10449.61910450537,16574.296143579915
2026-03-31 04:35:00+00:00,16556.054281613746,14660.67433068795,12863.257203125944,15489.303471061641,17684.296956141472,10449.61910450537,16583.6966932027
2026-03-31 04:40:00+00:00,16565.468291108125,14660.67433068795,12863.257203125944,15489.303471061641,17693.696163936354,10449.61910450537,16593.11070269708
2026-03-31 04:45:00+00:00,16574.86756273573,14660.67433068795,12872.631263133208,15498.677531068906,17703.08296856854,10449.61910450537,16602.509974324683
2026-03-31 04:50:00+00:00,16564.86756273573,14660.67433068795,12872.631263133208,15498.677531068906,17712.476479439872,10459.012615376703,16592.509974324683
2026-03-31 04:55:00+00:00,16574.25510024823,14670.061868200448,12872.631263133208,15508.065068581403,17721.867319235105,10459.012615376703,16601.897511837178
2026-03-31 05:00:00+00:00,16564.25510024823,14670.061868200448,12862.631263133208,15498.065068581403,17711.867319235105,10468.403040937534,16591.897511837178
2026-03-31 05:05:00+00:00,16573.654273925516,14679.461041877736,12862.631263133208,15507.464242258691,17721.26474263838,10468.403040937534,16601.296685514466
2026-03-31 05:10:00+00:00,16563.654273925516,14679.461041877736,12862.631263133208,15507.464242258691,17730.663903733104,10468.403040937534,16591.296685514466
2026-03-31 05:15:00+00:00,16573.063640331766,14679.461041877736,12862.631263133208,15507.464242258691,17740.056769939372,10468.403040937534,16600.706051920715
2026-03-31 05:20:00+00:00,16582.460158614613,14688.857560160584,12871.999351043958,15516.832330169444,17749.452741653913,10468.403040937534,16610.102570203562
2026-03-31 05:25:00+00:00,16591.866042850663,14688.857560160584,12871.999351043958,15516.832330169444,17758.85698602172,10458.403040937534,16619.508454439616
2026-03-31 05:30:00+00:00,16581.866042850663,14688.857560160584,12871.999351043958,15516.832330169444,17748.85698602172,10448.403040937534,16609.508454439616
2026-03-31 05:35:00+00:00,16571.866042850663,14688.857560160584,12871.999351043958,15516.832330169444,17738.85698602172,10448.403040937534,16599.508454439616
2026-03-31 05:40:00+00:00,16581.268076294044,14688.857560160584,12871.999351043958,15516.832330169444,17748.24953651249,10448.403040937534,16608.910487882993
2026-03-31 05:45:00+00:00,16590.656793303002,14698.246277169541,12881.369270671777,15526.202249797263,17757.62903080741,10448.403040937534,16618.29920489195
2026-03-31 05:50:00+00:00,16600.05952753257,14707.649011399108,12881.369270671777,15535.60498402683,17747.62903080741,10448.403040937534,16627.701939121518
2026-03-31 05:55:00+00:00,16609.45593263697,14717.045416503512,12890.746907947754,15544.982621302806,17757.01500141918,10448.403040937534,16637.098344225924
2026-03-31 06:00:00+00:00,16599.45593263697,14707.045416503512,12880.746907947754,15534.982621302806,17747.01500141918,10448.403040937534,16627.098344225924
2026-03-31 06:05:00+00:00,16608.813189474837,14707.045416503512,12890.101793576381,15544.337506931433,17756.37838441661,10448.403040937534,16636.45560106379
2026-03-31 06:10:00+00:00,16618.211608351445,14707.045416503512,12890.101793576381,15544.337506931433,17765.781917976394,10448.403040937534,16645.854019940394
2026-03-31 06:15:00+00:00,16627.61829506197,14707.045416503512,12890.101793576381,15544.337506931433,17775.183225713194,10457.805391674634,16655.260706650923
2026-03-31 06:20:00+00:00,16617.61829506197,14707.045416503512,12890.101793576381,15544.337506931433,17765.183225713194,10457.805391674634,16645.260706650923
2026-03-31 06:25:00+00:00,16627.004066565307,14716.431188006849,12899.496305184275,15553.732018539326,17774.56080687482,10457.805391674634,16654.64647815426
2026-03-31 06:30:00+00:00,16617.004066565307,14716.431188006849,12899.496305184275,15553.732018539326,17774.56080687482,10457.805391674634,16644.64647815426
2026-03-31 06:35:00+00:00,16626.391561647753,14716.431188006849,12899.496305184275,15553.732018539326,17783.965675798903,10457.805391674634,16654.033973236703
2026-03-31 06:40:00+00:00,16616.391561647753,14716.431188006849,12899.496305184275,15553.732018539326,17783.965675798903,10457.805391674634,16644.033973236703
2026-03-31 06:45:00+00:00,16625.78418036905,14716.431188006849,12899.496305184275,15553.732018539326,17793.349262309184,10457.805391674634,16653.426591958003
2026-03-31 06:50:00+00:00,16635.171683131637,14725.818690769436,12899.496305184275,15563.119521301913,17802.7527238579,10457.805391674634,16662.81409472059
2026-03-31 06:55:00+00:00,16625.171683131637,14715.818690769436,12899.496305184275,15553.119521301913,17812.15414204293,10467.206809859666,16652.81409472059
2026-03-31 07:00:00+00:00,16615.171683131637,14715.818690769436,12899.496305184275,15553.119521301913,17802.15414204293,10457.206809859666,16642.81409472059
2026-03-31 07:05:00+00:00,16624.552766204502,14725.199773842302,12908.863834233984,15562.487050351621,17811.531863474822,10457.206809859666,16652.195177793456
2026-03-31 07:10:00+00:00,16633.926643179773,14734.573650817572,12918.23785596519,15571.861072082827,17820.913234023898,10457.206809859666,16661.569054768726
2026-03-31 07:15:00+00:00,16643.309549056958,14743.956556694757,12927.575748560732,15581.19896467837,17830.281078984382,10457.206809859666,16670.951960645907
2026-03-31 07:20:00+00:00,16633.309549056958,14743.956556694757,12917.575748560732,15571.19896467837,17820.281078984382,10457.206809859666,16660.951960645907
2026-03-31 07:25:00+00:00,16642.70710878094,14743.956556694757,12926.89270125517,15580.515917372808,17829.644598761268,10457.206809859666,16670.349520369895
2026-03-31 07:30:00+00:00,16632.70710878094,14743.956556694757,12926.89270125517,15580.515917372808,17819.644598761268,10447.206809859666,16660.349520369895
2026-03-31 07:35:00+00:00,16622.70710878094,14743.956556694757,12926.89270125517,15580.515917372808,17809.644598761268,10447.206809859666,16650.349520369895
2026-03-31 07:40:00+00:00,16612.70710878094,14733.956556694757,12926.89270125517,15570.515917372808,17799.644598761268,10447.206809859666,16640.349520369895
2026-03-31 07:45:00+00:00,16622.074888814823,14743.324336728638,12936.254530958737,15579.877747076374,17809.00119954947,10447.206809859666,16649.717300403776
2026-03-31 07:50:00+00:00,16612.074888814823,14733.324336728638,12926.254530958737,15569.877747076374,17799.00119954947,10447.206809859666,16639.717300403776
2026-03-31 07:55:00+00:00,16621.47835501588,14733.324336728638,12926.254530958737,15569.877747076374,17808.399405410055,10447.206809859666,16649.12076660483
2026-03-31 08:00:00+00:00,16611.47835501588,14723.324336728638,12916.254530958737,15559.877747076374,17798.399405410055,10456.605017209695,16639.12076660483
2026-03-31 08:05:00+00:00,16601.47835501588,14723.324336728638,12916.254530958737,15559.877747076374,17788.399405410055,10456.605017209695,16629.12076660483
2026-03-31 08:10:00+00:00,16610.8423688818,14732.688350594559,12925.586685085194,15569.209901202832,17797.763667347757,10456.605017209695,16638.48478047075
2026-03-31 08:15:00+00:00,16620.244382701665,14732.688350594559,12925.586685085194,15569.209901202832,17807.16400185605,10456.605017209695,16647.886794290618
2026-03-31 08:20:00+00:00,16610.244382701665,14732.688350594559,12915.586685085194,15559.209901202832,17797.16400185605,10456.605017209695,16637.886794290618
2026-03-31 08:25:00+00:00,16619.640010948744,14732.688350594559,12924.959976468455,15568.583192586093,17806.554857914805,10456.605017209695,16647.282422537697
2026-03-31 08:30:00+00:00,16629.016278971485,14742.0646186173,12934.298139436718,15577.921355554356,17815.91379663274,10456.605017209695,16656.658690560434
2026-03-31 08:35:00+00:00,16638.430743982004,14742.0646186173,12934.298139436718,15577.921355554356,17805.91379663274,10456.605017209695,16666.073155570957
2026-03-31 08:40:00+00:00,16647.798091765406,14742.0646186173,12943.625375328988,15587.248591446623,17815.238421631893,10456.605017209695,16675.44050335436
2026-03-31 08:45:00+00:00,16657.198066436074,14742.0646186173,12943.625375328988,15587.248591446623,17824.627504936194,10466.007632606472,16684.840478025028
2026-03-31 08:50:00+00:00,16666.59920988282,14742.0646186173,12943.625375328988,15587.248591446623,17834.02753903087,10466.007632606472,16694.241621471774
2026-03-31 08:55:00+00:00,16675.972076989616,14751.437485724095,12952.9723198999,15596.595536017538,17843.391413309,10466.007632606472,16703.61448857857
2026-03-31 09:00:00+00:00,16665.972076989616,14751.437485724095,12952.9723198999,15596.595536017538,17833.391413309,10456.007632606472,16693.61448857857
2026-03-31 09:05:00+00:00,16675.38296681983,14751.437485724095,12952.9723198999,15596.595536017538,17842.793853526397,10465.410117375259,16703.025378408784
2026-03-31 09:10:00+00:00,16684.75017586623,14760.804694770492,12962.301546509894,15605.924762627532,17852.166071150335,10465.410117375259,16712.39258745518
2026-03-31 09:15:00+00:00,16694.148254217955,14760.804694770492,12971.65778547033,15615.281001587966,17861.538173042718,10465.410117375259,16721.790665806908
2026-03-31 09:20:00+00:00,16703.53270256038,14770.189143112915,12971.65778547033,15624.665449930391,17870.92972224143,10455.410117375259,16731.17511414933
2026-03-31 09:25:00+00:00,16712.884222429788,14770.189143112915,12981.009471580745,15634.017136040806,17880.268453015648,10455.410117375259,16740.526634018737
2026-03-31 09:30:00+00:00,16702.884222429788,14770.189143112915,12981.009471580745,15634.017136040806,17889.668522884895,10445.410117375259,16730.526634018737
2026-03-31 09:35:00+00:00,16712.29746183094,14770.189143112915,12981.009471580745,15634.017136040806,17899.070919108213,10445.410117375259,16739.93987341989
2026-03-31 09:40:00+00:00,16702.29746183094,14770.189143112915,12981.009471580745,15634.017136040806,17889.070919108213,10454.810077306398,16729.93987341989
2026-03-31 09:45:00+00:00,16711.681578549546,14779.57325983152,12990.373802239414,15643.381466699473,17898.45530378685,10454.810077306398,16739.323990138495
2026-03-31 09:50:00+00:00,16701.681578549546,14779.57325983152,12990.373802239414,15643.381466699473,17907.851345896812,10454.810077306398,16729.323990138495
2026-03-31 09:55:00+00:00,16710.945309560047,14779.57325983152,12999.613212332953,15652.620876793015,17917.102660531345,10454.810077306398,16738.587721149
2026-03-31 10:00:00+00:00,16720.34870747471,14779.57325983152,12999.613212332953,15652.620876793015,17926.500942360974,10454.810077306398,16747.991119063663
2026-03-31 10:05:00+00:00,16729.73395289747,14788.958505254279,13008.991228895044,15661.998893355103,17935.883117156507,10454.810077306398,16757.37636448642
2026-03-31 10:10:00+00:00,16719.73395289747,14788.958505254279,13008.991228895044,15661.998893355103,17945.27806919891,10454.810077306398,16747.37636448642
2026-03-31 10:15:00+00:00,16709.73395289747,14788.958505254279,13008.991228895044,15661.998893355103,17935.27806919891,10454.810077306398,16737.37636448642
2026-03-31 10:20:00+00:00,16719.13177058502,14798.356377568314,13008.991228895044,15671.396711042655,17944.674072533107,10454.810077306398,16746.77418217397
2026-03-31 10:25:00+00:00,16728.530000791125,14798.356377568314,13008.991228895044,15671.396711042655,17954.070467843507,10454.810077306398,16756.172412380074
2026-03-31 10:30:00+00:00,16718.530000791125,14798.356377568314,13008.991228895044,15671.396711042655,17963.468177783863,10454.810077306398,16746.172412380074
2026-03-31 10:35:00+00:00,16708.530000791125,14798.356377568314,13008.991228895044,15671.396711042655,17953.468177783863,10444.810077306398,16736.172412380074
2026-03-31 10:40:00+00:00,16698.530000791125,14798.356377568314,13008.991228895044,15671.396711042655,17953.468177783863,10444.810077306398,16726.172412380074
2026-03-31 10:45:00+00:00,16707.924505022373,14798.356377568314,13018.368105703175,15680.773587850786,17962.85203317868,10444.810077306398,16735.566916611326
2026-03-31 10:50:00+00:00,16717.301663939616,14798.356377568314,13027.737855088468,15690.143337236079,17972.237923952285,10444.810077306398,16744.94407552857
2026-03-31 10:55:00+00:00,16726.692964450653,14807.747678079348,13037.114132118542,15699.519614266155,17981.614748166783,10444.810077306398,16754.335376039606
2026-03-31 11:00:00+00:00,16716.692964450653,14797.747678079348,13037.114132118542,15689.519614266155,17971.614748166783,10444.810077306398,16744.335376039606
2026-03-31 11:05:00+00:00,16726.074464034915,14807.12917766361,13046.461415427824,15698.866897575434,17980.974335545125,10444.810077306398,16753.716875623864
2026-03-31 11:10:00+00:00,16735.43367216725,14816.488547389976,13055.7595077568,15708.164989904411,17990.328177544005,10444.810077306398,16763.0760837562
2026-03-31 11:15:00+00:00,16744.820288352486,14816.488547389976,13065.080800762924,15717.486282910533,17999.696582234545,10444.810077306398,16772.46269994144
2026-03-31 11:20:00+00:00,16754.209974186477,14825.878233223964,13065.080800762924,15726.875968744524,18009.08361982018,10444.810077306398,16781.852385775426
2026-03-31 11:25:00+00:00,16763.620202072023,14825.878233223964,13065.080800762924,15726.875968744524,18009.08361982018,10444.810077306398,16791.262613660976
2026-03-31 11:30:00+00:00,16753.620202072023,14815.878233223964,13065.080800762924,15716.875968744524,18018.43815709297,10444.810077306398,16781.262613660976
2026-03-31 11:35:00+00:00,16762.99326813536,14815.878233223964,13065.080800762924,15716.875968744524,18027.84214046767,10454.211934489738,16790.635679724313
2026-03-31 11:40:00+00:00,16772.37728531311,14815.878233223964,13074.461022411755,15726.256190393357,18037.222970223185,10454.211934489738,16800.01969690206
2026-03-31 11:45:00+00:00,16781.77222437813,14825.27317228899,13083.834169290749,15735.629337272348,18046.59661610105,10454.211934489738,16809.414635967085
2026-03-31 11:50:00+00:00,16791.176913763862,14834.67789721844,13083.834169290749,15745.034026658079,18056.00012490477,10454.211934489738,16818.819325352815
2026-03-31 11:55:00+00:00,16800.58041276095,14844.081396215526,13093.193993963649,15754.393851330979,18065.402290943395,10454.211934489738,16828.2228243499
2026-03-31 12:00:00+00:00,16809.98228495031,14853.483268404889,13093.193993963649,15763.79572352034,18074.804532670503,10454.211934489738,16837.624696539264
2026-03-31 12:05:00+00:00,16819.383292497085,14853.483268404889,13093.193993963649,15763.79572352034,18084.202840288366,10454.211934489738,16847.025704086034
2026-03-31 12:10:00+00:00,16828.786963904677,14862.886978183986,13093.193993963649,15773.199394927931,18093.60523719561,10454.211934489738,16856.429375493626
2026-03-31 12:15:00+00:00,16818.786963904677,14862.886978183986,13093.193993963649,15773.199394927931,18083.60523719561,10444.211934489738,16846.429375493626
2026-03-31 12:20:00+00:00,16828.177791114016,14862.886978183986,13102.578842127234,15782.584243091516,18092.99352476039,10444.211934489738,16855.82020270297
2026-03-31 12:25:00+00:00,16837.571907019577,14872.281094089545,13111.966174945055,15791.971575909338,18102.381358480005,10444.211934489738,16865.214318608527
2026-03-31 12:30:00+00:00,16846.958249516545,14881.667436586515,13111.966174945055,15801.357918406306,18111.764734685374,10444.211934489738,16874.600661105495
2026-03-31 12:35:00+00:00,16856.345145474777,14891.054332544745,13111.966174945055,15810.744814364538,18121.159410393808,10444.211934489738,16883.987557063727
2026-03-31 12:40:00+00:00,16865.752991360274,14881.054332544745,13111.966174945055,15810.744814364538,18130.555765787605,10444.211934489738,16893.395402949223
2026-03-31 12:45:00+00:00,16875.159910243958,14881.054332544745,13121.289817351655,15820.068456771138,18139.95780347802,10444.211934489738,16902.80232183291
2026-03-31 12:50:00+00:00,16884.567602427913,14890.462051929382,13121.289817351655,15829.476148955091,18149.355129590404,10444.211934489738,16912.210014016866
2026-03-31 12:55:00+00:00,16893.952394690805,14899.846844192274,13130.666041821776,15838.852373425214,18158.736808132766,10444.211934489738,16921.594806279754
2026-03-31 13:00:00+00:00,16903.35992993018,14909.25437943165,13130.666041821776,15848.25990866459,18158.736808132766,10444.211934489738,16931.00234151913
2026-03-31 13:05:00+00:00,16893.35992993018,14899.25437943165,13130.666041821776,15838.25990866459,18168.130928137012,10444.211934489738,16921.00234151913
2026-03-31 13:10:00+00:00,16902.775312651855,14899.25437943165,13130.666041821776,15838.25990866459,18168.130928137012,10444.211934489738,16930.417724240808
2026-03-31 13:15:00+00:00,16892.775312651855,14889.25437943165,13130.666041821776,15828.25990866459,18177.533183685016,10453.613437632432,16920.417724240808
2026-03-31 13:20:00+00:00,16902.1828188828,14889.25437943165,13130.666041821776,15828.25990866459,18177.533183685016,10453.613437632432,16929.825230471753
2026-03-31 13:25:00+00:00,16911.59478304649,14898.666343595338,13130.666041821776,15837.671872828278,18177.533183685016,10453.613437632432,16939.23719463544
2026-03-31 13:30:00+00:00,16920.96818867851,14898.666343595338,13130.666041821776,15837.671872828278,18186.916301198904,10443.613437632432,16948.610600267464
2026-03-31 13:35:00+00:00,16930.353950643905,14908.0521936334,13130.666041821776,15847.057634793673,18196.29913810918,10443.613437632432,16957.996362232858
2026-03-31 13:40:00+00:00,16920.353950643905,14908.0521936334,13120.666041821776,15837.057634793673,18186.29913810918,10443.613437632432,16947.996362232858
2026-03-31 13:45:00+00:00,16929.68383695732,14917.382079946814,13129.976351811349,15846.367944783244,18195.620705841866,10443.613437632432,16957.32624854627
2026-03-31 13:50:00+00:00,16939.01586423362,14917.382079946814,13139.308734300364,15855.699972059545,18204.953088330883,10452.945820121447,16966.65827582257
2026-03-31 13:55:00+00:00,16948.40255034298,14917.382079946814,13148.657157877458,15865.048395636639,18214.31029887472,10462.351180744141,16976.044961931933
2026-03-31 14:00:00+00:00,16957.7920554451,14926.771585048933,13157.966898370243,15874.358136129424,18223.697138532832,10462.351180744141,16985.43446703405
2026-03-31 14:05:00+00:00,16967.19017366437,14936.169703268202,13157.966898370243,15883.756254348693,18233.09341119109,10462.351180744141,16994.832585253323
2026-03-31 14:10:00+00:00,16976.588637392513,14945.568166996345,13167.339695450162,15893.129051428614,18242.490062263925,10462.351180744141,17004.231048981463
2026-03-31 14:15:00+00:00,16985.98238709039,14954.961916694221,13176.58138983709,15902.370745815542,18251.881550461025,10462.351180744141,17013.624798679342
2026-03-31 14:20:00+00:00,16995.379101714003,14964.358631317835,13176.58138983709,15911.767460439154,18261.276285860713,10462.351180744141,17023.021513302952
2026-03-31 14:25:00+00:00,16985.379101714003,14954.358631317835,13176.58138983709,15901.767460439154,18251.276285860713,10462.351180744141,17013.021513302952
2026-03-31 14:30:00+00:00,16994.776204013273,14963.755733617103,13176.58138983709,15911.164562738424,18260.671445851873,10462.351180744141,17022.418615602222
2026-03-31 14:35:00+00:00,17004.14067031951,14973.120199923344,13185.924991468444,15920.508164369774,18270.030867818547,10462.351180744141,17031.783081908463
2026-03-31 14:40:00+00:00,17013.54007856231,14973.120199923344,13195.27701416107,15929.8601870624,18279.428553366633,10462.351180744141,17041.18249015126
2026-03-31 14:45:00+00:00,17022.911973622027,14973.120199923344,13204.649099092092,15939.232082122118,18288.800638297653,10471.723265675162,17050.554385210977
2026-03-31 14:50:00+00:00,17032.177909912807,14973.120199923344,13213.854155869303,15948.437138899328,18298.052235015093,10471.723265675162,17059.82032150176
2026-03-31 14:55:00+00:00,17041.577488988296,14982.51977899883,13223.223612664508,15957.806595694532,18307.450107667908,10471.723265675162,17069.219900577245
2026-03-31 15:00:00+00:00,17050.96151249267,14991.903802503206,13232.599601753338,15967.182584783364,18316.830944351612,10471.723265675162,17078.60392408162
2026-03-31 15:05:00+00:00,17060.322314865927,14991.903802503206,13241.961819970682,15976.544803000708,18326.18635484918,10471.723265675162,17087.964726454877
2026-03-31 15:10:00+00:00,17069.68603128338,15001.26751892066,13251.261653913973,15985.844636943999,18335.54495578583,10471.723265675162,17097.328442872335
2026-03-31 15:15:00+00:00,17059.68603128338,15001.26751892066,13251.261653913973,15985.844636943999,18344.9357966592,10471.723265675162,17087.328442872335
2026-03-31 15:20:00+00:00,17069.042640509535,15010.624128146814,13260.632214716037,15995.215197746063,18354.286616453996,10471.723265675162,17096.685052098488
2026-03-31 15:25:00+00:00,17078.39397599607,15019.975463633345,13269.92257694703,16004.505559977057,18363.63166277173,10471.723265675162,17106.03638758502
2026-03-31 15:30:00+00:00,17087.76457488461,15019.975463633345,13279.282671686007,16013.865654716035,18372.985659757214,10471.723265675162,17115.40698647356
2026-03-31 15:35:00+00:00,17097.145761107513,15019.975463633345,13288.64546729035,16023.228450320377,18382.361537817626,10471.723265675162,17124.788172696462
2026-03-31 15:40:00+00:00,17106.547719895116,15019.975463633345,13288.64546729035,16023.228450320377,18391.757197827166,10471.723265675162,17134.190131484065
2026-03-31 15:45:00+00:00,17115.961633827326,15019.975463633345,13288.64546729035,16023.228450320377,18381.757197827166,10471.723265675162,17143.60404541628
2026-03-31 15:50:00+00:00,17125.33722854744,15029.351058353459,13298.030583404594,16032.613566434622,18391.12351652269,10471.723265675162,17152.979640136393
2026-03-31 15:55:00+00:00,17134.678688963722,15038.692518769742,13307.299579652607,16041.882562682633,18400.457752822134,10471.723265675162,17162.321100552675
2026-03-31 16:00:00+00:00,17144.051785704567,15048.065615510586,13316.688154640615,16051.271137670643,18409.82662442214,10471.723265675162,17171.694197293516
2026-03-31 16:05:00+00:00,17153.422013866515,15057.435843672532,13326.025628508209,16060.608611538235,18419.18130955779,10471.723265675162,17181.064425455465
2026-03-31 16:10:00+00:00,17162.7988990707,15057.435843672532,13335.33765824922,16069.920641279248,18428.505184701266,10471.723265675162,17190.441310659655
2026-03-31 16:15:00+00:00,17172.18544357665,15066.822388178482,13344.70430982635,16079.287292856376,18437.876441590004,10471.723265675162,17199.827855165604
2026-03-31 16:20:00+00:00,17181.597044560665,15066.822388178482,13344.70430982635,16079.287292856376,18447.279351870893,10461.723265675162,17209.23945614962
2026-03-31 16:25:00+00:00,17190.988642319666,15066.822388178482,13354.094769045634,16088.677752075662,18456.670620223907,10461.723265675162,17218.63105390862
2026-03-31 16:30:00+00:00,17180.988642319666,15066.822388178482,13354.094769045634,16088.677752075662,18446.670620223907,10451.723265675162,17208.63105390862
2026-03-31 16:35:00+00:00,17190.40073288542,15066.822388178482,13363.4507531486,16098.033736178626,18456.039744067784,10461.126277046336,17218.043144474374
2026-03-31 16:40:00+00:00,17199.590872484267,15076.01252777733,13372.585553825214,16107.168536855243,18465.25777339608,10461.126277046336,17227.23328407322
2026-03-31 16:45:00+00:00,17208.948634238885,15076.01252777733,13381.904088730236,16116.487071760263,18474.57698726217,10470.526539244818,17236.591045827838
2026-03-31 16:50:00+00:00,17218.262853166092,15076.01252777733,13391.256277757382,16125.839260787408,18483.960859296123,10460.526539244818,17245.905264755045
2026-03-31 16:55:00+00:00,17227.65188329073,15076.01252777733,13400.62572567289,16135.208708702916,18493.313451685484,10460.526539244818,17255.29429487968
2026-03-31 17:00:00+00:00,17237.021799400052,15076.01252777733,13409.950272086879,16144.533255116905,18502.68816246433,10450.526539244818,17264.664210989
2026-03-31 17:05:00+00:00,17246.34510371882,15085.335832096098,13419.280496864376,16153.863479894402,18511.996020061662,10450.526539244818,17273.987515307774
2026-03-31 17:10:00+00:00,17255.58129300356,15085.335832096098,13428.485534966687,16163.068517996711,18521.233521032984,10450.526539244818,17283.22370459251
2026-03-31 17:15:00+00:00,17264.925486552063,15085.335832096098,13437.811541062109,16172.394524092133,18530.55535185856,10450.526539244818,17292.567898141013
2026-03-31 17:20:00+00:00,17254.925486552063,15085.335832096098,13437.811541062109,16172.394524092133,18539.95038427507,10459.92157166133,17282.567898141013
2026-03-31 17:25:00+00:00,17264.234701139616,15085.335832096098,13447.085089600238,16181.668072630262,18549.250656132892,10459.92157166133,17291.877112728565
2026-03-31 17:30:00+00:00,17254.234701139616,15085.335832096098,13447.085089600238,16181.668072630262,18539.250656132892,10449.92157166133,17281.877112728565
2026-03-31 17:35:00+00:00,17263.563247636328,15094.66437859281,13456.36266468417,16190.945647714196,18548.529184293664,10449.92157166133,17291.205659225277
2026-03-31 17:40:00+00:00,17272.94207180394,15094.66437859281,13465.758188427415,16200.34117145744,18557.91624026346,10449.92157166133,17300.58448339289
2026-03-31 17:45:00+00:00,17262.94207180394,15094.66437859281,13475.120650422507,16200.34117145744,18567.319654623967,10459.308418776343,17290.58448339289
2026-03-31 17:50:00+00:00,17272.348788745614,15094.66437859281,13475.120650422507,16200.34117145744,18576.71207387629,10468.707708627535,17299.991200334567
2026-03-31 17:55:00+00:00,17281.68981377806,15094.66437859281,13484.430129516293,16209.650650551226,18586.02636143542,10468.707708627535,17309.33222536701
2026-03-31 18:00:00+00:00,17291.076539974838,15094.66437859281,13493.811453720007,16219.03197475494,18595.400143880783,10468.707708627535,17318.718951563787
2026-03-31 18:05:00+00:00,17281.076539974838,15094.66437859281,13503.190154220527,16219.03197475494,18604.805088031782,10458.707708627535,17308.718951563787
2026-03-31 18:10:00+00:00,17271.076539974838,15084.66437859281,13503.190154220527,16209.03197475494,18594.805088031782,10458.707708627535,17298.718951563787
2026-03-31 18:15:00+00:00,17261.076539974838,15074.66437859281,13512.565732471934,16199.03197475494,18584.805088031782,10468.083286878942,17288.718951563787
2026-03-31 18:20:00+00:00,17251.076539974838,15074.66437859281,13512.565732471934,16199.03197475494,18574.805088031782,10468.083286878942,17278.718951563787
2026-03-31 18:25:00+00:00,17241.076539974838,15074.66437859281,13512.565732471934,16199.03197475494,18564.805088031782,10477.481169981653,17268.718951563787
2026-03-31 18:30:00+00:00,17250.45385340732,15084.041692025294,13521.910928782,16208.377171065007,18574.17486527466,10477.481169981653,17278.096264996275
2026-03-31 18:35:00+00:00,17259.862921990192,15084.041692025294,13531.287379176367,16217.753621459375,18583.5622498265,10477.481169981653,17287.505333579145
2026-03-31 18:40:00+00:00,17269.228243352332,15084.041692025294,13540.68445448495,16227.150696767956,18592.942695347898,10477.481169981653,17296.870654941282
2026-03-31 18:45:00+00:00,17259.228243352332,15084.041692025294,13540.68445448495,16227.150696767956,18582.942695347898,10477.481169981653,17286.870654941282
2026-03-31 18:50:00+00:00,17268.624606143374,15093.438054816335,13540.68445448495,16236.547059558998,18592.33704541371,10477.481169981653,17296.267017732323
2026-03-31 18:55:00+00:00,17258.624606143374,15083.438054816335,13530.68445448495,16226.547059558998,18582.33704541371,10477.481169981653,17286.267017732323
2026-03-31 19:00:00+00:00,17248.624606143374,15083.438054816335,13530.68445448495,16226.547059558998,18591.732643459003,10486.876768026948,17276.267017732323
2026-03-31 19:05:00+00:00,17238.624606143374,15073.438054816335,13520.68445448495,16216.547059558998,18581.732643459003,10486.876768026948,17266.267017732323
2026-03-31 19:10:00+00:00,17228.624606143374,15073.438054816335,13520.68445448495,16216.547059558998,18591.132419190908,10486.876768026948,17256.267017732323
2026-03-31 19:15:00+00:00,17238.026692509302,15082.840141182263,13520.68445448495,16225.949145924926,18600.533037993122,10486.876768026948,17265.66910409825
2026-03-31 19:20:00+00:00,17247.42564725908,15092.239095932042,13520.68445448495,16235.348100674706,18609.930226853903,10486.876768026948,17275.06805884803
2026-03-31 19:25:00+00:00,17256.802292518398,15101.61574119136,13530.071128995884,16244.73477518564,18619.3029840304,10486.876768026948,17284.44470410735
2026-03-31 19:30:00+00:00,17266.192841357974,15101.61574119136,13530.071128995884,16244.73477518564,18628.69096673676,10486.876768026948,17293.835252946923
2026-03-31 19:35:00+00:00,17275.590358256268,15101.61574119136,13530.071128995884,16244.73477518564,18638.08856688548,10486.876768026948,17303.23276984522
2026-03-31 19:40:00+00:00,17265.590358256268,15091.61574119136,13530.071128995884,16234.73477518564,18628.08856688548,10486.876768026948,17293.23276984522
2026-03-31 19:45:00+00:00,17274.96057496227,15100.985957897363,13539.42775879729,16244.091404987044,18637.454284988948,10486.876768026948,17302.602986551225
2026-03-31 19:50:00+00:00,17284.33857422196,15110.36395715705,13539.42775879729,16253.469404246733,18646.82852481216,10486.876768026948,17311.98098581091
2026-03-31 19:55:00+00:00,17293.74309411069,15110.36395715705,13539.42775879729,16253.469404246733,18656.23180903342,10486.876768026948,17321.38550569964
2026-03-31 20:00:00+00:00,17303.151708817582,15110.36395715705,13539.42775879729,16253.469404246733,18665.602529359094,10486.876768026948,17330.794120406536
2026-03-31 20:05:00+00:00,17312.52550245236,15119.737750791828,13548.801908855967,16262.843554305411,18674.97216403716,10486.876768026948,17340.16791404131
2026-03-31 20:10:00+00:00,17321.902117076184,15129.114365415653,13558.157974610062,16272.199620059504,18684.34488766766,10486.876768026948,17349.544528665137
2026-03-31 20:15:00+00:00,17331.29793823598,15138.510186575448,13567.506213989984,16281.547859439426,18693.738644530997,10486.876768026948,17358.94034982493
2026-03-31 20:20:00+00:00,17321.29793823598,15128.510186575448,13567.506213989984,16271.547859439426,18683.738644530997,10486.876768026948,17348.94034982493
2026-03-31 20:25:00+00:00,17330.700803864394,15128.510186575448,13567.506213989984,16271.547859439426,18693.141309148134,10486.876768026948,17358.343215453348
2026-03-31 20:30:00+00:00,17340.108288718744,15128.510186575448,13567.506213989984,16271.547859439426,18702.527625391216,10486.876768026948,17367.750700307697
2026-03-31 20:35:00+00:00,17349.48636964679,15137.888267503491,13576.85168403351,16280.893329482955,18711.901954642894,10486.876768026948,17377.12878123574
2026-03-31 20:40:00+00:00,17339.48636964679,15127.888267503491,13576.85168403351,16270.893329482955,18711.901954642894,10486.876768026948,17367.12878123574
2026-03-31 20:45:00+00:00,17348.901410492188,15127.888267503491,13586.203309399752,16280.244954849197,18721.28836181502,10486.876768026948,17376.54382208114
2026-03-31 20:50:00+00:00,17358.314032226946,15127.888267503491,13586.203309399752,16280.244954849197,18730.687749023935,10486.876768026948,17385.956443815896
2026-03-31 20:55:00+00:00,17348.314032226946,15127.888267503491,13586.203309399752,16280.244954849197,18740.08834414606,10486.876768026948,17375.956443815896
2026-03-31 21:00:00+00:00,17357.655020323167,15137.229255599716,13595.530689695783,16289.572335145225,18749.42981223086,10486.876768026948,17385.29743191212
2026-03-31 21:05:00+00:00,17367.054517718636,15137.229255599716,13595.530689695783,16289.572335145225,18739.42981223086,10486.876768026948,17394.69692930759
2026-03-31 21:10:00+00:00,17357.054517718636,15127.229255599716,13595.530689695783,16279.572335145225,18729.42981223086,10486.876768026948,17384.69692930759
2026-03-31 21:15:00+00:00,17366.437274408116,15136.612012289195,13595.530689695783,16288.955091834705,18738.82853188886,10486.876768026948,17394.07968599707
2026-03-31 21:20:00+00:00,17375.830438085188,15146.005175966267,13595.530689695783,16298.348255511775,18748.229924458356,10486.876768026948,17403.472849674137
2026-03-31 21:25:00+00:00,17385.197230531747,15155.371968412826,13604.901363229896,16307.718929045888,18757.606891764968,10486.876768026948,17412.8396421207
2026-03-31 21:30:00+00:00,17394.593111850143,15155.371968412826,13614.286582028048,16317.104147844038,18766.98491232042,10486.876768026948,17422.235523439093
2026-03-31 21:35:00+00:00,17404.008895499042,15155.371968412826,13614.286582028048,16317.104147844038,18776.38075018282,10486.876768026948,17431.651307087992
2026-03-31 21:40:00+00:00,17413.39538177239,15164.758454686173,13623.678227160835,16326.495792976828,18785.76049074991,10486.876768026948,17441.037793361338
2026-03-31 21:45:00+00:00,17422.794722795807,15164.758454686173,13623.678227160835,16326.495792976828,18795.156816867027,10486.876768026948,17450.43713438476
2026-03-31 21:50:00+00:00,17412.794722795807,15164.758454686173,13633.008358446217,16326.495792976828,18804.538721791443,10486.876768026948,17440.43713438476
2026-03-31 21:55:00+00:00,17422.158737564816,15174.122469455178,13642.366253853092,16335.8536883837,18813.907021925934,10486.876768026948,17449.801149153765
2026-03-31 22:00:00+00:00,17431.5338069281,15183.497538818465,13651.740852747487,16345.228287278098,18823.2893593662,10486.876768026948,17459.176218517052
2026-03-31 22:05:00+00:00,17440.947422329344,15183.497538818465,13651.740852747487,16345.228287278098,18832.692898029294,10496.278443180221,17468.589833918293
2026-03-31 22:10:00+00:00,17450.33425600684,15183.497538818465,13651.740852747487,16345.228287278098,18842.0803685363,10496.278443180221,17477.976667595794
2026-03-31 22:15:00+00:00,17440.33425600684,15183.497538818465,13651.740852747487,16345.228287278098,18842.0803685363,10496.278443180221,17467.976667595794
2026-03-31 22:20:00+00:00,17449.746993570727,15183.497538818465,13651.740852747487,16345.228287278098,18851.479033787138,10505.677108431059,17477.38940515968
2026-03-31 22:25:00+00:00,17459.130742073736,15192.881287321472,13661.102571986139,16354.59000651675,18860.84983602377,10505.677108431059,17486.773153662685
2026-03-31 22:30:00+00:00,17468.52880918824,15192.881287321472,13670.458660961209,16363.946095491818,18870.22358243383,10505.677108431059,17496.171220777193
2026-03-31 22:35:00+00:00,17458.52880918824,15192.881287321472,13670.458660961209,16363.946095491818,18879.624908878657,10505.677108431059,17486.171220777193
2026-03-31 22:40:00+00:00,17467.92522061327,15192.881287321472,13679.824047747616,16373.311482278226,18889.019312209275,10505.677108431059,17495.567632202223
2026-03-31 22:45:00+00:00,17477.323035531244,15202.279102239445,13689.207728145191,16382.695162675802,18898.402648993237,10505.677108431059,17504.965447120194
2026-03-31 22:50:00+00:00,17467.323035531244,15202.279102239445,13689.207728145191,16382.695162675802,18888.402648993237,10505.677108431059,17494.965447120194
2026-03-31 22:55:00+00:00,17457.323035531244,15192.279102239445,13689.207728145191,16372.695162675802,18878.402648993237,10505.677108431059,17484.965447120194
2026-03-31 23:00:00+00:00,17466.71979952997,15192.279102239445,13698.580754438019,16382.068188968628,18887.795330803405,10505.677108431059,17494.36221111892
2026-03-31 23:05:00+00:00,17476.12698153936,15201.686284248835,13707.939444845693,16391.426879376304,18897.170964487017,10505.677108431059,17503.76939312831
2026-03-31 23:10:00+00:00,17485.52822030238,15211.087523011858,13707.939444845693,16400.828118139325,18906.573186824004,10505.677108431059,17513.170631891335
2026-03-31 23:15:00+00:00,17494.941480136313,15211.087523011858,13717.279048727665,16410.1677220213,18915.96976022853,10515.078751169674,17522.583891725266
2026-03-31 23:20:00+00:00,17504.335980735283,15220.482023610826,13726.644920637584,16419.533593931217,18925.35014741494,10515.078751169674,17531.978392324232
2026-03-31 23:25:00+00:00,17494.335980735283,15210.482023610826,13726.644920637584,16409.533593931217,18915.35014741494,10515.078751169674,17521.978392324232
2026-03-31 23:30:00+00:00,17484.335980735283,15210.482023610826,13726.644920637584,16409.533593931217,18915.35014741494,10515.078751169674,17511.978392324232
2026-03-31 23:35:00+00:00,17493.72768103341,15219.873723908957,13726.644920637584,16418.92529422935,18924.73939115387,10515.078751169674,17521.370092622365
2026-03-31 23:40:00+00:00,17503.138263680667,15229.28430655621,13726.644920637584,16428.3358768766,18934.136398649276,10515.078751169674,17530.780675269616
2026-03-31 23:45:00+00:00,17512.52827271271,15229.28430655621,13736.02351916684,16437.714475405857,18943.526374461097,10515.078751169674,17540.17068430166
2026-03-31 23:50:00+00:00,17521.929552871152,15229.28430655621,13736.02351916684,16437.714475405857,18952.919674301833,10515.078751169674,17549.5719644601
2026-03-31 23:55:00+00:00,17531.329194239326,15229.28430655621,13736.02351916684,16437.714475405857,18962.323662143473,10515.078751169674,17558.97160582828
2026-04-01 00:00:00+00:00,17540.6900569384,15229.28430655621,13745.378992188444,16447.069948427463,18971.67948248919,10515.078751169674,17568.332468527355
2026-04-01 00:05:00+00:00,17530.6900569384,15229.28430655621,13745.378992188444,16447.069948427463,18971.67948248919,10515.078751169674,17558.332468527355
2026-04-01 00:10:00+00:00,17540.055413120568,15238.649662738375,13754.743294332442,16456.43425057146,18981.049988316634,10515.078751169674,17567.697824709518
2026-04-01 00:15:00+00:00,17549.439669466126,15238.649662738375,13764.071581048755,16465.762537287774,18990.41015432136,10515.078751169674,17577.08208105508
2026-04-01 00:20:00+00:00,17558.838552562833,15238.649662738375,13773.408235722689,16475.099191961708,18999.77828590091,10515.078751169674,17586.480964151786
2026-04-01 00:25:00+00:00,17548.838552562833,15238.649662738375,13773.408235722689,16475.099191961708,18989.77828590091,10515.078751169674,17576.480964151786
2026-04-01 00:30:00+00:00,17558.22776676013,15248.038876935672,13782.76099063222,16484.45194687124,18999.130400738683,10524.47688447548,17585.870178349083
2026-04-01 00:35:00+00:00,17567.62688446672,15248.038876935672,13782.76099063222,16484.45194687124,19008.5322354927,10524.47688447548,17595.269296055674
2026-04-01 00:40:00+00:00,17577.031911276164,15257.443903745116,13782.76099063222,16493.85697368068,19017.929991580662,10524.47688447548,17604.674322865118
2026-04-01 00:45:00+00:00,17586.444134722355,15257.443903745116,13782.76099063222,16493.85697368068,19007.929991580662,10524.47688447548,17614.086546311308
2026-04-01 00:50:00+00:00,17595.793215882153,15266.79298490491,13792.091112395363,16503.187095443824,19017.272235079814,10524.47688447548,17623.435627471103
2026-04-01 00:55:00+00:00,17585.793215882153,15256.79298490491,13792.091112395363,16493.187095443824,19007.272235079814,10524.47688447548,17613.435627471103
2026-04-01 01:00:00+00:00,17575.793215882153,15256.79298490491,13792.091112395363,16493.187095443824,18997.272235079814,10524.47688447548,17603.435627471103
2026-04-01 01:05:00+00:00,17585.14156078809,15256.79298490491,13801.45969326071,16502.55567630917,19006.644890778567,10524.47688447548,17612.783972377045
2026-04-01 01:10:00+00:00,17594.545606681215,15256.79298490491,13801.45969326071,16502.55567630917,19016.047540428277,10524.47688447548,17622.188018270168
2026-04-01 01:15:00+00:00,17603.90755876685,15266.154936990542,13810.812364396712,16511.908347445173,19025.405042044586,10524.47688447548,17631.549970355798
2026-04-01 01:20:00+00:00,17613.322608633865,15266.154936990542,13810.812364396712,16511.908347445173,19034.79687259897,10524.47688447548,17640.965020222815
2026-04-01 01:25:00+00:00,17603.322608633865,15266.154936990542,13810.812364396712,16511.908347445173,19034.79687259897,10524.47688447548,17630.965020222815
2026-04-01 01:30:00+00:00,17593.322608633865,15256.154936990542,13810.812364396712,16501.908347445173,19024.79687259897,10524.47688447548,17620.965020222815
2026-04-01 01:35:00+00:00,17583.322608633865,15256.154936990542,13810.812364396712,16501.908347445173,19034.198764971734,10514.47688447548,17610.965020222815
2026-04-01 01:40:00+00:00,17573.322608633865,15256.154936990542,13810.812364396712,16501.908347445173,19024.198764971734,10504.47688447548,17600.965020222815
2026-04-01 01:45:00+00:00,17582.694886584824,15265.5272149415,13820.175640097379,16511.27162314584,19033.572911070296,10504.47688447548,17610.337298173774
2026-04-01 01:50:00+00:00,17592.10452333703,15265.5272149415,13820.175640097379,16511.27162314584,19023.572911070296,10504.47688447548,17619.746934925985
2026-04-01 01:55:00+00:00,17601.513164818192,15265.5272149415,13829.557652293068,16520.65363534153,19032.952223910805,10504.47688447548,17629.155576407145
2026-04-01 02:00:00+00:00,17610.8905643255,15265.5272149415,13838.948816291195,16530.044799339656,19042.327798858456,10504.47688447548,17638.532975914448
2026-04-01 02:05:00+00:00,17620.27370048545,15274.910351101451,13838.948816291195,16539.427935499607,19051.72576721279,10494.47688447548,17647.9161120744
2026-04-01 02:10:00+00:00,17610.27370048545,15264.910351101451,13838.948816291195,16529.427935499607,19041.72576721279,10494.47688447548,17637.9161120744
2026-04-01 02:15:00+00:00,17619.679150102384,15264.910351101451,13838.948816291195,16529.427935499607,19051.124956566127,10494.47688447548,17647.321561691333
2026-04-01 02:20:00+00:00,17629.089143491754,15264.910351101451,13838.948816291195,16529.427935499607,19060.528138449656,10494.47688447548,17656.731555080703
2026-04-01 02:25:00+00:00,17638.429963138202,15274.251170747897,13848.27993991798,16538.759059126394,19069.849206915616,10494.47688447548,17666.07237472715
2026-04-01 02:30:00+00:00,17628.429963138202,15264.251170747897,13848.27993991798,16528.759059126394,19059.849206915616,10494.47688447548,17656.07237472715
2026-04-01 02:35:00+00:00,17618.429963138202,15254.251170747897,13848.27993991798,16518.759059126394,19049.849206915616,10494.47688447548,17646.07237472715
2026-04-01 02:40:00+00:00,17627.827042699624,15263.648250309321,13848.27993991798,16528.156138687817,19059.24434200371,10494.47688447548,17655.469454288577
2026-04-01 02:45:00+00:00,17637.228738189664,15273.049945799361,13848.27993991798,16537.557834177856,19049.24434200371,10484.47688447548,17664.871149778617
2026-04-01 02:50:00+00:00,17627.228738189664,15273.049945799361,13848.27993991798,16537.557834177856,19058.648057121412,10484.47688447548,17654.871149778617
2026-04-01 02:55:00+00:00,17617.228738189664,15273.049945799361,13848.27993991798,16537.557834177856,19048.648057121412,10484.47688447548,17644.871149778617
2026-04-01 03:00:00+00:00,17626.58566668215,15273.049945799361,13857.62671352764,16546.904607787517,19057.997528284308,10484.47688447548,17654.2280782711
2026-04-01 03:05:00+00:00,17635.977669565556,15282.44194868277,13866.974394464165,16556.25228872404,19067.342886855156,10484.47688447548,17663.620081154506
2026-04-01 03:10:00+00:00,17645.37229457156,15282.44194868277,13876.362775728434,16565.640669988312,19076.729491694692,10484.47688447548,17673.01470616051
2026-04-01 03:15:00+00:00,17654.77390723012,15282.44194868277,13876.362775728434,16565.640669988312,19086.129591656245,10484.47688447548,17682.416318819072
2026-04-01 03:20:00+00:00,17664.176802740643,15282.44194868277,13876.362775728434,16565.640669988312,19095.52137254225,10484.47688447548,17691.819214329593
2026-04-01 03:25:00+00:00,17654.176802740643,15282.44194868277,13876.362775728434,16565.640669988312,19085.52137254225,10484.47688447548,17681.819214329593
2026-04-01 03:30:00+00:00,17663.586976299288,15282.44194868277,13876.362775728434,16565.640669988312,19094.923525255595,10484.47688447548,17691.22938788824
2026-04-01 03:35:00+00:00,17663.586976299288,15282.44194868277,13876.362775728434,16565.640669988312,19084.923525255595,10484.47688447548,17691.22938788824
2026-04-01 03:40:00+00:00,17672.990274783508,15282.44194868277,13876.362775728434,16565.640669988312,19094.326872675796,10484.47688447548,17700.632686372457
2026-04-01 03:45:00+00:00,17682.343506517973,15282.44194868277,13885.716290583094,16574.994184842973,19103.68521268661,10484.47688447548,17709.985918106922
2026-04-01 03:50:00+00:00,17691.743958859945,15282.44194868277,13885.716290583094,16574.994184842973,19113.081782889967,10484.47688447548,17719.386370448898
2026-04-01 03:55:00+00:00,17681.743958859945,15282.44194868277,13885.716290583094,16574.994184842973,19103.081782889967,10474.47688447548,17709.386370448898
2026-04-01 04:00:00+00:00,17671.743958859945,15282.44194868277,13875.716290583094,16564.994184842973,19093.081782889967,10474.47688447548,17699.386370448898
2026-04-01 04:05:00+00:00,17661.743958859945,15282.44194868277,13875.716290583094,16564.994184842973,19102.482914984586,10474.47688447548,17689.386370448898
2026-04-01 04:10:00+00:00,17671.140060847196,15291.85020726472,13885.086815114937,16574.364709374815,19111.869605150303,10474.47688447548,17698.782472436145
2026-04-01 04:15:00+00:00,17661.140060847196,15291.85020726472,13885.086815114937,16574.364709374815,19121.272848028653,10474.47688447548,17688.782472436145
2026-04-01 04:20:00+00:00,17670.549079958066,15291.85020726472,13885.086815114937,16574.364709374815,19130.656311129806,10474.47688447548,17698.191491547015
2026-04-01 04:25:00+00:00,17679.951672666975,15301.252799973634,13885.086815114937,16583.76730208373,19140.056471910826,10474.47688447548,17707.59408425593
2026-04-01 04:30:00+00:00,17669.951672666975,15301.252799973634,13885.086815114937,16583.76730208373,19130.056471910826,10474.47688447548,17697.59408425593
2026-04-01 04:35:00+00:00,17659.951672666975,15301.252799973634,13885.086815114937,16583.76730208373,19139.461518083757,10483.879809459908,17687.59408425593
2026-04-01 04:40:00+00:00,17669.3427689137,15310.643896220357,13894.4756280625,16593.156115031292,19148.844369916966,10483.879809459908,17696.98518050265
2026-04-01 04:45:00+00:00,17678.757346831408,15310.643896220357,13894.4756280625,16593.156115031292,19158.24159701587,10483.879809459908,17706.39975842036
2026-04-01 04:50:00+00:00,17688.172159543,15310.643896220357,13894.4756280625,16593.156115031292,19167.640013462555,10483.879809459908,17715.81457113195
2026-04-01 04:55:00+00:00,17697.558479115378,15320.030215792736,13903.856150785812,16602.536637754605,19177.034408593347,10483.879809459908,17725.200890704327
2026-04-01 05:00:00+00:00,17706.940997070767,15329.412733748126,13913.20813624227,16611.88862321106,19186.400342049797,10483.879809459908,17734.583408659717
2026-04-01 05:05:00+00:00,17716.33201320494,15329.412733748126,13922.596193126024,16621.276680094816,19195.78648423683,10483.879809459908,17743.97442479389
2026-04-01 05:10:00+00:00,17706.33201320494,15319.412733748126,13922.596193126024,16611.276680094816,19185.78648423683,10493.239570410507,17733.97442479389
2026-04-01 05:15:00+00:00,17715.745666046263,15319.412733748126,13922.596193126024,16611.276680094816,19195.188363994726,10502.641450168408,17743.388077635213
2026-04-01 05:20:00+00:00,17705.745666046263,15319.412733748126,13922.596193126024,16611.276680094816,19204.584842977947,10512.037929151627,17733.388077635213
2026-04-01 05:25:00+00:00,17715.131467169504,15319.412733748126,13931.975678316347,16620.656165285138,19213.96524737878,10512.037929151627,17742.773878758453
2026-04-01 05:30:00+00:00,17705.131467169504,15319.412733748126,13931.975678316347,16620.656165285138,19203.96524737878,10512.037929151627,17732.773878758453
2026-04-01 05:35:00+00:00,17714.518777131743,15319.412733748126,13941.328876443069,16630.00936341186,19213.34968306955,10512.037929151627,17742.161188720696
2026-04-01 05:40:00+00:00,17723.91372359547,15319.412733748126,13941.328876443069,16630.00936341186,19222.742481959627,10512.037929151627,17751.556135184423
2026-04-01 05:45:00+00:00,17733.3047077267,15328.803717879355,13941.328876443069,16639.40034754309,19232.136991546664,10512.037929151627,17760.94711931565
2026-04-01 05:50:00+00:00,17742.69151022881,15328.803717879355,13950.716843234411,16648.788314334433,19241.536085567765,10512.037929151627,17770.333921817764
2026-04-01 05:55:00+00:00,17752.07844763732,15338.190655287863,13960.096867086642,16658.168338186664,19250.924687512,10512.037929151627,17779.72085922627
2026-04-01 06:00:00+00:00,17761.46388120259,15347.576088853137,13969.488918500647,16667.56038960067,19260.31177318657,10512.037929151627,17789.106292791545
2026-04-01 06:05:00+00:00,17770.852995505214,15356.965203155758,13978.857755908422,16676.929227008444,19269.690203012942,10512.037929151627,17798.495407094168
2026-04-01 06:10:00+00:00,17780.22541200157,15356.965203155758,13978.857755908422,16676.929227008444,19279.078821300176,10512.037929151627,17807.86782359052
2026-04-01 06:15:00+00:00,17770.22541200157,15356.965203155758,13978.857755908422,16676.929227008444,19269.078821300176,10521.437794931879,17797.86782359052
2026-04-01 06:20:00+00:00,17779.61812608912,15356.965203155758,13978.857755908422,16676.929227008444,19278.477245982314,10521.437794931879,17807.26053767807
2026-04-01 06:25:00+00:00,17779.61812608912,15356.965203155758,13978.857755908422,16676.929227008444,19287.87422163628,10521.437794931879,17807.26053767807
2026-04-01 06:30:00+00:00,17769.61812608912,15356.965203155758,13978.857755908422,16676.929227008444,19277.87422163628,10530.838542519406,17797.26053767807
2026-04-01 06:35:00+00:00,17778.987102849278,15366.334179915917,13978.857755908422,16686.2982037686,19287.272931935902,10530.838542519406,17806.62951443823
2026-04-01 06:40:00+00:00,17788.371901883467,15375.718978950106,13988.23745633338,16695.67790419356,19296.65773618698,10530.838542519406,17816.01431347242
2026-04-01 06:45:00+00:00,17797.74722403898,15375.718978950106,13997.589162560904,16705.029610421087,19305.993826232378,10530.838542519406,17825.389635627933
2026-04-01 06:50:00+00:00,17807.079779422667,15375.718978950106,13997.589162560904,16705.029610421087,19315.396481630196,10530.838542519406,17834.72219101162
2026-04-01 06:55:00+00:00,17797.079779422667,15375.718978950106,13987.589162560904,16695.029610421087,19305.396481630196,10530.838542519406,17824.72219101162
2026-04-01 07:00:00+00:00,17806.447243965016,15385.086443492453,13996.952243822283,16704.392691682464,19314.746579706476,10530.838542519406,17834.089655553966
2026-04-01 07:05:00+00:00,17815.801735633642,15385.086443492453,13996.952243822283,16704.392691682464,19324.140818709202,10530.838542519406,17843.44414722259
2026-04-01 07:10:00+00:00,17825.17727462409,15394.461982482902,14006.322278320387,16713.76272618057,19333.530404359983,10530.838542519406,17852.819686213043
2026-04-01 07:15:00+00:00,17834.58364845998,15403.868356318791,14006.322278320387,16723.169100016457,19342.918388430757,10530.838542519406,17862.22606004893
2026-04-01 07:20:00+00:00,17843.931639999555,15413.216347858368,14015.672201106016,16732.519022802084,19352.285538446147,10530.838542519406,17871.574051588505
2026-04-01 07:25:00+00:00,17833.931639999555,15413.216347858368,14015.672201106016,16732.519022802084,19342.285538446147,10530.838542519406,17861.574051588505
2026-04-01 07:30:00+00:00,17843.342584589176,15413.216347858368,14015.672201106016,16732.519022802084,19351.666859812496,10530.838542519406,17870.984996178126
2026-04-01 07:35:00+00:00,17852.718736855426,15422.592500124618,14025.057839765179,16741.90466146125,19361.039077160574,10530.838542519406,17880.361148444375
2026-04-01 07:40:00+00:00,17862.115542527074,15422.592500124618,14025.057839765179,16741.90466146125,19370.43391227806,10530.838542519406,17889.757954116027
2026-04-01 07:45:00+00:00,17871.50253026334,15431.979487860885,14034.424691721822,16751.271513417894,19379.816381149038,10530.838542519406,17899.14494185229
2026-04-01 07:50:00+00:00,17861.50253026334,15431.979487860885,14034.424691721822,16751.271513417894,19369.816381149038,10540.23772297326,17889.14494185229
2026-04-01 07:55:00+00:00,17870.91254748549,15431.979487860885,14034.424691721822,16751.271513417894,19379.220516407942,10549.638191127695,17898.55495907444
2026-04-01 08:00:00+00:00,17880.31729377585,15431.979487860885,14034.424691721822,16751.271513417894,19388.62472299803,10539.638191127695,17907.959705364803
2026-04-01 08:05:00+00:00,17889.703508940565,15441.365703025598,14043.787737717139,16760.634559413207,19397.996772034574,10549.04123615181,17917.34592052952
2026-04-01 08:10:00+00:00,17899.102944345756,15441.365703025598,14043.787737717139,16760.634559413207,19387.996772034574,10539.04123615181,17926.74535593471
2026-04-01 08:15:00+00:00,17889.102944345756,15441.365703025598,14043.787737717139,16760.634559413207,19377.996772034574,10529.04123615181,17916.74535593471
2026-04-01 08:20:00+00:00,17898.47771893666,15450.740477616504,14053.140144593646,16769.986966289718,19387.351598150177,10529.04123615181,17926.120130525615
2026-04-01 08:25:00+00:00,17907.86551733372,15450.740477616504,14062.514083819708,16779.360905515776,19396.72978025658,10529.04123615181,17935.507928922674
2026-04-01 08:30:00+00:00,17917.26523365461,15460.140243292706,14062.514083819708,16788.760621836664,19406.12785728444,10529.04123615181,17944.907645243562
2026-04-01 08:35:00+00:00,17926.671568908263,15460.140243292706,14071.869577888232,16798.11611590519,19415.483351352963,10529.04123615181,17954.313980497212
2026-04-01 08:40:00+00:00,17936.057121372163,15469.52579575661,14081.241982514175,16807.488520531133,19424.86586238903,10529.04123615181,17963.699532961116
2026-04-01 08:45:00+00:00,17945.45109864784,15478.919773032289,14081.241982514175,16816.88249780681,19434.261402344153,10529.04123615181,17973.093510236795
2026-04-01 08:50:00+00:00,17954.863413777886,15478.919773032289,14081.241982514175,16816.88249780681,19424.261402344153,10529.04123615181,17982.505825366836
2026-04-01 08:55:00+00:00,17964.266851021144,15478.919773032289,14090.603898579826,16826.244413872464,19433.637512606183,10538.44654945888,17991.909262610094
2026-04-01 09:00:00+00:00,17973.663693351387,15488.316615362535,14090.603898579826,16835.64125620271,19443.030390878936,10538.44654945888,18001.30610494034
2026-04-01 09:05:00+00:00,17983.07481611434,15488.316615362535,14099.945928804516,16844.9832864274,19452.432082439944,10538.44654945888,18010.717227703288
2026-04-01 09:10:00+00:00,17992.471725956173,15488.316615362535,14099.945928804516,16844.9832864274,19461.82899228178,10538.44654945888,18020.114137545123
2026-04-01 09:15:00+00:00,17982.471725956173,15488.316615362535,14099.945928804516,16844.9832864274,19451.82899228178,10538.44654945888,18010.114137545123
2026-04-01 09:20:00+00:00,17991.877075262357,15488.316615362535,14099.945928804516,16844.9832864274,19461.22873134617,10538.44654945888,18019.51948685131
2026-04-01 09:25:00+00:00,18001.253049986663,15488.316615362535,14109.303490293845,16854.34084791673,19470.60086759264,10538.44654945888,18028.895461575616
2026-04-01 09:30:00+00:00,17991.253049986663,15488.316615362535,14109.303490293845,16854.34084791673,19460.60086759264,10538.44654945888,18018.895461575616
2026-04-01 09:35:00+00:00,17981.253049986663,15488.316615362535,14109.303490293845,16854.34084791673,19470.000082856655,10547.846124066495,18008.895461575616
2026-04-01 09:40:00+00:00,17990.666677460278,15488.316615362535,14109.303490293845,16854.34084791673,19479.402949939584,10557.24269479897,18018.309089049228
2026-04-01 09:45:00+00:00,18000.058016841187,15497.714809972305,14109.303490293845,16863.73218729764,19488.80349140532,10557.24269479897,18027.700428430137
2026-04-01 09:50:00+00:00,18009.461110178177,15507.11794328646,14109.303490293845,16873.135280634626,19498.205256914152,10557.24269479897,18037.103521767127
2026-04-01 09:55:00+00:00,18018.862190300162,15516.519023408446,14109.303490293845,16882.536360756614,19507.604773603678,10557.24269479897,18046.50460188911
2026-04-01 10:00:00+00:00,18028.242502227557,15525.899335335842,14118.67852438108,16891.911394843846,19516.98154587167,10557.24269479897,18055.88491381651
2026-04-01 10:05:00+00:00,18018.242502227557,15515.899335335842,14118.67852438108,16881.911394843846,19506.98154587167,10557.24269479897,18045.88491381651
2026-04-01 10:10:00+00:00,18008.242502227557,15505.899335335842,14118.67852438108,16871.911394843846,19496.98154587167,10557.24269479897,18035.88491381651
2026-04-01 10:15:00+00:00,18017.64941240149,15505.899335335842,14118.67852438108,16871.911394843846,19496.98154587167,10557.24269479897,18045.291823990443
2026-04-01 10:20:00+00:00,18027.046305608437,15505.899335335842,14128.056305633083,16881.289176095852,19506.376476859812,10557.24269479897,18054.688717197387
2026-04-01 10:25:00+00:00,18036.45978197919,15505.899335335842,14128.056305633083,16881.289176095852,19506.376476859812,10557.24269479897,18064.10219356814
2026-04-01 10:30:00+00:00,18045.870574173172,15515.310146114673,14128.056305633083,16890.699968289835,19515.721738199918,10557.24269479897,18073.512985762125
2026-04-01 10:35:00+00:00,18055.265492203922,15524.705064145423,14128.056305633083,16900.094886320585,19525.114505950136,10557.24269479897,18082.907903792875
2026-04-01 10:40:00+00:00,18045.265492203922,15524.705064145423,14128.056305633083,16900.094886320585,19515.114505950136,10557.24269479897,18072.907903792875
2026-04-01 10:45:00+00:00,18054.659437305127,15524.705064145423,14128.056305633083,16900.094886320585,19524.51609284152,10557.24269479897,18082.301848894076
2026-04-01 10:50:00+00:00,18044.659437305127,15524.705064145423,14128.056305633083,16900.094886320585,19533.919395497665,10557.24269479897,18072.301848894076
2026-04-01 10:55:00+00:00,18054.003288676795,15534.048915517094,14137.426968012875,16909.465548700377,19543.28986207005,10557.24269479897,18081.645700265748
2026-04-01 11:00:00+00:00,18063.402354913756,15534.048915517094,14137.426968012875,16909.465548700377,19552.688679534407,10557.24269479897,18091.04476650271
2026-04-01 11:05:00+00:00,18072.78970740588,15534.048915517094,14137.426968012875,16909.465548700377,19562.09006992208,10557.24269479897,18100.43211899483
2026-04-01 11:10:00+00:00,18082.18498152018,15543.444189631391,14137.426968012875,16918.860822814673,19571.48030873186,10557.24269479897,18109.827393109128
2026-04-01 11:15:00+00:00,18091.598214920174,15543.444189631391,14137.426968012875,16918.860822814673,19580.882064145044,10557.24269479897,18119.240626509127
2026-04-01 11:20:00+00:00,18101.013750757367,15543.444189631391,14137.426968012875,16918.860822814673,19570.882064145044,10557.24269479897,18128.65616234632
2026-04-01 11:25:00+00:00,18091.013750757367,15533.444189631391,14137.426968012875,16908.860822814673,19560.882064145044,10557.24269479897,18118.65616234632
2026-04-01 11:30:00+00:00,18081.013750757367,15523.444189631391,14137.426968012875,16898.860822814673,19550.882064145044,10557.24269479897,18108.65616234632
2026-04-01 11:35:00+00:00,18090.425841824952,15532.856295673053,14137.426968012875,16908.272913882254,19560.274478796742,10557.24269479897,18118.0682534139
2026-04-01 11:40:00+00:00,18099.81259402885,15542.24304787695,14137.426968012875,16917.659666086154,19569.65830367694,10557.24269479897,18127.455005617798
2026-04-01 11:45:00+00:00,18109.218267019867,15542.24304787695,14137.426968012875,16917.659666086154,19579.054066008426,10557.24269479897,18136.86067860882
2026-04-01 11:50:00+00:00,18118.622899895174,15542.24304787695,14137.426968012875,16917.659666086154,19588.45874173655,10557.24269479897,18146.265311484123
2026-04-01 11:55:00+00:00,18108.622899895174,15542.24304787695,14137.426968012875,16917.659666086154,19588.45874173655,10557.24269479897,18136.265311484123
2026-04-01 12:00:00+00:00,18118.00919670004,15551.629344681818,14146.761418690336,16926.994116763613,19597.81042364436,10557.24269479897,18145.651608288994
2026-04-01 12:05:00+00:00,18127.38459294413,15561.004740925906,14156.140931280366,16936.373629353646,19607.194251388,10557.24269479897,18155.02700453308
2026-04-01 12:10:00+00:00,18136.761062968108,15561.004740925906,14156.140931280366,16936.373629353646,19616.594520965537,10557.24269479897,18164.403474557057
2026-04-01 12:15:00+00:00,18146.109118435354,15570.396317815233,14165.516203630821,16945.721684820892,19625.989978070647,10557.24269479897,18173.751530024303
2026-04-01 12:20:00+00:00,18155.504238225127,15579.791437605008,14174.884511636208,16955.08999282628,19635.34719430722,10557.24269479897,18183.14664981408
2026-04-01 12:25:00+00:00,18164.908043611646,15589.195242991525,14174.884511636208,16964.493798212796,19644.738035208808,10566.646726966537,18192.550455200595
2026-04-01 12:30:00+00:00,18174.314405732366,15589.195242991525,14174.884511636208,16964.493798212796,19654.139225426756,10576.048878271022,18201.956817321316
2026-04-01 12:35:00+00:00,18183.683831455477,15598.564668714638,14184.251265094,16973.86055167059,19663.531386841052,10576.048878271022,18211.32624304443
2026-04-01 12:40:00+00:00,18193.08264711252,15598.564668714638,14193.627531657605,16983.236818234192,19672.916673141102,10576.048878271022,18220.72505870147
2026-04-01 12:45:00+00:00,18202.409963573038,15598.564668714638,14202.955051085939,16992.564337662527,19682.228509082794,10576.048878271022,18230.05237516199
2026-04-01 12:50:00+00:00,18211.805105267904,15598.564668714638,14192.955051085939,16992.564337662527,19672.228509082794,10576.048878271022,18239.447516856853
2026-04-01 12:55:00+00:00,18201.805105267904,15598.564668714638,14192.955051085939,16992.564337662527,19681.626628419006,10576.048878271022,18229.447516856853
2026-04-01 13:00:00+00:00,18211.196826120387,15598.564668714638,14202.27834147345,17001.887628050037,19690.999794499512,10576.048878271022,18238.839237709337
2026-04-01 13:05:00+00:00,18220.566920400684,15607.934762994937,14211.650213030329,17011.259499606917,19700.364386160138,10576.048878271022,18248.209331989638
2026-04-01 13:10:00+00:00,18229.912525624204,15617.280368218453,14220.99042695393,17020.59971353052,19709.711729728115,10576.048878271022,18257.554937213154
2026-04-01 13:15:00+00:00,18239.25338451913,15626.66913016935,14220.99042695393,17029.940572425443,19719.0963316544,10576.048878271022,18266.895796108078
2026-04-01 13:20:00+00:00,18248.63259432363,15636.048339973853,14220.99042695393,17039.319782229944,19728.49018047025,10576.048878271022,18276.275005912583
2026-04-01 13:25:00+00:00,18258.02770454425,15645.44345019447,14230.340277379288,17048.669632655303,19737.85590067967,10576.048878271022,18285.6701161332
2026-04-01 13:30:00+00:00,18248.02770454425,15645.44345019447,14230.340277379288,17048.669632655303,19727.85590067967,10576.048878271022,18275.6701161332
2026-04-01 13:35:00+00:00,18257.41288785269,15645.44345019447,14230.340277379288,17048.669632655303,19737.22743750379,10566.048878271022,18285.055299441643
2026-04-01 13:40:00+00:00,18266.736824336527,15645.44345019447,14239.570460128436,17057.899815404453,19746.475540872114,10566.048878271022,18294.37923592548
2026-04-01 13:45:00+00:00,18276.130681730025,15645.44345019447,14248.911673905754,17067.24102918177,19755.868284743847,10566.048878271022,18303.773093318974
2026-04-01 13:50:00+00:00,18285.517349563765,15645.44345019447,14258.24605566528,17076.575410941296,19765.246959298456,10566.048878271022,18313.159761152718
2026-04-01 13:55:00+00:00,18275.517349563765,15645.44345019447,14248.24605566528,17066.575410941296,19755.246959298456,10566.048878271022,18303.159761152718
2026-04-01 14:00:00+00:00,18284.878332248412,15645.44345019447,14257.606404749724,17075.93576002574,19764.617418578615,10566.048878271022,18312.52074383736
2026-04-01 14:05:00+00:00,18294.22793453942,15645.44345019447,14266.972462514044,17085.30181779006,19773.9859044619,10566.048878271022,18321.870346128373
2026-04-01 14:10:00+00:00,18303.62368178428,15645.44345019447,14266.972462514044,17085.30181779006,19783.385839376984,10575.446532615511,18331.26609337323
2026-04-01 14:15:00+00:00,18293.62368178428,15645.44345019447,14266.972462514044,17085.30181779006,19773.385839376984,10565.446532615511,18321.26609337323
2026-04-01 14:20:00+00:00,18303.007139001696,15645.44345019447,14276.321692125653,17094.65104740167,19782.70286175834,10565.446532615511,18330.64955059065
2026-04-01 14:25:00+00:00,18312.41745499093,15645.44345019447,14276.321692125653,17094.65104740167,19792.101837149457,10565.446532615511,18340.059866579883
2026-04-01 14:30:00+00:00,18321.802555172027,15654.828640283016,14285.657085256931,17103.986440532946,19801.483951348644,10574.831722704057,18349.444966760977
2026-04-01 14:35:00+00:00,18311.802555172027,15654.828640283016,14285.657085256931,17103.986440532946,19810.838937411783,10574.831722704057,18339.444966760977
2026-04-01 14:40:00+00:00,18321.172808147516,15664.198893258508,14295.020957068184,17113.3503123442,19820.204695228,10574.831722704057,18348.81521973647
2026-04-01 14:45:00+00:00,18311.172808147516,15664.198893258508,14295.020957068184,17113.3503123442,19810.204695228,10584.228288214874,18338.81521973647
2026-04-01 14:50:00+00:00,18301.172808147516,15664.198893258508,14295.020957068184,17113.3503123442,19819.58954125428,10593.613134241155,18328.81521973647
2026-04-01 14:55:00+00:00,18310.58802644319,15664.198893258508,14295.020957068184,17113.3503123442,19828.97841922887,10593.613134241155,18338.230438032144
2026-04-01 15:00:00+00:00,18300.58802644319,15664.198893258508,14295.020957068184,17113.3503123442,19838.381160770994,10603.012004447563,18328.230438032144
2026-04-01 15:05:00+00:00,18309.979704126585,15664.198893258508,14295.020957068184,17113.3503123442,19847.77968191498,10612.407024559378,18337.622115715538
2026-04-01 15:10:00+00:00,18319.357663466057,15673.582269630379,14304.400576415761,17122.729931691778,19857.1468327123,10612.407024559378,18347.00007505501
2026-04-01 15:15:00+00:00,18309.357663466057,15673.582269630379,14304.400576415761,17122.729931691778,19866.551119441123,10621.806061176445,18337.00007505501
2026-04-01 15:20:00+00:00,18299.357663466057,15673.582269630379,14313.769583771837,17122.729931691778,19875.94075800128,10621.806061176445,18327.00007505501
2026-04-01 15:25:00+00:00,18308.745112292927,15673.582269630379,14323.1355812843,17132.09592920424,19885.31004116246,10621.806061176445,18336.38752388188
2026-04-01 15:30:00+00:00,18318.122622333183,15682.959779670637,14323.1355812843,17141.473439244495,19894.698984293856,10631.208255917789,18345.765033922136
2026-04-01 15:35:00+00:00,18308.122622333183,15682.959779670637,14313.1355812843,17131.473439244495,19884.698984293856,10631.208255917789,18335.765033922136
2026-04-01 15:40:00+00:00,18317.518579137603,15682.959779670637,14313.1355812843,17131.473439244495,19894.09512720799,10631.208255917789,18345.160990726552
2026-04-01 15:45:00+00:00,18326.8771487054,15692.35215217148,14313.1355812843,17140.832008812296,19903.490236389203,10631.208255917789,18354.51956029435
2026-04-01 15:50:00+00:00,18336.271961528968,15701.746964995049,14313.1355812843,17150.226821635864,19912.87486855004,10631.208255917789,18363.91437311792
2026-04-01 15:55:00+00:00,18326.271961528968,15701.746964995049,14313.1355812843,17150.226821635864,19922.275103179447,10631.208255917789,18353.91437311792
2026-04-01 16:00:00+00:00,18335.654380784574,15701.746964995049,14313.1355812843,17150.226821635864,19931.666451026173,10631.208255917789,18363.296792373527
2026-04-01 16:05:00+00:00,18325.654380784574,15701.746964995049,14313.1355812843,17150.226821635864,19921.666451026173,10621.208255917789,18353.296792373527
2026-04-01 16:10:00+00:00,18335.04505703507,15701.746964995049,14322.4813265062,17159.572566857765,19931.01069977142,10621.208255917789,18362.68746862402
2026-04-01 16:15:00+00:00,18325.04505703507,15691.746964995049,14322.4813265062,17149.572566857765,19921.01069977142,10621.208255917789,18352.68746862402
2026-04-01 16:20:00+00:00,18334.445113528927,15691.746964995049,14322.4813265062,17149.572566857765,19930.41080960258,10630.608365748949,18362.08752511788
2026-04-01 16:25:00+00:00,18343.836796434833,15691.746964995049,14331.850237246763,17158.941477598324,19939.798586504385,10630.608365748949,18371.479208023782
2026-04-01 16:30:00+00:00,18353.25028752409,15691.746964995049,14331.850237246763,17158.941477598324,19949.1846485969,10639.994427841466,18380.892699113043
2026-04-01 16:35:00+00:00,18362.59408485167,15701.090762322627,14341.160313582073,17168.25155393364,19958.5074535081,10639.994427841466,18390.236496440622
2026-04-01 16:40:00+00:00,18371.99328762098,15701.090762322627,14341.160313582073,17168.25155393364,19948.5074535081,10629.994427841466,18399.63569920993
2026-04-01 16:45:00+00:00,18381.37478730651,15710.47226200816,14350.542665440174,17177.63390579174,19957.872426536225,10629.994427841466,18409.01719889546
2026-04-01 16:50:00+00:00,18390.78521088412,15710.47226200816,14350.542665440174,17177.63390579174,19967.27514583442,10629.994427841466,18418.42762247307
2026-04-01 16:55:00+00:00,18400.19354286322,15710.47226200816,14350.542665440174,17177.63390579174,19976.676930062466,10629.994427841466,18427.83595445217
2026-04-01 17:00:00+00:00,18409.595566351163,15719.874285496102,14359.870424491293,17186.961664842856,19986.043029673296,10629.994427841466,18437.237977940116
2026-04-01 17:05:00+00:00,18418.968239155638,15729.246958300577,14369.210404392492,17196.301644744057,19995.403748435565,10629.994427841466,18446.610650744587
2026-04-01 17:10:00+00:00,18428.33919236003,15738.617911504969,14378.555974258441,17205.647214610006,20004.763087680098,10629.994427841466,18455.98160394898
2026-04-01 17:15:00+00:00,18437.737482687575,15738.617911504969,14378.555974258441,17205.647214610006,20014.166662227755,10629.994427841466,18465.379894276528
2026-04-01 17:20:00+00:00,18447.108145325663,15738.617911504969,14387.884404672945,17214.975645024508,20023.51151019331,10629.994427841466,18474.750556914616
2026-04-01 17:25:00+00:00,18456.49128082864,15748.001047007943,14387.884404672945,17224.358780527484,20032.890523798924,10629.994427841466,18484.133692417592
2026-04-01 17:30:00+00:00,18465.896001632187,15748.001047007943,14387.884404672945,17224.358780527484,20042.21088779821,10629.994427841466,18493.53841322114
2026-04-01 17:35:00+00:00,18475.27224355509,15757.377288930847,14397.224754071034,17233.69912992557,20051.58320332031,10629.994427841466,18502.914655144043
2026-04-01 17:40:00+00:00,18465.27224355509,15747.377288930847,14397.224754071034,17223.69912992557,20041.58320332031,10629.994427841466,18492.914655144043
2026-04-01 17:45:00+00:00,18474.66923449248,15747.377288930847,14397.224754071034,17223.69912992557,20050.97824134516,10629.994427841466,18502.31164608143
2026-04-01 17:50:00+00:00,18474.66923449248,15747.377288930847,14397.224754071034,17223.69912992557,20050.97824134516,10629.994427841466,18502.31164608143
2026-04-01 17:55:00+00:00,18484.056644542317,15756.764698980685,14397.224754071034,17233.08653997541,20060.360716960196,10629.994427841466,18511.69905613127
2026-04-01 18:00:00+00:00,18493.41858789844,15766.126642336807,14406.52146475363,17242.383250658007,20069.664095662672,10629.994427841466,18521.06099948739
2026-04-01 18:05:00+00:00,18483.41858789844,15766.126642336807,14406.52146475363,17242.383250658007,20079.06647972063,10629.994427841466,18511.06099948739
2026-04-01 18:10:00+00:00,18492.79570539804,15775.503759836407,14415.867846864516,17251.72963276889,20088.43887860008,10629.994427841466,18520.43811698699
2026-04-01 18:15:00+00:00,18502.191264818925,15775.503759836407,14415.867846864516,17251.72963276889,20097.836800116875,10629.994427841466,18529.833676407874
2026-04-01 18:20:00+00:00,18511.606575170335,15775.503759836407,14415.867846864516,17251.72963276889,20087.836800116875,10629.994427841466,18539.24898675929
2026-04-01 18:25:00+00:00,18520.98060482712,15775.503759836407,14425.234245500258,17261.096031404635,20097.191690789725,10629.994427841466,18548.623016416073
2026-04-01 18:30:00+00:00,18530.383165598196,15775.503759836407,14425.234245500258,17261.096031404635,20106.579928744162,10629.994427841466,18558.025577187145
2026-04-01 18:35:00+00:00,18520.383165598196,15775.503759836407,14415.234245500258,17251.096031404635,20096.579928744162,10629.994427841466,18548.025577187145
2026-04-01 18:40:00+00:00,18529.759179884695,15775.503759836407,14424.611726636926,17260.473512541303,20105.938239207695,10629.994427841466,18557.401591473645
2026-04-01 18:45:00+00:00,18539.123066885597,15784.867646837309,14433.98076137805,17269.842547282427,20115.30638086785,10629.994427841466,18566.765478474546
2026-04-01 18:50:00+00:00,18548.526570389353,15784.867646837309,14433.98076137805,17269.842547282427,20124.700965733904,10629.994427841466,18576.168981978302
2026-04-01 18:55:00+00:00,18557.916407883145,15794.257484331101,14443.358947859835,17279.22073376421,20134.08090934099,10629.994427841466,18585.558819472095
2026-04-01 19:00:00+00:00,18567.3006211686,15794.257484331101,14452.733211323706,17288.594997228083,20143.44926773006,10629.994427841466,18594.94303275755
2026-04-01 19:05:00+00:00,18576.69222207612,15803.649085238621,14452.733211323706,17297.9865981356,20152.84016986072,10629.994427841466,18604.33463366507
2026-04-01 19:10:00+00:00,18586.059388387268,15813.045890030893,14452.733211323706,17307.35376444675,20162.240363434827,10629.994427841466,18613.701799976217
2026-04-01 19:15:00+00:00,18595.470342861816,15813.045890030893,14452.733211323706,17307.35376444675,20152.240363434827,10619.994427841466,18623.112754450765
2026-04-01 19:20:00+00:00,18585.470342861816,15813.045890030893,14452.733211323706,17307.35376444675,20152.240363434827,10619.994427841466,18613.112754450765
2026-04-01 19:25:00+00:00,18594.86054063346,15822.43608780254,14462.121044411631,17316.741597534678,20161.627251480684,10619.994427841466,18622.50295222241
2026-04-01 19:30:00+00:00,18604.249364311654,15831.824911480733,14471.485849612543,17326.10640273559,20171.008195898725,10619.994427841466,18631.891775900607
2026-04-01 19:35:00+00:00,18613.660338241396,15831.824911480733,14471.485849612543,17326.10640273559,20180.404094831672,10619.994427841466,18641.302749830345
2026-04-01 19:40:00+00:00,18603.660338241396,15831.824911480733,14471.485849612543,17326.10640273559,20170.404094831672,10619.994427841466,18631.302749830345
2026-04-01 19:45:00+00:00,18613.038380232385,15841.2128576842,14480.844050901684,17335.464604024728,20179.768536770833,10619.994427841466,18640.680791821338
2026-04-01 19:50:00+00:00,18622.399134337407,15841.2128576842,14490.184746980503,17344.805300103548,20189.12616408135,10619.994427841466,18650.041545926357
2026-04-01 19:55:00+00:00,18631.794372194654,15841.2128576842,14490.184746980503,17344.805300103548,20198.528294480362,10619.994427841466,18659.436783783603
2026-04-01 20:00:00+00:00,18641.18076532142,15850.599250810967,14499.565623240922,17354.186176363968,20207.922135283487,10619.994427841466,18668.82317691037
2026-04-01 20:05:00+00:00,18650.583718286383,15850.599250810967,14508.934637096594,17363.55519021964,20217.314201536625,10619.994427841466,18678.226129875336
2026-04-01 20:10:00+00:00,18640.583718286383,15850.599250810967,14508.934637096594,17363.55519021964,20207.314201536625,10619.994427841466,18668.226129875336
2026-04-01 20:15:00+00:00,18630.583718286383,15850.599250810967,14508.934637096594,17363.55519021964,20216.714218067995,10629.389662739795,18658.226129875336
2026-04-01 20:20:00+00:00,18620.583718286383,15850.599250810967,14508.934637096594,17363.55519021964,20226.111625252986,10638.787069924785,18648.226129875336
2026-04-01 20:25:00+00:00,18610.583718286383,15840.599250810967,14508.934637096594,17353.55519021964,20235.51188606785,10638.787069924785,18638.226129875336
2026-04-01 20:30:00+00:00,18600.583718286383,15830.599250810967,14508.934637096594,17343.55519021964,20225.51188606785,10638.787069924785,18628.226129875336
2026-04-01 20:35:00+00:00,18609.976205419778,15839.991807364528,14518.30937664722,17352.929929770267,20234.902067553652,10638.787069924785,18637.618617008728
2026-04-01 20:40:00+00:00,18619.35880144746,15839.991807364528,14518.30937664722,17352.929929770267,20244.28495494635,10638.787069924785,18647.00121303641
2026-04-01 20:45:00+00:00,18609.35880144746,15839.991807364528,14518.30937664722,17352.929929770267,20244.28495494635,10638.787069924785,18637.00121303641
2026-04-01 20:50:00+00:00,18618.76230154614,15849.398861899614,14518.30937664722,17362.333429868948,20253.681048211933,10638.787069924785,18646.40471313509
2026-04-01 20:55:00+00:00,18628.159786961995,15858.796347315469,14518.30937664722,17371.730915284803,20263.076627802955,10638.787069924785,18655.802198550948
2026-04-01 21:00:00+00:00,18618.159786961995,15848.796347315469,14518.30937664722,17361.730915284803,20272.47643072947,10638.787069924785,18645.802198550948
2026-04-01 21:05:00+00:00,18627.562430079393,15848.796347315469,14518.30937664722,17361.730915284803,20281.87330118556,10638.787069924785,18655.204841668346
2026-04-01 21:10:00+00:00,18617.562430079393,15848.796347315469,14518.30937664722,17361.730915284803,20291.27627380677,10638.787069924785,18645.204841668346
2026-04-01 21:15:00+00:00,18626.96760341868,15848.796347315469,14518.30937664722,17361.730915284803,20300.677651709266,10638.787069924785,18654.61001500763
2026-04-01 21:20:00+00:00,18636.371629285233,15858.200373182019,14518.30937664722,17371.13494115135,20310.076440584126,10638.787069924785,18664.014040874183
2026-04-01 21:25:00+00:00,18645.755025544353,15858.200373182019,14518.30937664722,17371.13494115135,20319.47298342766,10638.787069924785,18673.397437133302
2026-04-01 21:30:00+00:00,18635.755025544353,15858.200373182019,14518.30937664722,17371.13494115135,20319.47298342766,10638.787069924785,18663.397437133302
2026-04-01 21:35:00+00:00,18645.1263655771,15867.571713214766,14527.675506063391,17380.501070567523,20328.846790211683,10638.787069924785,18672.76877716605
2026-04-01 21:40:00+00:00,18654.517791258888,15867.571713214766,14537.054501254828,17389.88006575896,20338.225772478265,10638.787069924785,18682.160202847837
2026-04-01 21:45:00+00:00,18663.933084058437,15867.571713214766,14537.054501254828,17389.88006575896,20347.62988740157,10638.787069924785,18691.57549564739
2026-04-01 21:50:00+00:00,18653.933084058437,15867.571713214766,14537.054501254828,17389.88006575896,20337.62988740157,10638.787069924785,18681.57549564739
2026-04-01 21:55:00+00:00,18663.336235043185,15876.974864199512,14537.054501254828,17399.283216743708,20347.034022402648,10638.787069924785,18690.97864663214
2026-04-01 22:00:00+00:00,18672.72657211239,15876.974864199512,14546.419401974646,17408.648117463526,20356.4174377769,10638.787069924785,18700.368983701344
2026-04-01 22:05:00+00:00,18682.124697534848,15876.974864199512,14546.419401974646,17408.648117463526,20365.820050055074,10638.787069924785,18709.7671091238
2026-04-01 22:10:00+00:00,18691.52947413332,15876.974864199512,14546.419401974646,17408.648117463526,20375.224826653546,10638.787069924785,18719.171885722273
2026-04-01 22:15:00+00:00,18700.91116177364,15876.974864199512,14555.802408655345,17418.031124144225,20384.59107828862,10638.787069924785,18728.553573362595
2026-04-01 22:20:00+00:00,18710.296897275533,15876.974864199512,14565.172172194803,17427.40088768368,20393.97171652694,10638.787069924785,18737.939308864487
2026-04-01 22:25:00+00:00,18719.700212924552,15886.37817984853,14565.172172194803,17436.8042033327,20403.3735846294,10638.787069924785,18747.342624513505
2026-04-01 22:30:00+00:00,18709.700212924552,15876.37817984853,14565.172172194803,17426.8042033327,20412.77226678288,10648.185752078265,18737.342624513505
2026-04-01 22:35:00+00:00,18719.0868500667,15876.37817984853,14574.541664884619,17436.173696022517,20422.161764675417,10648.185752078265,18746.72926165565
2026-04-01 22:40:00+00:00,18728.47177501439,15885.76310479622,14583.919289241101,17445.551320379,20431.532680082935,10648.185752078265,18756.114186603343
2026-04-01 22:45:00+00:00,18737.882585510277,15885.76310479622,14583.919289241101,17445.551320379,20440.932064893823,10648.185752078265,18765.52499709923
2026-04-01 22:50:00+00:00,18747.26698601137,15885.76310479622,14583.919289241101,17445.551320379,20450.316359347646,10648.185752078265,18774.90939760032
2026-04-01 22:55:00+00:00,18756.673293543114,15895.169412327965,14583.919289241101,17454.957627910742,20459.720660628846,10648.185752078265,18784.315705132067
2026-04-01 23:00:00+00:00,18766.06867236778,15904.564791152628,14593.288411326326,17464.32674999597,20469.09877897526,10648.185752078265,18793.711083956732
2026-04-01 23:05:00+00:00,18756.06867236778,15904.564791152628,14593.288411326326,17464.32674999597,20459.09877897526,10648.185752078265,18783.711083956732
2026-04-01 23:10:00+00:00,18765.465332075262,15913.961450860108,14593.288411326326,17473.72340970345,20468.489222362332,10648.185752078265,18793.10774366421
2026-04-01 23:15:00+00:00,18774.866824598466,15913.961450860108,14593.288411326326,17473.72340970345,20477.882640481657,10648.185752078265,18802.509236187416
2026-04-01 23:20:00+00:00,18764.866824598466,15903.961450860108,14593.288411326326,17463.72340970345,20477.882640481657,10648.185752078265,18792.509236187416
2026-04-01 23:25:00+00:00,18774.26698580119,15913.361612062836,14593.288411326326,17473.123570906173,20487.278543857436,10648.185752078265,18801.90939739014
2026-04-01 23:30:00+00:00,18764.26698580119,15903.361612062836,14583.288411326326,17463.123570906173,20477.278543857436,10648.185752078265,18791.90939739014
2026-04-01 23:35:00+00:00,18773.67227321701,15903.361612062836,14583.288411326326,17463.123570906173,20486.682668758534,10648.185752078265,18801.314684805962
2026-04-01 23:40:00+00:00,18783.07334055947,15912.762725009143,14583.288411326326,17472.524638248633,20496.082221399505,10648.185752078265,18810.71575214842
2026-04-01 23:45:00+00:00,18773.07334055947,15912.762725009143,14583.288411326326,17472.524638248633,20505.47821287861,10657.58174355737,18800.71575214842
2026-04-01 23:50:00+00:00,18782.46757482742,15912.762725009143,14583.288411326326,17472.524638248633,20514.867382009164,10657.58174355737,18810.10998641637
2026-04-01 23:55:00+00:00,18772.46757482742,15902.762725009143,14583.288411326326,17462.524638248633,20504.867382009164,10657.58174355737,18800.10998641637
2026-04-02 00:00:00+00:00,18762.46757482742,15902.762725009143,14583.288411326326,17462.524638248633,20494.867382009164,10657.58174355737,18790.10998641637
2026-04-02 00:05:00+00:00,18771.874287962535,15902.762725009143,14583.288411326326,17462.524638248633,20504.265420402317,10657.58174355737,18799.51669955149
2026-04-02 00:10:00+00:00,18781.26502298261,15902.762725009143,14583.288411326326,17462.524638248633,20513.661424217084,10657.58174355737,18808.907434571563
2026-04-02 00:15:00+00:00,18790.678570852164,15902.762725009143,14583.288411326326,17462.524638248633,20523.060882884296,10647.58174355737,18818.320982441117
2026-04-02 00:20:00+00:00,18780.678570852164,15902.762725009143,14583.288411326326,17462.524638248633,20532.46250502211,10647.58174355737,18808.320982441117
2026-04-02 00:25:00+00:00,18790.089142637218,15902.762725009143,14583.288411326326,17462.524638248633,20541.855040367172,10647.58174355737,18817.731554226168
2026-04-02 00:30:00+00:00,18799.501842469446,15902.762725009143,14583.288411326326,17462.524638248633,20551.255478523475,10647.58174355737,18827.144254058396
2026-04-02 00:35:00+00:00,18789.501842469446,15892.762725009143,14583.288411326326,17452.524638248633,20541.255478523475,10647.58174355737,18817.144254058396
2026-04-02 00:40:00+00:00,18798.887667049257,15892.762725009143,14592.677567169723,17461.91379409203,20550.643099677978,10647.58174355737,18826.530078638207
2026-04-02 00:45:00+00:00,18808.284031051357,15892.762725009143,14592.677567169723,17461.91379409203,20560.044985712968,10647.58174355737,18835.92644264031
2026-04-02 00:50:00+00:00,18798.284031051357,15892.762725009143,14592.677567169723,17461.91379409203,20569.441868878333,10656.978626722734,18825.92644264031
2026-04-02 00:55:00+00:00,18788.284031051357,15892.762725009143,14592.677567169723,17461.91379409203,20559.441868878333,10646.978626722734,18815.92644264031
2026-04-02 01:00:00+00:00,18797.58710696867,15892.762725009143,14601.967737994259,17471.203964916564,20568.751412112393,10646.978626722734,18825.229518557622
2026-04-02 01:05:00+00:00,18806.954092259442,15892.762725009143,14591.967737994259,17471.203964916564,20558.751412112393,10656.348003954667,18834.596503848392
2026-04-02 01:10:00+00:00,18816.366615010767,15892.762725009143,14601.344783503897,17480.581010426205,20568.135602165694,10665.750697843527,18844.00902659972
2026-04-02 01:15:00+00:00,18825.676437874987,15892.762725009143,14610.501800815222,17489.738027737527,20577.372335581276,10665.750697843527,18853.318849463936
2026-04-02 01:20:00+00:00,18835.06237158522,15892.762725009143,14619.758548613832,17498.99477553614,20586.74643426312,10675.150544896414,18862.70478317417
2026-04-02 01:25:00+00:00,18825.06237158522,15892.762725009143,14619.758548613832,17498.99477553614,20576.74643426312,10684.546877392346,18852.70478317417
2026-04-02 01:30:00+00:00,18834.39682823462,15892.762725009143,14628.991599451037,17508.227826373346,20585.985222357405,10684.546877392346,18862.03923982357
2026-04-02 01:35:00+00:00,18824.39682823462,15892.762725009143,14628.991599451037,17508.227826373346,20575.985222357405,10684.546877392346,18852.03923982357
2026-04-02 01:40:00+00:00,18833.73894424297,15892.762725009143,14638.311185104936,17517.54741202724,20585.305269960372,10684.546877392346,18861.381355831923
2026-04-02 01:45:00+00:00,18833.73894424297,15892.762725009143,14638.311185104936,17517.54741202724,20594.709278165414,10693.950057854494,18861.381355831923
2026-04-02 01:50:00+00:00,18843.087893071533,15902.111673837702,14647.62232903681,17526.85855595912,20604.028122391657,10693.950057854494,18870.730304660483
2026-04-02 01:55:00+00:00,18852.46173002346,15911.48551078963,14656.978225190811,17536.21445211312,20613.37719534965,10693.950057854494,18880.104141612414
2026-04-02 02:00:00+00:00,18861.840059109723,15911.48551078963,14666.371432221858,17545.607659144167,20622.74644602328,10693.950057854494,18889.482470698673
2026-04-02 02:05:00+00:00,18851.840059109723,15901.48551078963,14666.371432221858,17535.607659144167,20612.74644602328,10703.347154527777,18879.482470698673
2026-04-02 02:10:00+00:00,18861.212638057776,15910.858089737681,14675.656271326798,17544.892498249104,20622.11475065903,10703.347154527777,18888.855049646725
2026-04-02 02:15:00+00:00,18870.611464156726,15920.256967663598,14685.033380288904,17554.269607211212,20631.51185537885,10703.347154527777,18898.253875745675
2026-04-02 02:20:00+00:00,18879.9839248252,15929.629428332071,14694.406581788684,17563.64280871099,20640.880030503176,10703.347154527777,18907.62633641415
2026-04-02 02:25:00+00:00,18869.9839248252,15929.629428332071,14694.406581788684,17563.64280871099,20630.880030503176,10693.347154527777,18897.62633641415
2026-04-02 02:30:00+00:00,18879.369750305203,15939.015253812076,14694.406581788684,17573.028634190996,20640.262840519827,10693.347154527777,18907.012161894156
2026-04-02 02:35:00+00:00,18869.369750305203,15939.015253812076,14694.406581788684,17573.028634190996,20630.262840519827,10702.750149351778,18897.012161894156
2026-04-02 02:40:00+00:00,18859.369750305203,15939.015253812076,14694.406581788684,17573.028634190996,20620.262840519827,10712.127348520096,18887.012161894156
2026-04-02 02:45:00+00:00,18868.732509501362,15939.015253812076,14703.749295975378,17582.37134837769,20629.62369364238,10712.127348520096,18896.37492109031
2026-04-02 02:50:00+00:00,18878.123521019494,15948.406338844161,14703.749295975378,17591.76235989582,20639.012263564116,10712.127348520096,18905.765932608447
2026-04-02 02:55:00+00:00,18868.123521019494,15938.406338844161,14703.749295975378,17581.76235989582,20629.012263564116,10712.127348520096,18895.765932608447
2026-04-02 03:00:00+00:00,18877.51316727909,15938.406338844161,14703.749295975378,17581.76235989582,20638.39538673542,10712.127348520096,18905.155578868038
2026-04-02 03:05:00+00:00,18886.90925264072,15938.406338844161,14703.749295975378,17581.76235989582,20647.799274193134,10712.127348520096,18914.551664229668
2026-04-02 03:10:00+00:00,18896.2670053274,15938.406338844161,14713.067445811314,17591.080509731753,20657.149292482303,10712.127348520096,18923.90941691635
2026-04-02 03:15:00+00:00,18886.2670053274,15938.406338844161,14713.067445811314,17591.080509731753,20647.149292482303,10702.127348520096,18913.90941691635
2026-04-02 03:20:00+00:00,18895.64481743848,15947.784150955238,14722.406233306412,17600.419297226854,20656.505311952882,10702.127348520096,18923.28722902743
2026-04-02 03:25:00+00:00,18905.048567616046,15947.784150955238,14722.406233306412,17600.419297226854,20665.908276052636,10702.127348520096,18932.690979205
2026-04-02 03:30:00+00:00,18914.44664616112,15957.182229500308,14722.406233306412,17609.817375771923,20675.302694774422,10702.127348520096,18942.08905775007
2026-04-02 03:35:00+00:00,18923.86080306722,15957.182229500308,14722.406233306412,17609.817375771923,20684.70568172945,10711.526042794616,18951.503214656168
2026-04-02 03:40:00+00:00,18933.258590566795,15957.182229500308,14731.685075888832,17619.096218354345,20694.034519651203,10711.526042794616,18960.901002155744
2026-04-02 03:45:00+00:00,18942.64627361545,15966.569912548966,14741.054331470976,17628.46547393649,20703.43476593759,10711.526042794616,18970.288685204403
2026-04-02 03:50:00+00:00,18952.03816809458,15966.569912548966,14750.41839516104,17637.829537626552,20712.817998615254,10711.526042794616,18979.68057968353
2026-04-02 03:55:00+00:00,18942.03816809458,15966.569912548966,14750.41839516104,17637.829537626552,20722.21413738666,10711.526042794616,18969.68057968353
2026-04-02 04:00:00+00:00,18932.03816809458,15966.569912548966,14750.41839516104,17637.829537626552,20712.21413738666,10711.526042794616,18959.68057968353
2026-04-02 04:05:00+00:00,18941.435739247583,15966.569912548966,14750.41839516104,17637.829537626552,20721.617836383164,10711.526042794616,18969.078150836533
2026-04-02 04:10:00+00:00,18950.836908187106,15966.569912548966,14759.789361428097,17647.200503893608,20731.015192270475,10711.526042794616,18978.479319776055
2026-04-02 04:15:00+00:00,18940.836908187106,15966.569912548966,14759.789361428097,17647.200503893608,20740.4173527987,10701.526042794616,18968.479319776055
2026-04-02 04:20:00+00:00,18950.20522307448,15975.938227436342,14769.1502395926,17656.561382058113,20749.780988553423,10701.526042794616,18977.84763466343
2026-04-02 04:25:00+00:00,18940.20522307448,15965.938227436342,14769.1502395926,17646.561382058113,20739.780988553423,10701.526042794616,18967.84763466343
2026-04-02 04:30:00+00:00,18930.20522307448,15955.938227436342,14769.1502395926,17636.561382058113,20729.780988553423,10701.526042794616,18957.84763466343
2026-04-02 04:35:00+00:00,18939.597482506964,15965.330486868825,14778.524973399897,17645.93611586541,20739.169390313433,10701.526042794616,18967.239894095914
2026-04-02 04:40:00+00:00,18929.597482506964,15955.330486868825,14778.524973399897,17635.93611586541,20729.169390313433,10701.526042794616,18957.239894095914
2026-04-02 04:45:00+00:00,18938.977078674812,15955.330486868825,14787.904879174184,17645.316021639694,20738.549007488473,10701.526042794616,18966.619490263765
2026-04-02 04:50:00+00:00,18948.38346513282,15964.73687332683,14787.904879174184,17654.722408097703,20747.94743329344,10701.526042794616,18976.025876721775
2026-04-02 04:55:00+00:00,18957.78888879667,15964.73687332683,14787.904879174184,17654.722408097703,20757.34890353831,10710.913861901612,18985.431300385622
2026-04-02 05:00:00+00:00,18967.166616549945,15974.114601080106,14797.242373858327,17664.059902781846,20766.70268312548,10710.913861901612,18994.809028138894
2026-04-02 05:05:00+00:00,18976.515741503994,15974.114601080106,14806.591783200705,17673.409027735896,20776.052092467857,10710.913861901612,19004.158153092947
2026-04-02 05:10:00+00:00,18985.88322656301,15983.482086139124,14815.966828660565,17682.784073195755,20785.41481963502,10710.913861901612,19013.52563815196
2026-04-02 05:15:00+00:00,18995.282970762935,15983.482086139124,14815.966828660565,17682.784073195755,20794.812873140898,10710.913861901612,19022.925382351885
2026-04-02 05:20:00+00:00,19004.65852157957,15992.85763695576,14825.315035929965,17692.132280465157,20804.18443190396,10710.913861901612,19032.300933168524
2026-04-02 05:25:00+00:00,19014.064360784218,15992.85763695576,14825.315035929965,17692.132280465157,20813.579228410654,10710.913861901612,19041.706772373167
2026-04-02 05:30:00+00:00,19023.478263083205,15992.85763695576,14825.315035929965,17692.132280465157,20822.975137848494,10710.913861901612,19051.12067467216
2026-04-02 05:35:00+00:00,19032.88431372358,15992.85763695576,14815.315035929965,17692.132280465157,20812.975137848494,10710.913861901612,19060.526725312535
2026-04-02 05:40:00+00:00,19042.267691894518,15992.85763695576,14824.657426336482,17701.47467087167,20822.349750708465,10710.913861901612,19069.910103483468
2026-04-02 05:45:00+00:00,19051.665882947716,16002.255828008956,14834.024290368176,17710.841534903368,20831.73550088593,10710.913861901612,19079.308294536666
2026-04-02 05:50:00+00:00,19061.07841007624,16002.255828008956,14834.024290368176,17710.841534903368,20841.13684286903,10710.913861901612,19088.720821665192
2026-04-02 05:55:00+00:00,19070.45051146992,16002.255828008956,14843.39812837826,17720.21537291345,20850.50725623872,10710.913861901612,19098.092923058874
2026-04-02 06:00:00+00:00,19060.45051146992,16011.663259706103,14843.39812837826,17720.21537291345,20850.50725623872,10710.913861901612,19088.092923058874
2026-04-02 06:05:00+00:00,19050.45051146992,16021.072757948017,14843.39812837826,17720.21537291345,20859.904489545414,10710.913861901612,19078.092923058874
2026-04-02 06:10:00+00:00,19059.86179631531,16021.072757948017,14843.39812837826,17720.21537291345,20859.904489545414,10710.913861901612,19087.50420790426
2026-04-02 06:15:00+00:00,19069.221801497843,16030.43276313055,14852.74262143894,17729.55986597413,20869.26064348871,10710.913861901612,19096.864213086796
2026-04-02 06:20:00+00:00,19078.594702516733,16039.80566414944,14862.099288764288,17738.916533299478,20878.612754266418,10710.913861901612,19106.237114105686
2026-04-02 06:25:00+00:00,19088.0077799797,16039.80566414944,14862.099288764288,17738.916533299478,20887.98555069533,10710.913861901612,19115.65019156865
2026-04-02 06:30:00+00:00,19097.399268377216,16049.19715254696,14871.475978920347,17748.293223455537,20897.374562367884,10710.913861901612,19125.04167996617
2026-04-02 06:35:00+00:00,19106.789104504765,16058.587065448888,14871.475978920347,17757.68305958309,20906.761848626236,10710.913861901612,19134.43151609372
2026-04-02 06:40:00+00:00,19096.789104504765,16048.587065448888,14871.475978920347,17747.68305958309,20906.761848626236,10710.913861901612,19124.43151609372
2026-04-02 06:45:00+00:00,19106.178925008524,16048.587065448888,14880.873586746391,17757.080667409133,20916.149033694965,10710.913861901612,19133.821336597473
2026-04-02 06:50:00+00:00,19096.178925008524,16038.587065448888,14880.873586746391,17747.080667409133,20925.524411953364,10710.913861901612,19123.821336597473
2026-04-02 06:55:00+00:00,19105.587001058302,16047.995141498664,14880.873586746391,17756.48874345891,20934.92230676808,10710.913861901612,19133.22941264725
2026-04-02 07:00:00+00:00,19095.587001058302,16047.995141498664,14880.873586746391,17756.48874345891,20924.92230676808,10710.913861901612,19123.22941264725
2026-04-02 07:05:00+00:00,19104.992516133887,16047.995141498664,14880.873586746391,17756.48874345891,20934.32352422519,10710.913861901612,19132.634927722836
2026-04-02 07:10:00+00:00,19114.368202887334,16057.370828252111,14890.242560393548,17765.857717106068,20943.693646922053,10710.913861901612,19142.010614476283
2026-04-02 07:15:00+00:00,19123.73243232511,16057.370828252111,14899.583088255755,17775.198244968273,20953.042269520534,10710.913861901612,19151.374843914058
2026-04-02 07:20:00+00:00,19133.13767964548,16066.776075572485,14899.583088255755,17784.603492288647,20962.44592566303,10710.913861901612,19160.780091234432
2026-04-02 07:25:00+00:00,19142.533955109662,16076.17235103667,14899.583088255755,17793.99976775283,20971.840949588273,10710.913861901612,19170.176366698615
2026-04-02 07:30:00+00:00,19151.931469950454,16076.17235103667,14908.941987259752,17803.358666756827,20981.20781154964,10710.913861901612,19179.573881539407
2026-04-02 07:35:00+00:00,19161.321516821474,16085.56239790769,14918.33277576686,17812.749455263936,20990.594958921858,10710.913861901612,19188.963928410427
2026-04-02 07:40:00+00:00,19170.72602211025,16085.56239790769,14918.33277576686,17812.749455263936,20999.9946952974,10710.913861901612,19198.3684336992
2026-04-02 07:45:00+00:00,19180.12389848275,16085.56239790769,14918.33277576686,17812.749455263936,21009.399508815295,10710.913861901612,19207.7663100717
2026-04-02 07:50:00+00:00,19189.521256785316,16085.56239790769,14918.33277576686,17812.749455263936,21018.79226804716,10710.913861901612,19217.16366837427
2026-04-02 07:55:00+00:00,19198.93036286832,16085.56239790769,14918.33277576686,17812.749455263936,21028.191990868483,10710.913861901612,19226.57277445727
2026-04-02 08:00:00+00:00,19208.311937929466,16085.56239790769,14927.679021058211,17822.09570055529,21037.54977022102,10710.913861901612,19235.95434951842
2026-04-02 08:05:00+00:00,19198.311937929466,16075.56239790769,14927.679021058211,17812.09570055529,21037.54977022102,10710.913861901612,19225.95434951842
2026-04-02 08:10:00+00:00,19188.311937929466,16075.56239790769,14927.679021058211,17812.09570055529,21027.54977022102,10710.913861901612,19215.95434951842
2026-04-02 08:15:00+00:00,19197.711972221507,16075.56239790769,14927.679021058211,17812.09570055529,21036.948141451907,10710.913861901612,19225.354383810456
2026-04-02 08:20:00+00:00,19207.109833259543,16084.960258945728,14937.064698780454,17821.48137827753,21046.3190478658,10710.913861901612,19234.752244848496
2026-04-02 08:25:00+00:00,19197.109833259543,16084.960258945728,14937.064698780454,17821.48137827753,21055.70316396965,10710.913861901612,19224.752244848496
2026-04-02 08:30:00+00:00,19206.525260855316,16094.375692238082,14937.064698780454,17830.8968058733,21065.10418452714,10710.913861901612,19234.167672444266
2026-04-02 08:35:00+00:00,19215.895776911937,16103.7462082947,14946.40092445165,17840.2330315445,21074.44554636199,10710.913861901612,19243.538188500886
2026-04-02 08:40:00+00:00,19225.29326994708,16103.7462082947,14946.40092445165,17840.2330315445,21083.83841005608,10710.913861901612,19252.93568153603
2026-04-02 08:45:00+00:00,19215.29326994708,16093.7462082947,14946.40092445165,17830.2330315445,21073.83841005608,10710.913861901612,19242.93568153603
2026-04-02 08:50:00+00:00,19205.29326994708,16093.7462082947,14946.40092445165,17830.2330315445,21083.23323226085,10710.913861901612,19232.93568153603
2026-04-02 08:55:00+00:00,19214.707426025358,16093.7462082947,14946.40092445165,17830.2330315445,21092.635803134523,10710.913861901612,19242.34983761431
2026-04-02 09:00:00+00:00,19224.104294400902,16093.7462082947,14946.40092445165,17830.2330315445,21102.03395430358,10720.309380784372,19251.74670598985
2026-04-02 09:05:00+00:00,19233.496994043446,16093.7462082947,14946.40092445165,17830.2330315445,21111.432859653512,10720.309380784372,19261.1394056324
2026-04-02 09:10:00+00:00,19242.8561202376,16093.7462082947,14946.40092445165,17830.2330315445,21120.832060728026,10720.309380784372,19270.498531826554
2026-04-02 09:15:00+00:00,19252.26563719355,16093.7462082947,14946.40092445165,17830.2330315445,21130.223919098775,10729.712992637404,19279.908048782505
2026-04-02 09:20:00+00:00,19261.65164182443,16103.132212925575,14955.783419072006,17839.615526164853,21139.602502014674,10729.712992637404,19289.29405341338
2026-04-02 09:25:00+00:00,19271.02313669113,16103.132212925575,14965.137056703126,17848.969163795977,21148.95894909933,10729.712992637404,19298.665548280078
2026-04-02 09:30:00+00:00,19280.426724971305,16112.535801205751,14965.137056703126,17858.372752076153,21158.360160559267,10729.712992637404,19308.069136560254
2026-04-02 09:35:00+00:00,19270.426724971305,16112.535801205751,14965.137056703126,17858.372752076153,21158.360160559267,10729.712992637404,19298.069136560254
2026-04-02 09:40:00+00:00,19279.83885463563,16112.535801205751,14965.137056703126,17858.372752076153,21167.749445741392,10739.114712702249,19307.48126622458
2026-04-02 09:45:00+00:00,19289.23632918791,16112.535801205751,14965.137056703126,17858.372752076153,21177.145183910525,10739.114712702249,19316.87874077686
2026-04-02 09:50:00+00:00,19279.23632918791,16112.535801205751,14965.137056703126,17858.372752076153,21177.145183910525,10739.114712702249,19306.87874077686
2026-04-02 09:55:00+00:00,19288.63661453678,16112.535801205751,14965.137056703126,17858.372752076153,21186.549236436425,10739.114712702249,19316.27902612573
2026-04-02 10:00:00+00:00,19298.035259057848,16121.940968531095,14965.137056703126,17867.77139659722,21195.945633641873,10729.114712702249,19325.6776706468
2026-04-02 10:05:00+00:00,19307.432251648817,16131.341467352704,14965.137056703126,17877.16838918819,21205.34946695235,10729.114712702249,19335.07466323777
2026-04-02 10:10:00+00:00,19297.432251648817,16131.341467352704,14965.137056703126,17877.16838918819,21205.34946695235,10729.114712702249,19325.07466323777
2026-04-02 10:15:00+00:00,19306.842072417854,16140.75128812174,14965.137056703126,17886.578209957228,21214.73400828126,10729.114712702249,19334.484484006804
2026-04-02 10:20:00+00:00,19316.25177169419,16140.75128812174,14965.137056703126,17886.578209957228,21214.73400828126,10729.114712702249,19343.89418328314
2026-04-02 10:25:00+00:00,19325.657932172973,16150.157448600525,14965.137056703126,17895.98437043601,21214.73400828126,10729.114712702249,19353.300343761926
2026-04-02 10:30:00+00:00,19335.056007930725,16159.555524358278,14965.137056703126,17905.382446193766,21224.130234434124,10729.114712702249,19362.69841951968
2026-04-02 10:35:00+00:00,19325.056007930725,16159.555524358278,14965.137056703126,17905.382446193766,21224.130234434124,10729.114712702249,19352.69841951968
2026-04-02 10:40:00+00:00,19334.455277012956,16159.555524358278,14974.485669526832,17914.731059017467,21233.487720711717,10729.114712702249,19362.097688601905
2026-04-02 10:45:00+00:00,19343.847078614428,16168.947325959749,14974.485669526832,17924.12286061894,21242.892138652598,10729.114712702249,19371.489490203377
2026-04-02 10:50:00+00:00,19333.847078614428,16168.947325959749,14974.485669526832,17924.12286061894,21232.892138652598,10729.114712702249,19361.489490203377
2026-04-02 10:55:00+00:00,19343.257850275884,16168.947325959749,14974.485669526832,17924.12286061894,21232.892138652598,10729.114712702249,19370.900261864837
2026-04-02 11:00:00+00:00,19333.257850275884,16168.947325959749,14974.485669526832,17924.12286061894,21222.892138652598,10719.114712702249,19360.900261864837
2026-04-02 11:05:00+00:00,19342.65113866381,16178.340614347671,14974.485669526832,17933.51614900686,21232.283121629087,10719.114712702249,19370.293550252758
2026-04-02 11:10:00+00:00,19352.03362045478,16187.723096138643,14983.85412490055,17942.88460438058,21241.66227001931,10719.114712702249,19379.67603204373
2026-04-02 11:15:00+00:00,19361.427599370243,16197.11707505411,14983.85412490055,17952.278583296044,21251.054009253367,10719.114712702249,19389.070010959193
2026-04-02 11:20:00+00:00,19370.82537933915,16197.11707505411,14983.85412490055,17952.278583296044,21260.45187137651,10719.114712702249,19398.4677909281
2026-04-02 11:25:00+00:00,19380.22981440709,16206.521510122046,14983.85412490055,17961.683018363983,21269.855062693125,10719.114712702249,19407.872225996038
2026-04-02 11:30:00+00:00,19389.634409269536,16215.926104984497,14983.85412490055,17971.08761322643,21279.258429033547,10719.114712702249,19417.27682085849
2026-04-02 11:35:00+00:00,19399.047558027632,16215.926104984497,14983.85412490055,17971.08761322643,21288.66140931769,10728.500435365806,19426.689969616582
2026-04-02 11:40:00+00:00,19408.450240986902,16215.926104984497,14983.85412490055,17971.08761322643,21298.063745976993,10728.500435365806,19436.092652575855
2026-04-02 11:45:00+00:00,19398.450240986902,16215.926104984497,14983.85412490055,17971.08761322643,21298.063745976993,10728.500435365806,19426.092652575855
2026-04-02 11:50:00+00:00,19407.864913469726,16215.926104984497,14983.85412490055,17971.08761322643,21307.4679476545,10737.901214264282,19435.507325058676
2026-04-02 11:55:00+00:00,19417.264112460296,16225.325303975067,14983.85412490055,17980.486812217005,21316.86271601973,10737.901214264282,19444.90652404925
2026-04-02 12:00:00+00:00,19426.639571480504,16234.700762995279,14993.248707332401,17989.881394648855,21326.24818717099,10737.901214264282,19454.281983069457
2026-04-02 12:05:00+00:00,19416.639571480504,16224.700762995279,14993.248707332401,17979.881394648855,21316.24818717099,10747.298217723574,19444.281983069457
2026-04-02 12:10:00+00:00,19406.639571480504,16224.700762995279,15002.624118350459,17979.881394648855,21325.64989058507,10756.699921137657,19434.281983069457
2026-04-02 12:15:00+00:00,19416.02140426197,16234.082595776741,15011.971650673677,17989.22892697207,21335.014944300015,10756.699921137657,19443.66381585092
2026-04-02 12:20:00+00:00,19406.02140426197,16234.082595776741,15001.971650673677,17979.22892697207,21325.014944300015,10766.099363265756,19433.66381585092
2026-04-02 12:25:00+00:00,19396.02140426197,16234.082595776741,15001.971650673677,17979.22892697207,21334.415814135613,10766.099363265756,19423.66381585092
2026-04-02 12:30:00+00:00,19386.02140426197,16234.082595776741,15001.971650673677,17979.22892697207,21334.415814135613,10766.099363265756,19413.66381585092
2026-04-02 12:35:00+00:00,19395.42128432558,16234.082595776741,15001.971650673677,17979.22892697207,21343.81401644684,10766.099363265756,19423.06369591453
2026-04-02 12:40:00+00:00,19404.82482063819,16234.082595776741,15001.971650673677,17979.22892697207,21353.21289857036,10766.099363265756,19432.467232227144
2026-04-02 12:45:00+00:00,19414.2255703731,16234.082595776741,15001.971650673677,17979.22892697207,21362.608170180247,10766.099363265756,19441.867981962052
2026-04-02 12:50:00+00:00,19423.634092385626,16234.082595776741,15001.971650673677,17979.22892697207,21372.00602665844,10766.099363265756,19451.27650397458
2026-04-02 12:55:00+00:00,19433.048547753555,16234.082595776741,15001.971650673677,17979.22892697207,21381.40760219497,10766.099363265756,19460.690959342508
2026-04-02 13:00:00+00:00,19423.048547753555,16224.082595776741,15011.356336809751,17969.22892697207,21371.40760219497,10775.49329785678,19450.690959342508
2026-04-02 13:05:00+00:00,19432.40142351767,16224.082595776741,15020.714475546127,17978.58706570845,21380.760915973617,10775.49329785678,19460.04383510662
2026-04-02 13:10:00+00:00,19441.799322288804,16233.480494547875,15020.714475546127,17987.984964479583,21390.155463859937,10775.49329785678,19469.441733877757
2026-04-02 13:15:00+00:00,19451.172379211806,16233.480494547875,15020.714475546127,17987.984964479583,21399.549595913217,10775.49329785678,19478.81479080076
2026-04-02 13:20:00+00:00,19460.559043847796,16242.867159183865,15030.105528303126,17997.37601723658,21408.92575261069,10775.49329785678,19488.20145543675
2026-04-02 13:25:00+00:00,19469.94344037978,16242.867159183865,15039.483008366671,18006.753497300127,21418.318147923863,10775.49329785678,19497.585851968728
2026-04-02 13:30:00+00:00,19479.327885480627,16242.867159183865,15048.793580643134,18016.06406957659,21427.6522901649,10775.49329785678,19506.97029706958
2026-04-02 13:35:00+00:00,19469.327885480627,16242.867159183865,15048.793580643134,18016.06406957659,21437.02740325579,10765.49329785678,19496.97029706958
2026-04-02 13:40:00+00:00,19478.703372555236,16242.867159183865,15048.793580643134,18016.06406957659,21446.43060731575,10765.49329785678,19506.345784144185
2026-04-02 13:45:00+00:00,19488.080342370537,16242.867159183865,15058.13125389631,18025.401742829767,21455.780183922914,10765.49329785678,19515.72275395949
2026-04-02 13:50:00+00:00,19497.448988266642,16242.867159183865,15067.49403645646,18034.764525389917,21465.15338645663,10765.49329785678,19525.09139985559
2026-04-02 13:55:00+00:00,19506.821782446772,16242.867159183865,15076.866257022562,18044.136745956017,21474.556003115387,10765.49329785678,19534.464194035725
2026-04-02 14:00:00+00:00,19516.213238020588,16242.867159183865,15076.866257022562,18044.136745956017,21483.95411891656,10765.49329785678,19543.85564960954
2026-04-02 14:05:00+00:00,19525.567980204767,16242.867159183865,15086.237553113238,18053.508042046695,21493.302894714827,10765.49329785678,19553.21039179372
2026-04-02 14:10:00+00:00,19534.951394072406,16252.250573051502,15095.619903939027,18062.890392872483,21502.683063796852,10765.49329785678,19562.59380566136
2026-04-02 14:15:00+00:00,19524.951394072406,16252.250573051502,15104.997673985248,18062.890392872483,21512.060833843072,10765.49329785678,19552.59380566136
2026-04-02 14:20:00+00:00,19534.314141386614,16261.613320365712,15114.331365460024,18072.22408434726,21521.418373747576,10765.49329785678,19561.956552975564
2026-04-02 14:25:00+00:00,19543.703787821658,16271.003044101284,15114.331365460024,18081.6137307823,21530.80545284097,10765.49329785678,19571.346199410607
2026-04-02 14:30:00+00:00,19553.085337195254,16280.384593474882,15123.586829785238,18090.869195107516,21540.183580175682,10765.49329785678,19580.727748784208
2026-04-02 14:35:00+00:00,19562.36820112042,16280.384593474882,15132.770669377007,18100.053034699282,21549.350805312468,10765.49329785678,19590.010612709368
2026-04-02 14:40:00+00:00,19552.36820112042,16280.384593474882,15122.770669377007,18090.053034699282,21539.350805312468,10774.895476100233,19580.010612709368
2026-04-02 14:45:00+00:00,19561.70177033111,16289.718162685574,15132.077221125415,18099.359586447692,21548.656753932966,10774.895476100233,19589.34418192006
2026-04-02 14:50:00+00:00,19571.11200610501,16289.718162685574,15141.438801559916,18108.72116688219,21558.052745327528,10784.299595106884,19598.754417693963
2026-04-02 14:55:00+00:00,19580.48669203391,16289.718162685574,15150.824922328924,18118.1072876512,21567.44205004257,10784.299595106884,19608.129103622858
2026-04-02 15:00:00+00:00,19589.859532283717,16289.718162685574,15160.164594763242,18127.44696008552,21576.806879079562,10784.299595106884,19617.501943872667
2026-04-02 15:05:00+00:00,19579.859532283717,16289.718162685574,15150.164594763242,18117.44696008552,21566.806879079562,10784.299595106884,19607.501943872667
2026-04-02 15:10:00+00:00,19589.23161234069,16289.718162685574,15159.505517225212,18126.78788254749,21576.16255611633,10784.299595106884,19616.87402392964
2026-04-02 15:15:00+00:00,19598.61715741833,16289.718162685574,15159.505517225212,18126.78788254749,21585.54986600692,10784.299595106884,19626.25956900728
2026-04-02 15:20:00+00:00,19588.61715741833,16289.718162685574,15168.855322762569,18126.78788254749,21594.89974367121,10784.299595106884,19616.25956900728
2026-04-02 15:25:00+00:00,19598.03140190421,16289.718162685574,15168.855322762569,18126.78788254749,21604.30133589082,10793.701187326496,19625.67381349316
2026-04-02 15:30:00+00:00,19607.404379627835,16299.0911404092,15178.22291634783,18136.15547613275,21613.67269834529,10793.701187326496,19635.046791216788
2026-04-02 15:35:00+00:00,19616.772809076578,16308.459569857943,15187.538248720015,18145.470808504935,21622.985185437876,10793.701187326496,19644.415220665527
2026-04-02 15:40:00+00:00,19606.772809076578,16298.459569857943,15177.538248720015,18135.470808504935,21612.985185437876,10793.701187326496,19634.415220665527
2026-04-02 15:45:00+00:00,19616.173789761742,16298.459569857943,15177.538248720015,18135.470808504935,21622.379757232648,10793.701187326496,19643.816201350695
2026-04-02 15:50:00+00:00,19625.579649092062,16298.459569857943,15177.538248720015,18135.470808504935,21612.379757232648,10793.701187326496,19653.22206068101
2026-04-02 15:55:00+00:00,19615.579649092062,16288.459569857943,15167.538248720015,18125.470808504935,21602.379757232648,10793.701187326496,19643.22206068101
2026-04-02 16:00:00+00:00,19605.579649092062,16288.459569857943,15167.538248720015,18125.470808504935,21592.379757232648,10783.701187326496,19633.22206068101
2026-04-02 16:05:00+00:00,19614.951470720134,16288.459569857943,15167.538248720015,18125.470808504935,21601.77693669642,10783.701187326496,19642.593882309084
2026-04-02 16:10:00+00:00,19604.951470720134,16288.459569857943,15167.538248720015,18125.470808504935,21591.77693669642,10783.701187326496,19632.593882309084
2026-04-02 16:15:00+00:00,19594.951470720134,16288.459569857943,15167.538248720015,18125.470808504935,21581.77693669642,10783.701187326496,19622.593882309084
2026-04-02 16:20:00+00:00,19584.951470720134,16288.459569857943,15167.538248720015,18125.470808504935,21571.77693669642,10773.701187326496,19612.593882309084
2026-04-02 16:25:00+00:00,19594.36184950443,16288.459569857943,15167.538248720015,18125.470808504935,21581.181448921263,10783.104353919689,19622.004261093378
2026-04-02 16:30:00+00:00,19603.76517519874,16288.459569857943,15176.886727752804,18134.819287537724,21590.551572286386,10783.104353919689,19631.40758678769
2026-04-02 16:35:00+00:00,19613.16191829442,16288.459569857943,15186.238854534,18144.17141431892,21599.903294156695,10773.104353919689,19640.80432988337
2026-04-02 16:40:00+00:00,19613.16191829442,16288.459569857943,15195.610388943398,18144.17141431892,21609.2922881564,10773.104353919689,19650.175864292767
2026-04-02 16:45:00+00:00,19603.16191829442,16288.459569857943,15195.610388943398,18144.17141431892,21599.2922881564,10782.489111588502,19640.175864292767
2026-04-02 16:50:00+00:00,19593.16191829442,16288.459569857943,15195.610388943398,18144.17141431892,21608.696764660446,10782.489111588502,19630.175864292767
2026-04-02 16:55:00+00:00,19602.555738861087,16297.85339042461,15195.610388943398,18153.56523488559,21618.089167870166,10782.489111588502,19639.569684859438
2026-04-02 17:00:00+00:00,19611.897148148826,16307.194799712352,15204.891586899237,18162.846432841427,21627.411770147257,10782.489111588502,19648.911094147174
2026-04-02 17:05:00+00:00,19621.300726080888,16307.194799712352,15204.891586899237,18162.846432841427,21636.81402264296,10782.489111588502,19658.314672079236
2026-04-02 17:10:00+00:00,19630.678060123933,16316.572133755395,15214.23058175252,18172.185427694712,21646.187534043464,10782.489111588502,19667.692006122285
2026-04-02 17:15:00+00:00,19640.021521948776,16325.915595580238,15223.562931718046,18181.517777660236,21655.523961154722,10782.489111588502,19677.035467947127
2026-04-02 17:20:00+00:00,19630.021521948776,16325.915595580238,15223.562931718046,18181.517777660236,21664.922882632218,10772.489111588502,19667.035467947127
2026-04-02 17:25:00+00:00,19639.409949194967,16325.915595580238,15223.562931718046,18181.517777660236,21674.3085418896,10772.489111588502,19676.423895193315
2026-04-02 17:30:00+00:00,19648.823878395757,16325.915595580238,15223.562931718046,18181.517777660236,21683.69462240221,10772.489111588502,19685.837824394104
2026-04-02 17:35:00+00:00,19658.231627259083,16325.915595580238,15223.562931718046,18181.517777660236,21693.097705605796,10772.489111588502,19695.245573257434
2026-04-02 17:40:00+00:00,19667.63859186951,16325.915595580238,15223.562931718046,18181.517777660236,21702.496418369898,10772.489111588502,19704.65253786786
2026-04-02 17:45:00+00:00,19677.03466304498,16325.915595580238,15232.93192167125,18190.88676761344,21711.862315511982,10772.489111588502,19714.048609043326
2026-04-02 17:50:00+00:00,19667.03466304498,16315.915595580238,15222.93192167125,18180.88676761344,21701.862315511982,10772.489111588502,19704.048609043326
2026-04-02 17:55:00+00:00,19676.363753677622,16315.915595580238,15232.2613796685,18190.21585824609,21711.191773509232,10772.489111588502,19713.377699675973
2026-04-02 18:00:00+00:00,19666.363753677622,16305.915595580238,15232.2613796685,18180.21585824609,21701.191773509232,10772.489111588502,19703.377699675973
2026-04-02 18:05:00+00:00,19675.74897510258,16315.300817005194,15241.599964254357,18189.554442831948,21710.573922024836,10772.489111588502,19712.762921100926
2026-04-02 18:10:00+00:00,19665.74897510258,16315.300817005194,15241.599964254357,18189.554442831948,21700.573922024836,10772.489111588502,19702.762921100926
2026-04-02 18:15:00+00:00,19675.14655445126,16324.698396353879,15250.966081081835,18198.920559659426,21709.969604493926,10772.489111588502,19712.160500449612
2026-04-02 18:20:00+00:00,19684.558862726273,16334.110718999102,15250.966081081835,18208.332867934434,21719.34022300614,10772.489111588502,19721.572808724624
2026-04-02 18:25:00+00:00,19693.944486833097,16334.110718999102,15250.966081081835,18208.332867934434,21728.72597988826,10772.489111588502,19730.95843283145
2026-04-02 18:30:00+00:00,19703.34678747446,16343.51301964046,15250.966081081835,18217.735168575793,21738.12683338216,10772.489111588502,19740.360733472808
2026-04-02 18:35:00+00:00,19712.74920754139,16352.91543970739,15250.966081081835,18227.137588642723,21747.52781768077,10772.489111588502,19749.763153539738
2026-04-02 18:40:00+00:00,19722.141858699437,16362.308159830518,15260.341838989014,18236.513346549902,21756.918178304266,10772.489111588502,19759.155804697788
2026-04-02 18:45:00+00:00,19731.52323937908,16371.689540510164,15269.721873849187,18245.893381410075,21766.29612090952,10772.489111588502,19768.53718537743
2026-04-02 18:50:00+00:00,19740.899538852576,16381.065839983657,15279.065484785762,18255.236992346654,21775.668499449555,10772.489111588502,19777.913484850927
2026-04-02 18:55:00+00:00,19750.304029422154,16390.470330553235,15279.065484785762,18264.64148291623,21785.071751557392,10772.489111588502,19787.317975420505
2026-04-02 19:00:00+00:00,19740.304029422154,16380.470330553235,15279.065484785762,18254.64148291623,21775.071751557392,10772.489111588502,19777.317975420505
2026-04-02 19:05:00+00:00,19749.711742025265,16380.470330553235,15279.065484785762,18254.64148291623,21775.071751557392,10772.489111588502,19786.725688023616
2026-04-02 19:10:00+00:00,19759.11366655543,16389.872255083403,15279.065484785762,18264.043407446396,21784.47219310439,10772.489111588502,19796.12761255378
2026-04-02 19:15:00+00:00,19768.51890931788,16389.872255083403,15279.065484785762,18264.043407446396,21793.867880020556,10772.489111588502,19805.532855316233
2026-04-02 19:20:00+00:00,19777.904867595535,16399.258213361056,15288.45522065298,18273.433143313614,21803.233042400185,10772.489111588502,19814.918813593882
2026-04-02 19:25:00+00:00,19787.30964891091,16399.258213361056,15288.45522065298,18273.433143313614,21812.634161050806,10772.489111588502,19824.323594909256
2026-04-02 19:30:00+00:00,19796.721168200493,16399.258213361056,15297.814166819342,18282.792089479975,21822.02057490348,10772.489111588502,19833.73511419884
2026-04-02 19:35:00+00:00,19786.721168200493,16399.258213361056,15297.814166819342,18282.792089479975,21812.02057490348,10762.489111588502,19823.73511419884
2026-04-02 19:40:00+00:00,19796.10772894055,16399.258213361056,15297.814166819342,18282.792089479975,21821.41372025649,10762.489111588502,19833.1216749389
2026-04-02 19:45:00+00:00,19786.10772894055,16399.258213361056,15297.814166819342,18282.792089479975,21830.809487777307,10762.489111588502,19823.1216749389
2026-04-02 19:50:00+00:00,19786.10772894055,16408.633912091347,15307.18205433186,18292.159976992494,21840.185184299255,10762.489111588502,19832.49737366919
2026-04-02 19:55:00+00:00,19795.50935619728,16408.633912091347,15307.18205433186,18292.159976992494,21849.584845434612,10771.885951068603,19841.899000925918
2026-04-02 20:00:00+00:00,19804.860706127798,16417.985262021863,15316.504251554488,18301.482174215118,21858.91367038773,10771.885951068603,19851.250350856437
2026-04-02 20:05:00+00:00,19814.26929784185,16427.393878436826,15316.504251554488,18310.890765929173,21868.29369098257,10771.885951068603,19860.658942570488
2026-04-02 20:10:00+00:00,19823.677514025047,16436.80209462002,15316.504251554488,18320.29898211237,21868.29369098257,10771.885951068603,19870.067158753685
2026-04-02 20:15:00+00:00,19833.06781975145,16446.192400346423,15316.504251554488,18329.68928783877,21877.68140744268,10771.885951068603,19879.45746448009
2026-04-02 20:20:00+00:00,19842.463712887944,16455.58829348292,15325.878501390142,18339.063537674425,21887.066191596354,10771.885951068603,19888.853357616583
2026-04-02 20:25:00+00:00,19832.463712887944,16455.58829348292,15325.878501390142,18339.063537674425,21896.464165308862,10771.885951068603,19878.853357616583
2026-04-02 20:30:00+00:00,19841.865436076096,16455.58829348292,15325.878501390142,18339.063537674425,21905.859668865407,10771.885951068603,19888.255080804734
2026-04-02 20:35:00+00:00,19851.26054606008,16464.983403466904,15335.244765224686,18348.429801508966,21915.243760489306,10771.885951068603,19897.650190788718
2026-04-02 20:40:00+00:00,19860.63461727021,16464.983403466904,15344.614974836226,18357.800011120507,21924.621145742727,10771.885951068603,19907.02426199885
2026-04-02 20:45:00+00:00,19870.03335830639,16474.382144503084,15344.614974836226,18367.198752156688,21934.01257695878,10771.885951068603,19916.42300303503
2026-04-02 20:50:00+00:00,19879.443138504186,16474.382144503084,15344.614974836226,18367.198752156688,21943.411691948917,10771.885951068603,19925.832783232825
2026-04-02 20:55:00+00:00,19888.850338195596,16483.78934419449,15344.614974836226,18376.605951848098,21952.815555784076,10771.885951068603,19935.239982924235
2026-04-02 21:00:00+00:00,19898.255418609886,16483.78934419449,15334.614974836226,18376.605951848098,21942.815555784076,10771.885951068603,19944.645063338525
2026-04-02 21:05:00+00:00,19888.255418609886,16473.78934419449,15334.614974836226,18366.605951848098,21932.815555784076,10771.885951068603,19934.645063338525
2026-04-02 21:10:00+00:00,19897.614859069785,16483.148784654386,15343.971242304422,18375.962219316294,21942.166112718267,10771.885951068603,19944.004503798424
2026-04-02 21:15:00+00:00,19907.014433555847,16483.148784654386,15343.971242304422,18375.962219316294,21951.56575212211,10771.885951068603,19953.404078284486
2026-04-02 21:20:00+00:00,19897.014433555847,16473.148784654386,15343.971242304422,18365.962219316294,21941.56575212211,10771.885951068603,19943.404078284486
2026-04-02 21:25:00+00:00,19906.41716640874,16482.551517507283,15343.971242304422,18375.364952169188,21950.968196189242,10771.885951068603,19952.80681113738
2026-04-02 21:30:00+00:00,19915.819832593224,16482.551517507283,15343.971242304422,18375.364952169188,21960.37014011539,10771.885951068603,19962.209477321863
2026-04-02 21:35:00+00:00,19905.819832593224,16482.551517507283,15343.971242304422,18375.364952169188,21969.77036103577,10771.885951068603,19952.209477321863
2026-04-02 21:40:00+00:00,19915.22199024264,16482.551517507283,15343.971242304422,18375.364952169188,21979.172260381187,10771.885951068603,19961.61163497128
2026-04-02 21:45:00+00:00,19924.621811724028,16491.951338988667,15343.971242304422,18384.764773650575,21988.567851774704,10771.885951068603,19971.011456452667
2026-04-02 21:50:00+00:00,19934.019674836003,16491.951338988667,15353.345687353449,18394.1392186996,21997.968066662062,10771.885951068603,19980.409319564642
2026-04-02 21:55:00+00:00,19943.420209072923,16491.951338988667,15353.345687353449,18394.1392186996,22007.360494607954,10771.885951068603,19989.809853801562
2026-04-02 22:00:00+00:00,19952.82242526522,16491.951338988667,15353.345687353449,18394.1392186996,22016.76167465251,10771.885951068603,19999.21206999386
2026-04-02 22:05:00+00:00,19962.226950640263,16501.355864363708,15353.345687353449,18403.54374407464,22026.160683632654,10771.885951068603,20008.6165953689
2026-04-02 22:10:00+00:00,19952.226950640263,16501.355864363708,15353.345687353449,18403.54374407464,22035.562584656374,10771.885951068603,19998.6165953689
2026-04-02 22:15:00+00:00,19961.60599695699,16510.734910680436,15362.725782445568,18412.92383916676,22044.95210945936,10771.885951068603,20007.99564168563
2026-04-02 22:20:00+00:00,19971.015424152807,16510.734910680436,15362.725782445568,18412.92383916676,22054.35345549998,10771.885951068603,20017.405068881446
2026-04-02 22:25:00+00:00,19961.015424152807,16510.734910680436,15362.725782445568,18412.92383916676,22054.35345549998,10771.885951068603,20007.405068881446
2026-04-02 22:30:00+00:00,19970.41031858588,16510.734910680436,15372.114558282785,18422.312615003975,22063.740584640087,10771.885951068603,20016.79996331452
2026-04-02 22:35:00+00:00,19979.825636830567,16510.734910680436,15372.114558282785,18422.312615003975,22073.133441533315,10771.885951068603,20026.215281559205
2026-04-02 22:40:00+00:00,19989.235221234656,16520.144495084525,15372.114558282785,18431.72219940807,22073.133441533315,10771.885951068603,20035.624865963295
2026-04-02 22:45:00+00:00,19998.623347199275,16529.532621049144,15372.114558282785,18441.110325372683,22082.52283707356,10771.885951068603,20045.012991927913
2026-04-02 22:50:00+00:00,20008.02124650324,16538.930520353108,15372.114558282785,18450.508224676647,22091.9185004292,10771.885951068603,20054.410891231877
2026-04-02 22:55:00+00:00,19998.02124650324,16528.930520353108,15372.114558282785,18440.508224676647,22081.9185004292,10771.885951068603,20044.410891231877
2026-04-02 23:00:00+00:00,20007.410012526037,16528.930520353108,15372.114558282785,18440.508224676647,22091.31488398656,10771.885951068603,20053.799657254676
2026-04-02 23:05:00+00:00,20016.817380383236,16528.930520353108,15372.114558282785,18440.508224676647,22100.694214725547,10781.265281807586,20063.207025111875
2026-04-02 23:10:00+00:00,20026.225007884626,16538.338147854498,15372.114558282785,18449.915852178037,22110.08601037147,10781.265281807586,20072.614652613265
2026-04-02 23:15:00+00:00,20035.625646920234,16547.738786890106,15372.114558282785,18459.31649121365,22119.485043954057,10781.265281807586,20082.015291648873
2026-04-02 23:20:00+00:00,20045.0380062969,16547.738786890106,15372.114558282785,18459.31649121365,22128.867936941853,10781.265281807586,20091.42765102554
2026-04-02 23:25:00+00:00,20054.424695030757,16557.13574571954,15372.114558282785,18468.703179947504,22138.262939801294,10781.265281807586,20100.814339759396
2026-04-02 23:30:00+00:00,20044.424695030757,16557.13574571954,15372.114558282785,18468.703179947504,22147.666790529736,10781.265281807586,20090.814339759396
2026-04-02 23:35:00+00:00,20053.81183734032,16566.522888029103,15372.114558282785,18478.090322257063,22157.05036135263,10781.265281807586,20100.20148206896
2026-04-02 23:40:00+00:00,20043.81183734032,16566.522888029103,15372.114558282785,18478.090322257063,22157.05036135263,10781.265281807586,20090.20148206896
2026-04-02 23:45:00+00:00,20053.220683396125,16566.522888029103,15372.114558282785,18478.090322257063,22157.05036135263,10781.265281807586,20099.610328124763
2026-04-02 23:50:00+00:00,20062.63546712298,16566.522888029103,15372.114558282785,18478.090322257063,22157.05036135263,10781.265281807586,20109.025111851617
2026-04-02 23:55:00+00:00,20072.042212519278,16575.929633425403,15372.114558282785,18487.497067653363,22157.05036135263,10781.265281807586,20118.431857247917
2026-04-03 00:00:00+00:00,20081.42898921131,16585.316410117433,15381.50225949629,18496.88476886687,22166.44172972939,10781.265281807586,20127.818633939947
2026-04-03 00:05:00+00:00,20090.828654001765,16594.720892070785,15390.875838312648,18506.258347683226,22175.830089147457,10781.265281807586,20137.218298730404
2026-04-03 00:10:00+00:00,20100.241871432867,16594.720892070785,15390.875838312648,18506.258347683226,22165.830089147457,10781.265281807586,20146.631516161506
2026-04-03 00:15:00+00:00,20109.627851877653,16594.720892070785,15390.875838312648,18506.258347683226,22175.22447347204,10781.265281807586,20156.01749660629
2026-04-03 00:20:00+00:00,20119.03645313428,16604.12949332741,15400.23970894644,18515.622218317018,22184.60214721228,10781.265281807586,20165.426097862917
2026-04-03 00:25:00+00:00,20128.39266116709,16613.485701360223,15409.575840907011,18524.95835027759,22193.940059676297,10781.265281807586,20174.78230589573
2026-04-03 00:30:00+00:00,20137.808398500565,16613.485701360223,15409.575840907011,18524.95835027759,22193.940059676297,10781.265281807586,20184.198043229204
2026-04-03 00:35:00+00:00,20147.209840685013,16622.895181247237,15409.575840907011,18534.35979246204,22203.32569838434,10781.265281807586,20193.59948541365
2026-04-03 00:40:00+00:00,20156.6102578739,16622.895181247237,15409.575840907011,18534.35979246204,22212.729193585612,10781.265281807586,20202.99990260254
2026-04-03 00:45:00+00:00,20165.99889746655,16632.283820839883,15418.94422160352,18543.728173158554,22222.107575408983,10781.265281807586,20212.38854219519
2026-04-03 00:50:00+00:00,20155.99889746655,16622.283820839883,15418.94422160352,18533.728173158554,22212.107575408983,10781.265281807586,20202.38854219519
2026-04-03 00:55:00+00:00,20165.395587104584,16631.68051047792,15418.94422160352,18543.124862796587,22221.50732880248,10781.265281807586,20211.785231833222
2026-04-03 01:00:00+00:00,20174.8014130771,16641.086336450433,15418.94422160352,18552.530688769104,22230.903030738315,10781.265281807586,20221.19105780574
2026-04-03 01:05:00+00:00,20164.8014130771,16641.086336450433,15418.94422160352,18552.530688769104,22240.303880327392,10781.265281807586,20211.19105780574
2026-04-03 01:10:00+00:00,20154.8014130771,16641.086336450433,15418.94422160352,18552.530688769104,22230.303880327392,10781.265281807586,20201.19105780574
2026-04-03 01:15:00+00:00,20164.180973694783,16650.46589706812,15428.327603123133,18561.914070288716,22239.68141651592,10781.265281807586,20210.570618423422
2026-04-03 01:20:00+00:00,20154.180973694783,16650.46589706812,15428.327603123133,18561.914070288716,22249.08290781086,10790.666773102528,20200.570618423422
2026-04-03 01:25:00+00:00,20163.58025931422,16659.865182687558,15428.327603123133,18571.313355908154,22258.46902605806,10790.666773102528,20209.96990404286
2026-04-03 01:30:00+00:00,20153.58025931422,16659.865182687558,15428.327603123133,18571.313355908154,22248.46902605806,10790.666773102528,20199.96990404286
2026-04-03 01:35:00+00:00,20162.919493791676,16659.865182687558,15437.638393746896,18580.624146531918,22257.774499038256,10790.666773102528,20209.309138520315
2026-04-03 01:40:00+00:00,20162.919493791676,16669.254732369584,15447.021482459673,18590.007235244695,22267.161291959244,10790.666773102528,20218.69868820234
2026-04-03 01:45:00+00:00,20172.320421450684,16669.254732369584,15447.021482459673,18590.007235244695,22276.55340026073,10790.666773102528,20228.09961586135
2026-04-03 01:50:00+00:00,20181.716743481185,16669.254732369584,15447.021482459673,18590.007235244695,22285.957625572344,10790.666773102528,20237.49593789185
2026-04-03 01:55:00+00:00,20191.109295539187,16669.254732369584,15447.021482459673,18590.007235244695,22295.35399753339,10790.666773102528,20246.88848994985
2026-04-03 02:00:00+00:00,20200.49281150799,16669.254732369584,15456.404043365528,18599.38979615055,22304.74178873829,10790.666773102528,20256.272005918654
2026-04-03 02:05:00+00:00,20209.89623561017,16678.658195530203,15456.404043365528,18608.79322025273,22314.143915525434,10790.666773102528,20265.675430020834
2026-04-03 02:10:00+00:00,20219.299970471016,16688.061968586302,15465.779056263736,18618.16823315094,22323.546381739798,10790.666773102528,20275.07916488168
2026-04-03 02:15:00+00:00,20228.63619724236,16697.398195357644,15475.120891135923,18627.510068023126,22332.874889313483,10790.666773102528,20284.415391653023
2026-04-03 02:20:00+00:00,20238.03787558696,16697.398195357644,15475.120891135923,18627.510068023126,22342.270945828357,10790.666773102528,20293.817069997625
2026-04-03 02:25:00+00:00,20247.395208433525,16706.75552820421,15484.437802602548,18636.82697948975,22351.62255783702,10790.666773102528,20303.17440284419
2026-04-03 02:30:00+00:00,20237.395208433525,16706.75552820421,15484.437802602548,18636.82697948975,22341.62255783702,10800.053684470293,20293.17440284419
2026-04-03 02:35:00+00:00,20246.79936651777,16706.75552820421,15484.437802602548,18636.82697948975,22351.024548384827,10800.053684470293,20302.578560928436
2026-04-03 02:40:00+00:00,20236.79936651777,16706.75552820421,15493.81036209251,18636.82697948975,22360.42955419591,10800.053684470293,20292.578560928436
2026-04-03 02:45:00+00:00,20246.214792466417,16706.75552820421,15493.81036209251,18636.82697948975,22369.83164803285,10809.449877078945,20301.99398687708
2026-04-03 02:50:00+00:00,20255.623103907237,16706.75552820421,15503.192809234542,18646.20942663178,22379.232703972608,10809.449877078945,20311.402298317902
2026-04-03 02:55:00+00:00,20265.0335983532,16706.75552820421,15503.192809234542,18646.20942663178,22369.232703972608,10809.449877078945,20320.812792763863
2026-04-03 03:00:00+00:00,20274.446730881777,16706.75552820421,15503.192809234542,18646.20942663178,22378.6324523983,10809.449877078945,20330.22592529244
2026-04-03 03:05:00+00:00,20283.83006072684,16716.13885804927,15512.561034697359,18655.5776520946,22388.01265145716,10809.449877078945,20339.609255137504
2026-04-03 03:10:00+00:00,20273.83006072684,16706.13885804927,15512.561034697359,18645.5776520946,22397.39904144369,10818.836267065471,20329.609255137504
2026-04-03 03:15:00+00:00,20263.83006072684,16706.13885804927,15512.561034697359,18645.5776520946,22406.80106123682,10828.238286858603,20319.609255137504
2026-04-03 03:20:00+00:00,20273.224618759305,16715.533416081737,15521.940051126381,18654.95666852362,22416.182521161652,10828.238286858603,20329.00381316997
2026-04-03 03:25:00+00:00,20282.635454053132,16715.533416081737,15521.940051126381,18654.95666852362,22425.5824328515,10837.641083694434,20338.414648463797
2026-04-03 03:30:00+00:00,20292.03773447388,16724.935738737455,15521.940051126381,18664.35894894437,22434.983310457334,10837.641083694434,20347.816928884546
2026-04-03 03:35:00+00:00,20301.444156133104,16734.342191127733,15521.940051126381,18673.765370603593,22444.36702656949,10837.641083694434,20357.22335054377
2026-04-03 03:40:00+00:00,20310.85050269508,16743.74853768971,15521.940051126381,18683.17171716557,22453.732689843586,10837.641083694434,20366.629697105745
2026-04-03 03:45:00+00:00,20320.24901936988,16743.74853768971,15521.940051126381,18683.17171716557,22463.129398905738,10837.641083694434,20376.028213780544
2026-04-03 03:50:00+00:00,20310.24901936988,16733.74853768971,15521.940051126381,18673.17171716557,22453.129398905738,10837.641083694434,20366.028213780544
2026-04-03 03:55:00+00:00,20300.24901936988,16723.74853768971,15521.940051126381,18663.17171716557,22443.129398905738,10837.641083694434,20356.028213780544
2026-04-03 04:00:00+00:00,20309.648722697384,16733.148241017214,15521.940051126381,18672.57142049307,22452.52740764594,10837.641083694434,20365.42791710805
2026-04-03 04:05:00+00:00,20299.648722697384,16723.148241017214,15521.940051126381,18662.57142049307,22442.52740764594,10837.641083694434,20355.42791710805
2026-04-03 04:10:00+00:00,20309.05319071901,16723.148241017214,15521.940051126381,18662.57142049307,22451.930635056888,10837.641083694434,20364.832385129674
2026-04-03 04:15:00+00:00,20299.05319071901,16713.148241017214,15521.940051126381,18652.57142049307,22441.930635056888,10837.641083694434,20354.832385129674
2026-04-03 04:20:00+00:00,20308.46695140518,16722.562001703383,15521.940051126381,18661.98518117924,22451.309717247423,10837.641083694434,20364.246145815843
2026-04-03 04:25:00+00:00,20298.46695140518,16712.562001703383,15521.940051126381,18651.98518117924,22460.702574714436,10837.641083694434,20354.246145815843
2026-04-03 04:30:00+00:00,20307.87663977123,16712.562001703383,15531.310244259796,18661.355374312654,22470.08336510723,10837.641083694434,20363.655834181896
2026-04-03 04:35:00+00:00,20317.274538942496,16721.95990087465,15531.310244259796,18670.753273483922,22479.4870369747,10837.641083694434,20373.05373335316
2026-04-03 04:40:00+00:00,20326.662075964232,16721.95990087465,15531.310244259796,18670.753273483922,22488.88146602836,10837.641083694434,20382.441270374897
2026-04-03 04:45:00+00:00,20336.046389901112,16731.344214811535,15540.680567212617,18680.123596436744,22498.26498228198,10837.641083694434,20391.825584311777
2026-04-03 04:50:00+00:00,20345.44556763841,16740.74339254883,15550.060255369566,18689.503284593695,22507.65381742476,10837.641083694434,20401.224762049074
2026-04-03 04:55:00+00:00,20335.44556763841,16730.74339254883,15550.060255369566,18679.503284593695,22497.65381742476,10837.641083694434,20391.224762049074
2026-04-03 05:00:00+00:00,20344.83149685612,16730.74339254883,15550.060255369566,18679.503284593695,22507.053442130968,10837.641083694434,20400.610691266786
2026-04-03 05:05:00+00:00,20334.83149685612,16720.74339254883,15550.060255369566,18669.503284593695,22497.053442130968,10837.641083694434,20390.610691266786
2026-04-03 05:10:00+00:00,20344.232401720255,16730.144297412968,15550.060255369566,18678.90418945783,22506.452766866263,10837.641083694434,20400.01159613092
2026-04-03 05:15:00+00:00,20353.600880719932,16739.512776412645,15559.436773137262,18688.280707225524,22515.816582310108,10837.641083694434,20409.380075130597
2026-04-03 05:20:00+00:00,20363.015860929365,16739.512776412645,15559.436773137262,18688.280707225524,22525.21197195293,10837.641083694434,20418.79505534003
2026-04-03 05:25:00+00:00,20372.405939059056,16739.512776412645,15559.436773137262,18688.280707225524,22534.598217484112,10837.641083694434,20428.18513346972
2026-04-03 05:30:00+00:00,20381.75732108275,16748.86415843634,15568.760253755001,18697.604187843266,22543.92330670272,10837.641083694434,20437.536515493415
2026-04-03 05:35:00+00:00,20371.75732108275,16748.86415843634,15568.760253755001,18697.604187843266,22533.92330670272,10837.641083694434,20427.536515493415
2026-04-03 05:40:00+00:00,20381.16700555692,16748.86415843634,15568.760253755001,18697.604187843266,22543.327021898614,10837.641083694434,20436.946199967584
2026-04-03 05:45:00+00:00,20390.575039559706,16748.86415843634,15568.760253755001,18697.604187843266,22552.719488180453,10837.641083694434,20446.35423397037
2026-04-03 05:50:00+00:00,20399.93928899691,16758.228407873547,15578.106504022424,18706.95043811069,22562.071974167273,10837.641083694434,20455.718483407574
2026-04-03 05:55:00+00:00,20409.342213480166,16758.228407873547,15578.106504022424,18706.95043811069,22571.467971657297,10837.641083694434,20465.12140789083
2026-04-03 06:00:00+00:00,20399.342213480166,16758.228407873547,15578.106504022424,18706.95043811069,22561.467971657297,10837.641083694434,20455.12140789083
2026-04-03 06:05:00+00:00,20408.740447130906,16767.62664152429,15578.106504022424,18716.34867176143,22570.869678279683,10837.641083694434,20464.51964154157
2026-04-03 06:10:00+00:00,20418.12619063783,16777.012385031212,15578.106504022424,18725.734415268354,22580.252006356917,10837.641083694434,20473.905385048496
2026-04-03 06:15:00+00:00,20418.12619063783,16777.012385031212,15578.106504022424,18725.734415268354,22589.648762992772,10837.641083694434,20473.905385048496
2026-04-03 06:20:00+00:00,20427.52268740157,16786.408881794956,15578.106504022424,18735.130912032095,22599.044836863897,10837.641083694434,20483.301881812236
2026-04-03 06:25:00+00:00,20436.93798375137,16786.408881794956,15578.106504022424,18735.130912032095,22599.044836863897,10837.641083694434,20492.717178162035
2026-04-03 06:30:00+00:00,20446.345702726685,16786.408881794956,15578.106504022424,18735.130912032095,22599.044836863897,10847.044244914729,20502.12489713735
2026-04-03 06:35:00+00:00,20455.71162294598,16795.77480201425,15587.441032708046,18744.46544071772,22608.39578688758,10847.044244914729,20511.490817356644
2026-04-03 06:40:00+00:00,20465.092349121624,16805.178620676583,15587.441032708046,18753.846166893363,22617.797274609227,10847.044244914729,20520.87154353229
2026-04-03 06:45:00+00:00,20474.489587116816,16805.178620676583,15587.441032708046,18753.846166893363,22627.19334068255,10847.044244914729,20530.26878152748
2026-04-03 06:50:00+00:00,20483.90506684509,16805.178620676583,15587.441032708046,18753.846166893363,22627.19334068255,10847.044244914729,20539.684261255756
2026-04-03 06:55:00+00:00,20493.306260529225,16814.579814360717,15587.441032708046,18763.247360577498,22636.591678029516,10847.044244914729,20549.08545493989
2026-04-03 07:00:00+00:00,20502.72139050677,16814.579814360717,15587.441032708046,18763.247360577498,22645.993729984642,10847.044244914729,20558.500584917434
2026-04-03 07:05:00+00:00,20512.133558060326,16814.579814360717,15587.441032708046,18763.247360577498,22655.387455138036,10856.447877119734,20567.91275247099
2026-04-03 07:10:00+00:00,20521.523793529872,16823.970049830263,15596.809378007636,18772.615705877088,22664.767708126597,10856.447877119734,20577.302987940537
2026-04-03 07:15:00+00:00,20511.523793529872,16823.970049830263,15596.809378007636,18772.615705877088,22664.767708126597,10856.447877119734,20567.302987940537
2026-04-03 07:20:00+00:00,20520.935571222173,16823.970049830263,15596.809378007636,18772.615705877088,22654.767708126597,10856.447877119734,20576.714765632838
2026-04-03 07:25:00+00:00,20530.33001954832,16833.36449815641,15596.809378007636,18782.010154203235,22664.162757895014,10856.447877119734,20586.109213958985
2026-04-03 07:30:00+00:00,20520.33001954832,16833.36449815641,15596.809378007636,18782.010154203235,22673.56399700463,10865.849116229347,20576.109213958985
2026-04-03 07:35:00+00:00,20520.33001954832,16833.36449815641,15606.187968706674,18782.010154203235,22682.942140588635,10865.849116229347,20585.487804658023
2026-04-03 07:40:00+00:00,20510.33001954832,16833.36449815641,15606.187968706674,18782.010154203235,22672.942140588635,10865.849116229347,20575.487804658023
2026-04-03 07:45:00+00:00,20519.736247782632,16833.36449815641,15606.187968706674,18782.010154203235,22682.343717843432,10865.849116229347,20584.894032892335
2026-04-03 07:50:00+00:00,20529.139868599606,16833.36449815641,15606.187968706674,18782.010154203235,22691.74733866041,10865.849116229347,20594.29765370931
2026-04-03 07:55:00+00:00,20538.55048350669,16833.36449815641,15606.187968706674,18782.010154203235,22701.15116668138,10865.849116229347,20603.708268616392
2026-04-03 08:00:00+00:00,20547.959501439684,16833.36449815641,15606.187968706674,18782.010154203235,22710.553728328592,10865.849116229347,20613.117286549386
2026-04-03 08:05:00+00:00,20557.342723826634,16842.74772054336,15615.539232030618,18791.36141752718,22719.925197310877,10865.849116229347,20622.500508936337
2026-04-03 08:10:00+00:00,20566.746044342894,16852.151041059624,15615.539232030618,18800.764738043443,22729.328299593108,10865.849116229347,20631.903829452596
2026-04-03 08:15:00+00:00,20576.15490707688,16852.151041059624,15615.539232030618,18800.764738043443,22738.719196632792,10875.2523400073,20641.312692186584
2026-04-03 08:20:00+00:00,20585.563241195054,16852.151041059624,15615.539232030618,18800.764738043443,22748.118260523857,10875.2523400073,20650.721026304756
2026-04-03 08:25:00+00:00,20594.95057995391,16861.538379818478,15624.898725318486,18810.124231331312,22757.499242401624,10875.2523400073,20660.108365063614
2026-04-03 08:30:00+00:00,20604.340792563333,16870.928592427903,15624.898725318486,18819.51444394073,22766.889395726437,10875.2523400073,20669.498577673035
2026-04-03 08:35:00+00:00,20613.742554543485,16880.330354408055,15624.898725318486,18828.916205920883,22776.285707781873,10875.2523400073,20678.900339653188
2026-04-03 08:40:00+00:00,20623.138743595046,16880.330354408055,15634.273556419916,18838.291037022314,22785.6799415198,10875.2523400073,20688.29652870475
2026-04-03 08:45:00+00:00,20632.542989604794,16880.330354408055,15634.273556419916,18838.291037022314,22795.08400712745,10884.649398818252,20697.700774714496
2026-04-03 08:50:00+00:00,20622.542989604794,16880.330354408055,15634.273556419916,18838.291037022314,22804.485453873072,10884.649398818252,20687.700774714496
2026-04-03 08:55:00+00:00,20631.956654720358,16889.7292834207,15634.273556419916,18847.704702137875,22813.884252954602,10884.649398818252,20697.11443983006
2026-04-03 09:00:00+00:00,20621.956654720358,16889.7292834207,15634.273556419916,18847.704702137875,22803.884252954602,10884.649398818252,20687.11443983006
2026-04-03 09:05:00+00:00,20631.354989186777,16889.7292834207,15634.273556419916,18847.704702137875,22813.282724501772,10884.649398818252,20696.51277429648
2026-04-03 09:10:00+00:00,20640.757960356765,16899.14143817823,15634.273556419916,18857.107673307863,22822.68569567176,10884.649398818252,20705.915745466467
2026-04-03 09:15:00+00:00,20630.757960356765,16889.14143817823,15634.273556419916,18847.107673307863,22812.68569567176,10884.649398818252,20695.915745466467
2026-04-03 09:20:00+00:00,20640.116823657758,16898.500301479224,15643.627088641351,18856.461205529296,22822.04606422023,10884.649398818252,20705.27460876746
2026-04-03 09:25:00+00:00,20649.524305338127,16898.500301479224,15643.627088641351,18856.461205529296,22831.44506534351,10884.649398818252,20714.68209044783
2026-04-03 09:30:00+00:00,20658.929946267373,16898.500301479224,15643.627088641351,18856.461205529296,22840.84034332687,10884.649398818252,20724.087731377076
2026-04-03 09:35:00+00:00,20658.929946267373,16898.500301479224,15643.627088641351,18856.461205529296,22850.237452651192,10884.649398818252,20724.087731377076
2026-04-03 09:40:00+00:00,20668.311685449673,16907.88204066152,15653.00081433509,18865.834931223035,22859.629314517733,10884.649398818252,20733.469470559376
2026-04-03 09:45:00+00:00,20677.724739048645,16907.88204066152,15662.384413378564,18875.218530266513,22869.029045976236,10884.649398818252,20742.882524158347
2026-04-03 09:50:00+00:00,20687.13809516361,16907.88204066152,15662.384413378564,18875.218530266513,22878.431326915088,10884.649398818252,20752.295880273312
2026-04-03 09:55:00+00:00,20696.545882067705,16917.289827565615,15662.384413378564,18884.62631717061,22887.835488306868,10884.649398818252,20761.703667177408
2026-04-03 10:00:00+00:00,20705.94620408747,16926.680424956896,15662.384413378564,18894.026639190375,22897.226302251656,10884.649398818252,20771.103989197174
2026-04-03 10:05:00+00:00,20715.34937447117,16926.680424956896,15662.384413378564,18894.026639190375,22897.226302251656,10884.649398818252,20780.507159580873
2026-04-03 10:10:00+00:00,20724.754953212847,16936.086003698572,15662.384413378564,18903.43221793205,22906.63074624644,10884.649398818252,20789.91273832255
2026-04-03 10:15:00+00:00,20714.754953212847,16936.086003698572,15662.384413378564,18903.43221793205,22916.032185223485,10894.049293075597,20779.91273832255
2026-04-03 10:20:00+00:00,20724.157391945017,16945.486262491908,15662.384413378564,18912.83465666422,22925.43384293572,10894.049293075597,20789.31517705472
2026-04-03 10:25:00+00:00,20714.157391945017,16945.486262491908,15662.384413378564,18912.83465666422,22915.43384293572,10894.049293075597,20779.31517705472
2026-04-03 10:30:00+00:00,20723.542299681598,16945.486262491908,15662.384413378564,18912.83465666422,22924.826522100422,10894.049293075597,20788.7000847913
2026-04-03 10:35:00+00:00,20732.94735038293,16945.486262491908,15662.384413378564,18912.83465666422,22934.221668609815,10894.049293075597,20798.10513549263
2026-04-03 10:40:00+00:00,20742.345735164075,16945.486262491908,15662.384413378564,18912.83465666422,22943.615595559935,10894.049293075597,20807.503520273778
2026-04-03 10:45:00+00:00,20751.742623172497,16954.883150500333,15671.750468132257,18922.200711417914,22953.011256637896,10894.049293075597,20816.9004082822
2026-04-03 10:50:00+00:00,20761.150566796816,16954.883150500333,15671.750468132257,18922.200711417914,22962.412784512435,10894.049293075597,20826.30835190652
2026-04-03 10:55:00+00:00,20751.150566796816,16954.883150500333,15671.750468132257,18922.200711417914,22971.80807641148,10894.049293075597,20816.30835190652
2026-04-03 11:00:00+00:00,20741.150566796816,16954.883150500333,15671.750468132257,18922.200711417914,22971.80807641148,10894.049293075597,20806.30835190652
2026-04-03 11:05:00+00:00,20750.540456218525,16954.883150500333,15671.750468132257,18922.200711417914,22981.21202709006,10894.049293075597,20815.698241328228
2026-04-03 11:10:00+00:00,20740.540456218525,16964.29511334774,15671.750468132257,18922.200711417914,22981.21202709006,10894.049293075597,20805.698241328228
2026-04-03 11:15:00+00:00,20749.947380728212,16964.29511334774,15671.750468132257,18922.200711417914,22981.21202709006,10894.049293075597,20815.105165837915
2026-04-03 11:20:00+00:00,20759.348457842047,16973.696190461575,15671.750468132257,18931.60178853175,22990.613032201487,10894.049293075597,20824.50624295175
2026-04-03 11:25:00+00:00,20768.74607684175,16983.093809461272,15671.750468132257,18940.999407531446,23000.01558328754,10894.049293075597,20833.903861951454
2026-04-03 11:30:00+00:00,20758.74607684175,16973.093809461272,15671.750468132257,18930.999407531446,23009.40635956852,10894.049293075597,20823.903861951454
2026-04-03 11:35:00+00:00,20768.14886214918,16973.093809461272,15671.750468132257,18930.999407531446,23018.798111298434,10894.049293075597,20833.306647258883
2026-04-03 11:40:00+00:00,20758.14886214918,16973.093809461272,15671.750468132257,18930.999407531446,23028.198038463277,10894.049293075597,20823.306647258883
2026-04-03 11:45:00+00:00,20748.14886214918,16963.093809461272,15671.750468132257,18920.999407531446,23018.198038463277,10894.049293075597,20813.306647258883
2026-04-03 11:50:00+00:00,20757.561637033923,16972.506584346018,15671.750468132257,18930.412182416192,23027.600150400365,10894.049293075597,20822.719422143626
2026-04-03 11:55:00+00:00,20766.975853225013,16972.506584346018,15671.750468132257,18930.412182416192,23027.600150400365,10894.049293075597,20832.133638334715
2026-04-03 12:00:00+00:00,20756.975853225013,16962.506584346018,15671.750468132257,18920.412182416192,23027.600150400365,10894.049293075597,20822.133638334715
2026-04-03 12:05:00+00:00,20766.383748468266,16971.91447958927,15671.750468132257,18929.820077659446,23037.002621201504,10894.049293075597,20831.54153357797
2026-04-03 12:10:00+00:00,20766.383748468266,16971.91447958927,15681.135670352503,18929.820077659446,23046.3936590354,10894.049293075597,20840.926735798217
2026-04-03 12:15:00+00:00,20775.780524032612,16981.311255153618,15681.135670352503,18939.216853223792,23055.7884611787,10894.049293075597,20850.323511362563
2026-04-03 12:20:00+00:00,20765.780524032612,16971.311255153618,15681.135670352503,18929.216853223792,23045.7884611787,10903.447649442069,20840.323511362563
2026-04-03 12:25:00+00:00,20775.174718636958,16971.311255153618,15690.507277312397,18938.588460183688,23055.164900386524,10903.447649442069,20849.717705966905
2026-04-03 12:30:00+00:00,20784.520769734772,16971.311255153618,15699.809528270589,18947.89071114188,23064.489082873406,10903.447649442069,20859.06375706472
2026-04-03 12:35:00+00:00,20793.901064475802,16980.691549894644,15709.17361598617,18957.25479885746,23073.85388498666,10903.447649442069,20868.444051805745
2026-04-03 12:40:00+00:00,20783.901064475802,16980.691549894644,15709.17361598617,18957.25479885746,23083.258142427774,10912.849239025183,20858.444051805745
2026-04-03 12:45:00+00:00,20793.312389950926,16980.691549894644,15709.17361598617,18957.25479885746,23092.658489591333,10912.849239025183,20867.855377280874
2026-04-03 12:50:00+00:00,20802.726785811094,16980.691549894644,15709.17361598617,18957.25479885746,23082.658489591333,10922.24849763836,20877.26977314104
2026-04-03 12:55:00+00:00,20792.726785811094,16970.691549894644,15709.17361598617,18947.25479885746,23092.052608510698,10931.642616557729,20867.26977314104
2026-04-03 13:00:00+00:00,20782.726785811094,16970.691549894644,15709.17361598617,18947.25479885746,23101.44902051365,10931.642616557729,20857.26977314104
2026-04-03 13:05:00+00:00,20792.138759530193,16970.691549894644,15709.17361598617,18947.25479885746,23091.44902051365,10941.034684090693,20866.681746860144
2026-04-03 13:10:00+00:00,20782.138759530193,16960.691549894644,15709.17361598617,18937.25479885746,23100.853087599942,10950.434902539559,20856.681746860144
2026-04-03 13:15:00+00:00,20791.540455792314,16960.691549894644,15718.562805631456,18946.643988502747,23110.232485178585,10950.434902539559,20866.08344312226
2026-04-03 13:20:00+00:00,20800.93808914425,16960.691549894644,15718.562805631456,18946.643988502747,23119.63073444945,10950.434902539559,20875.4810764742
2026-04-03 13:25:00+00:00,20810.341502316885,16960.691549894644,15718.562805631456,18946.643988502747,23129.033255912727,10950.434902539559,20884.884489646836
2026-04-03 13:30:00+00:00,20819.744865489836,16960.691549894644,15718.562805631456,18946.643988502747,23138.436619085678,10950.434902539559,20894.287852819783
2026-04-03 13:35:00+00:00,20829.157779835266,16960.691549894644,15718.562805631456,18946.643988502747,23147.83659103435,10959.83185941443,20903.700767165217
2026-04-03 13:40:00+00:00,20819.157779835266,16960.691549894644,15718.562805631456,18946.643988502747,23147.83659103435,10959.83185941443,20893.700767165217
2026-04-03 13:45:00+00:00,20809.157779835266,16960.691549894644,15718.562805631456,18946.643988502747,23157.233598182313,10959.83185941443,20883.700767165217
2026-04-03 13:50:00+00:00,20818.55586930103,16970.089639360405,15727.936195755672,18956.017378626962,23166.634199603788,10959.83185941443,20893.098856630975
2026-04-03 13:55:00+00:00,20827.9500233196,16970.089639360405,15727.936195755672,18956.017378626962,23176.020708184464,10959.83185941443,20902.493010649552
2026-04-03 14:00:00+00:00,20817.9500233196,16960.089639360405,15727.936195755672,18946.017378626962,23185.417491772765,10969.228643002729,20892.493010649552
2026-04-03 14:05:00+00:00,20827.341412660367,16969.481028701168,15737.321276382214,18955.402459253506,23194.801033998912,10969.228643002729,20901.884399990315
2026-04-03 14:10:00+00:00,20817.341412660367,16969.481028701168,15737.321276382214,18955.402459253506,23194.801033998912,10969.228643002729,20891.884399990315
2026-04-03 14:15:00+00:00,20807.341412660367,16969.481028701168,15737.321276382214,18955.402459253506,23184.801033998912,10969.228643002729,20881.884399990315
2026-04-03 14:20:00+00:00,20816.751711516823,16969.481028701168,15737.321276382214,18955.402459253506,23194.201104902117,10969.228643002729,20891.29469884677
2026-04-03 14:25:00+00:00,20826.121883955566,16978.85120113991,15746.654761174592,18964.735944045882,23203.566774535808,10969.228643002729,20900.66487128551
2026-04-03 14:30:00+00:00,20835.53007572164,16978.85120113991,15746.654761174592,18964.735944045882,23212.95942694576,10969.228643002729,20910.073063051586
2026-04-03 14:35:00+00:00,20844.91300015337,16978.85120113991,15756.04389755492,18974.125080426213,23222.345616695155,10969.228643002729,20919.455987483314
2026-04-03 14:40:00+00:00,20854.311449479283,16978.85120113991,15756.04389755492,18974.125080426213,23231.74368960077,10969.228643002729,20928.85443680923
2026-04-03 14:45:00+00:00,20863.703388176924,16988.243139837552,15756.04389755492,18983.517019123854,23241.140313781078,10969.228643002729,20938.24637550687
2026-04-03 14:50:00+00:00,20873.097632198886,16988.243139837552,15756.04389755492,18983.517019123854,23250.545196787185,10969.228643002729,20947.640619528833
2026-04-03 14:55:00+00:00,20863.097632198886,16988.243139837552,15756.04389755492,18983.517019123854,23250.545196787185,10969.228643002729,20937.640619528833
2026-04-03 15:00:00+00:00,20872.512066962503,16988.243139837552,15756.04389755492,18983.517019123854,23259.946873160403,10969.228643002729,20947.055054292447
2026-04-03 15:05:00+00:00,20881.92502756437,16988.243139837552,15756.04389755492,18983.517019123854,23259.946873160403,10969.228643002729,20956.468014894323
2026-04-03 15:10:00+00:00,20871.92502756437,16988.243139837552,15756.04389755492,18983.517019123854,23249.946873160403,10969.228643002729,20946.468014894323
2026-04-03 15:15:00+00:00,20881.32892445743,16988.243139837552,15756.04389755492,18983.517019123854,23259.349475013154,10969.228643002729,20955.871911787377
2026-04-03 15:20:00+00:00,20871.32892445743,16978.243139837552,15756.04389755492,18973.517019123854,23249.349475013154,10969.228643002729,20945.871911787377
2026-04-03 15:25:00+00:00,20880.74173501077,16978.243139837552,15756.04389755492,18973.517019123854,23249.349475013154,10969.228643002729,20955.28472234072
2026-04-03 15:30:00+00:00,20890.148466021357,16978.243139837552,15756.04389755492,18973.517019123854,23258.75344540315,10969.228643002729,20964.691453351305
2026-04-03 15:35:00+00:00,20880.148466021357,16968.243139837552,15756.04389755492,18963.517019123854,23248.75344540315,10969.228643002729,20954.691453351305
2026-04-03 15:40:00+00:00,20889.551275388196,16977.64594920439,15756.04389755492,18972.919828490692,23258.15734348259,10969.228643002729,20964.094262718143
2026-04-03 15:45:00+00:00,20879.551275388196,16977.64594920439,15756.04389755492,18972.919828490692,23258.15734348259,10969.228643002729,20954.094262718143
2026-04-03 15:50:00+00:00,20888.954581305916,16987.04925512211,15756.04389755492,18982.323134408412,23267.560187442614,10969.228643002729,20963.49756863586
2026-04-03 15:55:00+00:00,20878.954581305916,16977.04925512211,15756.04389755492,18972.323134408412,23257.560187442614,10969.228643002729,20953.49756863586
2026-04-03 16:00:00+00:00,20888.35871193467,16986.453385750865,15756.04389755492,18981.727265037167,23266.949306385817,10969.228643002729,20962.901699264617
2026-04-03 16:05:00+00:00,20878.35871193467,16976.453385750865,15756.04389755492,18971.727265037167,23266.949306385817,10969.228643002729,20952.901699264617
2026-04-03 16:10:00+00:00,20887.764409949472,16985.859083765667,15756.04389755492,18981.13296305197,23276.346113829844,10969.228643002729,20962.307397279423
2026-04-03 16:15:00+00:00,20897.171116097823,16995.265789914018,15756.04389755492,18990.53966920032,23266.346113829844,10959.228643002729,20971.714103427774
2026-04-03 16:20:00+00:00,20906.577405998403,16995.265789914018,15756.04389755492,18990.53966920032,23275.74824530617,10959.228643002729,20981.12039332835
2026-04-03 16:25:00+00:00,20915.978615978096,16995.265789914018,15756.04389755492,18990.53966920032,23285.147898940995,10959.228643002729,20990.521603308043
2026-04-03 16:30:00+00:00,20905.978615978096,16985.265789914018,15756.04389755492,18980.53966920032,23275.147898940995,10959.228643002729,20980.521603308043
2026-04-03 16:35:00+00:00,20915.391493723182,16994.6786676591,15756.04389755492,18989.952546945406,23284.544916853418,10959.228643002729,20989.934481053126
2026-04-03 16:40:00+00:00,20924.792195132148,16994.6786676591,15756.04389755492,18989.952546945406,23284.544916853418,10959.228643002729,20999.33518246209
2026-04-03 16:45:00+00:00,20914.792195132148,16994.6786676591,15756.04389755492,18989.952546945406,23293.943252472498,10968.620913004292,20989.33518246209
2026-04-03 16:50:00+00:00,20924.20009784552,16994.6786676591,15756.04389755492,18989.952546945406,23293.943252472498,10968.620913004292,20998.74308517547
2026-04-03 16:55:00+00:00,20933.59707799911,16994.6786676591,15756.04389755492,18989.952546945406,23303.346870453686,10968.620913004292,21008.140065329055
2026-04-03 17:00:00+00:00,20943.00009611804,16994.6786676591,15756.04389755492,18989.952546945406,23312.748509790348,10968.620913004292,21017.54308344799
2026-04-03 17:05:00+00:00,20933.00009611804,16994.6786676591,15756.04389755492,18989.952546945406,23322.14733592757,10968.620913004292,21007.54308344799
2026-04-03 17:10:00+00:00,20942.413931282703,16994.6786676591,15756.04389755492,18989.952546945406,23331.54449127253,10968.620913004292,21016.956918612654
2026-04-03 17:15:00+00:00,20951.79599173755,17004.060728113946,15765.382510221061,18999.291159611545,23340.912218197886,10968.620913004292,21026.338979067496
2026-04-03 17:20:00+00:00,20961.179357670637,17013.444094047034,15774.744058117942,19008.652707508427,23350.29233478786,10968.620913004292,21035.722345000584
2026-04-03 17:25:00+00:00,20970.581711181672,17022.84644755807,15774.744058117942,19018.055061019462,23359.693698490388,10968.620913004292,21045.124698511623
2026-04-03 17:30:00+00:00,20979.965775062374,17032.230511438767,15784.138749393747,19027.449752295266,23369.083838370323,10968.620913004292,21054.508762392317
2026-04-03 17:35:00+00:00,20989.377630084004,17041.642366460397,15784.138749393747,19036.861607316896,23369.083838370323,10968.620913004292,21063.920617413947
2026-04-03 17:40:00+00:00,20979.377630084004,17041.642366460397,15784.138749393747,19036.861607316896,23369.083838370323,10968.620913004292,21053.920617413947
2026-04-03 17:45:00+00:00,20988.779560053044,17051.044296429438,15793.511819763036,19046.23467768619,23378.46876489746,10968.620913004292,21063.322547382988
2026-04-03 17:50:00+00:00,20998.185106965408,17060.449843341805,15793.511819763036,19055.640224598552,23387.87110345532,10968.620913004292,21072.728094295355
2026-04-03 17:55:00+00:00,21007.596766018305,17069.861502394702,15793.511819763036,19065.051883651453,23397.273681431783,10968.620913004292,21082.139753348252
2026-04-03 18:00:00+00:00,21007.596766018305,17069.861502394702,15793.511819763036,19065.051883651453,23397.273681431783,10968.620913004292,21082.139753348252
2026-04-03 18:05:00+00:00,21017.002636354453,17069.861502394702,15793.511819763036,19065.051883651453,23406.677248665925,10968.620913004292,21091.545623684397
2026-04-03 18:10:00+00:00,21007.002636354453,17059.861502394702,15793.511819763036,19055.051883651453,23416.077299715827,10968.620913004292,21081.545623684397
2026-04-03 18:15:00+00:00,21016.40655487796,17069.271636042336,15793.511819763036,19064.45580217496,23425.480080475507,10968.620913004292,21090.949542207905
2026-04-03 18:20:00+00:00,21006.40655487796,17069.271636042336,15793.511819763036,19064.45580217496,23415.480080475507,10968.620913004292,21080.949542207905
2026-04-03 18:25:00+00:00,21015.816191702215,17069.271636042336,15793.511819763036,19064.45580217496,23424.881630786207,10968.620913004292,21090.359179032163
2026-04-03 18:30:00+00:00,21025.231540081288,17059.271636042336,15793.511819763036,19064.45580217496,23424.881630786207,10968.620913004292,21099.77452741124
2026-04-03 18:35:00+00:00,21015.231540081288,17049.271636042336,15793.511819763036,19054.45580217496,23424.881630786207,10968.620913004292,21089.77452741124
2026-04-03 18:40:00+00:00,21015.231540081288,17058.679313405977,15793.511819763036,19054.45580217496,23424.881630786207,10968.620913004292,21099.18220477488
2026-04-03 18:45:00+00:00,21024.63603384925,17058.679313405977,15793.511819763036,19054.45580217496,23434.28295303698,10968.620913004292,21108.586698542837
2026-04-03 18:50:00+00:00,21034.051088493332,17068.09436805006,15793.511819763036,19063.87085681904,23434.28295303698,10968.620913004292,21118.00175318692
2026-04-03 18:55:00+00:00,21024.051088493332,17068.09436805006,15793.511819763036,19063.87085681904,23434.28295303698,10968.620913004292,21108.00175318692
2026-04-03 19:00:00+00:00,21014.051088493332,17058.09436805006,15793.511819763036,19053.87085681904,23424.28295303698,10968.620913004292,21098.00175318692
2026-04-03 19:05:00+00:00,21014.051088493332,17058.09436805006,15793.511819763036,19053.87085681904,23424.28295303698,10968.620913004292,21098.00175318692
2026-04-03 19:10:00+00:00,21004.051088493332,17048.09436805006,15793.511819763036,19043.87085681904,23424.28295303698,10968.620913004292,21088.00175318692
2026-04-03 19:15:00+00:00,21013.454479666314,17048.09436805006,15793.511819763036,19043.87085681904,23433.68399277491,10968.620913004292,21097.405144359902
2026-04-03 19:20:00+00:00,21003.454479666314,17038.09436805006,15793.511819763036,19033.87085681904,23423.68399277491,10968.620913004292,21087.405144359902
2026-04-03 19:25:00+00:00,21012.867987920283,17047.50787630403,15793.511819763036,19043.284365073014,23423.68399277491,10968.620913004292,21096.81865261387
2026-04-03 19:30:00+00:00,21002.867987920283,17047.50787630403,15793.511819763036,19043.284365073014,23423.68399277491,10968.620913004292,21086.81865261387
2026-04-03 19:35:00+00:00,20992.867987920283,17047.50787630403,15793.511819763036,19043.284365073014,23423.68399277491,10968.620913004292,21076.81865261387
2026-04-03 19:40:00+00:00,21002.278719524387,17047.50787630403,15793.511819763036,19043.284365073014,23433.086003157878,10968.620913004292,21086.22938421798
2026-04-03 19:45:00+00:00,21011.68440752433,17047.50787630403,15793.511819763036,19043.284365073014,23442.488798883478,10968.620913004292,21095.63507221792
2026-04-03 19:50:00+00:00,21021.09328413185,17056.916752911548,15793.511819763036,19052.69324168053,23442.488798883478,10968.620913004292,21105.043948825434
2026-04-03 19:55:00+00:00,21030.50102349713,17056.916752911548,15793.511819763036,19052.69324168053,23442.488798883478,10968.620913004292,21114.45168819072
2026-04-03 20:00:00+00:00,21039.90862783572,17056.916752911548,15793.511819763036,19052.69324168053,23442.488798883478,10968.620913004292,21123.859292529305
2026-04-03 20:05:00+00:00,21029.90862783572,17056.916752911548,15793.511819763036,19052.69324168053,23442.488798883478,10968.620913004292,21113.859292529305
2026-04-03 20:10:00+00:00,21039.315278167538,17056.916752911548,15793.511819763036,19052.69324168053,23442.488798883478,10968.620913004292,21123.265942861122
2026-04-03 20:15:00+00:00,21029.315278167538,17046.916752911548,15793.511819763036,19042.69324168053,23442.488798883478,10968.620913004292,21113.265942861122
2026-04-03 20:20:00+00:00,21038.725445539683,17056.326920283696,15793.511819763036,19052.103409052677,23442.488798883478,10968.620913004292,21122.676110233275
2026-04-03 20:25:00+00:00,21028.725445539683,17046.326920283696,15793.511819763036,19042.103409052677,23442.488798883478,10968.620913004292,21112.676110233275
2026-04-03 20:30:00+00:00,21038.13745900135,17046.326920283696,15793.511819763036,19042.103409052677,23442.488798883478,10968.620913004292,21122.08812369494
2026-04-03 20:35:00+00:00,21028.13745900135,17046.326920283696,15793.511819763036,19042.103409052677,23442.488798883478,10968.620913004292,21112.08812369494
2026-04-03 20:40:00+00:00,21018.13745900135,17036.326920283696,15793.511819763036,19032.103409052677,23432.488798883478,10968.620913004292,21102.08812369494
2026-04-03 20:45:00+00:00,21027.547225599068,17045.736686881413,15793.511819763036,19041.51317565039,23432.488798883478,10968.620913004292,21111.497890292652
2026-04-03 20:50:00+00:00,21036.946623295153,17045.736686881413,15793.511819763036,19041.51317565039,23441.883821873627,10968.620913004292,21120.897287988744
2026-04-03 20:55:00+00:00,21026.946623295153,17035.736686881413,15793.511819763036,19031.51317565039,23441.883821873627,10968.620913004292,21110.897287988744
2026-04-03 21:00:00+00:00,21036.352243912515,17045.142307498772,15793.511819763036,19040.918796267753,23451.288311735567,10968.620913004292,21120.302908606103
2026-04-03 21:05:00+00:00,21045.763869340146,17054.556689886394,15793.511819763036,19050.330421695384,23451.288311735567,10968.620913004292,21129.714534033734
2026-04-03 21:10:00+00:00,21055.174892672338,17054.556689886394,15793.511819763036,19050.330421695384,23460.640491307662,10968.620913004292,21139.125557365922
2026-04-03 21:15:00+00:00,21064.59031280975,17054.556689886394,15793.511819763036,19050.330421695384,23460.640491307662,10968.620913004292,21148.540977503337
2026-04-03 21:20:00+00:00,21074.004000871275,17054.556689886394,15793.511819763036,19050.330421695384,23460.640491307662,10968.620913004292,21157.954665564866
2026-04-03 21:25:00+00:00,21074.004000871275,17054.556689886394,15793.511819763036,19050.330421695384,23460.640491307662,10968.620913004292,21157.954665564866
2026-04-03 21:30:00+00:00,21083.41389351154,17063.966582526657,15793.511819763036,19059.740314335646,23460.640491307662,10968.620913004292,21167.364558205125
2026-04-03 21:35:00+00:00,21083.41389351154,17053.966582526657,15793.511819763036,19059.740314335646,23460.640491307662,10968.620913004292,21157.364558205125
2026-04-03 21:40:00+00:00,21092.81939486791,17063.372083883027,15793.511819763036,19069.14581569202,23470.044855831802,10968.620913004292,21166.7700595615
2026-04-03 21:45:00+00:00,21102.23432156574,17063.372083883027,15793.511819763036,19069.14581569202,23479.447941740633,10968.620913004292,21176.184986259326
2026-04-03 21:50:00+00:00,21111.642396668238,17072.780158985526,15793.511819763036,19078.553890794516,23488.85015245022,10968.620913004292,21185.593061361826
2026-04-03 21:55:00+00:00,21121.05413952891,17072.780158985526,15793.511819763036,19078.553890794516,23488.85015245022,10968.620913004292,21195.004804222503
2026-04-03 22:00:00+00:00,21130.437331653004,17072.780158985526,15793.511819763036,19078.553890794516,23498.254815564414,10968.620913004292,21204.387996346588
2026-04-03 22:05:00+00:00,21139.85138899195,17072.780158985526,15793.511819763036,19078.553890794516,23507.657929787085,10968.620913004292,21213.802053685533
2026-04-03 22:10:00+00:00,21149.26009249091,17072.780158985526,15793.511819763036,19078.553890794516,23507.657929787085,10968.620913004292,21223.210757184497
2026-04-03 22:15:00+00:00,21158.675269649324,17072.780158985526,15793.511819763036,19078.553890794516,23507.657929787085,10968.620913004292,21232.625934342912
2026-04-03 22:20:00+00:00,21148.675269649324,17072.780158985526,15793.511819763036,19078.553890794516,23507.657929787085,10968.620913004292,21222.625934342912
2026-04-03 22:25:00+00:00,21138.675269649324,17072.780158985526,15793.511819763036,19078.553890794516,23507.657929787085,10968.620913004292,21212.625934342912
2026-04-03 22:30:00+00:00,21128.675269649324,17072.780158985526,15793.511819763036,19078.553890794516,23507.657929787085,10968.620913004292,21202.625934342912
2026-04-03 22:35:00+00:00,21138.078332235586,17082.183221571788,15793.511819763036,19087.95695338078,23507.657929787085,10968.620913004292,21212.028996929173
2026-04-03 22:40:00+00:00,21147.486762438297,17082.183221571788,15793.511819763036,19087.95695338078,23517.055187387676,10968.620913004292,21221.43742713188
2026-04-03 22:45:00+00:00,21156.89562868127,17091.592087814766,15802.898967454652,19097.344101072395,23526.441652797486,10968.620913004292,21230.84629337486
2026-04-03 22:50:00+00:00,21166.311014194143,17091.592087814766,15802.898967454652,19097.344101072395,23526.441652797486,10968.620913004292,21240.26167888773
2026-04-03 22:55:00+00:00,21156.311014194143,17091.592087814766,15802.898967454652,19097.344101072395,23526.441652797486,10968.620913004292,21230.26167888773
2026-04-03 23:00:00+00:00,21146.311014194143,17091.592087814766,15802.898967454652,19097.344101072395,23526.441652797486,10968.620913004292,21220.26167888773
2026-04-03 23:05:00+00:00,21155.725187023607,17091.592087814766,15802.898967454652,19097.344101072395,23526.441652797486,10968.620913004292,21229.6758517172
2026-04-03 23:10:00+00:00,21145.725187023607,17091.592087814766,15802.898967454652,19097.344101072395,23535.837096929394,10968.620913004292,21219.6758517172
2026-04-03 23:15:00+00:00,21135.725187023607,17091.592087814766,15802.898967454652,19097.344101072395,23535.837096929394,10968.620913004292,21209.6758517172
2026-04-03 23:20:00+00:00,21145.13947436062,17101.006375151777,15802.898967454652,19106.758388409406,23535.837096929394,10968.620913004292,21219.09013905421
2026-04-03 23:25:00+00:00,21145.13947436062,17110.405309640548,15802.898967454652,19106.758388409406,23545.23425830633,10968.620913004292,21228.48907354298
2026-04-03 23:30:00+00:00,21135.13947436062,17110.405309640548,15802.898967454652,19106.758388409406,23535.23425830633,10968.620913004292,21218.48907354298
2026-04-03 23:35:00+00:00,21125.13947436062,17110.405309640548,15802.898967454652,19106.758388409406,23525.23425830633,10968.620913004292,21208.48907354298
2026-04-03 23:40:00+00:00,21125.13947436062,17110.405309640548,15802.898967454652,19106.758388409406,23525.23425830633,10968.620913004292,21208.48907354298
2026-04-03 23:45:00+00:00,21134.532451547515,17119.79828682744,15802.898967454652,19116.1513655963,23534.62198464074,10968.620913004292,21217.882050729873
2026-04-03 23:50:00+00:00,21134.532451547515,17129.200625802358,15802.898967454652,19116.1513655963,23544.020768143375,10968.620913004292,21227.28438970479
2026-04-03 23:55:00+00:00,21124.532451547515,17129.200625802358,15802.898967454652,19116.1513655963,23544.020768143375,10968.620913004292,21217.28438970479
2026-04-04 00:00:00+00:00,21133.93411274427,17138.602286999114,15802.898967454652,19125.55302679306,23553.408015361132,10968.620913004292,21226.686050901546
2026-04-04 00:05:00+00:00,21143.348405955163,17138.602286999114,15802.898967454652,19125.55302679306,23562.80234647363,10968.620913004292,21236.100344112434
2026-04-04 00:10:00+00:00,21152.754759044583,17138.602286999114,15802.898967454652,19125.55302679306,23562.80234647363,10968.620913004292,21245.506697201858
2026-04-04 00:15:00+00:00,21142.754759044583,17138.602286999114,15802.898967454652,19125.55302679306,23562.80234647363,10968.620913004292,21235.506697201858
2026-04-04 00:20:00+00:00,21152.16947009892,17138.602286999114,15802.898967454652,19125.55302679306,23572.19915338325,10968.620913004292,21244.921408256196
2026-04-04 00:25:00+00:00,21142.16947009892,17128.602286999114,15802.898967454652,19115.55302679306,23572.19915338325,10968.620913004292,21234.921408256196
2026-04-04 00:30:00+00:00,21151.58222702022,17138.01504392041,15802.898967454652,19124.965783714357,23581.596343696787,10968.620913004292,21244.334165177497
2026-04-04 00:35:00+00:00,21160.995047980916,17138.01504392041,15802.898967454652,19124.965783714357,23581.596343696787,10968.620913004292,21253.74698613819
2026-04-04 00:40:00+00:00,21160.995047980916,17138.01504392041,15802.898967454652,19124.965783714357,23581.596343696787,10968.620913004292,21253.74698613819
2026-04-04 00:45:00+00:00,21170.40188622349,17138.01504392041,15802.898967454652,19124.965783714357,23590.996934473296,10968.620913004292,21263.153824380766
2026-04-04 00:50:00+00:00,21179.810300668923,17138.01504392041,15802.898967454652,19124.965783714357,23590.996934473296,10968.620913004292,21272.562238826198
2026-04-04 00:55:00+00:00,21189.22419209477,17138.01504392041,15802.898967454652,19124.965783714357,23590.996934473296,10968.620913004292,21281.97613025205
2026-04-04 01:00:00+00:00,21198.638363712966,17147.429215538607,15802.898967454652,19134.37995533255,23590.996934473296,10968.620913004292,21291.39030187024
2026-04-04 01:05:00+00:00,21208.044868169378,17156.83571999502,15802.898967454652,19143.786459788964,23600.39337962935,10968.620913004292,21300.796806326653
2026-04-04 01:10:00+00:00,21217.453422471437,17166.244274297074,15802.898967454652,19153.19501409102,23609.795721472758,10968.620913004292,21310.205360628708
2026-04-04 01:15:00+00:00,21226.864521058706,17166.244274297074,15802.898967454652,19153.19501409102,23609.795721472758,10968.620913004292,21319.616459215984
2026-04-04 01:20:00+00:00,21216.864521058706,17156.244274297074,15802.898967454652,19143.19501409102,23609.795721472758,10968.620913004292,21309.616459215984
2026-04-04 01:25:00+00:00,21226.27243547364,17156.244274297074,15802.898967454652,19143.19501409102,23609.795721472758,10968.620913004292,21319.024373630913
2026-04-04 01:30:00+00:00,21235.68491628387,17156.244274297074,15802.898967454652,19143.19501409102,23609.795721472758,10968.620913004292,21328.43685444114
2026-04-04 01:35:00+00:00,21225.68491628387,17156.244274297074,15802.898967454652,19143.19501409102,23609.795721472758,10968.620913004292,21318.43685444114
2026-04-04 01:40:00+00:00,21235.089754805216,17156.244274297074,15802.898967454652,19143.19501409102,23609.795721472758,10968.620913004292,21327.841692962495
2026-04-04 01:45:00+00:00,21244.50055074079,17165.65507023265,15802.898967454652,19152.605810026595,23609.795721472758,10968.620913004292,21337.252488898066
2026-04-04 01:50:00+00:00,21244.50055074079,17165.65507023265,15802.898967454652,19152.605810026595,23609.795721472758,10968.620913004292,21337.252488898066
2026-04-04 01:55:00+00:00,21244.50055074079,17165.65507023265,15802.898967454652,19152.605810026595,23609.795721472758,10968.620913004292,21337.252488898066
2026-04-04 02:00:00+00:00,21253.914510903756,17165.65507023265,15802.898967454652,19152.605810026595,23619.195268789554,10968.620913004292,21346.66644906103
2026-04-04 02:05:00+00:00,21263.327702148697,17175.06826147759,15802.898967454652,19162.019001271532,23628.59130960052,10968.620913004292,21356.079640305972
2026-04-04 02:10:00+00:00,21272.742896998927,17184.484899859486,15802.898967454652,19171.434196121765,23637.994196303192,10968.620913004292,21365.494835156205
2026-04-04 02:15:00+00:00,21282.15248288824,17184.484899859486,15802.898967454652,19171.434196121765,23637.994196303192,10968.620913004292,21374.904421045514
2026-04-04 02:20:00+00:00,21291.56826406654,17184.484899859486,15802.898967454652,19171.434196121765,23637.994196303192,10968.620913004292,21384.32020222381
2026-04-04 02:25:00+00:00,21300.978966628092,17184.484899859486,15802.898967454652,19171.434196121765,23637.994196303192,10968.620913004292,21393.73090478537
2026-04-04 02:30:00+00:00,21310.384761715395,17193.89069494679,15802.898967454652,19180.839991209068,23647.397885963448,10968.620913004292,21403.136699872673
2026-04-04 02:35:00+00:00,21319.795483088845,17203.30141632024,15802.898967454652,19190.250712582514,23656.79263075953,10968.620913004292,21412.54742124612
2026-04-04 02:40:00+00:00,21329.206715140208,17212.7126483716,15802.898967454652,19199.661944633877,23656.79263075953,10968.620913004292,21421.95865329748
2026-04-04 02:45:00+00:00,21319.206715140208,17212.7126483716,15802.898967454652,19199.661944633877,23656.79263075953,10968.620913004292,21411.95865329748
2026-04-04 02:50:00+00:00,21328.620414658777,17202.7126483716,15802.898967454652,19199.661944633877,23656.79263075953,10968.620913004292,21421.372352816055
2026-04-04 02:55:00+00:00,21338.03473774643,17212.126971459253,15802.898967454652,19209.07626772153,23656.79263075953,10968.620913004292,21430.786675903706
2026-04-04 03:00:00+00:00,21347.43745594175,17212.126971459253,15802.898967454652,19209.07626772153,23666.189724554024,10968.620913004292,21440.189394099023
2026-04-04 03:05:00+00:00,21356.845335438236,17212.126971459253,15802.898967454652,19209.07626772153,23675.59260125012,10968.620913004292,21449.597273595507
2026-04-04 03:10:00+00:00,21366.24418807146,17221.53786413104,15802.898967454652,19218.475120354757,23684.991453883344,10968.620913004292,21458.996126228732
2026-04-04 03:15:00+00:00,21375.64921236599,17230.94288842557,15802.898967454652,19227.880144649283,23694.395295878443,10968.620913004292,21468.401150523263
2026-04-04 03:20:00+00:00,21365.64921236599,17220.94288842557,15802.898967454652,19217.880144649283,23694.395295878443,10968.620913004292,21458.401150523263
2026-04-04 03:25:00+00:00,21365.64921236599,17220.94288842557,15802.898967454652,19217.880144649283,23694.395295878443,10968.620913004292,21458.401150523263
2026-04-04 03:30:00+00:00,21375.062447845532,17230.356123905116,15802.898967454652,19227.293380128827,23694.395295878443,10968.620913004292,21467.814386002807
2026-04-04 03:35:00+00:00,21365.062447845532,17230.356123905116,15802.898967454652,19227.293380128827,23694.395295878443,10968.620913004292,21457.814386002807
2026-04-04 03:40:00+00:00,21374.47191870638,17239.765594765962,15802.898967454652,19236.702850989674,23694.395295878443,10968.620913004292,21467.223856863653
2026-04-04 03:45:00+00:00,21383.88688184404,17249.180557903623,15802.898967454652,19246.117814127334,23694.395295878443,10968.620913004292,21476.638820001313
2026-04-04 03:50:00+00:00,21393.296673680976,17258.596431595288,15802.898967454652,19255.52760596427,23694.395295878443,10968.620913004292,21486.048611838254
2026-04-04 03:55:00+00:00,21402.706080838027,17258.596431595288,15802.898967454652,19255.52760596427,23694.395295878443,10968.620913004292,21495.458018995298
2026-04-04 04:00:00+00:00,21412.11890840103,17268.009259158294,15802.898967454652,19264.940433527277,23694.395295878443,10968.620913004292,21504.870846558304
2026-04-04 04:05:00+00:00,21421.528774269744,17277.41912502701,15802.898967454652,19274.350299395992,23694.395295878443,10968.620913004292,21514.28071242702
2026-04-04 04:10:00+00:00,21430.94188783357,17267.41912502701,15802.898967454652,19274.350299395992,23703.795459015077,10968.620913004292,21523.693825990846
2026-04-04 04:15:00+00:00,21420.94188783357,17257.41912502701,15802.898967454652,19264.350299395992,23703.795459015077,10968.620913004292,21513.693825990846
2026-04-04 04:20:00+00:00,21430.348935761438,17257.41912502701,15802.898967454652,19264.350299395992,23713.19108368388,10968.620913004292,21523.10087391871
2026-04-04 04:25:00+00:00,21439.76231865828,17257.41912502701,15802.898967454652,19264.350299395992,23713.19108368388,10968.620913004292,21532.514256815553
2026-04-04 04:30:00+00:00,21449.174915717987,17266.831722086717,15802.898967454652,19273.7628964557,23713.19108368388,10968.620913004292,21541.92685387526
2026-04-04 04:35:00+00:00,21458.587754699314,17276.244561068044,15802.898967454652,19283.175735437027,23713.19108368388,10968.620913004292,21551.33969285659
2026-04-04 04:45:00+00:00,21448.587754699314,17276.244561068044,15802.898967454652,19283.175735437027,23713.19108368388,10968.620913004292,21541.33969285659
2026-04-04 04:50:00+00:00,21438.587754699314,17276.244561068044,15802.898967454652,19283.175735437027,23713.19108368388,10968.620913004292,21531.33969285659
2026-04-04 04:55:00+00:00,21438.587754699314,17276.244561068044,15802.898967454652,19283.175735437027,23713.19108368388,10968.620913004292,21531.33969285659
2026-04-04 05:00:00+00:00,21428.587754699314,17276.244561068044,15802.898967454652,19283.175735437027,23713.19108368388,10968.620913004292,21521.33969285659
2026-04-04 05:05:00+00:00,21418.587754699314,17266.244561068044,15802.898967454652,19273.175735437027,23713.19108368388,10968.620913004292,21511.33969285659
2026-04-04 05:10:00+00:00,21427.992628415617,17275.649434784347,15802.898967454652,19282.58060915333,23722.594760749365,10968.620913004292,21520.744566572892
2026-04-04 05:15:00+00:00,21427.992628415617,17275.649434784347,15802.898967454652,19282.58060915333,23722.594760749365,10968.620913004292,21520.744566572892
2026-04-04 05:20:00+00:00,21437.40262637157,17285.063673785873,15802.898967454652,19291.990607109285,23722.594760749365,10968.620913004292,21530.154564528842
2026-04-04 05:25:00+00:00,21446.803916244426,17285.063673785873,15802.898967454652,19291.990607109285,23731.997106563234,10968.620913004292,21539.5558544017
2026-04-04 05:30:00+00:00,21456.195908194954,17294.4556657364,15802.898967454652,19301.382599059812,23741.38666971078,10968.620913004292,21548.947846352232
2026-04-04 05:35:00+00:00,21465.61012441332,17294.4556657364,15802.898967454652,19301.382599059812,23750.781435502224,10968.620913004292,21558.362062570595
2026-04-04 05:40:00+00:00,21475.02104704784,17303.86658837092,15802.898967454652,19310.793521694333,23750.781435502224,10968.620913004292,21567.772985205116
2026-04-04 05:45:00+00:00,21484.42874656666,17313.27428788974,15802.898967454652,19320.201221213152,23760.18550379158,10968.620913004292,21577.180684723935
2026-04-04 05:50:00+00:00,21484.42874656666,17322.684689399488,15802.898967454652,19320.201221213152,23760.18550379158,10968.620913004292,21586.591086233682
2026-04-04 05:55:00+00:00,21474.42874656666,17332.101695958932,15802.898967454652,19320.201221213152,23760.18550379158,10968.620913004292,21576.591086233682
2026-04-04 06:00:00+00:00,21483.835603919862,17341.508553312135,15802.898967454652,19329.608078566358,23769.589941241935,10968.620913004292,21585.997943586888
2026-04-04 06:05:00+00:00,21493.248501289054,17350.921450681322,15802.898967454652,19339.020975935542,23769.589941241935,10968.620913004292,21595.410840956076
2026-04-04 06:10:00+00:00,21502.654202376332,17350.921450681322,15802.898967454652,19339.020975935542,23778.994519244014,10968.620913004292,21604.816542043358
2026-04-04 06:15:00+00:00,21512.06727327549,17350.921450681322,15802.898967454652,19339.020975935542,23778.994519244014,10968.620913004292,21614.229612942516
2026-04-04 06:20:00+00:00,21521.48050833967,17350.921450681322,15802.898967454652,19339.020975935542,23778.994519244014,10968.620913004292,21623.642848006693
2026-04-04 06:25:00+00:00,21511.48050833967,17340.921450681322,15802.898967454652,19329.020975935542,23768.994519244014,10968.620913004292,21613.642848006693
2026-04-04 06:30:00+00:00,21520.883466412422,17350.324408754073,15802.898967454652,19338.423934008297,23768.994519244014,10968.620913004292,21623.045806079448
2026-04-04 06:35:00+00:00,21530.298447781894,17350.324408754073,15802.898967454652,19338.423934008297,23778.389675113904,10968.620913004292,21632.460787448916
2026-04-04 06:40:00+00:00,21539.713815080606,17359.73977605279,15802.898967454652,19347.83930130701,23787.790732583686,10968.620913004292,21641.87615474763
2026-04-04 06:45:00+00:00,21549.126923140684,17359.73977605279,15802.898967454652,19347.83930130701,23787.790732583686,10968.620913004292,21651.28926280771
2026-04-04 06:50:00+00:00,21539.126923140684,17349.73977605279,15802.898967454652,19337.83930130701,23797.187720288734,10968.620913004292,21641.28926280771
2026-04-04 06:55:00+00:00,21548.522581556743,17349.73977605279,15802.898967454652,19337.83930130701,23806.583650824137,10968.620913004292,21650.684921223765
2026-04-04 07:00:00+00:00,21557.936316844378,17349.73977605279,15802.898967454652,19337.83930130701,23806.583650824137,10968.620913004292,21660.0986565114
2026-04-04 07:05:00+00:00,21547.936316844378,17339.73977605279,15802.898967454652,19327.83930130701,23806.583650824137,10968.620913004292,21650.0986565114
2026-04-04 07:10:00+00:00,21537.936316844378,17339.73977605279,15802.898967454652,19327.83930130701,23806.583650824137,10968.620913004292,21640.0986565114
2026-04-04 07:15:00+00:00,21547.34954609908,17339.73977605279,15802.898967454652,19327.83930130701,23815.975841274158,10968.620913004292,21649.511885766104
2026-04-04 07:20:00+00:00,21556.755959610764,17339.73977605279,15802.898967454652,19327.83930130701,23815.975841274158,10968.620913004292,21658.918299277786
2026-04-04 07:25:00+00:00,21566.163536317006,17329.73977605279,15802.898967454652,19327.83930130701,23815.975841274158,10968.620913004292,21668.325875984032
2026-04-04 07:30:00+00:00,21575.57779369205,17339.156681523564,15802.898967454652,19337.253558682052,23815.975841274158,10968.620913004292,21677.74013335907
2026-04-04 07:35:00+00:00,21584.99302463371,17339.156681523564,15802.898967454652,19337.253558682052,23815.975841274158,10968.620913004292,21687.155364300736
2026-04-04 07:40:00+00:00,21574.99302463371,17329.156681523564,15802.898967454652,19327.253558682052,23805.975841274158,10968.620913004292,21677.155364300736
2026-04-04 07:45:00+00:00,21584.407325774395,17329.156681523564,15802.898967454652,19327.253558682052,23815.379082287276,10968.620913004292,21686.56966544142
2026-04-04 07:50:00+00:00,21574.407325774395,17319.156681523564,15802.898967454652,19317.253558682052,23815.379082287276,10968.620913004292,21676.56966544142
2026-04-04 07:55:00+00:00,21583.81887949242,17319.156681523564,15802.898967454652,19317.253558682052,23824.779420764266,10968.620913004292,21685.981219159446
2026-04-04 08:00:00+00:00,21593.22867552892,17328.566477560064,15802.898967454652,19326.663354718552,23824.779420764266,10968.620913004292,21695.391015195943
2026-04-04 08:05:00+00:00,21583.22867552892,17318.566477560064,15802.898967454652,19316.663354718552,23814.779420764266,10968.620913004292,21685.391015195943
2026-04-04 08:10:00+00:00,21583.22867552892,17318.566477560064,15802.898967454652,19316.663354718552,23824.183762326436,10968.620913004292,21685.391015195943
2026-04-04 08:15:00+00:00,21592.64313767577,17327.98093970691,15802.898967454652,19326.0778168654,23824.183762326436,10968.620913004292,21694.805477342794
2026-04-04 08:20:00+00:00,21582.64313767577,17327.98093970691,15802.898967454652,19326.0778168654,23824.183762326436,10968.620913004292,21684.805477342794
2026-04-04 08:25:00+00:00,21592.05685551805,17327.98093970691,15802.898967454652,19326.0778168654,23824.183762326436,10968.620913004292,21694.219195185073
2026-04-04 08:30:00+00:00,21601.452859084442,17337.376943273306,15802.898967454652,19335.4738204318,23833.577708407473,10968.620913004292,21703.615198751468
2026-04-04 08:35:00+00:00,21610.860438364325,17346.784522553186,15802.898967454652,19344.88139971168,23833.577708407473,10968.620913004292,21713.02277803135
2026-04-04 08:40:00+00:00,21610.860438364325,17346.784522553186,15802.898967454652,19344.88139971168,23833.577708407473,10968.620913004292,21713.02277803135
2026-04-04 08:45:00+00:00,21610.860438364325,17356.19682422376,15802.898967454652,19344.88139971168,23833.577708407473,10968.620913004292,21722.43507970192
2026-04-04 08:50:00+00:00,21620.269502866562,17365.605888725997,15802.898967454652,19354.29046421392,23842.981871096996,10968.620913004292,21731.84414420416
2026-04-04 08:55:00+00:00,21629.676832796933,17365.605888725997,15802.898967454652,19354.29046421392,23842.981871096996,10968.620913004292,21741.25147413453
2026-04-04 09:00:00+00:00,21639.089725844377,17365.605888725997,15802.898967454652,19354.29046421392,23842.981871096996,10968.620913004292,21750.664367181973
2026-04-04 09:05:00+00:00,21648.49088875716,17375.00705163878,15802.898967454652,19363.691627126696,23852.37774289491,10968.620913004292,21760.065530094755
2026-04-04 09:10:00+00:00,21657.901080927608,17375.00705163878,15802.898967454652,19363.691627126696,23852.37774289491,10968.620913004292,21769.475722265204
2026-04-04 09:15:00+00:00,21647.901080927608,17375.00705163878,15802.898967454652,19363.691627126696,23852.37774289491,10968.620913004292,21759.475722265204
2026-04-04 09:20:00+00:00,21657.30910996748,17375.00705163878,15802.898967454652,19363.691627126696,23861.780834362817,10968.620913004292,21768.883751305075
2026-04-04 09:25:00+00:00,21647.30910996748,17384.42240598993,15802.898967454652,19363.691627126696,23861.780834362817,10968.620913004292,21758.883751305075
2026-04-04 09:30:00+00:00,21656.723392015767,17393.836688038224,15802.898967454652,19373.105909174992,23861.780834362817,10968.620913004292,21768.298033353363
2026-04-04 09:35:00+00:00,21666.138252729586,17393.836688038224,15802.898967454652,19373.105909174992,23861.780834362817,10968.620913004292,21777.712894067183
2026-04-04 09:40:00+00:00,21675.54544103211,17393.836688038224,15802.898967454652,19373.105909174992,23861.780834362817,10968.620913004292,21787.120082369707
2026-04-04 09:45:00+00:00,21684.959897717516,17393.836688038224,15802.898967454652,19373.105909174992,23861.780834362817,10968.620913004292,21796.534539055112
2026-04-04 09:50:00+00:00,21684.959897717516,17403.25254531347,15802.898967454652,19373.105909174992,23861.780834362817,10968.620913004292,21805.950396330358
2026-04-04 09:55:00+00:00,21684.959897717516,17403.25254531347,15802.898967454652,19373.105909174992,23861.780834362817,10968.620913004292,21805.950396330358
2026-04-04 10:00:00+00:00,21674.959897717516,17393.25254531347,15802.898967454652,19363.105909174992,23861.780834362817,10968.620913004292,21795.950396330358
2026-04-04 10:05:00+00:00,21684.37388476611,17393.25254531347,15802.898967454652,19363.105909174992,23861.780834362817,10968.620913004292,21805.364383378954
2026-04-04 10:10:00+00:00,21693.771901616565,17402.650562163923,15802.898967454652,19372.503926025445,23871.179882438868,10968.620913004292,21814.762400229407
2026-04-04 10:15:00+00:00,21703.180280708984,17402.650562163923,15802.898967454652,19372.503926025445,23871.179882438868,10968.620913004292,21824.170779321823
2026-04-04 10:20:00+00:00,21712.58812926065,17412.058410715592,15802.898967454652,19381.91177457711,23871.179882438868,10968.620913004292,21833.57862787349
2026-04-04 10:25:00+00:00,21722.000988708416,17421.471270163358,15802.898967454652,19391.32463402488,23871.179882438868,10968.620913004292,21842.99148732126
2026-04-04 10:30:00+00:00,21731.41251431233,17421.471270163358,15802.898967454652,19391.32463402488,23871.179882438868,10968.620913004292,21852.403012925173
2026-04-04 10:35:00+00:00,21740.82656126748,17421.471270163358,15802.898967454652,19391.32463402488,23880.575325100308,10968.620913004292,21861.81705988032
2026-04-04 10:40:00+00:00,21750.224060514323,17430.868769410205,15802.898967454652,19400.722133271724,23889.97091983944,10968.620913004292,21871.214559127166
2026-04-04 10:45:00+00:00,21759.638645477993,17440.28335437387,15802.898967454652,19410.13671823539,23899.36600895504,10968.620913004292,21880.62914409083
2026-04-04 10:50:00+00:00,21769.048475037853,17440.28335437387,15802.898967454652,19410.13671823539,23899.36600895504,10968.620913004292,21890.03897365069
2026-04-04 10:55:00+00:00,21778.460957933567,17440.28335437387,15802.898967454652,19410.13671823539,23899.36600895504,10968.620913004292,21899.451456546405
2026-04-04 11:00:00+00:00,21787.858357861878,17440.28335437387,15802.898967454652,19410.13671823539,23899.36600895504,10968.620913004292,21908.848856474717
2026-04-04 11:05:00+00:00,21777.858357861878,17440.28335437387,15802.898967454652,19410.13671823539,23899.36600895504,10968.620913004292,21898.848856474717
2026-04-04 11:10:00+00:00,21777.858357861878,17440.28335437387,15802.898967454652,19410.13671823539,23908.767639694634,10968.620913004292,21898.848856474717
2026-04-04 11:15:00+00:00,21787.255274792355,17449.680271304347,15802.898967454652,19419.533635165866,23918.159187883874,10968.620913004292,21908.245773405193
2026-04-04 11:20:00+00:00,21777.255274792355,17449.680271304347,15802.898967454652,19419.533635165866,23918.159187883874,10968.620913004292,21898.245773405193
2026-04-04 11:25:00+00:00,21777.255274792355,17439.680271304347,15802.898967454652,19419.533635165866,23918.159187883874,10968.620913004292,21888.245773405193
2026-04-04 11:30:00+00:00,21786.66995620555,17449.095408805275,15802.898967454652,19428.948316579063,23927.557347975555,10968.620913004292,21897.66045481839
2026-04-04 11:35:00+00:00,21796.085396816976,17458.510849416703,15802.898967454652,19438.36375719049,23927.557347975555,10968.620913004292,21907.075895429818
2026-04-04 11:40:00+00:00,21805.49712965679,17467.922582256517,15802.898967454652,19447.775490030304,23936.95151924508,10968.620913004292,21916.48762826963
2026-04-04 11:45:00+00:00,21814.89913139874,17457.922582256517,15802.898967454652,19447.775490030304,23936.95151924508,10968.620913004292,21925.88963001158
2026-04-04 11:50:00+00:00,21804.89913139874,17447.922582256517,15802.898967454652,19437.775490030304,23936.95151924508,10968.620913004292,21915.88963001158
2026-04-04 11:55:00+00:00,21794.89913139874,17437.922582256517,15802.898967454652,19427.775490030304,23936.95151924508,10968.620913004292,21905.88963001158
2026-04-04 12:00:00+00:00,21804.30558885711,17447.32903971489,15802.898967454652,19437.181947488672,23936.95151924508,10968.620913004292,21915.29608746995
2026-04-04 12:05:00+00:00,21813.710164694327,17447.32903971489,15802.898967454652,19437.181947488672,23946.356134539074,10968.620913004292,21924.700663307165
2026-04-04 12:10:00+00:00,21823.114833080996,17456.73374370361,15802.898967454652,19446.58661587534,23955.759620406257,10968.620913004292,21934.105331693834
2026-04-04 12:15:00+00:00,21832.52906415442,17456.73374370361,15802.898967454652,19446.58661587534,23955.759620406257,10968.620913004292,21943.519562767262
2026-04-04 12:20:00+00:00,21822.52906415442,17446.73374370361,15802.898967454652,19436.58661587534,23955.759620406257,10968.620913004292,21933.519562767262
2026-04-04 12:25:00+00:00,21831.93646964417,17446.73374370361,15802.898967454652,19436.58661587534,23955.759620406257,10968.620913004292,21942.92696825701
2026-04-04 12:30:00+00:00,21841.351097752755,17456.148379732113,15802.898967454652,19446.001243983927,23955.759620406257,10968.620913004292,21952.341596365597
2026-04-04 12:35:00+00:00,21850.76599314824,17456.148379732113,15802.898967454652,19446.001243983927,23955.759620406257,10968.620913004292,21961.75649176108
2026-04-04 12:40:00+00:00,21860.180569758704,17465.562956342575,15802.898967454652,19455.415820594393,23965.16207351504,10968.620913004292,21971.171068371543
2026-04-04 12:45:00+00:00,21869.58756132343,17474.969947907302,15802.898967454652,19464.822812159116,23974.558320286058,10968.620913004292,21980.57805993627
2026-04-04 12:50:00+00:00,21878.997236495758,17484.37962307963,15802.898967454652,19474.232487331446,23974.558320286058,10968.620913004292,21989.987735108596
2026-04-04 12:55:00+00:00,21888.408420594573,17484.37962307963,15802.898967454652,19474.232487331446,23974.558320286058,10968.620913004292,21999.398919207415
2026-04-04 13:00:00+00:00,21897.818967312014,17493.790189064268,15802.898967454652,19483.643034048888,23974.558320286058,10968.620913004292,22008.809465924853
2026-04-04 13:05:00+00:00,21887.818967312014,17483.790189064268,15802.898967454652,19473.643034048888,23974.558320286058,10968.620913004292,21998.809465924853
2026-04-04 13:10:00+00:00,21877.818967312014,17483.790189064268,15802.898967454652,19473.643034048888,23974.558320286058,10968.620913004292,21988.809465924853
2026-04-04 13:15:00+00:00,21867.818967312014,17483.790189064268,15802.898967454652,19473.643034048888,23974.558320286058,10968.620913004292,21978.809465924853
2026-04-04 13:20:00+00:00,21877.220857741333,17493.192079493587,15802.898967454652,19483.044924478207,23983.95872448317,10968.620913004292,21988.21135635417
2026-04-04 13:25:00+00:00,21886.62918118285,17483.192079493587,15802.898967454652,19483.044924478207,23983.95872448317,10968.620913004292,21997.619679795687
2026-04-04 13:30:00+00:00,21886.62918118285,17483.192079493587,15802.898967454652,19483.044924478207,23983.95872448317,10968.620913004292,21997.619679795687
2026-04-04 13:35:00+00:00,21895.976383889174,17492.539282199912,15812.233660324744,19492.3796173483,23993.299246610477,10968.620913004292,22006.966882502016
2026-04-04 13:40:00+00:00,21905.383866806293,17492.539282199912,15812.233660324744,19492.3796173483,23993.299246610477,10968.620913004292,22016.374365419135
2026-04-04 13:45:00+00:00,21914.782304380886,17492.539282199912,15812.233660324744,19492.3796173483,24002.697834532904,10968.620913004292,22025.772802993728
2026-04-04 13:50:00+00:00,21924.192880154504,17501.95461030926,15812.233660324744,19501.790193121917,24012.08912383428,10968.620913004292,22035.183378767346
2026-04-04 13:55:00+00:00,21914.192880154504,17491.95461030926,15812.233660324744,19491.790193121917,24002.08912383428,10968.620913004292,22025.183378767346
2026-04-04 14:00:00+00:00,21923.599059839413,17501.36078999417,15812.233660324744,19501.196372806826,24011.489646238013,10968.620913004292,22034.589558452255
2026-04-04 14:05:00+00:00,21913.599059839413,17491.36078999417,15812.233660324744,19491.196372806826,24011.489646238013,10968.620913004292,22024.589558452255
2026-04-04 14:10:00+00:00,21923.00799144394,17491.36078999417,15812.233660324744,19491.196372806826,24011.489646238013,10968.620913004292,22033.99849005678
2026-04-04 14:15:00+00:00,21932.41899710078,17491.36078999417,15812.233660324744,19491.196372806826,24011.489646238013,10968.620913004292,22043.409495713622
2026-04-04 14:20:00+00:00,21941.833237272444,17500.775030165834,15812.233660324744,19500.61061297849,24011.489646238013,10968.620913004292,22052.823735885286
2026-04-04 14:25:00+00:00,21931.833237272444,17490.775030165834,15812.233660324744,19490.61061297849,24011.489646238013,10968.620913004292,22042.823735885286
2026-04-04 14:30:00+00:00,21941.242372422465,17490.775030165834,15812.233660324744,19490.61061297849,24011.489646238013,10968.620913004292,22052.232871035307
2026-04-04 14:35:00+00:00,21931.242372422465,17500.19166753388,15812.233660324744,19490.61061297849,24020.84993722691,10968.620913004292,22042.232871035307
2026-04-04 14:40:00+00:00,21921.242372422465,17500.19166753388,15812.233660324744,19490.61061297849,24010.84993722691,10968.620913004292,22032.232871035307
2026-04-04 14:45:00+00:00,21930.634575323547,17500.19166753388,15812.233660324744,19490.61061297849,24020.245961382425,10968.620913004292,22041.62507393639
2026-04-04 14:50:00+00:00,21920.634575323547,17509.607875518384,15812.233660324744,19490.61061297849,24020.245961382425,10968.620913004292,22031.62507393639
2026-04-04 14:55:00+00:00,21930.049838610954,17519.023138805795,15812.233660324744,19500.025876265896,24029.648049428524,10968.620913004292,22041.040337223796
2026-04-04 15:00:00+00:00,21939.449106146578,17528.422406341415,15812.233660324744,19509.42514380152,24029.648049428524,10968.620913004292,22050.43960475942
2026-04-04 15:05:00+00:00,21948.840682870305,17528.422406341415,15812.233660324744,19509.42514380152,24039.051184818323,10968.620913004292,22059.831181483147
2026-04-04 15:10:00+00:00,21938.840682870305,17518.422406341415,15821.598159999161,19499.42514380152,24048.442709512732,10978.009337887821,22049.831181483147
2026-04-04 15:15:00+00:00,21948.250529070123,17518.422406341415,15821.598159999161,19499.42514380152,24057.84496315076,10978.009337887821,22059.24102768296
2026-04-04 15:20:00+00:00,21938.250529070123,17508.422406341415,15821.598159999161,19489.42514380152,24047.84496315076,10978.009337887821,22049.24102768296
2026-04-04 15:25:00+00:00,21947.647537296347,17517.81941456764,15821.598159999161,19498.822152027744,24057.23477189217,10978.009337887821,22058.638035909185
2026-04-04 15:30:00+00:00,21957.059165111874,17517.81941456764,15821.598159999161,19498.822152027744,24057.23477189217,10978.009337887821,22068.049663724712
2026-04-04 15:35:00+00:00,21966.46702641732,17527.227275873087,15821.598159999161,19508.23001333319,24066.638867243702,10978.009337887821,22077.45752503016
2026-04-04 15:40:00+00:00,21975.86947158394,17536.629721039706,15821.598159999161,19517.63245849981,24066.638867243702,10978.009337887821,22086.859970196783
2026-04-04 15:45:00+00:00,21965.86947158394,17526.629721039706,15821.598159999161,19507.63245849981,24066.638867243702,10978.009337887821,22076.859970196783
2026-04-04 15:50:00+00:00,21965.86947158394,17526.629721039706,15821.598159999161,19507.63245849981,24066.638867243702,10978.009337887821,22076.859970196783
2026-04-04 15:55:00+00:00,21975.28490939195,17536.045158847715,15821.598159999161,19517.04789630782,24076.031345599855,10978.009337887821,22086.27540800479
2026-04-04 16:00:00+00:00,21984.685548020032,17536.045158847715,15821.598159999161,19517.04789630782,24085.430897161154,10978.009337887821,22095.67604663287
2026-04-04 16:05:00+00:00,21974.685548020032,17536.045158847715,15821.598159999161,19517.04789630782,24085.430897161154,10978.009337887821,22085.67604663287
2026-04-04 16:10:00+00:00,21984.099554493976,17545.45916532166,15821.598159999161,19526.461902781764,24085.430897161154,10978.009337887821,22095.09005310682
2026-04-04 16:15:00+00:00,21993.48543947555,17545.45916532166,15821.598159999161,19526.461902781764,24085.430897161154,10978.009337887821,22104.47593808839
2026-04-04 16:20:00+00:00,21983.48543947555,17535.45916532166,15821.598159999161,19516.461902781764,24085.430897161154,10978.009337887821,22094.47593808839
2026-04-04 16:25:00+00:00,21992.876530454756,17535.45916532166,15821.598159999161,19516.461902781764,24094.82264541975,10978.009337887821,22103.8670290676
2026-04-04 16:30:00+00:00,22002.272956531146,17544.855591398053,15821.598159999161,19525.858328858154,24104.211902271676,10978.009337887821,22113.263455143988
2026-04-04 16:35:00+00:00,22011.677113598955,17544.855591398053,15830.971012919199,19535.231181778192,24113.585925083564,10978.009337887821,22122.667612211797
2026-04-04 16:40:00+00:00,22001.677113598955,17544.855591398053,15830.971012919199,19535.231181778192,24122.98000054578,10978.009337887821,22112.667612211797
2026-04-04 16:45:00+00:00,22011.077569438574,17544.855591398053,15830.971012919199,19535.231181778192,24132.380540721886,10978.009337887821,22122.068068051412
2026-04-04 16:50:00+00:00,22020.4916725733,17544.855591398053,15830.971012919199,19535.231181778192,24132.380540721886,10978.009337887821,22131.48217118614
2026-04-04 16:55:00+00:00,22010.4916725733,17534.855591398053,15830.971012919199,19525.231181778192,24141.7745793273,10978.009337887821,22121.48217118614
2026-04-04 17:00:00+00:00,22019.879398851437,17544.243317676188,15840.347818506445,19534.607987365438,24151.15654179101,10978.009337887821,22130.869897464276
2026-04-04 17:05:00+00:00,22029.29009942501,17544.243317676188,15840.347818506445,19534.607987365438,24151.15654179101,10978.009337887821,22140.280598037847
2026-04-04 17:10:00+00:00,22038.697425910806,17544.243317676188,15840.347818506445,19534.607987365438,24160.559000008605,10978.009337887821,22149.68792452365
2026-04-04 17:15:00+00:00,22048.11086013091,17544.243317676188,15840.347818506445,19534.607987365438,24150.559000008605,10978.009337887821,22159.10135874375
2026-04-04 17:20:00+00:00,22057.521022319685,17553.653479864963,15840.347818506445,19544.018149554213,24159.960049681773,10978.009337887821,22168.511520932527
2026-04-04 17:25:00+00:00,22047.521022319685,17553.653479864963,15840.347818506445,19544.018149554213,24159.960049681773,10978.009337887821,22158.511520932527
2026-04-04 17:30:00+00:00,22047.521022319685,17553.653479864963,15840.347818506445,19544.018149554213,24159.960049681773,10978.009337887821,22158.511520932527
2026-04-04 17:35:00+00:00,22056.921118022907,17563.053575568185,15840.347818506445,19553.418245257435,24169.361204616718,10978.009337887821,22167.91161663575
2026-04-04 17:40:00+00:00,22046.921118022907,17563.053575568185,15840.347818506445,19553.418245257435,24169.361204616718,10978.009337887821,22157.91161663575
2026-04-04 17:45:00+00:00,22036.921118022907,17563.053575568185,15840.347818506445,19553.418245257435,24169.361204616718,10978.009337887821,22147.91161663575
2026-04-04 17:50:00+00:00,22046.334436536083,17563.053575568185,15840.347818506445,19553.418245257435,24169.361204616718,10978.009337887821,22157.32493514892
2026-04-04 17:55:00+00:00,22036.334436536083,17553.053575568185,15840.347818506445,19543.418245257435,24169.361204616718,10978.009337887821,22147.32493514892
2026-04-04 18:00:00+00:00,22045.745030508824,17553.053575568185,15840.347818506445,19543.418245257435,24178.758847941757,10978.009337887821,22156.735529121666
2026-04-04 18:05:00+00:00,22035.745030508824,17553.053575568185,15840.347818506445,19543.418245257435,24178.758847941757,10978.009337887821,22146.735529121666
2026-04-04 18:10:00+00:00,22035.745030508824,17553.053575568185,15840.347818506445,19543.418245257435,24178.758847941757,10978.009337887821,22146.735529121666
2026-04-04 18:15:00+00:00,22045.146747443523,17562.455292502884,15840.347818506445,19552.819962192134,24188.155805638613,10978.009337887821,22156.137246056365
2026-04-04 18:20:00+00:00,22035.146747443523,17552.455292502884,15840.347818506445,19542.819962192134,24188.155805638613,10978.009337887821,22146.137246056365
2026-04-04 18:25:00+00:00,22044.55582814366,17552.455292502884,15840.347818506445,19542.819962192134,24188.155805638613,10978.009337887821,22155.5463267565
2026-04-04 18:30:00+00:00,22053.96515595574,17552.455292502884,15840.347818506445,19542.819962192134,24197.554681956506,10978.009337887821,22164.95565456858
2026-04-04 18:35:00+00:00,22063.371400703352,17552.455292502884,15840.347818506445,19542.819962192134,24197.554681956506,10978.009337887821,22174.361899316194
2026-04-04 18:40:00+00:00,22072.78627019273,17552.455292502884,15840.347818506445,19542.819962192134,24197.554681956506,10978.009337887821,22183.77676880557
2026-04-04 18:45:00+00:00,22082.199299805012,17552.455292502884,15840.347818506445,19542.819962192134,24197.554681956506,10978.009337887821,22193.18979841785
2026-04-04 18:50:00+00:00,22072.199299805012,17552.455292502884,15840.347818506445,19542.819962192134,24206.94268318137,10978.009337887821,22183.18979841785
2026-04-04 18:55:00+00:00,22081.609825617066,17561.865818314942,15840.347818506445,19552.230488004192,24216.343551171864,10978.009337887821,22192.60032422991
2026-04-04 19:00:00+00:00,22091.010406132205,17571.266398830077,15840.347818506445,19561.63106851933,24225.731796393382,10978.009337887821,22202.000904745044
2026-04-04 19:05:00+00:00,22100.42305779993,17571.266398830077,15840.347818506445,19561.63106851933,24235.132558476187,10978.009337887821,22211.413556412772
2026-04-04 19:10:00+00:00,22109.827565859436,17580.670906889583,15840.347818506445,19571.035576578834,24244.536078097604,10978.009337887821,22220.818064472274
2026-04-04 19:15:00+00:00,22119.201829947247,17590.045170977395,15849.719013752065,19580.406771824455,24253.909038861166,10978.009337887821,22230.192328560086
2026-04-04 19:20:00+00:00,22128.60912116924,17599.452462199388,15849.719013752065,19589.814063046448,24263.309356163212,10978.009337887821,22239.59961978208
2026-04-04 19:25:00+00:00,22138.016678493193,17608.860019523345,15849.719013752065,19599.2216203704,24272.71282019688,10978.009337887821,22249.007177106036
2026-04-04 19:30:00+00:00,22147.42229748539,17618.26563851554,15849.719013752065,19608.6272393626,24282.11490571231,10978.009337887821,22258.41279609823
2026-04-04 19:35:00+00:00,22156.83682619714,17618.26563851554,15849.719013752065,19608.6272393626,24291.516453606135,10978.009337887821,22267.82732480998
2026-04-04 19:40:00+00:00,22166.232617630998,17627.661429949396,15849.719013752065,19618.023030796452,24300.90581721023,10978.009337887821,22277.22311624384
2026-04-04 19:45:00+00:00,22175.64635762811,17627.661429949396,15849.719013752065,19618.023030796452,24300.90581721023,10978.009337887821,22286.63685624095
2026-04-04 19:50:00+00:00,22185.05709514136,17637.072167462644,15849.719013752065,19627.433768309704,24300.90581721023,10978.009337887821,22296.0475937542
2026-04-04 19:55:00+00:00,22194.46836117434,17646.48343349562,15849.719013752065,19636.84503434268,24310.304539637844,10978.009337887821,22305.458859787177
2026-04-04 20:00:00+00:00,22203.882004472427,17646.48343349562,15849.719013752065,19636.84503434268,24319.705946091475,10978.009337887821,22314.87250308527
2026-04-04 20:05:00+00:00,22213.28468396436,17655.886112987555,15849.719013752065,19646.247713834615,24329.110263612383,10978.009337887821,22324.2751825772
2026-04-04 20:10:00+00:00,22213.28468396436,17655.886112987555,15849.719013752065,19646.247713834615,24329.110263612383,10978.009337887821,22324.2751825772
2026-04-04 20:15:00+00:00,22222.69114331538,17665.292572338574,15849.719013752065,19655.654173185634,24338.515272002387,10978.009337887821,22333.68164192822
2026-04-04 20:20:00+00:00,22222.69114331538,17665.292572338574,15849.719013752065,19655.654173185634,24338.515272002387,10978.009337887821,22333.68164192822
2026-04-04 20:25:00+00:00,22212.69114331538,17674.707791919413,15849.719013752065,19655.654173185634,24338.515272002387,10978.009337887821,22323.68164192822
2026-04-04 20:30:00+00:00,22222.105662929665,17674.707791919413,15849.719013752065,19655.654173185634,24338.515272002387,10978.009337887821,22333.096161542504
2026-04-04 20:35:00+00:00,22212.105662929665,17664.707791919413,15849.719013752065,19645.654173185634,24338.515272002387,10978.009337887821,22323.096161542504
2026-04-04 20:40:00+00:00,22202.105662929665,17654.707791919413,15849.719013752065,19635.654173185634,24338.515272002387,10978.009337887821,22313.096161542504
2026-04-04 20:45:00+00:00,22211.51610720004,17664.118236189788,15849.719013752065,19645.06461745601,24347.914620073898,10978.009337887821,22322.506605812883
2026-04-04 20:50:00+00:00,22220.930345781184,17673.53247477093,15849.719013752065,19654.478856037153,24347.914620073898,10978.009337887821,22331.920844394022
2026-04-04 20:55:00+00:00,22230.34341189803,17673.53247477093,15849.719013752065,19654.478856037153,24347.914620073898,10978.009337887821,22341.33391051087
2026-04-04 21:00:00+00:00,22230.34341189803,17673.53247477093,15849.719013752065,19654.478856037153,24347.914620073898,10978.009337887821,22341.33391051087
2026-04-04 21:05:00+00:00,22220.34341189803,17663.53247477093,15849.719013752065,19644.478856037153,24347.914620073898,10978.009337887821,22331.33391051087
2026-04-04 21:10:00+00:00,22229.755784535035,17672.944847407933,15849.719013752065,19653.891228674154,24357.316852269832,10978.009337887821,22340.746283147877
2026-04-04 21:15:00+00:00,22239.170088781204,17672.944847407933,15849.719013752065,19653.891228674154,24366.711656414067,10978.009337887821,22350.160587394043
2026-04-04 21:20:00+00:00,22248.578432562354,17662.944847407933,15849.719013752065,19653.891228674154,24366.711656414067,10978.009337887821,22359.568931175192
2026-04-04 21:25:00+00:00,22257.993891740756,17672.360312195084,15849.719013752065,19663.306687852557,24366.711656414067,10978.009337887821,22368.984390353595
2026-04-04 21:30:00+00:00,22247.993891740756,17662.360312195084,15849.719013752065,19653.306687852557,24366.711656414067,10978.009337887821,22358.984390353595
2026-04-04 21:35:00+00:00,22257.407486861834,17662.360312195084,15849.719013752065,19653.306687852557,24376.102426368816,10978.009337887821,22368.397985474676
2026-04-04 21:40:00+00:00,22266.8209237519,17662.360312195084,15849.719013752065,19653.306687852557,24376.102426368816,10978.009337887821,22377.811422364743
2026-04-04 21:45:00+00:00,22256.8209237519,17662.360312195084,15849.719013752065,19653.306687852557,24376.102426368816,10978.009337887821,22367.811422364743
2026-04-04 21:50:00+00:00,22246.8209237519,17662.360312195084,15849.719013752065,19653.306687852557,24385.498975501312,10978.009337887821,22357.811422364743
2026-04-04 21:55:00+00:00,22256.230609837243,17662.360312195084,15849.719013752065,19653.306687852557,24394.89573591348,10978.009337887821,22367.22110845008
2026-04-04 22:00:00+00:00,22265.640869153503,17662.360312195084,15849.719013752065,19653.306687852557,24404.296180579804,10978.009337887821,22376.631367766346
2026-04-04 22:05:00+00:00,22255.640869153503,17662.360312195084,15849.719013752065,19653.306687852557,24404.296180579804,10978.009337887821,22366.631367766346
2026-04-04 22:10:00+00:00,22245.640869153503,17662.360312195084,15849.719013752065,19653.306687852557,24404.296180579804,10978.009337887821,22356.631367766346
2026-04-04 22:15:00+00:00,22255.048664334427,17671.768107376003,15849.719013752065,19662.71448303348,24413.692285366295,10978.009337887821,22366.039162947265
2026-04-04 22:20:00+00:00,22245.048664334427,17661.768107376003,15849.719013752065,19652.71448303348,24403.692285366295,10978.009337887821,22356.039162947265
2026-04-04 22:25:00+00:00,22254.453022553225,17661.768107376003,15849.719013752065,19652.71448303348,24403.692285366295,10978.009337887821,22365.443521166068
2026-04-04 22:30:00+00:00,22263.867378518185,17661.768107376003,15849.719013752065,19652.71448303348,24413.085628853645,10978.009337887821,22374.857877131028
2026-04-04 22:35:00+00:00,22263.867378518185,17651.768107376003,15849.719013752065,19652.71448303348,24413.085628853645,10978.009337887821,22364.857877131028
2026-04-04 22:40:00+00:00,22273.279822987744,17651.768107376003,15849.719013752065,19652.71448303348,24413.085628853645,10978.009337887821,22374.270321600583
2026-04-04 22:45:00+00:00,22282.67372129234,17661.1620056806,15849.719013752065,19662.108381338076,24422.47018005733,10978.009337887821,22383.66421990518
2026-04-04 22:50:00+00:00,22292.084759378668,17670.573043766926,15849.719013752065,19671.519419424403,24422.47018005733,10978.009337887821,22393.075257991506
2026-04-04 22:55:00+00:00,22301.49762896919,17670.573043766926,15849.719013752065,19671.519419424403,24422.47018005733,10978.009337887821,22402.48812758203
2026-04-04 23:00:00+00:00,22310.909386862968,17679.984801660707,15849.719013752065,19680.93117731818,24431.873920164864,10978.009337887821,22411.89988547581
2026-04-04 23:05:00+00:00,22300.909386862968,17669.984801660707,15849.719013752065,19670.93117731818,24421.873920164864,10978.009337887821,22401.89988547581
2026-04-04 23:10:00+00:00,22310.32356792417,17669.984801660707,15849.719013752065,19670.93117731818,24421.873920164864,10978.009337887821,22411.314066537012
2026-04-04 23:15:00+00:00,22300.32356792417,17669.984801660707,15849.719013752065,19670.93117731818,24421.873920164864,10978.009337887821,22401.314066537012
2026-04-04 23:20:00+00:00,22309.729579264993,17679.390813001526,15849.719013752065,19680.337188659003,24431.278843252316,10978.009337887821,22410.720077877835
2026-04-04 23:25:00+00:00,22309.729579264993,17679.390813001526,15849.719013752065,19680.337188659003,24431.278843252316,10978.009337887821,22410.720077877835
2026-04-04 23:30:00+00:00,22309.729579264993,17679.390813001526,15849.719013752065,19680.337188659003,24431.278843252316,10978.009337887821,22410.720077877835
2026-04-04 23:35:00+00:00,22319.142783421623,17688.80109874433,15849.719013752065,19689.750392815633,24431.278843252316,10978.009337887821,22420.133282034465
2026-04-04 23:40:00+00:00,22309.142783421623,17688.80109874433,15849.719013752065,19689.750392815633,24440.658130256656,10978.009337887821,22410.133282034465
2026-04-04 23:45:00+00:00,22318.55469541809,17688.80109874433,15849.719013752065,19689.750392815633,24450.05909631202,10978.009337887821,22419.545194030932
2026-04-04 23:50:00+00:00,22327.956602698898,17698.20304929641,15849.719013752065,19699.152300096437,24459.45956636024,10978.009337887821,22428.947101311736
2026-04-04 23:55:00+00:00,22337.37069404278,17698.20304929641,15849.719013752065,19699.152300096437,24459.45956636024,10978.009337887821,22438.36119265562
2026-04-05 00:00:00+00:00,22337.37069404278,17698.20304929641,15849.719013752065,19699.152300096437,24459.45956636024,10978.009337887821,22438.36119265562
2026-04-05 00:05:00+00:00,22346.779212085665,17707.6115673393,15849.719013752065,19708.560818139325,24459.45956636024,10978.009337887821,22447.769710698507
2026-04-05 00:10:00+00:00,22336.779212085665,17707.6115673393,15849.719013752065,19708.560818139325,24459.45956636024,10978.009337887821,22437.769710698507
2026-04-05 00:15:00+00:00,22346.194695774066,17707.6115673393,15849.719013752065,19708.560818139325,24459.45956636024,10978.009337887821,22447.185194386904
2026-04-05 00:20:00+00:00,22355.606614260836,17717.02348582607,15849.719013752065,19717.972736626096,24459.45956636024,10978.009337887821,22456.59711287368
2026-04-05 00:25:00+00:00,22345.606614260836,17707.02348582607,15849.719013752065,19707.972736626096,24459.45956636024,10978.009337887821,22446.59711287368
2026-04-05 00:30:00+00:00,22345.606614260836,17707.02348582607,15849.719013752065,19707.972736626096,24459.45956636024,10978.009337887821,22446.59711287368
2026-04-05 00:35:00+00:00,22354.99817135287,17707.02348582607,15849.719013752065,19707.972736626096,24459.45956636024,10978.009337887821,22455.98866996571
2026-04-05 00:40:00+00:00,22344.99817135287,17697.02348582607,15849.719013752065,19697.972736626096,24459.45956636024,10978.009337887821,22445.98866996571
2026-04-05 00:45:00+00:00,22354.4041259489,17706.430274746628,15849.719013752065,19707.378691222126,24459.45956636024,10978.009337887821,22455.39462456174
2026-04-05 00:50:00+00:00,22363.818705365782,17715.835160063594,15849.719013752065,19716.79327063901,24468.861995574196,10978.009337887821,22464.809203978624
2026-04-05 00:55:00+00:00,22353.818705365782,17705.835160063594,15849.719013752065,19706.79327063901,24458.861995574196,10978.009337887821,22454.809203978624
2026-04-05 01:00:00+00:00,22343.818705365782,17695.835160063594,15849.719013752065,19696.79327063901,24468.235678861707,10978.009337887821,22444.809203978624
2026-04-05 01:05:00+00:00,22353.23179177355,17705.232346115423,15849.719013752065,19706.206357046773,24477.638455894146,10978.009337887821,22454.222290386388
2026-04-05 01:10:00+00:00,22362.62438170334,17714.624936045217,15849.719013752065,19715.598946976563,24487.042975737873,10978.009337887821,22463.614880316178
2026-04-05 01:15:00+00:00,22372.040018313484,17714.624936045217,15849.719013752065,19715.598946976563,24487.042975737873,10978.009337887821,22473.030516926323
2026-04-05 01:20:00+00:00,22362.040018313484,17714.624936045217,15849.719013752065,19715.598946976563,24496.43928356521,10978.009337887821,22463.030516926323
2026-04-05 01:25:00+00:00,22371.451353940756,17714.624936045217,15849.719013752065,19715.598946976563,24496.43928356521,10978.009337887821,22472.4418525536
2026-04-05 01:30:00+00:00,22380.865982783205,17724.031515075432,15849.719013752065,19725.01357581901,24505.839740676893,10978.009337887821,22481.856481396047
2026-04-05 01:35:00+00:00,22390.281649336528,17724.031515075432,15849.719013752065,19725.01357581901,24505.839740676893,10978.009337887821,22491.27214794937
2026-04-05 01:40:00+00:00,22399.69131965251,17724.031515075432,15849.719013752065,19725.01357581901,24515.242617680382,10978.009337887821,22500.68181826535
2026-04-05 01:45:00+00:00,22399.69131965251,17724.031515075432,15849.719013752065,19725.01357581901,24515.242617680382,10978.009337887821,22500.68181826535
2026-04-05 01:50:00+00:00,22399.69131965251,17724.031515075432,15849.719013752065,19725.01357581901,24515.242617680382,10978.009337887821,22500.68181826535
2026-04-05 01:55:00+00:00,22389.69131965251,17724.031515075432,15849.719013752065,19725.01357581901,24515.242617680382,10978.009337887821,22490.68181826535
2026-04-05 02:00:00+00:00,22399.086352382852,17733.410226442335,15859.097890470079,19734.392452537024,24524.619570638064,10978.009337887821,22500.076850995694
2026-04-05 02:05:00+00:00,22408.489807448474,17742.813681507956,15859.097890470079,19743.795907602645,24534.018815555435,10978.009337887821,22509.480306061312
2026-04-05 02:10:00+00:00,22398.489807448474,17742.813681507956,15859.097890470079,19743.795907602645,24534.018815555435,10978.009337887821,22499.480306061312
2026-04-05 02:15:00+00:00,22407.897364232493,17752.22123829197,15859.097890470079,19753.20346438666,24543.412659437876,10978.009337887821,22508.88786284533
2026-04-05 02:20:00+00:00,22417.296179208824,17761.620053268303,15859.097890470079,19762.602279362993,24552.814757855373,10978.009337887821,22518.286677821663
2026-04-05 02:25:00+00:00,22426.7040664175,17771.026960088995,15859.097890470079,19772.010166571672,24562.209902954386,10978.009337887821,22527.69456503034
2026-04-05 02:30:00+00:00,22436.115298111603,17771.026960088995,15859.097890470079,19772.010166571672,24562.209902954386,10978.009337887821,22537.10579672444
2026-04-05 02:35:00+00:00,22426.115298111603,17761.026960088995,15859.097890470079,19762.010166571672,24562.209902954386,10978.009337887821,22527.10579672444
2026-04-05 02:40:00+00:00,22426.115298111603,17761.026960088995,15859.097890470079,19762.010166571672,24562.209902954386,10978.009337887821,22527.10579672444
2026-04-05 02:45:00+00:00,22435.529880288093,17751.026960088995,15859.097890470079,19762.010166571672,24562.209902954386,10978.009337887821,22536.520378900932
2026-04-05 02:50:00+00:00,22444.944328503545,17760.435923277644,15859.097890470079,19771.424614787124,24562.209902954386,10978.009337887821,22545.934827116384
2026-04-05 02:55:00+00:00,22444.944328503545,17760.435923277644,15859.097890470079,19771.424614787124,24562.209902954386,10978.009337887821,22545.934827116384
2026-04-05 03:00:00+00:00,22454.359491731346,17769.84484663438,15859.097890470079,19780.839778014924,24562.209902954386,10978.009337887821,22555.349990344188
2026-04-05 03:05:00+00:00,22463.77450065789,17769.84484663438,15859.097890470079,19780.839778014924,24562.209902954386,10978.009337887821,22564.76499927073
2026-04-05 03:10:00+00:00,22453.77450065789,17769.84484663438,15859.097890470079,19780.839778014924,24571.60680549725,10978.009337887821,22554.76499927073
2026-04-05 03:15:00+00:00,22463.18993311147,17769.84484663438,15859.097890470079,19780.839778014924,24571.60680549725,10978.009337887821,22564.18043172431
2026-04-05 03:20:00+00:00,22472.601464387793,17779.254975384287,15859.097890470079,19790.25130929125,24571.60680549725,10978.009337887821,22573.591963000636
2026-04-05 03:25:00+00:00,22462.601464387793,17769.254975384287,15859.097890470079,19780.25130929125,24571.60680549725,10978.009337887821,22563.591963000636
2026-04-05 03:30:00+00:00,22472.012213236383,17778.665724232877,15859.097890470079,19789.66205813984,24580.999046711742,10978.009337887821,22573.002711849225
2026-04-05 03:35:00+00:00,22481.425489249323,17788.079000245816,15859.097890470079,19799.075334152778,24580.999046711742,10978.009337887821,22582.415987862165
2026-04-05 03:40:00+00:00,22490.835884156146,17797.489414841817,15859.097890470079,19808.4857290596,24580.999046711742,10978.009337887821,22591.826382768988
2026-04-05 03:45:00+00:00,22490.835884156146,17787.489414841817,15859.097890470079,19808.4857290596,24580.999046711742,10978.009337887821,22581.826382768988
2026-04-05 03:50:00+00:00,22480.835884156146,17777.489414841817,15859.097890470079,19798.4857290596,24580.999046711742,10978.009337887821,22571.826382768988
2026-04-05 03:55:00+00:00,22470.835884156146,17767.489414841817,15859.097890470079,19788.4857290596,24580.999046711742,10978.009337887821,22561.826382768988
2026-04-05 04:00:00+00:00,22460.835884156146,17757.489414841817,15859.097890470079,19778.4857290596,24580.999046711742,10978.009337887821,22551.826382768988
2026-04-05 04:05:00+00:00,22470.248312871183,17766.901857592224,15859.097890470079,19787.898157774638,24580.999046711742,10978.009337887821,22561.238811484025
2026-04-05 04:10:00+00:00,22479.65179892151,17766.901857592224,15859.097890470079,19787.898157774638,24590.40119856985,10978.009337887821,22570.642297534352
2026-04-05 04:15:00+00:00,22489.060693973952,17766.901857592224,15859.097890470079,19787.898157774638,24599.79362806508,10978.009337887821,22580.05119258679
2026-04-05 04:20:00+00:00,22498.472467723208,17766.901857592224,15859.097890470079,19787.898157774638,24599.79362806508,10978.009337887821,22589.462966336047
2026-04-05 04:25:00+00:00,22507.874020941737,17776.303410810753,15859.097890470079,19797.299710993175,24609.19716014421,10978.009337887821,22598.86451955458
2026-04-05 04:30:00+00:00,22517.278838546306,17776.303410810753,15859.097890470079,19797.299710993175,24609.19716014421,10978.009337887821,22608.269337159145
2026-04-05 04:35:00+00:00,22507.278838546306,17776.303410810753,15859.097890470079,19797.299710993175,24609.19716014421,10978.009337887821,22598.269337159145
2026-04-05 04:40:00+00:00,22516.693446494617,17776.303410810753,15859.097890470079,19797.299710993175,24609.19716014421,10978.009337887821,22607.683945107456
2026-04-05 04:45:00+00:00,22526.1015986145,17776.303410810753,15859.097890470079,19797.299710993175,24618.591280511893,10978.009337887821,22617.092097227338
2026-04-05 04:50:00+00:00,22526.1015986145,17776.303410810753,15859.097890470079,19797.299710993175,24618.591280511893,10978.009337887821,22617.092097227338
2026-04-05 04:55:00+00:00,22535.51417075278,17776.303410810753,15859.097890470079,19797.299710993175,24618.591280511893,10978.009337887821,22626.50466936562
2026-04-05 05:00:00+00:00,22544.919082495202,17785.708322553175,15859.097890470079,19806.704622735593,24627.99499920771,10978.009337887821,22635.90958110804
2026-04-05 05:05:00+00:00,22534.919082495202,17775.708322553175,15859.097890470079,19796.704622735593,24627.99499920771,10978.009337887821,22625.90958110804
2026-04-05 05:10:00+00:00,22524.919082495202,17785.116835220597,15859.097890470079,19796.704622735593,24637.38914545557,10978.009337887821,22615.90958110804
2026-04-05 05:15:00+00:00,22514.919082495202,17775.116835220597,15859.097890470079,19786.704622735593,24637.38914545557,10978.009337887821,22605.90958110804
2026-04-05 05:20:00+00:00,22504.919082495202,17775.116835220597,15859.097890470079,19786.704622735593,24637.38914545557,10978.009337887821,22595.90958110804
2026-04-05 05:25:00+00:00,22514.333816499515,17784.53204888386,15859.097890470079,19796.119356739906,24637.38914545557,10978.009337887821,22605.324315112353
2026-04-05 05:30:00+00:00,22523.749070339516,17793.94535811488,15859.097890470079,19805.534610579907,24637.38914545557,10978.009337887821,22614.739568952355
2026-04-05 05:35:00+00:00,22513.749070339516,17793.94535811488,15859.097890470079,19805.534610579907,24637.38914545557,10978.009337887821,22604.739568952355
2026-04-05 05:40:00+00:00,22523.16388818861,17803.358415427574,15859.097890470079,19814.949428429005,24637.38914545557,10978.009337887821,22614.154386801452
2026-04-05 05:45:00+00:00,22513.16388818861,17793.358415427574,15859.097890470079,19804.949428429005,24637.38914545557,10978.009337887821,22604.154386801452
2026-04-05 05:50:00+00:00,22522.554028036924,17802.748555275884,15868.488328001458,19814.339865960384,24646.769325503385,10978.009337887821,22613.544526649763
2026-04-05 05:55:00+00:00,22531.94516339227,17812.139690631233,15877.868376943692,19823.71991490262,24656.15330831564,10978.009337887821,22622.93566200511
2026-04-05 06:00:00+00:00,22521.94516339227,17812.139690631233,15877.868376943692,19823.71991490262,24646.15330831564,10978.009337887821,22612.93566200511
2026-04-05 06:05:00+00:00,22531.329521677908,17821.524048916872,15887.245437785947,19833.096975744873,24655.536055363882,10978.009337887821,22622.32002029075
2026-04-05 06:10:00+00:00,22540.712128762254,17830.91245389473,15887.245437785947,19842.47958282922,24664.93958398729,10978.009337887821,22631.702627375096
2026-04-05 06:15:00+00:00,22530.712128762254,17830.91245389473,15887.245437785947,19842.47958282922,24654.93958398729,10978.009337887821,22621.702627375096
2026-04-05 06:20:00+00:00,22540.122837236813,17830.91245389473,15887.245437785947,19842.47958282922,24664.34455328853,10978.009337887821,22631.11333584965
2026-04-05 06:25:00+00:00,22549.527577014607,17840.317193672523,15887.245437785947,19851.884322607013,24673.74807835576,10978.009337887821,22640.51807562745
2026-04-05 06:30:00+00:00,22558.922117608836,17849.711734266755,15887.245437785947,19861.27886320124,24683.141141930722,10978.009337887821,22649.912616221678
2026-04-05 06:35:00+00:00,22568.328036370236,17859.117653028155,15887.245437785947,19870.684781962642,24692.53801395681,10978.009337887821,22659.31853498308
2026-04-05 06:40:00+00:00,22568.328036370236,17859.117653028155,15887.245437785947,19870.684781962642,24692.53801395681,10978.009337887821,22659.31853498308
2026-04-05 06:45:00+00:00,22577.73708290169,17868.52669955961,15887.245437785947,19880.093828494097,24701.93510074345,10978.009337887821,22668.727581514533
2026-04-05 06:50:00+00:00,22567.73708290169,17858.52669955961,15887.245437785947,19870.093828494097,24701.93510074345,10978.009337887821,22658.727581514533
2026-04-05 06:55:00+00:00,22557.73708290169,17848.52669955961,15887.245437785947,19860.093828494097,24711.32353429361,10978.009337887821,22648.727581514533
2026-04-05 07:00:00+00:00,22567.128869866643,17857.918486524562,15887.245437785947,19869.48561545905,24720.712872947242,10978.009337887821,22658.119368479485
2026-04-05 07:05:00+00:00,22576.540087439636,17867.329721499937,15887.245437785947,19878.896833032042,24720.712872947242,10978.009337887821,22667.53058605248
2026-04-05 07:10:00+00:00,22566.540087439636,17857.329721499937,15887.245437785947,19868.896833032042,24710.712872947242,10978.009337887821,22657.53058605248
2026-04-05 07:15:00+00:00,22575.922371063145,17866.712005123445,15896.625611168067,19878.277006414166,24720.091804330877,10978.009337887821,22666.912869675987
2026-04-05 07:20:00+00:00,22585.33479308481,17876.124441199085,15896.625611168067,19887.689428435828,24720.091804330877,10978.009337887821,22676.32529169765
2026-04-05 07:25:00+00:00,22594.74582292445,17885.535471038726,15896.625611168067,19897.100458275472,24720.091804330877,10978.009337887821,22685.73632153729
2026-04-05 07:30:00+00:00,22604.152007808312,17894.941655922583,15896.625611168067,19906.50664315933,24729.494516805982,10978.009337887821,22695.14250642115
2026-04-05 07:35:00+00:00,22613.56603236484,17904.356023411743,15896.625611168067,19915.920667715858,24729.494516805982,10978.009337887821,22704.55653097768
2026-04-05 07:40:00+00:00,22622.9752890319,17913.765280078806,15896.625611168067,19925.329924382924,24738.8982001568,10978.009337887821,22713.96578764474
2026-04-05 07:45:00+00:00,22612.9752890319,17903.765280078806,15896.625611168067,19915.329924382924,24728.8982001568,10978.009337887821,22703.96578764474
2026-04-05 07:50:00+00:00,22622.374914193308,17913.164905240214,15896.625611168067,19924.729549544332,24738.297384254514,10978.009337887821,22713.36541280615
2026-04-05 07:55:00+00:00,22631.785577534865,17913.164905240214,15896.625611168067,19924.729549544332,24738.297384254514,10978.009337887821,22722.776076147704
2026-04-05 08:00:00+00:00,22641.18497506443,17922.564302769777,15896.625611168067,19934.128947073892,24747.69232789036,10978.009337887821,22732.17547367727
2026-04-05 08:05:00+00:00,22650.59864188327,17931.97176432713,15896.625611168067,19943.542613892732,24757.093521810108,10978.009337887821,22741.589140496108
2026-04-05 08:10:00+00:00,22660.006474491354,17931.97176432713,15896.625611168067,19943.542613892732,24766.48859953983,10978.009337887821,22750.996973104193
2026-04-05 08:15:00+00:00,22669.41908149515,17931.97176432713,15896.625611168067,19943.542613892732,24766.48859953983,10978.009337887821,22760.409580107993
2026-04-05 08:20:00+00:00,22669.41908149515,17931.97176432713,15896.625611168067,19943.542613892732,24766.48859953983,10978.009337887821,22760.409580107993
2026-04-05 08:25:00+00:00,22659.41908149515,17941.38523432619,15896.625611168067,19943.542613892732,24766.48859953983,10978.009337887821,22750.409580107993
2026-04-05 08:30:00+00:00,22668.825821486833,17941.38523432619,15896.625611168067,19943.542613892732,24766.48859953983,10978.009337887821,22759.81632009967
2026-04-05 08:35:00+00:00,22678.238487199116,17950.79838954089,15896.625611168067,19952.955279605016,24766.48859953983,10978.009337887821,22769.228985811955
2026-04-05 08:40:00+00:00,22687.64615906321,17960.206061404984,15896.625611168067,19962.362951469113,24775.89095471768,10978.009337887821,22778.636657676052
2026-04-05 08:45:00+00:00,22697.061244044264,17969.616475078124,15896.625611168067,19971.778036450167,24775.89095471768,10978.009337887821,22788.051742657106
2026-04-05 08:50:00+00:00,22697.061244044264,17979.030057231023,15896.625611168067,19971.778036450167,24775.89095471768,10978.009337887821,22797.465324810004
2026-04-05 08:55:00+00:00,22706.46792181912,17988.436735005875,15896.625611168067,19981.18471422502,24785.292984733795,10978.009337887821,22806.87200258486
2026-04-05 09:00:00+00:00,22715.87173194428,17997.8421196869,15896.625611168067,19990.58852435018,24794.696843028476,10978.009337887821,22816.275812710017
2026-04-05 09:05:00+00:00,22725.25351083291,18007.223898575532,15906.013011038945,19999.975924221057,24804.075221695675,10978.009337887821,22825.65759159865
2026-04-05 09:10:00+00:00,22734.667165035928,18007.223898575532,15906.013011038945,19999.975924221057,24804.075221695675,10978.009337887821,22835.071245801664
2026-04-05 09:15:00+00:00,22744.07854231628,18007.223898575532,15906.013011038945,19999.975924221057,24804.075221695675,10978.009337887821,22844.482623082018
2026-04-05 09:20:00+00:00,22753.48644456714,18007.223898575532,15906.013011038945,19999.975924221057,24813.479403638154,10978.009337887821,22853.89052533288
2026-04-05 09:25:00+00:00,22743.48644456714,18007.223898575532,15906.013011038945,19999.975924221057,24813.479403638154,10978.009337887821,22843.89052533288
2026-04-05 09:30:00+00:00,22733.48644456714,18007.223898575532,15906.013011038945,19999.975924221057,24813.479403638154,10978.009337887821,22833.89052533288
2026-04-05 09:35:00+00:00,22723.48644456714,18007.223898575532,15906.013011038945,19999.975924221057,24822.882573585157,10978.009337887821,22823.89052533288
2026-04-05 09:40:00+00:00,22732.89249010411,18016.629944112497,15906.013011038945,20009.381969758026,24832.285035699715,10978.009337887821,22833.29657086985
2026-04-05 09:45:00+00:00,22742.30170175223,18026.039155760616,15906.013011038945,20018.791181406144,24832.285035699715,10978.009337887821,22842.70578251797
2026-04-05 09:50:00+00:00,22751.717216153607,18026.039155760616,15906.013011038945,20018.791181406144,24832.285035699715,10978.009337887821,22852.121296919344
2026-04-05 09:55:00+00:00,22741.717216153607,18026.039155760616,15906.013011038945,20018.791181406144,24832.285035699715,10978.009337887821,22842.121296919344
2026-04-05 10:00:00+00:00,22741.717216153607,18026.039155760616,15906.013011038945,20018.791181406144,24841.688846812594,10978.009337887821,22842.121296919344
2026-04-05 10:05:00+00:00,22751.130214907032,18035.452306286454,15906.013011038945,20028.20418015957,24851.077658104885,10978.009337887821,22851.53429567277
2026-04-05 10:10:00+00:00,22760.535947783737,18044.85803916316,15906.013011038945,20037.609913036278,24860.482270926506,10978.009337887821,22860.940028549478
2026-04-05 10:15:00+00:00,22769.944473072526,18054.271350569215,15906.013011038945,20047.018438325067,24860.482270926506,10978.009337887821,22870.348553838267
2026-04-05 10:20:00+00:00,22769.944473072526,18054.271350569215,15906.013011038945,20047.018438325067,24860.482270926506,10978.009337887821,22870.348553838267
2026-04-05 10:25:00+00:00,22779.356364039817,18063.68882146586,15906.013011038945,20056.430329292358,24860.482270926506,10978.009337887821,22879.760444805557
2026-04-05 10:30:00+00:00,22788.761124718018,18063.68882146586,15906.013011038945,20056.430329292358,24860.482270926506,10978.009337887821,22889.165205483754
2026-04-05 10:35:00+00:00,22798.14421579332,18063.68882146586,15915.383253125887,20065.800571379295,24869.862086526366,10978.009337887821,22898.54829655906
2026-04-05 10:40:00+00:00,22807.54360719993,18073.08821287247,15915.383253125887,20075.199962785904,24879.259753634607,10978.009337887821,22907.947687965665
2026-04-05 10:45:00+00:00,22816.93987966884,18082.48448534138,15915.383253125887,20084.596235254816,24888.657202492817,10978.009337887821,22917.34396043458
2026-04-05 10:50:00+00:00,22806.93987966884,18082.48448534138,15915.383253125887,20084.596235254816,24898.05822387812,10978.009337887821,22907.34396043458
2026-04-05 10:55:00+00:00,22806.93987966884,18082.48448534138,15915.383253125887,20084.596235254816,24898.05822387812,10978.009337887821,22907.34396043458
2026-04-05 11:00:00+00:00,22816.344458457403,18091.889064129944,15915.383253125887,20094.00081404338,24907.46210572922,10978.009337887821,22916.74853922314
2026-04-05 11:05:00+00:00,22825.74687047241,18091.889064129944,15915.383253125887,20094.00081404338,24907.46210572922,10978.009337887821,22926.150951238145
2026-04-05 11:10:00+00:00,22825.74687047241,18091.889064129944,15915.383253125887,20094.00081404338,24916.851944484202,10978.009337887821,22926.150951238145
2026-04-05 11:15:00+00:00,22835.15599194639,18101.298208832537,15915.383253125887,20103.409935517364,24916.851944484202,10978.009337887821,22935.56007271213
2026-04-05 11:20:00+00:00,22825.15599194639,18101.298208832537,15915.383253125887,20103.409935517364,24916.851944484202,10978.009337887821,22925.56007271213
2026-04-05 11:25:00+00:00,22815.15599194639,18091.298208832537,15915.383253125887,20093.409935517364,24916.851944484202,10978.009337887821,22915.56007271213
2026-04-05 11:30:00+00:00,22824.567055828335,18100.70927271448,15915.383253125887,20102.820999399308,24916.851944484202,10978.009337887821,22924.971136594075
2026-04-05 11:35:00+00:00,22833.975992724536,18110.118209610682,15915.383253125887,20112.22993629551,24916.851944484202,10978.009337887821,22934.380073490276
2026-04-05 11:40:00+00:00,22843.39067827454,18119.532902920862,15915.383253125887,20121.64462184551,24916.851944484202,10978.009337887821,22943.794759040276
2026-04-05 11:45:00+00:00,22852.80138778592,18128.943631246926,15915.383253125887,20131.055331356893,24916.851944484202,10978.009337887821,22953.20546855166
2026-04-05 11:50:00+00:00,22852.80138778592,18128.943631246926,15915.383253125887,20131.055331356893,24916.851944484202,10978.009337887821,22953.20546855166
2026-04-05 11:55:00+00:00,22852.80138778592,18138.356311026062,15915.383253125887,20131.055331356893,24916.851944484202,10978.009337887821,22962.618148330796
2026-04-05 12:00:00+00:00,22862.21171904092,18147.766662147165,15915.383253125887,20140.465662611892,24926.233941582752,10978.009337887821,22972.028479585795
2026-04-05 12:05:00+00:00,22852.21171904092,18137.766662147165,15915.383253125887,20130.465662611892,24926.233941582752,10978.009337887821,22962.028479585795
2026-04-05 12:10:00+00:00,22861.60883177512,18147.16377488137,15915.383253125887,20139.862775346093,24935.62911300252,10978.009337887821,22971.425592319996
2026-04-05 12:15:00+00:00,22871.0200949419,18147.16377488137,15915.383253125887,20139.862775346093,24935.62911300252,10978.009337887821,22980.836855486774
2026-04-05 12:20:00+00:00,22880.430213144806,18156.573893084274,15915.383253125887,20149.272893548998,24935.62911300252,10978.009337887821,22990.24697368968
2026-04-05 12:25:00+00:00,22889.83671848847,18156.573893084274,15915.383253125887,20149.272893548998,24945.02264545246,10978.009337887821,22999.65347903334
2026-04-05 12:30:00+00:00,22899.211029858718,18165.948204454522,15924.718840279293,20158.6084807024,24954.392847038816,10978.009337887821,23009.02779040359
2026-04-05 12:35:00+00:00,22908.624429336356,18165.948204454522,15924.718840279293,20158.6084807024,24963.774108040634,10978.009337887821,23018.441189881225
2026-04-05 12:40:00+00:00,22918.023915332422,18175.34774044541,15924.718840279293,20168.007966698475,24973.171933504957,10978.009337887821,23027.840675877298
2026-04-05 12:45:00+00:00,22908.023915332422,18165.34774044541,15924.718840279293,20158.007966698475,24973.171933504957,10978.009337887821,23017.840675877298
2026-04-05 12:50:00+00:00,22917.411164497018,18174.734989610006,15934.086457559553,20167.375583978734,24982.564132736094,10978.009337887821,23027.227925041887
2026-04-05 12:55:00+00:00,22907.411164497018,18174.734989610006,15934.086457559553,20167.375583978734,24982.564132736094,10978.009337887821,23017.227925041887
2026-04-05 13:00:00+00:00,22916.814006019726,18184.137831132713,15934.086457559553,20176.778425501445,24991.96822304147,10978.009337887821,23026.6307665646
2026-04-05 13:05:00+00:00,22926.22743836381,18184.137831132713,15934.086457559553,20176.778425501445,24991.96822304147,10978.009337887821,23036.044198908683
2026-04-05 13:10:00+00:00,22916.22743836381,18184.137831132713,15934.086457559553,20176.778425501445,25001.36459318031,10978.009337887821,23026.044198908683
2026-04-05 13:15:00+00:00,22925.6406637656,18184.137831132713,15934.086457559553,20176.778425501445,25010.753226345667,10978.009337887821,23035.457424310473
2026-04-05 13:20:00+00:00,22935.045205357637,18193.542372724754,15934.086457559553,20186.182967093482,25020.156989925836,10978.009337887821,23044.861965902513
2026-04-05 13:25:00+00:00,22944.45271313151,18193.542372724754,15934.086457559553,20186.182967093482,25029.543546912337,10978.009337887821,23054.269473676384
2026-04-05 13:30:00+00:00,22953.833751267084,18202.923410860327,15943.438813626362,20195.535323160293,25038.94282862822,10978.009337887821,23063.650511811953
2026-04-05 13:35:00+00:00,22943.833751267084,18202.923410860327,15943.438813626362,20195.535323160293,25028.94282862822,10978.009337887821,23053.650511811953
2026-04-05 13:40:00+00:00,22953.248108832573,18202.923410860327,15943.438813626362,20195.535323160293,25028.94282862822,10978.009337887821,23063.064869377446
2026-04-05 13:45:00+00:00,22962.64945148382,18202.923410860327,15943.438813626362,20195.535323160293,25038.342632858134,10978.009337887821,23072.466212028696
2026-04-05 13:50:00+00:00,22962.64945148382,18202.923410860327,15943.438813626362,20195.535323160293,25047.74514392741,10978.009337887821,23072.466212028696
2026-04-05 13:55:00+00:00,22972.05478865568,18212.32874803219,15943.438813626362,20204.940660332155,25057.146385866694,10978.009337887821,23081.871549200558
2026-04-05 14:00:00+00:00,22981.4547483051,18212.32874803219,15943.438813626362,20204.940660332155,25066.538549538527,10968.009337887821,23091.271508849975
2026-04-05 14:05:00+00:00,22981.4547483051,18221.729974926926,15943.438813626362,20204.940660332155,25075.941727895493,10968.009337887821,23100.672735744713
2026-04-05 14:10:00+00:00,22971.4547483051,18211.729974926926,15943.438813626362,20194.940660332155,25085.3307068988,10968.009337887821,23090.672735744713
2026-04-05 14:15:00+00:00,22971.4547483051,18211.729974926926,15943.438813626362,20194.940660332155,25094.733483046555,10968.009337887821,23090.672735744713
2026-04-05 14:20:00+00:00,22961.4547483051,18201.729974926926,15943.438813626362,20184.940660332155,25094.733483046555,10968.009337887821,23080.672735744713
2026-04-05 14:25:00+00:00,22951.4547483051,18201.729974926926,15943.438813626362,20184.940660332155,25094.733483046555,10968.009337887821,23070.672735744713
2026-04-05 14:30:00+00:00,22960.863579452624,18201.729974926926,15943.438813626362,20184.940660332155,25094.733483046555,10968.009337887821,23080.081566892237
2026-04-05 14:35:00+00:00,22970.256675144694,18211.123070618996,15943.438813626362,20194.33375602422,25104.1348258255,10968.009337887821,23089.474662584304
2026-04-05 14:40:00+00:00,22960.256675144694,18211.123070618996,15943.438813626362,20194.33375602422,25094.1348258255,10968.009337887821,23079.474662584304
2026-04-05 14:45:00+00:00,22950.256675144694,18211.123070618996,15943.438813626362,20194.33375602422,25094.1348258255,10968.009337887821,23069.474662584304
2026-04-05 14:50:00+00:00,22940.256675144694,18211.123070618996,15943.438813626362,20194.33375602422,25094.1348258255,10968.009337887821,23059.474662584304
2026-04-05 14:55:00+00:00,22949.67140172141,18211.123070618996,15943.438813626362,20194.33375602422,25094.1348258255,10968.009337887821,23068.88938916102
2026-04-05 15:00:00+00:00,22939.67140172141,18211.123070618996,15943.438813626362,20194.33375602422,25103.524590628116,10968.009337887821,23058.88938916102
2026-04-05 15:05:00+00:00,22929.67140172141,18211.123070618996,15943.438813626362,20194.33375602422,25093.524590628116,10977.397643892105,23048.88938916102
2026-04-05 15:10:00+00:00,22929.67140172141,18211.123070618996,15943.438813626362,20194.33375602422,25093.524590628116,10977.397643892105,23048.88938916102
2026-04-05 15:15:00+00:00,22939.07610732529,18220.527776222872,15943.438813626362,20203.738461628105,25102.92245641257,10977.397643892105,23058.294094764904
2026-04-05 15:20:00+00:00,22929.07610732529,18210.527776222872,15943.438813626362,20193.738461628105,25102.92245641257,10977.397643892105,23048.294094764904
2026-04-05 15:25:00+00:00,22938.377353624724,18210.527776222872,15952.690039698315,20202.989687700057,25112.210568855233,10967.397643892105,23057.595341064334
2026-04-05 15:30:00+00:00,22938.377353624724,18210.527776222872,15961.98052625265,20202.989687700057,25121.560189588636,10957.397643892105,23066.885827618673
2026-04-05 15:35:00+00:00,22928.377353624724,18200.527776222872,15961.98052625265,20192.989687700057,25111.560189588636,10966.79126353873,23056.885827618673
2026-04-05 15:40:00+00:00,22937.762239154967,18200.527776222872,15971.348996877852,20202.35815832526,25120.944751380524,10966.79126353873,23066.270713148915
2026-04-05 15:45:00+00:00,22947.16444091427,18200.527776222872,15971.348996877852,20202.35815832526,25130.33565312466,10966.79126353873,23075.672914908213
2026-04-05 15:50:00+00:00,22956.54689392935,18200.527776222872,15980.742601542788,20211.751762990196,25139.720515840585,10966.79126353873,23085.055367923294
2026-04-05 15:55:00+00:00,22946.54689392935,18200.527776222872,15980.742601542788,20211.751762990196,25129.720515840585,10976.190006401157,23075.055367923294
2026-04-05 16:00:00+00:00,22955.961697447667,18200.527776222872,15980.742601542788,20211.751762990196,25139.121519826866,10976.190006401157,23084.47017144161
2026-04-05 16:05:00+00:00,22945.961697447667,18200.527776222872,15980.742601542788,20211.751762990196,25129.121519826866,10985.593716162162,23074.47017144161
2026-04-05 16:10:00+00:00,22955.368230357944,18200.527776222872,15980.742601542788,20211.751762990196,25138.503121185968,10975.593716162162,23083.87670435189
2026-04-05 16:15:00+00:00,22964.781949242402,18200.527776222872,15980.742601542788,20211.751762990196,25147.902275014436,10975.593716162162,23093.29042323635
2026-04-05 16:20:00+00:00,22974.196077249944,18200.527776222872,15980.742601542788,20211.751762990196,25147.902275014436,10975.593716162162,23102.70455124389
2026-04-05 16:25:00+00:00,22983.605975832987,18200.527776222872,15980.742601542788,20211.751762990196,25157.295739434492,10975.593716162162,23112.11444982693
2026-04-05 16:30:00+00:00,22993.014581026113,18209.92038804724,15990.135399878265,20221.144561325673,25166.686668715127,10975.593716162162,23121.523055020058
2026-04-05 16:35:00+00:00,23002.427105203446,18209.92038804724,15990.135399878265,20221.144561325673,25176.07923224577,10975.593716162162,23130.935579197394
2026-04-05 16:40:00+00:00,23011.82564862748,18209.92038804724,15990.135399878265,20221.144561325673,25185.477855307683,10975.593716162162,23140.334122621425
2026-04-05 16:45:00+00:00,23021.235725528903,18209.92038804724,15990.135399878265,20221.144561325673,25194.880158523276,10975.593716162162,23149.74419952285
2026-04-05 16:50:00+00:00,23030.63262936142,18209.92038804724,15990.135399878265,20221.144561325673,25204.27841382075,10975.593716162162,23159.141103355367
2026-04-05 16:55:00+00:00,23040.03854383568,18209.92038804724,15990.135399878265,20221.144561325673,25213.68154444469,10975.593716162162,23168.547017829624
2026-04-05 17:00:00+00:00,23049.44086208597,18219.313727278124,15990.135399878265,20230.546879575966,25223.082748254412,10975.593716162162,23177.949336079917
2026-04-05 17:05:00+00:00,23058.850270090807,18219.313727278124,15990.135399878265,20230.546879575966,25232.47817180997,10984.98913971772,23187.35874408475
2026-04-05 17:10:00+00:00,23068.255775902922,18228.718584937866,15990.135399878265,20239.952385388082,25241.87556493641,10984.98913971772,23196.764249896867
2026-04-05 17:15:00+00:00,23077.667723383183,18238.12233076516,15990.135399878265,20249.364332868343,25251.27656134982,10984.98913971772,23206.176197377128
2026-04-05 17:20:00+00:00,23067.667723383183,18228.12233076516,15990.135399878265,20239.364332868343,25260.658336278444,10984.98913971772,23196.176197377128
2026-04-05 17:25:00+00:00,23077.056511612853,18237.51111899483,15999.512861630355,20248.74179462043,25270.05280804111,10984.98913971772,23205.564985606798
2026-04-05 17:30:00+00:00,23086.470805579374,18237.51111899483,15999.512861630355,20248.74179462043,25279.446896475696,10984.98913971772,23214.979279573323
2026-04-05 17:35:00+00:00,23095.87595931469,18246.916272730145,15999.512861630355,20258.146948355745,25288.848441156293,10984.98913971772,23224.384433308634
2026-04-05 17:40:00+00:00,23085.87595931469,18246.916272730145,15999.512861630355,20258.146948355745,25298.250289888638,10984.98913971772,23214.384433308634
2026-04-05 17:45:00+00:00,23095.27930702999,18246.916272730145,15999.512861630355,20258.146948355745,25298.250289888638,10984.98913971772,23223.787781023937
2026-04-05 17:50:00+00:00,23085.27930702999,18246.916272730145,15999.512861630355,20258.146948355745,25307.6370721688,10984.98913971772,23213.787781023937
2026-04-05 17:55:00+00:00,23075.27930702999,18236.916272730145,15999.512861630355,20248.146948355745,25307.6370721688,10984.98913971772,23203.787781023937
2026-04-05 18:00:00+00:00,23084.66711543408,18246.304081134236,16008.901797213071,20257.535883938457,25317.022053714496,10984.98913971772,23213.17558942803
2026-04-05 18:05:00+00:00,23094.06891388213,18255.703938407452,16008.901797213071,20266.93768238651,25326.420225806938,10984.98913971772,23222.577387876074
2026-04-05 18:10:00+00:00,23103.47685050112,18255.703938407452,16008.901797213071,20266.93768238651,25335.822202069336,10984.98913971772,23231.985324495065
2026-04-05 18:15:00+00:00,23093.47685050112,18245.703938407452,16008.901797213071,20256.93768238651,25325.822202069336,10984.98913971772,23221.985324495065
2026-04-05 18:20:00+00:00,23102.88781878102,18245.703938407452,16008.901797213071,20256.93768238651,25325.822202069336,10984.98913971772,23231.396292774967
2026-04-05 18:25:00+00:00,23092.88781878102,18245.703938407452,16008.901797213071,20256.93768238651,25325.822202069336,10984.98913971772,23221.396292774967
2026-04-05 18:30:00+00:00,23102.27374329327,18255.089862919704,16018.274513288668,20266.310398462105,25335.222923383226,10984.98913971772,23230.78221728722
2026-04-05 18:35:00+00:00,23092.27374329327,18245.089862919704,16018.274513288668,20256.310398462105,25325.222923383226,10984.98913971772,23220.78221728722
2026-04-05 18:40:00+00:00,23082.27374329327,18245.089862919704,16018.274513288668,20256.310398462105,25334.62600426856,10984.98913971772,23210.78221728722
2026-04-05 18:45:00+00:00,23091.674330171267,18254.490449797697,16018.274513288668,20265.7109853401,25344.024985970937,10984.98913971772,23220.18280416521
2026-04-05 18:50:00+00:00,23081.674330171267,18254.490449797697,16018.274513288668,20265.7109853401,25344.024985970937,10984.98913971772,23210.18280416521
2026-04-05 18:55:00+00:00,23071.674330171267,18244.490449797697,16018.274513288668,20255.7109853401,25344.024985970937,10984.98913971772,23200.18280416521
2026-04-05 19:00:00+00:00,23081.088521765992,18244.490449797697,16018.274513288668,20255.7109853401,25344.024985970937,10984.98913971772,23209.596995759937
2026-04-05 19:05:00+00:00,23071.088521765992,18244.490449797697,16018.274513288668,20255.7109853401,25344.024985970937,10984.98913971772,23199.596995759937
2026-04-05 19:10:00+00:00,23080.471086229423,18253.895981799138,16018.274513288668,20265.093549803532,25353.428882444394,10984.98913971772,23208.97956022337
2026-04-05 19:15:00+00:00,23089.87782227943,18253.895981799138,16018.274513288668,20265.093549803532,25362.823704500992,10984.98913971772,23218.386296273377
2026-04-05 19:20:00+00:00,23079.87782227943,18253.895981799138,16018.274513288668,20265.093549803532,25372.22813519174,10974.98913971772,23208.386296273377
2026-04-05 19:25:00+00:00,23089.272497782673,18263.29065730238,16018.274513288668,20274.48822530677,25381.63110424687,10974.98913971772,23217.780971776618
2026-04-05 19:30:00+00:00,23098.685586293424,18263.29065730238,16018.274513288668,20274.48822530677,25381.63110424687,10974.98913971772,23227.194060287373
2026-04-05 19:35:00+00:00,23108.08474712289,18263.29065730238,16027.637700817646,20283.887386136237,25390.994291775845,10974.98913971772,23236.593221116837
2026-04-05 19:40:00+00:00,23117.488118405752,18272.69402858524,16027.637700817646,20293.290757419098,25400.398264820135,10974.98913971772,23245.9965923997
2026-04-05 19:45:00+00:00,23107.488118405752,18272.69402858524,16027.637700817646,20293.290757419098,25409.78724326195,10974.98913971772,23235.9965923997
2026-04-05 19:50:00+00:00,23116.893110311445,18282.099020490932,16027.637700817646,20302.69574932479,25419.191044487197,10974.98913971772,23245.40158430539
2026-04-05 19:55:00+00:00,23126.307867723088,18282.099020490932,16027.637700817646,20302.69574932479,25428.578873606653,10974.98913971772,23254.816341717036
2026-04-05 20:00:00+00:00,23135.7142117474,18282.099020490932,16027.637700817646,20302.69574932479,25418.578873606653,10974.98913971772,23264.222685741348
2026-04-05 20:05:00+00:00,23125.7142117474,18282.099020490932,16027.637700817646,20302.69574932479,25418.578873606653,10974.98913971772,23254.222685741348
2026-04-05 20:10:00+00:00,23115.7142117474,18291.511303989122,16027.637700817646,20302.69574932479,25418.578873606653,10974.98913971772,23244.222685741348
2026-04-05 20:15:00+00:00,23125.12919948218,18300.92850112172,16027.637700817646,20312.110737059564,25418.578873606653,10974.98913971772,23253.637673476125
2026-04-05 20:20:00+00:00,23134.534550547432,18310.333852186977,16027.637700817646,20321.516088124823,25427.983073474978,10974.98913971772,23263.04302454138
2026-04-05 20:25:00+00:00,23143.918463139278,18310.333852186977,16027.637700817646,20321.516088124823,25437.386490799698,10974.98913971772,23272.426937133223
2026-04-05 20:30:00+00:00,23153.332307657773,18310.333852186977,16027.637700817646,20321.516088124823,25437.386490799698,10974.98913971772,23281.840781651717
2026-04-05 20:35:00+00:00,23162.671453371797,18319.672997901005,16036.95435196934,20330.832739276513,25446.781791697882,10974.98913971772,23291.179927365745
2026-04-05 20:40:00+00:00,23172.08563772012,18319.672997901005,16036.95435196934,20330.832739276513,25456.163611377055,10974.98913971772,23300.59411171407
2026-04-05 20:45:00+00:00,23181.469187821385,18329.05654800227,16046.315849672179,20340.194236979354,25465.546478841203,10974.98913971772,23309.977661815334
2026-04-05 20:50:00+00:00,23190.879487654922,18329.05654800227,16046.315849672179,20340.194236979354,25474.93933012041,10974.98913971772,23319.38796164887
2026-04-05 20:55:00+00:00,23190.879487654922,18329.05654800227,16046.315849672179,20340.194236979354,25474.93933012041,10974.98913971772,23319.38796164887
2026-04-05 21:00:00+00:00,23200.276261509833,18338.45332185718,16046.315849672179,20349.591010834265,25484.3341303915,10974.98913971772,23328.78473550378
2026-04-05 21:05:00+00:00,23209.684007813616,18338.45332185718,16046.315849672179,20349.591010834265,25484.3341303915,10974.98913971772,23338.192481807564
2026-04-05 21:10:00+00:00,23219.03760921469,18347.806923258257,16055.663777566162,20358.93893872825,25493.68165730405,10974.98913971772,23347.54608320864
2026-04-05 21:15:00+00:00,23209.03760921469,18347.806923258257,16055.663777566162,20358.93893872825,25503.07466914451,10974.98913971772,23337.54608320864
2026-04-05 21:20:00+00:00,23199.03760921469,18347.806923258257,16055.663777566162,20358.93893872825,25512.464726564453,10974.98913971772,23327.54608320864
2026-04-05 21:25:00+00:00,23189.03760921469,18347.806923258257,16055.663777566162,20358.93893872825,25502.464726564453,10974.98913971772,23317.54608320864
2026-04-05 21:30:00+00:00,23179.03760921469,18337.806923258257,16055.663777566162,20348.93893872825,25502.464726564453,10974.98913971772,23307.54608320864
2026-04-05 21:35:00+00:00,23169.03760921469,18327.806923258257,16055.663777566162,20338.93893872825,25502.464726564453,10974.98913971772,23297.54608320864
2026-04-05 21:40:00+00:00,23178.441926442974,18327.806923258257,16055.663777566162,20338.93893872825,25511.86002687495,10984.393456946005,23306.950400436923
2026-04-05 21:45:00+00:00,23187.84965771562,18327.806923258257,16055.663777566162,20338.93893872825,25521.261810322772,10984.393456946005,23316.358131709567
2026-04-05 21:50:00+00:00,23197.26551059844,18337.17981766016,16065.056941155592,20348.33210231768,25530.658205152657,10984.393456946005,23325.773984592386
2026-04-05 21:55:00+00:00,23206.673668939286,18346.577128381447,16065.056941155592,20357.740260658524,25540.058545119373,10984.393456946005,23335.182142933234
2026-04-05 22:00:00+00:00,23215.9952922542,18346.577128381447,16074.349649359086,20367.032968862022,25549.395845140352,10984.393456946005,23344.503766248148
2026-04-05 22:05:00+00:00,23205.9952922542,18346.577128381447,16074.349649359086,20367.032968862022,25558.80015703314,10993.773524597971,23334.503766248148
2026-04-05 22:10:00+00:00,23215.387273985707,18346.577128381447,16083.728358674576,20376.41167817751,25568.182914925754,10993.773524597971,23343.89574797965
2026-04-05 22:15:00+00:00,23205.387273985707,18336.577128381447,16083.728358674576,20366.41167817751,25558.182914925754,10993.773524597971,23333.89574797965
2026-04-05 22:20:00+00:00,23214.781203150626,18336.577128381447,16093.122147530295,20375.805467033228,25567.564157770452,10993.773524597971,23343.28967714457
2026-04-05 22:25:00+00:00,23204.781203150626,18336.577128381447,16093.122147530295,20375.805467033228,25576.964805307824,10993.773524597971,23333.28967714457
2026-04-05 22:30:00+00:00,23214.13737872641,18345.933303957238,16102.475414545796,20385.15873404873,25586.301854527526,10993.773524597971,23342.645852720358
2026-04-05 22:35:00+00:00,23223.54772499581,18345.933303957238,16111.847991512905,20394.53131101584,25595.674431494637,10993.773524597971,23352.056198989754
2026-04-05 22:40:00+00:00,23232.946807703243,18355.328271977814,16121.214753753324,20403.89807325626,25605.070311029776,10993.773524597971,23361.45528169719
2026-04-05 22:45:00+00:00,23242.34706316181,18355.328271977814,16111.214753753324,20403.89807325626,25595.070311029776,10983.773524597971,23370.85553715576
2026-04-05 22:50:00+00:00,23232.34706316181,18355.328271977814,16111.214753753324,20403.89807325626,25604.472664789806,10993.176984893738,23360.85553715576
2026-04-05 22:55:00+00:00,23241.657499799778,18364.63870861578,16120.509213821857,20413.192533324793,25613.772162851266,10993.176984893738,23370.165973793723
2026-04-05 23:00:00+00:00,23251.03592646774,18364.63870861578,16129.863013698268,20422.546333201208,25623.141466708552,11002.554424164984,23379.544400461684
2026-04-05 23:05:00+00:00,23241.03592646774,18354.63870861578,16129.863013698268,20412.546333201208,25613.141466708552,11002.554424164984,23369.544400461684
2026-04-05 23:10:00+00:00,23250.393386554253,18354.63870861578,16129.863013698268,20412.546333201208,25622.529350260735,11002.554424164984,23378.901860548198
2026-04-05 23:15:00+00:00,23259.779354262602,18354.63870861578,16129.863013698268,20412.546333201208,25631.93272527648,11002.554424164984,23388.287828256547
2026-04-05 23:20:00+00:00,23269.140708395957,18354.63870861578,16139.196553869722,20421.879873372658,25641.260058044307,11002.554424164984,23397.6491823899
2026-04-05 23:25:00+00:00,23259.140708395957,18354.63870861578,16129.196553869722,20411.879873372658,25631.260058044307,11002.554424164984,23387.6491823899
2026-04-05 23:30:00+00:00,23268.469219014343,18363.967219234168,16138.514801853702,20421.19812135664,25640.59495347126,11002.554424164984,23396.977693008288
2026-04-05 23:35:00+00:00,23258.469219014343,18363.967219234168,16138.514801853702,20421.19812135664,25649.974167769884,11011.933638463608,23386.977693008288
2026-04-05 23:40:00+00:00,23267.873759770402,18373.31961843668,16147.870310699753,20430.55363020269,25659.353709670955,11011.933638463608,23396.382233764347
2026-04-05 23:45:00+00:00,23257.873759770402,18373.31961843668,16147.870310699753,20430.55363020269,25649.353709670955,11011.933638463608,23386.382233764347
2026-04-05 23:50:00+00:00,23267.286218339723,18373.31961843668,16137.870310699753,20430.55363020269,25639.353709670955,11001.933638463608,23395.79469233367
2026-04-05 23:55:00+00:00,23267.286218339723,18373.31961843668,16137.870310699753,20430.55363020269,25639.353709670955,11001.933638463608,23395.79469233367
2026-04-06 00:00:00+00:00,23276.606622860658,18373.31961843668,16147.17607714877,20439.859396651707,25648.661400571014,11001.933638463608,23405.115096854606
2026-04-06 00:05:00+00:00,23286.02025419286,18373.31961843668,16156.529941612178,20449.21326111511,25658.04941923471,11011.320948379678,23414.528728186808
2026-04-06 00:10:00+00:00,23276.02025419286,18373.31961843668,16156.529941612178,20449.21326111511,25648.04941923471,11011.320948379678,23404.528728186808
2026-04-06 00:15:00+00:00,23285.379788374492,18373.31961843668,16165.870661130957,20458.553980633893,25657.42549675669,11011.320948379678,23413.88826236844
2026-04-06 00:20:00+00:00,23275.379788374492,18373.31961843668,16175.230245745754,20458.553980633893,25666.785081371483,11020.680532994473,23403.88826236844
2026-04-06 00:25:00+00:00,23284.769383666615,18373.31961843668,16184.60333290288,20467.927067791017,25676.186346757255,11010.680532994473,23413.27785766056
2026-04-06 00:30:00+00:00,23294.023694555253,18373.31961843668,16193.987378103146,20477.18137867966,25685.56902129302,11010.680532994473,23422.5321685492
2026-04-06 00:35:00+00:00,23303.4333191082,18373.31961843668,16203.362377726233,20486.591003232606,25694.94402091611,11000.680532994473,23431.941793102145
2026-04-06 00:40:00+00:00,23293.4333191082,18373.31961843668,16203.362377726233,20486.591003232606,25704.34645526042,11010.084061737482,23421.941793102145
2026-04-06 00:45:00+00:00,23302.84108677323,18373.31961843668,16203.362377726233,20486.591003232606,25713.73719106121,11010.084061737482,23431.349560767176
2026-04-06 00:50:00+00:00,23312.205888801465,18373.31961843668,16212.727558098864,20495.95580526084,25723.122202449907,11010.084061737482,23440.71436279541
2026-04-06 00:55:00+00:00,23321.609049385068,18373.31961843668,16212.727558098864,20495.95580526084,25732.5080126956,11010.084061737482,23450.117523379013
2026-04-06 01:00:00+00:00,23331.016988112493,18373.31961843668,16222.086763311392,20505.315010473365,25741.867217908133,11019.486443842046,23459.525462106438
2026-04-06 01:05:00+00:00,23340.38589282624,18373.31961843668,16231.45908228397,20514.687329445944,25751.254431357575,11019.486443842046,23468.89436682019
2026-04-06 01:10:00+00:00,23349.775153136783,18373.31961843668,16231.45908228397,20514.687329445944,25760.648994822932,11019.486443842046,23478.28362713073
2026-04-06 01:15:00+00:00,23349.775153136783,18373.31961843668,16231.45908228397,20514.687329445944,25770.051379842444,11019.486443842046,23478.28362713073
2026-04-06 01:20:00+00:00,23359.170946537728,18373.31961843668,16240.835411313747,20524.08312284689,25779.427708872223,11028.862772871822,23487.679420531673
2026-04-06 01:25:00+00:00,23368.56447893902,18373.31961843668,16240.835411313747,20524.08312284689,25788.829481713434,11028.862772871822,23497.072952932966
2026-04-06 01:30:00+00:00,23377.969558784098,18373.31961843668,16250.21278422912,20533.460495762258,25798.227080710065,11028.862772871822,23506.478032778046
2026-04-06 01:35:00+00:00,23367.969558784098,18363.31961843668,16250.21278422912,20523.460495762258,25788.227080710065,11028.862772871822,23496.478032778046
2026-04-06 01:40:00+00:00,23377.3665307318,18363.31961843668,16259.592234305415,20532.839945838554,25797.615635329537,11028.862772871822,23505.875004725745
2026-04-06 01:45:00+00:00,23377.3665307318,18363.31961843668,16259.592234305415,20532.839945838554,25807.016938183766,11028.862772871822,23505.875004725745
2026-04-06 01:50:00+00:00,23367.3665307318,18363.31961843668,16259.592234305415,20532.839945838554,25816.406351764144,11028.862772871822,23495.875004725745
2026-04-06 01:55:00+00:00,23357.3665307318,18363.31961843668,16259.592234305415,20532.839945838554,25825.809056084247,11028.862772871822,23485.875004725745
2026-04-06 02:00:00+00:00,23366.773643310924,18363.31961843668,16259.592234305415,20532.839945838554,25835.20567852627,11028.862772871822,23495.28211730487
2026-04-06 02:05:00+00:00,23356.773643310924,18363.31961843668,16249.592234305415,20522.839945838554,25825.20567852627,11028.862772871822,23485.28211730487
2026-04-06 02:10:00+00:00,23366.10542617557,18363.31961843668,16258.931757282071,20532.179468815208,25834.55884785832,11028.862772871822,23494.61390016952
2026-04-06 02:15:00+00:00,23375.48267409716,18363.31961843668,16268.308881489811,20541.55659302295,25843.9441376798,11028.862772871822,23503.991148091103
2026-04-06 02:20:00+00:00,23384.88389166697,18363.31961843668,16277.676753628319,20550.924465161457,25853.32160717765,11038.244667534937,23513.39236566092
2026-04-06 02:25:00+00:00,23374.88389166697,18363.31961843668,16287.047722822012,20550.924465161457,25862.692576371344,11038.244667534937,23503.39236566092
2026-04-06 02:30:00+00:00,23384.23810395293,18363.31961843668,16296.401604060884,20560.27834640033,25872.097092471668,11038.244667534937,23512.746577946877
2026-04-06 02:35:00+00:00,23393.63723533186,18363.31961843668,16296.401604060884,20560.27834640033,25881.496303644744,11038.244667534937,23522.145709325803
2026-04-06 02:40:00+00:00,23383.63723533186,18363.31961843668,16296.401604060884,20560.27834640033,25871.496303644744,11038.244667534937,23512.145709325803
2026-04-06 02:45:00+00:00,23393.027620511886,18363.31961843668,16305.790023866015,20569.66676620546,25880.886342308346,11038.244667534937,23521.53609450583
2026-04-06 02:50:00+00:00,23383.027620511886,18363.31961843668,16305.790023866015,20569.66676620546,25890.288941222385,11047.64506198619,23511.53609450583
2026-04-06 02:55:00+00:00,23373.027620511886,18353.31961843668,16305.790023866015,20559.66676620546,25880.288941222385,11047.64506198619,23501.53609450583
2026-04-06 03:00:00+00:00,23363.027620511886,18353.31961843668,16305.790023866015,20559.66676620546,25870.288941222385,11047.64506198619,23491.53609450583
2026-04-06 03:05:00+00:00,23353.027620511886,18353.31961843668,16305.790023866015,20559.66676620546,25879.682612472134,11057.03873323594,23481.53609450583
2026-04-06 03:10:00+00:00,23362.41520279141,18353.31961843668,16305.790023866015,20559.66676620546,25889.07512538164,11057.03873323594,23490.923676785358
2026-04-06 03:15:00+00:00,23371.815666548402,18353.31961843668,16305.790023866015,20559.66676620546,25898.478334828862,11057.03873323594,23500.324140542347
2026-04-06 03:20:00+00:00,23381.22737021325,18353.31961843668,16305.790023866015,20559.66676620546,25888.478334828862,11057.03873323594,23509.7358442072
2026-04-06 03:25:00+00:00,23381.22737021325,18353.31961843668,16305.790023866015,20559.66676620546,25888.478334828862,11057.03873323594,23509.7358442072
2026-04-06 03:30:00+00:00,23390.63451304841,18362.713402767462,16305.790023866015,20569.07390904062,25897.875387782144,11057.03873323594,23519.14298704236
2026-04-06 03:35:00+00:00,23380.63451304841,18362.713402767462,16305.790023866015,20569.07390904062,25887.875387782144,11057.03873323594,23509.14298704236
2026-04-06 03:40:00+00:00,23390.047153807755,18362.713402767462,16305.790023866015,20569.07390904062,25887.875387782144,11057.03873323594,23518.5556278017
2026-04-06 03:45:00+00:00,23399.443597895952,18362.713402767462,16305.790023866015,20569.07390904062,25887.875387782144,11057.03873323594,23527.9520718899
2026-04-06 03:50:00+00:00,23408.829494308316,18372.099299179823,16305.790023866015,20578.459805452985,25897.267924888914,11057.03873323594,23537.33796830226
2026-04-06 03:55:00+00:00,23418.237314363425,18372.099299179823,16305.790023866015,20578.459805452985,25906.655845740366,11057.03873323594,23546.745788357373
2026-04-06 04:00:00+00:00,23427.64926388647,18372.099299179823,16305.790023866015,20578.459805452985,25916.044825382836,11057.03873323594,23556.157737880414
2026-04-06 04:05:00+00:00,23437.026674862547,18381.4767101559,16315.154999127717,20587.824780714684,25925.44979162285,11057.03873323594,23565.535148856492
2026-04-06 04:10:00+00:00,23446.40985668629,18381.4767101559,16315.154999127717,20587.824780714684,25934.853024313048,11057.03873323594,23574.918330680237
2026-04-06 04:15:00+00:00,23455.803698591393,18381.4767101559,16315.154999127717,20587.824780714684,25944.23346450796,11057.03873323594,23584.31217258534
2026-04-06 04:20:00+00:00,23465.21120229313,18381.4767101559,16315.154999127717,20587.824780714684,25944.23346450796,11057.03873323594,23593.719676287074
2026-04-06 04:25:00+00:00,23474.61662334774,18390.882344518046,16315.154999127717,20597.2302017693,25953.63756214665,11057.03873323594,23603.12509734169
2026-04-06 04:30:00+00:00,23484.012291970525,18400.27801314083,16315.154999127717,20606.625870392083,25963.031151949792,11057.03873323594,23612.520765964473
2026-04-06 04:35:00+00:00,23493.401119530638,18400.27801314083,16324.535134030171,20616.006005294537,25972.423212273272,11057.03873323594,23621.909593524586
2026-04-06 04:40:00+00:00,23483.401119530638,18400.27801314083,16324.535134030171,20616.006005294537,25962.423212273272,11057.03873323594,23611.909593524586
2026-04-06 04:45:00+00:00,23492.810264098487,18400.27801314083,16324.535134030171,20616.006005294537,25971.81163707511,11057.03873323594,23621.318738092436
2026-04-06 04:50:00+00:00,23502.211853630717,18400.27801314083,16324.535134030171,20616.006005294537,25981.216713112688,11057.03873323594,23630.720327624666
2026-04-06 04:55:00+00:00,23511.626751109172,18400.27801314083,16324.535134030171,20616.006005294537,25981.216713112688,11057.03873323594,23640.13522510312
2026-04-06 05:00:00+00:00,23521.033079337634,18390.27801314083,16324.535134030171,20616.006005294537,25971.216713112688,11057.03873323594,23649.54155333158
2026-04-06 05:05:00+00:00,23530.44160659038,18390.27801314083,16324.535134030171,20616.006005294537,25980.60750433151,11057.03873323594,23658.950080584324
2026-04-06 05:10:00+00:00,23539.85296823951,18399.68937478996,16324.535134030171,20625.41736694367,25980.60750433151,11057.03873323594,23668.361442233458
2026-04-06 05:15:00+00:00,23529.85296823951,18399.68937478996,16324.535134030171,20625.41736694367,25990.01068253704,11057.03873323594,23658.361442233458
2026-04-06 05:20:00+00:00,23519.85296823951,18399.68937478996,16324.535134030171,20625.41736694367,25980.01068253704,11057.03873323594,23648.361442233458
2026-04-06 05:25:00+00:00,23529.24533533142,18409.084302500818,16324.535134030171,20634.80973403558,25989.405644670856,11057.03873323594,23657.753809325368
2026-04-06 05:30:00+00:00,23538.61859242594,18409.084302500818,16324.535134030171,20634.80973403558,25998.810237104233,11057.03873323594,23667.12706641989
2026-04-06 05:35:00+00:00,23528.61859242594,18409.084302500818,16324.535134030171,20634.80973403558,25998.810237104233,11057.03873323594,23657.12706641989
2026-04-06 05:40:00+00:00,23538.02906712389,18418.492389486742,16324.535134030171,20644.22020873353,26008.21306421156,11057.03873323594,23666.53754111784
2026-04-06 05:45:00+00:00,23547.437723324714,18418.492389486742,16324.535134030171,20644.22020873353,26017.603364111208,11057.03873323594,23675.946197318663
2026-04-06 05:50:00+00:00,23556.841517879824,18418.492389486742,16324.535134030171,20644.22020873353,26017.603364111208,11057.03873323594,23685.349991873773
2026-04-06 05:55:00+00:00,23566.250936296165,18418.492389486742,16324.535134030171,20644.22020873353,26017.603364111208,11057.03873323594,23694.759410290113
2026-04-06 06:00:00+00:00,23575.63251525526,18427.873968445834,16333.902756575924,20653.587831279285,26026.9808699837,11057.03873323594,23704.140989249205
2026-04-06 06:05:00+00:00,23585.010215519993,18437.25166871057,16343.278440715569,20662.96351541893,26036.363039326214,11057.03873323594,23713.51868951394
2026-04-06 06:10:00+00:00,23594.397476114693,18437.25166871057,16343.278440715569,20662.96351541893,26045.764595989967,11057.03873323594,23722.905950108638
2026-04-06 06:15:00+00:00,23603.80951017471,18437.25166871057,16343.278440715569,20662.96351541893,26055.165374558805,11057.03873323594,23732.317984168658
2026-04-06 06:20:00+00:00,23613.15500359558,18446.597162131446,16352.611683431745,20672.296758135108,26064.530393313893,11057.03873323594,23741.66347758953
2026-04-06 06:25:00+00:00,23622.567093191326,18446.597162131446,16361.963191647405,20681.648266350767,26073.881901529552,11057.03873323594,23751.075567185275
2026-04-06 06:30:00+00:00,23612.567093191326,18446.597162131446,16361.963191647405,20681.648266350767,26083.283646845266,11066.433836681257,23741.075567185275
2026-04-06 06:35:00+00:00,23621.97610770228,18446.597162131446,16361.963191647405,20681.648266350767,26073.283646845266,11066.433836681257,23750.484581696226
2026-04-06 06:40:00+00:00,23631.37121351404,18446.597162131446,16371.336050299407,20691.02112500277,26082.676620253806,11066.433836681257,23759.879687507986
2026-04-06 06:45:00+00:00,23640.772919158957,18455.99886777636,16371.336050299407,20700.422830647687,26092.08094630034,11066.433836681257,23769.2813931529
2026-04-06 06:50:00+00:00,23630.772919158957,18455.99886777636,16371.336050299407,20700.422830647687,26082.08094630034,11066.433836681257,23759.2813931529
2026-04-06 06:55:00+00:00,23640.18409172189,18455.99886777636,16371.336050299407,20700.422830647687,26091.47058683203,11066.433836681257,23768.692565715835
2026-04-06 07:00:00+00:00,23649.579082675897,18455.99886777636,16371.336050299407,20700.422830647687,26100.86618241525,11066.433836681257,23778.08755666984
2026-04-06 07:05:00+00:00,23658.984551335892,18455.99886777636,16371.336050299407,20700.422830647687,26110.257468445165,11066.433836681257,23787.493025329837
2026-04-06 07:10:00+00:00,23668.38959816508,18455.99886777636,16371.336050299407,20700.422830647687,26119.66094129062,11066.433836681257,23796.898072159023
2026-04-06 07:15:00+00:00,23677.786853401543,18455.99886777636,16371.336050299407,20700.422830647687,26129.059688976355,11066.433836681257,23806.295327395488
2026-04-06 07:20:00+00:00,23687.18581599714,18455.99886777636,16380.699959334,20709.78673968228,26138.458340718775,11066.433836681257,23815.694289991086
2026-04-06 07:25:00+00:00,23677.18581599714,18445.99886777636,16380.699959334,20699.78673968228,26138.458340718775,11066.433836681257,23805.694289991086
2026-04-06 07:30:00+00:00,23686.601248855313,18445.99886777636,16380.699959334,20699.78673968228,26147.830206176885,11066.433836681257,23815.109722849258
2026-04-06 07:35:00+00:00,23676.601248855313,18445.99886777636,16380.699959334,20699.78673968228,26157.224285861783,11075.827916366155,23805.109722849258
2026-04-06 07:40:00+00:00,23686.016003917888,18435.99886777636,16380.699959334,20699.78673968228,26147.224285861783,11075.827916366155,23814.524477911833
2026-04-06 07:45:00+00:00,23676.016003917888,18435.99886777636,16380.699959334,20699.78673968228,26137.224285861783,11075.827916366155,23804.524477911833
2026-04-06 07:50:00+00:00,23685.369783289403,18445.352647147876,16390.044596659853,20709.131377008132,26146.575961056085,11075.827916366155,23813.878257283348
2026-04-06 07:55:00+00:00,23694.784373392104,18454.759761937992,16399.422257610204,20718.509037958487,26155.95362200644,11075.827916366155,23823.292847386052
2026-04-06 08:00:00+00:00,23704.183973658262,18454.759761937992,16399.422257610204,20718.509037958487,26155.95362200644,11075.827916366155,23832.69244765221
2026-04-06 08:05:00+00:00,23694.183973658262,18454.759761937992,16399.422257610204,20718.509037958487,26165.35023949618,11085.224533855893,23822.69244765221
2026-04-06 08:10:00+00:00,23684.183973658262,18454.759761937992,16399.422257610204,20718.509037958487,26165.35023949618,11085.224533855893,23812.69244765221
2026-04-06 08:15:00+00:00,23693.587297061782,18454.759761937992,16399.422257610204,20718.509037958487,26155.35023949618,11075.224533855893,23822.095771055727
2026-04-06 08:20:00+00:00,23683.587297061782,18454.759761937992,16399.422257610204,20718.509037958487,26164.743623909424,11075.224533855893,23812.095771055727
2026-04-06 08:25:00+00:00,23673.587297061782,18454.759761937992,16399.422257610204,20718.509037958487,26174.144016364146,11075.224533855893,23802.095771055727
2026-04-06 08:30:00+00:00,23682.990740699526,18454.759761937992,16399.422257610204,20718.509037958487,26183.547418452785,11075.224533855893,23811.499214693475
2026-04-06 08:35:00+00:00,23692.40419036876,18454.759761937992,16399.422257610204,20718.509037958487,26173.547418452785,11065.224533855893,23820.91266436271
2026-04-06 08:40:00+00:00,23682.40419036876,18454.759761937992,16399.422257610204,20718.509037958487,26182.942386039118,11065.224533855893,23810.91266436271
2026-04-06 08:45:00+00:00,23672.40419036876,18454.759761937992,16399.422257610204,20718.509037958487,26192.343441752262,11074.625589569041,23800.91266436271
2026-04-06 08:50:00+00:00,23681.80626161403,18464.16183318326,16399.422257610204,20727.911109203756,26201.746365518906,11074.625589569041,23810.31473560798
2026-04-06 08:55:00+00:00,23671.80626161403,18454.16183318326,16399.422257610204,20717.911109203756,26211.13576520277,11074.625589569041,23800.31473560798
2026-04-06 09:00:00+00:00,23681.208216266303,18454.16183318326,16399.422257610204,20717.911109203756,26220.53771985504,11074.625589569041,23809.716690260248
2026-04-06 09:05:00+00:00,23690.618569132886,18454.16183318326,16399.422257610204,20717.911109203756,26229.941112119275,11074.625589569041,23819.127043126835
2026-04-06 09:10:00+00:00,23699.989905731934,18454.16183318326,16408.785125042225,20727.273976635777,26239.33201584152,11074.625589569041,23828.49837972588
2026-04-06 09:15:00+00:00,23709.332219553908,18454.16183318326,16418.095629643787,20736.58448123734,26248.682009909542,11074.625589569041,23837.840693547852
2026-04-06 09:20:00+00:00,23718.65478620708,18454.16183318326,16427.422958852174,20745.911810445723,26258.0013531092,11074.625589569041,23847.163260201025
2026-04-06 09:25:00+00:00,23708.65478620708,18454.16183318326,16427.422958852174,20745.911810445723,26248.0013531092,11074.625589569041,23837.163260201025
2026-04-06 09:30:00+00:00,23698.65478620708,18454.16183318326,16427.422958852174,20745.911810445723,26257.40238640808,11084.020915326935,23827.163260201025
2026-04-06 09:35:00+00:00,23708.057894345344,18463.551611244307,16436.794624943042,20755.28347653659,26266.805077529745,11084.020915326935,23836.566368339292
2026-04-06 09:40:00+00:00,23717.43088993739,18472.924606836354,16446.17000423523,20764.65885582878,26276.176912099458,11084.020915326935,23845.939363931335
2026-04-06 09:45:00+00:00,23707.43088993739,18472.924606836354,16446.17000423523,20764.65885582878,26266.176912099458,11093.418129145495,23835.939363931335
2026-04-06 09:50:00+00:00,23716.82423693269,18472.924606836354,16446.17000423523,20764.65885582878,26256.176912099458,11102.820698156078,23845.332710926636
2026-04-06 09:55:00+00:00,23706.82423693269,18472.924606836354,16446.17000423523,20764.65885582878,26265.580702848616,11102.820698156078,23835.332710926636
2026-04-06 10:00:00+00:00,23716.210785033647,18472.924606836354,16455.549961389315,20774.038812982864,26274.965961858023,11102.820698156078,23844.719259027595
2026-04-06 10:05:00+00:00,23725.614124757758,18472.924606836354,16455.549961389315,20774.038812982864,26284.36549572459,11102.820698156078,23854.122598751703
2026-04-06 10:10:00+00:00,23715.614124757758,18472.924606836354,16455.549961389315,20774.038812982864,26284.36549572459,11102.820698156078,23844.122598751703
2026-04-06 10:15:00+00:00,23725.00842509172,18482.318907170316,16455.549961389315,20783.43311331683,26293.75879297578,11102.820698156078,23853.51689908567
2026-04-06 10:20:00+00:00,23734.409861732376,18491.720343810972,16455.549961389315,20792.834549957486,26303.15899469459,11102.820698156078,23862.918335726325
2026-04-06 10:25:00+00:00,23743.81668450251,18491.720343810972,16455.549961389315,20792.834549957486,26312.555013810186,11102.820698156078,23872.32515849646
2026-04-06 10:30:00+00:00,23753.20808559754,18501.111744906004,16455.549961389315,20802.225951052515,26321.958586917586,11102.820698156078,23881.716559591485
2026-04-06 10:35:00+00:00,23762.571629585582,18510.475288894046,16464.9056953052,20811.581684968398,26331.325567235494,11102.820698156078,23891.08010357953
2026-04-06 10:40:00+00:00,23762.571629585582,18510.475288894046,16464.9056953052,20811.581684968398,26340.726719376962,11102.820698156078,23891.08010357953
2026-04-06 10:45:00+00:00,23771.941282528,18510.475288894046,16474.28481335869,20820.960803021888,26350.079217500097,11102.820698156078,23900.449756521946
2026-04-06 10:50:00+00:00,23781.33218349913,18519.866189865177,16474.28481335869,20830.351703993016,26359.461946248113,11102.820698156078,23909.840657493078
2026-04-06 10:55:00+00:00,23771.33218349913,18509.866189865177,16474.28481335869,20820.351703993016,26349.461946248113,11102.820698156078,23899.840657493078
2026-04-06 11:00:00+00:00,23780.745004594144,18509.866189865177,16474.28481335869,20820.351703993016,26358.864349351225,11102.820698156078,23909.253478588093
2026-04-06 11:05:00+00:00,23770.745004594144,18499.866189865177,16474.28481335869,20810.351703993016,26348.864349351225,11102.820698156078,23899.253478588093
2026-04-06 11:10:00+00:00,23780.14122479641,18509.262410067444,16474.28481335869,20819.747924195282,26358.26139097489,11102.820698156078,23908.64969879036
2026-04-06 11:15:00+00:00,23789.5495052962,18509.262410067444,16474.28481335869,20819.747924195282,26367.658139885105,11102.820698156078,23918.057979290148
2026-04-06 11:20:00+00:00,23798.93885749406,18518.651762265305,16483.678237094216,20829.14134793081,26377.04026949645,11102.820698156078,23927.44733148801
2026-04-06 11:25:00+00:00,23798.93885749406,18518.651762265305,16483.678237094216,20829.14134793081,26377.04026949645,11102.820698156078,23927.44733148801
2026-04-06 11:30:00+00:00,23808.331041122045,18528.036717043527,16493.036066735753,20838.499177572347,26386.425772763767,11102.820698156078,23936.839515115993
2026-04-06 11:35:00+00:00,23798.331041122045,18528.036717043527,16493.036066735753,20838.499177572347,26395.823389400128,11102.820698156078,23926.839515115993
2026-04-06 11:40:00+00:00,23798.331041122045,18528.036717043527,16493.036066735753,20838.499177572347,26395.823389400128,11102.820698156078,23926.839515115993
2026-04-06 11:45:00+00:00,23807.719395156702,18528.036717043527,16493.036066735753,20838.499177572347,26405.226880894556,11102.820698156078,23936.22786915065
2026-04-06 11:50:00+00:00,23807.719395156702,18528.036717043527,16493.036066735753,20838.499177572347,26414.62919549804,11102.820698156078,23936.22786915065
2026-04-06 11:55:00+00:00,23797.719395156702,18528.036717043527,16493.036066735753,20838.499177572347,26414.62919549804,11102.820698156078,23926.22786915065
2026-04-06 12:00:00+00:00,23807.119981177384,18528.036717043527,16493.036066735753,20838.499177572347,26424.031497965432,11102.820698156078,23935.628455171332
2026-04-06 12:05:00+00:00,23816.510423651376,18537.41869674224,16502.4129304096,20847.876041246192,26433.4147188288,11102.820698156078,23945.01889764532
2026-04-06 12:10:00+00:00,23825.924262926717,18537.41869674224,16502.4129304096,20847.876041246192,26442.811789940664,11102.820698156078,23954.432736920666
2026-04-06 12:15:00+00:00,23815.924262926717,18537.41869674224,16502.4129304096,20847.876041246192,26432.811789940664,11102.820698156078,23944.432736920666
2026-04-06 12:25:00+00:00,23825.322254726663,18537.41869674224,16502.4129304096,20847.876041246192,26432.811789940664,11102.820698156078,23953.83072872061
2026-04-06 12:30:00+00:00,23815.322254726663,18537.41869674224,16502.4129304096,20847.876041246192,26422.811789940664,11102.820698156078,23943.83072872061
2026-04-06 12:35:00+00:00,23824.72671121074,18546.823153226316,16502.4129304096,20857.280497730273,26432.21357625921,11102.820698156078,23953.235185204685
2026-04-06 12:40:00+00:00,23834.140367848173,18556.220192811175,16502.4129304096,20866.694154367702,26441.61253688508,11102.820698156078,23962.64884184212
2026-04-06 12:45:00+00:00,23843.474160656035,18556.220192811175,16502.4129304096,20866.694154367702,26450.942296923324,11102.820698156078,23971.982634649983
2026-04-06 12:50:00+00:00,23852.86901449967,18556.220192811175,16502.4129304096,20866.694154367702,26460.339261392684,11102.820698156078,23981.377488493614
2026-04-06 12:55:00+00:00,23862.278688715887,18556.220192811175,16502.4129304096,20866.694154367702,26469.74399412002,11102.820698156078,23990.787162709832
2026-04-06 13:00:00+00:00,23871.69104912963,18556.220192811175,16502.4129304096,20866.694154367702,26479.137950899552,11102.820698156078,24000.199523123578
2026-04-06 13:05:00+00:00,23881.099031739675,18556.220192811175,16502.4129304096,20866.694154367702,26488.529480868434,11102.820698156078,24009.60750573362
2026-04-06 13:10:00+00:00,23890.51432488185,18556.220192811175,16502.4129304096,20866.694154367702,26497.92604147399,11102.820698156078,24019.022798875798
2026-04-06 13:15:00+00:00,23880.51432488185,18565.6233564782,16502.4129304096,20866.694154367702,26507.327044363337,11102.820698156078,24009.022798875798
2026-04-06 13:20:00+00:00,23889.921721564628,18565.6233564782,16502.4129304096,20866.694154367702,26497.327044363337,11102.820698156078,24018.430195558576
2026-04-06 13:25:00+00:00,23879.921721564628,18565.6233564782,16502.4129304096,20866.694154367702,26506.724916292103,11102.820698156078,24008.430195558576
2026-04-06 13:30:00+00:00,23869.921721564628,18565.6233564782,16502.4129304096,20866.694154367702,26496.724916292103,11092.820698156078,23998.430195558576
2026-04-06 13:35:00+00:00,23879.24823898617,18565.6233564782,16511.737173400397,20876.0183973585,26506.02506519563,11092.820698156078,24007.756712980117
2026-04-06 13:40:00+00:00,23888.63606796322,18565.6233564782,16521.105367403103,20885.38659136121,26515.4258154497,11092.820698156078,24017.14454195717
2026-04-06 13:45:00+00:00,23898.023522836273,18565.6233564782,16521.105367403103,20885.38659136121,26524.830361389657,11092.820698156078,24026.53199683022
2026-04-06 13:50:00+00:00,23888.023522836273,18565.6233564782,16521.105367403103,20885.38659136121,26534.228953589878,11102.210913601295,24016.53199683022
2026-04-06 13:55:00+00:00,23878.023522836273,18565.6233564782,16521.105367403103,20885.38659136121,26543.63246679178,11111.612246823144,24006.53199683022
2026-04-06 14:00:00+00:00,23887.388080611083,18565.6233564782,16530.437240155712,20894.71846411382,26553.007110178965,11111.612246823144,24015.89655460503
2026-04-06 14:05:00+00:00,23887.388080611083,18565.6233564782,16530.437240155712,20894.71846411382,26562.40779935686,11111.612246823144,24015.89655460503
2026-04-06 14:10:00+00:00,23896.745034640953,18565.6233564782,16539.791263802545,20904.07248776065,26571.771340196483,11111.612246823144,24025.253508634898
2026-04-06 14:15:00+00:00,23906.151616268027,18565.6233564782,16539.791263802545,20904.07248776065,26561.771340196483,11111.612246823144,24034.660090261976
2026-04-06 14:20:00+00:00,23896.151616268027,18565.6233564782,16539.791263802545,20904.07248776065,26551.771340196483,11111.612246823144,24024.660090261976
2026-04-06 14:25:00+00:00,23905.542737072785,18565.6233564782,16549.162625159595,20913.443849117702,26561.17032942342,11111.612246823144,24034.05121106673
2026-04-06 14:30:00+00:00,23914.956957864066,18565.6233564782,16549.162625159595,20913.443849117702,26570.572931389368,11101.612246823144,24043.46543185801
2026-04-06 14:35:00+00:00,23904.956957864066,18565.6233564782,16558.451354187975,20913.443849117702,26560.572931389368,11110.900975851522,24033.46543185801
2026-04-06 14:40:00+00:00,23894.956957864066,18565.6233564782,16558.451354187975,20913.443849117702,26569.971615894683,11100.900975851522,24023.46543185801
2026-04-06 14:45:00+00:00,23904.35580290729,18565.6233564782,16567.825526201417,20922.81802113115,26579.373836861676,11100.900975851522,24032.864276901237
2026-04-06 14:50:00+00:00,23913.7210407312,18574.98859430211,16577.129146716816,20932.121641646543,26588.738028544718,11100.900975851522,24042.229514725146
2026-04-06 14:55:00+00:00,23923.103716081903,18574.98859430211,16586.48881767041,20941.48131260014,26598.11709690505,11100.900975851522,24051.61219007585
2026-04-06 15:00:00+00:00,23932.48934681275,18574.98859430211,16586.48881767041,20941.48131260014,26607.49379295422,11090.900975851522,24060.997820806697
2026-04-06 15:05:00+00:00,23922.48934681275,18574.98859430211,16586.48881767041,20941.48131260014,26597.49379295422,11100.293397591173,24050.997820806697
2026-04-06 15:10:00+00:00,23931.854044987107,18574.98859430211,16595.830156409193,20950.822651338924,26606.857886803813,11100.293397591173,24060.362518981055
2026-04-06 15:15:00+00:00,23941.267512895727,18574.98859430211,16595.830156409193,20950.822651338924,26596.857886803813,11100.293397591173,24069.775986889672
2026-04-06 15:20:00+00:00,23950.668239230217,18574.98859430211,16595.830156409193,20950.822651338924,26606.25541292469,11090.293397591173,24079.176713224162
2026-04-06 15:25:00+00:00,23960.07933184695,18574.98859430211,16595.830156409193,20950.822651338924,26615.64425554064,11099.682240207123,24088.5878058409
2026-04-06 15:30:00+00:00,23969.45748666865,18574.98859430211,16595.830156409193,20950.822651338924,26625.011173501545,11099.682240207123,24097.965960662594
2026-04-06 15:35:00+00:00,23978.842945939476,18574.98859430211,16605.215176512596,20960.207671442324,26634.378913288314,11099.682240207123,24107.35141993342
2026-04-06 15:40:00+00:00,23988.2347226422,18574.98859430211,16605.215176512596,20960.207671442324,26643.7832060427,11099.682240207123,24116.743196636144
2026-04-06 15:45:00+00:00,23997.62255779205,18584.38436054757,16605.215176512596,20969.595506592177,26653.176902763225,11099.682240207123,24126.131031785997
2026-04-06 15:50:00+00:00,24007.018057059835,18584.38436054757,16605.215176512596,20969.595506592177,26662.578974566648,11099.682240207123,24135.52653105378
2026-04-06 15:55:00+00:00,24016.427336674395,18584.38436054757,16605.215176512596,20969.595506592177,26671.980704074846,11089.682240207123,24144.93581066834
2026-04-06 16:00:00+00:00,24025.838069777674,18584.38436054757,16605.215176512596,20969.595506592177,26681.3805150591,11099.085904462336,24154.346543771622
2026-04-06 16:05:00+00:00,24035.248900881936,18584.38436054757,16605.215176512596,20969.595506592177,26690.77195722875,11108.477346631988,24163.75737487588
2026-04-06 16:10:00+00:00,24044.65355853223,18584.38436054757,16605.215176512596,20969.595506592177,26700.169069014344,11108.477346631988,24173.162032526176
2026-04-06 16:15:00+00:00,24054.04906079189,18584.38436054757,16605.215176512596,20969.595506592177,26709.571457245605,11108.477346631988,24182.55753478584
2026-04-06 16:20:00+00:00,24063.457084256617,18584.38436054757,16605.215176512596,20969.595506592177,26718.975994503107,11108.477346631988,24191.965558250566
2026-04-06 16:25:00+00:00,24072.86924823858,18584.38436054757,16605.215176512596,20969.595506592177,26728.37226346735,11108.477346631988,24201.37772223253
2026-04-06 16:30:00+00:00,24062.86924823858,18584.38436054757,16605.215176512596,20969.595506592177,26718.37226346735,11117.8699344127,24191.37772223253
2026-04-06 16:35:00+00:00,24052.86924823858,18584.38436054757,16605.215176512596,20969.595506592177,26708.37226346735,11107.8699344127,24181.37772223253
2026-04-06 16:40:00+00:00,24062.283946976902,18584.38436054757,16605.215176512596,20969.595506592177,26717.743158930927,11107.8699344127,24190.792420970847
2026-04-06 16:45:00+00:00,24071.66095138325,18584.38436054757,16614.58839981837,20978.968729897948,26727.131093310847,11107.8699344127,24200.1694253772
2026-04-06 16:50:00+00:00,24081.067740938015,18584.38436054757,16614.58839981837,20978.968729897948,26736.53433171412,11107.8699344127,24209.576214931963
2026-04-06 16:55:00+00:00,24090.444617711186,18584.38436054757,16623.976763376417,20988.357093455998,26745.9172391516,11107.8699344127,24218.95309170513
2026-04-06 17:00:00+00:00,24099.753111731334,18593.692854567722,16633.28656927616,20997.66689935574,26755.23667056807,11107.8699344127,24228.261585725282
2026-04-06 17:05:00+00:00,24109.13899984907,18593.692854567722,16642.646894626007,21007.027224705584,26764.619549179562,11107.8699344127,24237.64747384302
2026-04-06 17:10:00+00:00,24118.488307223997,18603.04216194265,16651.935423504554,21016.31575358413,26773.962375282783,11107.8699344127,24246.996781217946
2026-04-06 17:15:00+00:00,24127.88089467871,18603.04216194265,16651.935423504554,21016.31575358413,26783.352590610804,11107.8699344127,24256.38936867266
2026-04-06 17:20:00+00:00,24137.249012588305,18612.410279852244,16661.28475007056,21025.66508015014,26792.71601069187,11107.8699344127,24265.757486582253
2026-04-06 17:25:00+00:00,24146.648870747616,18612.410279852244,16661.28475007056,21025.66508015014,26802.115942344793,11107.8699344127,24275.15734474156
2026-04-06 17:30:00+00:00,24156.043186897863,18612.410279852244,16661.28475007056,21025.66508015014,26811.51035508023,11117.264347148135,24284.551660891808
2026-04-06 17:35:00+00:00,24165.451287968674,18612.410279852244,16661.28475007056,21025.66508015014,26820.891816058713,11117.264347148135,24293.95976196262
2026-04-06 17:40:00+00:00,24174.85315752543,18612.410279852244,16661.28475007056,21025.66508015014,26830.287159413387,11117.264347148135,24303.36163151938
2026-04-06 17:45:00+00:00,24164.85315752543,18612.410279852244,16661.28475007056,21025.66508015014,26820.287159413387,11126.655014860593,24293.36163151938
2026-04-06 17:50:00+00:00,24154.85315752543,18612.410279852244,16661.28475007056,21025.66508015014,26810.287159413387,11126.655014860593,24283.36163151938
2026-04-06 17:55:00+00:00,24164.265633263112,18612.410279852244,16661.28475007056,21025.66508015014,26810.287159413387,11126.655014860593,24292.774107257057
2026-04-06 18:00:00+00:00,24173.6685461448,18612.410279852244,16661.28475007056,21025.66508015014,26819.687092098073,11126.655014860593,24302.177020138744
2026-04-06 18:05:00+00:00,24183.08048100499,18612.410279852244,16661.28475007056,21025.66508015014,26829.09191985841,11126.655014860593,24311.588954998937
2026-04-06 18:10:00+00:00,24192.40694000505,18612.410279852244,16670.619522488072,21034.99985256765,26838.451932548513,11126.655014860593,24320.915413998995
2026-04-06 18:15:00+00:00,24201.82147778612,18612.410279852244,16670.619522488072,21034.99985256765,26847.855282164342,11136.053259392007,24330.32995178007
2026-04-06 18:20:00+00:00,24191.82147778612,18612.410279852244,16670.619522488072,21034.99985256765,26837.855282164342,11136.053259392007,24320.32995178007
2026-04-06 18:25:00+00:00,24181.82147778612,18621.76297957301,16679.983804796906,21044.364134876483,26847.24862355082,11136.053259392007,24310.32995178007
2026-04-06 18:30:00+00:00,24191.199511927938,18621.76297957301,16689.358649512917,21053.738979592497,26856.61947312106,11136.053259392007,24319.707985921887
2026-04-06 18:35:00+00:00,24181.199511927938,18621.76297957301,16689.358649512917,21053.738979592497,26866.00993162705,11136.053259392007,24309.707985921887
2026-04-06 18:40:00+00:00,24190.599073839192,18621.76297957301,16689.358649512917,21053.738979592497,26875.409553295856,11136.053259392007,24319.10754783314
2026-04-06 18:45:00+00:00,24199.99264627543,18621.76297957301,16689.358649512917,21053.738979592497,26884.800852428045,11136.053259392007,24328.50112026938
2026-04-06 18:50:00+00:00,24189.99264627543,18631.168024133687,16698.73553299475,21063.11586307433,26894.203471926732,11136.053259392007,24318.50112026938
2026-04-06 18:55:00+00:00,24179.99264627543,18631.168024133687,16698.73553299475,21063.11586307433,26894.203471926732,11136.053259392007,24308.50112026938
2026-04-06 19:00:00+00:00,24189.40532650878,18631.168024133687,16698.73553299475,21063.11586307433,26903.60259879468,11136.053259392007,24317.913800502723
2026-04-06 19:05:00+00:00,24198.786115638224,18640.548813263133,16708.08975181146,21072.47008189104,26912.979888551115,11136.053259392007,24327.29458963217
2026-04-06 19:10:00+00:00,24188.786115638224,18640.548813263133,16717.4619522453,21072.47008189104,26922.352088984957,11136.053259392007,24317.29458963217
2026-04-06 19:15:00+00:00,24198.197047284055,18640.548813263133,16717.4619522453,21072.47008189104,26931.747726649195,11136.053259392007,24326.705521278
2026-04-06 19:20:00+00:00,24188.197047284055,18640.548813263133,16717.4619522453,21072.47008189104,26921.747726649195,11136.053259392007,24316.705521278
2026-04-06 19:25:00+00:00,24197.57776657866,18640.548813263133,16717.4619522453,21072.47008189104,26931.142743968565,11136.053259392007,24326.086240572604
2026-04-06 19:30:00+00:00,24187.57776657866,18630.548813263133,16717.4619522453,21062.47008189104,26921.142743968565,11136.053259392007,24316.086240572604
2026-04-06 19:35:00+00:00,24177.57776657866,18630.548813263133,16717.4619522453,21062.47008189104,26930.53804649828,11145.448561921725,24306.086240572604
2026-04-06 19:40:00+00:00,24167.57776657866,18630.548813263133,16717.4619522453,21062.47008189104,26939.937356173126,11154.84787159657,24296.086240572604
2026-04-06 19:45:00+00:00,24176.963590584062,18639.93463726854,16717.4619522453,21071.855905896446,26949.327177059826,11154.84787159657,24305.47206457801
2026-04-06 19:50:00+00:00,24166.963590584062,18629.93463726854,16717.4619522453,21061.855905896446,26939.327177059826,11164.247560242815,24295.47206457801
2026-04-06 19:55:00+00:00,24156.963590584062,18629.93463726854,16717.4619522453,21061.855905896446,26948.717035250746,11164.247560242815,24285.47206457801
2026-04-06 20:00:00+00:00,24146.963590584062,18629.93463726854,16717.4619522453,21061.855905896446,26938.717035250746,11164.247560242815,24275.47206457801
2026-04-06 20:05:00+00:00,24156.37185234914,18639.326633943572,16717.4619522453,21071.26416766152,26948.12205046495,11164.247560242815,24284.880326343085
2026-04-06 20:10:00+00:00,24146.37185234914,18639.326633943572,16717.4619522453,21071.26416766152,26957.524687670248,11164.247560242815,24274.880326343085
2026-04-06 20:15:00+00:00,24155.772025280072,18639.326633943572,16726.85239104469,21080.65460646091,26966.91558212598,11164.247560242815,24284.28049927402
2026-04-06 20:20:00+00:00,24165.166771677486,18639.326633943572,16726.85239104469,21080.65460646091,26976.313255964837,11164.247560242815,24293.67524567143
2026-04-06 20:25:00+00:00,24174.581746932556,18639.326633943572,16726.85239104469,21080.65460646091,26985.710316462424,11173.653407541684,24303.0902209265
2026-04-06 20:30:00+00:00,24183.99128379301,18639.326633943572,16726.85239104469,21080.65460646091,26985.710316462424,11173.653407541684,24312.499757786958
2026-04-06 20:35:00+00:00,24193.399492220495,18639.326633943572,16726.85239104469,21080.65460646091,26985.710316462424,11173.653407541684,24321.907966214443
2026-04-06 20:40:00+00:00,24193.399492220495,18639.326633943572,16726.85239104469,21080.65460646091,26975.710316462424,11173.653407541684,24321.907966214443
2026-04-06 20:45:00+00:00,24193.399492220495,18639.326633943572,16726.85239104469,21080.65460646091,26975.710316462424,11173.653407541684,24321.907966214443
2026-04-06 20:50:00+00:00,24202.806439045016,18648.733580768094,16726.85239104469,21090.061553285428,26975.710316462424,11173.653407541684,24331.31491303896
2026-04-06 20:55:00+00:00,24212.210786909887,18658.131563425635,16726.85239104469,21099.465901150303,26985.114664327295,11173.653407541684,24340.719260903832
2026-04-06 21:00:00+00:00,24221.598783060545,18667.503664662756,16736.22955660688,21108.843066712492,26994.48244588954,11173.653407541684,24350.107257054493
2026-04-06 21:05:00+00:00,24230.997342867755,18676.902224469966,16736.22955660688,21118.241626519703,27003.879207266433,11173.653407541684,24359.505816861703
2026-04-06 21:10:00+00:00,24240.401782385994,18676.902224469966,16736.22955660688,21118.241626519703,27013.27181012208,11173.653407541684,24368.91025637994
2026-04-06 21:15:00+00:00,24230.401782385994,18676.902224469966,16736.22955660688,21118.241626519703,27003.27181012208,11173.653407541684,24358.91025637994
2026-04-06 21:20:00+00:00,24239.80762191343,18686.308063997403,16736.22955660688,21127.647466047136,27012.676539760294,11173.653407541684,24368.31609590738
2026-04-06 21:25:00+00:00,24239.80762191343,18686.308063997403,16736.22955660688,21127.647466047136,27012.676539760294,11173.653407541684,24368.31609590738
2026-04-06 21:30:00+00:00,24239.80762191343,18686.308063997403,16736.22955660688,21127.647466047136,27012.676539760294,11173.653407541684,24368.31609590738
2026-04-06 21:35:00+00:00,24249.15999722348,18695.660439307452,16745.561694476233,21136.97960391649,27022.020618045903,11173.653407541684,24377.668471217425
2026-04-06 21:40:00+00:00,24258.57242091324,18695.660439307452,16754.938031163692,21146.35594060395,27031.39695473336,11173.653407541684,24387.080894907187
2026-04-06 21:45:00+00:00,24267.97766407395,18695.660439307452,16764.305743130135,21155.723652570392,27040.800854140423,11173.653407541684,24396.4861380679
2026-04-06 21:50:00+00:00,24277.36822400104,18705.050999234536,16773.697899191844,21165.1158086321,27050.182895559912,11173.653407541684,24405.876697994983
2026-04-06 21:55:00+00:00,24286.7579612059,18714.4407364394,16783.086147007474,21174.50405644773,27059.576956580924,11173.653407541684,24415.266435199846
2026-04-06 22:00:00+00:00,24296.100912844944,18714.4407364394,16792.460850886637,21183.847008086777,27068.96281270866,11173.653407541684,24424.609386838893
2026-04-06 22:05:00+00:00,24305.488086357087,18723.827909951542,16792.460850886637,21193.23418159892,27078.366044074675,11173.653407541684,24433.996560351035
2026-04-06 22:10:00+00:00,24314.898559573187,18723.827909951542,16792.460850886637,21193.23418159892,27078.366044074675,11173.653407541684,24443.40703356713
2026-04-06 22:15:00+00:00,24324.31190880847,18723.827909951542,16792.460850886637,21193.23418159892,27087.767369670386,11173.653407541684,24452.82038280242
2026-04-06 22:20:00+00:00,24333.709539917356,18723.827909951542,16792.460850886637,21193.23418159892,27097.161017134746,11173.653407541684,24462.218013911304
2026-04-06 22:25:00+00:00,24343.11298585531,18723.827909951542,16792.460850886637,21193.23418159892,27106.557863433005,11173.653407541684,24471.62145984926
2026-04-06 22:30:00+00:00,24352.50487103775,18733.219795133984,16801.813929004904,21202.58725971719,27115.958175269763,11173.653407541684,24481.013345031693
2026-04-06 22:35:00+00:00,24361.909622796018,18733.219795133984,16801.813929004904,21202.58725971719,27125.358834948318,11173.653407541684,24490.418096789967
2026-04-06 22:40:00+00:00,24351.909622796018,18733.219795133984,16801.813929004904,21202.58725971719,27134.763245024813,11173.653407541684,24480.418096789967
2026-04-06 22:45:00+00:00,24361.32443734822,18733.219795133984,16801.813929004904,21202.58725971719,27134.763245024813,11173.653407541684,24489.832911342164
2026-04-06 22:50:00+00:00,24370.6842471256,18742.579604911363,16811.090912395623,21211.86424310791,27144.13822867597,11173.653407541684,24499.192721119543
2026-04-06 22:55:00+00:00,24380.08492237312,18742.579604911363,16811.090912395623,21211.86424310791,27153.54123521543,11173.653407541684,24508.593396367065
2026-04-06 23:00:00+00:00,24389.441351955666,18742.579604911363,16820.4452138283,21221.21854454059,27162.86167360428,11173.653407541684,24517.94982594961
2026-04-06 23:05:00+00:00,24379.441351955666,18732.579604911363,16810.4452138283,21211.21854454059,27152.86167360428,11173.653407541684,24507.94982594961
2026-04-06 23:10:00+00:00,24388.823307919785,18732.579604911363,16810.4452138283,21211.21854454059,27142.86167360428,11173.653407541684,24517.33178191373
2026-04-06 23:15:00+00:00,24378.823307919785,18732.579604911363,16819.80369160702,21211.21854454059,27152.25570017296,11183.046420450277,24507.33178191373
2026-04-06 23:20:00+00:00,24388.13140367931,18732.579604911363,16829.13643212851,21220.52664030011,27161.654621050788,11183.046420450277,24516.639877673253
2026-04-06 23:25:00+00:00,24397.506140317546,18741.9543415496,16838.508911298824,21229.899119470425,27171.041623970097,11183.046420450277,24526.01461431149
2026-04-06 23:30:00+00:00,24406.849662017437,18751.297863249492,16847.842198465398,21239.232406637,27180.397679758804,11183.046420450277,24535.358136011382
2026-04-06 23:35:00+00:00,24396.849662017437,18751.297863249492,16847.842198465398,21239.232406637,27170.397679758804,11192.440528833702,24525.358136011382
2026-04-06 23:40:00+00:00,24406.208673164336,18760.656874396387,16857.21925951332,21248.609467684917,27179.75948261196,11192.440528833702,24534.71714715828
2026-04-06 23:45:00+00:00,24415.600021810234,18760.656874396387,16857.21925951332,21248.609467684917,27189.156059416928,11192.440528833702,24544.108495804183
2026-04-06 23:50:00+00:00,24425.00057499368,18760.656874396387,16857.21925951332,21248.609467684917,27198.55982666465,11192.440528833702,24553.509048987624
2026-04-06 23:55:00+00:00,24415.00057499368,18760.656874396387,16857.21925951332,21248.609467684917,27207.96199771929,11192.440528833702,24543.509048987624
2026-04-07 00:00:00+00:00,24424.40824239437,18760.656874396387,16857.21925951332,21248.609467684917,27217.35685945564,11192.440528833702,24552.916716388318
2026-04-07 00:05:00+00:00,24433.765970446213,18770.014602448227,16866.58141230949,21257.97162048109,27226.738128136647,11201.798256885542,24562.274444440158
2026-04-07 00:10:00+00:00,24423.765970446213,18770.014602448227,16866.58141230949,21257.97162048109,27216.738128136647,11211.187894349801,24552.274444440158
2026-04-07 00:15:00+00:00,24413.765970446213,18770.014602448227,16866.58141230949,21257.97162048109,27226.141432756995,11211.187894349801,24542.274444440158
2026-04-07 00:20:00+00:00,24403.765970446213,18770.014602448227,16866.58141230949,21257.97162048109,27216.141432756995,11201.187894349801,24532.274444440158
2026-04-07 00:25:00+00:00,24393.765970446213,18770.014602448227,16866.58141230949,21257.97162048109,27206.141432756995,11201.187894349801,24522.274444440158
2026-04-07 00:30:00+00:00,24383.765970446213,18770.014602448227,16875.946509079535,21257.97162048109,27215.54417651054,11210.590638103344,24512.274444440158
2026-04-07 00:35:00+00:00,24393.15539705599,18770.014602448227,16885.30604852727,21267.33115992882,27224.948588170686,11210.590638103344,24521.66387104994
2026-04-07 00:40:00+00:00,24383.15539705599,18770.014602448227,16885.30604852727,21267.33115992882,27234.349815236612,11210.590638103344,24511.66387104994
2026-04-07 00:45:00+00:00,24392.565539179173,18770.014602448227,16885.30604852727,21267.33115992882,27243.752859491007,11219.987288847244,24521.07401317312
2026-04-07 00:50:00+00:00,24392.565539179173,18770.014602448227,16885.30604852727,21267.33115992882,27253.154563554777,11219.987288847244,24521.07401317312
2026-04-07 00:55:00+00:00,24401.980325987293,18770.014602448227,16885.30604852727,21267.33115992882,27262.506612738878,11219.987288847244,24530.48879998124
2026-04-07 01:00:00+00:00,24401.980325987293,18770.014602448227,16885.30604852727,21267.33115992882,27271.893560169174,11229.391412259547,24530.48879998124
2026-04-07 01:05:00+00:00,24411.358255044026,18770.014602448227,16894.661276373077,21276.68638777463,27281.269981167767,11229.391412259547,24539.866729037974
2026-04-07 01:10:00+00:00,24420.753877402178,18770.014602448227,16894.661276373077,21276.68638777463,27290.665536039804,11229.391412259547,24549.262351396123
2026-04-07 01:15:00+00:00,24430.124385916086,18779.385110962136,16904.020412094535,21286.04552349609,27300.045473568687,11229.391412259547,24558.63285991003
2026-04-07 01:20:00+00:00,24420.124385916086,18779.385110962136,16913.391027468006,21286.04552349609,27309.443831350425,11238.791731863845,24548.63285991003
2026-04-07 01:25:00+00:00,24410.124385916086,18779.385110962136,16913.391027468006,21286.04552349609,27299.443831350425,11238.791731863845,24538.63285991003
2026-04-07 01:30:00+00:00,24419.52182060133,18779.385110962136,16913.391027468006,21286.04552349609,27308.841153377078,11238.791731863845,24548.03029459528
2026-04-07 01:35:00+00:00,24428.92041045252,18788.760642652414,16922.729931778747,21295.384427806835,27318.2253704468,11238.791731863845,24557.428884446468
2026-04-07 01:40:00+00:00,24418.92041045252,18788.760642652414,16922.729931778747,21295.384427806835,27327.627200612995,11248.194367117947,24547.428884446468
2026-04-07 01:45:00+00:00,24428.317110326552,18788.760642652414,16922.729931778747,21295.384427806835,27337.028832212665,11248.194367117947,24556.825584320497
2026-04-07 01:50:00+00:00,24437.656002203803,18798.09953452967,16932.098601670667,21304.75309769875,27346.411640192753,11248.194367117947,24566.16447619775
2026-04-07 01:55:00+00:00,24447.03722170846,18798.09953452967,16941.484431689918,21314.138927718,27355.78561364131,11248.194367117947,24575.545695702407
2026-04-07 02:00:00+00:00,24456.451033603626,18798.09953452967,16941.484431689918,21314.138927718,27355.78561364131,11248.194367117947,24584.95950759757
2026-04-07 02:05:00+00:00,24446.451033603626,18788.09953452967,16931.484431689918,21304.138927718,27345.78561364131,11248.194367117947,24574.95950759757
2026-04-07 02:10:00+00:00,24455.846523649016,18788.09953452967,16931.484431689918,21304.138927718,27355.187004063766,11248.194367117947,24584.35499764296
2026-04-07 02:15:00+00:00,24465.261486340893,18788.09953452967,16931.484431689918,21304.138927718,27364.590324687568,11257.59450311626,24593.769960334837
2026-04-07 02:20:00+00:00,24455.261486340893,18778.09953452967,16931.484431689918,21294.138927718,27354.590324687568,11266.995661073897,24583.769960334837
2026-04-07 02:25:00+00:00,24464.668755978197,18778.09953452967,16931.484431689918,21294.138927718,27344.590324687568,11266.995661073897,24593.17722997214
2026-04-07 02:30:00+00:00,24474.063804599064,18787.494583150532,16931.484431689918,21303.53397633887,27353.984112555205,11266.995661073897,24602.572278593012
2026-04-07 02:35:00+00:00,24483.444779441663,18796.87555799313,16940.842506201097,21312.892050850045,27363.364727960823,11266.995661073897,24611.95325343561
2026-04-07 02:40:00+00:00,24492.84734304531,18806.27867393724,16950.21969918481,21322.26924383376,27372.766758015565,11266.995661073897,24621.355817039257
2026-04-07 02:45:00+00:00,24502.24440452633,18806.27867393724,16950.21969918481,21322.26924383376,27382.163683995892,11276.399591356023,24630.752878520274
2026-04-07 02:50:00+00:00,24492.24440452633,18806.27867393724,16950.21969918481,21322.26924383376,27391.555126842282,11276.399591356023,24620.752878520274
2026-04-07 02:55:00+00:00,24501.628399879333,18815.668353022873,16950.21969918481,21331.653239186766,27400.940789291344,11276.399591356023,24630.136873873278
2026-04-07 03:00:00+00:00,24491.628399879333,18815.668353022873,16950.21969918481,21331.653239186766,27410.34316237361,11276.399591356023,24620.136873873278
2026-04-07 03:05:00+00:00,24481.628399879333,18805.668353022873,16950.21969918481,21321.653239186766,27400.34316237361,11276.399591356023,24610.136873873278
2026-04-07 03:10:00+00:00,24491.04050600611,18805.668353022873,16950.21969918481,21321.653239186766,27400.34316237361,11276.399591356023,24619.548980000058
2026-04-07 03:15:00+00:00,24500.433472793688,18805.668353022873,16950.21969918481,21321.653239186766,27409.747900288592,11276.399591356023,24628.941946787636
2026-04-07 03:20:00+00:00,24509.824890508517,18815.059770737702,16950.21969918481,21331.04465690159,27419.145628101385,11276.399591356023,24638.33336450246
2026-04-07 03:25:00+00:00,24519.22958903115,18815.059770737702,16950.21969918481,21331.04465690159,27428.549627646993,11276.399591356023,24647.7380630251
2026-04-07 03:30:00+00:00,24528.62384004715,18815.059770737702,16950.21969918481,21331.04465690159,27437.944012364827,11276.399591356023,24657.132314041097
2026-04-07 03:35:00+00:00,24538.03352031876,18824.472235306763,16950.21969918481,21340.4543371732,27447.344821061666,11276.399591356023,24666.541994312705
2026-04-07 03:40:00+00:00,24528.03352031876,18824.472235306763,16950.21969918481,21340.4543371732,27447.344821061666,11276.399591356023,24656.541994312705
2026-04-07 03:45:00+00:00,24537.44306061804,18824.472235306763,16950.21969918481,21340.4543371732,27456.746223178816,11276.399591356023,24665.951534611988
2026-04-07 03:50:00+00:00,24527.44306061804,18824.472235306763,16950.21969918481,21340.4543371732,27446.746223178816,11276.399591356023,24655.951534611988
2026-04-07 03:55:00+00:00,24527.44306061804,18824.472235306763,16950.21969918481,21340.4543371732,27446.746223178816,11276.399591356023,24655.951534611988
2026-04-07 04:00:00+00:00,24517.44306061804,18824.472235306763,16950.21969918481,21340.4543371732,27456.110439020857,11276.399591356023,24645.951534611988
2026-04-07 04:05:00+00:00,24526.837394167407,18833.86656885613,16950.21969918481,21349.848670722567,27465.503540090955,11276.399591356023,24655.345868161356
2026-04-07 04:10:00+00:00,24536.244021576058,18833.86656885613,16950.21969918481,21349.848670722567,27474.9001255254,11276.399591356023,24664.752495570006
2026-04-07 04:15:00+00:00,24526.244021576058,18833.86656885613,16959.59005827368,21349.848670722567,27484.27048461427,11276.399591356023,24654.752495570006
2026-04-07 04:20:00+00:00,24535.640140421,18843.262687701077,16959.59005827368,21359.244789567514,27493.67282003424,11276.399591356023,24664.148614414946
2026-04-07 04:25:00+00:00,24545.042448797598,18843.262687701077,16959.59005827368,21359.244789567514,27493.67282003424,11276.399591356023,24673.550922791543
2026-04-07 04:30:00+00:00,24554.42989214526,18843.262687701077,16968.94914164277,21368.6038729366,27503.062698494352,11276.399591356023,24682.938366139206
2026-04-07 04:35:00+00:00,24563.805008447205,18843.262687701077,16968.94914164277,21368.6038729366,27512.465484550743,11276.399591356023,24692.31348244115
2026-04-07 04:40:00+00:00,24553.805008447205,18843.262687701077,16968.94914164277,21368.6038729366,27512.465484550743,11276.399591356023,24682.31348244115
2026-04-07 04:45:00+00:00,24563.18027214348,18852.63795139735,16978.297081760946,21377.95181305478,27521.83886405841,11276.399591356023,24691.688746137428
2026-04-07 04:50:00+00:00,24572.59271584879,18862.042648576775,16978.297081760946,21387.36425676009,27531.242342467314,11276.399591356023,24701.101189842735
2026-04-07 04:55:00+00:00,24582.0005076756,18871.450440403587,16978.297081760946,21396.7720485869,27540.640252725447,11276.399591356023,24710.508981669547
2026-04-07 05:00:00+00:00,24591.412536609554,18871.450440403587,16978.297081760946,21396.7720485869,27540.640252725447,11276.399591356023,24719.9210106035
2026-04-07 05:05:00+00:00,24600.819050533384,18880.862559527995,16978.297081760946,21406.178562510733,27550.028250594263,11276.399591356023,24729.327524527333
2026-04-07 05:10:00+00:00,24590.819050533384,18880.862559527995,16978.297081760946,21406.178562510733,27550.028250594263,11276.399591356023,24719.327524527333
2026-04-07 05:15:00+00:00,24580.819050533384,18880.862559527995,16978.297081760946,21406.178562510733,27540.028250594263,11266.399591356023,24709.327524527333
2026-04-07 05:20:00+00:00,24570.819050533384,18880.862559527995,16978.297081760946,21406.178562510733,27530.028250594263,11266.399591356023,24699.327524527333
2026-04-07 05:25:00+00:00,24580.218530530612,18890.262039525223,16978.297081760946,21415.57804250796,27539.425948763077,11266.399591356023,24708.72700452456
2026-04-07 05:30:00+00:00,24570.218530530612,18890.262039525223,16978.297081760946,21415.57804250796,27548.830137229892,11266.399591356023,24698.72700452456
2026-04-07 05:35:00+00:00,24560.218530530612,18890.262039525223,16978.297081760946,21415.57804250796,27558.215161316897,11266.399591356023,24688.72700452456
2026-04-07 05:40:00+00:00,24569.609167867617,18899.65267686223,16978.297081760946,21424.96867984497,27567.61371924354,11266.399591356023,24698.117641861565
2026-04-07 05:45:00+00:00,24559.609167867617,18899.65267686223,16978.297081760946,21424.96867984497,27567.61371924354,11266.399591356023,24688.117641861565
2026-04-07 05:50:00+00:00,24549.609167867617,18899.65267686223,16978.297081760946,21424.96867984497,27567.61371924354,11266.399591356023,24678.117641861565
2026-04-07 05:55:00+00:00,24549.609167867617,18899.65267686223,16978.297081760946,21424.96867984497,27576.99176701362,11266.399591356023,24678.117641861565
2026-04-07 06:00:00+00:00,24539.609167867617,18899.65267686223,16978.297081760946,21424.96867984497,27566.99176701362,11266.399591356023,24668.117641861565
2026-04-07 06:05:00+00:00,24549.02453522144,18899.65267686223,16978.297081760946,21424.96867984497,27556.99176701362,11266.399591356023,24677.533009215385
2026-04-07 06:10:00+00:00,24558.410679504188,18899.65267686223,16987.677178009842,21434.348776093862,27566.36589060078,11266.399591356023,24686.919153498136
2026-04-07 06:15:00+00:00,24567.790232628828,18899.65267686223,16987.677178009842,21434.348776093862,27575.76895742718,11266.399591356023,24696.298706622772
2026-04-07 06:20:00+00:00,24557.790232628828,18899.65267686223,16987.677178009842,21434.348776093862,27565.76895742718,11266.399591356023,24686.298706622772
2026-04-07 06:25:00+00:00,24557.790232628828,18899.65267686223,16987.677178009842,21434.348776093862,27575.173953504087,11266.399591356023,24686.298706622772
2026-04-07 06:30:00+00:00,24567.179965219802,18909.042409453206,16987.677178009842,21443.738508684837,27584.565944564703,11266.399591356023,24695.68843921375
2026-04-07 06:35:00+00:00,24576.56985634729,18909.042409453206,16997.04488400177,21453.128399812325,27593.967186570302,11266.399591356023,24705.07833034124
2026-04-07 06:40:00+00:00,24566.56985634729,18909.042409453206,16997.04488400177,21453.128399812325,27583.967186570302,11266.399591356023,24695.07833034124
2026-04-07 06:45:00+00:00,24556.56985634729,18909.042409453206,16997.04488400177,21453.128399812325,27573.967186570302,11266.399591356023,24685.07833034124
2026-04-07 06:50:00+00:00,24565.971673803277,18909.042409453206,16997.04488400177,21453.128399812325,27583.359145457856,11266.399591356023,24694.48014779722
2026-04-07 06:55:00+00:00,24555.971673803277,18909.042409453206,16997.04488400177,21453.128399812325,27592.75939585797,11266.399591356023,24684.48014779722
2026-04-07 07:00:00+00:00,24555.971673803277,18909.042409453206,16997.04488400177,21453.128399812325,27602.154829152856,11266.399591356023,24684.48014779722
2026-04-07 07:05:00+00:00,24545.971673803277,18909.042409453206,16997.04488400177,21453.128399812325,27602.154829152856,11266.399591356023,24674.48014779722
2026-04-07 07:10:00+00:00,24535.971673803277,18909.042409453206,16997.04488400177,21453.128399812325,27602.154829152856,11275.805248333783,24664.48014779722
2026-04-07 07:15:00+00:00,24525.971673803277,18909.042409453206,16997.04488400177,21453.128399812325,27592.154829152856,11275.805248333783,24654.48014779722
2026-04-07 07:20:00+00:00,24515.971673803277,18909.042409453206,16997.04488400177,21453.128399812325,27582.154829152856,11265.805248333783,24644.48014779722
2026-04-07 07:25:00+00:00,24525.34863198807,18918.419367638002,17006.41558949638,21462.499105306935,27591.537135397826,11265.805248333783,24653.857105982017
2026-04-07 07:30:00+00:00,24534.727451378356,18927.79818702829,17015.79705859559,21471.880574406146,27600.926677247237,11265.805248333783,24663.235925372304
2026-04-07 07:35:00+00:00,24524.727451378356,18937.207383392553,17015.79705859559,21471.880574406146,27610.329446051805,11265.805248333783,24653.235925372304
2026-04-07 07:40:00+00:00,24534.14236796312,18937.207383392553,17015.79705859559,21471.880574406146,27610.329446051805,11265.805248333783,24662.650841957067
2026-04-07 07:45:00+00:00,24543.54923742682,18937.207383392553,17015.79705859559,21471.880574406146,27610.329446051805,11265.805248333783,24672.05771142077
2026-04-07 07:50:00+00:00,24552.952323601072,18946.610469566807,17015.79705859559,21481.283660580397,27619.72871605716,11265.805248333783,24681.46079759502
2026-04-07 07:55:00+00:00,24562.367574553362,18946.610469566807,17015.79705859559,21481.283660580397,27629.1314955752,11265.805248333783,24690.87604854731
2026-04-07 08:00:00+00:00,24571.718160478995,18955.96105549244,17025.154434718042,21490.641036702847,27638.450671948227,11265.805248333783,24700.226634472943
2026-04-07 08:05:00+00:00,24561.718160478995,18955.96105549244,17025.154434718042,21490.641036702847,27638.450671948227,11265.805248333783,24690.226634472943
2026-04-07 08:10:00+00:00,24571.116141386556,18955.96105549244,17034.54454843096,21500.031150415765,27647.828534441403,11265.805248333783,24699.624615380504
2026-04-07 08:15:00+00:00,24561.116141386556,18945.96105549244,17034.54454843096,21490.031150415765,27637.828534441403,11265.805248333783,24689.624615380504
2026-04-07 08:20:00+00:00,24570.529955214603,18945.96105549244,17034.54454843096,21490.031150415765,27647.23000781824,11265.805248333783,24699.038429208547
2026-04-07 08:25:00+00:00,24579.93554448378,18945.96105549244,17034.54454843096,21490.031150415765,27656.62866670567,11265.805248333783,24708.444018477727
2026-04-07 08:30:00+00:00,24589.324555892716,18955.350066901374,17034.54454843096,21499.420161824703,27666.01950489214,11265.805248333783,24717.83302988666
2026-04-07 08:35:00+00:00,24598.72753312688,18955.350066901374,17034.54454843096,21499.420161824703,27675.42254261805,11265.805248333783,24727.236007120824
2026-04-07 08:40:00+00:00,24588.72753312688,18955.350066901374,17034.54454843096,21499.420161824703,27684.82399330791,11265.805248333783,24717.236007120824
2026-04-07 08:45:00+00:00,24598.125902959284,18955.350066901374,17034.54454843096,21499.420161824703,27694.226923178998,11265.805248333783,24726.634376953232
2026-04-07 08:50:00+00:00,24607.517464002973,18964.741627945063,17034.54454843096,21508.811722868388,27703.610588856416,11265.805248333783,24736.02593799692
2026-04-07 08:55:00+00:00,24616.92627672031,18964.741627945063,17034.54454843096,21508.811722868388,27693.610588856416,11255.805248333783,24745.434750714256
2026-04-07 09:00:00+00:00,24626.33063669667,18964.741627945063,17034.54454843096,21508.811722868388,27703.014987461618,11255.805248333783,24754.83911069062
2026-04-07 09:05:00+00:00,24616.33063669667,18964.741627945063,17043.90254276431,21508.811722868388,27712.372981794968,11255.805248333783,24744.83911069062
2026-04-07 09:10:00+00:00,24606.33063669667,18964.741627945063,17053.279071035526,21508.811722868388,27721.749510066184,11265.181776604999,24734.83911069062
2026-04-07 09:15:00+00:00,24615.72443745818,18974.13542870657,17053.279071035526,21518.205523629895,27731.13874297524,11265.181776604999,24744.232911452127
2026-04-07 09:20:00+00:00,24625.12591449226,18974.13542870657,17053.279071035526,21518.205523629895,27740.539809354566,11265.181776604999,24753.634388486204
2026-04-07 09:25:00+00:00,24634.533441748135,18974.13542870657,17053.279071035526,21518.205523629895,27730.539809354566,11265.181776604999,24763.04191574208
2026-04-07 09:30:00+00:00,24643.930961128026,18974.13542870657,17053.279071035526,21518.205523629895,27739.943786206044,11265.181776604999,24772.43943512197
2026-04-07 09:35:00+00:00,24633.930961128026,18974.13542870657,17053.279071035526,21518.205523629895,27739.943786206044,11265.181776604999,24762.43943512197
2026-04-07 09:40:00+00:00,24643.32834802036,18974.13542870657,17053.279071035526,21518.205523629895,27749.33527745037,11265.181776604999,24771.83682201431
2026-04-07 09:45:00+00:00,24633.32834802036,18974.13542870657,17053.279071035526,21518.205523629895,27739.33527745037,11274.578790517113,24761.83682201431
2026-04-07 09:50:00+00:00,24633.32834802036,18974.13542870657,17053.279071035526,21518.205523629895,27748.740108990347,11274.578790517113,24761.83682201431
2026-04-07 09:55:00+00:00,24623.32834802036,18974.13542870657,17053.279071035526,21518.205523629895,27748.740108990347,11274.578790517113,24751.83682201431
2026-04-07 10:00:00+00:00,24632.735692885763,18983.529245590435,17062.65402162069,21527.580474215058,27758.141426128288,11283.972607400978,24761.24416687971
2026-04-07 10:05:00+00:00,24642.13617216475,18983.529245590435,17062.65402162069,21527.580474215058,27767.54527890252,11283.972607400978,24770.644646158697
2026-04-07 10:10:00+00:00,24651.51908348983,18983.529245590435,17072.041682719257,21536.968135313626,27776.94976173918,11283.972607400978,24780.02755748378
2026-04-07 10:15:00+00:00,24660.891667336968,18983.529245590435,17072.041682719257,21536.968135313626,27786.334942646503,11283.972607400978,24789.400141330912
2026-04-07 10:20:00+00:00,24660.891667336968,18983.529245590435,17072.041682719257,21536.968135313626,27795.733809223377,11283.972607400978,24789.400141330912
2026-04-07 10:25:00+00:00,24670.262757763354,18983.529245590435,17081.381946953003,21546.30839954737,27805.08627591922,11283.972607400978,24798.7712317573
2026-04-07 10:30:00+00:00,24660.262757763354,18983.529245590435,17081.381946953003,21546.30839954737,27814.4853235823,11283.972607400978,24788.7712317573
2026-04-07 10:35:00+00:00,24669.594193650773,18992.860681477854,17090.7088365552,21555.63528914957,27823.853621293667,11283.972607400978,24798.102667644718
2026-04-07 10:40:00+00:00,24679.007853764735,18992.860681477854,17090.7088365552,21555.63528914957,27833.254205954985,11273.972607400978,24807.51632775868
2026-04-07 10:45:00+00:00,24688.414640591247,18992.860681477854,17090.7088365552,21555.63528914957,27842.64598797929,11273.972607400978,24816.923114585195
2026-04-07 10:50:00+00:00,24697.81848736431,18992.860681477854,17100.08807032114,21565.01452291551,27852.04983475235,11283.352465121341,24826.326961358256
2026-04-07 10:55:00+00:00,24707.21869981717,18992.860681477854,17100.08807032114,21565.01452291551,27842.04983475235,11273.352465121341,24835.727173811116
2026-04-07 11:00:00+00:00,24716.592374316457,18992.860681477854,17109.474151728613,21574.400604322982,27851.441352491256,11273.352465121341,24845.1008483104
2026-04-07 11:05:00+00:00,24725.977560664414,18992.860681477854,17118.84430267934,21583.770755273712,27860.83705646819,11273.352465121341,24854.48603465836
2026-04-07 11:10:00+00:00,24735.372464870772,18992.860681477854,17118.84430267934,21583.770755273712,27870.237680185015,11273.352465121341,24863.88093886472
2026-04-07 11:15:00+00:00,24744.763943544625,18992.860681477854,17118.84430267934,21583.770755273712,27879.600592766525,11273.352465121341,24873.272417538574
2026-04-07 11:20:00+00:00,24754.150613881724,18992.860681477854,17118.84430267934,21583.770755273712,27888.98780810727,11273.352465121341,24882.65908787567
2026-04-07 11:25:00+00:00,24763.547188614415,18992.860681477854,17128.23048287195,21593.156935466322,27898.381676627363,11273.352465121341,24892.055662608363
2026-04-07 11:30:00+00:00,24772.955922953406,19002.260056842606,17128.23048287195,21602.565669805314,27907.78271802213,11273.352465121341,24901.464396947355
2026-04-07 11:35:00+00:00,24782.366534230365,19011.622516068186,17137.603718712824,21611.938905646188,27917.183322140816,11273.352465121341,24910.875008224313
2026-04-07 11:40:00+00:00,24782.366534230365,19011.622516068186,17137.603718712824,21611.938905646188,27917.183322140816,11273.352465121341,24910.875008224313
2026-04-07 11:45:00+00:00,24772.366534230365,19011.622516068186,17137.603718712824,21611.938905646188,27926.57430255831,11273.352465121341,24900.875008224313
2026-04-07 11:50:00+00:00,24781.760131185816,19021.016113023634,17137.603718712824,21621.332502601635,27935.970243830492,11273.352465121341,24910.26860517976
2026-04-07 11:55:00+00:00,24771.760131185816,19021.016113023634,17137.603718712824,21621.332502601635,27935.970243830492,11273.352465121341,24900.26860517976
2026-04-07 12:00:00+00:00,24781.171501571647,19021.016113023634,17137.603718712824,21621.332502601635,27945.37176062826,11273.352465121341,24909.679975565596
2026-04-07 12:05:00+00:00,24790.464234840685,19030.308846292675,17146.847817415815,21630.576601304623,27954.676877181802,11263.352465121341,24918.972708834634
2026-04-07 12:10:00+00:00,24799.823070865874,19039.667682317864,17156.225787740677,21639.95457162949,27964.03819764861,11263.352465121341,24928.331544859822
2026-04-07 12:15:00+00:00,24789.823070865874,19039.667682317864,17165.593210538773,21639.95457162949,27954.03819764861,11272.719887919437,24918.331544859822
2026-04-07 12:20:00+00:00,24799.1848907649,19049.029502216887,17174.965943201005,21649.32730429172,27963.40480726053,11272.719887919437,24927.693364758845
2026-04-07 12:25:00+00:00,24799.1848907649,19049.029502216887,17174.965943201005,21649.32730429172,27963.40480726053,11272.719887919437,24927.693364758845
2026-04-07 12:30:00+00:00,24808.565663526097,19058.410274978083,17184.32232755747,21658.683688648183,27972.788752312073,11272.719887919437,24937.074137520045
2026-04-07 12:35:00+00:00,24817.97075849177,19058.410274978083,17184.32232755747,21658.683688648183,27982.19266642007,11272.719887919437,24946.47923248572
2026-04-07 12:40:00+00:00,24827.376788014455,19067.816304500768,17184.32232755747,21668.08971817087,27991.597604164024,11272.719887919437,24955.8852620084
2026-04-07 12:45:00+00:00,24817.376788014455,19067.816304500768,17184.32232755747,21668.08971817087,27981.597604164024,11282.11010295599,24945.8852620084
2026-04-07 12:50:00+00:00,24826.77230685315,19077.21182333946,17184.32232755747,21677.48523700956,27990.998046796514,11282.11010295599,24955.280780847097
2026-04-07 12:55:00+00:00,24826.77230685315,19077.21182333946,17193.677429642332,21677.48523700956,28000.364785219288,11282.11010295599,24964.635882931958
2026-04-07 13:00:00+00:00,24836.174135375215,19077.21182333946,17193.677429642332,21677.48523700956,28009.765843979945,11282.11010295599,24974.037711454028
2026-04-07 13:05:00+00:00,24845.54758875454,19077.21182333946,17203.048084512575,21686.8558918798,28019.139450809747,11282.11010295599,24983.41116483335
2026-04-07 13:10:00+00:00,24835.54758875454,19077.21182333946,17203.048084512575,21686.8558918798,28009.139450809747,11282.11010295599,24973.41116483335
2026-04-07 13:15:00+00:00,24844.92607020948,19086.5903047944,17212.42395960042,21696.231766967645,28018.52147140906,11282.11010295599,24982.789646288293
2026-04-07 13:20:00+00:00,24854.335661108875,19086.5903047944,17212.42395960042,21696.231766967645,28027.908943141527,11282.11010295599,24992.199237187684
2026-04-07 13:25:00+00:00,24863.74586152994,19086.5903047944,17212.42395960042,21696.231766967645,28037.311556965124,11282.11010295599,25001.60943760875
2026-04-07 13:30:00+00:00,24873.139636500957,19086.5903047944,17212.42395960042,21696.231766967645,28046.716458858944,11282.11010295599,25011.00321257977
2026-04-07 13:35:00+00:00,24863.139636500957,19086.5903047944,17212.42395960042,21696.231766967645,28036.716458858944,11282.11010295599,25001.00321257977
2026-04-07 13:40:00+00:00,24872.53408544322,19086.5903047944,17212.42395960042,21696.231766967645,28026.716458858944,11291.50873343138,25010.39766152203
2026-04-07 13:45:00+00:00,24881.916778309285,19086.5903047944,17221.78473177555,21705.592539142777,28036.098508988158,11291.50873343138,25019.780354388095
2026-04-07 13:50:00+00:00,24891.330177957425,19086.5903047944,17231.16424893377,21714.972056300998,28045.48197485798,11291.50873343138,25029.193754036238
2026-04-07 13:55:00+00:00,24900.669984906228,19095.9301117432,17240.499536147217,21724.307343514447,28054.8274111725,11291.50873343138,25038.533560985037
2026-04-07 14:00:00+00:00,24910.073617081864,19095.9301117432,17249.862802443,21733.67060981023,28064.218270377612,11291.50873343138,25047.937193160673
2026-04-07 14:05:00+00:00,24919.38148294512,19095.9301117432,17259.139503981824,21742.947311349053,28073.5334580973,11291.50873343138,25057.24505902393
2026-04-07 14:10:00+00:00,24928.761394051253,19095.9301117432,17259.139503981824,21742.947311349053,28082.910336511464,11291.50873343138,25066.624970130062
2026-04-07 14:15:00+00:00,24938.13378021861,19095.9301117432,17268.46232651766,21752.27013388489,28092.306661226292,11291.50873343138,25075.99735629742
2026-04-07 14:20:00+00:00,24947.478809484266,19095.9301117432,17277.75766677605,21761.56547414328,28101.635491840192,11291.50873343138,25085.34238556308
2026-04-07 14:25:00+00:00,24937.478809484266,19085.9301117432,17267.75766677605,21751.56547414328,28091.635491840192,11291.50873343138,25075.34238556308
2026-04-07 14:30:00+00:00,24927.478809484266,19085.9301117432,17277.11026213394,21751.56547414328,28081.635491840192,11300.861328789273,25065.34238556308
2026-04-07 14:35:00+00:00,24917.478809484266,19085.9301117432,17277.11026213394,21751.56547414328,28071.635491840192,11290.861328789273,25055.34238556308
2026-04-07 14:40:00+00:00,24907.478809484266,19085.9301117432,17277.11026213394,21751.56547414328,28061.635491840192,11300.25310435449,25045.34238556308
2026-04-07 14:45:00+00:00,24916.845616656716,19085.9301117432,17286.483148419553,21760.938360428892,28070.983402492675,11300.25310435449,25054.70919273553
2026-04-07 14:50:00+00:00,24926.23624909817,19085.9301117432,17286.483148419553,21760.938360428892,28080.369601048285,11300.25310435449,25064.099825176978
2026-04-07 14:55:00+00:00,24935.65134330644,19085.9301117432,17286.483148419553,21760.938360428892,28089.771530663675,11290.25310435449,25073.51491938525
2026-04-07 15:00:00+00:00,24945.048422531592,19085.9301117432,17286.483148419553,21760.938360428892,28079.771530663675,11280.25310435449,25082.911998610405
2026-04-07 15:05:00+00:00,24935.048422531592,19085.9301117432,17286.483148419553,21760.938360428892,28089.16822538617,11270.25310435449,25072.911998610405
2026-04-07 15:10:00+00:00,24925.048422531592,19085.9301117432,17286.483148419553,21760.938360428892,28079.16822538617,11279.650143073852,25062.911998610405
2026-04-07 15:15:00+00:00,24925.048422531592,19085.9301117432,17295.867966451475,21760.938360428892,28088.545385835263,11269.650143073852,25072.296816642323
2026-04-07 15:20:00+00:00,24934.45265467585,19085.9301117432,17295.867966451475,21760.938360428892,28097.94520753427,11269.650143073852,25081.701048786585
2026-04-07 15:25:00+00:00,24943.847834812244,19085.9301117432,17295.867966451475,21760.938360428892,28107.345299444667,11269.650143073852,25091.096228922976
2026-04-07 15:30:00+00:00,24953.255739730273,19085.9301117432,17295.867966451475,21760.938360428892,28097.345299444667,11259.650143073852,25100.504133841005
2026-04-07 15:35:00+00:00,24943.255739730273,19085.9301117432,17295.867966451475,21760.938360428892,28087.345299444667,11269.049042073431,25090.504133841005
2026-04-07 15:40:00+00:00,24952.640934567236,19095.315306580167,17305.260977609632,21770.33137158705,28096.727833951205,11269.049042073431,25099.88932867797
2026-04-07 15:45:00+00:00,24962.04176469244,19095.315306580167,17305.260977609632,21770.33137158705,28106.125323685217,11269.049042073431,25109.29015880317
2026-04-07 15:50:00+00:00,24952.04176469244,19095.315306580167,17305.260977609632,21770.33137158705,28096.125323685217,11278.448300112432,25099.29015880317
2026-04-07 15:55:00+00:00,24961.4451768377,19095.315306580167,17305.260977609632,21770.33137158705,28105.528642451874,11278.448300112432,25108.69357094843
2026-04-07 16:00:00+00:00,24970.77513300166,19104.645262744125,17314.611023669728,21779.681417647145,28114.90264561899,11278.448300112432,25118.023527112397
2026-04-07 16:05:00+00:00,24960.77513300166,19104.645262744125,17323.98665909088,21779.681417647145,28124.300598820588,11268.448300112432,25108.023527112397
2026-04-07 16:10:00+00:00,24970.176502856513,19104.645262744125,17323.98665909088,21779.681417647145,28133.70056995886,11268.448300112432,25117.424896967244
2026-04-07 16:15:00+00:00,24960.176502856513,19104.645262744125,17323.98665909088,21779.681417647145,28143.10545147299,11268.448300112432,25107.424896967244
2026-04-07 16:20:00+00:00,24969.58788026386,19104.645262744125,17323.98665909088,21779.681417647145,28152.510161388742,11268.448300112432,25116.836274374593
2026-04-07 16:25:00+00:00,24978.971391956053,19104.645262744125,17323.98665909088,21779.681417647145,28161.899809575407,11268.448300112432,25126.219786066787
2026-04-07 16:30:00+00:00,24968.971391956053,19104.645262744125,17323.98665909088,21779.681417647145,28161.899809575407,11268.448300112432,25116.219786066787
2026-04-07 16:35:00+00:00,24978.373732574677,19114.03947174614,17323.98665909088,21789.08375826577,28171.289844058574,11268.448300112432,25125.62212668541
2026-04-07 16:40:00+00:00,24968.373732574677,19114.03947174614,17323.98665909088,21789.08375826577,28171.289844058574,11268.448300112432,25115.62212668541
2026-04-07 16:45:00+00:00,24958.373732574677,19114.03947174614,17323.98665909088,21789.08375826577,28161.289844058574,11268.448300112432,25105.62212668541
2026-04-07 16:50:00+00:00,24967.750078838195,19123.423208164248,17333.34640265062,21798.443501825506,28170.69225252773,11268.448300112432,25114.99847294893
2026-04-07 16:55:00+00:00,24977.1574334221,19123.423208164248,17333.34640265062,21798.443501825506,28180.092310574644,11268.448300112432,25124.40582753283
2026-04-07 17:00:00+00:00,24986.543488413183,19123.423208164248,17342.70538475652,21807.80248393141,28189.483218693153,11268.448300112432,25133.791882523918
2026-04-07 17:05:00+00:00,24976.543488413183,19123.423208164248,17342.70538475652,21807.80248393141,28198.87837201374,11268.448300112432,25123.791882523918
2026-04-07 17:10:00+00:00,24985.938805866004,19123.423208164248,17342.70538475652,21807.80248393141,28208.27321912393,11268.448300112432,25133.18719997674
2026-04-07 17:15:00+00:00,24975.938805866004,19123.423208164248,17352.077302352678,21807.80248393141,28217.675765488013,11277.842369337457,25123.18719997674
2026-04-07 17:20:00+00:00,24985.294574411346,19123.423208164248,17361.42049054146,21817.15825247675,28227.076752130102,11277.842369337457,25132.54296852208
2026-04-07 17:25:00+00:00,24994.70281621269,19123.423208164248,17361.42049054146,21817.15825247675,28236.480163644224,11277.842369337457,25141.951210323423
2026-04-07 17:30:00+00:00,25004.08683954843,19123.423208164248,17370.802266777973,21826.540028713265,28245.874926809116,11277.842369337457,25151.335233659163
2026-04-07 17:35:00+00:00,25013.37196318285,19123.423208164248,17380.08946362445,21835.82722555974,28255.120120283456,11277.842369337457,25160.62035729358
2026-04-07 17:40:00+00:00,25003.37196318285,19123.423208164248,17380.08946362445,21835.82722555974,28245.120120283456,11277.842369337457,25150.62035729358
2026-04-07 17:45:00+00:00,25012.76240679143,19123.423208164248,17380.08946362445,21835.82722555974,28254.513887838268,11277.842369337457,25160.01080090216
2026-04-07 17:50:00+00:00,25022.132249542876,19132.793050915694,17389.46997752568,21845.207739460973,28263.889995365607,11277.842369337457,25169.38064365361
2026-04-07 17:55:00+00:00,25031.541543708867,19132.793050915694,17389.46997752568,21845.207739460973,28273.290437357176,11277.842369337457,25178.7899378196
2026-04-07 18:00:00+00:00,25021.541543708867,19132.793050915694,17389.46997752568,21845.207739460973,28263.290437357176,11277.842369337457,25168.7899378196
2026-04-07 18:05:00+00:00,25011.541543708867,19132.793050915694,17389.46997752568,21845.207739460973,28272.692919447065,11277.842369337457,25158.7899378196
2026-04-07 18:10:00+00:00,25020.945450711904,19142.193834126774,17389.46997752568,21854.611646464007,28282.092105785447,11277.842369337457,25168.193844822636
2026-04-07 18:15:00+00:00,25030.34840314983,19142.193834126774,17389.46997752568,21854.611646464007,28272.092105785447,11267.842369337457,25177.59679726056
2026-04-07 18:20:00+00:00,25039.757866881086,19142.193834126774,17389.46997752568,21854.611646464007,28262.092105785447,11257.842369337457,25187.006260991817
2026-04-07 18:25:00+00:00,25049.152353609992,19151.588320855677,17398.865434900352,21864.00710383868,28271.473866599255,11257.842369337457,25196.400747720727
2026-04-07 18:30:00+00:00,25058.546725342763,19160.982692588448,17398.865434900352,21873.40147557145,28280.877613219425,11257.842369337457,25205.795119453494
2026-04-07 18:35:00+00:00,25067.908297975846,19170.34426522153,17408.21901743614,21882.755058107236,28290.232608363374,11257.842369337457,25215.156692086577
2026-04-07 18:40:00+00:00,25067.908297975846,19170.34426522153,17408.21901743614,21882.755058107236,28290.232608363374,11257.842369337457,25215.156692086577
2026-04-07 18:45:00+00:00,25077.31823196698,19170.34426522153,17408.21901743614,21882.755058107236,28299.625591314052,11257.842369337457,25224.56662607771
2026-04-07 18:50:00+00:00,25086.727941101628,19170.34426522153,17408.21901743614,21882.755058107236,28309.023634070425,11267.24041209383,25233.976335212363
2026-04-07 18:55:00+00:00,25096.125650100345,19179.718020027125,17417.5954506661,21892.131491337197,28318.419007223492,11267.24041209383,25243.37404421108
2026-04-07 19:00:00+00:00,25105.527407456422,19189.115391950036,17417.5954506661,21901.53324869327,28327.814152457373,11267.24041209383,25252.775801567157
2026-04-07 19:05:00+00:00,25114.926297080525,19189.115391950036,17417.5954506661,21901.53324869327,28337.20223990065,11257.24041209383,25262.174691191256
2026-04-07 19:10:00+00:00,25124.32943113143,19189.115391950036,17417.5954506661,21901.53324869327,28327.20223990065,11247.24041209383,25271.577825242166
2026-04-07 19:15:00+00:00,25133.72832369442,19189.115391950036,17426.947908288144,21910.88570631532,28336.581223092882,11247.24041209383,25280.976717805155
2026-04-07 19:20:00+00:00,25143.121468487254,19189.115391950036,17436.310732201127,21920.248530228302,28345.968020869557,11247.24041209383,25290.36986259799
2026-04-07 19:25:00+00:00,25133.121468487254,19189.115391950036,17436.310732201127,21920.248530228302,28355.371137509268,11247.24041209383,25280.36986259799
2026-04-07 19:30:00+00:00,25142.517293089266,19189.115391950036,17436.310732201127,21920.248530228302,28364.76129819702,11247.24041209383,25289.765687199997
2026-04-07 19:35:00+00:00,25151.912339110473,19198.510517050498,17436.310732201127,21929.643576249513,28374.157131570486,11247.24041209383,25299.160733221208
2026-04-07 19:40:00+00:00,25161.325306098035,19198.510517050498,17436.310732201127,21929.643576249513,28364.157131570486,11247.24041209383,25308.57370020877
2026-04-07 19:45:00+00:00,25151.325306098035,19198.510517050498,17426.310732201127,21919.643576249513,28354.157131570486,11256.643625842802,25298.57370020877
2026-04-07 19:50:00+00:00,25160.695105778068,19198.510517050498,17435.66434307096,21928.99718711935,28363.496883325355,11256.643625842802,25307.943499888803
2026-04-07 19:55:00+00:00,25170.103268648807,19198.510517050498,17445.021428930286,21938.35427297867,28372.888353079838,11256.643625842802,25317.351662759538
2026-04-07 20:00:00+00:00,25179.384403871314,19198.510517050498,17454.2911310246,21947.623975072987,28382.21674999514,11256.643625842802,25326.63279798205
2026-04-07 20:05:00+00:00,25169.384403871314,19198.510517050498,17444.2911310246,21937.623975072987,28372.21674999514,11266.049214351442,25316.63279798205
2026-04-07 20:10:00+00:00,25159.384403871314,19198.510517050498,17444.2911310246,21937.623975072987,28362.21674999514,11266.049214351442,25306.63279798205
2026-04-07 20:15:00+00:00,25159.384403871314,19198.510517050498,17453.657637163167,21937.623975072987,28371.61539520919,11266.049214351442,25315.999304120618
2026-04-07 20:20:00+00:00,25159.384403871314,19198.510517050498,17453.657637163167,21937.623975072987,28381.018024846544,11266.049214351442,25315.999304120618
2026-04-07 20:25:00+00:00,25149.384403871314,19198.510517050498,17453.657637163167,21937.623975072987,28371.018024846544,11275.43776041521,25305.999304120618
2026-04-07 20:30:00+00:00,25139.384403871314,19198.510517050498,17453.657637163167,21937.623975072987,28361.018024846544,11275.43776041521,25295.999304120618
2026-04-07 20:35:00+00:00,25148.751685586885,19198.510517050498,17463.044430642723,21947.010768552544,28370.357802449314,11275.43776041521,25305.366585836186
2026-04-07 20:40:00+00:00,25158.152880584552,19198.510517050498,17463.044430642723,21947.010768552544,28379.74831197931,11275.43776041521,25314.767780833852
2026-04-07 20:45:00+00:00,25167.536733817993,19198.510517050498,17463.044430642723,21947.010768552544,28389.137900425154,11275.43776041521,25324.151634067297
2026-04-07 20:50:00+00:00,25157.536733817993,19198.510517050498,17463.044430642723,21947.010768552544,28398.53949783218,11275.43776041521,25314.151634067297
2026-04-07 20:55:00+00:00,25166.933638772483,19198.510517050498,17463.044430642723,21947.010768552544,28407.93481336458,11275.43776041521,25323.548539021784
2026-04-07 21:00:00+00:00,25176.332823114477,19198.510517050498,17463.044430642723,21947.010768552544,28417.33810311183,11275.43776041521,25332.947723363777
2026-04-07 21:05:00+00:00,25185.6187996789,19198.510517050498,17472.30880961409,21956.275147523906,28426.619159038804,11275.43776041521,25342.2336999282
2026-04-07 21:10:00+00:00,25194.931318602925,19207.82303597452,17481.662491012998,21965.628828922814,28435.947395050236,11275.43776041521,25351.546218852225
2026-04-07 21:15:00+00:00,25204.3094879674,19207.82303597452,17490.993280914394,21974.95961882421,28445.304741026917,11275.43776041521,25360.9243882167
2026-04-07 21:20:00+00:00,25194.3094879674,19207.82303597452,17490.993280914394,21974.95961882421,28435.304741026917,11275.43776041521,25350.9243882167
2026-04-07 21:25:00+00:00,25203.643663167415,19217.15721117454,17500.30974153483,21984.276079444644,28444.670506648206,11275.43776041521,25360.25856341672
2026-04-07 21:30:00+00:00,25213.033514159804,19217.15721117454,17509.703130120895,21993.669468030712,28454.05673144311,11275.43776041521,25369.6484144091
2026-04-07 21:35:00+00:00,25222.44255827909,19217.15721117454,17509.703130120895,21993.669468030712,28444.05673144311,11275.43776041521,25379.05745852839
2026-04-07 21:40:00+00:00,25231.80698582201,19217.15721117454,17509.703130120895,21993.669468030712,28453.461182935145,11275.43776041521,25388.42188607131
2026-04-07 21:45:00+00:00,25221.80698582201,19217.15721117454,17519.058095930348,21993.669468030712,28462.82955478262,11284.811281006365,25378.42188607131
2026-04-07 21:50:00+00:00,25231.170500770484,19226.520726123013,17528.406533413123,22003.017905513487,28472.197117343967,11284.811281006365,25387.785401019784
2026-04-07 21:55:00+00:00,25231.170500770484,19226.520726123013,17528.406533413123,22003.017905513487,28481.582309649766,11284.811281006365,25387.785401019784
2026-04-07 22:00:00+00:00,25240.548648868757,19226.520726123013,17528.406533413123,22003.017905513487,28490.9868773364,11274.811281006365,25397.163549118057
2026-04-07 22:05:00+00:00,25230.548648868757,19226.520726123013,17518.406533413123,21993.017905513487,28480.9868773364,11274.811281006365,25387.163549118057
2026-04-07 22:10:00+00:00,25239.95581159153,19226.520726123013,17527.7983682886,22002.40974038896,28490.375747858947,11284.200219486998,25396.57071184083
2026-04-07 22:15:00+00:00,25249.329610954206,19226.520726123013,17527.7983682886,22002.40974038896,28499.757530309253,11274.200219486998,25405.944511203506
2026-04-07 22:20:00+00:00,25258.683209385817,19235.87432455462,17537.11783592849,22011.729208028853,28509.120078000808,11274.200219486998,25415.298109635114
2026-04-07 22:25:00+00:00,25268.07371039004,19235.87432455462,17537.11783592849,22011.729208028853,28518.509535647987,11274.200219486998,25424.688610639336
2026-04-07 22:30:00+00:00,25277.4003196719,19245.198652887157,17546.35408281976,22020.965454920122,28527.79893597153,11283.52454781953,25434.0152199212
2026-04-07 22:35:00+00:00,25286.67079496297,19245.198652887157,17546.35408281976,22020.965454920122,28537.120938848926,11283.52454781953,25443.28569521227
2026-04-07 22:40:00+00:00,25295.95059973416,19245.198652887157,17555.596814739503,22030.208186839867,28546.338709139607,11283.52454781953,25452.56549998346
2026-04-07 22:45:00+00:00,25305.29481839532,19245.198652887157,17564.90881813646,22039.52019023682,28555.712224255123,11283.52454781953,25461.909718644616
2026-04-07 22:50:00+00:00,25314.64703919935,19245.198652887157,17574.239767782212,22048.851139882572,28565.058437807736,11273.52454781953,25471.261939448646
2026-04-07 22:55:00+00:00,25324.051024556815,19245.198652887157,17583.53172861762,22058.14310071798,28555.058437807736,11263.52454781953,25480.66592480611
2026-04-07 23:00:00+00:00,25333.464112973918,19245.198652887157,17592.870955849372,22067.482327949732,28564.45724584758,11272.897029100217,25490.079013223218
2026-04-07 23:05:00+00:00,25342.71373639266,19245.198652887157,17602.19026241172,22076.731951368474,28573.803859491283,11272.897029100217,25499.32863664196
2026-04-07 23:10:00+00:00,25332.71373639266,19245.198652887157,17611.518833031438,22076.731951368474,28583.167163651688,11262.897029100217,25489.32863664196
2026-04-07 23:15:00+00:00,25322.71373639266,19245.198652887157,17601.518833031438,22066.731951368474,28573.167163651688,11252.897029100217,25479.32863664196
2026-04-07 23:20:00+00:00,25332.122907315294,19245.198652887157,17610.837809494173,22076.05092783121,28582.56923278423,11242.897029100217,25488.737807564594
2026-04-07 23:25:00+00:00,25341.50187145902,19245.198652887157,17620.08164551523,22085.294763852267,28591.904202096182,11242.897029100217,25498.11677170832
2026-04-07 23:30:00+00:00,25350.91473195677,19245.198652887157,17629.416059326802,22094.62917766384,28601.296384646,11232.897029100217,25507.529632206068
2026-04-07 23:35:00+00:00,25360.318031704264,19245.198652887157,17629.416059326802,22094.62917766384,28591.296384646,11222.897029100217,25516.93293195356
2026-04-07 23:40:00+00:00,25369.717291147652,19245.198652887157,17629.416059326802,22094.62917766384,28600.69388336399,11232.288673527748,25526.332191396956
2026-04-07 23:45:00+00:00,25379.061897878717,19245.198652887157,17638.779697987186,22103.992816324222,28610.046029653517,11232.288673527748,25535.676798128014
2026-04-07 23:50:00+00:00,25388.4719613775,19245.198652887157,17638.779697987186,22103.992816324222,28619.295804545178,11232.288673527748,25545.0868616268
2026-04-07 23:55:00+00:00,25397.873863787652,19245.198652887157,17638.779697987186,22103.992816324222,28628.68615281626,11232.288673527748,25554.488764036956
2026-04-08 00:00:00+00:00,25387.873863787652,19245.198652887157,17648.1484741037,22103.992816324222,28618.68615281626,11241.65744964426,25544.488764036956
2026-04-08 00:05:00+00:00,25397.26870344788,19254.59349254738,17657.50481988856,22113.34916210908,28628.06603972709,11241.65744964426,25553.88360369718
2026-04-08 00:10:00+00:00,25387.26870344788,19254.59349254738,17666.83753732806,22113.34916210908,28637.4701143312,11251.058345345506,25543.88360369718
2026-04-08 00:15:00+00:00,25396.648192480858,19254.59349254738,17676.194582472213,22122.70620725323,28646.844569105422,11251.058345345506,25553.263092730158
2026-04-08 00:20:00+00:00,25406.05038247246,19254.59349254738,17685.581503196736,22132.093127977758,28656.236799953225,11251.058345345506,25562.665282721755
2026-04-08 00:25:00+00:00,25396.05038247246,19254.59349254738,17685.581503196736,22132.093127977758,28646.236799953225,11260.458599137133,25552.665282721755
2026-04-08 00:30:00+00:00,25405.44769732652,19254.59349254738,17694.91208399704,22141.423708778057,28655.623589105136,11260.458599137133,25562.062597575823
2026-04-08 00:35:00+00:00,25414.8506572962,19254.59349254738,17704.234124150964,22150.745748931986,28665.01802653565,11260.458599137133,25571.465557545504
2026-04-08 00:40:00+00:00,25424.25641204367,19254.59349254738,17704.234124150964,22150.745748931986,28655.01802653565,11269.847968075399,25580.87131229297
2026-04-08 00:45:00+00:00,25433.60156505432,19263.93864555803,17713.583223436435,22160.09484821745,28664.37427750244,11269.847968075399,25590.21646530362
2026-04-08 00:50:00+00:00,25442.970538148744,19263.93864555803,17722.937885270534,22169.463821311874,28673.764693568624,11269.847968075399,25599.585438398044
2026-04-08 00:55:00+00:00,25452.340861031647,19273.308968440935,17732.29763684596,22178.823572887304,28683.13698855044,11269.847968075399,25608.95576128095
2026-04-08 01:00:00+00:00,25461.71926557042,19273.308968440935,17741.65600961927,22188.181945660614,28692.514919941426,11259.847968075399,25618.334165819717
2026-04-08 01:05:00+00:00,25471.107779707745,19273.308968440935,17750.995183408973,22197.521119450314,28701.918719222573,11259.847968075399,25627.72267995705
2026-04-08 01:10:00+00:00,25471.107779707745,19273.308968440935,17750.995183408973,22197.521119450314,28711.31414819163,11259.847968075399,25627.72267995705
2026-04-08 01:15:00+00:00,25480.484809198155,19282.685997931345,17760.335192198167,22206.861128239514,28720.717981577676,11269.224997565805,25637.09970944745
2026-04-08 01:20:00+00:00,25470.484809198155,19282.685997931345,17760.335192198167,22206.861128239514,28710.717981577676,11259.224997565805,25627.09970944745
2026-04-08 01:25:00+00:00,25479.86985261907,19282.685997931345,17769.691215151564,22216.21715119291,28720.114461423294,11259.224997565805,25636.484752868368
2026-04-08 01:30:00+00:00,25489.27749422223,19282.685997931345,17769.691215151564,22216.21715119291,28729.518163509638,11259.224997565805,25645.892394471535
2026-04-08 01:35:00+00:00,25498.688974470715,19282.685997931345,17769.691215151564,22216.21715119291,28738.912459737876,11259.224997565805,25655.30387472002
2026-04-08 01:40:00+00:00,25508.07030863235,19282.685997931345,17769.691215151564,22216.21715119291,28748.31497225866,11259.224997565805,25664.685208881652
2026-04-08 01:45:00+00:00,25517.45228813996,19292.067977438954,17779.070001128886,22225.595937170227,28757.692860029227,11259.224997565805,25674.06718838926
2026-04-08 01:50:00+00:00,25526.826563548362,19301.442372748435,17788.448422230205,22234.974358271545,28767.06315352736,11259.224997565805,25683.44146379766
2026-04-08 01:55:00+00:00,25516.826563548362,19301.442372748435,17788.448422230205,22234.974358271545,28776.46539116369,11268.627186676038,25673.44146379766
2026-04-08 02:00:00+00:00,25506.826563548362,19301.442372748435,17788.448422230205,22234.974358271545,28785.865283934632,11278.027079446982,25663.44146379766
2026-04-08 02:05:00+00:00,25516.1769738844,19310.79278308448,17797.764406099435,22244.29034214078,28795.188615837957,11278.027079446982,25672.791874133705
2026-04-08 02:10:00+00:00,25525.592492213862,19310.79278308448,17797.764406099435,22244.29034214078,28804.593090260052,11278.027079446982,25682.207392463162
2026-04-08 02:15:00+00:00,25535.001482531217,19310.79278308448,17807.129633592158,22253.6555696335,28813.99361684654,11278.027079446982,25691.616382780514
2026-04-08 02:20:00+00:00,25535.001482531217,19310.79278308448,17807.129633592158,22253.6555696335,28823.396832187605,11278.027079446982,25691.616382780514
2026-04-08 02:25:00+00:00,25525.001482531217,19310.79278308448,17807.129633592158,22253.6555696335,28832.79581896998,11278.027079446982,25681.616382780514
2026-04-08 02:30:00+00:00,25534.39224114822,19310.79278308448,17816.46491083139,22262.990846872734,28842.184031415345,11278.027079446982,25691.00714139752
2026-04-08 02:35:00+00:00,25524.39224114822,19310.79278308448,17825.84100129862,22262.990846872734,28851.560121882576,11278.027079446982,25681.00714139752
2026-04-08 02:40:00+00:00,25533.792635517733,19310.79278308448,17825.84100129862,22262.990846872734,28851.560121882576,11278.027079446982,25690.407535767034
2026-04-08 02:45:00+00:00,25543.19856895062,19310.79278308448,17825.84100129862,22262.990846872734,28860.963521618447,11278.027079446982,25699.813469199922
2026-04-08 02:50:00+00:00,25533.19856895062,19310.79278308448,17825.84100129862,22262.990846872734,28850.963521618447,11278.027079446982,25689.813469199922
2026-04-08 02:55:00+00:00,25523.19856895062,19310.79278308448,17825.84100129862,22262.990846872734,28860.3538270749,11278.027079446982,25679.813469199922
2026-04-08 03:00:00+00:00,25532.606504469673,19310.79278308448,17825.84100129862,22262.990846872734,28869.757248362635,11278.027079446982,25689.22140471897
2026-04-08 03:05:00+00:00,25542.01474094531,19310.79278308448,17825.84100129862,22262.990846872734,28869.757248362635,11278.027079446982,25698.62964119461
2026-04-08 03:10:00+00:00,25551.412674830048,19320.19071696922,17825.84100129862,22272.388780757472,28879.153368720443,11278.027079446982,25708.02757507935
2026-04-08 03:15:00+00:00,25541.412674830048,19320.19071696922,17825.84100129862,22272.388780757472,28888.544034284565,11278.027079446982,25698.02757507935
2026-04-08 03:20:00+00:00,25541.412674830048,19320.19071696922,17825.84100129862,22272.388780757472,28888.544034284565,11278.027079446982,25698.02757507935
2026-04-08 03:25:00+00:00,25550.808938234968,19329.586980374137,17835.194268062834,22281.742047521686,28897.947841767043,11278.027079446982,25707.42383848427
2026-04-08 03:30:00+00:00,25560.19508295071,19338.973125089884,17844.58417737371,22291.13195683256,28907.336609481918,11278.027079446982,25716.809983200015
2026-04-08 03:35:00+00:00,25569.60248796534,19348.37969158354,17844.58417737371,22300.539361847186,28916.7342398384,11278.027079446982,25726.21738821464
2026-04-08 03:40:00+00:00,25579.00451262591,19357.781716244106,17844.58417737371,22309.94138650776,28926.139019898004,11278.027079446982,25735.61941287521
2026-04-08 03:45:00+00:00,25588.40960275859,19367.18680637679,17844.58417737371,22319.34647664044,28935.54293786427,11278.027079446982,25745.024503007895
2026-04-08 03:50:00+00:00,25597.821416840256,19367.18680637679,17844.58417737371,22319.34647664044,28935.54293786427,11278.027079446982,25754.436317089556
2026-04-08 03:55:00+00:00,25607.223880813217,19376.589270349752,17844.58417737371,22328.748940613405,28944.943970252418,11278.027079446982,25763.83878106252
2026-04-08 04:00:00+00:00,25616.611090794788,19385.976480331323,17844.58417737371,22338.136150594975,28954.337259369993,11278.027079446982,25773.22599104409
2026-04-08 04:05:00+00:00,25616.611090794788,19385.976480331323,17844.58417737371,22338.136150594975,28963.731860187567,11278.027079446982,25773.22599104409
2026-04-08 04:10:00+00:00,25625.97197973688,19385.976480331323,17844.58417737371,22338.136150594975,28973.13430121036,11278.027079446982,25782.586879986182
2026-04-08 04:15:00+00:00,25615.97197973688,19385.976480331323,17844.58417737371,22338.136150594975,28982.529577178684,11278.027079446982,25772.586879986182
2026-04-08 04:20:00+00:00,25625.36082144762,19385.976480331323,17844.58417737371,22338.136150594975,28991.930855225208,11278.027079446982,25781.975721696923
2026-04-08 04:25:00+00:00,25634.770711106277,19395.377301967244,17853.956449747664,22347.50842296893,29001.33457793029,11278.027079446982,25791.385611355574
2026-04-08 04:30:00+00:00,25644.182211821535,19395.377301967244,17853.956449747664,22347.50842296893,28991.33457793029,11278.027079446982,25800.79711207083
2026-04-08 04:35:00+00:00,25653.582799402073,19404.770371358285,17863.316726687102,22356.868699908366,29000.736170014257,11278.027079446982,25810.197699651373
2026-04-08 04:40:00+00:00,25643.582799402073,19404.770371358285,17863.316726687102,22356.868699908366,29010.137497166364,11287.428406599089,25800.197699651373
2026-04-08 04:45:00+00:00,25652.988521459585,19414.1760934158,17863.316726687102,22366.274421965878,29019.540934456014,11287.428406599089,25809.60342170889
2026-04-08 04:50:00+00:00,25662.398887466195,19423.58199844137,17863.316726687102,22375.68478797249,29028.932505192708,11287.428406599089,25819.0137877155
2026-04-08 04:55:00+00:00,25652.398887466195,19423.58199844137,17863.316726687102,22375.68478797249,29038.316633203813,11287.428406599089,25809.0137877155
2026-04-08 05:00:00+00:00,25661.803574792153,19423.58199844137,17863.316726687102,22375.68478797249,29047.72136320102,11287.428406599089,25818.41847504145
2026-04-08 05:05:00+00:00,25671.211953820486,19423.58199844137,17863.316726687102,22375.68478797249,29057.120285863297,11287.428406599089,25827.826854069786
2026-04-08 05:10:00+00:00,25661.211953820486,19423.58199844137,17863.316726687102,22375.68478797249,29066.524128068137,11287.428406599089,25817.826854069786
2026-04-08 05:15:00+00:00,25651.211953820486,19423.58199844137,17863.316726687102,22375.68478797249,29066.524128068137,11287.428406599089,25807.826854069786
2026-04-08 05:20:00+00:00,25660.6191174342,19423.58199844137,17863.316726687102,22375.68478797249,29075.923293014945,11287.428406599089,25817.2340176835
2026-04-08 05:25:00+00:00,25670.02160706727,19432.98448807444,17863.316726687102,22385.087277605562,29085.324605011996,11287.428406599089,25826.63650731657
2026-04-08 05:30:00+00:00,25679.426026627843,19442.38954435419,17863.316726687102,22394.491697166137,29094.728099058488,11287.428406599089,25836.040926877144
2026-04-08 05:35:00+00:00,25688.827133537758,19442.38954435419,17863.316726687102,22394.491697166137,29104.12927093152,11287.428406599089,25845.44203378706
2026-04-08 05:40:00+00:00,25698.230713181372,19442.38954435419,17863.316726687102,22394.491697166137,29113.531629776055,11287.428406599089,25854.84561343067
2026-04-08 05:45:00+00:00,25707.607054772245,19442.38954435419,17863.316726687102,22394.491697166137,29122.932594371043,11287.428406599089,25864.221955021545
2026-04-08 05:50:00+00:00,25707.607054772245,19442.38954435419,17863.316726687102,22394.491697166137,29132.332807349307,11296.830122443365,25864.221955021545
2026-04-08 05:55:00+00:00,25697.607054772245,19442.38954435419,17863.316726687102,22394.491697166137,29132.332807349307,11296.830122443365,25854.221955021545
2026-04-08 06:00:00+00:00,25706.988840414226,19451.77132999617,17872.675489991278,22403.850460470312,29141.713615832134,11296.830122443365,25863.603740663526
2026-04-08 06:05:00+00:00,25716.401118205133,19451.77132999617,17872.675489991278,22403.850460470312,29131.713615832134,11296.830122443365,25873.016018454433
2026-04-08 06:10:00+00:00,25725.77966421337,19461.14987600441,17882.030147013447,22413.205117492478,29141.08811017065,11296.830122443365,25882.394564462673
2026-04-08 06:15:00+00:00,25715.77966421337,19461.14987600441,17882.030147013447,22413.205117492478,29131.08811017065,11306.228714877561,25872.394564462673
2026-04-08 06:20:00+00:00,25705.77966421337,19461.14987600441,17882.030147013447,22413.205117492478,29140.4888198239,11306.228714877561,25862.394564462673
2026-04-08 06:25:00+00:00,25695.77966421337,19461.14987600441,17882.030147013447,22413.205117492478,29149.885749509947,11306.228714877561,25852.394564462673
2026-04-08 06:30:00+00:00,25695.77966421337,19461.14987600441,17882.030147013447,22413.205117492478,29159.28533146282,11306.228714877561,25852.394564462673
2026-04-08 06:35:00+00:00,25705.189061931123,19461.14987600441,17882.030147013447,22413.205117492478,29149.28533146282,11306.228714877561,25861.803962180427
2026-04-08 06:40:00+00:00,25714.58926965454,19470.551692416426,17882.030147013447,22422.605325215896,29158.68973650381,11306.228714877561,25871.204169903842
2026-04-08 06:45:00+00:00,25704.58926965454,19470.551692416426,17882.030147013447,22422.605325215896,29148.68973650381,11306.228714877561,25861.204169903842
2026-04-08 06:50:00+00:00,25713.99512115576,19470.551692416426,17882.030147013447,22422.605325215896,29158.093958532612,11306.228714877561,25870.61002140506
2026-04-08 06:55:00+00:00,25713.99512115576,19470.551692416426,17882.030147013447,22422.605325215896,29158.093958532612,11306.228714877561,25870.61002140506
2026-04-08 07:00:00+00:00,25723.39463266263,19470.551692416426,17882.030147013447,22422.605325215896,29167.492146999102,11306.228714877561,25880.00953291193
2026-04-08 07:05:00+00:00,25732.807280334444,19470.551692416426,17882.030147013447,22422.605325215896,29176.88722311904,11306.228714877561,25889.422180583744
2026-04-08 07:10:00+00:00,25722.807280334444,19470.551692416426,17882.030147013447,22422.605325215896,29186.27829962396,11306.228714877561,25879.422180583744
2026-04-08 07:15:00+00:00,25712.807280334444,19470.551692416426,17882.030147013447,22422.605325215896,29176.27829962396,11306.228714877561,25869.422180583744
2026-04-08 07:20:00+00:00,25702.807280334444,19470.551692416426,17882.030147013447,22422.605325215896,29185.670606843796,11306.228714877561,25859.422180583744
2026-04-08 07:25:00+00:00,25692.807280334444,19470.551692416426,17882.030147013447,22422.605325215896,29175.670606843796,11306.228714877561,25849.422180583744
2026-04-08 07:30:00+00:00,25702.208646893843,19470.551692416426,17882.030147013447,22422.605325215896,29185.073033100616,11306.228714877561,25858.823547143144
2026-04-08 07:35:00+00:00,25711.617195876745,19470.551692416426,17882.030147013447,22422.605325215896,29185.073033100616,11306.228714877561,25868.23209612605
2026-04-08 07:40:00+00:00,25721.030200089313,19479.95224326127,17882.030147013447,22432.018329428465,29194.473302736624,11306.228714877561,25877.645100338614
2026-04-08 07:45:00+00:00,25730.44209964056,19479.95224326127,17882.030147013447,22432.018329428465,29203.86549139415,11306.228714877561,25887.056999889865
2026-04-08 07:50:00+00:00,25730.44209964056,19479.95224326127,17882.030147013447,22432.018329428465,29213.2699349939,11306.228714877561,25887.056999889865
2026-04-08 07:55:00+00:00,25720.44209964056,19479.95224326127,17882.030147013447,22432.018329428465,29222.67356042211,11306.228714877561,25877.056999889865
2026-04-08 08:00:00+00:00,25729.842483984936,19479.95224326127,17891.403577788908,22441.391760203926,29232.067095784285,11306.228714877561,25886.457384234236
2026-04-08 08:05:00+00:00,25719.842483984936,19479.95224326127,17891.403577788908,22441.391760203926,29222.067095784285,11296.228714877561,25876.457384234236
2026-04-08 08:10:00+00:00,25729.25463113524,19479.95224326127,17891.403577788908,22441.391760203926,29222.067095784285,11296.228714877561,25885.869531384542
2026-04-08 08:15:00+00:00,25738.655548706694,19489.3537362959,17900.780327071538,22450.768509486552,29231.469778232826,11296.228714877561,25895.27044895599
2026-04-08 08:20:00+00:00,25748.055711649024,19498.753899238232,17900.780327071538,22460.168672428885,29240.869842931406,11296.228714877561,25904.670611898327
2026-04-08 08:25:00+00:00,25757.454424495743,19508.152612084952,17900.780327071538,22469.5673852756,29250.252552638874,11296.228714877561,25914.069324745044
2026-04-08 08:30:00+00:00,25766.859498016252,19508.152612084952,17900.780327071538,22469.5673852756,29259.648795632555,11296.228714877561,25923.47439826555
2026-04-08 08:35:00+00:00,25776.221450701138,19508.152612084952,17910.13810922672,22478.925167430785,29269.013294501783,11296.228714877561,25932.836350950434
2026-04-08 08:40:00+00:00,25785.615501982396,19517.54666336621,17919.514858803785,22488.301917007848,29278.405117922488,11296.228714877561,25942.230402231697
2026-04-08 08:45:00+00:00,25775.615501982396,19517.54666336621,17919.514858803785,22488.301917007848,29268.405117922488,11296.228714877561,25932.230402231697
2026-04-08 08:50:00+00:00,25785.029797878367,19517.54666336621,17919.514858803785,22488.301917007848,29268.405117922488,11296.228714877561,25941.644698127668
2026-04-08 08:55:00+00:00,25794.42962543045,19517.54666336621,17919.514858803785,22488.301917007848,29277.805322778084,11296.228714877561,25951.04452567975
2026-04-08 09:00:00+00:00,25803.83832147496,19517.54666336621,17919.514858803785,22488.301917007848,29287.20781286387,11296.228714877561,25960.45322172426
2026-04-08 09:05:00+00:00,25793.83832147496,19517.54666336621,17919.514858803785,22488.301917007848,29277.20781286387,11296.228714877561,25950.45322172426
2026-04-08 09:10:00+00:00,25803.240261121384,19517.54666336621,17919.514858803785,22488.301917007848,29286.609820970298,11296.228714877561,25959.855161370684
2026-04-08 09:15:00+00:00,25812.63093039783,19517.54666336621,17919.514858803785,22488.301917007848,29296.0013088324,11296.228714877561,25969.24583064713
2026-04-08 09:20:00+00:00,25822.037719201377,19517.54666336621,17919.514858803785,22488.301917007848,29305.398204905814,11296.228714877561,25978.65261945068
2026-04-08 09:25:00+00:00,25831.441926687112,19526.950870851942,17928.890883982716,22497.677942186783,29314.8011518849,11296.228714877561,25988.05682693641
2026-04-08 09:30:00+00:00,25840.85607135332,19526.950870851942,17928.890883982716,22497.677942186783,29324.200847969423,11296.228714877561,25997.47097160262
2026-04-08 09:35:00+00:00,25850.260073354715,19526.950870851942,17928.890883982716,22497.677942186783,29324.200847969423,11296.228714877561,26006.874973604015
2026-04-08 09:40:00+00:00,25859.673990711468,19526.950870851942,17928.890883982716,22497.677942186783,29333.602940725246,11296.228714877561,26016.288890960772
2026-04-08 09:45:00+00:00,25869.083241331315,19536.35647773547,17928.890883982716,22507.087192806626,29343.004727107087,11296.228714877561,26025.698141580615
2026-04-08 09:50:00+00:00,25878.491587076634,19536.35647773547,17928.890883982716,22507.087192806626,29352.40684325411,11296.228714877561,26035.10648732593
2026-04-08 09:55:00+00:00,25868.491587076634,19536.35647773547,17928.890883982716,22507.087192806626,29352.40684325411,11296.228714877561,26025.10648732593
2026-04-08 10:00:00+00:00,25858.491587076634,19536.35647773547,17928.890883982716,22507.087192806626,29361.791295645762,11296.228714877561,26015.10648732593
2026-04-08 10:05:00+00:00,25848.491587076634,19536.35647773547,17928.890883982716,22507.087192806626,29371.185862479473,11296.228714877561,26005.10648732593
2026-04-08 10:10:00+00:00,25857.898995480817,19536.35647773547,17928.890883982716,22507.087192806626,29380.584968779644,11296.228714877561,26014.513895730117
2026-04-08 10:15:00+00:00,25867.305066556153,19536.35647773547,17928.890883982716,22507.087192806626,29380.584968779644,11296.228714877561,26023.91996680545
2026-04-08 10:20:00+00:00,25876.712977922805,19545.74662605174,17928.890883982716,22516.495104173282,29389.98037221938,11296.228714877561,26033.32787817211
2026-04-08 10:25:00+00:00,25886.118936948515,19555.149470776167,17928.890883982716,22525.901063198988,29399.38008453927,11296.228714877561,26042.73383719781
2026-04-08 10:30:00+00:00,25895.513837445338,19564.54437127299,17938.24358056562,22535.253759781895,29408.78115936627,11296.228714877561,26052.128737694635
2026-04-08 10:35:00+00:00,25904.924814321043,19564.54437127299,17938.24358056562,22535.253759781895,29418.18289024573,11296.228714877561,26061.53971457034
2026-04-08 10:40:00+00:00,25914.33317471757,19564.54437127299,17938.24358056562,22535.253759781895,29418.18289024573,11296.228714877561,26070.948074966866
2026-04-08 10:45:00+00:00,25923.73364984696,19564.54437127299,17938.24358056562,22535.253759781895,29427.585150327155,11296.228714877561,26080.34855009626
2026-04-08 10:50:00+00:00,25933.13546820708,19564.54437127299,17938.24358056562,22535.253759781895,29436.986859787707,11296.228714877561,26089.75036845638
2026-04-08 10:55:00+00:00,25942.54552615532,19564.54437127299,17938.24358056562,22535.253759781895,29446.384602380527,11296.228714877561,26099.16042640462
2026-04-08 11:00:00+00:00,25951.960853597993,19573.954815667752,17938.24358056562,22544.669087224567,29455.777882129907,11296.228714877561,26108.575753847297
2026-04-08 11:05:00+00:00,25961.37654634768,19573.954815667752,17938.24358056562,22544.669087224567,29465.160884752855,11296.228714877561,26117.991446596978
2026-04-08 11:10:00+00:00,25970.79188136394,19573.954815667752,17938.24358056562,22544.669087224567,29474.548289199734,11296.228714877561,26127.406781613245
2026-04-08 11:15:00+00:00,25980.196601235446,19583.363820607086,17938.24358056562,22554.073807096072,29483.948163620345,11296.228714877561,26136.811501484746
2026-04-08 11:20:00+00:00,25989.580184353363,19592.747403725,17947.634032433398,22563.464258963846,29493.324027598137,11296.228714877561,26146.19508460266
2026-04-08 11:25:00+00:00,25998.991671765973,19592.747403725,17947.634032433398,22563.464258963846,29483.324027598137,11296.228714877561,26155.606572015276
2026-04-08 11:30:00+00:00,25988.991671765973,19592.747403725,17947.634032433398,22563.464258963846,29473.324027598137,11296.228714877561,26145.606572015276
2026-04-08 11:35:00+00:00,25998.331446916112,19602.08717887514,17956.968737877734,22572.798964408186,29482.64557669293,11296.228714877561,26154.94634716541
2026-04-08 11:40:00+00:00,26007.73836208477,19611.494094043795,17956.968737877734,22582.205879576843,29492.04693647035,11296.228714877561,26164.353262334065
2026-04-08 11:45:00+00:00,26017.14498141605,19611.494094043795,17956.968737877734,22582.205879576843,29501.44012162549,11286.228714877561,26173.759881665355
2026-04-08 11:50:00+00:00,26026.509158723493,19620.85827135123,17966.31544405056,22591.552585749665,29510.812671096628,11286.228714877561,26183.12405897279
2026-04-08 11:55:00+00:00,26035.91441447801,19630.26352710575,17966.31544405056,22600.957841504183,29520.2153242489,11286.228714877561,26192.52931472731
2026-04-08 12:00:00+00:00,26045.32709973745,19630.26352710575,17966.31544405056,22600.957841504183,29520.2153242489,11286.228714877561,26201.941999986746
2026-04-08 12:05:00+00:00,26054.73460622171,19639.67259535262,17966.31544405056,22610.36534798845,29529.616280182672,11286.228714877561,26211.34950647101
2026-04-08 12:10:00+00:00,26064.14990991074,19649.05914438277,17975.698972785074,22619.748876722966,29538.99226599121,11286.228714877561,26220.764810160035
2026-04-08 12:15:00+00:00,26054.14990991074,19649.05914438277,17975.698972785074,22619.748876722966,29548.35792477036,11286.228714877561,26210.764810160035
2026-04-08 12:20:00+00:00,26044.14990991074,19649.05914438277,17975.698972785074,22619.748876722966,29538.35792477036,11295.632235146359,26200.764810160035
2026-04-08 12:25:00+00:00,26053.552605699675,19649.05914438277,17975.698972785074,22619.748876722966,29547.750315014167,11295.632235146359,26210.167505948975
2026-04-08 12:30:00+00:00,26062.965510067508,19649.05914438277,17975.698972785074,22619.748876722966,29557.143752375174,11295.632235146359,26219.580410316812
2026-04-08 12:35:00+00:00,26072.363969609643,19649.05914438277,17975.698972785074,22619.748876722966,29566.54774095824,11295.632235146359,26228.978869858947
2026-04-08 12:40:00+00:00,26062.363969609643,19649.05914438277,17975.698972785074,22619.748876722966,29575.9499796727,11295.632235146359,26218.978869858947
2026-04-08 12:45:00+00:00,26071.766054670326,19649.05914438277,17975.698972785074,22619.748876722966,29585.319848022475,11295.632235146359,26228.380954919623
2026-04-08 12:50:00+00:00,26081.17428327295,19649.05914438277,17975.698972785074,22619.748876722966,29594.71996730792,11295.632235146359,26237.789183522254
2026-04-08 12:55:00+00:00,26090.53906414591,19649.05914438277,17985.044925153696,22629.094829091588,29604.088018187897,11295.632235146359,26247.153964395206
2026-04-08 13:00:00+00:00,26099.944533409856,19649.05914438277,17985.044925153696,22629.094829091588,29613.492378828447,11295.632235146359,26256.559433659153
2026-04-08 13:05:00+00:00,26109.17118950928,19658.285800482197,17994.13963066513,22638.18953460302,29622.676153755947,11295.632235146359,26265.78608975858
2026-04-08 13:10:00+00:00,26118.46953484975,19667.61773404829,18003.44883704112,22647.48787994349,29632.0100109305,11295.632235146359,26275.084435099052
2026-04-08 13:15:00+00:00,26108.46953484975,19657.61773404829,17993.44883704112,22637.48787994349,29622.0100109305,11305.032039981415,26265.084435099052
2026-04-08 13:20:00+00:00,26117.87853837999,19657.61773404829,17993.44883704112,22637.48787994349,29631.411901860327,11305.032039981415,26274.493438629295
2026-04-08 13:25:00+00:00,26107.87853837999,19657.61773404829,17993.44883704112,22637.48787994349,29621.411901860327,11314.41680511436,26264.493438629295
2026-04-08 13:30:00+00:00,26117.18491495632,19657.61773404829,18002.759435405536,22646.79847830791,29630.754010114837,11304.41680511436,26273.799815205617
2026-04-08 13:35:00+00:00,26126.576188568073,19657.61773404829,18012.088528056327,22656.1275709587,29640.146816804558,11304.41680511436,26283.191088817373
2026-04-08 13:40:00+00:00,26135.947075498563,19657.61773404829,18021.429178740174,22665.46822164255,29649.548985256104,11294.41680511436,26292.561975747863
2026-04-08 13:45:00+00:00,26145.2917733574,19657.61773404829,18030.73778886286,22674.776831765234,29658.906351037404,11294.41680511436,26301.9066736067
2026-04-08 13:50:00+00:00,26154.54401547464,19666.86997616553,18039.96890577384,22684.00794867621,29668.21400803213,11294.41680511436,26311.15891572394
2026-04-08 13:55:00+00:00,26163.92259884895,19666.86997616553,18039.96890577384,22684.00794867621,29677.59538852004,11284.41680511436,26320.537499098253
2026-04-08 14:00:00+00:00,26153.92259884895,19666.86997616553,18039.96890577384,22684.00794867621,29667.59538852004,11284.41680511436,26310.537499098253
2026-04-08 14:05:00+00:00,26143.92259884895,19666.86997616553,18049.315156395744,22684.00794867621,29676.99701298239,11293.819899688962,26300.537499098253
2026-04-08 14:10:00+00:00,26153.27703839168,19666.86997616553,18058.631302207832,22693.3240944883,29686.342760599087,11283.819899688962,26309.891938640976
2026-04-08 14:15:00+00:00,26143.27703839168,19666.86997616553,18058.631302207832,22693.3240944883,29676.342760599087,11293.216225422726,26299.891938640976
2026-04-08 14:20:00+00:00,26133.27703839168,19666.86997616553,18058.631302207832,22693.3240944883,29685.724991819934,11293.216225422726,26289.891938640976
2026-04-08 14:25:00+00:00,26123.27703839168,19666.86997616553,18058.631302207832,22693.3240944883,29675.724991819934,11293.216225422726,26279.891938640976
2026-04-08 14:30:00+00:00,26132.586383202746,19666.86997616553,18067.91352595776,22702.606318238228,29685.052014122575,11283.216225422726,26289.20128345205
2026-04-08 14:35:00+00:00,26141.907704371093,19666.86997616553,18077.24296195489,22711.93575423536,29694.409827865522,11273.216225422726,26298.522604620397
2026-04-08 14:40:00+00:00,26131.907704371093,19666.86997616553,18077.24296195489,22711.93575423536,29684.409827865522,11282.618794212292,26288.522604620397
2026-04-08 14:45:00+00:00,26141.30251502133,19676.217359145878,18077.24296195489,22721.330564885597,29693.74036800456,11291.96617719264,26297.917415270633
2026-04-08 14:50:00+00:00,26150.669138859477,19676.217359145878,18086.58231515966,22730.669918090367,29703.10904388914,11291.96617719264,26307.28403910878
2026-04-08 14:55:00+00:00,26140.669138859477,19676.217359145878,18086.58231515966,22730.669918090367,29693.10904388914,11291.96617719264,26297.28403910878
2026-04-08 15:00:00+00:00,26150.045386389407,19676.217359145878,18095.944019819963,22740.03162275067,29702.508159625806,11291.96617719264,26306.660286638707
2026-04-08 15:05:00+00:00,26159.459108294057,19666.217359145878,18095.944019819963,22740.03162275067,29692.508159625806,11281.96617719264,26316.074008543357
2026-04-08 15:10:00+00:00,26168.80831401017,19675.56656486199,18105.287543915463,22749.375146846167,29701.86794986859,11281.96617719264,26325.42321425947
2026-04-08 15:15:00+00:00,26178.22271307894,19675.56656486199,18105.287543915463,22749.375146846167,29691.86794986859,11281.96617719264,26334.837613328244
2026-04-08 15:20:00+00:00,26187.61492971827,19675.56656486199,18105.287543915463,22749.375146846167,29701.268085057854,11281.96617719264,26344.229829967568
2026-04-08 15:25:00+00:00,26197.017899752507,19675.56656486199,18105.287543915463,22749.375146846167,29701.268085057854,11281.96617719264,26353.632800001807
2026-04-08 15:30:00+00:00,26187.017899752507,19675.56656486199,18105.287543915463,22749.375146846167,29691.268085057854,11271.96617719264,26343.632800001807
2026-04-08 15:35:00+00:00,26177.017899752507,19675.56656486199,18105.287543915463,22749.375146846167,29700.654506677358,11261.96617719264,26333.632800001807
2026-04-08 15:40:00+00:00,26167.017899752507,19675.56656486199,18105.287543915463,22749.375146846167,29690.654506677358,11261.96617719264,26323.632800001807
2026-04-08 15:45:00+00:00,26176.407620032107,19675.56656486199,18114.675830519333,22758.76343345004,29700.029561672956,11261.96617719264,26333.022520281407
2026-04-08 15:50:00+00:00,26166.407620032107,19675.56656486199,18114.675830519333,22758.76343345004,29690.029561672956,11261.96617719264,26323.022520281407
2026-04-08 15:55:00+00:00,26175.812772604924,19675.56656486199,18114.675830519333,22758.76343345004,29690.029561672956,11261.96617719264,26332.427672854225
2026-04-08 16:00:00+00:00,26185.225625671847,19675.56656486199,18114.675830519333,22758.76343345004,29699.433725592615,11261.96617719264,26341.840525921147
2026-04-08 16:05:00+00:00,26175.225625671847,19675.56656486199,18114.675830519333,22758.76343345004,29689.433725592615,11261.96617719264,26331.840525921147
2026-04-08 16:10:00+00:00,26184.62765774726,19675.56656486199,18124.05302940817,22768.140632338873,29698.836408820363,11251.96617719264,26341.242557996557
2026-04-08 16:15:00+00:00,26174.62765774726,19675.56656486199,18124.05302940817,22768.140632338873,29708.220704777035,11261.350473149314,26331.242557996557
2026-04-08 16:20:00+00:00,26184.02533166833,19675.56656486199,18133.41787316506,22777.505476095765,29717.62281038467,11261.350473149314,26340.64023191763
2026-04-08 16:25:00+00:00,26193.43690291932,19675.56656486199,18133.41787316506,22777.505476095765,29727.009626888408,11261.350473149314,26350.051803168622
2026-04-08 16:30:00+00:00,26202.84336185094,19675.56656486199,18133.41787316506,22777.505476095765,29736.41219169347,11261.350473149314,26359.45826210024
2026-04-08 16:35:00+00:00,26212.242233614063,19675.56656486199,18133.41787316506,22777.505476095765,29745.814058402888,11261.350473149314,26368.857133863363
2026-04-08 16:40:00+00:00,26221.640244038288,19684.954534153094,18142.813075403574,22786.900678334277,29755.184409003672,11261.350473149314,26378.25514428759
2026-04-08 16:45:00+00:00,26211.640244038288,19684.954534153094,18142.813075403574,22786.900678334277,29764.573518913927,11270.739583059567,26368.25514428759
2026-04-08 16:50:00+00:00,26201.640244038288,19684.954534153094,18142.813075403574,22786.900678334277,29754.573518913927,11270.739583059567,26358.25514428759
2026-04-08 16:55:00+00:00,26201.640244038288,19684.954534153094,18142.813075403574,22786.900678334277,29763.974868011195,11270.739583059567,26358.25514428759
2026-04-08 17:00:00+00:00,26211.037019611147,19694.318249758864,18152.15837399803,22796.24597692873,29773.358389034536,11270.739583059567,26367.651919860444
2026-04-08 17:05:00+00:00,26201.037019611147,19694.318249758864,18152.15837399803,22796.24597692873,29782.751787213576,11270.739583059567,26357.651919860444
2026-04-08 17:10:00+00:00,26210.430440158176,19694.318249758864,18152.15837399803,22796.24597692873,29792.134283722426,11270.739583059567,26367.04534040748
2026-04-08 17:15:00+00:00,26200.430440158176,19694.318249758864,18152.15837399803,22796.24597692873,29782.134283722426,11270.739583059567,26357.04534040748
2026-04-08 17:20:00+00:00,26209.818036585813,19694.318249758864,18161.515068019868,22805.602670950568,29791.521844399736,11270.739583059567,26366.43293683511
2026-04-08 17:25:00+00:00,26199.818036585813,19694.318249758864,18161.515068019868,22805.602670950568,29781.521844399736,11270.739583059567,26356.43293683511
2026-04-08 17:30:00+00:00,26209.216489272254,19694.318249758864,18161.515068019868,22805.602670950568,29771.521844399736,11260.739583059567,26365.831389521554
2026-04-08 17:35:00+00:00,26218.59700578567,19694.318249758864,18170.89197583413,22814.979578764833,29780.842801270705,11260.739583059567,26375.211906034965
2026-04-08 17:40:00+00:00,26227.984790577695,19694.318249758864,18180.288520457492,22824.376123388196,29790.211005614958,11260.739583059567,26384.599690826995
2026-04-08 17:45:00+00:00,26237.389257769784,19694.318249758864,18180.288520457492,22824.376123388196,29799.610607740477,11260.739583059567,26394.00415801909
2026-04-08 17:50:00+00:00,26246.802971555095,19694.318249758864,18180.288520457492,22824.376123388196,29789.610607740477,11260.739583059567,26403.417871804395
2026-04-08 17:55:00+00:00,26256.206156762215,19694.318249758864,18180.288520457492,22824.376123388196,29799.00540541807,11260.739583059567,26412.82105701152
2026-04-08 18:00:00+00:00,26256.206156762215,19694.318249758864,18180.288520457492,22824.376123388196,29808.38838095148,11260.739583059567,26412.82105701152
2026-04-08 18:05:00+00:00,26265.612212381115,19694.318249758864,18180.288520457492,22824.376123388196,29798.38838095148,11260.739583059567,26422.22711263042
2026-04-08 18:10:00+00:00,26275.01211910783,19694.318249758864,18180.288520457492,22824.376123388196,29807.788166110266,11260.739583059567,26431.627019357133
2026-04-08 18:15:00+00:00,26265.01211910783,19694.318249758864,18189.602881070325,22824.376123388196,29817.190695054374,11270.130497757536,26421.627019357133
2026-04-08 18:20:00+00:00,26255.01211910783,19694.318249758864,18189.602881070325,22824.376123388196,29826.583325688967,11270.130497757536,26411.627019357133
2026-04-08 18:25:00+00:00,26264.376892978704,19694.318249758864,18198.979451577496,22833.752693895367,29835.95188757151,11270.130497757536,26420.991793228008
2026-04-08 18:30:00+00:00,26273.764453821157,19694.318249758864,18208.36866123589,22843.141903553762,29845.32816340671,11270.130497757536,26430.37935407046
2026-04-08 18:35:00+00:00,26283.18013396189,19694.318249758864,18208.36866123589,22843.141903553762,29854.732181119794,11270.130497757536,26439.795034211194
2026-04-08 18:40:00+00:00,26292.586423003024,19694.318249758864,18217.705164835814,22852.478407153685,29864.068684719718,11270.130497757536,26449.201323252328
2026-04-08 18:45:00+00:00,26282.586423003024,19694.318249758864,18217.705164835814,22852.478407153685,29854.068684719718,11270.130497757536,26439.201323252328
2026-04-08 18:50:00+00:00,26291.978345641695,19694.318249758864,18217.705164835814,22852.478407153685,29863.471940927106,11270.130497757536,26448.593245891
2026-04-08 18:55:00+00:00,26301.39151346608,19694.318249758864,18217.705164835814,22852.478407153685,29872.863800927982,11270.130497757536,26458.006413715382
2026-04-08 19:00:00+00:00,26310.780787444277,19694.318249758864,18227.068565450973,22861.841807768848,29882.226248300147,11270.130497757536,26467.39568769358
2026-04-08 19:05:00+00:00,26320.151899292043,19703.68936160663,18236.43423315067,22871.207475468538,29891.602301975563,11260.130497757536,26476.766799541347
2026-04-08 19:10:00+00:00,26320.151899292043,19703.68936160663,18236.43423315067,22871.207475468538,29901.001500425362,11260.130497757536,26476.766799541347
2026-04-08 19:15:00+00:00,26329.544791096858,19713.08225341144,18245.80968887714,22880.582931195007,29910.40560932809,11260.130497757536,26486.159691346158
2026-04-08 19:20:00+00:00,26338.925444600864,19722.455461060577,18255.194101882433,22889.967344200304,29919.79935818713,11260.130497757536,26495.540344850167
2026-04-08 19:25:00+00:00,26348.29505668131,19731.825073141023,18264.556279718283,22899.329522036154,29929.165247077013,11260.130497757536,26504.909956930616
2026-04-08 19:30:00+00:00,26357.6746511403,19731.825073141023,18273.951497858114,22908.724740175985,29938.544010782352,11260.130497757536,26514.289551389604
2026-04-08 19:35:00+00:00,26367.03521884377,19731.825073141023,18283.29716394744,22918.07040626531,29947.894729119736,11260.130497757536,26523.650119093072
2026-04-08 19:40:00+00:00,26357.03521884377,19731.825073141023,18283.29716394744,22918.07040626531,29937.894729119736,11260.130497757536,26513.650119093072
2026-04-08 19:45:00+00:00,26366.438019358215,19731.825073141023,18283.29716394744,22918.07040626531,29947.297485797928,11260.130497757536,26523.052919607522
2026-04-08 19:50:00+00:00,26356.438019358215,19731.825073141023,18283.29716394744,22918.07040626531,29956.677291459477,11260.130497757536,26513.052919607522
2026-04-08 19:55:00+00:00,26346.438019358215,19731.825073141023,18283.29716394744,22918.07040626531,29966.07681922912,11260.130497757536,26503.052919607522
2026-04-08 20:00:00+00:00,26355.834858826303,19731.825073141023,18283.29716394744,22918.07040626531,29956.07681922912,11260.130497757536,26512.449759075607
2026-04-08 20:05:00+00:00,26365.230613101456,19741.217648981317,18283.29716394744,22927.46616054047,29965.47264594929,11260.130497757536,26521.845513350763
2026-04-08 20:10:00+00:00,26374.640760746766,19741.217648981317,18283.29716394744,22927.46616054047,29965.47264594929,11260.130497757536,26531.255660996074
2026-04-08 20:15:00+00:00,26384.047940280238,19741.217648981317,18283.29716394744,22927.46616054047,29965.47264594929,11260.130497757536,26540.662840529545
2026-04-08 20:20:00+00:00,26393.424300147824,19750.594008848904,18292.681911078776,22936.850907671804,29974.857823764753,11260.130497757536,26550.039200397132
2026-04-08 20:25:00+00:00,26393.424300147824,19750.594008848904,18292.681911078776,22936.850907671804,29974.857823764753,11260.130497757536,26550.039200397132
2026-04-08 20:30:00+00:00,26402.831986335335,19750.594008848904,18292.681911078776,22936.850907671804,29964.857823764753,11260.130497757536,26559.446886584643
2026-04-08 20:35:00+00:00,26412.208749469883,19759.970771983455,18302.064544501234,22946.23354109426,29974.24413463138,11260.130497757536,26568.82364971919
2026-04-08 20:40:00+00:00,26421.622707683757,19759.970771983455,18302.064544501234,22946.23354109426,29974.24413463138,11260.130497757536,26578.237607933064
2026-04-08 20:45:00+00:00,26411.622707683757,19759.970771983455,18302.064544501234,22946.23354109426,29983.64574180424,11260.130497757536,26568.237607933064
2026-04-08 20:50:00+00:00,26401.622707683757,19759.970771983455,18302.064544501234,22946.23354109426,29973.64574180424,11260.130497757536,26558.237607933064
2026-04-08 20:55:00+00:00,26411.02691290846,19769.376290728553,18302.064544501234,22955.637746318964,29983.049947028943,11260.130497757536,26567.641813157767
2026-04-08 21:00:00+00:00,26420.442327908946,19769.376290728553,18302.064544501234,22955.637746318964,29992.446780106722,11260.130497757536,26577.057228158254
2026-04-08 21:05:00+00:00,26429.812109785194,19778.7460726048,18311.433913584406,22965.007115402135,30001.821231494698,11260.130497757536,26586.427010034502
2026-04-08 21:10:00+00:00,26439.19051815327,19788.12448097288,18320.80536033994,22974.378562157668,30011.198716323823,11260.130497757536,26595.80541840258
2026-04-08 21:15:00+00:00,26448.602569663148,19797.534369213507,18320.80536033994,22983.790613667545,30011.198716323823,11260.130497757536,26605.217469912455
2026-04-08 21:20:00+00:00,26458.01173688884,19806.939658708245,18330.1792763192,22993.164529646805,30020.59952839164,11260.130497757536,26614.626637138146
2026-04-08 21:25:00+00:00,26467.384057145842,19816.31197896525,18339.552138591996,23002.537391919603,30029.98640747807,11260.130497757536,26623.99895739515
2026-04-08 21:30:00+00:00,26457.384057145842,19816.31197896525,18339.552138591996,23002.537391919603,30019.98640747807,11260.130497757536,26613.99895739515
2026-04-08 21:35:00+00:00,26466.79429332052,19816.31197896525,18339.552138591996,23002.537391919603,30029.385267166483,11260.130497757536,26623.409193569827
2026-04-08 21:40:00+00:00,26476.20003557503,19816.31197896525,18339.552138591996,23002.537391919603,30038.78722278182,11260.130497757536,26632.81493582434
2026-04-08 21:45:00+00:00,26485.597450793408,19825.70944992735,18339.552138591996,23011.93480713798,30048.182786542664,11260.130497757536,26642.212351042715
2026-04-08 21:50:00+00:00,26494.99973618401,19825.70944992735,18339.552138591996,23011.93480713798,30057.578706957607,11260.130497757536,26651.614636433318
2026-04-08 21:55:00+00:00,26484.99973618401,19825.70944992735,18339.552138591996,23011.93480713798,30057.578706957607,11260.130497757536,26641.614636433318
2026-04-08 22:00:00+00:00,26494.387096271585,19825.70944992735,18348.926904680608,23021.309573226587,30066.965807138004,11260.130497757536,26651.001996520892
2026-04-08 22:05:00+00:00,26484.387096271585,19825.70944992735,18348.926904680608,23021.309573226587,30066.965807138004,11260.130497757536,26641.001996520892
2026-04-08 22:10:00+00:00,26493.759187766747,19835.081541422514,18358.305717679003,23030.68838622499,30076.33357309276,11260.130497757536,26650.374088016055
2026-04-08 22:15:00+00:00,26503.144921489133,19844.4672751449,18367.66893501599,23040.051603561973,30085.716282625333,11260.130497757536,26659.75982173844
2026-04-08 22:20:00+00:00,26512.558840436835,19844.4672751449,18367.66893501599,23040.051603561973,30095.119085576833,11260.130497757536,26669.173740686143
2026-04-08 22:25:00+00:00,26521.921118080307,19853.82955278837,18377.021836197895,23049.404504743878,30104.480570664586,11260.130497757536,26678.536018329614
2026-04-08 22:30:00+00:00,26531.301553853948,19863.198102694605,18386.365188131007,23058.747856676986,30113.860883412963,11260.130497757536,26687.916454103255
2026-04-08 22:35:00+00:00,26531.301553853948,19863.198102694605,18386.365188131007,23058.747856676986,30123.261459706864,11260.130497757536,26687.916454103255
2026-04-08 22:40:00+00:00,26540.711127474995,19863.198102694605,18386.365188131007,23058.747856676986,30132.64314721226,11260.130497757536,26697.326027724303
2026-04-08 22:45:00+00:00,26530.711127474995,19863.198102694605,18386.365188131007,23058.747856676986,30122.64314721226,11260.130497757536,26687.326027724303
2026-04-08 22:50:00+00:00,26540.096876280535,19872.583851500145,18395.729449659273,23068.11211820526,30132.04531786873,11260.130497757536,26696.711776529843
2026-04-08 22:55:00+00:00,26549.498391535846,19881.980148149756,18405.10588033983,23077.488548885813,30141.442012986477,11260.130497757536,26706.113291785154
2026-04-08 23:00:00+00:00,26539.498391535846,19881.980148149756,18405.10588033983,23077.488548885813,30131.442012986477,11260.130497757536,26696.113291785154
2026-04-08 23:05:00+00:00,26539.498391535846,19881.980148149756,18405.10588033983,23077.488548885813,30140.84483284808,11250.130497757536,26696.113291785154
2026-04-08 23:10:00+00:00,26548.913418813463,19881.980148149756,18405.10588033983,23077.488548885813,30150.24680314986,11250.130497757536,26705.52831906277
2026-04-08 23:15:00+00:00,26538.913418813463,19881.980148149756,18405.10588033983,23077.488548885813,30140.24680314986,11259.520231397051,26695.52831906277
2026-04-08 23:20:00+00:00,26548.28165374242,19891.348383078715,18414.478080295175,23086.860748841158,30149.62088372825,11259.520231397051,26704.896553991726
2026-04-08 23:25:00+00:00,26557.681846084233,19891.348383078715,18414.478080295175,23086.860748841158,30159.0213046432,11259.520231397051,26714.29674633354
2026-04-08 23:30:00+00:00,26567.071156990525,19900.737693985007,18414.478080295175,23096.25005974745,30168.416575249677,11259.520231397051,26723.686057239833
2026-04-08 23:35:00+00:00,26576.45694800749,19910.12348500197,18423.85457754018,23105.626556992458,30177.804808914712,11259.520231397051,26733.071848256797
2026-04-08 23:40:00+00:00,26576.45694800749,19910.12348500197,18423.85457754018,23105.626556992458,30187.204760857803,11259.520231397051,26733.071848256797
2026-04-08 23:45:00+00:00,26585.85492395096,19910.12348500197,18423.85457754018,23105.626556992458,30196.60336468873,11259.520231397051,26742.469824200267
2026-04-08 23:50:00+00:00,26595.256193345485,19910.12348500197,18423.85457754018,23105.626556992458,30205.991259998744,11259.520231397051,26751.871093594793
2026-04-08 23:55:00+00:00,26604.662047497128,19910.12348500197,18423.85457754018,23105.626556992458,30215.369517250234,11259.520231397051,26761.276947746435
2026-04-09 00:00:00+00:00,26614.066731478182,19910.12348500197,18423.85457754018,23105.626556992458,30224.77280080379,11259.520231397051,26770.68163172749
2026-04-09 00:05:00+00:00,26604.066731478182,19910.12348500197,18423.85457754018,23105.626556992458,30234.177236449552,11259.520231397051,26760.68163172749
2026-04-09 00:10:00+00:00,26613.472497852086,19910.12348500197,18423.85457754018,23105.626556992458,30243.57845962597,11259.520231397051,26770.087398101394
2026-04-09 00:15:00+00:00,26603.472497852086,19910.12348500197,18423.85457754018,23105.626556992458,30252.960634511153,11249.520231397051,26760.087398101394
2026-04-09 00:20:00+00:00,26612.8701146011,19910.12348500197,18423.85457754018,23105.626556992458,30262.363535425102,11239.520231397051,26769.48501485041
2026-04-09 00:25:00+00:00,26602.8701146011,19900.12348500197,18423.85457754018,23095.626556992458,30252.363535425102,11239.520231397051,26759.48501485041
2026-04-09 00:30:00+00:00,26612.282015128367,19900.12348500197,18423.85457754018,23095.626556992458,30242.363535425102,11248.908672263246,26768.896915377674
2026-04-09 00:35:00+00:00,26602.282015128367,19890.12348500197,18413.85457754018,23085.626556992458,30232.363535425102,11248.908672263246,26758.896915377674
2026-04-09 00:40:00+00:00,26602.282015128367,19890.12348500197,18413.85457754018,23085.626556992458,30222.363535425102,11248.908672263246,26758.896915377674
2026-04-09 00:45:00+00:00,26611.695755365483,19890.12348500197,18413.85457754018,23085.626556992458,30231.768060441536,11258.306127801607,26768.31065561479
2026-04-09 00:50:00+00:00,26621.00106239656,19899.51200528776,18413.85457754018,23094.931864023536,30241.15666519493,11258.306127801607,26777.61596264587
2026-04-09 00:55:00+00:00,26611.00106239656,19899.51200528776,18413.85457754018,23094.931864023536,30231.15666519493,11258.306127801607,26767.61596264587
2026-04-09 01:00:00+00:00,26620.378654765802,19899.51200528776,18413.85457754018,23094.931864023536,30240.560211829154,11258.306127801607,26776.99355501511
2026-04-09 01:05:00+00:00,26629.685197913903,19908.818548435862,18423.120463219544,23104.1977497029,30249.937019621673,11258.306127801607,26786.30009816321
2026-04-09 01:10:00+00:00,26639.09514326494,19908.818548435862,18423.120463219544,23104.1977497029,30239.937019621673,11258.306127801607,26795.71004351425
2026-04-09 01:15:00+00:00,26648.48942916005,19908.818548435862,18423.120463219544,23104.1977497029,30249.341304848887,11258.306127801607,26805.104329409358
2026-04-09 01:20:00+00:00,26638.48942916005,19908.818548435862,18432.467026684986,23104.1977497029,30258.743953122652,11267.69603075019,26795.104329409358
2026-04-09 01:25:00+00:00,26647.88665535923,19908.818548435862,18432.467026684986,23104.1977497029,30268.139669636148,11267.69603075019,26804.50155560854
2026-04-09 01:30:00+00:00,26657.224278100053,19918.156171176684,18441.777377777675,23113.50810079559,30277.46847964009,11267.69603075019,26813.83917834936
2026-04-09 01:35:00+00:00,26666.634292461018,19918.156171176684,18441.777377777675,23113.50810079559,30286.869797547028,11267.69603075019,26823.249192710326
2026-04-09 01:40:00+00:00,26666.634292461018,19918.156171176684,18441.777377777675,23113.50810079559,30286.869797547028,11267.69603075019,26823.249192710326
2026-04-09 01:45:00+00:00,26656.634292461018,19908.156171176684,18441.777377777675,23103.50810079559,30276.869797547028,11267.69603075019,26813.249192710326
2026-04-09 01:50:00+00:00,26666.03994941981,19908.156171176684,18441.777377777675,23103.50810079559,30266.869797547028,11267.69603075019,26822.654849669118
2026-04-09 01:55:00+00:00,26675.453580889665,19908.156171176684,18441.777377777675,23103.50810079559,30266.869797547028,11267.69603075019,26832.068481138973
2026-04-09 02:00:00+00:00,26684.807588329422,19908.156171176684,18441.777377777675,23103.50810079559,30276.27063762572,11267.69603075019,26841.42248857873
2026-04-09 02:05:00+00:00,26694.216871724402,19908.156171176684,18441.777377777675,23103.50810079559,30285.67401629437,11267.69603075019,26850.83177197371
2026-04-09 02:10:00+00:00,26703.615182664602,19917.55448211688,18451.140565009686,23112.8712880276,30295.076554647592,11267.69603075019,26860.23008291391
2026-04-09 02:15:00+00:00,26713.010950398537,19926.950249850815,18451.140565009686,23122.267055761535,30304.464517423396,11267.69603075019,26869.625850647844
2026-04-09 02:20:00+00:00,26703.010950398537,19926.950249850815,18451.140565009686,23122.267055761535,30294.464517423396,11267.69603075019,26859.625850647844
2026-04-09 02:25:00+00:00,26712.383863352883,19936.32316280516,18460.508552785897,23131.635043537746,30303.848557274974,11267.69603075019,26868.99876360219
2026-04-09 02:30:00+00:00,26721.79586412859,19945.725428424565,18460.508552785897,23141.047044313455,30313.253072520434,11267.69603075019,26878.4107643779
2026-04-09 02:35:00+00:00,26731.205601823487,19955.11819164327,18460.508552785897,23150.456782008354,30322.654381986154,11267.69603075019,26887.820502072795
2026-04-09 02:40:00+00:00,26721.205601823487,19955.11819164327,18460.508552785897,23150.456782008354,30312.654381986154,11267.69603075019,26877.820502072795
2026-04-09 02:45:00+00:00,26730.596830710554,19955.11819164327,18460.508552785897,23150.456782008354,30322.045127695077,11267.69603075019,26887.21173095986
2026-04-09 02:50:00+00:00,26739.999574515037,19955.11819164327,18460.508552785897,23150.456782008354,30331.435825833672,11267.69603075019,26896.614474764345
2026-04-09 02:55:00+00:00,26749.3877955375,19964.50641266573,18460.508552785897,23159.845003030816,30340.819454585522,11267.69603075019,26906.002695786807
2026-04-09 03:00:00+00:00,26758.792217165654,19973.908664362865,18460.508552785897,23169.24942465897,30350.223327658576,11267.69603075019,26915.40711741496
2026-04-09 03:05:00+00:00,26768.17186686793,19983.28831406514,18469.88530138842,23178.626173261495,30359.60996991695,11267.69603075019,26924.78676711724
2026-04-09 03:10:00+00:00,26758.17186686793,19983.28831406514,18469.88530138842,23178.626173261495,30359.60996991695,11267.69603075019,26914.78676711724
2026-04-09 03:15:00+00:00,26767.580603505932,19973.28831406514,18469.88530138842,23178.626173261495,30349.60996991695,11267.69603075019,26924.19550375524
2026-04-09 03:20:00+00:00,26767.580603505932,19973.28831406514,18469.88530138842,23178.626173261495,30349.60996991695,11267.69603075019,26924.19550375524
2026-04-09 03:25:00+00:00,26776.982294289453,19982.663492354204,18479.248891217656,23187.98976309073,30359.00445007551,11267.69603075019,26933.59719453876
2026-04-09 03:30:00+00:00,26766.982294289453,19982.663492354204,18479.248891217656,23187.98976309073,30359.00445007551,11267.69603075019,26923.59719453876
2026-04-09 03:35:00+00:00,26776.381234232827,19992.06243229758,18479.248891217656,23197.388703034107,30368.39995712116,11267.69603075019,26932.996134482135
2026-04-09 03:40:00+00:00,26776.381234232827,19992.06243229758,18479.248891217656,23197.388703034107,30377.80104931243,11267.69603075019,26932.996134482135
2026-04-09 03:45:00+00:00,26766.381234232827,19992.06243229758,18479.248891217656,23197.388703034107,30387.202712406524,11267.69603075019,26922.996134482135
2026-04-09 03:50:00+00:00,26775.78732430918,19992.06243229758,18479.248891217656,23197.388703034107,30396.607228003013,11267.69603075019,26932.40222455849
2026-04-09 03:55:00+00:00,26785.1978747868,19992.06243229758,18479.248891217656,23197.388703034107,30406.00998005516,11267.69603075019,26941.81277503611
2026-04-09 04:00:00+00:00,26775.1978747868,19992.06243229758,18479.248891217656,23197.388703034107,30396.00998005516,11267.69603075019,26931.81277503611
2026-04-09 04:05:00+00:00,26765.1978747868,19982.06243229758,18479.248891217656,23187.388703034107,30405.40366565101,11267.69603075019,26921.81277503611
2026-04-09 04:10:00+00:00,26774.604450108156,19972.06243229758,18479.248891217656,23187.388703034107,30414.806547054468,11267.69603075019,26931.219350357464
2026-04-09 04:15:00+00:00,26774.604450108156,19972.06243229758,18479.248891217656,23187.388703034107,30414.806547054468,11267.69603075019,26931.219350357464
2026-04-09 04:20:00+00:00,26783.993568771708,19972.06243229758,18488.62948033062,23196.76929214707,30424.19296350767,11267.69603075019,26940.608469021015
2026-04-09 04:25:00+00:00,26773.993568771708,19972.06243229758,18488.62948033062,23196.76929214707,30424.19296350767,11267.69603075019,26930.608469021015
2026-04-09 04:30:00+00:00,26783.39116472386,19981.46002824973,18488.62948033062,23206.166888099222,30433.586568406812,11267.69603075019,26940.006064973168
2026-04-09 04:35:00+00:00,26792.805627607097,19981.46002824973,18488.62948033062,23206.166888099222,30433.586568406812,11267.69603075019,26949.420527856404
2026-04-09 04:40:00+00:00,26782.805627607097,19971.46002824973,18488.62948033062,23196.166888099222,30423.586568406812,11267.69603075019,26939.420527856404
2026-04-09 04:45:00+00:00,26772.805627607097,19961.46002824973,18488.62948033062,23186.166888099222,30432.932581705456,11267.69603075019,26929.420527856404
2026-04-09 04:50:00+00:00,26782.215404807605,19961.46002824973,18488.62948033062,23186.166888099222,30442.334140718263,11267.69603075019,26938.830305056912
2026-04-09 04:55:00+00:00,26772.215404807605,19961.46002824973,18488.62948033062,23186.166888099222,30442.334140718263,11267.69603075019,26928.830305056912
2026-04-09 05:00:00+00:00,26762.215404807605,19961.46002824973,18488.62948033062,23186.166888099222,30451.73210780303,11267.69603075019,26918.830305056912
2026-04-09 05:05:00+00:00,26752.215404807605,19961.46002824973,18488.62948033062,23186.166888099222,30451.73210780303,11267.69603075019,26908.830305056912
2026-04-09 05:10:00+00:00,26752.215404807605,19961.46002824973,18488.62948033062,23186.166888099222,30451.73210780303,11267.69603075019,26908.830305056912
2026-04-09 05:15:00+00:00,26761.618199554836,19961.46002824973,18488.62948033062,23186.166888099222,30461.13490255026,11267.69603075019,26918.233099804143
2026-04-09 05:20:00+00:00,26771.02506511745,19961.46002824973,18488.62948033062,23186.166888099222,30451.13490255026,11267.69603075019,26927.639965366758
2026-04-09 05:25:00+00:00,26780.40824087938,19970.84320401166,18498.015895922515,23195.553303691115,30460.51968272305,11267.69603075019,26937.023141128688
2026-04-09 05:30:00+00:00,26789.820404375096,19970.84320401166,18498.015895922515,23195.553303691115,30460.51968272305,11267.69603075019,26946.435304624403
2026-04-09 05:35:00+00:00,26799.235416054868,19970.84320401166,18498.015895922515,23195.553303691115,30469.924579733193,11267.69603075019,26955.850316304175
2026-04-09 05:40:00+00:00,26799.235416054868,19970.84320401166,18498.015895922515,23195.553303691115,30479.325326280916,11267.69603075019,26955.850316304175
2026-04-09 05:45:00+00:00,26808.640272629986,19970.84320401166,18498.015895922515,23195.553303691115,30488.725221709687,11267.69603075019,26965.255172879293
2026-04-09 05:50:00+00:00,26818.039674630734,19970.84320401166,18498.015895922515,23195.553303691115,30498.127537945984,11267.69603075019,26974.65457488004
2026-04-09 05:55:00+00:00,26827.447836308555,19970.84320401166,18498.015895922515,23195.553303691115,30507.528522739132,11267.69603075019,26984.062736557862
2026-04-09 06:00:00+00:00,26836.834780975525,19970.84320401166,18507.385362601082,23204.92277036968,30516.915089903265,11267.69603075019,26993.449681224833
2026-04-09 06:05:00+00:00,26826.834780975525,19960.84320401166,18507.385362601082,23194.92277036968,30506.915089903265,11267.69603075019,26983.449681224833
2026-04-09 06:10:00+00:00,26826.834780975525,19960.84320401166,18507.385362601082,23194.92277036968,30506.915089903265,11267.69603075019,26983.449681224833
2026-04-09 06:15:00+00:00,26836.237237041405,19960.84320401166,18507.385362601082,23194.92277036968,30516.3176125242,11267.69603075019,26992.852137290713
2026-04-09 06:20:00+00:00,26845.646174780475,19960.84320401166,18507.385362601082,23194.92277036968,30525.720210580548,11267.69603075019,27002.261075029783
2026-04-09 06:25:00+00:00,26855.048549861705,19960.84320401166,18507.385362601082,23194.92277036968,30535.115686525056,11267.69603075019,27011.663450111013
2026-04-09 06:30:00+00:00,26864.45529112527,19960.84320401166,18507.385362601082,23194.92277036968,30544.520077618545,11277.091381969884,27021.070191374576
2026-04-09 06:35:00+00:00,26854.45529112527,19960.84320401166,18507.385362601082,23194.92277036968,30534.520077618545,11277.091381969884,27011.070191374576
2026-04-09 06:40:00+00:00,26863.85354319386,19970.241456080254,18507.385362601082,23204.321022438275,30543.91523543547,11277.091381969884,27020.46844344317
2026-04-09 06:45:00+00:00,26873.2562422538,19970.241456080254,18507.385362601082,23204.321022438275,30543.91523543547,11277.091381969884,27029.871142503107
2026-04-09 06:50:00+00:00,26863.2562422538,19960.241456080254,18507.385362601082,23194.321022438275,30543.91523543547,11277.091381969884,27019.871142503107
2026-04-09 06:55:00+00:00,26872.656002206088,19969.64121603254,18507.385362601082,23203.720782390563,30553.315548456587,11277.091381969884,27029.270902455395
2026-04-09 07:00:00+00:00,26862.656002206088,19969.64121603254,18507.385362601082,23203.720782390563,30543.315548456587,11277.091381969884,27019.270902455395
2026-04-09 07:05:00+00:00,26872.071669859073,19969.64121603254,18507.385362601082,23203.720782390563,30533.315548456587,11277.091381969884,27028.68657010838
2026-04-09 07:10:00+00:00,26862.071669859073,19969.64121603254,18507.385362601082,23203.720782390563,30523.315548456587,11267.091381969884,27018.68657010838
2026-04-09 07:15:00+00:00,26871.46179891728,19979.03134509075,18516.75592229019,23213.091342079675,30532.691055454587,11267.091381969884,27028.076699166588
2026-04-09 07:20:00+00:00,26880.862525477245,19988.432071650714,18516.75592229019,23222.492068639644,30542.089291056236,11267.091381969884,27037.477425726553
2026-04-09 07:25:00+00:00,26890.273999650803,19997.843545824275,18516.75592229019,23231.9035428132,30542.089291056236,11267.091381969884,27046.88889990011
2026-04-09 07:30:00+00:00,26880.273999650803,19997.843545824275,18516.75592229019,23231.9035428132,30532.089291056236,11267.091381969884,27036.88889990011
2026-04-09 07:35:00+00:00,26870.273999650803,19987.843545824275,18516.75592229019,23221.9035428132,30522.089291056236,11267.091381969884,27026.88889990011
2026-04-09 07:40:00+00:00,26879.674106580987,19987.843545824275,18516.75592229019,23221.9035428132,30531.482969512927,11267.091381969884,27036.289006830295
2026-04-09 07:45:00+00:00,26889.07248355003,19997.241922793317,18516.75592229019,23231.301919782243,30540.874617132085,11267.091381969884,27045.687383799337
2026-04-09 07:50:00+00:00,26879.07248355003,19987.241922793317,18516.75592229019,23221.301919782243,30530.874617132085,11267.091381969884,27035.687383799337
2026-04-09 07:55:00+00:00,26869.07248355003,19987.241922793317,18516.75592229019,23221.301919782243,30520.874617132085,11267.091381969884,27025.687383799337
2026-04-09 08:00:00+00:00,26859.07248355003,19977.241922793317,18516.75592229019,23211.301919782243,30510.874617132085,11267.091381969884,27015.687383799337
2026-04-09 08:05:00+00:00,26849.07248355003,19977.241922793317,18516.75592229019,23211.301919782243,30510.874617132085,11267.091381969884,27005.687383799337
2026-04-09 08:10:00+00:00,26858.451936887446,19977.241922793317,18526.133869444602,23220.679866936654,30520.256729820794,11267.091381969884,27015.066837136754
2026-04-09 08:15:00+00:00,26867.851934536542,19977.241922793317,18526.133869444602,23220.679866936654,30529.65233676244,11267.091381969884,27024.46683478585
2026-04-09 08:20:00+00:00,26877.259848767615,19977.241922793317,18526.133869444602,23220.679866936654,30539.05059315434,11267.091381969884,27033.874749016923
2026-04-09 08:25:00+00:00,26886.668128667126,19986.6544183422,18526.133869444602,23230.088146836166,30548.44514349083,11267.091381969884,27043.283028916434
2026-04-09 08:30:00+00:00,26896.03628663256,19986.6544183422,18535.483722419678,23239.43799981124,30557.80084982604,11267.091381969884,27052.651186881867
2026-04-09 08:35:00+00:00,26905.446308242255,19986.6544183422,18535.483722419678,23239.43799981124,30567.200562345355,11267.091381969884,27062.061208491563
2026-04-09 08:40:00+00:00,26914.81723600984,19996.025346109785,18544.837634885767,23248.79191227733,30576.569567828177,11267.091381969884,27071.432136259147
2026-04-09 08:45:00+00:00,26924.206972254124,19996.025346109785,18544.837634885767,23248.79191227733,30585.970463836093,11267.091381969884,27080.82187250343
2026-04-09 08:50:00+00:00,26933.603174901476,19996.025346109785,18544.837634885767,23248.79191227733,30595.362523150212,11267.091381969884,27090.218075150784
2026-04-09 08:55:00+00:00,26943.01871160147,19996.025346109785,18544.837634885767,23248.79191227733,30595.362523150212,11267.091381969884,27099.63361185078
2026-04-09 09:00:00+00:00,26952.41117665996,19996.025346109785,18554.196512821996,23258.150790213556,30604.7293997442,11267.091381969884,27109.026076909267
2026-04-09 09:05:00+00:00,26961.821198414564,19996.025346109785,18554.196512821996,23258.150790213556,30614.13311541542,11267.091381969884,27118.43609866387
2026-04-09 09:10:00+00:00,26971.217411728474,20005.421559423696,18563.567053829574,23267.521331221134,30623.510174713105,11267.091381969884,27127.83231197778
2026-04-09 09:15:00+00:00,26980.621368665605,20005.421559423696,18572.933314251,23276.88759164256,30632.913179490362,11267.091381969884,27137.236268914912
2026-04-09 09:20:00+00:00,26989.997838056846,20014.798028814934,18582.308974750245,23286.26325214181,30642.290413115745,11267.091381969884,27146.612738306154
2026-04-09 09:25:00+00:00,26999.405074442617,20014.798028814934,18582.308974750245,23286.26325214181,30642.290413115745,11267.091381969884,27156.019974691924
2026-04-09 09:30:00+00:00,26989.405074442617,20014.798028814934,18582.308974750245,23286.26325214181,30632.290413115745,11267.091381969884,27146.019974691924
2026-04-09 09:35:00+00:00,26998.81898341287,20014.798028814934,18582.308974750245,23286.26325214181,30641.694261090455,11267.091381969884,27155.43388366218
2026-04-09 09:40:00+00:00,27008.228848085793,20014.798028814934,18582.308974750245,23286.26325214181,30651.09496603851,11267.091381969884,27164.8437483351
2026-04-09 09:45:00+00:00,27017.628920943564,20024.198101672708,18582.308974750245,23295.66332499958,30660.488364786666,11267.091381969884,27174.24382119287
2026-04-09 09:50:00+00:00,27027.04472772296,20024.198101672708,18582.308974750245,23295.66332499958,30669.88931911971,11267.091381969884,27183.65962797227
2026-04-09 09:55:00+00:00,27036.414469636507,20024.198101672708,18591.67156542685,23305.025915676182,30679.238762567194,11267.091381969884,27193.029369885815
2026-04-09 10:00:00+00:00,27045.815640305434,20024.198101672708,18591.67156542685,23305.025915676182,30688.639120319993,11267.091381969884,27202.430540554742
2026-04-09 10:05:00+00:00,27055.197805000942,20033.580266368215,18601.04581736179,23314.400167611126,30698.017921469742,11267.091381969884,27211.81270525025
2026-04-09 10:10:00+00:00,27064.59925495999,20033.580266368215,18601.04581736179,23314.400167611126,30707.417838271176,11267.091381969884,27221.214155209298
2026-04-09 10:15:00+00:00,27073.994995128505,20033.580266368215,18601.04581736179,23314.400167611126,30716.81735875251,11267.091381969884,27230.609895377813
2026-04-09 10:35:00+00:00,27083.38938839774,20033.580266368215,18601.04581736179,23314.400167611126,30726.218344029574,11267.091381969884,27240.004288647047
2026-04-09 10:40:00+00:00,27073.38938839774,20023.580266368215,18601.04581736179,23304.400167611126,30735.598214422596,11267.091381969884,27230.004288647047
2026-04-09 10:45:00+00:00,27063.38938839774,20023.580266368215,18601.04581736179,23304.400167611126,30735.598214422596,11267.091381969884,27220.004288647047
2026-04-09 10:50:00+00:00,27072.767227670385,20032.95810564086,18610.411359361577,23313.76570961091,30744.973902321828,11267.091381969884,27229.382127919693
2026-04-09 10:55:00+00:00,27062.767227670385,20032.95810564086,18610.411359361577,23313.76570961091,30754.3785816603,11267.091381969884,27219.382127919693
2026-04-09 11:00:00+00:00,27072.16193477823,20042.352812748704,18619.806821624217,23323.16117187355,30763.774391271174,11267.091381969884,27228.776835027536
2026-04-09 11:05:00+00:00,27081.569910715818,20042.352812748704,18619.806821624217,23323.16117187355,30773.176013563934,11267.091381969884,27238.184810965126
2026-04-09 11:10:00+00:00,27090.949775534573,20042.352812748704,18629.188226075275,23332.54257632461,30782.575123797735,11267.091381969884,27247.56467578388
2026-04-09 11:15:00+00:00,27080.949775534573,20042.352812748704,18629.188226075275,23332.54257632461,30772.575123797735,11267.091381969884,27237.56467578388
2026-04-09 11:20:00+00:00,27090.363924401518,20042.352812748704,18629.188226075275,23332.54257632461,30781.96968735757,11267.091381969884,27246.978824650825
2026-04-09 11:25:00+00:00,27099.734466823043,20051.72335517023,18638.550231163776,23341.90458141311,30791.335270871234,11267.091381969884,27256.34936707235
2026-04-09 11:30:00+00:00,27109.116488260057,20061.105376607244,18647.92812414927,23351.282474398606,30800.716769128092,11267.091381969884,27265.731388509364
2026-04-09 11:35:00+00:00,27099.116488260057,20051.105376607244,18647.92812414927,23341.282474398606,30790.716769128092,11267.091381969884,27255.731388509364
2026-04-09 11:40:00+00:00,27108.530246986036,20051.105376607244,18647.92812414927,23341.282474398606,30800.116970906663,11267.091381969884,27265.145147235344
2026-04-09 11:45:00+00:00,27117.934849601486,20051.105376607244,18647.92812414927,23341.282474398606,30809.5192895725,11267.091381969884,27274.549749850794
2026-04-09 11:50:00+00:00,27127.339211581104,20060.509738586865,18647.92812414927,23350.686836378223,30818.92240580807,11267.091381969884,27283.95411183041
2026-04-09 11:55:00+00:00,27136.73313055272,20069.903657558476,18647.92812414927,23360.080755349838,30828.325138456326,11267.091381969884,27293.348030802026
2026-04-09 12:00:00+00:00,27146.129470867083,20079.29999787284,18647.92812414927,23369.477095664202,30837.7118918052,11267.091381969884,27302.74437111639
2026-04-09 12:05:00+00:00,27136.129470867083,20079.29999787284,18647.92812414927,23369.477095664202,30827.7118918052,11267.091381969884,27292.74437111639
2026-04-09 12:10:00+00:00,27145.541272832048,20088.71179983781,18647.92812414927,23378.888897629167,30837.114036489045,11267.091381969884,27302.156173081356
2026-04-09 12:15:00+00:00,27135.541272832048,20078.71179983781,18647.92812414927,23368.888897629167,30827.114036489045,11276.487416746651,27292.156173081356
2026-04-09 12:20:00+00:00,27144.9289567524,20078.71179983781,18657.286324126104,23378.247097606,30836.483931601277,11276.487416746651,27301.543857001707
2026-04-09 12:25:00+00:00,27154.327059169158,20088.109902254568,18657.286324126104,23387.645200022762,30845.880186952054,11276.487416746651,27310.941959418466
2026-04-09 12:30:00+00:00,27163.7132301832,20088.109902254568,18657.286324126104,23387.645200022762,30855.2512404487,11276.487416746651,27320.328130432506
2026-04-09 12:35:00+00:00,27173.114813043503,20088.109902254568,18657.286324126104,23387.645200022762,30864.655539646097,11285.88905347869,27329.72971329281
2026-04-09 12:40:00+00:00,27182.50696759815,20088.109902254568,18666.645156696468,23397.004032593126,30874.033954412545,11285.88905347869,27339.121867847458
2026-04-09 12:45:00+00:00,27191.906076543695,20097.509011200113,18666.645156696468,23406.40314153867,30883.40738322269,11285.88905347869,27348.520976793003
2026-04-09 12:50:00+00:00,27201.319518309603,20097.509011200113,18666.645156696468,23406.40314153867,30892.808910462292,11285.88905347869,27357.93441855891
2026-04-09 12:55:00+00:00,27210.72839390328,20097.509011200113,18666.645156696468,23406.40314153867,30902.198849139255,11285.88905347869,27367.343294152586
2026-04-09 13:00:00+00:00,27220.130857801625,20097.509011200113,18676.010670560085,23415.768655402288,30911.59551551093,11285.88905347869,27376.745758050933
2026-04-09 13:05:00+00:00,27229.53168809071,20097.509011200113,18676.010670560085,23415.768655402288,30920.994708825507,11285.88905347869,27386.146588340016
2026-04-09 13:10:00+00:00,27238.93954176662,20097.509011200113,18676.010670560085,23415.768655402288,30930.399114405867,11285.88905347869,27395.554442015928
2026-04-09 13:15:00+00:00,27248.344308173928,20106.91377760742,18676.010670560085,23425.173421809595,30939.800571521166,11285.88905347869,27404.959208423235
2026-04-09 13:20:00+00:00,27257.748835991166,20106.91377760742,18676.010670560085,23425.173421809595,30949.19897143813,11285.88905347869,27414.363736240473
2026-04-09 13:25:00+00:00,27267.164009239754,20106.91377760742,18676.010670560085,23425.173421809595,30939.19897143813,11285.88905347869,27423.77890948906
2026-04-09 13:30:00+00:00,27276.57568186489,20106.91377760742,18685.35518619857,23434.517937448076,30948.587625550354,11295.285027564192,27433.1905821142
2026-04-09 13:35:00+00:00,27266.57568186489,20096.91377760742,18685.35518619857,23424.517937448076,30938.587625550354,11304.673469851397,27423.1905821142
2026-04-09 13:40:00+00:00,27275.935702447543,20096.91377760742,18694.73993264459,23433.9026838941,30947.952558435813,11304.673469851397,27432.55060269685
2026-04-09 13:45:00+00:00,27285.31655934598,20096.91377760742,18704.091443654812,23443.25419490432,30957.341753116994,11304.673469851397,27441.93145959529
2026-04-09 13:50:00+00:00,27294.68615217864,20096.91377760742,18713.435247467365,23452.597998716876,30966.70249916542,11304.673469851397,27451.30105242795
2026-04-09 13:55:00+00:00,27284.68615217864,20096.91377760742,18713.435247467365,23452.597998716876,30976.10252893169,11314.074865161458,27441.30105242795
2026-04-09 14:00:00+00:00,27294.086862012085,20096.91377760742,18722.821795346947,23461.984546596454,30985.47623152713,11314.074865161458,27450.701762261393
2026-04-09 14:05:00+00:00,27303.474862062885,20106.30177765822,18732.194793670616,23471.357544920123,30994.85537895495,11314.074865161458,27460.089762312193
2026-04-09 14:10:00+00:00,27312.856796663506,20106.30177765822,18741.539361852516,23480.702113102023,31004.229801870086,11323.477245873084,27469.471696912813
2026-04-09 14:15:00+00:00,27322.234105965355,20106.30177765822,18750.882689983635,23490.045441233142,31013.55345048382,11323.477245873084,27478.849006214663
2026-04-09 14:20:00+00:00,27331.625332594645,20106.30177765822,18750.882689983635,23490.045441233142,31022.938381987726,11323.477245873084,27488.240232843953
2026-04-09 14:25:00+00:00,27341.015276531456,20115.69172159503,18760.223776678322,23499.38652792783,31032.29735652518,11323.477245873084,27497.630176780764
2026-04-09 14:30:00+00:00,27341.015276531456,20125.064040091595,18769.59303097184,23508.75578222135,31041.660763402735,11323.477245873084,27507.002495277327
2026-04-09 14:35:00+00:00,27331.015276531456,20125.064040091595,18769.59303097184,23508.75578222135,31051.061142762148,11332.877625232495,27497.002495277327
2026-04-09 14:40:00+00:00,27340.416804672415,20125.064040091595,18769.59303097184,23508.75578222135,31060.46604103334,11332.877625232495,27506.404023418287
2026-04-09 14:45:00+00:00,27349.80656847573,20125.064040091595,18778.967747129238,23518.130498378745,31069.830715875396,11332.877625232495,27515.793787221603
2026-04-09 14:50:00+00:00,27359.191404436962,20125.064040091595,18788.34281453606,23527.50556578557,31079.226279653787,11332.877625232495,27525.178623182834
2026-04-09 14:55:00+00:00,27368.577349124844,20125.064040091595,18788.34281453606,23527.50556578557,31088.630247882003,11342.28130045686,27534.564567870715
2026-04-09 15:00:00+00:00,27377.97070117369,20125.064040091595,18788.34281453606,23527.50556578557,31098.024464999948,11342.28130045686,27543.95791991956
2026-04-09 15:05:00+00:00,27387.37100747638,20125.064040091595,18797.727832368077,23536.890583617584,31107.41138103797,11342.28130045686,27553.35822622225
2026-04-09 15:10:00+00:00,27396.74789720701,20134.440929822224,18807.046349678036,23546.209100927543,31116.757564638967,11342.28130045686,27562.73511595288
2026-04-09 15:15:00+00:00,27396.74789720701,20134.440929822224,18816.419821406897,23546.209100927543,31126.161892594548,11342.28130045686,27572.10858768174
2026-04-09 15:20:00+00:00,27406.078073178283,20143.771105793498,18825.761165019023,23555.550444539673,31135.489708612946,11342.28130045686,27581.438763653015
2026-04-09 15:25:00+00:00,27415.464931918134,20153.157964533348,18835.13261563013,23564.921895150776,31144.87031077416,11342.28130045686,27590.825622392866
2026-04-09 15:30:00+00:00,27424.874758354505,20153.157964533348,18844.36054619332,23574.149825713965,31154.254384822387,11342.28130045686,27600.235448829237
2026-04-09 15:35:00+00:00,27434.229509820427,20153.157964533348,18844.36054619332,23574.149825713965,31163.609360604474,11342.28130045686,27609.59020029516
2026-04-09 15:40:00+00:00,27443.59695126506,20153.157964533348,18853.71192138624,23583.50120090689,31172.95968540679,11342.28130045686,27618.95764173979
2026-04-09 15:45:00+00:00,27452.98002826921,20153.157964533348,18853.71192138624,23583.50120090689,31182.35504314938,11342.28130045686,27628.34071874394
2026-04-09 15:50:00+00:00,27462.379465774215,20153.157964533348,18853.71192138624,23583.50120090689,31191.755767150422,11342.28130045686,27637.740156248947
2026-04-09 15:55:00+00:00,27452.379465774215,20153.157964533348,18853.71192138624,23583.50120090689,31201.160217725548,11351.683206770704,27627.740156248947
2026-04-09 16:00:00+00:00,27461.71500407604,20153.157964533348,18863.036102448114,23592.82538196876,31210.488289726523,11351.683206770704,27637.07569455077
2026-04-09 16:05:00+00:00,27471.085274716486,20153.157964533348,18872.38666310074,23602.175942621387,31219.867024173367,11351.683206770704,27646.44596519122
2026-04-09 16:10:00+00:00,27480.470519405622,20153.157964533348,18881.74282578887,23611.532105309518,31229.22293392293,11351.683206770704,27655.831209880354
2026-04-09 16:15:00+00:00,27489.829363966797,20162.516809094523,18891.094301187033,23620.883580707683,31238.566772261955,11351.683206770704,27665.19005444153
2026-04-09 16:20:00+00:00,27499.20615284583,20162.516809094523,18900.447461779135,23630.23674129978,31247.93639431656,11351.683206770704,27674.56684332056
2026-04-09 16:25:00+00:00,27508.61560912611,20162.516809094523,18900.447461779135,23630.23674129978,31257.340030022242,11361.078709235462,27683.976299600843
2026-04-09 16:30:00+00:00,27518.00356447311,20162.516809094523,18900.447461779135,23630.23674129978,31266.739325085924,11361.078709235462,27693.364254947843
2026-04-09 16:35:00+00:00,27508.00356447311,20152.516809094523,18900.447461779135,23620.23674129978,31276.13560036735,11370.474984516888,27683.364254947843
2026-04-09 16:40:00+00:00,27498.00356447311,20152.516809094523,18900.447461779135,23620.23674129978,31285.539313543457,11360.474984516888,27673.364254947843
2026-04-09 16:45:00+00:00,27507.382372191376,20161.89561681279,18909.77050302855,23629.559782549197,31294.87363694742,11360.474984516888,27682.743062666108
2026-04-09 16:50:00+00:00,27516.7788487031,20161.89561681279,18919.139824423582,23638.92910394423,31304.26668460094,11360.474984516888,27692.13953917783
2026-04-09 16:55:00+00:00,27526.15521349244,20171.271981602127,18928.495357679836,23648.284637200486,31313.642733978682,11360.474984516888,27701.51590396717
2026-04-09 17:00:00+00:00,27535.499890056886,20171.271981602127,18937.811232901426,23657.600512422076,31322.962348204575,11360.474984516888,27710.86058053162
2026-04-09 17:05:00+00:00,27544.88843477511,20171.271981602127,18937.811232901426,23657.600512422076,31332.3502446646,11350.474984516888,27720.249125249844
2026-04-09 17:10:00+00:00,27554.286452058626,20171.271981602127,18937.811232901426,23657.600512422076,31341.75045732707,11340.474984516888,27729.64714253336
2026-04-09 17:15:00+00:00,27544.286452058626,20171.271981602127,18937.811232901426,23657.600512422076,31331.75045732707,11349.873057797711,27719.64714253336
2026-04-09 17:20:00+00:00,27553.676008839197,20171.271981602127,18937.811232901426,23657.600512422076,31341.11749055816,11349.873057797711,27729.03669931393
2026-04-09 17:25:00+00:00,27563.045509192478,20180.641481955405,18947.163263384246,23666.95254290489,31350.463656873973,11349.873057797711,27738.40619966721
2026-04-09 17:30:00+00:00,27572.369081046465,20189.965053809392,18956.493923659713,23676.283203180363,31359.79085184081,11349.873057797711,27747.729771521197
2026-04-09 17:35:00+00:00,27581.72010129662,20199.31607405955,18965.81519583568,23685.604475356326,31369.151414184176,11349.873057797711,27757.080791771354
2026-04-09 17:40:00+00:00,27591.11474285608,20199.31607405955,18965.81519583568,23685.604475356326,31378.541148660977,11359.273774769583,27766.475433330812
2026-04-09 17:45:00+00:00,27581.11474285608,20199.31607405955,18965.81519583568,23685.604475356326,31368.541148660977,11368.658278176641,27756.475433330812
2026-04-09 17:50:00+00:00,27590.49110566018,20208.692436863646,18965.81519583568,23694.980838160427,31377.93735575589,11358.658278176641,27765.851796134913
2026-04-09 17:55:00+00:00,27599.869354820006,20218.07068602347,18975.20127892179,23704.36692124654,31387.31357372899,11358.658278176641,27775.23004529474
2026-04-09 18:00:00+00:00,27609.204455619187,20227.405786822652,18984.470731092966,23713.636373417714,31396.61032673486,11358.658278176641,27784.56514609392
2026-04-09 18:05:00+00:00,27618.57647166045,20236.777802863915,18993.861346734084,23723.02698905883,31405.995474479885,11358.658278176641,27793.937162135182
2026-04-09 18:10:00+00:00,27627.975613562037,20236.777802863915,18993.861346734084,23723.02698905883,31415.397313052377,11368.06309709685,27803.33630403677
2026-04-09 18:15:00+00:00,27637.37672560056,20236.777802863915,19003.25268862723,23732.41833095198,31424.79502072059,11377.468080151937,27812.73741607529
2026-04-09 18:20:00+00:00,27646.77052562261,20236.777802863915,19012.591886962935,23741.757529287683,31434.17520923553,11377.468080151937,27822.131216097343
2026-04-09 18:25:00+00:00,27656.186095885263,20236.777802863915,19012.591886962935,23741.757529287683,31443.572070879873,11386.870663199863,27831.546786359995
2026-04-09 18:30:00+00:00,27646.186095885263,20236.777802863915,19012.591886962935,23741.757529287683,31452.890241211924,11386.870663199863,27821.546786359995
2026-04-09 18:35:00+00:00,27655.58518727557,20236.777802863915,19012.591886962935,23741.757529287683,31462.290154017424,11386.870663199863,27830.945877750302
2026-04-09 18:40:00+00:00,27664.996066005922,20236.777802863915,19012.591886962935,23741.757529287683,31452.290154017424,11376.870663199863,27840.356756480654
2026-04-09 18:45:00+00:00,27654.996066005922,20226.777802863915,19012.591886962935,23731.757529287683,31452.290154017424,11376.870663199863,27830.356756480654
2026-04-09 18:50:00+00:00,27664.400671081698,20226.777802863915,19012.591886962935,23731.757529287683,31461.694608808277,11376.870663199863,27839.76136155643
2026-04-09 18:55:00+00:00,27673.807535027372,20226.777802863915,19012.591886962935,23731.757529287683,31471.09855218058,11376.870663199863,27849.168225502104
2026-04-09 19:00:00+00:00,27683.21679457524,20226.777802863915,19012.591886962935,23731.757529287683,31480.49982360388,11386.274767885454,27858.577485049973
2026-04-09 19:05:00+00:00,27673.21679457524,20226.777802863915,19012.591886962935,23731.757529287683,31489.88622975524,11395.677557838862,27848.577485049973
2026-04-09 19:10:00+00:00,27682.622334121443,20226.777802863915,19012.591886962935,23731.757529287683,31499.28896242704,11405.08029051066,27857.983024596175
2026-04-09 19:15:00+00:00,27692.034456773566,20226.777802863915,19012.591886962935,23731.757529287683,31508.687659953397,11414.485789087208,27867.3951472483
2026-04-09 19:20:00+00:00,27701.436516158916,20226.777802863915,19012.591886962935,23731.757529287683,31518.087132071694,11414.485789087208,27876.797206633648
2026-04-09 19:25:00+00:00,27691.436516158916,20226.777802863915,19012.591886962935,23731.757529287683,31508.087132071694,11404.485789087208,27866.797206633648
2026-04-09 19:30:00+00:00,27700.812180683268,20236.153467388263,19021.96357065291,23741.12921297766,31517.46073401869,11404.485789087208,27876.172871158
2026-04-09 19:35:00+00:00,27710.221598143846,20236.153467388263,19021.96357065291,23741.12921297766,31526.863298832595,11404.485789087208,27885.582288618578
2026-04-09 19:40:00+00:00,27700.221598143846,20236.153467388263,19021.96357065291,23741.12921297766,31536.261923637067,11404.485789087208,27875.582288618578
2026-04-09 19:45:00+00:00,27709.435971037823,20236.153467388263,19031.338045744666,23750.343585871633,31545.636625300624,11404.485789087208,27884.796661512555
2026-04-09 19:50:00+00:00,27718.84029031521,20236.153467388263,19031.338045744666,23750.343585871633,31555.028776445888,11413.890108364594,27894.20098078994
2026-04-09 19:55:00+00:00,27728.21009807567,20245.52327514872,19040.684995157317,23759.690535284288,31564.37873427081,11413.890108364594,27903.5707885504
2026-04-09 20:00:00+00:00,27718.21009807567,20235.52327514872,19040.684995157317,23749.690535284288,31554.37873427081,11413.890108364594,27893.5707885504
2026-04-09 20:05:00+00:00,27727.59792960685,20235.52327514872,19050.05180185158,23759.057341978547,31563.76855244323,11413.890108364594,27902.958620081583
2026-04-09 20:10:00+00:00,27736.983175442332,20235.52327514872,19059.42322998552,23768.42877011249,31573.139121116033,11413.890108364594,27912.343865917064
2026-04-09 20:15:00+00:00,27746.38846102057,20244.92856072696,19068.804967609725,23777.810507736693,31582.530022226038,11413.890108364594,27921.749151495304
2026-04-09 20:20:00+00:00,27755.787296822993,20244.92856072696,19068.804967609725,23777.810507736693,31591.925534729864,11413.890108364594,27931.147987297725
2026-04-09 20:25:00+00:00,27765.19626901079,20244.92856072696,19068.804967609725,23777.810507736693,31601.325412237697,11413.890108364594,27940.556959485522
2026-04-09 20:30:00+00:00,27774.60125662509,20244.92856072696,19078.191489570894,23787.19702969786,31610.72600808592,11423.293816743992,27949.961947099822
2026-04-09 20:35:00+00:00,27783.999113888145,20254.326417990014,19078.191489570894,23796.59488696092,31620.119459046055,11423.293816743992,27959.359804362877
2026-04-09 20:40:00+00:00,27793.389292322536,20244.326417990014,19078.191489570894,23796.59488696092,31629.50535443019,11423.293816743992,27968.749982797268
2026-04-09 20:45:00+00:00,27802.79722969239,20244.326417990014,19078.191489570894,23796.59488696092,31638.905627915665,11423.293816743992,27978.157920167123
2026-04-09 20:50:00+00:00,27792.79722969239,20234.326417990014,19078.191489570894,23786.59488696092,31648.30405394885,11423.293816743992,27968.157920167123
2026-04-09 20:55:00+00:00,27782.79722969239,20224.326417990014,19078.191489570894,23776.59488696092,31648.30405394885,11423.293816743992,27958.157920167123
2026-04-09 21:00:00+00:00,27772.79722969239,20214.326417990014,19078.191489570894,23766.59488696092,31657.700707377517,11432.684749345635,27948.157920167123
2026-04-09 21:05:00+00:00,27762.79722969239,20204.326417990014,19068.191489570894,23756.59488696092,31647.700707377517,11432.684749345635,27938.157920167123
2026-04-09 21:10:00+00:00,27752.79722969239,20204.326417990014,19068.191489570894,23756.59488696092,31637.700707377517,11442.081139499536,27928.157920167123
2026-04-09 21:15:00+00:00,27762.19774469879,20213.733714238886,19068.191489570894,23765.995401967317,31647.09209494449,11442.081139499536,27937.558435173523
2026-04-09 21:20:00+00:00,27752.19774469879,20213.733714238886,19068.191489570894,23765.995401967317,31637.09209494449,11442.081139499536,27927.558435173523
2026-04-09 21:25:00+00:00,27761.592999351025,20213.733714238886,19077.571986842704,23775.375899239127,31646.495878983675,11442.081139499536,27936.953689825757
2026-04-09 21:30:00+00:00,27771.005055755806,20213.733714238886,19077.571986842704,23775.375899239127,31655.89274499305,11442.081139499536,27946.36574623054
2026-04-09 21:35:00+00:00,27780.416159943292,20213.733714238886,19077.571986842704,23775.375899239127,31665.29335606403,11451.481750570516,27955.776850418024
2026-04-09 21:40:00+00:00,27789.776789294105,20213.733714238886,19086.88631095155,23784.69022334797,31674.63654410989,11451.481750570516,27965.137479768837
2026-04-09 21:45:00+00:00,27799.166337974075,20213.733714238886,19096.272148140604,23794.07606053703,31684.019550643214,11451.481750570516,27974.527028448807
2026-04-09 21:50:00+00:00,27808.54077803464,20223.10815429945,19105.661966994045,23803.465879390467,31693.4067995935,11451.481750570516,27983.90146850937
2026-04-09 21:55:00+00:00,27817.948654214164,20232.516030478975,19105.661966994045,23812.87375556999,31702.802182347925,11451.481750570516,27993.309344688896
2026-04-09 22:00:00+00:00,27807.948654214164,20232.516030478975,19105.661966994045,23812.87375556999,31712.204880443223,11451.481750570516,27983.309344688896
2026-04-09 22:05:00+00:00,27817.351017964964,20232.516030478975,19115.04726333086,23822.259051906804,31721.58235170102,11451.481750570516,27992.711708439696
2026-04-09 22:10:00+00:00,27826.74853222064,20241.91354473465,19115.04726333086,23831.65656616248,31730.986787209815,11451.481750570516,28002.109222695373
2026-04-09 22:15:00+00:00,27836.107496638226,20251.272509152237,19124.208359160697,23840.817661992318,31740.119825263333,11451.481750570516,28011.468187112958
2026-04-09 22:20:00+00:00,27845.494974207864,20251.272509152237,19124.208359160697,23840.817661992318,31749.519301504508,11451.481750570516,28020.855664682596
2026-04-09 22:25:00+00:00,27854.866313479582,20251.272509152237,19133.569516926604,23850.17881975823,31758.88260046524,11451.481750570516,28030.227003954315
2026-04-09 22:30:00+00:00,27864.23851536003,20251.272509152237,19142.944834125068,23859.554136956693,31768.269137675074,11451.481750570516,28039.599205834762
2026-04-09 22:35:00+00:00,27873.61635477256,20251.272509152237,19152.316080695968,23868.92538352759,31777.6566163108,11451.481750570516,28048.97704524729
2026-04-09 22:40:00+00:00,27883.031726949037,20251.272509152237,19152.316080695968,23868.92538352759,31787.059986998403,11460.882628768786,28058.39241742377
2026-04-09 22:45:00+00:00,27873.031726949037,20251.272509152237,19152.316080695968,23868.92538352759,31777.059986998403,11450.882628768786,28048.39241742377
2026-04-09 22:50:00+00:00,27882.407430354586,20260.64821255779,19161.60430476161,23878.213607593236,31786.40272647035,11450.882628768786,28057.768120829318
2026-04-09 22:55:00+00:00,27891.79818562288,20260.64821255779,19170.941403197394,23887.55070602902,31795.79646404609,11450.882628768786,28067.158876097612
2026-04-09 23:00:00+00:00,27881.79818562288,20260.64821255779,19180.31912378165,23887.55070602902,31805.190031805356,11440.882628768786,28057.158876097612
2026-04-09 23:05:00+00:00,27891.167930781998,20270.017957716904,19189.674316497636,23896.905898745004,31814.566493573264,11440.882628768786,28066.52862125673
2026-04-09 23:10:00+00:00,27900.57876269282,20270.017957716904,19199.048020601847,23906.279602849216,31823.938693411972,11440.882628768786,28075.939453167553
2026-04-09 23:15:00+00:00,27890.57876269282,20270.017957716904,19199.048020601847,23906.279602849216,31813.938693411972,11450.274969585733,28065.939453167553
2026-04-09 23:20:00+00:00,27899.99094914255,20270.017957716904,19199.048020601847,23906.279602849216,31823.3419567721,11459.676270931992,28075.35163961728
2026-04-09 23:25:00+00:00,27889.99094914255,20270.017957716904,19199.048020601847,23906.279602849216,31813.3419567721,11449.676270931992,28065.35163961728
2026-04-09 23:30:00+00:00,27899.32484420925,20270.017957716904,19208.426466538094,23915.613497915918,31822.70651614665,11449.676270931992,28074.685534683984
2026-04-09 23:35:00+00:00,27889.32484420925,20270.017957716904,19208.426466538094,23915.613497915918,31832.10898914523,11459.081002562889,28064.685534683984
2026-04-09 23:40:00+00:00,27898.730768325873,20279.42388183353,19208.426466538094,23925.01942203254,31841.503717018095,11459.081002562889,28074.091458800605
2026-04-09 23:45:00+00:00,27908.145991502275,20279.42388183353,19208.426466538094,23925.01942203254,31831.503717018095,11459.081002562889,28083.506681977007
2026-04-09 23:50:00+00:00,27898.145991502275,20269.42388183353,19208.426466538094,23915.01942203254,31821.503717018095,11459.081002562889,28073.506681977007
2026-04-09 23:55:00+00:00,27907.543072175,20269.42388183353,19208.426466538094,23915.01942203254,31830.8999381443,11459.081002562889,28082.903762649734
2026-04-10 00:00:00+00:00,27916.93263491883,20269.42388183353,19208.426466538094,23915.01942203254,31840.297640538705,11459.081002562889,28092.293325393563
2026-04-10 00:05:00+00:00,27926.32828876532,20278.819535680013,19208.426466538094,23924.415075879027,31830.297640538705,11449.081002562889,28101.68897924005
2026-04-10 00:10:00+00:00,27916.32828876532,20278.819535680013,19208.426466538094,23924.415075879027,31820.297640538705,11458.479829107651,28091.68897924005
2026-04-10 00:15:00+00:00,27925.71535585784,20278.819535680013,19217.783311413616,23933.771920754552,31829.701295673996,11458.479829107651,28101.07604633257
2026-04-10 00:20:00+00:00,27915.71535585784,20278.819535680013,19217.783311413616,23933.771920754552,31839.093325571746,11467.871859005401,28091.07604633257
2026-04-10 00:25:00+00:00,27925.122806457963,20278.819535680013,19217.783311413616,23933.771920754552,31848.492010335445,11477.273543471945,28100.483496932695
2026-04-10 00:30:00+00:00,27915.122806457963,20278.819535680013,19217.783311413616,23933.771920754552,31857.89240694771,11486.67394008421,28090.483496932695
2026-04-10 00:35:00+00:00,27905.122806457963,20268.819535680013,19217.783311413616,23923.771920754552,31847.89240694771,11496.068111507238,28080.483496932695
2026-04-10 00:40:00+00:00,27914.506635246893,20268.819535680013,19227.15976985945,23933.148379200386,31857.27625178481,11496.068111507238,28089.867325721625
2026-04-10 00:45:00+00:00,27904.506635246893,20268.819535680013,19227.15976985945,23933.148379200386,31847.27625178481,11486.068111507238,28079.867325721625
2026-04-10 00:50:00+00:00,27913.899234574157,20278.212135007278,19236.53986288898,23942.528472229915,31856.656889529786,11486.068111507238,28089.25992504889
2026-04-10 00:55:00+00:00,27903.899234574157,20268.212135007278,19236.53986288898,23932.528472229915,31846.656889529786,11486.068111507238,28079.25992504889
2026-04-10 01:00:00+00:00,27913.29197433023,20268.212135007278,19245.914490760537,23941.903100101474,31856.037451817436,11486.068111507238,28088.652664804962
2026-04-10 01:05:00+00:00,27903.29197433023,20268.212135007278,19245.914490760537,23941.903100101474,31846.037451817436,11495.460734327087,28078.652664804962
2026-04-10 01:10:00+00:00,27912.682477188326,20277.602637865373,19255.273275624997,23951.261884965934,31855.398087008878,11495.460734327087,28088.043167663058
2026-04-10 01:15:00+00:00,27902.682477188326,20277.602637865373,19255.273275624997,23951.261884965934,31845.398087008878,11485.460734327087,28078.043167663058
2026-04-10 01:20:00+00:00,27912.055580302043,20277.602637865373,19264.575007850774,23960.563617191707,31854.655024102125,11485.460734327087,28087.416270776775
2026-04-10 01:25:00+00:00,27902.055580302043,20277.602637865373,19264.575007850774,23960.563617191707,31844.655024102125,11475.460734327087,28077.416270776775
2026-04-10 01:30:00+00:00,27911.45502685047,20277.602637865373,19273.879543170697,23969.868152511634,31853.988796531696,11475.460734327087,28086.815717325204
2026-04-10 01:35:00+00:00,27920.818933660667,20286.966544675568,19283.213451642616,23979.20206098355,31863.33611311106,11475.460734327087,28096.1796241354
2026-04-10 01:40:00+00:00,27910.818933660667,20286.966544675568,19273.213451642616,23969.20206098355,31853.33611311106,11475.460734327087,28086.1796241354
2026-04-10 01:45:00+00:00,27920.205600685436,20296.35321170034,19273.213451642616,23978.58872800832,31862.7304936169,11475.460734327087,28095.56629116017
2026-04-10 01:50:00+00:00,27910.205600685436,20296.35321170034,19263.213451642616,23968.58872800832,31852.7304936169,11475.460734327087,28085.56629116017
2026-04-10 01:55:00+00:00,27919.616467711272,20296.35321170034,19263.213451642616,23968.58872800832,31862.133970487856,11475.460734327087,28094.977158186004
2026-04-10 02:00:00+00:00,27909.616467711272,20296.35321170034,19263.213451642616,23968.58872800832,31852.133970487856,11475.460734327087,28084.977158186004
2026-04-10 02:05:00+00:00,27919.02488501367,20296.35321170034,19272.588403770875,23977.963680136578,31861.532422965094,11475.460734327087,28094.385575488403
2026-04-10 02:10:00+00:00,27909.02488501367,20296.35321170034,19272.588403770875,23977.963680136578,31870.9364346361,11484.852248730007,28084.385575488403
2026-04-10 02:15:00+00:00,27918.43932941313,20296.35321170034,19272.588403770875,23977.963680136578,31880.334502492577,11484.852248730007,28093.80001988786
2026-04-10 02:20:00+00:00,27908.43932941313,20296.35321170034,19272.588403770875,23977.963680136578,31880.334502492577,11484.852248730007,28083.80001988786
2026-04-10 02:25:00+00:00,27917.851704257642,20296.35321170034,19272.588403770875,23977.963680136578,31880.334502492577,11484.852248730007,28093.212394732374
2026-04-10 02:30:00+00:00,27907.851704257642,20296.35321170034,19272.588403770875,23977.963680136578,31889.73486425119,11494.25261048862,28083.212394732374
2026-04-10 02:35:00+00:00,27917.26539195861,20296.35321170034,19272.588403770875,23977.963680136578,31899.13161359043,11494.25261048862,28092.62608243334
2026-04-10 02:40:00+00:00,27926.67977361772,20296.35321170034,19272.588403770875,23977.963680136578,31908.53582531498,11494.25261048862,28102.040464092453
2026-04-10 02:45:00+00:00,27936.065081304623,20305.73851938724,19281.96217616117,23987.337452526874,31917.9202002248,11494.25261048862,28111.425771779355
2026-04-10 02:50:00+00:00,27945.47883601244,20305.73851938724,19281.96217616117,23987.337452526874,31907.9202002248,11494.25261048862,28120.839526487172
2026-04-10 02:55:00+00:00,27954.879597998763,20315.139281373562,19281.96217616117,23996.738214513196,31917.32396635174,11494.25261048862,28130.240288473495
2026-04-10 03:00:00+00:00,27964.28118512292,20324.540868497723,19281.96217616117,24006.139801637357,31907.32396635174,11484.25261048862,28139.641875597652
2026-04-10 03:05:00+00:00,27973.686485920443,20324.540868497723,19281.96217616117,24006.139801637357,31897.32396635174,11474.25261048862,28149.047176395175
2026-04-10 03:10:00+00:00,27963.686485920443,20324.540868497723,19281.96217616117,24006.139801637357,31906.719386799385,11474.25261048862,28139.047176395175
2026-04-10 03:15:00+00:00,27973.094402144456,20333.94878472173,19281.96217616117,24015.547717861366,31916.12039280005,11474.25261048862,28148.455092619188
2026-04-10 03:20:00+00:00,27963.094402144456,20333.94878472173,19281.96217616117,24015.547717861366,31925.521342770004,11474.25261048862,28138.455092619188
2026-04-10 03:25:00+00:00,27953.094402144456,20323.94878472173,19281.96217616117,24005.547717861366,31934.91894415781,11474.25261048862,28128.455092619188
2026-04-10 03:30:00+00:00,27962.489225747107,20333.343608324387,19281.96217616117,24014.94254146402,31944.310216049198,11474.25261048862,28137.84991622184
2026-04-10 03:35:00+00:00,27971.875321808828,20342.729704386107,19291.35178054755,24024.3321458504,31953.694166837395,11474.25261048862,28147.23601228356
2026-04-10 03:40:00+00:00,27981.27256005852,20352.126942635798,19291.35178054755,24033.729384100094,31963.0928984575,11474.25261048862,28156.633250533254
2026-04-10 03:45:00+00:00,27971.27256005852,20342.126942635798,19291.35178054755,24023.729384100094,31953.0928984575,11483.649289156765,28146.633250533254
2026-04-10 03:50:00+00:00,27980.6872749401,20342.126942635798,19291.35178054755,24023.729384100094,31953.0928984575,11483.649289156765,28156.047965414833
2026-04-10 03:55:00+00:00,27990.100572374962,20351.54024007066,19291.35178054755,24033.142681534955,31953.0928984575,11483.649289156765,28165.461262849694
2026-04-10 04:00:00+00:00,27999.497924661307,20351.54024007066,19291.35178054755,24033.142681534955,31962.49031757478,11483.649289156765,28174.85861513604
2026-04-10 04:05:00+00:00,28008.905423201908,20351.54024007066,19291.35178054755,24033.142681534955,31971.893009586718,11483.649289156765,28184.26611367664
2026-04-10 04:10:00+00:00,28018.30648105813,20360.94129792688,19291.35178054755,24042.543739391174,31981.292511733864,11483.649289156765,28193.667171532863
2026-04-10 04:15:00+00:00,28027.704639889333,20360.94129792688,19291.35178054755,24042.543739391174,31990.680809414436,11483.649289156765,28203.065330364065
2026-04-10 04:20:00+00:00,28017.704639889333,20360.94129792688,19291.35178054755,24042.543739391174,31980.680809414436,11483.649289156765,28193.065330364065
2026-04-10 04:25:00+00:00,28007.704639889333,20360.94129792688,19291.35178054755,24042.543739391174,31970.680809414436,11483.649289156765,28183.065330364065
2026-04-10 04:30:00+00:00,28017.114213215566,20360.94129792688,19291.35178054755,24042.543739391174,31970.680809414436,11483.649289156765,28192.474903690298
2026-04-10 04:35:00+00:00,28026.520731246837,20370.34781595815,19291.35178054755,24051.950257422446,31980.066008107315,11483.649289156765,28201.88142172157
2026-04-10 04:40:00+00:00,28016.520731246837,20360.34781595815,19291.35178054755,24041.950257422446,31980.066008107315,11483.649289156765,28191.88142172157
2026-04-10 04:45:00+00:00,28006.520731246837,20350.34781595815,19291.35178054755,24031.950257422446,31989.45546442045,11483.649289156765,28181.88142172157
2026-04-10 04:50:00+00:00,28015.915483720164,20359.74256843148,19300.665003744773,24041.263480619666,31998.807100793972,11483.649289156765,28191.276174194896
2026-04-10 04:55:00+00:00,28005.915483720164,20359.74256843148,19300.665003744773,24041.263480619666,31988.807100793972,11483.649289156765,28181.276174194896
2026-04-10 05:00:00+00:00,27995.915483720164,20349.74256843148,19300.665003744773,24031.263480619666,31978.807100793972,11483.649289156765,28171.276174194896
2026-04-10 05:05:00+00:00,28005.32890912864,20349.74256843148,19300.665003744773,24031.263480619666,31988.207540561732,11483.649289156765,28180.68959960337
2026-04-10 05:10:00+00:00,27995.32890912864,20349.74256843148,19300.665003744773,24031.263480619666,31988.207540561732,11483.649289156765,28170.68959960337
2026-04-10 05:15:00+00:00,27985.32890912864,20349.74256843148,19300.665003744773,24031.263480619666,31978.207540561732,11483.649289156765,28160.68959960337
2026-04-10 05:20:00+00:00,27994.704226622558,20359.1178859254,19310.05130387096,24040.64978074585,31987.598685947272,11483.649289156765,28170.06491709729
2026-04-10 05:25:00+00:00,27994.704226622558,20359.1178859254,19310.05130387096,24040.64978074585,31997.003090602044,11483.649289156765,28170.06491709729
2026-04-10 05:30:00+00:00,27984.704226622558,20359.1178859254,19310.05130387096,24040.64978074585,31987.003090602044,11483.649289156765,28160.06491709729
2026-04-10 05:35:00+00:00,27984.704226622558,20359.1178859254,19310.05130387096,24040.64978074585,31987.003090602044,11483.649289156765,28160.06491709729
2026-04-10 05:40:00+00:00,27994.101783846294,20368.51544314914,19310.05130387096,24050.04733796959,31996.397430533652,11483.649289156765,28169.462474321026
2026-04-10 05:45:00+00:00,28003.49222976332,20368.51544314914,19310.05130387096,24050.04733796959,32005.797547405637,11483.649289156765,28178.852920238052
2026-04-10 05:50:00+00:00,27993.49222976332,20358.51544314914,19310.05130387096,24040.04733796959,32015.198326246104,11493.050067997234,28168.852920238052
2026-04-10 05:55:00+00:00,28002.904495015864,20348.51544314914,19310.05130387096,24040.04733796959,32015.198326246104,11493.050067997234,28178.265185490596
2026-04-10 06:00:00+00:00,28012.31457946639,20348.51544314914,19310.05130387096,24040.04733796959,32015.198326246104,11493.050067997234,28187.675269941123
2026-04-10 06:05:00+00:00,28021.722560953946,20348.51544314914,19310.05130387096,24040.04733796959,32024.595896796596,11493.050067997234,28197.083251428678
2026-04-10 06:10:00+00:00,28011.722560953946,20348.51544314914,19310.05130387096,24040.04733796959,32014.595896796596,11493.050067997234,28187.083251428678
2026-04-10 06:15:00+00:00,28021.126758993643,20357.919641188833,19310.05130387096,24049.451536009285,32023.99666862604,11493.050067997234,28196.487449468375
2026-04-10 06:20:00+00:00,28021.126758993643,20357.919641188833,19310.05130387096,24049.451536009285,32033.397644033554,11493.050067997234,28196.487449468375
2026-04-10 06:25:00+00:00,28021.126758993643,20357.919641188833,19310.05130387096,24049.451536009285,32033.397644033554,11493.050067997234,28196.487449468375
2026-04-10 06:30:00+00:00,28030.540870971345,20357.919641188833,19310.05130387096,24049.451536009285,32033.397644033554,11493.050067997234,28205.901561446077
2026-04-10 06:35:00+00:00,28020.540870971345,20347.919641188833,19300.05130387096,24039.451536009285,32023.397644033554,11493.050067997234,28195.901561446077
2026-04-10 06:40:00+00:00,28029.91740155059,20357.296171768077,19309.41840378607,24048.818635924392,32032.768965464827,11493.050067997234,28205.27809202532
2026-04-10 06:45:00+00:00,28029.91740155059,20357.296171768077,19309.41840378607,24048.818635924392,32032.768965464827,11493.050067997234,28205.27809202532
2026-04-10 07:25:00+00:00,28039.118789418364,20357.296171768077,19309.41840378607,24048.818635924392,32041.97351948767,11493.050067997234,28214.479479893096
2026-04-10 07:30:00+00:00,28029.118789418364,20357.296171768077,19309.41840378607,24048.818635924392,32051.37062519056,11502.447173700124,28204.479479893096
2026-04-10 07:35:00+00:00,28019.118789418364,20357.296171768077,19309.41840378607,24048.818635924392,32041.37062519056,11502.447173700124,28194.479479893096
2026-04-10 07:40:00+00:00,28028.52278039054,20357.296171768077,19309.41840378607,24048.818635924392,32050.76212931704,11502.447173700124,28203.883470865272
2026-04-10 07:45:00+00:00,28037.932549014447,20357.296171768077,19309.41840378607,24048.818635924392,32050.76212931704,11502.447173700124,28213.29323948918
2026-04-10 07:50:00+00:00,28047.308342585566,20366.671965339196,19318.769133015543,24058.169365153866,32060.139844824735,11502.447173700124,28222.669033060298
2026-04-10 07:55:00+00:00,28056.704713565217,20376.068336318847,19318.769133015543,24067.565736133518,32069.52373651527,11502.447173700124,28232.06540403995
2026-04-10 08:00:00+00:00,28046.704713565217,20376.068336318847,19318.769133015543,24067.565736133518,32059.52373651527,11502.447173700124,28222.06540403995
2026-04-10 08:05:00+00:00,28056.087348461122,20385.450971214752,19328.1454217699,24076.942024887878,32068.893367556342,11502.447173700124,28231.448038935854
2026-04-10 08:10:00+00:00,28046.087348461122,20385.450971214752,19328.1454217699,24076.942024887878,32058.893367556342,11502.447173700124,28221.448038935854
2026-04-10 08:15:00+00:00,28036.087348461122,20375.450971214752,19328.1454217699,24066.942024887878,32048.893367556342,11502.447173700124,28211.448038935854
2026-04-10 08:20:00+00:00,28026.087348461122,20375.450971214752,19328.1454217699,24066.942024887878,32048.893367556342,11502.447173700124,28201.448038935854
2026-04-10 08:25:00+00:00,28035.495472882656,20375.450971214752,19328.1454217699,24066.942024887878,32058.289715838844,11502.447173700124,28210.856163357388
2026-04-10 08:30:00+00:00,28025.495472882656,20365.450971214752,19328.1454217699,24056.942024887878,32048.289715838844,11502.447173700124,28200.856163357388
2026-04-10 08:35:00+00:00,28034.895863378715,20365.450971214752,19337.540591580335,24066.33719469831,32057.684257264904,11502.447173700124,28210.256553853447
2026-04-10 08:40:00+00:00,28024.895863378715,20365.450971214752,19337.540591580335,24066.33719469831,32067.080357269926,11502.447173700124,28200.256553853447
2026-04-10 08:45:00+00:00,28014.895863378715,20355.450971214752,19346.887048314442,24056.33719469831,32076.477610996353,11502.447173700124,28190.256553853447
2026-04-10 08:50:00+00:00,28004.895863378715,20345.450971214752,19346.887048314442,24046.33719469831,32066.477610996353,11502.447173700124,28180.256553853447
2026-04-10 08:55:00+00:00,28014.309379507347,20345.450971214752,19346.887048314442,24046.33719469831,32066.477610996353,11502.447173700124,28189.67006998208
2026-04-10 09:00:00+00:00,28004.309379507347,20345.450971214752,19346.887048314442,24046.33719469831,32075.881336832776,11502.447173700124,28179.67006998208
2026-04-10 09:05:00+00:00,28013.71724735473,20345.450971214752,19346.887048314442,24046.33719469831,32075.881336832776,11502.447173700124,28189.07793782946
2026-04-10 09:10:00+00:00,28023.13262114816,20345.450971214752,19346.887048314442,24046.33719469831,32085.274812784828,11502.447173700124,28198.493311622893
2026-04-10 09:15:00+00:00,28032.543202233406,20345.450971214752,19346.887048314442,24046.33719469831,32094.67225060831,11502.447173700124,28207.90389270814
2026-04-10 09:20:00+00:00,28041.94511760161,20345.450971214752,19346.887048314442,24046.33719469831,32104.074925484623,11502.447173700124,28217.30580807634
2026-04-10 09:25:00+00:00,28031.94511760161,20345.450971214752,19346.887048314442,24046.33719469831,32104.074925484623,11502.447173700124,28207.30580807634
2026-04-10 09:30:00+00:00,28041.338422187724,20354.844275800868,19346.887048314442,24055.73049928443,32113.459243870333,11502.447173700124,28216.699112662456
2026-04-10 09:35:00+00:00,28031.338422187724,20344.844275800868,19346.887048314442,24045.73049928443,32122.862794624903,11511.848313489134,28206.699112662456
2026-04-10 09:40:00+00:00,28040.742718332072,20354.248571945216,19346.887048314442,24055.134795428778,32132.25803258884,11511.848313489134,28216.103408806805
2026-04-10 09:45:00+00:00,28050.13652158374,20363.642375196887,19346.887048314442,24064.528598680445,32141.644485405726,11511.848313489134,28225.49721205847
2026-04-10 09:50:00+00:00,28059.547790942943,20363.642375196887,19346.887048314442,24064.528598680445,32151.02983496126,11511.848313489134,28234.908481417675
2026-04-10 09:55:00+00:00,28068.956183164446,20363.642375196887,19346.887048314442,24064.528598680445,32151.02983496126,11511.848313489134,28244.316873639178
2026-04-10 10:00:00+00:00,28078.370526527407,20363.642375196887,19346.887048314442,24064.528598680445,32151.02983496126,11511.848313489134,28253.73121700214
2026-04-10 10:05:00+00:00,28087.75714069366,20373.028989363138,19356.277797992458,24073.91934835846,32160.41565635653,11511.848313489134,28263.11783116839
2026-04-10 10:10:00+00:00,28097.170648570896,20373.028989363138,19356.277797992458,24073.91934835846,32169.80998393495,11511.848313489134,28272.53133904563
2026-04-10 10:15:00+00:00,28087.170648570896,20373.028989363138,19356.277797992458,24073.91934835846,32169.80998393495,11511.848313489134,28262.53133904563
2026-04-10 10:20:00+00:00,28096.571874079553,20382.430214871794,19356.277797992458,24083.320573867117,32179.21067057897,11511.848313489134,28271.932564554285
2026-04-10 10:25:00+00:00,28086.571874079553,20382.430214871794,19356.277797992458,24083.320573867117,32188.61255116773,11511.848313489134,28261.932564554285
2026-04-10 10:30:00+00:00,28095.974118231385,20382.430214871794,19356.277797992458,24083.320573867117,32198.014394742975,11511.848313489134,28271.334808706117
2026-04-10 10:35:00+00:00,28085.974118231385,20382.430214871794,19356.277797992458,24083.320573867117,32207.414761580138,11511.848313489134,28261.334808706117
2026-04-10 10:40:00+00:00,28095.37637340707,20382.430214871794,19356.277797992458,24083.320573867117,32216.813525103164,11511.848313489134,28270.737063881803
2026-04-10 10:45:00+00:00,28104.782863214685,20382.430214871794,19356.277797992458,24083.320573867117,32216.813525103164,11511.848313489134,28280.143553689417
2026-04-10 10:50:00+00:00,28114.17895454164,20391.826306198745,19365.67149350072,24092.714269375378,32226.199935298944,11511.848313489134,28289.53964501637
2026-04-10 10:55:00+00:00,28123.587010437204,20391.826306198745,19365.67149350072,24092.714269375378,32235.599644800517,11511.848313489134,28298.947700911936
2026-04-10 11:00:00+00:00,28132.97792094092,20401.217216702462,19375.042847748067,24102.085623622726,32244.97196541466,11511.848313489134,28308.338611415653
2026-04-10 11:05:00+00:00,28122.97792094092,20391.217216702462,19375.042847748067,24092.085623622726,32254.35936465239,11521.235712726866,28298.338611415653
2026-04-10 11:10:00+00:00,28112.97792094092,20391.217216702462,19375.042847748067,24092.085623622726,32263.76164741364,11530.63332839403,28288.338611415653
2026-04-10 11:15:00+00:00,28122.38099235173,20391.217216702462,19375.042847748067,24092.085623622726,32253.76164741364,11530.63332839403,28297.74168282646
2026-04-10 11:20:00+00:00,28131.779096962167,20391.217216702462,19375.042847748067,24092.085623622726,32263.164456892264,11530.63332839403,28307.1397874369
2026-04-10 11:25:00+00:00,28141.17432886646,20391.217216702462,19375.042847748067,24092.085623622726,32263.164456892264,11530.63332839403,28316.53501934119
2026-04-10 11:30:00+00:00,28150.557235979457,20391.217216702462,19375.042847748067,24092.085623622726,32272.54755423031,11530.63332839403,28325.91792645419
2026-04-10 11:35:00+00:00,28159.96333271451,20400.623313437514,19375.042847748067,24101.49172035778,32281.934320717173,11530.63332839403,28335.32402318924
2026-04-10 11:40:00+00:00,28169.371600345607,20410.031581068615,19375.042847748067,24110.89998798888,32291.337742121177,11530.63332839403,28344.73229082034
2026-04-10 11:45:00+00:00,28159.371600345607,20400.031581068615,19375.042847748067,24100.89998798888,32281.337742121177,11540.032776404569,28334.73229082034
2026-04-10 11:50:00+00:00,28168.77378628044,20400.031581068615,19375.042847748067,24100.89998798888,32290.74068935319,11540.032776404569,28344.13447675517
2026-04-10 11:55:00+00:00,28178.169155152013,20409.42694994019,19375.042847748067,24110.295356860453,32300.13395577044,11540.032776404569,28353.529845626745
2026-04-10 12:00:00+00:00,28187.577512503693,20409.42694994019,19375.042847748067,24110.295356860453,32309.535790520982,11540.032776404569,28362.938202978425
2026-04-10 12:05:00+00:00,28196.982026782956,20418.831464219453,19375.042847748067,24119.699871139717,32318.93914938641,11540.032776404569,28372.34271725769
2026-04-10 12:10:00+00:00,28206.380738768898,20428.235184352638,19375.042847748067,24129.098583125662,32328.332695997964,11540.032776404569,28381.74142924363
2026-04-10 12:15:00+00:00,28196.380738768898,20437.645839678167,19375.042847748067,24129.098583125662,32337.72245317131,11540.032776404569,28371.74142924363
2026-04-10 12:20:00+00:00,28186.380738768898,20427.645839678167,19365.042847748067,24119.098583125662,32327.72245317131,11549.42694737205,28361.74142924363
2026-04-10 12:25:00+00:00,28176.380738768898,20417.645839678167,19355.042847748067,24109.098583125662,32317.72245317131,11549.42694737205,28351.74142924363
2026-04-10 12:30:00+00:00,28185.699590844753,20417.645839678167,19364.355976467778,24118.41171184537,32327.051430617343,11549.42694737205,28361.060281319486
2026-04-10 12:35:00+00:00,28195.082434632764,20417.645839678167,19373.696032239095,24127.75176761669,32336.427144279496,11549.42694737205,28370.443125107497
2026-04-10 12:40:00+00:00,28204.470008345204,20417.645839678167,19383.065483504906,24137.121218882497,32345.826054128087,11549.42694737205,28379.830698819937
2026-04-10 12:45:00+00:00,28194.470008345204,20407.645839678167,19383.065483504906,24127.121218882497,32355.229437572867,11539.42694737205,28369.830698819937
2026-04-10 12:50:00+00:00,28203.847097425296,20417.02292875826,19392.42385329336,24136.479588670954,32364.59644484497,11539.42694737205,28379.207787900028
2026-04-10 12:55:00+00:00,28213.236045473037,20417.02292875826,19392.42385329336,24136.479588670954,32373.984410515157,11539.42694737205,28388.59673594777
2026-04-10 13:00:00+00:00,28222.628287244133,20417.02292875826,19392.42385329336,24136.479588670954,32383.38415610154,11539.42694737205,28397.988977718865
2026-04-10 13:05:00+00:00,28232.034054119125,20417.02292875826,19392.42385329336,24136.479588670954,32392.782888968188,11539.42694737205,28407.394744593857
2026-04-10 13:10:00+00:00,28222.034054119125,20417.02292875826,19392.42385329336,24136.479588670954,32382.782888968188,11539.42694737205,28397.394744593857
2026-04-10 13:15:00+00:00,28212.034054119125,20407.02292875826,19392.42385329336,24126.479588670954,32372.782888968188,11539.42694737205,28387.394744593857
2026-04-10 13:20:00+00:00,28221.431644260756,20416.42051889989,19392.42385329336,24135.877178812585,32382.185694714215,11539.42694737205,28396.792334735488
2026-04-10 13:25:00+00:00,28230.826416640823,20416.42051889989,19392.42385329336,24135.877178812585,32391.589295968297,11539.42694737205,28406.187107115555
2026-04-10 13:30:00+00:00,28220.826416640823,20416.42051889989,19401.787912398086,24135.877178812585,32400.988573955536,11548.826225359287,28396.187107115555
2026-04-10 13:35:00+00:00,28230.047690023923,20425.76582446986,19411.15400066955,24145.098452195685,32410.34712614988,11548.826225359287,28405.408380498655
2026-04-10 13:40:00+00:00,28239.448826827385,20425.76582446986,19420.539454347356,24154.483905873487,32419.73462601724,11548.826225359287,28414.809517302117
2026-04-10 13:45:00+00:00,28248.823528107514,20425.76582446986,19420.539454347356,24154.483905873487,32429.13815099861,11548.826225359287,28424.184218582246
2026-04-10 13:50:00+00:00,28258.1785623131,20425.76582446986,19429.901588410692,24163.846039936827,32438.507898527874,11548.826225359287,28433.539252787832
2026-04-10 13:55:00+00:00,28267.57534385631,20425.76582446986,19429.901588410692,24163.846039936827,32447.8942152989,11548.826225359287,28442.936034331044
2026-04-10 14:00:00+00:00,28276.98385241335,20425.76582446986,19439.279892549486,24173.224344075617,32457.276662060118,11548.826225359287,28452.34454288808
2026-04-10 14:05:00+00:00,28286.367850569914,20425.76582446986,19448.6495170901,24182.59396861623,32466.67613240622,11548.826225359287,28461.728541044646
2026-04-10 14:10:00+00:00,28295.767991056826,20425.76582446986,19457.904164469808,24191.848615995943,32476.042680485964,11558.228749857875,28471.128681531558
2026-04-10 14:15:00+00:00,28305.12825651671,20425.76582446986,19467.263330723,24201.207782249134,32485.443415595466,11548.228749857875,28480.48894699144
2026-04-10 14:20:00+00:00,28314.443554262216,20435.081122215364,19476.593559053454,24210.538010579585,32494.76888110966,11548.228749857875,28489.804244736948
2026-04-10 14:25:00+00:00,28323.818439013517,20435.081122215364,19485.95494800208,24219.89939952821,32504.124445323218,11548.228749857875,28499.17912948825
2026-04-10 14:30:00+00:00,28333.19677394653,20435.081122215364,19485.95494800208,24219.89939952821,32513.516655622247,11548.228749857875,28508.55746442126
2026-04-10 14:35:00+00:00,28342.60251550039,20435.081122215364,19485.95494800208,24219.89939952821,32522.9072560138,11557.626285629365,28517.963205975124
2026-04-10 14:40:00+00:00,28351.94763043039,20435.081122215364,19495.22111267186,24229.165564197996,32532.31210242191,11557.626285629365,28527.308320905122
2026-04-10 14:45:00+00:00,28341.94763043039,20435.081122215364,19495.22111267186,24229.165564197996,32522.31210242191,11557.626285629365,28517.308320905122
2026-04-10 14:50:00+00:00,28351.28979276726,20444.423284552235,19504.513144468598,24238.457595994732,32531.635628835807,11557.626285629365,28526.650483241992
2026-04-10 14:55:00+00:00,28360.698924846944,20444.423284552235,19504.513144468598,24238.457595994732,32541.03246009496,11567.023116888518,28536.059615321676
2026-04-10 15:00:00+00:00,28350.698924846944,20444.423284552235,19494.513144468598,24228.457595994732,32531.03246009496,11567.023116888518,28526.059615321676
2026-04-10 15:05:00+00:00,28360.10257174678,20444.423284552235,19494.513144468598,24228.457595994732,32540.436802113323,11576.427332881534,28535.46326222151
2026-04-10 15:10:00+00:00,28369.502979829173,20444.423284552235,19494.513144468598,24228.457595994732,32549.837210195717,11585.82774096393,28544.863670303905
2026-04-10 15:15:00+00:00,28378.896858123037,20453.8171628461,19503.902258010323,24237.846709536454,32559.21854196218,11585.82774096393,28554.25754859777
2026-04-10 15:20:00+00:00,28388.309034932372,20453.8171628461,19503.902258010323,24237.846709536454,32568.61420088478,11595.230712946404,28563.669725407104
2026-04-10 15:25:00+00:00,28397.56691967221,20463.075047585935,19513.116349747554,24247.060801273685,32577.849261229105,11595.230712946404,28572.92761014694
2026-04-10 15:30:00+00:00,28406.96143381978,20463.075047585935,19522.486325525206,24256.43077705134,32587.228626087082,11595.230712946404,28582.32212429451
2026-04-10 15:35:00+00:00,28416.37167662563,20463.075047585935,19522.486325525206,24256.43077705134,32577.228626087082,11595.230712946404,28591.73236710036
2026-04-10 15:40:00+00:00,28425.74886024789,20463.075047585935,19531.85074827738,24265.79519980351,32586.605943962408,11595.230712946404,28601.109550722624
2026-04-10 15:55:00+00:00,28435.09784396353,20472.424031301576,19541.138629500747,24275.083081026878,32595.913819333524,11595.230712946404,28610.45853443826
2026-04-10 16:00:00+00:00,28425.09784396353,20462.424031301576,19541.138629500747,24265.083081026878,32605.312822162054,11604.629715774934,28600.45853443826
2026-04-10 16:05:00+00:00,28434.504442347392,20462.424031301576,19541.138629500747,24265.083081026878,32614.714214454838,11614.032893285219,28609.865132822124
2026-04-10 16:10:00+00:00,28443.888559398485,20471.80814835267,19550.52792198678,24274.472373512916,32624.10184329251,11614.032893285219,28619.249249873217
2026-04-10 16:15:00+00:00,28453.28828794018,20481.207876894365,19550.52792198678,24283.87210205461,32633.49581701832,11614.032893285219,28628.648978414913
2026-04-10 16:20:00+00:00,28443.28828794018,20471.207876894365,19540.52792198678,24273.87210205461,32623.49581701832,11614.032893285219,28618.648978414913
2026-04-10 16:25:00+00:00,28433.28828794018,20461.207876894365,19530.52792198678,24263.87210205461,32613.49581701832,11614.032893285219,28608.648978414913
2026-04-10 16:30:00+00:00,28423.28828794018,20461.207876894365,19520.52792198678,24253.87210205461,32603.49581701832,11614.032893285219,28598.648978414913
2026-04-10 16:35:00+00:00,28432.68313493112,20461.207876894365,19520.52792198678,24253.87210205461,32612.87925755619,11614.032893285219,28608.043825405854
2026-04-10 16:40:00+00:00,28422.68313493112,20461.207876894365,19510.52792198678,24243.87210205461,32602.87925755619,11614.032893285219,28598.043825405854
2026-04-10 16:45:00+00:00,28432.087395209543,20461.207876894365,19510.52792198678,24243.87210205461,32612.277237245893,11614.032893285219,28607.448085684275
2026-04-10 16:50:00+00:00,28441.466350654315,20470.586832339133,19519.885226476177,24253.229406544007,32621.64667872833,11614.032893285219,28616.827041129047
2026-04-10 16:55:00+00:00,28450.860242769748,20470.586832339133,19519.885226476177,24253.229406544007,32631.040454610153,11614.032893285219,28626.22093324448
2026-04-10 17:00:00+00:00,28460.23793157483,20470.586832339133,19529.25939133024,24262.603571398075,32640.423813564958,11614.032893285219,28635.59862204956
2026-04-10 17:05:00+00:00,28450.23793157483,20470.586832339133,19529.25939133024,24262.603571398075,32649.823728003863,11623.432807724124,28625.59862204956
2026-04-10 17:10:00+00:00,28440.23793157483,20470.586832339133,19529.25939133024,24262.603571398075,32659.218424041923,11623.432807724124,28615.59862204956
2026-04-10 17:15:00+00:00,28449.651220467622,20470.586832339133,19529.25939133024,24262.603571398075,32668.617010460912,11632.835713650047,28625.011910942354
2026-04-10 17:20:00+00:00,28439.651220467622,20460.586832339133,19529.25939133024,24252.603571398075,32658.617010460912,11642.235793255632,28615.011910942354
2026-04-10 17:25:00+00:00,28449.037620073428,20469.97323194494,19529.25939133024,24261.98997100388,32668.00630885996,11642.235793255632,28624.39831054816
2026-04-10 17:30:00+00:00,28458.433686970755,20479.369349471213,19529.25939133024,24271.386037901204,32677.395550545,11642.235793255632,28633.794377445487
2026-04-10 17:35:00+00:00,28448.433686970755,20479.369349471213,19529.25939133024,24271.386037901204,32667.395550545,11642.235793255632,28623.794377445487
2026-04-10 17:40:00+00:00,28438.433686970755,20469.369349471213,19529.25939133024,24261.386037901204,32676.791630200703,11642.235793255632,28613.794377445487
2026-04-10 17:45:00+00:00,28447.830800249718,20469.369349471213,19529.25939133024,24261.386037901204,32686.17440646773,11642.235793255632,28623.19149072445
2026-04-10 17:50:00+00:00,28457.19890638069,20478.737455602186,19538.608184790784,24270.734831361748,32695.54164434019,11642.235793255632,28632.559596855423
2026-04-10 17:55:00+00:00,28457.19890638069,20478.737455602186,19538.608184790784,24270.734831361748,32695.54164434019,11642.235793255632,28632.559596855423
2026-04-10 18:00:00+00:00,28466.596313848575,20478.737455602186,19547.98796431609,24280.114610887053,32704.92540632048,11651.637918848344,28641.957004323307
2026-04-10 18:05:00+00:00,28475.99404179678,20488.135183550392,19547.98796431609,24289.51233883526,32714.325014860693,11651.637918848344,28651.354732271513
2026-04-10 18:10:00+00:00,28485.398699254383,20488.135183550392,19547.98796431609,24289.51233883526,32723.720586768148,11651.637918848344,28660.759389729115
2026-04-10 18:15:00+00:00,28494.806834698797,20488.135183550392,19547.98796431609,24289.51233883526,32733.12075146097,11651.637918848344,28670.16752517353
2026-04-10 18:20:00+00:00,28484.806834698797,20488.135183550392,19547.98796431609,24289.51233883526,32723.12075146097,11651.637918848344,28660.16752517353
2026-04-10 18:25:00+00:00,28494.219102830055,20488.135183550392,19547.98796431609,24289.51233883526,32713.12075146097,11651.637918848344,28669.579793304787
2026-04-10 18:30:00+00:00,28484.219102830055,20488.135183550392,19547.98796431609,24289.51233883526,32703.12075146097,11661.038240602506,28659.579793304787
2026-04-10 18:35:00+00:00,28474.219102830055,20478.135183550392,19547.98796431609,24279.51233883526,32712.5095944901,11661.038240602506,28649.579793304787
2026-04-10 18:40:00+00:00,28464.219102830055,20478.135183550392,19547.98796431609,24279.51233883526,32702.5095944901,11661.038240602506,28639.579793304787
2026-04-10 18:45:00+00:00,28473.621430460553,20487.53751118089,19547.98796431609,24288.914666465753,32702.5095944901,11661.038240602506,28648.982120935285
2026-04-10 18:50:00+00:00,28483.03441065502,20496.950491375355,19547.98796431609,24298.32764666022,32711.914004875227,11661.038240602506,28658.39510112975
2026-04-10 18:55:00+00:00,28492.437899044882,20506.353979765216,19547.98796431609,24307.731135050082,32721.30584449424,11661.038240602506,28667.798589519614
2026-04-10 19:00:00+00:00,28501.846203241115,20515.76228396145,19547.98796431609,24317.13943924631,32730.702660157665,11661.038240602506,28677.206893715847
2026-04-10 19:05:00+00:00,28491.846203241115,20505.76228396145,19547.98796431609,24307.13943924631,32740.087531733043,11661.038240602506,28667.206893715847
2026-04-10 19:10:00+00:00,28501.215328333994,20515.131409054324,19557.323881294484,24316.475356224706,32749.431310814885,11661.038240602506,28676.576018808726
2026-04-10 19:15:00+00:00,28510.62372693925,20515.131409054324,19557.323881294484,24316.475356224706,32758.835172372725,11661.038240602506,28685.984417413983
2026-04-10 19:20:00+00:00,28519.992946295402,20524.500628410475,19566.658176978344,24325.809651908567,32768.197944656786,11661.038240602506,28695.353636770134
2026-04-10 19:25:00+00:00,28529.39500257921,20524.500628410475,19566.658176978344,24325.809651908567,32777.598959420204,11661.038240602506,28704.755693053943
2026-04-10 19:30:00+00:00,28519.39500257921,20514.500628410475,19566.658176978344,24315.809651908567,32767.598959420204,11661.038240602506,28694.755693053943
2026-04-10 19:35:00+00:00,28528.794878747794,20523.900504579058,19566.658176978344,24325.20952807715,32776.99769083,11661.038240602506,28704.155569222527
2026-04-10 19:40:00+00:00,28538.200815429296,20523.900504579058,19566.658176978344,24325.20952807715,32786.39901899687,11661.038240602506,28713.56150590403
2026-04-10 19:45:00+00:00,28528.200815429296,20523.900504579058,19566.658176978344,24325.20952807715,32795.80095295176,11670.440226064564,28703.56150590403
2026-04-10 19:50:00+00:00,28537.585739914153,20533.285429063915,19576.041160228662,24334.592511327468,32805.17932166862,11670.440226064564,28712.946430388885
2026-04-10 19:55:00+00:00,28546.988568220117,20533.285429063915,19576.041160228662,24334.592511327468,32814.57745029892,11670.440226064564,28722.34925869485
2026-04-10 20:00:00+00:00,28556.395205864297,20533.285429063915,19576.041160228662,24334.592511327468,32804.57745029892,11670.440226064564,28731.75589633903
2026-04-10 20:05:00+00:00,28565.80393694702,20542.69416014664,19585.39927653494,24343.950627633745,32813.96040663896,11670.440226064564,28741.164627421753
2026-04-10 20:10:00+00:00,28575.191981868193,20542.69416014664,19585.39927653494,24343.950627633745,32823.34826449037,11670.440226064564,28750.552672342925
2026-04-10 20:15:00+00:00,28565.191981868193,20542.69416014664,19585.39927653494,24343.950627633745,32832.7523533866,11679.838200196698,28740.552672342925
2026-04-10 20:20:00+00:00,28574.592015736474,20542.69416014664,19594.761633730544,24353.312984829354,32842.149941389434,11679.838200196698,28749.952706211207
2026-04-10 20:25:00+00:00,28583.984383236566,20542.69416014664,19594.761633730544,24353.312984829354,32851.54828151503,11679.838200196698,28759.345073711298
2026-04-10 20:30:00+00:00,28573.984383236566,20542.69416014664,19594.761633730544,24353.312984829354,32860.949281237336,11689.239199919004,28749.345073711298
2026-04-10 20:35:00+00:00,28583.353499421966,20552.06327633204,19604.09271233093,24362.644063429736,32870.30704480449,11689.239199919004,28758.7141898967
2026-04-10 20:40:00+00:00,28592.755494137233,20552.06327633204,19604.09271233093,24362.644063429736,32879.70401564412,11689.239199919004,28768.116184611965
2026-04-10 20:45:00+00:00,28582.755494137233,20542.06327633204,19604.09271233093,24352.644063429736,32869.70401564412,11689.239199919004,28758.116184611965
2026-04-10 20:50:00+00:00,28572.755494137233,20542.06327633204,19604.09271233093,24352.644063429736,32879.10026212291,11689.239199919004,28748.116184611965
2026-04-10 20:55:00+00:00,28582.127494041033,20542.06327633204,19613.478188000023,24362.029539098825,32888.47856866695,11689.239199919004,28757.488184515765
2026-04-10 21:00:00+00:00,28591.518666116848,20551.454448407854,19613.478188000023,24371.420711174644,32897.874908380974,11689.239199919004,28766.87935659158
2026-04-10 21:05:00+00:00,28600.886667974693,20560.822450265703,19622.8089894937,24380.75151266832,32907.21249249585,11689.239199919004,28776.247358449426
2026-04-10 21:10:00+00:00,28610.29287820367,20570.22866049468,19632.185214692843,24390.127737867464,32916.6064985038,11689.239199919004,28785.6535686784
2026-04-10 21:15:00+00:00,28610.29287820367,20570.22866049468,19632.185214692843,24390.127737867464,32916.6064985038,11689.239199919004,28785.6535686784
2026-04-10 21:20:00+00:00,28619.702365554753,20570.22866049468,19632.185214692843,24390.127737867464,32926.00199269694,11698.63959409777,28795.063056029485
2026-04-10 21:25:00+00:00,28629.1025002632,20579.628795203127,19632.185214692843,24399.527872575913,32935.403001078026,11698.63959409777,28804.463190737933
2026-04-10 21:30:00+00:00,28638.50502315002,20589.031318089947,19632.185214692843,24408.930395462732,32944.79850403883,11698.63959409777,28813.865713624753
2026-04-10 21:35:00+00:00,28647.90268440399,20598.428979343917,19632.185214692843,24418.328056716702,32954.19428105402,11698.63959409777,28823.263374878723
2026-04-10 21:40:00+00:00,28637.90268440399,20588.428979343917,19632.185214692843,24408.328056716702,32944.19428105402,11698.63959409777,28813.263374878723
2026-04-10 21:45:00+00:00,28647.31752047202,20588.428979343917,19632.185214692843,24408.328056716702,32953.595378171085,11698.63959409777,28822.678210946753
2026-04-10 21:50:00+00:00,28656.708134560817,20588.428979343917,19632.185214692843,24408.328056716702,32962.9927767238,11698.63959409777,28832.06882503555
2026-04-10 21:55:00+00:00,28666.120408999166,20588.428979343917,19632.185214692843,24408.328056716702,32972.39665023837,11698.63959409777,28841.4810994739
2026-04-10 22:00:00+00:00,28656.120408999166,20588.428979343917,19632.185214692843,24408.328056716702,32962.39665023837,11698.63959409777,28831.4810994739
2026-04-10 22:05:00+00:00,28646.120408999166,20578.428979343917,19632.185214692843,24398.328056716702,32971.79900932872,11708.041591009012,28821.4810994739
2026-04-10 22:10:00+00:00,28636.120408999166,20578.428979343917,19632.185214692843,24398.328056716702,32971.79900932872,11708.041591009012,28811.4810994739
2026-04-10 22:15:00+00:00,28645.529685158577,20578.428979343917,19632.185214692843,24398.328056716702,32981.20123795602,11708.041591009012,28820.89037563331
2026-04-10 22:20:00+00:00,28654.938417018493,20578.428979343917,19632.185214692843,24398.328056716702,32990.605217163036,11708.041591009012,28830.299107493225
2026-04-10 22:25:00+00:00,28664.350151664843,20578.428979343917,19632.185214692843,24398.328056716702,32990.605217163036,11708.041591009012,28839.710842139575
2026-04-10 22:30:00+00:00,28673.762756641583,20587.841584320653,19632.185214692843,24407.740661693442,33000.00822575181,11708.041591009012,28849.123447116315
2026-04-10 22:35:00+00:00,28683.172911932015,20587.841584320653,19632.185214692843,24407.740661693442,33009.41257642394,11708.041591009012,28858.533602406747
2026-04-10 22:40:00+00:00,28692.554515733624,20587.841584320653,19641.561863982082,24417.117310982678,33018.793518057944,11708.041591009012,28867.915206208356
2026-04-10 22:45:00+00:00,28701.966613097502,20587.841584320653,19641.561863982082,24417.117310982678,33018.793518057944,11708.041591009012,28877.327303572234
2026-04-10 22:50:00+00:00,28711.36271562098,20597.23768684413,19641.561863982082,24426.513413506153,33028.196678115535,11708.041591009012,28886.723406095713
2026-04-10 22:55:00+00:00,28701.36271562098,20587.23768684413,19641.561863982082,24416.513413506153,33028.196678115535,11708.041591009012,28876.723406095713
2026-04-10 23:00:00+00:00,28710.742622843154,20596.61759406631,19650.9375270908,24425.88907661487,33037.57300721426,11708.041591009012,28886.103313317886
2026-04-10 23:05:00+00:00,28720.153384182202,20596.61759406631,19650.9375270908,24425.88907661487,33046.97611863664,11708.041591009012,28895.514074656934
2026-04-10 23:10:00+00:00,28710.153384182202,20586.61759406631,19650.9375270908,24415.88907661487,33036.97611863664,11708.041591009012,28885.514074656934
2026-04-10 23:15:00+00:00,28719.561177916356,20596.02538780046,19650.9375270908,24425.296870349026,33046.381166105246,11708.041591009012,28894.921868391088
2026-04-10 23:20:00+00:00,28719.561177916356,20605.40868887445,19660.312790542637,24434.672133800865,33055.76087734848,11708.041591009012,28904.305169465075
2026-04-10 23:25:00+00:00,28728.959408334817,20614.80691929291,19660.312790542637,24444.070364219326,33065.15727774304,11708.041591009012,28913.703399883536
2026-04-10 23:30:00+00:00,28718.959408334817,20614.80691929291,19660.312790542637,24444.070364219326,33055.15727774304,11708.041591009012,28903.703399883536
2026-04-10 23:35:00+00:00,28728.361597504037,20614.80691929291,19660.312790542637,24444.070364219326,33064.55952004134,11708.041591009012,28913.105589052757
2026-04-10 23:40:00+00:00,28718.361597504037,20614.80691929291,19660.312790542637,24444.070364219326,33064.55952004134,11708.041591009012,28903.105589052757
2026-04-10 23:45:00+00:00,28727.761802133322,20624.207123922195,19660.312790542637,24453.470568848614,33073.95808268642,11708.041591009012,28912.50579368204
2026-04-10 23:50:00+00:00,28737.173519914395,20633.618841703268,19660.312790542637,24462.882286629683,33073.95808268642,11708.041591009012,28921.917511463114
2026-04-10 23:55:00+00:00,28746.563832222728,20633.618841703268,19660.312790542637,24462.882286629683,33083.34580151071,11708.041591009012,28931.307823771447
2026-04-11 00:00:00+00:00,28755.95585677799,20633.618841703268,19669.70358697666,24472.273083063705,33092.731841678135,11708.041591009012,28940.69984832671
2026-04-11 00:05:00+00:00,28765.363177238312,20643.026162163587,19669.70358697666,24481.680403524027,33102.13630196589,11708.041591009012,28950.10716878703
2026-04-11 00:10:00+00:00,28774.77322266806,20652.437096728027,19669.70358697666,24491.09044895377,33111.535568877676,11708.041591009012,28959.51721421678
2026-04-11 00:15:00+00:00,28784.18593308061,20652.437096728027,19669.70358697666,24491.09044895377,33111.535568877676,11708.041591009012,28968.92992462933
2026-04-11 00:20:00+00:00,28774.18593308061,20652.437096728027,19669.70358697666,24491.09044895377,33101.535568877676,11717.43552523078,28958.92992462933
2026-04-11 01:10:00+00:00,28783.58320907799,20661.841021217224,19669.70358697666,24500.487724951156,33110.93095535142,11717.43552523078,28968.32720062671
2026-04-11 01:15:00+00:00,28792.948902998407,20671.20671513764,19679.054712935103,24509.838850909597,33120.28842954926,11717.43552523078,28977.692894547126
2026-04-11 01:20:00+00:00,28782.948902998407,20671.20671513764,19679.054712935103,24509.838850909597,33120.28842954926,11717.43552523078,28967.692894547126
2026-04-11 01:25:00+00:00,28792.36463541248,20671.20671513764,19679.054712935103,24509.838850909597,33129.68998667701,11717.43552523078,28977.1086269612
2026-04-11 01:30:00+00:00,28801.75778266145,20680.59986238661,19688.428967464184,24519.21310543868,33139.06222123124,11717.43552523078,28986.50177421017
2026-04-11 01:35:00+00:00,28811.154722904892,20680.59986238661,19688.428967464184,24519.21310543868,33148.447715376984,11717.43552523078,28995.89871445361
2026-04-11 01:40:00+00:00,28801.154722904892,20670.59986238661,19688.428967464184,24509.21310543868,33148.447715376984,11717.43552523078,28985.89871445361
2026-04-11 01:45:00+00:00,28810.54687147127,20679.992010952985,19688.428967464184,24518.60525400506,33157.84059746019,11717.43552523078,28995.29086301999
2026-04-11 01:50:00+00:00,28819.962301635427,20679.992010952985,19688.428967464184,24518.60525400506,33167.24132016209,11717.43552523078,29004.706293184146
2026-04-11 01:55:00+00:00,28809.962301635427,20679.992010952985,19688.428967464184,24518.60525400506,33157.24132016209,11717.43552523078,28994.706293184146
2026-04-11 02:00:00+00:00,28819.36559301659,20689.39530233415,19688.428967464184,24528.00854538622,33166.639192984454,11717.43552523078,29004.10958456531
2026-04-11 02:05:00+00:00,28809.36559301659,20689.39530233415,19688.428967464184,24528.00854538622,33156.639192984454,11717.43552523078,28994.10958456531
2026-04-11 02:10:00+00:00,28818.770729242544,20698.8004385601,19688.428967464184,24537.413681612175,33166.04314743285,11717.43552523078,29003.514720791263
2026-04-11 02:15:00+00:00,28828.17484263187,20698.8004385601,19688.428967464184,24537.413681612175,33175.44692854209,11717.43552523078,29012.91883418059
2026-04-11 02:20:00+00:00,28837.5762814872,20698.8004385601,19688.428967464184,24537.413681612175,33184.8494566805,11717.43552523078,29022.32027303592
2026-04-11 02:25:00+00:00,28846.987342951892,20698.8004385601,19688.428967464184,24537.413681612175,33194.25418408385,11717.43552523078,29031.73133450061
2026-04-11 02:30:00+00:00,28846.987342951892,20698.8004385601,19697.816162690884,24537.413681612175,33203.646212516556,11717.43552523078,29041.11852972731
2026-04-11 02:35:00+00:00,28856.391515030817,20698.8004385601,19697.816162690884,24537.413681612175,33203.646212516556,11717.43552523078,29050.522701806236
2026-04-11 02:40:00+00:00,28865.801691705008,20698.8004385601,19697.816162690884,24537.413681612175,33213.04957584306,11717.43552523078,29059.932878480427
2026-04-11 02:45:00+00:00,28875.202996161344,20708.20694130085,19697.816162690884,24546.814986068515,33222.44922499481,11717.43552523078,29069.334182936764
2026-04-11 02:50:00+00:00,28865.202996161344,20698.20694130085,19697.816162690884,24536.814986068515,33222.44922499481,11717.43552523078,29059.334182936764
2026-04-11 02:55:00+00:00,28874.606544327955,20707.616455083262,19697.816162690884,24546.218534235126,33222.44922499481,11717.43552523078,29068.737731103374
2026-04-11 03:00:00+00:00,28874.606544327955,20717.022921095187,19697.816162690884,24546.218534235126,33231.853156518104,11717.43552523078,29078.144197115296
2026-04-11 03:05:00+00:00,28884.01905127478,20717.022921095187,19697.816162690884,24546.218534235126,33231.853156518104,11717.43552523078,29087.55670406212
2026-04-11 03:10:00+00:00,28893.42078255471,20717.022921095187,19697.816162690884,24546.218534235126,33241.24394806719,11717.43552523078,29096.95843534205
2026-04-11 03:15:00+00:00,28893.42078255471,20717.022921095187,19697.816162690884,24546.218534235126,33241.24394806719,11717.43552523078,29096.95843534205
2026-04-11 03:20:00+00:00,28902.796282240965,20717.022921095187,19697.816162690884,24546.218534235126,33241.24394806719,11717.43552523078,29106.333935028306
2026-04-11 03:25:00+00:00,28892.796282240965,20707.022921095187,19697.816162690884,24536.218534235126,33241.24394806719,11717.43552523078,29096.333935028306
2026-04-11 03:30:00+00:00,28882.796282240965,20707.022921095187,19697.816162690884,24536.218534235126,33250.62373595526,11717.43552523078,29086.333935028306
2026-04-11 03:35:00+00:00,28892.205534611865,20707.022921095187,19697.816162690884,24536.218534235126,33250.62373595526,11717.43552523078,29095.743187399206
2026-04-11 03:40:00+00:00,28901.60365626892,20707.022921095187,19697.816162690884,24536.218534235126,33260.022779638944,11717.43552523078,29105.14130905626
2026-04-11 03:45:00+00:00,28901.60365626892,20697.022921095187,19697.816162690884,24536.218534235126,33260.022779638944,11717.43552523078,29095.14130905626
2026-04-11 03:50:00+00:00,28910.992432455296,20697.022921095187,19697.816162690884,24536.218534235126,33269.422642973135,11717.43552523078,29104.530085242637
2026-04-11 03:55:00+00:00,28920.385424231863,20697.022921095187,19707.19742482573,24545.59979636997,33278.813305958465,11717.43552523078,29113.923077019204
2026-04-11 04:00:00+00:00,28929.789301991237,20697.022921095187,19707.19742482573,24545.59979636997,33288.21037429379,11717.43552523078,29123.32695477858
2026-04-11 04:05:00+00:00,28939.18055304183,20706.41417214578,19716.56710595914,24554.96947750338,33297.58605794051,11717.43552523078,29132.718205829173
2026-04-11 04:10:00+00:00,28929.18055304183,20696.41417214578,19716.56710595914,24544.96947750338,33306.9852567864,11717.43552523078,29122.718205829173
2026-04-11 04:15:00+00:00,28938.55991285531,20705.793531959265,19725.95876371391,24554.36113525815,33316.37963211386,11717.43552523078,29132.097565642653
2026-04-11 04:20:00+00:00,28928.55991285531,20705.793531959265,19725.95876371391,24554.36113525815,33316.37963211386,11717.43552523078,29122.097565642653
2026-04-11 04:25:00+00:00,28937.945849917633,20705.793531959265,19725.95876371391,24554.36113525815,33316.37963211386,11717.43552523078,29131.483502704974
2026-04-11 04:30:00+00:00,28947.327262284998,20705.793531959265,19735.340108482123,24563.74248002636,33325.767960098645,11717.43552523078,29140.86491507234
2026-04-11 04:35:00+00:00,28956.742866106077,20705.793531959265,19735.340108482123,24563.74248002636,33325.767960098645,11717.43552523078,29150.280518893418
2026-04-11 04:40:00+00:00,28946.742866106077,20695.793531959265,19735.340108482123,24553.74248002636,33325.767960098645,11717.43552523078,29140.280518893418
2026-04-11 04:45:00+00:00,28956.1567423504,20685.793531959265,19735.340108482123,24553.74248002636,33335.16812734092,11717.43552523078,29149.69439513774
2026-04-11 04:50:00+00:00,28965.56503341173,20685.793531959265,19735.340108482123,24553.74248002636,33344.57150626469,11717.43552523078,29159.102686199072
2026-04-11 04:55:00+00:00,28965.56503341173,20695.208892167233,19735.340108482123,24553.74248002636,33344.57150626469,11717.43552523078,29168.518046407044
2026-04-11 05:00:00+00:00,28955.56503341173,20695.208892167233,19735.340108482123,24553.74248002636,33344.57150626469,11717.43552523078,29158.518046407044
2026-04-11 05:05:00+00:00,28945.56503341173,20695.208892167233,19735.340108482123,24553.74248002636,33344.57150626469,11717.43552523078,29148.518046407044
2026-04-11 05:10:00+00:00,28954.9753719481,20704.619230703604,19735.340108482123,24563.152818562732,33353.971821576895,11717.43552523078,29157.928384943414
2026-04-11 05:15:00+00:00,28964.38563607948,20704.619230703604,19735.340108482123,24563.152818562732,33363.37264366685,11726.832333170263,29167.338649074794
2026-04-11 05:20:00+00:00,28973.766342501025,20713.999937125147,19744.713557009138,24572.52626708975,33372.75072597781,11726.832333170263,29176.719355496338
2026-04-11 05:25:00+00:00,28983.18070855232,20713.999937125147,19744.713557009138,24572.52626708975,33382.14045105323,11726.832333170263,29186.133721547634
2026-04-11 05:30:00+00:00,28973.18070855232,20713.999937125147,19744.713557009138,24572.52626708975,33372.14045105323,11726.832333170263,29176.133721547634
2026-04-11 05:35:00+00:00,28982.587402721285,20723.406631294114,19744.713557009138,24581.932961258713,33372.14045105323,11726.832333170263,29185.540415716598
2026-04-11 05:40:00+00:00,28972.587402721285,20723.406631294114,19744.713557009138,24581.932961258713,33372.14045105323,11726.832333170263,29175.540415716598
2026-04-11 05:45:00+00:00,28981.988976952463,20732.80820552529,19744.713557009138,24591.334535489892,33381.54387553263,11726.832333170263,29184.941989947776
2026-04-11 05:50:00+00:00,28991.39702918415,20732.80820552529,19744.713557009138,24591.334535489892,33390.94756429469,11726.832333170263,29194.350042179463
2026-04-11 05:55:00+00:00,29000.78843781924,20742.199614160374,19744.713557009138,24600.725944124977,33400.33648861426,11726.832333170263,29203.741450814552
2026-04-11 06:00:00+00:00,29010.189812372144,20751.600988713282,19754.089364920055,24610.101752035895,33409.72143282248,11726.832333170263,29213.142825367457
2026-04-11 06:05:00+00:00,29019.586967568597,20760.998143909732,19754.089364920055,24619.498907232348,33419.116650747994,11726.832333170263,29222.53998056391
2026-04-11 06:10:00+00:00,29009.586967568597,20750.998143909732,19754.089364920055,24609.498907232348,33409.116650747994,11726.832333170263,29212.53998056391
2026-04-11 06:15:00+00:00,29018.99900323988,20750.998143909732,19754.089364920055,24609.498907232348,33418.51900192142,11726.832333170263,29221.95201623519
2026-04-11 06:20:00+00:00,29008.99900323988,20740.998143909732,19754.089364920055,24599.498907232348,33418.51900192142,11726.832333170263,29211.95201623519
2026-04-11 06:25:00+00:00,29018.409773763924,20740.998143909732,19754.089364920055,24599.498907232348,33418.51900192142,11726.832333170263,29221.362786759237
2026-04-11 06:30:00+00:00,29008.409773763924,20730.998143909732,19754.089364920055,24589.498907232348,33408.51900192142,11726.832333170263,29211.362786759237
2026-04-11 06:35:00+00:00,29017.809306213087,20740.4034205298,19754.089364920055,24598.89843968151,33417.92311499777,11726.832333170263,29220.7623192084
2026-04-11 06:40:00+00:00,29007.809306213087,20740.4034205298,19754.089364920055,24598.89843968151,33417.92311499777,11726.832333170263,29210.7623192084
2026-04-11 06:45:00+00:00,28997.809306213087,20740.4034205298,19754.089364920055,24598.89843968151,33417.92311499777,11726.832333170263,29200.7623192084
2026-04-11 06:50:00+00:00,29007.21043924454,20740.4034205298,19754.089364920055,24598.89843968151,33427.32323987646,11726.832333170263,29210.163452239853
2026-04-11 06:55:00+00:00,29016.61530731636,20740.4034205298,19754.089364920055,24598.89843968151,33427.32323987646,11726.832333170263,29219.56832031167
2026-04-11 07:00:00+00:00,29006.61530731636,20740.4034205298,19754.089364920055,24598.89843968151,33427.32323987646,11726.832333170263,29209.56832031167
2026-04-11 07:05:00+00:00,29016.025246569396,20740.4034205298,19754.089364920055,24598.89843968151,33427.32323987646,11726.832333170263,29218.97825956471
2026-04-11 07:10:00+00:00,29006.025246569396,20730.4034205298,19754.089364920055,24588.89843968151,33427.32323987646,11726.832333170263,29208.97825956471
2026-04-11 07:15:00+00:00,29006.025246569396,20730.4034205298,19754.089364920055,24588.89843968151,33427.32323987646,11726.832333170263,29208.97825956471
2026-04-11 07:20:00+00:00,29015.432671287075,20739.81084524748,19754.089364920055,24598.30586439919,33436.715242972816,11726.832333170263,29218.385684282388
2026-04-11 07:25:00+00:00,29024.847649766976,20739.81084524748,19754.089364920055,24598.30586439919,33446.10848329004,11726.832333170263,29227.80066276229
2026-04-11 07:30:00+00:00,29014.847649766976,20729.81084524748,19754.089364920055,24588.30586439919,33446.10848329004,11726.832333170263,29217.80066276229
2026-04-11 07:35:00+00:00,29024.251351984873,20739.22211753841,19754.089364920055,24597.709566617086,33455.512185507934,11726.832333170263,29227.204364980185
2026-04-11 07:40:00+00:00,29033.663471820943,20748.63423737448,19754.089364920055,24607.121686453156,33464.91586980793,11726.832333170263,29236.616484816255
2026-04-11 07:45:00+00:00,29043.075466859034,20748.63423737448,19754.089364920055,24607.121686453156,33474.30684553897,11726.832333170263,29246.028479854347
2026-04-11 07:50:00+00:00,29052.486669972088,20748.63423737448,19754.089364920055,24607.121686453156,33483.70502830413,11726.832333170263,29255.4396829674
2026-04-11 07:55:00+00:00,29061.85486869289,20758.043174645492,19754.089364920055,24616.48988517396,33483.70502830413,11726.832333170263,29264.807881688204
2026-04-11 08:00:00+00:00,29071.25956386102,20767.447869813623,19754.089364920055,24625.894580342087,33493.108509378595,11726.832333170263,29274.21257685633
2026-04-11 08:05:00+00:00,29080.661265886927,20767.447869813623,19754.089364920055,24625.894580342087,33493.108509378595,11726.832333170263,29283.61427888224
2026-04-11 08:10:00+00:00,29080.661265886927,20776.845829665326,19754.089364920055,24625.894580342087,33502.50460858705,11726.832333170263,29293.012238733943
2026-04-11 08:15:00+00:00,29090.076878254742,20786.261442033145,19754.089364920055,24635.310192709905,33502.50460858705,11726.832333170263,29302.42785110176
2026-04-11 08:20:00+00:00,29080.076878254742,20776.261442033145,19754.089364920055,24625.310192709905,33492.50460858705,11726.832333170263,29292.42785110176
2026-04-11 08:25:00+00:00,29089.468039304742,20776.261442033145,19754.089364920055,24625.310192709905,33492.50460858705,11726.832333170263,29301.81901215176
2026-04-11 08:30:00+00:00,29098.862241396982,20776.261442033145,19754.089364920055,24625.310192709905,33492.50460858705,11726.832333170263,29311.213214244
2026-04-11 08:35:00+00:00,29108.26315444545,20776.261442033145,19754.089364920055,24625.310192709905,33501.90394228637,11726.832333170263,29320.614127292465
2026-04-11 08:40:00+00:00,29117.672122506596,20766.261442033145,19754.089364920055,24625.310192709905,33501.90394228637,11726.832333170263,29330.023095353612
2026-04-11 08:45:00+00:00,29107.672122506596,20766.261442033145,19754.089364920055,24625.310192709905,33501.90394228637,11726.832333170263,29320.023095353612
2026-04-11 08:50:00+00:00,29117.06504719355,20766.261442033145,19754.089364920055,24625.310192709905,33511.29452694395,11726.832333170263,29329.416020040568
2026-04-11 08:55:00+00:00,29117.06504719355,20756.261442033145,19754.089364920055,24625.310192709905,33511.29452694395,11726.832333170263,29319.416020040568
2026-04-11 09:00:00+00:00,29126.480247283886,20756.261442033145,19754.089364920055,24625.310192709905,33511.29452694395,11726.832333170263,29328.8312201309
2026-04-11 09:05:00+00:00,29135.87501365151,20756.261442033145,19754.089364920055,24625.310192709905,33520.691646343636,11726.832333170263,29338.225986498524
2026-04-11 09:10:00+00:00,29145.27108409275,20756.261442033145,19754.089364920055,24625.310192709905,33520.691646343636,11726.832333170263,29347.622056939766
2026-04-11 09:15:00+00:00,29154.644977424414,20756.261442033145,19763.431706727002,24634.652534516852,33530.05558460894,11726.832333170263,29356.99595027143
2026-04-11 09:20:00+00:00,29164.0242815408,20756.261442033145,19772.814797234103,24644.03562502395,33539.43910690087,11726.832333170263,29366.375254387814
2026-04-11 09:25:00+00:00,29164.0242815408,20756.261442033145,19772.814797234103,24644.03562502395,33539.43910690087,11726.832333170263,29366.375254387814
2026-04-11 09:30:00+00:00,29173.43671643156,20765.673876923902,19772.814797234103,24653.448059914706,33548.83976759444,11726.832333170263,29375.787689278575
2026-04-11 09:35:00+00:00,29182.821860004282,20775.05902049662,19782.19702620226,24662.83028888287,33558.22323740051,11726.832333170263,29385.172832851298
2026-04-11 09:40:00+00:00,29192.21694998407,20775.05902049662,19782.19702620226,24662.83028888287,33558.22323740051,11726.832333170263,29394.567922831087
2026-04-11 09:45:00+00:00,29201.622161870946,20775.05902049662,19782.19702620226,24662.83028888287,33567.627279573746,11726.832333170263,29403.973134717962
2026-04-11 09:50:00+00:00,29211.03682107105,20775.05902049662,19782.19702620226,24662.83028888287,33567.627279573746,11726.832333170263,29413.387793918067
2026-04-11 09:55:00+00:00,29220.44218255182,20775.05902049662,19782.19702620226,24662.83028888287,33577.02515308443,11726.832333170263,29422.793155398835
2026-04-11 10:00:00+00:00,29229.8327403415,20784.470535740875,19782.19702620226,24672.22084667255,33586.41599837963,11726.832333170263,29432.183713188515
2026-04-11 10:05:00+00:00,29219.8327403415,20774.470535740875,19782.19702620226,24662.22084667255,33586.41599837963,11726.832333170263,29422.183713188515
2026-04-11 10:10:00+00:00,29229.21839329068,20783.856188690057,19791.567992239594,24671.59181270988,33595.79011391315,11726.832333170263,29431.569366137697
2026-04-11 10:15:00+00:00,29238.62691957251,20793.264714971883,19791.567992239594,24681.00033899171,33605.189813877485,11726.832333170263,29440.977892419527
2026-04-11 10:20:00+00:00,29248.034413585865,20802.67220898524,19791.567992239594,24690.407833005065,33614.5929089888,11726.832333170263,29450.38538643288
2026-04-11 10:25:00+00:00,29257.443089424716,20812.08088482409,19791.567992239594,24699.816508843913,33623.9963771061,11726.832333170263,29459.794062271732
2026-04-11 10:30:00+00:00,29257.443089424716,20821.496175640652,19791.567992239594,24699.816508843913,33623.9963771061,11726.832333170263,29469.209353088296
2026-04-11 10:35:00+00:00,29266.845645208385,20830.89873142432,19791.567992239594,24709.21906462758,33633.39751005303,11726.832333170263,29478.611908871964
2026-04-11 10:40:00+00:00,29276.261370934375,20830.89873142432,19791.567992239594,24709.21906462758,33642.79089908979,11726.832333170263,29488.027634597955
2026-04-11 10:45:00+00:00,29266.261370934375,20830.89873142432,19791.567992239594,24709.21906462758,33642.79089908979,11726.832333170263,29478.027634597955
2026-04-11 10:50:00+00:00,29275.66508807095,20830.89873142432,19791.567992239594,24709.21906462758,33652.193304055654,11726.832333170263,29487.43135173453
2026-04-11 10:55:00+00:00,29285.076180362015,20830.89873142432,19791.567992239594,24709.21906462758,33652.193304055654,11726.832333170263,29496.842444025595
2026-04-11 11:00:00+00:00,29294.485910929485,20830.89873142432,19791.567992239594,24709.21906462758,33652.193304055654,11726.832333170263,29506.252174593064
2026-04-11 11:05:00+00:00,29303.884837742724,20840.297658237556,19791.567992239594,24718.61799144082,33661.59045746491,11726.832333170263,29515.651101406303
2026-04-11 11:10:00+00:00,29313.295858092337,20840.297658237556,19791.567992239594,24718.61799144082,33661.59045746491,11726.832333170263,29525.062121755916
2026-04-11 11:15:00+00:00,29322.708519898897,20849.710320044112,19791.567992239594,24728.030653247377,33670.985561023495,11726.832333170263,29534.474783562477
2026-04-11 11:20:00+00:00,29332.122304377077,20859.124104522292,19791.567992239594,24737.444437725557,33680.387467569395,11726.832333170263,29543.888568040657
2026-04-11 11:25:00+00:00,29341.53327924907,20868.535079394285,19791.567992239594,24746.85541259755,33689.792085267676,11726.832333170263,29553.29954291265
2026-04-11 11:30:00+00:00,29350.948604557747,20877.950404702962,19791.567992239594,24756.270737906223,33689.792085267676,11726.832333170263,29562.714868221326
2026-04-11 11:35:00+00:00,29360.363059894953,20887.36706293613,19791.567992239594,24765.68519324343,33689.792085267676,11726.832333170263,29572.129323558533
2026-04-11 11:40:00+00:00,29360.363059894953,20887.36706293613,19791.567992239594,24765.68519324343,33689.792085267676,11726.832333170263,29572.129323558533
2026-04-11 11:45:00+00:00,29369.777967958733,20896.78197099991,19791.567992239594,24775.10010130721,33689.792085267676,11726.832333170263,29581.544231622313
2026-04-11 11:50:00+00:00,29379.186275170363,20906.193766476958,19791.567992239594,24784.50840851884,33699.191773776656,11726.832333170263,29590.952538833943
2026-04-11 11:55:00+00:00,29388.595940734904,20915.6034320415,19791.567992239594,24793.91807408338,33699.191773776656,11726.832333170263,29600.362204398483
2026-04-11 12:00:00+00:00,29398.008699143644,20925.01619045024,19791.567992239594,24803.33083249212,33708.59101924818,11726.832333170263,29609.774962807223
2026-04-11 12:05:00+00:00,29388.008699143644,20925.01619045024,19791.567992239594,24803.33083249212,33708.59101924818,11726.832333170263,29599.774962807223
2026-04-11 12:10:00+00:00,29378.008699143644,20934.432263750932,19791.567992239594,24803.33083249212,33698.59101924818,11726.832333170263,29589.774962807223
2026-04-11 12:15:00+00:00,29387.422611765498,20934.432263750932,19791.567992239594,24803.33083249212,33707.98977301753,11726.832333170263,29599.188875429078
2026-04-11 12:20:00+00:00,29396.837186066452,20934.432263750932,19791.567992239594,24803.33083249212,33707.98977301753,11726.832333170263,29608.60344973003
2026-04-11 12:25:00+00:00,29406.242729258574,20934.432263750932,19791.567992239594,24803.33083249212,33717.38947481703,11726.832333170263,29618.008992922154
2026-04-11 12:30:00+00:00,29396.242729258574,20924.432263750932,19791.567992239594,24793.33083249212,33717.38947481703,11726.832333170263,29608.008992922154
2026-04-11 12:35:00+00:00,29396.242729258574,20924.432263750932,19791.567992239594,24793.33083249212,33717.38947481703,11726.832333170263,29608.008992922154
2026-04-11 12:40:00+00:00,29405.648441664824,20933.837976157185,19791.567992239594,24802.73654489837,33726.79027813295,11726.832333170263,29617.414705328403
2026-04-11 12:45:00+00:00,29415.06078931053,20933.837976157185,19791.567992239594,24802.73654489837,33726.79027813295,11726.832333170263,29626.82705297411
2026-04-11 12:50:00+00:00,29424.46881462289,20943.25386374203,19791.567992239594,24812.144570210734,33726.79027813295,11726.832333170263,29636.23507828647
2026-04-11 12:55:00+00:00,29433.88120150268,20952.66625062182,19791.567992239594,24821.556957090525,33726.79027813295,11726.832333170263,29645.64746516626
2026-04-11 13:00:00+00:00,29443.24126488318,20962.026314002316,19800.921675636964,24830.910640487895,33736.13508590433,11726.832333170263,29655.00752854676
2026-04-11 13:05:00+00:00,29433.24126488318,20962.026314002316,19800.921675636964,24830.910640487895,33745.53037569976,11726.832333170263,29645.00752854676
2026-04-11 13:10:00+00:00,29442.581825059515,20962.026314002316,19810.276885869913,24840.265850720847,33754.86864917168,11726.832333170263,29654.348088723094
2026-04-11 13:15:00+00:00,29451.977321798997,20971.4218107418,19810.276885869913,24849.66134746033,33764.26322390506,11726.832333170263,29663.743585462576
2026-04-11 13:20:00+00:00,29461.36011386255,20980.80460280535,19819.655663025434,24859.04012461585,33773.64607928568,11726.832333170263,29673.12637752613
2026-04-11 13:25:00+00:00,29451.36011386255,20970.80460280535,19819.655663025434,24849.04012461585,33763.64607928568,11726.832333170263,29663.12637752613
2026-04-11 13:30:00+00:00,29441.36011386255,20960.80460280535,19819.655663025434,24839.04012461585,33753.64607928568,11736.221859149438,29653.12637752613
2026-04-11 13:35:00+00:00,29450.765063958064,20970.209552900866,19819.655663025434,24848.445074711366,33763.044474321185,11736.221859149438,29662.531327621644
2026-04-11 13:40:00+00:00,29460.176304063687,20970.209552900866,19829.030562795313,24857.819974481245,33772.44318069653,11736.221859149438,29671.942567727267
2026-04-11 13:45:00+00:00,29450.176304063687,20960.209552900866,19829.030562795313,24847.819974481245,33781.840533064955,11736.221859149438,29661.942567727267
2026-04-11 13:50:00+00:00,29459.59143392721,20960.209552900866,19829.030562795313,24847.819974481245,33791.243099780666,11736.221859149438,29671.35769759079
2026-04-11 13:55:00+00:00,29449.59143392721,20950.209552900866,19829.030562795313,24837.819974481245,33791.243099780666,11736.221859149438,29661.35769759079
2026-04-11 14:00:00+00:00,29459.006730244382,20940.209552900866,19829.030562795313,24837.819974481245,33800.637764122395,11736.221859149438,29670.77299390796
2026-04-11 14:05:00+00:00,29449.006730244382,20930.209552900866,19829.030562795313,24827.819974481245,33810.04010584121,11736.221859149438,29660.77299390796
2026-04-11 14:10:00+00:00,29458.41637557385,20930.209552900866,19829.030562795313,24827.819974481245,33810.04010584121,11736.221859149438,29670.182639237428
2026-04-11 14:15:00+00:00,29467.830700314513,20939.623877641534,19829.030562795313,24837.234299221906,33819.43802951999,11736.221859149438,29679.596963978092
2026-04-11 14:20:00+00:00,29457.830700314513,20939.623877641534,19829.030562795313,24837.234299221906,33828.8399186037,11736.221859149438,29669.596963978092
2026-04-11 14:25:00+00:00,29457.830700314513,20949.032613211093,19829.030562795313,24837.234299221906,33828.8399186037,11736.221859149438,29679.00569954765
2026-04-11 14:30:00+00:00,29467.227307692632,20949.032613211093,19829.030562795313,24837.234299221906,33838.24280896307,11736.221859149438,29688.40230692577
2026-04-11 14:35:00+00:00,29476.637751752933,20958.44305727139,19829.030562795313,24846.644743282206,33847.636995664754,11736.221859149438,29697.81275098607
2026-04-11 14:40:00+00:00,29466.637751752933,20958.44305727139,19829.030562795313,24846.644743282206,33857.03422969303,11736.221859149438,29687.81275098607
2026-04-11 14:45:00+00:00,29456.637751752933,20958.44305727139,19829.030562795313,24846.644743282206,33857.03422969303,11736.221859149438,29677.81275098607
2026-04-11 14:50:00+00:00,29466.031829554464,20967.83713507292,19829.030562795313,24856.038821083737,33866.42419019582,11736.221859149438,29687.206828787603
2026-04-11 14:55:00+00:00,29466.031829554464,20967.83713507292,19829.030562795313,24856.038821083737,33866.42419019582,11736.221859149438,29687.206828787603
2026-04-11 15:00:00+00:00,29475.442017282818,20967.83713507292,19829.030562795313,24856.038821083737,33856.42419019582,11736.221859149438,29696.617016515956
2026-04-11 15:05:00+00:00,29484.852862617816,20977.24798040792,19829.030562795313,24865.44966641873,33856.42419019582,11736.221859149438,29706.027861850955
2026-04-11 15:10:00+00:00,29494.267106560234,20977.24798040792,19829.030562795313,24865.44966641873,33856.42419019582,11736.221859149438,29715.442105793372
2026-04-11 15:15:00+00:00,29503.657280786436,20986.63815463412,19838.414611720946,24874.833715344364,33865.811762643294,11736.221859149438,29724.832280019575
2026-04-11 15:20:00+00:00,29513.061937466795,20986.63815463412,19838.414611720946,24874.833715344364,33875.21535236061,11736.221859149438,29734.236936699934
2026-04-11 15:25:00+00:00,29522.46673505702,20996.042952224343,19838.414611720946,24884.23851293459,33875.21535236061,11736.221859149438,29743.64173429016
2026-04-11 15:30:00+00:00,29531.870437656264,20996.042952224343,19838.414611720946,24884.23851293459,33884.6119852884,11736.221859149438,29753.045436889402
2026-04-11 15:35:00+00:00,29521.870437656264,20996.042952224343,19838.414611720946,24884.23851293459,33884.6119852884,11736.221859149438,29743.045436889402
2026-04-11 15:40:00+00:00,29531.276832843778,20996.042952224343,19838.414611720946,24884.23851293459,33884.6119852884,11736.221859149438,29752.451832076917
2026-04-11 15:45:00+00:00,29521.276832843778,20996.042952224343,19838.414611720946,24884.23851293459,33874.6119852884,11736.221859149438,29742.451832076917
2026-04-11 15:50:00+00:00,29530.66163265986,21005.42775204043,19847.794207857623,24893.61810907127,33883.998547797164,11736.221859149438,29751.836631893
2026-04-11 15:55:00+00:00,29540.072449970055,21005.42775204043,19847.794207857623,24893.61810907127,33893.39948369671,11736.221859149438,29761.247449203194
2026-04-11 16:00:00+00:00,29549.476059887886,21014.831361958255,19847.794207857623,24903.021718989097,33902.80103838725,11736.221859149438,29770.651059121024
2026-04-11 16:05:00+00:00,29558.883205647107,21014.831361958255,19847.794207857623,24903.021718989097,33902.80103838725,11736.221859149438,29780.058204880246
2026-04-11 16:10:00+00:00,29568.29135237067,21014.831361958255,19847.794207857623,24903.021718989097,33912.204291637994,11736.221859149438,29789.46635160381
2026-04-11 16:15:00+00:00,29577.69192610242,21014.831361958255,19847.794207857623,24903.021718989097,33912.204291637994,11736.221859149438,29798.86692533556
2026-04-11 16:20:00+00:00,29587.08973774426,21014.831361958255,19847.794207857623,24903.021718989097,33921.60305919069,11736.221859149438,29808.2647369774
2026-04-11 16:25:00+00:00,29596.49441667005,21024.236040884047,19847.794207857623,24912.42639791489,33931.0028898547,11736.221859149438,29817.66941590319
2026-04-11 16:30:00+00:00,29586.49441667005,21014.236040884047,19847.794207857623,24902.42639791489,33921.0028898547,11736.221859149438,29807.66941590319
2026-04-11 16:35:00+00:00,29595.903568982063,21014.236040884047,19847.794207857623,24902.42639791489,33930.39585829506,11736.221859149438,29817.0785682152
2026-04-11 16:40:00+00:00,29605.256920930988,21014.236040884047,19857.154992031174,24911.787182088432,33939.7562640178,11736.221859149438,29826.431920164126
2026-04-11 16:45:00+00:00,29595.256920930988,21004.236040884047,19857.154992031174,24901.787182088432,33929.7562640178,11745.619480400324,29816.431920164126
2026-04-11 16:50:00+00:00,29604.65396791775,21004.236040884047,19857.154992031174,24901.787182088432,33939.152544015786,11745.619480400324,29825.82896715089
2026-04-11 16:55:00+00:00,29594.65396791775,21004.236040884047,19857.154992031174,24901.787182088432,33939.152544015786,11745.619480400324,29815.82896715089
2026-04-11 17:00:00+00:00,29604.061631551158,21004.236040884047,19857.154992031174,24901.787182088432,33948.55444146575,11745.619480400324,29825.236630784297
2026-04-11 17:05:00+00:00,29613.458329373607,21004.236040884047,19857.154992031174,24901.787182088432,33957.95774778869,11745.619480400324,29834.633328606746
2026-04-11 17:10:00+00:00,29622.866020889178,21013.647445306065,19857.154992031174,24911.194873604007,33967.357748479764,11745.619480400324,29844.041020122317
2026-04-11 17:15:00+00:00,29632.259254307373,21023.04067872426,19857.154992031174,24920.588107022202,33976.74848223024,11745.619480400324,29853.434253540512
2026-04-11 17:20:00+00:00,29641.658786012125,21032.440210429013,19857.154992031174,24929.987638726954,33986.13692534875,11745.619480400324,29862.833785245264
2026-04-11 17:25:00+00:00,29651.058744535912,21032.440210429013,19857.154992031174,24929.987638726954,33995.53520875088,11745.619480400324,29872.23374376905
2026-04-11 17:30:00+00:00,29660.446676886022,21041.828142779123,19857.154992031174,24939.375571077064,34004.928302098066,11745.619480400324,29881.62167611916
2026-04-11 17:35:00+00:00,29669.852684983067,21041.828142779123,19857.154992031174,24939.375571077064,34014.332375884485,11745.619480400324,29891.027684216206
2026-04-11 17:40:00+00:00,29659.852684983067,21031.828142779123,19857.154992031174,24929.375571077064,34023.72083446848,11745.619480400324,29881.027684216206
2026-04-11 17:45:00+00:00,29669.266082261634,21031.828142779123,19857.154992031174,24929.375571077064,34033.12172306781,11745.619480400324,29890.441081494773
2026-04-11 17:50:00+00:00,29659.266082261634,21021.828142779123,19857.154992031174,24919.375571077064,34033.12172306781,11745.619480400324,29880.441081494773
2026-04-11 17:55:00+00:00,29649.266082261634,21011.828142779123,19857.154992031174,24909.375571077064,34033.12172306781,11745.619480400324,29870.441081494773
2026-04-11 18:00:00+00:00,29658.65704926855,21011.828142779123,19857.154992031174,24909.375571077064,34042.51290185255,11745.619480400324,29879.83204850169
2026-04-11 18:05:00+00:00,29668.06856770034,21011.828142779123,19857.154992031174,24909.375571077064,34051.91427378275,11745.619480400324,29889.243566933477
2026-04-11 18:10:00+00:00,29658.06856770034,21011.828142779123,19857.154992031174,24909.375571077064,34051.91427378275,11745.619480400324,29879.243566933477
2026-04-11 18:15:00+00:00,29667.4759129846,21011.828142779123,19857.154992031174,24909.375571077064,34061.31460717133,11745.619480400324,29888.650912217738
2026-04-11 18:20:00+00:00,29676.883333489717,21021.23556328424,19857.154992031174,24918.78299158218,34070.7178374758,11745.619480400324,29898.058332722856
2026-04-11 18:25:00+00:00,29686.289484175744,21030.641713970268,19857.154992031174,24928.189142268206,34080.12036451801,11745.619480400324,29907.464483408883
2026-04-11 18:30:00+00:00,29695.688160899408,21040.040390693932,19857.154992031174,24937.58781899187,34089.51364765922,11745.619480400324,29916.863160132547
2026-04-11 18:35:00+00:00,29704.9272295732,21049.279459367724,19866.419267734767,24946.852094695467,34098.77943454134,11745.619480400324,29926.10222880634
2026-04-11 18:40:00+00:00,29714.311510831296,21049.279459367724,19875.774272920386,24956.20709988108,34108.14395262973,11745.619480400324,29935.486510064435
2026-04-11 18:45:00+00:00,29704.311510831296,21049.279459367724,19875.774272920386,24956.20709988108,34117.54382831218,11755.019356082768,29925.486510064435
2026-04-11 18:50:00+00:00,29713.709119716397,21058.677068252826,19875.774272920386,24965.604708766186,34126.94117950428,11755.019356082768,29934.884118949536
2026-04-11 18:55:00+00:00,29723.10284062591,21058.677068252826,19875.774272920386,24965.604708766186,34136.33509467222,11755.019356082768,29944.27783985905
2026-04-11 19:00:00+00:00,29732.518515809206,21058.677068252826,19875.774272920386,24965.604708766186,34145.738347951585,11764.422609362135,29953.693515042345
2026-04-11 19:05:00+00:00,29741.880680111513,21058.677068252826,19885.14331605456,24974.97375190036,34155.100001388,11764.422609362135,29963.055679344652
2026-04-11 19:10:00+00:00,29751.261758573055,21068.05814671437,19894.48166497687,24984.312100822666,34164.46334381002,11764.422609362135,29972.436757806194
2026-04-11 19:15:00+00:00,29741.261758573055,21058.05814671437,19884.48166497687,24974.312100822666,34154.46334381002,11764.422609362135,29962.436757806194
2026-04-11 19:20:00+00:00,29741.261758573055,21058.05814671437,19884.48166497687,24974.312100822666,34163.860657661404,11764.422609362135,29962.436757806194
2026-04-11 19:35:00+00:00,29750.414684206167,21058.05814671437,19884.48166497687,24974.312100822666,34163.860657661404,11764.422609362135,29971.589683439306
2026-04-11 19:40:00+00:00,29759.813102433454,21058.05814671437,19884.48166497687,24974.312100822666,34173.25894547014,11764.422609362135,29980.988101666593
2026-04-11 19:45:00+00:00,29769.207255202393,21067.45229948331,19884.48166497687,24983.706253591605,34182.649300203906,11764.422609362135,29990.38225443553
2026-04-11 19:50:00+00:00,29759.207255202393,21067.45229948331,19884.48166497687,24983.706253591605,34172.649300203906,11764.422609362135,29980.38225443553
2026-04-11 19:55:00+00:00,29749.207255202393,21057.45229948331,19884.48166497687,24973.706253591605,34172.649300203906,11764.422609362135,29970.38225443553
2026-04-11 20:00:00+00:00,29758.58328719153,21066.828331472443,19893.830042218186,24983.05463083292,34182.02107897114,11764.422609362135,29979.75828642467
2026-04-11 20:05:00+00:00,29767.98468324865,21066.828331472443,19893.830042218186,24983.05463083292,34191.422536941405,11764.422609362135,29989.15968248179
2026-04-11 20:10:00+00:00,29777.37416339261,21076.2178116164,19903.201609247826,24992.426197862565,34200.80509536093,11764.422609362135,29998.54916262575
2026-04-11 20:15:00+00:00,29767.37416339261,21076.2178116164,19903.201609247826,24992.426197862565,34210.19669679255,11764.422609362135,29988.54916262575
2026-04-11 20:20:00+00:00,29767.37416339261,21085.61843679773,19903.201609247826,24992.426197862565,34219.60088762308,11764.422609362135,29997.94978780708
2026-04-11 20:25:00+00:00,29776.778307442084,21085.61843679773,19903.201609247826,24992.426197862565,34219.60088762308,11764.422609362135,30007.353931856553
2026-04-11 20:30:00+00:00,29786.154718306472,21094.99484766212,19912.527073468525,25001.75166208327,34228.95882423992,11764.422609362135,30016.73034272094
2026-04-11 20:35:00+00:00,29795.534841022032,21104.37497037768,19921.90177481047,25011.12636342521,34238.32735952748,11764.422609362135,30026.1104654365
2026-04-11 20:40:00+00:00,29804.938070040364,21113.778199396012,19921.90177481047,25020.52959244354,34247.72825015518,11764.422609362135,30035.513694454832
2026-04-11 20:45:00+00:00,29814.351727819077,21103.778199396012,19921.90177481047,25020.52959244354,34237.72825015518,11773.819730659274,30044.927352233546
2026-04-11 20:50:00+00:00,29804.351727819077,21103.778199396012,19921.90177481047,25020.52959244354,34227.72825015518,11773.819730659274,30034.927352233546
2026-04-11 20:55:00+00:00,29813.741736123116,21103.778199396012,19931.26996867064,25029.897786303707,34237.11215129515,11773.819730659274,30044.317360537585
2026-04-11 21:00:00+00:00,29803.741736123116,21093.778199396012,19931.26996867064,25019.897786303707,34227.11215129515,11783.209007035712,30034.317360537585
2026-04-11 21:05:00+00:00,29813.14435175666,21103.180815029555,19940.64355645284,25029.27137408591,34236.49432416393,11783.209007035712,30043.719976171127
2026-04-11 21:10:00+00:00,29803.14435175666,21103.180815029555,19940.64355645284,25029.27137408591,34236.49432416393,11783.209007035712,30033.719976171127
2026-04-11 21:15:00+00:00,29793.14435175666,21103.180815029555,19940.64355645284,25029.27137408591,34245.88514798492,11783.209007035712,30023.719976171127
2026-04-11 21:20:00+00:00,29802.529550677642,21103.180815029555,19940.64355645284,25029.27137408591,34255.270463026274,11783.209007035712,30033.10517509211
2026-04-11 21:25:00+00:00,29792.529550677642,21103.180815029555,19940.64355645284,25029.27137408591,34264.67377632509,11783.209007035712,30023.10517509211
2026-04-11 21:30:00+00:00,29801.9409444771,21093.180815029555,19940.64355645284,25029.27137408591,34274.07349322646,11783.209007035712,30032.51656889157
2026-04-11 21:35:00+00:00,29811.34388162204,21093.180815029555,19940.64355645284,25029.27137408591,34274.07349322646,11783.209007035712,30041.91950603651
2026-04-11 21:40:00+00:00,29820.756693297903,21093.180815029555,19940.64355645284,25029.27137408591,34283.47402191901,11783.209007035712,30051.33231771237
2026-04-11 21:45:00+00:00,29810.756693297903,21093.180815029555,19940.64355645284,25029.27137408591,34273.47402191901,11783.209007035712,30041.33231771237
2026-04-11 21:50:00+00:00,29820.13051072383,21102.571329534934,19950.010579345988,25038.638396979055,34282.86066832454,11783.209007035712,30050.706135138298
2026-04-11 21:55:00+00:00,29829.520164318805,21111.979534748498,19950.010579345988,25048.02805057403,34292.265405880215,11783.209007035712,30060.095788733273
2026-04-11 22:00:00+00:00,29819.520164318805,21101.979534748498,19950.010579345988,25038.02805057403,34282.265405880215,11783.209007035712,30050.095788733273
2026-04-11 22:05:00+00:00,29828.919305389736,21101.979534748498,19950.010579345988,25038.02805057403,34291.65728707756,11783.209007035712,30059.494929804205
2026-04-11 22:10:00+00:00,29838.327871441048,21111.38810079981,19950.010579345988,25047.436616625346,34301.06069156471,11783.209007035712,30068.903495855517
2026-04-11 22:15:00+00:00,29828.327871441048,21111.38810079981,19950.010579345988,25047.436616625346,34310.463985178125,11792.604173859865,30058.903495855517
2026-04-11 22:20:00+00:00,29837.73850534451,21111.38810079981,19950.010579345988,25047.436616625346,34319.86332080492,11792.604173859865,30068.31412975898
2026-04-11 22:25:00+00:00,29847.135845641526,21111.38810079981,19950.010579345988,25047.436616625346,34329.2587414576,11792.604173859865,30077.711470055994
2026-04-11 22:30:00+00:00,29856.50167305551,21111.38810079981,19959.348053864724,25056.774091144085,34338.60416017917,11792.604173859865,30087.07729746998
2026-04-11 22:35:00+00:00,29865.912206659093,21111.38810079981,19968.740073885652,25066.16611116501,34347.98825784307,11802.006538958585,30096.487831073562
2026-04-11 22:40:00+00:00,29875.31679007486,21120.792684215576,19968.740073885652,25075.570694580776,34357.383065197115,11802.006538958585,30105.892414489328
2026-04-11 22:45:00+00:00,29865.31679007486,21120.792684215576,19968.740073885652,25075.570694580776,34357.383065197115,11802.006538958585,30095.892414489328
2026-04-11 22:50:00+00:00,29874.710361434172,21120.792684215576,19978.11231448379,25084.942935178915,34366.7625775976,11802.006538958585,30105.28598584864
2026-04-11 22:55:00+00:00,29874.710361434172,21120.792684215576,19987.481688736974,25084.942935178915,34376.13701397723,11802.006538958585,30114.655360101828
2026-04-11 23:00:00+00:00,29884.099680951203,21130.182003732607,19996.844175888677,25094.305422330617,34385.509090462685,11802.006538958585,30124.04467961886
2026-04-11 23:05:00+00:00,29893.50009702592,21130.182003732607,20006.234922698393,25103.696169140334,34394.88227635685,11802.006538958585,30133.445095693576
2026-04-11 23:10:00+00:00,29902.912884917874,21130.182003732607,20006.234922698393,25103.696169140334,34404.28313346871,11811.402177231164,30142.85788358553
2026-04-11 23:15:00+00:00,29912.313662196702,21139.582781011435,20015.624177464495,25113.085423906436,34413.66721681886,11811.402177231164,30152.258660864358
2026-04-11 23:20:00+00:00,29921.711793736904,21139.582781011435,20015.624177464495,25113.085423906436,34423.07127904669,11811.402177231164,30161.65679240456
2026-04-11 23:25:00+00:00,29931.108817630255,21148.979804904782,20015.624177464495,25122.482447799783,34432.46969203296,11811.402177231164,30171.05381629791
2026-04-11 23:30:00+00:00,29940.50715763981,21148.979804904782,20015.624177464495,25122.482447799783,34441.86638281832,11811.402177231164,30180.452156307467
2026-04-11 23:35:00+00:00,29949.91881471972,21148.979804904782,20015.624177464495,25122.482447799783,34451.268769477334,11811.402177231164,30189.863813387376
2026-04-11 23:40:00+00:00,29959.324970547033,21158.385960732096,20015.624177464495,25131.888603627096,34460.67088770364,11811.402177231164,30199.26996921469
2026-04-11 23:45:00+00:00,29968.738245398792,21158.385960732096,20015.624177464495,25131.888603627096,34460.67088770364,11811.402177231164,30208.683244066448
2026-04-11 23:50:00+00:00,29978.134551856343,21158.385960732096,20015.624177464495,25131.888603627096,34470.07215742425,11811.402177231164,30218.079550524
2026-04-11 23:55:00+00:00,29987.53144293371,21167.78285180946,20015.624177464495,25141.28549470446,34479.4676615152,11811.402177231164,30227.476441601364
2026-04-12 00:00:00+00:00,29996.93399023399,21177.185399109738,20025.002202138065,25150.66351937803,34488.85067624017,11811.402177231164,30236.878988901644
2026-04-12 00:05:00+00:00,30006.3075421463,21186.558951022052,20034.348170034384,25160.00948727435,34498.225276900775,11811.402177231164,30246.252540813955
2026-04-12 00:10:00+00:00,30015.714664489577,21186.558951022052,20034.348170034384,25160.00948727435,34507.62839604501,11811.402177231164,30255.659663157232
2026-04-12 00:15:00+00:00,30025.106388705324,21186.558951022052,20034.348170034384,25160.00948727435,34517.02680753784,11811.402177231164,30265.05138737298
2026-04-12 00:20:00+00:00,30034.495083745278,21195.947646062006,20043.725970471445,25169.38728771141,34526.42293338722,11811.402177231164,30274.440082412933
2026-04-12 00:25:00+00:00,30024.495083745278,21185.947646062006,20043.725970471445,25159.38728771141,34516.42293338722,11811.402177231164,30264.440082412933
2026-04-12 00:30:00+00:00,30024.495083745278,21195.349636757295,20043.725970471445,25159.38728771141,34516.42293338722,11811.402177231164,30273.842073108222
2026-04-12 00:35:00+00:00,30014.495083745278,21195.349636757295,20043.725970471445,25159.38728771141,34506.42293338722,11811.402177231164,30263.842073108222
2026-04-12 00:40:00+00:00,30004.495083745278,21195.349636757295,20043.725970471445,25159.38728771141,34506.42293338722,11811.402177231164,30253.842073108222
2026-04-12 00:45:00+00:00,29994.495083745278,21185.349636757295,20043.725970471445,25149.38728771141,34496.42293338722,11811.402177231164,30243.842073108222
2026-04-12 00:50:00+00:00,30003.889734031483,21194.7442870435,20053.102731012797,25158.764048252764,34505.80233647086,11811.402177231164,30253.236723394428
2026-04-12 00:55:00+00:00,29993.889734031483,21184.7442870435,20053.102731012797,25148.764048252764,34495.80233647086,11811.402177231164,30243.236723394428
2026-04-12 01:00:00+00:00,29983.889734031483,21174.7442870435,20053.102731012797,25138.764048252764,34485.80233647086,11811.402177231164,30233.236723394428
2026-04-12 01:05:00+00:00,29973.889734031483,21174.7442870435,20053.102731012797,25138.764048252764,34485.80233647086,11811.402177231164,30223.236723394428
2026-04-12 01:10:00+00:00,29983.290075447483,21174.7442870435,20053.102731012797,25138.764048252764,34495.19291736394,11811.402177231164,30232.637064810428
2026-04-12 01:15:00+00:00,29992.697129792316,21184.151341388337,20053.102731012797,25148.171102597596,34504.57969437465,11811.402177231164,30242.04411915526
2026-04-12 01:20:00+00:00,29982.697129792316,21184.151341388337,20053.102731012797,25148.171102597596,34504.57969437465,11811.402177231164,30232.04411915526
2026-04-12 01:25:00+00:00,29992.10269937852,21193.561725769632,20053.102731012797,25157.5766721838,34513.97292066153,11811.402177231164,30241.449688741464
2026-04-12 01:30:00+00:00,30001.501647839934,21202.97255888825,20053.102731012797,25166.975620645215,34523.371869122944,11811.402177231164,30250.84863720288
2026-04-12 01:35:00+00:00,30010.68774773835,21212.158658786662,20062.267153069664,25176.14004270208,34532.593698266544,11811.402177231164,30260.034737101294
2026-04-12 01:40:00+00:00,30019.97102476868,21221.44193581699,20071.50410724296,25185.376996875377,34541.88577315208,11811.402177231164,30269.318014131626
2026-04-12 01:45:00+00:00,30029.27378681097,21221.44193581699,20080.859020467586,25194.679758917664,34551.25983346998,11811.402177231164,30278.620776173913
2026-04-12 01:50:00+00:00,30038.632949466002,21221.44193581699,20090.180117401873,25204.00085585195,34560.602221554815,11811.402177231164,30287.979938828947
2026-04-12 01:55:00+00:00,30047.990117949787,21230.79910430078,20099.566799048604,25213.387537498682,34569.95259601419,11811.402177231164,30297.33710731273
2026-04-12 02:00:00+00:00,30037.990117949787,21230.79910430078,20099.566799048604,25213.387537498682,34579.35574897525,11820.805058242413,30287.33710731273
2026-04-12 02:05:00+00:00,30047.348018905523,21240.157005256515,20108.934115680153,25222.75485413023,34588.70961689806,11820.805058242413,30296.695008268467
2026-04-12 02:10:00+00:00,30056.6910516082,21249.500037959195,20118.23866764721,25232.059406097287,34598.04205185454,11820.805058242413,30306.038040971143
2026-04-12 02:15:00+00:00,30066.047801440556,21249.500037959195,20127.59342470891,25241.41416315899,34607.39804512146,11820.805058242413,30315.3947908035
2026-04-12 02:20:00+00:00,30056.047801440556,21249.500037959195,20127.59342470891,25241.41416315899,34616.80202300298,11810.805058242413,30305.3947908035
2026-04-12 02:25:00+00:00,30065.451704326835,21249.500037959195,20127.59342470891,25241.41416315899,34626.20399955976,11820.209834689995,30314.79869368978
2026-04-12 02:30:00+00:00,30074.828239700517,21258.876573332876,20136.963422283963,25250.78416073404,34635.56841637488,11820.209834689995,30324.17522906346
2026-04-12 02:35:00+00:00,30064.828239700517,21258.876573332876,20136.963422283963,25250.78416073404,34644.95641212754,11820.209834689995,30314.17522906346
2026-04-12 02:40:00+00:00,30074.218788963393,21268.267122595753,20146.335403054774,25260.156141504853,34654.347571530205,11820.209834689995,30323.565778326338
2026-04-12 02:45:00+00:00,30083.62400825702,21268.267122595753,20155.717425692907,25269.538164142985,34663.74544901078,11820.209834689995,30332.970997619963
2026-04-12 02:50:00+00:00,30073.62400825702,21258.267122595753,20155.717425692907,25259.538164142985,34673.14673823884,11829.61112391805,30322.970997619963
2026-04-12 02:55:00+00:00,30063.62400825702,21258.267122595753,20155.717425692907,25259.538164142985,34663.14673823884,11829.61112391805,30312.970997619963
2026-04-12 03:00:00+00:00,30073.019386082076,21258.267122595753,20155.717425692907,25259.538164142985,34672.54081234137,11829.61112391805,30322.36637544502
2026-04-12 03:05:00+00:00,30082.42391915963,21258.267122595753,20155.717425692907,25259.538164142985,34681.94466337215,11829.61112391805,30331.770908522576
2026-04-12 03:10:00+00:00,30072.42391915963,21258.267122595753,20145.717425692907,25249.538164142985,34671.94466337215,11829.61112391805,30321.770908522576
2026-04-12 03:15:00+00:00,30081.819868393803,21267.663071829924,20145.717425692907,25258.934113377152,34681.344895382696,11829.61112391805,30331.166857756747
2026-04-12 03:20:00+00:00,30091.233190030034,21267.663071829924,20145.717425692907,25258.934113377152,34690.74825481752,11819.61112391805,30340.58017939298
2026-04-12 03:25:00+00:00,30100.622828312895,21267.663071829924,20155.09902285463,25268.315710538875,34700.14011706948,11819.61112391805,30349.96981767584
2026-04-12 03:30:00+00:00,30090.622828312895,21267.663071829924,20155.09902285463,25268.315710538875,34690.14011706948,11829.002965942153,30339.96981767584
2026-04-12 03:35:00+00:00,30080.622828312895,21267.663071829924,20155.09902285463,25268.315710538875,34680.14011706948,11829.002965942153,30329.96981767584
2026-04-12 03:40:00+00:00,30090.033420746244,21267.663071829924,20155.09902285463,25268.315710538875,34680.14011706948,11829.002965942153,30339.38041010919
2026-04-12 03:45:00+00:00,30080.033420746244,21267.663071829924,20155.09902285463,25268.315710538875,34680.14011706948,11829.002965942153,30329.38041010919
2026-04-12 03:50:00+00:00,30089.430588513667,21277.060239597347,20155.09902285463,25277.7128783063,34689.541518401114,11829.002965942153,30338.77757787661
2026-04-12 03:55:00+00:00,30098.83346622426,21277.060239597347,20155.09902285463,25277.7128783063,34698.932047336784,11829.002965942153,30348.180455587204
2026-04-12 04:00:00+00:00,30108.242068749587,21277.060239597347,20155.09902285463,25277.7128783063,34708.3284272941,11829.002965942153,30357.58905811253
2026-04-12 04:05:00+00:00,30117.648719329416,21277.060239597347,20155.09902285463,25277.7128783063,34708.3284272941,11829.002965942153,30366.99570869236
2026-04-12 04:10:00+00:00,30107.648719329416,21277.060239597347,20155.09902285463,25277.7128783063,34698.3284272941,11829.002965942153,30356.99570869236
2026-04-12 04:15:00+00:00,30117.043519129697,21286.455039397628,20155.09902285463,25287.10767810658,34707.71801107072,11829.002965942153,30366.39050849264
2026-04-12 04:20:00+00:00,30126.430328435832,21295.841848703763,20155.09902285463,25296.494487412718,34707.71801107072,11829.002965942153,30375.777317798776
2026-04-12 04:25:00+00:00,30116.430328435832,21285.841848703763,20155.09902285463,25286.494487412718,34697.71801107072,11829.002965942153,30365.777317798776
2026-04-12 04:30:00+00:00,30125.840774689947,21285.841848703763,20155.09902285463,25286.494487412718,34707.10138997885,11829.002965942153,30375.18776405289
2026-04-12 04:35:00+00:00,30135.249328449292,21295.255258993202,20155.09902285463,25295.90304117206,34716.50613863992,11829.002965942153,30384.596317812237
2026-04-12 04:40:00+00:00,30144.664298852396,21295.255258993202,20155.09902285463,25295.90304117206,34725.91018409876,11829.002965942153,30394.01128821534
2026-04-12 04:45:00+00:00,30134.664298852396,21285.255258993202,20155.09902285463,25285.90304117206,34715.91018409876,11829.002965942153,30384.01128821534
2026-04-12 04:50:00+00:00,30124.664298852396,21294.667273131017,20155.09902285463,25285.90304117206,34725.27266103347,11829.002965942153,30374.01128821534
2026-04-12 04:55:00+00:00,30134.068185495966,21304.07115977459,20155.09902285463,25295.306927815633,34734.675251659966,11829.002965942153,30383.41517485891
2026-04-12 05:00:00+00:00,30124.068185495966,21304.07115977459,20155.09902285463,25295.306927815633,34744.07910053138,11838.40537235891,30373.41517485891
2026-04-12 05:05:00+00:00,30133.475256888793,21304.07115977459,20155.09902285463,25295.306927815633,34753.47400890825,11838.40537235891,30382.822246251737
2026-04-12 05:10:00+00:00,30142.88182140279,21313.48435800864,20155.09902285463,25304.713492329625,34762.866576606095,11838.40537235891,30392.228810765733
2026-04-12 05:15:00+00:00,30152.289418943292,21313.48435800864,20155.09902285463,25304.713492329625,34762.866576606095,11838.40537235891,30401.636408306236
2026-04-12 05:20:00+00:00,30161.686311785637,21313.48435800864,20164.46169364775,25314.07616312275,34772.237240181,11838.40537235891,30411.03330114858
2026-04-12 05:25:00+00:00,30151.686311785637,21303.48435800864,20164.46169364775,25304.07616312275,34772.237240181,11838.40537235891,30401.03330114858
2026-04-12 05:30:00+00:00,30141.686311785637,21303.48435800864,20164.46169364775,25304.07616312275,34762.237240181,11838.40537235891,30391.03330114858
2026-04-12 05:35:00+00:00,30151.0862164561,21293.48435800864,20164.46169364775,25304.07616312275,34752.237240181,11838.40537235891,30400.433205819045
2026-04-12 05:40:00+00:00,30151.0862164561,21302.895656916127,20164.46169364775,25304.07616312275,34752.237240181,11838.40537235891,30409.84450472653
2026-04-12 05:45:00+00:00,30160.494666517297,21302.895656916127,20164.46169364775,25304.07616312275,34761.641841699035,11838.40537235891,30419.252954787728
2026-04-12 05:50:00+00:00,30150.494666517297,21302.895656916127,20164.46169364775,25304.07616312275,34751.641841699035,11838.40537235891,30409.252954787728
2026-04-12 05:55:00+00:00,30159.897464951642,21302.895656916127,20164.46169364775,25304.07616312275,34761.04328975755,11838.40537235891,30418.655753222072
2026-04-12 06:00:00+00:00,30169.308715013747,21312.306906978232,20164.46169364775,25313.487413184856,34761.04328975755,11838.40537235891,30428.067003284177
2026-04-12 06:05:00+00:00,30178.72006637748,21302.306906978232,20164.46169364775,25313.487413184856,34761.04328975755,11838.40537235891,30437.47835464791
2026-04-12 06:10:00+00:00,30188.124361304253,21311.711201905004,20164.46169364775,25322.891708111627,34770.445767602025,11838.40537235891,30446.882649574683
2026-04-12 06:15:00+00:00,30197.518748483337,21321.105589084087,20164.46169364775,25332.28609529071,34779.834028091194,11838.40537235891,30456.277036753767
2026-04-12 06:20:00+00:00,30206.922088724594,21321.105589084087,20164.46169364775,25332.28609529071,34789.23602024556,11838.40537235891,30465.680376995024
2026-04-12 07:15:00+00:00,30216.282969538923,21321.105589084087,20164.46169364775,25332.28609529071,34798.59778981289,11838.40537235891,30475.041257809353
2026-04-12 07:20:00+00:00,30206.282969538923,21321.105589084087,20164.46169364775,25332.28609529071,34798.59778981289,11838.40537235891,30465.041257809353
2026-04-12 07:25:00+00:00,30215.697946263866,21321.105589084087,20164.46169364775,25332.28609529071,34798.59778981289,11838.40537235891,30474.456234534297
2026-04-12 07:30:00+00:00,30225.112993940646,21321.105589084087,20164.46169364775,25332.28609529071,34798.59778981289,11838.40537235891,30483.871282211076
2026-04-12 07:35:00+00:00,30234.502233485844,21330.49482862929,20173.832978846323,25341.657380489283,34807.98434357723,11838.40537235891,30493.260521756274
2026-04-12 07:40:00+00:00,30243.916564699924,21330.49482862929,20173.832978846323,25341.657380489283,34817.384906871295,11838.40537235891,30502.674852970355
2026-04-12 07:45:00+00:00,30233.916564699924,21330.49482862929,20173.832978846323,25341.657380489283,34817.384906871295,11838.40537235891,30492.674852970355
2026-04-12 07:50:00+00:00,30243.325349297014,21330.49482862929,20173.832978846323,25341.657380489283,34826.78619634728,11838.40537235891,30502.083637567444
2026-04-12 07:55:00+00:00,30252.739252834224,21330.49482862929,20173.832978846323,25341.657380489283,34826.78619634728,11838.40537235891,30511.497541104654
2026-04-12 08:00:00+00:00,30262.147263643506,21330.49482862929,20173.832978846323,25341.657380489283,34826.78619634728,11838.40537235891,30520.905551913937
2026-04-12 08:05:00+00:00,30271.546871466973,21339.894436452756,20173.832978846323,25351.056988312754,34836.18410542236,11838.40537235891,30530.305159737403
2026-04-12 08:10:00+00:00,30280.95703281469,21349.304597800474,20173.832978846323,25360.46714966047,34845.587983012796,11838.40537235891,30539.71532108512
2026-04-12 08:15:00+00:00,30280.95703281469,21339.304597800474,20173.832978846323,25360.46714966047,34845.587983012796,11838.40537235891,30529.71532108512
2026-04-12 08:20:00+00:00,30290.36955423721,21348.717119222994,20173.832978846323,25369.879671082992,34854.99285325012,11838.40537235891,30539.12784250764
2026-04-12 08:25:00+00:00,30299.78226887591,21348.717119222994,20173.832978846323,25369.879671082992,34854.99285325012,11838.40537235891,30548.54055714634
2026-04-12 08:30:00+00:00,30289.78226887591,21338.717119222994,20173.832978846323,25359.879671082992,34854.99285325012,11838.40537235891,30538.54055714634
2026-04-12 08:35:00+00:00,30279.78226887591,21328.717119222994,20173.832978846323,25349.879671082992,34864.393797190074,11838.40537235891,30528.54055714634
2026-04-12 08:40:00+00:00,30289.18291124053,21338.118006435725,20173.832978846323,25359.280313447605,34873.78965212241,11838.40537235891,30537.94119951096
2026-04-12 08:45:00+00:00,30298.569125642436,21347.504220837633,20183.185807422953,25368.633142024235,34883.15598319344,11838.40537235891,30547.327413912866
2026-04-12 08:50:00+00:00,30307.972077425606,21347.504220837633,20183.185807422953,25368.633142024235,34892.554853921654,11838.40537235891,30556.730365696036
2026-04-12 08:55:00+00:00,30297.972077425606,21347.504220837633,20183.185807422953,25368.633142024235,34901.95300844383,11838.40537235891,30546.730365696036
2026-04-12 09:00:00+00:00,30307.377977491054,21356.91012090308,20183.185807422953,25378.03904208968,34911.35780933543,11838.40537235891,30556.136265761485
2026-04-12 09:05:00+00:00,30297.377977491054,21346.91012090308,20183.185807422953,25368.03904208968,34911.35780933543,11838.40537235891,30546.136265761485
2026-04-12 09:10:00+00:00,30287.377977491054,21346.91012090308,20183.185807422953,25368.03904208968,34911.35780933543,11838.40537235891,30536.136265761485
2026-04-12 09:15:00+00:00,30296.791350118256,21346.91012090308,20183.185807422953,25368.03904208968,34911.35780933543,11838.40537235891,30545.549638388686
2026-04-12 09:20:00+00:00,30306.205115700108,21356.323886484934,20183.185807422953,25377.452807671536,34911.35780933543,11838.40537235891,30554.963403970538
2026-04-12 09:25:00+00:00,30315.617926982075,21346.323886484934,20183.185807422953,25377.452807671536,34911.35780933543,11838.40537235891,30564.376215252505
2026-04-12 09:30:00+00:00,30325.031868376096,21355.737827878955,20183.185807422953,25386.866749065557,34920.7523556359,11838.40537235891,30573.790156646526
2026-04-12 09:35:00+00:00,30334.441669551215,21365.147629054074,20183.185807422953,25396.276550240676,34930.15481280594,11838.40537235891,30583.199957821646
2026-04-12 09:40:00+00:00,30343.84856731535,21374.55452681821,20183.185807422953,25405.68344800481,34939.55804929737,11838.40537235891,30592.60685558578
2026-04-12 09:45:00+00:00,30353.24361917441,21374.55452681821,20183.185807422953,25405.68344800481,34948.9414013325,11838.40537235891,30602.00190744484
2026-04-12 09:50:00+00:00,30362.65662386738,21374.55452681821,20183.185807422953,25405.68344800481,34948.9414013325,11838.40537235891,30611.41491213781
2026-04-12 09:55:00+00:00,30372.071693550697,21374.55452681821,20183.185807422953,25405.68344800481,34948.9414013325,11838.40537235891,30620.829981821127
2026-04-12 10:00:00+00:00,30372.071693550697,21374.55452681821,20183.185807422953,25405.68344800481,34948.9414013325,11838.40537235891,30620.829981821127
2026-04-12 10:05:00+00:00,30381.46630084952,21383.956918992015,20183.185807422953,25415.07805530363,34958.342355080254,11838.40537235891,30630.22458911995
2026-04-12 10:10:00+00:00,30390.860033523113,21383.956918992015,20183.185807422953,25415.07805530363,34967.73405171401,11838.40537235891,30639.618321793543
2026-04-12 10:15:00+00:00,30400.271384966785,21383.956918992015,20183.185807422953,25415.07805530363,34967.73405171401,11838.40537235891,30649.029673237215
2026-04-12 10:20:00+00:00,30409.68403372181,21383.956918992015,20183.185807422953,25415.07805530363,34967.73405171401,11838.40537235891,30658.44232199224
2026-04-12 10:25:00+00:00,30419.085852988952,21383.956918992015,20183.185807422953,25415.07805530363,34977.1359299037,11838.40537235891,30667.844141259382
2026-04-12 10:30:00+00:00,30428.491292661125,21393.37077061754,20183.185807422953,25424.483494975804,34977.1359299037,11838.40537235891,30677.249580931555
2026-04-12 10:35:00+00:00,30437.89302269963,21402.77250065605,20183.185807422953,25433.88522501431,34986.53615348277,11838.40537235891,30686.65131097006
2026-04-12 10:40:00+00:00,30447.297588359444,21412.17706631586,20183.185807422953,25443.289790674127,34986.53615348277,11838.40537235891,30696.055876629875
2026-04-12 10:45:00+00:00,30456.711213621664,21412.17706631586,20183.185807422953,25443.289790674127,34995.92435977327,11838.40537235891,30705.469501892094
2026-04-12 10:50:00+00:00,30446.711213621664,21402.17706631586,20183.185807422953,25433.289790674127,35005.3246632127,11838.40537235891,30695.469501892094
2026-04-12 10:55:00+00:00,30456.106480434006,21402.17706631586,20183.185807422953,25433.289790674127,35014.72590970432,11838.40537235891,30704.864768704436
2026-04-12 11:00:00+00:00,30446.106480434006,21402.17706631586,20183.185807422953,25433.289790674127,35004.72590970432,11838.40537235891,30694.864768704436
2026-04-12 11:05:00+00:00,30436.106480434006,21392.17706631586,20183.185807422953,25423.289790674127,34994.72590970432,11838.40537235891,30684.864768704436
2026-04-12 11:10:00+00:00,30445.5180229851,21392.17706631586,20183.185807422953,25423.289790674127,35004.129589925724,11838.40537235891,30694.27631125553
2026-04-12 11:15:00+00:00,30454.932430804958,21401.59147413572,20183.185807422953,25432.704198493982,35004.129589925724,11838.40537235891,30703.69071907539
2026-04-12 11:20:00+00:00,30454.932430804958,21391.59147413572,20183.185807422953,25432.704198493982,35004.129589925724,11838.40537235891,30693.69071907539
2026-04-12 11:25:00+00:00,30464.33554473744,21400.9945880682,20183.185807422953,25442.107312426466,35013.52842930332,11838.40537235891,30703.09383300787
2026-04-12 11:30:00+00:00,30473.741205228307,21410.400248559068,20183.185807422953,25451.51297291733,35022.93223979426,11838.40537235891,30712.499493498737
2026-04-12 11:35:00+00:00,30483.150320436795,21419.809363767556,20183.185807422953,25460.922088125815,35022.93223979426,11838.40537235891,30721.908608707225
2026-04-12 11:40:00+00:00,30492.54930803893,21419.809363767556,20183.185807422953,25460.922088125815,35032.33680364397,11838.40537235891,30731.30759630936
2026-04-12 11:45:00+00:00,30501.95981880133,21429.21987452995,20183.185807422953,25470.332598888213,35032.33680364397,11838.40537235891,30740.71810707176
2026-04-12 11:50:00+00:00,30511.37027941087,21429.21987452995,20183.185807422953,25470.332598888213,35041.72682604431,11838.40537235891,30750.1285676813
2026-04-12 11:55:00+00:00,30520.785301098742,21429.21987452995,20183.185807422953,25470.332598888213,35041.72682604431,11838.40537235891,30759.543589369172
2026-04-12 12:00:00+00:00,30530.1782269772,21438.61280040841,20192.560896643095,25479.707688108356,35051.110299694774,11838.40537235891,30768.93651524763
2026-04-12 12:05:00+00:00,30539.586566361035,21448.02113979224,20192.560896643095,25489.116027492186,35051.110299694774,11838.40537235891,30778.344854631465
2026-04-12 12:10:00+00:00,30529.586566361035,21448.02113979224,20192.560896643095,25489.116027492186,35041.110299694774,11828.40537235891,30768.344854631465
2026-04-12 12:15:00+00:00,30519.586566361035,21448.02113979224,20192.560896643095,25489.116027492186,35041.110299694774,11828.40537235891,30758.344854631465
2026-04-12 12:20:00+00:00,30528.996217377626,21448.02113979224,20192.560896643095,25489.116027492186,35050.513191908365,11828.40537235891,30767.754505648056
2026-04-12 12:25:00+00:00,30538.41159713986,21448.02113979224,20192.560896643095,25489.116027492186,35050.513191908365,11828.40537235891,30777.16988541029
2026-04-12 12:30:00+00:00,30547.82124938655,21448.02113979224,20192.560896643095,25489.116027492186,35059.913139732555,11828.40537235891,30786.57953765698
2026-04-12 12:35:00+00:00,30557.218523834817,21457.418414240507,20201.938401941672,25498.493532790766,35069.295025179956,11828.40537235891,30795.976812105248
2026-04-12 12:40:00+00:00,30566.630061674645,21457.418414240507,20201.938401941672,25498.493532790766,35069.295025179956,11828.40537235891,30805.388349945075
2026-04-12 12:45:00+00:00,30576.04141791537,21457.418414240507,20201.938401941672,25498.493532790766,35078.688458175246,11828.40537235891,30814.7997061858
2026-04-12 12:50:00+00:00,30566.04141791537,21447.418414240507,20211.192441350424,25488.493532790766,35088.06625181962,11828.40537235891,30804.7997061858
2026-04-12 12:55:00+00:00,30575.451569690715,21447.418414240507,20211.192441350424,25488.493532790766,35078.06625181962,11837.794749958546,30814.209857961145
2026-04-12 13:00:00+00:00,30584.799563908102,21456.766408457894,20220.532573887303,25497.833665327642,35087.41129084331,11837.794749958546,30823.557852178532
2026-04-12 13:05:00+00:00,30594.156372507794,21456.766408457894,20220.532573887303,25497.833665327642,35096.81514854388,11837.794749958546,30832.914660778224
2026-04-12 13:10:00+00:00,30603.530202023114,21456.766408457894,20229.900806426034,25507.201897866373,35106.1853490027,11837.794749958546,30842.288490293544
2026-04-12 13:15:00+00:00,30612.911219737918,21466.147426172698,20239.29425792279,25516.59534936313,35115.565517783994,11837.794749958546,30851.66950800835
2026-04-12 13:20:00+00:00,30622.317548083905,21475.553754518685,20239.29425792279,25526.001677709115,35124.962828752105,11837.794749958546,30861.075836354335
2026-04-12 13:25:00+00:00,30631.71930658308,21484.955513017856,20239.29425792279,25535.40343620829,35134.35346377261,11837.794749958546,30870.47759485351
2026-04-12 13:30:00+00:00,30621.71930658308,21484.955513017856,20239.29425792279,25535.40343620829,35124.35346377261,11837.794749958546,30860.47759485351
2026-04-12 13:35:00+00:00,30631.125948288496,21484.955513017856,20248.660318738403,25544.769497023903,35133.75523982689,11837.794749958546,30869.884236558926
2026-04-12 13:40:00+00:00,30640.541086240166,21484.955513017856,20248.660318738403,25544.769497023903,35143.15160806844,11837.794749958546,30879.299374510596
2026-04-12 13:45:00+00:00,30630.541086240166,21484.955513017856,20248.660318738403,25544.769497023903,35133.15160806844,11837.794749958546,30869.299374510596
2026-04-12 13:50:00+00:00,30639.92906294947,21484.955513017856,20248.660318738403,25544.769497023903,35142.54182202148,11837.794749958546,30878.6873512199
2026-04-12 13:55:00+00:00,30629.92906294947,21474.955513017856,20248.660318738403,25534.769497023903,35151.93376810763,11847.1866960447,30868.6873512199
2026-04-12 14:00:00+00:00,30639.334773556602,21474.955513017856,20248.660318738403,25534.769497023903,35161.334882349496,11847.1866960447,30878.093061827032
2026-04-12 14:05:00+00:00,30648.73533347837,21474.955513017856,20248.660318738403,25534.769497023903,35170.7388194169,11847.1866960447,30887.4936217488
2026-04-12 14:10:00+00:00,30638.73533347837,21464.955513017856,20248.660318738403,25524.769497023903,35180.137979274106,11847.1866960447,30877.4936217488
2026-04-12 14:15:00+00:00,30638.73533347837,21464.955513017856,20258.051556511506,25524.769497023903,35189.533392837344,11847.1866960447,30886.884859521902
2026-04-12 14:20:00+00:00,30648.1332295498,21474.353409089286,20258.051556511506,25534.167393095333,35198.93556633467,11856.587766094643,30896.282755593333
2026-04-12 14:25:00+00:00,30638.1332295498,21474.353409089286,20258.051556511506,25534.167393095333,35208.33879368774,11856.587766094643,30886.282755593333
2026-04-12 14:30:00+00:00,30647.52254820363,21483.74272774312,20267.428008093062,25543.543844676882,35217.71956810841,11856.587766094643,30895.672074247163
2026-04-12 14:35:00+00:00,30656.930596434457,21493.150775973947,20267.428008093062,25552.95189290771,35227.11884006555,11856.587766094643,30905.08012247799
2026-04-12 14:40:00+00:00,30666.327594780694,21493.150775973947,20276.78119498356,25562.30507979821,35236.497450133786,11865.987455519988,30914.477120824227
2026-04-12 14:45:00+00:00,30656.327594780694,21493.150775973947,20276.78119498356,25562.30507979821,35245.8964674347,11875.386594544918,30904.477120824227
2026-04-12 14:50:00+00:00,30646.327594780694,21493.150775973947,20276.78119498356,25562.30507979821,35255.29608459087,11884.78621170108,30894.477120824227
2026-04-12 14:55:00+00:00,30655.721121343024,21502.544302536277,20286.162850835113,25571.686735649768,35264.66769127712,11884.78621170108,30903.870647386557
2026-04-12 15:00:00+00:00,30665.12792759827,21502.544302536277,20286.162850835113,25571.686735649768,35274.06773790685,11884.78621170108,30913.277453641804
2026-04-12 15:05:00+00:00,30674.52298715158,21511.939362089586,20286.162850835113,25581.081795203077,35283.468946677705,11884.78621170108,30922.672513195113
2026-04-12 15:10:00+00:00,30683.928523084407,21521.344898022413,20295.55513011713,25590.474074485093,35292.867120186,11884.78621170108,30932.07804912794
2026-04-12 15:15:00+00:00,30693.333431178624,21530.74980611663,20304.9220373032,25599.840981671165,35302.26555095778,11884.78621170108,30941.482957222157
2026-04-12 15:20:00+00:00,30683.333431178624,21530.74980611663,20304.9220373032,25599.840981671165,35311.66655150741,11884.78621170108,30931.482957222157
2026-04-12 15:25:00+00:00,30692.746069020173,21530.74980611663,20304.9220373032,25599.840981671165,35321.06658314941,11884.78621170108,30940.895595063706
2026-04-12 15:30:00+00:00,30702.158105602073,21530.74980611663,20304.9220373032,25599.840981671165,35330.463132438046,11894.189717827137,30950.307631645606
2026-04-12 15:35:00+00:00,30711.5577309339,21540.14943144845,20304.9220373032,25609.240607002987,35339.865007689354,11894.189717827137,30959.707256977432
2026-04-12 15:40:00+00:00,30720.97009671595,21540.14943144845,20304.9220373032,25609.240607002987,35349.266963093265,11894.189717827137,30969.119622759485
2026-04-12 15:45:00+00:00,30730.37991196801,21540.14943144845,20304.9220373032,25609.240607002987,35349.266963093265,11894.189717827137,30978.529438011545
2026-04-12 15:50:00+00:00,30739.79490879484,21549.56532301556,20304.9220373032,25618.655603829815,35358.66741785607,11894.189717827137,30987.944434838373
2026-04-12 15:55:00+00:00,30749.196393322836,21558.966807543555,20304.9220373032,25628.05708835781,35368.06763710576,11894.189717827137,30997.34591936637
2026-04-12 16:00:00+00:00,30758.610258450757,21558.966807543555,20304.9220373032,25628.05708835781,35377.46873580932,11903.5888592245,31006.75978449429
2026-04-12 16:05:00+00:00,30768.020556079955,21558.966807543555,20314.298615838787,25637.433666893397,35386.862741353856,11903.5888592245,31016.170082123488
2026-04-12 16:10:00+00:00,30777.416830753587,21568.363082217184,20314.298615838787,25646.829941567026,35396.25699491197,11903.5888592245,31025.56635679712
2026-04-12 16:15:00+00:00,30786.815394538437,21568.363082217184,20314.298615838787,25646.829941567026,35405.659969313885,11903.5888592245,31034.96492058197
2026-04-12 16:20:00+00:00,30776.815394538437,21568.363082217184,20314.298615838787,25646.829941567026,35415.06112817234,11912.98257807787,31024.96492058197
2026-04-12 16:25:00+00:00,30786.224149925907,21577.771837604654,20314.298615838787,25656.238696954497,35415.06112817234,11912.98257807787,31034.37367596944
2026-04-12 16:30:00+00:00,30795.635449723075,21587.183137401822,20314.298615838787,25665.649996751665,35415.06112817234,11912.98257807787,31043.784975766608
2026-04-12 16:35:00+00:00,30805.03794097404,21596.585628652792,20314.298615838787,25675.052488002635,35424.46108228192,11912.98257807787,31053.187467017575
2026-04-12 16:40:00+00:00,30814.44767578511,21596.585628652792,20314.298615838787,25675.052488002635,35433.85943224804,11912.98257807787,31062.597201828645
2026-04-12 16:45:00+00:00,30823.86261894957,21596.585628652792,20314.298615838787,25675.052488002635,35443.24865532703,11912.98257807787,31072.012144993103
2026-04-12 16:50:00+00:00,30833.262342873888,21605.985352577107,20314.298615838787,25684.45221192695,35452.64668163506,11912.98257807787,31081.41186891742
2026-04-12 16:55:00+00:00,30823.262342873888,21595.985352577107,20314.298615838787,25674.45221192695,35462.0412996824,11912.98257807787,31071.41186891742
2026-04-12 17:00:00+00:00,30832.662034249304,21595.985352577107,20314.298615838787,25674.45221192695,35471.44107082173,11912.98257807787,31080.811560292837
2026-04-12 17:05:00+00:00,30832.662034249304,21595.985352577107,20314.298615838787,25674.45221192695,35471.44107082173,11912.98257807787,31080.811560292837
2026-04-12 17:10:00+00:00,30842.053710445984,21605.377028773786,20314.298615838787,25683.84388812363,35480.83523891504,11912.98257807787,31090.203236489517
2026-04-12 17:15:00+00:00,30851.45874375299,21614.78206208079,20314.298615838787,25693.248921430633,35490.239090479154,11912.98257807787,31099.608269796525
2026-04-12 17:20:00+00:00,30860.862222511245,21614.78206208079,20314.298615838787,25693.248921430633,35499.64280100659,11912.98257807787,31109.011748554778
2026-04-12 17:25:00+00:00,30870.262484955638,21614.78206208079,20314.298615838787,25693.248921430633,35509.043138388515,11912.98257807787,31118.41201099917
2026-04-12 17:30:00+00:00,30860.262484955638,21614.78206208079,20314.298615838787,25693.248921430633,35509.043138388515,11912.98257807787,31108.41201099917
2026-04-12 17:35:00+00:00,30850.262484955638,21614.78206208079,20314.298615838787,25693.248921430633,35499.043138388515,11912.98257807787,31098.41201099917
2026-04-12 17:40:00+00:00,30840.262484955638,21604.78206208079,20314.298615838787,25683.248921430633,35489.043138388515,11912.98257807787,31088.41201099917
2026-04-12 17:45:00+00:00,30830.262484955638,21594.78206208079,20304.298615838787,25673.248921430633,35479.043138388515,11912.98257807787,31078.41201099917
2026-04-12 17:50:00+00:00,30839.60159131424,21604.121168439393,20313.64387670807,25682.594182299916,35488.381879337874,11912.98257807787,31087.751117357773
2026-04-12 17:55:00+00:00,30849.010799150612,21604.121168439393,20313.64387670807,25682.594182299916,35497.78632147223,11912.98257807787,31097.160325194145
2026-04-12 18:00:00+00:00,30839.010799150612,21594.121168439393,20313.64387670807,25672.594182299916,35487.78632147223,11912.98257807787,31087.160325194145
2026-04-12 18:05:00+00:00,30829.010799150612,21594.121168439393,20313.64387670807,25672.594182299916,35477.78632147223,11912.98257807787,31077.160325194145
2026-04-12 18:10:00+00:00,30829.010799150612,21594.121168439393,20313.64387670807,25672.594182299916,35477.78632147223,11912.98257807787,31077.160325194145
2026-04-12 18:15:00+00:00,30838.42382209031,21594.121168439393,20313.64387670807,25672.594182299916,35487.18298318029,11912.98257807787,31086.573348133843
2026-04-12 18:20:00+00:00,30828.42382209031,21584.121168439393,20313.64387670807,25662.594182299916,35477.18298318029,11912.98257807787,31076.573348133843
2026-04-12 18:25:00+00:00,30837.82342739578,21593.535826883075,20313.64387670807,25671.99378760539,35477.18298318029,11912.98257807787,31085.972953439312
2026-04-12 18:30:00+00:00,30847.226408334947,21593.535826883075,20313.64387670807,25671.99378760539,35486.58558714329,11912.98257807787,31095.37593437848
2026-04-12 18:35:00+00:00,30856.628616364662,21602.93803491279,20313.64387670807,25681.3959956351,35495.98923335102,11912.98257807787,31104.778142408195
2026-04-12 18:40:00+00:00,30866.033491921884,21612.34291047001,20323.01976847397,25690.771887400995,35505.39167844693,11912.98257807787,31114.183017965417
2026-04-12 18:45:00+00:00,30866.033491921884,21612.34291047001,20323.01976847397,25690.771887400995,35505.39167844693,11912.98257807787,31114.183017965417
2026-04-12 19:35:00+00:00,30875.421062211903,21612.34291047001,20323.01976847397,25690.771887400995,35514.77946278753,11912.98257807787,31123.570588255436
2026-04-12 19:40:00+00:00,30865.421062211903,21612.34291047001,20323.01976847397,25690.771887400995,35514.77946278753,11912.98257807787,31113.570588255436
2026-04-12 19:45:00+00:00,30855.421062211903,21612.34291047001,20323.01976847397,25690.771887400995,35514.77946278753,11912.98257807787,31103.570588255436
2026-04-12 19:50:00+00:00,30864.823323387274,21621.745171645387,20323.01976847397,25700.17414857637,35524.179999207736,11912.98257807787,31112.972849430807
2026-04-12 19:55:00+00:00,30874.22836119294,21631.15020945105,20323.01976847397,25709.579186382034,35524.179999207736,11912.98257807787,31122.377887236475
2026-04-12 20:00:00+00:00,30864.22836119294,21621.15020945105,20323.01976847397,25699.579186382034,35524.179999207736,11912.98257807787,31112.377887236475
2026-04-12 20:05:00+00:00,30873.637424992667,21630.55927325078,20323.01976847397,25708.988250181763,35533.58461239787,11912.98257807787,31121.7869510362
2026-04-12 20:10:00+00:00,30863.637424992667,21620.55927325078,20323.01976847397,25698.988250181763,35533.58461239787,11912.98257807787,31111.7869510362
2026-04-12 20:15:00+00:00,30873.029694642362,21629.951542900475,20323.01976847397,25708.38051983146,35542.97784289495,11912.98257807787,31121.179220685895
2026-04-12 20:20:00+00:00,30882.43123804138,21629.951542900475,20323.01976847397,25708.38051983146,35552.37944492878,11912.98257807787,31130.580764084913
2026-04-12 20:25:00+00:00,30891.844515127734,21639.364819986826,20323.01976847397,25717.79379691781,35552.37944492878,11912.98257807787,31139.994041171267
2026-04-12 20:30:00+00:00,30901.256859468805,21648.777164327897,20323.01976847397,25727.20614125888,35561.77504508054,11912.98257807787,31149.40638551234
2026-04-12 20:35:00+00:00,30910.662666026114,21658.18297088521,20323.01976847397,25736.611947816193,35571.179574424255,11912.98257807787,31158.812192069647
2026-04-12 20:40:00+00:00,30920.026501175726,21667.54680603482,20332.368275223544,25745.960454565768,35580.538702247155,11912.98257807787,31168.17602721926
2026-04-12 20:45:00+00:00,30929.417940744457,21667.54680603482,20341.737783603618,25755.32996294584,35589.92510116742,11912.98257807787,31177.56746678799
2026-04-12 20:50:00+00:00,30938.805875371807,21676.934740662167,20351.11343387462,25764.705613216844,35599.30262861906,11912.98257807787,31186.95540141534
2026-04-12 20:55:00+00:00,30948.21582778271,21666.934740662167,20351.11343387462,25764.705613216844,35608.69815557429,11912.98257807787,31196.365353826244
2026-04-12 21:00:00+00:00,30957.59268615776,21676.31159903722,20360.4947922196,25774.086971561825,35618.07687982456,11912.98257807787,31205.742212201294
2026-04-12 21:05:00+00:00,30967.001816372627,21685.720729252087,20369.867115607005,25783.45929494923,35627.47368899657,11912.98257807787,31215.15134241616
2026-04-12 21:10:00+00:00,30976.381644020228,21695.100556899688,20379.24501681722,25792.837196159446,35636.855006942526,11912.98257807787,31224.53117006376
2026-04-12 21:15:00+00:00,30985.765481800565,21704.484394680025,20388.620967455703,25802.213146797927,35646.243540937394,11912.98257807787,31233.915007844098
2026-04-12 21:20:00+00:00,30995.17974463536,21713.898657514823,20388.620967455703,25811.627409632718,35646.243540937394,11912.98257807787,31243.329270678892
2026-04-12 21:25:00+00:00,31004.590740899996,21713.898657514823,20388.620967455703,25811.627409632718,35646.243540937394,11912.98257807787,31252.74026694353
2026-04-12 21:30:00+00:00,31014.00337897593,21713.898657514823,20388.620967455703,25811.627409632718,35655.64806867043,11912.98257807787,31262.152905019462
2026-04-12 21:35:00+00:00,31023.413435130573,21723.308713669467,20388.620967455703,25821.03746578736,35665.052309225604,11912.98257807787,31271.562961174106
2026-04-12 21:40:00+00:00,31032.821824680672,21732.717103219562,20388.620967455703,25830.44585533746,35674.45635673375,11912.98257807787,31280.971350724205
2026-04-12 21:45:00+00:00,31042.232140566106,21732.717103219562,20388.620967455703,25830.44585533746,35683.8566049996,11912.98257807787,31290.38166660964
2026-04-12 21:50:00+00:00,31032.232140566106,21732.717103219562,20388.620967455703,25830.44585533746,35673.8566049996,11912.98257807787,31280.38166660964
2026-04-12 21:55:00+00:00,31041.633610594985,21732.717103219562,20388.620967455703,25830.44585533746,35683.25654874266,11912.98257807787,31289.783136638518
2026-04-12 22:00:00+00:00,31050.840138717555,21732.717103219562,20397.713019855226,25839.537907736987,35692.39291261597,11912.98257807787,31298.989664761088
2026-04-12 22:05:00+00:00,31060.153335718544,21742.030300220547,20407.06336145413,25848.88824933589,35701.7042061082,11912.98257807787,31308.302861762077
2026-04-12 22:10:00+00:00,31050.153335718544,21732.030300220547,20397.06336145413,25838.88824933589,35691.7042061082,11912.98257807787,31298.302861762077
2026-04-12 22:15:00+00:00,31059.517482888543,21741.39444739055,20406.423820795862,25848.248708677624,35701.028571770745,11912.98257807787,31307.667008932076
2026-04-12 22:20:00+00:00,31068.907182133837,21741.39444739055,20406.423820795862,25848.248708677624,35710.42495201834,11912.98257807787,31317.05670817737
2026-04-12 22:25:00+00:00,31078.281285233315,21750.76855049003,20415.782731543994,25857.60761942575,35719.824326532245,11912.98257807787,31326.43081127685
2026-04-12 22:30:00+00:00,31087.686880448535,21750.76855049003,20415.782731543994,25857.60761942575,35709.824326532245,11922.37984551201,31335.836406492068
2026-04-12 22:35:00+00:00,31097.065548051298,21760.147218092792,20425.167429523342,25866.9923174051,35719.212479720314,11922.37984551201,31345.21507409483
2026-04-12 22:40:00+00:00,31106.465572141697,21760.147218092792,20425.167429523342,25866.9923174051,35728.60251023133,11931.784168775224,31354.61509818523
2026-04-12 22:45:00+00:00,31096.465572141697,21750.147218092792,20415.167429523342,25856.9923174051,35718.60251023133,11931.784168775224,31344.61509818523
2026-04-12 22:50:00+00:00,31105.845369095026,21759.527015046122,20424.54502660092,25866.36991448268,35727.98139561508,11931.784168775224,31353.99489513856
2026-04-12 22:55:00+00:00,31115.25322093372,21768.934866884818,20424.54502660092,25875.77776632137,35737.381543501615,11931.784168775224,31363.40274697725
2026-04-12 23:00:00+00:00,31124.600843404573,21768.934866884818,20433.89485528011,25885.127595000562,35746.716422184356,11931.784168775224,31372.750369448106
2026-04-12 23:05:00+00:00,31134.01489524359,21768.934866884818,20433.89485528011,25885.127595000562,35756.11510940152,11941.18436356488,31382.16442128712
2026-04-12 23:10:00+00:00,31143.419043723934,21778.339015365164,20443.255098174537,25894.487837894987,35765.51798681787,11941.18436356488,31391.568569767467
2026-04-12 23:15:00+00:00,31133.419043723934,21778.339015365164,20443.255098174537,25894.487837894987,35755.51798681787,11941.18436356488,31381.568569767467
2026-04-12 23:20:00+00:00,31142.806146041887,21787.726117683116,20443.255098174537,25903.87494021294,35764.92022096152,11941.18436356488,31390.95567208542
2026-04-12 23:25:00+00:00,31152.182050844654,21797.10202248588,20452.61611580674,25913.235957845143,35774.28735307019,11941.18436356488,31400.331576888188
2026-04-12 23:30:00+00:00,31161.56075875378,21797.10202248588,20461.98092865778,25922.600770696183,35783.657966956394,11941.18436356488,31409.710284797315
2026-04-12 23:35:00+00:00,31170.951385799734,21806.492649531832,20471.35988585904,25931.979727897447,35793.05322876133,11941.18436356488,31419.100911843267
2026-04-12 23:40:00+00:00,31170.951385799734,21815.896964431806,20471.35988585904,25931.979727897447,35802.4562884575,11941.18436356488,31428.50522674324
2026-04-12 23:45:00+00:00,31180.364829865095,21815.896964431806,20471.35988585904,25931.979727897447,35811.8573176169,11950.585392724286,31437.9186708086
2026-04-12 23:50:00+00:00,31189.73164914927,21825.26378371598,20480.681685176758,25941.301527215164,35821.20066771145,11950.585392724286,31447.285490092778
2026-04-12 23:55:00+00:00,31199.133875493837,21825.26378371598,20480.681685176758,25941.301527215164,35830.59817113333,11950.585392724286,31456.687716437344
2026-04-13 00:00:00+00:00,31208.504054260826,21825.26378371598,20490.02893128273,25950.648773321132,35839.962233530256,11950.585392724286,31466.057895204332
2026-04-13 00:05:00+00:00,31217.899091859028,21825.26378371598,20499.395839185243,25960.015681223646,35849.338192933996,11950.585392724286,31475.452932802535
2026-04-13 00:10:00+00:00,31207.899091859028,21825.26378371598,20499.395839185243,25960.015681223646,35839.338192933996,11950.585392724286,31465.452932802535
2026-04-13 00:15:00+00:00,31217.290665052897,21834.655356909847,20508.765870004005,25969.38571204241,35848.738037572955,11950.585392724286,31474.844505996403
2026-04-13 00:20:00+00:00,31226.67669779477,21844.04138965172,20508.765870004005,25978.771744784284,35858.14009561885,11950.585392724286,31484.230538738277
2026-04-13 00:25:00+00:00,31236.073549086967,21844.04138965172,20518.101428635717,25988.107303415996,35867.5018899748,11950.585392724286,31493.627390030473
2026-04-13 00:30:00+00:00,31245.478619583657,21844.04138965172,20518.101428635717,25988.107303415996,35876.89340762682,11950.585392724286,31503.032460527163
2026-04-13 00:35:00+00:00,31254.880188611685,21844.04138965172,20518.101428635717,25988.107303415996,35886.29502836347,11950.585392724286,31512.434029555192
2026-04-13 00:40:00+00:00,31264.2847203583,21844.04138965172,20518.101428635717,25988.107303415996,35895.69415509308,11950.585392724286,31521.838561301807
2026-04-13 00:45:00+00:00,31254.2847203583,21844.04138965172,20518.101428635717,25988.107303415996,35905.0946375651,11959.980902189236,31511.838561301807
2026-04-13 00:50:00+00:00,31263.689759769386,21844.04138965172,20518.101428635717,25988.107303415996,35914.499354839674,11959.980902189236,31521.243600712893
2026-04-13 00:55:00+00:00,31273.06970614138,21853.421336023715,20527.48887882645,25997.494753606727,35923.887988006216,11959.980902189236,31530.623547084888
2026-04-13 01:00:00+00:00,31282.47367944486,21853.421336023715,20527.48887882645,25997.494753606727,35913.887988006216,11949.980902189236,31540.02752038837
2026-04-13 01:05:00+00:00,31291.869627100245,21862.8172836791,20527.48887882645,26006.89070126211,35923.281943078735,11949.980902189236,31549.42346804375
2026-04-13 01:10:00+00:00,31301.249721440705,21872.197378019562,20536.862370513925,26016.264192949588,35932.64584391479,11949.980902189236,31558.80356238421
2026-04-13 01:15:00+00:00,31310.655177104356,21872.197378019562,20536.862370513925,26016.264192949588,35942.048320876,11949.980902189236,31568.209018047863
2026-04-13 01:20:00+00:00,31320.068512847087,21872.197378019562,20536.862370513925,26016.264192949588,35951.447920473496,11949.980902189236,31577.622353790593
2026-04-13 01:25:00+00:00,31329.47527538651,21872.197378019562,20536.862370513925,26016.264192949588,35960.85129176933,11949.980902189236,31587.029116330017
2026-04-13 01:30:00+00:00,31319.47527538651,21872.197378019562,20536.862370513925,26016.264192949588,35950.85129176933,11959.379071366759,31577.029116330017
2026-04-13 01:35:00+00:00,31328.88998170436,21872.197378019562,20536.862370513925,26016.264192949588,35960.25549858467,11959.379071366759,31586.443822647867
2026-04-13 01:40:00+00:00,31318.88998170436,21872.197378019562,20536.862370513925,26016.264192949588,35950.25549858467,11959.379071366759,31576.443822647867
2026-04-13 01:45:00+00:00,31308.88998170436,21872.197378019562,20536.862370513925,26016.264192949588,35940.25549858467,11959.379071366759,31566.443822647867
2026-04-13 01:50:00+00:00,31298.88998170436,21872.197378019562,20536.862370513925,26016.264192949588,35930.25549858467,11959.379071366759,31556.443822647867
2026-04-13 01:55:00+00:00,31308.2738986215,21881.5812949367,20546.229308700036,26025.631131135695,35939.62223137616,11959.379071366759,31565.827739565008
2026-04-13 02:00:00+00:00,31317.68100642525,21881.5812949367,20546.229308700036,26025.631131135695,35949.00763309005,11959.379071366759,31575.234847368756
2026-04-13 02:05:00+00:00,31327.092389487952,21890.992677999406,20546.229308700036,26035.0425141984,35958.410451807395,11959.379071366759,31584.64623043146
2026-04-13 02:10:00+00:00,31336.489073571334,21900.389362082788,20555.575746712115,26044.38895221048,35967.77963240939,11959.379071366759,31594.04291451484
2026-04-13 02:15:00+00:00,31345.890730573537,21900.389362082788,20555.575746712115,26044.38895221048,35977.18420126385,11959.379071366759,31603.444571517044
2026-04-13 02:20:00+00:00,31355.302496621207,21900.389362082788,20555.575746712115,26044.38895221048,35986.58273984442,11959.379071366759,31612.856337564714
2026-04-13 02:25:00+00:00,31355.302496621207,21900.389362082788,20564.957308486817,26044.38895221048,35995.97254067498,11959.379071366759,31622.237899339416
2026-04-13 02:30:00+00:00,31364.712635489523,21900.389362082788,20564.957308486817,26044.38895221048,36005.37383573418,11968.778835885281,31631.64803820773
2026-04-13 02:35:00+00:00,31374.121213366718,21909.797939959983,20574.332418964044,26053.76406268771,36014.75530210638,11968.778835885281,31641.056616084927
2026-04-13 02:40:00+00:00,31364.121213366718,21909.797939959983,20574.332418964044,26053.76406268771,36004.75530210638,11968.778835885281,31631.056616084927
2026-04-13 02:45:00+00:00,31373.530811989887,21919.20753858315,20574.332418964044,26063.173661310877,35994.75530210638,11968.778835885281,31640.466214708096
2026-04-13 02:50:00+00:00,31363.530811989887,21909.20753858315,20574.332418964044,26053.173661310877,35984.75530210638,11968.778835885281,31630.466214708096
2026-04-13 02:55:00+00:00,31372.945806247735,21909.20753858315,20574.332418964044,26053.173661310877,35984.75530210638,11968.778835885281,31639.881208965944
2026-04-13 03:00:00+00:00,31362.945806247735,21899.20753858315,20564.332418964044,26043.173661310877,35974.75530210638,11968.778835885281,31629.881208965944
2026-04-13 03:05:00+00:00,31372.339933823783,21899.20753858315,20564.332418964044,26043.173661310877,35984.15902435858,11968.778835885281,31639.275336541992
2026-04-13 03:10:00+00:00,31381.742790038235,21899.20753858315,20564.332418964044,26043.173661310877,35993.561880573034,11968.778835885281,31648.678192756444
2026-04-13 03:15:00+00:00,31391.15290895821,21899.20753858315,20564.332418964044,26043.173661310877,36002.9556285525,11968.778835885281,31658.08831167642
2026-04-13 03:20:00+00:00,31400.54611177535,21899.20753858315,20573.697070074573,26052.538312421406,36012.34771654915,11968.778835885281,31667.48151449356
2026-04-13 03:25:00+00:00,31409.9470766454,21908.608503453197,20573.697070074573,26061.93927729145,36021.743093886704,11968.778835885281,31676.88247936361
2026-04-13 03:30:00+00:00,31399.9470766454,21898.608503453197,20573.697070074573,26051.93927729145,36021.743093886704,11968.778835885281,31666.88247936361
2026-04-13 03:35:00+00:00,31409.334865160326,21907.996291968124,20573.697070074573,26061.327065806378,36031.13339773866,11968.778835885281,31676.270267878535
2026-04-13 03:40:00+00:00,31418.735706709587,21907.996291968124,20573.697070074573,26061.327065806378,36040.53429200806,11968.778835885281,31685.671109427796
2026-04-13 03:45:00+00:00,31428.135404950684,21907.996291968124,20573.697070074573,26061.327065806378,36049.9296667358,11968.778835885281,31695.070807668893
2026-04-13 03:50:00+00:00,31418.135404950684,21907.996291968124,20573.697070074573,26061.327065806378,36049.9296667358,11968.778835885281,31685.070807668893
2026-04-13 03:55:00+00:00,31408.135404950684,21897.996291968124,20573.697070074573,26051.327065806378,36049.9296667358,11968.778835885281,31675.070807668893
2026-04-13 04:00:00+00:00,31417.54194943764,21897.996291968124,20573.697070074573,26051.327065806378,36049.9296667358,11968.778835885281,31684.47735215585
2026-04-13 04:05:00+00:00,31426.944201218063,21907.398543748546,20573.697070074573,26060.7293175868,36059.330461725105,11968.778835885281,31693.87960393627
2026-04-13 04:10:00+00:00,31436.357964864113,21907.398543748546,20573.697070074573,26060.7293175868,36059.330461725105,11968.778835885281,31703.293367582322
2026-04-13 04:15:00+00:00,31426.357964864113,21907.398543748546,20573.697070074573,26060.7293175868,36049.330461725105,11968.778835885281,31693.293367582322
2026-04-13 04:20:00+00:00,31416.357964864113,21897.398543748546,20573.697070074573,26050.7293175868,36049.330461725105,11968.778835885281,31683.293367582322
2026-04-13 04:25:00+00:00,31425.74497736677,21906.7855562512,20573.697070074573,26060.116330089455,36058.71413394038,11968.778835885281,31692.680380084978
2026-04-13 04:30:00+00:00,31435.138229332864,21916.1788082173,20573.697070074573,26069.50958205555,36068.102600390805,11968.778835885281,31702.073632051073
2026-04-13 04:35:00+00:00,31425.138229332864,21916.1788082173,20573.697070074573,26069.50958205555,36058.102600390805,11968.778835885281,31692.073632051073
2026-04-13 04:40:00+00:00,31434.545124199503,21925.58570308394,20573.697070074573,26078.91647692219,36067.501589338295,11968.778835885281,31701.480526917712
2026-04-13 04:45:00+00:00,31443.94729729275,21934.987876177183,20573.697070074573,26088.31865001544,36076.90230313118,11968.778835885281,31710.88270001096
2026-04-13 04:50:00+00:00,31453.3153007512,21944.355879635637,20583.06689934922,26097.68847929009,36086.272819602746,11968.778835885281,31720.25070346941
2026-04-13 04:55:00+00:00,31462.726617806416,21944.355879635637,20583.06689934922,26097.68847929009,36086.272819602746,11968.778835885281,31729.662020524625
2026-04-13 05:00:00+00:00,31452.726617806416,21944.355879635637,20583.06689934922,26097.68847929009,36076.272819602746,11968.778835885281,31719.662020524625
2026-04-13 05:05:00+00:00,31462.12773879945,21953.75700062867,20583.06689934922,26107.08960028312,36085.67448913523,11968.778835885281,31729.063141517658
2026-04-13 05:10:00+00:00,31452.12773879945,21943.75700062867,20583.06689934922,26097.08960028312,36085.67448913523,11968.778835885281,31719.063141517658
2026-04-13 05:15:00+00:00,31452.12773879945,21953.15309776287,20583.06689934922,26097.08960028312,36085.67448913523,11968.778835885281,31728.45923865186
2026-04-13 05:20:00+00:00,31442.12773879945,21943.15309776287,20583.06689934922,26087.08960028312,36085.67448913523,11968.778835885281,31718.45923865186
2026-04-13 05:25:00+00:00,31451.537550214984,21943.15309776287,20583.06689934922,26087.08960028312,36095.0788225971,11968.778835885281,31727.869050067395
2026-04-13 05:30:00+00:00,31460.92309108529,21952.538638633174,20592.454979331826,26096.47768026573,36104.46120897838,11968.778835885281,31737.2545909377
2026-04-13 05:35:00+00:00,31470.338537099004,21952.538638633174,20592.454979331826,26096.47768026573,36113.85531046497,11968.778835885281,31746.670036951415
2026-04-13 05:40:00+00:00,31479.73090695397,21961.931008488144,20592.454979331826,26105.870050120695,36123.24177597191,11968.778835885281,31756.06240680638
2026-04-13 05:45:00+00:00,31489.099684612305,21961.931008488144,20601.837493726667,26115.252564515537,36132.61911992029,11968.778835885281,31765.431184464716
2026-04-13 05:50:00+00:00,31498.50761559361,21971.33893946945,20601.837493726667,26124.660495496842,36132.61911992029,11968.778835885281,31774.839115446022
2026-04-13 05:55:00+00:00,31507.90889852842,21971.33893946945,20601.837493726667,26124.660495496842,36132.61911992029,11968.778835885281,31784.240398380833
2026-04-13 06:00:00+00:00,31517.312592580787,21971.33893946945,20601.837493726667,26124.660495496842,36142.022672832696,11968.778835885281,31793.6440924332
2026-04-13 06:05:00+00:00,31526.714821334717,21980.75069457395,20601.837493726667,26134.062724250773,36151.42497430806,11968.778835885281,31803.04632118713
2026-04-13 06:10:00+00:00,31536.127272135287,21980.75069457395,20601.837493726667,26134.062724250773,36151.42497430806,11968.778835885281,31812.458771987698
2026-04-13 06:15:00+00:00,31545.518202280688,21980.75069457395,20601.837493726667,26134.062724250773,36160.81590445346,11968.778835885281,31821.8497021331
2026-04-13 06:20:00+00:00,31554.93074570297,21980.75069457395,20601.837493726667,26134.062724250773,36160.81590445346,11968.778835885281,31831.262245555383
2026-04-13 06:25:00+00:00,31564.327302465335,21990.147251336315,20601.837493726667,26143.459281013136,36170.21355996778,11968.778835885281,31840.658802317746
2026-04-13 06:30:00+00:00,31573.737921265412,21999.557870136392,20601.837493726667,26152.869899813213,36170.21355996778,11968.778835885281,31850.069421117823
2026-04-13 06:35:00+00:00,31563.737921265412,21999.557870136392,20601.837493726667,26152.869899813213,36170.21355996778,11968.778835885281,31840.069421117823
2026-04-13 06:40:00+00:00,31553.737921265412,21999.557870136392,20601.837493726667,26152.869899813213,36160.21355996778,11968.778835885281,31830.069421117823
2026-04-13 06:45:00+00:00,31543.737921265412,21989.557870136392,20601.837493726667,26142.869899813213,36150.21355996778,11968.778835885281,31820.069421117823
2026-04-13 06:50:00+00:00,31553.150263172196,21989.557870136392,20601.837493726667,26142.869899813213,36150.21355996778,11968.778835885281,31829.481763024607
2026-04-13 06:55:00+00:00,31562.559966379114,21979.557870136392,20601.837493726667,26142.869899813213,36150.21355996778,11968.778835885281,31838.891466231526
2026-04-13 07:00:00+00:00,31571.97278538488,21979.557870136392,20601.837493726667,26142.869899813213,36159.61429598976,11968.778835885281,31848.304285237293
2026-04-13 07:05:00+00:00,31581.359471170923,21988.944555922433,20611.207319851594,26152.23972593814,36168.99150577615,11968.778835885281,31857.690971023334
2026-04-13 07:10:00+00:00,31590.77294377167,21978.944555922433,20611.207319851594,26152.23972593814,36178.39383309125,11968.778835885281,31867.10444362408
2026-04-13 07:15:00+00:00,31600.174817973104,21978.944555922433,20611.207319851594,26152.23972593814,36187.792943618086,11968.778835885281,31876.506317825515
2026-04-13 07:20:00+00:00,31609.54342858864,21988.313166537973,20620.537821715534,26161.57022780208,36197.14280217638,11968.778835885281,31885.87492844105
2026-04-13 07:25:00+00:00,31618.950418000062,21997.720155949395,20620.537821715534,26170.9772172135,36187.14280217638,11968.778835885281,31895.281917852473
2026-04-13 07:30:00+00:00,31608.950418000062,21997.720155949395,20620.537821715534,26170.9772172135,36177.14280217638,11968.778835885281,31885.281917852473
2026-04-13 07:35:00+00:00,31618.34982277653,21997.720155949395,20620.537821715534,26170.9772172135,36186.53820331649,11968.778835885281,31894.68132262894
2026-04-13 07:40:00+00:00,31627.75636127142,21997.720155949395,20620.537821715534,26170.9772172135,36195.92490182564,11968.778835885281,31904.08786112383
2026-04-13 07:45:00+00:00,31637.16848343125,21997.720155949395,20620.537821715534,26170.9772172135,36205.32444706201,11968.778835885281,31913.499983283662
2026-04-13 07:50:00+00:00,31646.56680188272,22007.118474400864,20620.537821715534,26180.37553566497,36214.72299232694,11968.778835885281,31922.89830173513
2026-04-13 07:55:00+00:00,31655.965025472757,22016.516697990897,20620.537821715534,26189.773759255004,36224.11640401608,11968.778835885281,31932.296525325168
2026-04-13 08:00:00+00:00,31645.965025472757,22016.516697990897,20620.537821715534,26189.773759255004,36214.11640401608,11978.179956943712,31922.296525325168
2026-04-13 08:05:00+00:00,31655.364130996142,22025.915803514283,20620.537821715534,26199.17286477839,36223.50320922572,11978.179956943712,31931.695630848553
2026-04-13 08:10:00+00:00,31645.364130996142,22025.915803514283,20620.537821715534,26199.17286477839,36213.50320922572,11978.179956943712,31921.695630848553
2026-04-13 08:15:00+00:00,31635.364130996142,22025.915803514283,20620.537821715534,26199.17286477839,36203.50320922572,11978.179956943712,31911.695630848553
2026-04-13 08:20:00+00:00,31644.762668019266,22035.314340537407,20620.537821715534,26208.571401801513,36212.90220212595,11978.179956943712,31921.094167871677
2026-04-13 08:25:00+00:00,31634.762668019266,22035.314340537407,20620.537821715534,26208.571401801513,36222.294384315595,11978.179956943712,31911.094167871677
2026-04-13 08:30:00+00:00,31644.154043757895,22035.314340537407,20620.537821715534,26208.571401801513,36231.69654534736,11978.179956943712,31920.485543610306
2026-04-13 08:35:00+00:00,31653.555687327727,22044.715984107243,20620.537821715534,26217.97304537135,36241.08685920507,11978.179956943712,31929.88718718014
2026-04-13 08:40:00+00:00,31662.95740496189,22044.715984107243,20629.920692642707,26227.35591629852,36250.47263020778,11978.179956943712,31939.2889048143
2026-04-13 08:45:00+00:00,31672.362411426097,22044.715984107243,20629.920692642707,26227.35591629852,36259.87303838691,11987.574038184508,31948.693911278508
2026-04-13 08:50:00+00:00,31662.362411426097,22044.715984107243,20629.920692642707,26227.35591629852,36249.87303838691,11987.574038184508,31938.693911278508
2026-04-13 08:55:00+00:00,31671.759055119393,22044.715984107243,20629.920692642707,26227.35591629852,36259.27675991538,11987.574038184508,31948.090554971805
2026-04-13 09:00:00+00:00,31681.10064670738,22054.057575695224,20639.22082405688,26236.65604771269,36268.588376479194,11987.574038184508,31957.43214655979
2026-04-13 09:05:00+00:00,31690.493677006547,22063.450605994396,20639.22082405688,26246.049078011863,36277.98296852404,11987.574038184508,31966.825176858958
2026-04-13 09:10:00+00:00,31699.898313204336,22063.450605994396,20639.22082405688,26246.049078011863,36277.98296852404,11987.574038184508,31976.229813056747
2026-04-13 09:20:00+00:00,31709.30290943011,22063.450605994396,20639.22082405688,26246.049078011863,36277.98296852404,11987.574038184508,31985.63440928252
2026-04-13 09:25:00+00:00,31718.695766891717,22072.843463456,20648.608654053038,26255.436908008018,36287.373479557755,11987.574038184508,31995.027266744128
2026-04-13 09:30:00+00:00,31728.09924731975,22072.843463456,20648.608654053038,26255.436908008018,36287.373479557755,11987.574038184508,32004.430747172162
2026-04-13 09:35:00+00:00,31737.50123367534,22072.843463456,20648.608654053038,26255.436908008018,36287.373479557755,11987.574038184508,32013.83273352775
2026-04-13 09:40:00+00:00,31746.908631229646,22072.843463456,20648.608654053038,26255.436908008018,36296.77845313379,11987.574038184508,32023.240131082057
2026-04-13 09:45:00+00:00,31756.313585500753,22082.248417727107,20648.608654053038,26264.841862279125,36296.77845313379,11987.574038184508,32032.645085353164
2026-04-13 09:50:00+00:00,31746.313585500753,22082.248417727107,20648.608654053038,26264.841862279125,36296.77845313379,11987.574038184508,32022.645085353164
2026-04-13 09:55:00+00:00,31755.713689586464,22091.64852181282,20648.608654053038,26274.241966364836,36296.77845313379,11987.574038184508,32032.045189438875
2026-04-13 10:00:00+00:00,31765.12525534667,22091.64852181282,20648.608654053038,26274.241966364836,36296.77845313379,11987.574038184508,32041.45675519908
2026-04-13 10:05:00+00:00,31774.53011910595,22101.0533855721,20648.608654053038,26283.64683012412,36306.175600168346,11987.574038184508,32050.861618958363
2026-04-13 10:10:00+00:00,31783.93870122265,22110.461967688803,20648.608654053038,26293.05541224082,36306.175600168346,11987.574038184508,32060.27020107506
2026-04-13 10:15:00+00:00,31793.322186501002,22110.461967688803,20657.975454093925,26302.42221228171,36315.550891167135,11987.574038184508,32069.653686353413
2026-04-13 10:20:00+00:00,31783.322186501002,22100.461967688803,20657.975454093925,26292.42221228171,36324.94522282306,11987.574038184508,32059.653686353413
2026-04-13 10:25:00+00:00,31792.73013900346,22100.461967688803,20657.975454093925,26292.42221228171,36334.34706723501,11987.574038184508,32069.06163885587
2026-04-13 10:30:00+00:00,31802.144189324496,22100.461967688803,20657.975454093925,26292.42221228171,36334.34706723501,11987.574038184508,32078.475689176907
2026-04-13 10:35:00+00:00,31811.546181451933,22100.461967688803,20667.357102377217,26301.803860565,36343.731467382255,11996.97651102444,32087.877681304344
2026-04-13 10:40:00+00:00,31820.944293627075,22109.860079863945,20667.357102377217,26311.201972740142,36353.131806708145,11996.97651102444,32097.275793479486
2026-04-13 10:45:00+00:00,31810.944293627075,22109.860079863945,20667.357102377217,26311.201972740142,36343.131806708145,11996.97651102444,32087.275793479486
2026-04-13 10:50:00+00:00,31800.944293627075,22099.860079863945,20667.357102377217,26301.201972740142,36352.51846965896,11996.97651102444,32077.275793479486
2026-04-13 10:55:00+00:00,31810.338434768993,22109.25422100586,20667.357102377217,26310.596113882064,36361.90647548969,11996.97651102444,32086.669934621405
2026-04-13 11:00:00+00:00,31810.338434768993,22109.25422100586,20667.357102377217,26310.596113882064,36371.31029932812,11996.97651102444,32086.669934621405
2026-04-13 11:05:00+00:00,31819.740295431948,22118.656081668814,20667.357102377217,26319.997974545015,36380.71281168322,11996.97651102444,32096.07179528436
2026-04-13 11:10:00+00:00,31819.740295431948,22118.656081668814,20667.357102377217,26319.997974545015,36380.71281168322,11996.97651102444,32096.07179528436
2026-04-13 11:15:00+00:00,31829.14759574312,22128.063381979984,20667.357102377217,26329.405274856188,36380.71281168322,11996.97651102444,32105.479095595532
2026-04-13 11:20:00+00:00,31838.55836055577,22128.063381979984,20667.357102377217,26329.405274856188,36380.71281168322,11996.97651102444,32114.88986040818
2026-04-13 11:25:00+00:00,31847.973429721867,22137.478451146082,20667.357102377217,26338.820344022282,36380.71281168322,11996.97651102444,32124.30492957428
2026-04-13 11:30:00+00:00,31857.382759762077,22127.478451146082,20667.357102377217,26338.820344022282,36380.71281168322,11996.97651102444,32133.714259614488
2026-04-13 11:35:00+00:00,31847.382759762077,22117.478451146082,20667.357102377217,26328.820344022282,36390.1107934693,12006.368879586415,32123.714259614488
2026-04-13 11:40:00+00:00,31856.787619896495,22117.478451146082,20676.74446378152,26338.207705426583,36399.49096499805,12006.368879586415,32133.119119748906
2026-04-13 11:45:00+00:00,31846.787619896495,22107.478451146082,20676.74446378152,26328.207705426583,36389.49096499805,12006.368879586415,32123.119119748906
2026-04-13 11:50:00+00:00,31856.188510343065,22107.478451146082,20676.74446378152,26328.207705426583,36398.89185544461,12006.368879586415,32132.520010195476
2026-04-13 11:55:00+00:00,31865.593334084213,22116.88327488723,20676.74446378152,26337.61252916773,36398.89185544461,12006.368879586415,32141.924833936624
2026-04-13 12:00:00+00:00,31874.975060044348,22126.265000847365,20686.120819013264,26346.988884399474,36408.27932948029,12006.368879586415,32151.30655989676
2026-04-13 12:05:00+00:00,31884.36020220105,22135.650143004066,20695.49277813604,26356.36084352225,36417.64280680058,12006.368879586415,32160.69170205346
2026-04-13 12:10:00+00:00,31874.36020220105,22135.650143004066,20695.49277813604,26356.36084352225,36427.04063841087,12006.368879586415,32150.69170205346
2026-04-13 12:15:00+00:00,31864.36020220105,22135.650143004066,20695.49277813604,26356.36084352225,36436.44149085206,12006.368879586415,32140.69170205346
2026-04-13 12:20:00+00:00,31854.36020220105,22135.650143004066,20695.49277813604,26356.36084352225,36436.44149085206,12006.368879586415,32130.69170205346
2026-04-13 12:25:00+00:00,31863.775589779387,22135.650143004066,20695.49277813604,26356.36084352225,36445.837377238764,12006.368879586415,32140.107089631798
2026-04-13 12:30:00+00:00,31853.775589779387,22135.650143004066,20695.49277813604,26356.36084352225,36435.837377238764,12006.368879586415,32130.107089631798
2026-04-13 12:35:00+00:00,31863.17429310228,22145.048846326965,20695.49277813604,26365.759546845147,36445.23666469182,12006.368879586415,32139.505792954693
2026-04-13 12:40:00+00:00,31853.17429310228,22145.048846326965,20695.49277813604,26365.759546845147,36435.23666469182,12006.368879586415,32129.505792954693
2026-04-13 12:45:00+00:00,31862.558121809594,22154.432675034273,20704.88467862768,26375.151447336786,36444.62385072968,12006.368879586415,32138.889621662005
2026-04-13 12:50:00+00:00,31871.95162680356,22163.826180028234,20714.220851090653,26384.487619799762,36453.984486651265,12006.368879586415,32148.28312665597
2026-04-13 12:55:00+00:00,31881.315597055534,22173.190150280214,20723.581806337854,26393.848575046963,36463.355269249194,12006.368879586415,32157.647096907946
2026-04-13 13:00:00+00:00,31890.6998546502,22182.588039486927,20732.945571961594,26403.212340670707,36472.737313550584,12006.368879586415,32167.03135450261
2026-04-13 13:05:00+00:00,31900.08797016737,22191.976155004093,20742.3179789899,26412.584747699013,36482.11749584919,12006.368879586415,32176.41947001978
2026-04-13 13:10:00+00:00,31909.477055885785,22201.36524072251,20751.6873351834,26421.954103892513,36491.4918415376,12006.368879586415,32185.808555738196
2026-04-13 13:15:00+00:00,31918.875271764005,22201.36524072251,20751.6873351834,26421.954103892513,36500.88720202276,12006.368879586415,32195.206771616417
2026-04-13 13:20:00+00:00,31928.27775258631,22201.36524072251,20751.6873351834,26421.954103892513,36510.290021271954,12015.771411810514,32204.60925243872
2026-04-13 13:25:00+00:00,31918.27775258631,22201.36524072251,20751.6873351834,26421.954103892513,36510.290021271954,12015.771411810514,32194.60925243872
2026-04-13 13:30:00+00:00,31927.67203315605,22201.36524072251,20761.060013904727,26431.32678261384,36519.67621643905,12015.771411810514,32204.00353300846
2026-04-13 13:35:00+00:00,31937.051737239224,22210.744944805687,20770.399014916246,26440.665783625358,36529.05743098236,12015.771411810514,32213.383237091635
2026-04-13 13:40:00+00:00,31946.36665101409,22220.059858580553,20779.69637526026,26449.963143969373,36538.32954057547,12015.771411810514,32222.6981508665
2026-04-13 13:45:00+00:00,31936.36665101409,22220.059858580553,20769.69637526026,26439.963143969373,36528.32954057547,12025.151138950649,32212.6981508665
2026-04-13 13:50:00+00:00,31945.69555107333,22220.059858580553,20779.00622072628,26449.272989435394,36537.65024510065,12025.151138950649,32222.027050925743
2026-04-13 13:55:00+00:00,31955.058895106016,22220.059858580553,20788.369458115914,26458.636226825027,36547.01668288006,12025.151138950649,32231.390394958427
2026-04-13 14:00:00+00:00,31964.42829332578,22220.059858580553,20797.70129831532,26467.968067024438,36556.37301692707,12034.54820430561,32240.75979317819
2026-04-13 14:05:00+00:00,31954.42829332578,22220.059858580553,20797.70129831532,26467.968067024438,36546.37301692707,12024.54820430561,32230.75979317819
2026-04-13 14:10:00+00:00,31963.79479117814,22220.059858580553,20807.04672263655,26477.313491345667,36555.72400658128,12024.54820430561,32240.126291030552
2026-04-13 14:15:00+00:00,31953.79479117814,22220.059858580553,20816.391220104342,26477.313491345667,36565.10314957437,12033.932355040844,32230.126291030552
2026-04-13 14:20:00+00:00,31963.16433576359,22229.429403166003,20825.76617824089,26486.688449482215,36574.46936285186,12023.932355040844,32239.495835616002
2026-04-13 14:25:00+00:00,31972.574360818944,22229.429403166003,20825.76617824089,26486.688449482215,36583.872610968596,12033.334802246274,32248.905860671355
2026-04-13 14:30:00+00:00,31981.955773570542,22229.429403166003,20825.76617824089,26486.688449482215,36593.25766698269,12033.334802246274,32258.287273422953
2026-04-13 14:35:00+00:00,31971.955773570542,22229.429403166003,20825.76617824089,26486.688449482215,36583.25766698269,12033.334802246274,32248.287273422953
2026-04-13 14:40:00+00:00,31981.364433613435,22229.429403166003,20825.76617824089,26486.688449482215,36592.65496188486,12042.732097148446,32257.695933465846
2026-04-13 14:45:00+00:00,31971.364433613435,22229.429403166003,20815.76617824089,26476.688449482215,36582.65496188486,12032.732097148446,32247.695933465846
2026-04-13 14:50:00+00:00,31961.364433613435,22229.429403166003,20815.76617824089,26476.688449482215,36572.65496188486,12042.121848171451,32237.695933465846
2026-04-13 14:55:00+00:00,31970.76593959584,22229.429403166003,20825.1167222517,26486.03899349302,36582.03197284826,12042.121848171451,32247.09743944825
2026-04-13 15:00:00+00:00,31980.141953529506,22229.429403166003,20834.433479082312,26495.355750323637,36591.37742409382,12042.121848171451,32256.473453381917
2026-04-13 15:05:00+00:00,31989.546334683862,22229.429403166003,20834.433479082312,26495.355750323637,36581.37742409382,12051.516687067067,32265.877834536273
2026-04-13 15:10:00+00:00,31998.931618531067,22229.429403166003,20834.433479082312,26495.355750323637,36590.77221209936,12051.516687067067,32275.26311838348
2026-04-13 15:15:00+00:00,32008.324453071116,22229.429403166003,20834.433479082312,26495.355750323637,36600.15813539132,12051.516687067067,32284.655952923527
2026-04-13 15:20:00+00:00,32017.701269423662,22229.429403166003,20843.80550197696,26504.72777321828,36609.54622147407,12051.516687067067,32294.032769276073
2026-04-13 15:25:00+00:00,32027.115176402054,22229.429403166003,20853.16696081714,26514.08923205846,36618.94391119361,12041.516687067067,32303.446676254465
2026-04-13 15:30:00+00:00,32036.435186472332,22229.429403166003,20862.45649360048,26523.3787648418,36628.25466991958,12041.516687067067,32312.766686324743
2026-04-13 15:35:00+00:00,32026.435186472332,22229.429403166003,20862.45649360048,26523.3787648418,36618.25466991958,12041.516687067067,32302.766686324743
2026-04-13 15:40:00+00:00,32035.81494947359,22229.429403166003,20862.45649360048,26523.3787648418,36627.634867535846,12041.516687067067,32312.146449326003
2026-04-13 15:45:00+00:00,32025.81494947359,22229.429403166003,20852.45649360048,26513.3787648418,36617.634867535846,12041.516687067067,32302.146449326003
2026-04-13 15:50:00+00:00,32035.22024964655,22229.429403166003,20852.45649360048,26513.3787648418,36627.03965448991,12041.516687067067,32311.55174949896
2026-04-13 15:55:00+00:00,32044.5889205457,22229.429403166003,20852.45649360048,26513.3787648418,36636.429963693816,12041.516687067067,32320.92042039811
2026-04-13 16:00:00+00:00,32034.5889205457,22229.429403166003,20852.45649360048,26513.3787648418,36645.83039608162,12050.918349803855,32310.92042039811
2026-04-13 16:05:00+00:00,32043.96943205713,22229.429403166003,20861.840350320872,26522.762621562193,36655.20289913565,12060.317207476164,32320.30093190954
2026-04-13 16:10:00+00:00,32033.96943205713,22229.429403166003,20861.840350320872,26522.762621562193,36645.20289913565,12050.317207476164,32310.30093190954
2026-04-13 16:15:00+00:00,32043.36314275104,22229.429403166003,20861.840350320872,26522.762621562193,36654.606841815694,12059.71566879519,32319.694642603452
2026-04-13 16:20:00+00:00,32033.36314275104,22229.429403166003,20861.840350320872,26522.762621562193,36663.99831924695,12069.107146226448,32309.694642603452
2026-04-13 16:25:00+00:00,32023.36314275104,22229.429403166003,20851.840350320872,26512.762621562193,36653.99831924695,12059.107146226448,32299.694642603452
2026-04-13 16:30:00+00:00,32032.772947563695,22229.429403166003,20851.840350320872,26512.762621562193,36663.400536639485,12068.50936361898,32309.104447416106
2026-04-13 16:35:00+00:00,32042.160257105512,22229.429403166003,20851.840350320872,26512.762621562193,36672.801322164145,12068.50936361898,32318.491756957923
2026-04-13 16:40:00+00:00,32032.160257105512,22229.429403166003,20841.840350320872,26502.762621562193,36662.801322164145,12058.50936361898,32308.491756957923
2026-04-13 16:45:00+00:00,32041.564798529504,22229.429403166003,20851.204746384967,26512.127017626288,36672.17712402997,12058.50936361898,32317.896298381915
2026-04-13 16:50:00+00:00,32050.952055353286,22229.429403166003,20860.580913174716,26521.503184416037,36681.57378832089,12067.912955243479,32327.283555205697
2026-04-13 16:55:00+00:00,32060.338807064967,22238.816154877684,20869.957512288016,26530.879783529337,36690.954694756845,12067.912955243479,32336.67030691738
2026-04-13 17:00:00+00:00,32050.338807064967,22238.816154877684,20869.957512288016,26530.879783529337,36700.356201683,12077.309629665187,32326.67030691738
2026-04-13 17:05:00+00:00,32040.338807064967,22228.816154877684,20859.957512288016,26520.879783529337,36690.356201683,12077.309629665187,32316.67030691738
2026-04-13 17:10:00+00:00,32049.710980216943,22228.816154877684,20869.330530261475,26530.252801502797,36699.70780569341,12077.309629665187,32326.042480069354
2026-04-13 17:15:00+00:00,32059.117430049155,22218.816154877684,20869.330530261475,26530.252801502797,36689.70780569341,12077.309629665187,32335.448929901566
2026-04-13 17:20:00+00:00,32068.510907587162,22218.816154877684,20878.70089710933,26539.623168350652,36699.08996222393,12077.309629665187,32344.842407439573
2026-04-13 17:25:00+00:00,32077.89672593011,22228.20197322063,20888.060939405135,26548.98321064646,36708.47803404374,12077.309629665187,32354.22822578252
2026-04-13 17:30:00+00:00,32077.89672593011,22228.20197322063,20897.41244050106,26548.98321064646,36717.851494232986,12077.309629665187,32363.579726878444
2026-04-13 17:35:00+00:00,32087.277721406997,22228.20197322063,20897.41244050106,26548.98321064646,36727.250068643116,12077.309629665187,32372.960722355332
2026-04-13 17:40:00+00:00,32096.687378948725,22228.20197322063,20897.41244050106,26548.98321064646,36736.65266266416,12077.309629665187,32382.37037989706
2026-04-13 17:45:00+00:00,32106.09932917808,22228.20197322063,20897.41244050106,26548.98321064646,36746.05544070828,12086.698808869522,32391.782330126414
2026-04-13 17:50:00+00:00,32115.419969089533,22228.20197322063,20906.688595496293,26558.259365641698,36755.346969433784,12086.698808869522,32401.102970037868
2026-04-13 17:55:00+00:00,32124.802770795413,22237.584774926512,20906.688595496293,26567.642167347578,36764.74229727869,12086.698808869522,32410.485771743748
2026-04-13 18:00:00+00:00,32134.213987173905,22237.584774926512,20906.688595496293,26567.642167347578,36754.74229727869,12086.698808869522,32419.89698812224
2026-04-13 18:05:00+00:00,32124.213987173905,22237.584774926512,20906.688595496293,26567.642167347578,36764.14482941013,12096.098341179317,32409.89698812224
2026-04-13 18:10:00+00:00,32133.6204842731,22237.584774926512,20906.688595496293,26567.642167347578,36764.14482941013,12096.098341179317,32419.303485221433
2026-04-13 18:15:00+00:00,32143.030937098098,22237.584774926512,20906.688595496293,26567.642167347578,36754.14482941013,12086.098341179317,32428.713938046432
2026-04-13 18:20:00+00:00,32133.030937098098,22237.584774926512,20906.688595496293,26567.642167347578,36744.14482941013,12095.497100406672,32418.713938046432
2026-04-13 18:25:00+00:00,32123.030937098098,22237.584774926512,20906.688595496293,26567.642167347578,36734.14482941013,12085.497100406672,32408.713938046432
2026-04-13 18:30:00+00:00,32132.416360948624,22237.584774926512,20916.048164394542,26577.001736245824,36743.525996840704,12085.497100406672,32418.09936189696
2026-04-13 18:35:00+00:00,32141.81239946606,22237.584774926512,20916.048164394542,26577.001736245824,36752.93084313492,12085.497100406672,32427.495400414395
2026-04-13 18:40:00+00:00,32151.202251837447,22246.974627297895,20925.429805281994,26586.383377133276,36762.31695441416,12085.497100406672,32436.88525278578
2026-04-13 18:45:00+00:00,32141.202251837447,22246.974627297895,20925.429805281994,26586.383377133276,36752.31695441416,12085.497100406672,32426.88525278578
2026-04-13 18:50:00+00:00,32150.61295118362,22246.974627297895,20925.429805281994,26586.383377133276,36761.713550747314,12085.497100406672,32436.295952131954
2026-04-13 18:55:00+00:00,32160.005183907502,22246.974627297895,20925.429805281994,26586.383377133276,36771.10501240677,12085.497100406672,32445.688184855837
2026-04-13 19:00:00+00:00,32169.40117563042,22246.974627297895,20934.80811023023,26595.761682081513,36780.49518607264,12085.497100406672,32455.084176578755
2026-04-13 19:05:00+00:00,32159.40117563042,22246.974627297895,20934.80811023023,26595.761682081513,36789.89716838386,12085.497100406672,32445.084176578755
2026-04-13 19:10:00+00:00,32168.807499134735,22246.974627297895,20934.80811023023,26595.761682081513,36799.299689544685,12085.497100406672,32454.49050008307
2026-04-13 19:15:00+00:00,32178.142926844335,22246.974627297895,20944.145700164347,26605.09927201563,36808.63484537547,12085.497100406672,32463.82592779267
2026-04-13 19:20:00+00:00,32187.508828557744,22256.340529011308,20953.52817489108,26614.481746742364,36818.00441566495,12085.497100406672,32473.19182950608
2026-04-13 19:25:00+00:00,32196.876704118753,22256.340529011308,20953.52817489108,26614.481746742364,36827.40353552524,12085.497100406672,32482.559705067088
2026-04-13 19:30:00+00:00,32206.22445485269,22265.688279745245,20962.8517672955,26623.80533914678,36836.74327983009,12085.497100406672,32491.907455801025
2026-04-13 19:35:00+00:00,32215.62644426987,22265.688279745245,20952.8517672955,26623.80533914678,36826.74327983009,12075.497100406672,32501.309445218205
2026-04-13 19:40:00+00:00,32225.02121503639,22265.688279745245,20962.217059182665,26633.170631033947,36836.11209205122,12075.497100406672,32510.704215984726
2026-04-13 19:45:00+00:00,32234.35785161168,22265.688279745245,20971.521675579548,26642.475247430833,36845.445829556505,12075.497100406672,32520.040852560014
2026-04-13 19:50:00+00:00,32243.718130776586,22275.04855891015,20980.830944974747,26651.78451682603,36854.772881162724,12075.497100406672,32529.40113172492
2026-04-13 19:55:00+00:00,32253.12061910353,22275.04855891015,20990.21064757722,26661.1642194285,36864.16204541899,12075.497100406672,32538.803620051865
2026-04-13 20:00:00+00:00,32262.52849725335,22275.04855891015,20990.21064757722,26661.1642194285,36873.56357493026,12084.89862991794,32548.211498201686
2026-04-13 20:05:00+00:00,32252.52849725335,22275.04855891015,20990.21064757722,26661.1642194285,36863.56357493026,12074.89862991794,32538.211498201686
2026-04-13 20:10:00+00:00,32261.911982169633,22284.432043826433,20999.581214972757,26670.534786824035,36872.93994254438,12074.89862991794,32547.594983117968
2026-04-13 20:15:00+00:00,32251.911982169633,22284.432043826433,20989.581214972757,26660.534786824035,36862.93994254438,12074.89862991794,32537.594983117968
2026-04-13 20:20:00+00:00,32241.911982169633,22284.432043826433,20989.581214972757,26660.534786824035,36872.32954327029,12084.301820949328,32527.594983117968
2026-04-13 20:25:00+00:00,32251.30690925088,22284.432043826433,20989.581214972757,26660.534786824035,36881.72785446595,12084.301820949328,32536.989910199216
2026-04-13 20:30:00+00:00,32241.30690925088,22284.432043826433,20989.581214972757,26660.534786824035,36891.12645197945,12093.700418462831,32526.989910199216
2026-04-13 20:35:00+00:00,32231.30690925088,22284.432043826433,20989.581214972757,26660.534786824035,36881.12645197945,12083.700418462831,32516.989910199216
2026-04-13 20:40:00+00:00,32240.70617155361,22284.432043826433,20989.581214972757,26660.534786824035,36890.51675320597,12083.700418462831,32526.389172501946
2026-04-13 20:45:00+00:00,32230.70617155361,22284.432043826433,20989.581214972757,26660.534786824035,36880.51675320597,12073.700418462831,32516.389172501946
2026-04-13 20:50:00+00:00,32240.094161641533,22293.82003391436,20989.581214972757,26669.922776911957,36889.90941634867,12073.700418462831,32525.777162589868
2026-04-13 20:55:00+00:00,32249.48827301362,22293.82003391436,20998.950995928317,26679.292557867517,36899.287058117865,12073.700418462831,32535.171273961954
2026-04-13 21:00:00+00:00,32258.900091038762,22303.231851939498,20998.950995928317,26688.70437589266,36908.69038888276,12073.700418462831,32544.583091987097
2026-04-13 21:05:00+00:00,32268.277130273185,22303.231851939498,21008.32743526851,26698.080815232857,36918.06781267898,12073.700418462831,32553.96013122152
2026-04-13 21:10:00+00:00,32277.670929570806,22303.231851939498,21017.702495011992,26707.455874976335,36927.440429703216,12073.700418462831,32563.35393051914
2026-04-13 21:15:00+00:00,32287.025427274315,22303.231851939498,21017.702495011992,26707.455874976335,36936.795916076546,12073.700418462831,32572.70842822265
2026-04-13 21:20:00+00:00,32296.433533579904,22312.63995824509,21017.702495011992,26716.863981281924,36946.19556717249,12073.700418462831,32582.11653452824
2026-04-13 21:25:00+00:00,32305.84434666758,22322.05356353315,21017.702495011992,26726.2747943696,36955.594399863025,12073.700418462831,32591.527347615916
2026-04-13 21:30:00+00:00,32295.84434666758,22322.05356353315,21017.702495011992,26726.2747943696,36964.99337260425,12073.700418462831,32581.527347615916
2026-04-13 21:35:00+00:00,32305.24341246651,22331.45262933208,21017.702495011992,26735.67386016853,36974.396361109204,12073.700418462831,32590.926413414843
2026-04-13 21:40:00+00:00,32295.24341246651,22321.45262933208,21017.702495011992,26725.67386016853,36964.396361109204,12073.700418462831,32580.926413414843
2026-04-13 21:45:00+00:00,32304.636053668146,22321.45262933208,21017.702495011992,26725.67386016853,36973.78728725592,12073.700418462831,32590.31905461648
2026-04-13 21:50:00+00:00,32314.033226822685,22321.45262933208,21017.702495011992,26725.67386016853,36983.19033598895,12073.700418462831,32599.71622777102
2026-04-13 21:55:00+00:00,32323.413738047195,22321.45262933208,21017.702495011992,26725.67386016853,36992.593410323694,12073.700418462831,32609.09673899553
2026-04-13 22:00:00+00:00,32332.785003932135,22330.82389521702,21027.0688979469,26735.040263103438,37001.948985694195,12073.700418462831,32618.46800488047
2026-04-13 22:05:00+00:00,32342.107563538553,22340.14645482344,21036.371010163533,26744.34237532007,37011.25357476942,12073.700418462831,32627.790564486888
2026-04-13 22:10:00+00:00,32351.474714151223,22349.51360543611,21045.72028223752,26753.69164739405,37020.61323870621,12073.700418462831,32637.157715099558
2026-04-13 22:15:00+00:00,32360.605187888446,22358.644079173333,21054.92196685803,26762.893332014562,37029.79463692778,12073.700418462831,32646.28818883678
2026-04-13 22:20:00+00:00,32369.94042687956,22358.644079173333,21054.92196685803,26762.893332014562,37039.18930883106,12083.10316600634,32655.623427827893
2026-04-13 22:25:00+00:00,32379.33019393053,22358.644079173333,21064.278965753816,26772.250330910345,37048.55976840627,12073.10316600634,32665.013194878866
2026-04-13 22:30:00+00:00,32388.667612177764,22358.644079173333,21073.655501963884,26781.626867120412,37057.93069155826,12073.10316600634,32674.3506131261
2026-04-13 22:35:00+00:00,32398.050483859268,22358.644079173333,21083.017346636854,26790.988711793383,37067.30072896476,12073.10316600634,32683.733484807603
2026-04-13 22:40:00+00:00,32407.41235987211,22368.005955186174,21083.017346636854,26800.350587806224,37076.68959498053,12073.10316600634,32693.095360820444
2026-04-13 22:45:00+00:00,32397.41235987211,22368.005955186174,21083.017346636854,26800.350587806224,37066.68959498053,12082.498731378275,32683.095360820444
2026-04-13 22:50:00+00:00,32406.80463638702,22368.005955186174,21092.370896528606,26809.704137697976,37076.08638112492,12072.498731378275,32692.487637335355
2026-04-13 22:55:00+00:00,32416.19976025892,22368.005955186174,21092.370896528606,26809.704137697976,37066.08638112492,12081.893855250177,32701.882761207256
2026-04-13 23:00:00+00:00,32406.19976025892,22368.005955186174,21082.370896528606,26799.704137697976,37056.08638112492,12081.893855250177,32691.882761207256
2026-04-13 23:05:00+00:00,32396.19976025892,22368.005955186174,21072.370896528606,26789.704137697976,37046.08638112492,12081.893855250177,32681.882761207256
2026-04-13 23:10:00+00:00,32405.580263254866,22368.005955186174,21081.75750045226,26799.09074162163,37055.465096594846,12081.893855250177,32691.2632642032
2026-04-13 23:15:00+00:00,32414.977046646243,22368.005955186174,21091.133410619117,26808.466651788487,37064.861815941724,12091.290638641554,32700.660047594578
2026-04-13 23:20:00+00:00,32424.340204558284,22377.36911309821,21100.513053498573,26817.846294667946,37074.20381690175,12091.290638641554,32710.02320550662
2026-04-13 23:25:00+00:00,32433.675809959546,22386.704718499474,21100.513053498573,26827.18190006921,37083.56951509377,12091.290638641554,32719.35881090788
2026-04-13 23:30:00+00:00,32423.675809959546,22386.704718499474,21090.513053498573,26817.18190006921,37073.56951509377,12081.290638641554,32709.35881090788
2026-04-13 23:35:00+00:00,32413.675809959546,22386.704718499474,21090.513053498573,26817.18190006921,37082.9502147035,12081.290638641554,32699.35881090788
2026-04-13 23:40:00+00:00,32423.04821609339,22396.077124633317,21099.87777947748,26826.546626048115,37092.3225393841,12081.290638641554,32708.731217041724
2026-04-13 23:45:00+00:00,32432.448184316083,22396.077124633317,21099.87777947748,26826.546626048115,37101.72580982588,12081.290638641554,32718.131185264418
2026-04-13 23:50:00+00:00,32422.448184316083,22396.077124633317,21099.87777947748,26826.546626048115,37111.120968577365,12090.692422888336,32708.131185264418
2026-04-13 23:55:00+00:00,32431.860104187963,22396.077124633317,21099.87777947748,26826.546626048115,37120.509168957215,12090.692422888336,32717.543105136298
2026-04-14 00:00:00+00:00,32441.25477811342,22396.077124633317,21109.242532004107,26835.91137857474,37129.89943789506,12090.692422888336,32726.937779061755
2026-04-14 00:05:00+00:00,32450.643679115718,22396.077124633317,21118.6168111637,26845.285657734334,37139.28373000225,12090.692422888336,32736.326680064052
2026-04-14 00:10:00+00:00,32440.643679115718,22386.077124633317,21118.6168111637,26835.285657734334,37129.28373000225,12090.692422888336,32726.326680064052
2026-04-14 00:15:00+00:00,32450.048644111648,22386.077124633317,21127.973678168357,26844.642524738993,37138.67202632067,12090.692422888336,32735.731645059983
2026-04-14 00:20:00+00:00,32459.42592060299,22386.077124633317,21137.330907961077,26853.999754531713,37148.04093465711,12090.692422888336,32745.108921551324
2026-04-14 00:25:00+00:00,32468.81212179085,22395.463325821176,21137.330907961077,26863.385955719572,37157.42469393309,12090.692422888336,32754.495122739183
2026-04-14 00:30:00+00:00,32478.21162687063,22395.463325821176,21137.330907961077,26863.385955719572,37166.82689596458,12100.095191752118,32763.894627818965
2026-04-14 00:35:00+00:00,32487.568746036442,22404.820444986988,21146.680551718004,26872.7355994765,37176.17847290593,12100.095191752118,32773.25174698478
2026-04-14 00:40:00+00:00,32496.974734046853,22404.820444986988,21146.680551718004,26872.7355994765,37185.57841051928,12100.095191752118,32782.657734995184
2026-04-14 00:45:00+00:00,32506.34542264329,22414.191133583427,21156.018696264964,26882.073744023462,37194.91888308323,12100.095191752118,32792.028423591626
2026-04-14 00:50:00+00:00,32515.718350761465,22423.564061701596,21165.38014237686,26891.435190135355,37204.26794016636,12100.095191752118,32801.4013517098
2026-04-14 00:55:00+00:00,32525.123231797726,22432.96894273786,21165.38014237686,26900.840071171617,37194.26794016636,12090.095191752118,32810.806232746065
2026-04-14 01:00:00+00:00,32515.123231797726,22422.96894273786,21155.38014237686,26890.840071171617,37184.26794016636,12090.095191752118,32800.806232746065
2026-04-14 01:05:00+00:00,32524.50035107377,22432.3460620139,21164.769073854637,26900.229002649397,37193.64461090387,12090.095191752118,32810.183352022104
2026-04-14 01:10:00+00:00,32514.50035107377,22432.3460620139,21164.769073854637,26900.229002649397,37183.64461090387,12090.095191752118,32800.183352022104
2026-04-14 01:15:00+00:00,32504.50035107377,22432.3460620139,21154.769073854637,26890.229002649397,37173.64461090387,12090.095191752118,32790.183352022104
2026-04-14 01:20:00+00:00,32494.50035107377,22432.3460620139,21154.769073854637,26890.229002649397,37163.64461090387,12090.095191752118,32780.183352022104
2026-04-14 01:25:00+00:00,32503.90396013324,22432.3460620139,21154.769073854637,26890.229002649397,37163.64461090387,12090.095191752118,32789.58696108157
2026-04-14 01:30:00+00:00,32513.306202679392,22432.3460620139,21154.769073854637,26890.229002649397,37173.039134757666,12090.095191752118,32798.98920362773
2026-04-14 01:35:00+00:00,32522.70756169,22432.3460620139,21154.769073854637,26890.229002649397,37182.434902195164,12090.095191752118,32808.390562638335
2026-04-14 01:40:00+00:00,32532.095666646834,22432.3460620139,21154.769073854637,26890.229002649397,37191.82575258436,12090.095191752118,32817.778667595165
2026-04-14 01:45:00+00:00,32541.467993266964,22441.74504919108,21154.769073854637,26899.601329269528,37201.22793492803,12090.095191752118,32827.1509942153
2026-04-14 01:50:00+00:00,32550.87222595001,22451.149281874124,21154.769073854637,26909.005561952574,37210.63247094341,12090.095191752118,32836.555226898345
2026-04-14 01:55:00+00:00,32560.273877453816,22460.55093337793,21154.769073854637,26918.40721345638,37220.02966333044,12090.095191752118,32845.956878402154
2026-04-14 02:00:00+00:00,32569.67949795926,22460.55093337793,21154.769073854637,26918.40721345638,37210.02966333044,12090.095191752118,32855.36249890759
2026-04-14 02:05:00+00:00,32579.07228318506,22460.55093337793,21154.769073854637,26918.40721345638,37219.432006665505,12090.095191752118,32864.755284133396
2026-04-14 02:10:00+00:00,32588.48274413604,22460.55093337793,21154.769073854637,26918.40721345638,37228.8360945812,12080.095191752118,32874.16574508438
2026-04-14 02:15:00+00:00,32597.889905994427,22460.55093337793,21154.769073854637,26918.40721345638,37238.220832417624,12089.477258249193,32883.57290694276
2026-04-14 02:20:00+00:00,32607.298764776762,22460.55093337793,21154.769073854637,26918.40721345638,37247.61501236822,12089.477258249193,32892.9817657251
2026-04-14 02:25:00+00:00,32597.298764776762,22460.55093337793,21154.769073854637,26918.40721345638,37257.01372178224,12089.477258249193,32882.9817657251
2026-04-14 02:30:00+00:00,32606.69763645301,22460.55093337793,21154.769073854637,26918.40721345638,37266.4187223739,12089.477258249193,32892.380637401344
2026-04-14 02:35:00+00:00,32616.10850496066,22450.55093337793,21154.769073854637,26918.40721345638,37275.82092178942,12098.871198772242,32901.791505908994
2026-04-14 02:40:00+00:00,32616.10850496066,22450.55093337793,21154.769073854637,26918.40721345638,37275.82092178942,12098.871198772242,32901.791505908994
2026-04-14 02:45:00+00:00,32606.10850496066,22440.55093337793,21154.769073854637,26908.40721345638,37265.82092178942,12098.871198772242,32891.791505908994
2026-04-14 02:50:00+00:00,32615.495705368216,22449.938133785487,21154.769073854637,26917.794413863936,37275.21337360574,12098.871198772242,32901.178706316554
2026-04-14 02:55:00+00:00,32624.90187289299,22459.34430131026,21154.769073854637,26927.20058138871,37284.61236516102,12098.871198772242,32910.584873841326
2026-04-14 03:00:00+00:00,32634.305748077775,22468.750782929903,21154.769073854637,26936.604456573496,37294.00674002033,12098.871198772242,32919.98874902611
2026-04-14 03:05:00+00:00,32643.69817860336,22478.14321345549,21154.769073854637,26945.99688709908,37303.396783483346,12098.871198772242,32929.381179551696
2026-04-14 03:10:00+00:00,32653.063367277533,22478.14321345549,21154.769073854637,26945.99688709908,37312.79252226471,12098.871198772242,32938.74636822587
2026-04-14 03:15:00+00:00,32643.063367277533,22478.14321345549,21154.769073854637,26945.99688709908,37302.79252226471,12098.871198772242,32928.74636822587
2026-04-14 03:20:00+00:00,32652.460420590076,22478.14321345549,21154.769073854637,26945.99688709908,37312.195398263706,12098.871198772242,32938.14342153841
2026-04-14 03:25:00+00:00,32642.460420590076,22478.14321345549,21154.769073854637,26945.99688709908,37302.195398263706,12098.871198772242,32928.14342153841
2026-04-14 03:30:00+00:00,32651.851543188634,22487.534336054043,21164.139552853412,26955.367366097857,37311.57147354874,12098.871198772242,32937.53454413697
2026-04-14 03:35:00+00:00,32641.851543188634,22477.534336054043,21164.139552853412,26945.367366097857,37311.57147354874,12098.871198772242,32927.53454413697
2026-04-14 03:40:00+00:00,32651.24067102603,22477.534336054043,21173.516843037767,26954.744656282208,37320.96411116635,12098.871198772242,32936.923671974364
2026-04-14 03:45:00+00:00,32651.24067102603,22477.534336054043,21173.516843037767,26954.744656282208,37330.36269160762,12098.871198772242,32936.923671974364
2026-04-14 03:50:00+00:00,32660.655416572725,22477.534336054043,21173.516843037767,26954.744656282208,37339.761162869385,12098.871198772242,32946.33841752106
2026-04-14 03:55:00+00:00,32650.655416572725,22477.534336054043,21173.516843037767,26954.744656282208,37339.761162869385,12098.871198772242,32936.33841752106
2026-04-14 04:00:00+00:00,32660.051671167177,22477.534336054043,21173.516843037767,26954.744656282208,37349.15065065544,12098.871198772242,32945.73467211551
2026-04-14 04:05:00+00:00,32669.45351039405,22477.534336054043,21173.516843037767,26954.744656282208,37358.55248988232,12098.871198772242,32955.13651134238
2026-04-14 04:10:00+00:00,32659.45351039405,22467.534336054043,21173.516843037767,26944.744656282208,37348.55248988232,12098.871198772242,32945.13651134238
2026-04-14 04:15:00+00:00,32649.45351039405,22467.534336054043,21173.516843037767,26944.744656282208,37338.55248988232,12098.871198772242,32935.13651134238
2026-04-14 04:20:00+00:00,32639.45351039405,22467.534336054043,21173.516843037767,26944.744656282208,37347.9387762315,12098.871198772242,32925.13651134238
2026-04-14 04:25:00+00:00,32648.859024203328,22467.534336054043,21173.516843037767,26944.744656282208,37357.343016168146,12098.871198772242,32934.54202515166
2026-04-14 04:30:00+00:00,32658.256594348753,22467.534336054043,21173.516843037767,26944.744656282208,37366.74770991925,12098.871198772242,32943.93959529709
2026-04-14 04:35:00+00:00,32648.256594348753,22467.534336054043,21173.516843037767,26944.744656282208,37366.74770991925,12098.871198772242,32933.93959529709
2026-04-14 04:40:00+00:00,32657.658115641523,22467.534336054043,21173.516843037767,26944.744656282208,37376.139669663185,12098.871198772242,32943.34111658986
2026-04-14 04:45:00+00:00,32667.070971720706,22467.534336054043,21173.516843037767,26944.744656282208,37385.53952457203,12098.871198772242,32952.753972669045
2026-04-14 04:50:00+00:00,32676.47563567418,22476.939000007515,21173.516843037767,26954.14932023568,37385.53952457203,12098.871198772242,32962.15863662251
2026-04-14 04:55:00+00:00,32666.47563567418,22476.939000007515,21173.516843037767,26954.14932023568,37385.53952457203,12098.871198772242,32952.15863662251
2026-04-14 05:00:00+00:00,32675.87030600422,22486.33367033756,21173.516843037767,26963.543990565722,37394.93832572705,12098.871198772242,32961.553306952555
2026-04-14 05:05:00+00:00,32685.28467786115,22486.33367033756,21173.516843037767,26963.543990565722,37404.34136406264,12098.871198772242,32970.96767880948
2026-04-14 05:10:00+00:00,32675.28467786115,22486.33367033756,21173.516843037767,26963.543990565722,37404.34136406264,12098.871198772242,32960.96767880948
2026-04-14 05:15:00+00:00,32684.675880460494,22486.33367033756,21173.516843037767,26963.543990565722,37413.73753311344,12098.871198772242,32970.35888140883
2026-04-14 05:20:00+00:00,32694.0884152596,22486.33367033756,21173.516843037767,26963.543990565722,37413.73753311344,12098.871198772242,32979.771416207936
2026-04-14 05:25:00+00:00,32703.485017962656,22486.33367033756,21173.516843037767,26963.543990565722,37423.1407018258,12098.871198772242,32989.16801891099
2026-04-14 05:30:00+00:00,32693.485017962656,22486.33367033756,21173.516843037767,26963.543990565722,37432.53241141408,12098.871198772242,32979.16801891099
2026-04-14 05:35:00+00:00,32683.485017962656,22476.33367033756,21173.516843037767,26953.543990565722,37422.53241141408,12098.871198772242,32969.16801891099
2026-04-14 05:40:00+00:00,32673.485017962656,22476.33367033756,21173.516843037767,26953.543990565722,37422.53241141408,12098.871198772242,32959.16801891099
2026-04-14 05:45:00+00:00,32663.485017962656,22476.33367033756,21173.516843037767,26953.543990565722,37422.53241141408,12098.871198772242,32949.16801891099
2026-04-14 05:50:00+00:00,32672.88841621061,22476.33367033756,21173.516843037767,26953.543990565722,37422.53241141408,12098.871198772242,32958.57141715895
2026-04-14 05:55:00+00:00,32682.28028857151,22476.33367033756,21173.516843037767,26953.543990565722,37431.92981595633,12098.871198772242,32967.963289519845
2026-04-14 06:00:00+00:00,32691.656924678184,22476.33367033756,21182.89502025363,26962.922167781584,37441.304881189455,12098.871198772242,32977.33992562652
2026-04-14 06:05:00+00:00,32701.058386385634,22485.73513204501,21182.89502025363,26972.323629489034,37450.69934101717,12098.871198772242,32986.74138733397
2026-04-14 06:10:00+00:00,32710.472823311888,22485.73513204501,21182.89502025363,26972.323629489034,37450.69934101717,12098.871198772242,32996.15582426022
2026-04-14 06:15:00+00:00,32719.887108419123,22485.73513204501,21182.89502025363,26972.323629489034,37460.097530702944,12098.871198772242,33005.57010936746
2026-04-14 06:20:00+00:00,32709.887108419123,22495.147589483546,21182.89502025363,26972.323629489034,37469.48802121756,12098.871198772242,32995.57010936746
2026-04-14 06:25:00+00:00,32719.302049541104,22495.147589483546,21182.89502025363,26972.323629489034,37469.48802121756,12098.871198772242,33004.98505048944
2026-04-14 06:30:00+00:00,32728.716368095535,22495.147589483546,21182.89502025363,26972.323629489034,37469.48802121756,12098.871198772242,33014.399369043866
2026-04-14 06:35:00+00:00,32738.126660970545,22495.147589483546,21182.89502025363,26972.323629489034,37478.88213539292,12098.871198772242,33023.80966191888
2026-04-14 06:40:00+00:00,32747.519649654416,22504.555541369817,21182.89502025363,26981.716618172904,37488.275363893226,12098.871198772242,33033.20265060275
2026-04-14 06:45:00+00:00,32756.91955285504,22513.95544457044,21182.89502025363,26991.11652137353,37497.672588343274,12098.871198772242,33042.60255380337
2026-04-14 06:50:00+00:00,32766.323752936245,22523.359644651646,21182.89502025363,27000.520721454734,37507.076701336504,12098.871198772242,33052.006753884576
2026-04-14 06:55:00+00:00,32766.323752936245,22523.359644651646,21182.89502025363,27000.520721454734,37516.47510339506,12098.871198772242,33052.006753884576
2026-04-14 07:00:00+00:00,32756.323752936245,22513.359644651646,21182.89502025363,26990.520721454734,37525.87703871637,12108.27313409355,33042.006753884576
2026-04-14 07:05:00+00:00,32765.70682823066,22513.359644651646,21182.89502025363,26990.520721454734,37535.27783981938,12108.27313409355,33051.389829178996
2026-04-14 07:10:00+00:00,32775.03374267172,22522.686559092712,21192.223573846946,26999.849275048055,37544.604744163786,12108.27313409355,33060.716743620054
2026-04-14 07:15:00+00:00,32784.42381307692,22522.686559092712,21192.223573846946,26999.849275048055,37554.000886593334,12108.27313409355,33070.10681402526
2026-04-14 07:20:00+00:00,32774.42381307692,22512.686559092712,21192.223573846946,26989.849275048055,37544.000886593334,12108.27313409355,33060.10681402526
2026-04-14 07:25:00+00:00,32783.827950262785,22512.686559092712,21192.223573846946,26989.849275048055,37553.39122816082,12108.27313409355,33069.510951211116
2026-04-14 07:30:00+00:00,32793.21521816991,22522.073826999844,21201.60294882758,26999.228650028686,37562.77108120112,12108.27313409355,33078.898219118244
2026-04-14 07:35:00+00:00,32802.622194104115,22522.073826999844,21201.60294882758,26999.228650028686,37572.165089475704,12108.27313409355,33088.305195052446
2026-04-14 07:40:00+00:00,32812.03588123427,22522.073826999844,21201.60294882758,26999.228650028686,37581.56828300643,12117.676954931685,33097.7188821826
2026-04-14 07:45:00+00:00,32821.446654839805,22522.073826999844,21201.60294882758,26999.228650028686,37590.964519299705,12117.676954931685,33107.12965578814
2026-04-14 07:50:00+00:00,32830.8501520205,22531.47732418054,21201.60294882758,27008.632147209384,37600.36191086732,12117.676954931685,33116.53315296884
2026-04-14 07:55:00+00:00,32820.8501520205,22531.47732418054,21201.60294882758,27008.632147209384,37590.36191086732,12117.676954931685,33106.53315296884
2026-04-14 08:00:00+00:00,32830.25899076308,22540.886162923125,21210.996407566407,27018.02560594821,37599.75271347737,12117.676954931685,33115.941991711414
2026-04-14 08:05:00+00:00,32839.64841675015,22550.275588910194,21210.996407566407,27027.415031935278,37609.1475813312,12117.676954931685,33125.331417698486
2026-04-14 08:10:00+00:00,32829.64841675015,22550.275588910194,21210.996407566407,27027.415031935278,37609.1475813312,12107.676954931685,33115.331417698486
2026-04-14 08:15:00+00:00,32819.64841675015,22550.275588910194,21210.996407566407,27027.415031935278,37599.1475813312,12097.676954931685,33105.331417698486
2026-04-14 08:20:00+00:00,32829.05495017978,22550.275588910194,21210.996407566407,27027.415031935278,37608.548387730516,12097.676954931685,33114.73795112812
2026-04-14 08:25:00+00:00,32838.45641047838,22559.683381293762,21210.996407566407,27036.81649223388,37617.9499106264,12097.676954931685,33124.13941142672
2026-04-14 08:30:00+00:00,32847.84778064192,22569.079627320058,21220.3656901429,27046.185774810372,37627.332870715356,12097.676954931685,33133.53078159025
2026-04-14 08:35:00+00:00,32837.84778064192,22559.079627320058,21210.3656901429,27036.185774810372,37617.332870715356,12087.676954931685,33123.53078159025
2026-04-14 08:40:00+00:00,32847.20778827424,22568.462996456703,21219.717274504987,27045.537359172456,37626.71817297647,12087.676954931685,33132.89078922257
2026-04-14 08:45:00+00:00,32837.20778827424,22568.462996456703,21219.717274504987,27045.537359172456,37616.71817297647,12097.075940043243,33122.89078922257
2026-04-14 08:50:00+00:00,32827.20778827424,22558.462996456703,21209.717274504987,27035.537359172456,37606.71817297647,12097.075940043243,33112.89078922257
2026-04-14 08:55:00+00:00,32836.61671274009,22567.871920922553,21209.717274504987,27044.94628363831,37616.11703498703,12097.075940043243,33122.29971368842
2026-04-14 09:00:00+00:00,32826.61671274009,22567.871920922553,21209.717274504987,27044.94628363831,37606.11703498703,12097.075940043243,33112.29971368842
2026-04-14 09:05:00+00:00,32836.02681175235,22567.871920922553,21209.717274504987,27044.94628363831,37615.512641315916,12106.471546372126,33121.70981270068
2026-04-14 09:10:00+00:00,32845.427995412494,22567.871920922553,21209.717274504987,27044.94628363831,37624.90872470102,12106.471546372126,33131.110996360825
2026-04-14 09:15:00+00:00,32835.427995412494,22567.871920922553,21209.717274504987,27044.94628363831,37614.90872470102,12106.471546372126,33121.110996360825
2026-04-14 09:20:00+00:00,32844.83276856615,22577.276694076212,21209.717274504987,27054.351056791966,37624.31003766728,12106.471546372126,33130.51576951448
2026-04-14 09:25:00+00:00,32854.2283247789,22586.67225028896,21209.717274504987,27063.746613004718,37633.70245713919,12106.471546372126,33139.91132572723
2026-04-14 09:30:00+00:00,32844.2283247789,22586.67225028896,21209.717274504987,27063.746613004718,37643.099614576626,12106.471546372126,33129.91132572723
2026-04-14 09:35:00+00:00,32834.2283247789,22586.67225028896,21209.717274504987,27063.746613004718,37633.099614576626,12106.471546372126,33119.91132572723
2026-04-14 09:40:00+00:00,32843.60658558652,22596.05051109659,21219.085389911426,27073.114728411158,37642.46501882252,12106.471546372126,33129.289586534855
2026-04-14 09:45:00+00:00,32853.02065210602,22596.05051109659,21219.085389911426,27073.114728411158,37651.86764304909,12106.471546372126,33138.703653054356
2026-04-14 09:50:00+00:00,32843.02065210602,22596.05051109659,21219.085389911426,27073.114728411158,37651.86764304909,12106.471546372126,33128.703653054356
2026-04-14 09:55:00+00:00,32852.41477795394,22605.444636944514,21219.085389911426,27082.508854259082,37661.25648274923,12106.471546372126,33138.09777890227
2026-04-14 10:00:00+00:00,32861.824753231886,22605.444636944514,21219.085389911426,27082.508854259082,37670.653534783414,12106.471546372126,33147.50775418022
2026-04-14 10:05:00+00:00,32871.216256077954,22605.444636944514,21228.451116856253,27091.87458120391,37680.02796399426,12106.471546372126,33156.89925702629
2026-04-14 10:10:00+00:00,32861.216256077954,22605.444636944514,21228.451116856253,27091.87458120391,37680.02796399426,12106.471546372126,33146.89925702629
2026-04-14 10:15:00+00:00,32870.627820042886,22605.444636944514,21228.451116856253,27091.87458120391,37689.42973580636,12106.471546372126,33156.31082099122
2026-04-14 10:20:00+00:00,32880.03766675112,22614.85448365275,21228.451116856253,27101.284427912145,37698.832106480506,12106.471546372126,33165.720667699454
2026-04-14 10:25:00+00:00,32870.03766675112,22614.85448365275,21228.451116856253,27101.284427912145,37698.832106480506,12106.471546372126,33155.720667699454
2026-04-14 10:30:00+00:00,32879.440944120186,22614.85448365275,21228.451116856253,27101.284427912145,37708.23127317128,12106.471546372126,33165.123945068524
2026-04-14 10:35:00+00:00,32888.8538793754,22614.85448365275,21228.451116856253,27101.284427912145,37717.63482589447,12106.471546372126,33174.536880323736
2026-04-14 10:40:00+00:00,32898.25967571864,22614.85448365275,21228.451116856253,27101.284427912145,37727.03018807305,12106.471546372126,33183.94267666698
2026-04-14 10:45:00+00:00,32907.67173893491,22614.85448365275,21228.451116856253,27101.284427912145,37736.42664292223,12106.471546372126,33193.35473988324
2026-04-14 10:50:00+00:00,32897.67173893491,22614.85448365275,21228.451116856253,27101.284427912145,37726.42664292223,12106.471546372126,33183.35473988324
2026-04-14 10:55:00+00:00,32887.67173893491,22604.85448365275,21228.451116856253,27091.284427912145,37716.42664292223,12106.471546372126,33173.35473988324
2026-04-14 11:00:00+00:00,32897.078618301995,22604.85448365275,21228.451116856253,27091.284427912145,37725.82852958943,12106.471546372126,33182.761619250334
2026-04-14 11:05:00+00:00,32906.48152355832,22604.85448365275,21228.451116856253,27091.284427912145,37735.23103298184,12106.471546372126,33192.164524506654
2026-04-14 11:10:00+00:00,32915.88264661272,22614.25560670715,21228.451116856253,27100.685550966544,37744.63340828569,12106.471546372126,33201.56564756105
2026-04-14 11:15:00+00:00,32925.2846985551,22623.657658649532,21228.451116856253,27110.087602908923,37754.03518301163,12106.471546372126,33210.96769950343
2026-04-14 11:20:00+00:00,32934.69884475571,22623.657658649532,21228.451116856253,27110.087602908923,37763.43885347506,12106.471546372126,33220.38184570405
2026-04-14 11:25:00+00:00,32924.69884475571,22623.657658649532,21228.451116856253,27110.087602908923,37753.43885347506,12106.471546372126,33210.38184570405
2026-04-14 11:30:00+00:00,32934.101483843566,22623.657658649532,21228.451116856253,27110.087602908923,37762.841556055064,12106.471546372126,33219.784484791904
2026-04-14 11:35:00+00:00,32943.50585965734,22623.657658649532,21228.451116856253,27110.087602908923,37772.23929179627,12106.471546372126,33229.188860605675
2026-04-14 11:40:00+00:00,32952.91733280768,22623.657658649532,21228.451116856253,27110.087602908923,37781.64340590536,12106.471546372126,33238.60033375601
2026-04-14 11:45:00+00:00,32962.32000516223,22623.657658649532,21228.451116856253,27110.087602908923,37791.04262511125,12106.471546372126,33248.003006110564
2026-04-14 11:50:00+00:00,32971.72003959205,22623.657658649532,21228.451116856253,27110.087602908923,37800.44034087811,12106.471546372126,33257.40304054038
2026-04-14 11:55:00+00:00,32961.72003959205,22623.657658649532,21237.844543136176,27110.087602908923,37790.44034087811,12115.849301837117,33247.40304054038
2026-04-14 12:00:00+00:00,32951.72003959205,22613.657658649532,21237.844543136176,27100.087602908923,37799.84224962804,12125.249102312642,33237.40304054038
2026-04-14 12:05:00+00:00,32961.12718639883,22613.657658649532,21237.844543136176,27100.087602908923,37799.84224962804,12125.249102312642,33246.81018734716
2026-04-14 12:10:00+00:00,32970.52601510106,22623.056487351765,21247.211144870173,27109.454204642923,37809.215401584166,12125.249102312642,33256.2090160494
2026-04-14 12:15:00+00:00,32979.9179025512,22632.4483748019,21256.57492879869,27118.817988571438,37818.59118621481,12125.249102312642,33265.60090349953
2026-04-14 12:20:00+00:00,32989.30151021127,22632.4483748019,21265.941402594042,27128.18446236679,37827.964940783655,12125.249102312642,33274.98451115961
2026-04-14 12:25:00+00:00,32998.70779514695,22632.4483748019,21265.941402594042,27128.18446236679,37837.36448642156,12125.249102312642,33284.39079609528
2026-04-14 12:30:00+00:00,32998.70779514695,22632.4483748019,21275.307911469565,27128.18446236679,37846.74410879494,12125.249102312642,33293.75730497081
2026-04-14 12:35:00+00:00,33008.116936449616,22632.4483748019,21275.307911469565,27128.18446236679,37856.14782208711,12125.249102312642,33303.16644627348
2026-04-14 12:40:00+00:00,32998.116936449616,22622.4483748019,21275.307911469565,27118.18446236679,37846.14782208711,12125.249102312642,33293.16644627348
2026-04-14 12:45:00+00:00,33007.52304437831,22631.85448273059,21275.307911469565,27127.590570295477,37855.549378765194,12125.249102312642,33302.57255420217
2026-04-14 12:50:00+00:00,33016.9242332439,22641.25567159619,21275.307911469565,27136.99175916108,37845.549378765194,12115.249102312642,33311.97374306776
2026-04-14 12:55:00+00:00,33026.32333503566,22650.65477338794,21275.307911469565,27146.39086095283,37854.942713623175,12115.249102312642,33321.37284485952
2026-04-14 13:00:00+00:00,33035.71737799126,22650.65477338794,21284.674486145188,27155.757435628453,37864.30465887638,12115.249102312642,33330.76688781512
2026-04-14 13:05:00+00:00,33045.1167716726,22650.65477338794,21284.674486145188,27155.757435628453,37873.70411227942,12115.249102312642,33340.16628149646
2026-04-14 13:10:00+00:00,33054.51708286819,22660.05508458354,21284.674486145188,27165.157746824047,37883.10308584551,12115.249102312642,33349.56659269205
2026-04-14 13:15:00+00:00,33044.51708286819,22660.05508458354,21284.674486145188,27165.157746824047,37892.50461967065,12115.249102312642,33339.56659269205
2026-04-14 13:20:00+00:00,33053.91649896998,22669.454500685326,21284.674486145188,27174.557162925834,37901.89734449065,12115.249102312642,33348.96600879384
2026-04-14 13:25:00+00:00,33063.32731391523,22669.454500685326,21284.674486145188,27174.557162925834,37911.28937216321,12115.249102312642,33358.37682373909
2026-04-14 13:30:00+00:00,33072.6761323058,22669.454500685326,21294.00099294004,27183.883669720686,37920.61209263622,12115.249102312642,33367.72564212966
2026-04-14 13:35:00+00:00,33082.029479087054,22678.807847466585,21303.363188157426,27193.245864938068,37929.945995989474,12115.249102312642,33377.078988910915
2026-04-14 13:40:00+00:00,33091.333021044986,22678.807847466585,21312.58533030714,27202.468007087788,37939.204572568444,12115.249102312642,33386.38253086885
2026-04-14 13:45:00+00:00,33081.333021044986,22678.807847466585,21302.58533030714,27192.468007087788,37929.204572568444,12124.642751788913,33376.38253086885
2026-04-14 13:50:00+00:00,33090.660308742896,22688.13513516449,21311.88973391388,27201.772410694524,37938.529647657066,12124.642751788913,33385.70981856676
2026-04-14 13:55:00+00:00,33100.036950669884,22688.13513516449,21321.261665417678,27211.14434219832,37947.9006149542,12124.642751788913,33395.086460493745
2026-04-14 14:00:00+00:00,33109.44086176112,22688.13513516449,21330.613213767472,27220.495890548114,37957.26945808559,12124.642751788913,33404.49037158498
2026-04-14 14:05:00+00:00,33118.79330041642,22697.487573819802,21339.943716432783,27229.826393213425,37966.61091628843,12134.032216454025,33413.84281024028
2026-04-14 14:10:00+00:00,33108.79330041642,22697.487573819802,21329.943716432783,27219.826393213425,37956.61091628843,12143.427253050852,33403.84281024028
2026-04-14 14:15:00+00:00,33098.79330041642,22697.487573819802,21329.943716432783,27219.826393213425,37946.61091628843,12133.427253050852,33393.84281024028
2026-04-14 14:20:00+00:00,33108.16311379775,22697.487573819802,21339.286305128255,27229.168981908893,37955.9545168481,12133.427253050852,33403.21262362161
2026-04-14 14:25:00+00:00,33117.49913718046,22706.823597202507,21348.59724132496,27238.4799181056,37965.27664533167,12133.427253050852,33412.54864700432
2026-04-14 14:30:00+00:00,33107.49913718046,22696.823597202507,21338.59724132496,27228.4799181056,37955.27664533167,12142.818270966345,33402.54864700432
2026-04-14 14:35:00+00:00,33116.90745932011,22696.823597202507,21347.9407582891,27237.823435069742,37964.65501731605,12152.220701045499,33411.95696914397
2026-04-14 14:40:00+00:00,33106.90745932011,22696.823597202507,21347.9407582891,27237.823435069742,37974.055262266025,12142.220701045499,33401.95696914397
2026-04-14 14:45:00+00:00,33116.26010107513,22696.823597202507,21347.9407582891,27237.823435069742,37983.44016348467,12142.220701045499,33411.30961089899
2026-04-14 14:50:00+00:00,33125.663607947296,22696.823597202507,21347.9407582891,27237.823435069742,37992.830163573984,12151.624207917659,33420.713117771156
2026-04-14 14:55:00+00:00,33135.05200246519,22696.823597202507,21357.313340243534,27247.196017024176,38002.21319283979,12151.624207917659,33430.10151228905
2026-04-14 15:00:00+00:00,33125.05200246519,22696.823597202507,21357.313340243534,27247.196017024176,37992.21319283979,12141.624207917659,33420.10151228905
2026-04-14 15:05:00+00:00,33134.392942428545,22696.823597202507,21366.675501254904,27256.536956987533,38001.58879541823,12141.624207917659,33429.442452252406
2026-04-14 15:10:00+00:00,33143.74916917774,22706.179823951694,21356.675501254904,27265.893183736724,37991.58879541823,12131.624207917659,33438.7986790016
2026-04-14 15:15:00+00:00,33153.15946915091,22706.179823951694,21356.675501254904,27265.893183736724,38000.98329031703,12141.028250359454,33448.20897897477
2026-04-14 15:20:00+00:00,33162.534658806035,22706.179823951694,21356.675501254904,27265.893183736724,38010.37346103092,12141.028250359454,33457.584168629895
2026-04-14 15:25:00+00:00,33152.534658806035,22706.179823951694,21356.675501254904,27265.893183736724,38000.37346103092,12150.421294023552,33447.584168629895
2026-04-14 15:30:00+00:00,33161.88450928384,22715.529674429497,21365.974371193843,27275.192053675662,38009.697613168,12150.421294023552,33456.9340191077
2026-04-14 15:35:00+00:00,33171.259265554996,22724.90443070066,21375.320547526724,27284.538230008548,38019.04447812897,12150.421294023552,33466.30877537886
2026-04-14 15:40:00+00:00,33180.64316577428,22734.28833091993,21384.69558021454,27293.913262696362,38028.41814174977,12150.421294023552,33475.69267559814
2026-04-14 15:45:00+00:00,33190.03335528965,22734.28833091993,21394.067834220907,27303.285516702734,38037.7909491881,12150.421294023552,33485.08286511351
2026-04-14 15:50:00+00:00,33199.41498541141,22734.28833091993,21403.42365266069,27312.641335142518,38047.165153568545,12150.421294023552,33494.46449523527
2026-04-14 15:55:00+00:00,33208.81236577239,22734.28833091993,21412.816318422636,27322.034000904463,38056.567480422185,12150.421294023552,33503.86187559625
2026-04-14 16:00:00+00:00,33218.19429478547,22734.28833091993,21422.169532396605,27331.38721487843,38065.92437583137,12150.421294023552,33513.24380460933
2026-04-14 16:05:00+00:00,33227.60565340727,22734.28833091993,21422.169532396605,27331.38721487843,38075.32169199828,12150.421294023552,33522.65516323113
2026-04-14 16:10:00+00:00,33237.00021369467,22734.28833091993,21431.50074812732,27340.718430609148,38084.69809909849,12150.421294023552,33532.04972351853
2026-04-14 16:15:00+00:00,33246.39592725862,22734.28833091993,21440.870148440285,27350.087830922108,38094.0935290878,12150.421294023552,33541.44543708248
2026-04-14 16:20:00+00:00,33255.7682691482,22734.28833091993,21450.253982489052,27359.471664970875,38103.45467287487,12150.421294023552,33550.81777897206
2026-04-14 16:25:00+00:00,33265.13429128262,22743.65435305436,21459.60312710322,27368.82080958504,38112.802031531326,12150.421294023552,33560.18380110648
2026-04-14 16:30:00+00:00,33265.13429128262,22743.65435305436,21459.60312710322,27368.82080958504,38112.802031531326,12150.421294023552,33560.18380110648
2026-04-14 16:35:00+00:00,33274.545674097215,22743.65435305436,21459.60312710322,27368.82080958504,38122.199894317324,12159.824819331337,33569.595183921076
2026-04-14 16:40:00+00:00,33283.95662998421,22743.65435305436,21459.60312710322,27368.82080958504,38112.199894317324,12159.824819331337,33579.00613980807
2026-04-14 16:45:00+00:00,33293.359327447135,22743.65435305436,21459.60312710322,27368.82080958504,38121.59619726069,12159.824819331337,33588.408837270996
2026-04-14 16:50:00+00:00,33302.716885977294,22753.01191158452,21468.91160919777,27378.129291679594,38130.9267814911,12159.824819331337,33597.766395801154
2026-04-14 16:55:00+00:00,33312.1012344558,22753.01191158452,21478.287390784208,27387.50507326603,38140.31923014329,12159.824819331337,33607.15074427966
2026-04-14 17:00:00+00:00,33321.50321000044,22753.01191158452,21478.287390784208,27387.50507326603,38130.31923014329,12149.824819331337,33616.5527198243
2026-04-14 17:05:00+00:00,33330.881786580314,22753.01191158452,21487.68321050117,27396.90089298299,38139.69703794374,12149.824819331337,33625.931296404175
2026-04-14 17:10:00+00:00,33340.258146225984,22753.01191158452,21487.68321050117,27396.90089298299,38149.09308873536,12149.824819331337,33635.307656049845
2026-04-14 17:15:00+00:00,33349.667305459894,22753.01191158452,21487.68321050117,27396.90089298299,38158.49306024034,12149.824819331337,33644.716815283755
2026-04-14 17:20:00+00:00,33339.667305459894,22753.01191158452,21477.68321050117,27386.90089298299,38148.49306024034,12149.824819331337,33634.716815283755
2026-04-14 17:25:00+00:00,33349.05799882906,22762.40260495369,21487.035213470685,27396.252895952508,38157.883904897346,12149.824819331337,33644.10750865292
2026-04-14 17:30:00+00:00,33339.05799882906,22762.40260495369,21487.035213470685,27396.252895952508,38167.28490731525,12139.824819331337,33634.10750865292
2026-04-14 17:35:00+00:00,33348.46576162969,22762.40260495369,21487.035213470685,27396.252895952508,38176.68333428103,12149.222768386187,33643.51527145355
2026-04-14 17:40:00+00:00,33357.828570513295,22771.7654138373,21496.376543595346,27405.594226077166,38186.04862068931,12149.222768386187,33652.878080337156
2026-04-14 17:45:00+00:00,33367.22676982557,22771.7654138373,21496.376543595346,27405.594226077166,38195.44609184211,12149.222768386187,33662.27627964943
2026-04-14 17:50:00+00:00,33357.22676982557,22771.7654138373,21496.376543595346,27405.594226077166,38204.84622752953,12149.222768386187,33652.27627964943
2026-04-14 17:55:00+00:00,33357.22676982557,22771.7654138373,21505.758530695963,27405.594226077166,38214.23104742131,12149.222768386187,33661.65826675005
2026-04-14 18:00:00+00:00,33366.6241910893,22781.162835101033,21505.758530695963,27414.9916473409,38223.628936240144,12149.222768386187,33671.05568801378
2026-04-14 18:05:00+00:00,33356.6241910893,22781.162835101033,21505.758530695963,27414.9916473409,38213.628936240144,12149.222768386187,33661.05568801378
2026-04-14 18:10:00+00:00,33366.015477300796,22781.162835101033,21505.758530695963,27414.9916473409,38223.02033446208,12149.222768386187,33670.44697422528
2026-04-14 18:15:00+00:00,33356.015477300796,22781.162835101033,21505.758530695963,27414.9916473409,38232.41577548453,12158.61820940864,33660.44697422528
2026-04-14 18:20:00+00:00,33365.378258460114,22781.162835101033,21515.08404191699,27424.31715856193,38241.7809686339,12158.61820940864,33669.8097553846
2026-04-14 18:25:00+00:00,33374.761705830606,22781.162835101033,21524.458201553338,27433.691318198275,38251.14624181842,12158.61820940864,33679.19320275508
2026-04-14 18:30:00+00:00,33384.16216864488,22781.162835101033,21524.458201553338,27433.691318198275,38241.14624181842,12168.018672222912,33688.59366556935
2026-04-14 18:35:00+00:00,33393.50229078848,22781.162835101033,21533.767265829094,27443.000382474034,38250.48663491165,12168.018672222912,33697.93378771296
2026-04-14 18:40:00+00:00,33402.874603101765,22790.535147414324,21543.150647923096,27452.38376456804,38259.86584194116,12168.018672222912,33707.30610002625
2026-04-14 18:45:00+00:00,33412.21118924245,22799.87173355501,21552.405746979275,27461.63886362422,38269.12947583337,12177.423829725085,33716.64268616693
2026-04-14 18:50:00+00:00,33421.54211237842,22809.202656690977,21561.712486957284,27470.945603602227,38278.444720250285,12177.423829725085,33725.973609302906
2026-04-14 18:55:00+00:00,33411.54211237842,22809.202656690977,21561.712486957284,27470.945603602227,38268.444720250285,12177.423829725085,33715.973609302906
2026-04-14 19:00:00+00:00,33420.927412433004,22818.587956745563,21571.05817977662,27480.291296421565,38277.80833581735,12177.423829725085,33725.358909357485
2026-04-14 19:05:00+00:00,33430.297937537856,22827.958481850415,21580.40630985498,27489.639426499925,38287.1762142456,12177.423829725085,33734.72943446234
2026-04-14 19:10:00+00:00,33420.297937537856,22817.958481850415,21580.40630985498,27479.639426499925,38296.57461127317,12186.811406669105,33724.72943446234
2026-04-14 19:15:00+00:00,33429.68125960538,22817.958481850415,21589.786219709807,27489.01933635475,38305.95086489486,12186.811406669105,33734.11275652986
2026-04-14 19:20:00+00:00,33419.68125960538,22807.958481850415,21599.171295761436,27479.01933635475,38315.339646701505,12196.212058436306,33724.11275652986
2026-04-14 19:25:00+00:00,33429.081431991,22807.958481850415,21599.171295761436,27479.01933635475,38324.73981908713,12205.612230821927,33733.51292891549
2026-04-14 19:30:00+00:00,33419.081431991,22797.958481850415,21589.171295761436,27469.01933635475,38314.73981908713,12205.612230821927,33723.51292891549
2026-04-14 19:35:00+00:00,33428.49661961662,22797.958481850415,21589.171295761436,27469.01933635475,38324.139895748944,12214.999126588804,33732.9281165411
2026-04-14 19:40:00+00:00,33418.49661961662,22787.958481850415,21589.171295761436,27459.01933635475,38314.139895748944,12224.399674402004,33722.9281165411
2026-04-14 19:45:00+00:00,33427.860994886636,22787.958481850415,21589.171295761436,27459.01933635475,38323.53460921241,12224.399674402004,33732.29249181112
2026-04-14 19:50:00+00:00,33437.2548323698,22787.958481850415,21589.171295761436,27459.01933635475,38332.92844669557,12233.793511885171,33741.68632929428
2026-04-14 19:55:00+00:00,33437.2548323698,22787.958481850415,21589.171295761436,27459.01933635475,38342.32696761761,12233.793511885171,33741.68632929428
2026-04-14 20:00:00+00:00,33446.63756239643,22797.341211877043,21598.49991990949,27468.3479605028,38351.695041944826,12233.793511885171,33751.06905932091
2026-04-14 20:05:00+00:00,33436.63756239643,22797.341211877043,21598.49991990949,27468.3479605028,38361.09605059251,12243.194520532857,33741.06905932091
2026-04-14 20:10:00+00:00,33426.63756239643,22797.341211877043,21598.49991990949,27468.3479605028,38370.49565281588,12243.194520532857,33731.06905932091
2026-04-14 20:15:00+00:00,33436.039149942895,22797.341211877043,21607.86384056956,27477.71188116287,38379.872925315336,12243.194520532857,33740.47064686738
2026-04-14 20:20:00+00:00,33445.44186391369,22806.74392584784,21617.236781866923,27487.084822460234,38389.26646128889,12243.194520532857,33749.87336083817
2026-04-14 20:25:00+00:00,33435.44186391369,22816.151081059346,21617.236781866923,27487.084822460234,38398.66496410317,12243.194520532857,33739.87336083817
2026-04-14 20:30:00+00:00,33444.82092645978,22825.530143605436,21626.620126810805,27496.468167404113,38408.0519018988,12243.194520532857,33749.252423384256
2026-04-14 20:35:00+00:00,33454.21234685059,22834.921563996242,21626.620126810805,27505.85958779492,38417.44488299436,12243.194520532857,33758.64384377506
2026-04-14 20:40:00+00:00,33444.21234685059,22834.921563996242,21626.620126810805,27505.85958779492,38426.84333820984,12243.194520532857,33748.64384377506
2026-04-14 20:45:00+00:00,33453.61188007844,22834.921563996242,21626.620126810805,27505.85958779492,38436.23750896317,12252.592319232732,33758.04337700292
2026-04-14 20:50:00+00:00,33443.61188007844,22834.921563996242,21626.620126810805,27505.85958779492,38445.63269428583,12252.592319232732,33748.04337700292
2026-04-14 20:55:00+00:00,33453.01559942575,22844.325283343558,21635.981010147247,27515.22047113136,38455.0048300794,12252.592319232732,33757.44709635024
2026-04-14 21:00:00+00:00,33462.413647428024,22853.723331345827,21635.981010147247,27524.618519133626,38464.397927348735,12252.592319232732,33766.8451443525
2026-04-14 21:05:00+00:00,33471.79347451741,22853.723331345827,21645.344668460886,27533.982177447266,38473.76744816279,12252.592319232732,33776.22497144189
2026-04-14 21:10:00+00:00,33461.79347451741,22853.723331345827,21645.344668460886,27533.982177447266,38473.76744816279,12252.592319232732,33766.22497144189
2026-04-14 21:15:00+00:00,33471.18792814818,22863.117784976595,21645.344668460886,27543.376631078034,38483.15507297813,12252.592319232732,33775.619425072655
2026-04-14 21:20:00+00:00,33480.568704159,22872.498560987417,21654.70454594883,27552.736508565977,38492.52044844748,12252.592319232732,33785.00020108348
2026-04-14 21:25:00+00:00,33489.87934960006,22872.498560987417,21654.70454594883,27552.736508565977,38501.912592825654,12252.592319232732,33794.31084652454
2026-04-14 21:30:00+00:00,33499.2785912035,22881.89780259086,21654.70454594883,27562.13575016942,38511.3111991006,12252.592319232732,33803.71008812798
2026-04-14 21:35:00+00:00,33508.68476488362,22891.30397627098,21654.70454594883,27571.541923849538,38501.3111991006,12242.592319232732,33813.1162618081
2026-04-14 21:40:00+00:00,33518.0841297418,22891.30397627098,21664.07983571652,27580.91721361723,38510.687338943375,12242.592319232732,33822.51562666628
2026-04-14 21:45:00+00:00,33527.49523931781,22891.30397627098,21664.07983571652,27580.91721361723,38520.09039305032,12242.592319232732,33831.9267362423
2026-04-14 21:50:00+00:00,33536.87813372243,22900.686870675596,21673.42263351601,27590.26001141672,38529.48186701319,12242.592319232732,33841.30963064691
2026-04-14 21:55:00+00:00,33546.27634565886,22910.085082612026,21673.42263351601,27599.65822335315,38538.87689898239,12242.592319232732,33850.70784258334
2026-04-14 22:00:00+00:00,33555.643273594,22910.085082612026,21673.42263351601,27599.65822335315,38548.28137026334,12242.592319232732,33860.07477051848
2026-04-14 22:05:00+00:00,33565.018077996305,22919.45988701433,21673.42263351601,27609.033027755457,38557.663861164954,12242.592319232732,33869.449574920785
2026-04-14 22:10:00+00:00,33574.41703677145,22919.45988701433,21673.42263351601,27609.033027755457,38567.061744398045,12251.99465789394,33878.84853369593
2026-04-14 22:15:00+00:00,33583.801936494274,22928.844786737154,21682.786647140678,27618.397041380125,38576.434615433966,12251.99465789394,33888.23343341875
2026-04-14 22:20:00+00:00,33593.185353366905,22938.228203609793,21692.176112392503,27627.78650663195,38585.81661972652,12251.99465789394,33897.61685029139
2026-04-14 22:25:00+00:00,33602.589993404836,22947.632843647712,21692.176112392503,27637.191146669873,38595.218319138614,12251.99465789394,33907.02149032931
2026-04-14 22:30:00+00:00,33611.96968837695,22947.632843647712,21701.521114489136,27646.536148766507,38604.55649303633,12261.39861997048,33916.40118530142
2026-04-14 22:35:00+00:00,33621.37914801489,22947.632843647712,21710.888750053586,27655.903784330956,38613.94308649706,12261.39861997048,33925.81064493937
2026-04-14 22:40:00+00:00,33611.37914801489,22947.632843647712,21710.888750053586,27655.903784330956,38603.94308649706,12261.39861997048,33915.81064493937
2026-04-14 22:45:00+00:00,33620.756858056506,22947.632843647712,21720.24454579212,27665.259580069494,38613.33903394903,12261.39861997048,33925.188354980986
2026-04-14 22:50:00+00:00,33630.138155022854,22957.01414061407,21729.635167861685,27674.65020213906,38622.72952766878,12261.39861997048,33934.56965194734
2026-04-14 22:55:00+00:00,33639.54341491567,22966.419400506882,21729.635167861685,27684.055462031873,38612.72952766878,12261.39861997048,33943.97491184015
2026-04-14 23:00:00+00:00,33648.945258877386,22966.419400506882,21729.635167861685,27684.055462031873,38622.13103682641,12261.39861997048,33953.376755801866
2026-04-14 23:05:00+00:00,33658.35942789992,22956.419400506882,21729.635167861685,27684.055462031873,38612.13103682641,12261.39861997048,33962.790924824396
2026-04-14 23:10:00+00:00,33667.76723691723,22956.419400506882,21729.635167861685,27684.055462031873,38621.52949293329,12261.39861997048,33972.19873384171
2026-04-14 23:15:00+00:00,33677.1683593694,22956.419400506882,21729.635167861685,27684.055462031873,38630.92589171781,12261.39861997048,33981.59985629388
2026-04-14 23:20:00+00:00,33667.1683593694,22956.419400506882,21729.635167861685,27684.055462031873,38630.92589171781,12261.39861997048,33971.59985629388
2026-04-14 23:25:00+00:00,33676.55969215719,22965.810733294675,21729.635167861685,27693.446794819665,38640.32457034124,12261.39861997048,33980.99118908167
2026-04-14 23:30:00+00:00,33685.9441895932,22975.195230730686,21729.635167861685,27702.831292255676,38649.7079213166,12261.39861997048,33990.375686517684
2026-04-14 23:35:00+00:00,33675.9441895932,22975.195230730686,21719.635167861685,27692.831292255676,38639.7079213166,12261.39861997048,33980.375686517684
2026-04-14 23:40:00+00:00,33685.35898581227,22975.195230730686,21719.635167861685,27692.831292255676,38629.7079213166,12261.39861997048,33989.790482736746
2026-04-14 23:45:00+00:00,33694.75192824587,22975.195230730686,21729.01173680977,27702.207861203762,38639.093766300866,12261.39861997048,33999.18342517034
2026-04-14 23:50:00+00:00,33704.155397779454,22975.195230730686,21738.344459664673,27711.540584058665,38648.44351821136,12261.39861997048,34008.58689470393
2026-04-14 23:55:00+00:00,33713.54378145524,22984.58361440647,21747.719255501048,27720.915379895036,38657.82113452281,12261.39861997048,34017.975278379716
2026-04-15 00:00:00+00:00,33722.882552690084,22993.922385641315,21757.049451616487,27730.24557601048,38667.15299466177,12261.39861997048,34027.314049614564
2026-04-15 00:05:00+00:00,33732.27152432849,23003.311357279716,21766.423563661418,27739.619688055413,38676.528453957864,12261.39861997048,34036.703021252964
2026-04-15 00:10:00+00:00,33741.659083837665,23003.311357279716,21775.799616401688,27748.995740795683,38685.933201574204,12261.39861997048,34046.090580762146
2026-04-15 00:15:00+00:00,33751.02756479656,23012.70172787404,21785.16749026357,27758.363614657566,38695.3295397132,12261.39861997048,34055.459061721034
2026-04-15 00:20:00+00:00,33760.38834062546,23022.062503702942,21794.461644166353,27767.657768560344,38704.66007714091,12261.39861997048,34064.819837549934
2026-04-15 00:25:00+00:00,33750.38834062546,23022.062503702942,21794.461644166353,27767.657768560344,38694.66007714091,12261.39861997048,34054.819837549934
2026-04-15 00:30:00+00:00,33759.77479921813,23031.448962295617,21803.82373481823,27777.019859212225,38704.044348606294,12261.39861997048,34064.20629614261
2026-04-15 00:35:00+00:00,33769.17741675985,23031.448962295617,21803.82373481823,27777.019859212225,38713.44348919506,12261.39861997048,34073.60891368433
2026-04-15 00:40:00+00:00,33778.592257439144,23031.448962295617,21803.82373481823,27777.019859212225,38722.8349269963,12261.39861997048,34083.02375436363
2026-04-15 00:45:00+00:00,33787.99302594013,23040.849730796603,21813.20848574117,27786.40461013516,38732.21967842793,12261.39861997048,34092.42452286462
2026-04-15 00:50:00+00:00,33777.99302594013,23040.849730796603,21813.20848574117,27786.40461013516,38722.21967842793,12261.39861997048,34082.42452286462
2026-04-15 00:55:00+00:00,33787.37867471803,23050.2353795745,21822.5706256661,27795.766750060095,38731.598901191916,12261.39861997048,34091.810171642515
2026-04-15 01:00:00+00:00,33796.791564700994,23050.2353795745,21822.5706256661,27795.766750060095,38740.99934402913,12270.799062807695,34101.22306162547
2026-04-15 01:05:00+00:00,33806.19088521992,23050.2353795745,21831.938793745445,27805.13491813944,38750.376924254306,12270.799062807695,34110.6223821444
2026-04-15 01:10:00+00:00,33796.19088521992,23040.2353795745,21831.938793745445,27795.13491813944,38740.376924254306,12270.799062807695,34100.6223821444
2026-04-15 01:15:00+00:00,33805.59188163845,23040.2353795745,21831.938793745445,27795.13491813944,38749.77812576202,12270.799062807695,34110.023378562924
2026-04-15 01:20:00+00:00,33814.96521238862,23049.608710324675,21841.320535859773,27804.516660253765,38759.15190737312,12270.799062807695,34119.39670931311
2026-04-15 01:25:00+00:00,33824.366652160716,23059.01015009677,21841.320535859773,27813.918100025858,38768.55369124143,12270.799062807695,34128.798149085196
2026-04-15 01:30:00+00:00,33833.78231209263,23059.01015009677,21841.320535859773,27813.918100025858,38777.949486061,12270.799062807695,34138.213809017114
2026-04-15 01:35:00+00:00,33843.1597559866,23059.01015009677,21850.68473137008,27823.282295536163,38787.324434053386,12270.799062807695,34147.59125291108
2026-04-15 01:40:00+00:00,33852.54626312867,23059.01015009677,21850.68473137008,27823.282295536163,38796.717155199905,12270.799062807695,34156.97776005315
2026-04-15 01:45:00+00:00,33842.54626312867,23049.01015009677,21850.68473137008,27813.282295536163,38786.717155199905,12270.799062807695,34146.97776005315
2026-04-15 01:50:00+00:00,33832.54626312867,23049.01015009677,21840.68473137008,27803.282295536163,38776.717155199905,12280.191639070032,34136.97776005315
2026-04-15 01:55:00+00:00,33841.9573264971,23049.01015009677,21840.68473137008,27803.282295536163,38766.717155199905,12280.191639070032,34146.38882342158
2026-04-15 02:00:00+00:00,33851.36582439145,23049.01015009677,21840.68473137008,27803.282295536163,38776.098268107045,12280.191639070032,34155.79732131593
2026-04-15 02:05:00+00:00,33860.769249622695,23049.01015009677,21840.68473137008,27803.282295536163,38785.49753138388,12280.191639070032,34165.200746547176
2026-04-15 02:10:00+00:00,33860.769249622695,23049.01015009677,21840.68473137008,27803.282295536163,38785.49753138388,12280.191639070032,34165.200746547176
2026-04-15 02:15:00+00:00,33870.184224750315,23049.01015009677,21840.68473137008,27803.282295536163,38775.49753138388,12280.191639070032,34174.615721674796
2026-04-15 02:20:00+00:00,33879.58063335697,23058.40655870342,21840.68473137008,27812.678704142818,38784.89668720027,12280.191639070032,34184.01213028145
2026-04-15 02:25:00+00:00,33888.968293044614,23067.794218391067,21850.065702665244,27822.059675437984,38794.276491001,12280.191639070032,34193.3997899691
2026-04-15 02:30:00+00:00,33898.324573759346,23077.150499105795,21859.408972328107,27831.402945100846,38803.62995009642,12280.191639070032,34202.75607068383
2026-04-15 02:35:00+00:00,33888.324573759346,23077.150499105795,21859.408972328107,27831.402945100846,38803.62995009642,12280.191639070032,34192.75607068383
2026-04-15 02:40:00+00:00,33897.71645848351,23086.542383829958,21868.789227029876,27840.78319980262,38813.02047334827,12280.191639070032,34202.14795540799
2026-04-15 02:45:00+00:00,33907.12583636887,23095.951761715318,21868.789227029876,27850.192577687976,38822.40591178945,12280.191639070032,34211.55733329335
2026-04-15 02:50:00+00:00,33916.528051146306,23095.951761715318,21868.789227029876,27850.192577687976,38831.80587999809,12280.191639070032,34220.959548070794
2026-04-15 02:55:00+00:00,33925.92506230841,23105.348772877416,21868.789227029876,27859.589588850075,38841.209962529276,12280.191639070032,34230.35655923289
2026-04-15 03:00:00+00:00,33935.32072979293,23114.744440361937,21868.789227029876,27868.985256334596,38850.60043251406,12280.191639070032,34239.752226717406
2026-04-15 03:05:00+00:00,33925.32072979293,23114.744440361937,21868.789227029876,27868.985256334596,38850.60043251406,12280.191639070032,34229.752226717406
2026-04-15 03:10:00+00:00,33915.32072979293,23114.744440361937,21868.789227029876,27868.985256334596,38850.60043251406,12280.191639070032,34219.752226717406
2026-04-15 03:15:00+00:00,33924.7244002958,23114.744440361937,21868.789227029876,27868.985256334596,38860.0041644795,12280.191639070032,34229.155897220284
2026-04-15 03:20:00+00:00,33914.7244002958,23104.744440361937,21868.789227029876,27858.985256334596,38869.40383519676,12280.191639070032,34219.155897220284
2026-04-15 03:25:00+00:00,33904.7244002958,23094.744440361937,21868.789227029876,27848.985256334596,38859.40383519676,12280.191639070032,34209.155897220284
2026-04-15 03:30:00+00:00,33894.7244002958,23094.744440361937,21868.789227029876,27848.985256334596,38868.80682221744,12289.589078395718,34199.155897220284
2026-04-15 03:35:00+00:00,33904.12211425076,23104.142154316894,21878.171024611474,27858.36705391619,38878.18707359383,12289.589078395718,34208.553611175244
2026-04-15 03:40:00+00:00,33904.12211425076,23104.142154316894,21878.171024611474,27858.36705391619,38878.18707359383,12289.589078395718,34208.553611175244
2026-04-15 03:45:00+00:00,33913.53135012543,23113.551390191566,21878.171024611474,27867.77628979086,38887.582802143894,12289.589078395718,34217.962847049916
2026-04-15 03:50:00+00:00,33913.53135012543,23122.958441150586,21878.171024611474,27867.77628979086,38896.98744260063,12289.589078395718,34227.36989800894
2026-04-15 03:55:00+00:00,33922.92385906259,23132.350950087748,21887.54360938335,27877.14887456274,38906.373887219816,12289.589078395718,34236.7624069461
2026-04-15 04:00:00+00:00,33932.325188734365,23132.350950087748,21896.920431374812,27886.525696554207,38915.75840147048,12289.589078395718,34246.16373661788
2026-04-15 04:05:00+00:00,33941.71725924256,23141.743020595946,21896.920431374812,27895.917767062405,38925.16016360323,12289.589078395718,34255.555807126075
2026-04-15 04:10:00+00:00,33941.71725924256,23141.743020595946,21896.920431374812,27895.917767062405,38925.16016360323,12289.589078395718,34255.555807126075
2026-04-15 04:15:00+00:00,33941.71725924256,23141.743020595946,21896.920431374812,27895.917767062405,38925.16016360323,12289.589078395718,34255.555807126075
2026-04-15 05:15:00+00:00,33951.067992612705,23141.743020595946,21906.26871062493,27905.26604631252,38934.51114819184,12289.589078395718,34264.90654049622
2026-04-15 05:20:00+00:00,33960.458372444264,23151.133400427498,21915.630965066208,27914.628300753797,38943.86946198558,12289.589078395718,34274.29692032776
2026-04-15 05:25:00+00:00,33969.852784302515,23160.527812285753,21925.000588326497,27923.99792401409,38953.252153481735,12289.589078395718,34283.69133218602
2026-04-15 06:20:00+00:00,33979.25781153851,23169.932839521753,21925.000588326497,27933.40295125009,38962.643628847516,12289.589078395718,34293.09635942202
2026-04-15 06:25:00+00:00,33988.658073518556,23179.333101501798,21925.000588326497,27942.803213230134,38972.043249985865,12289.589078395718,34302.49662140207
2026-04-15 06:30:00+00:00,33978.658073518556,23169.333101501798,21925.000588326497,27932.803213230134,38962.043249985865,12289.589078395718,34292.49662140207
2026-04-15 06:35:00+00:00,33968.658073518556,23169.333101501798,21925.000588326497,27932.803213230134,38971.44802964383,12289.589078395718,34282.49662140207
2026-04-15 06:40:00+00:00,33978.07133290986,23169.333101501798,21925.000588326497,27932.803213230134,38971.44802964383,12289.589078395718,34291.90988079336
2026-04-15 06:45:00+00:00,33987.48641433574,23169.333101501798,21925.000588326497,27932.803213230134,38980.847025774114,12289.589078395718,34301.32496221925
2026-04-15 06:50:00+00:00,33996.88852176326,23178.73520892932,21925.000588326497,27942.205320657657,38990.245384205366,12289.589078395718,34310.727069646775
2026-04-15 06:55:00+00:00,33996.88852176326,23188.136682458153,21925.000588326497,27942.205320657657,38999.64533657304,12289.589078395718,34320.12854317561
2026-04-15 07:00:00+00:00,33986.88852176326,23188.136682458153,21925.000588326497,27942.205320657657,39009.04255429478,12289.589078395718,34310.12854317561
2026-04-15 07:05:00+00:00,33996.27949103477,23197.527651729662,21934.39268019019,27951.597412521347,39018.42390943978,12289.589078395718,34319.51951244712
2026-04-15 07:10:00+00:00,34005.62804916463,23206.876209859518,21943.720397248915,27960.92512958007,39027.771750488,12289.589078395718,34328.86807057697
2026-04-15 07:15:00+00:00,34015.015912852505,23216.26407354739,21952.989808468003,27970.194540799162,39037.08019565289,12289.589078395718,34338.255934264846
2026-04-15 07:20:00+00:00,34024.42644331074,23216.26407354739,21952.989808468003,27970.194540799162,39046.483040149265,12279.589078395718,34347.66646472308
2026-04-15 07:25:00+00:00,34033.8226890677,23216.26407354739,21952.989808468003,27970.194540799162,39055.88706899406,12288.988619131607,34357.06271048004
2026-04-15 07:30:00+00:00,34043.23066983966,23216.26407354739,21952.989808468003,27970.194540799162,39065.288247445395,12288.988619131607,34366.47069125199
2026-04-15 07:35:00+00:00,34033.23066983966,23216.26407354739,21952.989808468003,27970.194540799162,39074.68366778994,12288.988619131607,34356.47069125199
2026-04-15 07:40:00+00:00,34042.63706213918,23216.26407354739,21952.989808468003,27970.194540799162,39084.07808912045,12288.988619131607,34365.87708355153
2026-04-15 07:45:00+00:00,34052.03324793104,23216.26407354739,21952.989808468003,27970.194540799162,39093.47787145634,12288.988619131607,34375.27326934338
2026-04-15 07:50:00+00:00,34061.414326696926,23225.64515231328,21962.36643880896,27979.57117114012,39102.851865904886,12288.988619131607,34384.65434810927
2026-04-15 07:55:00+00:00,34070.8122502171,23225.64515231328,21962.36643880896,27979.57117114012,39092.851865904886,12288.988619131607,34394.05227162945
2026-04-15 08:00:00+00:00,34080.208652180954,23225.64515231328,21962.36643880896,27979.57117114012,39092.851865904886,12288.988619131607,34403.448673593295
2026-04-15 08:05:00+00:00,34070.208652180954,23225.64515231328,21962.36643880896,27979.57117114012,39082.851865904886,12288.988619131607,34393.448673593295
2026-04-15 08:10:00+00:00,34079.62010952508,23225.64515231328,21962.36643880896,27979.57117114012,39092.25650800283,12288.988619131607,34402.86013093742
2026-04-15 08:15:00+00:00,34089.0273324774,23235.0523752656,21962.36643880896,27988.97839409244,39101.65404181671,12288.988619131607,34412.267353889736
2026-04-15 08:20:00+00:00,34098.421560680355,23244.44660346856,21962.36643880896,27998.372622295396,39111.04725488812,12288.988619131607,34421.661582092696
2026-04-15 08:25:00+00:00,34107.82672977487,23253.851772563074,21962.36643880896,28007.77779138991,39120.44534914459,12288.988619131607,34431.066751187216
2026-04-15 08:30:00+00:00,34117.23962642015,23243.851772563074,21962.36643880896,28007.77779138991,39129.823525020576,12288.988619131607,34440.4796478325
2026-04-15 08:35:00+00:00,34126.64569926654,23243.851772563074,21962.36643880896,28007.77779138991,39129.823525020576,12288.988619131607,34449.88572067888
2026-04-15 08:40:00+00:00,34116.64569926654,23243.851772563074,21962.36643880896,28007.77779138991,39119.823525020576,12288.988619131607,34439.88572067888
2026-04-15 08:45:00+00:00,34126.036259488625,23253.24233278516,21962.36643880896,28017.168351612,39129.21152496687,12288.988619131607,34449.27628090097
2026-04-15 08:50:00+00:00,34116.036259488625,23253.24233278516,21962.36643880896,28017.168351612,39138.6110466157,12288.988619131607,34439.27628090097
2026-04-15 08:55:00+00:00,34125.446767733185,23253.24233278516,21962.36643880896,28017.168351612,39148.01164554773,12288.988619131607,34448.686789145526
2026-04-15 09:00:00+00:00,34115.446767733185,23243.24233278516,21971.76106454576,28007.168351612,39157.40880778489,12298.385781368765,34438.686789145526
2026-04-15 09:05:00+00:00,34105.446767733185,23233.24233278516,21971.76106454576,27997.168351612,39166.79292317616,12298.385781368765,34428.686789145526
2026-04-15 09:10:00+00:00,34095.446767733185,23223.24233278516,21971.76106454576,27987.168351612,39156.79292317616,12307.779164024732,34418.686789145526
2026-04-15 09:15:00+00:00,34104.85636083067,23223.24233278516,21971.76106454576,27987.168351612,39166.19377321647,12307.779164024732,34428.096382243006
2026-04-15 09:20:00+00:00,34114.26245031778,23223.24233278516,21971.76106454576,27987.168351612,39166.19377321647,12307.779164024732,34437.50247173013
2026-04-15 09:25:00+00:00,34123.63964468865,23232.61952715603,21981.135890618385,27996.543177684624,39175.5621078423,12307.779164024732,34446.879666101
2026-04-15 09:30:00+00:00,34113.63964468865,23232.61952715603,21981.135890618385,27996.543177684624,39165.5621078423,12307.779164024732,34436.879666101
2026-04-15 09:40:00+00:00,34123.041569658584,23242.021452125962,21981.135890618385,28005.945102654558,39174.962549870965,12307.779164024732,34446.28159107093
2026-04-15 09:45:00+00:00,34113.041569658584,23242.021452125962,21981.135890618385,28005.945102654558,39184.36431787093,12307.779164024732,34436.28159107093
2026-04-15 09:50:00+00:00,34122.45015304361,23251.430035510984,21981.135890618385,28015.35368603958,39184.36431787093,12307.779164024732,34445.69017445595
2026-04-15 09:55:00+00:00,34131.863958718226,23260.843841185604,21981.135890618385,28024.7674917142,39193.76231671059,12307.779164024732,34455.103980130574
2026-04-15 10:00:00+00:00,34121.863958718226,23260.843841185604,21981.135890618385,28024.7674917142,39183.76231671059,12307.779164024732,34445.103980130574
2026-04-15 10:05:00+00:00,34131.24647045322,23270.226352920596,21990.47061965777,28034.102220753586,39193.1136605722,12307.779164024732,34454.48649186556
2026-04-15 10:10:00+00:00,34140.66096912656,23270.226352920596,21990.47061965777,28034.102220753586,39183.1136605722,12307.779164024732,34463.900990538896
2026-04-15 10:15:00+00:00,34150.06673282595,23270.226352920596,21999.846299942503,28043.477901038317,39192.504955558994,12307.779164024732,34473.30675423829
2026-04-15 10:20:00+00:00,34159.47633916314,23270.226352920596,21999.846299942503,28043.477901038317,39201.90716661422,12307.779164024732,34482.71636057549
2026-04-15 10:25:00+00:00,34168.87834542828,23279.62835918573,22009.22147409644,28052.85307519226,39211.29406370821,12307.779164024732,34492.11836684062
2026-04-15 10:30:00+00:00,34178.264903255025,23289.01491701247,22009.22147409644,28062.239633019006,39220.69257513838,12307.779164024732,34501.50492466737
2026-04-15 10:35:00+00:00,34187.680432759335,23289.01491701247,22009.22147409644,28062.239633019006,39220.69257513838,12307.779164024732,34510.920454171675
2026-04-15 10:40:00+00:00,34197.08636470704,23298.420848960173,22018.600900398887,28071.61905932145,39230.09740600638,12307.779164024732,34520.32638611937
2026-04-15 10:45:00+00:00,34206.43083989629,23307.765324149434,22027.96362281122,28080.981781733786,39239.436387482754,12307.779164024732,34529.67086130864
2026-04-15 10:50:00+00:00,34215.81441556211,23317.14889981525,22037.34302000363,28090.361178926192,39248.82522092694,12307.779164024732,34539.054436974446
2026-04-15 10:55:00+00:00,34225.20404114954,23317.14889981525,22037.34302000363,28090.361178926192,39258.22590053016,12307.779164024732,34548.44406256187
2026-04-15 11:00:00+00:00,34234.58476716236,23326.52962582807,22046.73395619642,28099.752115118983,39267.608174521585,12307.779164024732,34557.8247885747
2026-04-15 11:05:00+00:00,34224.58476716236,23316.52962582807,22046.73395619642,28089.752115118983,39276.99746792843,12307.779164024732,34547.8247885747
2026-04-15 11:10:00+00:00,34233.990017564065,23316.52962582807,22046.73395619642,28089.752115118983,39286.39332424039,12307.779164024732,34557.23003897641
2026-04-15 11:15:00+00:00,34243.39137802287,23316.52962582807,22046.73395619642,28089.752115118983,39295.778247154536,12307.779164024732,34566.63139943521
2026-04-15 11:20:00+00:00,34252.802912672516,23316.52962582807,22046.73395619642,28089.752115118983,39305.18159468753,12307.779164024732,34576.042934084864
2026-04-15 11:25:00+00:00,34242.802912672516,23306.52962582807,22046.73395619642,28079.752115118983,39295.18159468753,12307.779164024732,34566.042934084864
2026-04-15 11:30:00+00:00,34252.18929940062,23315.91601255617,22046.73395619642,28089.138501847083,39304.57074841255,12307.779164024732,34575.42932081296
2026-04-15 11:35:00+00:00,34261.57837494935,23325.3050881049,22056.126983679445,28098.53152933011,39313.95018578174,12307.779164024732,34584.81839636169
2026-04-15 11:40:00+00:00,34251.57837494935,23315.3050881049,22056.126983679445,28088.53152933011,39323.34867375631,12307.779164024732,34574.81839636169
2026-04-15 11:45:00+00:00,34241.57837494935,23315.3050881049,22065.49999110879,28088.53152933011,39332.75146968751,12307.779164024732,34564.81839636169
2026-04-15 11:50:00+00:00,34250.962333321804,23324.68904647736,22074.868343060196,28097.899881281515,39342.13010688447,12307.779164024732,34574.20235473415
2026-04-15 11:55:00+00:00,34260.36081485166,23334.08752800721,22074.868343060196,28107.298362811365,39351.52357293444,12307.779164024732,34583.600836264
2026-04-15 12:00:00+00:00,34269.75789790747,23334.08752800721,22074.868343060196,28107.298362811365,39360.90911734443,12307.779164024732,34592.99791931981
2026-04-15 12:05:00+00:00,34279.15312122559,23334.08752800721,22074.868343060196,28107.298362811365,39360.90911734443,12307.779164024732,34602.39314263793
2026-04-15 12:10:00+00:00,34288.53713023414,23334.08752800721,22074.868343060196,28107.298362811365,39370.307661713974,12307.779164024732,34611.777151646485
2026-04-15 12:15:00+00:00,34297.943435026245,23334.08752800721,22074.868343060196,28107.298362811365,39379.712328870795,12307.779164024732,34621.18345643859
2026-04-15 12:20:00+00:00,34307.34776823269,23343.491861213653,22074.868343060196,28116.70269601781,39389.11168517916,12307.779164024732,34630.58778964503
2026-04-15 12:25:00+00:00,34316.74238129984,23352.8864742808,22074.868343060196,28126.097309084955,39398.51417933812,12307.779164024732,34639.98240271218
2026-04-15 12:30:00+00:00,34326.14651656432,23352.8864742808,22074.868343060196,28126.097309084955,39407.918363346194,12307.779164024732,34649.386537976665
2026-04-15 12:35:00+00:00,34335.53319181673,23352.8864742808,22084.221261684797,28135.45022770956,39417.274963638716,12307.779164024732,34658.77321322907
2026-04-15 12:40:00+00:00,34344.903474597755,23352.8864742808,22093.56724472015,28144.79621074491,39426.63009031096,12307.779164024732,34668.143496010096
2026-04-15 12:45:00+00:00,34354.31263459787,23362.295634280912,22093.56724472015,28154.20537074502,39436.02727204301,12307.779164024732,34677.55265601021
2026-04-15 12:50:00+00:00,34363.70940347371,23362.295634280912,22093.56724472015,28154.20537074502,39445.42336257441,12307.779164024732,34686.94942488604
2026-04-15 12:55:00+00:00,34353.70940347371,23362.295634280912,22093.56724472015,28154.20537074502,39454.825096423025,12307.779164024732,34676.94942488604
2026-04-15 13:00:00+00:00,34363.10793720558,23371.694168012793,22102.941129029146,28163.579255054017,39464.211438443905,12307.779164024732,34686.347958617924
2026-04-15 13:05:00+00:00,34372.510786826555,23381.097017633765,22102.941129029146,28172.98210467499,39473.608481225005,12307.779164024732,34695.750808238896
2026-04-15 13:10:00+00:00,34381.90949502241,23381.097017633765,22102.941129029146,28172.98210467499,39483.00687473528,12307.779164024732,34705.14951643476
2026-04-15 13:15:00+00:00,34391.31879081471,23390.50631342606,22102.941129029146,28182.391400467284,39492.40867981757,12307.779164024732,34714.55881222705
2026-04-15 13:20:00+00:00,34381.31879081471,23390.50631342606,22102.941129029146,28182.391400467284,39501.81138236425,12307.779164024732,34704.55881222705
2026-04-15 13:25:00+00:00,34390.69013769945,23390.50631342606,22112.298007417747,28191.74827885589,39511.18269211368,12307.779164024732,34713.930159111784
2026-04-15 13:30:00+00:00,34399.99479648894,23399.810972215557,22121.590543515398,28201.04081495354,39520.49423830079,12307.779164024732,34723.23481790129
2026-04-15 13:35:00+00:00,34409.37840763651,23399.810972215557,22130.939422493462,28210.389693931604,39529.87786334564,12307.779164024732,34732.61842904886
2026-04-15 13:40:00+00:00,34418.74769167486,23409.180256253894,22140.273821354713,28219.724092792854,39539.22176966461,12307.779164024732,34741.98771308719
2026-04-15 13:45:00+00:00,34428.13774628025,23409.180256253894,22149.629440437187,28229.07971187533,39548.591498163485,12307.779164024732,34751.3777676926
2026-04-15 13:50:00+00:00,34437.547449601545,23409.180256253894,22159.015079131736,28238.46535056988,39557.966017947474,12307.779164024732,34760.787471013886
2026-04-15 13:55:00+00:00,34446.94089082232,23409.180256253894,22168.325320399526,28247.775591837668,39567.32269482194,12307.779164024732,34770.18091223466
2026-04-15 14:00:00+00:00,34456.30400643741,23409.180256253894,22177.6882052913,28257.138476729444,39576.720075979065,12307.779164024732,34779.544027849755
2026-04-15 14:05:00+00:00,34446.30400643741,23409.180256253894,22167.6882052913,28247.138476729444,39566.720075979065,12297.779164024732,34769.544027849755
2026-04-15 14:10:00+00:00,34455.69360852845,23409.180256253894,22177.07213792349,28256.522409361634,39576.091190992825,12297.779164024732,34778.93362994079
2026-04-15 14:15:00+00:00,34465.0585990245,23409.180256253894,22186.42056487032,28265.870836308466,39585.40512041618,12297.779164024732,34788.29862043685
2026-04-15 14:20:00+00:00,34474.40749532961,23418.529152558996,22195.74214295239,28275.19241439053,39594.74181362152,12297.779164024732,34797.64751674195
2026-04-15 14:25:00+00:00,34483.79789412108,23427.91955135047,22195.74214295239,28284.582813182005,39604.1296320021,12297.779164024732,34807.03791553342
2026-04-15 14:30:00+00:00,34493.198573265996,23427.91955135047,22205.112520506693,28293.953190736313,39613.516776038145,12297.779164024732,34816.43859467834
2026-04-15 14:35:00+00:00,34502.56648299731,23427.91955135047,22205.112520506693,28293.953190736313,39622.919565012824,12297.779164024732,34825.80650440966
2026-04-15 14:40:00+00:00,34492.56648299731,23427.91955135047,22205.112520506693,28293.953190736313,39632.307202056196,12297.779164024732,34815.80650440966
2026-04-15 14:45:00+00:00,34482.56648299731,23427.91955135047,22205.112520506693,28293.953190736313,39641.70748878248,12297.779164024732,34805.80650440966
2026-04-15 14:50:00+00:00,34472.56648299731,23427.91955135047,22205.112520506693,28293.953190736313,39651.106473141605,12297.779164024732,34795.80650440966
2026-04-15 14:55:00+00:00,34462.56648299731,23427.91955135047,22205.112520506693,28293.953190736313,39660.49757924681,12297.779164024732,34785.80650440966
2026-04-15 15:00:00+00:00,34452.56648299731,23427.91955135047,22195.112520506693,28283.953190736313,39650.49757924681,12297.779164024732,34775.80650440966
2026-04-15 15:05:00+00:00,34461.96358565051,23427.91955135047,22204.45923793948,28293.299908169098,39659.87374127974,12297.779164024732,34785.20360706285
2026-04-15 15:10:00+00:00,34471.37197735308,23427.91955135047,22204.45923793948,28293.299908169098,39669.2777706246,12307.174715515914,34794.611998765424
2026-04-15 15:15:00+00:00,34480.7542640334,23437.30183803079,22213.820433871006,28302.661104100625,39678.63571820236,12307.174715515914,34803.99428544574
2026-04-15 15:20:00+00:00,34470.7542640334,23437.30183803079,22213.820433871006,28302.661104100625,39687.94758129516,12307.174715515914,34793.99428544574
2026-04-15 15:25:00+00:00,34480.16609131551,23437.30183803079,22213.820433871006,28302.661104100625,39697.3458097703,12307.174715515914,34803.40611272785
2026-04-15 15:30:00+00:00,34489.43367208108,23437.30183803079,22223.08685740289,28311.92752763251,39706.61435605701,12307.174715515914,34812.673693493416
2026-04-15 15:35:00+00:00,34498.832066030685,23437.30183803079,22223.08685740289,28311.92752763251,39716.00229068866,12307.174715515914,34822.072087443026
2026-04-15 15:40:00+00:00,34508.1879819125,23446.6577539126,22232.437977843227,28321.278648072846,39725.3786211047,12307.174715515914,34831.428003324836
2026-04-15 15:45:00+00:00,34517.56820517717,23456.03797717728,22232.437977843227,28330.658871337524,39734.77595646755,12307.174715515914,34840.80822658952
2026-04-15 15:50:00+00:00,34507.56820517717,23446.03797717728,22232.437977843227,28320.658871337524,39724.77595646755,12316.572113397055,34830.80822658952
2026-04-15 15:55:00+00:00,34507.56820517717,23446.03797717728,22232.437977843227,28320.658871337524,39714.77595646755,12316.572113397055,34830.80822658952
2026-04-15 16:00:00+00:00,34516.96627713486,23446.03797717728,22241.818011843403,28330.038905337704,39724.14685520224,12325.977367863596,34840.2062985472
2026-04-15 16:05:00+00:00,34526.37219563351,23446.03797717728,22241.818011843403,28330.038905337704,39714.14685520224,12325.977367863596,34849.612217045855
2026-04-15 16:10:00+00:00,34535.78655095889,23446.03797717728,22241.818011843403,28330.038905337704,39704.14685520224,12315.977367863596,34859.02657237124
2026-04-15 16:15:00+00:00,34525.78655095889,23446.03797717728,22241.818011843403,28330.038905337704,39713.54710248644,12305.977367863596,34849.02657237124
2026-04-15 16:20:00+00:00,34535.178576474194,23446.03797717728,22241.818011843403,28330.038905337704,39722.93670716257,12305.977367863596,34858.41859788654
2026-04-15 16:25:00+00:00,34544.577944080826,23446.03797717728,22241.818011843403,28330.038905337704,39722.93670716257,12305.977367863596,34867.81796549316
2026-04-15 16:30:00+00:00,34553.98720441754,23446.03797717728,22241.818011843403,28330.038905337704,39732.32289783032,12305.977367863596,34877.22722582989
2026-04-15 16:35:00+00:00,34563.353208212546,23446.03797717728,22251.16518088333,28339.38607437763,39741.70597154274,12305.977367863596,34886.59322962488
2026-04-15 16:40:00+00:00,34572.7019290872,23455.386698051938,22260.526864383297,28348.747757877598,39751.08264988991,12305.977367863596,34895.941950499546
2026-04-15 16:45:00+00:00,34582.1107908382,23455.386698051938,22260.526864383297,28348.747757877598,39741.08264988991,12295.977367863596,34905.350812250545
2026-04-15 16:50:00+00:00,34591.50325041612,23464.779157629855,22269.898132320046,28358.119025814343,39750.45216754926,12295.977367863596,34914.743271828454
2026-04-15 16:55:00+00:00,34600.90597914076,23464.779157629855,22279.275644563586,28367.496538057883,39759.83858999782,12295.977367863596,34924.14600055311
2026-04-15 17:00:00+00:00,34610.29542434314,23464.779157629855,22279.275644563586,28367.496538057883,39769.227286227484,12295.977367863596,34933.53544575548
2026-04-15 17:05:00+00:00,34619.701087294234,23464.779157629855,22279.275644563586,28367.496538057883,39759.227286227484,12285.977367863596,34942.941108706575
2026-04-15 17:10:00+00:00,34619.701087294234,23464.779157629855,22279.275644563586,28367.496538057883,39768.63102802168,12285.977367863596,34942.941108706575
2026-04-15 17:15:00+00:00,34629.10533496077,23464.779157629855,22279.275644563586,28367.496538057883,39778.03532135009,12285.977367863596,34952.3453563731
2026-04-15 17:20:00+00:00,34638.51537876364,23464.779157629855,22279.275644563586,28367.496538057883,39787.43857554978,12285.977367863596,34961.75540017597
2026-04-15 17:25:00+00:00,34647.89444178783,23474.15822065405,22288.60610240115,28376.826995895448,39796.78821191118,12285.977367863596,34971.13446320017
2026-04-15 17:30:00+00:00,34637.89444178783,23474.15822065405,22288.60610240115,28376.826995895448,39806.181883900295,12275.977367863596,34961.13446320017
2026-04-15 17:35:00+00:00,34627.89444178783,23474.15822065405,22288.60610240115,28376.826995895448,39815.58200534807,12285.377489311373,34951.13446320017
2026-04-15 17:40:00+00:00,34637.28666562399,23483.550444490218,22297.985028846706,28386.205922341007,39824.95927665082,12285.377489311373,34960.52668703634
2026-04-15 17:45:00+00:00,34646.688038420725,23483.550444490218,22297.985028846706,28386.205922341007,39834.36008380106,12285.377489311373,34969.928059833066
2026-04-15 17:50:00+00:00,34656.07535349252,23492.937759562017,22307.363190350065,28395.584083844366,39843.739627564064,12285.377489311373,34979.315374904865
2026-04-15 17:55:00+00:00,34646.07535349252,23492.937759562017,22307.363190350065,28395.584083844366,39833.739627564064,12285.377489311373,34969.315374904865
2026-04-15 18:00:00+00:00,34655.47849648981,23492.937759562017,22316.746431202497,28404.967324696798,39843.12092049087,12294.780632308668,34978.71851790216
2026-04-15 18:05:00+00:00,34664.88234653858,23492.937759562017,22316.746431202497,28404.967324696798,39852.52481890976,12304.175510370573,34988.12236795093
2026-04-15 18:10:00+00:00,34674.29024403899,23492.937759562017,22316.746431202497,28404.967324696798,39861.92844529102,12304.175510370573,34997.530265451336
2026-04-15 18:15:00+00:00,34683.67893722911,23502.32645275214,22316.746431202497,28414.35601788692,39871.31642558673,12304.175510370573,35006.91895864146
2026-04-15 18:20:00+00:00,34673.67893722911,23502.32645275214,22316.746431202497,28414.35601788692,39880.71364364425,12304.175510370573,34996.91895864146
2026-04-15 18:25:00+00:00,34683.07328151465,23502.32645275214,22316.746431202497,28414.35601788692,39890.111045279045,12304.175510370573,35006.31330292699
2026-04-15 18:30:00+00:00,34692.47025963916,23511.723430876642,22326.12097535171,28423.730562036133,39899.51368570599,12304.175510370573,35015.71028105149
2026-04-15 18:35:00+00:00,34701.87479786821,23511.723430876642,22335.49878905766,28433.108375742082,39908.90784207153,12304.175510370573,35025.11481928054
2026-04-15 18:40:00+00:00,34691.87479786821,23511.723430876642,22335.49878905766,28433.108375742082,39918.310282327,12304.175510370573,35015.11481928054
2026-04-15 18:45:00+00:00,34701.27412961851,23511.723430876642,22335.49878905766,28433.108375742082,39927.712688948704,12304.175510370573,35024.51415103086
2026-04-15 18:50:00+00:00,34701.27412961851,23511.723430876642,22335.49878905766,28433.108375742082,39937.11355289324,12304.175510370573,35024.51415103086
2026-04-15 18:55:00+00:00,34710.689077310264,23511.723430876642,22335.49878905766,28433.108375742082,39946.511877795856,12304.175510370573,35033.92909872261
2026-04-15 19:00:00+00:00,34700.689077310264,23511.723430876642,22335.49878905766,28433.108375742082,39955.9100364583,12313.573669033016,35023.92909872261
2026-04-15 19:05:00+00:00,34710.06470085811,23511.723430876642,22344.865031393823,28442.47461807825,39965.28167486154,12313.573669033016,35033.30472227045
2026-04-15 19:25:00+00:00,34719.3933722518,23511.723430876642,22344.865031393823,28442.47461807825,39974.61083330794,12313.573669033016,35042.63339366414
2026-04-15 19:30:00+00:00,34728.75526679105,23511.723430876642,22354.21089785474,28451.820484539167,39983.959145659115,12313.573669033016,35051.99528820339
2026-04-15 19:35:00+00:00,34738.05301011178,23511.723430876642,22363.459257981696,28461.06884466612,39993.24030969973,12313.573669033016,35061.293031524125
2026-04-15 19:40:00+00:00,34747.444655044055,23511.723430876642,22372.841403131835,28470.450989816258,40002.62263958782,12313.573669033016,35070.684676456396
2026-04-15 19:45:00+00:00,34756.82099237104,23511.723430876642,22382.19822502753,28479.80781171195,40011.9858516568,12313.573669033016,35080.06101378337
2026-04-15 19:50:00+00:00,34766.19623334862,23521.09867185423,22382.19822502753,28489.18305268954,40021.364927098315,12313.573669033016,35089.43625476096
2026-04-15 19:55:00+00:00,34766.19623334862,23521.09867185423,22382.19822502753,28489.18305268954,40011.364927098315,12313.573669033016,35089.43625476096
2026-04-15 20:00:00+00:00,34775.55533660137,23530.457775106977,22391.525383285378,28498.510210947385,40020.71422059399,12313.573669033016,35098.79535801371
2026-04-15 20:05:00+00:00,34765.55533660137,23530.457775106977,22400.89943662679,28498.510210947385,40030.11225391894,12322.971702357967,35088.79535801371
2026-04-15 20:10:00+00:00,34774.93024174358,23539.832680249187,22410.25342164888,28507.864195969472,40039.489802870085,12322.971702357967,35098.17026315592
2026-04-15 20:15:00+00:00,34784.33003997931,23549.23247848492,22419.604162137657,28517.21493645825,40048.84952573674,12322.971702357967,35107.570061391656
2026-04-15 20:20:00+00:00,34793.73800708624,23549.23247848492,22419.604162137657,28517.21493645825,40058.25250653723,12322.971702357967,35116.978028498575
2026-04-15 20:25:00+00:00,34783.73800708624,23539.23247848492,22419.604162137657,28507.21493645825,40048.25250653723,12332.371023458607,35106.978028498575
2026-04-15 20:30:00+00:00,34773.73800708624,23539.23247848492,22409.604162137657,28497.21493645825,40038.25250653723,12332.371023458607,35096.978028498575
2026-04-15 20:35:00+00:00,34763.73800708624,23539.23247848492,22418.979520698354,28497.21493645825,40047.6503628607,12341.768879782081,35086.978028498575
2026-04-15 20:40:00+00:00,34773.145118069755,23539.23247848492,22418.979520698354,28497.21493645825,40057.04471313316,12351.173415073135,35096.385139482096
2026-04-15 20:45:00+00:00,34782.531756252065,23548.619116667232,22418.979520698354,28506.601574640565,40066.44067358249,12351.173415073135,35105.77177766441
2026-04-15 20:50:00+00:00,34791.936928024006,23548.619116667232,22418.979520698354,28506.601574640565,40075.839968602944,12351.173415073135,35115.176949436354
2026-04-15 20:55:00+00:00,34801.341985838946,23548.619116667232,22418.979520698354,28506.601574640565,40075.839968602944,12351.173415073135,35124.58200725129
2026-04-15 21:00:00+00:00,34810.71988077692,23557.9970116052,22428.371498976216,28515.993552918426,40085.22565337867,12351.173415073135,35133.95990218925
2026-04-15 21:05:00+00:00,34800.71988077692,23557.9970116052,22428.371498976216,28515.993552918426,40075.22565337867,12351.173415073135,35123.95990218925
2026-04-15 21:10:00+00:00,34790.71988077692,23557.9970116052,22428.371498976216,28515.993552918426,40075.22565337867,12351.173415073135,35113.95990218925
2026-04-15 21:15:00+00:00,34800.095662389096,23557.9970116052,22437.756271115813,28525.378325058027,40084.61736247444,12351.173415073135,35123.33568380144
2026-04-15 21:20:00+00:00,34809.50850428129,23557.9970116052,22437.756271115813,28525.378325058027,40084.61736247444,12351.173415073135,35132.748525693634
2026-04-15 21:25:00+00:00,34818.90853828691,23557.9970116052,22437.756271115813,28525.378325058027,40094.010927098556,12351.173415073135,35142.14855969926
2026-04-15 21:30:00+00:00,34828.312342919526,23567.405620505586,22437.756271115813,28534.782129690644,40103.405290983574,12351.173415073135,35151.552364331874
2026-04-15 21:35:00+00:00,34837.69900168289,23567.405620505586,22437.756271115813,28534.782129690644,40112.80473728459,12351.173415073135,35160.93902309523
2026-04-15 21:40:00+00:00,34847.09725166042,23567.405620505586,22437.756271115813,28534.782129690644,40122.198703932576,12360.571713872767,35170.337273072764
2026-04-15 21:45:00+00:00,34847.09725166042,23567.405620505586,22437.756271115813,28534.782129690644,40131.59572967292,12360.571713872767,35170.337273072764
2026-04-15 21:50:00+00:00,34856.48816933726,23576.796538182418,22437.756271115813,28544.173047367476,40140.98369102979,12360.571713872767,35179.72819074959
2026-04-15 21:55:00+00:00,34865.88182518345,23576.796538182418,22447.139834643163,28553.556610894826,40150.366857435016,12360.571713872767,35189.12184659579
2026-04-15 22:00:00+00:00,34875.26733415136,23586.19204505394,22456.49972363292,28562.916499884588,40159.73549580439,12360.571713872767,35198.50735556369
2026-04-15 22:05:00+00:00,34865.26733415136,23586.19204505394,22456.49972363292,28562.916499884588,40149.73549580439,12369.972543221269,35188.50735556369
2026-04-15 22:10:00+00:00,34874.6432510434,23586.19204505394,22465.8795038134,28572.296280065068,40159.11532868953,12369.972543221269,35197.88327245574
2026-04-15 22:15:00+00:00,34884.04751308352,23586.19204505394,22475.261089157197,28581.677865408863,40168.49550381155,12369.972543221269,35207.28753449586
2026-04-15 22:20:00+00:00,34893.41412489231,23595.558656862737,22484.626621848278,28591.043398099944,40177.851634788065,12369.972543221269,35216.65414630466
2026-04-15 22:25:00+00:00,34902.80529331582,23595.558656862737,22484.626621848278,28591.043398099944,40187.24061280658,12369.972543221269,35226.045314728166
2026-04-15 22:30:00+00:00,34892.80529331582,23595.558656862737,22484.626621848278,28591.043398099944,40177.24061280658,12369.972543221269,35216.045314728166
2026-04-15 22:35:00+00:00,34902.21044662493,23595.558656862737,22484.626621848278,28591.043398099944,40186.640449890554,12369.972543221269,35225.45046803728
2026-04-15 22:40:00+00:00,34911.5720460009,23604.920256238715,22493.957511273526,28600.374287525192,40195.985173507186,12369.972543221269,35234.81206741325
2026-04-15 22:45:00+00:00,34920.982169215094,23604.920256238715,22493.957511273526,28600.374287525192,40205.38770383908,12369.972543221269,35244.222190627435
2026-04-15 22:50:00+00:00,34930.381619329535,23604.920256238715,22493.957511273526,28600.374287525192,40214.79014810384,12369.972543221269,35253.621640741876
2026-04-15 22:55:00+00:00,34939.74066007737,23604.920256238715,22503.31178022637,28609.728556478036,40224.132310202986,12369.972543221269,35262.9806814897
2026-04-15 23:00:00+00:00,34949.09349238689,23614.273088548238,22512.624986030358,28619.041762282024,40233.46943464906,12369.972543221269,35272.333513799225
2026-04-15 23:05:00+00:00,34939.09349238689,23604.273088548238,22512.624986030358,28609.041762282024,40223.46943464906,12369.972543221269,35262.333513799225
2026-04-15 23:10:00+00:00,34929.09349238689,23604.273088548238,22512.624986030358,28609.041762282024,40232.87428160632,12369.972543221269,35252.333513799225
2026-04-15 23:15:00+00:00,34929.09349238689,23604.273088548238,22512.624986030358,28609.041762282024,40242.26346677402,12369.972543221269,35252.333513799225
2026-04-15 23:20:00+00:00,34919.09349238689,23604.273088548238,22512.624986030358,28609.041762282024,40251.65607147611,12369.972543221269,35242.333513799225
2026-04-15 23:25:00+00:00,34928.502386354085,23604.273088548238,22512.624986030358,28609.041762282024,40261.06063419506,12369.972543221269,35251.742407766425
2026-04-15 23:30:00+00:00,34937.91679248832,23604.273088548238,22512.624986030358,28609.041762282024,40270.44704830852,12369.972543221269,35261.156813900656
2026-04-15 23:35:00+00:00,34937.91679248832,23604.273088548238,22512.624986030358,28609.041762282024,40279.85167371802,12369.972543221269,35261.156813900656
2026-04-15 23:40:00+00:00,34927.91679248832,23604.273088548238,22512.624986030358,28609.041762282024,40289.25606998933,12369.972543221269,35251.156813900656
2026-04-15 23:45:00+00:00,34937.305015775055,23613.661311834978,22522.00205575164,28618.418832003306,40298.64188893919,12369.972543221269,35260.5450371874
2026-04-15 23:50:00+00:00,34946.67750184252,23623.033797902433,22531.379695502517,28627.796471754184,40308.02585579811,12369.972543221269,35269.91752325486
2026-04-15 23:55:00+00:00,34956.085489580495,23623.033797902433,22531.379695502517,28627.796471754184,40308.02585579811,12369.972543221269,35279.32551099284
2026-04-16 00:00:00+00:00,34965.49891490665,23623.033797902433,22531.379695502517,28627.796471754184,40317.43045674057,12369.972543221269,35288.738936319
2026-04-16 00:05:00+00:00,34955.49891490665,23623.033797902433,22531.379695502517,28627.796471754184,40307.43045674057,12369.972543221269,35278.738936319
2026-04-16 00:10:00+00:00,34964.910263865124,23623.033797902433,22531.379695502517,28627.796471754184,40297.43045674057,12369.972543221269,35288.150285277465
2026-04-16 00:15:00+00:00,34954.910263865124,23623.033797902433,22531.379695502517,28627.796471754184,40287.43045674057,12369.972543221269,35278.150285277465
2026-04-16 00:20:00+00:00,34964.29916265943,23632.422696696747,22531.379695502517,28637.185370548494,40296.82735342128,12369.972543221269,35287.53918407178
2026-04-16 00:25:00+00:00,34973.70776906372,23632.422696696747,22531.379695502517,28637.185370548494,40306.23196846031,12369.972543221269,35296.94779047607
2026-04-16 00:30:00+00:00,34983.05267514454,23641.76760277756,22540.706848628186,28646.512523674162,40315.55953776132,12369.972543221269,35306.29269655688
2026-04-16 00:35:00+00:00,34992.44756545835,23641.76760277756,22540.706848628186,28646.512523674162,40324.96075751001,12369.972543221269,35315.687586870685
2026-04-16 00:40:00+00:00,34982.44756545835,23631.76760277756,22540.706848628186,28636.512523674162,40314.96075751001,12369.972543221269,35305.687586870685
2026-04-16 00:45:00+00:00,34991.84724542537,23641.171160617367,22540.706848628186,28645.912203641186,40324.355175459306,12369.972543221269,35315.08726683771
2026-04-16 00:50:00+00:00,35001.2130994968,23650.537014688794,22550.054005520265,28655.259360533266,40333.71105962368,12369.972543221269,35324.453120909144
2026-04-16 00:55:00+00:00,35010.61624957274,23659.940164764732,22550.054005520265,28664.662510609203,40343.11404576892,12369.972543221269,35333.85627098508
2026-04-16 01:00:00+00:00,35019.970430466754,23669.294345658745,22559.383747817963,28673.9922529069,40352.449286934905,12369.972543221269,35343.21045187909
2026-04-16 01:05:00+00:00,35029.310555493765,23678.634470685756,22568.723580097907,28683.332085186845,40361.79728686079,12369.972543221269,35352.5505769061
2026-04-16 01:10:00+00:00,35038.720228211096,23678.634470685756,22568.723580097907,28683.332085186845,40371.19950861889,12369.972543221269,35361.96024962344
2026-04-16 01:15:00+00:00,35028.720228211096,23678.634470685756,22568.723580097907,28683.332085186845,40380.59622700687,12379.369261609252,35351.96024962344
2026-04-16 01:20:00+00:00,35018.720228211096,23678.634470685756,22568.723580097907,28683.332085186845,40370.59622700687,12379.369261609252,35341.96024962344
2026-04-16 01:25:00+00:00,35028.135461418206,23678.634470685756,22568.723580097907,28683.332085186845,40370.59622700687,12379.369261609252,35351.37548283054
2026-04-16 01:30:00+00:00,35037.55045223686,23678.634470685756,22568.723580097907,28683.332085186845,40379.98332763267,12379.369261609252,35360.7904736492
2026-04-16 01:35:00+00:00,35046.944388903554,23688.028407352453,22568.723580097907,28692.72602185354,40389.368615832704,12379.369261609252,35370.184410315895
2026-04-16 01:40:00+00:00,35056.34881700266,23688.028407352453,22568.723580097907,28692.72602185354,40398.76792086757,12379.369261609252,35379.588838415
2026-04-16 01:45:00+00:00,35046.34881700266,23688.028407352453,22568.723580097907,28692.72602185354,40388.76792086757,12379.369261609252,35369.588838415
2026-04-16 01:50:00+00:00,35055.74635899848,23697.425949348275,22568.723580097907,28702.123563849364,40398.1718479995,12379.369261609252,35378.986380410824
2026-04-16 01:55:00+00:00,35045.74635899848,23697.425949348275,22568.723580097907,28702.123563849364,40388.1718479995,12379.369261609252,35368.986380410824
2026-04-16 02:00:00+00:00,35055.132540679326,23706.812131029114,22568.723580097907,28711.509745530206,40397.56016966812,12379.369261609252,35378.37256209167
2026-04-16 02:05:00+00:00,35045.132540679326,23706.812131029114,22568.723580097907,28711.509745530206,40387.56016966812,12379.369261609252,35368.37256209167
2026-04-16 02:10:00+00:00,35054.516612416075,23706.812131029114,22578.0749524235,28720.8611178558,40396.93029749491,12379.369261609252,35377.75663382842
2026-04-16 02:15:00+00:00,35063.89743634632,23706.812131029114,22578.0749524235,28720.8611178558,40406.3300009705,12379.369261609252,35387.137457758654
2026-04-16 02:20:00+00:00,35073.2726403743,23716.187335057097,22587.442686464587,28730.22885189688,40415.693206272816,12379.369261609252,35396.51266178664
2026-04-16 02:25:00+00:00,35082.643306287035,23716.187335057097,22596.829856275275,28739.616021707574,40425.07164452391,12379.369261609252,35405.88332769938
2026-04-16 02:30:00+00:00,35092.01251489001,23725.556543660066,22606.177936154578,28748.964101586873,40434.42339133623,12379.369261609252,35415.252536302345
2026-04-16 02:35:00+00:00,35101.403394457644,23725.556543660066,22615.558715825195,28758.34488125749,40443.80398024028,12379.369261609252,35424.643415869985
2026-04-16 02:40:00+00:00,35110.79234604629,23734.945495248714,22624.904648461536,28767.690813893834,40453.187885244406,12379.369261609252,35434.03236745863
2026-04-16 02:45:00+00:00,35120.156264376004,23744.309413578427,22634.22568248913,28777.011847921425,40462.524059229414,12379.369261609252,35443.396285788345
2026-04-16 02:50:00+00:00,35129.55336399391,23753.70651319633,22643.5993753277,28786.38554076,40471.9070521714,12379.369261609252,35452.79338540626
2026-04-16 02:55:00+00:00,35119.55336399391,23753.70651319633,22643.5993753277,28786.38554076,40461.9070521714,12379.369261609252,35442.79338540626
2026-04-16 03:00:00+00:00,35128.93859568126,23753.70651319633,22643.5993753277,28786.38554076,40471.30822638181,12379.369261609252,35452.178617093596
2026-04-16 03:05:00+00:00,35118.93859568126,23743.70651319633,22633.5993753277,28776.38554076,40461.30822638181,12379.369261609252,35442.178617093596
2026-04-16 03:10:00+00:00,35128.33675611655,23743.70651319633,22633.5993753277,28776.38554076,40470.71103568908,12379.369261609252,35451.576777528884
2026-04-16 03:15:00+00:00,35137.72809863277,23743.70651319633,22642.99026486278,28785.776430295078,40480.09811130775,12379.369261609252,35460.96812004511
2026-04-16 03:20:00+00:00,35147.12815890195,23753.106573465513,22642.99026486278,28795.176490564256,40489.49185702305,12379.369261609252,35470.36818031428
2026-04-16 03:25:00+00:00,35156.53444087178,23753.106573465513,22642.99026486278,28795.176490564256,40498.89074105864,12388.764049878626,35479.77446228413
2026-04-16 03:30:00+00:00,35146.53444087178,23753.106573465513,22642.99026486278,28795.176490564256,40508.293820806626,12388.764049878626,35469.77446228413
2026-04-16 03:35:00+00:00,35155.94615133595,23753.106573465513,22642.99026486278,28795.176490564256,40517.69437894344,12388.764049878626,35479.18617274829
2026-04-16 03:40:00+00:00,35145.94615133595,23753.106573465513,22642.99026486278,28795.176490564256,40517.69437894344,12388.764049878626,35469.18617274829
2026-04-16 03:45:00+00:00,35145.94615133595,23753.106573465513,22642.99026486278,28795.176490564256,40527.09624167657,12388.764049878626,35469.18617274829
2026-04-16 03:50:00+00:00,35135.94615133595,23753.106573465513,22642.99026486278,28795.176490564256,40517.09624167657,12388.764049878626,35459.18617274829
2026-04-16 03:55:00+00:00,35145.350658907795,23762.51108103736,22642.99026486278,28804.5809981361,40526.4980053421,12388.764049878626,35468.590680320136
2026-04-16 04:00:00+00:00,35135.350658907795,23762.51108103736,22642.99026486278,28804.5809981361,40535.898338536215,12388.764049878626,35458.590680320136
2026-04-16 04:05:00+00:00,35144.73228809893,23771.89271022849,22652.342105975018,28813.93283924834,40545.25532120638,12388.764049878626,35467.97230951127
2026-04-16 04:10:00+00:00,35154.117088950254,23781.277511079817,22652.342105975018,28823.317640099667,40554.632941124204,12388.764049878626,35477.3571103626
2026-04-16 04:15:00+00:00,35163.518925985576,23781.277511079817,22652.342105975018,28823.317640099667,40564.03484181006,12398.161546730875,35486.75894739792
2026-04-16 04:20:00+00:00,35172.92980063878,23781.277511079817,22652.342105975018,28823.317640099667,40573.4396398136,12398.161546730875,35496.16982205113
2026-04-16 04:25:00+00:00,35182.33423979066,23781.277511079817,22652.342105975018,28823.317640099667,40582.83782812559,12398.161546730875,35505.574261203
2026-04-16 04:30:00+00:00,35172.33423979066,23781.277511079817,22652.342105975018,28823.317640099667,40572.83782812559,12398.161546730875,35495.574261203
2026-04-16 04:35:00+00:00,35181.73403541144,23790.685230249524,22652.342105975018,28832.717435720453,40582.22865855854,12398.161546730875,35504.97405682379
2026-04-16 04:40:00+00:00,35191.14357269925,23790.685230249524,22661.69926548956,28842.074595234993,40591.62218775418,12398.161546730875,35514.3835941116
2026-04-16 04:45:00+00:00,35200.50705634944,23790.685230249524,22671.009683629054,28851.38501337449,40601.01574378333,12398.161546730875,35523.74707776178
2026-04-16 04:50:00+00:00,35209.85699185181,23790.685230249524,22680.390851053722,28860.734948876863,40610.39905383895,12398.161546730875,35533.09701326415
2026-04-16 04:55:00+00:00,35219.25991261829,23790.685230249524,22680.390851053722,28860.734948876863,40619.80098990964,12398.161546730875,35542.49993403063
2026-04-16 05:00:00+00:00,35228.654617224776,23800.079934856007,22680.390851053722,28870.129653483345,40629.19908987138,12407.565744315863,35551.89463863711
2026-04-16 05:05:00+00:00,35238.05056302565,23800.079934856007,22680.390851053722,28870.129653483345,40638.593859365195,12407.565744315863,35561.290584438
2026-04-16 05:10:00+00:00,35228.05056302565,23800.079934856007,22680.390851053722,28870.129653483345,40628.593859365195,12407.565744315863,35551.290584438
2026-04-16 05:15:00+00:00,35237.44368223351,23809.473054063863,22680.390851053722,28879.5227726912,40637.985303179536,12407.565744315863,35560.68370364585
2026-04-16 05:20:00+00:00,35246.84047172699,23809.473054063863,22680.390851053722,28879.5227726912,40647.38643924547,12407.565744315863,35570.080493139336
2026-04-16 05:25:00+00:00,35256.24103521236,23809.473054063863,22680.390851053722,28879.5227726912,40656.78179333088,12407.565744315863,35579.4810566247
2026-04-16 05:30:00+00:00,35246.24103521236,23809.473054063863,22680.390851053722,28879.5227726912,40666.181969720834,12407.565744315863,35569.4810566247
2026-04-16 05:35:00+00:00,35236.24103521236,23799.473054063863,22680.390851053722,28869.5227726912,40656.181969720834,12397.565744315863,35559.4810566247
2026-04-16 05:40:00+00:00,35245.63750815413,23808.869527005627,22689.764831336244,28878.896752973727,40665.57575248908,12397.565744315863,35568.87752956647
2026-04-16 05:45:00+00:00,35235.63750815413,23808.869527005627,22689.764831336244,28878.896752973727,40665.57575248908,12397.565744315863,35558.87752956647
2026-04-16 05:50:00+00:00,35245.04762102006,23808.869527005627,22689.764831336244,28878.896752973727,40674.9783803208,12397.565744315863,35568.287642432406
2026-04-16 05:55:00+00:00,35254.44595603978,23808.869527005627,22689.764831336244,28878.896752973727,40684.37683229541,12397.565744315863,35577.68597745213
2026-04-16 06:00:00+00:00,35244.44595603978,23798.869527005627,22689.764831336244,28868.896752973727,40674.37683229541,12397.565744315863,35567.68597745213
2026-04-16 06:05:00+00:00,35253.84471056346,23808.2682815293,22689.764831336244,28878.295507497405,40683.78054934523,12397.565744315863,35577.0847319758
2026-04-16 06:10:00+00:00,35263.247004119345,23817.670575085187,22689.764831336244,28887.697801053288,40693.178622281426,12397.565744315863,35586.487025531686
2026-04-16 06:15:00+00:00,35272.6446258192,23817.670575085187,22689.764831336244,28887.697801053288,40702.571573819965,12397.565744315863,35595.884647231534
2026-04-16 06:20:00+00:00,35282.034782247625,23827.065899505236,22689.764831336244,28897.087957481715,40711.963198338155,12397.565744315863,35605.274803659966
2026-04-16 06:25:00+00:00,35272.034782247625,23827.065899505236,22689.764831336244,28897.087957481715,40711.963198338155,12397.565744315863,35595.274803659966
2026-04-16 06:30:00+00:00,35281.443684187965,23836.47480144558,22689.764831336244,28906.49685942206,40721.35629720306,12397.565744315863,35604.68370560031
2026-04-16 06:35:00+00:00,35290.855698248764,23845.886815506376,22689.764831336244,28915.908873482855,40730.75235033963,12397.565744315863,35614.095719661105
2026-04-16 06:40:00+00:00,35300.21276340888,23855.243880666498,22699.13951449041,28925.283556637016,40740.13020623516,12397.565744315863,35623.45278482123
2026-04-16 06:45:00+00:00,35290.21276340888,23845.243880666498,22699.13951449041,28915.283556637016,40730.13020623516,12406.954347437582,35613.45278482123
2026-04-16 06:50:00+00:00,35280.21276340888,23845.243880666498,22699.13951449041,28915.283556637016,40720.13020623516,12406.954347437582,35603.45278482123
2026-04-16 07:10:00+00:00,35289.602470001075,23854.633587258686,22708.527383699053,28924.67142584566,40729.50393210376,12406.954347437582,35612.84249141342
2026-04-16 07:15:00+00:00,35279.602470001075,23854.633587258686,22708.527383699053,28924.67142584566,40738.90810913725,12406.954347437582,35602.84249141342
2026-04-16 07:20:00+00:00,35289.01470630492,23864.045823562534,22708.527383699053,28934.083662149504,40738.90810913725,12406.954347437582,35612.25472771726
2026-04-16 07:25:00+00:00,35298.41855334454,23873.449670602145,22708.527383699053,28943.48750918912,40748.30533895341,12406.954347437582,35621.658574756875
2026-04-16 07:30:00+00:00,35307.8212337293,23882.85235098691,22708.527383699053,28952.89018957388,40757.70035060619,12406.954347437582,35631.06125514164
2026-04-16 07:35:00+00:00,35317.22807788424,23892.25919514185,22708.527383699053,28962.297033728824,40767.10252184203,12406.954347437582,35640.46809929659
2026-04-16 07:40:00+00:00,35326.6326921764,23892.25919514185,22708.527383699053,28962.297033728824,40776.50081792954,12406.954347437582,35649.87271358874
2026-04-16 07:45:00+00:00,35335.99832010669,23901.624823072154,22717.884727595716,28971.654377625488,40785.862068218004,12406.954347437582,35659.23834151904
2026-04-16 07:50:00+00:00,35345.40800140308,23901.624823072154,22717.884727595716,28971.654377625488,40795.24140053411,12406.954347437582,35668.64802281542
2026-04-16 07:55:00+00:00,35354.80811163057,23911.024933299643,22717.884727595716,28981.054487852976,40804.64386659512,12406.954347437582,35678.0481330429
2026-04-16 08:00:00+00:00,35344.80811163057,23901.024933299643,22717.884727595716,28971.054487852976,40814.04528580793,12416.355766650391,35668.0481330429
2026-04-16 08:05:00+00:00,35354.21213617632,23901.024933299643,22717.884727595716,28971.054487852976,40823.44639889479,12425.758936774737,35677.45215758866
2026-04-16 08:10:00+00:00,35344.21213617632,23901.024933299643,22717.884727595716,28971.054487852976,40813.44639889479,12425.758936774737,35667.45215758866
2026-04-16 08:15:00+00:00,35353.590104048504,23901.024933299643,22727.261337773765,28980.43109803103,40822.82435660061,12425.758936774737,35676.83012546085
2026-04-16 08:20:00+00:00,35362.97328551761,23910.408114768747,22736.636844318127,28989.80660457539,40832.199317977604,12425.758936774737,35686.21330692995
2026-04-16 08:25:00+00:00,35352.97328551761,23900.408114768747,22736.636844318127,28979.80660457539,40822.199317977604,12425.758936774737,35676.21330692995
2026-04-16 08:30:00+00:00,35362.38675919273,23900.408114768747,22736.636844318127,28979.80660457539,40831.58632948541,12425.758936774737,35685.62678060507
2026-04-16 08:35:00+00:00,35371.784099243305,23909.805454819332,22736.636844318127,28989.203944625973,40840.9841855,12425.758936774737,35695.02412065565
2026-04-16 08:40:00+00:00,35361.784099243305,23899.805454819332,22726.636844318127,28979.203944625973,40830.9841855,12425.758936774737,35685.02412065565
2026-04-16 08:45:00+00:00,35371.18335458705,23909.204710163067,22726.636844318127,28988.603199969708,40840.371037368954,12425.758936774737,35694.42337599938
2026-04-16 08:50:00+00:00,35380.578325435206,23918.59968101123,22726.636844318127,28997.99817081787,40849.76242328758,12425.758936774737,35703.81834684755
2026-04-16 08:55:00+00:00,35370.578325435206,23918.59968101123,22726.636844318127,28997.99817081787,40859.16095062878,12425.758936774737,35693.81834684755
2026-04-16 09:00:00+00:00,35360.578325435206,23908.59968101123,22726.636844318127,28987.99817081787,40868.56078786435,12435.1587740103,35683.81834684755
2026-04-16 09:05:00+00:00,35369.97475800448,23908.59968101123,22726.636844318127,28987.99817081787,40877.94672607416,12435.1587740103,35693.21477941683
2026-04-16 09:10:00+00:00,35379.385256321395,23908.59968101123,22726.636844318127,28987.99817081787,40887.341746304315,12435.1587740103,35702.625277733736
2026-04-16 09:15:00+00:00,35388.77574961644,23908.59968101123,22726.636844318127,28987.99817081787,40896.72966818084,12435.1587740103,35712.01577102878
2026-04-16 09:20:00+00:00,35398.18537874275,23908.59968101123,22726.636844318127,28987.99817081787,40906.13210797788,12435.1587740103,35721.425400155094
2026-04-16 09:25:00+00:00,35407.589044933615,23908.59968101123,22726.636844318127,28987.99817081787,40915.53577416875,12435.1587740103,35730.82906634596
2026-04-16 09:30:00+00:00,35416.998573009696,23908.59968101123,22726.636844318127,28987.99817081787,40924.93371413223,12435.1587740103,35740.23859442204
2026-04-16 09:35:00+00:00,35426.40999506599,23908.59968101123,22726.636844318127,28987.99817081787,40934.33855814772,12435.1587740103,35749.65001647833
2026-04-16 09:40:00+00:00,35435.81034722952,23918.000033174765,22726.636844318127,28997.398522981402,40943.73869790233,12435.1587740103,35759.05036864186
2026-04-16 09:45:00+00:00,35425.81034722952,23908.000033174765,22726.636844318127,28987.398522981402,40953.136941724755,12435.1587740103,35749.05036864186
2026-04-16 09:50:00+00:00,35435.221876086114,23908.000033174765,22726.636844318127,28987.398522981402,40962.540540775124,12435.1587740103,35758.46189749845
2026-04-16 09:55:00+00:00,35444.63415826827,23908.000033174765,22726.636844318127,28987.398522981402,40971.94551744289,12435.1587740103,35767.87417968061
2026-04-16 10:00:00+00:00,35434.63415826827,23908.000033174765,22726.636844318127,28987.398522981402,40961.94551744289,12435.1587740103,35757.87417968061
2026-04-16 10:05:00+00:00,35444.01262538938,23908.000033174765,22736.027044378425,28996.7887230417,40971.33490199265,12435.1587740103,35767.252646801724
2026-04-16 10:10:00+00:00,35453.4007392761,23908.000033174765,22745.393989428067,29006.15566809134,40980.705851823775,12435.1587740103,35776.64076068843
2026-04-16 10:15:00+00:00,35462.796336329,23908.000033174765,22745.393989428067,29006.15566809134,40970.705851823775,12425.1587740103,35786.03635774134
2026-04-16 10:20:00+00:00,35472.18483764354,23917.391425635873,22754.777406125504,29015.53908478878,40980.09396518553,12425.1587740103,35795.42485905587
2026-04-16 10:25:00+00:00,35472.18483764354,23917.391425635873,22754.777406125504,29015.53908478878,40989.495483374456,12425.1587740103,35795.42485905587
2026-04-16 10:30:00+00:00,35481.599115016754,23917.391425635873,22754.777406125504,29015.53908478878,40989.495483374456,12425.1587740103,35804.83913642909
2026-04-16 10:35:00+00:00,35490.99520840818,23926.787519027304,22754.777406125504,29024.93517818021,40998.89160578753,12425.1587740103,35814.23522982052
2026-04-16 10:40:00+00:00,35500.39249675957,23936.18480737869,22754.777406125504,29034.332466531596,41008.27722869484,12425.1587740103,35823.63251817191
2026-04-16 10:45:00+00:00,35509.799726693425,23945.592037312545,22754.777406125504,29043.73969646545,41017.67787800666,12425.1587740103,35833.03974810576
2026-04-16 10:50:00+00:00,35519.19381953901,23945.592037312545,22754.777406125504,29043.73969646545,41027.07181091263,12425.1587740103,35842.43384095136
2026-04-16 10:55:00+00:00,35509.19381953901,23935.592037312545,22754.777406125504,29033.73969646545,41036.470935593235,12425.1587740103,35832.43384095136
2026-04-16 11:00:00+00:00,35499.19381953901,23935.592037312545,22754.777406125504,29033.73969646545,41045.86687323988,12425.1587740103,35822.43384095136
2026-04-16 11:05:00+00:00,35508.59212742355,23935.592037312545,22754.777406125504,29033.73969646545,41055.26096980463,12425.1587740103,35831.83214883589
2026-04-16 11:10:00+00:00,35517.996531673576,23944.996441562573,22754.777406125504,29043.144100715475,41064.66072813707,12425.1587740103,35841.23655308592
2026-04-16 11:15:00+00:00,35527.40826532176,23944.996441562573,22754.777406125504,29043.144100715475,41064.66072813707,12425.1587740103,35850.6482867341
2026-04-16 11:20:00+00:00,35536.81449156052,23944.996441562573,22754.777406125504,29043.144100715475,41074.06436197,12425.1587740103,35860.05451297287
2026-04-16 11:25:00+00:00,35546.22143067287,23954.40697885753,22754.777406125504,29052.551039827817,41083.45883453396,12425.1587740103,35869.461452085205
2026-04-16 11:30:00+00:00,35536.22143067287,23954.40697885753,22754.777406125504,29052.551039827817,41073.45883453396,12425.1587740103,35859.461452085205
2026-04-16 11:35:00+00:00,35545.625579983454,23954.40697885753,22754.777406125504,29052.551039827817,41082.85099130217,12425.1587740103,35868.865601395795
2026-04-16 11:40:00+00:00,35535.625579983454,23954.40697885753,22754.777406125504,29052.551039827817,41092.24802567536,12425.1587740103,35858.865601395795
2026-04-16 11:45:00+00:00,35545.03797817955,23954.40697885753,22754.777406125504,29052.551039827817,41101.64931459856,12425.1587740103,35868.27799959188
2026-04-16 11:50:00+00:00,35554.423657461564,23954.40697885753,22754.777406125504,29052.551039827817,41111.051989573694,12425.1587740103,35877.66367887391
2026-04-16 11:55:00+00:00,35544.423657461564,23954.40697885753,22754.777406125504,29052.551039827817,41120.4530584735,12425.1587740103,35867.66367887391
2026-04-16 12:00:00+00:00,35553.7996079522,23954.40697885753,22764.111356587062,29061.884990289378,41129.79560932149,12425.1587740103,35877.039629364546
2026-04-16 12:05:00+00:00,35563.185225645095,23963.792596550426,22773.48202216897,29071.255655871282,41139.17219568925,12425.1587740103,35886.42524705744
2026-04-16 12:10:00+00:00,35572.560200520005,23963.792596550426,22782.847750318146,29080.62138402046,41148.532779672765,12425.1587740103,35895.80022193235
2026-04-16 12:15:00+00:00,35581.96841365044,23973.200809680857,22782.847750318146,29090.02959715089,41138.532779672765,12415.1587740103,35905.208435062785
2026-04-16 12:20:00+00:00,35591.37400884387,23973.200809680857,22782.847750318146,29090.02959715089,41147.92998416972,12415.1587740103,35914.61403025621
2026-04-16 12:25:00+00:00,35600.77591173617,23973.200809680857,22782.847750318146,29090.02959715089,41147.92998416972,12415.1587740103,35924.01593314852
2026-04-16 12:30:00+00:00,35610.18870887732,23963.200809680857,22782.847750318146,29090.02959715089,41137.92998416972,12415.1587740103,35933.42873028966
2026-04-16 12:35:00+00:00,35619.59381438428,23972.605915187807,22782.847750318146,29099.434702657843,41147.33390508335,12415.1587740103,35942.83383579661
2026-04-16 12:40:00+00:00,35609.59381438428,23962.605915187807,22782.847750318146,29089.434702657843,41137.33390508335,12415.1587740103,35932.83383579661
2026-04-16 12:45:00+00:00,35618.988482642606,23972.00058344614,22782.847750318146,29098.829370916174,41146.72305362034,12415.1587740103,35942.22850405495
2026-04-16 12:50:00+00:00,35608.988482642606,23972.00058344614,22782.847750318146,29098.829370916174,41136.72305362034,12415.1587740103,35932.22850405495
2026-04-16 12:55:00+00:00,35618.38758297026,23972.00058344614,22782.847750318146,29098.829370916174,41146.12396958393,12415.1587740103,35941.62760438259
2026-04-16 13:00:00+00:00,35627.79191179983,23981.404912275717,22782.847750318146,29108.23369974575,41155.52506264787,12424.563213058529,35951.03193321217
2026-04-16 13:05:00+00:00,35637.18422918489,23981.404912275717,22792.208295788078,29117.59424521568,41164.903795342514,12424.563213058529,35960.42425059723
2026-04-16 13:10:00+00:00,35646.59756291733,23981.404912275717,22792.208295788078,29117.59424521568,41174.30719364552,12424.563213058529,35969.83758432967
2026-04-16 13:15:00+00:00,35636.59756291733,23981.404912275717,22792.208295788078,29117.59424521568,41183.70382607142,12424.563213058529,35959.83758432967
2026-04-16 13:20:00+00:00,35646.006351039934,23981.404912275717,22792.208295788078,29117.59424521568,41193.10815555304,12424.563213058529,35969.246372452275
2026-04-16 13:25:00+00:00,35655.4195446981,23981.404912275717,22792.208295788078,29117.59424521568,41202.51277904345,12424.563213058529,35978.65956611044
2026-04-16 13:30:00+00:00,35664.755640548035,23981.404912275717,22801.563185612373,29126.949135039977,41211.85747697514,12424.563213058529,35987.995661960376
2026-04-16 13:35:00+00:00,35674.11816188871,23990.767433616395,22810.925581248797,29136.3115306764,41221.226296108405,12424.563213058529,35997.358183301054
2026-04-16 13:40:00+00:00,35683.491539258306,23990.767433616395,22820.283215347306,29145.66916477491,41230.58182351287,12433.965257111133,36006.73156067064
2026-04-16 13:45:00+00:00,35692.867918275224,23990.767433616395,22829.625293521778,29155.011242949382,41239.932366557085,12433.965257111133,36016.10793968756
2026-04-16 13:50:00+00:00,35702.20821501339,23990.767433616395,22838.732888828123,29164.118838255727,41249.128194672216,12433.965257111133,36025.44823642573
2026-04-16 13:55:00+00:00,35711.49376039392,24000.05297899693,22848.01254974364,29173.39849917124,41258.43273643534,12433.965257111133,36034.733781806266
2026-04-16 14:00:00+00:00,35720.83872184959,24000.05297899693,22857.356640638263,29182.742590065864,41267.81932434422,12433.965257111133,36044.07874326193
2026-04-16 14:05:00+00:00,35730.21518809435,24000.05297899693,22866.70077735011,29192.08672677771,41277.174535791826,12443.368863662758,36053.45520950669
2026-04-16 14:10:00+00:00,35739.60226628723,24000.05297899693,22866.70077735011,29192.08672677771,41286.576510197265,12443.368863662758,36062.842287699576
2026-04-16 14:15:00+00:00,35748.98706805492,24000.05297899693,22875.9788932672,29201.3648426948,41295.918086402,12443.368863662758,36072.22708946727
2026-04-16 14:20:00+00:00,35758.36553797903,24000.05297899693,22885.360161257475,29210.74611068507,41305.303606044174,12452.769296156986,36081.60555939137
2026-04-16 14:25:00+00:00,35767.77638909359,24000.05297899693,22885.360161257475,29210.74611068507,41314.705039969966,12442.769296156986,36091.01641050594
2026-04-16 14:30:00+00:00,35777.16122152248,24000.05297899693,22894.742281040082,29220.12823046768,41324.0927261379,12442.769296156986,36100.40124293482
2026-04-16 14:35:00+00:00,35767.16122152248,24000.05297899693,22894.742281040082,29220.12823046768,41314.0927261379,12442.769296156986,36090.40124293482
2026-04-16 14:40:00+00:00,35757.16122152248,24000.05297899693,22894.742281040082,29220.12823046768,41323.49507685988,12452.169827089507,36080.40124293482
2026-04-16 14:45:00+00:00,35766.56511553055,24000.05297899693,22894.742281040082,29220.12823046768,41332.899050346285,12452.169827089507,36089.80513694289
2026-04-16 14:50:00+00:00,35756.56511553055,24000.05297899693,22894.742281040082,29220.12823046768,41342.29883352289,12461.57039196314,36079.80513694289
2026-04-16 14:55:00+00:00,35765.942386033435,24000.05297899693,22904.087739002403,29229.473688429996,41351.67391380115,12461.57039196314,36089.182407445776
2026-04-16 15:00:00+00:00,35775.33875778363,24000.05297899693,22904.087739002403,29229.473688429996,41341.67391380115,12451.57039196314,36098.578779195974
2026-04-16 15:05:00+00:00,35784.74197802007,24000.05297899693,22904.087739002403,29229.473688429996,41351.07707414577,12451.57039196314,36107.981999432406
2026-04-16 15:10:00+00:00,35774.74197802007,24000.05297899693,22904.087739002403,29229.473688429996,41341.07707414577,12441.57039196314,36097.981999432406
2026-04-16 15:15:00+00:00,35784.12191710326,24009.43291808012,22913.4735679047,29238.859517332297,41350.45348569848,12441.57039196314,36107.3619385156
2026-04-16 15:20:00+00:00,35793.4850529253,24018.796053902166,22922.848876854172,29248.23482628177,41359.83019267839,12441.57039196314,36116.72507433765
2026-04-16 15:25:00+00:00,35802.889730378505,24018.796053902166,22922.848876854172,29248.23482628177,41369.232003012075,12441.57039196314,36126.12975179085
2026-04-16 15:30:00+00:00,35812.283147024675,24028.18947054833,22922.848876854172,29257.62824292793,41378.6309882404,12441.57039196314,36135.52316843701
2026-04-16 16:35:00+00:00,35821.630679904025,24028.18947054833,22932.189992190884,29266.969358264647,41387.973536364145,12441.57039196314,36144.870701316366
2026-04-16 16:40:00+00:00,35831.01277379258,24037.571564436883,22932.189992190884,29276.351452153198,41397.36043887137,12441.57039196314,36154.25279520491
2026-04-16 16:45:00+00:00,35821.01277379258,24037.571564436883,22932.189992190884,29276.351452153198,41387.36043887137,12431.57039196314,36144.25279520491
2026-04-16 16:50:00+00:00,35811.01277379258,24037.571564436883,22941.508553057014,29276.351452153198,41396.7622089815,12440.972162073263,36134.25279520491
2026-04-16 16:55:00+00:00,35820.40569570038,24037.571564436883,22950.893766310764,29285.73666540695,41406.14991773528,12440.972162073263,36143.64571711272
2026-04-16 17:00:00+00:00,35829.80679282631,24037.571564436883,22960.26094826585,29295.103847362036,41415.53322905468,12440.972162073263,36153.04681423865
2026-04-16 17:05:00+00:00,35839.1976924511,24037.571564436883,22969.602743079093,29304.445642175277,41424.89944035438,12440.972162073263,36162.43771386343
2026-04-16 17:10:00+00:00,35829.1976924511,24037.571564436883,22969.602743079093,29304.445642175277,41414.89944035438,12440.972162073263,36152.43771386343
2026-04-16 17:15:00+00:00,35838.58035727059,24037.571564436883,22978.992886744934,29313.835785841115,41424.277301255664,12440.972162073263,36161.82037868293
2026-04-16 17:20:00+00:00,35828.58035727059,24037.571564436883,22978.992886744934,29313.835785841115,41414.277301255664,12440.972162073263,36151.82037868293
2026-04-16 17:25:00+00:00,35837.98500715986,24037.571564436883,22988.3648018247,29323.20770092088,41423.65815333166,12440.972162073263,36161.22502857221
2026-04-16 17:30:00+00:00,35827.98500715986,24037.571564436883,22978.3648018247,29313.20770092088,41413.65815333166,12440.972162073263,36151.22502857221
2026-04-16 17:35:00+00:00,35837.3647375259,24037.571564436883,22987.751314483212,29322.594213579396,41423.02887885517,12440.972162073263,36160.60475893824
2026-04-16 17:40:00+00:00,35846.74556061145,24037.571564436883,22997.080043705617,29331.922942801797,41432.39805957338,12440.972162073263,36169.9855820238
2026-04-16 17:45:00+00:00,35856.1469927373,24037.571564436883,22997.080043705617,29331.922942801797,41441.79958130437,12450.37368252161,36179.38701414963
2026-04-16 17:50:00+00:00,35865.51999211359,24046.94456381318,23006.458626162676,29341.301525258856,41451.17888690049,12450.37368252161,36188.76001352593
2026-04-16 17:55:00+00:00,35855.51999211359,24046.94456381318,22996.458626162676,29331.301525258856,41441.17888690049,12450.37368252161,36178.76001352593
2026-04-16 18:00:00+00:00,35864.90668334455,24046.94456381318,23005.804575169695,29340.647474265876,41450.529809073945,12450.37368252161,36188.14670475689
2026-04-16 18:05:00+00:00,35854.90668334455,24046.94456381318,23005.804575169695,29340.647474265876,41440.529809073945,12459.771891707915,36178.14670475689
2026-04-16 18:10:00+00:00,35864.274555952725,24056.312436421358,23015.13035434497,29349.97325344115,41449.87328640261,12459.771891707915,36187.514577365066
2026-04-16 18:15:00+00:00,35854.274555952725,24056.312436421358,23015.13035434497,29349.97325344115,41439.87328640261,12449.771891707915,36177.514577365066
2026-04-16 18:20:00+00:00,35863.672867873924,24056.312436421358,23015.13035434497,29349.97325344115,41449.27457526277,12449.771891707915,36186.912889286265
2026-04-16 18:25:00+00:00,35873.06665037213,24065.706218919557,23015.13035434497,29359.36703593935,41458.669502010795,12449.771891707915,36196.30667178446
2026-04-16 18:30:00+00:00,35863.06665037213,24065.706218919557,23015.13035434497,29359.36703593935,41448.669502010795,12459.175886957215,36186.30667178446
2026-04-16 18:35:00+00:00,35872.477455770626,24065.706218919557,23015.13035434497,29359.36703593935,41438.669502010795,12468.56408784914,36195.717477182974
2026-04-16 18:40:00+00:00,35881.87376892261,24065.706218919557,23015.13035434497,29359.36703593935,41448.06733190247,12468.56408784914,36205.11379033495
2026-04-16 18:45:00+00:00,35891.22860511591,24065.706218919557,23024.459992931577,29368.696674525963,41457.39754929424,12468.56408784914,36214.46862652825
2026-04-16 18:50:00+00:00,35900.587962741425,24075.06557654507,23033.748766843073,29377.98544843746,41466.748215075495,12468.56408784914,36223.82798415376
2026-04-16 18:55:00+00:00,35909.97124564735,24075.06557654507,23033.748766843073,29377.98544843746,41476.14479816471,12468.56408784914,36233.21126705969
2026-04-16 19:00:00+00:00,35919.37578622557,24075.06557654507,23033.748766843073,29377.98544843746,41485.54440001234,12468.56408784914,36242.615807637914
2026-04-16 19:05:00+00:00,35928.76392187334,24084.45371219283,23033.748766843073,29387.373584085224,41494.93954260291,12468.56408784914,36252.00394328568
2026-04-16 19:10:00+00:00,35938.16488512502,24093.854675444512,23043.11159791961,29396.736415161766,41504.31924419483,12468.56408784914,36261.404906537355
2026-04-16 19:15:00+00:00,35928.16488512502,24093.854675444512,23043.11159791961,29396.736415161766,41513.721831670046,12477.96295373748,36251.404906537355
2026-04-16 19:20:00+00:00,35918.16488512502,24093.854675444512,23043.11159791961,29396.736415161766,41523.11704275412,12477.96295373748,36241.404906537355
2026-04-16 19:25:00+00:00,35908.16488512502,24083.854675444512,23043.11159791961,29386.736415161766,41513.11704275412,12487.355859395579,36231.404906537355
2026-04-16 19:30:00+00:00,35898.16488512502,24083.854675444512,23033.11159791961,29376.736415161766,41503.11704275412,12477.355859395579,36221.404906537355
2026-04-16 19:35:00+00:00,35907.556407948534,24083.854675444512,23042.45434699111,29386.079164233262,41512.47524796413,12477.355859395579,36230.79642936088
2026-04-16 19:40:00+00:00,35916.94167649878,24093.239943994755,23051.81864811549,29395.443465357643,41521.81687760407,12477.355859395579,36240.18169791112
2026-04-16 19:45:00+00:00,35926.34694035888,24093.239943994755,23061.19439104254,29404.81920828469,41531.19582686246,12477.355859395579,36249.586961771216
2026-04-16 19:50:00+00:00,35935.74078398282,24093.239943994755,23061.19439104254,29404.81920828469,41540.5896704864,12486.749703019525,36258.980805395164
2026-04-16 19:55:00+00:00,35925.74078398282,24093.239943994755,23061.19439104254,29404.81920828469,41530.5896704864,12486.749703019525,36248.980805395164
2026-04-16 20:00:00+00:00,35935.15474981944,24093.239943994755,23061.19439104254,29404.81920828469,41520.5896704864,12496.145383002386,36258.394771231775
2026-04-16 20:05:00+00:00,35944.55815933761,24093.239943994755,23061.19439104254,29404.81920828469,41529.990330087705,12496.145383002386,36267.79818074995
2026-04-16 20:10:00+00:00,35953.9035577764,24102.585342433544,23070.53292219842,29414.157739440572,41539.327385573095,12496.145383002386,36277.14357918874
2026-04-16 20:15:00+00:00,35963.294905719136,24102.585342433544,23070.53292219842,29414.157739440572,41548.728300161536,12496.145383002386,36286.53492713148
2026-04-16 20:20:00+00:00,35972.669534268105,24102.585342433544,23079.922789567438,29423.547606809592,41558.10129055324,12496.145383002386,36295.90955568045
2026-04-16 20:25:00+00:00,35982.06510159264,24111.980909758076,23079.922789567438,29432.94317413413,41567.50117315435,12496.145383002386,36305.30512300499
2026-04-16 20:30:00+00:00,35991.462191107894,24111.980909758076,23089.26948194953,29442.28986651622,41576.88934522568,12496.145383002386,36314.702212520235
2026-04-16 20:35:00+00:00,35981.462191107894,24111.980909758076,23089.26948194953,29442.28986651622,41566.88934522568,12496.145383002386,36304.702212520235
2026-04-16 20:40:00+00:00,35990.87508537702,24111.980909758076,23089.26948194953,29442.28986651622,41566.88934522568,12496.145383002386,36314.11510678935
2026-04-16 20:45:00+00:00,36000.28170161298,24111.980909758076,23098.65958901592,29451.679973582613,41576.26596112494,12496.145383002386,36323.52172302532
2026-04-16 20:50:00+00:00,36009.66996286457,24111.980909758076,23098.65958901592,29451.679973582613,41585.66929292344,12496.145383002386,36332.90998427691
2026-04-16 20:55:00+00:00,36019.080507175095,24111.980909758076,23098.65958901592,29451.679973582613,41595.06888030612,12496.145383002386,36342.320528587436
2026-04-16 21:00:00+00:00,36028.483207577425,24121.383610160407,23098.65958901592,29461.082673984944,41604.459621861155,12505.548124246037,36351.723228989766
2026-04-16 21:05:00+00:00,36018.483207577425,24111.383610160407,23098.65958901592,29451.082673984944,41594.459621861155,12514.945637229366,36341.723228989766
2026-04-16 21:10:00+00:00,36027.89504919402,24111.383610160407,23098.65958901592,29451.082673984944,41603.862071793075,12514.945637229366,36351.13507060636
2026-04-16 21:15:00+00:00,36037.28945412885,24120.778015095235,23098.65958901592,29460.477078919772,41613.26065204314,12514.945637229366,36360.52947554119
2026-04-16 21:20:00+00:00,36046.59223163978,24130.080792606168,23108.00325211201,29469.82074201586,41622.615704609656,12514.945637229366,36369.832253052125
2026-04-16 21:25:00+00:00,36055.98656713028,24139.47512809667,23108.00325211201,29479.215077506364,41632.00227257988,12514.945637229366,36379.226588542624
2026-04-16 21:30:00+00:00,36065.39982107124,24139.47512809667,23108.00325211201,29479.215077506364,41641.40541316959,12514.945637229366,36388.63984248358
2026-04-16 21:35:00+00:00,36074.79816094987,24139.47512809667,23108.00325211201,29479.215077506364,41650.80571564834,12514.945637229366,36398.0381823622
2026-04-16 21:40:00+00:00,36084.16434452005,24139.47512809667,23108.00325211201,29479.215077506364,41650.80571564834,12514.945637229366,36407.404365932394
2026-04-16 21:45:00+00:00,36093.571233969706,24139.47512809667,23108.00325211201,29479.215077506364,41660.20761896823,12514.945637229366,36416.81125538205
2026-04-16 21:50:00+00:00,36102.97307289427,24148.876967021235,23108.00325211201,29488.61691643093,41669.60572355901,12514.945637229366,36426.213094306615
2026-04-16 21:55:00+00:00,36092.97307289427,24148.876967021235,23108.00325211201,29488.61691643093,41679.00842609584,12524.349360811431,36416.213094306615
2026-04-16 22:00:00+00:00,36102.32275083706,24158.226644964023,23117.337920340146,29497.951584659066,41688.361001342484,12524.349360811431,36425.562772249395
2026-04-16 22:05:00+00:00,36092.32275083706,24158.226644964023,23117.337920340146,29497.951584659066,41678.361001342484,12524.349360811431,36415.562772249395
2026-04-16 22:10:00+00:00,36082.32275083706,24158.226644964023,23117.337920340146,29497.951584659066,41668.361001342484,12524.349360811431,36405.562772249395
2026-04-16 22:15:00+00:00,36091.72294372831,24158.226644964023,23126.714696810253,29507.328361129174,41677.74207119776,12524.349360811431,36414.96296514065
2026-04-16 22:20:00+00:00,36081.72294372831,24158.226644964023,23126.714696810253,29507.328361129174,41667.74207119776,12533.751462224285,36404.96296514065
2026-04-16 22:25:00+00:00,36091.12107863725,24167.62477987296,23136.063198861502,29516.676863180423,41677.12576628066,12533.751462224285,36414.36110004959
2026-04-16 22:30:00+00:00,36100.52707313864,24167.62477987296,23136.063198861502,29516.676863180423,41667.12576628066,12533.751462224285,36423.76709455099
2026-04-16 22:35:00+00:00,36090.52707313864,24167.62477987296,23136.063198861502,29516.676863180423,41676.52524593134,12533.751462224285,36413.76709455099
2026-04-16 22:40:00+00:00,36090.52707313864,24167.62477987296,23136.063198861502,29516.676863180423,41676.52524593134,12533.751462224285,36413.76709455099
2026-04-16 22:45:00+00:00,36099.93050042932,24177.028207163636,23136.063198861502,29526.080290471098,41685.9205922698,12533.751462224285,36423.17052184166
2026-04-16 22:50:00+00:00,36109.337538189,24177.028207163636,23136.063198861502,29526.080290471098,41695.318826648065,12533.751462224285,36432.57755960134
2026-04-16 22:55:00+00:00,36118.750096016556,24186.440764991195,23136.063198861502,29535.492848298654,41695.318826648065,12533.751462224285,36441.9901174289
2026-04-16 23:00:00+00:00,36128.14644119892,24195.83711017356,23136.063198861502,29544.88919348102,41704.72214888953,12533.751462224285,36451.38646261126
2026-04-16 23:05:00+00:00,36128.14644119892,24195.83711017356,23136.063198861502,29544.88919348102,41714.12432899684,12533.751462224285,36451.38646261126
2026-04-16 23:10:00+00:00,36118.14644119892,24185.83711017356,23136.063198861502,29534.88919348102,41714.12432899684,12533.751462224285,36441.38646261126
2026-04-16 23:15:00+00:00,36127.53790445963,24185.83711017356,23136.063198861502,29534.88919348102,41723.51330842207,12533.751462224285,36450.77792587197
2026-04-16 23:20:00+00:00,36136.92035205785,24195.219557771787,23145.459403835797,29544.285398455315,41732.89932432282,12533.751462224285,36460.16037347019
2026-04-16 23:25:00+00:00,36146.327524607346,24195.219557771787,23145.459403835797,29544.285398455315,41742.29914599701,12533.751462224285,36469.56754601968
2026-04-16 23:30:00+00:00,36155.7288365736,24204.620869738046,23145.459403835797,29553.686710421578,41751.70127093585,12533.751462224285,36478.96885798595
2026-04-16 23:35:00+00:00,36165.10108683221,24213.993119996652,23154.835498181572,29563.062804767356,41761.08375384449,12533.751462224285,36488.34110824455
2026-04-16 23:40:00+00:00,36174.50214634884,24213.993119996652,23154.835498181572,29563.062804767356,41770.48054719056,12533.751462224285,36497.74216776118
2026-04-16 23:45:00+00:00,36183.895181764165,24223.386155411976,23154.835498181572,29572.455840182683,41779.87299559648,12533.751462224285,36507.135203176505
2026-04-16 23:50:00+00:00,36173.895181764165,24223.386155411976,23154.835498181572,29572.455840182683,41779.87299559648,12533.751462224285,36497.135203176505
2026-04-16 23:55:00+00:00,36183.286729413856,24232.777703061663,23164.205406366866,29581.825748367974,41789.271787522855,12533.751462224285,36506.52675082619
2026-04-17 00:00:00+00:00,36192.6729328877,24242.1639065355,23164.205406366866,29591.211951841815,41798.67433149111,12533.751462224285,36515.91295430003
2026-04-17 00:05:00+00:00,36202.03919430894,24251.53016795675,23173.56896019623,29600.57550567118,41808.035352161634,12533.751462224285,36525.27921572128
2026-04-17 00:10:00+00:00,36192.03919430894,24251.53016795675,23173.56896019623,29600.57550567118,41798.035352161634,12533.751462224285,36515.27921572128
2026-04-17 00:15:00+00:00,36201.44135985346,24251.53016795675,23173.56896019623,29600.57550567118,41807.43682986332,12533.751462224285,36524.68138126579
2026-04-17 00:20:00+00:00,36191.44135985346,24251.53016795675,23173.56896019623,29600.57550567118,41816.83621085225,12533.751462224285,36514.68138126579
2026-04-17 00:25:00+00:00,36200.832140350685,24251.53016795675,23173.56896019623,29600.57550567118,41826.232613887536,12533.751462224285,36524.072161763026
2026-04-17 00:30:00+00:00,36210.21191673193,24260.909944337996,23182.948169124833,29609.95471459978,41835.62311593251,12533.751462224285,36533.45193814427
2026-04-17 00:35:00+00:00,36219.60937761367,24270.313268112637,23182.948169124833,29619.352175481516,41845.01003981054,12533.751462224285,36542.84939902601
2026-04-17 00:40:00+00:00,36209.60937761367,24270.313268112637,23182.948169124833,29619.352175481516,41845.01003981054,12533.751462224285,36532.84939902601
2026-04-17 00:45:00+00:00,36219.00711224602,24270.313268112637,23182.948169124833,29619.352175481516,41854.40495970026,12533.751462224285,36542.24713365837
2026-04-17 00:50:00+00:00,36209.00711224602,24270.313268112637,23182.948169124833,29619.352175481516,41854.40495970026,12533.751462224285,36532.24713365837
2026-04-17 00:55:00+00:00,36199.00711224602,24270.313268112637,23182.948169124833,29619.352175481516,41854.40495970026,12533.751462224285,36522.24713365837
2026-04-17 01:00:00+00:00,36208.42071056348,24279.726866430086,23182.948169124833,29628.76577379897,41854.40495970026,12533.751462224285,36531.66073197582
2026-04-17 01:05:00+00:00,36217.808934987086,24289.115090853695,23192.310392192383,29638.127996866522,41863.78230115592,12533.751462224285,36541.04895639943
2026-04-17 01:10:00+00:00,36227.18266694558,24298.488822812185,23201.68641751447,29647.50402218861,41873.15584036858,12533.751462224285,36550.42268835792
2026-04-17 01:15:00+00:00,36236.58828938257,24307.894445249178,23201.68641751447,29656.9096446256,41882.55678384105,12533.751462224285,36559.82831079491
2026-04-17 01:20:00+00:00,36245.97007680101,24307.894445249178,23211.023867990058,29666.24709510119,41891.89913046197,12533.751462224285,36569.21009821334
2026-04-17 01:25:00+00:00,36255.35555305271,24317.279921500885,23211.023867990058,29675.632571352893,41901.29276535254,12533.751462224285,36578.59557446505
2026-04-17 01:30:00+00:00,36264.760474440016,24326.684842888193,23211.023867990058,29685.0374927402,41910.69208381215,12533.751462224285,36588.00049585236
2026-04-17 01:35:00+00:00,36274.151789732976,24326.684842888193,23211.023867990058,29685.0374927402,41920.09631369685,12533.751462224285,36597.39181114531
2026-04-17 01:40:00+00:00,36283.51772421268,24336.050777367906,23220.396254304655,29694.409879054798,41929.45917488022,12533.751462224285,36606.75774562503
2026-04-17 01:45:00+00:00,36292.921213736045,24336.050777367906,23220.396254304655,29694.409879054798,41938.86266440358,12533.751462224285,36616.16123514839
2026-04-17 01:50:00+00:00,36302.321249622095,24336.050777367906,23220.396254304655,29694.409879054798,41938.86266440358,12533.751462224285,36625.561271034436
2026-04-17 01:55:00+00:00,36311.653453859624,24336.050777367906,23229.698697599357,29703.712322349496,41948.17359382122,12533.751462224285,36634.893475271965
2026-04-17 02:00:00+00:00,36321.067262957746,24336.050777367906,23229.698697599357,29703.712322349496,41957.57023570135,12533.751462224285,36644.307284370094
2026-04-17 02:05:00+00:00,36330.47419251036,24336.050777367906,23229.698697599357,29703.712322349496,41966.958163892996,12533.751462224285,36653.71421392271
2026-04-17 02:10:00+00:00,36339.877347554924,24345.45393241247,23229.698697599357,29713.115477394058,41976.361646298115,12533.751462224285,36663.117368967265
2026-04-17 02:15:00+00:00,36349.26919919357,24354.845784051122,23239.0750550704,29722.4918348651,41985.747684787515,12533.751462224285,36672.50922060592
2026-04-17 02:20:00+00:00,36358.678129645166,24344.845784051122,23239.0750550704,29722.4918348651,41995.14907828077,12533.751462224285,36681.91815105751
2026-04-17 02:25:00+00:00,36348.678129645166,24344.845784051122,23239.0750550704,29722.4918348651,42004.54896800636,12533.751462224285,36671.91815105751
2026-04-17 02:30:00+00:00,36358.07003130553,24344.845784051122,23239.0750550704,29722.4918348651,42013.95155470067,12533.751462224285,36681.31005271786
2026-04-17 02:35:00+00:00,36367.47601248138,24344.845784051122,23239.0750550704,29722.4918348651,42023.346710376834,12533.751462224285,36690.71603389371
2026-04-17 02:40:00+00:00,36376.88353012875,24344.845784051122,23239.0750550704,29722.4918348651,42032.733694980794,12533.751462224285,36700.12355154108
2026-04-17 02:45:00+00:00,36366.88353012875,24344.845784051122,23239.0750550704,29722.4918348651,42032.733694980794,12533.751462224285,36690.12355154108
2026-04-17 02:50:00+00:00,36376.29590355168,24354.25815747406,23239.0750550704,29731.90420828804,42042.11970571926,12533.751462224285,36699.535924964024
2026-04-17 02:55:00+00:00,36385.70205401658,24354.25815747406,23239.0750550704,29731.90420828804,42042.11970571926,12533.751462224285,36708.94207542892
2026-04-17 03:00:00+00:00,36395.11660988287,24363.672713340347,23239.0750550704,29741.318764154326,42051.52222056104,12533.751462224285,36718.3566312952
2026-04-17 03:05:00+00:00,36404.52698048532,24363.672713340347,23239.0750550704,29741.318764154326,42060.927173303324,12533.751462224285,36727.767001897664
2026-04-17 03:10:00+00:00,36413.925508242944,24363.672713340347,23239.0750550704,29741.318764154326,42070.33002455237,12533.751462224285,36737.16552965528
2026-04-17 03:15:00+00:00,36423.32425335157,24373.071458448983,23239.0750550704,29750.71750926296,42079.73347691991,12533.751462224285,36746.564274763914
2026-04-17 03:20:00+00:00,36413.32425335157,24373.071458448983,23239.0750550704,29750.71750926296,42079.73347691991,12533.751462224285,36736.564274763914
2026-04-17 03:25:00+00:00,36422.72692455405,24373.071458448983,23239.0750550704,29750.71750926296,42089.13346262205,12533.751462224285,36745.966945966386
2026-04-17 03:30:00+00:00,36432.13003145286,24373.071458448983,23239.0750550704,29750.71750926296,42098.524261165585,12533.751462224285,36755.3700528652
2026-04-17 03:35:00+00:00,36441.53406030722,24382.475487303338,23239.0750550704,29760.121538117317,42107.921217426105,12533.751462224285,36764.77408171956
2026-04-17 03:40:00+00:00,36450.89883345676,24391.840260452882,23248.444247561372,29769.49073060829,42117.295500683955,12533.751462224285,36774.1388548691
2026-04-17 03:45:00+00:00,36440.89883345676,24381.840260452882,23248.444247561372,29759.49073060829,42126.695222427385,12533.751462224285,36764.1388548691
2026-04-17 03:50:00+00:00,36450.30137518802,24381.840260452882,23248.444247561372,29759.49073060829,42136.09782205551,12533.751462224285,36773.54139660037
2026-04-17 03:55:00+00:00,36459.70823843241,24391.247123697267,23248.444247561372,29768.897593852675,42145.50233506289,12533.751462224285,36782.94825984475
2026-04-17 04:00:00+00:00,36469.10772168873,24391.247123697267,23248.444247561372,29768.897593852675,42154.89278709648,12533.751462224285,36792.34774310107
2026-04-17 04:05:00+00:00,36478.516362855706,24391.247123697267,23248.444247561372,29768.897593852675,42154.89278709648,12533.751462224285,36801.75638426805
2026-04-17 04:10:00+00:00,36468.516362855706,24391.247123697267,23248.444247561372,29768.897593852675,42154.89278709648,12533.751462224285,36791.75638426805
2026-04-17 04:15:00+00:00,36477.91203000466,24391.247123697267,23248.444247561372,29768.897593852675,42164.29552495878,12533.751462224285,36801.15205141701
2026-04-17 04:20:00+00:00,36487.312575190124,24400.647668882724,23248.444247561372,29778.298139038132,42173.6810048924,12533.751462224285,36810.552596602465
2026-04-17 04:25:00+00:00,36496.724711682094,24400.647668882724,23248.444247561372,29778.298139038132,42173.6810048924,12533.751462224285,36819.964733094435
2026-04-17 04:30:00+00:00,36506.13386162838,24410.056818829013,23248.444247561372,29787.70728898442,42183.08398441262,12533.751462224285,36829.373883040724
2026-04-17 04:35:00+00:00,36515.546515173315,24410.056818829013,23248.444247561372,29787.70728898442,42173.08398441262,12533.751462224285,36838.786536585656
2026-04-17 04:40:00+00:00,36524.953510803454,24419.46381445915,23248.444247561372,29797.11428461456,42173.08398441262,12533.751462224285,36848.193532215795
2026-04-17 04:45:00+00:00,36514.953510803454,24409.46381445915,23248.444247561372,29787.11428461456,42182.483314697274,12533.751462224285,36838.193532215795
2026-04-17 04:50:00+00:00,36524.344941878415,24418.855245534112,23248.444247561372,29796.50571568952,42191.881576183674,12533.751462224285,36847.584963290756
2026-04-17 04:55:00+00:00,36514.344941878415,24418.855245534112,23248.444247561372,29796.50571568952,42191.881576183674,12533.751462224285,36837.584963290756
2026-04-17 05:00:00+00:00,36504.344941878415,24418.855245534112,23248.444247561372,29796.50571568952,42201.281203922576,12533.751462224285,36827.584963290756
