tree
version=v4
num_class=1
num_tree_per_iteration=1
label_index=0
max_feature_idx=27
objective=binary sigmoid:1
feature_names=range_pct net_move pattern_up_first pattern_down_first is_chop is_trend is_flat ret_10s ret_30s ret_60s ret_120s recent_ret prev_ret momentum_accel vol_10s vol_30s vol_60s vol_ratio rsi ema_cross bb_pct bb_width price_in_range time_frac chop_ratio max_up max_down post_extreme_move
feature_infos=[0:0.011718389805086927] [-0.0075268221113259136:0.00904204098910346] [0:1] [0:1] [0:1] [0:1] [0:1] [-0.007526822111325937:0.0090420409891034392] [-0.007526822111325937:0.0090420409891034392] [-0.007526822111325937:0.0090420409891034392] [-0.007526822111325937:0.0090420409891034392] [-0.0048333020528972259:0.0084177383625667623] [-0.0020356181869267687:0.003375923463260877] [-0.0047922304014280659:0.0089223690875893658] [0:0.0011075855397401177] [0:0.0006855489396845214] [0:0.00088848479070542067] [0:2.4494897427831783] [0:100] [-0.0007449655575715176:0.0019864337262837325] [-2.1794494762772283:2.1794494762772283] [0:0.0027888989964904472] [0:1] none [0:0.87394957983193278] [0:0.011718389805086927] [0:0.0075268221113259136] [-0.0048551088014288013:0.0030333412014391576]
tree_sizes=3404 3519 3495 3498 3530 3527 3521 3508 3519 3508 3515 3481 3506 3511 3497 3485 3490 3476 3516 3514 3506 3503 3519 3510 3500 3490 3515 3485 3495 3502 3491 3509 3471

Tree=0
num_leaves=31
num_cat=0
split_feature=1 1 27 1 1 3 3 1 27 25 14 27 17 1 27 1 21 11 21 11 1 11 16 27 17 19 16 1 22 25
split_gain=118.382 166.729 37.8951 32.5953 31.833 29.8596 27.8119 18.1094 12.595 11.0944 13.4614 12.2679 10.7359 10.7163 10.011 8.40928 13.3825 8.69213 7.846 7.77337 10.6796 9.69136 7.32073 6.73385 6.67141 6.30384 5.89249 6.03991 5.81915 5.63078
threshold=0.00053828820031694786 -0.00030740014416097259 -1.0000000180025095e-35 0.00022221726663182014 -0.0011717280722065052 1.0000000180025095e-35 1.0000000180025095e-35 0.00085511142361832193 -6.2741560939776631e-05 0.00030238736873403359 5.9851822639034188e-08 -8.0713070481475946e-05 1.4327739033107327 -8.7010377657791821e-05 -0.00035118951207139523 -0.00061484529156985825 0.00010781499011719974 -0.00011977501191906546 0.0001831965308693195 2.0883448804132069e-05 6.8165981680424296e-05 0.00039363425737304342 6.1278836920275993e-05 0.00017803606435597317 0.8233538111653661 -6.1438335900852411e-05 2.6749841337348799e-05 5.1121474049703599e-05 0.090265808710877693 1.3492538686510341e-07
decision_type=2 2 2 2 2 2 2 2 2 2 2 2 2 2 2 2 2 2 2 2 2 2 2 2 2 2 2 2 2 2
left_child=1 2 -1 9 18 -2 -5 8 -7 10 -3 22 15 29 -8 16 17 25 -4 20 -11 -21 26 -15 -19 -6 27 -12 -14 -13
right_child=5 3 4 6 12 7 14 -9 -10 19 11 13 28 23 -16 -17 -18 24 -20 21 -22 -23 -24 -25 -26 -27 -28 -29 -30 -31
leaf_value=0.68488808733877771 0.65091918654316216 0.67792571165217397 0.86359481028086271 0.67171041674949583 0.8351219953615997 0.75613188665939179 0.71761725858082825 0.82659087205611448 0.80749544733231571 0.69378505145265934 0.6900095369429875 0.73309442156080296 0.80710986826476561 0.72788822275872833 0.76473930416100244 0.75440640036948792 0.7455644351623183 0.85562921999026076 0.81186734256444637 0.66440429214960062 0.73871730278924796 0.75879924607958205 0.77807937726473586 0.69391019372673446 0.77100943824591961 0.74562494014142999 0.67352283953326642 0.7585128690678421 0.76423381186308637 0.7617309598811739
leaf_weight=8.8964583426713926 3.1899966895580283 15.330294668674467 14.792162105441095 10.319931268692015 2.8382359594106674 21.886960208415985 13.094327703118323 52.554279878735542 26.248931780457497 33.980838447809219 8.0401179343462008 34.605673968791962 39.528641536831856 74.403233334422112 80.953762352466583 44.416175723075867 12.420795977115629 10.186115697026255 14.532943949103354 20.393214330077175 21.650308579206467 3.1374404281377783 2.7092702239751807 18.135967522859573 3.0197579562664023 6.413843169808386 17.781633421778679 5.364697501063346 9.8943344354629499 34.062394663691521
leaf_count=52 16 87 151 57 27 166 87 489 232 206 48 243 349 513 631 335 91 102 130 109 155 24 22 110 24 47 99 41 77 263
internal_value=0.752497 0.743417 0.785294 0.725672 0.790946 0.801526 0.749629 0.806297 0.784141 0.717038 0.72304 0.726585 0.780236 0.732334 0.758178 0.768835 0.78721 0.810243 0.83796 0.701082 0.711272 0.67699 0.699242 0.721229 0.836279 0.77308 0.692393 0.717425 0.798526 0.747299
internal_weight=664.783 560.903 166.939 393.963 158.043 103.88 104.368 100.69 48.1359 289.595 210.433 195.103 128.718 161.207 94.0481 79.2949 34.8787 22.458 29.3251 79.1618 55.6311 23.5307 33.8957 92.5392 13.2059 9.25208 31.1864 13.4048 49.423 68.6681
internal_count=4983 4080 1385 2695 1333 903 775 887 398 1920 1426 1339 1052 1129 718 626 291 200 281 494 361 133 210 623 126 74 188 89 426 506
is_linear=0
shrinkage=1


Tree=1
num_leaves=31
num_cat=0
split_feature=1 1 2 1 1 3 2 1 14 22 25 25 14 1 26 21 21 17 11 1 19 16 22 19 15 16 13 24 24 11
split_gain=103.05 142.873 32.5617 28.9207 27.5309 25.6553 20.2236 16.4934 9.77915 9.56245 9.00237 8.81502 11.137 9.15445 8.09969 7.43435 6.99166 7.03955 6.85993 9.68695 7.76134 6.71048 6.49431 7.30849 6.40949 7.85176 6.13899 6.04915 5.90756 5.65486
threshold=0.00053828820031694786 -0.00030740014416097259 1.0000000180025095e-35 -0.0011717280722065052 0.00024080012183442165 1.0000000180025095e-35 1.0000000180025095e-35 0.00085511142361832193 0.00020629359297224964 0.95137188685175422 0.00034326208516863044 0.00030238736873403359 5.9851822639034188e-08 -0.00025425917836228155 0.00039593945522016391 0.0001831965308693195 5.2602253708092528e-05 0.0026497465849033464 2.0883448804132069e-05 0.00011407510250497191 5.9848613376291185e-05 0.00010206307999071361 0.039133157742562916 -0.00011547287184915804 8.8356083104162233e-08 9.2585474455828256e-08 -9.9778223733582014e-05 0.59243697478991608 0.63445378151260512 0.00025367655619035206
decision_type=2 2 2 2 2 2 2 2 2 2 2 2 2 2 2 2 2 2 2 2 2 2 2 2 2 2 2 2 2 2
left_child=1 2 -1 15 11 -2 16 9 10 14 21 12 -3 26 -7 -4 17 -6 19 -13 -20 22 23 -5 25 -15 -14 -25 -17 -18
right_child=5 4 3 8 6 7 -8 -9 -10 -11 -12 18 13 24 -16 28 29 -19 20 -21 -22 -23 -24 27 -26 -27 -28 -29 -30 -31
leaf_value=-0.10297995054612681 -0.13245072526512916 -0.10862241474802324 0.064144876402293646 -0.070063248519617691 -0.073916170667833139 -0.022534695488546794 -0.11258232454926741 0.027625320834593833 0.046659525506667854 0.0084895732581273201 -0.050046017520110855 -0.090904090388123651 0.011887709395135122 -0.070261733391786138 -0.1005329237265374 0.029180526986411211 -0.064485646115218384 -0.012778575988580319 -0.12329915573618425 -0.045672561466675206 -0.054072307668384001 0.072496208955990432 -0.028972298210264383 -0.011840293467417032 -0.071414543154096274 0.0070572120483115399 -0.051684488380879905 0.024201499960613427 -0.051342083156357493 -0.029458185380231424
leaf_weight=9.2599200010299665 3.356846719980239 16.307434104382992 14.414821386337282 3.8399824723601332 5.4303143620491019 19.282291695475582 9.5681556388735753 51.975525975227356 5.8335873037576667 25.074789106845856 20.280781574547291 43.153533652424812 5.6570514589548138 7.2743246331810933 4.0228296220302573 11.622263558208941 26.419473864138126 35.413751967251301 20.360240168869499 16.311288580298424 5.0538084208965293 2.2140555307269087 47.476831860840321 31.404053956270218 175.43761846423149 5.9849950820207596 11.552974067628382 18.500007182359695 2.8330104351043692 20.434759140014648
leaf_count=52 16 89 151 26 36 152 51 489 57 222 147 258 49 48 24 109 180 288 103 118 35 23 369 261 1149 51 82 169 21 158
internal_value=-0.0423354 -0.0506492 -0.0118452 -0.00651815 -0.0667404 0.0035208 -0.0435585 0.00806899 -0.0166032 -0.0129408 -0.0195862 -0.0740829 -0.0688474 -0.0656973 -0.0359984 0.0387366 -0.0360278 -0.020907 -0.0877896 -0.078497 -0.109533 -0.0136139 -0.0154974 -0.00359383 -0.0688812 -0.0353615 -0.0307879 0.00152081 0.0133993 -0.049209
internal_weight=675.751 572.039 167.679 158.419 404.36 103.712 97.2665 100.355 129.549 48.3799 123.716 307.093 222.214 205.907 23.3051 28.8701 87.6983 40.8441 84.8789 59.4648 25.414 103.435 101.221 53.744 188.697 13.2593 17.21 49.9041 14.4553 46.8542
internal_count=4983 4080 1385 1333 2695 903 713 887 1052 398 995 1982 1468 1379 176 281 662 324 514 376 138 848 825 456 1248 99 131 430 130 338
is_linear=0
shrinkage=0.05


Tree=2
num_leaves=31
num_cat=0
split_feature=1 1 5 27 1 27 17 14 21 1 27 1 2 1 0 27 21 11 13 1 17 14 24 1 25 14 17 18 21 20
split_gain=90.248 112.366 47.6439 29.2284 20.2523 13.1947 10.3408 9.52674 10.8355 8.5389 18.2126 14.8284 11.7182 7.78247 8.434 7.24901 7.05501 6.96108 6.43729 8.53324 6.59562 6.1226 5.31403 4.89135 6.89977 4.8275 4.61555 4.60077 6.22458 5.83549
threshold=0.00075336417078729605 -0.00041085284056310422 1.0000000180025095e-35 -0.00058749729605769862 -0.0011717280722065052 0.00026290766136865341 0.0024623398462391647 0.00020225411805219198 0.00010781499011719974 0.00012388897401819691 0.00018564710376031373 -8.7010377657791821e-05 1.0000000180025095e-35 0.0014028747413034981 0.0021974505024867984 -0.00035118951207139523 0.0001831965308693195 -0.00054098114507866713 9.8569408897297723e-06 -0.00061484529156985825 0.6124216591246 0.00010550718347444033 0.63445378151260512 0.00051308974654293597 0.00072849765398992595 0.00014791002279509446 1.2881870144715364 99.933465340258039 0.00010545357171525703 0.7992771590487735
decision_type=2 2 2 2 2 2 2 2 2 2 2 2 2 2 2 2 2 2 2 2 2 2 2 2 2 2 2 2 2 2
left_child=1 3 9 -1 16 6 -4 8 18 11 -11 12 21 14 -2 -8 -5 -13 -6 20 -20 -3 -18 27 -25 -10 -26 29 -29 -17
right_child=13 2 5 4 7 -7 15 -9 25 10 -12 17 -14 -15 -16 23 22 -19 19 -21 -22 -23 -24 24 26 -27 -28 28 -30 -31
leaf_value=-0.11569244752264954 0.011615471109284793 -0.10511109336824216 -0.079666896694721906 0.062645541789157363 0.011564647142458154 -0.090278424387133668 -0.07975740566128818 0.053301448667799435 -0.051252836670425544 -0.045710546647249398 -0.10330784417034936 -0.14178358382713308 -0.049706850119836776 0.042889889646047445 -0.06431262021217346 -0.023349185863214449 0.028048118604123623 -0.079048567155532157 0.042534636661324482 -0.046750652689469679 -0.024915799193547545 -0.026163851134781632 -0.047822742377674109 0.018106241166119658 -0.003589455352092328 -0.0025304693714306818 -0.085071284196815866 -0.060558796575569743 0.020909225357129749 0.023243773706977659
leaf_weight=5.6808207035064688 42.299137137830257 15.905066043138506 7.7817113250493994 14.031580455601217 34.998389452695847 8.1054970473051053 4.8062145113944998 5.523424804210662 21.903203792870048 96.348413392901421 16.004719525575638 4.5656582713127127 94.509542845189571 19.232456609606743 4.003530040383338 45.83780300617218 11.490343727171419 140.3110504373908 6.8981446996331233 14.900328576564787 7.6366458758711815 2.9042958691716185 2.887936905026435 18.361772991716865 3.8725922033190718 6.6207617446780196 3.152983583509922 13.740756139159204 2.8270251154899588 7.8745780512690535
leaf_count=28 382 84 49 151 308 47 29 56 154 677 84 20 648 190 28 358 109 841 68 107 60 21 21 166 32 56 20 94 25 70
internal_value=-0.0396425 -0.0455453 -0.0566569 -0.00473485 0.000232656 -0.0287463 -0.0241392 -0.0104961 -0.0142869 -0.0654214 -0.0539153 -0.0704283 -0.0568798 0.0161551 0.0050504 -0.0198385 0.0374233 -0.0810256 -0.0029289 -0.0201617 0.00709587 -0.0929211 0.0128091 -0.0168283 0.00198263 -0.0399438 -0.0401574 -0.0236234 -0.0466576 -0.0165184
internal_weight=685.016 619.481 486.91 132.572 126.891 116.361 108.255 98.4809 92.9575 370.549 112.353 258.196 113.319 65.5351 46.3027 100.474 28.4099 144.877 64.4335 29.4351 14.5348 18.8094 14.3783 95.6675 25.3873 28.524 7.02558 70.2802 16.5678 53.7124
internal_count=4983 4383 3265 1118 1090 890 843 809 753 2375 761 1614 753 600 410 794 281 861 543 235 128 105 130 765 218 210 52 547 119 428
is_linear=0
shrinkage=0.05


Tree=3
num_leaves=31
num_cat=0
split_feature=1 1 5 27 1 27 17 26 22 27 1 2 1 20 2 25 17 0 21 13 18 27 13 18 24 25 25 17 18 0
split_gain=79.7192 98.053 41.1636 25.5428 18.5178 11.4104 8.95232 8.10959 9.65954 7.98941 7.41741 13.6627 10.5717 8.2213 7.49902 7.26023 7.00045 6.82053 6.70433 6.42965 6.36855 6.31684 6.00021 5.24242 4.78677 4.721 8.31918 6.84581 5.46838 4.96929
threshold=0.00075336417078729605 -0.00041085284056310422 1.0000000180025095e-35 -0.00058749729605769862 -0.0011717280722065052 0.00026290766136865341 0.0024623398462391647 1.5625218249841361e-06 0.87209258561400371 -0.00031321320052976549 0.00017061049250199046 1.0000000180025095e-35 -0.00011885168507187677 -2.1794494717715205 1.0000000180025095e-35 0.00034326208516863044 1.1966889398820617 0.0014547649383422807 0.0001831965308693195 -7.9816843785773792e-05 0.36396754436939466 -0.00035118951207139523 0.0016899725592303685 40.315670492366188 0.63445378151260512 0.00020776186473738404 1.3492538686510341e-07 0.381337565025124 99.765487581550914 0.00047602504488331862
decision_type=2 2 2 2 2 2 2 2 2 2 2 2 2 2 2 2 2 2 2 2 2 2 2 2 2 2 2 2 2 2
left_child=1 3 10 -1 18 6 -4 -2 9 -9 12 -12 14 -14 16 -6 -3 -10 -5 -17 -15 -8 -19 -21 -20 26 -16 -27 29 -28
right_child=7 2 5 4 15 -7 21 8 17 -11 11 -13 13 20 25 19 -18 22 24 23 -22 -23 -24 -25 -26 27 28 -29 -30 -31
leaf_value=-0.10661180782807017 0.032992965935247996 -0.10542945860873779 -0.073703572886906113 0.061243041374756828 -0.0037367958683996068 -0.083475570260501009 -0.07397218456881581 -0.0049262221955544572 -0.017689932163616941 -0.091621478833341735 -0.040275673603878168 -0.096361325827137856 -0.0065549904528142931 -0.092581138555560549 -0.053854898542133434 -0.0053279993135762101 -0.031309772361479145 0.056651193549507518 0.02695675204065719 -0.10719261073653799 -0.068858371654680284 -0.015886120958177631 -0.030137235438952643 -0.032556845706150611 -0.044652040700106151 -0.10631949379203075 -0.019026613588695271 -0.047534492449921077 -0.085952013320628962 0.040962814954245592
leaf_weight=5.8516735285520545 32.758700162172318 10.768940240144728 7.9851842746138564 13.645103029906752 81.728921487927437 8.3217931687831861 4.919878937304019 6.4986255317926407 8.4263826832175273 4.495944641530512 76.037231512367725 12.667613238096235 4.7360875159502021 34.735222108662128 32.514478415250778 7.5925558283925083 4.5239166095852843 10.461838297545908 11.361114159226416 4.3797478526830655 152.49479199200869 96.213720604777336 2.4597467407584181 5.0836634784936905 2.9370324462652198 6.7807646766304996 17.357955917716033 18.369217395782471 2.4467893764376631 4.3090941384434691
leaf_count=28 318 53 49 151 685 47 29 56 71 27 534 64 36 188 214 63 31 108 109 24 914 765 20 37 21 35 131 122 14 39
internal_value=-0.0372078 -0.0426694 -0.0528943 -0.0044797 0.000236252 -0.0270401 -0.0227361 0.0154583 -0.00230208 -0.040378 -0.0609325 -0.0482851 -0.0648139 -0.0716138 -0.0513667 -0.00992907 -0.0835035 0.0173077 0.0361727 -0.0396013 -0.0732595 -0.0187119 0.0401302 -0.0670989 0.0122473 -0.045357 -0.0373509 -0.0633837 -0.0150974 -0.00709605
internal_weight=692.864 627.762 495.183 132.58 126.728 117.441 109.119 65.1012 32.3425 10.9946 377.742 88.7048 289.037 191.966 97.0712 98.7849 15.2929 21.348 27.9432 17.056 187.23 101.134 12.9216 9.46341 14.2981 81.7783 56.6283 25.15 24.1138 21.6671
internal_count=4983 4383 3265 1118 1090 890 843 600 282 83 2375 598 1777 1138 639 809 84 199 281 124 1102 794 128 61 130 555 398 157 184 170
is_linear=0
shrinkage=0.05


Tree=4
num_leaves=31
num_cat=0
split_feature=1 1 5 27 3 1 1 15 14 25 27 26 18 14 27 1 20 1 27 14 27 26 13 11 27 27 26 27 16 19
split_gain=71.2706 95.3323 22.6199 22.5142 19.4077 16.9433 13.0639 9.27058 8.60874 8.51764 8.40752 8.21236 8.98053 11.7388 7.67977 6.24181 8.55046 9.01273 11.2164 7.74641 7.63947 6.27468 5.94847 5.94492 8.02405 5.91376 6.59265 5.3247 5.10593 6.01781
threshold=0.00053828820031694786 -0.00041085284056310422 1.0000000180025095e-35 -0.00058749729605769862 1.0000000180025095e-35 -0.0011717280722065052 0.0010520647718169924 1.2825998644670889e-05 0.00020225411805219198 0.00034326208516863044 -0.00016245231305056382 0.00059898426263902554 0.36396754436939466 4.9773692687977519e-05 0.00026290766136865341 -0.00018318702064515309 -2.1794494717715205 0.00012388897401819691 0.00018564710376031373 9.579095440646059e-05 -0.00032707204880151126 0.00022287191460945225 0.00046935690535054869 -0.00028680837017314159 0.00025132749535430312 -1.4635565410132352e-07 2.8254467040840671e-05 -0.00010756930409493798 0.00010206307999071361 -0.0001200530552314233
decision_type=2 2 2 2 2 2 2 2 2 2 2 2 2 2 2 2 2 2 2 2 2 2 2 2 2 2 2 2 2 2
left_child=1 3 15 -1 -2 23 7 -6 9 28 11 12 -9 -14 25 19 -17 -18 -19 20 -3 -22 27 24 -5 26 -4 -12 29 -7
right_child=4 2 14 5 6 8 -8 10 -10 -11 22 -13 13 -15 -16 16 17 18 -20 -21 21 -23 -24 -25 -26 -27 -28 -29 -30 -31
leaf_value=-0.099047882869636727 -0.11088091028528334 -0.10043177135629769 -0.022776742918563957 0.02899733601707026 0.06181482490391578 -0.066426509583332891 0.032441328433793333 -0.083076597106465241 0.051909431860847524 -0.046935997333809688 0.04724158454937924 -0.1153492406554445 -0.037150220892883411 0.063065041158014895 -0.076345283886231005 -0.0081838502259175827 -0.068233100899918395 -0.04292025924013948 -0.089351492851115849 0.0063641876062712436 0.0045623509813401434 -0.049664702149104012 0.038313576710906024 0.063511909242714229 -0.077623810719666828 -0.016081184940788605 -0.069964246618516593 -0.015692170760498895 0.071314384343618517 -0.0049576002168294289
leaf_weight=5.9800315499305716 3.5882353633642188 6.5217801928520194 16.704458311200145 14.496956609189516 4.7232241854071608 4.214718095958232 34.342956081032753 4.7367693111300531 5.413355439901351 15.396730192005633 3.8343389034271267 2.87099415808916 8.4775649681687337 4.4590716734528533 8.2557734772562963 7.543895795941352 200.02837140858173 86.092947199940681 15.321632541716097 6.9584284052252761 6.1133764758706084 41.874974511563778 8.9636731743812543 10.967291690409182 2.0091614052653304 54.929084248840809 13.291639365255831 27.226017072796822 2.0655258670449248 72.016169130802155
leaf_count=28 16 31 125 143 48 27 340 29 56 105 37 15 62 44 46 57 1159 579 77 55 48 274 87 124 14 428 83 225 22 599
internal_value=-0.0349955 -0.0416368 -0.0523276 -0.00424482 0.00336313 0.000233976 0.0074775 -0.00565329 -0.00939748 -0.0129396 -0.0109146 -0.0369158 -0.0241745 -0.00260747 -0.0303069 -0.0578665 -0.0607613 -0.0620771 -0.0499351 -0.0433152 -0.049657 -0.0427566 0.00243192 0.0349781 0.0160192 -0.0258314 -0.0436861 -0.00792312 -0.00625437 -0.00835615
internal_weight=699.419 596.196 463.636 132.56 103.223 126.58 99.6346 65.2917 99.1065 93.6931 60.5684 20.5444 17.6734 12.9366 93.181 370.455 308.987 301.443 101.415 61.4686 54.5101 47.9884 40.024 27.4734 16.5061 84.9252 29.9961 31.0604 78.2964 76.2309
internal_count=4983 4080 2962 1118 903 1090 887 547 809 753 499 150 135 106 682 2280 1872 1815 656 408 353 322 349 281 157 636 208 262 648 626
is_linear=0
shrinkage=0.05


Tree=5
num_leaves=31
num_cat=0
split_feature=1 1 5 1 2 1 19 22 22 25 1 18 26 16 27 13 27 15 12 12 27 1 16 16 26 0 0 15 1 1
split_gain=84.8399 74.6478 33.9027 21.0604 12.9947 10.8689 8.86074 8.25962 7.85296 7.64457 7.43266 6.96948 6.4315 5.84448 5.75089 7.14507 6.45703 6.29657 5.8478 5.65868 5.61911 9.92277 6.47133 5.32963 8.30362 5.09143 5.41149 6.09986 5.45161 6.15583
threshold=0.00075336417078729605 -0.00030740014416097259 1.0000000180025095e-35 -0.0011131326632877203 1.0000000180025095e-35 0.00035167386117356572 -5.8449445712597387e-05 0.99574003194862604 0.10795121778715523 0.00034326208516863044 -0.00011178882532942966 0.088905502247357063 2.4074410519154037e-05 7.2568641576696745e-08 1.8496454053554281e-05 -0.00017537215256024916 1.4841011979923326e-07 0.00010892606817482839 2.4801854787703807e-05 0.00029757720661982573 0.00020601705713197774 0.00015921276172664787 0.0001218340511143894 2.5202822632056943e-05 0.00013600633381592085 0.00084601272025492346 0.0005580510496347586 2.9331986160645451e-05 0.00036927255995544895 0.00044563178918332393
decision_type=2 2 2 2 2 2 2 2 2 2 2 2 2 2 2 2 2 2 2 2 2 2 2 2 2 2 2 2 2 2
left_child=1 3 7 6 -5 12 8 10 -1 14 11 -3 -4 -9 16 19 17 -6 -17 -16 21 23 -23 24 -12 26 28 -28 -7 -30
right_child=-2 2 5 4 9 25 -8 13 -10 -11 20 -13 -14 -15 15 18 -18 -19 -20 -21 -22 22 -24 -25 -26 -27 27 -29 29 -31
leaf_value=0.02215383280953 0.022584401040080457 -0.019707696533159687 -0.020555970227313453 -0.072822983392465138 -0.0069044493521054923 0.041360401698095642 0.06751070933042555 -0.089199267104584951 -0.068487300655135849 -0.038739921727018879 -0.06554100708663646 -0.053850373903300087 -0.076896813203813419 -0.035573750229052244 -0.071625637480501145 -0.018605925787377853 0.061557108925925953 0.057936041627798911 0.03186305110237786 0.0074130403222452644 -0.079580021280207192 -0.034631486358669604 -0.09961865714098278 -0.078084341787619541 -0.016747741600031302 -0.038619440299162991 0.036626284148352159 -0.0083674236103605266 -0.053785744659084006 0.0017174816444574437
leaf_weight=16.752242513000972 62.962298192083836 18.666668675839901 8.7893312349915522 10.006381273269652 46.738230958580971 2.8782191127538708 9.7862189859151822 5.5127118527889243 2.787152834236621 24.704224810004234 49.357480123639107 75.001925751566887 11.954967454075812 64.869347035884857 9.5256000682711583 30.982704788446426 4.3805747330188742 4.0701887235045424 7.0446637347340575 2.9707539528608313 45.275217972695827 43.264950163662434 4.2028196305036536 59.056865304708481 10.590283416211603 14.176305927336214 11.935898810625075 20.419832341372967 12.742184139788153 8.2172401100397092
leaf_count=165 602 133 66 52 388 26 114 28 19 174 282 462 71 433 61 240 44 43 64 25 234 296 22 313 73 98 110 164 86 68
internal_value=-0.0327827 -0.0382582 -0.0485813 -0.00986342 -0.0179117 -0.0212189 0.0286752 -0.0552154 0.00922453 -0.0136986 -0.0587739 -0.0470463 -0.0530253 -0.039774 -0.00784662 -0.0200352 0.00331161 -0.00171017 -0.00925642 -0.0528358 -0.0639617 -0.059714 -0.0403855 -0.0674236 -0.0569213 -0.0118427 -0.00508751 0.00823057 -0.0231646 -0.0320254
internal_weight=699.623 636.661 466.912 169.749 140.423 91.114 29.3256 375.798 19.5394 130.417 305.416 93.6686 20.7443 70.3821 105.713 50.5237 55.189 50.8084 38.0274 12.4964 211.748 166.472 47.4678 119.005 59.9478 70.3697 56.1934 32.3557 23.8376 20.9594
internal_count=4956 4354 2965 1389 1091 689 298 2276 184 1039 1815 595 137 461 865 390 475 431 304 86 1220 986 318 668 355 552 454 274 180 154
is_linear=0
shrinkage=0.05


Tree=6
num_leaves=31
num_cat=0
split_feature=1 1 5 1 2 1 19 25 26 14 21 1 2 1 16 19 2 16 15 1 16 21 11 13 25 12 16 15 21 25
split_gain=75.7325 65.923 29.9102 19.1794 11.7122 9.57002 7.46422 5.86335 5.57143 5.3395 5.10129 5.06769 14.0953 6.69898 6.35987 8.494 5.96543 5.63196 5.40638 5.36951 6.68238 5.29585 4.98243 5.4178 5.83651 6.15214 4.79732 7.94898 6.03449 4.44049
threshold=0.00075336417078729605 -0.00030740014416097259 1.0000000180025095e-35 -0.0011717280722065052 1.0000000180025095e-35 0.00035167386117356572 -6.5082592838431366e-05 0.00034326208516863044 2.4074410519154037e-05 0.00014791002279509446 8.1952345570035916e-05 0.00017061049250199046 1.0000000180025095e-35 -0.00011178882532942966 3.2404604427453932e-05 3.4542224271771987e-05 1.0000000180025095e-35 8.924316678508608e-05 2.6126033234845049e-05 -0.00014509196680037901 2.9954485013434669e-05 5.5693018125185263e-08 -0.00033123781991184481 0.0016899725592303685 0.0010340888951198429 0.00029757720661982573 6.0257343140455892e-05 0.00010766517604145292 8.8301514083386816e-05 0.00080785340118226664
decision_type=2 2 2 2 2 2 2 2 2 2 2 2 2 2 2 2 2 2 2 2 2 2 2 2 2 2 2 2 2 2
left_child=1 3 11 6 -5 8 -1 -6 -4 10 -9 13 17 16 21 -16 -3 -13 -18 20 -20 -15 -2 24 25 29 28 -28 -17 -24
right_child=22 2 5 4 7 -7 -8 9 -10 -11 -12 12 -14 14 15 26 18 -19 19 -21 -22 -23 23 -25 -26 -27 27 -29 -30 -31
leaf_value=0.010365393701689686 -0.029111876380847324 -0.074403783468446019 -0.019401110154553772 -0.068503189022197153 -0.0075569457146688534 -0.011205236564528057 0.06596379870763304 -0.015316298541924445 -0.071515278842666133 0.0095021771730354719 -0.06684444322851911 -0.02722477692014267 -0.085316660119524143 -0.084574746877818394 -0.08135888971914719 -0.026912756844627662 -0.051212937663411721 -0.065974350063658399 0.0083252381031061386 0.022674727704910524 -0.044987347573867832 -0.049471803897269323 0.070630508602763459 -0.031395077044612828 0.04171042896457812 -0.045547209045241836 0.042219162674497733 -0.069028406624591226 -0.094084104094690882 0.0067617083507158227
leaf_weight=17.497676737606529 4.4842440932989112 13.941730119287966 8.8454038724303263 10.102837532758711 107.64596713334322 70.597755648195744 9.2163466587662679 8.0122744739055687 12.205005921423433 5.4793997704982749 11.992467634379862 65.241156093776226 15.346852868795393 11.971854977309702 57.194202065467834 6.6845738887786883 42.651338472962379 10.951014280319212 7.6490375325083724 5.0588459745049468 25.3823521733284 104.80896371603012 3.6276404410600689 3.8899638578295699 35.207809902727604 4.2713147774338713 3.5500364899635306 2.9318153262138367 6.6897696033120155 10.893770650029181
leaf_count=167 37 72 66 52 879 552 112 59 71 48 72 453 72 59 287 43 263 65 59 40 161 625 39 32 361 33 29 16 32 100
internal_value=-0.0309345 -0.0360475 -0.0456672 -0.00934714 -0.0166012 -0.0200279 0.0295469 -0.0126625 -0.0496169 -0.0342284 -0.0462065 -0.05185 -0.0415998 -0.0551022 -0.0604271 -0.0715773 -0.0442012 -0.0327942 -0.0389861 -0.0252951 -0.0326418 -0.0530704 0.0216626 0.0255956 0.029701 0.00720152 -0.0434021 -0.00809938 -0.0605115 0.022717
internal_weight=704.023 641.649 471.702 169.947 143.233 91.6482 26.714 133.13 21.0504 25.4841 20.0047 380.054 91.539 288.515 193.831 77.0504 94.6833 76.1922 80.7416 38.0902 33.0314 116.781 62.3747 57.8905 54.0005 18.7927 19.8562 6.48185 13.3743 14.5214
internal_count=4956 4354 2965 1389 1110 689 279 1058 137 179 131 2276 590 1686 1091 407 595 518 523 260 220 684 602 565 533 172 120 45 75 139
is_linear=0
shrinkage=0.05


Tree=7
num_leaves=31
num_cat=0
split_feature=1 1 5 1 2 1 15 22 11 22 11 18 1 1 22 13 20 16 27 27 13 25 20 0 21 22 27 11 27 13
split_gain=67.76 58.4534 26.5533 17.3977 10.4807 8.52356 6.95476 6.80463 6.78848 8.19858 6.24708 6.11694 6.57296 8.39897 5.98867 7.80022 5.79456 5.64119 5.63838 5.51163 6.01171 5.21825 5.17677 5.13194 6.9364 4.99951 10.242 7.05349 4.84606 7.26565
threshold=0.00075336417078729605 -0.00030740014416097259 1.0000000180025095e-35 -0.0011717280722065052 1.0000000180025095e-35 0.00044563178918332393 3.7319518223667503e-05 0.99574003194862604 -0.00026707004524195716 0.10795121778715523 0.00027486878668891995 50.440355694971693 -0.00011178882532942966 5.7928522372942616e-05 0.49287045287422987 2.9920201566335796e-07 0.28672227402565459 2.5202822632056943e-05 -0.00030438399352747408 -4.1303956688459524e-06 0.0002665185134596571 0.00034326208516863044 0.77388932916742126 0.00054881720489073648 7.0862744156220875e-06 0.81773333575953955 -0.00023156384090091203 -0.00033123781991184481 1.8496454053554281e-05 -0.00017537215256024916
decision_type=2 2 2 2 2 2 2 2 2 2 2 2 2 2 2 2 2 2 2 2 2 2 2 2 2 2 2 2 2 2
left_child=1 3 7 8 -5 14 16 11 9 -1 -8 12 18 17 -4 23 -7 -14 -3 20 -15 28 -17 24 -16 26 27 -2 -6 -30
right_child=25 2 5 4 21 6 10 -9 -10 -11 -12 -13 13 19 15 22 -18 -19 -20 -21 -22 -23 -24 -25 -26 -27 -28 -29 29 -31
leaf_value=0.022703599590104043 -0.035789801143995513 -0.070643203441931091 -0.08425333908202455 -0.064634952922741726 0.0029930774171225516 -0.0084755887576778138 -0.048158685565718118 -0.034914418176224274 0.060756854777558045 -0.080396791183010102 0.0051282202815661265 -0.060810306424305065 -0.05044532518853239 -0.0292136512455573 0.028539003014509109 -0.071323919635489022 0.044708502279999771 -0.07907658971349607 -0.02650140826039948 -0.079181090722047404 -0.093050970913941808 -0.032229074456615825 -0.026845957486512341 0.037131208299019065 -0.055413566062769842 0.028248511586524007 -0.096214182229437784 0.047322822750199389 -0.050630775453908129 -0.0073700542312340996
leaf_weight=14.010814554989343 4.1724782809615126 8.4175357744097692 5.109522931277751 10.170206703245638 56.263010300695896 10.10332787781954 11.202243909239771 71.671742923557758 10.073874063789843 2.2359480783343306 10.805578820407389 120.72614558786154 34.451975360512733 50.743424043059349 4.1624978855252284 10.245118804275991 10.386585868895052 34.364124208688736 51.462881863117218 7.6431476920843116 3.9770300462841979 25.700615532696247 18.099105268716812 6.0271411836147299 6.016941212117672 48.46838116645813 2.5605876892805091 6.5760520845651618 12.953161239624022 38.713191725313663
leaf_count=141 33 43 27 52 483 80 76 461 124 14 91 670 200 333 36 60 99 168 344 37 20 179 129 52 39 487 14 68 87 309
internal_value=-0.0292317 -0.0340178 -0.0430148 -0.00886438 -0.0157052 -0.0189161 -0.0024786 -0.0488065 0.0285096 0.00851449 -0.0219954 -0.052 -0.0464329 -0.0526987 -0.0329828 -0.0271026 0.0184841 -0.0647427 -0.0327065 -0.0394086 -0.0338533 -0.0119813 -0.0429227 0.000565721 -0.0210843 0.0207949 -0.00634901 0.0150593 -0.00715975 -0.0182159
internal_weight=707.514 645.737 475.616 170.121 143.8 92.1581 42.4977 383.458 26.3206 16.2468 22.0078 311.786 191.06 131.18 49.6603 44.5508 20.4899 68.8161 59.8804 62.3636 54.7205 133.63 28.3442 16.2066 10.1794 61.7775 13.3091 10.7485 107.929 51.6664
internal_count=4956 4354 2965 1389 1110 689 346 2276 279 155 167 1815 1145 758 343 316 179 368 387 390 353 1058 189 127 75 602 115 101 879 396
is_linear=0
shrinkage=0.05


Tree=8
num_leaves=31
num_cat=0
split_feature=1 1 1 1 27 27 2 14 16 27 12 15 1 21 27 21 25 14 11 17 17 14 25 13 16 1 1 12 17 17
split_gain=60.7101 51.9741 23.8024 15.7998 13.1878 9.65201 9.41434 7.16792 6.2879 7.27492 7.34706 6.98313 4.8411 8.19514 7.66171 6.93224 7.83615 6.30596 5.23794 4.9565 5.89855 4.68822 6.19144 4.6753 4.58821 8.79699 5.50407 6.02102 4.49849 6.00463
threshold=0.00075336417078729605 -0.00030740014416097259 0.00035167386117356572 -0.0011717280722065052 0.00050284353236265851 -6.2741560939776631e-05 1.0000000180025095e-35 8.8780747066812208e-05 6.1951391052444241e-05 -9.0026436044320641e-05 9.1764476454980773e-05 2.3569435877592057e-05 0.00017061049250199046 4.9339092864410582e-05 -4.0753414514918335e-05 5.3311325789891087e-08 0.00020776186473738404 2.8217800138922995e-05 -0.00016391249950298278 0.78799864344719162 0.93934414089019869 0.00020629359297224964 0.00034326208516863044 -0.00010255053362340226 0.00023132379374673641 0.0022436141598139009 0.001021476632989725 0.00028823649736331452 0.66827780013957971 0.60516881744475837
decision_type=2 2 2 2 2 2 2 2 2 2 2 2 2 2 2 2 2 2 2 2 2 2 2 2 2 2 2 2 2 2
left_child=1 3 12 7 5 8 -5 -1 9 10 11 -4 14 17 -3 -16 19 -14 -15 28 -21 22 -8 -22 26 -26 27 -2 29 -17
right_child=24 2 4 6 -6 -7 21 -9 -10 -11 -12 -13 13 18 15 16 -18 -19 -20 20 23 -23 -24 -25 25 -27 -28 -29 -30 -31
leaf_value=0.060271049390175413 0.021290566202739086 -0.062524121605642233 0.030634428061381454 -0.061142098478837427 -0.089170556358366265 0.0011349386725145335 -0.0082711866077236768 0.0064092685748670039 -0.05789397703082675 -0.074462431307375496 0.03975657825081555 -0.044322201100513582 -0.029441943475458685 -0.011031083537241727 -0.080476434246953943 -0.022319706438833152 -0.057769024171329911 0.019555427780617418 -0.058336687422840899 -0.081281185403145439 -0.016775628325569822 0.03064477635584046 -0.036943282085461375 -0.044715882804886337 -0.076321043527697335 0.038967204712152315 0.040058116235254786 -0.035719496885790548 0.030674610867580311 -0.09174502159755081
leaf_weight=10.164834447205068 20.275745488703254 79.301965862512589 4.2840534821152714 10.212430290877817 6.1796035617589942 49.765793591737747 104.79061930626631 15.744382023811339 14.638711452484129 4.5758892819285419 6.4381534084677687 11.311118617653845 33.310891769826412 6.9594899863004676 12.523593887686728 42.733436658978462 57.696708381175995 8.1790274605154973 36.75875236839056 8.9437452331185323 19.107856750488281 6.3347270041704169 22.952350996434689 69.178065977990627 3.3478643372654906 3.2715858593583107 28.258035555481911 6.0023943558335295 3.5972914323210707 3.3593561723828307
leaf_count=127 196 417 37 52 27 407 844 152 87 27 56 74 223 49 60 280 314 65 210 45 132 63 151 411 23 34 302 47 28 16
internal_value=-0.0276554 -0.0321427 -0.0405782 -0.00841017 -0.0184881 -0.0136889 -0.0148656 0.0275406 -0.031574 -0.0170943 -0.00518012 -0.0237313 -0.0462038 -0.0357002 -0.0492229 -0.0443652 -0.042155 -0.019783 -0.0508061 -0.0360232 -0.0425885 -0.0113408 -0.0134229 -0.0386687 0.019969 -0.0193412 0.0247403 0.00826845 -0.0231768 -0.0273796
internal_weight=710.198 649.043 478.844 170.199 97.1933 91.0137 144.29 25.9092 41.2479 26.6092 22.0333 15.5952 381.65 85.2082 296.442 217.14 204.616 41.4899 43.7182 146.92 97.2297 134.078 127.743 88.2859 61.1556 6.61945 54.5362 26.2781 49.6901 46.0928
internal_count=4956 4354 2965 1389 715 688 1110 279 281 194 167 111 2250 547 1703 1286 1226 288 259 912 588 1058 995 543 602 57 545 243 324 296
is_linear=0
shrinkage=0.05


Tree=9
num_leaves=31
num_cat=0
split_feature=7 7 5 27 7 11 22 0 7 16 22 14 15 7 27 14 7 27 17 19 22 22 27 11 16 18 22 18 19 15
split_gain=54.4867 46.3869 26.863 16.6782 10.3307 7.30581 6.4057 6.10025 6.69518 5.86833 5.66519 5.48455 5.69744 5.28681 5.93164 4.92385 6.46224 6.65966 8.31848 4.7696 4.60434 4.50362 8.96612 6.26723 4.49845 4.45696 5.06794 4.44798 7.9842 4.4895
threshold=0.00075336417078730744 -0.00044295323086951383 1.0000000180025095e-35 -0.00064257321679016082 -0.0011717280722065568 -0.00028680837017314159 0.065642520869906712 0.00086830613725761088 0.00051308974654284978 7.9666951071134925e-05 0.99574003194862604 0.00020225411805219198 6.4232539506779303e-05 -8.701037765779239e-05 -9.3126091759247338e-05 7.7244580468267726e-05 0.00015921276172659041 -2.8836391262690483e-05 0.76154303904778631 -9.6939939501314732e-05 0.74668423235144743 0.81773333575953955 -0.00023156384090091203 -0.00033123781991184481 7.2568641576696745e-08 1.0826411163701837 0.79394776211004714 56.653347212947189 4.4006619276303067e-05 9.2676308718927258e-05
decision_type=2 2 2 2 2 2 2 2 2 2 2 2 2 2 2 2 2 2 2 2 2 2 2 2 2 2 2 2 2 2
left_child=1 3 10 -1 5 6 -5 8 9 -4 13 12 19 14 -3 16 -15 18 25 -6 -9 22 23 -2 -12 -18 -27 -16 -29 -30
right_child=21 2 7 4 11 -7 -8 20 -10 -11 24 -13 -14 15 27 -17 17 -19 -20 -21 -22 -23 -24 -25 -26 26 -28 28 29 -31
leaf_value=-0.082723656518254585 -0.033355868750206692 -0.063445829073799684 -0.021167936052148825 0.022163335725364469 -0.047858128789590532 0.063618740721960054 -0.065265308336771022 -0.061781049468830819 0.012585975136036293 0.047625284662468084 -0.073417203847305379 0.041681096410084495 -0.028723458195302278 -0.05370103395817688 -0.024830338684777149 -0.067178273825192564 -0.0034322338790473842 -0.065395270605355341 0.014600596098106209 0.0025485162432879933 -0.010097745014537082 0.026373871081508089 -0.089515863042951171 0.045177967050326062 -0.027168542020769116 -0.067081114748529333 -0.0076061202539503842 -0.057706377607634189 0.022799542069676895 -0.058460596474977082
leaf_weight=6.3072966486215583 4.2278796881437293 19.219056166708469 83.684849448502064 12.970257863402368 5.100564405322074 9.5718227922916395 2.4986845925450316 12.066247425973417 21.426385425031185 3.219267562031745 5.706145614385604 5.5136094316840163 27.441472806036472 116.8165437951684 62.209135331213474 38.898066133260727 6.9554510116577175 11.229897879064081 11.144256643950937 58.724384836852551 6.7032866328954688 47.351353377103806 2.6171374544501296 6.3648287504911414 66.917238511145115 12.92778702825308 4.9545303359627715 31.343391366302967 5.6014373302459699 2.440218597650528
leaf_count=28 33 97 607 133 33 127 17 70 189 29 28 58 200 631 408 197 50 57 86 488 50 487 14 68 433 72 35 174 43 14
internal_value=-0.0261927 -0.030409 -0.0370093 -0.003444 0.000660724 0.0292856 0.00804106 -0.0170071 -0.0124475 -0.0186196 -0.0434233 -0.00674565 -0.00967122 -0.0462545 -0.0379735 -0.0511846 -0.0473918 -0.0317809 -0.0212899 -0.00147973 -0.0433231 0.0191722 -0.00664276 0.0138327 -0.0308024 -0.0373934 -0.0506028 -0.0331548 -0.0463034 -0.00185863
internal_weight=712.152 651.591 523.463 128.128 121.821 25.0408 15.4689 127.1 108.331 86.9041 396.363 96.78 91.2664 323.74 120.813 202.927 164.028 47.2119 35.982 63.8249 18.7695 60.5612 13.2098 10.5927 72.6234 24.8378 17.8823 101.594 39.385 8.04166
internal_count=4956 4354 3270 1084 1056 277 150 945 825 636 2325 779 721 1864 736 1128 931 300 243 521 120 602 115 101 461 157 107 639 231 57
is_linear=0
shrinkage=0.05


Tree=10
num_leaves=31
num_cat=0
split_feature=1 1 5 27 1 13 26 11 0 13 13 13 1 1 27 27 19 14 17 14 25 20 22 21 0 11 0 20 14 11
split_gain=41.9504 46.0541 29.6085 8.58843 5.74712 5.77383 5.52832 4.95 5.23432 6.0331 5.32252 4.91957 4.58595 11.6143 11.3956 10.1647 5.40741 5.09579 4.79564 5.08987 6.83651 4.9143 4.48309 5.07171 6.99384 4.46631 4.39872 4.37086 4.65478 6.52968
threshold=0.00076649794495945659 -0.00080551992179258604 1.0000000180025095e-35 0.00047728745535731057 -0.0011131326632877203 -0.00072281432421966707 1.5625218249841361e-06 0.00043714127257366014 0.00079408964429035207 0.00031694575574714451 0.00038826721069890052 -0.00093122578538212808 0.00013871319340838422 -8.7010377657791821e-05 0.00018564710376031373 -9.3126091759247338e-05 3.0312104607203393e-05 7.4594460881437951e-05 0.93293509587989321 0.00010180890075081499 0.00053288838481484939 2.1794494717699098 0.85286928661382799 0.00030881408989101355 0.0014183033022935811 7.3480623450805651e-05 0.0010438764822153256 -2.1794494717710688 8.208069954533606e-05 -0.00035014361520713239
decision_type=2 2 2 2 2 2 2 2 2 2 2 2 2 2 2 2 2 2 2 2 2 2 2 2 2 2 2 2 2 2
left_child=1 4 12 7 5 11 -2 8 9 27 -11 -1 13 15 18 -3 17 -15 -14 20 21 -20 25 24 -24 -8 -18 -4 -29 -30
right_child=6 2 3 -5 -6 -7 22 -9 -10 10 -12 -13 14 16 -16 -17 26 -19 19 -21 -22 -23 23 -25 -26 -27 -28 28 29 -31
leaf_value=0.026440941805740126 0.03184594568321053 -0.059821296470918495 -0.044079774509343653 -0.080233661554267782 0.0015542337418085245 0.049994420613646139 8.7275309803953549e-05 0.024616600708994848 -0.029799051564229857 -0.066099504056233174 0.0047513385944861876 -0.054361153656810671 -0.032999362926729336 -0.050401997518388079 -0.066252264155668664 -0.024497002829075073 -0.037767988939771888 -0.08044076628200858 -0.019954175069625758 -0.038618219915879465 0.052593864365072254 0.034593789608360279 -0.0084617403476719474 -0.030692154157431258 0.056347509918350316 -0.075368120913517189 0.01953137330868792 -0.0070427673206549801 -0.0044377954714438731 0.06018948719799902
leaf_weight=5.7824000716209412 30.540511459112167 24.617710568010807 6.7566184327006331 4.6880548596382132 28.621846534311771 17.940113604068756 4.9304399564862269 8.9243808239698392 38.2837258502841 7.9514671117067319 3.9763031899929047 2.7939290776848811 53.057844370603561 124.99388942122459 17.775076597929001 117.88942051678896 19.194789543747905 15.916256316006182 23.548588760197166 12.173480346798895 5.0739906355738631 5.0069007948040953 7.6815206408500734 5.0054176673293105 9.0874060168862325 3.2564144805073738 4.057397060096263 89.903839506208897 9.5130446702241915 6.6339485570788375
leaf_count=58 325 124 49 23 236 216 45 79 268 49 31 22 337 679 85 772 111 72 158 76 44 40 70 44 104 21 29 703 79 64
internal_value=-0.0229598 -0.0266389 -0.0306581 -0.0134624 0.0170916 0.0338626 0.0168759 -0.0116419 -0.0136269 -0.00866331 -0.0424803 0.00011787 -0.0378332 -0.0410428 -0.0293945 -0.0305992 -0.0501087 -0.053795 -0.0227675 -0.0109151 -0.000886847 -0.0103898 0.00161633 0.0134758 0.0266596 -0.029926 -0.0277695 -0.00508765 -0.00260342 0.0221141
internal_weight=715.577 655.075 599.937 176.631 55.1383 26.5164 60.5017 171.943 163.019 124.735 11.9278 8.57633 423.305 306.669 116.636 142.507 164.162 140.91 98.8608 45.803 33.6295 28.5555 29.9612 21.7743 16.7689 8.18685 23.2522 112.807 106.051 16.147
internal_count=5013 4404 3872 1345 532 296 609 1322 1243 975 80 80 2527 1787 740 896 891 751 655 318 242 198 284 218 174 66 140 895 846 143
is_linear=0
shrinkage=0.05


Tree=11
num_leaves=31
num_cat=0
split_feature=7 7 3 7 7 2 12 7 13 27 7 27 24 18 22 22 18 20 26 13 7 17 14 15 13 18 13 26 15 18
split_gain=37.9209 42.5864 15.7235 12.6689 15.9524 9.21613 6.33128 5.34051 5.44408 5.09562 5.0679 8.01111 5.0353 4.81751 4.76624 4.75281 6.05261 4.4161 4.85288 5.7687 5.72142 6.65654 4.43435 7.29048 8.71513 5.35285 5.4306 4.30734 6.53075 4.77165
threshold=0.0006497382344735626 -0.00080551992179256338 1.0000000180025095e-35 -0.00028299357939948194 0.00017061049250199914 1.0000000180025095e-35 -0.00045513435812188913 -0.001113132663287719 -0.00072281432421966707 -1.4972087441227435e-07 -8.701037765779239e-05 -9.3126091759247338e-05 0.72689075630252109 18.834880721914541 0.81773333575953955 0.9997156667383994 59.670305461582707 -2.1794494717710688 0.00083170532004624251 -0.00022580979333020054 -0.00041085284056308064 0.66059123142290188 8.0210377430641353e-05 6.303639464364125e-05 -0.00030972960669700672 0.22246941050126171 -0.00035133652235025398 0.00039593945522016391 4.9331008615119088e-05 50.00899604173695
decision_type=2 2 2 2 2 2 2 2 2 2 2 2 2 2 2 2 2 2 2 2 2 2 2 2 2 2 2 2 2 2
left_child=1 7 -2 6 10 9 -3 8 13 -6 11 -5 17 -1 27 -11 -17 -8 22 -20 21 -21 23 24 -19 26 -24 28 29 -4
right_child=2 3 14 4 5 -7 12 -9 -10 15 -12 -13 -14 -15 -16 16 -18 18 19 20 -22 -23 25 -25 -26 -27 -28 -29 -30 -31
leaf_value=0.021853058020672944 -0.10733195751816094 -0.061755051787913753 -0.0016141378903483301 -0.061747233856477061 -0.026242270606298346 -0.056699624567747943 -0.056294666039845724 0.0014772684280407961 0.048773266921915123 0.036603357288912043 -0.045733745878003648 -0.025395873741443777 0.048463770870380563 -0.064548905738302423 0.02229266247130134 -0.051551147093283026 -0.0059133295262323807 0.057264068369435261 -0.072097540350421388 0.052694363987501616 -0.060873422873199294 -0.030981062844667191 -0.019115310076683129 -0.087363301053662121 -0.015653815405462925 0.049890381530759094 0.04357609517150185 -0.06514621807284951 0.031676710859355584 -0.09072443398875174
leaf_weight=6.4159641712903994 2.7061876803636542 7.0657591149210921 4.0070526078343418 18.46095184981823 79.952024891972542 16.685640171170235 6.0653876736760131 28.607739202678204 17.481558591127396 5.5367066636681548 185.1504196152091 84.666516356170177 3.237063840031623 2.1552408114075661 57.74715219438076 8.30169679969549 58.17438593506813 4.4166927114129058 6.7601006031036404 4.2654275745153427 4.7735532522201511 5.3679562732577324 13.580169521272186 3.2389659434556952 56.745776005089283 6.4322035089135161 4.6328511908650407 2.7275298386812201 8.5847613587975484 2.4033183380961418
leaf_count=65 11 40 35 91 533 83 41 236 216 46 1014 535 29 15 589 52 441 40 36 40 27 37 105 17 422 58 43 17 84 15
internal_value=-0.021783 -0.0258094 0.0110855 -0.0297626 -0.0336403 -0.021426 -0.015765 0.0163918 0.032769 -0.0175529 -0.040786 -0.0319032 -0.0130461 0.00012717 0.0153317 -0.0079056 -0.0116127 -0.0147584 -0.0124726 -0.033992 -0.0161119 0.00606838 -0.00735726 -0.0142596 -0.0103882 0.0106795 -0.00316848 -0.00734985 0.00316298 -0.0350226
internal_weight=716.347 638.171 78.176 583.51 456.928 168.65 126.582 54.6605 26.0528 151.965 288.278 103.127 119.516 8.5712 75.4698 72.0128 66.4761 116.279 110.214 21.167 14.4069 9.63338 89.0467 64.4014 61.1625 24.6452 18.213 17.7227 14.9951 6.41037
internal_count=5013 4262 751 3730 2795 1155 935 532 296 1072 1640 626 895 80 740 539 493 866 825 140 104 77 685 479 462 206 148 151 134 50
is_linear=0
shrinkage=0.05


Tree=12
num_leaves=31
num_cat=0
split_feature=1 1 5 27 12 16 1 13 26 19 13 25 21 0 27 1 27 18 19 1 1 21 1 19 1 12 25 17 17 27
split_gain=34.2746 37.2066 24.1798 7.14933 5.38329 5.95106 4.9657 5.12964 4.96089 4.72641 4.31881 3.94896 5.06145 3.81392 4.65169 8.11706 7.7662 6.16025 5.99964 9.53322 4.14849 4.14807 6.1158 4.40403 3.99568 3.95522 7.12635 5.88281 3.69902 4.96202
threshold=0.00076649794495945659 -0.00080551992179258604 1.0000000180025095e-35 0.00047728745535731057 -0.00045513435812188913 6.9653377729051073e-05 -0.0011131326632877203 -0.00072281432421966707 1.5625218249841361e-06 -3.7634555263859935e-05 -0.00093122578538212808 0.00028993049968876913 0.00013684914215111364 6.3005589391506653e-05 -0.00010003416594479343 6.8165981680424296e-05 0.00022130863705631355 26.06622714024029 4.62566815076643e-05 1.0000000180025095e-35 -0.00055938333131068591 5.9001979562545871e-05 0.00022872377612706825 -7.5725291632228062e-05 0.00024080012183442165 -1.479638730428334e-07 0.00011454259435568093 1.7207566052154386 0.463957834276153 -0.00046550564861923429
decision_type=2 2 2 2 2 2 2 2 2 2 2 2 2 2 2 2 2 2 2 2 2 2 2 2 2 2 2 2 2 2
left_child=1 6 13 4 -4 -6 7 10 -2 11 -1 12 -7 -3 15 -15 20 21 -18 25 -16 22 -17 -23 -22 -20 27 -27 -25 -30
right_child=8 2 3 -5 5 9 -8 -9 -10 -11 -12 -13 -14 14 16 17 18 -19 19 -21 24 23 -24 28 -26 26 -28 -29 29 -31
leaf_value=0.025288561364220502 0.030083256735885085 -0.055639285946424227 -0.080604271265434416 -0.072661471537692049 -0.01249204974803865 -0.028659356901675322 0.0014040816913740864 0.047591223192537793 0.001203257042463237 0.040714590163954859 -0.050045239814580256 -0.057337679234002195 0.071905325502746031 -0.055582441163284757 0.020318152389278626 -0.0081894595757250385 -0.054094345628171475 -0.043673002495107305 0.033567978845970015 -0.05737974138112243 -0.028095900145264443 0.0061845532171376887 0.081936003036218896 -0.081026219972914898 -0.0056308634078581421 0.067055825942902547 -0.066014289879636118 -0.026839704581287083 -0.06182055774816167 0.019786074223208376
leaf_weight=5.6977081373333931 29.791148446500301 19.439501985907555 2.6870130300521842 4.7345411777496329 152.26816057413816 2.8316242247819927 28.594309605658054 17.031490184366703 29.688235394656658 10.04349774122238 2.8561993539333361 2.9038532972335815 2.2417353540658951 54.089000962674618 5.0217744484543791 8.1218239739537257 47.705912053585052 33.817791044712067 5.6114957630634335 13.249332040548323 183.85460741072893 6.60062247514725 2.4502103328704825 4.4163683205842954 22.18120414018631 2.9996970891952532 4.56697116792202 3.7579871341586113 3.9472535327076939 3.5272294431924793
leaf_count=58 325 100 14 23 1151 21 236 216 284 93 22 19 24 272 41 54 258 195 44 66 1123 47 23 22 160 27 25 23 21 26
internal_value=-0.0206781 -0.0239673 -0.0275331 -0.0120437 -0.0103845 -0.0092765 0.0157226 0.031725 0.0156682 0.0178937 0.000134168 -0.0108384 0.0157766 -0.0340044 -0.0329683 -0.0413808 -0.0295627 -0.0291649 -0.0430561 -0.0256109 -0.024583 -0.0122836 0.0126983 -0.0265664 -0.0256774 -0.00075784 -0.0177667 0.01484 -0.0447464 -0.0233102
internal_weight=716.728 657.249 603.069 177.71 172.976 170.289 54.1797 25.5854 59.4794 18.0207 8.55391 7.97721 5.07336 425.359 405.919 116.97 288.949 62.8813 77.8914 30.1855 211.058 29.0635 10.572 18.4915 206.036 16.9362 11.3247 6.75768 11.8909 7.47448
internal_count=5013 4404 3872 1345 1322 1308 532 296 609 157 80 64 45 2527 2427 660 1767 388 443 185 1324 193 77 116 1283 119 75 50 69 47
is_linear=0
shrinkage=0.05


Tree=13
num_leaves=31
num_cat=0
split_feature=1 1 5 0 16 1 19 22 17 27 14 15 21 21 17 20 20 1 27 1 27 15 14 15 11 19 14 21 17 19
split_gain=30.8786 33.4738 21.8437 6.85927 6.64713 4.61458 5.00385 5.04468 4.57625 4.42242 4.10765 4.00244 4.45637 3.93393 4.56466 3.81593 6.4078 3.71338 8.77195 8.15784 7.45606 4.23053 6.52184 5.37706 7.44466 4.17768 4.98827 4.10851 3.8466 3.6934
threshold=0.00076649794495945659 -0.00080551992179258604 1.0000000180025095e-35 0.00079408964429035207 8.0460116598130685e-05 -0.0011131326632877203 -8.3508047348192072e-05 0.10795121778715523 1.8974052829905697 0.00047728745535731057 0.00023641442813804301 7.5573694566176102e-05 0.00011508346903504875 8.8301514083386816e-05 0.91041010583314386 0.35140570509856744 0.069289564920467228 0.00013871319340838422 0.00018564710376031373 -8.7010377657791821e-05 -9.3126091759247338e-05 7.5573694566176102e-05 4.776835750484745e-05 3.3640016868158091e-05 -7.0710812395402542e-05 3.0312104607203393e-05 7.4594460881437951e-05 4.1137466634589817e-05 0.0043028170924741581 -7.7294228983895819e-05
decision_type=2 2 2 2 2 2 2 2 2 2 2 2 2 2 2 2 2 2 2 2 2 2 2 2 2 2 2 2 2 2
left_child=1 5 10 4 -4 6 7 8 -1 11 17 12 13 14 15 16 -5 19 21 20 -3 22 23 24 -19 26 -21 -25 -26 -22
right_child=-2 2 3 9 -6 -7 -8 -9 -10 -11 -12 -13 -14 -15 -16 -17 -18 18 -20 25 29 -23 -24 27 28 -27 -28 -29 -30 -31
leaf_value=0.052149567589684656 0.015006465762955421 -0.052369178245930847 -0.0080867107326360113 -0.0011368103519345844 0.047274611313697819 0.0013344905436076858 0.057577300365052347 -0.058010130828229679 -0.0080524946297653565 -0.084055277533188935 0.0032286254788674428 0.0094284740194464159 -0.062682615819892179 0.039618492105676251 -0.05916326668682112 0.029370062097785504 -0.08182181529450068 0.039858864993150625 -0.058424756999900976 -0.04340936646446672 -0.054187543563634082 -0.045218443076794464 0.011143078284753565 0.0071976247515386262 -0.049934229186345845 -0.023525839022461525 -0.074034271051952344 -0.056043450911308468 -0.012935356067771559 -0.019337530737321345
leaf_weight=6.8136716857552546 59.019536532461643 24.024681411683559 127.88796525448561 7.7836839780211502 5.6620772480964652 28.581526339054108 10.25519262999296 2.183930091559886 5.8814110085368156 3.3032954633235923 8.0005386993288976 7.3831199854612342 8.4405679479241353 2.4391817301511756 7.5089222490787497 4.1486876085400572 3.5982837602496147 5.7140278071165076 16.963437430560589 125.57604075223207 8.1756074875593168 13.690684229135512 18.300245620310307 3.0830520913004902 9.001956067979334 22.682159893214703 14.871228061616419 15.378349363803862 31.985640086233616 108.46537377685308
leaf_count=80 609 121 984 58 56 236 146 14 56 15 58 62 48 21 46 36 19 47 82 679 47 79 136 22 51 135 67 87 214 702
internal_value=-0.0196387 -0.0227472 -0.0261107 -0.0114096 -0.00573957 0.0150773 0.030705 0.0121836 0.024259 -0.0283856 -0.03226 -0.0239332 -0.031195 -0.0207638 -0.0271564 -0.0116814 -0.0266445 -0.0329394 -0.0252494 -0.0358281 -0.0270046 -0.0194569 -0.0152311 -0.022638 -0.0136076 -0.0434365 -0.0466521 -0.0454822 -0.0210613 -0.0217802
internal_weight=716.804 657.785 604.069 178.156 133.55 53.7157 25.1342 14.879 12.6951 44.6057 425.913 41.3024 33.9193 25.4788 23.0396 15.5307 11.382 417.912 114.117 303.795 140.666 97.154 83.4633 65.163 46.7016 163.129 140.447 18.4614 40.9876 116.641
internal_count=5013 4404 3872 1345 1040 532 296 150 136 305 2527 290 228 180 159 113 77 2469 718 1751 870 636 557 421 312 881 746 109 265 749
is_linear=0
shrinkage=0.05


Tree=14
num_leaves=31
num_cat=0
split_feature=1 1 5 2 0 1 13 18 22 1 1 27 2 19 1 13 20 21 25 21 21 0 26 25 13 18 25 17 19 19
split_gain=28.0459 31.0407 16.8114 13.6356 6.53186 4.37748 5.08477 4.36201 4.11226 3.64493 9.29161 7.21206 6.39872 5.6154 5.02676 4.2738 5.18147 5.04983 4.59646 3.78086 3.7029 3.80071 3.59675 3.51824 7.65044 4.28722 8.3749 4.39813 4.35413 3.93709
threshold=0.00064973823447355154 -0.00080551992179258604 1.0000000180025095e-35 1.0000000180025095e-35 0.00079408964429035207 -0.0012225737445673566 -0.00072281432421966707 8.4739417521469438 0.81773333575953955 -8.7010377657791821e-05 6.3389570346064118e-05 -9.3126091759247338e-05 1.0000000180025095e-35 4.62566815076643e-05 1.0000000180025095e-35 0.00034814235847313585 1.4999951619742591 0.00019804236183212511 0.00024752407916795843 0.00017349022000114742 3.0012505724572869e-05 0.00020392074091789083 0.00039593945522016391 0.0023783024256536158 0.0014587551630868558 86.869829291725395 0.00087520054290949809 0.59814651598907187 2.679060198948146e-05 0.00012329734610277643
decision_type=2 2 2 2 2 2 2 2 2 2 2 2 2 2 2 2 2 2 2 2 2 2 2 2 2 2 2 2 2 2
left_child=1 5 9 8 -4 6 7 -1 22 11 13 -3 15 -11 -15 16 17 -12 20 -14 21 -18 -2 24 25 26 -10 28 -28 -29
right_child=3 2 4 -5 -6 -7 -8 -9 23 10 12 -13 19 14 -16 -17 18 -19 -20 -21 -22 -23 -24 -25 -26 -27 27 29 -30 -31
leaf_value=0.033691448048679462 0.0025667672973565814 -0.049131632924575987 -0.0065920737846577055 -0.10052322818265919 -0.029628629964683895 0.0029743160738997594 0.051602275622934693 -0.041310986429599628 -0.050337520796369377 -0.048325905308528566 -0.025793441401365746 -0.019299488098572376 -0.056762257328805854 0.030877959770189659 -0.042512076377101658 -0.048940567109325213 -0.0067058137592546033 0.041746054269729084 0.054929715465646345 -0.00096420012935601864 0.021972615859422572 -0.071779555182985191 -0.059572758984872048 0.065708189789443747 -0.058982409112951467 0.033995671170855335 0.035899171077222819 0.066213960305600644 -0.045359080901517648 -0.0183917188212693
leaf_weight=4.399151615798476 14.842847220599653 24.393493838608265 128.58040184527636 2.6977452337741843 40.451593466103077 32.397508319467306 12.960552457720039 3.4657952859997749 5.2372798100113895 105.3457440212369 95.373608402907848 119.54848226159811 22.260253876447681 4.4133202731609327 4.9503184780478477 13.195090763270853 8.0812695845961624 2.8502944484353057 3.5840583071112624 3.5153699889779082 6.8177936673164359 3.1063575372099868 2.7620431557297698 3.9980299323797217 3.1122280061244956 29.377698987722397 3.1234422251582137 6.3643343821167928 3.4912854135036469 1.7540057003498075
leaf_count=47 134 124 991 11 271 277 181 27 39 548 587 772 109 32 27 74 53 22 31 22 51 16 17 49 25 317 34 77 31 17
internal_value=-0.0186635 -0.0220903 -0.0254084 0.00989442 -0.012105 0.014471 0.0323561 0.00064061 0.0139164 -0.0307953 -0.0341848 -0.0243551 -0.0263516 -0.0450277 -0.00792149 -0.0219331 -0.0189588 -0.0238336 0.0032197 -0.0491523 -0.00707341 -0.0247742 -0.00718235 0.0204954 0.0170497 0.0218448 0.00397011 0.0232753 -0.00698933 0.0479345
internal_weight=716.451 639.69 586.467 76.7609 169.032 53.223 20.8255 7.86495 74.0632 417.435 273.493 143.942 158.784 114.709 9.36364 133.008 119.813 98.2239 21.5895 25.7756 18.0054 11.1876 17.6049 56.4583 52.4603 49.348 19.9703 14.7331 6.61473 8.11834
internal_count=5013 4262 3730 751 1262 532 255 74 740 2468 1572 896 965 607 59 834 760 609 151 131 120 69 151 589 540 515 198 159 65 94
is_linear=0
shrinkage=0.05


Tree=15
num_leaves=31
num_cat=0
split_feature=1 1 5 2 22 18 0 18 1 0 0 19 11 25 17 22 1 24 0 11 24 24 25 25 25 12 0 18 0 12
split_gain=28.9627 28.4724 13.4112 12.0787 10.8093 10.1614 7.11579 5.88581 5.66748 5.75306 5.11762 4.31377 5.34598 5.12112 7.13988 4.08938 5.84791 5.14469 5.13936 4.79517 3.87783 3.63372 3.64344 7.63416 4.67982 5.19929 5.76974 4.60765 4.39171 3.5799
threshold=0.00061416549860687558 -0.00064957290960426567 1.0000000180025095e-35 1.0000000180025095e-35 0.20986943596157329 71.484087928519827 0.0015395058080672293 84.894280301425724 0.0011174777625706934 0.0021974505024867984 0.00079408964429035207 7.3515357461665496e-05 0.00021709808298764346 0.00027812454310212391 0.88311413339312084 0.90794617902551844 -0.00025425917836228155 0.71008403361344552 0.00037483215808034235 0.00027486878668891995 0.53361344537815136 0.70168067226890762 0.00011807072407295304 0.00034326208516863044 8.5117246021438321e-05 -0.00029592281701601436 0.0010591961169875844 18.834880721914541 0.0012237723713565761 1.4132447923032035e-07
decision_type=2 2 2 2 2 2 2 2 2 2 2 2 2 2 2 2 2 2 2 2 2 2 2 2 2 2 2 2 2 2
left_child=1 4 15 5 6 8 21 -6 9 -2 -4 12 13 -12 -15 16 18 -17 -3 20 -20 22 24 -24 25 -1 -27 28 -28 -18
right_child=3 2 10 -5 7 -7 -8 -9 -10 -11 11 -13 -14 14 -16 17 29 -19 19 -21 -22 -23 23 -25 -26 26 27 -29 -30 -31
leaf_value=0.057032632891180671 -0.011494763793416072 0.025139260027107015 -0.0086750458465180407 -0.08500261658132513 -0.045447859990689052 0.029369599051062623 0.042493818091987379 0.028250992021349675 0.025607226377586001 -0.094381360571551581 -0.060997158325479119 -0.074562538724513405 0.043813008180244639 0.023337748670320041 -0.044754204848076934 -0.02372714268546923 -0.032253444646764572 0.037726819636135632 0.010518012049091972 0.022703436796604477 -0.037836994692954234 0.058675455997789963 0.059042526561152858 -0.02768861499389122 -0.060901459748304056 0.0079461985571277864 -0.067479881632212593 -0.1058886785026244 0.025780533767630495 -0.044405910973630419
leaf_weight=3.4130577854812172 23.792195163667206 6.3571199849247924 118.99911137670279 3.2678315714001647 12.934945698827507 43.418411128222942 17.676446110010147 3.4268140345811835 9.9233244657516462 2.2954665198922148 8.9007772058248609 4.8656534180045119 2.6650230363011351 7.1335453465580931 8.3632767796516401 82.290876641869545 190.76230418682098 3.5526724308729163 4.8871218487620345 4.8745328634977332 27.346581816673279 2.9313119798898688 6.6616912484168989 4.0979165360331535 3.6574216596782199 15.710406079888349 2.4545618295669547 2.2235194370150566 2.5989537499845028 88.816432386636734
leaf_count=38 195 48 903 14 90 462 214 35 112 13 52 26 23 55 51 506 1096 27 35 38 162 30 67 28 26 134 17 13 32 481
internal_value=-0.0186327 -0.0222435 -0.0261821 0.00920685 0.00610144 0.0130828 0.015721 -0.0300123 -0.00655428 -0.018788 -0.0134441 -0.0312189 -0.0234261 -0.0307708 -0.0134099 -0.0308839 -0.0334615 -0.0211838 -0.0163999 -0.0235161 -0.0305056 0.00490363 0.00104201 0.02601 -0.0078956 -0.000552375 -0.0091023 -0.0459083 -0.0195173 -0.036114
internal_weight=720.299 637.602 559.815 82.6972 77.787 79.4294 61.4253 16.3618 36.011 26.0877 150.927 31.9283 27.0626 24.3976 15.4968 408.888 323.044 85.8435 43.4654 37.1082 32.2337 43.7488 40.8175 10.7596 30.0579 26.4005 22.9874 7.27704 5.05352 279.579
internal_count=5023 4227 3503 796 724 782 599 125 320 208 1110 207 181 158 106 2393 1860 533 283 235 197 385 355 95 260 234 196 62 49 1577
is_linear=0
shrinkage=0.05


Tree=16
num_leaves=31
num_cat=0
split_feature=1 1 5 3 19 22 16 11 18 0 16 11 22 18 13 27 19 19 1 1 25 12 24 22 1 0 11 24 24 22
split_gain=26.0823 25.6325 13.7451 11.0155 9.53034 8.22475 7.85939 6.64293 5.90286 5.03916 5.51038 4.79848 4.78415 4.43771 4.37133 6.91616 4.23391 3.95114 4.1296 4.89402 4.33037 5.56304 4.73104 3.78042 4.6812 4.96241 5.69375 4.64132 4.50381 4.79644
threshold=0.00061416549860687558 -0.00069876565143209464 1.0000000180025095e-35 1.0000000180025095e-35 -9.7888794980380643e-06 0.20986943596157329 5.0681077469271264e-05 -0.00029307605864847813 84.894280301425724 0.00078982430449623167 3.9670857863758042e-05 -0.00046762337614947297 0.065642520869906712 99.849321340617777 0.00012759694792086054 -0.000625866173509341 1.293829859707062e-05 2.9998471473114973e-06 0.0011174777625706934 0.00066159413122795238 0.00087520054290949809 0.00018198429135130037 0.63445378151260512 0.90794617902551844 -0.00025425917836228155 0.00037483215808034235 0.00026771594190377895 0.71008403361344552 0.67647058823529427 0.53957819035870436
decision_type=2 2 2 2 2 2 2 2 2 2 2 2 2 2 2 2 2 2 2 2 2 2 2 2 2 2 2 2 2 2
left_child=1 5 23 -2 14 6 7 -1 -7 -4 -11 12 -8 17 15 -5 -9 -6 19 -19 21 -21 -22 24 25 -3 28 -25 29 -27
right_child=3 2 9 4 13 8 11 16 -10 10 -12 -13 -14 -15 -16 -17 -18 18 -20 20 22 -23 -24 27 -26 26 -28 -29 -30 -31
leaf_value=-0.056496708075943425 -0.081627502227441334 0.023971516270094705 -0.0071513738178667716 0.055881759970955305 0.058163644012520645 -0.042858991676126404 0.024341047451953285 0.01882461382592401 0.036580037050891599 0.0052481328470660813 -0.039892040530976759 0.052745364150191758 -0.048424511538746391 0.039060735028474632 -0.083867635249150613 -0.02731094731529209 -0.062035614319603666 0.049001799317142859 0.030284842418455138 -0.0065069924312402055 0.035286182726017939 -0.089812993548317371 -0.030022606495674634 -0.022501769273576812 -0.03431859710037348 -0.015045865245400135 0.025284917231322354 0.035948914392313534 -0.071534881190655153 -0.075172789340439999
leaf_weight=5.30903232097626 3.2336455211043349 6.3340559080243102 121.04861663281918 3.1456096544861802 4.0253526493906966 11.232462782412766 17.788808606564999 12.935771718621252 2.9533390775322905 9.0433841198682767 26.784997276961803 14.481855392456056 2.587440311908721 23.240052327513695 2.3185504078865042 12.139133162796497 1.8504466116428364 3.3645636811852482 11.41222085803747 4.4290298670530337 5.7686498910188657 3.6600941568613052 5.3399710357189178 82.429800719022751 279.49699483066797 25.1798265054822 5.1696423292160025 3.5422198399901381 5.7135679647326461 3.8200012892484656
leaf_count=38 14 48 922 33 44 79 185 123 32 68 165 174 16 262 12 99 15 31 133 39 60 23 46 506 1577 163 41 27 29 19
internal_value=-0.0177102 -0.0211249 -0.0246205 0.00882009 0.0125297 0.00762157 0.0163835 -0.0085207 -0.0263206 -0.0120267 -0.0284983 0.0307404 0.015101 0.0218498 -0.019894 -0.0101898 0.00870522 0.0113239 0.00577424 -0.00662345 -0.0163722 -0.0442005 0.00389191 -0.0294195 -0.0318811 -0.0171404 -0.0236697 -0.0200935 -0.0309601 -0.0229661
internal_weight=719.779 637.702 568.563 82.0769 78.8432 69.1392 54.9534 20.0953 14.1858 156.877 35.8284 34.8581 20.3762 61.2399 17.6033 15.2847 14.7862 37.9999 33.9745 22.5623 19.1977 8.08912 11.1086 411.686 325.714 46.2171 39.883 85.972 34.7134 28.9998
internal_count=5023 4227 3565 796 782 662 551 176 111 1155 233 375 201 638 144 132 138 376 332 199 168 62 106 2410 1877 300 252 533 211 182
is_linear=0
shrinkage=0.05


Tree=17
num_leaves=31
num_cat=0
split_feature=1 1 5 22 22 26 26 0 27 12 18 18 1 26 22 0 24 11 20 17 15 12 12 15 21 22 18 1 27 0
split_gain=23.5128 23.2102 11.0097 10.157 8.86189 6.60128 10.2375 6.39711 6.08269 5.24454 5.20975 4.9916 5.27265 5.11634 5.74611 5.85668 4.32008 4.95021 6.67503 4.83263 5.11615 4.50641 6.51669 5.72323 7.58976 5.17162 4.73918 4.40933 4.1266 5.61172
threshold=0.00061416549860687558 -0.00064957290960426567 1.0000000180025095e-35 0.86823392881527017 0.20986943596157329 0.00054850049275083628 0.00050364531089991925 0.0015395058080672293 0.00010889574584470968 0.00010681081463137511 49.996464432189669 86.869829291725395 0.0014713515268009237 1.4009653446686353e-07 0.92195363803272989 0.0013560524517364186 0.67647058823529427 -0.00021755655388105974 -2.1794494717705204 0.31923980445027217 4.7943154549436635e-05 0.00027597679972679595 8.8029370609810101e-05 8.064455596295087e-05 5.9553857875552291e-05 0.99947207884429223 99.996313228139385 0.00051308974654293597 -0.00043329057466711009 0.0012438100242566827
decision_type=2 2 2 2 2 2 2 2 2 2 2 2 2 2 2 2 2 2 2 2 2 2 2 2 2 2 2 2 2 2
left_child=1 4 -3 9 7 6 8 -1 16 -2 -6 12 13 -5 -15 -16 17 18 -4 -18 -21 22 23 24 27 -26 -27 -19 -11 -30
right_child=3 2 5 11 10 -7 -8 -9 -10 28 -12 -13 -14 14 15 -17 19 21 -20 20 -22 -23 -24 -25 25 26 -28 -29 29 -31
leaf_value=0.0043540282787384614 -0.031204667755770604 -0.027875442697415584 -0.037798676538733207 0.03367200758359843 -0.057589862688873651 -0.031046643310781392 0.051368315691216915 0.040506729176368751 -0.061004499195044151 0.07020322867817673 -0.0012221390381760015 0.03320058924996052 0.051542278585529636 0.030590433103473431 -0.085214249697351307 0.0027009928209642924 0.066105225146822974 -0.018036096145034236 0.041197695154555562 -0.021839628805856506 0.058397182777744874 -0.065574760823913322 0.024058836405450621 0.033931023933474122 -0.08519198458538009 0.0075739293798191727 -0.057586652100132266 0.029981838184042306 0.045851087237171462 -0.041078961517092234
leaf_weight=43.423783279955387 18.616346031427387 408.84308633953333 3.8228727728128424 4.3373320698738125 7.4943869858980205 35.293227426707745 7.2042898610234252 17.036759242415428 5.5836741402745238 2.4394132345914841 9.0482502803206426 33.379822209477425 4.1107565909624091 2.8434050083160392 5.0251815021038038 3.0405876785516739 3.8575750812888137 34.273099012672901 8.8989120498299581 7.2327282950282079 2.7391050308942795 4.3607971444725981 10.083979070186613 4.680923417210578 6.7122787833213815 4.8536150231957436 6.564529187977314 5.5558626055717459 3.2040663659572584 4.4141733944416046
leaf_count=385 141 2393 26 47 44 240 65 214 29 28 81 372 53 27 33 31 36 246 78 50 26 25 84 42 34 38 41 50 30 34
internal_value=-0.0168399 -0.020071 -0.0236068 0.00846382 0.00566876 -0.0121039 -0.00636156 0.0145412 -0.0101695 -0.0154873 -0.0267587 0.0214864 0.00128639 -0.0122636 -0.0305269 -0.0520725 -0.00743063 -0.0114366 0.0174594 0.0185837 0.000200155 -0.0162055 -0.0132451 -0.0192504 -0.0235454 -0.0503629 -0.0298882 -0.0113379 0.0136051 -0.00451807
internal_weight=718.975 637.564 560.561 81.4111 77.0032 151.717 116.424 60.4605 109.22 28.674 16.5426 52.7371 19.3573 15.2465 10.9092 8.06577 103.636 89.8069 12.7218 13.8294 9.97183 77.0851 72.7243 62.6403 57.9594 18.1304 11.4181 39.829 10.0577 7.61824
internal_count=5023 4227 3503 796 724 1110 870 599 805 233 125 563 191 138 91 64 776 664 104 112 76 560 535 451 409 113 79 296 92 64
is_linear=0
shrinkage=0.05


Tree=18
num_leaves=31
num_cat=0
split_feature=1 1 27 1 1 12 13 27 12 27 16 24 21 21 11 24 24 17 11 22 25 24 12 0 16 21 16 12 11 17
split_gain=21.2795 24.0521 18.2728 9.71218 8.05882 6.51737 6.8094 6.37717 6.0229 5.63275 7.14362 5.49516 6.05061 5.23937 5.15554 4.80121 4.67936 5.33259 4.91518 4.49997 6.32779 4.46792 4.43157 4.41302 7.28189 4.55154 4.09604 3.84667 3.78277 3.74881
threshold=0.00035167386117356572 -0.00025425917836228155 0.00063464141618731727 -0.00091177566162357318 0.001021476632989725 -0.00026435122688789331 0.00038826721069890052 -0.000625866173509341 -0.00061153749254022605 -0.000625866173509341 0.00010851207644683321 0.71848739495798331 5.5455143619075247e-05 4.8645780587137584e-05 -1.8837168084484542e-05 0.60924369747899176 0.14705882352941177 0.79597812310656124 0.00017235372718604761 0.99574003194862604 6.0609927276282989e-05 0.4663865546218488 0.00040300708322160711 0.00055334931829481918 6.0257343140455892e-05 3.1823979704798576e-06 6.3453408595868651e-05 1.3729798831185749e-07 0.00048196960458624099 0.003768131470122687
decision_type=2 2 2 2 2 2 2 2 2 2 2 2 2 2 2 2 2 2 2 2 2 2 2 2 2 2 2 2 2 2
left_child=1 3 4 28 5 -2 7 -7 -5 -10 -11 12 23 19 -14 26 -16 18 -18 29 21 -21 -19 -9 25 27 -15 -25 -1 -3
right_child=2 13 -4 8 -6 6 -8 11 9 10 -12 -13 14 15 16 -17 17 22 -20 20 -22 -23 -24 24 -26 -27 -28 -29 -30 -31
leaf_value=0.019221046011672464 -0.052322146255903736 -0.044298540370840044 -0.074830473743566078 -0.073440512590299933 0.027241192527058634 0.065927488793358177 0.030756962686832617 -0.018313332981602048 -0.049874201652350819 -0.010562566501946972 0.041896660344265681 0.051893717363828043 -0.046472870575456848 -0.033639979745730929 -0.052830336369738884 -0.04381946715907635 0.016703964726377116 0.027023658732300289 -0.052824856183926544 -0.065951860200323564 -0.00035610559281005615 -0.0087406768006765209 -0.048199379548345349 0.027162170454664132 -0.051900682167737834 0.039291428860887025 -0.0082861756337421124 -0.055612036376696872 -0.051149188946996618 -0.023752308510087944
leaf_weight=37.832637429237366 6.0154369473457328 26.651527144014835 7.666322521865367 3.8881126940250388 30.475301571190357 3.1439469903707495 16.488122597336769 13.321591332554815 8.5384094044566137 136.75843331217766 6.8128343150019637 3.8569524139165869 14.171544499695299 54.255309119820595 5.4167982414364806 77.780373580753803 3.9086154401302355 13.875405460596086 7.2690785527229309 7.436696879565714 39.87216117978096 6.3065792545676231 2.2795941904187194 2.9412815347313943 3.3593692258000365 17.69657476991415 22.551483161747456 2.684713751077652 2.0112545304000369 132.94251131266356
leaf_count=419 37 142 34 20 360 30 162 96 43 997 63 36 86 309 38 417 32 123 50 35 270 39 14 26 21 166 141 19 17 781
internal_value=-0.0160107 -0.0205177 0.000424018 -0.00636314 0.00435123 -0.00164021 0.00112099 -0.00408145 -0.0119904 -0.0104197 -0.00807324 -0.006506 -0.00909727 -0.0280547 -0.0212777 -0.0350631 -0.0103751 -0.00196137 -0.028512 -0.0229732 -0.0104408 -0.0396985 0.0164091 0.00518946 0.0169238 0.0268372 -0.0261958 -0.0123375 0.0156689 -0.0271834
internal_weight=718.209 563.638 154.571 195.842 146.904 116.429 110.414 93.9255 155.998 152.11 143.571 90.7815 86.9246 367.797 46.921 154.587 32.7495 27.3327 11.1777 213.209 53.6154 13.7433 16.155 40.0035 26.6819 23.3226 76.8068 5.626 39.8439 159.594
internal_count=5023 3693 1330 1559 1296 936 899 737 1123 1103 1060 707 671 2134 343 867 257 219 82 1267 344 74 137 328 232 211 450 45 436 923
is_linear=0
shrinkage=0.05


Tree=19
num_leaves=31
num_cat=0
split_feature=7 7 3 5 19 22 26 26 14 27 25 25 12 26 19 20 25 24 11 20 14 21 14 15 25 12 13 27 25 14
split_gain=19.243 19.0186 9.04093 8.94665 7.89964 7.78801 5.78884 9.3783 5.29886 5.25792 4.27796 7.24168 5.04112 4.47939 4.53733 4.01384 3.9888 3.73935 4.56314 6.07249 4.91192 4.95298 4.56047 4.66618 3.89001 4.83789 3.51655 5.9029 3.47462 5.82156
threshold=0.00061416549860682245 -0.00064957290960421233 1.0000000180025095e-35 1.0000000180025095e-35 -9.7888794980380643e-06 0.20986943596157329 0.00054850049275083628 0.00050364531089991925 4.1208890888259834e-05 0.00010889574584470968 0.00011807072407295304 7.8470229198202354e-05 -0.00034431288938180366 0.0015401683966013229 -0.0001115254118760058 -1.1632154070815941 7.0939479109663313e-05 0.67647058823529427 -0.00021755655388105974 -2.1794494717705204 0.00013736084224923566 5.9001979562545871e-05 7.2021724020126783e-06 4.7943154549436635e-05 1.0000000180025095e-35 0.00027061702462227727 0.00012759694792086054 -0.000625866173509341 0.00021889627454556391 5.9851822639034188e-08
decision_type=2 2 2 2 2 2 2 2 2 2 2 2 2 2 2 2 2 2 2 2 2 2 2 2 2 2 2 2 2 2
left_child=1 5 -2 28 26 10 7 9 -7 17 11 12 -1 14 -14 -9 -8 18 19 -5 21 24 -19 -24 -20 -26 27 -4 29 -3
right_child=2 3 4 6 -6 8 16 15 -10 -11 -12 -13 13 -15 -16 -17 -18 22 20 -21 -22 -23 23 -25 25 -27 -28 -29 -30 -31
leaf_value=0.066446044349987396 -0.075449482705291726 -0.048509147172161288 0.053249981289372042 -0.034832492060897509 0.019924601470257167 0.025406632463328707 -0.015348693507756861 0.00063523910931927467 -0.040853047339719034 -0.056552829920570494 0.031419177071117028 -0.055282376187785046 -0.052121819121899809 0.051349686599244486 0.0058688490229185089 0.078554957642453266 -0.04971696393444134 0.064308390876913368 -0.036755749988535404 0.04029396103594849 0.0375292718545117 -0.036545941068573395 -0.021013470219856372 0.056239426680501053 0.0033432906692847358 -0.062442499878570673 -0.075069449083629197 -0.02483346353606429 -0.029929056215799402 -0.018201346729835567
leaf_weight=3.7312578707933417 3.1314751952886573 17.267549730837345 3.0158707126975068 3.8682973235845557 59.505981162190437 3.963481072336438 21.85443964600563 2.6080892235040665 12.639927871525286 5.5661112740635863 21.656537849456072 4.5937527343630782 4.0043319687247303 4.4040147364139548 21.396259568631653 4.511993281543254 13.756615355610846 3.7901726067066184 9.9556304439902288 8.8290896341204625 4.2181817293167105 24.055615603923798 7.2441244199871999 2.6769892424345016 36.096088096499443 3.0292117893695822 2.3539210408926001 12.25859934091568 198.70137801766396 192.21614447236061
leaf_count=51 14 88 33 26 638 37 158 21 88 29 227 35 31 63 192 44 82 36 68 78 40 155 50 26 280 17 12 99 1142 1163
internal_value=-0.0152362 -0.0181448 0.00783433 -0.0213359 0.0112155 0.00525892 -0.0109838 -0.00558891 -0.0250359 -0.00920998 0.0136722 0.0035924 0.0116571 0.00479802 -0.00327322 0.0500129 -0.0286252 -0.0066704 -0.0103741 0.0174065 -0.0149342 -0.01796 0.0176547 -0.000168515 -0.00885066 -0.00175007 -0.0181829 -0.00941626 -0.0251924 -0.0206996
internal_weight=716.901 636.635 80.2658 560.246 77.1344 76.3896 152.061 116.45 16.6034 109.33 59.7862 38.1296 33.5359 29.8046 25.4006 7.12008 35.6111 103.763 90.0521 12.6974 77.3547 73.1365 13.7113 9.92111 49.0809 39.1253 17.6284 15.2745 408.185 209.484
internal_count=5023 4227 796 3503 782 724 1110 870 125 805 599 372 337 286 223 65 240 776 664 104 560 520 112 76 365 297 144 132 2393 1251
is_linear=0
shrinkage=0.05


Tree=20
num_leaves=31
num_cat=0
split_feature=7 7 27 27 7 2 7 13 20 21 21 25 25 24 13 7 17 20 20 17 25 13 13 16 16 16 21 21 15 7
split_gain=19.197 17.531 13.9326 10.0596 9.0613 10.2923 5.71992 5.50161 6.80793 5.25814 4.70959 4.70385 5.68299 4.63064 4.41736 5.07114 5.24034 4.35483 10.8812 6.73571 5.28031 5.24042 4.98918 4.56307 5.05942 4.67866 4.45262 4.92608 4.35005 5.00757
threshold=0.00099726143525291655 -0.00041085284056308064 0.00018972366900183111 -0.000625866173509341 0.00013871319340830193 1.0000000180025095e-35 2.0806228978598188e-05 0.0016899725592303685 -0.90845607187993449 0.00018584029629397576 0.00017349022000114742 0.00065962284640657418 0.00055667919660986503 0.61764705882352955 0.00022870678811709458 1.0000000180025095e-35 1.0334771132927365 -0.53536453496458802 -0.12320778511212854 0.9019308498698938 9.092797949676768e-06 0.00092823570401723299 0.00043776807346240792 1.5680148233320552e-05 3.8037921385725646e-05 8.3543650645840397e-05 4.9921467708349675e-05 3.9418927621309228e-05 6.1853529433624876e-05 -0.00098912680014279198
decision_type=2 2 2 2 2 2 2 2 2 2 2 2 2 2 2 2 2 2 2 2 2 2 2 2 2 2 2 2 2 2
left_child=1 3 4 -1 5 -3 11 8 -2 10 -6 12 -7 -11 -4 -16 -17 23 28 21 -21 -20 -22 -5 26 -26 27 -25 -19 -30
right_child=7 2 14 17 9 6 -8 -9 -10 13 -12 -13 -14 -15 15 16 -18 18 19 20 22 -23 -24 24 25 -27 -28 -29 29 -31
leaf_value=-0.060157600292466633 -0.039661690309589409 -0.034770917881121292 -0.050212865182477008 -0.042209634826749574 -0.010716065841221386 -0.012461199454853725 -0.06346328931623467 -0.034752486731968617 0.038615464114179876 0.053645077467589411 -0.073290929892725093 0.03707027407390636 -0.070611761677373916 -0.016933969291615596 -0.010209276087288235 0.0020627533838682164 -0.062522165925089676 -0.017121177676784571 0.039675958884767298 0.0088289888531285186 -0.084659086787401971 -0.044932395095119572 0.0047594893427986944 0.049930295324523581 -0.0050986691380233758 0.025700785998536882 0.075668052712614439 -0.038966309132994231 -0.011686692217869429 -0.088066741119144296
leaf_weight=6.8588215783238402 3.1214719489216831 118.78623048216105 46.193449847400188 3.8286782428622237 194.26458013057709 124.98987525701523 5.7771833017468444 3.7103598639369002 25.221624821424484 5.9198618754744512 3.0542043671011916 4.593767821788787 4.3476902544498435 3.8259038552641869 20.331016629934311 4.1289014592766788 13.123827293515204 17.519153051078323 17.165071420371536 10.985831964761021 3.8202061466872683 2.0485339835286132 2.6366057656705379 3.9599771723151189 31.015691820532084 20.46710291877389 5.6155142560601234 2.5695806257426739 3.4200200065970421 5.7599827721714956
leaf_count=33 28 645 238 28 1394 798 27 33 316 59 18 34 21 27 128 26 62 141 174 96 20 17 22 38 261 218 57 18 32 29
internal_value=-0.0153224 -0.0170871 -0.0210856 -0.00113228 -0.0177077 -0.0239509 -0.0147512 0.0224998 0.0299947 -0.00991388 -0.0116846 -0.01265 -0.0144159 0.0259378 -0.0398567 -0.0271282 -0.0470658 0.00196257 -0.00745094 0.0102335 -0.0122615 0.0306551 -0.0481455 0.0108038 0.0139938 0.00714572 0.0430225 0.0149468 -0.0317306 -0.0596113
internal_weight=719.061 687.007 549.336 137.671 465.559 258.495 139.709 32.0535 28.3431 207.065 197.319 133.931 129.338 9.74577 83.7772 37.5837 17.2527 130.812 63.3554 36.6562 17.4426 19.2136 6.45681 67.4565 63.6279 51.4828 12.1451 6.52956 26.6992 9.18
internal_count=5038 4661 3477 1184 3023 1525 880 377 344 1498 1412 853 819 86 454 216 88 1151 531 329 138 191 42 620 592 479 113 56 202 61
is_linear=0
shrinkage=0.05


Tree=21
num_leaves=31
num_cat=0
split_feature=1 1 27 27 1 3 1 13 20 27 19 27 1 15 26 27 26 21 25 25 20 11 1 17 17 11 11 13 26 15
split_gain=17.4082 15.8288 12.7458 9.18556 8.30915 9.97987 5.18481 5.02497 6.25248 4.50355 4.35491 5.21487 4.15095 5.03365 4.28719 4.07538 4.03816 4.01187 4.01399 5.17963 3.94315 13.3553 6.71198 7.17786 5.74261 4.60319 4.49 4.42424 6.26675 5.11732
threshold=0.00099726143525286147 -0.00041085284056310422 0.00018972366900183111 -0.000625866173509341 0.00012388897401819691 1.0000000180025095e-35 2.0806228978558391e-05 0.0016899725592303685 -0.90845607187993449 0.00015746093476295508 -7.9526545713733287e-05 -0.0003893427624929409 1.0000000180025095e-35 4.9331008615119088e-05 0.00057938203366241262 0.00044789048068927148 0.00068144041617879852 5.3311325789891087e-08 0.00065962284640657418 0.00055667919660986503 -0.53536453496458802 -0.00016788229506470295 -0.0010937812606591935 0.9019308498698938 1.0770633517305197 0.00010243977811486006 0.00025367655619035206 0.00066135200618761003 0.00077519836226872766 2.0446666434586055e-05
decision_type=2 2 2 2 2 2 2 2 2 2 2 2 2 2 2 2 2 2 2 2 2 2 2 2 2 2 2 2 2 2
left_child=1 3 4 -1 5 6 9 8 -2 17 -6 -12 13 14 -4 -15 -17 -3 19 -19 -5 -22 -23 27 -25 -26 -27 28 29 -24
right_child=7 2 12 20 10 -7 -8 -9 -10 -11 11 -13 -14 15 -16 16 -18 18 -20 -21 21 22 23 24 25 26 -28 -29 -30 -31
leaf_value=-0.05779499405568244 -0.037028076505532234 -0.048100856991551949 -0.025805808887701832 0.010321539720076923 0.034526701873343814 -0.034409444084026082 -0.060953839090682208 -0.032535976338829813 0.037516179092557805 0.033328880204217926 -0.035064844820250601 -0.0081743999314131694 -0.05135001155281136 0.022667574453667821 -0.064049195819478835 -0.070890388953857381 -0.0066294754005525982 -0.011536524029064944 0.037290933506726902 -0.067164046255437523 -0.046201691987440924 0.053778272354289371 -0.035247440480833739 -0.069683912797528724 0.034334282291794214 -0.058288239872070283 0.023129153216312572 -0.049882504276509088 0.051723386191125945 0.032921124685171381
leaf_weight=6.7841407507657996 3.1748778820037904 8.161858528852461 18.264438040554527 67.135737761855125 5.451151266694068 108.69398991763592 5.7158280536532393 3.7635473906993857 24.676648952066898 5.1914970204234114 19.934539504349232 188.68074952811003 34.4642219170928 6.8083206191659 12.238823302090166 3.5056311115622512 8.0782979652285558 115.17663203924894 4.0113970488309851 4.342419207096099 16.220503762364388 6.4518858864903441 5.72398684918881 5.1936522051692036 4.3440094813704473 4.9312715753912926 2.5789755061268806 2.2548433467745772 10.339240871369837 5.3041956946253777
leaf_count=33 28 42 105 620 43 589 27 33 316 38 118 1377 172 48 61 16 52 738 30 21 115 102 40 29 37 29 21 14 99 45
internal_value=-0.0145847 -0.0162565 -0.0200552 -0.00107074 -0.01683 -0.0229965 -0.0142972 0.021691 0.0290187 -0.0123489 -0.00959115 -0.010744 -0.0380603 -0.028693 -0.0411502 -0.00803286 -0.0260767 -0.0141496 -0.0119064 -0.0135576 0.0018786 -0.00706992 0.00640014 -0.0011159 -0.0258419 -0.00663367 -0.03033 0.0167286 0.0237579 -0.00246059
internal_weight=717.597 685.982 548.72 137.262 465.36 251.294 142.6 31.6151 27.8515 136.884 214.066 208.615 83.3597 48.8955 30.5033 18.3922 11.5839 131.692 123.53 119.519 130.478 63.3426 47.1221 40.6702 17.0479 11.8543 7.51025 23.6223 21.3674 11.0282
internal_count=5038 4661 3477 1184 3023 1485 896 377 344 869 1538 1495 454 282 166 116 68 831 789 759 1151 531 416 314 116 87 50 198 184 85
is_linear=0
shrinkage=0.05


Tree=22
num_leaves=31
num_cat=0
split_feature=1 1 27 27 1 2 1 26 15 27 17 0 26 0 19 22 15 27 19 15 15 21 25 21 21 26 12 20 22 27
split_gain=15.7917 14.3552 11.3255 8.93322 6.56275 9.43944 5.84239 4.97931 4.38559 4.48074 5.48985 4.46998 4.23746 4.12504 4.02388 4.73278 5.52502 5.06568 5.02177 4.88117 4.44676 3.88074 7.20193 4.72592 6.06023 6.07711 6.84292 3.72728 4.58441 3.60693
threshold=0.00099726143525286147 -0.00045396632427238004 0.00022130863705631355 -0.000625866173509341 0.00012388897401819691 1.0000000180025095e-35 1.4979761697563814e-05 0.00014923565004792562 1.854432518266217e-05 1.469059898444343e-07 1.9513354723040464 0.00042940058923226197 0.00074218586987430087 0.00054881720489073648 -7.9526545713733287e-05 0.99916597164286591 1.7191326356328038e-05 -2.4953010066995157e-05 2.4500910815966608e-06 2.0446666434586055e-05 9.4530211291855245e-08 5.1838092808032669e-05 0.00034326208516863044 0.00010682670366339097 9.5778113986255646e-05 1.3425990264102101e-07 0.00015314932864929356 1.0781112391012158 0.72486322073307297 -0.0003893427624929409
decision_type=2 2 2 2 2 2 2 2 2 2 2 2 2 2 2 2 2 2 2 2 2 2 2 2 2 2 2 2 2 2
left_child=1 3 4 -1 5 -3 8 -2 13 -10 11 -11 -4 -7 -6 17 18 29 20 -18 -17 -21 -23 24 25 -24 -27 28 -14 -16
right_child=7 2 12 -5 14 6 -8 -9 9 10 -12 -13 27 -15 15 16 19 -19 -20 21 -22 22 23 -25 -26 26 -28 -29 -30 -31
leaf_value=-0.057879924124390129 0.036999440405401346 -0.032369141716746631 -0.041900642590430213 0.0029102844017906975 0.032960714630163403 -0.01699157905725646 -0.058915687268127653 -0.0039008098929702393 -0.01224539371940807 0.069159431884229267 -0.024017466794820017 0.013518154783521114 0.0041178351054852735 -0.064400393078544504 -0.033271354408082897 0.020853599830615653 -0.05057295400094456 -0.050326269123887685 0.040799402187497308 0.014952812115622067 -0.052118301160423576 -0.037705923426120003 -0.028695194239184249 0.020127775443232007 -0.073795351153996339 0.076802280992513114 -0.024186852979746182 0.037396809530713442 -0.062194527964538698 -0.0094883833833479207
leaf_weight=6.3668128922581664 18.916735403239731 111.5719942599535 64.539559870958328 118.96871626749635 5.4252967163920394 63.904757052659988 6.7042494416236869 12.267030678689478 49.422323174774647 4.601894833147532 7.580537609755992 16.73861075937748 5.8780888691544515 4.9432021751999846 19.957986801862717 5.0951904430985469 6.4285408854484549 10.804801531136034 12.186377391219137 18.100659765303135 3.5369711816310883 17.973930850625038 9.3955351635813766 17.122329354286194 3.6629075258970252 3.8904191702604285 2.9487671703100204 3.058452494442462 4.6826758980751038 79.228301011025906
leaf_count=31 244 609 343 1067 43 390 32 133 331 38 45 119 40 26 118 39 42 62 107 141 20 104 70 165 24 39 22 23 23 548
internal_value=-0.0138875 -0.0154723 -0.0188991 -0.000177746 -0.0160319 -0.0212959 -0.013268 0.0209102 -0.0111889 -0.00309818 0.0125332 0.0255167 -0.0365526 -0.0203955 -0.00955513 -0.0106518 -0.00279919 -0.0178155 0.0201315 -0.00880228 -0.00904615 -0.00512862 -0.0117382 0.000869634 -0.0157024 -0.00259537 0.03326 -0.0112088 -0.0252853 -0.0142739
internal_weight=715.904 684.72 559.384 125.336 481.226 265.468 153.896 31.1838 147.191 78.3434 28.921 21.3405 78.1588 68.848 215.758 210.333 100.342 109.991 20.8185 79.5231 8.63216 73.0945 54.9939 37.02 19.8976 16.2347 6.83919 13.6192 10.5608 99.1863
internal_count=5038 4661 3563 1098 3134 1590 981 377 949 533 202 157 429 416 1544 1501 773 728 166 607 59 565 424 320 155 131 61 86 63 666
is_linear=0
shrinkage=0.05


Tree=23
num_leaves=31
num_cat=0
split_feature=1 1 27 27 1 2 26 26 13 16 1 13 19 25 11 13 22 19 22 19 21 14 18 1 1 24 1 0 19 25
split_gain=14.3179 12.984 10.7488 7.67584 6.91821 8.48766 4.64189 4.5768 4.04162 7.9768 3.90144 4.76323 4.45765 6.6504 3.7734 3.73218 6.81901 3.63186 3.41614 5.05523 5.99311 9.0204 4.30337 4.18851 6.58669 4.54924 7.54139 3.69916 3.67096 3.33097
threshold=0.00099726143525286147 -0.00041085284056310422 0.00018972366900183111 -0.000625866173509341 0.00012388897401819691 1.0000000180025095e-35 0.00014923565004792562 0.00011083236667934516 -0.00033318312484120755 8.5744808020287857e-05 1.0000000180025095e-35 0.00023324592973072991 6.2689650983650986e-07 0.00021889627454556391 1.0000000180025095e-35 0.0016899725592303685 0.9265242288037755 -0.0001115254118760058 0.99916597164286591 3.5366995583046362e-05 8.3632243721468573e-05 2.7114709632623478e-05 84.017197943545213 0.00080155444537596658 0.00050286622738230529 0.6428571428571429 0.00038816621456762908 0.00024679992802735838 0.00013455831639609724 1.4949867480464804e-07
decision_type=2 2 2 2 2 2 2 2 2 2 2 2 2 2 2 2 2 2 2 2 2 2 2 2 2 2 2 2 2 2
left_child=1 3 4 -1 5 -3 8 14 9 -2 11 12 13 -4 -7 16 -8 -6 -19 23 21 -21 -22 24 25 26 27 -20 -24 -14
right_child=6 2 10 -5 17 7 15 -9 -10 -11 -12 -13 29 -15 -16 -17 -18 18 19 20 22 -23 28 -25 -26 -27 -28 -29 -30 -31
leaf_value=-0.05348502410636348 -0.074483157882330273 -0.031227691427588328 0.03417972445299336 0.0017316032144099173 0.049876833838345076 -0.018812594644482757 -0.04008447491463199 -0.0072341083243523136 0.048537805236932186 0.063873333286603856 -0.047894654125372638 -0.0072622139149515069 -0.070136745318519433 -0.058153785510365021 -0.056268737252450088 -0.057195281110683498 0.045192426562590121 -0.015372680881937432 0.003944044815744425 0.033281584196582392 -0.052881734182950696 -0.048570509762203666 0.0020422580475844515 -0.0548196696761208 0.057626139113735778 -0.033112388102269193 -0.039043581048602574 0.041762589798595595 0.068660936497856692 -0.029765002185899253
leaf_weight=6.614106371998786 2.1480494886636778 110.42401703447104 4.3683319166302708 130.04361330717802 2.6202246770262709 28.210273630917072 3.952549569308756 102.54195786267519 14.340988971292973 2.0227720066905022 33.693818852305412 20.292104080319405 10.926353290677072 3.5228698998689651 8.8281947672367078 2.5767121389508238 5.7610346600413322 111.53292170912027 12.250154346227651 4.1442188322544125 3.3012282475829151 17.923137187957764 24.891101822257045 2.4305478930473319 6.8756890892982474 6.651283659040927 5.8263030797243109 13.694083653390406 2.2552533447742453 9.5967287570238096
leaf_count=33 20 605 32 1151 22 164 36 673 197 27 172 128 51 17 43 19 78 743 83 36 21 111 211 21 71 42 38 112 27 54
internal_value=-0.0132233 -0.0147261 -0.0181714 -0.00094083 -0.0152184 -0.0208698 0.020123 -0.0126756 0.0359386 -0.00738279 -0.0348138 -0.0257648 -0.0389785 -0.00704073 -0.0277403 -0.00369857 0.0104924 -0.00862842 -0.00935229 -0.00265384 -0.0133582 -0.0331988 0.00102166 0.00912406 0.0125551 0.00448953 0.0123616 0.0239057 0.00757678 -0.0512587
internal_weight=714.261 683.459 546.801 136.658 464.401 250.004 30.8021 139.58 18.5118 4.17082 82.4002 48.7064 28.4143 7.8912 37.0385 12.2903 9.71358 214.396 211.776 100.243 52.5149 22.0674 30.4476 47.7281 45.2975 38.4218 31.7705 25.9442 27.1464 20.5231
internal_count=5038 4661 3477 1184 3023 1485 377 880 244 47 454 282 154 49 207 133 114 1538 1516 773 406 147 259 367 346 275 233 195 238 105
is_linear=0
shrinkage=0.05


Tree=24
num_leaves=31
num_cat=0
split_feature=1 1 27 27 1 3 1 26 21 21 15 27 17 13 13 16 1 17 17 15 20 20 14 19 21 15 12 18 26 15
split_gain=13.0092 11.8241 9.58953 7.52367 5.44654 7.2805 5.13879 4.32057 4.22718 4.17147 4.00955 4.103 4.88841 3.94622 3.81588 7.14552 3.78566 3.77876 4.89515 4.81533 3.57277 9.97426 7.61405 5.10912 7.81579 4.27645 4.0126 4.53704 5.70609 3.74197
threshold=0.00099726143525286147 -0.00045396632427238004 0.00022130863705631355 -0.000625866173509341 0.00013871319340838422 1.0000000180025095e-35 1.4979761697563814e-05 0.00014923565004792562 0.00018584029629397576 0.00017349022000114742 1.854432518266217e-05 1.469059898444343e-07 1.9513354723040464 0.00022870678811709458 -0.00033318312484120755 8.5744808020287857e-05 0.00032237706366720654 0.77778544961008411 0.29317359795631776 4.8295342929943019e-05 -0.53536453496458802 -0.12320778511212854 3.744688153730794e-05 1.1422640662938248e-05 0.00015429298987295283 8.911285469302814e-05 -8.3139753595529148e-06 4.5731538408088293 0.0011595604275136632 6.948641711230763e-05
decision_type=2 2 2 2 2 2 2 2 2 2 2 2 2 2 2 2 2 2 2 2 2 2 2 2 2 2 2 2 2 2
left_child=1 3 4 -1 5 6 10 14 9 -6 -3 -12 17 -4 15 -2 -15 18 -13 -19 -5 26 -23 24 -24 -25 27 -22 -29 -28
right_child=7 2 13 20 8 -7 -8 -9 -10 -11 11 12 -14 16 -16 -17 -18 19 -20 -21 21 22 23 25 -26 -27 29 28 -30 -31
leaf_value=-0.05383785821952547 -0.06797779518977877 -0.018845458078507783 -0.044042241073606138 0.01106005827177909 -0.0090994006065800697 -0.028787496207837035 -0.055510067264697552 -0.0035004360601940559 0.024007566246371931 -0.067823235380309335 -0.011218089000769283 0.044267472450081571 -0.022018615526315295 -0.014787056874990816 0.047531983657519122 0.063025195036610165 -0.061380240250874164 0.07298453703362677 -0.020736870757708373 -0.0039414390273878079 0.036425470020811611 0.040602664224215441 0.075811409556717668 -0.040116165313599315 -0.048896157171335948 0.033380900904275083 -0.031351241652228738 -0.052738754054411932 0.032942008179681577 -0.090891650096992974
leaf_weight=6.1949521601200095 2.2335860505700156 71.591058075428009 41.265258967876434 61.439234111458063 196.55687165260315 114.20036483556032 6.5574597567319861 12.247875265777109 9.574391342699526 3.0713856667280188 49.500417090952396 4.9326410740613991 7.572134166955947 30.832707621157169 13.922916371375322 1.9493535310029981 5.0774109438061705 6.3929922208189947 7.0148411616683006 2.9838056787848473 3.6872951164841679 13.630778748542072 3.5430239550769356 10.355174299329517 1.9467313736677168 2.4468309246003619 8.1930333636701089 6.9494849964976293 2.6974064484238625 3.8926228210330001
leaf_count=31 20 432 217 578 1400 633 32 133 86 18 331 39 45 187 197 27 25 55 43 20 35 138 42 77 14 27 61 43 33 19
internal_value=-0.012593 -0.0140183 -0.0171363 -0.000119066 -0.0145058 -0.0191878 -0.0121848 0.0194353 -0.00844637 -0.0100029 -0.0102907 -0.00247853 0.0124926 -0.033495 0.0349505 -0.00692715 -0.021375 0.0247473 0.00610084 0.0485058 0.00268259 -0.00629341 0.012315 -0.00876452 0.0315886 -0.0260688 -0.0296621 -0.0107496 -0.0287812 -0.0505284
internal_weight=712.454 682.1 557.124 124.977 479.948 270.746 156.545 30.3537 209.203 199.628 149.988 78.3968 28.8964 77.1754 18.1059 4.18294 35.9101 21.3243 11.9475 9.3768 118.782 57.3424 31.9225 18.2918 5.48976 12.802 25.4198 13.3342 9.64689 12.0857
internal_count=5038 4661 3563 1098 3134 1630 997 377 1504 1418 965 533 202 429 244 47 212 157 82 75 1067 489 298 160 56 104 191 111 76 80
is_linear=0
shrinkage=0.05


Tree=25
num_leaves=31
num_cat=0
split_feature=0 7 27 20 5 0 16 19 18 7 26 11 16 17 14 20 11 16 20 13 17 18 27 17 19 21 20 22 22 13
split_gain=14.7439 8.25191 8.73454 7.70023 7.45424 6.8225 5.96537 5.91774 5.72866 6.73091 5.44454 5.29293 5.24954 4.90658 4.87117 4.7677 5.72694 4.36983 4.08861 4.91492 4.73693 9.05966 6.33981 3.92644 3.92599 3.76383 3.66379 4.58317 3.84524 3.72865
threshold=0.000946214835711653 0.0013415284517157568 -0.00029857170706941303 -0.52107903064877703 1.0000000180025095e-35 0.0005959794298893258 7.9020771306006639e-05 -5.4192130882168146e-05 38.46652320153148 -0.001113132663287719 0.00052559516537631454 0.00027486878668891995 7.9562296293830961e-08 2.1758654747527504 3.7904244005584199e-05 -0.32732683495705245 -0.00014055041384825048 0.00010206307999071361 1.9739704352382248 0.000200372144911698 0.61859626166407899 66.624423210353356 -1.0000000180025095e-35 2.3258498494616715 -2.8557323374120519e-05 3.5960293313121371e-05 -1.1902380716785175 0.65816488289659902 0.33120682265051443 0.00019256165918213333
decision_type=2 2 2 2 2 2 2 2 2 2 2 2 2 2 2 2 2 2 2 2 2 2 2 2 2 2 2 2 2 2
left_child=4 2 10 14 5 7 -6 -1 15 -10 26 17 -9 -3 -4 16 -5 -8 20 -20 21 25 -22 -15 -14 -11 -2 28 -28 -30
right_child=1 13 3 8 6 -7 11 12 9 18 -12 -13 24 23 -16 -17 -18 -19 19 -21 22 -23 -24 -25 -26 -27 27 -29 29 -31
leaf_value=0.029418505467381187 -0.043564220282379662 0.053001421184703391 0.060268244878719394 -0.03579721788944934 -0.010946782778941332 -0.035560903626752655 0.029422357129270667 -0.046393119481242785 0.047563407246855288 0.014984506031770524 -0.043598063451103959 0.071504017834877101 -0.037487635092661377 -0.065100227402617603 0.013325642577838984 -0.05988244757625856 0.060218921099169299 -0.047467270040142111 -0.037277689078364248 0.043851505780891822 0.019345474216484318 0.037581877259912244 -0.028415475550122554 0.024313448996278533 -0.014809541871301761 -0.044012628073408597 -0.021734434772482714 -0.040087383712316627 0.050126445927873166 -0.020953424951845684
leaf_weight=6.5463361591100684 5.6152099072933224 10.839951284229757 6.6551116034388533 4.5641688369214535 169.07629184424877 65.760956235229969 5.1268607303500158 16.058487065136433 6.880667880177497 4.2054006978869456 18.60101804882288 4.1086615324020377 20.961949832737446 1.8144313916563977 32.583308301866055 7.9550316259264928 2.3539782240986824 2.8892137259244919 2.43066182732582 8.0476578921079618 8.736883267760275 13.021000966429709 33.938072100281715 3.7976262159645557 213.05763468891382 7.5690426006913185 4.6330438703298595 4.8246121332049361 7.7552052661776525 2.4209743589162827
leaf_count=47 32 155 74 33 1256 360 47 83 109 36 100 47 116 15 318 50 24 21 20 87 79 118 229 49 1286 52 28 34 69 15
internal_value=-0.0120763 -0.000563113 -0.00361584 0.00252436 -0.0166315 -0.0211921 -0.00851736 -0.0175101 -0.00485994 0.000158544 -0.0230713 0.0253603 -0.0187386 0.0333544 0.0212874 -0.0334829 -0.00312663 0.00170922 -0.00402596 0.0250319 -0.00853873 0.00884179 -0.0186373 -0.00459484 -0.0168409 -0.022941 -0.00794928 0.00223647 0.0160249 0.0332161
internal_weight=702.829 199.243 182.791 138.941 503.586 322.385 181.201 256.624 99.7026 84.8294 43.8501 12.1247 250.078 16.452 39.2384 14.8732 6.91815 8.01607 77.9487 10.4783 67.4704 24.7954 42.675 5.61206 234.02 11.7744 25.249 19.6338 14.8092 10.1762
internal_count=4989 1726 1507 1229 3263 1892 1371 1532 837 730 278 115 1485 219 392 107 57 68 621 107 514 206 308 64 1402 88 178 146 112 84
is_linear=0
shrinkage=0.05


Tree=26
num_leaves=31
num_cat=0
split_feature=0 7 15 7 5 0 20 21 21 21 0 17 13 15 21 12 25 25 22 11 15 15 13 21 11 11 14 15 26 12
split_gain=13.2832 7.60917 6.85529 7.2361 6.80116 6.2421 5.77459 5.58474 7.07485 4.7692 6.91306 4.65341 4.60269 4.37151 4.36627 4.14848 4.44443 4.5638 4.05344 5.31756 5.64309 3.99019 4.22122 3.82939 3.80033 5.10135 3.92223 4.12963 3.7727 3.98281
threshold=0.000946214835711653 0.0013415284517157568 3.0261998163014547e-05 -0.0009117756616235927 1.0000000180025095e-35 0.0005959794298893258 1.9739704352382248 0.00010435503836618629 0.00013684914215111364 0.00019804236183212511 0.0020944045212695308 2.1758654747527504 0.00066135200618761003 6.6171362391098445e-06 5.0647703877307919e-05 7.8554874963221457e-05 0.00082059316379108572 0.00076565136075032057 0.24603922551607763 1.4018684579841792e-07 2.8151910681867294e-05 2.4997504151659948e-05 0.00010971016026550819 7.2371563453759333e-05 0.00048196960458624099 -0.00018489599193804993 5.5861468716101013e-05 7.6236234942083251e-05 0.0014532062057586728 0.00018673817074355006
decision_type=2 2 2 2 2 2 2 2 2 2 2 2 2 2 2 2 2 2 2 2 2 2 2 2 2 2 2 2 2 2
left_child=4 2 21 24 5 7 9 13 -9 28 -11 -3 15 -1 -15 16 17 -6 -17 -20 -21 22 -2 -16 25 26 -4 -28 29 -5
right_child=1 11 3 6 12 -7 -8 8 -10 10 -12 -13 -14 14 23 18 -18 -19 19 20 -22 -23 -24 -25 -26 -27 27 -29 -30 -31
leaf_value=-0.028514266141283537 0.027670175330118198 0.052074995885410452 -0.03893923613344305 -0.024519575663011089 -0.012548597747597978 -0.033967928922247516 0.026650676327833245 0.060242880544936553 -0.039016775629370934 0.021194666500224831 -0.04632633873991282 -0.0043487362806482206 0.049414722380392344 -0.0085467553228090291 -0.035572615472438049 0.048890797816726866 -0.057188113285836666 0.047168021651718413 -0.022537008155882204 0.06503635813627838 -0.00082766001429807892 0.057884302989680093 -0.035727561349713007 -0.0082929853823092998 -0.054219568915884947 0.05230014689928119 0.067199147550278046 0.0052430440275851829 -0.075270831712066333 -0.0022249911201711473
leaf_weight=70.456857740879059 8.895011134445669 10.490069702267649 3.972552444785836 67.539220161736012 135.48859120905399 65.411648660898209 8.9615476801991445 5.0434857159852973 2.7873261794447899 17.028892390429977 4.8763403147459021 5.6075131073594084 3.4158609360456458 122.73497787863016 34.770471386611462 4.8478394895791999 5.4452611878514281 3.2768390700221053 14.086591213941576 4.7868684083223334 10.14290541410446 6.2211072519421569 3.7252142131328574 20.419296085834503 1.921259082853793 8.1359039135277289 3.2306504137814072 16.058728832751513 2.9544468447566024 28.479386389255524
leaf_count=398 88 155 37 448 996 360 94 40 15 141 30 64 37 760 193 44 38 33 95 48 80 62 30 126 16 122 41 170 15 213
internal_value=-0.0114969 -0.000529868 -0.00344423 -0.00674182 -0.0158151 -0.0201821 -0.0120759 -0.0166625 0.0249121 -0.014947 0.00616376 0.0324201 -0.00807628 -0.0179733 -0.0137991 -0.00917908 -0.0128772 -0.0111384 0.0065695 -0.000501235 0.02029 0.0251117 0.00895655 -0.0254796 0.0140443 0.0182215 0.00630238 0.0156197 -0.0196193 -0.0179069
internal_weight=701.213 198.098 182 163.159 503.115 321.624 129.84 256.212 7.83081 120.878 21.9052 16.0976 181.491 248.382 177.925 178.075 144.211 138.765 33.8642 29.0164 14.9298 18.8413 12.6202 55.1898 33.3191 31.3978 23.2619 19.2894 98.9731 96.0186
internal_count=4989 1726 1507 1327 3263 1892 941 1532 55 847 171 219 1371 1477 1079 1334 1067 1029 267 223 128 180 118 319 386 370 248 211 676 661
is_linear=0
shrinkage=0.05


Tree=27
num_leaves=31
num_cat=0
split_feature=1 1 15 2 1 15 12 21 15 24 22 0 24 1 17 12 12 12 17 15 22 0 17 22 20 25 11 17 1 17
split_gain=12.1464 11.6712 4.79291 4.30394 4.18153 4.21983 3.74338 4.15557 4.59868 3.95481 5.74096 3.93983 3.63485 3.53604 4.80849 3.44329 4.90355 3.43493 4.34736 6.30134 3.41245 7.91491 3.31194 4.73607 3.22775 8.16987 6.89511 6.32275 6.42187 3.41244
threshold=0.00087582856046319218 -0.00069876565143209464 6.6171362391098445e-06 1.0000000180025095e-35 0.00044563178918332393 4.5207652315314841e-06 -5.2118508084675323e-05 6.2980650158175953e-08 9.4530211291855245e-08 0.48319327731092443 0.0010784683077728252 0.00036582431728487275 0.70168067226890762 0.00015365182682365708 0.0090386278397822772 0.00068050591799095905 0.00055980312021342027 0.00018198429135130037 0.35995941422393757 5.0919978813744336e-05 0.22222394598665204 0.00023609570363359447 0.70917561950072383 0.86438143000319367 -0.58181154819427727 9.9804695718195072e-05 -0.00016788229506470295 0.35995941422393757 -0.0010937812606591935 0.25784555563480022
decision_type=2 2 2 2 2 2 2 2 2 2 2 2 2 2 2 2 2 2 2 2 2 2 2 2 2 2 2 2 2 2
left_child=1 3 4 -1 5 6 -3 20 9 -9 -11 -10 24 14 -12 16 -4 18 19 -2 -8 -22 -20 -24 25 -5 29 -28 -29 -26
right_child=17 2 15 12 -6 -7 7 8 11 10 13 -13 -14 -15 -16 -17 -18 -19 22 -21 21 -23 23 -25 26 -27 27 28 -30 -31
leaf_value=-0.060066126895525741 0.016978353849205811 -0.055580710026096547 -0.012771122535580954 -0.00012661991740050058 0.0249320683503279 -0.05951109888385589 -0.068842344157345539 -0.041629564055710236 -0.015954239063727994 0.053408844992269437 0.029276458058738943 -0.059960646240453642 0.069361294657102252 0.030554809562026747 -0.04360174136058869 -0.052572890353942192 0.052332377894793829 0.036565089900973284 0.063997376784438412 -0.10682722409529984 -0.047800719725571546 0.047300907217283639 -0.042108619838974515 0.019525642296067167 -0.0781084207619447 0.054345749173289021 0.067428153341795735 0.048450932651572312 -0.02479921576707235 -0.017376269704668611
leaf_weight=2.2630344778299323 2.1694176569581058 8.2690662965178472 495.95072089135647 19.396368261426691 3.9730547666549674 9.2204282805323583 6.7134432345628765 4.2579632028937366 19.548779219388965 5.8349226191639927 3.2799717858433706 6.8747389540076247 2.4866565503180018 4.8467201814055434 7.3024479076266289 5.3892663121223441 2.9092587232589713 13.434172958135603 2.9072542898356941 1.9529936797916887 8.7870311215519887 2.9131289049983016 3.938354618847371 14.942064855247736 3.2185871042311218 10.669944427907465 4.3794414810836342 4.3856305032968548 9.4171156585216469 8.2201652154326421
leaf_count=11 28 43 3244 195 36 47 33 23 117 46 24 37 31 37 38 29 24 175 40 14 45 23 35 196 21 129 56 76 67 69
internal_value=-0.0109412 -0.0125489 -0.0147341 0.00766594 -0.025241 -0.0275101 -0.0237574 -0.0200174 -0.0127827 0.00235469 0.0111622 -0.0274036 0.0101313 -0.00481445 -0.0210135 -0.0128209 -0.0123915 0.0160479 0.00540993 -0.0416746 -0.0404267 -0.0241221 0.0143187 0.00666906 0.00766368 0.0192046 -0.00405072 0.0150834 -0.001525 -0.0344648
internal_weight=699.852 660.508 596.071 64.4369 91.8217 87.8486 78.6282 70.3591 51.9455 25.522 21.2641 26.4235 62.1739 15.4291 10.5824 504.249 498.86 39.3443 25.9101 4.12241 18.4136 11.7002 21.7877 18.8804 59.6873 30.0663 29.6209 18.1822 13.8027 11.4388
internal_count=4989 4501 3846 655 549 513 466 423 322 168 145 154 644 99 62 3297 3268 488 313 42 101 68 271 231 613 324 289 199 143 90
is_linear=0
shrinkage=0.05


Tree=28
num_leaves=31
num_cat=0
split_feature=0 5 1 22 21 16 13 14 19 17 0 19 1 16 11 24 1 21 19 0 17 16 14 11 25 17 0 24 1 21
split_gain=11.0096 7.24148 6.15207 6.36783 8.13657 5.89067 5.18414 7.67639 5.86778 4.40736 4.07307 5.10568 4.48663 4.39048 3.7732 3.91885 6.74746 5.53949 4.47713 4.09203 3.72949 5.26576 4.31679 3.59423 4.18913 3.53701 3.48786 3.41163 3.45458 3.36606
threshold=0.0010438764822153256 1.0000000180025095e-35 0.0013415284517157013 0.20618116397716246 4.1137466634589817e-05 7.9020771306006639e-05 0.0014587551630868558 0.00026444021878142967 4.9144633216839053e-05 2.1758654747527504 0.0005959794298893258 -5.4192130882168146e-05 0.00043843584293873052 7.9562296293830961e-08 -0.00031484958282401715 0.60084033613445387 0.00022221726663182014 7.1419446753558588e-05 3.7043156423180016e-05 0.00032136406728751257 0.18981633856573729 4.8203995910533274e-05 3.744688153730794e-05 0.00027486878668891995 0.00028993049968876913 2.3258498494616715 0.00048109767683417306 0.5840336134453783 2.0806228978558391e-05 9.7470586661674088e-05
decision_type=2 2 2 2 2 2 2 2 2 2 2 2 2 2 2 2 2 2 2 2 2 2 2 2 2 2 2 2 2 2
left_child=1 10 3 20 -5 -3 7 8 -6 -4 11 26 -12 -13 -15 16 17 18 27 -18 -2 22 -22 24 -7 -11 -1 -16 -29 -10
right_child=2 5 9 4 6 23 -8 -9 29 25 12 13 -14 14 15 -17 19 -19 -20 -21 21 -23 -24 -25 -26 -27 -28 28 -30 -31
leaf_value=0.062900764241711413 -0.033168222514165298 -0.0086619342183630148 0.050817642029863545 0.04268114903408364 -0.023995242529149936 0.034568288442605281 -0.077340492119900517 0.067038275091009902 0.047135442161312546 -0.061040834455478254 -0.029982144372148578 -0.041814824639908439 0.02785851172753245 -0.070493144579248795 -0.015302896842651259 -0.021463873608091558 0.0017523033711290407 0.026216395889385347 -0.065267807884396192 0.06036779714187384 0.017956215601426035 0.02551045920473068 -0.054804336596123153 0.059305656376648912 -0.031267328100428343 0.023403043343198895 -0.010273143213200648 0.051962166250027655 -0.013893948613071461 -0.0029199860740705239
leaf_weight=3.4681368917226783 4.0236244760453692 180.37377528846264 9.9758510477840883 6.9733250625431529 53.760907892137766 5.7441531643271428 3.0587840080261222 3.033042684197425 3.8119184374809256 1.8565341010689724 82.784735828638077 15.697509638965128 3.4942025654017916 2.9699028134345999 100.57168320566416 96.296565547585487 6.8127823993563634 8.8923045769333822 4.2254524901509276 5.2891057655215263 4.0066982135176641 35.317754134535789 4.1497767753899097 4.8762990757822982 4.1705869808793068 3.7344219237565994 3.070073626935482 3.9413772746920577 4.0248090326786041 28.242797702550888
leaf_count=28 35 1337 155 69 369 57 18 34 42 15 470 83 35 14 601 561 47 62 20 43 42 381 33 57 29 49 19 30 24 230
internal_value=-0.0104097 -0.0138575 0.0010167 -0.00216132 -0.00938915 -0.00617443 -0.0133399 -0.0111366 -0.0138995 0.0309005 -0.0182478 -0.0150734 -0.0276397 -0.0162199 -0.0144957 -0.0137728 -0.00823571 -0.0117777 -0.0147738 0.0273701 0.0128855 0.0171479 -0.0190622 0.0241602 0.00687486 -0.00463741 0.0285413 -0.012808 0.0186892 0.00303256
internal_weight=698.649 536.703 161.945 146.379 98.8808 195.165 91.9075 88.8487 85.8156 15.5668 341.539 255.26 86.2789 248.721 233.024 230.054 133.758 121.656 112.763 12.1019 47.4979 43.4742 8.15647 14.791 9.91474 5.59096 6.53821 108.538 7.96619 32.0547
internal_count=4989 3517 1472 1253 762 1480 693 675 641 219 2037 1532 505 1485 1402 1388 827 737 675 90 491 456 75 143 86 64 47 655 54 272
is_linear=0
shrinkage=0.05


Tree=29
num_leaves=31
num_cat=0
split_feature=1 1 27 16 16 11 26 1 27 16 1 14 16 3 0 12 21 26 26 22 13 0 21 13 0 21 13 1 21 22
split_gain=10.112 9.74351 4.82486 4.5308 5.01607 5.50341 4.6239 4.28724 5.15492 4.3708 4.49079 3.88466 3.80447 4.29947 4.13564 3.79133 3.57622 3.32255 3.25015 6.37133 4.90369 3.97705 3.34128 4.07535 3.22757 4.24785 4.45628 3.21311 5.585 3.58309
threshold=0.00087582856046319218 -0.00069876565143209464 -0.00081798623297718858 5.0681077469271264e-05 4.2093177206296659e-05 -0.00028680837017314159 0.00099900307072263764 0.00035167386117356572 0.00050284353236265851 7.9562296293830961e-08 0.00028689612491289706 2.0749496496344571e-05 0.00013778970415210241 1.0000000180025095e-35 0.0018705663193806855 0.00068050591799095905 6.7816608471149486e-05 0.0011336900522810271 0.00014923565004792562 0.86438143000319367 0.0014587551630868558 0.0014547649383422807 0.00012883643213299387 -2.513290780759014e-05 0.0011700396288227336 0.00015839284867260031 -0.00027911926779644597 0.00024080012183442165 4.9339092864410582e-05 0.03467374775344996
decision_type=2 2 2 2 2 2 2 2 2 2 2 2 2 2 2 2 2 2 2 2 2 2 2 2 2 2 2 2 2 2
left_child=1 2 -1 4 -4 -6 -5 9 15 -3 12 -12 14 -14 17 -9 -8 27 22 -20 21 -21 23 -2 -18 26 -26 29 -29 -11
right_child=18 7 3 6 5 -7 16 8 -10 10 11 -13 13 -15 -16 -17 24 -19 19 20 -22 -23 -24 -25 25 -27 -28 28 -30 -31
leaf_value=-0.06714738640108632 0.042398938061259051 -0.040238050000597797 0.008739174436962675 0.050149253580109132 -0.092111638276330385 -0.0037401355098117327 0.065969605999350825 -0.00036886457909506752 -0.054124643882989903 -0.0074716948121835132 -0.010854092367770105 -0.049622283778335947 0.065258257128691932 -0.02010456137637236 -0.059830364452633046 -0.055769697951686785 -0.041225231580700489 0.030694724324019859 -0.0556606397707963 -0.014955597891042087 -0.034914756009741831 0.061367552032741669 0.050488337231075098 -0.011936873816325277 -0.018064581333458146 -0.0022852017395558906 0.06493823653679516 0.039550894432346564 -0.015887356474456472 -0.017717482340232762
leaf_weight=2.1089583262801161 6.0816620178520662 17.053231857717037 13.07178618758917 9.36038790643215 3.1972838342189789 3.923915769904851 2.6381754241883746 101.39272227883339 4.9798507094383231 121.67780607193708 10.702891655266287 16.305961519479752 3.2451160326600066 2.7043712437152863 4.8254799842834464 3.1851643025875083 3.3209717199206379 4.252329669892787 4.1621079407632342 2.4688247516751272 3.2636365927755833 5.5299496650695801 9.0725796781480295 7.9776402264833486 2.2533048540353775 18.105244867503643 5.7269664630293873 7.606168761849406 11.280820235610006 285.66270931810141
leaf_count=10 80 92 124 99 18 40 37 784 26 824 71 90 28 16 24 17 25 32 33 26 29 84 137 99 24 188 90 59 69 1714
internal_value=-0.0099095 -0.0113665 0.00721758 0.00976365 -0.00965416 -0.0434173 0.0192336 -0.0133568 -0.00442295 -0.0153735 -0.014468 -0.0342595 -0.0132566 0.0264561 -0.0137994 -0.00205623 0.010203 -0.0132834 0.0149783 -0.00279931 0.016736 0.0378104 0.0268326 0.0115673 0.00519995 0.0111104 0.0415016 -0.0137221 0.00643874 -0.0146569
internal_weight=697.138 658.582 63.707 61.598 20.193 7.1212 41.4051 594.875 109.558 485.317 468.264 27.0089 441.255 5.94949 435.305 104.578 32.0447 430.48 38.5564 15.4245 11.2624 7.99877 23.1319 14.0593 29.4065 26.0855 7.98027 426.228 18.887 407.341
internal_count=4989 4501 655 645 182 58 463 3846 827 3019 2927 161 2766 44 2722 801 364 2698 488 172 139 110 316 179 327 302 114 2666 128 2538
is_linear=0
shrinkage=0.05


Tree=30
num_leaves=31
num_cat=0
split_feature=1 1 3 18 16 24 0 12 1 21 21 24 20 26 20 17 21 24 20 1 1 15 15 1 2 20 21 21 13 19
split_gain=9.02664 6.60184 7.25908 5.27845 6.22613 7.00722 8.82768 5.23769 4.859 4.30567 6.6716 6.12696 5.66689 4.83253 6.74817 4.29787 4.55299 4.29502 4.2919 4.38612 5.14808 3.72128 3.95982 3.47059 4.28086 4.83595 3.94444 4.72714 3.27436 3.11541
threshold=-0.0011131326632877203 0.00050286622738230529 1.0000000180025095e-35 39.424360013887814 7.4522853771942225e-05 0.63445378151260512 0.001563130801929116 -0.00010578916152215177 0.00078453047324500565 2.0852009219328222e-05 0.00013977287362187461 0.65966386554621859 2.1794494717712496 0.00043468781561714328 0.63106170291746622 0.43811136939316125 7.7965890032911171e-05 0.5756302521008404 -0.55277080040353488 -0.00025425917836228155 9.7394615557535509e-05 7.8608987841048588e-05 2.6126033234845049e-05 -0.00035900727193430851 1.0000000180025095e-35 -2.1794494717708894 9.2570968555149986e-05 5.5455143619075247e-05 -0.00012819529373553348 0.00020776880389194088
decision_type=2 2 2 2 2 2 2 2 2 2 2 2 2 2 2 2 2 2 2 2 2 2 2 2 2 2 2 2 2 2
left_child=3 18 -3 4 -1 6 -6 8 -4 -9 11 12 15 29 -15 16 -11 -10 19 23 -21 22 -17 24 -2 -26 27 -25 -13 -12
right_child=1 2 7 -5 5 -7 -8 9 17 10 13 28 -14 14 -16 21 -18 -19 -20 20 -22 -23 -24 26 25 -27 -28 -29 -30 -31
leaf_value=0.060675532432344165 -0.044357842099546761 -0.067564400122626989 -0.052145663474643257 0.060078376931060322 -0.061970981078622069 -0.087452309616271137 0.041675134061415264 0.039956033573876948 -0.046144291899982724 -0.012293375766591116 0.052884101423289059 -0.0020114446581670233 0.067809871019126056 -0.062387424911305438 0.033265761598955335 -0.050648204568043087 -0.08467418701845203 0.034006263704503249 -0.017217594465817009 -0.022162501652362554 0.001409822297612412 -0.039918906857489306 0.0091549285691192618 0.035019553511792492 -0.035986556990816473 0.0052355188182927163 0.060512719853977139 -0.022702829931298883 0.059570577826619689 -0.014667954873398321
leaf_weight=3.8090507537126568 6.2196085825562468 3.8520865812897673 7.7622537389397603 6.0825987197458735 3.0813085511326772 2.4843088537454596 6.1641837023198605 9.0752753838896734 2.6276722475886345 4.1524213925003988 12.290110770612957 3.998108122497797 1.9635546319186676 3.11602459847927 4.5163055881857872 3.2487282343208852 4.5569717660546303 4.5930749848484993 394.39379473775625 73.510487772524357 33.817800551652908 7.7897354029119006 18.706446267664433 7.2190513610839862 8.311338394880293 49.420099958777428 4.471379041671752 6.9728559404611588 4.6913371644914132 1.9820357151329506
leaf_count=63 33 19 44 112 28 20 82 92 25 40 172 32 24 22 56 26 30 57 2453 425 225 67 175 56 58 416 38 45 55 27
internal_value=-0.0112151 -0.0122216 -0.000276366 0.0205921 0.00513546 -0.0129002 0.00713228 0.00245004 -0.0246831 0.00752621 0.00338169 -0.00685391 -0.0150429 0.0263287 -0.00578623 -0.0192735 -0.0501648 0.00483901 -0.0142438 -0.00806909 -0.0147352 -0.0102284 0.000305802 0.000591116 -0.00494511 -0.00069904 0.0195614 0.00665903 0.031236 0.0435029
internal_weight=704.88 683.259 98.9221 21.6215 15.5389 11.7298 9.24549 95.0701 14.983 80.0871 71.0118 49.1073 40.4179 21.9045 7.63233 38.4543 8.70939 7.22075 584.336 189.943 107.328 29.7449 21.9552 82.6143 63.951 57.7314 18.6633 14.1919 8.68945 14.2721
internal_count=5017 4712 963 305 193 130 110 944 126 818 726 449 362 277 78 338 70 82 3749 1296 650 268 201 646 507 474 139 101 87 199
is_linear=0
shrinkage=0.05


Tree=31
num_leaves=31
num_cat=0
split_feature=1 1 18 16 0 20 14 5 12 12 12 27 1 19 1 27 26 11 18 26 12 18 12 11 26 17 17 18 20 11
split_gain=8.2222 6.03102 5.04584 5.82689 5.42057 5.45204 4.06439 4.41553 3.95258 3.48957 3.46434 4.30183 4.66417 4.81743 3.56449 6.03942 4.69233 3.55575 5.17114 4.49009 6.78922 4.63367 4.99754 3.70879 3.4442 3.43776 3.40922 3.33505 3.28423 5.19782
threshold=-0.0011131326632877203 0.0014028747413034981 39.424360013887814 7.4522853771942225e-05 0.001563130801929116 -1.070116251598322 0.00033346722344518304 1.0000000180025095e-35 -0.00045513435812188913 -0.00083865586298470507 -0.00029592281701601436 0.00018094219517593354 -5.1929244047466254e-05 0.00010869784337229993 0.00013871319340838422 -2.9173643365265691e-07 0.00014704400561403269 3.84116165260684e-05 60.006765899861129 0.00024881521885275677 0.00034633278396445372 99.965535067062831 -0.00010578916152215177 0.00016395160604532058 0.00059140411202145973 0.0024623398462391647 1.5454797202834711 81.421476722999742 -0.36891976530458576 6.0869480460024057e-05
decision_type=2 2 2 2 2 2 2 2 2 2 2 2 2 2 2 2 2 2 2 2 2 2 2 2 2 2 2 2 2 2
left_child=2 6 3 -1 -5 -6 7 9 -9 -2 -11 14 13 -13 15 27 -17 24 23 26 21 22 -21 -19 -16 28 -20 -12 -10 -30
right_child=1 -3 -4 4 5 -7 -8 8 25 10 11 12 -14 -15 17 16 -18 18 19 20 -22 -23 -24 -25 -26 -27 -28 -29 29 -31
leaf_value=0.060069958613599678 -0.059995607845096721 0.022100279384401223 0.059537660392670055 -0.060958978271256459 0.042819095913272931 -0.043315225557055061 0.045274508302379987 -0.063146827585782481 -0.065208588132688344 0.0026561043301654287 -0.025002807798131944 -0.019978549078042532 -0.039279756388521943 0.042356859782561006 0.0054814840358408286 -0.021261415794791794 -0.0039200308192093164 -0.014968714388758769 -0.040836350013079566 -0.0068122918252996436 -0.037833270828840672 -0.030088977174027132 0.066844938379000365 -0.074647738068004954 -0.042797165632436684 -0.0035799779940417632 -0.0065381377569420562 -0.059302712496679677 0.019542526225315417 -0.058574453928042607
leaf_weight=3.6588800065219429 4.3051539435982695 12.999292917549608 5.8371611498296252 3.8373133987188321 5.0411338731646538 2.8905809223651886 3.0528180114924899 3.0073150694370261 4.4113477393984786 26.865493297576904 68.387541778385639 43.576402723789215 37.041423194110394 3.336792677640914 55.524825122207403 68.884033225476742 89.94266077876091 4.861734524369238 11.951207380741836 3.3219463974237442 5.1153499446809283 2.5995116718113414 7.506567910313608 5.6042616814374924 3.9574749022722235 180.60043916106224 18.399823870509863 7.9062142223119727 5.2139977738261205 3.5995765626430511
leaf_count=63 23 189 112 33 69 28 32 16 23 188 388 270 201 28 405 396 594 33 92 23 35 20 74 31 23 1382 147 38 41 20
internal_value=-0.0106758 -0.0116305 0.0199412 0.00495989 -0.0121733 0.0114289 -0.0122859 -0.0125498 -0.00626448 -0.0151872 -0.0147721 -0.0158413 -0.0260169 -0.0155448 -0.0134279 -0.0169951 -0.0114411 -0.0063704 -0.0150279 -0.00820023 0.0111845 0.0298577 0.0442485 -0.0469252 0.00226941 -0.00538192 -0.0200436 -0.0285573 -0.0299893 -0.0123614
internal_weight=703.238 681.973 21.2651 15.4279 11.769 7.93171 668.974 665.921 196.833 469.088 464.783 437.918 83.9546 46.9132 353.963 235.12 158.827 118.843 59.3604 48.8944 18.5434 13.428 10.8285 10.466 59.4823 193.825 30.351 76.2938 13.2249 8.81357
internal_count=5017 4712 305 193 130 97 4523 4491 1482 3009 2986 2798 499 298 2299 1416 990 883 455 391 152 117 97 64 428 1466 239 426 84 61
is_linear=0
shrinkage=0.05


Tree=32
num_leaves=31
num_cat=0
split_feature=1 1 2 15 18 16 24 19 18 24 1 15 14 13 21 22 21 27 15 20 20 16 18 25 26 22 20 18 26 16
split_gain=7.49132 5.62815 6.58598 4.84217 4.8245 5.45983 5.95246 5.09639 4.72128 4.12716 4.26927 4.34405 8.20439 5.30954 6.02112 3.8508 4.69279 4.91519 5.83384 5.50421 5.6472 4.03851 5.32504 5.93035 3.7868 3.60924 6.53758 4.08973 7.33568 3.46362
threshold=-0.0011131326632877203 0.00050286622738230529 1.0000000180025095e-35 1.5040891535284708e-05 39.424360013887814 7.4522853771942225e-05 0.63445378151260512 -0.0001200530552314233 99.835884986704215 0.69327731092436984 0.0015391892949704466 6.2320601879683001e-05 4.7294288092971305e-05 -0.00010255053362340226 7.7965890032911171e-05 0.03467374775344996 6.4166986318514495e-08 1.3709640111858252e-07 6.1853529433624876e-05 -0.42499408169849567 -0.26063742127346939 7.9666951071134925e-05 8.4739417521469438 0.00030238736873403359 8.7649148843074246e-05 0.91110367166874595 1.5816095542475708 42.86055233550578 0.00036559318574813502 0.00010206307999071361
decision_type=2 2 2 2 2 2 2 2 2 2 2 2 2 2 2 2 2 2 2 2 2 2 2 2 2 2 2 2 2 2
left_child=4 15 3 -3 5 -1 7 -7 9 10 11 12 13 14 -5 16 -2 21 19 -19 -21 -18 23 -23 -15 27 29 -13 -29 -27
right_child=1 2 -4 8 -6 6 -8 -9 -10 -11 -12 25 -14 24 -16 -17 17 18 -20 20 -22 22 -24 -25 -26 26 -28 28 -30 -31
leaf_value=0.059503617994819138 -0.04294829098527847 0.042245340881502128 -0.065373829670085523 0.033716047474583587 0.059029493761816924 0.042343773192680942 -0.078551944238228089 -0.032191743190624615 0.016591959114042574 0.035658408416856358 0.025009043504128737 -0.044074588679096229 0.046129164860609945 -0.062150466924373843 -0.052671249990787462 -0.015335635595295908 -0.011185864312369394 0.069572731946263941 -0.055658437661502337 -0.043349453721421329 0.030609750094808281 0.044757767005925 0.073571168768239548 -0.028188712746536206 -0.0047818599009130614 -0.11853039315518601 0.0087648024928783774 0.071114055960931233 -0.046112966242112814 -0.042153625573568713
leaf_weight=3.5127190202474621 8.1436991244554502 7.107597552239894 3.7079147621989241 6.9055822715163231 5.5990667305886737 4.8795169852673999 2.5852110572159281 4.327143643051385 27.269937690347433 4.8668901138007632 6.7133770398795596 6.3942712247371691 6.1714512296020976 7.7600248605012929 2.8493087776005268 432.28928462415934 106.24002288281918 5.5624748021364256 2.3485279455780974 3.5754607990384146 9.2797414734959549 4.6338436752557737 3.2187129110097876 6.987690806388855 4.5708043687045574 3.6362281255424005 2.4844561852514744 2.7965812124311924 2.5526242777705193 2.5083560347557068
leaf_count=63 45 76 19 65 112 66 20 44 317 50 98 42 62 56 19 2686 722 51 13 21 71 54 36 50 36 23 28 33 17 22
internal_value=-0.0101668 -0.0110724 -5.76895e-06 0.00255672 0.019316 0.00478713 -0.0115125 0.00731197 -0.000667918 -0.00848516 -0.0123672 -0.017527 -0.00483806 -0.0190799 0.00848316 -0.0129405 -0.00603757 -0.00391845 0.018556 0.0280194 0.0100392 -0.00777299 0.0166595 0.00089717 -0.040885 -0.0351268 -0.059678 -0.0170867 0.0151737 -0.0873517
internal_weight=701.479 680.575 98.2954 94.5875 20.9037 15.3046 11.7919 9.20666 87.4799 60.21 55.3431 48.6297 28.2572 22.0857 9.75489 582.279 149.99 141.846 20.7662 18.4177 12.8552 121.08 14.8402 11.6215 12.3308 20.3725 8.62904 11.7435 5.34921 6.14458
internal_count=5017 4712 963 944 305 193 130 110 868 551 501 403 238 176 84 3749 1063 1018 156 143 92 862 140 104 92 165 73 92 50 45
is_linear=0
shrinkage=0.05


end of trees

feature_importances:
net_move=153
post_extreme_move=81
bb_width=61
vol_ratio=49
momentum_accel=48
price_in_range=47
max_up=46
range_pct=45
recent_ret=44
vol_60s=44
vol_30s=43
ema_cross=41
max_down=40
rsi=37
bb_pct=37
prev_ret=35
vol_10s=35
chop_ratio=28
ret_10s=25
pattern_up_first=21
is_trend=19
pattern_down_first=11

parameters:
[boosting: gbdt]
[objective: binary]
[metric: auc]
[tree_learner: serial]
[device_type: cpu]
[data_sample_strategy: bagging]
[data: ]
[valid: ]
[num_iterations: 500]
[learning_rate: 0.05]
[num_leaves: 31]
[num_threads: 0]
[seed: 42]
[deterministic: 0]
[force_col_wise: 0]
[force_row_wise: 0]
[histogram_pool_size: -1]
[max_depth: -1]
[min_data_in_leaf: 20]
[min_sum_hessian_in_leaf: 0.001]
[bagging_fraction: 0.8]
[pos_bagging_fraction: 1]
[neg_bagging_fraction: 1]
[bagging_freq: 5]
[bagging_seed: 400]
[bagging_by_query: 0]
[feature_fraction: 0.8]
[feature_fraction_bynode: 1]
[feature_fraction_seed: 30056]
[extra_trees: 0]
[extra_seed: 12879]
[early_stopping_round: 0]
[early_stopping_min_delta: 0]
[first_metric_only: 0]
[max_delta_step: 0]
[lambda_l1: 0]
[lambda_l2: 0]
[linear_lambda: 0]
[min_gain_to_split: 0]
[drop_rate: 0.1]
[max_drop: 50]
[skip_drop: 0.5]
[xgboost_dart_mode: 0]
[uniform_drop: 0]
[drop_seed: 17869]
[top_rate: 0.2]
[other_rate: 0.1]
[min_data_per_group: 100]
[max_cat_threshold: 32]
[cat_l2: 10]
[cat_smooth: 10]
[max_cat_to_onehot: 4]
[top_k: 20]
[monotone_constraints: ]
[monotone_constraints_method: basic]
[monotone_penalty: 0]
[feature_contri: ]
[forcedsplits_filename: ]
[refit_decay_rate: 0.9]
[cegb_tradeoff: 1]
[cegb_penalty_split: 0]
[cegb_penalty_feature_lazy: ]
[cegb_penalty_feature_coupled: ]
[path_smooth: 0]
[interaction_constraints: ]
[verbosity: -1]
[saved_feature_importance_type: 0]
[use_quantized_grad: 0]
[num_grad_quant_bins: 4]
[quant_train_renew_leaf: 0]
[stochastic_rounding: 1]
[linear_tree: 0]
[max_bin: 255]
[max_bin_by_feature: ]
[min_data_in_bin: 3]
[bin_construct_sample_cnt: 200000]
[data_random_seed: 175]
[is_enable_sparse: 1]
[enable_bundle: 1]
[use_missing: 1]
[zero_as_missing: 0]
[feature_pre_filter: 1]
[pre_partition: 0]
[two_round: 0]
[header: 0]
[label_column: ]
[weight_column: ]
[group_column: ]
[ignore_column: ]
[categorical_feature: ]
[forcedbins_filename: ]
[precise_float_parser: 0]
[parser_config_file: ]
[objective_seed: 16083]
[num_class: 1]
[is_unbalance: 0]
[scale_pos_weight: 0.450301]
[sigmoid: 1]
[boost_from_average: 1]
[reg_sqrt: 0]
[alpha: 0.9]
[fair_c: 1]
[poisson_max_delta_step: 0.7]
[tweedie_variance_power: 1.5]
[lambdarank_truncation_level: 30]
[lambdarank_norm: 1]
[label_gain: ]
[lambdarank_position_bias_regularization: 0]
[eval_at: ]
[multi_error_top_k: 1]
[auc_mu_weights: ]
[num_machines: 1]
[local_listen_port: 12400]
[time_out: 120]
[machine_list_filename: ]
[machines: ]
[gpu_platform_id: -1]
[gpu_device_id: -1]
[gpu_use_dp: 0]
[num_gpu: 1]

end of parameters

pandas_categorical:null
