tree
version=v4
num_class=1
num_tree_per_iteration=1
label_index=0
max_feature_idx=17
objective=binary sigmoid:1
feature_names=ret_5s ret_10s ret_30s ret_60s ret_from_open vol_10s vol_30s up_ratio up_spread down_spread avg_spread ob_imbalance fair_dev seconds_left time_decay rsi ema_cross fair_up
feature_infos=[-0.0055735382200099437:0.010554950491385773] [-0.0055735382200099437:0.010554950491385773] [-0.010139654540653242:0.010554950491385773] [-0.010144772153634962:0.010554950491385773] [-0.012324559118952139:0.016371212259307155] [0:0.0031334121374359735] [0:0.0018748823076409232] [0:1] [0.0099999999999999534:0.010000000000000009] none [0.0099999999999999811:0.010000000000000009] [-0.056248200012520899:0.074695333467151181] [-0.028124100006260477:0.037347666733575591] [24:149] [0.080000000000000002:0.49666666666666665] [0:100] [-0.00072862096539989753:0.0013578119262222161] [0.47187589999373952:0.53734766673357559]
tree_sizes=3499 3549 3532 3563 3548 3543 3554 3540 3562 3545 3561 3558 3552 3545 3546 3554 3562 3530 3553 3557 3558 3555 3562 3551 3561 3546 3569 3541 3548 3536 3540 3538 3538 3590 3540 3555 3561 3569 3555 3565 3530 3554 3566 3580 3590 3566 3581 3574 3586 3585 3586 3553 3546 3570 3570 3600 3559 3558 3563 3568 3539 3560 3556 3583 3549 3581 3575 3545 3551 3597 3541 3580 3547 3553 3577 3542 3548 3580 3560 3558 3565 3567 3548 3561 3562 3544 3507 3556 3584 3579 3540 3599 3585 3582 3550 3550 3551 3586 3565 3538

Tree=0
num_leaves=31
num_cat=0
split_feature=4 17 11 17 17 17 11 13 15 13 15 17 13 15 4 15 11 13 17 4 17 3 15 2 15 13 15 15 3 15
split_gain=58301 4278.86 4020.39 664.266 597.774 439.33 359.648 292.647 207.315 118.873 158.428 111.925 90.4107 161.35 89.0992 87.9283 74.6656 72.0912 70.8953 68.0451 58.3175 45.1808 43.1364 39.344 38.1169 39.3533 37.2032 33.1507 32.973 31.9066
threshold=1.0000000180025095e-35 0.49958069731766025 0.00080307646010968636 0.4990786009646726 0.50100937051518268 0.49974865694986298 0.00020776946916789554 61.500000000000007 99.996695307338157 61.500000000000007 99.965989286397232 0.50064655964727944 61.500000000000007 99.973281677785977 -0.00010733385224570567 1.0000000180025095e-35 -0.0030287820983844189 61.500000000000007 0.4993538861507823 0.00023665568537645235 0.50138072485266849 -0.0003904573106769948 99.996695307338157 -0.00020026513440474233 99.996695307338157 61.500000000000007 99.396378269496651 1.0000000180025095e-35 -0.00091620658941710109 0.034692108621648295
decision_type=2 2 2 2 2 2 2 2 2 2 2 2 2 2 2 2 2 2 2 2 2 2 2 2 2 2 2 2 2 2
left_child=1 3 6 16 11 17 12 8 15 10 29 24 13 27 -9 -7 -1 22 -5 -11 28 26 -3 -21 -4 -26 -14 -2 -6 -8
right_child=2 5 4 18 20 7 9 14 -10 19 -12 -13 21 -15 -16 -17 -18 -19 -20 23 -22 -23 -24 -25 25 -27 -28 -29 -30 -31
leaf_value=-0.067156573181978013 0.10864746306756179 -0.028296531106634805 0.089671638963682548 -0.044017803412097094 0.048886821266685879 -0.06455502479118802 0.11713788326359847 0.0047405386779404667 -0.065990667113595552 0.059961565490424786 0.12342785182612184 0.10649030577737836 0.025775891941965626 0.12305289184641971 0.019888026883065124 -0.0018193876896882288 -0.056248749609972483 -0.014610670331597526 -0.032088661896025002 0.051503229543932924 0.12551426658650658 0.041245780209268099 -0.06359199463323581 0.076060984943433774 0.12370930213029629 0.096120500969533812 -0.039466924220696691 0.041199270283286647 0.11552827660441684 0.072681138286491948
leaf_weight=3375.719935297966 19.745437204837799 472.64078170061111 2307.9666727781296 2346.7077204585075 18.745668232440948 60.735965073108673 42.49018132686615 1866.0687869787216 184.45737540721893 2240.232324898243 209.95148420333862 2931.0726848244667 80.481402277946472 93.978283405303955 2023.5324001312256 694.58949357271194 2931.0726848244667 1906.0595458745956 2654.1366794705391 183.45760643482208 3966.3334557414055 1435.6682443618774 105.97551107406616 1469.4104471802711 173.20997446775436 509.38229143619537 29.993069171905518 235.44559299945831 1887.5638198852539 804.81402277946472
leaf_count=13506 79 1891 9234 9389 75 243 170 7466 738 8963 840 11727 322 376 8096 2779 11727 7626 10619 734 15869 5744 424 5879 693 2038 120 942 7552 3220
internal_value=0.0305535 -0.0320199 0.0930656 -0.0512959 0.110757 -0.00221886 0.062586 0.00657087 -0.0184692 0.0696772 0.0845452 0.0995468 0.0440644 0.0670442 0.0126209 -0.00686398 -0.0620872 -0.0193032 -0.0376866 0.0656395 0.12206 0.0388748 -0.034761 0.0733352 0.0927415 0.103121 0.00806291 0.0464181 0.114873 0.0749105
internal_weight=37261.6 18621.7 18639.9 11307.6 11794.3 7314.06 6845.67 4829.38 939.783 4950.36 1057.26 5921.63 1895.31 349.169 3889.6 755.325 6306.79 2484.68 5000.84 3893.1 5872.64 1546.14 578.616 1652.87 2990.56 682.592 110.474 255.191 1906.31 847.304
internal_count=149081 74504 74577 45241 47188 29263 27389 19322 3760 19806 4230 23692 7583 1397 15562 3022 25233 9941 20008 15576 23496 6186 2315 6613 11965 2731 442 1021 7627 3390
is_linear=0
shrinkage=1


Tree=1
num_leaves=31
num_cat=0
split_feature=4 11 11 11 17 17 11 13 7 13 15 17 13 15 4 6 13 11 11 4 6 17 7 6 6 3 6 7 13 3
split_gain=52682.2 3869.82 3654.04 553.935 545.994 450.572 325.319 264.207 203.766 107.821 144.258 102.238 81.7769 146.479 80.3783 84.7391 72.1139 64.896 62.4645 61.6234 57.1871 53.3957 53.1045 44.9045 41.5089 40.7801 38.7127 36.2215 40.2317 48.2224
threshold=1.0000000180025095e-35 -0.00087978177799469248 0.00080307646010968636 -0.0018825866868513173 0.50100937051518268 0.49974865694986298 0.00020776946916789554 61.500000000000007 1.0000000180025095e-35 61.500000000000007 99.996695307338157 0.5006322262300007 61.500000000000007 99.973281677785977 -0.00010733385224570567 1.3196468135260366e-05 61.500000000000007 -0.003809950496894809 -0.0013783579091214968 0.00023665568537645235 2.8696514997138719e-05 0.50138072485266849 1.0000000180025095e-35 1.0000000180025095e-35 2.9488015053476806e-05 -0.0003904573106769948 0.0001383417614297458 1.0000000180025095e-35 61.500000000000007 0.00073873931746437649
decision_type=2 2 2 2 2 2 2 2 2 2 2 2 2 2 2 2 2 2 2 2 2 2 2 2 2 2 2 2 2 2
left_child=1 3 6 17 11 16 12 8 -7 10 -8 26 13 -2 15 -9 22 -1 -5 -11 23 -6 -3 -18 -21 -14 -4 28 -20 -30
right_child=2 5 4 18 21 7 9 14 -10 19 -12 -13 25 -15 -16 -17 20 -19 27 24 -22 -23 -24 -25 -26 -27 -28 -29 29 -31
leaf_value=-0.094729525076336266 0.015221033414028518 -0.087810570881727334 0.059996662776627276 -0.072246448864543775 0.080499445333737651 -0.086407171671051025 0.042476719094066834 -0.037235257469935709 -0.032870432299496946 0.028100248256646251 0.08929164319303895 0.072163168079748249 -0.021222453190283277 0.088337601743239569 -0.0099874521175427264 -0.015548764064129507 -0.035456051703759407 -0.084164246404779944 -0.091377186397049476 0.04733509479632781 -0.033805737282308575 0.090698529414221449 -0.054437012391245237 -0.05655554351880912 0.031166202722681335 0.010303105857613952 0.024836654398118385 -0.057376452235574242 -0.065269077805728049 0.083527863388859869
leaf_weight=2348.1015345752239 255.09193085134029 157.39735406637192 2757.5191530734301 2051.9631496369839 1900.4531267285347 238.01838018000126 851.52242749929428 759.49574464559555 701.71707409620285 2238.7371306866407 203.97216260433197 3070.1388007849455 110.4749521613121 93.645060300827026 2023.7998585700989 1106.993797659874 354.47578409314156 3814.6369665712118 172.94827184081078 987.09181933104992 887.18282702565193 3951.6661464720964 491.13291612267494 873.68589350581169 663.91285087168217 1435.3894703388214 80.575557678937912 2069.393169939518 560.83865639567375 5.498414307832717
leaf_count=9403 1021 630 11054 8212 7627 953 3411 3038 2807 8963 819 12315 442 376 8096 4428 1418 15272 692 3954 3549 15869 1965 3495 2659 5744 323 8280 2244 22
internal_value=0.00014534 -0.0593152 0.0596605 -0.0782357 0.0765615 -0.0318501 0.0306012 -0.022637 -0.0464303 0.0373506 0.0515236 0.0658393 0.012984 0.0348548 -0.0168895 -0.0243732 -0.0479504 -0.0881898 -0.065615 0.0335047 -0.0434785 0.0873864 -0.0625367 -0.0504657 0.0408332 0.00805014 0.0589984 -0.0607703 -0.0702701 -0.0638244
internal_weight=37217.5 18617.3 18600.2 11023.4 11760.4 7593.9 6839.84 4830.02 939.735 4945.24 1055.49 5908.23 1894.6 348.737 3890.29 1866.49 2763.87 6162.74 4860.64 3889.74 2115.34 5852.12 648.53 1228.16 1651 1545.86 2838.09 2808.68 739.285 566.337
internal_count=149081 74504 74577 44125 47188 30379 27389 19322 3760 19806 4230 23692 7583 1397 15562 7466 11057 24675 19450 15576 8462 23496 2595 4913 6613 6186 11377 11238 2958 2266
is_linear=0
shrinkage=0.05


Tree=2
num_leaves=31
num_cat=0
split_feature=4 17 17 17 17 17 17 13 7 17 13 15 4 6 13 15 17 13 17 17 6 17 5 6 2 6 6 17 15 6
split_gain=47713.3 3528.15 3346.57 553.936 478.529 357.842 316.929 239.248 185.892 100.417 99.77 112.656 72.5771 76.5308 66.6631 164.45 64.2222 59.3856 59.2775 58.9967 55.498 51.9964 47.1064 40.9769 37.5322 36.4711 36.1072 34.6976 33.7786 32.3638
threshold=1.0000000180025095e-35 0.49958069731766025 0.50041608779041324 0.4990786009646726 0.50108075422678422 0.49974865694986298 0.50012940495983205 61.500000000000007 1.0000000180025095e-35 0.50064655964727944 61.500000000000007 99.996695307338157 -0.00010733385224570567 1.3196468135260366e-05 61.500000000000007 99.973281677785977 0.49843628565099557 61.500000000000007 0.50035607029682405 0.4993538861507823 3.3484328022877483e-05 0.5000886372051655 1.0000000180025095e-35 0.0001383417614297458 1.4874482445748074e-07 2.0689427673921777e-05 8.792416770132218e-06 0.5014568886817744 1.0000000180025095e-35 1.0000000180025095e-35
decision_type=2 2 2 2 2 2 2 2 2 2 2 2 2 2 2 2 2 2 2 2 2 2 2 2 2 2 2 2 2 2
left_child=1 3 6 16 9 17 14 8 -7 23 11 -8 13 -9 15 28 -1 22 -12 -5 29 24 -3 -4 -16 -21 -10 -6 -2 -19
right_child=2 5 4 19 27 7 10 12 26 -11 18 -13 -14 -15 21 -17 -18 20 -20 25 -22 -23 -24 -25 -26 -27 -28 -29 -30 -31
leaf_value=-0.088888980927911587 0.073902615990519491 -0.090178546019437977 0.057994043112864352 -0.067400161210898146 0.078635071361644743 -0.082459650378236007 0.042935474095408564 -0.035382771532886201 -0.049671722825568386 0.0698157696332984 0.030424254103537041 0.084956143748132068 -0.009487353061718766 -0.014771676506425814 -0.00084546925574653816 0.085442832967044052 -0.078768177021190031 -0.033438987091177236 0.046801954583523819 -0.063629410673929909 -0.029012413340481366 0.023073917928776097 -0.05239398149513174 0.02183548405021778 0.016883505329696392 -0.051673772751356511 -0.024257082065059381 0.087208164817062228 0.010294322906837457 -0.051758167364793529
leaf_weight=3204.4312769472599 22.406993746757507 99.709945946931839 2692.0915601402521 2339.5923755019903 1748.3805288374424 236.96592634916306 811.34437277913094 759.29954564571381 192.67866119742393 3338.1050688922405 2991.4144882112741 198.53296354413033 2023.9504170417786 1106.9676686525345 868.20898394286633 109.51959145069122 3068.3426220566034 328.29423245787621 677.6455302387476 1070.3625839650631 668.85795706510544 592.39023190736771 477.58320209383965 80.702102541923523 454.95133100450039 1578.7472565621138 508.79665315151215 3631.8884385228157 304.58190040290356 907.68235975503922
leaf_count=12899 90 401 10832 9389 7063 953 3257 3038 771 13462 11995 803 8096 4428 3475 443 12334 1314 2721 4291 2677 2373 1914 324 1821 6328 2036 14698 1220 3635
internal_value=0.000140088 -0.0564902 0.0569236 -0.0740491 0.0735482 -0.0294428 0.0297531 -0.0215117 -0.0441719 0.0639742 0.0372796 0.0511964 -0.0160453 -0.0231574 0.0147806 0.0324142 -0.0839384 -0.0448717 0.0334491 -0.0616143 -0.040614 0.0107624 -0.0589201 0.0569416 0.00525041 -0.0565044 -0.0312379 0.0844222 0.0146531 -0.0468923
internal_weight=37094.4 18572.3 18522.2 11261.5 11491.2 7310.79 7031 4828.66 938.441 6110.9 4678.94 1009.88 3890.22 1866.27 2352.06 436.508 6272.77 2482.13 3669.06 4988.7 1904.83 1915.55 577.293 2772.79 1323.16 2649.11 701.475 5380.27 326.989 1235.98
internal_count=149081 74504 74577 45241 46379 29263 28198 19322 3760 24618 18776 4060 15562 7466 9422 1753 25233 9941 14716 20008 7626 7669 2315 11156 5296 10619 2807 21761 1310 4949
is_linear=0
shrinkage=0.05


Tree=3
num_leaves=31
num_cat=0
split_feature=4 12 12 12 12 12 14 12 7 14 15 12 6 12 14 15 12 12 12 6 4 4 6 4 6 4 15 6 4 3
split_gain=43297.5 3245.45 3086.6 586.264 473.552 268.064 267.434 220.928 192.432 89.6309 96.4779 84.5309 80.3351 70.58 62.4259 152.589 54.1346 52.2947 50.767 48.1095 41.8649 38.4581 37.8788 37.7481 36.0818 35.9454 35.183 41.7036 35.8388 34.9531
threshold=1.0000000180025095e-35 -0.00038456575262044152 0.00040153823005484318 -0.00088035167184236085 0.000994704265109281 0.00013623960935171822 0.20500000000000004 -0.00017341672151791052 1.0000000180025095e-35 0.20500000000000004 99.996695307338157 0.00062580537710749129 2.0689427673921777e-05 -0.0015143910491922095 0.20500000000000004 99.973281677785977 -0.00058957537633841362 8.7680587910754517e-05 0.0014640615954016336 2.0962451992523491e-05 0.00023665568537645235 -0.00014372728184719461 2.9488015053476806e-05 -3.4147019986219267e-05 2.7303773575110527e-05 -0.00026237230047582155 99.996695307338157 9.4891485251323928e-05 0.0003780503725432372 -0.0003904573106769948
decision_type=2 2 2 2 2 2 2 2 2 2 2 2 2 2 2 2 2 2 2 2 2 2 2 2 2 2 2 2 2 2
left_child=1 3 5 13 11 14 8 12 -3 10 -7 26 25 -1 15 -2 -5 29 -6 -18 -11 -10 -22 24 -9 -8 27 -4 -28 -16
right_child=2 6 4 16 18 9 7 23 21 20 -12 -13 -14 -15 17 -17 19 -19 -20 -21 22 -23 -24 -25 -26 -27 28 -29 -30 -31
leaf_value=-0.085008993319890147 0.014827682121668684 -0.07849861521572167 0.052384032753698989 -0.062321061720480235 0.074313750257968283 0.041078233925269964 -0.052036021807625635 -0.020377419331196796 -0.049107752486988378 0.026084032486515529 0.081841661908941626 0.065709095825964806 -0.023520813725655149 -0.074602848898009388 -0.024201959607384509 0.081816709137115917 -0.06027600304745822 0.021774318005184923 0.083866813257950396 -0.046194766942912753 0.043406264163778428 -0.028772827884539106 0.027929402688877454 -0.0022994794822739288 -0.006791738150530597 -0.034637528119877074 0.080046634245510756 0.024407680197017848 0.05506664476418454 0.0071785193122724357
leaf_weight=3325.4471254646778 347.8502491414547 345.06835767626762 1973.8201462477446 2628.1336640268564 2282.206739872694 754.34799565374851 472.57434433698654 1331.3159366697073 346.75331890583038 1762.0584116876125 179.73881006240845 3011.0757183134556 1327.9309821128845 3194.9739466011524 95.725839406251907 112.49984611570835 1037.2709918171167 704.94889229536057 3560.178082421422 1460.8917206823826 982.30940888822079 705.72413755953312 661.61224302649498 745.999955534935 772.20008783042431 798.4286122918129 223.46687339246273 142.84897382557392 401.67390383780003 1215.4855001717806
leaf_count=13506 1395 1398 7980 10593 9302 3037 1896 5327 1393 7073 735 12228 5319 12929 383 460 4173 2827 14571 5871 3954 2827 2659 2984 3089 3199 906 576 1625 4866
internal_value=0.000135149 -0.0539041 0.0544118 -0.0699633 0.0701083 0.0277113 -0.0265835 -0.0215785 -0.0460961 0.0352013 0.048922 0.0599256 -0.0321211 -0.07991 0.0145853 0.0311984 -0.0573116 0.010792 0.0801351 -0.0520415 0.0314384 -0.0354725 0.0371775 -0.011963 -0.0153901 -0.0411065 0.0535741 0.050496 0.0639962 0.00488757
internal_weight=36904.6 18492.7 18411.8 11646.7 11595.3 6816.58 6846 5448.45 1397.55 4340.07 934.087 5752.89 2598.93 6520.42 2476.51 460.35 5126.3 2016.16 5842.38 2498.16 3405.98 1052.48 1643.92 2849.52 2103.52 1271 2741.81 2116.67 625.141 1311.21
internal_count=149081 74504 74577 47072 47188 27389 27432 21814 5618 17458 3772 23315 10414 26435 9931 1855 20637 8076 23873 10044 13686 4220 6613 11400 8416 5095 11087 8556 2531 5249
is_linear=0
shrinkage=0.05


Tree=4
num_leaves=31
num_cat=0
split_feature=4 11 17 11 17 11 11 13 15 17 13 15 11 15 4 6 13 15 13 17 11 5 11 5 6 6 6 11 2 15
split_gain=39355.8 2995.29 2863.98 449.651 427.354 342.054 262.474 200.672 163.911 87.425 82.2211 94.9605 72.0665 65.6212 63.8351 76.0429 56.8314 140.967 54.2999 48.8892 47.298 44.698 41.6599 41.5163 40.4819 35.8599 33.4764 31.7694 31.5025 31.4943
threshold=1.0000000180025095e-35 -0.00087978177799469248 0.50041608779041324 -0.002069683420579393 0.50108075422678422 -0.0005188504791709957 0.00027247921870343644 61.500000000000007 99.996695307338157 0.50064655964727944 61.500000000000007 99.996695307338157 -0.0014421182021627785 0.088809946667574038 -0.00010733385224570567 1.3196468135260366e-05 61.500000000000007 99.973281677785977 61.500000000000007 0.50035607029682405 0.00017536117582150903 1.0000000180025095e-35 -0.003809950496894809 8.8610983210765623e-08 8.5008568531268921e-05 0.0001383417614297458 8.792416770132218e-06 0.0029281231908032672 1.4874482445748074e-07 1.0000000180025095e-35
decision_type=2 2 2 2 2 2 2 2 2 2 2 2 2 2 2 2 2 2 2 2 2 2 2 2 2 2 2 2 2 2
left_child=1 3 6 22 9 18 16 8 13 25 11 -8 -5 -7 15 -9 17 29 21 -12 28 -3 -1 -14 -20 -4 -15 -6 -18 -2
right_child=2 5 4 12 27 7 10 14 -10 -11 19 -13 23 26 -16 -17 20 -19 24 -21 -22 -23 -24 -25 -26 -27 -28 -29 -30 -31
leaf_value=-0.083660746557452759 0.070666344320356095 -0.084713660953479319 0.053000385650064853 -0.064839269851799872 0.072594728729550695 -0.073912454882438181 0.03932136298908212 -0.033067509981225846 -0.082156483141383269 0.064103648759411699 0.027762475921955049 0.07874481837115721 -0.061287327162773679 -0.042480124516417618 -0.0084842315858143658 -0.013025538711289364 -0.00096061813647654566 0.078824696888841903 -0.039833079983955688 0.042734748846829318 0.020710831367941329 -0.048890246261008408 -0.074801300780863389 -0.048992854413793537 -0.010068562241002763 0.019096741264304884 -0.018248592573450347 0.080853176532110813 0.015362998029078857 0.010092774333267608
leaf_weight=2285.7132338434458 22.977744147181511 105.1052231490612 2660.3682912290096 2292.8089281469584 1742.8524618893862 76.697088897228241 784.81384941935539 795.04783134162426 187.15214566886425 3281.9204965531826 2878.417456805706 189.6606513261795 1034.6820843368769 199.72115081548691 2023.9137721210718 1169.4130372703075 860.80212658643723 110.96981045603752 1882.6220352351665 672.63718874752522 704.11147788167 507.59891843795776 3163.3065996617079 2041.4242948889732 121.61558802425861 80.348682776093483 497.78420656919479 3509.4978926181793 450.11632925271988 324.61464107036591
leaf_count=9403 93 430 10832 9330 7190 313 3172 3188 765 13462 11588 786 4190 802 8096 4681 3446 460 7571 2721 2827 2049 12947 8255 488 324 1996 14571 1803 1302
internal_value=0.000130546 -0.0515202 0.0520936 -0.068399 0.0676891 -0.0273888 0.0269705 -0.019659 -0.0401649 0.0585986 0.034129 0.0469943 -0.0581295 -0.030014 -0.0147162 -0.0211368 0.0138738 0.0297608 -0.0420092 0.0305985 0.0102584 -0.0550355 -0.0785176 -0.0531282 -0.038027 0.0520064 -0.025187 0.0781128 0.00464425 0.014097
internal_weight=36658.7 18384.6 18274.1 10817.9 11275 7566.67 6999.12 4949.73 961.355 6022.64 4525.53 974.475 5368.92 774.202 3988.37 1964.46 2473.59 458.562 2616.94 3551.05 2015.03 612.704 5449.02 3076.11 2004.24 2740.72 697.505 5252.35 1310.92 347.592
internal_count=149081 74504 74577 44125 46379 30379 28198 19841 3876 24618 18267 3958 21775 3111 15965 7869 9931 1855 10538 14309 8076 2479 22350 12445 8059 11156 2798 21761 5249 1395
is_linear=0
shrinkage=0.05


Tree=5
num_leaves=31
num_cat=0
split_feature=4 17 17 17 17 17 17 14 15 14 15 14 15 14 5 17 17 6 17 4 6 17 17 4 3 14 7 15 15 3
split_gain=35701.6 2805.17 2724.79 563.488 432.095 249.492 204.684 100.753 107.081 84.3959 80.3589 77.7763 128.526 73.4567 77.6282 71.7116 70.6705 65.3011 50.847 50.5887 49.4053 44.7095 44.5656 44.4527 37.7989 37.7099 45.902 37.3177 33.578 31.7643
threshold=1.0000000180025095e-35 0.49964614044647654 0.50041608779041324 0.49913778323958463 0.50100937051518268 0.50015324114439796 0.49984922893389899 0.20500000000000004 99.996695307338157 0.20500000000000004 99.965989286397232 0.20500000000000004 99.996695307338157 0.20500000000000004 1.0000000180025095e-35 0.50064655964727944 0.49864213313157268 2.4812711052810374e-05 0.49942299901075032 0.00023665568537645235 0.00011776820179430215 0.50005608681792479 0.50138072485266849 -0.00024028926694757977 -0.00019600707292849459 0.20500000000000004 1.0000000180025095e-35 0.051672911311968057 0.040461260038775045 -1.1563011665494114e-05
decision_type=2 2 2 2 2 2 2 2 2 2 2 2 2 2 2 2 2 2 2 2 2 2 2 2 2 2 2 2 2 2
left_child=1 3 5 16 15 11 13 8 27 10 -7 12 28 14 -3 -4 -1 23 -5 -11 25 -13 -6 -15 -21 26 -20 -8 -2 -22
right_child=2 6 4 18 22 9 7 -9 -10 19 -12 21 -14 17 -16 -17 -18 -19 20 24 29 -23 -24 -25 -26 -27 -28 -29 -30 -31
leaf_value=-0.078192289309330809 0.07007800881119236 -0.080948359543328866 0.049151123774432107 -0.056930605127675074 0.068256903137678016 0.038682235535446176 -0.071031053815658801 -0.0093503906298827068 -0.078126746672141145 0.022239973902130908 0.075599965345390291 0.00016424213211296195 0.076935563646748931 -0.046031665387155203 -0.037975823880804851 0.060518595185857699 -0.067622066335482942 -0.018602142640687512 -0.082152857739395999 0.01692724199710131 -0.032035657913274854 0.014755828326876464 0.077758017311114022 -0.027877331234979309 0.037629553435978964 -0.045029141284160967 -0.051313216496472414 -0.017725305189227627 0.013496603803757726 0.029012795933953523
leaf_weight=3822.1404000818729 28.183898597955704 126.9814834445715 2717.3616051375866 2584.2098425328732 1836.9623633623123 734.86089831590652 35.786339044570923 2522.8509742766619 106.28102606534958 1516.2147454917431 184.38776813447475 833.22751361131668 117.01315195858479 533.35888779163361 609.7077954262495 2834.7187987565994 2697.1353343874216 1150.4921958148479 159.92913030087948 257.52938610315323 65.176627367734909 1419.0111643821001 3761.4493616074324 916.79583941400051 1532.8628458976746 1994.5909705609083 491.35733258724213 397.80973891913891 376.46588326990604 31.656353965401649
leaf_count=15930 115 528 11145 10561 7672 2983 148 10096 440 6110 776 3337 493 2153 2464 11750 11138 4616 656 1042 264 5700 15878 3683 6213 8086 1995 1598 1513 128
internal_value=-0.000161862 -0.0495518 0.0494893 -0.0639618 0.0648386 0.0250381 -0.0228795 -0.0135455 -0.0331495 0.0326861 0.0460874 0.013387 0.0307834 -0.0314454 -0.0453829 0.054955 -0.0738192 -0.0274973 -0.051898 0.0289604 -0.0471563 0.00935759 0.0746405 -0.0345544 0.0346517 -0.0484401 -0.0588862 -0.0221248 0.0174375 -0.0120779
internal_weight=36396.5 18246.3 18150.2 11846.2 11150.5 6999.76 6400.06 3062.73 539.877 4225.86 919.249 2773.9 521.663 3337.34 736.689 5552.08 6519.28 2600.65 5326.92 3306.61 2742.71 2252.24 5598.41 1450.15 1790.39 2645.88 651.286 433.596 404.65 96.833
internal_count=149211 74484 74727 48758 46445 28282 25726 12282 2186 17124 3759 11158 2121 13444 2992 22895 27068 10452 21690 13365 11129 9037 23550 5836 7255 10737 2651 1746 1628 392
is_linear=0
shrinkage=0.05


Tree=6
num_leaves=31
num_cat=0
split_feature=4 11 11 11 11 11 17 13 15 11 13 15 13 15 11 13 7 6 11 6 4 17 11 15 4 13 7 6 15 6
split_gain=32536.8 2616.3 2551.43 540.174 454.816 196.103 182.817 91.845 99.5585 83.7121 77.0785 71.9843 69.944 119.883 69.0573 66.4667 72.4869 61.1077 47.6861 46.0292 40.9625 39.9724 37.9107 34.5009 34.4616 33.996 46.6274 31.0671 31.0409 41.2831
threshold=1.0000000180025095e-35 -0.00070517023011040781 0.00078191018846618398 -0.0017215624643190928 0.00207917451953521 0.00030358288811838113 0.49984922893389899 61.500000000000007 99.996695307338157 0.0013073619409587069 61.500000000000007 99.996695307338157 61.500000000000007 99.996695307338157 -0.0027114013542473554 61.500000000000007 1.0000000180025095e-35 2.4812711052810374e-05 -0.0011791507526768827 0.00011535219956569386 -0.00024028926694757977 0.50005608681792479 0.0029281231908032672 0.051672911311968057 0.00023665568537645235 61.500000000000007 1.0000000180025095e-35 8.792416770132218e-06 97.297297298661434 9.0433000580474016e-05
decision_type=2 2 2 2 2 2 2 2 2 2 2 2 2 2 2 2 2 2 2 2 2 2 2 2 2 2 2 2 2 2
left_child=1 3 5 14 9 12 15 8 23 28 11 -7 13 -2 -1 16 -3 20 -5 25 -17 -14 -6 -8 -12 26 -20 -25 29 -4
right_child=2 6 4 18 22 10 7 -9 -10 -11 24 -13 21 -15 -16 17 -18 -19 19 -21 -22 -23 -24 27 -26 -27 -28 -29 -30 -31
leaf_value=-0.075599493547327951 0.016393994731584056 -0.071094202876248194 0.044803969168098409 -0.054838051236383627 0.066967660803156123 0.036473680688706621 -0.068442695411358861 -0.0088843711428827406 -0.075418976556172787 0.058585242156887533 0.021122508316953711 0.073935995927989662 0.00015603319868641463 0.074474949799548482 -0.065081449851191173 -0.044053143040058654 -0.034260551957916975 -0.017439025318575354 -0.079466209829610002 -0.014256458847014951 -0.02653614804754539 0.013989735995370329 0.075752551102309662 -0.039372448545734663 0.031743366711167821 -0.043423004764177479 -0.04890652318111139 -0.0081769713635894345 0.052550856365880451 0.017737796423706678
leaf_weight=3764.8495314270258 400.80997413396835 176.2914999127388 1615.7011891156435 2422.6982043534517 1925.0815116912127 681.03806154429913 35.29511958360672 2522.4354384094477 104.63344910740852 2913.388561964035 1531.9682689607143 157.97386430203915 833.22324815392494 114.1462092846632 2665.3742423355579 525.35395155847073 551.1856891065836 1142.1208244711161 164.6640457212925 114.5518693625927 915.02078276872635 1398.8435184061527 3391.9562129974365 110.59024342894554 1523.0925454497337 2075.2376912981272 515.83978347480297 286.74805198609829 1330.8927851319313 154.34104338288307
leaf_count=15962 1615 741 6674 9994 8176 2778 148 10096 440 12230 6186 678 3337 490 11151 2131 2232 4587 685 465 3683 5624 14604 446 6191 8462 2109 1152 5512 632
internal_value=-0.000154262 -0.0474871 0.0474957 -0.0615021 0.0619181 0.0228875 -0.0216927 -0.0128824 -0.0316528 0.0524994 0.030104 0.0435273 0.0126578 0.0292683 -0.0712397 -0.0298369 -0.0431865 -0.0260764 -0.0496724 -0.0453122 -0.0329252 0.00882566 0.0725719 -0.0210678 0.0264175 -0.0466031 -0.0563012 -0.0168595 0.0467817 0.0424439
internal_weight=36065.3 18092.9 17972.5 11723.2 11331.4 6641.1 6369.68 3059.7 537.267 6014.32 3894.07 839.012 2747.02 514.956 6430.22 3309.97 727.477 2582.5 5292.99 2870.29 1440.37 2232.07 5317.04 432.633 3055.06 2755.74 680.504 397.338 3100.94 1770.04
internal_count=149211 74484 74727 48828 47828 26899 25656 12282 2186 25048 15833 3456 11066 2105 27113 13374 2973 10401 21715 11721 5814 8961 22780 1746 12377 11256 2794 1598 12818 7306
is_linear=0
shrinkage=0.05


Tree=7
num_leaves=31
num_cat=0
split_feature=4 11 17 11 11 11 17 13 15 13 15 17 11 13 15 13 15 11 4 11 4 11 2 15 15 15 13 13 7 7
split_gain=29683.8 2441.44 2392.78 519.845 405.259 208.161 166.373 83.8482 92.9201 72.5737 115.339 69.5513 67.6037 66.4727 68.3532 61.3756 69.6071 45.0557 40.9613 39.4964 38.009 37.4902 35.6396 31.9854 31.9268 31.653 39.6292 31.0393 49.7399 27.478
threshold=1.0000000180025095e-35 -0.00070517023011040781 0.50041608779041324 -0.0017215624643190928 0.00207917451953521 0.00033559638615288106 0.49984922893389899 61.500000000000007 99.996695307338157 61.500000000000007 99.996695307338157 0.50069231853985319 -0.0027114013542473554 61.500000000000007 99.996695307338157 61.500000000000007 99.913588243920074 -0.001151058963224427 7.1959039067537325e-05 0.00070545198591498448 -0.00024028926694757977 0.0029281231908032672 5.3223166474825063e-05 0.051672911311968057 0.040461260038775045 99.996695307338157 61.500000000000007 61.500000000000007 1.0000000180025095e-35 0.25000000000000006
decision_type=2 2 2 2 2 2 2 2 2 2 2 2 2 2 2 2 2 2 2 2 2 2 2 2 2 2 2 2 2 2
left_child=1 3 5 12 11 9 15 8 23 10 24 25 -1 14 -7 16 -3 29 22 -15 -17 -6 -11 -8 -2 -4 -27 28 -19 -5
right_child=2 6 4 17 21 13 7 -9 -10 18 -12 -13 -14 19 -16 20 -18 27 -20 -21 -22 -23 -24 -25 -26 26 -28 -29 -30 -31
leaf_value=-0.073255347565108264 0.067614757948777623 -0.033880277906503754 0.043239315224352884 -0.056005322136766483 0.06475117352502327 0.035857600084618829 -0.066068429993930616 -0.0084418581313060719 -0.072970226380772316 -0.0030500331452790615 0.071555140165647541 0.057153081905847405 -0.062762021839342264 0.023848850407215447 0.072066141657382413 -0.032508105725883092 -0.073680063606526638 -0.076615340475138516 0.015332671533727747 0.037345709838391916 -0.020027876230792246 0.07356951028990634 0.01633480117154178 -0.016041326770116271 0.013588979709174609 0.075748668861277138 0.04836047063092281 -0.040058913362664442 -0.044753056598017517 -0.044911744725592194
leaf_weight=3692.8773283213377 29.250156059861183 587.25083595514297 2391.1050296574831 1711.516058459878 1892.263478204608 686.32817810773849 34.749167799949646 2521.9386426061392 102.78424488008022 844.45956560969353 124.1299833804369 2528.7931445986032 2626.6647872328758 2381.3586586415768 160.89511731266975 992.19686897099018 135.13880187273026 161.74652600288391 1276.4949470609426 701.77890281379223 1584.0695580542088 3319.8021789193153 329.67642521858215 396.75234796106815 420.06326571106911 177.52968353033066 515.87166206538677 2041.842134848237 504.64226448535919 828.34532414376736
leaf_count=15962 121 2397 9990 7132 8176 2816 148 10096 440 3382 544 10761 11151 9669 704 4025 576 684 5147 2882 6376 14604 1322 1598 1695 751 2163 8373 2078 3448
internal_value=-0.000147225 -0.0455566 0.0456266 -0.0592346 0.0603283 0.0227418 -0.0206587 -0.0122538 -0.0302468 0.0128799 0.0288923 0.0510063 -0.0688939 0.0303296 0.0427339 -0.0284459 -0.0413257 -0.0476034 0.00913301 0.026921 -0.0248344 0.070368 0.00239288 -0.0200701 0.017106 0.0459669 0.0553726 -0.0431169 -0.0524867 -0.0523873
internal_weight=35702.3 17922.5 17779.8 11567.6 10825.4 6954.44 6354.88 3056.22 534.286 3024.07 573.443 5613.3 6319.54 3930.36 847.223 3298.66 722.39 5248.09 2450.63 3083.14 2576.27 5212.07 1174.14 431.502 449.313 3084.51 693.401 2708.23 666.389 2539.86
internal_count=149211 74484 74727 48828 46445 28282 25656 12282 2186 12211 2360 23665 27113 16071 3520 13374 2973 21715 9851 12551 10401 22780 4704 1746 1816 12904 2914 11135 2762 10580
is_linear=0
shrinkage=0.05


Tree=8
num_leaves=31
num_cat=0
split_feature=4 11 17 11 11 11 17 14 15 17 14 15 4 14 15 6 7 15 11 14 6 11 14 6 5 17 17 11 15 6
split_gain=27104.6 2291.44 2259.88 374.215 305.745 264.452 255.828 131.157 131.996 93.9615 66.3902 108.414 60.7749 59.2377 56.3204 56.0231 55.7487 55.0857 47.7825 43.2478 41.2766 41.2082 40.0209 38.1983 37.9072 37.84 33.4992 31.0572 29.425 28.3105
threshold=1.0000000180025095e-35 -0.00087978177799469248 0.50053109901545656 -0.0019740438199625783 0.00033559638615288106 -0.0005188504791709957 0.50108075422678422 0.20500000000000004 99.996695307338157 0.50035607029682405 0.20500000000000004 99.996695307338157 -0.00010733385224570567 0.20500000000000004 1.0000000180025095e-35 1.3196468135260366e-05 1.0000000180025095e-35 99.996695307338157 -0.0041058899830013753 0.20500000000000004 4.0872366271045046e-05 -0.0012067754505316051 0.20500000000000004 1.0000000180025095e-35 1.0000000180025095e-35 0.50005608681792479 0.50074104964596189 0.0029281231908032672 0.040461260038775045 7.1204378204391542e-05
decision_type=2 2 2 2 2 2 2 2 2 2 2 2 2 2 2 2 2 2 2 2 2 2 2 2 2 2 2 2 2 2
left_child=1 3 4 18 10 19 26 8 14 13 11 28 15 17 -7 -9 22 -6 -1 24 23 -18 -5 -21 -3 -12 -4 -8 -2 -15
right_child=2 5 6 16 9 7 27 12 -10 -11 25 -13 -14 29 -16 -17 21 -19 -20 20 -22 -23 -24 -25 -26 -27 -28 -29 -30 -31
leaf_value=-0.074638493010087459 0.065117811825867858 -0.075707485543250491 0.047492018499952431 -0.07390445087924348 0.033020366472363998 -0.071451287027571836 0.063123487859407926 -0.028504611577997437 -0.072488972391515694 0.039972415908771625 2.8024629488577629e-05 0.06955006558622151 -0.0058830333322694899 0.024596803146336752 -0.020000191529516948 -0.011230424011543998 -0.050028816191593654 0.070693682944245981 -0.064736202169238699 -0.021627224177418788 -0.020490965875899787 -0.039046527811658141 -0.053055967553005727 -0.041142122617378957 -0.041881055111334824 0.01314709113123423 0.056249537584224275 0.071587211231793443 0.012925674769339288 0.0057717983911210902
leaf_weight=1864.3209991455078 28.862964034080505 99.669813841581345 2072.5413924157619 307.75640460848808 535.18717193603516 57.506975710391998 1627.9573758095503 790.21025608479977 170.67335997521877 2241.6371127068996 833.07939921319485 121.39258150756359 2033.1688860356808 2190.0283428877592 708.25546380877495 1156.0067332834005 2314.8750617355108 118.51896701753139 3515.4472647756338 325.50366315245628 546.96150861680508 1353.6253138333559 913.24178144335747 1091.9670812338591 489.99260774254799 1615.5671689063311 2308.0074806064367 3243.0875546336174 419.55193056166172 219.75856895744801
leaf_count=8264 121 437 8813 1311 2208 249 7172 3192 745 9391 3337 544 8137 8921 2866 4641 9801 531 15329 1331 2220 5615 3844 4474 2028 6514 9982 14604 1695 894
internal_value=-0.000140609 -0.0437418 0.0438675 -0.0590684 0.0249651 -0.0226716 0.0608738 -0.0158904 -0.0327264 0.0321934 0.0122608 0.0276327 -0.0119285 0.0265014 -0.023864 -0.0182442 -0.0490566 0.0398507 -0.0681678 -0.0357232 -0.0321586 -0.0459765 -0.0583109 -0.0366608 -0.0475987 0.00868372 0.0521061 0.0687585 0.0162851 0.0228801
internal_weight=35314.4 17739.2 17575.2 10269.3 8323.58 7469.92 9251.59 4915.82 936.436 5305.13 3018.45 569.807 3979.39 3063.49 765.762 1946.22 4889.5 653.706 5379.77 2554.09 1964.43 3668.5 1221 1417.47 589.662 2448.65 4380.55 4871.04 448.415 2409.79
internal_count=149211 74484 74727 44164 34156 30320 40571 19830 3860 21945 12211 2360 15970 12554 3115 7833 20571 2739 23593 10490 8025 15416 5155 5805 2465 9851 18795 21776 1816 9815
is_linear=0
shrinkage=0.05


Tree=9
num_leaves=31
num_cat=0
split_feature=4 11 17 17 11 17 11 13 15 17 13 15 4 13 15 15 13 5 3 7 3 4 4 17 11 11 2 15 3 4
split_gain=24768.2 2161.65 2139.12 413.411 280.078 251.94 211.665 120.97 124.644 87.2129 60.7832 102.152 55.4967 54.991 52.946 52.8414 41.8987 66.6337 39.712 39.5037 37.9202 35.6241 34.8263 32.4771 31.1241 28.1131 27.9953 27.1849 25.9885 25.8485
threshold=1.0000000180025095e-35 -0.001151058963224427 0.50053109901545656 0.49973920341585404 0.00033559638615288106 0.50108075422678422 -0.0023887258166844778 61.500000000000007 99.996695307338157 0.50035607029682405 61.500000000000007 99.996695307338157 -0.00010733385224570567 61.500000000000007 1.0000000180025095e-35 99.996695307338157 61.500000000000007 1.0000000180025095e-35 -0.00015892637683223573 0.25000000000000006 0.0006970731588105129 -0.00032013710102835041 7.8338143877032542e-05 0.50069231853985319 0.0029281231908032672 -0.0041058899830013753 1.3938035969829346e-07 0.040461260038775045 -8.4035968612838894e-05 -0.00011353604439789942
decision_type=2 2 2 2 2 2 2 2 2 2 2 2 2 2 2 2 2 2 2 2 2 2 2 2 2 2 2 2 2 2
left_child=1 6 4 16 10 23 25 8 14 13 11 27 29 15 -5 -6 17 -3 -11 -8 21 -18 26 -4 -7 -1 -12 -2 -29 -9
right_child=2 3 5 7 9 24 19 12 -10 18 22 -13 -14 -15 -16 -17 20 -19 -20 -21 -22 -23 -24 -25 -26 -27 -28 28 -30 -31
leaf_value=-0.072715901069209554 0.062814128216428677 -0.075125062439236001 0.044685585941941157 -0.069394890972392126 0.031563761992784121 0.06121302999063051 -0.055679807304780719 -0.016001838823504973 -0.070446238166537889 0.022864751539079454 -0.0029998127289432288 0.067709868080940191 -0.0055896973486036202 0.02180717136575552 -0.019131073934248104 0.068850624658830337 -0.0387809335107012 -0.039912887163948446 0.041208342281790496 -0.045593537347327545 0.0074663419056672084 -0.027593637316417799 0.014509787756700572 0.05361951327905478 0.069778388276572095 -0.064456725916803848 0.012381288218975163 -0.0064832911987633152 0.020551993178323957 -0.041251528739377048
leaf_weight=1819.0785583257675 28.436265379190445 161.74082092940807 1640.0909307152033 56.555929660797119 531.9736033976078 1595.6507783383131 2903.2963525950909 1850.0413483828306 167.40443362295628 350.25836235284805 817.53378607332706 118.52987235784531 2032.8800313472748 2402.138880521059 711.54846163094044 115.67910151183605 1921.9616620987654 793.43884560465813 1871.8103545159101 1458.418565556407 54.427190959453583 1129.9591807126999 1165.6517033278942 2678.7408681660891 3162.8347027301788 2376.213965266943 463.59334042668343 127.977483689785 291.05320148169994 107.23443566262722
leaf_count=8264 121 719 7030 250 2208 7172 12537 7460 747 1475 3275 544 8137 9815 2886 531 7990 3319 7916 6282 223 4629 4715 11765 14604 10610 1861 518 1177 431
internal_value=-0.00013457 -0.0420331 0.0422038 -0.0249076 0.0238329 0.0589704 -0.0600196 -0.0151698 -0.0313523 0.0307827 0.0116718 0.026438 -0.0113757 0.0252934 -0.022832 0.0382237 -0.0367172 -0.0458754 0.0383169 -0.0523073 -0.0339012 -0.0346389 0.00825608 0.0502268 0.0669062 -0.0680379 0.00256605 0.0155055 0.0122951 -0.0173852
internal_weight=34906.2 17544.2 17362 8987.19 8284.64 9077.32 8557.01 4925.66 935.509 5271.86 3012.78 565.997 3990.16 3049.79 768.104 647.653 4061.53 955.18 2222.07 4361.71 3106.35 3051.92 2446.78 4318.83 4758.49 4195.29 1281.13 447.467 419.031 1957.28
internal_count=149211 74484 74727 36791 34156 40571 37693 19911 3883 21945 12211 2360 16028 12554 3136 2739 16880 4038 9391 18819 12842 12619 9851 18795 21776 18874 5136 1816 1695 7891
is_linear=0
shrinkage=0.05


Tree=10
num_leaves=31
num_cat=0
split_feature=4 11 11 11 11 11 11 13 7 11 13 11 15 6 7 4 3 13 6 13 3 6 6 5 13 15 13 15 15 4
split_gain=22658.3 2048.86 2004.51 351.037 346.113 190.599 170.314 115.123 124.401 99.0629 62.07 59.3223 57.3051 52.5424 50.8777 48.5064 44.1632 43.4482 42.4252 41.4171 40.9634 38.5023 37.9024 34.8739 31.8669 33.5753 50.0119 41.6777 29.6231 32.9832
threshold=1.0000000180025095e-35 -0.00087978177799469248 0.0012516107542149826 0.00070545198591498448 -0.0018825866868513173 -0.0005188504791709957 0.0027088654099113323 61.500000000000007 1.0000000180025095e-35 0.00025641464530323793 61.500000000000007 -0.003809950496894809 99.959726137728424 2.7598257249728476e-05 1.0000000180025095e-35 -3.4147019986219267e-05 -0.00015892637683223573 61.500000000000007 0.00014322545793443863 61.500000000000007 0.00050544051319911809 0.00015410722907700631 7.7460035966640006e-05 1.0000000180025095e-35 121.50000000000001 86.26475550950353 61.500000000000007 99.973281677785977 99.782667737362416 -0.00024028926694757977
decision_type=2 2 2 2 2 2 2 2 2 2 2 2 2 2 2 2 2 2 2 2 2 2 2 2 2 2 2 2 2 2
left_child=1 4 3 9 11 17 18 8 -7 24 12 -1 -11 15 19 -9 -5 23 -4 -6 -20 -16 28 -3 25 -2 27 -27 -19 -30
right_child=2 5 6 16 14 7 -8 13 -10 10 -12 -13 -14 -15 21 -17 -18 22 20 -21 -22 -23 -24 -25 -26 26 -28 -29 29 -31
leaf_value=-0.070414197990043836 0.0078155225137476192 -0.071262336291811348 0.053643533333351714 0.024686275969544334 -0.070621506255662561 -0.063730308759184798 0.067546211406516329 -0.018835646078352079 -0.020426206917485396 0.029067465212011236 0.019476793411677636 -0.059611734552050238 0.06467697632579493 -0.0033879739241040037 -0.042705242935265238 -0.0015518332236355496 0.040618672528731838 -0.034251080933726329 -0.0019965896497930271 -0.048561957970291142 0.051160496547853762 -0.0081758882725071931 -0.0040584412610567026 -0.038142623442916544 0.0012160961618446061 0.017331559945386855 0.013770962888932307 0.067021076611124331 -0.024653324443750249 0.014398969062685604
leaf_weight=2029.3567788898945 936.04184807837009 95.00920544564724 4267.2763528227806 516.58038429915905 284.32256013154984 216.41215369105339 3467.6743890047073 2005.6145372986794 709.79009829461575 627.51110778748989 2911.4114805161953 3400.4973691105843 137.78779712319374 1450.6413438022137 3310.4987851530313 508.95040932297707 2752.4422123283148 1256.571421533823 68.354054033756256 845.594018638134 77.145519033074379 82.750684902071953 152.55892495810986 486.33535791933537 762.49088783562183 73.886174276471138 424.52076265215874 98.40334264934063 490.98715545237064 60.758725941181183
leaf_count=9457 3771 438 19143 2197 1255 984 16396 8085 2891 2613 11912 15379 647 5819 14203 2037 11785 5196 306 3645 347 354 621 2046 3065 298 1707 463 2027 248
internal_value=-0.000100143 -0.0403057 0.040728 0.0249294 -0.0551391 -0.020445 0.0592543 -0.0146731 -0.0305444 0.0177194 0.0228076 -0.0636491 0.0354788 -0.0109658 -0.0449232 -0.0153374 0.038101 -0.0315505 0.0527383 -0.0541128 0.0261879 -0.0418632 -0.0279914 -0.0435554 0.00956922 0.0137243 0.0229918 0.0457118 -0.0300105 -0.0203529
internal_weight=34508.2 17386.6 17121.5 9241.08 9953.02 7433.63 7880.45 4891.41 926.202 5972.05 3676.71 5429.85 765.299 3965.21 4523.17 2514.56 3269.02 2542.22 4412.78 1129.92 145.5 3393.25 1960.88 581.345 2295.34 1532.85 596.81 172.29 1808.32 551.746
internal_count=149335 74685 74650 38458 44293 30392 36192 19816 3875 24476 15172 24836 3260 15941 19457 10122 13982 10576 19796 4900 653 14557 8092 2484 9304 6239 2468 761 7471 2275
is_linear=0
shrinkage=0.05


Tree=11
num_leaves=31
num_cat=0
split_feature=4 11 11 11 11 11 11 13 15 13 15 11 6 4 6 15 6 15 6 6 13 15 4 11 4 2 15 11 13 15
split_gain=20727.8 1936.68 1911.24 325.038 308.599 221.578 170.045 104.669 118.616 85.8796 132.724 72.4241 54.478 50.823 53.1576 47.8838 40.0808 39.2917 46.4151 38.6243 44.7511 36.6147 35.6402 35.143 34.5126 32.8679 31.8678 31.2142 28.9142 37.8012
threshold=1.0000000180025095e-35 -0.0011237185970596195 0.0012516107542149826 0.00066668024036675721 -0.00053735890913841889 -0.0022739525964285963 0.0027088654099113323 61.500000000000007 99.996695307338157 61.500000000000007 99.973281677785977 0.00017536117582150903 2.0962451992523491e-05 -3.4147019986219267e-05 2.7598257249728476e-05 0.088809946667574038 0.00014322545793443863 98.711061885694434 9.3282356949960386e-05 1.0000000180025095e-35 61.500000000000007 0.034692108621648295 6.5048080914675857e-05 -0.003809950496894809 -0.00030094287203069609 -0.00020026513440474233 73.809973385107213 -0.0014421182021627785 61.500000000000007 99.973281677785977
decision_type=2 2 2 2 2 2 2 2 2 2 2 2 2 2 2 2 2 2 2 2 2 2 2 2 2 2 2 2 2 2
left_child=1 5 3 9 12 23 16 8 15 10 21 -11 19 14 -9 -6 -4 18 -5 20 -3 -2 -23 -1 -22 -13 -18 -7 29 -19
right_child=2 4 6 17 7 27 -8 13 -10 11 -12 25 -14 -15 -16 -17 26 28 -20 -21 24 22 -24 -25 -26 -27 -28 -29 -30 -31
leaf_value=-0.068811129779838567 0.062783335189452463 -0.072287201699109752 0.051924035430576831 0.033570364927890659 -0.059147675251335519 -0.050956023510108389 0.066001559806978791 -0.018339146547858672 -0.066757098372354107 0.0033445406421117848 0.063840665618861606 0.0033198875510634137 -0.0278862856762567 0.0010284705686050414 -0.0053101330732012817 -0.016855718545025322 0.004837467297049123 0.035180971205246499 0.0060135834759492031 -0.045337111332230805 -0.033461745705943943 0.0032055133614403448 0.025007698584689538 -0.059710469844037599 -0.0047868864296109707 0.019134709638265537 0.052361322451446458 -0.041920735178466319 0.03831845015265907 0.069910509699915357
leaf_weight=1974.2018648535013 48.209173887968063 53.481648981571198 4190.1358323097229 1900.0776193737984 73.960970729589462 2637.2867422997952 3373.7733382284641 2065.7625198066235 172.02770887315273 1291.0782763063908 217.83506669104099 370.68298913538456 2112.333300575614 747.27037198841572 1260.5747147649527 703.92716465890408 82.677652820944786 135.11583337187767 166.17016516625881 1109.4008883535862 319.6420618891716 276.16842810809612 583.48529013991356 2292.778076633811 156.21747426688671 2889.4933317005634 61.525645390152931 1499.3235832452774 1124.2143073827028 186.50018508732319
leaf_count=9457 207 251 19143 8157 333 11809 16396 8347 802 5178 1052 1513 8877 2991 5063 2871 373 583 700 4715 1353 1114 2437 10649 644 11826 280 6523 4847 844
internal_value=-9.58105e-05 -0.038772 0.0392237 0.0238223 -0.0223424 -0.0559271 0.0575841 -0.0142397 -0.0291856 0.0164258 0.0287913 0.0133674 -0.0331936 -0.0107545 -0.0134016 -0.0208768 0.0510321 0.0357781 0.0313542 -0.0400348 -0.028922 0.0203815 0.0180036 -0.0639211 -0.0240482 0.0173366 0.025114 -0.0476812 0.0421004 0.0553201
internal_weight=34075.3 17178.2 16897.1 9189.03 8774.6 8403.59 7708.11 5023.52 949.916 5676.95 1125.7 4551.25 3751.08 4073.61 3326.34 777.888 4334.34 3512.08 2066.25 1638.74 529.341 907.863 859.654 4266.98 475.86 3260.18 144.203 4136.61 1445.83 321.616
internal_count=149335 74685 74650 38458 36247 38438 36192 20407 4006 23327 4810 18517 15840 16401 13410 3204 19796 15131 8857 6963 2248 3758 3551 20106 1997 13339 653 18332 6274 1427
is_linear=0
shrinkage=0.05


Tree=12
num_leaves=31
num_cat=0
split_feature=4 11 17 17 17 11 11 13 15 17 6 4 6 15 13 15 4 3 6 6 13 4 3 3 6 3 15 11 6 2
split_gain=18970 1840.76 1825.79 323.513 309.155 186.684 165.528 96.2588 113.854 87.1061 52.9114 51.4077 55.8058 45.4536 42.0823 98.2747 38.455 37.9438 37.6333 36.6049 44.6983 40.0964 36.3176 32.6037 51.0619 31.9182 42.8617 30.8894 29.2426 36.098
threshold=1.0000000180025095e-35 -0.0012067754505316051 0.5006322262300007 0.49972126165624714 0.50035607029682405 -0.0025124016708817916 0.0027088654099113323 61.500000000000007 99.996695307338157 0.50016955993196832 2.041244738779584e-05 -0.00010733385224570567 1.3196468135260366e-05 0.088809946667574038 61.500000000000007 99.973281677785977 0.00017430893523395777 -0.00015892637683223573 0.00014322545793443863 1.0000000180025095e-35 61.500000000000007 -0.00024028926694757977 0.00050544051319911809 -8.7264140710585622e-05 0.00010809706011046106 -0.0003988836290885755 99.94844031627035 -0.0017215624643190928 0.00016786468404830589 0.00023893283885700892
decision_type=2 2 2 2 2 2 2 2 2 2 2 2 2 2 2 2 2 2 2 2 2 2 2 2 2 2 2 2 2 2
left_child=1 5 4 10 9 -1 18 8 13 14 19 12 -9 -5 15 -2 -11 -6 -4 20 -3 -22 -20 -12 -25 26 -16 -7 -19 -30
right_child=2 3 6 7 17 27 -8 11 -10 16 23 -13 -14 -15 25 -17 -18 28 22 -21 21 -23 -24 24 -26 -27 -28 -29 29 -31
leaf_value=-0.063360453892199187 0.011738757810456395 -0.071106144363756466 0.050457873257884617 -0.057228283855243325 0.022932965230352178 -0.052272554335588972 0.064570774352211549 -0.025529669677785499 -0.064764697084127881 0.031551738668181707 -0.033045750269389343 -0.0047823233136980092 -0.0092593394634601558 -0.016242629588588652 -0.00077408395705496529 0.063061358931916778 0.018755932049205035 0.038402098041987603 -0.0024614847334725959 -0.044761032177093901 -0.027898013886253365 0.032680195243047834 0.048266103341404659 -0.024063412420727626 0.021130775065131096 0.0088554882101393104 -0.063756358991930287 -0.04366006244204574 -0.053363467738664572 0.038036990839062382
leaf_weight=3656.9339012950659 444.86385188996792 57.090628117322922 4049.6120857000351 74.579111471772194 515.33948503434658 2041.2092639356852 3278.524822935462 886.61607298254967 173.09407033026218 806.95837965607643 1300.5532332658768 2011.6853710561991 1299.4100151211023 727.70645308494568 127.34868660569191 118.02023163437843 2155.6976833045483 2661.8950209021568 67.063079476356506 1121.19088293612 479.34441189467907 28.966379404067993 74.456064209342003 915.39432699978352 67.078630343079567 2291.1822916567326 34.285573214292526 2124.8611175566912 19.540453568100929 24.157676205039024
leaf_count=17755 1817 274 18865 342 2227 9450 16396 3624 828 3429 5526 8059 5249 2979 513 586 8936 11658 302 4830 2040 118 345 3883 279 9254 138 9449 82 102
internal_value=-9.15894e-05 -0.0373117 0.0377912 -0.0220771 0.02288 -0.0551164 0.0561552 -0.0138381 -0.0279873 0.0161521 -0.032814 -0.0105503 -0.0158583 -0.0200526 0.01017 0.0224996 0.0222412 0.0353676 0.0495722 -0.0395302 -0.0291574 -0.0244459 0.0242273 -0.0278524 -0.0209778 0.00734056 -0.0141338 -0.0478798 0.0377361 -0.00283447
internal_weight=33634.7 16965.7 16668.9 9142.71 9199.29 7823 7469.66 5173.09 975.38 5978.36 3969.62 4197.71 2186.03 802.286 3015.7 562.884 2962.66 3220.93 4191.13 1686.59 565.401 508.311 141.519 2283.03 982.473 2452.82 161.634 4166.07 2705.59 43.6981
internal_count=149335 74685 74650 38031 38742 36654 35908 21081 4149 24673 16950 16932 8873 3321 12308 2403 12365 14069 19512 7262 2432 2158 647 9688 4162 9905 651 18899 11842 184
is_linear=0
shrinkage=0.05


Tree=13
num_leaves=31
num_cat=0
split_feature=4 11 17 17 17 17 17 13 7 17 6 6 4 13 15 6 4 7 6 13 4 15 6 15 13 6 11 6 7 17
split_gain=17366.4 1751.94 1746.05 298.089 286.424 185.862 166.22 88.5343 113.149 79.4269 49.4275 47.568 41.4588 38.5856 93.0675 37.759 35.398 35.2105 34.0082 42.7868 37.5554 32.7347 31.2663 30.8227 51.0019 47.4722 29.3962 28.7155 27.4095 25.1002
threshold=1.0000000180025095e-35 -0.0012067754505316051 0.5006322262300007 0.49972126165624714 0.50035607029682405 0.49877410852714138 0.50138072485266849 61.500000000000007 1.0000000180025095e-35 0.50016955993196832 2.041244738779584e-05 2.7598257249728476e-05 -3.4147019986219267e-05 61.500000000000007 99.973281677785977 0.00014322545793443863 0.00017430893523395777 0.25000000000000006 1.0000000180025095e-35 61.500000000000007 -0.00030094287203069609 73.809973385107213 4.3342126607731189e-05 99.996695307338157 61.500000000000007 9.3282356949960386e-05 -0.003809950496894809 0.0001297138359738653 0.25000000000000006 0.50105680873861569
decision_type=2 2 2 2 2 2 2 2 2 2 2 2 2 2 2 2 2 2 2 2 2 2 2 2 2 2 2 2 2 2
left_child=1 5 4 10 9 26 15 8 -5 13 18 12 -9 14 -2 29 -11 -7 19 -3 -21 -17 -19 25 -25 -6 -1 -12 -15 -4
right_child=2 3 6 7 23 17 -8 11 -10 16 27 -13 -14 28 -16 21 -18 22 -20 20 -22 -23 -24 24 -26 -27 -28 -29 -30 -31
leaf_value=-0.066060997095141169 0.011169487491048416 -0.069659545752285321 0.046428232041105182 -0.058810418517671763 0.033235682616802473 -0.049440323081664614 0.063462820984231547 -0.017168279435216986 -0.017676946860539781 0.030197306942170616 -0.027887486464997474 -0.0030772422528083021 -0.0012867422918599587 0.0035511958464873638 0.061690895510908186 0.0025712281979889881 0.017882415592566349 -0.047370158124104111 -0.043062747935331734 -0.031586866213696656 -0.00074402086416533952 0.050841548310751952 -0.032175601205642564 0.066928516669151714 0.035625228133998946 0.0062523648485665927 -0.057116845497144297 -0.001174079598434574 0.015135272063034711 0.054908930255702718
leaf_weight=1864.3286974579096 444.17801335453987 55.405132353305817 2788.2196419984102 214.93294383585453 2296.0188214182854 2622.9339017868042 3092.4167352467775 2134.98409332335 752.57981577515602 801.1454353928566 2162.1294198483229 1548.9527489840984 508.88132438063622 1725.7770237624645 114.69456318020821 82.927136331796646 2148.1453229486942 655.00877879559994 1107.4897081851959 370.63220167160034 134.51836104691029 60.92806650698185 700.79304832220078 170.96612438559532 544.64584073424339 175.45653782784939 1811.071980074048 105.50925707817078 725.23712623119354 1269.8226610571146
leaf_count=9457 1817 274 13111 1048 10104 12120 15949 8668 3101 3429 9246 6227 2037 6972 586 378 8936 2996 4830 1601 557 287 3221 800 2417 748 8860 442 2933 6183
internal_value=-8.77493e-05 -0.0359193 0.0364186 -0.0210859 0.021867 -0.0535471 0.0546646 -0.0131811 -0.0268147 0.0153962 -0.0314503 -0.0100351 -0.0141115 0.00968212 0.0215377 0.0481896 0.0212276 -0.0460586 -0.0379835 -0.0279485 -0.0233736 0.0230155 -0.0395163 0.0339659 0.0431039 0.0313201 -0.0616537 -0.0266446 0.00697884 0.049082
internal_weight=33190.7 16750.2 16440.6 9096.02 9146.26 7654.14 7294.31 5160.33 967.513 5959.18 3935.68 4192.82 2643.87 3009.89 558.873 4201.9 2949.29 3978.74 1668.05 560.556 505.151 143.855 1355.8 3187.09 715.612 2471.48 3675.4 2267.64 2451.01 4058.04
internal_count=149335 74685 74650 38031 38742 36654 35908 21081 4149 24673 16950 16932 10705 12308 2403 19959 12365 18337 7262 2432 2158 665 6217 14069 3217 10852 18317 9688 9905 19294
is_linear=0
shrinkage=0.05


Tree=14
num_leaves=31
num_cat=0
split_feature=4 17 11 17 11 17 11 13 15 17 6 13 15 6 15 3 7 6 6 3 3 6 4 3 13 15 6 13 4 13
split_gain=15903.1 1707.06 1636.11 306.855 275.494 167.026 149.662 84.4549 112.247 75.7931 48.3186 42.2226 72.7455 41.2339 41.1498 39.3004 38.067 35.8788 35.8681 36.328 35.2486 44.593 34.7352 31.7394 30.0102 29.819 49.503 46.4878 29.2215 27.8819
threshold=-1.0000000180025095e-35 0.5006322262300007 -0.001317364897131079 0.49972126165624714 0.00066668024036675721 0.50138072485266849 -0.0027114013542473554 61.500000000000007 99.996695307338157 0.5000886372051655 2.7598257249728476e-05 61.500000000000007 99.965989286397232 2.6190264056064241e-05 0.088809946667574038 -0.00028637735105613288 1.0000000180025095e-35 4.3342126607731189e-05 0.00014322545793443863 0.00058076562192488368 -0.00010347250091358172 0.00010809706011046106 -0.0001491914114786774 -0.0003904573106769948 121.50000000000001 99.996695307338157 9.0433000580474016e-05 61.500000000000007 0.00031093947278848516 61.500000000000007
decision_type=2 2 2 2 2 2 2 2 2 2 2 2 2 2 2 2 2 2 2 2 2 2 2 2 2 2 2 2 2 2
left_child=2 4 6 13 9 18 -1 8 14 23 22 12 -11 -4 -5 -6 24 -18 -3 -20 -15 -22 -9 -2 -8 26 -17 -27 -29 -25
right_child=1 5 3 7 15 -7 16 10 -10 11 -12 -13 -14 20 -16 25 17 -19 19 -21 21 -23 -24 29 -26 27 -28 28 -30 -31
leaf_value=-0.061416085795130908 -0.020496031154120228 0.047598632224255089 -0.035695212918649105 -0.054742200015287873 0.01490007860124387 0.062226965368800485 -0.059951829799232741 -0.022149409173329158 -0.064469206735273746 0.021013135145787221 -0.0027229013137777189 0.015072560525499174 0.060613265757762803 -0.031592397736444386 -0.014931180093039707 0.032681969618849019 -0.048732878331950114 -0.037622416535015371 -0.0027610553377155115 0.04772513965707198 -0.022074050542577401 0.017038998399779688 -0.009792922992562271 0.021318933811351439 -0.036611824633525913 0.065439898757759185 0.0039366604061433453 0.00072190252691670424 0.039171944994607306 0.0038405171134655194
leaf_weight=3094.997385174036 113.39578241109848 3977.3696634918451 2223.5467302948236 71.37081079185009 314.13941311836243 2998.5280872285366 740.34488926827908 856.71969419717789 160.00159141421318 676.31087721884251 1537.4155859351158 3221.3826068937778 139.97429250180721 1242.9009957611561 716.8434321731329 2267.7162388563156 1675.274975463748 1283.206326559186 72.435417801141739 70.128619745373726 877.00417417287827 79.47636716067791 1692.0371894985437 276.32010908424854 169.19831091165543 167.42875573039055 160.36597467958927 54.765487268567085 505.67956398427486 1309.3981363773346
leaf_count=15959 460 19294 9807 341 1372 15949 3540 3524 804 2863 6182 13288 719 5393 2951 10046 7917 6070 329 336 3782 334 6817 1202 802 808 686 236 2267 5257
internal_value=-8.39815e-05 0.0348617 -0.0348275 -0.021285 0.020645 0.0532494 -0.0532212 -0.0128432 -0.0262867 0.0139182 -0.00972354 0.0176464 0.0278037 -0.0308938 -0.018536 0.0317657 -0.0466641 -0.0439138 0.0467154 0.0220736 -0.0260396 -0.018824 -0.0139463 0.00505879 -0.05561 0.0334445 0.0307834 0.0423212 0.0354147 0.00688623
internal_weight=32745.7 16325.3 16420.3 9457.32 9206.88 7118.46 6963.02 5034.39 948.216 5736.78 4086.17 4037.67 816.285 4422.93 788.214 3470.1 3868.02 2958.48 4119.93 142.564 2199.38 956.481 2548.76 1699.11 909.543 3155.96 2428.08 727.874 560.445 1585.72
internal_count=149335 75112 74223 39935 39204 35908 34288 20619 4096 23789 16523 16870 3582 19316 3292 15415 18329 13987 19959 665 9509 4116 10341 6919 4342 14043 10732 3311 2503 6459
is_linear=0
shrinkage=0.05


Tree=15
num_leaves=31
num_cat=0
split_feature=4 17 17 11 17 17 11 13 15 13 15 17 13 15 3 6 6 15 6 17 4 5 3 6 3 1 17 7 6 15
split_gain=14518.5 1675.14 1609.17 328.095 212.371 192.246 133.94 71.2382 107.495 50.4162 99.7786 47.7707 46.1469 68.5966 52.1636 49.4424 44.6048 43.9306 38.5825 35.122 32.7845 30.1619 29.2306 27.5889 27.2295 27.1679 27.1487 25.6344 25.6238 25.4983
threshold=1.0000000180025095e-35 0.49930953705526976 0.50059270807286949 -0.0005188504791709957 0.50024494519236085 0.50115887721229002 -0.0025124016708817916 61.500000000000007 99.996695307338157 61.500000000000007 99.996695307338157 0.5000886372051655 61.500000000000007 99.973281677785977 -0.00015892637683223573 9.8212023353091583e-05 0.00015410722907700631 1.0000000180025095e-35 2.7598257249728476e-05 0.49958069731766025 -8.9684931407874022e-05 8.8610983210765623e-08 -0.00026897311807766439 8.3517157063616687e-06 0.00035239868004732783 -0.00054407797420985549 0.50036559627085975 0.25000000000000006 4.3342126607731189e-05 56.862745098051278
decision_type=2 2 2 2 2 2 2 2 2 2 2 2 2 2 2 2 2 2 2 2 2 2 2 2 2 2 2 2 2 2
left_child=1 6 4 16 9 -4 -1 8 17 10 -2 -11 13 15 -14 -6 19 -5 20 21 22 -3 -9 -19 25 -17 -16 -8 -29 -22
right_child=2 3 5 7 12 -7 27 18 -10 11 -12 -13 14 -15 26 24 -18 23 -20 -21 29 -23 -24 -25 -26 -27 -28 28 -30 -31
leaf_value=-0.059876435608649518 0.014128977553769382 -0.041023125176612059 0.042939428035705739 -0.060633588794574061 0.03340889167339705 0.059178950297531278 -0.048820752118024585 0.004761760926643854 -0.062810214179289378 0.0011701798150393105 0.059354383626618171 0.01328588900637153 0.010066218624620036 0.062932987643063376 0.021079472615182272 0.053562554981225086 0.0054597785845272306 -0.028978209561552615 -0.0015895219752636019 -0.025159479058922754 -0.013562938884917112 -0.029869006986191955 -0.019376765654211467 -0.0065996492812328339 0.051410948086138789 -0.049433811165411554 0.030975192606309078 -0.047616599626434934 -0.032359953447924479 0.0016153770799884712
leaf_weight=3340.0752471238375 651.73913034796715 926.23298172652721 3605.1884316802025 51.329728439450264 744.27858394384384 3685.4269210547209 2073.8671344518661 139.42475219070911 146.75495210289955 1313.7426262646914 150.0341400206089 2137.0244297385216 548.50769700109959 195.97457619011402 1178.6299643516541 7.6918280720710746 90.867080882191658 189.32424193620682 1457.1823326647282 2163.1290933489799 516.43115377426147 1753.4342387765646 1248.3405671715736 505.31588965654373 12.371966853737829 38.196808665990829 1682.4986335784197 510.95119379460812 596.50091424584389 596.05390213429928
leaf_count=17648 2723 4227 17547 261 3289 19919 10046 570 760 5276 800 8796 2357 984 4956 33 388 786 5852 9316 2072 7817 5100 2076 53 163 7582 2449 2843 2391
internal_value=-7.48687e-05 -0.0332534 0.0338398 -0.0201691 0.0192691 0.0511486 -0.0528832 -0.0109344 -0.0236929 0.0112975 0.0225919 0.00867331 0.0269593 0.0364127 0.0241909 0.0299367 -0.0292475 -0.0159973 -0.00805638 -0.0298987 -0.0118254 -0.0337245 -0.0169516 -0.0126989 -0.0144208 -0.0321696 0.0268987 -0.0455409 -0.039399 -0.00543061
internal_weight=32256.5 16305.2 15951.3 9783.82 8660.69 7290.62 6521.39 4850.16 892.725 4252.54 801.773 3450.77 4408.15 998.514 3409.64 802.539 4933.66 745.97 3957.43 4842.8 2500.25 2679.67 1387.77 694.64 58.2606 45.8886 2861.13 3181.32 1107.45 1112.49
internal_count=149080 74602 74478 41616 37012 37466 32986 19868 3883 17595 3523 14072 19417 4522 14895 3538 21748 3123 15985 21360 10133 12044 5670 2862 249 196 12538 15338 5292 4463
is_linear=0
shrinkage=0.05


Tree=16
num_leaves=31
num_cat=0
split_feature=4 11 11 11 11 11 11 11 13 15 13 15 15 6 6 13 7 4 6 13 15 13 15 7 6 3 3 3 6 11
split_gain=13298.9 1599.06 1537.67 281.611 219.472 169.496 154.052 68.8171 65.5121 102.441 42.3004 44.3354 41.5162 40.8451 34.9233 30.1982 35.4849 29.7603 28.6071 27.9146 27.5227 30.8473 34.7716 26.979 31.5983 26.6904 26.5029 25.762 25.1492 24.7394
threshold=1.0000000180025095e-35 -0.001317364897131079 0.0012516107542149826 -0.0005188504791709957 0.00066668024036675721 0.0025752785191730525 -0.0025124016708817916 0.00025641464530323793 61.500000000000007 99.996695307338157 61.500000000000007 99.996695307338157 1.0000000180025095e-35 2.0962451992523491e-05 2.7598257249728476e-05 71.500000000000014 1.0000000180025095e-35 -8.9684931407874022e-05 0.00015410722907700631 121.50000000000001 86.26475550950353 61.500000000000007 99.973281677785977 1.0000000180025095e-35 0.00014858370444416406 -0.00015892637683223573 -0.00026897311807766439 -0.00075179762908955661 8.3517157063616687e-06 -0.00070517023011040781
decision_type=2 2 2 2 2 2 2 2 2 2 2 2 2 2 2 2 2 2 2 2 2 2 2 2 2 2 2 2 2 2
left_child=1 6 4 13 7 27 -1 19 9 12 11 -9 -5 -3 17 16 -6 26 29 20 -2 22 -22 -8 -25 -17 -10 -4 -14 -15
right_child=2 3 5 8 15 -7 23 10 14 -11 -12 -13 28 18 -16 25 -18 -19 -20 -21 21 -23 -24 24 -26 -27 -28 -29 -30 -31
leaf_value=-0.05866856361870848 0.0048371436644132453 -0.033071094640405814 0.0093620454959652127 -0.059323051724802178 0.053098036763313629 0.05917987887756293 -0.051554784421078186 0.023113475272223113 0.0045205844313617287 -0.061565897963953224 0.014682856146946477 0.058122365903665034 -0.027689819025419588 -0.027564666467199003 -0.0015101872767642266 0.013193796907950439 0.031139966691314459 -0.005160774737307426 0.004829665816249158 -0.0015649247615223947 0.012755169031042998 0.011752897182269273 0.060174674668558074 -0.041990127742969875 -0.011405789503186756 0.028182692778242265 -0.018460410520611478 0.043836527539413278 -0.0062764354388026829 -0.016532679793862286
leaf_weight=3240.9227986484766 932.92385467886925 1990.9551426023245 55.009471490979195 49.877473890781403 238.53604285418987 3098.2800913602114 781.90759454667568 557.72834871709347 139.51755087077618 142.34705184400082 2633.9726331233978 107.93608774244785 188.25439535081387 1852.8295549303293 1457.0472732931376 350.03595621883869 804.61862134933472 1112.1450025141239 85.701517626643181 763.53730036318302 73.2292600274086 426.74874015152454 81.890139117836952 2511.0043508112431 87.390368685126305 1960.1719130724669 1244.881312251091 3640.5279305279255 504.78485271334648 700.24594581127167
leaf_count=17648 3779 8964 270 261 1149 17433 3884 2404 570 760 10964 588 786 8229 5852 1540 3646 4463 364 3079 298 1723 451 12251 422 8867 5100 18287 2076 2972
internal_value=-7.1741e-05 -0.0320301 0.0326277 -0.0188489 0.0189912 0.0505546 -0.0508796 0.012914 -0.0104144 -0.0227091 0.0175288 0.0287901 -0.015264 -0.0276644 -0.00766146 0.0291 0.0361611 -0.0112515 -0.023585 0.00623049 0.0101598 0.0186938 0.0377887 -0.0434119 -0.0409615 0.0259116 -0.0161444 0.0433234 -0.0120931 -0.0245389
internal_weight=31815 16089.8 15725.1 9468.59 8931.33 6793.82 6621.23 5577.97 4838.85 885.264 3299.64 665.664 742.917 4629.73 3953.59 3353.36 1043.15 2496.54 2638.78 2278.33 1514.79 581.868 155.119 3380.3 2598.39 2310.21 1384.4 3695.54 693.039 2553.08
internal_count=149080 74602 74478 40397 38488 35990 34205 23286 19868 3883 13956 2992 3123 20529 15985 15202 4795 10133 11565 9330 6251 2472 749 16557 12673 10407 5670 18557 2862 11201
is_linear=0
shrinkage=0.05


Tree=17
num_leaves=31
num_cat=0
split_feature=4 17 17 11 17 17 11 17 13 15 15 15 13 15 4 13 15 3 11 3 4 3 5 15 11 13 3 15 13 15
split_gain=12182.5 1532.61 1474.59 278.334 211.097 167.372 134.796 68.2401 58.7904 99.5839 40.3422 38.9779 40.2847 39.4601 37.8864 33.229 88.116 31.8496 31.0506 29.1766 28.7238 31.8484 38.115 26.1518 26.0022 25.6237 26.8106 24.6653 24.0765 40.3075
threshold=1.0000000180025095e-35 0.49930953705526976 0.5006322262300007 -0.00055526730047117379 0.50035607029682405 0.50138072485266849 -0.0025124016708817916 0.5000886372051655 61.500000000000007 99.996695307338157 1.0000000180025095e-35 79.135621191288848 61.500000000000007 99.996695307338157 -0.00010733385224570567 61.500000000000007 99.996695307338157 -0.000781570059422254 0.00207917451953521 -0.0003904573106769948 -0.00032013710102835041 0.00067929536065847184 5.8708840606050706e-08 1.0000000180025095e-35 -0.0042731237007094794 81.500000000000014 -0.00016746878602641455 99.918748727138905 61.500000000000007 99.973281677785977
decision_type=2 2 2 2 2 2 2 2 2 2 2 2 2 2 2 2 2 2 2 2 2 2 2 2 2 2 2 2 2 2
left_child=1 6 4 15 7 17 24 19 9 10 -5 -9 13 -13 -10 16 23 -4 -19 -2 21 -17 -23 -3 -1 27 -27 -6 29 -21
right_child=2 3 5 8 25 -7 -8 11 14 -11 -12 12 -14 -15 -16 20 -18 18 -20 28 -22 22 -24 -25 -26 26 -28 -29 -30 -31
leaf_value=-0.062821583620078822 -0.020567569918642548 -0.059409080332895006 0.004462054330871437 -0.057743630384489181 0.030546909647306913 0.058986826428402001 -0.042783686829215767 0.012029681883273843 -0.012477933623593111 -0.059735945966107179 -0.011727659942657932 0.021893325899792898 0.018306292715602315 0.05865352249459909 -0.0029443582208268956 -0.028438530097398884 -0.065633282498273479 0.040141343187125846 0.049759617090413065 0.0090650660563040501 -0.017325995005829268 0.11878461278788206 -0.0061190703450177339 -0.026095363859029566 -0.053619503318550893 0.01044105825433953 0.027645472429675466 0.047328209749494463 0.0027943861481749413 0.056933046248045273
leaf_weight=1333.6162343025208 113.73389193415642 63.333821371197701 53.514389187097549 50.929976776242256 909.6666157990694 2707.6596395075321 3061.8702458888292 2545.5391067862511 2147.0707187652588 145.53099770843983 735.13228422403336 160.67649519443512 1446.3420681208372 133.7914245724678 2024.9238832443953 2515.5154113322496 192.9337018430233 2550.314867541194 1250.5616206675768 197.77820189297199 906.49936938285828 7.2390681207180014 39.084758788347244 843.57720826566219 1808.9938441216946 263.6117740124464 1606.1978007107973 288.38196696341038 1217.4621257930994 56.553277015686035
leaf_count=7672 462 304 265 273 4161 15852 15338 10673 8797 800 3052 691 6036 754 8125 11375 967 12918 6667 808 3898 31 170 3824 9976 1171 7386 1422 4892 320
internal_value=-6.87751e-05 -0.030854 0.0314601 -0.0184114 0.018248 0.0494595 -0.05025 0.0126944 -0.0103866 -0.0217431 -0.0147091 0.0159726 0.0217383 0.0385953 -0.00785071 -0.0273767 -0.0349494 0.0427666 0.0433059 0.00383182 -0.0249753 -0.027682 0.0133997 -0.0284218 -0.0575246 0.0288777 0.0252199 0.0345863 0.0057173 0.019709
internal_weight=31378 15876.3 15501.8 9671.77 8939.73 6562.05 6204.48 5871.88 5103.59 931.593 786.062 4286.35 1740.81 294.468 4171.99 4568.18 1099.84 3854.39 3800.88 1585.53 3468.34 2561.84 46.3238 906.911 3142.61 3067.86 1869.81 1198.05 1471.79 254.331
internal_count=149080 74602 74478 41616 38776 35702 32986 24636 21047 4125 3325 18154 7481 1445 16922 20569 5095 19850 19585 6482 15474 11576 201 4128 17648 14140 8557 5583 6020 1128
is_linear=0
shrinkage=0.05


Tree=18
num_leaves=31
num_cat=0
split_feature=4 17 17 11 17 17 11 11 13 15 13 5 15 13 5 15 4 3 7 4 11 5 3 3 7 13 13 7 3 15
split_gain=11160.5 1465.31 1412.67 257.152 195.483 168.691 135.625 63.2935 55.4828 93.37 40.0592 46.3196 37.1876 31.5137 87.8543 30.6114 30.328 29.1375 35.2082 28.1673 26.4337 26.0719 33.2737 50.6021 25.2471 24.5699 24.0317 31.0538 24.3069 23.7718
threshold=1.0000000180025095e-35 0.49930953705526976 0.5006322262300007 -0.0005188504791709957 0.50035607029682405 0.50138072485266849 -0.0025124016708817916 0.00025641464530323793 61.500000000000007 99.996695307338157 61.500000000000007 1.0000000180025095e-35 1.0000000180025095e-35 61.500000000000007 1.0000000180025095e-35 99.016393441724276 -0.00032013710102835041 0.00067929536065847184 1.0000000180025095e-35 -0.00010733385224570567 -0.0042731237007094794 1.0000000180025095e-35 -7.2715029847902888e-05 5.9986149332780243e-05 0.25000000000000006 121.50000000000001 71.500000000000014 1.0000000180025095e-35 -0.00015892637683223573 86.26475550950353
decision_type=2 2 2 2 2 2 2 2 2 2 2 2 2 2 2 2 2 2 2 2 2 2 2 2 2 2 2 2 2 2
left_child=1 6 4 13 7 15 20 25 9 12 11 -9 -5 14 -3 -4 17 -15 -19 -10 -1 22 -18 -24 -8 29 27 -6 -28 -2
right_child=2 3 5 8 26 -7 24 10 19 -11 -12 -13 -14 16 -16 -17 21 18 -20 -21 -22 -23 23 -25 -26 -27 28 -29 -30 -31
leaf_value=-0.061884710318485317 0.0043352398929547356 -0.065259501209658774 0.037800825754118736 -0.05691744184541904 0.050890861546145374 0.058013532705289007 -0.044829640823682002 0.059189032474735892 -0.011249101061121959 -0.059308151369387441 0.01359482862279634 0.021822357172018195 -0.010953662565811099 -0.027286876843057712 -0.02706142968042563 0.046980598023232435 0.012231632577878142 0.11068038659663329 -0.0066559330966329813 -0.0027975865168294255 -0.052454630921137238 -0.021102147651518393 -0.054577913802781236 0.0079801977222827437 -0.035217121027670779 -0.001739915235430858 0.012062016130861473 0.029389589851876858 0.027037847796442933 0.017257886082530583
leaf_weight=1287.290677189827 931.73305428028107 178.52583760023117 2255.5172022432089 47.003328561782837 218.26088389754295 2617.7177213132381 1951.919490724802 95.697317942976952 1921.5256292670965 133.65193936228752 2864.5427510291338 621.85893507301807 689.97342768311501 2491.2294500023127 959.87235087156296 1520.2671146988869 153.07746610045433 7.6550899595022193 38.783961102366447 2024.6097864806652 1758.0095406621695 841.49248048663139 62.468343958258629 66.990515321493149 1050.8350912183523 763.07577838003635 319.96664609014988 728.21482983231544 1768.6282602548599 575.80454370379448
leaf_count=7672 3779 942 11837 261 1096 15852 10046 541 7860 760 12020 2745 2862 11375 4395 8013 652 32 169 8125 9976 3629 269 285 5292 3079 1429 3392 8223 2472
internal_value=-6.60027e-05 -0.0297227 0.0303353 -0.0175955 0.0174414 0.0482594 -0.0490059 0.0121015 -0.00943354 -0.0208581 0.0162412 0.0268058 -0.0138852 -0.0257858 -0.0330517 0.0414969 -0.0235269 -0.0265554 0.012686 -0.00691296 -0.0564409 -0.0166897 -0.00354789 -0.0222062 -0.0414657 0.00557064 0.0277387 0.0343479 0.0247436 0.00927105
internal_weight=30946.2 15664.9 15281.3 9616.86 8887.78 6393.5 6048.05 5852.71 4816.76 870.629 3582.1 717.556 736.977 4800.1 1138.4 3775.78 3661.7 2537.67 46.4391 3946.14 3045.3 1124.03 282.536 129.459 3002.75 2270.61 3035.07 946.476 2088.59 1507.54
internal_count=149080 74602 74478 41616 38776 35702 32986 24636 19868 3883 15306 3286 3123 21748 5337 19850 16411 11576 201 15985 17648 4835 1206 554 15338 9330 14140 4488 9652 6251
is_linear=0
shrinkage=0.05


Tree=19
num_leaves=31
num_cat=0
split_feature=4 17 17 12 17 17 12 17 13 15 6 13 15 6 15 6 4 12 3 6 6 12 13 15 4 7 6 13 6 3
split_gain=10223.4 1400.89 1353.23 237.165 181.244 170.124 136.414 62.2682 49.4961 90.7579 37.895 37.554 47.392 37.1992 36.2174 32.1861 30.4085 29.0199 27.4767 27.3472 27.3334 26.9236 26.7252 78.7921 25.7107 24.5361 30.6588 24.0297 34.1475 26.8614
threshold=1.0000000180025095e-35 0.49930953705526976 0.5006322262300007 -0.00027763365023555914 0.50037512983113752 0.50138072485266849 -0.001256200835440868 0.50012940495983205 61.500000000000007 99.996695307338157 2.7598257249728476e-05 61.500000000000007 99.996695307338157 0.00015410722907700631 1.0000000180025095e-35 0.00014858370444416406 -0.0001491914114786774 0.001039587259767605 0.00058076562192488368 1.2829546933724273e-05 1.5237120826613127e-05 -0.0021365618503547397 61.500000000000007 99.996695307338157 -0.00032013710102835041 1.0000000180025095e-35 4.7117691607158441e-05 126.50000000000001 0.0001383417614297458 0.00040628908876949593
decision_type=2 2 2 2 2 2 2 2 2 2 2 2 2 2 2 2 2 2 2 2 2 2 2 2 2 2 2 2 2 2
left_child=1 6 4 13 7 15 21 -2 9 14 16 12 -9 22 -5 17 19 -4 -17 -10 -21 -1 23 -3 -24 -8 -27 28 -6 -30
right_child=2 3 5 8 27 -7 25 11 10 -11 -12 -13 -14 -15 -16 18 -18 -19 -20 20 -22 -23 24 -25 -26 26 -28 -29 29 -31
leaf_value=-0.061009867990706158 0.0053460945157683733 -0.026618123657868389 0.037974925274473402 -0.055435369415908278 0.03101729011333881 0.057089318331925924 -0.048538585535929539 0.020462169081735072 -0.025598726169235003 -0.057553433460394765 -0.00089936807802336489 0.013293927203750442 0.055347990374375412 0.0072226907922818759 -0.01059654648886973 -0.008520507699405119 -0.0070784702080716093 0.047574892016632966 0.039988045451446998 0.025027023076493612 -0.01377417032034127 -0.051334012589095201 -0.026287845471190438 -0.063225896966196501 -0.016358830706021132 -0.042320035803735417 -0.030381569434607954 0.018707792957047744 -0.031430614392695608 0.032680130930959166
leaf_weight=1241.620526432991 2290.244204506278 867.28311856091022 2413.5899955928326 47.988206505775452 2054.4625415205956 2529.3372151851654 678.01721516251564 647.63350656628609 524.94281624257565 136.48399829864502 1546.8951605856419 3039.3252122998238 114.57556802034378 86.764069125056267 731.76764957606792 61.603966161608696 1780.8654341846704 1168.2653958648443 55.485057637095451 55.185877665877342 255.6550620496273 1707.8479954898357 2465.1833381801844 176.98043835163116 886.43593537807465 1388.802282050252 877.59471429884434 624.29779507219791 39.810670927166939 27.710839912295341
leaf_count=7672 9420 4034 12722 273 9750 15852 3605 2849 2202 800 6233 12853 681 375 3052 297 7200 6537 294 229 1058 9976 11367 943 3850 7223 4510 2927 172 124
internal_value=-6.35605e-05 -0.0286334 0.0292458 -0.0168157 0.0166665 0.0470961 -0.047807 0.0118589 -0.00941866 -0.0199397 -0.00710337 0.0157826 0.0257062 -0.025198 -0.013356 0.0402628 -0.010771 0.0411061 0.0144663 -0.018639 -0.00688551 -0.0554072 -0.025838 -0.0328224 -0.0236618 -0.0401937 -0.0376972 0.0273306 0.0298674 -0.00511955
internal_weight=30522.7 15456.3 15066.3 9562.43 8838.06 6228.28 5893.88 6091.78 5079.78 916.24 4163.54 3801.53 762.209 4482.65 779.756 3698.94 2616.65 3581.86 117.089 835.784 310.841 2949.47 4395.88 1044.26 3351.62 2944.41 2266.4 2746.28 2121.98 67.5215
internal_count=149080 74602 74478 41616 38776 35702 32986 25803 21047 4125 16922 16383 3530 20569 3325 19850 10689 19259 591 3489 1287 17648 20194 4977 15217 15338 11733 12973 10046 296
is_linear=0
shrinkage=0.05


Tree=20
num_leaves=31
num_cat=0
split_feature=11 17 11 17 11 17 11 14 15 6 6 3 3 7 11 4 14 15 6 7 6 3 15 6 0 14 7 14 17 15
split_gain=9418.23 1462.86 1129.03 251.21 171.537 161.933 118.837 46.9236 71.9815 44.8832 42.93 38.5509 37.9748 36.8047 35.462 34.8587 34.7508 38.0976 33.3702 29.9862 36.7453 28.2215 27.5793 30.5306 27.5582 27.5531 37.2115 27.0193 25.697 25.6418
threshold=-7.0615002631058119e-05 0.50053109901545656 -0.0014421182021627785 0.50108075422678422 0.00033559638615288106 0.49965625570328148 -0.0027114013542473554 0.20500000000000004 99.965989286397232 2.7303773575110527e-05 0.00010182675575461202 -0.00021487797802122174 0.00067929536065847184 0.15000000000000005 0.0029281231908032672 0.00032799826252982728 0.20500000000000004 99.887923779435809 8.1766496926619162e-08 1.0000000180025095e-35 5.0846815655813501e-05 -0.00087799570725188836 98.032460053547098 0.0001383417614297458 -0.00045691925626806235 0.22166666666666671 1.0000000180025095e-35 0.40500000000000008 0.50005608681792479 1.0000000180025095e-35
decision_type=2 2 2 2 2 2 2 2 2 2 2 2 2 2 2 2 2 2 2 2 2 2 2 2 2 2 2 2 2 2
left_child=2 4 6 22 28 12 -1 8 10 -7 29 -9 13 16 21 -13 17 -4 -14 27 -21 -5 23 -3 -12 26 -11 -8 -2 -6
right_child=1 3 5 14 7 9 19 11 -10 25 24 15 18 -15 -16 -17 -18 -19 -20 20 -22 -23 -24 -25 -26 -27 -28 -29 -30 -31
leaf_value=-0.055067640874836447 0.0006627256526406276 0.031937975314501245 -0.033216120940545747 -0.013836720197104888 0.067000640542060771 -0.016448323854261253 -0.053996278945876365 0.0036884556490390749 0.056856067241342179 -0.048400108040879852 0.076399442267147635 0.014463053531283963 0.1148196953130995 -0.022578061680929021 0.056993030029950625 0.025034190259630797 -0.028575920834920367 -0.065556398164054522 -0.0020428599910937142 -0.042358784646605113 -0.02910482667266644 0.047362720135311592 0.039577042108978229 0.0022708527906422095 -0.030830595133804508 -0.0037742220910053554 -0.011243511300592106 -0.027989637096599258 0.008918320954858892 0.023549702382245574
leaf_weight=2543.8684752732515 1830.4981090426445 2007.8202119171619 233.12203048169613 19.136511370539665 35.526199743151665 3077.9954094141722 569.49477902054787 505.30021442472935 184.42471094429493 80.357870876789093 6.762789011001586 2032.3079805374146 6.6527864336967459 2042.687881320715 2233.0077666789293 1265.4112946987152 1218.8838642239571 149.44127817451954 74.691771015524864 1435.2188283503056 822.69877365231514 1205.9250799864531 1475.8478512763977 90.635835915803909 52.55803407728672 1601.8817104101181 417.29580514132977 121.11207585036755 1943.2488041520119 767.24486443400383
leaf_count=15839 7492 10469 1133 103 166 13062 3150 2174 1069 454 30 8698 29 9511 14535 5922 5722 817 335 7702 4353 7045 7773 433 230 6530 1769 653 8085 3499
internal_value=-0.000130788 0.0267104 -0.0293218 0.0436351 0.0129081 -0.0183235 -0.0471496 0.0191289 0.0285047 -0.0126035 0.0224395 0.0165489 -0.026273 -0.0270272 0.0532427 0.0185194 -0.0327023 -0.0458493 0.00751478 -0.0403182 -0.0375295 0.0464067 0.0343399 0.0306566 -0.018606 -0.00696681 -0.0172433 -0.0494355 0.00491385 0.0254726
internal_weight=30051.1 15655.7 14395.4 7032.37 8623.28 8903.01 5492.39 4849.54 1046.52 5177.53 862.092 3803.02 3725.48 3644.14 3458.07 3297.72 1601.45 382.563 81.3446 2948.52 2257.92 1225.06 3574.3 2098.46 59.3208 2099.54 497.654 690.607 3773.75 802.771
internal_count=148782 77723 71059 40358 37365 39362 31697 21788 4994 21815 3925 16794 17547 17183 21683 14620 7672 1950 364 15858 12055 7148 18675 10902 260 8753 2223 3803 15577 3665
is_linear=0
shrinkage=0.05


Tree=21
num_leaves=31
num_cat=0
split_feature=11 17 11 17 17 17 11 4 13 7 3 13 5 6 5 3 4 7 6 6 3 3 4 13 17 6 6 0 2 3
split_gain=8625.06 1398.04 1084.35 219.704 174.51 150.431 119.732 48.2345 47.8971 70.6073 44.967 41.2213 86.2646 37.8694 36.772 35.356 32.4283 29.199 35.1855 27.5664 42.5483 26.8318 26.5186 26.257 25.7718 25.6779 25.4031 24.3432 24.3166 23.9654
threshold=-7.0615002631058119e-05 0.50064655964727944 -0.0014421182021627785 0.50024494519236085 0.50138072485266849 0.49965625570328148 -0.0027114013542473554 7.1959039067537325e-05 61.500000000000007 1.0000000180025095e-35 -0.00015892637683223573 61.500000000000007 1.0000000180025095e-35 2.7598257249728476e-05 2.2612258704528716e-05 -0.0005382308231395293 -0.0001491914114786774 1.0000000180025095e-35 5.0846815655813501e-05 9.8212023353091583e-05 0.0003252870209780046 0.00071840265315070717 0.00032799826252982728 121.50000000000001 0.50098695433866192 0.00015410722907700631 1.1332733543089986e-05 -0.00020768131902187956 -1.0000000180025095e-35 0.00093322317165156498
decision_type=2 2 2 2 2 2 2 2 2 2 2 2 2 2 2 2 2 2 2 2 2 2 2 2 2 2 2 2 2 2
left_child=2 3 6 7 15 14 -1 -2 9 -5 -10 12 -7 16 21 25 -13 23 -19 29 27 -4 -12 -8 -17 -3 -23 -21 -18 -11
right_child=1 4 5 8 -6 11 17 -9 10 19 22 13 -14 -15 -16 24 28 18 -20 20 -22 26 -24 -25 -26 -27 -28 -29 -30 -31
leaf_value=-0.054136181069959648 0.0016430972891919801 0.018851710786412998 -0.029806134349806637 0.05678109185147491 0.055636079675120242 -0.059180821857073879 -0.052838570044131061 0.011471590748786892 0.0064155301472568595 0.028001699935217159 0.015548384569780554 -0.019464390579914698 -0.015428523884239704 -0.0039369643224963077 -0.019060067378899245 0.035267888955116976 -0.017347857440765842 -0.041143651172830191 -0.028062847035615887 0.039136458260594462 0.057909871541749529 0.10624512695869399 0.025239931449404118 -0.026983978662730165 0.044230654157487614 -0.058957625412267615 -0.011214216682373421 -0.053532598415871269 -0.0031155859714127577 -0.073603177889540392
leaf_weight=2460.3807907104492 2374.8613137453794 106.52309153974056 2206.5901430249214 215.67898584902287 2353.9099105000496 130.08381533622742 553.28751702606678 2631.5549224019051 581.09174054861069 775.11853882670403 1129.0709603726864 1240.4362273067236 841.12305870652199 1642.8867319524288 1459.2267627865076 1966.2590305954218 466.02251577377319 1404.5152598619461 810.88929572701454 8.9328883737325651 17.562574237585068 6.8253918141126659 1882.9707726538181 119.38911615312099 1354.5925321131945 11.775290995836256 14.137794688344 34.290764421224594 843.04058186709881 5.8473663777112952
leaf_count=15839 9773 587 10643 1187 15823 802 3150 11152 2581 3693 4908 5319 3669 6700 6811 10739 1894 7702 4353 39 85 29 9042 653 7883 55 64 148 3431 28
internal_value=-0.000125552 0.0257273 -0.0282566 0.014078 0.0451465 -0.0175151 -0.046031 0.00680931 0.0219029 0.0312566 0.0191502 -0.012007 -0.0212887 -0.00985677 -0.0252297 0.037967 -0.0136715 -0.0391261 -0.0363558 0.0247166 -0.00771599 -0.0292713 0.021607 -0.0482498 0.0389238 0.0111067 0.0270293 -0.034381 -0.00818223 0.0272409
internal_weight=29648.9 15450 14198.8 9656.98 5793.06 8850.37 5348.46 5006.42 4650.56 1057.43 3593.13 5163.59 971.207 4192.39 3686.78 3439.15 2549.5 2888.08 2215.4 841.752 60.7862 2227.55 3012.04 672.677 3320.85 118.298 20.9632 43.2237 1309.06 780.966
internal_count=148782 77723 71059 42636 35087 39362 31697 20925 21711 5180 16531 21815 4471 17344 17547 19264 10644 15858 12055 3993 272 10736 13950 3803 18622 642 93 187 5325 3721
is_linear=0
shrinkage=0.05


Tree=22
num_leaves=31
num_cat=0
split_feature=12 17 12 17 12 17 12 4 15 6 6 6 3 6 15 0 1 17 3 7 3 3 17 4 16 17 6 3 15 6
split_gain=7898.05 1336.45 1040.55 254.54 139.975 131.309 121.168 73.5016 41.5725 44.7891 42.8712 37.9684 33.263 30.0151 29.4524 46.759 45.7933 29.0051 28.5528 25.3975 23.2874 23.6139 21.6694 20.8337 20.5851 20.3117 20.2161 20.0185 19.8557 24.8081
threshold=-3.5307501315501304e-05 0.50074104964596189 -0.00072105910108136151 0.50035607029682405 -0.00027763365023555914 0.50138072485266849 -0.0016118995480492724 7.8338143877032542e-05 99.996695307338157 9.3282356949960386e-05 3.4964275671447413e-05 2.6190264056064241e-05 -0.00010727898705303883 1.3196468135260366e-05 54.461714332943238 0.000228144524902163 0.00022690037222894424 0.4989638811367943 -0.000781570059422254 1.0000000180025095e-35 0.00071840265315070717 -0.00045570929917632114 0.49982517373797081 0.00095280743628478614 5.2004680666855491e-07 0.50008118213016151 0.00012634095291894602 0.00085500777282609974 86.26475550950353 2.2608310487565855e-05
decision_type=2 2 2 2 2 2 2 2 2 2 2 2 2 2 2 2 2 2 2 2 2 2 2 2 2 2 2 2 2 2
left_child=2 3 6 7 11 18 -1 -2 9 -5 -10 20 24 22 15 16 -9 -8 23 -19 21 -4 -6 -3 -13 -16 -14 -21 29 -20
right_child=1 5 4 8 13 -7 17 14 10 -11 -12 12 26 -15 25 -17 -18 19 28 27 -22 -23 -24 -25 -26 -27 -28 -29 -30 -31
leaf_value=-0.055324482317774606 0.0018412941099918549 0.018776507468571853 -0.0098644694875767418 0.023997059564148743 -0.022780660006675155 0.05483452447678773 -0.044051452609507595 0.0096295137813921464 0.029110450255543915 2.2453780262934809e-05 0.057569503649342636 -0.025270886061668413 -0.013258202860408089 -0.0067510906629939735 -0.042974069818868539 -0.078721228597459031 -0.083079872282097789 -0.045975217313790916 0.046079957965532992 -0.032056769905458804 0.047910342225006286 -0.029258505899274003 -0.011021013849123275 -0.060701497229338458 -0.00015353522487672176 0.017211899190765587 0.017446572878987376 0.034929065871469843 0.044023559724803013 0.031513942929901305
leaf_weight=1825.6956721246243 2513.6862854659557 31.567946448922157 169.85463771224022 2652.1031921058893 620.89878232777119 2271.0092699974775 1661.8534492254257 1942.1637061089277 615.09226401150227 210.25330094993114 168.60593466460705 1222.8403828889132 960.21087092161179 2541.0427749454975 14.112573385238646 15.312479466199873 13.411690041422842 391.84931255877018 397.98245893418789 1317.0885425359011 10.206930130720137 2066.4759986996651 1061.406629294157 11.16045345366001 87.403143227100372 2098.6329743415117 56.777232319116592 11.248612731695173 1194.0292049646378 1100.980342566967
leaf_count=12311 10352 165 822 13151 2703 15823 9984 8274 3167 973 898 5750 4449 10551 57 65 57 2223 2286 7120 44 9968 4426 57 403 9138 246 59 6939 6321
internal_value=-0.000120563 0.0247756 -0.0272304 0.0144274 -0.0167443 0.0459473 -0.0449441 0.008568 0.0250297 0.022236 0.0352332 -0.0228049 -0.018329 -0.0101808 0.0127086 0.00831221 0.0089937 -0.0393405 0.0385697 -0.0347893 -0.0274416 -0.0277855 -0.0153612 -0.00198277 -0.0235954 0.0168099 -0.011544 -0.0314895 0.0392131 0.0353813
internal_weight=29255 15250.1 14004.9 10243.4 8797.12 5006.73 5207.74 6597.32 3646.05 2862.36 783.698 4573.77 2327.23 4223.35 4083.63 1970.89 1955.58 3382.04 2735.72 1720.19 2246.54 2236.33 1682.31 42.7284 1310.24 2112.75 1016.99 1328.34 2692.99 1498.96
internal_count=148782 77723 71059 46132 39362 31591 31697 27943 18189 14124 4065 21682 10848 17680 17591 8396 8331 19386 15768 9402 10834 10790 7129 222 6153 9195 4695 7179 15546 8607
is_linear=0
shrinkage=0.05


Tree=23
num_leaves=31
num_cat=0
split_feature=11 17 11 17 17 17 11 4 14 15 15 14 14 5 6 5 6 2 17 3 4 14 5 3 15 2 7 15 3 5
split_gain=7230.05 1278.5 998.406 235.862 132.806 131.765 122.109 69.024 38.8578 42.1502 38.614 41.7639 38.2807 83.6053 37.9359 33.1639 32.477 30.3267 28.5434 27.4777 27.4077 26.5837 52.4545 30.7639 30.4132 25.7171 24.5466 24.2762 23.6846 23.0819
threshold=-7.0615002631058119e-05 0.50074104964596189 -0.0014421182021627785 0.50036559627085975 0.50138072485266849 0.49965625570328148 -0.0032237990960986003 7.8338143877032542e-05 0.20500000000000004 99.996695307338157 99.996695307338157 0.20500000000000004 0.20500000000000004 1.0000000180025095e-35 9.0433000580474016e-05 2.2612258704528716e-05 2.7598257249728476e-05 0.00019335134747644481 0.4989638811367943 -0.00056578044424154806 -0.0001491914114786774 0.20500000000000004 4.0403564252205889e-08 0.00071840265315070717 99.928768586341775 -0.00020026513440474233 1.0000000180025095e-35 0.034692108621648295 -0.0008084776987423713 2.2274191499626195e-05
decision_type=2 2 2 2 2 2 2 2 2 2 2 2 2 2 2 2 2 2 2 2 2 2 2 2 2 2 2 2 2 2
left_child=2 3 6 7 19 15 -1 -2 9 27 14 -12 13 -7 -5 21 20 -13 -8 -3 -14 22 -4 28 -25 -10 -20 -9 -23 -29
right_child=1 4 5 10 -6 12 18 8 25 -11 11 17 16 -15 -16 -17 -18 -19 26 -21 -22 23 -24 24 -26 -27 -28 29 -30 -31
leaf_value=-0.054519540669409429 0.0017493971083432829 0.010188748525550621 -0.063000268823815431 0.023331104880427611 0.054064106561769125 -0.058085106342247728 -0.042966174154841684 0.061707979200624964 -0.0016772085815425525 0.053873855481232968 0.056195770082410147 0.023251659080521354 -0.01769284329353121 -0.014156602187487039 0.0016267426180354176 -0.017418595190147441 -0.0032972216584120822 0.055910191189942539 -0.044824559286375382 0.038403687694412221 -0.0072866422879504511 0.018906663553965367 -0.027445674635032093 -0.048094850078242241 0.09803144617353865 0.011652786396751581 -0.030417231737142843 0.023899163510046156 -0.025567876602610163 0.0031583302509280093
leaf_weight=1761.645944237709 2513.4521978497505 89.26665410399437 141.56074051558971 2519.9866065382957 2190.254751175642 124.46454060077667 1619.7186785191298 30.306224539875984 409.73194514214993 95.71257783472538 170.19116087257862 490.06672687828541 1227.4011867940426 834.66907787322998 218.80516551434994 1437.9487518966198 1639.8688878268003 83.143999576568604 382.06353688240051 2588.0347481071949 1306.0105067193508 30.505391806364059 388.24182251095772 5.5311280041933033 9.9957874417304993 3094.7956065833569 1306.9789967089891 342.1964096724987 1601.6557085961103 220.625134781003
leaf_count=12311 10352 493 833 12662 15823 802 9984 144 1718 623 1005 2496 5319 3669 1019 6811 6700 431 2223 15275 5325 147 1913 25 41 13157 7179 1537 7777 988
internal_value=-0.000115626 0.0238531 -0.0262323 0.0137827 0.044933 -0.0160001 -0.0438856 0.00830116 0.0122282 0.0230845 0.0243403 0.0344464 -0.0108497 -0.0198571 0.0215971 -0.0233115 -0.00877958 0.0279888 -0.0382239 0.0374629 -0.0123283 -0.027203 -0.0369457 -0.0240703 0.0459771 0.0100943 -0.0336762 0.0181161 -0.0247366 0.0157688
internal_weight=28874.8 15056.6 13818.3 10189 4867.56 8747.85 5070.41 6706.82 4193.37 688.84 3482.19 743.402 5132.41 959.134 2738.79 3615.44 4173.28 573.211 3308.76 2677.3 2533.41 2177.49 529.803 1647.69 15.5269 3504.53 1689.04 593.128 1632.16 562.822
internal_count=148782 77723 71059 46132 31591 39362 31697 28519 18167 3292 17613 3932 21815 4471 13681 17547 17344 2927 19386 15768 10644 10736 2746 7990 66 14875 9402 2669 7924 2525
is_linear=0
shrinkage=0.05


Tree=24
num_leaves=31
num_cat=0
split_feature=17 11 17 11 11 17 11 11 6 13 5 13 5 13 5 6 13 5 2 4 17 2 4 4 7 13 1 1 13 6
split_gain=6620.81 1232.57 941.974 223.127 134.837 134.237 122.986 44.3089 37.0811 34.532 57.3666 32.4689 53.233 30.9289 39.8821 35.1311 30.2875 79.1052 29.923 28.3596 28.0675 27.3781 24.8138 33.9629 23.7306 22.4818 33.3072 21.1138 20.6853 20.5388
threshold=0.50005608681792479 -0.0014421182021627785 0.50074104964596189 -0.0005188504791709957 0.00080307646010968636 0.50138072485266849 -0.0032237990960986003 -8.7079048702476389e-05 2.0962451992523491e-05 61.500000000000007 1.0000000180025095e-35 86.500000000000014 4.2173400601653337e-08 121.50000000000001 1.0000000180025095e-35 0.0001383417614297458 61.500000000000007 1.0000000180025095e-35 -0.00020026513440474233 -0.00042985390124061768 0.4989638811367943 0.00025442457464741613 0.00020874164201345471 0.00020188934991161037 1.0000000180025095e-35 51.500000000000007 0.00023304829254477968 -4.8194919443522715e-05 51.500000000000007 7.2087943319372501e-05
decision_type=2 2 2 2 2 2 2 2 2 2 2 2 2 2 2 2 2 2 2 2 2 2 2 2 2 2 2 2 2 2
left_child=1 6 4 8 16 27 -1 9 -3 10 -5 12 -10 14 28 -16 17 -2 -18 -13 -8 -17 23 -20 -22 26 -19 -4 -6 -24
right_child=2 3 5 7 13 -7 20 -9 11 -11 -12 19 -14 -15 15 21 18 25 22 -21 24 -23 29 -25 -26 -27 -28 -29 -30 -31
leaf_value=-0.053744942219882852 0.056086598153768853 -0.025812536353344202 0.02741918587722561 -0.05718962188496806 0.05869450475286675 0.053321281197402239 -0.04190652601232113 0.00012014501963371221 -0.062650956381837791 -0.0068880251058387638 -0.01375577932737005 -0.01905640709110798 -0.020458264357850905 0.015990468285348336 0.025763070310665073 -0.037286537091742671 -0.0021352534333368553 0.010939130823393324 0.0086495056756016372 -0.006094782303483281 -0.043705698985646566 0.027270862882922072 0.017050446847831913 -0.022159279842387844 -0.029374237483524621 0.024854613930216998 -0.041812263235121341 0.038628419736319607 0.034123538567821847 -0.0038233297313066622
leaf_weight=1699.2692128717899 125.57295610010624 1979.9071812778711 525.46433222293854 87.201242715120316 125.41071511805058 2111.7245659530163 1578.6931561380625 1973.0426614284515 80.721571043133736 3112.8350299596786 593.02739043533802 835.95035614073277 1011.5648596435785 787.89089670777321 1735.4305623620749 40.160536870360374 500.19613510370255 575.34654898941517 2023.4941627979279 852.23927488923073 372.49733109772205 27.785211205482483 1535.5245632976294 93.59049791097641 1286.2528516054153 303.94551727175713 31.565068081021309 2095.1137797385454 270.2094160169363 127.64146947860718
leaf_count=12311 799 9750 3117 590 754 15823 9984 8077 471 12752 2569 4071 4796 4018 8936 176 2100 2565 8431 3778 2223 129 6796 398 7179 1423 140 12651 1420 555
internal_value=-0.000111066 -0.0222386 0.0261363 -0.0125713 0.0159898 0.0439403 -0.0428519 -0.00595702 -0.020583 -0.00911818 -0.0193237 -0.0168592 -0.0235764 0.0244905 0.0275361 0.0243822 0.0112143 0.0188835 0.00935735 -0.0125131 -0.0371344 -0.0108869 0.010878 0.00728753 -0.0325926 0.0137546 0.00819557 0.0363808 0.0419125 0.0154485
internal_weight=28499.3 15463.2 13036.1 10526.5 8303.76 4732.3 4936.71 5766.11 4760.38 3793.06 680.229 2780.48 1092.29 2986.89 2199 1803.38 5316.88 1036.43 4280.45 1688.19 3237.44 67.9457 3780.25 2117.08 1658.75 910.857 606.912 2620.58 395.62 1663.17
internal_count=148782 78551 70231 46854 38640 31591 31697 23988 22866 15911 3159 13116 5267 15433 11415 9241 23207 4927 18280 7849 19386 305 16180 8829 9402 4128 2705 15768 2174 7351
is_linear=0
shrinkage=0.05


Tree=25
num_leaves=31
num_cat=0
split_feature=17 17 12 17 17 17 12 6 13 15 13 15 3 17 3 1 3 3 13 15 15 12 12 7 6 13 15 6 7 15
split_gain=6045.09 1187.14 910.303 192.96 167.906 129.592 86.4407 42.4937 45.377 60.9282 40.1947 77.1536 38.4227 37.5905 34.0929 32.6686 31.4787 27.5245 26.5189 52.8238 27.6922 25.9374 25.2293 24.698 29.8832 23.7854 22.9423 32.1875 22.6425 22.1309
threshold=0.49996331443337211 0.50074104964596189 -0.00086078123215951863 0.50027905681284379 0.4996856062863268 0.50138072485266849 -0.0019049752484474045 0.00012634095291894602 61.500000000000007 99.973281677785977 61.500000000000007 99.996695307338157 -0.00015892637683223573 0.5000886372051655 0.00018383147648826095 -0.00050616960745869511 0.00020785207568763123 -0.000781570059422254 66.500000000000014 99.996695307338157 0.088809946667574038 0.00051352403573262661 -0.00043989088899734624 0.25000000000000006 4.6726328464666517e-05 61.500000000000007 1.0000000180025095e-35 0.0001103039155242249 0.15000000000000005 1.0000000180025095e-35
decision_type=2 2 2 2 2 2 2 2 2 2 2 2 2 2 2 2 2 2 2 2 2 2 2 2 2 2 2 2 2 2
left_child=2 3 6 13 10 17 -1 8 9 29 11 26 21 -2 15 -9 22 -3 19 20 -6 -10 -12 -8 -25 28 -4 -28 -21 -5
right_child=1 5 4 7 18 -7 23 14 12 -11 16 -13 -14 -15 -16 -17 -18 -19 -20 25 -22 -23 -24 24 -26 -27 27 -29 -30 -31
leaf_value=-0.055263500426805993 0.0017527864098444423 -0.0050658401195977651 -0.053241987045681352 0.061862642182353239 -0.04326153631862089 0.052681517800497929 -0.04290276181607821 0.043765500309676769 -0.0020839797578502696 0.056443932405836422 -0.024587813134692604 -0.059344137870378302 0.020658815503947131 0.010013919137812586 0.016144684280303228 -0.047016015583637077 -0.0077555204500282145 0.03643416205581191 -0.0070380090843607428 -0.059094457373030235 -0.0088391229497462118 0.020627325218228292 -0.014838508347789865 -0.042927124748981221 -0.02545009379359699 -0.010511286866117749 -0.024998310520484061 0.015126870669430116 0.065530812554668236 0.022896501790349952
leaf_weight=1232.7084212303162 2449.7711287140846 40.595448940992355 65.890761822462082 38.162311986088753 63.023012518882751 2029.2394385784864 1749.7096083164215 11.958465680480002 346.38454239070415 183.47630204260349 2132.2140897363424 192.06116412580013 2859.891109213233 3144.5816917270422 81.495339691638947 57.853568091988564 477.04829435050488 2529.6814238280058 3661.4301359951496 109.39743034541607 801.1948197633028 197.3314796090126 963.42454206943512 432.27212570607662 563.32453987002373 41.046515628695488 876.60087172687054 53.001565098762512 3.7702317982912055 806.83743394911289
leaf_count=9395 10042 215 371 202 353 15775 11328 53 1551 1173 11005 1170 14205 13602 389 254 2307 15583 15194 741 3431 1016 4450 2749 3545 171 4451 252 20 4073
internal_value=9.35612e-05 0.0221549 -0.0242024 0.0126279 -0.0157484 0.043236 -0.0442643 0.020234 0.0211235 0.0303271 -0.0223601 -0.0303293 0.0183425 0.00639636 -0.00582232 -0.0314656 -0.0197112 0.0357787 -0.00902306 -0.0161596 -0.0113494 0.00615866 -0.0215536 -0.0393254 -0.0330383 -0.0431164 -0.0247314 -0.0227106 -0.0549425 0.0246563
internal_weight=28195.4 14777.3 13418.1 10177.7 9440.1 4599.52 3978.01 4583.39 4432.08 1028.48 4760.24 1187.55 3403.61 5594.35 151.307 69.812 3572.69 2570.28 4679.86 1018.43 864.218 543.716 3095.64 2745.31 995.597 154.214 995.493 929.602 113.168 845
internal_count=149066 78133 70933 46560 43916 31573 27017 22916 22220 5448 24006 6244 16772 23644 696 307 17762 15798 19910 4716 3784 2567 15455 17622 6294 932 5074 4703 761 4275
is_linear=0
shrinkage=0.05


Tree=26
num_leaves=31
num_cat=0
split_feature=11 11 11 11 11 11 11 13 15 3 5 13 5 15 6 11 3 5 6 11 15 15 6 13 15 15 13 3 1 13
split_gain=5526.16 1129.96 878.421 163.298 160.065 147.636 82.6181 40.3204 63.4814 39.925 39.0276 33.9289 65.3389 33.0711 32.8565 31.4533 31.1935 26.2512 24.0669 24.0049 23.8076 23.4888 26.6839 22.8177 51.6203 24.944 22.7694 22.1621 25.0456 21.3513
threshold=-7.0615002631058119e-05 0.0013368994573561557 -0.0017607033436847217 -0.00062616757630240538 0.0027783447966285295 0.00053617286103080375 -0.003809950496894809 61.500000000000007 99.973281677785977 -0.00015892637683223573 2.2612258704528716e-05 61.500000000000007 1.0000000180025095e-35 0.25157232700384219 9.8212023353091583e-05 0.00017536117582150903 -0.00055236274178016565 4.5450330230471671e-05 0.0001059394843292201 0.0010270480714652532 0.073909830022415704 98.892988929144295 2.2608310487565855e-05 66.500000000000014 99.996695307338157 0.088809946667574038 61.500000000000007 0.0003252870209780046 -0.00042540340606506127 76.500000000000014
decision_type=2 2 2 2 2 2 2 2 2 2 2 2 2 2 2 2 2 2 2 2 2 2 2 2 2 2 2 2 2 2
left_child=2 5 6 10 16 15 -1 8 14 19 11 12 -4 -12 -7 -2 -3 -8 -15 -9 -19 22 -18 24 25 -5 -26 28 -16 -17
right_child=1 4 3 23 -6 7 17 9 -10 -11 13 -13 -14 18 27 29 21 20 -20 -21 -22 -23 -24 -25 26 -27 -28 -29 -30 -31
leaf_value=-0.05461464140336441 0.0016505526044368756 0.0067158964170816599 -0.061281014566926612 -0.041124604523554591 0.052025583295713079 0.024507673697724927 -0.042076233364057199 -0.0034388490706818149 0.055863410947097007 0.018166135104371095 -0.027137452070457799 -0.022192393958364001 -0.026125300415892318 -0.014717453681057062 0.037174024601081865 0.015879481139693591 0.040830749815961673 -0.051047437860058623 0.0048941067106279381 0.019908667469200697 -0.027482672525670909 0.040002395113778656 0.026922866820408189 -0.0066623412133433209 -0.054137333316627137 -0.0080729453264112554 -0.010516356595111326 0.04103848745121072 -0.049927494907625637 0.0066013028250375876
leaf_weight=1186.1671038419008 2406.3615488260984 104.32877470552921 175.26379510760307 61.464809238910675 1937.8779445886612 734.51015271246433 1770.7241098284721 383.04953949153423 162.54276338219643 2759.6431558579206 507.02490840852261 2164.3097431957722 537.47472900152206 1267.3034103214741 10.677300333976744 878.82541351020336 478.81045496463776 127.23899406194687 178.46526411175728 154.49693289399147 680.02298244833946 1171.216132953763 1232.9587251394987 3664.893520206213 109.11809331178665 801.03296776115894 41.215406969189644 14.243114933371542 36.351244449615479 2105.9481305629015
leaf_count=9395 9864 598 1138 352 15640 3685 11737 1705 1083 13498 2588 11008 2806 6298 49 4017 2969 855 847 770 4431 7398 7617 15220 760 3435 172 67 156 8908
internal_value=9.01354e-05 0.0213483 -0.0232505 -0.0151566 0.0408342 0.0113996 -0.0436942 0.0183617 0.0273893 0.0157378 -0.0216054 -0.0253083 -0.0347702 -0.0161499 0.0215733 0.00590397 0.0335743 -0.0386695 -0.0122966 0.00327149 -0.0311969 0.0345463 0.0308131 -0.00849814 -0.0151409 -0.0104283 -0.0421782 -0.0136032 -0.0301521 0.00933313
internal_weight=27843.6 14571.8 13271.7 9507.57 4925.19 9646.65 3764.15 4255.51 958.325 3297.19 4829.84 2877.05 712.739 1952.79 795.782 5391.14 2987.31 2577.99 1445.77 537.546 807.262 2882.99 1711.77 4677.72 1012.83 862.498 150.334 61.2717 47.0285 2984.77
internal_count=149066 78024 71042 44624 34222 43802 26418 21013 5040 15973 24685 14952 3944 9733 3957 22789 18582 17023 7145 2475 5286 17984 10586 19939 4719 3787 932 272 205 12925
is_linear=0
shrinkage=0.05


Tree=27
num_leaves=31
num_cat=0
split_feature=17 17 11 17 17 17 11 17 6 5 14 14 5 14 15 15 5 6 15 2 15 14 5 1 15 14 4 3 3 3
split_gain=5060.24 1083.88 838.671 167.241 149.069 131.478 83.6686 43.554 35.9657 35.5025 33.8125 32.7845 63.6657 31.4453 44.8182 30.4358 25.5115 25.4408 24.1674 23.9998 23.1298 22.4806 47.4667 22.4125 22.1881 22.1432 26.8034 29.8283 27.9467 27.8099
threshold=0.49996331443337211 0.50074104964596189 -0.0017607033436847217 0.50035607029682405 0.4996856062863268 0.50138072485266849 -0.003809950496894809 0.50009699577497313 0.0001383417614297458 2.2612258704528716e-05 0.23833333333333337 0.20500000000000004 1.0000000180025095e-35 0.40500000000000008 99.973281677785977 0.25157232700384219 4.5450330230471671e-05 0.00014858370444416406 55.555555555580746 0.00058130193160887977 0.073909830022415704 0.22166666666666671 4.0403564252205889e-08 -0.00047463089913896134 99.354838709392752 0.20500000000000004 0.00031093947278848516 0.00022195324654139539 0.00019388218106164426 0.00013424743642420636
decision_type=2 2 2 2 2 2 2 2 2 2 2 2 2 2 2 2 2 2 2 2 2 2 2 2 2 2 2 2 2 2
left_child=2 3 6 7 9 17 -1 -2 13 11 24 12 -4 14 -5 -11 -8 -3 23 -19 -18 22 -6 -10 -9 -16 27 -27 29 -28
right_child=1 5 4 8 21 -7 16 10 18 15 -12 -13 -14 -15 25 -17 20 19 -20 -21 -22 -23 -24 -25 -26 26 28 -29 -30 -31
leaf_value=-0.053990351207056697 0.0017751790432521169 0.03474538852848761 -0.060555611807701595 0.020863972597596571 -0.041378370435325322 0.051312378614816467 -0.041078538557632743 0.012989092920468227 0.034856724521460783 -0.026171350691613995 0.007352153765786496 -0.021260044211787593 -0.025226897937516438 0.013415733166401557 0.054011809063424121 -0.011835630100933667 -0.050149326097638607 -0.013204512296452761 0.015765807489416566 0.04055440425087397 -0.026568567300717313 -0.0063663202013559371 -0.010365609287129013 -0.049357115588936323 0.028745137905201598 0.016298303423479404 0.031338348969315942 -0.091437961058690453 0.054336887114936096 -0.023231174040194553
leaf_weight=1141.033690713346 2587.2251482307911 2377.5126276016235 168.08368942141533 1956.4127308726311 144.03115691244602 1884.1169255971909 1724.2358427792788 736.7944982945919 9.7728441357612592 499.30490064620972 2961.8619060665369 2135.3597014397383 528.46235068142414 923.85804098844528 147.1741237193346 1432.3610893934965 123.14611785113811 54.288055643439293 49.69981375336647 33.616631001234055 668.54555544257164 3652.9954356849194 860.55678236484528 41.241240724921227 320.69790138304234 24.653888165950775 160.39897382259369 8.6887960731983167 119.38834583759308 27.32484382390976
leaf_count=9395 10620 15294 1134 10213 927 15775 11737 3292 44 2581 12695 10975 2795 4766 991 7120 855 295 240 209 4431 15194 3789 181 1687 119 858 43 663 148
internal_value=8.69392e-05 0.0205083 -0.0224372 0.011503 -0.0145486 0.0413682 -0.0427601 0.00683525 0.0203934 -0.0207676 0.0100924 -0.0243326 -0.0337521 0.0212739 0.0242443 -0.0155412 -0.0376669 0.0337687 -0.00904882 0.00735405 -0.0302365 -0.00818796 -0.014812 -0.0332241 0.0177673 0.0378064 0.0308011 -0.0117768 0.0354237 0.0233953
internal_weight=27502.8 14424.7 13078.1 10075.2 9421.16 4349.53 3656.96 6606.58 3468.61 4763.57 4019.35 2831.91 696.546 3367.9 2444.04 1931.67 2515.93 2465.42 100.714 87.9047 791.692 4657.58 1004.59 51.0141 1057.49 487.629 340.455 33.3427 307.112 187.724
internal_count=149066 78133 70933 46560 44515 31573 26418 28294 18266 24605 17674 14904 3929 17801 13035 9701 17023 15798 465 504 5286 19910 4716 225 4979 2822 1831 162 1669 1006
is_linear=0
shrinkage=0.05


Tree=28
num_leaves=31
num_cat=0
split_feature=17 17 11 17 17 11 11 17 5 6 14 5 14 14 15 15 3 6 3 4 6 14 4 3 3 3 3 11 3 3
split_gain=4627.53 1032.99 803.928 154.405 137.952 132.673 84.659 39.5631 33.1588 32.9521 31.2129 62.5895 30.9697 29.3327 42.7528 28.2103 26.4026 24.9531 24.8649 24.2549 22.065 21.8894 24.8737 26.8717 25.9199 25.5081 53.8374 21.7248 24.6661 24.2486
threshold=0.49996331443337211 0.50074104964596189 -0.0017607033436847217 0.50035607029682405 0.4996856062863268 0.0029281231908032672 -0.003809950496894809 0.50009699577497313 2.2612258704528716e-05 0.0001383417614297458 0.20500000000000004 1.0000000180025095e-35 0.23833333333333337 0.40500000000000008 99.973281677785977 0.25157232700384219 -0.00087799570725188836 4.1200964283935665e-05 -0.00024636307352104975 0.00095280743628478614 0.0001059394843292201 0.20500000000000004 0.00031093947278848516 0.00019388218106164426 0.00022195324654139539 0.00013424743642420636 0.00013800097348692922 -0.00087978177799469248 0.00098324286607498501 -0.00045570929917632114
decision_type=2 2 2 2 2 2 2 2 2 2 2 2 2 2 2 2 2 2 2 2 2 2 2 2 2 2 2 2 2 2
left_child=2 3 6 7 8 16 -1 -2 10 13 11 -4 -9 14 -5 -10 19 -8 -19 -3 -17 -16 24 25 -23 -24 -27 28 -12 -29
right_child=1 5 4 9 -6 -7 17 12 15 -11 27 -13 -14 -15 21 20 -18 18 -20 -21 -22 22 23 -25 -26 26 -28 29 -30 -31
leaf_value=-0.053387932893919049 0.0016865685174693294 0.020183176471477084 -0.059878512827903387 0.020025096261248876 -0.0077955375120601191 0.051460203102840996 -0.041680271383661843 0.016991992266793859 -0.025176170877424093 -0.0085771789154482411 -0.024433712610113002 -0.024272639304651511 0.0069980198744511767 0.012827520119684225 0.053174296872844133 -0.01364989528001859 0.033892426390600985 -0.037392971193275129 -0.022786278573290013 -0.071523299283472244 0.0051889920726660016 0.015590531598708032 0.030256567891939826 0.053180335860296774 -0.083530619835784747 -0.19702826852986199 0.0059782347823467462 0.01576768142032171 0.081736122940690575 -0.016222282930297396
leaf_weight=1097.3225096836686 2587.0030903220177 20.492147356271747 161.64816792309284 1936.9570376574993 4648.020995542407 1660.9580665826797 1238.3590321689844 1050.675270229578 493.2468563169241 100.8366331756115 1395.7731050401926 521.94562664628029 2956.3047430962324 918.06239634752274 142.14546912908554 1247.5342375785112 2536.8094721660018 734.62102220952511 482.86066693067551 11.123977378010748 177.55072551965714 24.48876741528511 157.89196042716503 115.97267846763134 9.0264263153076154 3.783790826797488 23.861796960234642 65.197955623269081 5.4921730607748023 648.00078082084656
leaf_count=9395 10620 113 1134 10213 19910 14500 8664 4979 2581 465 7554 2795 12695 4766 991 6275 16898 5080 3279 62 845 119 858 663 43 20 128 303 23 3095
internal_value=8.40536e-05 0.0197246 -0.0215921 0.0109835 -0.0139087 0.0404479 -0.0418419 0.00650661 -0.0199332 0.0195826 -0.0234046 -0.0326923 0.00961855 0.0204347 0.0233276 -0.0148699 0.0333265 -0.0366829 -0.0315999 -0.0120833 -0.0113028 0.0367335 0.029758 0.0343002 -0.0111051 0.022499 -0.0218068 -0.0204019 -0.0240176 -0.0132979
internal_weight=27174 14256.4 12917.6 10027 9364.41 4229.38 3553.16 6593.98 4716.39 3433.03 2798.06 683.594 4006.98 3332.19 2414.13 1918.33 2568.43 2455.84 1217.48 31.6161 1425.08 477.171 335.025 301.51 33.5152 185.538 27.6456 2114.46 1401.27 713.199
internal_count=149066 78133 70933 46560 44515 31573 26418 28294 24605 18266 14904 3929 17674 17801 13035 9701 17073 17023 8359 175 7120 2822 1831 1669 162 1006 148 10975 7577 3398
is_linear=0
shrinkage=0.05


Tree=29
num_leaves=31
num_cat=0
split_feature=4 17 11 17 17 17 11 17 3 6 13 5 13 3 4 3 13 13 15 3 5 6 15 6 15 13 4 3 3 3
split_gain=4231.46 993.557 760.386 145.444 133.713 123.341 85.5867 37.5193 32.2416 30.2199 28.7236 39.3552 35.0302 47.7583 32.5016 42.9533 28.3262 27.3547 40.8066 27.1367 24.7227 24.33 22.7904 22.0361 21.6111 21.5999 23.0876 25.8309 23.3444 43.9279
threshold=-3.4147019986219267e-05 0.50074104964596189 -0.0017607033436847217 0.50035607029682405 0.50138072485266849 0.4996856062863268 -0.003809950496894809 0.50009699577497313 0.00020283792880770871 0.0001383417614297458 121.50000000000001 5.8708840606050706e-08 61.500000000000007 -0.0008084776987423713 -0.00032013710102835041 -9.0386313936430249e-05 71.500000000000014 121.50000000000001 99.973281677785977 -0.00091620658941710109 4.5450330230471671e-05 0.00016074827722010481 0.073909830022415704 2.7303773575110527e-05 55.555555555580746 61.500000000000007 0.00031093947278848516 0.00019388218106164426 0.00013424743642420636 0.00013800097348692922
decision_type=2 2 2 2 2 2 2 2 2 2 2 2 2 2 2 2 2 2 2 2 2 2 2 2 2 2 2 2 2 2
left_child=2 3 6 7 21 8 -1 -2 10 17 11 12 -4 19 -15 -16 -9 18 -5 -14 -8 -3 -22 -7 -11 -20 -27 28 -28 -30
right_child=1 4 5 9 -6 23 20 16 -10 24 -12 -13 13 14 15 -17 -18 -19 25 -21 22 -23 -24 -25 -26 26 27 -29 29 -31
leaf_value=-0.052804908661562733 0.0015210217112082028 0.032661953902931237 -0.055960052655399196 0.01921507667768671 0.050019695736076966 -0.010409460096148014 -0.039176002529074563 0.016241830186035783 -0.0091357284900668752 -0.030790297400603461 -0.013875992265377913 -0.020562196613350195 0.0050917642968574244 -0.038324314659612578 0.023415926418144689 -0.04449414486237218 0.0066604851956032027 0.012262437708780024 0.052364778062841934 0.16271855859735396 -0.048639577529488741 0.0024411415829085886 -0.024589140940755403 -0.0033044475757667059 0.015449090714759466 -0.010488380971739838 0.029206097645771874 0.05206881288648324 -0.17087610264512276 0.0056967955952436609
leaf_weight=1055.039024963975 2683.3949313461781 2295.6918065398932 149.89038977026939 1918.1688154935837 1749.1900909915566 2722.6770614758134 1637.2603297606111 1044.4062882512808 687.73345813155174 51.552199676632881 1074.9564033001661 2334.9502465873957 6.1888017803430557 315.44416174292564 55.549318194389343 40.088430419564247 2950.95616081357 912.49589228630066 137.25030623376369 4.8862593919038755 116.28150220215321 68.58903194963932 644.23680061101913 1821.3222388103604 49.563979059457779 33.647130012512207 155.45543280243874 112.61171589791775 4.1344942152500179 23.790480926632881
leaf_count=9395 11066 15397 1061 10213 15775 11798 11737 4979 3516 225 5560 12227 33 1742 252 190 12695 4766 991 24 855 401 4431 7666 240 162 858 663 20 128
internal_value=8.1217e-05 0.0188314 -0.0209256 0.0103788 0.0395392 -0.0134261 -0.0409375 0.00609385 -0.0191328 0.0187993 -0.0208594 -0.0234418 -0.0351954 -0.0278227 -0.0305831 -0.00504991 0.00916509 0.0196249 0.0224417 0.0746359 -0.0357157 0.0317852 -0.0282664 -0.00756163 -0.0081252 0.035698 0.0287585 0.03322 0.0216451 -0.0204461
internal_weight=26857.4 14190.9 12666.5 10077.4 4113.47 9213.69 3452.82 6678.76 4669.69 3398.67 3981.95 2907 572.047 422.157 411.082 95.6377 3995.36 3297.55 2385.06 11.0751 2397.78 2364.28 760.518 4544 101.116 466.89 329.639 295.992 183.38 27.925
internal_count=149066 78579 70487 47006 31573 44069 26418 28740 24605 18266 21089 15529 3302 2241 2184 442 17674 17801 13035 57 17023 15798 5286 19464 465 2822 1831 1669 1006 148
is_linear=0
shrinkage=0.05


Tree=30
num_leaves=31
num_cat=0
split_feature=17 11 17 11 11 11 17 15 13 15 6 6 3 11 0 6 15 6 3 7 13 15 15 0 3 13 5 6 7 13
split_gain=3995.98 914.952 714.815 186.032 117.36 93.9336 82.3652 36.9836 36.6225 56.45 33.8015 33.7243 32.505 32.3875 29.7387 27.4537 27.0448 29.4555 26.5947 24.5976 28.3963 23.9652 23.5612 22.6306 22.5769 29.6501 22.5764 22.3559 29.3905 21.2728
threshold=0.50005608681792479 -0.0017215624643190928 0.50088332202386698 -0.0005188504791709957 0.00080307646010968636 0.0029281231908032672 0.49801902784834157 82.0414866746044 61.500000000000007 99.996695307338157 0.0001235158880163857 0.00015410722907700631 -0.00084330624508138763 -0.00097508648445282498 1.3814745913887097e-07 0.00029161792535287097 98.032460053547098 9.0433000580474016e-05 -0.0008084776987423713 1.0000000180025095e-35 121.50000000000001 53.128096580918843 16.666666677782718 -0.00030092446625074038 -0.00015892637683223573 121.50000000000001 2.3391111949871729e-05 4.6726328464666517e-05 1.0000000180025095e-35 61.500000000000007
decision_type=2 2 2 2 2 2 2 2 2 2 2 2 2 2 2 2 2 2 2 2 2 2 2 2 2 2 2 2 2 2
left_child=1 6 4 11 7 12 -1 10 9 -9 -2 13 26 19 -5 27 17 -6 -12 20 -3 -17 -13 -20 25 -18 -4 -8 -29 -15
right_child=2 3 5 14 16 -7 15 8 -10 -11 18 22 -14 29 -16 21 24 -19 23 -21 -22 -23 -24 -25 -26 -27 -28 28 -30 -31
leaf_value=-0.052717930621265667 0.006534025839825707 -0.037369160041117802 -0.096891537896397734 -0.0063771321660061088 0.019217369211673829 0.05006388220911813 -0.039977723223906234 0.012252933543387204 0.011319330106433817 0.054703456342422942 0.052478335658736497 -0.030514552160888993 0.034041358115102248 -0.022690625953610721 0.0022801077801203602 -0.010338073275199254 0.017718511523588842 -0.00018488283631262401 0.029374976630342726 -0.019253294779360372 -0.013385378518806028 0.12010603626988388 0.023570718241871458 -0.040635796417548643 0.028042271463319675 -0.044899823483510071 0.0055485012267039308 -0.049074554079047483 -0.026816656110144541 -0.011715769335054877
leaf_weight=945.58888833224773 3031.593111038208 443.9610563442111 7.0313943326473263 4462.6849597170949 1891.8828769624233 1543.2481273859739 1418.6715412214398 191.71750575304031 1779.3291444629431 132.39498221874237 10.695149600505827 26.751694306731224 1720.6912136077881 562.76372548192739 1275.5056331157684 11.996877104043962 94.921473398804665 218.17359475791454 13.452368795871733 1979.4912755191326 170.93065242469311 4.9837818294763556 81.427497074007988 81.309088557958603 1300.4476623758674 23.605674713850021 22.878720991313457 177.2180418074131 909.31525348126888 2049.7172955572605
leaf_count=8778 13259 2703 40 18811 10695 14534 10433 883 7760 966 47 133 12235 3008 5245 87 555 1108 58 10748 955 36 381 347 7731 128 130 1355 6441 9671
internal_value=-5.68993e-05 -0.0177256 0.0212114 -0.0106956 0.0137521 0.0410709 -0.0401329 0.0090055 0.0141351 0.0295933 0.00556602 -0.0174355 0.0331431 -0.0180096 -0.00445277 -0.0354147 0.0208007 0.0172112 -0.0222616 -0.0219667 -0.030702 0.027947 0.0101959 -0.030697 0.0261382 0.00524755 -0.0185335 -0.0358442 -0.030447 -0.0140799
internal_weight=26584.4 14521 12063.4 11053.2 8769.52 3293.85 3467.77 5240.49 2103.44 324.112 3137.05 5315.04 1750.6 5206.86 5738.19 2522.19 3529.03 2110.06 105.457 2594.38 614.892 16.9807 108.179 94.7615 1418.97 118.527 29.9101 2505.2 1086.53 2612.48
internal_count=149261 78785 70476 51655 43537 26939 27130 23320 9609 1849 13711 27599 12405 27085 24056 18352 20217 11803 452 14406 3658 123 514 405 8414 683 170 18229 7796 12679
is_linear=0
shrinkage=0.05


Tree=31
num_leaves=31
num_cat=0
split_feature=11 11 11 11 17 17 11 15 1 13 15 6 11 0 1 6 0 6 7 15 15 3 6 7 13 13 5 3 3 6
split_gain=3652.07 869.606 688.516 170.499 146.816 83.2171 52.6591 34.1592 35.8965 34.5861 56.2601 30.792 30.3135 28.7769 27.6469 31.7359 26.6504 26.2554 27.8646 25.94 24.5016 40.8526 23.8841 23.2635 26.9265 22.8941 47.2476 25.6549 42.583 42.9783
threshold=0.00011072199342654355 -0.0017215624643190928 0.00207917451953521 -0.0005188504791709957 0.50041608779041324 0.49801902784834157 0.0029281231908032672 82.0414866746044 0.00036109585490773371 61.500000000000007 99.996695307338157 0.00015410722907700631 -0.00097508648445282498 0.00050473734345624088 -1.5001351616472644e-07 0.00021114308960796916 1.3814745913887097e-07 4.6726328464666517e-05 1.0000000180025095e-35 57.142857142867051 98.711061885694434 -0.00091620658941710109 0.00014858370444416406 1.0000000180025095e-35 121.50000000000001 61.500000000000007 1.0000000180025095e-35 -7.2715029847902888e-05 -8.4035968612838894e-05 1.6185846821802654e-05
decision_type=2 2 2 2 2 2 2 2 2 2 2 2 2 2 2 2 2 2 2 2 2 2 2 2 2 2 2 2 2 2
left_child=1 5 4 11 7 -1 20 8 13 10 -9 12 23 -2 -6 25 -5 -7 -19 -17 22 -22 -4 24 -3 26 -16 28 -27 -30
right_child=2 3 6 16 14 17 -8 9 -10 -11 -12 -13 -14 -15 15 19 -18 18 -20 -21 21 -23 -24 -25 -26 27 -28 -29 29 -31
leaf_value=-0.052183346526004371 0.0061988419439602312 -0.036294640665466872 0.031081913912495086 -0.0060699421946750279 0.014119754251389616 -0.039047968360620661 0.049463341424695419 0.011443479822659058 -0.049128186130756375 0.010917226186560271 0.053471512933937926 0.0096536865285646867 -0.01345650597213833 -0.1015638130863421 0.055625313021664929 -0.086422550809573007 0.0021353635421668669 -0.0469904957866829 -0.025136558725586112 0.011108177226725463 -0.14803190803225205 0.045454758906977845 -0.011846179101727104 -0.01847604885405834 -0.012809252087756471 0.013889976622310497 0.025391418402693433 0.024115857397593372 -0.11520968371310179 0.029119419364701995
leaf_weight=908.45385032147169 3191.2407841682434 434.49321807175875 615.0784370675683 4450.1951383948326 979.3329316675663 1380.7995359450579 1485.3565210253 196.26403371989727 29.815254494547844 1833.4719669222832 133.98862758278847 108.4776699244976 2597.2873162403703 6.2071440517902365 162.2522981762886 11.587490037083628 1272.5651435405016 173.76405949890614 908.26588562875986 16.561646059155464 2.7456449866294852 426.46936268359423 34.203337639570236 1960.1299054920673 169.719362154603 350.84627903997898 634.73227083683014 1791.7728049755096 13.109285786747934 8.5039817094802839
leaf_count=8778 14031 2703 4623 18774 5683 10433 14534 911 127 8068 1016 514 12679 26 1164 54 5232 1375 6544 89 14 3278 215 10748 955 2007 3869 10689 78 50
internal_value=-5.43215e-05 -0.0170339 0.0204007 -0.0102209 0.0141123 -0.039249 0.0433574 0.00873935 0.00548044 0.0136001 0.0284949 -0.0167098 -0.0172639 0.00598964 0.0214109 0.0237995 -0.00424534 -0.034478 -0.0286461 -0.02904 0.034948 0.044217 0.0288205 -0.0211201 -0.0296977 0.0243018 0.0315465 0.0216339 0.00969383 -0.0584218
internal_weight=26287.7 14364.2 11923.5 10992.9 9359.69 3371.28 2563.85 5390.99 3227.26 2163.72 330.253 5270.11 5161.63 3197.45 3968.7 2989.37 5722.76 2462.83 1082.03 28.1491 1078.5 429.215 649.282 2564.34 604.213 2961.22 796.985 2164.23 372.46 21.6133
internal_count=149261 78735 70526 51605 47862 27130 22664 24179 14184 9995 1927 27599 27085 14057 23683 18000 24006 18352 7919 143 8130 3292 4838 14406 3658 17857 5033 12824 2135 128
is_linear=0
shrinkage=0.05


Tree=32
num_leaves=31
num_cat=0
split_feature=17 11 11 11 17 17 11 15 1 13 15 13 15 4 15 1 0 17 3 3 7 3 11 13 3 15 4 15 13 3
split_gain=3336.94 827.614 661.612 157.064 136.07 83.9827 53.3491 31.2111 32.1354 31.8599 54.4478 29.5948 81.9787 27.1757 26.5508 25.9247 25.5564 24.8403 25.3889 24.3658 22.5382 19.8975 19.446 18.1748 20.1791 42.059 54.0157 18.6301 39.1582 28.8373
threshold=0.50005608681792479 -0.0017215624643190928 0.00207917451953521 -0.0005188504791709957 0.50041608779041324 0.49801902784834157 0.0029281231908032672 82.0414866746044 0.00036109585490773371 61.500000000000007 99.996695307338157 61.500000000000007 99.996695307338157 -0.00042985390124061768 1.0000000180025095e-35 -1.5001351616472644e-07 0.00050473734345624088 0.49990193035368957 9.2918850282508472e-05 -2.7446914746542811e-07 0.15000000000000005 0.00089170942330296665 0.00030358288811838113 121.50000000000001 -0.00016746878602641455 99.959726137728424 0.00068368253209516461 99.973281677785977 61.500000000000007 0.00019388218106164426
decision_type=2 2 2 2 2 2 2 2 2 2 2 2 2 2 2 2 2 2 2 2 2 2 2 2 2 2 2 2 2 2
left_child=1 5 4 11 7 -1 19 8 16 10 -9 12 14 -13 -3 -6 22 18 -5 -4 -14 -7 -2 27 25 -25 -27 -17 -29 -30
right_child=2 3 6 17 15 21 -8 9 -10 -11 -12 13 20 -15 -16 23 -18 -19 -20 -21 -22 -23 -24 24 -26 26 -28 28 29 -31
leaf_value=-0.051662690619867807 0.00011420258801766446 -0.047858570984363268 0.021418480351220862 -0.010285430932327096 0.013519652789297565 -0.034091664179987775 0.048872251714176362 0.010822566891707361 -0.046160592295932751 0.010446430012512886 0.052719384254482526 -0.018068801971836301 -0.058378367353810162 -0.0098076522466558572 -0.015500669736823994 0.022466811601130184 -0.094747708855935101 -0.00088976240635470552 0.00082189176126425524 0.038624784556928693 0.027595102483260234 0.0049935933571311928 0.0085509854740928506 0.012246843639900107 0.018594729904942431 -0.16809425943974166 0.023884229291314285 0.05164455055876771 0.011617812494665026 0.038943682854046792
leaf_weight=872.63722597062588 993.5048004835844 67.675638228654861 280.49274890124798 2037.5284731388092 971.85790745913982 2372.5580383762717 1429.5727160274982 195.22540779411793 30.136742025613785 1823.3577315211296 128.64528074860573 1975.0880656093359 167.07744573056698 2007.1587037295103 1002.299942702055 1639.7839749753475 6.3179015666246405 3005.9010830074549 688.26123559474945 772.16922358423471 7.9874989539384833 33.01521523296833 2185.3076861947775 45.722518444061279 669.37816634774208 8.4119436144828779 6.4914961010217658 188.08990079909563 215.28142182528973 175.05865816771984
leaf_count=8778 4126 432 2110 8749 5683 18110 14534 910 127 8050 1013 10977 1242 9553 5351 9860 26 12391 2916 6020 44 242 9877 253 3950 42 41 1401 1306 1147
internal_value=-5.14418e-05 -0.016334 0.0196528 -0.00974061 0.0135214 -0.0383753 0.0425822 0.00834551 0.00522826 0.0130133 0.0274645 -0.0160086 -0.022737 -0.013905 -0.0175473 0.0206017 0.00571449 -0.00402424 -0.00748083 0.03404 -0.0544557 -0.0335552 0.00591416 0.0229362 0.0160929 -0.0115297 -0.0844741 0.0251883 0.0329035 0.0238728
internal_weight=26002 14237.2 11764.8 10959 9282.57 3278.21 2482.23 5362.5 3215.27 2147.23 323.871 5227.29 1245.04 3982.25 1069.98 3920.08 3185.13 5731.69 2725.79 1052.66 175.065 2405.57 3178.81 2948.22 730.004 60.626 14.9034 2218.21 578.43 390.34
internal_count=149261 78785 70476 51655 47812 27130 22664 24129 14156 9973 1923 27599 7069 20530 5783 23683 14029 24056 11665 8130 1286 18352 14003 18000 4286 336 83 13714 3854 2453
is_linear=0
shrinkage=0.05


Tree=33
num_leaves=31
num_cat=0
split_feature=17 11 11 11 11 17 11 6 6 11 6 13 4 16 6 3 13 3 2 3 6 2 17 6 6 6 7 5 11 1
split_gain=3048.31 785.661 635.655 144.217 126.495 84.7793 54.0563 29.6759 29.0282 30.3913 28.1484 48.3611 29.0779 30.0395 27.1297 26.7608 26.6772 26.2624 23.9835 23.5666 30.2555 23.4199 22.4847 27.3731 22.1524 21.4319 29.2496 21.159 18.6542 18.5764
threshold=0.50005608681792479 -0.0017215624643190928 0.00207917451953521 -0.0005188504791709957 0.00084486032001818156 0.49794498919282376 0.0029281231908032672 0.00029161792535287097 2.0962451992523491e-05 -0.0011791507526768827 1.0000000180025095e-35 61.500000000000007 -0.00026237230047582155 -1.0000000180025095e-35 0.0001383417614297458 -0.00018154216064991677 121.50000000000001 0.00040628908876949593 -0.00033084107878966757 -2.7446914746542811e-07 0.00016074827722010481 -0.00015986992779321027 0.49990193035368957 1.3196468135260366e-05 0.0002275390647045767 4.1200964283935665e-05 1.0000000180025095e-35 4.6971550693897223e-05 -0.0022739525964285963 -2.0436022165282172e-05
decision_type=2 2 2 2 2 2 2 2 2 2 2 2 2 2 2 2 2 2 2 2 2 2 2 2 2 2 2 2 2 2
left_child=1 5 4 8 21 -1 19 25 10 -10 11 -3 13 -13 16 -11 29 -16 27 20 -4 -2 23 -5 -20 -7 -27 -17 -28 -6
right_child=2 3 6 22 14 7 -8 -9 9 15 -12 12 -14 -15 17 18 -18 -19 24 -21 -22 -23 -24 -25 -26 26 28 -29 -30 -31
leaf_value=-0.051811981009406018 0.00022530069602381823 -0.057952189402599663 0.024224479409360053 -0.013328679939817571 0.015557763563778701 -0.038066598865076941 0.048288990857755384 0.032333565401174671 -0.019016068936054755 -0.014968950272254001 -0.023898648678647383 -0.061094779903114738 0.020836058072912077 -0.0089428259798312992 -0.022621507025689887 0.056894818414994268 0.013391849447753228 0.021702620502223748 -0.0057383679496599482 0.03772527840842705 -0.055931332140436454 0.0094140998649830977 -0.00084530738175333945 -0.0030693432529950229 0.070064479092934187 -0.04721223141021149 -0.030510712355145665 -0.0072939261539823391 -0.016475259568957526 0.025418664030098678
leaf_weight=781.91983789205551 816.62007818371058 51.722652465105057 264.141042932868 1074.1482782587409 615.68490804731846 1195.4886883497238 1375.8628186434507 17.32915797829628 1082.8813999518752 910.68480652570724 1414.624661795795 29.171911716461182 78.384522959589958 516.22220256924629 72.30826398730278 30.178400039672852 925.69732309877872 62.137352734804153 1039.2073993235826 751.57962577790022 12.321848079562185 4596.9902900010347 3005.7874409332871 1647.1969705671072 9.7283072471618635 179.30969869345427 638.4265084117651 22.344393014907837 376.25652587413788 2129.5801303982735
leaf_count=8208 3599 439 2044 4720 3690 9570 14534 130 6293 4505 7737 162 349 2783 343 144 5475 352 5042 6020 66 20900 12391 6945 41 1507 5194 104 2521 13453
internal_value=-4.89097e-05 -0.0156755 0.0189094 -0.00929558 0.0129385 -0.0375084 0.0418078 -0.0328614 -0.0153366 -0.0122622 -0.019889 -0.0114921 -0.00763975 -0.0117323 0.0199241 -0.00862748 0.020732 -0.00213602 -0.00338436 0.0331339 0.020652 0.00802801 -0.00382628 -0.00711883 -0.00503534 -0.0333342 -0.028596 0.0295875 -0.0253062 0.0232071
internal_weight=25723.9 14101 11622.9 10912.3 9219.02 3188.73 2403.91 2406.81 5185.15 3095.02 2090.13 675.501 623.779 545.394 3805.41 2012.14 3670.96 134.446 1101.46 1028.04 276.463 5413.61 5727.13 2721.35 1048.94 2389.48 1193.99 52.5228 1014.68 2745.27
internal_count=149261 78785 70476 51655 47812 27130 22664 18922 27599 16129 11470 3733 3294 2945 23313 9836 22618 695 5331 8130 2110 24499 24056 11665 5083 18792 9222 248 7715 17143
is_linear=0
shrinkage=0.05


Tree=34
num_leaves=31
num_cat=0
split_feature=17 11 11 11 17 17 11 15 6 15 13 15 6 6 0 11 6 15 3 6 15 13 15 3 3 15 13 7 6 15
split_gain=2783.4 745.279 610.439 132.493 118.007 85.3437 54.6174 31.2625 33.7219 29.5913 33.8804 58.5478 27.4465 26.9334 26.0259 24.7113 24.741 24.686 36.105 24.4888 25.7677 23.4103 42.9077 24.581 25.0005 23.079 22.2561 40.9488 21.9942 21.375
threshold=0.50005608681792479 -0.0017215624643190928 0.00207917451953521 -0.0005726257277869905 0.5004484606018732 0.49794498919282376 0.0029281231908032672 1.0000000180025095e-35 4.1872106237182817e-05 88.746353869298417 61.500000000000007 99.996695307338157 0.00029161792535287097 0.0001235158880163857 -0.00035978471512954075 -0.00028474146593154831 1.2829546933724273e-05 98.711061885694434 -0.00091620658941710109 0.0001383417614297458 54.461714332943238 61.500000000000007 99.933444252183406 -0.0004886774531449033 -0.00061410785419868652 2.0408163269245567 61.500000000000007 1.0000000180025095e-35 0.00014858370444416406 49.71066817205665
decision_type=2 2 2 2 2 2 2 2 2 2 2 2 2 2 2 2 2 2 2 2 2 2 2 2 2 2 2 2 2 2
left_child=1 5 4 7 9 -1 17 -3 21 13 11 -11 -7 -2 -15 16 -5 28 -19 26 -21 22 -9 24 -23 -17 27 -6 -4 -14
right_child=2 3 6 15 19 12 -8 8 -10 10 -12 -13 29 14 -16 25 -18 18 -20 20 -22 23 -24 -25 -26 -27 -28 -29 -30 -31
leaf_value=-0.051336607911313697 0.0058563589717729103 -0.035750489701173539 0.028223887423253644 -0.014781504376525501 0.048586403016110002 -0.032441753273201417 0.047712069126631521 -0.019956929500862849 -0.0080314817517637034 0.0097595391349850451 0.0098081297090355651 0.052483604067025305 -0.013670699828790293 0.041437444478476471 -0.026585507718614024 -0.0096634444550430659 -0.0040518772185481359 -0.1342531292167056 0.043267338417323969 -0.02565499695904553 0.019794829504438456 -0.016173666685426993 -0.053802237352816917 -0.01652424708719535 0.016697550387219446 0.00033111365029532048 0.017917344703056601 0.021831724343922013 -0.013431209331379843 0.09908292496997749
leaf_weight=750.49892973899841 3313.8659249544144 176.77705416083336 574.9785662740469 862.9512462541461 177.78738241642714 2333.9858782961965 1324.1877373605967 610.82028295099735 1454.7166241332889 197.27047678828239 1878.8786299079657 135.10562328994274 10.840959511697294 16.149045914411545 108.78346939384937 709.57859079539776 1423.553594134748 2.8852916955947867 392.70797073096037 60.360602706670761 64.519647523760796 113.27412559092045 110.5993155092001 2180.7589312046766 118.20630146563053 3105.5225620493293 2477.2278095036745 731.2215892598033 33.53758516907692 6.8649285435676566
leaf_count=8208 14832 1045 4623 3896 1328 18792 14534 3404 7605 937 8454 1111 82 72 463 2933 6108 14 3278 288 365 625 885 11647 641 12866 15289 4673 215 48
internal_value=-4.70899e-05 -0.0150408 0.0181824 -0.00887019 0.0123723 -0.0366562 0.0410435 -0.0151176 -0.0143227 0.00789881 0.0124112 0.0271262 -0.0319713 0.00499718 -0.0177927 -0.00399116 -0.00810135 0.0322492 0.0419726 0.0195709 -0.00217325 -0.0172432 -0.0251457 -0.0148798 0.000612137 -0.00152779 0.0203728 0.0270645 0.0259281 0.0300461
internal_weight=25458.4 13968.9 11489.5 10866.8 9161.17 3102.19 2328.3 4765.15 4588.38 5650.05 2211.25 332.376 2351.69 3438.8 124.933 6101.61 2286.5 1004.11 395.593 3511.12 124.88 3133.66 721.42 2412.24 231.48 3815.1 3386.24 909.009 608.516 17.7059
internal_count=149261 78785 70476 51655 47812 27130 22664 25852 24807 25869 10502 2048 18922 15367 535 25803 10004 8130 3292 21943 653 17202 4289 12913 1266 15799 21290 6001 4838 130
is_linear=0
shrinkage=0.05


Tree=35
num_leaves=31
num_cat=0
split_feature=17 11 17 11 11 17 11 14 15 6 3 15 3 7 14 6 15 3 15 3 3 6 14 15 4 4 6 6 3 14
split_gain=2424.21 682.359 609.043 124.212 123.958 96.6319 46.1833 37.3873 92.5437 30.7858 29.9227 29.3962 28.451 24.6388 39.4551 35.4702 23.4792 30.6654 22.8682 30.1177 32.57 29.9799 22.6852 39.5033 28.3967 38.0098 35.726 52.9111 51.3293 26.4768
threshold=0.50005608681792479 -0.0014421182021627785 0.50108075422678422 0.001002153385461946 -0.0032237990960986003 0.49984098732971122 0.0029281231908032672 0.20500000000000004 99.996695307338157 2.6190264056064241e-05 -0.00015892637683223573 1.0000000180025095e-35 -0.00020055842988198067 1.0000000180025095e-35 0.40500000000000008 4.6726328464666517e-05 85.222551095615501 -0.00091620658941710109 98.461538462320604 -6.2027939796260853e-05 -8.4035968612838894e-05 1.9549081458902044e-05 0.22166666666666671 99.996695307338157 0.00020874164201345471 0.0001809030230310871 1.2483072101014128e-05 6.395901875394479e-08 -6.2027939796260853e-05 0.20500000000000004
decision_type=2 2 2 2 2 2 2 2 2 2 2 2 2 2 2 2 2 2 2 2 2 2 2 2 2 2 2 2 2 2
left_child=1 4 3 10 -1 7 16 8 11 -9 -2 -3 -11 14 -6 -15 -4 -18 21 20 -20 -5 23 -12 25 -24 27 -27 -29 -25
right_child=2 5 6 18 13 -7 -8 9 -10 12 22 -13 -14 15 -16 -17 17 -19 19 -21 -22 -23 24 29 -26 26 -28 28 -30 -31
leaf_value=-0.045835651110130216 0.0003530461824041374 -0.045145451961883978 0.024941928177119002 0.026542519483590762 -0.041582841840499839 -0.0012896261970542667 0.047285650135644543 -0.01310714264532757 -0.053647607361918287 -0.01103834299812958 0.011416593259907385 -0.011582715372910788 0.00021710373723706619 -0.029295337566345538 -0.0078827988531366237 -0.015995802381254542 -0.10139362106504879 0.043116675028253088 0.012292590704784357 0.028181851029747736 -0.064864741230393277 0.012368000510020854 0.0059429993355129933 0.048420114276176471 0.011357953535980334 0.0077182123076521558 0.0023301950616875342 0.051805777394075152 -0.072041178003102141 0.0025369773619643866
leaf_weight=1150.6604930460453 1190.8781594932079 69.54059299826622 479.41166042536497 515.15628923475742 466.50127720087767 4086.6263294890523 1278.8889356851578 2421.392052218318 166.03726727515459 1045.0550946444273 918.53053624927998 1055.0063962191343 1213.284794062376 1166.5488521829247 106.72183970361948 879.1752340272069 3.707976981997489 368.63630152493715 152.9125649034977 1059.6337805315852 15.020952746272085 1352.2067397236824 1468.0351782143116 131.6705063059926 2053.9743056595325 49.439996242523193 154.31004612147808 9.4564185440540296 72.5768191665411 41.304029166698456
leaf_count=12310 5349 463 3921 3289 3866 16960 14584 12017 1325 5049 4394 5350 5651 8709 793 6214 18 3192 1007 7194 101 8505 6198 1129 9958 216 670 41 315 193
internal_value=3.15117e-05 -0.014014 0.0171935 0.0116067 -0.0321568 -0.0072136 0.0412781 -0.0112685 -0.0188029 -0.00919065 0.00746173 -0.0136582 -0.0049914 -0.0261469 -0.0353086 -0.0235797 0.0322579 0.0416776 0.0197631 0.025064 0.00539119 0.0162784 0.00918964 0.0155444 0.00736805 0.0026953 -0.0139877 -0.0331401 -0.0577647 0.0374638
internal_weight=25142.3 13826.6 11315.8 9185.11 3769.61 10056.9 2130.64 5970.32 1290.58 4679.73 6090.18 1124.55 2258.34 2618.95 573.223 2045.72 851.756 372.344 3094.93 1227.57 167.934 1867.36 4899.3 1091.51 3807.79 1753.82 285.783 131.473 82.0332 172.975
internal_count=148981 78707 70274 48559 31892 46815 21715 29855 7138 22717 28463 5813 10700 19582 4659 14923 7131 3210 20096 8302 1108 11794 23114 5716 17398 7440 1242 572 356 1322
is_linear=0
shrinkage=0.05


Tree=36
num_leaves=31
num_cat=0
split_feature=17 17 17 11 11 11 11 11 6 6 6 4 13 15 13 15 15 2 15 6 13 13 7 4 4 4 13 7 11 6
split_gain=2212.25 643.783 583.424 125.307 115.165 82.8459 46.6334 43.2592 40.7447 35.7029 29.1455 27.1937 25.6918 45.0303 37.4459 25.9475 22.9285 21.8573 21.5367 28.0176 20.8078 20.1866 27.8067 19.1849 25.6003 21.577 18.6158 31.9045 18.3873 18.2168
threshold=0.50005608681792479 0.4990786009646726 0.50108075422678422 -0.00037899809922214972 0.001002153385461946 -0.0042731237007094794 0.0029281231908032672 -0.0010979900135972274 0.00025251110791664288 2.0962451992523491e-05 0.0001860652921338866 -0.00075965788231763243 66.500000000000014 99.996695307338157 61.500000000000007 1.0000000180025095e-35 85.222551095615501 -0.00020026513440474233 98.461538462320604 1.9549081458902044e-05 116.50000000000001 121.50000000000001 1.0000000180025095e-35 0.00020874164201345471 0.00020188934991161037 0.00021604692656507221 76.500000000000014 1.0000000180025095e-35 -0.0034379724891771542 3.7679984055034883e-05
decision_type=2 2 2 2 2 2 2 2 2 2 2 2 2 2 2 2 2 2 2 2 2 2 2 2 2 2 2 2 2 2
left_child=1 5 4 7 12 -1 16 -3 21 -9 26 28 13 15 -15 -2 -4 -14 19 -6 -8 22 -7 24 -19 -25 27 -11 -10 -24
right_child=2 3 6 -5 18 8 20 9 11 10 -12 -13 17 14 -16 -17 -18 23 -20 -21 -22 -23 29 25 -26 -27 -28 -29 -30 -31
leaf_value=-0.051068006689858184 0.047404624555548489 -0.018261517988126186 0.024129784505194568 -0.001788505605007101 0.025634484399759669 -0.045336426008972558 0.049155310758989219 -0.014816026328622896 0.062269931802338065 -0.041390521771366283 0.036207225487079629 0.12816849614489179 -0.0039253054071678268 0.048096203186424741 -0.00099318229654014488 0.0079435413813734711 0.040878140114951514 0.0042607030708725693 0.024203274574356018 0.011837841286613991 0.029357552197999428 -0.020145465168668258 -0.036853448770412453 0.034349734289340565 -0.02335750051095891 0.008830883177999866 -0.0032863616399544495 -0.0090533194370017583 -0.037296067847836845 -0.024900920606901161
leaf_weight=639.80130237340927 43.250326246023178 2210.5510426983237 470.9880166053772 4605.3452069461346 506.94674229621887 382.58290641754866 1079.5176822543144 1850.2694968879223 7.97409557551146 86.93700834363699 41.094383634626865 5.782096065580844 559.13039539754391 146.62831005454063 52.850363984704018 1131.4926541894674 360.95785778015852 1876.3417121171951 1208.2658045589924 1342.3838364332914 151.3232119679451 340.99446862190962 556.34693865478039 86.256930485367775 87.833880260586739 2087.4761609882116 1600.6965618729591 621.98912321031094 11.080181166529655 746.54289589077234
leaf_count=7579 226 13599 3921 19215 3289 3541 12791 9411 77 603 178 38 2448 1292 245 5387 3210 7957 8302 8505 1793 2823 4878 378 378 10152 7399 3006 83 6277
internal_value=3.06692e-05 -0.0134357 0.0165249 -0.00808036 0.0110982 -0.0353596 0.0405406 -0.0125997 -0.0304601 -0.00962051 -0.00553107 0.0331925 0.00711277 0.013126 0.0350903 0.00939637 0.0313964 0.00535345 0.0190117 0.0156198 0.0467213 -0.0312403 -0.0334849 0.00660723 0.00302567 0.00984351 -0.00627371 -0.0130189 0.00437168 -0.0300048
internal_weight=24899.6 13708 11191.6 11016.9 9128.86 2691.1 2062.79 6411.54 2051.3 4200.99 2350.72 24.8364 6071.26 1374.22 199.479 1174.74 831.946 4697.04 3057.6 1849.33 1230.84 2026.47 1685.47 4137.91 1964.18 2173.73 2309.62 708.926 19.0543 1302.89
internal_count=148981 78707 70274 53411 48559 25296 21715 34196 17717 20597 11186 198 28463 7150 1537 5613 7131 21313 20096 11794 14584 17519 14696 18865 8335 10530 11008 3609 160 11155
is_linear=0
shrinkage=0.05


Tree=37
num_leaves=31
num_cat=0
split_feature=17 17 17 17 11 11 17 11 6 6 3 6 4 3 1 6 2 3 2 16 0 4 4 6 6 3 13 3 16 13
split_gain=2018.14 608.961 558.124 114.55 106.659 83.0982 47.4478 39.966 37.4842 32.2721 26.4112 26.1347 22.5703 20.6051 20.3701 20.4754 22.8261 20.1313 21.0632 19.618 21.0309 20.9068 28.8801 39.7128 56.5913 30.3517 25.1815 20.1045 19.9057 19.4624
threshold=0.50005608681792479 0.4990786009646726 0.50108075422678422 0.4998092500247257 0.001002153385461946 -0.0042731237007094794 0.50196309182770082 -0.0010979900135972274 0.00025251110791664288 0.0001860652921338866 -0.00015892637683223573 2.0962451992523491e-05 -0.00064391967720006649 -0.00025220577002665884 -3.1813854417250813e-05 0.00021114308960796916 0.00060312003076612452 -0.00015892637683223573 8.2866280140314621e-05 2.6708863657467488e-05 0.00042041174776774609 0.00020874164201345471 0.00017430893523395777 1.3196468135260366e-05 6.395901875394479e-08 -3.5519496169256197e-05 126.50000000000001 -9.7422638141220194e-05 1.9956183401071194e-16 121.50000000000001
decision_type=2 2 2 2 2 2 2 2 2 2 2 2 2 2 2 2 2 2 2 2 2 2 2 2 2 2 2 2 2 2
left_child=1 5 4 7 10 -1 -4 -3 29 11 -2 17 -10 -13 -6 -16 -17 18 -9 20 21 22 26 24 27 28 -12 -24 -26 -7
right_child=2 3 6 -5 14 8 -8 9 12 -11 19 13 -14 -15 15 16 -18 -19 -20 -21 -22 -23 23 -25 25 -27 -28 -29 -30 -31
leaf_value=-0.05063914164165606 9.7096374122559315e-05 -0.017538532908944329 0.034054495057889239 -0.0017207351005853041 0.010597546732083891 -0.03262735040849981 0.050132674230607147 -0.0075336606765578629 0.009623863103994483 0.034849529103206787 0.010781459167279718 -0.012551062128273957 0.13593434207962876 -0.0026075225363272679 0.020929374825447156 -0.070130130468074828 0.033043741293165854 -0.017382567472355132 0.050848529500210453 0.038496518996067715 -0.041397883376748316 0.011754434722787381 -0.1271290719513668 0.0068836808533484896 0.030118152865782441 -0.051664758141306888 -0.0026345596798454311 0.017856960568224858 -0.083406711624994231 -0.019423268547041239
leaf_weight=613.62225238233805 1188.321026019752 2187.1999558508396 1283.6700613051653 4624.0927347689867 670.97918140143156 1644.4078961014748 714.13856276124716 501.16128881275654 21.15271515399218 41.185193739831448 1564.9515516981483 800.09730692952871 4.2467448562383643 1493.5216545760632 2328.6962718144059 12.952186316251757 9.1465491503477079 1311.9042673930526 15.940496414899824 53.591601833701134 21.384376034140587 2286.2560520097613 2.4722033441066733 272.93377593904734 20.583984978497032 114.30110373347998 450.43456466495991 72.798074975609779 4.7529136538505545 336.11631605774164
leaf_count=7579 5349 13599 12920 19301 4239 14696 8795 2543 173 177 7136 3892 25 7074 15737 66 54 6746 79 292 95 11445 12 1270 100 518 1886 338 22 2823
internal_value=2.97265e-05 -0.0128772 0.0158769 -0.00770723 0.0106097 -0.0345379 0.0398018 -0.0120659 -0.0296124 -0.00919121 0.00677957 -0.00963118 0.0307428 -0.00607619 0.0182816 0.0204748 -0.027427 -0.0140892 -0.00573394 0.00841201 0.00807688 0.00829777 0.00514072 -0.00577515 -0.0218519 -0.0406896 0.00778301 0.013095 0.00882218 -0.0303865
internal_weight=24667 13594.6 11072.4 10975.1 9074.56 2619.55 1997.81 6351.01 2005.92 4163.81 6052.78 4122.63 25.3995 2293.62 3021.77 2350.8 22.0987 1829.01 517.102 4864.46 4810.87 4789.48 2503.23 487.842 214.908 139.638 2015.39 75.2703 25.3369 1980.52
internal_count=148981 78707 70274 53411 48559 25296 21715 34110 17717 20511 28463 20334 198 10966 20096 15857 120 9368 2622 23114 22822 22727 11282 2260 990 640 9022 350 122 17519
is_linear=0
shrinkage=0.05


Tree=38
num_leaves=31
num_cat=0
split_feature=4 17 17 17 17 11 11 14 14 15 15 16 6 3 15 14 15 3 6 16 11 6 14 14 15 3 6 3 4 4
split_gain=1841.92 605.259 501.549 121.513 88.4642 85.4029 48.1936 33.9836 33.1271 90.7964 26.3287 26.3175 24.6233 24.2085 23.4834 27.6737 22.9532 29.0348 21.8503 24.6883 21.6813 36.7792 21.5487 21.5403 21.4767 20.8067 20.594 34.5364 35.8967 25.5825
threshold=7.8338143877032542e-05 0.49927747319066607 0.50108075422678422 0.49838632071178213 0.49984098732971122 0.0010270480714652532 0.0029281231908032672 0.22166666666666671 0.20500000000000004 99.996695307338157 1.0000000180025095e-35 1.9586696649905068e-08 2.6190264056064241e-05 -0.00020055842988198067 99.965989286397232 0.20500000000000004 85.222551095615501 -0.00091620658941710109 0.00010809706011046106 -1.8357960941481874e-08 -0.004444815576122029 0.00029161792535287097 0.15500000000000003 0.38833333333333336 48.397111955978779 0.00098324286607498501 1.0000000180025095e-35 -0.0005123420995319371 -0.00023342607820980851 -0.00021119470356345535
decision_type=2 2 2 2 2 2 2 2 2 2 2 2 2 2 2 2 2 2 2 2 2 2 2 2 2 2 2 2 2 2
left_child=1 3 5 20 8 7 16 14 9 10 22 -5 26 -14 25 -16 -4 -18 -12 -20 -1 -22 -3 -8 -23 -2 -10 -28 -29 -30
right_child=2 4 6 11 -6 -7 23 -9 12 -11 18 -13 13 -15 15 -17 17 -19 19 -21 21 24 -24 -25 -26 -27 27 28 29 -31
leaf_value=-0.050951556079009044 0.012567100166523985 0.030811099436451717 0.022191826767676587 -0.025238276563314718 -0.00066040527100847237 0.017771006399657882 0.048223783233499525 0.0051370219973889894 -0.004425328963581711 -0.052612528527610572 -0.011783806554721013 -0.0068187526207923871 -0.0097277171256195463 0.00069232336440751914 0.044958984955954691 -0.00098717339626183524 -0.099102396615821653 0.040907557727365346 -0.038781600876139972 0.03775099219751829 -0.038032354454993395 -0.00045971739459446046 -0.053685437079458088 0.027462286050915708 0.18318724765170541 -0.069266862910429605 0.03036788814841623 -0.020993823207107451 0.015547263446861824 -0.010879236860391757
leaf_weight=542.89751315116882 950.42276617884636 8.6882508844137174 451.64713516831398 2265.168407253921 4753.5986184999347 2886.0368968844414 999.96002351492643 4346.673004090786 731.5044714063406 156.81175418943167 982.09369739890099 212.07854061573744 1033.987218812108 1209.3263806402683 119.37075530737638 45.17493662238121 3.743960738182067 337.61178167909384 13.793155059218405 44.644220381975174 485.42526471614838 3.5310526117682448 57.362397201359272 142.76970859616995 2.8990291357040405 7.8313931226730338 41.797921746969223 1066.8810682147741 116.6522596180439 426.09943270683289
leaf_count=6992 4718 59 3921 17957 19834 19511 12791 20082 3693 1328 5089 1595 5060 5662 1121 215 18 3192 67 208 5238 33 405 1793 25 38 218 5738 526 1854
internal_value=2.88108e-05 -0.0116735 0.016125 -0.0296723 -0.0057344 0.0108121 0.0390577 0.00714013 -0.00982968 -0.0170054 -0.0119595 -0.0236614 -0.00787006 -0.00411048 0.0148947 0.0323448 0.0295872 0.0393719 -0.0100164 0.0196868 -0.0440626 -0.0364587 -0.0425708 0.0456299 0.0823383 0.0118983 -0.0114094 -0.0145029 -0.0156681 -0.00519946
internal_weight=24446.5 14155.2 10291.2 3512 10643.2 8355.51 1935.73 5469.47 5889.64 1263.39 1106.58 2477.25 4626.25 2243.31 1122.8 164.546 793.003 341.356 1040.53 58.4374 1034.75 491.855 66.0506 1142.73 6.43008 958.254 2382.94 1651.43 1609.63 542.752
internal_count=148981 81581 67400 31840 49741 45685 21715 26174 29907 7156 5828 19552 22751 10722 6092 1336 7131 3210 5364 275 12288 5296 464 14584 58 4756 12029 8336 8118 2380
is_linear=0
shrinkage=0.05


Tree=39
num_leaves=31
num_cat=0
split_feature=4 11 11 11 11 11 11 3 13 7 13 11 15 3 3 15 13 13 5 5 4 3 3 4 4 5 5 3 3 5
split_gain=1679.76 576.069 477.679 128.147 101.13 66.0546 37.7571 35.1237 31.191 29.3846 44.3875 28.8989 24.7975 31.033 27.209 22.3272 26.4978 21.4564 50.5899 21.4512 25.0578 21.1536 19.7926 19.9677 32.1184 28.7698 19.2743 20.1193 24.7005 19.1821
threshold=7.8338143877032542e-05 -0.002069683420579393 0.0024545414165558781 -0.00087978177799469248 0.0010270480714652532 -0.0042731237007094794 -0.00031546799469628345 0.00085500777282609974 66.500000000000014 1.0000000180025095e-35 61.500000000000007 0.0039433881113487565 98.461538462320604 -6.2027939796260853e-05 -8.4035968612838894e-05 99.965989286397232 61.500000000000007 61.500000000000007 1.0000000180025095e-35 4.4562518648070895e-08 0.00049029997838312422 0.001625340448650703 -0.00015892637683223573 0.00020874164201345471 0.0001809030230310871 1.1053324079142141e-05 5.9583783586563546e-08 -6.2027939796260853e-05 0.00026508924761858848 2.0792140349908741e-05
decision_type=2 2 2 2 2 2 2 2 2 2 2 2 2 2 2 2 2 2 2 2 2 2 2 2 2 2 2 2 2 2
left_child=1 5 4 7 8 -1 17 9 15 10 -3 21 29 14 -14 -2 -17 18 -5 20 -16 -4 -10 24 -24 26 -26 -28 -29 -6
right_child=2 3 11 6 12 -7 -8 -9 22 -11 -12 -13 13 -15 19 16 -18 -19 -20 -21 -22 -23 23 -25 25 -27 27 28 -30 -31
leaf_value=-0.049804836848251557 0.011363179101503794 -0.047175283470367986 0.036160340518394417 -0.052872472233441263 0.01971741260085522 -0.029850997857224223 -0.00061937589485482622 0.031407144723453947 -0.0021364307897801457 -0.013021323770222571 -0.017919305732928253 0.049247498324841932 0.0099304889131873655 0.026591034769929762 -0.0089385893140695935 0.044229210733422154 -0.00093745988209253386 -0.0054545641898491488 -0.010463323567482178 0.00811443068771678 -0.18191546697179745 -0.038389760669761429 0.0057091283854924357 0.0096416614850457511 -0.0035630433473777148 0.0073382192741577399 0.023302317346833773 -0.054952508706861226 0.015864670793916746 0.0097790468591343466
leaf_weight=564.52616425603628 953.38601423799992 164.00840888172388 859.57170408964157 78.652800738811493 918.18096191436052 1563.3020428344607 4733.9317070767283 40.310862801969051 814.39756239950657 2646.5017690435052 618.87399166822433 654.20089035481215 156.47073167562485 1086.0244254991412 3.5265583246946317 115.37523451447487 45.191581532359123 2975.3387902081013 663.83088937401772 6.5717030912637702 5.1527906656265259 9.6219362989068014 1154.0354701280594 2083.7208597660065 64.851436257362366 108.39158260822296 12.073653176426886 87.325845941901207 14.334322884678839 1030.3561533167958
leaf_count=7579 4756 1441 9776 724 6342 14798 19751 215 3591 16161 4009 8727 1116 8102 24 1121 215 13597 3306 45 36 117 4944 10305 284 472 53 371 62 6941
internal_value=2.7458e-05 -0.0111799 0.0154904 -0.00690248 0.0109482 -0.0351449 -0.003581 -0.0149932 0.00680488 -0.0155386 -0.0240482 0.0413096 0.0179949 0.023468 0.00371684 0.0142682 0.031517 -0.00735205 -0.0149558 -0.0600332 -0.111632 0.0353351 0.00488888 0.00651209 0.00198669 -0.0129825 -0.0253161 -0.0377198 -0.0449671 0.0144622
internal_weight=24232 14049.3 10182.8 11921.4 8659.37 2127.83 8451.75 3469.7 5453.08 3429.38 782.882 1523.39 3206.28 1257.75 171.722 1113.95 160.567 3717.82 742.484 15.2511 8.67935 869.194 4339.13 3524.73 1441.01 286.977 178.585 113.734 101.66 1948.54
internal_count=148981 81581 67400 59204 48780 22377 37378 21826 26174 21611 5450 18620 22606 9323 1221 6092 1336 17627 4030 105 60 9893 20082 16491 6186 1242 770 486 433 13283
is_linear=0
shrinkage=0.05


Tree=40
num_leaves=31
num_cat=0
split_feature=4 17 17 11 11 11 11 7 13 13 5 13 15 15 3 0 15 15 3 1 5 15 4 4 3 17 4 16 0 15
split_gain=1607.25 545.426 470.117 123.213 87.6339 58.0417 57.3026 37.0523 26.4086 25.8361 69.5793 24.3363 65.0184 24.9849 20.6441 20.578 28.2887 20.5208 20.45 18.7439 18.2213 17.5393 44.2263 45.7655 28.6327 18.6102 17.4017 16.7901 26.0768 26.4896
threshold=-3.4147019986219267e-05 0.50100937051518268 0.49888808616429164 0.00066668024036675721 -0.00087978177799469248 0.0029281231908032672 -0.0042731237007094794 0.25000000000000006 121.50000000000001 61.500000000000007 1.0000000180025095e-35 61.500000000000007 99.973281677785977 1.0000000180025095e-35 -0.00087799570725188836 0.0003624983361690815 64.170084299075867 99.996695307338157 -0.00015892637683223573 0.00064342810349116164 2.3007774750041365e-05 99.876103450641935 0.0004387712657609733 0.00074470159901640642 -0.0003988836290885755 0.50051859921295316 0.00095280743628478614 -2.9807874990415644e-05 -0.00020768131902187956 35.389245577176524
decision_type=2 2 2 2 2 2 2 2 2 2 2 2 2 2 2 2 2 2 2 2 2 2 2 2 2 2 2 2 2 2
left_child=2 3 6 -2 7 14 -1 -4 -7 10 -6 12 13 -5 26 19 -17 -16 21 -15 -9 25 -23 24 -24 -13 -3 -12 29 -29
right_child=1 5 4 11 9 8 -8 20 -10 -11 27 18 -14 15 17 16 -18 -19 -20 -21 -22 22 23 -25 -26 -27 -28 28 -30 -31
leaf_value=-0.050237428568816939 0.0033373796984541102 0.029120584252316242 -0.018767310368159693 0.053851047798450992 -0.051628341995900544 0.047048195532689227 -0.030917183534682442 -0.016189205927116264 0.021086829643505889 -0.0036878941246069503 -0.058580964163491005 -0.004153879046721886 0.048924383610615046 0.015112965441434987 0.024774801480628297 -0.12845537502254395 0.016793556850385524 0.043296790040986882 0.013829613810513848 -0.10276622096742874 -0.0036082309974175986 0.019234422813506357 -0.1625003579778313 0.059989402741361178 -0.053872898456518797 0.015972527182371531 -0.066691113436312566 0.0050701111042146599 -0.0085982301519592613 0.11471867130077007
leaf_weight=543.12458368390799 6234.8705687820911 8.5509122014045733 2389.1816041767597 40.534272767603397 101.99323189258575 941.91203925013542 1308.1764133647084 449.8222126737237 109.32521770149469 4795.6421435475349 16.180964231491089 208.59829676151276 171.89328686147928 874.84133979678154 761.30960859358311 6.0018972456455213 7.5930382013320923 186.0943980589509 2796.6962131336331 3.385340988636016 799.02068541198969 39.013895779848099 8.042650565505026 7.0364470928907386 24.686370253562927 255.58630712330341 10.630980819463728 15.419475987553598 878.63242836296558 8.5693935006856901
leaf_count=7604 27222 53 15901 264 931 13003 12916 2849 1451 21058 91 988 1566 5520 6865 28 49 1804 17248 17 4797 194 45 51 155 1622 61 75 4243 38
internal_value=0.000167138 0.0123764 -0.0135442 0.00787164 -0.00903243 0.0362168 -0.0365853 -0.0151191 0.0443483 -0.00522535 -0.0124482 0.0142333 0.020668 0.0154586 0.0273733 0.0137136 -0.047331 0.028413 0.0121057 0.0146586 -0.00813979 0.00322587 -0.0185878 -0.0556952 -0.0805664 0.00692799 -0.0239801 -0.00809895 -0.00719398 0.0442392
internal_weight=24002.4 12696.6 11305.8 10678.8 9454.46 2017.82 1851.3 3638.02 1051.24 5816.44 1020.8 4443.91 1104.25 932.356 966.586 891.822 13.5949 947.404 3339.66 878.227 1248.84 542.964 78.7794 39.7655 32.729 464.185 19.1819 918.802 902.621 23.9889
internal_count=148709 78206 70503 54969 49983 23237 20520 23547 14454 26436 5378 27747 7444 5878 8783 5614 77 8669 20303 5537 7646 3055 445 251 200 2610 114 4447 4356 113
is_linear=0
shrinkage=0.05


Tree=41
num_leaves=31
num_cat=0
split_feature=11 11 17 11 11 11 17 7 6 4 13 15 6 13 6 15 15 2 15 15 13 6 6 5 15 6 13 15 6 7
split_gain=1470.97 577.491 365.264 142.021 67.9248 58.0277 40.5206 39.4306 33.9798 31.622 29.2896 47.9031 27.6421 26.284 24.1424 20.4361 25.0487 20.2023 19.3229 18.3456 18.1094 17.6985 17.1329 17.4159 16.9554 16.8822 16.2108 36.2795 16.1597 20.2772
threshold=0.00033559638615288106 -0.002069683420579393 0.50100937051518268 -0.00076913150524093854 -0.0042731237007094794 0.0029281231908032672 0.50054258144205965 0.15000000000000005 4.1872106237182817e-05 -4.1173948128858655e-05 61.500000000000007 99.903567984621333 0.00029161792535287097 121.50000000000001 3.8322444335777621e-05 31.135064069659787 1.0000000180025095e-35 -0.00043911112123579116 0.026578096074679539 50.312211437216966 61.500000000000007 3.4964275671447413e-05 3.7369363637957481e-05 6.5885635565067218e-08 90.096864478470692 0.00021114308960796916 61.500000000000007 99.918748727138905 5.502085869461552e-05 0.15000000000000005
decision_type=2 2 2 2 2 2 2 2 2 2 2 2 2 2 2 2 2 2 2 2 2 2 2 2 2 2 2 2 2 2
left_child=1 4 6 7 -1 24 15 10 -9 14 11 18 22 -7 17 16 20 21 -3 -14 -2 -5 -6 -24 -4 -8 27 -19 -17 -30
right_child=2 3 5 9 12 13 25 8 -10 -11 -12 -13 19 -15 -16 28 -18 26 -20 -21 -22 -23 23 -25 -26 -27 -28 -29 29 -31
leaf_value=-0.049859416058851497 0.054550580930159354 -0.045596909540512341 0.020948578364833687 0.10904976554576627 -0.035735660276980712 0.046558892701573491 0.016741860957531475 -0.014408182422662275 -0.0022380490136539718 0.001309443503781549 -0.015578259971621126 -0.055942353011275515 -0.0065704946184412518 0.020398752555176414 0.00079948985682396054 0.011442849510770117 -0.0011925913388793619 -0.0100936529349431 -0.012090020992353335 0.10796683470057414 0.010940406167021742 -0.0050969220197474886 -0.048304806048486977 -0.022611365881931536 0.034536395233817914 -0.021619039664575537 -0.0055923043202058481 -0.04868034630134431 0.019370060564566083 -0.0030889853626813227
leaf_weight=520.45453041046858 33.556846365332603 54.152391746640205 555.44704737514257 7.0432852953672391 634.57373838126659 905.15388362854719 2325.6222606450319 1359.0529661178589 992.33638256788254 3964.2350594028831 1208.7064602077007 131.26392140239477 8.6333669126033765 107.41181420534849 1458.1942007243633 2918.7195893675089 857.31605693697929 505.98130458593369 209.43719687312841 5.8752112984657279 81.915736347436905 6.5574820190668106 72.201984941959381 762.18639232963324 391.34704817086458 29.038920924067497 3067.6624250262976 69.25259855389595 131.24353814125061 429.02759163826704
leaf_count=7604 194 449 4930 31 6470 13003 16288 8357 5748 16696 7573 1224 72 1451 6369 14851 4108 2435 1362 39 387 29 771 7341 3853 155 13457 598 791 2073
internal_value=0.00016062 -0.00932912 0.0164403 -0.00548714 -0.034318 0.0354634 0.0109642 -0.013395 -0.00927213 -0.00204235 -0.0194405 -0.0312635 -0.0288655 0.0437839 -0.00464022 0.00815847 0.00175198 -0.00680955 -0.0189737 0.0398111 0.0236137 0.054015 -0.0295438 -0.0248347 0.026565 0.0162688 -0.00703664 -0.0147391 0.00994984 0.00217205
internal_weight=23803.6 15037.8 8765.8 13033.9 2003.93 1959.36 6806.44 3954.95 2351.39 9078.93 1603.56 394.854 1483.47 1012.57 5114.69 4451.78 972.789 3656.5 263.59 14.5086 115.473 13.6008 1468.96 834.388 946.794 2354.66 3642.9 575.234 3478.99 560.271
internal_count=148709 86625 62084 64328 22297 23237 38847 24713 14105 39615 10608 3035 14693 14454 22919 22404 4689 16550 1811 111 581 60 14582 8112 8783 16443 16490 3033 17715 2864
is_linear=0
shrinkage=0.05


Tree=42
num_leaves=31
num_cat=0
split_feature=11 11 17 11 11 17 11 6 5 4 14 5 3 6 14 5 3 6 6 6 6 14 5 6 3 3 1 3 6 3
split_gain=1341.53 543.456 350.522 129.93 68.1398 56.118 36.5196 33.4739 29.7492 28.5991 26.8908 36.9723 25.9673 25.3082 23.9204 63.038 24.4843 23.5062 27.4349 22.2506 25.8472 22.8457 26.7693 20.6302 19.9767 30.3007 19.4959 21.3774 19.294 33.3976
threshold=0.00033559638615288106 -0.002069683420579393 0.50115887721229002 -0.00076913150524093854 -0.0042731237007094794 0.50074104964596189 0.0039433881113487565 0.0001860652921338866 8.8610983210765623e-08 -4.1173948128858655e-05 0.18833333333333335 4.0403564252205889e-08 -0.00011146323640098819 0.00029161792535287097 0.20500000000000004 4.0403564252205889e-08 -0.00026897311807766439 4.557567009156217e-05 0.00012634095291894602 1.1731138771953674e-05 6.2926081734180264e-06 0.28833333333333339 1.0000000180025095e-35 0.00015410722907700631 0.00022195324654139539 0.00023750246698328595 0.00042764871948730582 -4.3105438625068431e-05 9.8212023353091583e-05 0.0002963112029711335
decision_type=2 2 2 2 2 2 2 2 2 2 2 2 2 2 2 2 2 2 2 2 2 2 2 2 2 2 2 2 2 2
left_child=1 4 5 8 -1 14 7 -4 10 19 11 -3 -9 -6 15 -2 17 -16 -19 20 -5 22 -21 -10 -12 -26 27 -25 -17 -30
right_child=2 3 6 9 13 -7 -8 12 23 -11 24 -13 -14 -15 16 28 -18 18 -20 21 -22 -23 -24 26 25 -27 -28 -29 29 -31
leaf_value=-0.04948530720670536 0.047280679183512003 -0.054557756601370161 0.033082209532919502 -0.0062739342176795889 -0.028732807220864222 0.019906873221218101 0.04750758973681047 -0.12048411244634681 -0.010730248136819338 0.0012441381799710939 -0.017940506471668404 -0.016268128557570618 0.0020544558681372246 0.036859775372167891 -0.013477340247028305 0.01317655686459948 0.0085338944459776821 0.014685760202924742 -0.044976902893485486 -0.045129351638983517 -0.022650621076281272 0.001074981024500895 -0.0061504821010328441 0.0082735123213339822 0.073883193011203038 -0.0055972645362332273 -0.043584172857722717 0.07056409705354412 -0.031414541275195579 0.033489063027541829
leaf_weight=498.72034136205912 135.841452896595 116.62403202801943 906.09587205946445 1567.0802925676107 1435.816404864192 1465.0475057661533 581.41341494768858 5.6399368122220066 2645.934532597661 3963.7161887139082 845.72046287357807 137.23082636296749 18.520467035472393 14.858084388077257 262.67509113252163 972.40499617159367 4014.1775758340955 194.78697656095028 21.383261248469353 45.960371449589729 284.70957154780626 2150.5201088041067 1058.1301229000092 53.154812589287758 14.129447169601915 79.24773021787405 12.356431156396864 18.59110914170742 62.510837934911251 29.023139134049416
leaf_count=7604 1320 1193 10820 7214 14582 11658 8722 43 16182 16696 5416 917 215 111 1258 5570 20995 936 92 410 1325 9171 4799 294 85 471 64 91 286 169
internal_value=0.000153611 -0.00892436 0.0158001 -0.00523089 -0.0335421 0.0111798 0.0376774 0.0315334 -0.0128336 -0.0019426 -0.0194203 -0.0338589 -0.0265506 -0.028061 0.00893393 0.015206 0.00725909 -0.00342766 0.00878401 -0.00441622 -0.00879182 -0.00192662 -0.00777307 -0.00995534 -0.0155173 0.00642939 0.0144241 0.0244145 0.0111107 -0.0108352
internal_weight=23612 14942.5 8669.52 12993.1 1949.39 7157.85 1511.67 930.256 3922.99 9070.12 1192.95 253.855 24.1604 1450.67 5692.8 1199.78 4493.02 478.845 216.17 5106.4 1851.79 3254.61 1104.09 2730.04 939.098 93.3772 84.1024 71.7459 1063.94 91.534
internal_count=148709 86625 62084 64328 22297 42284 19800 11078 24713 39615 8082 2110 258 14693 30626 7345 23281 2286 1028 22919 8539 14380 5209 16631 5972 556 449 385 6025 455
is_linear=0
shrinkage=0.05


Tree=43
num_leaves=31
num_cat=0
split_feature=12 12 12 12 12 12 12 7 6 6 13 15 3 6 12 6 3 4 4 3 6 15 3 6 13 7 6 3 2 0
split_gain=1223.22 510.862 333.841 118.815 68.2874 53.4005 36.2574 35.2822 32.7077 30.8096 26.9386 46.3635 25.9492 23.2193 22.4383 23.2899 21.3759 28.8501 34.8023 21.5957 21.3272 21.2352 20.9888 20.7245 20.2559 59.7995 22.6737 38.9009 22.9438 20.1762
threshold=0.00016779819307644053 -0.0010348417102896965 0.0011672976297700257 -0.00038456575262044152 -0.0021365618503547397 0.00063930402850759249 0.0019716940556743783 0.15000000000000005 0.00014858370444416406 4.0872366271045046e-05 61.500000000000007 99.903567984621333 8.235522749111547e-05 0.00029161792535287097 -9.6851330047054138e-05 1.3196468135260366e-05 -7.6398064831117982e-05 -0.0001491914114786774 -0.00013155281839949404 -8.0318782486210591e-05 1.5563112542410426e-05 85.222551095615501 0.0010397821686499722 0.00025251110791664288 61.500000000000007 1.0000000180025095e-35 9.8212023353091583e-05 0.0003252870209780046 0.00062577486156167883 -0.00045691925626806235
decision_type=2 2 2 2 2 2 2 2 2 2 2 2 2 2 2 2 2 2 2 2 2 2 2 2 2 2 2 2 2 2
left_child=1 4 5 7 -1 24 8 10 -4 -9 11 -3 14 -6 15 16 19 -18 -19 -5 -17 -10 -12 -14 25 -2 28 29 -27 -28
right_child=2 3 6 12 13 -7 -8 9 21 -11 22 -13 23 -15 -16 20 17 18 -20 -21 -22 -23 -24 -25 -26 26 27 -29 -30 -31
leaf_value=-0.04911413226385837 0.042590942282902736 -0.017691843429950917 0.033025677026106176 -0.0058939542548541212 -0.027927885492098299 0.01766573293652032 0.047062785945865215 -0.013461716407984978 -0.035243373730641028 -0.001859453351293088 -0.014825083053634065 -0.055161151404415555 0.0019048827441721023 0.034168372359870469 -0.00066013295364667542 0.021215430217750353 -0.026609576556350958 0.017674146877603377 -0.016880829321203165 0.059086563520446236 -0.004163671814932355 0.036975426131850737 0.086341076837600103 0.070738397770962302 0.0064467582233510169 0.012555498291580281 0.061581794951016157 0.041966948524479908 -0.066032057967100072 -0.047891079761615662
leaf_weight=477.89263405650854 157.97834877669811 257.7792152762413 844.07744763791561 558.81143475323915 1404.1551373451948 2000.2843027859926 558.1533782556653 1307.257580511272 29.824617072939873 1017.5919892117381 1183.1704082265496 121.45891204476357 2766.5912623554468 15.217341147363184 3164.6667935103178 86.981991142034531 391.75973653793335 102.30241347104311 253.24103561043739 13.085598185658453 1713.2224939316511 15.452583126723765 5.1492471843957892 10.978524595499037 4086.0735683143139 799.32527102530003 4.590493142604827 20.42845868319273 9.3966606035828573 50.630294039845467
leaf_count=7604 1397 1811 10417 2632 14582 15649 8722 8167 303 5938 7550 1224 11993 111 13212 391 1955 471 1166 60 7690 192 23 45 20543 4441 22 125 52 221
internal_value=0.000147143 -0.00853494 0.0151818 -0.00498599 -0.0327663 0.0107365 0.0370739 -0.0122923 0.0308049 -0.00838338 -0.0180895 -0.0296922 -0.00184759 -0.0272621 -0.00362644 -0.0066358 -0.0116827 -0.0172505 -0.00693814 -0.00440713 -0.00293741 -0.0105959 -0.0143867 0.00217695 0.00803387 0.0142555 0.00919378 -0.0169827 0.0116424 -0.0387906
internal_weight=23427.5 14851.3 8576.22 12954 1897.27 7128.71 1447.51 3892.41 889.355 2324.85 1567.56 379.238 9061.64 1419.37 6284.07 3119.4 1319.2 747.303 355.543 571.897 1800.2 45.2772 1188.32 2777.57 5128.42 1042.35 884.371 75.6492 808.722 55.2208
internal_count=148709 86625 62084 64328 22297 42450 19634 24713 10912 14105 10608 3035 39615 14693 27577 14365 6284 3592 1637 2692 8081 495 7573 12038 26801 6258 4861 368 4493 243
is_linear=0
shrinkage=0.05


Tree=44
num_leaves=31
num_cat=0
split_feature=11 17 17 11 11 17 11 15 6 6 5 3 13 15 15 6 3 1 3 3 6 6 11 6 6 3 3 6 6 3
split_gain=1114.95 482.294 320.719 119.389 58.3901 49.4088 36.9074 31.1877 29.9324 28.339 23.7672 23.4504 20.537 59.8796 36.2267 22.7507 23.5721 23.652 22.2786 21.7368 24.009 23.1492 20.3432 21.2127 19.8493 21.2454 19.5574 21.8549 19.1655 19.1609
threshold=0.00033559638615288106 0.49888808616429164 0.50115887721229002 -0.00076913150524093854 -0.004444815576122029 0.50074104964596189 0.0039433881113487565 0.026578096074679539 0.00014858370444416406 4.0872366271045046e-05 4.4881050605978864e-08 8.235522749111547e-05 61.500000000000007 99.973281677785977 1.0000000180025095e-35 9.8212023353091583e-05 0.0002963112029711335 -0.00026412659930880039 -0.00026897311807766439 -0.00084330624508138763 0.00012634095291894602 4.557567009156217e-05 -0.00019370266009410828 1.3196468135260366e-05 4.6726328464666517e-05 0.00033164956142961449 -7.6398064831117982e-05 5.6866007709974761e-06 1.5563112542410426e-05 -8.0318782486210591e-05
decision_type=2 2 2 2 2 2 2 2 2 2 2 2 2 2 2 2 2 2 2 2 2 2 2 2 2 2 2 2 2 2
left_child=1 4 5 7 -1 12 8 -3 -4 -9 -11 22 13 14 -2 -16 17 -17 19 -14 21 -21 23 26 25 -13 29 -28 -25 -5
right_child=2 3 6 11 -6 -7 -8 9 -10 10 -12 24 18 -15 15 16 -18 -19 -20 20 -22 -23 -24 28 -26 -27 27 -29 -30 -31
leaf_value=-0.049647187239268704 0.05349470640084323 -0.033637726187717473 0.032145507961340414 -0.0056111862744339493 -0.028102127018936399 0.018536976295827977 0.046617501338437964 -0.014460487759630151 -0.0092447938191667928 -0.029165199278892252 -0.0038818665772589315 0.0024177954531668087 0.032475538171508424 0.044003727317605629 0.010037038859126622 0.029062189084112386 0.026488981389606231 -0.049578285683146393 0.0077956174634811297 -0.013949291224100152 -0.066901935201800031 0.0099629352316805263 -0.00062710650822366519 0.020030099909513311 0.0091508388349824249 -0.0094820937753081619 -0.01207581498724767 -0.033129140422092522 -0.0039600997944268896 0.055016259938636881
leaf_weight=422.30273151770234 45.269111268222332 161.09514176845551 838.34413896501064 557.65374889969826 1231.6053089648485 1426.7835563868284 535.87598758563399 2451.4336617738008 46.08117488026619 99.856226302683353 1343.9842940047383 1554.0949263200164 38.343893632292747 145.6767225638032 904.41579024493694 11.954302802681921 22.218835487961769 47.762956991791725 3984.7263153940439 256.31920978426933 15.999911367893217 167.25885893404484 3164.7620155662298 87.508881703019142 729.4061578810215 494.39727651327848 586.24840442091227 156.086514942348 1711.2785307317972 13.344026461243628
leaf_count=7019 295 1234 10579 2632 13501 11658 8722 16310 499 803 8143 6766 183 1554 5116 56 115 209 20995 1226 68 809 13212 391 3150 2122 2803 789 7690 60
internal_value=0.000140855 -0.00816008 0.0145822 -0.00495053 -0.0336034 0.0102247 0.0362629 -0.0120791 0.029989 -0.0111875 -0.00563047 -0.00175706 0.00812184 0.0139961 0.0097587 0.00775142 -0.0174774 -0.0338359 0.00657214 -0.00362877 -0.00677811 -0.00450704 -0.00344981 -0.00632026 0.00206784 -0.000454206 -0.0111513 -0.0165026 -0.002793 -0.00419434
internal_weight=23252.1 14765.1 8487.03 13111.1 1653.91 7066.73 1420.3 4056.37 884.425 3895.27 1443.84 9054.78 5639.95 1177.3 1031.62 986.352 81.9361 59.7173 4462.65 477.922 439.578 423.578 6276.88 3112.12 2777.9 2048.49 1313.33 742.335 1798.79 570.998
internal_count=148709 86625 62084 66105 20520 42284 19800 26490 11078 25256 8946 39615 30626 7345 5791 5496 380 265 23281 2286 2103 2035 27577 14365 12038 8888 6284 3592 8081 2692
is_linear=0
shrinkage=0.05


Tree=45
num_leaves=31
num_cat=0
split_feature=4 11 11 11 11 11 13 6 7 13 7 13 5 6 1 6 15 2 1 15 13 2 4 4 6 4 15 6 16 6
split_gain=966.136 438.087 376.797 80.5239 74.8671 66.3426 31.104 25.7879 28.6687 25.2671 30.3728 33.578 22.9416 21.1983 21.0536 18.2164 34.1003 28.0633 22.7775 18.1148 17.9451 17.3637 17.3715 27.1206 20.0947 19.9959 17.1142 16.5055 17.7898 15.5667
threshold=7.8338143877032542e-05 -0.0018400402688842352 0.0025752785191730525 -0.0041058899830013753 0.0013073619409587069 -0.0005188504791709957 111.50000000000001 4.2955389878572919e-05 0.15000000000000005 66.500000000000014 1.0000000180025095e-35 61.500000000000007 2.0433558652483441e-05 4.0872366271045046e-05 1.3745891525029921e-07 9.3282356949960386e-05 57.142857142867051 0.00065017195598526822 -0.00028963185081520843 99.774096385605475 126.50000000000001 -0.00020026513440474233 0.00020874164201345471 0.00020188934991161037 9.434731558668253e-08 0.00021604692656507221 99.60159362570495 0.00015410722907700631 -2.9807874990415644e-05 3.705395092183555e-05
decision_type=2 2 2 2 2 2 2 2 2 2 2 2 2 2 2 2 2 2 2 2 2 2 2 2 2 2 2 2 2 2
left_child=1 3 4 -1 9 13 -4 -5 -9 10 11 -2 -6 -3 29 17 18 -12 -17 -10 27 -11 23 24 -23 -24 -14 28 -15 -7
right_child=2 5 6 7 12 14 -8 8 19 21 15 -13 26 20 -16 16 -18 -19 -20 -21 -22 22 25 -25 -26 -27 -28 -29 -30 -31
leaf_value=-0.047341945615648216 0.040207714148511181 -0.011426501406697556 0.042714919721663427 -0.03035909071278475 0.021849992685545182 -0.0046840056662566815 0.020435510942171498 -0.032408147500584905 -0.014766266925229849 -0.0038411901129826753 0.011170030863278689 -0.0038910635473011763 0.007318102114791618 -0.036521351864633629 0.0033852515801947505 0.028112568872098748 0.024151158971278383 -0.075742413931198294 -0.052353665066809475 0.01576662862903613 0.0052734924315251909 -0.0061671023493999472 0.031672972341145265 -0.026316351734142974 0.0063080631899247314 0.0068126878833611702 0.021377372236420496 0.011998706232612323 -0.0075281263470126153 0.0022573316224875429
leaf_weight=483.02445911988616 164.66381771862507 3288.645662330091 949.79932522773743 839.1007911041379 1045.3214884325862 3585.3993158116937 187.59865251928568 243.02363443374634 538.68399488925934 605.68532635271549 1027.6885258331895 58.502034723758698 747.18650730699301 55.360061645507812 1700.6603218242526 10.870443925261496 38.051077030599117 9.3725406080484372 46.055547088384628 53.39254629611969 364.52542189508677 460.14971128106117 83.333169683814049 85.68759785592556 1081.4123246818781 2753.4489124342799 304.73834224790335 103.13698235154152 1194.3022273778915 1042.5660278424621
leaf_count=8246 1522 19648 14729 8902 8832 15358 2678 2597 5134 2798 5654 302 5864 338 7080 51 213 50 202 506 1959 1988 376 369 4668 14602 2671 526 6812 4450
internal_value=-6.22465e-05 -0.00870484 0.0120091 -0.0293572 0.00840148 -0.00477423 0.0390402 -0.0241684 -0.0179481 0.00572396 0.0117886 0.0286474 0.016604 -0.00907528 -0.00137209 0.0084651 -0.0124936 0.0103846 -0.036988 -0.0120129 -0.00457272 0.00410281 0.00518066 0.00106243 0.00258428 0.00754298 0.011391 -0.00722589 -0.00881253 -0.00312029
internal_weight=23151.4 13491.8 9659.57 2157.23 8522.17 11334.6 1137.4 1674.2 835.1 6424.92 1355.2 223.166 2097.25 5005.97 6328.63 1132.04 94.9771 1037.06 56.926 592.077 1717.32 5069.72 4464.03 1627.25 1541.56 2836.78 1051.92 1352.8 1249.66 4627.97
internal_count=149125 81556 67569 25385 50162 56171 17407 17139 8237 32795 7994 1824 17367 29283 26888 6170 466 5704 253 5640 9635 24801 22003 7025 6656 14978 8535 7676 7150 19808
is_linear=0
shrinkage=0.05


Tree=46
num_leaves=31
num_cat=0
split_feature=11 11 11 11 11 11 11 13 15 15 7 3 13 13 7 5 15 6 2 3 15 13 6 11 6 3 2 5 11 0
split_gain=880.727 423.13 354 66.7315 60.9369 59.5338 48.8736 37.3063 92.4638 43.0096 32.5 27.3813 26.3795 24.5881 27.0415 21.7934 21.449 21.3612 20.3248 19.9309 19.8843 20.6128 19.4917 19.245 22.9593 18.8954 21.9317 22.6755 20.3679 19.3689
threshold=-7.0615002631058119e-05 0.001989408530218562 -0.0023887258166844778 -0.0012067754505316051 0.0029281231908032672 0.00084486032001818156 -0.004444815576122029 61.500000000000007 99.996695307338157 1.0000000180025095e-35 0.15000000000000005 -0.00084330624508138763 111.50000000000001 121.50000000000001 1.0000000180025095e-35 3.4558999867293504e-05 99.996695307338157 2.7598257249728476e-05 1.3938035969829346e-07 -0.00038250928357713704 1.0000000180025095e-35 61.500000000000007 1.2130044159000964e-05 -0.0005188504791709957 1.0000000180025095e-35 -0.00025220577002665884 -0.00023435206409427864 3.9412920410474014e-05 -0.00097508648445282498 -0.00041708192783723724
decision_type=2 2 2 2 2 2 2 2 2 2 2 2 2 2 2 2 2 2 2 2 2 2 2 2 2 2 2 2 2 2
left_child=2 5 6 13 11 18 -1 8 9 -5 -10 -3 -6 14 -4 -8 -13 19 20 -9 21 -2 -11 24 -21 -19 27 28 -27 -28
right_child=1 4 3 7 12 -7 15 17 10 22 -12 16 -14 -15 -16 -17 -18 25 -20 23 -22 -23 -24 -25 -26 26 29 -29 -30 -31
leaf_value=-0.048893170601419039 0.044206836760225826 -0.032616000691934065 -0.029098207179793514 -0.047102168774053467 0.045230151339486872 0.01102439585599257 -0.034827206140348038 0.008234945737566805 -0.053610472376748125 -0.015797030772526029 0.063486622399011261 0.020480195745640861 0.020996598985321472 -0.0046751786603087446 -0.013926640924938047 -0.020044332891487465 0.040196924743167051 -0.0051910020209276434 0.0060934653659867159 -0.00045810883803125261 -9.350238497930771e-05 0.0065989631502277506 -0.0012071532007535994 -0.0033254338450772257 -0.015777411998630652 -0.02595215553679164 0.078482530316827948 0.00091929918839564386 0.042377270358035117 0.0012884571868802229
leaf_weight=390.5168572217226 49.615237936377525 21.699536576867104 369.03016216307878 64.538191460072994 719.32239386811852 3201.0483258441091 543.58701179549098 247.77455194294453 145.007180377841 314.08465269207954 6.1780382841825476 726.13896861672401 133.07327522337437 518.82767818123102 1438.8926599994302 460.53933833166957 170.2822497934103 877.58374777436256 2838.2312951982021 341.34435868263245 4087.7290780320764 137.15565823018551 844.26318258047104 1864.5861379802227 862.77508048713207 12.28319565951824 8.1731037646532041 90.719405472278595 97.281404316425323 1410.5078486204147
leaf_count=7067 276 136 3371 497 12425 22048 6551 1240 1411 1606 35 7252 2089 3702 10575 5228 1879 4087 13098 1812 18191 584 4141 7911 4746 66 34 407 420 6240
internal_value=-5.92228e-05 0.00923829 -0.0103589 -0.00691029 0.0318199 0.00536181 -0.0338842 -0.00452766 -0.011937 -0.00737652 -0.0488254 0.0228821 0.0414469 -0.01427 -0.0170234 -0.0280471 0.0242255 -0.00277625 0.00281339 -0.005406 0.000635444 0.0165894 -0.00516318 -0.0065074 -0.0114347 0.000717162 0.00391977 0.0194082 0.0347169 0.00173318
internal_weight=22992.8 12084.3 10908.5 9513.85 1770.52 10313.8 1394.64 7187.1 1374.07 1222.89 151.185 918.121 852.396 2326.75 1807.92 1004.13 896.421 5813.03 7112.73 3316.48 4274.5 186.771 1158.35 3068.71 1204.12 2496.55 1618.96 200.284 109.565 1418.68
internal_count=149125 77978 71147 52301 23781 54197 18846 34653 7690 6244 1446 9267 14514 17648 13946 11779 9131 26963 32149 15709 19051 860 5747 14469 6558 11254 7167 893 486 6274
is_linear=0
shrinkage=0.05


Tree=47
num_leaves=31
num_cat=0
split_feature=4 11 11 11 11 11 11 6 5 2 6 3 3 7 6 3 3 11 1 0 5 3 2 3 2 6 6 3 16 0
split_gain=804.096 384.951 342.024 79.264 64.6182 54.6053 25.3265 29.011 27.0811 25.7571 24.6866 29.5015 23.7651 19.3198 18.637 31.5702 26.4229 18.4201 18.3771 35.214 20.515 18.3195 18.2016 22.7085 23.6112 21.0995 18.1138 19.1211 18.6098 27.1391
threshold=7.8338143877032542e-05 -0.0018400402688842352 0.0025752785191730525 -0.0041058899830013753 0.0013368994573561557 -0.0005188504791709957 0.0042435661040117765 0.00015410722907700631 0.00010647618963195408 -0.0011130156458613592 4.2955389878572919e-05 -0.00028637735105613288 -0.00055236274178016565 0.15000000000000005 4.0872366271045046e-05 -0.00025220577002665884 -0.00045570929917632114 -0.0027114013542473554 1.3745891525029921e-07 -0.00016738243194108768 0.00013156186391605708 0.0021305423451497556 1.0000000180025095e-35 -0.00059735017472956054 -0.00018735902039257454 3.1702436934907603e-05 0.00025251110791664288 0.00037537464771231216 2.2015842067090402e-05 0.00042041174776774609
decision_type=2 2 2 2 2 2 2 2 2 2 2 2 2 2 2 2 2 2 2 2 2 2 2 2 2 2 2 2 2 2
left_child=1 3 4 -1 26 14 7 9 -9 -4 -5 -12 -6 -10 16 -16 22 -13 -7 -20 -21 -11 23 -3 -25 -24 28 -28 29 -2
right_child=2 5 6 10 12 18 -8 8 13 21 11 17 -14 -15 15 -17 -18 -19 19 20 -22 -23 25 24 -26 -27 27 -29 -30 -31
leaf_value=-0.046536750214881795 0.0053623547305593523 -0.015944311529736889 -0.19835535415618799 -0.028916058053591084 -0.011380261246744267 -0.0029017367271180153 0.047421540429448329 0.037367325122984678 0.043065837735527718 0.034928966161282188 -0.024884693122449435 -0.019267892655065202 0.016738186670231314 -0.080811922372836867 -0.011416659260102532 0.0022316711404441244 -0.011962866418131242 0.003986892802910578 0.071480005022517973 0.0033443284400433725 -0.030587019815174418 -0.13533159826022376 0.078228104418166425 -0.012565036048417706 0.02727835850754097 -0.021269437471742952 -0.065509767569226759 0.016726760674862305 0.028245575829532674 -0.042113177869236462
leaf_weight=445.11229368299246 6322.9055454432964 126.37759248912334 1.1899633146822441 803.50492882728577 78.256576150655746 4620.7851581946015 414.16832114011049 14.395321249961851 4.0163511447608498 615.09181450679898 459.67053154110909 145.25783634185791 1889.656085267663 14.547990549355744 784.48842583596706 921.2798855304718 2939.0299799591303 205.79988949745893 18.663752615451813 1635.5625216811895 45.793298035860062 1.5839538872241963 16.048292413353924 59.233863092958927 99.882703229784966 7.976675532758235 18.235584586858753 11.542567059397696 88.329949080944061 30.245976611971855
leaf_count=8246 32607 787 19 8902 549 19808 7554 204 54 9375 4777 1672 16216 178 4628 5007 17774 1788 76 6806 198 23 93 350 597 47 79 56 513 142
internal_value=-5.71283e-05 -0.00797773 0.0110556 -0.0278561 0.00768608 -0.00434704 0.037756 0.031605 -0.0141011 0.0340432 -0.0227051 -0.0165494 0.01562 -0.0540113 -0.00827729 -0.00404524 -0.0104995 -0.00563528 -0.00126646 0.00317835 0.00242018 0.0344916 0.00339599 -0.000121344 0.012446 0.0451933 0.00527336 -0.0336334 0.00545322 0.00513633
internal_weight=22838.6 13334.5 9504.17 2059.35 8439.17 11275.1 1064.99 650.825 32.9597 617.866 1614.23 810.728 1967.91 18.5643 4954.32 1705.77 3248.55 351.058 6320.8 1700.02 1681.36 616.676 309.519 285.494 159.117 24.025 6471.26 29.7782 6441.48 6353.15
internal_count=149125 81556 67569 25385 50162 56171 17407 9853 436 9417 17139 8237 16765 232 29283 9635 19648 3460 26888 7080 7004 9398 1874 1734 947 140 33397 135 33262 32749
is_linear=0
shrinkage=0.05


Tree=48
num_leaves=31
num_cat=0
split_feature=17 11 17 17 11 17 13 6 7 3 3 13 3 6 15 6 3 4 2 4 4 3 3 6 3 3 3 4 6 0
split_gain=735.16 408.118 273.956 84.3873 69.1338 38.974 31.838 24.4519 30.9367 22.5293 19.839 23.0263 17.7807 17.673 26.6825 16.9705 38.5953 21.6201 19.9475 21.2521 32.5671 23.8159 23.6115 28.1621 18.6834 18.6224 26.8762 18.2204 16.4758 16.1315
threshold=0.50024494519236085 -0.0017607033436847217 0.50128020636409842 0.49794498919282376 -0.0005188504791709957 0.50074104964596189 106.50000000000001 4.1200964283935665e-05 0.15000000000000005 -0.00026307594119912009 -0.00015892637683223573 61.500000000000007 -0.00056578044424154806 5.6084390373437596e-05 1.6949152533698568 1.1332733543089986e-05 -0.00047570514838796146 -3.4147019986219267e-05 1.5022591814961575e-07 -0.0001491914114786774 -0.00021781964679112861 -3.9326406861273082e-05 -9.7422638141220194e-05 8.9779064938255967e-08 1.0000000180025095e-35 0.00011837540033221573 -0.00013507667832152179 -0.00025456687799019212 9.817993995171182e-08 0.00032378948192435258
decision_type=2 2 2 2 2 2 2 2 2 2 2 2 2 2 2 2 2 2 2 2 2 2 2 2 2 2 2 2 2 2
left_child=1 3 5 -1 13 10 -4 -5 -9 -10 11 -2 -7 -3 -15 16 17 -6 19 20 25 22 23 -22 -23 26 27 -18 -21 -16
right_child=2 4 6 7 15 12 -8 8 9 -11 -12 -13 -14 14 29 -17 18 -19 -20 28 21 24 -24 -25 -26 -27 -28 -29 -30 -31
leaf_value=-0.046224726862404419 0.014564262239675267 -0.0092572258231349187 0.041314645652529042 -0.027578706763758943 -0.015986993430562445 -0.0097586738829329236 0.019387268263911156 -0.030383861335519222 -0.018763844663484647 -3.7249106316845053e-05 0.0083951363056765857 -0.0052274254677730165 0.017062036989624701 -0.017058664581148547 0.0046245147158828059 0.0015310341894665155 -0.042883432426529269 -0.077081074599660557 0.0090778570875398885 -2.5350248456605251e-05 -0.034778959734502894 -0.055331645104185638 0.028993805036491457 0.032387988301554781 -0.020235792651144023 0.090492320224657405 -0.021106410392875793 0.062902173259432884 -0.0098752798887975189 -0.022208721055426442
leaf_weight=426.20643773302436 195.08209166675806 3783.1440528258681 838.55564272031188 829.18690769001842 32.481673687696457 64.413458429276943 206.262814193964 255.85755694657564 336.69851504266262 307.09905831515789 3625.7984453961253 595.75334931910038 1519.7823510542512 223.03349851816893 722.40140687674284 5363.7568818479776 4.9675777405500439 26.130657345056534 345.31616108864546 2053.5261351466179 70.967298299074173 69.608201913535595 33.685015350580215 20.005320057272911 83.303887151181698 7.2740691006183615 37.96226941049099 22.539514124393463 535.18458573520184 60.718155279755592
leaf_count=8232 1181 22505 14406 9229 150 447 3149 2861 3325 2912 21145 2988 13551 1330 3963 23016 23 112 1539 8883 317 321 152 90 377 33 174 102 2301 311
internal_value=-5.45207e-05 -0.00609218 0.0133574 -0.0262975 -0.00286579 0.00924339 0.0369859 -0.0213849 -0.0156762 -0.00983104 0.0068301 -0.000345242 0.0159715 -0.00769085 -0.00180129 -0.000211661 -0.00300781 -0.0432241 -0.00229011 -0.00362577 -0.0151838 -0.0229882 -0.00676717 -0.0200086 -0.036212 0.0145959 0.00616335 0.0437981 -0.0020617 0.00254403
internal_weight=22696.7 15651.1 7045.65 2155.05 13496 6000.83 1044.82 1728.84 899.655 643.798 4416.63 790.835 1584.2 4789.3 1006.15 8706.71 3342.95 58.6123 3284.34 2939.02 350.313 277.57 124.658 90.9726 152.912 72.7434 65.4694 27.5071 2588.71 783.12
internal_count=149125 92258 56867 26559 65699 39312 17555 18327 9098 6237 25314 4169 13998 28109 5604 37590 14574 262 14312 12773 1589 1257 559 407 698 332 299 125 11184 4274
is_linear=0
shrinkage=0.05


Tree=49
num_leaves=31
num_cat=0
split_feature=11 11 11 11 11 13 11 6 7 16 3 6 2 16 0 3 13 5 6 2 6 13 5 2 3 3 6 1 3 0
split_gain=670.362 407.81 225.147 82.6925 78.1984 31.4516 30.3963 23.1743 27.6041 23.0466 19.3106 25.0079 19.3251 19.8574 30.0029 18.556 17.3553 69.2206 18.6044 18.7289 16.7579 17.4642 54.1898 16.7355 16.5485 16.5033 18.2524 16.3637 16.311 16.1379
threshold=0.00070545198591498448 -0.0017607033436847217 0.0027088654099113323 -0.0041058899830013753 -0.0005188504791709957 96.500000000000014 0.0019457837091695354 4.7528315875146186e-05 0.15000000000000005 -1.0453530319615123e-07 9.2918850282508472e-05 0.0002275390647045767 0.00060312003076612452 1.9435791002168969e-08 0.00030783414610457976 0.00033862334647716269 61.500000000000007 1.0000000180025095e-35 0.00015410722907700631 -0.00065258296691572671 0.00021114308960796916 61.500000000000007 1.0000000180025095e-35 0.00041129316468047078 -0.00075179762908955661 -0.00026307594119912009 5.7166371210516184e-05 0.00034800897068976161 -0.00015892637683223573 0.00014900392689343181
decision_type=2 2 2 2 2 2 2 2 2 2 2 2 2 2 2 2 2 2 2 2 2 2 2 2 2 2 2 2 2 2
left_child=1 3 6 -1 16 -4 20 -5 -9 -8 12 15 13 14 27 -12 17 -3 -18 -20 21 22 -2 -22 -11 -10 -27 -6 -23 -15
right_child=2 4 5 7 10 -7 9 8 25 24 11 -13 -14 29 -16 -17 18 -19 19 -21 23 28 -24 -25 -26 26 -28 -29 -30 -31
leaf_value=-0.045706424819100804 0.047950553409372695 -0.052241088392380432 0.043385894187235069 -0.02599474231418274 -0.001267320532313872 0.021736473700542037 -0.0074698106703629434 -0.02943326651262252 -0.016446452138677219 -0.026534327819003486 0.0057118496594320669 0.056341498816801262 -0.061299445899844311 0.0057824573541820426 -0.057092296332410787 -0.0022092042343897617 -0.0062019075414320437 -0.0088444264506236901 0.0603571609139864 0.0036047555783395345 -0.0435201205734293 -0.0012936531820111515 0.010636125104007299 0.021859575463068572 0.023195834744204984 0.02437834937216514 -0.0066337763264561452 -0.039971578779964025 0.0088688695107365569 0.034574728133905823
leaf_weight=409.86278162524104 110.4680942222476 101.32807701826096 673.49731773510575 930.07450772821903 6324.479611389339 223.40943873301148 72.627177387475967 215.73647671192884 294.33062028884888 17.124670185148716 2285.145021289587 22.241552658379078 13.315833643078802 297.59581416845322 24.305782288312912 1093.0130048692226 3609.2664568051696 986.40142285078764 20.14475279301405 52.225618064403534 29.537144556641579 473.25048379600048 816.12262103706598 14.639068834483622 723.15452854335308 62.565639652311802 196.3288694024086 27.427235841751099 2382.955750413239 58.181863978505135
leaf_count=8246 1191 1211 12523 10484 27622 3737 663 2473 2927 105 10111 98 56 1287 101 4860 20550 6001 104 243 140 2773 5670 86 7332 599 1830 114 15743 245
internal_value=-5.2325e-05 -0.00496758 0.0150606 -0.025548 -0.00205765 0.0379933 0.0106277 -0.0206851 -0.014263 0.0194085 0.000424605 0.00349689 -0.00112418 -0.00100515 -0.00164661 0.00314897 -0.00733805 -0.0128871 -0.00569861 0.0194021 0.0087625 0.00912005 0.0150847 -0.0218547 0.0220454 -0.00834714 0.000860757 -0.00143444 0.00718502 0.010491
internal_weight=22560.8 17024 5536.79 2108.9 14915.1 896.907 4639.88 1699.04 768.962 812.906 10145.7 3400.4 6745.31 6731.99 6376.21 3378.16 4769.37 1087.73 3681.64 72.3704 3826.97 3782.8 926.591 44.1762 740.279 553.225 258.895 6351.91 2856.21 355.778
internal_count=149125 99162 49963 26559 72603 16260 33703 18313 7829 8100 44494 15069 29425 29369 27837 14971 28109 7212 20897 347 25603 25377 6861 226 7437 5356 2429 27736 18516 1532
is_linear=0
shrinkage=0.05


Tree=50
num_leaves=31
num_cat=0
split_feature=4 12 12 12 12 12 12 14 5 15 6 6 2 14 7 3 1 16 6 0 15 1 14 7 3 0 3 16 0 5
split_gain=706.404 293.562 277.437 58.1951 46.6174 45.8627 43.1032 34.6918 99.2115 30.8756 30.757 26.7583 31.0631 22.2462 26.6748 21.8295 21.0059 20.5977 23.3625 27.6024 25.2744 19.8112 18.1133 88.5763 21.9458 20.1904 20.0865 22.0758 26.9991 18.5821
threshold=1.0000000180025095e-35 0.0010875924550932117 -0.001256200835440868 -0.000575529481612158 0.00035272599295749224 0.001633436020336221 -0.0024301597418560634 0.20500000000000004 1.0000000180025095e-35 86.26475550950353 0.00021114308960796916 0.00029161792535287097 2.9710193309329117e-05 0.40500000000000008 1.0000000180025095e-35 -0.00091620658941710109 5.9894235821089665e-05 -2.9807874990415644e-05 6.3119375513443125e-05 0.00034199846523697014 24.618439602374128 -4.203002093583485e-07 0.20500000000000004 1.0000000180025095e-35 0.00085500777282609974 1.4849444818221261e-07 -5.8213751239544191e-05 1.0020111122142802e-05 9.9666176270551978e-05 0.00010134722928692345
decision_type=2 2 2 2 2 2 2 2 2 2 2 2 2 2 2 2 2 2 2 2 2 2 2 2 2 2 2 2 2 2
left_child=2 4 6 13 22 9 -1 8 -5 16 21 -8 -13 14 -4 -11 -3 -10 -19 20 -20 -6 23 -2 26 -24 -25 28 -28 -27
right_child=1 5 3 7 10 -7 11 -9 17 15 -12 12 -14 -15 -16 -17 -18 18 19 -21 -22 -23 25 24 -26 29 27 -29 -30 -31
leaf_value=-0.049157105445030422 0.044163185676231662 0.019297864516162232 -0.02681093858018262 -0.050805183401628977 0.0044185803239410815 0.040952553053812381 -0.027514811287493026 -0.0023512808434825367 -0.05804434545263968 -0.094863810903540569 -0.030148034347968006 -0.00084096423320581537 0.18691287252056743 -0.0040498686673809611 -0.012275622191068805 0.036027712320996191 -0.0084954011222160009 -0.0087825329133688953 -0.015202468834779402 -0.04281092886315313 0.027465228351852985 0.012473921037841413 3.1271394945206211e-05 -0.0076898195450580062 -0.059185716931243727 0.010431376046456076 0.0099859616081476883 0.048028404618235175 -0.033723056219370426 -0.019712950011623379
leaf_weight=277.09317692369223 152.52884528785944 340.90444811806083 395.87100353091955 140.89315953105688 1015.2489402294159 617.98837086185813 862.51375251635909 6331.9762511402369 19.186831653118134 3.2195816859602919 47.132541701197624 8.0108262188732606 3.0385663993656626 577.33119437843561 1557.4092056825757 299.75963135436177 84.91769378259778 1073.8590582087636 47.043261647224426 22.211949273943901 132.35760278999805 3075.4047729596496 3653.9685091227293 259.50238778442144 14.120520673692225 809.89939112961292 456.09926064312458 34.393130749464035 38.296790696680546 54.56842514872551
leaf_count=5927 1133 4130 3792 1452 6622 12209 11712 28912 119 16 249 84 26 4214 11863 4089 1012 5437 247 107 613 21745 15768 1194 66 3530 2191 197 182 233
internal_value=-4.01483e-06 0.00907048 -0.00868946 -0.00608771 0.00600699 0.0309326 -0.0319746 -0.00394232 -0.0109601 0.0224362 0.010012 -0.0265243 0.0507911 -0.0126728 -0.0152215 0.0346368 0.0137553 -0.00662394 -0.00585043 0.00976696 0.0162767 0.0104747 0.00297929 0.00923602 0.00259679 0.00165697 0.00370348 0.00929473 0.00660018 0.00852855
internal_weight=22406.7 10958 11448.8 10298.1 9611.16 1346.79 1150.66 7767.53 1435.55 728.801 4137.79 873.563 11.0494 2530.61 1953.28 302.979 425.822 1294.66 1275.47 201.613 179.401 4090.65 5473.38 954.941 802.412 4518.44 788.292 528.789 494.396 864.468
internal_count=149071 74566 74505 56756 53110 21456 17749 36887 7975 9247 28616 11822 110 19869 15655 4105 5142 6523 6404 967 860 28367 24494 4963 3830 19531 3764 2570 2373 3763
is_linear=0
shrinkage=0.05


Tree=51
num_leaves=31
num_cat=0
split_feature=4 17 17 17 11 11 13 15 15 13 13 13 6 2 15 15 13 6 6 6 16 16 4 4 15 1 6 0 15 1
split_gain=642.088 283.145 261.637 64.438 51.1754 45.2875 33.4742 98.8451 32.7843 36.8166 26.8258 26.4071 23.3766 24.5147 21.646 28.3255 30.119 27.0743 20.6406 19.9126 18.3785 18.9526 35.4637 24.8093 17.8641 19.0694 18.3477 17.2786 24.0471 16.5817
threshold=1.0000000180025095e-35 0.50131315191042802 0.49877410852714138 0.5006322262300007 -0.0012344028164470442 -0.0048603194837121269 61.500000000000007 99.996695307338157 1.0000000180025095e-35 46.500000000000007 121.50000000000001 96.500000000000014 0.00029161792535287097 -0.00017521920748431172 29.578635639877337 1.0000000180025095e-35 61.500000000000007 1.0112521914510933e-05 0.0001383417614297458 6.3119375513443125e-05 -2.1761506775573073e-16 -2.1873642346432882e-16 0.00029472753250980871 0.0001409910516299018 10.20871627989167 -0.00072695098049668772 1.3196468135260366e-05 0.00034199846523697014 24.618439602374128 1.7386001750385741e-05
decision_type=2 2 2 2 2 2 2 2 2 2 2 2 2 2 2 2 2 2 2 2 2 2 2 2 2 2 2 2 2 2
left_child=2 3 5 10 29 -1 7 8 9 -6 14 -3 -7 -14 15 16 -2 -17 -5 -10 21 -16 23 -23 26 -26 -8 28 -21 -4
right_child=1 11 4 18 6 12 24 -9 19 -11 -12 -13 13 -15 20 17 -18 -19 -20 27 -22 22 -24 -25 25 -27 -28 -29 -30 -31
leaf_value=-0.048877300166013771 0.049169875317975009 0.040625050599068249 -0.015058546424953063 0.015037434052237229 0.061109324546231282 -0.026292157034305808 -0.020976670701414984 -0.047615470237783744 -0.007131095643697705 -0.05449019551716703 -0.00013584673113174267 0.021100656715581201 -0.018521510217644269 0.12831451619934914 0.0017732100830879329 -0.031761081273882219 0.0051121608457668595 -0.00069238054609046184 -0.0085708284651566345 -0.017214286303572603 0.0093213219410142045 -0.080944953768293415 -0.1397581856183841 0.058411215675356724 0.086569117743418467 -0.0010434980560874644 -0.0049367892667012319 -0.036773054450489 0.02474730901318763 -0.0049839627891396223
leaf_weight=265.05023816972971 55.28162794560194 665.45902846381068 1633.3636974319816 2035.8789305016398 7.8221883922815314 893.76207577437162 207.09244026243687 161.3090477026999 1065.6451472118497 57.650709085166454 2481.4841063767672 234.10969927534461 6.5463420674204826 5.0239973925054056 655.17107205837965 75.711221873760223 130.04475060105324 949.7655506581068 96.9943822696805 45.167587295174599 3489.1910546347499 5.4670343920588511 6.8625890761613837 7.6807455271482468 6.2183911800384513 5043.1816070973873 1281.7564353197813 18.028581157326698 139.87871900200844 544.61014570295811
leaf_count=5927 343 12971 13534 18073 57 12262 991 1606 5357 474 11672 3986 71 40 3213 360 595 4506 662 225 18075 28 42 40 27 23212 5964 83 644 4031
internal_value=-3.84976e-06 0.00867597 -0.00830771 0.00625648 -0.00574132 -0.0306998 -0.00389835 -0.0106468 -0.00617713 -0.0406793 0.00416414 0.0355439 -0.025378 0.0452367 0.00614926 0.000264891 0.0182543 -0.00298619 0.0139638 -0.00439663 0.00786016 0.0003092 -0.0476248 0.000464933 -0.00235477 -0.000935602 -0.00716787 0.00995262 0.014505 -0.0125394
internal_weight=22271.2 10889.1 11382.1 9989.53 10211.7 1170.38 8033.75 1495.5 1334.19 65.4729 7856.66 899.569 905.332 11.5703 5375.18 1210.8 185.326 1025.48 2132.87 1268.72 4164.37 675.181 20.0104 13.1478 6538.25 5049.4 1488.85 203.075 185.046 2177.97
internal_count=149071 74566 74505 57609 56205 18300 38640 8446 6840 531 38874 16957 12373 111 27202 5804 938 4866 18735 6309 21398 3323 110 68 30194 23239 6955 952 869 17565
is_linear=0
shrinkage=0.05


Tree=52
num_leaves=31
num_cat=0
split_feature=4 11 11 11 11 11 13 15 15 13 13 13 15 15 5 15 6 3 3 6 6 2 3 6 15 1 0 13 5 3
split_gain=583.396 263.32 246.282 62.6897 49.2957 43.1101 30.6094 93.7769 30.7847 34.0976 26.881 24.8647 104.979 43.1658 23.382 23.3631 21.9821 20.8134 22.6551 32.3327 21.9528 19.9753 18.1105 17.9803 17.7334 19.5917 32.8844 22.9249 20.7367 17.4984
threshold=1.0000000180025095e-35 0.0027088654099113323 -0.0025124016708817916 0.0013073619409587069 -0.0012344028164470442 -0.0048603194837121269 61.500000000000007 99.996695307338157 1.0000000180025095e-35 46.500000000000007 96.500000000000014 61.500000000000007 99.996695307338157 1.0000000180025095e-35 1.9290805195714022e-05 99.544142217138941 0.00029161792535287097 -0.00028637735105613288 -0.00084330624508138763 0.00012634095291894602 5.8797543421911887e-05 2.9710193309329117e-05 -0.00029183707917063145 6.3119375513443125e-05 0.61919504634130373 0.00014052340565895441 0.0002051382449825834 51.500000000000007 0.00012658608346980676 -0.000781570059422254
decision_type=2 2 2 2 2 2 2 2 2 2 2 2 2 2 2 2 2 2 2 2 2 2 2 2 2 2 2 2 2 2
left_child=2 3 5 11 -4 -1 7 8 9 -6 -3 12 13 -2 29 -16 -7 18 -13 20 22 -18 -20 -10 -15 26 28 -27 -26 -5
right_child=1 10 4 14 6 16 -8 -9 23 -11 -12 17 -14 24 15 -17 21 -19 19 -21 -22 -23 -24 -25 25 27 -28 -29 -30 -31
leaf_value=-0.048597171877364231 0.048289146095493535 0.04101135414862838 -0.0121474047067383 -0.059793700471366999 0.0557300685531881 -0.026029676289125184 -0.0022388533813780241 -0.046901904517975497 -0.0067946819404895858 -0.053857937470470719 0.020193607255293594 0.02625383656290944 0.045221532992344757 -0.011385211588388807 0.0040315553573805367 0.020479203610312552 -0.0013885338209248888 0.0036984452053028059 -0.0097737421201237705 -0.068044847451532345 0.010193920208137688 0.13881824119183298 -0.067713624739494979 0.0094241224877547811 0.0082299309452316515 -0.025616011309345644 -0.067759135728298711 0.016040696901045343 0.06133390823746885 0.01997150224597672
leaf_weight=253.54048231989145 54.961158648133278 604.00478730350733 2208.9773869290948 6.9241682961583129 8.1396682262420637 824.55148674175143 6533.5193534642458 155.71747741475701 1062.5670261606574 55.466545879840851 208.62789306789637 51.839431375265121 184.20001784712076 182.62053985893726 757.7024270221591 301.94313568621874 8.0642634481191617 5784.7659664675593 440.81072221696377 21.741671428084373 155.93641805648804 3.708639618009328 13.91267593204975 203.63116367906332 895.74739719182253 97.292330183088779 14.050107181072233 50.001598656177521 18.768589004874229 980.56852615624666
leaf_count=5927 353 12501 18116 40 57 11712 30194 1606 5357 474 3741 232 1915 938 6406 2936 84 27944 1962 89 698 26 60 952 4660 489 63 267 89 9183
internal_value=-3.91787e-06 0.00829384 -0.00794136 0.00607249 -0.0055337 -0.0305364 -0.00371185 -0.0101903 -0.00589143 -0.039834 0.0356668 0.00406707 0.00987255 0.00491513 0.0138768 0.00871827 -0.0250611 0.00272304 -0.0055233 -0.00812815 -0.0059949 0.0427787 -0.0115465 -0.00418636 0.00302088 0.00546622 0.0081535 -0.0114749 0.00931978 0.0194122
internal_weight=22144.3 10826.4 11317.9 10013.8 10228 1089.86 8019.04 1485.52 1329.8 63.6062 812.633 7966.65 1497.64 1313.44 2047.14 1059.65 836.324 6469.01 684.241 632.401 610.66 11.7729 454.723 1266.2 1258.48 1075.86 928.566 147.294 914.516 987.493
internal_count=149071 74566 74505 58324 56756 17749 38640 8446 6840 531 16242 39759 8774 6859 18565 9342 11822 30985 3041 2809 2720 110 2022 6309 6506 5568 4812 756 4749 9223
is_linear=0
shrinkage=0.05


Tree=53
num_leaves=31
num_cat=0
split_feature=4 11 11 11 11 11 13 5 13 13 3 6 6 3 7 3 5 13 7 5 6 15 2 6 3 15 1 0 5 6
split_gain=530.047 249.148 232.522 58.3204 52.1579 36.2047 27.9736 89.9304 26.8532 26.5463 22.8207 21.793 20.7242 36.5128 24.5423 20.7157 19.6175 19.536 27.2002 22.7357 21.7439 25.0611 19.1175 19.0321 22.3647 18.9412 46.4502 23.8217 24.8759 21.4922
threshold=1.0000000180025095e-35 0.0027088654099113323 -0.0027114013542473554 0.0014319131324835868 -0.0012344028164470442 -0.0048603194837121269 61.500000000000007 1.0000000180025095e-35 121.50000000000001 96.500000000000014 -0.00027456153155708257 0.00029161792535287097 3.4063474299712802e-05 -0.00043483639703106863 1.0000000180025095e-35 -0.000781570059422254 5.1391118331326561e-06 51.500000000000007 0.15000000000000005 8.038128686776191e-08 4.794782947447004e-05 99.85994397756258 -0.00033084107878966757 0.00014322545793443863 0.00058076562192488368 80.043049148731299 0.00047643897197413582 0.00034199846523697014 0.00018642245822580623 0.00010182675575461202
decision_type=2 2 2 2 2 2 2 2 2 2 2 2 2 2 2 2 2 2 2 2 2 2 2 2 2 2 2 2 2 2
left_child=2 3 5 8 16 -1 7 -6 10 -3 -2 -7 13 14 -10 -14 -4 20 19 -19 -9 -22 -13 -5 -25 26 27 28 -12 -27
right_child=1 9 4 23 6 11 -8 17 12 -11 25 22 15 -15 -16 -17 -18 18 -20 -21 21 -23 -24 24 -26 29 -28 -29 -30 -31
leaf_value=-0.048316087847510659 -0.0024572220872359036 0.04046015022083177 -0.017805763106903773 0.01531032621670628 -0.049065989740069982 -0.026913719669898591 -0.0021283216298576169 -0.0061440984495973287 -0.072091632697818236 0.019536539503923308 0.0051401326886375024 -0.019374922716557108 0.049609032949927807 0.003947295895751767 0.0021128375197585979 -0.0080865054582392095 -0.008394645884806427 0.0017215386963588934 -0.0052102328734321551 -0.042147817774223509 0.0066772523935523381 0.066304234182386526 0.11568441013437443 -0.032491593590397085 0.020842534778625427 0.0098108629469566312 -0.071625902063660096 -0.045207494241392671 0.061882620911799524 0.035655302342188708
leaf_weight=242.54308812692761 703.46036843955517 582.17781825736165 901.23220264166594 1645.8135698214173 132.40158569440246 661.30445838347077 6529.298800855875 680.0783355012536 26.802330702543259 204.95747672021389 2870.6810671389103 5.4371727854013443 15.877082750201224 1748.2068249359727 19.071672201156616 774.18108661472797 1436.1118083670735 39.384719870984554 280.56200189888477 118.0853653177619 206.23511603474617 19.268341571092606 5.05707288533449 45.845956526696682 34.407830975949764 1945.2315179519355 19.852486029267311 23.328350633382797 19.446197643876076 83.912847928702831
leaf_count=5927 3388 12501 8206 15665 1536 9945 30194 3469 114 3741 14403 62 73 8359 84 3805 11687 216 1377 773 985 90 38 277 290 11045 88 106 91 536
internal_value=-3.48743e-06 0.00792984 -0.00758885 0.00579301 -0.00545222 -0.0317575 -0.00353362 -0.00975007 0.00404437 0.035012 0.00597084 -0.0257793 -0.000179561 0.00279183 -0.0412418 -0.00692705 -0.0120234 -0.00587583 -0.0145447 -0.0311757 -0.00168269 0.0117721 0.0457088 0.0141509 -0.00962524 0.00716558 0.00459634 0.00511573 0.00552192 0.0108796
internal_weight=22020.3 10763.3 11257 9976.12 10342.7 914.342 8005.31 1476.02 8250.05 787.135 5665.91 671.799 2584.14 1794.08 45.874 790.058 2337.34 1343.61 438.032 157.47 905.582 225.503 10.4942 1726.07 80.2538 4962.45 2933.31 2913.46 2890.13 2029.14
internal_count=149071 74566 74505 58324 58533 15972 38640 8446 42092 16242 29657 10045 12435 8557 198 3878 19893 6910 2366 989 4544 1075 100 16232 567 26269 14688 14600 14494 11581
is_linear=0
shrinkage=0.05


Tree=54
num_leaves=31
num_cat=0
split_feature=17 17 17 11 11 17 13 7 6 6 4 6 3 4 3 3 7 3 11 6 17 1 3 3 7 2 6 2 3 13
split_gain=484.751 235.2 221.45 50.6696 42.2255 40.1838 25.4107 24.2845 17.8323 17.8297 17.8564 17.2156 16.9056 16.4469 16.1593 19.3061 45.9163 18.167 15.3742 20.6312 15.2923 15.19 15.1074 14.5611 13.6554 13.5317 13.4531 18.2605 20.8013 31.1763
threshold=0.5000886372051655 0.49886145915657609 0.50131315191042802 -0.0048603194837121269 -0.00087978177799469248 0.5006322262300007 106.50000000000001 0.45000000000000007 0.00025251110791664288 0.00025251110791664288 0.00059050505959312727 0.0001383417614297458 0.00093322317165156498 0.00061526838870007438 -6.2027939796260853e-05 -8.4035968612838894e-05 1.0000000180025095e-35 0.0010397821686499722 0.0040910530927649189 5.5578683997014053e-05 0.50035607029682405 -0.00024227413106248094 0.001625340448650703 -0.0013243459098092323 0.35000000000000003 0.00049699164584637867 2.4812711052810374e-05 -1.0000000180025095e-35 -7.6398064831117982e-05 81.500000000000014
decision_type=2 2 2 2 2 2 2 2 2 2 2 2 2 2 2 2 2 2 2 2 2 2 2 2 2 2 2 2 2 2
left_child=1 3 5 -1 7 9 18 12 22 10 20 14 -3 -12 15 -7 -17 -16 19 -4 -2 -19 23 -5 -23 -10 27 28 29 -6
right_child=2 4 6 8 26 11 -8 -9 25 -11 13 -13 -14 -15 17 16 -18 21 -20 -21 -22 24 -24 -25 -26 -27 -28 -29 -30 -31
leaf_value=-0.048033432918016525 0.0029881373015436595 -0.010277536252957034 0.039814026727896135 0.0087808257081719628 -0.017190249642477416 0.0083964391091165998 0.016583453095032733 0.0070770194480678159 0.0078176003032434972 -0.036149858170352732 -0.034240483254871876 -0.0081704021876281962 0.034147967574410666 0.0050494910518017293 0.016977722469509383 -0.13871731879798133 -0.0015459736378375622 -0.15299366752761748 0.046532147661530743 0.014298128135757288 0.0081902796811010575 0.018512292842650682 0.1291595569694991 -0.024456239481663134 -0.035736263282360167 0.12497863558551703 0.00012296690275774067 -0.001709811590822984 -0.014401284509866755 0.004229944418501554
leaf_weight=232.03776425868273 3901.4965668469667 3080.2162539586425 230.8643235899508 34.129536908119917 251.11149350553751 444.82719565182924 173.63898288086057 224.04067016392946 16.733058158308271 27.069009497761726 56.568580441176891 97.146782442927361 21.564301997423172 50.336564213037491 1441.6827382296324 7.5860064998269072 31.158683225512505 1.8939546719193447 295.46019271016121 120.60823618248105 2214.5616993419826 23.268530435860157 1.6273382902145375 955.59178955107927 23.132839970290661 2.8901564553380004 3645.0335711576045 3029.0190552435815 743.76642677932978 525.05841253697872
leaf_count=5927 18137 22473 4547 517 1243 3828 3041 1443 181 120 349 662 122 304 13456 61 273 16 7070 2299 13483 220 21 13364 219 20 16107 13820 3404 2344
internal_value=-3.48442e-06 -0.00629851 0.00878544 -0.0269619 -0.00406889 0.00634155 0.0335669 -0.00882041 -0.0221255 0.00434154 0.00451767 0.0123782 -0.00996868 -0.0157407 0.0133897 0.00544797 -0.0284034 0.0159672 0.0381253 0.0310582 0.00487178 -0.0141979 -0.0230598 -0.0233101 -0.00853267 0.0250734 -0.00214032 -0.00395386 -0.00842594 -0.00270005
internal_weight=21904.1 12762.8 9141.3 1243.01 11519.8 8320.73 820.572 3325.82 1010.97 6250.03 6222.96 2070.7 3101.78 106.905 1973.55 483.572 38.7447 1489.98 646.933 351.473 6116.06 48.2953 991.349 989.721 46.4014 19.6232 8193.99 4548.96 1519.94 776.17
internal_count=149071 80986 68085 20030 60956 51128 16957 24038 14103 32393 32273 18735 22595 653 18073 4162 334 13911 13916 6846 31620 455 13902 13881 439 201 36918 20811 6991 3587
is_linear=0
shrinkage=0.05


Tree=55
num_leaves=31
num_cat=0
split_feature=17 17 17 17 11 13 16 16 3 13 5 13 16 2 3 3 16 4 4 3 7 11 3 3 16 2 5 13 5 2
split_gain=421.674 230.366 199.762 59.8484 52.7411 29.7633 25.6236 22.1017 20.9578 19.6458 65.4525 22.9045 27.2202 26.4729 31.7518 20.848 20.9492 21.8407 26.0911 20.0476 33.021 19.3539 25.1508 18.6781 16.9362 16.8927 17.793 15.0352 21.3236 21.7236
threshold=0.49996331443337211 0.50141725614703836 0.49838632071178213 0.50074104964596189 -0.0014421182021627785 121.50000000000001 -1.0453530319615123e-07 3.6562508522366416e-06 0.00019864077320674858 61.500000000000007 4.0403564252205889e-08 51.500000000000007 -1.5474202204568639e-05 -1.4939560133431226e-07 -8.7264140710585622e-05 -0.00045570929917632114 1.8290791698472134e-08 -0.00026237230047582155 -0.00028402197685190028 -0.0005382308231395293 1.0000000180025095e-35 -0.0048603194837121269 0.0014196862223219144 0.0011101970503054617 3.9875173144296508e-05 -0.00085126880723879184 1.0000000180025095e-35 121.50000000000001 4.4952570503405211e-05 0.00070708727436452634
decision_type=2 2 2 2 2 2 2 2 2 2 2 2 2 2 2 2 2 2 2 2 2 2 2 2 2 2 2 2 2 2
left_child=2 3 21 27 7 -3 -5 23 9 10 -6 13 -13 14 -12 19 17 18 -17 25 -21 -1 -23 -4 -10 -11 -27 -2 29 -29
right_child=1 5 4 6 8 -7 -8 -9 24 15 11 12 -14 -15 -16 16 -18 -19 -20 20 -22 22 -24 -25 -26 26 -28 28 -30 -31
leaf_value=-0.047076309125611726 0.0046519907710346588 0.038936420160857972 -0.014686747353239341 -0.0066501266015368101 -0.048392438908569174 0.0073108033739928734 0.015507841124981542 0.0062464970185578403 0.0030213272079868967 0.031739273005138208 -0.0028423815148038789 -0.063410930399417073 -0.013281986446844814 -0.011726204959085107 0.027874509869730443 -0.0081644077512371977 0.0049964307904480495 -0.0028774641367421052 -0.028425063630232505 0.046423993803994978 0.0043906405358905866 -0.029277279977541811 0.17332641140915989 0.063194611866780576 -0.039013606585522748 -0.024806688725102961 0.00083633522054850406 0.00233276907559948 -0.010144543604512958 -0.078421702649824898
leaf_weight=222.15455325320363 6275.9260144606233 590.47694873064756 1817.767162643373 142.76616140082479 104.68931556120515 85.119096249341965 1515.2604726217687 140.15689381957054 1228.7726717106998 35.782810553908348 259.59283796697855 29.498568430542946 330.34339465200901 362.49008534103632 124.46950725466013 1522.2767665311694 490.18837977945805 2409.3258441835642 177.42046186327934 66.271788045763969 158.40812440216541 372.49252375587821 1.538110028952359 7.7312453538179389 24.439205653965473 83.262148037552834 360.71258035302162 2466.8012496307492 418.38386268168688 8.356155648827551
leaf_count=5931 32608 13715 18114 1282 1339 1553 15200 1243 5954 176 1407 204 1846 1908 657 8864 2311 10315 883 343 809 6364 23 65 124 443 1806 11694 2042 44
internal_value=4.06335e-05 0.00662542 -0.00729208 0.00485795 -0.00557126 0.0349519 0.0135999 -0.0128878 -0.00371983 -0.00485891 -0.0106048 -0.00702924 -0.0173914 -0.00203464 0.00711256 -0.00354684 -0.00477369 -0.00593923 -0.0102793 0.00446321 0.0167888 -0.035387 -0.0284441 -0.0143569 0.00220159 -0.00130912 -0.00397271 0.00327723 0.000295437 0.00206014
internal_weight=21832.9 11503.1 10329.8 10827.5 9733.6 675.596 1658.03 1965.66 7767.94 6514.73 1211.08 1106.39 359.842 746.552 384.062 5303.65 4599.21 4109.02 1699.7 704.437 224.68 596.185 374.031 1825.5 1253.21 479.758 443.975 9169.47 2893.54 2475.16
internal_count=149267 78138 71129 62870 58811 15268 16482 19422 39389 33311 7361 6022 2050 3972 2064 25950 22373 20062 9747 3577 1152 12318 6387 18179 6078 2425 2249 46388 13780 11738
is_linear=0
shrinkage=0.05


Tree=56
num_leaves=31
num_cat=0
split_feature=4 11 11 11 11 11 13 3 6 3 6 3 6 4 6 4 3 7 13 5 13 2 6 1 16 0 5 1 16 6
split_gain=385.413 208.392 197.202 42.7504 39.879 36.5294 28.7066 22.7299 22.491 23.4204 22.249 21.6308 26.0294 19.1633 43.1467 32.7271 30.7239 22.2587 18.9813 25.5373 45.1004 18.1031 18.0074 17.037 16.9371 21.8091 19.4041 17.5028 16.8839 44.1942
threshold=6.5048080914675857e-05 -0.0025124016708817916 0.0029281231908032672 0.0015315712065773204 -0.0042731237007094794 -0.0014421182021627785 111.50000000000001 0.0012930884135166079 0.00014322545793443863 0.00058076562192488368 0.00011261499578858239 8.235522749111547e-05 0.00015410722907700631 -0.0010588168865152123 6.7877781892627719e-08 -0.0010849656212741363 -0.0005123420995319371 1.0000000180025095e-35 66.500000000000014 1.0000000180025095e-35 51.500000000000007 0.00073961614182604951 0.00015410722907700631 0.00064342810349116164 1.8290791698472134e-08 0.00017662309693144976 0.00026538464878079283 0.00028431180579591159 1.917501776370566e-16 5.4419036898855797e-08
decision_type=2 2 2 2 2 2 2 2 2 2 2 2 2 2 2 2 2 2 2 2 2 2 2 2 2 2 2 2 2 2
left_child=1 4 3 18 -1 13 -4 -6 -5 23 -9 24 -13 14 15 16 -3 -15 19 20 -2 -14 -19 -10 25 26 27 28 -7 -30
right_child=2 5 6 8 7 11 -8 10 9 -11 -12 12 21 17 -16 -17 -18 22 -20 -21 -22 -23 -24 -25 -26 -27 -28 -29 29 -31
leaf_value=-0.043492685119914415 0.045674396185392235 0.14375929612080429 0.04022183242362716 0.014649171243965853 -0.022040964641654066 -0.0035731073953764745 0.012026767519333785 -0.012721586785850607 -0.026995679512259337 0.019274983743684512 0.21478763746121007 0.00035641753144568101 0.054213414783210671 -0.025047805858876743 -0.0012863213982042205 0.28243498294476416 -0.042963004527484985 -0.010576997113930012 0.0028002159489163062 0.0067862857933700949 -0.0078577362079969258 -0.0084607857472865488 0.023306953124012569 -0.14433775336726057 0.0028728796460426587 -0.030439335495724081 0.047092040360028418 -0.037029780490528422 -0.063578834190272812 -0.0086903154575128528
leaf_weight=287.15699660405517 113.67778019979596 5.0177357196807852 504.37568230926991 1503.2373912073672 686.15951985120773 5462.0457793064415 109.95759060233831 2.3123084008693686 43.529885862022638 33.792070988565683 2.0076417028903961 2755.4050749987364 38.038982957601547 282.21812621504068 95.432174116373062 2.0690965652465811 3.9273749217391005 1117.251121558249 5478.9992900490761 1349.8420723974705 60.1709328815341 16.527776494622231 40.636746466159821 3.3299676105380049 769.09330555796623 83.020271107554436 18.07118222117424 41.827772170305252 38.473508637398481 783.4837151914835
leaf_count=7726 1401 56 12466 15711 9861 27270 2106 25 273 316 21 12965 157 3088 983 22 43 9632 28191 7921 352 80 283 20 3618 383 86 190 194 3827
internal_value=3.82035e-05 -0.00566776 0.00780882 0.00585086 -0.0278335 -0.00379198 0.0351753 -0.0213212 0.0132691 -0.0124537 0.0930104 -0.00268662 0.00103363 -0.0109435 0.00952821 0.10323 0.0617784 -0.0124567 0.00417299 0.00910931 0.0271463 0.03523 -0.00938782 -0.0353343 -0.00413934 -0.00497847 -0.00464527 -0.00479307 -0.0045785 -0.0112595
internal_weight=21731.1 12530.2 9200.91 8586.58 977.636 11552.5 614.333 690.479 1583.89 80.6519 4.31995 10006 2809.97 1546.55 106.446 11.0142 8.94511 1440.11 7002.69 1523.69 173.849 54.5668 1157.89 46.8599 7196.02 6426.92 6343.9 6325.83 6284 821.957
internal_count=149267 80510 68757 54185 17633 62877 14572 9907 16320 609 46 48770 13202 14107 1104 121 99 13003 37865 9674 1753 237 9915 293 35568 31950 31567 31481 31291 4021
is_linear=0
shrinkage=0.05


Tree=57
num_leaves=31
num_cat=0
split_feature=17 17 17 17 12 13 16 6 15 13 15 4 7 3 15 3 5 15 13 5 13 16 2 3 15 6 3 13 3 12
split_gain=350.528 204.785 178.845 50.3377 43.8499 28.5401 23.6204 22.2833 21.0325 27.7985 43.674 58.506 26.7009 24.749 24.7124 22.9455 20.8351 27.9908 19.2344 88.3499 21.5662 27.4056 23.1962 30.345 21.6432 19.2693 22.2051 18.8468 18.7946 25.5664
threshold=0.49996331443337211 0.50141725614703836 0.49838632071178213 0.50074104964596189 -0.00072105910108136151 121.50000000000001 -1.0453530319615123e-07 0.00029161792535287097 88.746353869298417 61.500000000000007 99.996695307338157 -1.0000000180025095e-35 0.15000000000000005 -0.0004886774531449033 1.0000000180025095e-35 -0.0009619115943384492 5.7299144755378943e-05 1.0000000180025095e-35 61.500000000000007 1.0000000180025095e-35 51.500000000000007 -1.5474202204568639e-05 -1.4939560133431226e-07 -8.7264140710585622e-05 99.996695307338157 0.00011535219956569386 -1.4924984431674557e-07 61.500000000000007 0.001625340448650703 -0.002546884315005798
decision_type=2 2 2 2 2 2 2 2 2 2 2 2 2 2 2 2 2 2 2 2 2 2 2 2 2 2 2 2 2 2
left_child=2 3 7 8 16 -3 -5 28 14 10 -10 -12 -13 15 27 -11 -4 -18 19 -6 22 -22 23 -21 -23 -24 -27 -2 -1 -30
right_child=1 5 4 6 18 -7 -8 -9 9 13 11 12 -14 -15 -16 -17 17 -19 -20 20 21 24 25 -25 -26 26 -28 -29 29 -31
leaf_value=-0.036342112001321973 0.039979686992870057 0.037798993252673233 -0.014651035977522953 -0.0069191258313165555 -0.050094636635430546 0.0064578452540389152 0.014416397216108002 0.026428859925591075 0.005220233580368926 0.077674066568713035 -0.057889135792504015 0.045497889427600267 -0.063631813470355666 0.0047823677855324525 0.00033835762622089004 -0.035155265954840038 -0.048433867334985108 0.0012498701066264988 -0.002201841340651229 -0.0023584994024106933 -0.061084846126145342 -0.0074038789098301557 -0.0099759068486986388 0.025501927734682503 -0.05034315820016793 -0.032451492299067089 0.070432547576368909 0.0083495746784357418 -0.051852230179725102 0.29820336074024695
leaf_weight=544.17388907447457 63.753263980150223 550.91667082160711 1491.0155606865883 142.16678911820054 117.74343042075634 83.670257709920406 1482.2014762461185 14.791058681905268 332.15548039227724 4.8763245642185202 15.817453943192957 184.68306123092771 5.7804869189858428 3016.0684046521783 5282.0440955236554 59.337857484817505 30.479527741670609 405.42597200721502 6268.2203376963735 259.60226009786129 28.974706284701824 375.64622680097818 481.28762422502041 156.7483070269227 31.833103664219379 7.8526881933212307 15.789210736751555 180.24197438359261 1.1022496223449709 0.99014895409345527
leaf_count=11962 437 13715 15427 1282 1580 1553 15200 311 1831 22 108 2047 55 15071 25721 267 382 3613 30462 1411 207 2041 2531 814 239 36 68 829 32 13
internal_value=3.62892e-05 0.00606465 -0.00668262 0.00443816 -0.00509037 0.0336667 0.0125491 -0.0341274 0.00299743 0.00596062 0.0164423 0.0345122 0.0421858 0.00412841 0.001057 -0.0265872 -0.0118398 -0.00222413 -0.00341085 -0.00854705 -0.00494402 -0.0140994 -0.000606683 0.00813044 -0.0107584 -0.00781107 0.0362595 0.0166142 -0.035767 0.113798
internal_weight=21635.4 11403.7 10231.7 10769.1 9670.62 634.587 1624.37 561.057 9144.76 3618.72 538.436 206.281 190.464 3080.28 5526.04 64.2142 1926.92 435.905 7743.7 1475.48 1357.73 436.454 921.28 416.351 407.479 504.93 23.6419 243.995 546.266 2.0924
internal_count=149267 78138 71129 62870 58811 15268 16482 12318 46388 19401 4041 2210 2102 15360 26987 289 19422 3995 39389 8927 7347 2487 4860 2225 2280 2635 104 1266 12007 45
is_linear=0
shrinkage=0.05


Tree=58
num_leaves=31
num_cat=0
split_feature=17 11 17 17 11 4 13 6 13 16 3 15 16 1 2 6 3 2 1 6 3 6 16 3 16 3 15 4 4 6
split_gain=320.921 184.19 175.689 41.7731 39.702 31.7495 41.5058 28.5097 24.8241 24.1457 21.083 19.4362 20.279 17.4337 34.9604 17.2677 21.988 17.5065 17.2057 16.3765 16.3104 22.0262 21.2337 19.6522 15.6871 15.5945 15.3275 15.9509 28.5452 24.9978
threshold=0.5000886372051655 -0.0025124016708817916 0.50157949559873949 0.50074104964596189 -0.004444815576122029 -0.00033652218236140946 121.50000000000001 0.00015410722907700631 111.50000000000001 -1.0453530319615123e-07 0.0012930884135166079 98.711061885694434 -1.9519521038087659e-08 0.00040869858719971846 0.00027735720419763693 0.00014322545793443863 0.00058076562192488368 0.00043192497118249579 0.00064342810349116164 4.0872366271045046e-05 0.00022195324654139539 5.0722035316027424e-06 1.8263110581274373e-08 0.00023189958315206208 1.8334031619205401e-08 -0.00034560841102976298 99.650959860187399 0.00012106117967469744 0.00013510098056579436 1.2829546933724273e-05
decision_type=2 2 2 2 2 2 2 2 2 2 2 2 2 2 2 2 2 2 2 2 2 2 2 2 2 2 2 2 2 2
left_child=1 4 3 11 -1 6 7 20 -4 -5 -6 13 -13 -2 -15 -11 17 18 -17 -8 22 23 -3 -22 -24 -21 -14 -28 29 -29
right_child=2 5 8 9 10 -7 19 -9 -10 15 -12 12 26 14 -16 16 -18 -19 -20 25 21 -23 24 -25 -26 -27 27 28 -30 -31
leaf_value=-0.043835173945577489 0.002109884539914664 -0.015477359617558304 0.041072620149539406 -0.0064141245371273402 -0.021095422647679 -0.0016193184188753986 -0.0040627635870237782 0.016655518788084283 0.01225910651199257 0.015541625784360594 0.082228163744422947 -0.085845725178703342 0.016908089847081264 -0.079326676612356692 0.0020656648112431226 -0.0073542772125139051 0.022049620659555631 -0.10380168897696654 -0.13296809517633321 -0.0022328646469066149 0.1226112643611464 -0.0061411929981558281 0.046370721763091746 0.019546281774229277 -0.0034147060395645547 0.016598251675732242 0.017413438054698995 -0.056723802384985526 0.0054572512871876736 0.0034255856322463378
leaf_weight=243.48452470451593 4176.7863782122731 1816.2871453948319 415.3054473772645 153.30288898199797 684.85698547586799 7976.8039591051638 737.08535864949226 90.763202145695686 91.159885417670012 1491.2682611644268 4.972979061305522 5.82873211801052 370.07342884689569 19.843903243541718 39.364849597215652 31.197968404740095 31.620697215199471 7.2640300430357447 2.9870908819138995 200.49031706899405 5.4541775658726683 313.74194919317961 16.934661842882633 30.430127672851086 240.95721039921045 243.42738209664822 261.92712573707104 35.30634206533432 1765.8170946724713 33.819451309740543
leaf_count=7130 21654 14486 11130 1496 10453 36392 4866 584 1805 16705 50 32 2013 90 203 201 343 53 17 1354 40 2228 135 231 1751 1445 1400 174 10633 173
internal_value=3.44375e-05 -0.00510331 0.00728461 0.00556551 -0.0264773 -0.00339427 -0.00722545 -0.0108569 0.0358864 0.012523 -0.0203506 0.00378419 0.0073066 0.00172798 -0.0252131 0.0143788 -0.00935298 -0.0333094 -0.0183304 0.000506517 -0.0118871 -0.00189691 -0.0135711 0.0352115 -0.000145509 0.00809339 0.0075267 0.00587099 0.00422337 -0.027296
internal_weight=21538.6 12605.7 8932.87 8426.41 933.314 11672.4 3695.57 2514.57 506.465 1717.64 689.83 6708.77 2472.77 4236 59.2088 1564.34 73.0698 41.4491 34.1851 1181 2423.81 349.626 2074.18 35.8843 257.892 443.918 2466.94 2096.87 1834.94 69.1258
internal_count=149267 81145 68122 55187 17633 63512 27120 19455 12935 18815 10503 36372 14425 21947 293 17319 614 271 218 7665 18871 2499 16372 271 1886 2799 14393 12380 10980 347
is_linear=0
shrinkage=0.05


Tree=59
num_leaves=31
num_cat=0
split_feature=4 17 17 17 11 15 11 3 13 6 3 3 15 0 17 0 15 16 16 16 6 16 15 0 6 3 6 3 4 3
split_gain=292.298 192.066 141.145 46.9688 40.974 30.629 29.3267 34.5761 24.3933 23.543 21.3726 20.4025 19.0119 18.4453 17.9994 16.5923 26.5622 16.0884 17.8391 22.3077 17.2702 16.9205 15.9512 32.3166 22.2136 21.342 15.7702 15.5468 19.1612 30.9897
threshold=0.00023665568537645235 0.49877410852714138 0.50157949559873949 0.49984922893389899 -0.004444815576122029 98.711061885694434 0.00207917451953521 -0.00091620658941710109 111.50000000000001 9.0433000580474016e-05 0.0012930884135166079 -0.00028637735105613288 0.026578096074679539 -0.00026282495160512282 0.50038472736278494 -0.0006946363214008765 30.372248149794022 3.9875173144296508e-05 1.8263110581274373e-08 1.8334031619205401e-08 1.8969911829047175e-05 1.8312466796879516e-08 56.218856137079563 0.00030783414610457976 0.0001297138359738653 0.00082402371157941367 0.00011261499578858239 8.5795693399948205e-05 -0.0011517673595260456 -0.00059735017472956054
decision_type=2 2 2 2 2 2 2 2 2 2 2 2 2 2 2 2 2 2 2 2 2 2 2 2 2 2 2 2 2 2
left_child=1 4 5 12 -1 9 -7 -8 -4 11 -6 14 -3 -11 -2 16 -14 18 27 21 -21 -20 23 -5 25 -24 -12 28 29 -17
right_child=2 3 8 22 10 6 7 -9 -10 13 26 -13 15 -15 -16 17 -18 -19 19 20 -22 -23 24 -25 -26 -27 -28 -29 -30 -31
leaf_value=-0.043422758237206815 -0.02692803703721516 -0.018064997329170784 0.040567455726735528 -0.0012823509412447217 -0.020091703035667836 0.0097097034359055756 -0.12614907535740569 0.02958535242341169 0.011777716281075415 0.016639674740087207 -0.002850835505303473 0.0073118535461198777 -0.0044254578084750914 -0.012767796224843114 0.00041070348631609178 0.11427420101721222 0.11623919194435804 -0.045150481700992971 0.013016227759644101 -0.014901234008057655 0.0035435471343092995 0.074024615227728865 0.0029393011394560908 -0.062706633197480308 0.030880907210237198 -0.026346367181712974 0.16815103643721921 -0.00088695993442174364 -0.0071610905064878327 -0.010319600697265599
leaf_weight=233.7543090954423 76.537944585084915 269.48715090379119 399.84671058505774 3842.460710503161 719.02134415134788 1789.2850930765271 3.6129854060709468 263.2782581076026 90.167440239340067 64.584109175950289 2.7908545173704615 2553.8397018574178 11.91437751054764 305.79885698482394 282.15501192584634 8.5089218840003031 7.3895567804574958 24.439897976815701 32.087300464510918 155.50219746679068 690.16456271708012 17.598280481994152 3574.5120566189289 21.533382564783096 69.923632904887199 63.312461450695992 2.6083794683218002 1388.7658692449331 4473.5220040269196 12.07032662630081
leaf_count=7130 336 2040 11130 16542 11003 12693 20 4000 1805 415 29 18880 72 2133 2149 88 36 141 200 932 3992 108 16235 89 335 278 22 8235 28069 130
internal_value=3.29219e-05 -0.00353246 0.00958775 -0.00211522 -0.0252208 0.00723068 0.0120159 0.0274771 0.0352699 0.00423357 -0.0193475 0.00574351 -0.00503931 -0.00763998 -0.00542284 -0.00452475 0.041765 -0.00465611 -0.0045101 0.00206491 0.000151899 0.034625 0.00062339 -0.00162466 0.00296617 0.00242962 0.0797605 -0.0055108 -0.00693965 0.0411963
internal_weight=21450.5 15621.4 5829.11 14663.2 958.175 5339.09 2056.18 266.891 490.014 3282.92 724.421 2912.53 7091.45 370.383 358.693 6821.96 19.3039 6802.66 6778.22 895.352 845.667 49.6856 7571.74 3863.99 3707.75 3637.82 5.39923 5882.87 4494.1 20.5792
internal_count=149267 95706 53561 77522 18184 40626 16713 4020 12935 23913 11054 21365 44043 2548 2485 42003 108 41895 41754 5232 4924 308 33479 16631 16848 16513 51 36522 28287 218
is_linear=0
shrinkage=0.05


Tree=60
num_leaves=31
num_cat=0
split_feature=12 17 12 12 4 14 7 3 3 15 4 4 3 3 3 16 16 1 14 7 14 4 15 4 3 3 14 5 4 4
split_gain=293.056 215.677 98.2256 62.9702 42.1218 27.6404 46.8895 23.165 21.0598 20.5191 23.8577 37.4246 25.3574 42.5339 19.9441 22.7871 63.0329 18.2601 27.1507 18.2495 23.0362 70.0048 30.4089 60.1681 68.6416 17.9818 17.1792 16.9948 19.6558 16.5604
threshold=-0.00056185929852980976 0.50084581154448304 -0.0019049752484474045 0.0019716940556743783 0.00023665568537645235 0.40500000000000008 1.0000000180025095e-35 -0.00075179762908955661 0.00046192604802941522 99.887923779435809 -0.0010588168865152123 -0.0010849656212741363 -0.00084330624508138763 -0.00091620658941710109 -1.394821140254798e-07 1.8873075798965844e-16 1.9898872648863529e-16 -1.4036258882965666e-07 0.18833333333333335 0.15000000000000005 0.20500000000000004 0.00079171975314107368 81.040892193320886 0.00077662144849610659 -7.2715029847902888e-05 -0.00015129129536062266 0.40500000000000008 0.00011216462165084951 0.0012536529373937679 -0.00091278951001694242
decision_type=2 2 2 2 2 2 2 2 2 2 2 2 2 2 2 2 2 2 2 2 2 2 2 2 2 2 2 2 2 2
left_child=2 4 -1 7 -2 6 14 -3 29 -7 11 12 13 -11 -4 17 -17 -16 -19 20 -9 22 -22 24 25 -24 -23 -21 -29 -8
right_child=1 3 5 -5 -6 9 8 19 -10 10 -12 -13 -14 -15 15 16 -18 18 -20 27 21 26 23 -25 -26 -27 -28 28 -30 -31
leaf_value=-0.039072739014932426 -0.00069030363211235787 -0.023008809470434311 -0.033435501649461456 0.039719988413441931 0.0052206747815239339 -0.0063461944862402255 -0.020984788441814495 0.037890961448137479 0.010906738432208128 0.037693905561334159 0.0048043100306751152 0.22068113049526522 0.0026955614425112507 0.28999412402099572 0.04013064584017572 0.26969331283391978 -0.056952317088909327 -0.052962861982602152 -0.0020631261492160902 0.013781883395384602 0.010033773957023085 0.03628489770347533 -0.092942931089210715 -0.21538959111382236 0.0072529012181565657 -0.24384404127044301 0.008127296628336075 0.0023752215820441575 -0.059386163539157245 -0.0086509450916324223
leaf_weight=337.03739913925529 12123.491329006851 39.364666394889355 346.4361141808331 307.24338918924332 4011.0359882563353 514.70000662282109 335.36724466830492 180.20013840124011 117.19347377493978 5.9721258841454983 120.21493098884821 3.055290736258029 18.116564143449068 2.3191790133714729 13.362347446382044 2.6061446890234938 3.4085333831608295 42.728658970445395 67.7255615927279 857.9457566998899 26.367363415658474 171.56338604167104 4.3236398175358772 5.3440391570329657 24.42171435803175 3.6330374106764785 79.164247293025255 60.707902461290359 16.352460384368896 1443.8452832736075
leaf_count=9412 57101 348 4171 8766 25310 4305 4536 2692 1008 85 898 27 222 30 141 29 38 619 647 11393 237 2552 39 57 246 30 968 660 288 12137
internal_value=5.34564e-05 0.00259983 -0.0134638 0.0191343 0.000779163 -0.0106219 -0.013146 0.0148299 -0.00962349 -0.00160766 0.0146868 0.055009 0.0358414 0.108265 -0.0271718 -0.0104581 0.0845824 -0.0150749 -0.0217534 0.0158715 0.0236343 0.0154739 -0.031161 -0.0599555 -0.0343012 -0.161845 0.0273945 0.0117616 -0.0107307 -0.0109758
internal_weight=21285.2 17911.2 3374.09 1776.63 16134.5 3037.05 2372.67 1469.39 1896.41 664.378 149.678 29.4632 26.4079 8.2913 476.267 129.831 6.01468 123.817 110.454 1430.02 495.018 314.817 64.0898 37.7224 32.3784 7.95668 250.728 935.006 77.0604 1779.21
internal_count=148992 110687 38305 28276 82411 28893 23326 19510 17681 5567 1262 364 337 115 5645 1474 67 1407 1266 19162 6821 4129 609 372 315 69 3520 12341 948 16673
is_linear=0
shrinkage=0.05


Tree=61
num_leaves=31
num_cat=0
split_feature=11 17 11 11 4 13 7 6 6 5 4 0 4 6 13 6 4 13 6 4 11 2 6 6 4 6 13 4 17 6
split_gain=267.457 198.899 94.2345 61.0393 38.1318 25.4335 44.2048 22.3878 21.2947 26.2659 23.3986 20.6937 20.4445 20.3574 27.033 17.3217 21.145 16.7356 16.5623 19.0476 21.4608 18.9768 18.8764 34.4848 23.9522 33.2846 18.1382 17.0778 19.5289 20.0777
threshold=-0.0011237185970596195 0.50084581154448304 -0.003809950496894809 0.0039433881113487565 0.00023665568537645235 121.50000000000001 1.0000000180025095e-35 0.00014858370444416406 2.8961056069198078e-05 4.2173400601653337e-08 0.00065340301235994336 1.4323182706554863e-07 0.0017128190973424442 0.00014858370444416406 91.500000000000014 0.00029161792535287097 -0.0018062397485820168 116.50000000000001 9.707688617108316e-06 0.0001809030230310871 0.00051907000911588519 -3.1491706139252777e-05 2.1491425801647083e-06 3.8344192520556264e-06 0.00020874164201345471 6.395901875394479e-08 121.50000000000001 -0.0001491914114786774 0.4997842511611218 1.0000000180025095e-35
decision_type=2 2 2 2 2 2 2 2 2 2 2 2 2 2 2 2 2 2 2 2 2 2 2 2 2 2 2 2 2 2
left_child=2 4 15 7 18 6 -4 -3 11 10 -10 -6 -9 -8 -15 -1 -17 -5 19 20 21 -2 24 -24 25 -21 -25 28 29 -23
right_child=1 3 5 17 8 -7 13 12 9 -11 -12 -13 -14 14 -16 16 -18 -19 -20 22 -22 27 23 26 -26 -27 -28 -29 -30 -31
leaf_value=-0.040785759025616056 -0.017105676137951848 0.015759619167265357 -0.026410343903530503 0.043784444877191311 0.0063536057128866178 -0.001539970161174577 -0.010372768396963819 -0.0072171132998792055 0.029938595704982415 -0.00037199208212838506 -0.057083829903266596 0.020218263872530774 -0.15582781816623814 0.03656792618321611 -0.01946805516320816 -0.01883330065864329 0.13206572111336734 0.0084546029524277377 0.00066632054100166337 0.0035410589876501129 0.033784192891113778 0.0035737151027144991 -0.12001134372838398 -0.03936149100957384 0.0066783998262959846 -0.046377340604232417 0.03271404724043777 0.00061097584099714414 -0.020992684428528589 -0.011149859730671048
leaf_weight=313.00789752602577 213.92436059564352 1373.4149442613125 466.05143165588379 257.5989158898592 1778.9197321757674 663.87568941712379 1793.2817799821496 75.726458311080933 110.8504059240222 1784.2721830829978 8.3030452951788885 317.1021813005209 2.3872364461421958 53.571631371974945 35.976959533989429 8.9894074313342553 3.1298112943768492 38.533766504377127 8018.7228569276631 61.04244826734066 40.868926595896482 463.25845494866371 11.078166659921406 36.542501386255026 124.07890402153134 73.725323334336281 11.468287914991377 2404.502464748919 200.59983703494072 462.90622664242983
leaf_count=9116 1052 18719 5645 7936 11335 5567 16967 752 872 11004 76 2023 39 417 297 256 40 830 37436 291 299 2581 58 185 611 336 51 10587 916 2698
internal_value=5.0882e-05 0.00247764 -0.0129411 0.0184993 0.000740865 -0.0101812 -0.0126236 0.0142787 0.00497439 0.00114583 0.0238746 0.00845116 -0.0117588 -0.00921097 0.014055 -0.0385149 0.0201367 0.0391872 -0.000655831 -0.00323916 -0.00225206 -0.0026453 -0.0149939 -0.0404932 -0.00917292 -0.023767 -0.0221449 -0.00176929 -0.00684874 -0.00378527
internal_weight=21207.7 17869.8 3337.88 1747.66 16122.2 3012.76 2348.88 1451.53 3999.45 1903.43 119.153 2096.02 78.1137 1882.83 89.5486 325.127 12.1192 296.133 12122.7 4104 3786.06 3745.19 317.936 59.089 258.847 134.768 48.0108 3531.27 1126.76 926.165
internal_count=148992 110687 38305 28276 82411 28893 23326 19510 25310 11952 948 13358 791 17681 714 9412 296 8766 57101 19665 18133 17834 1532 294 1238 627 236 16782 6195 5279
is_linear=0
shrinkage=0.05


Tree=62
num_leaves=31
num_cat=0
split_feature=11 17 11 4 11 17 6 7 6 2 6 13 7 3 0 3 16 16 13 7 6 3 6 11 2 6 3 3 4 11
split_gain=243.866 184.542 90.4085 50.9718 40.2802 24.3781 22.5944 22.1285 29.0435 20.664 19.4944 21.3318 24.7307 27.1819 23.9383 19.1883 21.3811 42.3374 18.7682 35.6541 24.3286 19.9136 24.2449 17.6477 25.8102 21.3093 21.0856 32.4314 19.4604 17.6415
threshold=-0.0011237185970596195 0.50108075422678422 -0.0042731237007094794 0.00023665568537645235 0.0042435661040117765 0.49874227343206062 5.7683140979242376e-05 0.15000000000000005 5.8222935452227465e-05 -0.00099838137034330399 0.00014858370444416406 121.50000000000001 1.0000000180025095e-35 -0.00084330624508138763 -5.3424398724299931e-05 -1.394821140254798e-07 1.8873075798965844e-16 2.0009259740658232e-16 61.500000000000007 1.0000000180025095e-35 0.00021114308960796916 -6.2027939796260853e-05 3.8322444335777621e-05 0.0005718707342430297 -0.00012523154509380682 1.3196468135260366e-05 -8.4035968612838894e-05 -7.2715029847902888e-05 0.00057628218028626954 -0.0018825866868513173
decision_type=2 2 2 2 2 2 2 2 2 2 2 2 2 2 2 2 2 2 2 2 2 2 2 2 2 2 2 2 2 2
left_child=2 3 -1 -2 6 -4 -3 8 -8 -10 11 12 13 14 -7 -15 -17 -18 19 -5 -21 23 -23 24 -20 26 -25 28 -28 -16
right_child=1 4 5 18 -6 10 7 -9 9 -11 -12 -13 -14 15 29 16 17 -19 21 20 -22 22 -24 25 -26 -27 27 -29 -30 -31
leaf_value=-0.042823407526186297 -0.00062303013205042724 0.023589915270607796 -0.01897081565173802 0.03632368446463987 0.040375211701683358 -0.056226824970458014 -0.19609385221759468 -0.0019299142590196825 -0.11344382360275035 0.037979919188921463 0.014970642516925623 -0.00036843008422667972 -0.0085933653053146906 -0.03334924188301315 0.00075584691572979225 -0.012531951300909143 0.2363075836044613 -0.057568478758311108 -0.011035065587349051 0.0092624816580508928 -0.055236893458507179 0.0095938767821137638 2.9769468553203214e-05 -0.010832744769265573 0.047726110098288824 0.00015749726855819281 -0.070653149839658147 -0.016943470592397505 -0.1980173846951532 0.19173923312297608
leaf_weight=227.79559207893908 12119.660258319229 514.24328834563494 627.5102373175323 131.13442941009998 245.69339362159371 2.636563815176487 1.4046872071921814 217.73380925878882 2.3240564763545981 73.712748266756535 89.57116125524044 569.73467595130205 1441.7902708798647 238.31369957327843 1.8223055005073545 95.780669514089823 2.5392064005136481 2.3689508661627769 34.182325750589371 661.50342307984829 14.950400166213511 1846.40676240623 1033.54709880054 171.16676852852106 41.225205555558205 683.15241777151823 8.5169646739959699 22.861424334347248 4.6292843967676154 3.5937151461839658
leaf_count=7648 57101 9305 9963 1496 7590 30 28 3545 23 1339 637 4342 11877 2689 26 1018 21 23 149 5302 78 12127 7024 1061 188 4104 50 144 33 31
internal_value=4.86272e-05 0.00236076 -0.0124295 0.00108488 0.0226433 -0.0101784 0.0172608 0.00623459 0.0291898 0.0333517 -0.0079247 -0.00879419 -0.0114777 -0.0234604 0.0673309 -0.025617 -0.00731622 0.0944666 0.0055332 0.0124626 0.00783697 0.00407804 0.00616155 -0.00213524 0.0210896 -0.0041023 -0.0181489 -0.0529271 -0.115503 0.12748
internal_weight=21131.5 17828 3303.46 16772.9 1055.11 3075.66 809.419 295.175 77.4415 76.0368 2448.15 2358.58 1788.85 347.055 8.05258 339.003 100.689 4.90816 4653.28 807.588 676.454 3845.69 2879.95 965.734 75.4075 890.327 207.174 36.0077 13.1462 5.41602
internal_count=148992 110687 38305 88857 21830 30657 14240 4935 1390 1362 20694 20057 15715 3838 87 3751 1062 44 31756 6876 5380 24880 19151 5729 337 5392 1288 227 83 57
is_linear=0
shrinkage=0.05


Tree=63
num_leaves=31
num_cat=0
split_feature=11 17 11 11 17 5 15 3 11 15 1 6 3 6 1 13 7 13 6 3 16 6 6 3 3 5 13 6 15 1
split_gain=223.249 177.023 77.1749 57.0184 42.7659 21.1286 23.7285 20.6163 18.2035 17.8184 50.5033 17.9603 19.1457 17.4758 17.4227 17.0321 16.7971 22.0578 21.0705 17.2793 16.7491 18.0079 23.7963 23.1901 19.3474 17.6915 34.369 17.1668 20.589 19.6731
threshold=-0.0013783579091214968 0.50084581154448304 -0.0042731237007094794 0.0039433881113487565 0.49990193035368957 3.4558999867293504e-05 0.18382352944012584 -0.00075179762908955661 -0.0023887258166844778 54.461714332943238 0.0003131804150220408 0.00010382358763640351 0.00079266740723171758 0.0001860652921338866 0.00019958607983594503 116.50000000000001 0.15000000000000005 61.500000000000007 5.7683140979242376e-05 -2.7446914746542811e-07 -1.4565176613607198e-05 1.353487948564234e-05 1.5563112542410426e-05 0.00010679679133573929 -7.6398064831117982e-05 4.0403564252205889e-08 51.500000000000007 0.00011261499578858239 43.498406903851226 0.00030266809415979706
decision_type=2 2 2 2 2 2 2 2 2 2 2 2 2 2 2 2 2 2 2 2 2 2 2 2 2 2 2 2 2 2
left_child=2 4 -1 7 20 8 -7 -3 -4 10 -6 12 -11 -8 -10 -5 17 -9 19 -18 -2 23 -23 24 -22 26 -24 -27 -29 -30
right_child=1 3 5 15 9 6 13 16 14 11 -12 -13 -14 -15 -16 -17 18 -19 -20 -21 21 22 25 -25 -26 27 -28 28 29 -31
leaf_value=-0.042395971884435273 -0.018248568231381091 -0.022333473478561901 -0.024523545097220947 0.043022018005648907 0.00057613370303512647 -0.021145845097373061 -0.003205110161203761 0.036431114924364232 -0.012110187539230025 0.0042352677254637811 -0.067184914081958411 0.018176457407422106 -0.014380718756497322 0.031194106397080125 0.081623515137908068 0.0065889083671326291 0.0016298089046901003 0.013890556692246831 1.8448829891380006e-05 0.021083347363138404 -0.0026353577551715851 0.018960657400234036 -0.052620441119447914 0.006660802762746075 -0.012842379996604772 -0.0011328971446292397 -0.0052690655566446851 -0.0057690271481004541 0.039908333846260538 -0.0051194495511470654
leaf_weight=218.81578392907977 171.98462423682213 39.495260689407587 382.76355442404747 238.77862675487995 5055.7359640747309 191.39528656750917 691.72307382524014 168.94741380959749 952.05052144452929 5076.3612367324531 27.648286215960979 224.35712010785937 141.97731026262045 39.003333453088999 4.9834506139159194 37.056966826319695 155.04732070863247 303.53254398703575 320.70059674978256 432.73552098870277 854.93296557292342 152.04581049829721 46.79196359962225 306.41157475113869 1015.9790853410959 3398.5694651678205 211.68993748724461 79.189949959516525 85.395094394683838 33.882768124341965
leaf_count=7648 918 348 6286 7936 24961 2318 7138 2692 9241 27220 120 1277 839 335 41 830 1997 4129 4218 6126 4696 799 657 1621 5648 16978 1071 375 377 152
internal_value=4.65327e-05 0.00192763 -0.0140418 0.0173249 0.000380609 -0.0112988 -0.00547389 0.0132853 -0.0153079 0.00233622 0.000207585 0.00432433 0.00372878 -0.00136901 -0.0116221 0.0381274 0.014304 0.0219505 0.0103272 0.0159518 -0.00285761 -0.00242963 -0.00044099 -0.00608991 -0.00817817 -0.00120611 -0.0138409 -0.00029818 0.0139955 0.0271175
internal_weight=21060 18579.2 2480.74 1696.29 16883 2261.92 922.122 1420.46 1339.8 10526.1 5083.38 5442.7 5218.34 730.726 957.034 275.836 1380.96 472.48 908.483 587.783 6356.87 6184.89 4007.56 2177.32 1870.91 3855.52 258.482 3597.04 198.468 119.278
internal_count=148992 115985 33007 28276 87709 25359 9791 19510 15568 54417 25081 29336 28059 7473 9282 8766 19162 6821 12341 8123 33292 32374 20409 11965 10344 19610 1728 17882 904 529
is_linear=0
shrinkage=0.05


Tree=64
num_leaves=31
num_cat=0
split_feature=11 17 11 4 11 7 5 7 0 15 2 11 13 15 5 2 2 11 2 0 0 17 1 5 2 13 13 15 5 16
split_gain=203.863 164.136 74.5499 48.4847 38.1481 20.8155 27.5119 20.6466 26.221 18.0497 17.7924 17.6145 17.2776 21.6026 16.1279 15.7854 14.8864 21.6747 14.9801 18.6669 13.1023 13.0401 11.7228 16.8534 62.3123 11.6299 11.3413 10.923 16.8443 19.063
threshold=-0.0013783579091214968 0.50108075422678422 -0.004444815576122029 0.00023665568537645235 0.0042435661040117765 0.45000000000000007 0.00011216462165084951 0.25000000000000006 -0.00090695204124652251 42.570979216814415 0.00014977858160503124 -0.00036316825828947014 121.50000000000001 91.617366657593166 2.8473141356856975e-05 -0.00085126880723879184 0.00016441677226175513 0.0027088654099113323 0.00097055589257644137 0.00068506385768729594 -0.00021510696609972066 0.4984841868386814 -0.00042540340606506127 0.00021507295265310125 0.00058130193160887977 116.50000000000001 141.50000000000003 11.777363400449625 9.4479406343436297e-08 1.8873075798965844e-16
decision_type=2 2 2 2 2 2 2 2 2 2 2 2 2 2 2 2 2 2 2 2 2 2 2 2 2 2 2 2 2 2
left_child=2 3 -1 11 5 12 -7 21 -9 10 -5 15 13 -3 -10 -2 17 -8 -18 -20 26 -4 -22 -24 -25 -6 -11 -13 29 -29
right_child=1 4 7 9 25 6 16 8 14 20 -12 27 -14 -15 -16 -17 18 -19 19 -21 22 -23 23 24 -26 -27 -28 28 -30 -31
leaf_value=-0.043556485072921404 0.027353471896153066 0.015176486330145685 -0.026324056777945432 0.0022963664227420668 0.043728126294999198 0.0078059978713595213 -0.025927760176274024 0.12167439932322222 -0.014917487317720482 0.045184691013998711 -0.015570745383074258 -0.0031242437169658106 0.0010185542099379449 0.035115505872739566 -0.00070188541333249818 -0.0034986903464744694 0.0094393223240484495 -0.22219168849681947 -0.16793391968532301 0.027825286610336775 0.067692708520804376 -0.012752634537325747 0.0069438771747685132 -0.094832316303123623 0.045047998873307016 0.010103973714268943 -0.050761374010109078 0.00045037866560927752 0.0040444524441485639 -0.010843101243406681
leaf_weight=190.35636777430773 41.816844642162323 358.58618475496769 208.67291832715273 1161.3801421150565 198.69907157868147 81.575704842805862 2.7388256713748005 4.0647245123982421 304.74680563062429 34.012978374958038 158.33250945806503 1598.4946675151587 108.92073561996222 218.6904396917671 577.83623051643372 4850.8236109539866 8.790695805102585 2.8922888226807117 3.3674976751208296 1.9076265580952165 7.86757918447256 1166.0768427662551 3227.4070989303291 17.053783275187019 14.933206953108309 29.539637207984924 3.386653520166873 2750.4781587161124 3222.125109270215 432.4008239582181
leaf_count=7049 225 6309 3961 7444 6918 1492 19 31 3359 205 1043 6945 1663 4487 5905 26731 135 49 54 32 44 12702 22808 81 112 672 19 12587 14021 1890
internal_value=4.41581e-05 0.00183634 -0.0135054 0.000703487 0.0213775 0.0161608 -0.0049997 -0.0109758 -0.00502686 0.00509589 0.00015276 -0.000871568 0.0192837 0.02273 -0.00561039 -0.003235 -0.0580351 -0.126734 -0.0305321 -0.0971421 0.00706993 -0.0148126 0.00673309 0.00658594 -0.0295288 0.0393763 0.0364965 0.000573229 0.00149601 -0.00108386
internal_weight=20988 18536.2 2451.75 17520.5 1015.71 787.47 101.273 2261.4 886.648 4624.37 1319.71 12896.1 686.197 577.277 882.583 4892.64 19.6969 5.63111 14.0658 5.27512 3304.66 1374.75 3267.26 3259.39 31.987 228.239 37.3996 8003.5 6405 3182.88
internal_count=148992 115985 33007 94155 21830 14240 1781 25958 9295 31756 8487 62399 12459 10796 9264 26956 289 68 221 86 23269 16663 23045 23001 193 7590 224 35443 28498 14477
is_linear=0
shrinkage=0.05


Tree=65
num_leaves=31
num_cat=0
split_feature=11 11 11 11 4 6 3 3 3 16 0 15 6 6 5 15 13 3 11 13 1 6 4 4 3 16 0 4 4 3
split_gain=172.989 138.979 66.9623 45.7477 33.9877 25.8254 41.8908 21.4324 21.2166 20.0325 35.5212 18.9068 35.1252 17.1713 16.5095 16.2873 16.2484 20.3992 29.646 15.9157 17.6491 15.8397 20.5015 15.6561 15.7342 15.573 35.4675 17.3424 20.91 18.6915
threshold=0.0015315712065773204 -0.0022215650395732696 0.0036899821099226631 -0.0048603194837121269 -0.00033652218236140946 3.705395092183555e-05 -0.0014893049163060554 -0.00056578044424154806 -0.00015129129536062266 -4.0517302903750109e-05 -0.00051276014499240785 99.790411303436869 2.2608310487565855e-05 2.3159841606262301e-05 9.3886644837122415e-08 50.001243224426226 121.50000000000001 -0.00044507172070651352 0.0048054636509449198 121.50000000000001 -0.00040387307421491098 0.0001860652921338866 0.0012536529373937679 -0.00035411870833973452 0.00085500777282609974 1.9435791002168969e-08 0.00042041174776774609 -0.00028402197685190028 -0.00024028926694757977 0.00013424743642420636
decision_type=2 2 2 2 2 2 2 2 2 2 2 2 2 2 2 2 2 2 2 2 2 2 2 2 2 2 2 2 2 2
left_child=1 3 7 -1 9 6 -5 13 14 -3 15 12 -9 -2 -7 -11 -4 18 -18 20 -12 -14 -23 24 -22 26 27 -6 29 -29
right_child=2 4 16 5 25 8 -8 11 -10 10 19 -13 21 -15 -16 -17 17 -19 -20 -21 23 22 -24 -25 -26 -27 -28 28 -30 -31
leaf_value=-0.044292156514460113 -0.084786452615939256 -0.042600671850590632 0.040865463786267993 0.14742299593434471 0.0091610467773142971 -0.043349528771695185 -0.026751532921835682 0.023960972121678647 0.0055651084164884375 0.044218399588544871 0.021758538457607987 0.020528008970244951 0.0046278612496750164 -0.0070265703599624091 -0.01086267384433915 0.16868180374842923 -0.3371983005343232 0.014278734594152366 0.052442087750805361 0.00041517783655035945 -0.0070232145970831536 -0.016583286308029511 -0.14045102244819488 -0.023809144648860737 0.033489369235909942 0.0066761001143316109 -0.043609587041389411 -0.012778077243078521 0.00082962420844949437 0.0093196416518925781
leaf_weight=149.09773163497448 7.9139010347425929 34.164875939488411 261.90864668786526 3.4868022147566071 587.30566931888461 44.662525970488787 347.31557351350784 273.34848432615399 195.54767252877355 13.611346758902075 52.203129306435585 459.09948244690895 790.07018258050084 68.996777143329382 314.41729821264744 3.2575555369257918 1.024689245969056 35.253478217869997 0.93237416446208943 1099.6798792406917 1961.8173102140427 26.537640027701858 3.8215273655951014 140.32757971063256 24.26296691596508 1148.2471723407507 45.19374044239521 503.01016284152865 12223.566695727408 118.17778944969177
leaf_count=5891 90 276 9082 71 3262 820 6019 3439 2875 86 392 6600 9896 638 4962 17 20 764 21 7025 15300 200 50 882 140 5786 205 2706 60838 608
internal_value=0.000460158 -0.000987549 0.0147273 -0.0186285 4.85472e-05 -0.0144025 -0.0250203 0.0107362 -0.00768672 -0.00451096 -0.00411604 0.0120123 0.00843792 -0.0150279 -0.0149034 0.0682535 0.036473 0.00555615 -0.151568 -0.00448843 -0.00696358 0.00326599 -0.0321754 -0.0076687 -0.00652829 0.00108647 0.000610235 0.000759018 0.000374849 -0.0085741
internal_weight=20938.3 19009.4 1928.91 1054.53 17954.8 905.43 350.802 1629.79 554.627 3329.32 3295.16 1552.88 1093.78 76.9107 359.08 16.8689 299.119 37.2105 1.95706 3278.29 2178.61 820.429 30.3592 2126.41 1986.08 14625.5 13477.3 13432.1 12844.8 621.188
internal_count=148961 118161 30800 20638 97523 14747 6090 20913 8657 24118 23842 20185 13585 728 5782 103 9887 805 41 23739 16714 10146 250 16322 15440 73405 67619 67414 64152 3314
is_linear=0
shrinkage=0.05


Tree=66
num_leaves=31
num_cat=0
split_feature=17 11 11 17 11 6 6 4 5 16 0 5 16 0 0 2 13 13 13 15 4 4 13 2 6 5 6 5 4 4
split_gain=163.072 134.718 44.5737 39.5123 35.2938 28.9813 24.321 23.7011 20.2204 18.712 31.1892 18.5873 18.6995 35.4257 15.8379 15.9012 15.5051 15.4748 15.2587 14.5495 14.3575 17.9722 17.955 21.5274 20.3609 14.8202 18.0813 14.3503 16.9909 14.1299
threshold=0.50115887721229002 -0.0022215650395732696 -0.0048603194837121269 0.50041608779041324 0.0039433881113487565 0.0001860652921338866 3.705395092183555e-05 -0.00033652218236140946 9.308732494458985e-08 -4.0517302903750109e-05 -0.00051276014499240785 2.0433558652483441e-05 3.3845374191835644e-05 0.00045355395092816503 1.4820027300910257e-06 -0.00085126880723879184 61.500000000000007 121.50000000000001 121.50000000000001 64.950679645490524 -0.00028402197685190028 -0.00024028926694757977 101.50000000000001 -5.2870248416214676e-05 1.1731138771953674e-05 1.1718382425299106e-07 3.7999538927578284e-05 8.0589408680419282e-08 0.0018696616633834264 0.00059050505959312727
decision_type=2 2 2 2 2 2 2 2 2 2 2 2 2 2 2 2 2 2 2 2 2 2 2 2 2 2 2 2 2 2
left_child=1 2 -1 7 5 27 18 9 -8 -3 -11 -5 13 -13 15 -12 -7 -6 -4 -18 22 -22 23 24 -9 -25 -27 28 -2 -29
right_child=4 3 6 11 17 16 8 20 -10 10 14 12 -14 -15 -16 -17 19 -19 -20 -21 21 -23 -24 25 -26 26 -28 29 -30 -31
leaf_value=-0.043931980389560421 0.034602814166967276 -0.041626309027627352 -0.02838496508481422 0.0089577922027020678 0.042670225376107762 0.023622468214843248 -0.035276714420639239 0.13496918723057622 -0.0040696207107152127 0.062893954784715364 0.026981639810170911 0.001479268332320082 0.036091825924388074 -0.063148843152140699 0.0028149084671906868 -0.0064432862800852253 -0.10970354966457196 0.0044655825597376695 0.0029618810515317476 -0.0042015599438503821 -0.0079204326126616695 0.00053732020427090248 -0.0010753969503440714 0.01825493281636691 0.027605391224819455 -0.030742582847156807 0.012201810613276519 -0.038120531321447292 -0.15374781737918752 0.014917577952395056
leaf_weight=142.95983225852251 120.80745658650994 33.24005950987339 298.66441022232175 1770.972607947886 216.6979140881449 6.0671362616121796 58.015192821621895 4.5727709345519534 492.97917393781245 17.373022146522999 36.075831711292267 1466.6324235796928 37.940159857273102 21.514919780194759 634.35224210470915 2598.2198589257896 9.1110673248767835 30.199176155030727 44.621257049962878 5.0955046117305747 665.81769902259111 11088.609325915575 305.75043377280235 108.46605353057384 128.74311551451683 47.452982164919376 50.697268113493919 12.936810921877621 1.2093359641730774 428.28068897500634
leaf_count=5891 2576 276 5414 14593 8031 95 1078 32 7579 103 263 11278 347 140 4184 19292 88 675 676 70 3544 50850 1498 702 768 283 258 173 23 8181
internal_value=0.000438281 -0.000460803 -0.0180081 0.000496305 0.0221505 0.0154454 -0.0138639 -0.000547495 -0.00735547 -0.00430007 -0.00392249 0.00547283 0.00142864 0.000544906 -0.00427762 -0.00598554 -0.0432878 0.0379972 -0.0243104 -0.0718629 0.000456993 5.82393e-05 0.00771617 0.0156237 0.031288 0.00551656 -0.00856064 0.0175595 0.032736 0.0133625
internal_weight=20884.1 20053.7 1037.24 19016.4 830.405 583.508 894.28 15719.4 550.994 3319.26 3286.02 3297.06 1526.09 1488.15 3268.65 2634.3 20.2737 246.897 343.286 14.2066 12400.1 11754.4 645.683 339.932 133.316 206.616 98.1503 563.234 122.017 441.217
internal_count=148961 129049 20638 108411 19912 11206 14747 82053 8657 24118 23842 26358 11765 11418 23739 19555 253 8706 6090 158 57935 54394 3541 2043 800 1243 541 10953 2599 8354
is_linear=0
shrinkage=0.05


Tree=67
num_leaves=31
num_cat=0
split_feature=11 17 17 11 6 3 14 15 3 6 4 4 3 4 6 17 3 5 4 3 15 15 2 3 6 0 2 4 3 2
split_gain=151.957 126.987 47.8416 45.5342 24.3547 34.3134 24.3219 23.3521 23.3104 20.6153 22.1743 26.1047 24.5906 45.834 20.3888 21.6867 21.2346 20.3527 19.741 16.5789 16.7187 16.0971 15.8963 15.654 15.6812 15.2729 18.9037 15.163 14.9787 14.6865
threshold=0.0029281231908032672 0.49893904378655807 0.50041608779041324 -0.0048603194837121269 3.705395092183555e-05 -0.0014893049163060554 0.28833333333333339 98.711061885694434 -5.8213751239544191e-05 2.9757338886609648e-05 0.00065340301235994336 0.00080855371271515441 -0.00028028732668750051 0.00072848542177628161 2.2608310487565855e-05 0.50066083981142051 -0.00058105756464149605 6.5885635565067218e-08 -0.00033652218236140946 -0.000781570059422254 99.755501222621419 0.040461260038775045 -0.00085126880723879184 0.001625340448650703 0.00025251110791664288 0.00057562951122258632 0.00058130193160887977 0.00028589896022857003 -0.00017212878780070715 0.0001679999155203005
decision_type=2 2 2 2 2 2 2 2 2 2 2 2 2 2 2 2 2 2 2 2 2 2 2 2 2 2 2 2 2 2
left_child=1 3 18 -1 5 -5 -2 14 9 10 29 12 -12 28 15 27 -17 -6 21 -13 -21 -3 -23 24 -19 -16 -27 -4 -14 -9
right_child=6 2 7 4 17 -7 -8 8 -10 -11 11 19 13 -15 25 16 -18 23 -20 20 -22 22 -24 -25 -26 26 -28 -29 -30 -31
leaf_value=-0.043563663232909056 0.037583765686995806 -0.021049264373579849 0.027934743566778976 0.12426005883936364 -0.039396238237460628 -0.024240921857748586 0.013307129126071241 0.00086762564977165219 0.01379860094916216 0.015910738133402644 0.0039666083186950868 -0.14306203518127314 -0.1317360939582238 -0.23544336002938859 0.0001880359949928961 -0.14237724914110422 0.021326620117070622 -0.0061596863475908278 0.00043380275395696967 -0.070844769799298463 0.04986276186797909 0.027148582529305177 -0.0036576023424579177 0.1204341846848469 0.039483639827383919 -0.08821342836292935 0.020537044103770493 -0.0013453891185989289 -0.0063214789721531724 -0.10084642555815722
leaf_weight=137.10858096182346 293.93721633404493 132.22126377746463 50.618473067879677 3.9305023476481429 43.793501337990165 377.1398645080626 158.97022822871804 84.041962366551161 1160.0689141340554 75.827279787510633 5.5557427108287838 1.8388231396675134 3.9004897847771645 5.4442989975213996 1571.99815928936 1.9943878836929787 293.29822390154004 538.54802803695202 12400.086487080902 3.9680195450782749 10.353623583912849 42.461674645543098 3033.3398729078472 2.5159720405936232 19.498974934220314 10.647301003336908 6.3967003375291815 349.57071609795094 6.1104626394808275 3.7053816430270663
leaf_count=5891 10437 1195 337 71 865 6587 4094 640 11358 685 50 9 30 52 12774 19 3130 8155 57935 50 144 275 21498 22 197 60 54 2264 55 28
internal_value=0.000417483 -0.000219228 0.000733867 -0.0165665 -0.0128102 -0.0227092 0.0290627 0.0058912 0.0110764 -0.00465492 -0.0171385 -0.0495049 -0.0862524 -0.118684 0.00280257 0.00994247 0.020221 -0.00656845 -0.000470649 -0.00172761 0.016419 -0.00396666 -0.00323232 -0.00400381 -0.00456484 -0.000322379 -0.0473988 0.00235815 -0.0551858 -0.00342754
internal_weight=20828.9 20376 19253.4 1122.54 985.427 381.07 452.907 3645.34 1360.81 200.746 124.919 37.1715 21.011 15.4553 2284.52 695.482 295.293 604.356 15608.1 16.1605 14.3216 3208.02 3075.8 560.563 558.047 1589.04 17.044 400.189 10.011 87.7473
internal_count=148961 134430 112642 21788 15897 6658 14531 31739 13101 1743 1058 390 187 137 18638 5750 3149 9239 80903 203 194 22968 21773 8374 8352 12888 114 2601 85 668
is_linear=0
shrinkage=0.05


Tree=68
num_leaves=31
num_cat=0
split_feature=12 12 17 12 13 6 15 6 4 5 16 5 13 4 4 15 15 13 4 7 2 15 1 6 4 16 4 2 13 4
split_gain=141.172 116.824 44.1611 42.0632 23.7294 21.5305 21.4195 19.3989 19.3458 18.3693 17.4148 16.9593 16.4657 21.4186 20.9903 43.4799 17.6241 40.5286 25.8479 22.461 18.1458 15.1719 20.0801 14.892 14.7882 14.6264 35.2343 16.633 14.401 14.2993
threshold=0.0014640615954016336 -0.001110782519786607 0.50041608779041324 -0.0024301597418560634 86.500000000000014 3.705395092183555e-05 98.711061885694434 9.3282356949960386e-05 -0.00033652218236140946 6.2610562046568882e-08 -4.0517302903750109e-05 2.3007774750041365e-05 121.50000000000001 0.00079171975314107368 0.00077662144849610659 99.996695307338157 99.973281677785977 61.500000000000007 0.00068368253209516461 0.15000000000000005 0.00060312003076612452 0.23270245671265147 -0.00072695098049668772 9.4891485251323928e-05 0.00074470159901640642 -2.1761506775573073e-16 0.00044858702991268379 0.00037351424799081384 121.50000000000001 0.00072848542177628161
decision_type=2 2 2 2 2 2 2 2 2 2 2 2 2 2 2 2 2 2 2 2 2 2 2 2 2 2 2 2 2 2
left_child=1 3 8 -1 -2 28 7 -4 10 -7 -3 -12 13 14 16 -16 20 19 25 -18 -8 -13 -23 24 29 26 -19 -27 -5 -20
right_child=4 2 6 5 -6 9 12 -9 -10 -11 11 21 -14 -15 15 -17 17 18 23 -21 -22 22 -24 -25 -26 27 -28 -29 -30 -31
leaf_value=-0.043186848817334075 0.037024850132807839 -0.040522976176650238 0.0043786559715835033 -0.027056151909830201 0.012800326573087373 -0.040729379172761766 0.0070737699386377965 -0.0097858588801601476 0.0004121140467697634 -0.0042687818082008206 -0.0067768606235719623 -0.0089405556885141513 0.0014938251539111155 0.030871428269998575 0.030731530924240604 -0.14046715572012222 0.047144806478201698 -0.12911801643303375 -0.045709829367469756 -0.045355464088375812 -0.041196267051100181 0.073671115861193709 0.0025932678804826562 0.056547061903332335 0.0025688580798947517 0.012267702727703316 0.059418483064387087 0.054752064097907019 0.0036336674798544324 -0.14891220752903361
leaf_weight=131.53120990283787 283.71648303233087 32.13604823872447 2004.4951895363629 285.37754013203084 157.05108479037881 37.069446593523026 401.57386445254087 274.86627041548491 12400.044879574329 507.26328873820603 1805.6576982550323 331.47669498622417 361.87614324688911 157.40707030892372 8.0653463266789895 6.8660072088241568 123.51493647322059 5.5107569321989995 18.001697257161144 6.9309723302721968 20.461779851466417 10.025438472628592 1121.166144579649 4.4880240112543097 12.800249353051184 187.37509481608868 4.5029769614338875 26.268172740936279 44.136389013379812 4.1256492063403121
leaf_count=5891 10437 276 16698 5414 4094 781 3445 1940 57935 7876 13860 2530 3002 2354 96 76 1751 37 176 80 179 57 7395 45 132 1435 36 217 676 40
internal_value=0.000398133 -0.000208671 0.000655632 -0.016826 0.0283933 -0.0128582 0.00562652 0.00267057 -0.000493374 -0.00675177 -0.00389535 -0.00353521 0.0106182 0.0139606 0.0107554 -0.0479922 0.011831 0.0194428 0.00814366 0.04223 0.00473347 0.000466602 0.00322321 -0.0291901 -0.0402069 0.0147231 -0.0443369 0.0174913 -0.0229454 -0.0649519
internal_weight=20775.8 20335 19329.6 1005.38 440.768 873.847 3629.13 2279.36 15700.5 544.333 3300.46 3268.33 1349.77 987.893 830.486 14.9314 815.554 393.519 263.073 130.446 422.036 1462.67 1131.19 39.4156 34.9276 223.657 10.0137 213.643 329.514 22.1273
internal_count=148961 134430 113792 20638 14531 14747 31739 18638 82053 8657 24118 23842 13101 10099 7745 172 7573 3949 2118 1831 3624 9982 7452 393 348 1725 73 1652 6090 216
is_linear=0
shrinkage=0.05


Tree=69
num_leaves=31
num_cat=0
split_feature=11 11 11 17 13 6 15 6 17 5 15 0 1 5 15 1 15 6 6 5 0 6 0 0 11 1 16 6 11 16
split_gain=131.072 107.163 40.8212 40.1118 23.1162 20.2043 19.692 18.1929 20.6088 17.3978 16.0636 46.1837 36.1219 36.3952 27.9664 27.356 22.2671 22.2362 19.4044 23.6222 18.1856 23.7763 17.791 16.6201 20.1553 22.3552 18.5949 47.3637 27.3904 21.7537
threshold=0.0029281231908032672 -0.0022215650395732696 -0.0048603194837121269 0.50041608779041324 86.500000000000014 3.705395092183555e-05 98.711061885694434 2.2608310487565855e-05 0.50075821311551594 6.2610562046568882e-08 16.666666677782718 -0.00041708192783723724 -0.00042540340606506127 0.00015631627374012869 56.862745098051278 -0.00014416251335686023 38.941304454709616 9.8212023353091583e-05 2.1241460631118893e-05 4.9160008264342143e-05 1.4849444818221261e-07 0.0001059394843292201 -0.00025150955212793752 -8.9456957208855479e-05 -0.00085802788636490923 -0.00024227413106248094 1.0000000180025095e-35 1.0000000180025095e-35 -0.00036316825828947014 2.0009259740658232e-16
decision_type=2 2 2 2 2 2 2 2 2 2 2 2 2 2 2 2 2 2 2 2 2 2 2 2 2 2 2 2 2 2
left_child=1 2 -1 10 -2 -4 7 8 -5 -7 17 15 16 20 22 -12 -13 18 -3 -20 23 -22 -15 -14 -25 -26 -27 28 -28 -29
right_child=4 3 5 6 -6 9 -8 -9 -10 -11 11 12 13 14 -16 -17 -18 -19 19 -21 21 -23 -24 24 25 26 27 29 -30 -31
leaf_value=-0.042801197551990279 0.036457434018831593 -0.0081431048050923244 -0.022257891210559749 0.0036441975662006854 0.012307154815987188 -0.04016582236036937 0.010185620603200135 -0.0004022763830471248 0.022494630108624583 -0.0040702940764597061 0.013374814561121951 0.01191605347092025 0.0080643575224735656 0.011485567485216321 -0.0022569300874961053 0.084904092443232521 0.0752901948846596 -0.020539989451723056 0.0028821318695781799 -0.0089520629809236255 0.00273292164908393 0.023501841828314878 -0.055383519624481285 -0.0066361492979234637 0.045651281134547028 0.00082301602721524154 0.037363079150146292 -0.019305888258206252 -0.064934790044378396 -0.000857643273392616
leaf_weight=126.2154986448586 273.9742845967412 1052.2385899722576 322.91394319757819 480.54193839430809 155.22477408498526 35.743864031508565 1338.6349608451128 1586.6699865050614 207.64712085947394 505.44759427011013 28.733624786138535 31.028900519013405 500.77746246755123 11.713618651032446 73.415398951619864 24.99363999068737 25.050577871501446 180.23044925183058 1759.6488096266985 554.57899036258459 2715.9322954639792 145.16815849393606 65.951821215450764 1469.1140159852803 26.485495537519455 5780.2675407864153 7.5748667083680621 190.16299672424793 48.054446328431368 1000.619098983705
leaf_count=5891 10437 5560 6090 3310 4094 781 13101 12888 2440 7876 145 156 2566 54 373 116 117 1054 9294 3102 13675 706 319 11636 117 27394 40 870 222 4537
internal_value=0.000379866 -0.000198376 -0.0162397 0.000624515 0.0277232 -0.01236 0.00537394 0.00254251 0.00933193 -0.00645428 -0.000469181 0.000395325 0.000189795 3.2457e-06 -0.024383 0.0466499 0.0402251 -0.00342953 -0.00251349 4.61985e-05 0.000313263 0.00378671 -0.0452982 -0.000788124 -0.0013083 -0.00019856 -0.000371381 -0.00591043 -0.0510052 -0.00380375
internal_weight=20724.8 20295.6 990.321 19305.2 429.199 864.105 3613.49 2274.86 688.189 541.191 15691.7 12145 12091.3 12035.2 151.081 53.7273 56.0795 3546.7 3366.47 2314.23 11884.2 2861.1 77.6654 9023.06 8522.28 7053.16 7026.68 1246.41 55.6293 1190.78
internal_count=148961 134430 20638 113792 14531 14747 31739 18638 5750 8657 82053 63043 62782 62509 746 261 273 19010 17956 12396 61763 14381 373 47382 44816 33180 33063 5669 262 5407
is_linear=0
shrinkage=0.05


Tree=70
num_leaves=31
num_cat=0
split_feature=4 11 11 4 14 5 14 3 3 15 0 6 3 3 14 15 3 4 15 4 3 4 4 6 3 14 3 2 5 4
split_gain=129.535 91.2152 77.7786 38.6094 32.3601 26.189 38.319 27.6584 40.0655 26.1163 31.7527 25.8308 24.567 23.8901 23.6163 36.0846 30.7351 24.9513 31.308 41.7078 34.0114 22.1913 21.4111 20.2978 20.0343 19.9097 19.0086 18.8769 17.5938 16.2474
threshold=0.00032799826252982728 -0.003809950496894809 0.0040910530927649189 -0.00033652218236140946 0.40500000000000008 1.0000000180025095e-35 0.17166666666666669 0.00022195324654139539 0.00033164956142961449 98.711061885694434 0.00057562951122258632 2.4245823931828572e-05 0.00028390689272050912 -0.00064930707519278419 0.20500000000000004 99.973281677785977 -0.00015892637683223573 0.0004387712657609733 99.84139571765219 0.00074470159901640642 -0.000781570059422254 0.00084218152393678036 -0.00056978695288206749 0.00029161792535287097 0.0010397821686499722 0.13833333333333336 -0.00026307594119912009 0.00065017195598526822 1.3520444993998855e-05 0.00031931306902943662
decision_type=2 2 2 2 2 2 2 2 2 2 2 2 2 2 2 2 2 2 2 2 2 2 2 2 2 2 2 2 2 2
left_child=1 23 9 4 5 6 -3 -8 12 10 11 13 22 -2 15 24 17 28 -19 -20 -21 -15 -9 -1 -11 -26 -7 -12 -16 -5
right_child=2 3 -4 29 -6 26 7 8 -10 14 27 -13 -14 21 16 -17 -18 18 19 20 -22 -23 -24 -25 25 -27 -28 -29 -30 -31
leaf_value=-0.035272296301056709 -0.1347532377068312 -0.050875963621833734 0.037873866440925337 -9.7211916201454034e-05 0.00084110087757007521 -0.012796033367605007 -0.018729967669334279 -0.057232630331376683 -0.017384710010070716 0.011490843600885545 -0.096160976656189862 0.00010505319723491036 0.17027091816306186 0.0089048926825261721 0.042547618655671401 0.04608351704996623 0.010940304856107115 0.019384715800614245 -0.086718075604382244 -0.14423994749848501 0.037802846315669603 0.037772010702774916 0.079814090071468891 0.038268464338086755 -0.24831818462656285 -0.012230899971678082 -0.0035079690356041404 0.00028409389674894465 -0.038944095171182906 -0.019776191853919739
leaf_weight=236.02036301791668 2.7965053636580697 83.04424848780036 203.57349798083305 12169.567930437624 1232.5987098701298 863.82536242157221 282.3065053448081 3.8735732734203348 26.369007937610149 139.22011785209179 12.784528477117421 1690.067145107314 5.1803561337292185 699.76073995791376 23.056254282593727 114.63061268813908 1132.5119786784053 20.083535270765424 34.073927946388721 3.0889528095722225 15.148601172491906 73.575835833325982 10.785114511847496 9.7712404113262874 1.480513917282223 2.2504192013293505 1520.4325639009476 8.4117465522140247 9.2927753329277021 105.79825332015753
leaf_count=9014 23 1480 8181 57338 8804 8383 2888 39 220 1973 83 15719 40 5493 128 2041 10707 188 218 19 261 1297 65 299 23 43 13468 89 48 605
internal_value=-0.00012898 -0.00211646 0.00772901 -0.00166069 -0.00590808 -0.00888362 -0.0205312 -0.0128604 0.0229994 0.00618799 0.00304902 0.00357275 0.0766757 0.0111238 0.0114112 0.0251849 0.00854368 -0.0173691 -0.0336819 -0.0540554 0.00696968 0.0116513 0.0435994 -0.0323487 0.00842661 -0.105915 -0.00687307 -0.0578867 0.0191378 -0.00026682
internal_weight=20735.4 16549.6 4185.81 16303.8 4028.42 2795.82 411.559 328.515 46.2081 3982.23 2487.4 2466.2 19.839 776.133 1494.84 257.582 1237.26 104.744 72.395 52.3115 18.2376 773.337 14.6587 245.792 142.951 3.73093 2384.26 21.1963 32.349 12275.4
internal_count=149177 102643 46534 93330 35387 26583 4732 3252 364 38353 22704 22532 144 6813 15649 4080 11569 862 686 498 280 6790 104 9313 2039 66 21851 172 176 57943
is_linear=0
shrinkage=0.05


Tree=71
num_leaves=31
num_cat=0
split_feature=17 17 4 11 16 11 6 2 13 5 4 3 0 1 2 3 15 6 6 6 2 11 3 16 15 3 4 6 0 0
split_gain=120.877 92.822 48.5581 42.5568 29.8212 22.029 21.485 22.7158 20.7619 38.3745 174.239 21.9446 28.0667 27.4797 25.0991 20.1334 17.7094 16.7748 16.1159 17.9097 18.0085 16.3576 17.6781 15.6537 15.6453 27.4043 24.7046 18.7942 14.5917 29.2256
threshold=0.50100937051518268 0.49838632071178213 7.8338143877032542e-05 0.0040910530927649189 -1.0453530319615123e-07 -0.0048603194837121269 0.00029161792535287097 -0.00033084107878966757 61.500000000000007 1.0000000180025095e-35 -1.0000000180025095e-35 -0.00021487797802122174 -0.00035978471512954075 -0.00040387307421491098 -0.00012853463674034057 0.001625340448650703 13.087515962496882 6.5099431134194868e-05 1.0942104349600866e-05 9.6478893497647648e-05 -0.00079736817953468531 -0.0016122410405393637 5.2647214936141225e-05 -4.0517302903750109e-05 99.996695307338157 -0.00091620658941710109 0.0018696616633834264 0.00014322545793443863 -1.324006853598014e-07 -1.313180477136022e-07
decision_type=2 2 2 2 2 2 2 2 2 2 2 2 2 2 2 2 2 2 2 2 2 2 2 2 2 2 2 2 2 2
left_child=1 5 8 4 17 -1 15 -8 9 10 -3 -11 -13 -14 -15 -7 18 -2 -10 21 -21 22 -20 -19 27 -26 -27 -6 -4 -30
right_child=3 2 28 -5 24 6 7 -9 16 11 -12 12 13 14 -16 -17 -18 23 19 20 -22 -23 -24 -25 25 26 -28 -29 29 -31
leaf_value=-0.043289640842031581 0.0059224219718882823 -0.049067406971086941 -0.00095204535120353869 0.037329240931353778 0.013496185369991876 -0.020539548106452976 -0.0069094701203621925 0.17483059526108918 -0.01886966064450863 -0.013165326431583513 0.048924356586318628 0.074984446040620087 0.074303450535443127 0.012228591168466607 -0.005223696033983094 0.18006252538590006 -0.00021863501013675028 0.043316590291110638 -0.020747571785622063 0.013887164625933524 -0.037290613669015441 -0.0012250993184962226 0.026886013207319565 -0.047945360386801639 -0.10519357613896373 0.035064527196937055 -0.13783758025713119 -0.021982368290798072 0.044666593925595022 0.0037151542413647459
leaf_weight=116.11346292309463 45.096020869910717 186.65078501403332 2004.4400900825858 196.39939848892391 583.63250275887549 271.19511379674077 4.1374356355518103 2.9419030398130408 200.85359609499574 551.80587406829 59.928433001041412 11.847054053097962 11.64579977467656 239.80720905959606 1461.8771169520915 1.2565897107124318 7220.7573744431138 5.3267556466162196 192.26027731969953 22.526713330298662 72.544842422008514 1646.3643021434546 21.67407313361764 39.850202495232224 3.6997903920710078 144.47494665533304 2.0959063656628123 39.87835412658751 43.930259443819523 5280.1617849320173
leaf_count=5821 722 2854 11415 8181 10390 6301 58 22 1069 4126 433 63 68 1570 9039 12 38825 59 2321 197 477 8106 242 571 23 3102 41 449 255 32365
internal_value=-0.00012247 -0.00101097 -0.000517719 0.0163201 0.0115447 -0.0249839 -0.0173799 0.0686148 -0.00248945 -0.00651517 -0.0252516 -0.00448617 -0.0017101 -0.00224042 -0.00276426 -0.0196143 -0.00140603 -0.0156505 -0.00538238 -0.00399698 -0.0251643 -0.00291521 -0.0159217 -0.0371848 0.0147174 0.0291997 0.0325921 0.0112271 0.0026841 0.00405305
internal_weight=20685.2 19624.7 19229.1 1060.45 864.054 395.645 279.531 7.07934 11900.5 2523.56 246.579 2276.98 1725.18 1713.33 1701.68 272.452 9376.98 90.273 2156.22 1955.37 95.0716 1860.3 213.934 45.177 773.782 150.271 146.571 623.511 7328.53 5324.09
internal_count=149177 125639 113425 23538 15357 12214 6393 80 69390 18153 3287 14866 10740 10677 10609 6313 51237 1352 12412 11343 674 10669 2563 630 14005 3166 3143 10839 44035 32620
is_linear=0
shrinkage=0.05


Tree=72
num_leaves=31
num_cat=0
split_feature=17 17 12 4 12 6 7 14 15 3 6 15 15 3 2 1 15 1 0 3 4 4 4 3 14 4 15 5 6 15
split_gain=111.18 84.1366 52.53 37.1442 21.6301 19.0206 18.6513 24.5801 76.3513 24.1686 18.4715 20.081 17.854 40.6818 17.7833 17.4758 17.0164 24.7752 34.4085 23.6308 26.5084 25.136 17.46 16.4441 16.4379 16.0659 21.2746 17.778 17.0188 15.7351
threshold=0.50077580141263878 0.49838632071178213 0.0020455265463824594 -0.0001491914114786774 -0.0024301597418560634 0.00029161792535287097 0.45000000000000007 0.20500000000000004 99.959726137728424 0.00089170942330296665 0.00014322545793443863 99.898063200868847 1.0000000180025095e-35 8.235522749111547e-05 -0.00033084107878966757 0.00011677857507330637 79.135621191288848 0.00034800897068976161 0.00057562951122258632 -0.0004886774531449033 0.00053084211800535918 0.00010883062246047627 -3.4147019986219267e-05 0.001625340448650703 0.17166666666666669 -0.00013155281839949404 0.34702151580548707 0.00026538464878079283 7.1599455863081787e-08 71.274430508010539
decision_type=2 2 2 2 2 2 2 2 2 2 2 2 2 2 2 2 2 2 2 2 2 2 2 2 2 2 2 2 2 2
left_child=1 4 10 6 -1 23 7 8 9 12 -2 -12 13 -3 -7 -8 17 18 25 20 21 22 -18 -6 -24 26 -5 -27 -28 -19
right_child=2 3 -4 16 5 14 15 -9 -10 -11 11 -13 -14 -15 -16 -17 19 29 -20 -21 -22 -23 24 -25 -26 27 28 -29 -30 -31
leaf_value=-0.042916624125814151 0.010276424323442791 -0.040656788048250236 0.036775645062227719 -0.019142169293548394 -0.019886991461827763 -0.0066019549091309825 0.021509712632069255 -0.0028460060400289713 -0.04618575517989721 0.062591959875886394 -0.023005935717071265 0.039082595826752074 -0.0056586694975599497 0.20865280473404035 0.1498543791466618 -0.00028695064371931652 -0.0050717768761961253 -0.046927310557836173 -0.085590936522986397 0.0038458259529419361 -0.11786720000299244 0.015192091785207619 0.017988014627075891 0.1505404054663253 -0.075451879396301297 -0.00075733238750111983 -0.054987755466055881 0.046193402953171404 0.022103730828915504 0.0036597879953569864
leaf_weight=111.38654198683798 1473.0935266409069 58.428146447986364 189.56253932230175 43.905996277928352 266.21806598454714 4.1142535880208015 131.50673568248749 5029.4149783104658 134.99601176008582 12.554838214069603 77.945255417376757 15.634990572929381 1053.5125502534211 1.6834404058754433 3.2515988685190669 305.79687729477882 27.441080525517464 46.709443934261799 11.806546390056608 4546.6479014903307 6.4535449445247641 44.178224422037601 5.7006227076053611 1.4229424074292172 26.996771663427353 6755.0397176519036 7.4328957051038733 20.222561575472355 194.31650176644325 22.912384681403637
leaf_count=5821 21386 793 8181 208 6301 58 888 32774 2147 84 696 266 8556 16 22 1955 152 210 49 24461 37 252 35 12 110 32615 34 96 853 109
internal_value=-0.000116937 -0.0012366 0.011916 -0.000753986 -0.0243283 -0.0167994 -0.003717 -0.00441112 -0.0106526 -0.00639321 0.00890804 -0.0126324 -0.00717093 -0.0336748 0.0624645 0.00626778 0.000941191 -0.000599005 -0.00030518 0.00328992 -0.0195277 -0.013444 -0.0344802 -0.0189809 -0.0591611 -0.000161762 0.0123993 -0.000617196 0.0192635 -0.0302792
internal_weight=20630.3 18874.1 1756.24 18487.7 386.393 275.007 6727.89 6290.59 1261.17 1126.18 1566.67 93.5802 1113.62 60.1116 7.36585 437.304 11759.8 7102.35 7032.72 4657.42 110.77 104.317 60.1385 267.641 32.6974 7020.92 245.655 6775.26 201.749 69.6218
internal_count=149177 118648 30529 106434 12214 6393 47213 44370 11596 9449 22348 962 9365 809 80 2843 59221 34174 33855 25047 586 549 297 6313 145 33806 1095 32711 887 319
is_linear=0
shrinkage=0.05


Tree=73
num_leaves=31
num_cat=0
split_feature=17 11 17 11 16 13 5 13 16 15 6 15 7 15 2 2 17 6 17 2 3 6 6 3 17 3 2 3 16 5
split_gain=102.695 80.244 43.3638 39.3481 27.6165 20.909 101.252 24.196 23.1615 17.846 17.7779 17.4928 17.4553 17.3281 16.8904 16.6193 15.6866 15.5043 15.0906 14.8936 27.2915 24.6933 14.8674 14.6153 17.2535 14.5316 14.4916 14.0448 14.0129 13.7952
threshold=0.50100937051518268 -0.003809950496894809 0.49984922893389899 0.0042435661040117765 -1.0453530319615123e-07 61.500000000000007 1.0000000180025095e-35 51.500000000000007 -2.1773616378554269e-05 42.857142857143877 0.00029161792535287097 99.953762570173822 0.45000000000000007 99.943385536365938 0.0001679999155203005 0.0012440325864606641 0.5013456057553507 3.3191843271910817e-05 0.5013456057553507 -1.3317830488412949e-07 -3.1336906002377145e-05 0.00011535219956569386 6.5099431134194868e-05 -2.7446914746542811e-07 0.5015345181726264 0.00018383147648826095 0.00089138419630196985 -7.4620319395202186e-06 -4.0517302903750109e-05 0.00019996833642653864
decision_type=2 2 2 2 2 2 2 2 2 2 2 2 2 2 2 2 2 2 2 2 2 2 2 2 2 2 2 2 2 2
left_child=1 10 5 4 22 6 -3 13 -9 26 -1 25 23 19 17 -16 -17 -14 -19 20 -8 -21 -2 24 27 -10 -4 -6 -24 -30
right_child=3 2 9 -5 12 -7 7 8 11 -11 -12 -13 14 -15 15 16 -18 18 -20 21 -22 -23 28 -25 -26 -27 -28 -29 29 -31
leaf_value=-0.033607953631312672 0.0057557607736237297 -0.048375715285125305 -0.0014915433070227138 0.037323448102317344 -9.0463554720578816e-05 -0.0021146978672704499 -0.0024251795631372837 -0.054807886971069066 -0.012477638160710685 0.00258962033505781 0.034459426272900585 -0.044464719634363804 0.053420951442739374 0.045004497671253668 0.013316375325843463 0.024008106890263121 -0.18648207585095877 -0.018904952779012871 -0.097350025875461113 -0.010450025433820209 0.022586304330425792 0.035568777217504906 0.042723977502338438 0.0215191195536539 0.037915466799466016 0.012072981702735117 -0.09649982363104756 -0.11669710683279055 -0.034837424833057067 -0.13410521954953078
leaf_weight=215.45538095198572 45.048210483044386 145.06172078102827 3689.1220799684525 169.02179169282317 149.24896678328514 5688.6119156330824 416.16118648275733 32.443308804184198 346.65747719630599 8216.6986350268126 10.039740122854708 36.134396601468325 4.0434408206492689 20.435816545039415 67.592585522681475 1.5438451617956155 2.0744899120181799 14.499683681875469 10.621941495686768 479.98374475538731 147.80103807151318 31.03547702357173 5.2533824648708096 484.88174021802843 32.729754075407982 72.959289330989122 4.0179597213864318 2.6277818568050852 38.560788637027144 3.8492213971912852
leaf_count=9014 746 2694 18698 7599 2064 37566 3529 359 2780 44710 299 332 81 163 1244 17 37 166 246 3669 1110 184 61 9510 1116 512 20 36 572 43
internal_value=-0.000111794 -0.000922997 -0.000577011 0.0152635 0.0109409 -0.00357811 -0.00839382 -0.00473141 -0.0139893 0.00129203 -0.0305774 -0.0110835 0.0140456 -0.00060546 -0.0053983 0.00772772 -0.0966716 -0.0374475 -0.0520731 -0.00147252 0.00412973 -0.00765519 -0.0148399 0.0169608 0.00498795 -0.00820899 -0.00159491 -0.002108 -0.0343054 -0.0438472
internal_weight=20584.2 19552.6 19327.1 1031.6 862.576 7417.29 1728.67 1583.61 488.194 11909.8 225.495 455.751 769.864 1095.42 100.376 71.2109 3.61834 29.1651 25.1216 1074.98 563.962 511.019 92.7116 669.488 184.607 419.617 3693.14 151.877 47.6634 42.41
internal_count=149177 125639 116326 23538 15939 52898 15332 12638 3983 63428 9313 3624 14517 8655 1791 1298 54 493 412 8492 4639 3853 1422 12726 3216 3292 18718 2100 676 615
is_linear=0
shrinkage=0.05


Tree=74
num_leaves=31
num_cat=0
split_feature=4 11 4 11 13 5 13 3 3 6 11 4 17 7 2 3 4 3 3 6 13 7 6 5 3 3 6 4 4 3
split_gain=94.9998 74.7829 44.859 37.9275 29.2766 22.4208 35.2745 24.4372 34.3677 21.2704 19.4155 19.2375 20.9046 18.7859 21.2635 18.5661 19.0267 17.309 17.1321 17.0831 16.8725 77.9993 18.3511 21.3024 17.7779 16.1584 15.9716 24.7972 23.103 15.6753
threshold=0.00079171975314107368 -0.0042731237007094794 -0.00033652218236140946 0.0042435661040117765 121.50000000000001 1.0000000180025095e-35 51.500000000000007 0.00022195324654139539 0.00033164956142961449 5.7683140979242376e-05 0.00048586874329592527 -0.00028402197685190028 0.4996856062863268 0.15000000000000005 -0.00099838137034330399 0.00028390689272050912 -0.00056978695288206749 -0.00026307594119912009 0.0012930884135166079 5.8222935452227465e-05 61.500000000000007 1.0000000180025095e-35 9.3282356949960386e-05 4.4461692980023447e-06 -0.00015892637683223573 0.00033862334647716269 3.6446052458781706e-05 -0.00036305424625426847 -0.00088890790098306016 0.0010397821686499722
decision_type=2 2 2 2 2 2 2 2 2 2 2 2 2 2 2 2 2 2 2 2 2 2 2 2 2 2 2 2 2 2
left_child=1 -1 4 9 5 6 -3 -8 15 -2 11 -4 25 14 -11 16 -9 -7 -6 -16 21 -12 -23 -24 -22 -13 28 -28 -19 -10
right_child=3 2 10 -5 18 17 7 8 29 13 20 12 -14 -15 19 -17 -18 26 -20 -21 24 22 23 -25 -26 -27 27 -29 -30 -31
leaf_value=-0.036079081868449783 0.016604375048408077 -0.049995142441483092 0.0077258122719371276 0.036775193942802965 0.00080406238321524169 -0.01191986624195363 -0.017549927039326407 -0.056676401231687983 -0.030348916812742363 -0.12401635480906803 0.038107882226442458 -0.013640093167220807 -0.000606700895348439 -0.0060075044838221918 -0.13517833602216231 0.14603387757413025 0.072918354179284259 -0.034335789069567545 0.11529237400534185 0.030567498394608303 -0.0060076828504663712 0.0052638082705756548 -0.077537060422553719 -0.0083280682512804054 0.0030714852237649719 0.013997344535690778 0.0052798902281022651 -0.030677575122667118 -0.0051332608620956975 0.09290504310781901
leaf_weight=149.82564697600901 542.5206923019141 74.930311134085059 647.45424907281995 163.11524127796292 1233.4797314181924 872.1769334487617 280.85674135759473 3.7861349526792774 23.265417657792572 2.4063298758119336 185.4477548673749 489.51478188484907 9128.7973695620894 254.52645503915846 1.5887016095221032 5.7317860238254061 11.241407141089439 74.253366397693753 3.2762697637081137 72.449816394597292 655.55039277672768 992.99826683849096 12.468462515622376 102.68819361738861 3037.1186655648053 59.29205435141921 635.17796226963401 51.862165436148643 770.67450818791986 2.9012915641069403
leaf_count=7597 9728 1617 3567 7599 8983 9025 2995 42 213 22 2542 3177 40289 3878 29 40 65 1413 22 1378 3576 8356 78 693 19226 339 5722 283 6671 12
internal_value=-0.000106464 -0.000890351 -0.000617956 0.0146431 -0.00530199 -0.00812607 -0.0190447 -0.0119695 0.0214299 0.0105102 0.000619065 -0.000618247 -0.00117648 0.000520766 0.0222569 0.0694702 0.0402674 -0.00629712 0.00110735 0.027011 0.00318116 0.00809523 0.00307267 -0.0158216 0.00145968 -0.0106542 -0.00309599 0.00256559 -0.00769962 -0.0166829
internal_weight=20541.4 19504.8 19354.9 1036.61 4043.61 2806.86 402.713 327.783 46.926 873.492 15311.3 10325.1 9677.6 330.971 76.4448 20.7593 15.0275 2404.14 1236.76 74.0385 4986.27 1293.6 1108.15 115.157 3692.67 548.807 1531.97 687.04 844.928 26.1667
internal_count=149177 126543 118946 22634 37103 28098 4984 3367 372 15035 81843 47372 43805 5307 1429 147 107 23114 9005 1407 34471 11669 9127 771 22802 3516 14089 6005 8084 225
is_linear=0
shrinkage=0.05


Tree=75
num_leaves=31
num_cat=0
split_feature=4 11 13 4 16 3 7 13 5 13 3 3 3 3 13 5 16 3 4 4 3 3 3 3 15 3 3 1 4 11
split_gain=89.9818 75.5838 41.3378 34.9538 22.5278 17.5813 17.5323 17.336 22.4243 30.7239 32.7472 23.8646 20.9274 16.4499 16.2198 18.5684 16.6761 16.0247 46.5817 22.2226 18.948 16.7489 49.3545 29.8008 15.3396 14.9743 14.8952 19.8766 19.01 14.4935
threshold=0.00084218152393678036 -0.0034379724891771542 61.500000000000007 -0.00032013710102835041 1.9435791002168969e-08 -0.00091620658941710109 1.0000000180025095e-35 121.50000000000001 4.4881050605978864e-08 51.500000000000007 0.00022195324654139539 0.00033164956142961449 0.00043264291420741513 0.001625340448650703 121.50000000000001 1.9290805195714022e-05 2.2015842067090402e-05 -0.00084330624508138763 -0.00071071553506313323 -0.001183884793317713 -0.00035272143728060085 1.5066752545589426e-07 -1.0000000180025095e-35 -0.00025220577002665884 93.09040936501161 0.0011101970503054617 -0.00028028732668750051 -0.00040387307421491098 -0.00066935104870213802 -0.0057335389807293682
decision_type=2 2 2 2 2 2 2 2 2 2 2 2 2 2 2 2 2 2 2 2 2 2 2 2 2 2 2 2 2 2
left_child=1 13 -2 7 -5 6 -4 8 9 -3 17 -12 -13 29 15 -7 -16 18 -11 20 -19 22 23 -22 -18 -9 28 -28 -10 -1
right_child=2 3 5 4 -6 14 -8 25 26 10 11 12 -14 -15 16 -17 24 19 -20 -21 21 -23 -24 -25 -26 -27 27 -29 -30 -31
leaf_value=-0.04599146345542536 0.037181843085005072 -0.046377334676121471 -0.11102180927734794 9.2839756434165898e-05 0.0072310560716036176 0.031334724671814952 -0.0056997780103312037 -7.0788077966214675e-05 -0.020096532437458112 -0.053222994482889731 0.065884918474160864 -0.060730066793608234 0.027576781203948009 0.11813172560589434 0.0038565021966412388 0.0096314443796907366 -0.03211969565166263 -0.052400746903723532 0.12475885901944866 -0.022430457047428614 0.2566888056070169 -0.052680042187602971 0.48302932407691446 -0.052592629332716023 -0.20062383346874887 0.082619925483834636 0.04819253679993174 -0.0026843562663450499 -0.0042372680015522989 -0.020288906073193749
leaf_weight=71.33564935810864 175.05655509606004 75.040349699556828 5.688025917857888 13994.083667673171 1200.0821239668876 153.5101976711303 12.941050853580235 1259.3449891842902 310.99251109734178 7.5508545152842999 21.55246814340353 10.322517368942501 19.16616727784276 1.986035756766795 262.09530831873417 275.27586402930319 5.7560462132096282 2.4304512664675713 7.1642692238092405 276.00718469545245 1.2938532270491121 1.153346177190542 0.93323155492544119 1.9567866697907446 1.7646872475743292 5.4987574443221083 19.437171958386898 1555.529997587204 481.51333174481988 237.30629902146757
leaf_count=4130 7476 1527 39 75667 6693 3570 185 8799 4014 142 147 86 152 52 3730 5842 93 56 48 2665 29 24 19 42 28 34 147 13365 3508 7067
internal_value=-0.000130851 -0.00083906 0.0153987 -0.000444262 0.000656638 0.0100806 -0.0378578 -0.00456744 -0.00676735 -0.0173486 -0.0111164 0.0258935 -0.00333504 -0.0253065 0.0113593 0.0174015 0.00175008 -0.0174451 0.03343 -0.0200832 0.0633224 0.11602 0.162525 0.0705108 -0.071658 0.0002887 -0.00486977 -0.00205647 -0.0104607 -0.0262295
internal_weight=20453.8 19561.7 892.088 19251.1 15194.2 717.031 18.6291 4056.89 2792.04 424.571 349.531 51.0412 29.4887 310.628 698.402 428.786 269.616 298.49 14.7151 283.775 7.76767 5.33722 4.18387 3.25064 7.52073 1264.84 2367.47 1574.97 792.506 308.642
internal_count=149376 128413 20963 117164 82360 13487 224 34804 25971 4937 3410 385 238 11249 13263 9412 3851 3025 190 2835 170 114 90 71 121 8833 21034 13512 7522 11197
is_linear=0
shrinkage=0.05


Tree=76
num_leaves=31
num_cat=0
split_feature=17 11 4 13 6 3 16 6 16 1 4 3 5 5 16 7 17 4 6 3 13 13 16 6 4 16 1 4 6 13
split_gain=83.3791 71.3171 37.4268 25.9813 23.4035 22.6142 19.8008 19.643 17.7514 19.6426 17.4302 16.4463 15.7357 21.9553 21.2316 15.6155 17.1043 16.07 49.8265 15.4809 15.2116 15.1801 14.3169 41.9228 25.8133 25.511 16.1581 13.6806 16.8096 21.8159
threshold=0.50141725614703836 -0.0034379724891771542 0.00013510098056579436 81.500000000000014 0.00029161792535287097 8.235522749111547e-05 3.3845374191835644e-05 0.00015410722907700631 8.7683949400033299e-08 0.00028431180579591159 -0.0018062397485820168 0.001625340448650703 0.00011216462165084951 0.00011864878033041215 -2.1964636199487562e-16 0.45000000000000007 0.49927747319066607 0.00012874573950760751 9.0416706490055822e-08 -1.394821140254798e-07 56.500000000000007 121.50000000000001 1.8873075798965844e-16 6.395901875394479e-08 -0.00047085431965354635 1.9489420584164409e-16 1.3745891525029921e-07 0.0030352757155978076 0.0001860652921338866 106.50000000000001
decision_type=2 2 2 2 2 2 2 2 2 2 2 2 2 2 2 2 2 2 2 2 2 2 2 2 2 2 2 2 2 2
left_child=1 4 5 -2 11 8 -4 -7 9 15 -6 -1 -5 14 -14 16 19 22 21 -3 -10 -19 -18 24 -24 -25 -26 28 -15 -30
right_child=3 2 6 12 10 7 -8 -9 20 -11 -12 -13 13 27 -16 -17 17 18 -20 -21 -22 -23 23 25 26 -27 -28 -29 29 -31
leaf_value=-0.028483800196110461 0.033075510892894726 -0.011288156689351648 0.0025401647212077993 0.015125288642535898 -0.013424236657934366 0.00098651506248346641 0.030747500330741792 0.02565488866279024 0.027587866619342684 -0.026124584294795812 0.1056773647411417 0.11532910929009213 -0.33726890248353508 -0.0017139154250240642 -0.05424684904644559 0.010657730101447386 -0.001450218300965588 -0.099981691101210149 0.0051238730930726895 0.0071037593777673741 0.0025645861705113453 -0.02273868032318048 0.062205384321787675 -0.032154133988667968 -0.066186353880898816 -0.0034645242615824927 0.033044001263826332 0.051505860926590596 -0.27062591672150954 -0.049858978085037475
leaf_weight=289.0468211825937 235.9082133192569 1042.8859394341707 6713.7275728210807 132.74026470817626 6.501662315800786 3576.4540257491171 62.797536093741655 82.56158759444952 72.876464683562517 95.616667851805687 5.8232856299728137 2.0017486102879039 1.0264189802110197 17.492405865341432 1.8697319626808155 194.83593176305294 5913.676514621824 20.677215106785301 50.931088767945766 128.51439978182316 364.48306638374925 9.1864457428455335 4.8602427318692198 82.651347778737545 50.04064954072237 1239.6026732586324 4.4687932133674613 6.903481760993599 1.3882077578455199 5.7712963204830885
leaf_count=10884 10435 12836 46762 3935 265 19383 575 425 476 560 55 45 26 445 50 1190 29803 101 235 1552 2163 39 33 408 249 6003 23 260 43 117
internal_value=-0.000125338 -0.000578795 -0.000208512 0.0223891 -0.0246369 -0.00178554 0.00280156 0.00154313 -0.00309867 -0.00358526 0.0428488 -0.0274947 0.00731066 -0.0227988 -0.154552 -0.00333875 -0.00365779 -0.00276645 -0.024943 -0.00927038 0.00673417 -0.0762207 -0.00252085 -0.0071034 -0.0482066 -0.00525785 -0.0580513 -0.0107065 -0.0281283 -0.0926651
internal_weight=20417.3 20014.2 19710.8 403.1 303.374 12934.3 6776.53 3659.02 9275.31 8837.95 12.3249 291.049 167.192 34.4515 2.89615 8742.33 8547.5 7376.09 80.7947 1171.4 437.36 29.8637 7295.3 1381.62 59.3697 1322.25 54.5094 31.5554 24.6519 7.1595
internal_count=149376 134065 122816 15311 11249 75479 47337 19808 55671 53032 320 10929 4876 941 76 52472 51282 36894 375 14388 2639 140 36519 6716 305 6411 272 865 605 160
is_linear=0
shrinkage=0.05


Tree=77
num_leaves=31
num_cat=0
split_feature=17 11 17 13 6 16 0 3 6 16 0 11 13 17 6 3 17 3 3 11 16 3 7 11 3 1 13 16 6 2
split_gain=77.029 66.0857 33.5562 24.8679 21.3818 18.0443 22.6244 16.5038 18.1149 17.6276 19.3802 14.9887 14.7665 14.4067 17.6459 20.8874 24.9273 32.5177 25.9835 26.5127 24.6135 30.7975 30.3567 27.6932 20.6138 20.1121 17.9037 17.7918 17.4737 16.8747
threshold=0.50141725614703836 -0.0034379724891771542 0.50017781489173285 81.500000000000014 0.00029161792535287097 3.3845374191835644e-05 0.00057562951122258632 9.2918850282508472e-05 0.00015410722907700631 8.7683949400033299e-08 0.00018229408175629572 -0.0053956378226245319 46.500000000000007 0.49927747319066607 1.353487948564234e-05 -4.3105438625068431e-05 0.49984098732971122 -3.1336906002377145e-05 -1.5532992153677313e-05 9.4146925038951515e-05 1.8873075798965844e-16 1.3956744837617665e-07 1.0000000180025095e-35 -1.0000000180025095e-35 3.451484829952723e-05 1.4881148346912457e-07 116.50000000000001 -1.9209050654286196e-16 6.2926081734180264e-06 -1.5001181719043186e-07
decision_type=2 2 2 2 2 2 2 2 2 2 2 2 2 2 2 2 2 2 2 2 2 2 2 2 2 2 2 2 2 2
left_child=1 4 7 -2 -1 6 -4 9 -9 10 13 -6 -11 -3 15 -15 -17 -18 28 20 22 25 24 -24 27 -22 -26 -20 -19 -25
right_child=3 2 5 -5 11 -7 -8 8 -10 12 -12 -13 -14 14 -16 16 17 18 19 -21 21 -23 23 29 26 -27 -28 -29 -30 -31
leaf_value=-0.026821470841106004 0.032451522210839252 -0.0079984807305424673 0.0026455805253165748 0.0070311516880076086 -0.030107060083132048 0.029865310748104581 -0.046761180398283031 0.00067507231648195401 0.024339609158590209 0.033199424254686374 -0.022437392385370777 0.08233020197446711 0.0037709588007136586 -0.00071257942014299621 -2.218356560077454e-05 -0.016741639863262693 -0.042045491081467823 0.037487787204378849 0.08867552150727763 -0.015488671490201819 -0.045599802766511308 0.011346218641333925 -0.012703020900307643 -0.057408154036842199 -0.039450105685369524 0.041647473891988952 0.022433882011941374 0.022886320456371439 -0.034963224545696496 0.026435665106148476
leaf_weight=283.6559048704803 228.60902812331915 1222.0943027287722 6474.7953557483852 166.11976410076022 4.7707439418882132 60.663169384002686 23.254202384501696 3536.9627273790538 82.760755892843008 47.598992586135864 129.50039367377758 7.8267657440155727 408.06359794735909 1614.4665952436626 4293.3961613327265 612.12094461172819 54.476056978106499 59.099243804812431 10.896626368165014 358.5325845927 72.882441192865372 53.314775787293911 243.51166948676109 6.4852111637592307 24.855102136731148 7.2636152654886237 22.061771720647812 180.62087941169739 9.6861071735620481 80.40118333697319
leaf_count=10929 10435 15006 45966 4876 234 572 131 18902 421 323 759 86 2409 8272 21236 3745 233 254 45 1571 313 228 1023 26 116 30 91 777 41 326
internal_value=-0.000119146 -0.000551136 -0.000198463 0.0217535 -0.0239907 0.00272217 0.00246877 -0.00165726 0.00121613 -0.00275079 -0.00323364 0.0397496 0.00684509 -0.00295503 -0.00215499 -0.00483979 -0.0085494 -0.00431437 -0.00249477 -0.00442576 0.00122205 -0.0181026 0.00575605 -0.00405626 0.0193529 -0.0376926 -0.0103503 0.0266295 0.0272855 0.0201776
internal_weight=20380.7 19986 19689.8 394.729 296.253 6558.71 6498.05 13131.1 3619.72 9511.33 9055.67 12.5975 455.663 8926.17 7704.07 3410.67 1796.21 1184.09 1129.61 1060.83 702.293 133.461 568.832 330.398 238.434 80.1461 46.9169 191.518 68.7854 86.8864
internal_count=149376 134065 122816 15311 11249 46669 46097 76147 19323 56824 54092 320 2732 53333 38327 17091 8819 5074 4841 4546 2975 571 2404 1375 1029 343 207 822 295 352
is_linear=0
shrinkage=0.05


Tree=78
num_leaves=31
num_cat=0
split_feature=4 11 13 4 6 4 15 0 1 1 3 13 6 13 7 3 4 4 3 3 3 4 4 4 4 4 11 2 6 6
split_gain=72.4959 60.0374 36.5821 27.6498 19.5481 15.998 16.2897 45.2681 50.0842 21.8277 15.8884 16.1057 16.6703 15.7509 19.387 21.6012 36.3531 38.3994 42.3604 18.3063 18.1342 15.2917 35.8117 20.1219 14.7921 16.7991 18.961 20.2777 17.933 14.9256
threshold=0.00084218152393678036 -0.0034379724891771542 61.500000000000007 -0.00032013710102835041 0.00029161792535287097 -0.00028402197685190028 56.218856137079563 0.00030783414610457976 0.0003131804150220408 -0.00020049208639727476 -0.00091620658941710109 106.50000000000001 8.5008568531268921e-05 121.50000000000001 1.0000000180025095e-35 -1.0000000180025095e-35 -0.0010849656212741363 -0.0011140230505630731 1.5066752545589426e-07 1.0000000180025095e-35 -0.0022044437085020348 -0.00047085431965354635 -0.00049183936037577858 -0.00034502902145339126 0.00013510098056579436 0.00016759659494269832 0.00035237806123666898 -0.00011237998142160642 1.6185846821802654e-05 2.1241460631118893e-05
decision_type=2 2 2 2 2 2 2 2 2 2 2 2 2 2 2 2 2 2 2 2 2 2 2 2 2 2 2 2 2 2
left_child=1 4 -2 13 -1 -5 7 8 24 -8 11 12 -4 14 15 -3 17 18 -17 21 -16 22 -18 -23 29 26 -26 28 -28 -7
right_child=2 3 10 5 -6 6 9 -9 -10 -11 -12 -13 -14 -15 20 16 19 -19 -20 -21 -22 23 -24 -25 25 -27 27 -29 -30 -31
leaf_value=-0.026141473877901802 0.035684854420656713 -0.021452947129868082 -0.14513288465981442 0.0099545080928281557 0.036922707747558133 -0.0056033643036570583 0.056378338757541946 -0.048202321385937205 -0.059335030585280571 0.001836598005699065 0.010408664997790853 0.015512672868665658 -0.018098597154946015 0.00054758422831715494 0.12594192175624061 0.2760590812598544 0.028909667547048434 0.35363435889471023 -0.038955867241557383 -0.010790699833490427 -0.0042993663139953061 -0.040312673891861495 0.27252410394674498 0.096221116871511081 0.00016209554349904838 0.00070296483508703851 -0.11575654500806956 0.037112324130988993 0.0067199583631942922 0.00023587325992699087
leaf_weight=276.66276567615569 159.58709242194891 370.2075370401144 4.8803828954696673 441.56460200622678 12.859065160155295 2113.6933150887489 18.39022696390748 51.204028323292732 36.645503453910351 7276.902420854196 683.88491118885577 8.313060134649275 5.4849122762680054 1260.136821936816 2.6758649572730056 1.5133754871785638 5.4012354910373688 1.3497052937746037 3.6195899620652199 139.98250502720475 2224.945001937449 7.9590902291238317 2.0931567475199726 4.0828157812356922 149.82650677859783 2648.39295335114 3.1818510442972174 109.29497635364532 49.245545223355293 2269.2708079665899
leaf_count=10929 7476 4606 60 2341 320 9532 99 239 169 41594 13263 86 78 8833 23 21 90 21 74 1435 19581 77 14 29 649 17019 15 532 238 9933
internal_value=-0.000113593 -0.000741509 0.0140748 -0.000400584 -0.0233405 0.000576945 0.000295756 -0.00135198 -0.0010269 0.00197409 0.00916603 -0.0363317 -0.0779113 -0.0040852 -0.00619746 -0.0147329 0.000253939 0.116322 0.0539214 -0.00446295 -0.00414292 0.040877 0.0969503 0.00597919 -0.00073591 0.00199491 0.0129774 0.02485 -0.000713216 -0.00258011
internal_weight=20343.3 19481.1 862.15 19191.6 289.522 15167.6 14726 7430.76 7379.55 7295.29 702.563 18.6784 10.3653 4023.97 2763.83 536.209 166.001 6.48267 5.13297 159.519 2227.62 19.5363 7.49439 12.0419 7342.91 2959.94 311.549 161.722 52.4274 4382.96
internal_count=149376 128413 20963 117164 11249 82360 80019 38326 38087 41693 13487 224 138 34804 25971 6367 1761 116 95 1645 19604 210 104 106 37918 18453 1434 785 253 19465
is_linear=0
shrinkage=0.05


Tree=79
num_leaves=31
num_cat=0
split_feature=11 11 4 13 3 6 16 0 6 3 13 15 15 6 0 1 2 6 4 2 6 15 4 17 3 6 16 0 1 1
split_gain=66.3544 56.6211 28.8629 21.6159 18.1944 17.8852 17.187 22.4313 16.1993 14.8643 14.4449 79.4439 35.8731 23.5638 18.045 17.061 14.7439 31.5331 16.8975 16.0823 15.8111 16.3183 14.9053 21.3838 18.8092 14.5126 14.1986 18.9306 15.1747 15.3394
threshold=0.0029281231908032672 -0.0034379724891771542 0.00013510098056579436 71.500000000000014 8.235522749111547e-05 0.00029161792535287097 3.3845374191835644e-05 0.00057562951122258632 0.00021114308960796916 0.001625340448650703 61.500000000000007 99.973281677785977 1.0000000180025095e-35 9.3282356949960386e-05 -0.00051276014499240785 0.00047643897197413582 0.00021016774825444176 5.4024473990654502e-05 0.00016759659494269832 0.00089138419630196985 6.4397232189182107e-05 0.36526344927460747 0.00051070936589181503 0.50094299830201006 0.00071840265315070717 2.340932919755988e-05 8.7683949400033299e-08 0.00018229408175629572 0.00028431180579591159 1.4999640396418104e-07
decision_type=2 2 2 2 2 2 2 2 2 2 2 2 2 2 2 2 2 2 2 2 2 2 2 2 2 2 2 2 2 2
left_child=1 5 4 -2 26 9 7 10 -6 -1 11 12 -4 16 -15 -16 18 22 20 -19 21 -14 23 24 25 -18 27 28 29 -3
right_child=3 2 6 -5 8 -7 -8 -9 -10 -11 -12 -13 13 14 15 -17 17 19 -20 -21 -22 -23 -24 -25 -26 -27 -28 -29 -30 -31
leaf_value=-0.026500066247179217 0.033686903012979968 -0.0035112538417786964 0.048033052355688603 0.0088219970658509912 0.0010968823835260219 0.034128082179792546 0.029003299107232258 -0.046284393113220086 0.034770703611972313 0.10729049590857286 0.0012623048859628943 0.042120642211553073 -0.021077913913053498 0.052760381471245024 -0.020617455933372882 -0.096871568130081243 0.052755367878431561 0.029934075547415458 0.0036795831787285621 -0.10335129757063295 -0.039986577916306595 0.041218623786569493 0.0066340191747764551 -0.14714327963412005 -0.12046716944115828 -0.028244757951167567 0.0060352382043749988 -0.022445132334819626 -0.027214712463600473 0.0028827061321146886
leaf_weight=267.90881269425154 178.0678827483207 7541.1674622446299 42.214475635439157 171.67192079313099 3622.9681329391897 13.20706559717655 60.509230567142367 23.736143995076418 36.070747476071119 2.092239584773778 5382.6352849211544 144.24750878848135 12.244625851511953 7.7064068242907515 93.41739159449935 7.9603452049195758 5.9505781531333914 47.977264743298292 743.87446766905487 2.3752531744539729 8.2632096707820875 74.291377812623978 31.272404618561268 3.9470755048096171 5.2043216973543158 78.210168190300465 439.35899135097861 125.62629548832774 63.675343576818705 1071.2608248442411
leaf_count=10884 8971 45580 418 5646 19632 320 584 133 176 45 35410 2332 62 47 612 44 43 426 6374 19 42 396 440 45 36 568 2639 746 367 6339
internal_value=-0.000108574 -0.000486893 -0.000167395 0.0214818 -0.0015553 -0.0226843 0.00247489 0.00223586 0.00142884 -0.0254633 0.00240796 0.00711835 0.00278412 0.00108271 -0.0209982 -0.0266051 0.00345904 -0.00974468 0.00621318 0.0236467 0.0260939 0.0324038 -0.0232403 -0.0332522 -0.0282219 -0.0225177 -0.00273688 -0.00317477 -0.00289574 -0.00271594
internal_weight=20309.1 19959.4 19676.2 349.74 12900.1 283.208 6776.04 6715.53 3659.04 270.001 6691.79 1309.16 1164.91 1122.69 109.084 101.378 1013.61 174.937 838.674 50.3525 94.7992 86.536 124.585 93.3121 89.3651 84.1607 9241.09 8801.73 8676.1 8612.43
internal_count=149376 134759 123510 14617 75479 11249 48031 47447 19808 10929 47314 11904 9572 9154 703 656 8451 1577 6874 445 500 458 1132 692 647 611 55671 53032 52286 51919
is_linear=0
shrinkage=0.05


Tree=80
num_leaves=31
num_cat=0
split_feature=17 17 4 17 14 14 5 15 3 5 15 16 6 5 3 15 2 14 15 6 4 6 3 1 15 2 15 1 6 6
split_gain=66.662 58.094 37.5473 21.5752 19.2237 18.5156 77.1164 23.5767 17.1095 17.0961 22.413 16.4835 22.169 16.4653 14.817 14.3804 14.831 16.1725 18.5888 17.5954 15.6692 13.6078 14.0015 21.8817 19.8898 19.7794 15.3179 15.7073 14.7109 14.1607
threshold=0.50162503866575403 0.49767737087787706 0.00013510098056579436 0.4990786009646726 0.25500000000000006 0.20500000000000004 1.0000000180025095e-35 1.0000000180025095e-35 -2.7446914746542811e-07 6.6014465656098094e-05 0.073909830022415704 2.4303933115939169e-05 9.3282356949960386e-05 2.5953249736746345e-05 0.0010397821686499722 0.17663944327317441 9.1092673979442668e-06 0.13833333333333336 99.943385536365938 4.6350831762605617e-05 0.00016759659494269832 6.3744004049504999e-05 -5.8213751239544191e-05 0.00022690037222894424 56.218856137079563 0.00033436146765530866 16.666666677782718 -0.00028963185081520843 0.0001860652921338866 9.8212023353091583e-05
decision_type=2 2 2 2 2 2 2 2 2 2 2 2 2 2 2 2 2 2 2 2 2 2 2 2 2 2 2 2 2 2
left_child=1 -1 3 8 -2 6 -4 -8 9 -3 -11 12 14 -14 15 -9 20 18 -18 -20 -17 -5 26 25 -25 -24 29 -28 -26 -23
right_child=4 2 5 21 -6 -7 7 11 -10 10 -12 -13 13 -15 -16 16 17 -19 19 -21 -22 22 23 24 28 -27 27 -29 -30 -31
leaf_value=-0.038065140003069153 0.036429344784290156 -0.016167091873195805 0.046024419050091858 -0.0017487123137698048 0.0097666659060721816 0.0015516951256783892 0.046423861926164565 -0.016500510857721765 0.0007789685604937778 -0.03419394776887983 0.0095247520668776103 0.039713820047358031 -0.056725667553632675 -0.0092375328334590567 -0.058958448129158618 0.036280069312546563 -0.0073819678786466239 0.0082871730852521648 -0.13646569303896308 0.019860929440134734 0.0094108843312132769 -0.0017174549070284686 0.02089028099606139 -0.055507472518842041 -0.0044729975606042256 9.6961274774926657e-05 0.025677707915063748 0.00050763963871648264 0.051906152115933059 -0.024784950367403011
leaf_weight=101.62406045850366 151.07976862043142 627.80476520583034 121.88406813703477 10358.749879613519 122.35229836404324 5487.3316166698933 32.366052573546767 71.45605687610805 367.89557042531669 36.375186089426279 151.06364593654871 30.083351040259004 22.431281322613358 97.998238384723663 9.0958253871649486 62.063896104693413 187.76332269236445 269.94777703657746 5.4296622201800329 2.6926588285714388 431.50293541140854 171.99821132794023 340.20391707122326 18.15405635535717 169.28176648914814 172.28627536445856 70.76718907058239 499.3447237201035 12.419053018093107 108.49973952397704
leaf_count=6468 8254 10664 2152 53389 4151 37138 337 602 5401 692 2116 369 155 694 85 332 1804 2560 65 35 3833 1012 1587 81 823 910 351 2686 56 661
internal_value=-2.25565e-05 -0.000357156 -0.000164948 -0.00173166 0.0244986 0.00284024 0.00809834 0.00431811 -0.00817162 -0.0122108 0.00104051 0.00317335 0.00222602 -0.0180827 0.00457783 0.00513845 0.00675012 0.000351107 -0.0105855 -0.0846413 0.0127896 -0.00109255 0.00325631 0.00842766 -0.00560535 0.0139001 -0.00107444 0.00363196 -0.000619544 -0.0106402
internal_weight=20311.9 20038.5 19936.9 13104.8 273.432 6832.05 1344.72 1222.83 1183.14 815.244 187.439 1190.47 1160.38 120.43 1039.95 1030.86 959.4 465.833 195.886 8.12232 493.567 11921.7 1562.95 712.345 199.855 512.49 850.61 570.112 181.701 280.498
internal_count=149463 137058 130590 80429 12405 50161 13023 10871 18873 13472 2808 10534 10165 849 9316 9231 8629 4464 1904 100 4165 61556 8167 3457 960 2497 4710 3037 879 1673
is_linear=0
shrinkage=0.05


Tree=81
num_leaves=31
num_cat=0
split_feature=11 17 17 17 15 6 3 2 1 3 6 15 3 6 3 14 17 3 17 6 14 3 6 17 6 3 6 6 17 3
split_gain=62.4119 54.7882 37.5743 20.7234 15.9293 20.0532 16.9283 16.2138 26.1182 15.6673 19.4083 50.207 17.2841 20.4647 29.5561 25.1359 18.2701 16.4966 15.9169 15.1536 17.9228 16.5297 26.0466 16.1693 16.4483 15.2027 19.4295 14.9973 21.5555 14.9252
threshold=0.0042435661040117765 0.49767737087787706 0.50023643597107548 0.4990786009646726 0.057265570220330637 4.6726328464666517e-05 -0.0012158231006960116 -0.00031643939372832936 -0.00047463089913896134 -6.920281488204115e-05 3.705395092183555e-05 99.996695307338157 2.4168414366476658e-06 7.9335430859711707e-08 0.00055341715773760136 0.12166666666666669 0.50131315191042802 6.8206797605441247e-06 0.50036559627085975 1.6185846821802654e-05 0.10500000000000001 -8.4035968612838894e-05 1.4552611333610627e-05 0.50031691310435289 6.395901875394479e-08 -0.00028637735105613288 9.1785619154450437e-05 4.557567009156217e-05 0.50047163628762947 0.0003133637623692343
decision_type=2 2 2 2 2 2 2 2 2 2 2 2 2 2 2 2 2 2 2 2 2 2 2 2 2 2 2 2 2 2
left_child=1 -1 3 4 -3 6 -6 -7 -9 19 12 -12 -11 14 15 -14 17 -15 -13 20 -4 -22 23 -23 -25 27 -27 28 -21 -17
right_child=-2 2 9 -5 5 7 -8 8 -10 10 11 18 13 16 -16 29 -18 -19 -20 25 21 22 -24 24 -26 26 -28 -29 -30 -31
leaf_value=-0.03755369037395534 0.033559608740053905 -0.030736820383481647 0.030525175999854739 -0.00088727783405513096 0.056725422027743236 -0.010828270698308331 -0.01389094634053098 0.097925533332195641 0.0051654350951444127 0.015289667822153685 -0.002233620275362285 -0.0026228586228597421 0.038097594101149379 -0.046640381643453972 0.022827865759201746 -0.0059625458768859246 0.035246003959578574 0.0076388882615887437 0.033734946169277011 -0.030229046742044616 -0.00886633747193377 0.03304253999236758 -0.17621650313549433 -0.11988169060634646 -0.028732588734602618 0.0099202187251906625 -0.022321453412564741 0.0025997535631648032 0.0006617702207375 -0.027618222922590481
leaf_weight=97.951311785727739 137.42803701665252 71.240117061883211 25.419193260371685 12989.142650093883 8.6163453720509988 194.52456629090011 564.33151146955788 7.7680825013667336 328.38687581382692 561.59333157911897 1536.5493784323335 38.425669077783823 26.532510936260223 14.129502698779104 88.632054438814521 275.96655591204762 60.082069791853428 1504.1218169145286 138.97353043965995 108.59320935606956 297.16611729748547 7.8817110657691947 3.3479495719075194 6.2144596725702312 24.3143898434937 553.75933773815632 51.032943099737167 325.09123367071152 117.66092895157635 111.79567808099091
leaf_count=6468 7621 1442 331 66333 167 3055 9728 81 4400 4257 14081 249 480 104 1054 2028 1992 11274 2159 507 2096 38 23 36 189 4331 348 2484 1137 970
internal_value=-2.1043e-05 -0.000250194 -6.78738e-05 -0.00146247 -0.00782168 -0.00634249 -0.012829 0.000660644 0.00730899 0.00329304 0.0048181 0.000674123 0.00750556 0.00540514 -0.00337814 -0.00898451 0.00820389 0.00713374 0.0258596 -0.00107687 -0.0099686 -0.0130056 -0.0424619 -0.0308036 -0.0472869 0.00172526 0.00719964 -0.0042798 -0.0141646 -0.0122061
internal_weight=20276.7 20139.2 20041.3 14164 1174.87 1103.63 572.948 530.68 336.155 5877.28 4356.8 1713.95 2642.85 2081.26 502.927 414.295 1578.33 1518.25 177.399 1520.48 364.344 338.925 41.7585 38.4106 30.5288 1156.14 604.792 551.345 226.254 387.762
internal_count=149463 141842 135374 85206 18873 17431 9895 7536 4481 50168 38648 16489 22159 17902 4532 3478 13370 11378 2408 11520 2713 2382 286 263 225 8807 4679 4128 1644 2998
is_linear=0
shrinkage=0.05


Tree=82
num_leaves=31
num_cat=0
split_feature=12 17 4 13 5 15 17 3 3 13 15 7 4 6 5 15 1 0 5 4 6 13 15 1 0 15 5 13 15 0
split_gain=58.2535 51.3911 34.474 20.0556 75.9103 22.7462 17.9134 15.4008 16.4696 15.9822 20.9711 17.6383 14.8878 13.4032 19.7961 13.8682 24.2313 22.1758 26.3443 13.2483 34.8174 18.9945 12.0481 19.576 34.7314 28.566 19.644 18.5503 18.4066 16.0184
threshold=0.0021217830520058882 0.49767737087787706 0.00013510098056579436 61.500000000000007 1.0000000180025095e-35 1.0000000180025095e-35 0.4990786009646726 -2.7446914746542811e-07 -0.0013243459098092323 121.50000000000001 13.087515962496882 1.0000000180025095e-35 -0.0010077472705392052 9.3282356949960386e-05 2.5953249736746345e-05 56.218856137079563 0.00022690037222894424 0.00030783414610457976 0.00014247967959709942 0.00012874573950760751 8.9779064938255967e-08 121.50000000000001 6.7622639428084037 -0.00022297391836417765 -0.00041708192783723724 35.389245577176524 0.00016452577322737796 51.500000000000007 56.862745098051278 0.000228144524902163
decision_type=2 2 2 2 2 2 2 2 2 2 2 2 2 2 2 2 2 2 2 2 2 2 2 2 2 2 2 2 2 2
left_child=1 -1 6 4 -4 -6 7 8 -3 11 -11 -10 -12 -7 -15 16 17 18 -16 22 21 -21 -8 25 -25 -24 -26 -27 -28 -29
right_child=-2 2 3 -5 5 13 19 -9 9 10 12 -13 -14 14 15 -17 -18 -19 -20 20 -22 -23 23 24 26 27 28 29 -30 -31
leaf_value=-0.037032025011434072 0.032953824496111582 0.019870020577688455 0.045703529945721466 0.001446954812086635 0.045852830921559382 0.0052938925991534462 -0.0038249885830389284 0.0010026939167187617 -0.033691529844065114 -0.029361651451107015 0.020344655005256979 -0.0124121843398418 -0.027039228491882578 -0.052582462055941082 -0.018442011408433646 0.016775436845670573 -0.083541792811215196 -0.076332371226739137 0.062426204864821401 -0.087349801302046712 -0.0010573027340095747 -0.0095217727256623613 0.0023033560586520571 0.062479666901007827 -0.00029470407942397154 0.08011903070231953 -0.04950614115622539 0.033228656233086705 -0.0022906856926261407 -0.048992410680887055
leaf_weight=94.453769337385893 133.0681986855343 40.066946471109986 122.80700336024165 5556.6246833559126 32.418040566146374 1083.7457837145776 2604.0744074434042 366.414635008201 122.08559058234096 41.36187805980444 95.548173479735851 481.27077233418822 20.056865505874157 23.922434875741601 27.705519791692495 51.256345378234982 11.592695450410245 8.7372236941009742 15.822444597259162 22.317197293043137 92.08353528380394 12.084768831729887 179.40940324962139 21.929198503494263 8817.7424826137722 19.745434977114201 39.398884184658527 56.138232655823231 43.357355564832687 6.622495397925376
leaf_count=6468 7621 646 2567 39646 400 11093 13903 5401 2865 571 1317 7879 194 191 224 586 70 53 115 108 427 51 895 98 45274 94 187 267 220 32
internal_value=-1.9439e-05 -0.000237615 -6.39883e-05 0.00278601 0.00818554 0.00451483 -0.00157477 -0.0074873 -0.011374 -0.0130205 0.00119209 -0.0167179 0.0121238 0.00341889 -0.0111961 -0.00259542 -0.0181437 -0.00363805 0.0109536 -0.000995771 -0.0170915 -0.0600103 -0.000823069 2.80776e-05 -0.000367422 0.0135012 -0.000522266 0.0378509 -0.0247692 0.0245527
internal_weight=20243.9 20110.8 20016.3 6934.63 1378.01 1255.2 13081.7 1166.8 800.39 760.323 156.967 603.356 115.605 1222.78 139.037 115.114 63.8579 52.2652 43.528 11914.9 126.486 34.402 11788.4 9184.34 8922.43 261.916 8900.5 82.5062 82.7562 62.7607
internal_count=149463 141842 135374 54945 15299 12732 80429 18873 13472 12826 2082 10744 1511 12332 1239 1048 462 392 339 61556 586 159 60970 47067 45779 1288 45681 393 407 299
is_linear=0
shrinkage=0.05


Tree=83
num_leaves=31
num_cat=0
split_feature=11 17 4 13 5 13 2 3 17 13 2 11 1 3 5 0 5 3 3 1 0 0 11 5 1 2 5 1 3 2
split_gain=54.3435 48.1792 31.1922 18.3446 72.2455 18.4876 29.3352 21.1282 16.3424 14.4632 15.5684 15.3969 14.1482 14.1352 15.2249 12.9185 12.6487 18.4298 14.3963 12.4183 12.2445 20.4804 25.3094 16.3831 15.0044 16.6891 12.9838 21.5368 18.5968 11.9332
threshold=0.0042435661040117765 0.49767737087787706 0.00013510098056579436 61.500000000000007 1.0000000180025095e-35 51.500000000000007 0.00030799252469049248 0.00039753275409459837 0.4990786009646726 31.500000000000004 0.00065017195598526822 0.0021285781050759405 0.00064342810349116164 -2.7446914746542811e-07 6.6014465656098094e-05 -4.2483339848853323e-05 4.3029072872738189e-05 -6.920281488204115e-05 0.00085500777282609974 4.115010884686577e-05 1.3814745913887097e-07 1.3682975308348946e-07 0.00023985660459180383 0.00031431665607193086 0.00028431180579591159 7.4252075351832772e-05 0.00012658608346980676 -0.0003078147014057841 0.0006970731588105129 -0.00049124355560015143
decision_type=2 2 2 2 2 2 2 2 2 2 2 2 2 2 2 2 2 2 2 2 2 2 2 2 2 2 2 2 2 2
left_child=1 -1 8 4 -4 6 12 9 13 10 11 19 15 14 -3 -6 17 -7 -19 -8 21 23 -23 24 -10 -26 29 -28 -29 -22
right_child=-2 2 3 -5 5 16 7 -9 20 -11 -12 -13 -14 -15 -16 -17 -18 18 -20 -21 26 22 -24 -25 25 -27 27 28 -30 -31
leaf_value=-0.036500268201152354 0.032341037183547632 -0.014749986465769999 0.045240334289100709 0.0013756947415545521 -0.01068434010472191 -0.016398562223912706 -0.16762160991886366 -0.0059194923197742472 -0.0014529380372819737 -0.031938111372880558 -0.2109461552260993 0.034619510748591785 -0.08864577829058598 0.00095175802234066472 0.0016200423064304623 0.0072035517106427693 0.024104017882240546 0.016949380103206572 -0.068132528784543789 -0.044426358522355075 0.024803506409731647 -0.015496062484445039 -0.098699147611270924 0.046713480133967943 -0.060710926935228574 -0.0095125261225385074 0.030295871658978887 -0.035669259703739763 0.018627523732672738 0.0021966952631305675
leaf_weight=91.123303169384599 128.91635148599744 607.16131917573512 117.983667277731 5552.3439875673503 120.84021329320967 66.771926632151008 3.9065291509032232 66.422260737046599 8946.9036169759929 31.518770424649119 2.3492684215307227 2.6961992848664513 4.1211519055068484 366.71508762612939 185.40793554112315 612.67209546919912 159.11927648354322 170.339002083987 5.121301867067813 4.2940418496727943 59.73079889267683 107.29264645278454 9.9910530149936658 17.545533925294876 21.533801890909672 61.022436179220676 22.091424770653248 76.312062554061413 19.877632334828377 2569.8010614812374
leaf_count=6468 7621 10664 2567 39646 1195 571 29 798 47012 331 18 68 21 5401 2808 6136 1777 1686 69 33 304 541 45 83 104 307 103 382 92 12583
internal_value=-1.83589e-05 -0.00022608 -6.07413e-05 0.00265356 0.00783948 0.00430981 0.000128818 -0.0238126 -0.0014978 -0.0503624 -0.0942029 -0.0690339 0.00373762 -0.00716496 -0.0109205 0.00425667 0.0131522 0.00595812 0.014466 -0.103113 -0.00094627 -0.00182406 -0.0225839 -0.00155493 -0.00164873 -0.022867 0.00198127 -0.0142241 -0.0244488 0.00271022
internal_weight=20211.9 20083 19991.9 6920.5 1368.16 1250.17 848.821 111.187 13071.4 44.7648 13.246 10.8968 737.633 1159.28 792.569 733.512 401.352 242.232 175.46 8.20057 11912.1 9164.29 117.284 9047.01 9029.46 82.5562 2747.81 118.281 96.1897 2629.53
internal_count=149463 141842 135374 54945 15299 12732 8629 1277 80429 479 148 130 7352 18873 13472 7331 4103 2326 1755 62 61556 48092 586 47506 47423 411 13464 577 474 12887
is_linear=0
shrinkage=0.05


Tree=84
num_leaves=31
num_cat=0
split_feature=11 17 4 14 4 7 3 3 4 3 4 3 5 14 3 14 4 5 3 15 3 15 1 15 2 2 16 5 5 1
split_gain=50.6661 45.1458 28.5372 19.1327 18.6854 16.6956 19.5054 16.4122 17.3655 15.0903 12.9146 16.8537 12.4391 14.1325 12.1979 26.6152 16.0247 57.3132 47.0885 15.4777 15.4014 14.7009 23.2614 14.2893 15.3283 14.911 13.4709 12.6873 12.439 12.2281
threshold=0.0042435661040117765 0.49767737087787706 -3.4147019986219267e-05 0.40500000000000008 -0.00072647295030126003 1.0000000180025095e-35 -0.0017168027363165803 -0.00028637735105613288 0.00085896094956372526 0.0021305423451497556 -2.3428521878199323e-05 -0.00045570929917632114 5.1999364818871531e-05 0.37166666666666676 -0.00045570929917632114 0.20500000000000004 -0.00071071553506313323 1.0000000180025095e-35 -0.00016746878602641455 0.19920318719517385 -0.0014893049163060554 0.051672911311968057 -0.00040387307421491098 1.0000000180025095e-35 -0.0005411862491647711 -0.00085126880723879184 1.9686767564307653e-16 5.5881627695730038e-05 1.0000000180025095e-35 -0.00044822080900930311
decision_type=2 2 2 2 2 2 2 2 2 2 2 2 2 2 2 2 2 2 2 2 2 2 2 2 2 2 2 2 2 2
left_child=1 -1 3 4 5 6 -3 10 -9 12 11 -4 13 -10 15 20 17 18 -16 23 -6 -18 -23 24 25 -17 -20 -19 -22 -30
right_child=-2 2 7 -5 14 -7 -8 8 9 -11 -12 -13 -14 -15 16 19 21 27 26 -21 28 22 -24 -25 -26 -27 -28 -29 29 -31
leaf_value=-0.035958584690093234 0.031721718572679906 0.10272575542831647 -0.019773789311410803 0.0014585388531330576 0.067125187657667992 -0.0074324136337052512 -0.029485122313272789 0.001858094379938678 0.025140713311093341 -0.1297289052688034 -0.0047902626813361125 0.052543486658480743 0.00045916009900680142 0.0061619893571943814 -0.025955182579854703 0.055846386760608768 -0.016031679717306523 -0.016212888929554244 0.20273199956856316 0.016146796260517484 -0.053092537939012308 0.033213410387919431 -0.0033207442831245924 -0.016484688125678153 0.05952266548573551 -0.047298479075446681 0.40108729132167609 0.060824909967334695 -0.043512727689441991 -0.0042200465146973098
leaf_weight=87.952126503922045 124.96286099031568 2.8493949361145487 12.687206313014029 2716.3669423349202 5.9149544909596434 641.41961698792875 133.20145678333938 8886.0862578600645 209.66270259767771 1.9039612822234619 1135.8391162399203 22.073975525796413 182.08548608142883 184.3273716494441 1.7874004207551477 5.3785094544291487 226.17674242332578 21.413779053837064 1.9487289115786546 328.6702578291297 18.998437739908695 43.958423785865307 4918.7552900779992 80.535593882203102 15.089745689183472 10.053211443126203 1.5263949781656263 7.1218889839947215 23.356518734246492 130.04952527582645
leaf_count=6468 7621 41 52 15584 38 10291 3063 52463 5629 31 6909 93 3287 2643 30 28 1588 258 33 1851 372 222 28952 475 84 71 15 67 218 986
internal_value=-1.70138e-05 -0.000214757 -5.73271e-05 -0.00207481 -0.00352503 -0.0108069 -0.0267162 0.00171352 0.00240432 0.0108023 -0.00387152 0.026149 0.0112668 0.0162616 -0.00255573 0.00408653 -0.00334177 0.0309751 0.182592 0.0106939 -0.012207 -0.00356529 -0.00299713 -0.00544363 0.0236899 -0.0113488 0.289857 0.00301409 -0.0149288 -0.0102025
internal_weight=20182.2 20057.2 19969.2 9334.57 6618.21 777.47 136.051 10634.7 9464.07 577.98 1170.6 34.7612 576.076 393.99 5840.74 618.047 5222.69 33.7982 5.26252 439.727 178.319 5188.89 4962.71 111.057 30.5215 15.4317 3.47512 28.5357 172.404 153.406
internal_count=149463 141842 135374 64267 48683 13395 3104 71107 64053 11590 7054 145 11559 8272 35288 4123 31165 403 78 2509 1614 30762 29174 658 183 99 48 325 1576 1204
is_linear=0
shrinkage=0.05


Tree=85
num_leaves=31
num_cat=0
split_feature=12 12 17 5 3 14 4 14 3 12 4 2 2 4 3 3 14 6 4 2 4 2 3 4 12 4 4 5 3 14
split_gain=42.6696 36.9766 20.9071 20.5958 16.8516 20.0512 15.6716 15.3347 14.302 28.7468 14.1245 13.9846 13.4275 13.3777 13.0719 13.3304 18.0289 12.8095 12.1085 17.2308 12.0878 22.9819 18.2697 14.3914 13.3982 16.2993 17.6409 25.5827 35.3255 26.5253
threshold=0.0018449910549613315 -0.0024301597418560634 0.50064655964727944 1.7330769961880558e-05 -0.0008084776987423713 0.18833333333333335 -0.00081188765141154684 0.37166666666666676 -0.00045570929917632114 0.0023035177338260886 0.00059050505959312727 0.0015491267360496776 -0.00085126880723879184 0.00041073853079665051 -0.0013243459098092323 -0.0003904573106769948 0.40500000000000008 3.1151503744977949e-05 0.00032799826252982728 4.1779991900248177e-05 0.0015212928872773148 2.9710193309329117e-05 0.00037537464771231216 0.0016404687993266667 0.0013891723983142648 0.00068368253209516461 0.00079171975314107368 1.0000000180025095e-35 0.00056685190748018155 0.40500000000000008
decision_type=2 2 2 2 2 2 2 2 2 2 2 2 2 2 2 2 2 2 2 2 2 2 2 2 2 2 2 2 2 2
left_child=1 -1 6 4 5 -4 11 -2 9 -9 12 14 -8 -5 -3 16 -16 -17 19 -6 24 -22 -23 -24 25 -20 27 28 29 -27
right_child=7 2 3 13 18 -7 10 8 -10 -11 -12 -13 -14 -15 15 17 -18 -19 20 -21 21 22 23 -25 -26 26 -28 -29 -30 -31
leaf_value=-0.035196333077516934 0.0324365219955818 0.020614589987922958 0.045292607019928398 -0.027400850454468675 0.0016316010727651096 -0.1098357735388929 0.017224567110902901 -0.27530347740579791 0.0051933977907907235 0.051546841590428175 -0.016486388651569036 0.1395246822240416 -6.0415374295714001e-05 0.0016007039746834977 -0.02535196690125124 -0.01393755990774051 -0.0025083094613334942 0.0024792092782494183 0.018407008833024201 -0.13481576150873953 0.020522885593910748 -0.29929219766627918 0.051839877969791753 -0.23459561780010219 0.036826220350839281 -0.074785715556240251 0.012986036607936281 0.0065589358209439648 0.037284028877551043 0.017662521320085504
leaf_weight=74.392273481935263 138.29300411883742 40.867650844156742 3.1787396986037475 41.311781845986843 7.383922476321457 6.0431601330637932 113.11434850096703 1.3652552869170897 36.401226539164782 1.3261734079569576 130.04112877696753 1.6306980475783337 16770.901908496395 1060.6900793462992 206.42667018715292 182.3676437754184 148.51437243260443 341.00552230887115 387.28105611912906 3.3695912882685661 4.7185228094458571 1.2812868207693102 1.1818848717957733 0.69721093773841847 54.478009693324566 36.651692356914282 222.7817684803158 101.44560163095593 13.267087064683436 9.8425461798906309
leaf_count=5890 8706 675 28 351 90 35 673 26 1124 47 850 12 91204 13231 4248 3418 1830 5216 4327 29 115 38 36 17 2105 392 3182 1078 143 84
internal_value=0.000205723 -1.11982e-05 0.000120398 0.00502951 0.0108597 -0.0563638 -0.000414888 0.0246203 -0.00303007 -0.114251 -7.10461e-05 -0.00676814 5.53852e-05 0.000513495 -0.00702767 -0.00831386 -0.0157937 -0.00324116 0.0115939 -0.0411239 0.0122739 -0.0493641 -0.153707 -0.0544378 0.012862 0.0111694 0.00386964 -0.00872886 -0.0346801 -0.055215
internal_weight=20142.3 19964.9 19890.5 1955.6 853.602 9.2219 17934.9 177.386 39.0927 2.69143 17014.1 920.813 16884 1102 919.182 878.314 354.941 523.373 844.38 10.7535 833.627 7.87891 3.16038 1.8791 825.748 771.27 383.989 161.207 59.7613 46.4942
internal_count=149200 139297 133407 25281 11699 63 108126 9903 1197 73 92727 15399 91877 13582 15387 14712 6078 8634 11636 119 11517 206 91 53 11311 9206 4879 1697 619 476
is_linear=0
shrinkage=0.05


Tree=86
num_leaves=31
num_cat=0
split_feature=11 11 4 13 15 3 16 13 4 4 3 3 3 7 6 4 4 4 3 3 4 13 3 5 4 3 3 3 3 4
split_gain=39.551 34.5951 19.3125 19.2697 21.047 40.5586 40.2258 30.525 27.9746 35.4446 62.3448 45.4729 28.1163 25.583 20.7512 20.0662 83.2594 30.7034 27.2476 53.9912 46.7153 14.759 14.8188 36.8281 14.6625 13.3158 41.9215 21.4177 57.0262 20.2164
threshold=0.0036899821099226631 -0.0048603194837121269 0.00032799826252982728 121.50000000000001 99.973281677785977 0.00040628908876949593 -2.1804349221028299e-16 61.500000000000007 0.0003780503725432372 0.0003935374281467397 1.0805462953178415e-05 0.00013007187924829469 -0.000781570059422254 0.15000000000000005 0.0001383417614297458 0.00079171975314107368 0.00071338088145245237 0.0015212928872773148 -0.00024636307352104975 -7.2715029847902888e-05 0.00077662144849610659 81.500000000000014 -0.00047570514838796146 2.881999598769042e-05 0.00074470159901640642 0.00013424743642420636 0.00019388218106164426 0.0003133637623692343 0.00033862334647716269 0.00041073853079665051
decision_type=2 2 2 2 2 2 2 2 2 2 2 2 2 2 2 2 2 2 2 2 2 2 2 2 2 2 2 2 2 2
left_child=1 -1 -3 4 14 7 -7 13 -9 10 -10 -12 -11 -6 -4 16 25 -17 -18 -20 24 -2 23 -23 -21 -14 29 -28 -29 -27
right_child=21 2 3 -5 5 6 -8 8 9 12 11 -13 15 -15 -16 17 18 -19 19 20 -22 22 -24 -25 -26 26 27 28 -30 -31
leaf_value=-0.034634231708243424 0.035884203868754766 -0.00063582232058313726 0.0049739163947363383 -0.0019302548773668965 0.04556171917329005 -0.17000205019154327 0.047125110243969245 0.036393508067143726 0.061140838161226556 -0.1279435911106101 -0.28032021864278045 -0.058498155951321386 0.019203034394182351 -0.11186210062752398 -0.015985461136192095 0.036299535482279606 0.06031601841255977 -0.24043082630329554 -0.23188216836359357 -0.073102282595394016 -0.16320860271645235 -0.34820813415072738 0.012561415215150418 -0.0091355479873157005 0.05553474597828989 -0.17448379413659865 0.057100369466841321 -0.16947823420025848 0.04622013150308283 -0.045987318229888413
leaf_weight=71.883741367608309 104.05359391774982 16133.3737378316 2002.1692073345184 1182.3881989233196 59.346597975119948 2.1777829471975556 104.02008214965463 43.625163696706295 4.8671875894069663 4.3523331657052031 4.2478401213884336 5.0654449164867401 88.297723785042763 2.6981062386184922 125.49582876637578 43.936721816658974 2.6595756933093098 1.0257367845624674 6.3973503187298837 3.4440357089042646 6.5696962997317305 0.99976452440023322 64.152900388464332 4.0243405606597662 6.2086687982082367 4.2487319260835639 17.004851877689365 4.6375758796930304 9.0320619568228704 10.949605099856852
leaf_count=5890 7151 96903 20845 9138 1314 27 1637 293 33 20 29 37 698 38 859 882 20 28 39 32 59 39 2578 135 70 29 160 44 83 90
internal_value=0.000196381 -1.01747e-05 0.000115033 0.00334982 0.00578617 0.01581 0.0426725 0.00712894 -0.000222981 -0.00738797 -0.0838823 -0.159672 -0.00219205 0.0387159 0.00373767 0.000485446 -0.00783339 0.0299864 -0.0910712 -0.108871 -0.060361 0.0239845 0.00608527 -0.0766088 0.00963771 0.0078496 -0.0140039 0.019641 -0.0269579 -0.0819088
internal_weight=20123.4 19950.1 19878.2 3744.87 2562.48 434.813 106.198 328.615 266.57 222.945 14.1805 9.31329 208.765 62.0447 2127.67 204.412 159.45 44.9625 25.2793 22.6198 16.2224 173.231 69.177 5.02411 9.6527 134.171 45.8728 30.6745 13.6696 15.1983
internal_count=149200 139297 133407 36504 27366 5662 1664 3998 2646 2353 99 66 2254 1352 21704 2234 1324 910 220 200 161 9903 2752 174 102 1104 406 287 127 119
is_linear=0
shrinkage=0.05


Tree=87
num_leaves=31
num_cat=0
split_feature=17 17 6 17 4 3 3 6 4 15 4 4 4 2 6 3 11 3 3 6 4 2 3 0 1 1 0 17 4 15
split_gain=36.8722 33.2335 21.9258 19.3667 15.302 14.3954 13.2377 13.1634 34.8533 25.2661 16.5636 21.4139 22.1621 20.4503 31.0008 15.9412 15.8128 14.7957 33.177 28.2224 12.6721 12.4681 13.6318 20.3959 25.2337 23.3156 19.8894 17.2005 20.4797 42.805
threshold=0.50229315853889933 0.49838632071178213 0.00029161792535287097 0.50064655964727944 -0.0019971514738241765 -0.0005382308231395293 0.001625340448650703 2.6190264056064241e-05 0.0018696616633834264 99.996695307338157 0.00099623694408290686 0.00068368253209516461 0.00059050505959312727 0.00010222757740896428 1.6481487770713472e-05 0.00051544386285939947 0.0026419227940882588 0.00036031976879646882 0.00033164956142961449 6.7877781892627719e-08 0.0005540215009010031 -0.00085126880723879184 -0.00029746328488194912 -0.00041708192783723724 -0.00040387307421491098 -0.00013789021753224381 -0.00010255055459962302 0.49919230142072757 -0.0011517673595260456 99.933444252183406
decision_type=2 2 2 2 2 2 2 2 2 2 2 2 2 2 2 2 2 2 2 2 2 2 2 2 2 2 2 2 2 2
left_child=1 2 4 21 -1 -5 -6 8 10 -9 11 12 13 -7 20 -10 17 18 -13 -20 -15 -3 27 25 26 -24 -25 28 29 -23
right_child=-2 3 -4 5 6 7 -8 9 15 -11 -12 16 -14 14 -16 -17 -18 -19 19 -21 -22 22 23 24 -26 -27 -28 -29 -30 -31
leaf_value=-0.044059843918259796 0.031082391569945141 0.014201833727277022 0.046012984970390094 -0.013502200734742554 -0.014900565171648741 0.015317611817921304 0.13310571800415905 0.00078044863084178722 -0.24275807939690566 0.026963030015748943 0.033844554277033236 -0.0076186603182015243 0.037008569217919042 -0.082763909919532974 -0.0064624808378819249 -0.04200491505777243 0.038542561766808293 0.017417194567448762 -0.21334683144436914 -0.0091577363386252594 -0.24782343012575217 -0.0061998592159400448 -0.0037277509816680183 0.0053236953001185878 1.9600004260468445e-05 0.070670226768097255 0.057337233753398456 -0.0017759129074177292 -0.016911672691717377 0.087314185511479264
leaf_weight=51.299440298229456 96.121340811252594 148.28817733563483 13.451538970693944 100.52032921928912 236.8367914268747 183.15920360013843 1.5204425118863572 1147.4668758604676 1.8610741384327405 100.18604383524507 79.786887982860208 174.9243377558887 105.35330731794238 3.2432473897933987 25.610260382294655 2.1099872030317783 22.987793356180191 56.708994369953871 3.702963661402463 3.116529569029808 1.8127312213182447 69.821162294596434 20.239758938550949 39.875597208738327 14477.247233130038 21.953369706869125 34.093671105802059 2471.4239003956318 394.68676536157727 14.8377035446465
leaf_count=3873 6441 1114 325 1080 8145 2083 16 15788 47 2082 2252 2054 1261 35 280 49 939 695 38 39 21 1073 110 217 80447 102 168 13147 5043 236
internal_value=0.000188756 4.03397e-05 -0.0163899 0.000293075 -0.0192879 0.00494069 -0.0139565 0.00591028 0.0115955 0.0028829 0.0124835 0.00954816 0.0182386 0.00899049 -0.0287993 -0.13609 -0.00106152 -0.00487951 -0.0118367 -0.120032 -0.141943 -0.0002356 -0.000357629 0.000269086 0.000168431 0.034982 0.0292976 -0.00345713 -0.0121252 0.0101898
internal_weight=20104.2 20008.1 303.108 19705 289.657 2012.55 238.357 1912.03 664.377 1247.65 660.406 580.619 319.179 213.825 30.6662 3.97106 261.441 238.453 181.744 6.81949 5.05598 17692.5 17544.2 14593.4 14551.2 42.1931 73.9693 2950.77 479.346 84.6589
internal_count=149200 142759 12359 130400 12034 28743 8161 27663 9793 17870 9697 7445 3680 2419 336 96 3765 2826 2131 77 56 101657 100543 81044 80832 212 385 19499 6352 1309
is_linear=0
shrinkage=0.05


Tree=88
num_leaves=31
num_cat=0
split_feature=17 12 13 12 6 3 16 17 3 4 12 16 0 3 15 0 3 6 3 3 17 4 15 17 15 1 15 13 4 13
split_gain=34.5545 30.585 20.2063 15.8477 17.2283 24.6438 16.8421 16.3158 16.9593 17.4748 16.0961 15.5002 15.3697 14.4024 12.1506 21.0132 16.5994 19.9307 17.4925 26.6309 15.8542 14.9738 20.2758 15.6318 14.2401 13.7424 13.4331 16.8426 24.8842 16.4746
threshold=0.50162503866575403 -0.0024301597418560634 81.500000000000014 -0.00018949904961107486 4.0872366271045046e-05 -0.00025220577002665884 3.9875173144296508e-05 0.49880396283013512 -0.00045570929917632114 -0.0011517673595260456 -0.00092002013444211761 9.9189758251213041e-07 2.8732720714019781e-05 -0.00042530097323628663 88.746353869298417 0.00068506385768729594 -0.0004886774531449033 1.5237120826613127e-05 -0.00063014610925093961 -0.00068954204647753137 0.50128020636409842 -0.00013155281839949404 0.040461260038775045 0.49987940700062161 63.408387903095608 0.00083539815002420259 1.0000000180025095e-35 61.500000000000007 1.0000000180025095e-35 36.500000000000007
decision_type=2 2 2 2 2 2 2 2 2 2 2 2 2 2 2 2 2 2 2 2 2 2 2 2 2 2 2 2 2 2
left_child=1 -1 -2 4 7 11 -7 -3 9 -9 -11 -6 -13 -10 15 21 17 18 19 -16 -18 22 -5 -23 -17 26 27 28 -25 -30
right_child=2 3 -4 14 5 6 -8 8 13 10 -12 12 -14 -15 16 24 20 -19 -20 -21 -22 23 -24 25 -26 -27 -28 -29 29 -31
leaf_value=-0.03360306592219936 0.032401664775532787 -0.016507449736031826 0.0029247981414303754 -0.03301709594250838 -0.0058970004912213903 0.0067162477690608478 -0.034866393230709572 0.11993703246638727 -0.027228716812742429 -0.023171533014697154 0.0098186701082840343 0.037488870196247207 0.00013060913165928895 -0.0037194850984347927 -0.039172901138207414 -0.086170963064156447 0.0031136471018326168 0.0061305212504618196 -0.063128833793184777 0.060317630951106184 0.025861798588310437 -0.010258294993880358 0.013129052041816552 -0.034647464100361645 0.00068848310475226257 -0.061637178841666487 -0.00031446470588281637 0.0036165682815184363 -0.047763688859665074 0.049762871661424034
leaf_weight=67.669092257507145 130.12353921215981 240.86214432492852 105.09396480862051 25.595046073198318 1053.7800213173032 1328.3727465942502 24.805396039038897 3.3997323960065833 66.380029030144215 41.73785050585866 323.91375406831503 41.83559918217361 80.52298890799284 3508.920754160732 22.768241796642542 11.881858095526697 4775.7882414162159 55.649181323125958 29.298957914113998 9.5461796876043064 77.841932509094477 386.21124459058046 340.15160217881203 12.335611097514628 7.8270206283777943 9.0136092714965326 7001.0964400079101 235.61667183227837 4.6635931134223929 60.575380612164736
leaf_count=5890 8630 5735 3716 111 10256 9579 179 36 468 597 2083 377 704 23599 127 55 29064 352 158 53 2232 1712 1452 102 49 45 40049 1182 47 561
internal_value=0.00018004 -4.57372e-05 0.0192316 6.9063e-05 -0.00190516 0.00135276 0.00595399 -0.00387407 -0.00310261 0.00710206 0.00605295 -0.00394108 0.0129038 -0.00415596 0.00108361 -0.000111223 0.00302938 -0.0155595 -0.0351499 -0.00978186 0.00347848 1.46292e-05 0.00989973 -0.00045433 -0.0516763 6.27053e-05 0.00013874 0.0102697 0.0304772 0.0427912
internal_weight=20083.3 19848.1 235.218 19780.4 6714.53 2529.32 1353.18 4185.21 3944.35 369.051 365.652 1176.14 122.359 3575.3 13065.9 8094.97 4970.89 117.263 61.6134 32.3144 4853.63 8075.26 365.747 7709.51 19.7089 7323.3 7314.29 313.191 77.5746 65.239
internal_count=149200 136854 12346 130964 53613 21095 9758 32518 26783 2716 2680 11337 1081 24067 77351 45365 31986 690 338 180 31296 45261 1563 43698 104 41986 41941 1892 710 608
is_linear=0
shrinkage=0.05


Tree=89
num_leaves=31
num_cat=0
split_feature=17 11 11 3 13 15 6 6 4 6 2 4 4 3 3 16 16 16 4 6 11 11 6 4 16 16 4 13 3 3
split_gain=32.6319 28.7073 17.6358 13.3042 13.485 18.2773 13.6312 30.8889 12.3821 12.2111 17.9734 17.4086 40.8024 40.9659 27.3277 16.8957 16.1567 19.0422 28.3266 25.1203 15.5245 14.8536 14.4606 14.1684 19.2926 56.0185 16.0625 13.7489 12.7577 31.4593
threshold=0.50229315853889933 -0.0048603194837121269 0.0013368994573561557 -0.0005382308231395293 61.500000000000007 0.063031837317623754 5.9361136460523053e-05 0.0001103039155242249 -0.00081188765141154684 1.1332733543089986e-05 -1.5001181719043186e-07 0.00060186298178277486 0.00061526838870007438 0.00014982626922899203 -0.00019088488208091056 -1.9340243249147136e-08 -2.1761506775573073e-16 -2.1614584448624626e-16 -0.00026237230047582155 8.1181233309086017e-08 -0.00059018144901984415 0.0010514636665853729 7.7222314452839076e-08 -0.00059522343061124683 1.9956183401071194e-16 1.9686767564307653e-16 -0.00058247658705851124 51.500000000000007 0.00013007187924829469 0.00023750246698328595
decision_type=2 2 2 2 2 2 2 2 2 2 2 2 2 2 2 2 2 2 2 2 2 2 2 2 2 2 2 2 2 2
left_child=1 -1 8 4 -4 6 -6 -8 -3 10 27 15 13 -13 -14 20 -17 18 -18 -20 -12 23 -16 24 25 -19 -25 -10 -28 -30
right_child=-2 2 3 -5 5 -7 7 -9 9 -11 11 12 14 -15 22 16 17 21 19 -21 -22 -23 -24 26 -26 -27 28 -29 29 -31
leaf_value=-0.033016270692191069 0.029997806670238589 -0.0060320652124190802 0.013161323231012774 0.005707121620210507 0.011571414007878724 -0.016397886273463447 -0.24308841048363972 -0.0146768244120367 0.0064761239453915449 0.00090045254278229246 -0.032504844004212996 0.013560035547089089 -0.12989769314629693 -0.21322716581208212 0.038508746963851814 -0.010669126946226596 -0.052916738532596243 0.01658272364417723 0.084814032012432261 0.0029954714763744642 0.02339666998857114 0.014678690611097125 -0.062622948702709971 -0.056389035251655499 -0.029601245320977233 0.24257965769958797 -0.0029044226073498764 -0.012188019414886894 0.015089847080063846 -0.0048366885063645844
leaf_weight=65.484069247730076 91.283384039998055 907.06214535050094 32.266322819516063 1797.3997970568016 2.1359653845429403 57.022984416224062 3.1483104610815644 2.7934930250048637 117.34016117453575 11456.954017236829 13.935247976332901 3.1314283981919271 3.6984243541955975 5.4688449501991272 16.871916301548485 402.30416200868785 8.1627416349947435 122.75136973336339 21.844036731868982 16.442960601300001 114.19309785962105 154.57108691334724 4.471455253660678 13.365962747484444 21.526200903579593 2.8046448193490496 3180.8928329609334 620.18337895348668 361.10683250427246 438.71707713603973
leaf_count=5890 6441 15399 419 26812 24 559 31 20 887 62727 98 21 18 37 130 2140 73 1306 106 79 530 1243 32 108 217 21 16447 3259 1821 2305
internal_value=0.000171136 3.47839e-05 0.00014353 0.00473197 -0.0132693 -0.0263692 -0.0967595 -0.135702 -0.000339263 -3.73039e-05 -0.00194096 -0.000846973 -0.036691 -0.130652 -0.00442125 -0.000599495 -0.00108334 -0.000195213 0.0316469 0.0496757 0.0173168 -0.000539521 0.0173216 -0.00110755 0.0141329 0.021631 -0.00166878 -0.00921855 -0.00148505 0.0041598
internal_weight=20059.3 19968.1 19902.6 1894.77 97.3671 65.1008 8.07777 5.9418 18007.8 17100.7 5643.78 4906.26 33.6421 8.60027 25.0418 4872.62 4744.49 4342.19 46.4497 38.287 128.128 4295.74 21.3434 4141.16 147.082 125.556 3994.08 737.524 3980.72 799.824
internal_count=149200 142759 136869 27865 1053 634 75 51 109004 93605 30878 26732 238 58 180 26494 25866 23726 258 185 628 23468 162 22225 1544 1327 20681 4146 20573 4126
is_linear=0
shrinkage=0.05


Tree=90
num_leaves=31
num_cat=0
split_feature=17 4 4 3 4 13 6 6 6 3 3 3 1 4 6 15 6 6 2 5 17 15 4 13 13 4 2 4 17 0
split_gain=32.8912 27.7721 16.6413 15.622 21.6367 32.8024 89.389 70.7041 22.4021 35.3691 20.2154 15.4559 17.8948 16.0038 18.0204 24.7284 22.0368 14.7524 16.2208 32.6381 19.1173 14.6193 12.9136 12.7916 12.6437 12.6057 12.3768 12.2376 11.5986 11.5534
threshold=0.50296739934638934 -0.0018062397485820168 -0.00042985390124061768 -0.00084330624508138763 -0.0016539562170999609 76.500000000000014 6.1180109794966867e-05 4.7117691607158441e-05 2.9209181344304056e-05 -0.00091620658941710109 -0.00087799570725188836 0.001625340448650703 -0.00033081281901531362 0.00079171975314107368 5.7683140979242376e-05 99.973281677785977 5.8222935452227465e-05 6.2472844140650766e-05 0.00056146777044641116 3.2606133133638817e-05 0.50108075422678422 0.026578096074679539 0.0011526687575111885 121.50000000000001 116.50000000000001 -0.00039113780695382289 0.0015491267360496776 -0.00044819728703898715 0.50157949559873949 0.00068506385768729594
decision_type=2 2 2 2 2 2 2 2 2 2 2 2 2 2 2 2 2 2 2 2 2 2 2 2 2 2 2 2 2 2
left_child=1 23 3 4 5 6 7 -3 9 -6 24 13 -13 25 28 17 -17 18 20 -20 -16 -5 -21 26 -11 -4 -1 -23 -15 -27
right_child=-2 2 11 21 8 -7 -8 -9 -10 10 -12 12 -14 14 15 16 -18 -19 19 22 -22 27 -24 -25 -26 29 -28 -29 -30 -31
leaf_value=-0.045444886409132301 0.042038573111059283 0.34762427569491838 0.0093808535573829659 -0.024278003315517962 0.0037914764389689031 0.041053274828616371 -0.050652603965102697 1.3857060354099136 -0.0015627505378258029 0.08923119504147109 0.056892204683092841 -0.22364193519716619 -0.027618282429634114 0.0093979937380501283 -0.083222478149384785 -0.15277150049036156 0.045696909387347752 -0.0029041163287595196 -0.42966140585808399 -0.13833604819978948 0.0084819331598809007 -0.0031412282826463419 0.02732519504610096 0.0021768663176529065 0.25056845957900847 -2.2417420048845308e-05 0.17124470747940279 -0.017231118451402381 0.028565556716422837 -0.029193439434954428
leaf_weight=55.124992587603629 45.964079325087368 0.50190660078078397 359.7109937556088 92.108104284852743 21.588990584015846 10.325189895927904 0.91503606643527746 0.24366047512739897 186.55931543093175 2.0152261452749372 7.4113030629232508 1.2139073330909038 28.46750178001821 419.12240449525416 8.5760954543948227 1.4588667545467604 33.880351224914193 260.48622823134065 0.72447164170443912 2.8465831074863672 16.847188048064709 2485.1924005560577 2.0049173552542925 21.984105222858489 3.0556492507457733 15729.274844172411 0.66695282608270545 164.2942521572113 97.234606445766985 34.016152530908585
leaf_count=4387 3472 35 2335 1429 314 188 77 19 2294 29 89 21 447 6643 85 33 1069 5165 16 42 450 27952 62 855 24 85315 30 1107 5207 194
internal_value=-0.000209129 -0.000305991 -0.000189853 -0.00364018 0.00880022 0.0742254 0.280481 0.686882 0.00524599 0.0425277 0.109525 0.00041394 -0.0356352 0.000477006 0.00719209 -0.00199567 0.0375038 -0.00678451 -0.0393914 -0.116621 -0.0224529 -0.00469571 -0.0698754 -0.030126 0.186451 0.000125829 -0.0428545 -0.00401494 0.0130074 -8.53666e-05
internal_weight=20093.8 20047.9 19970.1 2974.21 232.616 11.9858 1.6606 0.745567 220.63 34.0712 12.4822 16995.9 29.6814 16966.2 843.182 326.825 35.3392 291.485 30.9993 5.57597 25.4233 2741.59 4.8515 77.7761 5.07088 16123 55.7919 2649.49 516.357 15763.3
internal_count=149385 145913 140641 33557 3069 319 131 54 2750 456 142 107084 468 106616 18772 6922 1102 5820 655 120 535 30488 104 5272 53 87844 4417 29059 11850 85509
is_linear=0
shrinkage=0.05


Tree=91
num_leaves=31
num_cat=0
split_feature=17 11 15 1 2 3 17 3 3 6 1 6 16 3 1 7 16 16 16 13 15 3 13 7 15 6 6 3 3 3
split_gain=30.9732 25.9153 16.5262 29.2277 25.4836 14.6589 13.9371 17.5404 15.389 19.3027 15.4383 14.7215 14.6014 13.1491 12.882 15.6168 12.7714 18.3074 17.9798 12.0482 15.4757 16.957 18.1141 40.2818 18.4993 14.7696 17.1212 23.8262 41.5215 24.1527
threshold=0.50296739934638934 -0.0050937686300115961 18.765230540725423 -0.00064858246192539537 0.00070708727436452634 -0.00028637735105613288 0.49982517373797081 -0.00045570929917632114 -0.0005382308231395293 3.0579954980098594e-05 -8.2904816338769103e-05 0.0001059394843292201 -1.9001200384980002e-08 -0.00042530097323628663 0.00040869858719971846 1.0000000180025095e-35 -1.9001200384980002e-08 -1.9239644634690934e-08 -1.8357960941481874e-08 106.50000000000001 91.617366657593166 -0.00037501034771947323 61.500000000000007 0.15000000000000005 99.893276414117494 3.9578705817843611e-05 1.0000000180025095e-35 -0.00012701264495923456 0.00028998469355046025 0.00011837540033221573
decision_type=2 2 2 2 2 2 2 2 2 2 2 2 2 2 2 2 2 2 2 2 2 2 2 2 2 2 2 2 2 2
left_child=1 -1 4 -4 5 -3 7 8 10 -10 -5 13 -13 -9 15 -14 17 -15 -18 20 -20 -22 23 24 -23 26 27 -21 29 -29
right_child=-2 2 3 6 -6 -7 -8 11 9 -11 -12 12 14 16 -16 -17 18 -19 19 25 21 22 -24 -25 -26 -27 -28 28 -30 -31
leaf_value=-0.034375672232315108 0.041645438263045884 -0.0068436890010704484 0.044193488385602518 0.01810705597242698 -0.095782858931945491 -0.00073736915808307829 0.0015229050744764825 -0.025189026897480416 0.037577791561740917 0.0040065151424974171 -0.0030803969789609796 -0.02022584040910554 -0.034088210458017479 0.0027635961380259805 -0.010735737709479852 0.026723919048054684 -0.032949616105236904 0.044382323935845791 -0.0017514196737746627 -0.0079708751204330599 -0.047326913966551559 0.022219142886357252 -0.0045648713026013284 -0.0054367267759732191 -0.046497923649763073 0.008219588397348777 -0.0073537747044379364 0.018636581159317798 -0.040672893594804749 0.067281221460011725
leaf_weight=55.614828658290207 44.124804974533617 1452.4919947078452 38.316285209730268 109.01897500362247 7.366875994950532 3039.6301180860028 10355.65053873416 68.726485032588243 75.674580342136323 98.615438389591873 406.78714361041784 34.203362619504333 11.445725238882003 258.69046644773334 37.735532659105957 136.00451435800642 52.540018510073423 29.429422891698778 1217.9754534214735 140.45424531400204 29.402283606119454 10.692454138770698 767.65537460707128 221.81589637510478 116.58011586219072 405.4697002787143 701.70961767062545 98.138157464563847 23.617447659373283 34.483598958700895
leaf_count=5291 3472 11513 274 1097 67 20072 69152 589 580 856 4386 262 114 1891 259 895 364 237 9379 849 345 103 5455 1899 2321 2464 4278 586 138 197
internal_value=-0.000199608 -0.000291763 -0.000196891 0.000578355 -0.00286418 -0.0027118 0.000470136 -0.00167305 0.00573795 0.0185828 0.00139771 -0.00283625 0.00978854 -0.00349928 0.0153321 0.0220034 -0.00313647 0.00701466 -0.003902 -0.00349697 -0.00567571 -0.00984593 -0.00885911 -0.0183023 -0.0407248 0.000172028 -0.00309623 0.00697328 0.0204076 0.0312849
internal_weight=20080.1 20035.9 19980.3 15480.8 4499.49 4492.12 15442.5 5086.87 690.096 174.29 515.806 4396.77 219.389 4177.38 185.186 147.45 4108.65 288.12 3820.53 3767.99 2364.12 1146.15 1116.74 349.088 127.273 1403.87 998.403 296.693 156.239 132.622
internal_count=149385 145913 140622 108970 31652 31585 108696 39544 6919 1436 5483 32625 1530 31095 1268 1009 30506 2128 28378 28014 19502 10123 9778 4323 2424 8512 6048 1770 921 783
is_linear=0
shrinkage=0.05


Tree=92
num_leaves=31
num_cat=0
split_feature=17 4 4 4 3 3 2 0 16 5 4 16 16 0 15 13 13 5 4 3 5 2 4 3 1 0 3 4 15 3
split_gain=29.1576 24.8232 14.7042 21.5993 22.9965 36.9096 34.0773 13.8454 16.9291 22.5635 15.6489 12.7456 23.7602 21.8103 25.9705 12.2549 11.841 51.4759 22.1156 18.9577 15.0094 14.6766 20.0955 25.9314 12.9591 12.1658 14.6212 15.5299 38.2801 67.995
threshold=0.50296739934638934 -0.0018062397485820168 0.00020874164201345471 0.00020188934991161037 0.00019864077320674858 -1.9936885913729437e-05 -1.4939560133431226e-07 0.00015301519518440279 2.6708863657467488e-05 0.00016452577322737796 0.00021604692656507221 -1.9473740201306915e-08 -1.9433271809422527e-08 -0.00045691925626806235 41.302162145430508 121.50000000000001 61.500000000000007 1.0000000180025095e-35 0.00099623694408290686 -0.00015892637683223573 8.5567123344710519e-05 0.00030153090183993042 0.00091419292243344341 0.00051544386285939947 6.2009570939158834e-05 1.4849444818221261e-07 6.4031999386537932e-05 0.00023665568537645235 99.996695307338157 0.00015826462640433639
decision_type=2 2 2 2 2 2 2 2 2 2 2 2 2 2 2 2 2 2 2 2 2 2 2 2 2 2 2 2 2 2
left_child=1 15 3 11 5 -5 -7 10 9 -9 -4 -3 -13 14 -14 -1 17 -12 20 -18 21 -19 -23 24 -24 26 -21 28 -28 -30
right_child=-2 2 7 4 -6 6 -8 8 -10 -11 16 12 13 -15 -16 -17 19 18 -20 25 -22 22 23 -25 -26 -27 27 -29 29 -31
leaf_value=-0.042294120663152857 0.041241845928563496 -0.0059053789265018121 0.022030768946708135 0.00047153101064471891 0.015284598449950882 0.01775141838096404 -0.082823711704385392 -0.0066588709922885559 0.015216059632101965 -0.047090559113111073 0.04294169158979147 0.023352207204854827 -0.0072231392314317001 -0.00069888186850726669 0.072258509743169982 0.0022156060579349829 -0.0061062214170482208 0.0022198771998265727 0.042316294179881642 0.0065226080425940074 0.02413482329094449 -0.016949288332495024 -0.61654805084698772 -0.0064740768367436393 -0.20490536198937775 0.0090958219079070087 0.00098403562777850807 -8.359917733466072e-05 -0.15989904705335065 -0.013001276066379856
leaf_weight=52.30099971499294 42.373287405818701 1139.5357483522967 103.03639446943998 42.694285571575165 31.644662898033857 10.581101059913633 41.277721505612135 327.32362759765238 74.579260926693678 38.573015975765884 91.917003170587122 104.51570865977556 19.047154697589576 12966.921869782731 22.322019547224045 21.957020972855389 732.7017277199775 668.94243119377643 35.280986907891929 906.86756084859371 69.353343744762242 76.910838646814227 0.37448228616267332 0.86213171202689409 0.39063569065183401 619.91719299182296 73.548908352851868 1711.0759655851871 11.862740501761435 23.448419898748398
leaf_count=4417 3472 7683 533 205 148 51 188 3559 1012 320 2571 577 169 79077 111 855 5082 7341 2434 6438 664 852 20 38 20 5469 338 15575 56 110
internal_value=-0.000190597 -0.000278292 -0.000170863 -0.0010156 -0.02161 -0.0339578 -0.0623027 0.00201095 -0.00649577 -0.0109212 0.00274186 -0.000833245 -0.000392464 -0.000583241 0.0356636 -0.0291332 0.00234622 0.00739248 0.00355781 0.00117845 0.00188374 -0.000180774 -0.0206281 -0.194507 -0.406381 0.00277329 0.00133591 -0.0012486 -0.0195602 -0.0623514
internal_weight=20062.1 20019.8 19945.5 14378.5 126.198 94.5531 51.8588 5566.97 440.476 365.897 5126.49 14252.3 13112.8 13008.3 41.3692 74.258 5023.45 944.032 852.115 4079.42 816.834 747.481 78.5381 1.62725 0.765118 3346.72 2726.8 1819.94 108.86 35.3112
internal_count=149385 145913 140641 88209 592 444 239 52432 4891 3879 47541 87617 79934 79357 280 5272 47008 13940 11369 33068 8935 8271 930 78 40 27986 22517 16079 504 166
is_linear=0
shrinkage=0.05


Tree=93
num_leaves=31
num_cat=0
split_feature=11 11 15 0 1 5 15 2 15 1 11 13 5 2 5 2 0 11 3 3 3 15 11 6 11 16 15 3 6 3
split_gain=27.1402 22.8822 14.487 40.3163 30.1962 39.3473 51.1986 23.2532 22.055 20.6677 14.7817 14.4891 76.802 18.3183 21.7479 17.0479 14.9597 14.1674 13.6392 18.1403 17.3911 19.2397 22.5677 31.9904 19.2204 15.8775 15.2088 32.1333 13.5582 13.4864
threshold=0.0050239426122506989 -0.0050937686300115961 18.765230540725423 -0.0002406993712208427 -0.00044822080900930311 0.00016452577322737796 57.776390919557613 0.00070708727436452634 41.302162145430508 -0.00015815721052064855 -0.00034683344303582103 61.500000000000007 1.0000000180025095e-35 4.7359486464060303e-05 6.1169648666922526e-08 0.00040164652213758872 -2.6417906184905689e-05 0.0017067193381918868 -0.00045570929917632114 -0.00059735017472956054 -0.00084330624508138763 99.928768586341775 -0.0012344028164470442 3.3484328022877483e-05 -0.00064557352555938408 1.9242763016584387e-16 99.996695307338157 -0.00091620658941710109 0.0001059394843292201 -6.2027939796260853e-05
decision_type=2 2 2 2 2 2 2 2 2 2 2 2 2 2 2 2 2 2 2 2 2 2 2 2 2 2 2 2 2 2
left_child=1 -1 7 9 8 10 -7 29 17 -4 11 12 -6 16 -15 -16 -14 -5 19 20 24 22 -22 -24 26 -21 -13 -28 -18 -3
right_child=-2 2 3 4 5 6 -8 -9 -10 -11 -12 18 13 14 15 -17 28 -19 -20 25 21 -23 23 -25 -26 -27 27 -29 -30 -31
leaf_value=-0.033315826368977841 0.032159661544661954 -0.0045699031054421682 0.007333349087323731 0.015880722634805146 -0.046319707643732444 -0.048722541718934358 0.0019199674991906982 -0.091301136913850778 0.064041543843921495 0.036168497257991386 0.001455138044563632 0.0063636825823855259 -0.019911551298692723 0.066050797558612789 -0.017315222512327717 0.0096997510017243424 0.0040652880296276339 -0.09731016908596038 -0.0016430277698229652 0.025863568775770469 -0.01814267411804641 -0.034003119251683797 0.10782849899992419 0.0066564533272708767 -0.040853190199933768 -0.0051601674383207974 0.010467940627182211 0.10034001061634468 0.043077938065287896 0.0011746484719468992
leaf_weight=52.294946280308068 64.665191605687141 2908.2118520820513 136.97323483321816 26.160377264022831 111.26413547899574 94.425222150981426 105.85819331463426 7.3927718782797447 31.876761511899531 113.74727871920913 10020.273868062533 83.860281855799258 63.45883444417268 9.0180366039276105 325.80337908305228 71.152251536026597 510.15332712512463 3.0910886386409393 3252.5653065135702 163.60751372296363 67.875217076390982 60.28876088373363 9.6584464460611326 40.901187777519226 15.12581956386566 55.141138618811965 27.558122877031565 15.562570459209381 23.287089774385095 1575.0353874871507
leaf_count=5291 5202 20673 1041 186 2674 599 983 60 194 783 65446 1006 614 83 2869 615 4432 42 21653 1248 818 650 52 202 68 428 437 162 198 10676
internal_value=-0.000180307 -0.000284966 -0.000198293 0.000528753 0.000200469 5.87453e-05 -0.0219558 -0.00269786 0.0352716 0.0204153 0.000354136 -0.00189448 -0.00690737 -0.00253475 -0.0107287 -0.0124729 0.00303823 0.00391951 -0.000421688 0.00694051 -0.000629565 -0.0110099 0.000694683 0.0259834 0.0124255 0.0180433 0.018772 0.0429034 0.00576837 -0.00255175
internal_weight=20046.3 19981.6 19929.3 15438.7 15188 15126.8 200.283 4490.64 61.1282 250.721 14926.6 4906.28 1114.14 1002.87 405.974 396.956 596.899 29.2515 3792.14 539.579 320.83 178.724 118.435 50.5596 142.107 218.749 126.981 43.1207 533.44 4483.25
internal_count=149385 144183 138892 107483 105659 105237 1582 31409 422 1824 103655 38209 11485 8811 3567 3484 5244 228 26724 5071 3395 1722 1072 254 1673 1676 1605 599 4630 31349
is_linear=0
shrinkage=0.05


Tree=94
num_leaves=31
num_cat=0
split_feature=17 4 16 3 4 6 3 6 3 3 15 14 3 11 15 16 11 5 3 6 4 16 14 15 3 1 1 15 6 4
split_gain=26.1473 22.1557 13.951 17.1649 16.7803 13.017 12.8361 16.9204 20.7525 12.4018 11.9457 11.7075 11.6737 23.6373 45.6803 17.6935 16.9651 18.7744 13.2898 12.7684 11.4249 11.3496 20.8477 25.316 11.4158 12.2635 11.2376 15.6179 14.374 10.8033
threshold=0.50296739934638934 -0.0018062397485820168 1.9435791002168969e-08 0.00082402371157941367 -0.00042985390124061768 6.7191131225997477e-05 -0.00084330624508138763 2.9209181344304056e-05 -0.00091620658941710109 -0.00087799570725188836 0.026578096074679539 0.40500000000000008 0.0014196862223219144 0.005277111477167141 90.096864478470692 -1.6751781876997624e-08 0.0029281231908032672 0.00010134722928692345 -0.001066512139281661 8.0666886842366053e-05 -0.00044819728703898715 -2.1964636199487562e-16 0.15500000000000003 66.666666666711961 0.0011898310627554978 -0.00058931123104566374 0.00064342810349116164 65.680383428682504 0.00010182675575461202 -0.00039113780695382289
decision_type=2 2 2 2 2 2 2 2 2 2 2 2 2 2 2 2 2 2 2 2 2 2 2 2 2 2 2 2 2 2
left_child=1 11 4 -4 6 -5 7 8 -3 -10 -8 -1 16 -14 15 -15 26 18 19 -18 -12 22 23 -19 25 -23 29 -28 -29 -6
right_child=-2 2 3 5 12 -7 10 -9 9 -11 20 -13 13 14 -16 -17 17 21 -20 -21 -22 24 -24 -25 -26 -27 27 28 -30 -31
leaf_value=-0.041697690683328681 0.040494097425880594 0.0095331000772112626 0.0055012380589110456 -0.0393950987860089 0.0089971792394826482 -0.0027622045727211213 -0.023179923894752721 0.00098176742124780675 0.13926778288213817 0.044340717248841088 -0.0036658645844526751 0.0022355054722672791 -0.018511825424285602 -0.65893735796011543 0.051135572886612406 -0.20722269712125363 -0.22158339974172919 -0.05672288066391188 0.022111652183399416 0.052156676832717012 -0.018041737734517772 -0.19673844500403445 -0.045313027110453957 -0.60741990000412449 -0.15978473008200642 0.036010074977749544 -0.068378416824802099 -0.079693141743683527 0.011427680339589304 -0.00016869115454059836
leaf_weight=49.091902581974864 39.449380598962307 23.598504251800478 1587.5092093730345 36.43888699542731 328.52897072955966 72.494561784900725 89.496344485320151 168.3933220198378 6.1872507426887751 7.7509115077555162 2202.1989715415984 21.941888190805912 39.694870279170573 0.49285094812512398 0.86699512600898743 0.38701139390468486 1.0923775937408198 0.46375351306051271 166.0645898533985 0.69830249715596426 147.45967291295528 0.60192503221332927 9.6711943661794049 0.37945156078785658 0.94349026307463724 9.4704113900661433 14.224016033113001 5.2571850121021297 24.485858241096139 14972.334089642391
leaf_count=4417 3472 370 11636 390 2155 834 1428 2220 57 85 25244 855 512 25 46 21 29 28 8226 29 1019 22 305 18 33 375 65 40 182 85247
internal_value=-0.00017222 -0.00025248 -0.000153067 0.00418376 -0.000556847 -0.0150161 -0.0042389 0.00774853 0.0381049 0.0864795 -0.00525096 -0.028127 6.84458e-05 -0.0264334 -0.20644 -0.460249 0.000139147 0.0150126 0.0206507 -0.114834 -0.00456806 -0.028944 -0.066102 -0.304543 0.00652271 0.022101 -4.44206e-05 -0.0252862 -0.00467824 2.81117e-05
internal_weight=20027.7 19988.2 19917.2 1696.44 18220.7 108.933 2645.08 205.93 37.5367 13.9382 2439.15 71.0338 15575.7 41.4417 1.74686 0.879862 15534.2 189.385 167.855 1.79068 2349.66 21.5302 10.5144 0.843205 11.0158 10.0723 15344.8 43.9671 29.743 15300.9
internal_count=149385 145913 140641 12860 127781 1224 30423 2732 512 142 27691 5272 97358 604 92 46 96754 9065 8284 58 26263 781 351 46 430 397 87689 287 222 87402
is_linear=0
shrinkage=0.05


Tree=95
num_leaves=31
num_cat=0
split_feature=17 16 5 11 0 1 17 3 4 5 2 13 4 11 1 1 15 5 3 15 3 2 3 16 1 11 15 1 0 4
split_gain=24.8642 24.3588 21.0808 20.8536 17.4709 16.8576 14.8709 19.1015 23.9665 31.6725 15.2644 14.8133 16.9383 36.2689 38.666 14.664 26.686 22.7412 12.8321 12.1193 10.92 10.8154 10.1749 10.3287 10.2489 10.1541 9.92981 38.6852 31.5933 16.2271
threshold=0.50121879757088084 1.9435791002168969e-08 4.9160008264342143e-05 -0.0030287820983844189 0.00042041174776774609 0.00029338391315592022 0.50394830548589342 0.0021305423451497556 0.0024006219973534697 0.00014247967959709942 3.8801706349289595e-05 71.500000000000014 0.0013619006445488859 0.0028506343989634923 -9.7214501829478981e-05 0.00040869858719971846 68.143485315400838 0.00031431665607193086 0.0014196862223219144 40.602446339856094 -0.001066512139281661 9.1092673979442668e-06 0.00082402371157941367 2.0384576570155264e-05 9.5075762629792684e-05 -0.0057335389807293682 42.857142857143877 -0.000205846404288168 -0.0002406993712208427 0.0011526687575111885
decision_type=2 2 2 2 2 2 2 2 2 2 2 2 2 2 2 2 2 2 2 2 2 2 2 2 2 2 2 2 2 2
left_child=1 3 20 25 15 -6 7 10 -9 -10 11 21 13 -13 -15 17 -17 26 -14 -19 -2 -4 -3 24 -24 -1 -5 -28 -29 -30
right_child=2 22 6 4 5 -7 -8 8 9 -11 -12 12 18 14 -16 16 -18 19 -20 -21 -22 -23 23 -25 -26 -27 27 28 29 -31
leaf_value=-0.04081054459413952 -0.060093719199923123 0.006745216418620254 0.017271754375805071 -0.0017844948056953643 -0.050922945501573363 -0.00039752980592995535 0.050640376404800215 0.02143814634664476 -0.46220102147639724 -0.049458670321333005 0.0075819670759192034 -0.042790958441599074 -0.0040588510504454582 -0.090176097723299931 -0.43520522079633778 -0.051883542703806185 -0.004236230567995383 0.002503328536183395 -0.1821048288837166 0.075973103962298144 0.020403154810709478 -0.11194781841139867 0.01373039672944594 0.017000995151667517 -0.032514437224680795 -0.010567650052377624 0.033458248911330868 0.036549836585562594 0.00031657841195459151 -0.062488753017233167
leaf_weight=31.016180739738047 4.2718268930912009 1552.2099696099758 22.511695314198736 6131.2742040790617 33.47945062071085 32.568565703928471 12.790477020666001 1.5832306593656533 0.87533598672598578 0.99102514982223511 120.14430768229067 13.792192675173284 20.930075567215685 2.0802248716354375 1.3319022450596083 37.847693778574467 131.44618226587772 8.9569761864841002 1.0634009474888433 15.03496579825878 306.5249149473384 1.7448094943538297 15.895270179025827 24.507466119714081 48.651372709311545 263.92452946584672 89.515494927763939 60.295853070914745 10975.345291340724 10.294268582016228
leaf_count=3385 71 11029 918 37119 174 191 1129 44 33 42 3828 157 623 47 33 203 862 75 28 75 11732 51 126 184 345 8287 519 340 67443 158
internal_value=0.000259213 -2.65433e-05 0.0111505 -0.000563359 -0.000341478 -0.0260086 -0.00151893 -0.00508562 -0.121653 -0.243038 -0.00289546 -0.0227334 -0.0417376 -0.0788999 -0.224856 -0.000244384 -0.0148884 -0.000101004 -0.0126675 0.0485444 0.0192967 0.00797678 0.00580225 -0.0106337 -0.0211262 -0.013748 -0.000168597 0.000721131 0.000455831 0.000257726
internal_weight=19972.9 19462.3 510.635 17821 17526.1 66.048 199.839 187.048 3.44959 1.86636 183.599 63.4543 39.1978 17.2043 3.41213 17460 169.294 17290.7 21.9935 23.9919 310.797 24.2565 1641.26 89.0541 64.5466 294.941 17266.7 11135.5 11045.9 10985.6
internal_count=149251 130515 18736 118831 107159 365 6933 5804 119 75 5685 1857 888 237 80 106794 1065 105729 651 150 11803 969 11684 655 471 11672 105579 68460 67941 67601
is_linear=0
shrinkage=0.05


Tree=96
num_leaves=31
num_cat=0
split_feature=17 11 5 17 3 15 15 15 0 0 5 3 11 5 1 15 5 7 4 13 15 2 1 3 4 3 4 13 3 2
split_gain=22.8241 21.2384 19.4261 14.0077 14.6419 17.0842 20.4556 23.6013 13.8312 27.7769 19.9964 18.0572 20.0777 16.9066 19.58 30.4221 16.3154 13.8236 14.9612 16.5191 35.154 15.5666 13.9188 14.1595 29.5729 32.9923 13.5434 16.0777 20.7318 13.9122
threshold=0.50121879757088084 -0.0057335389807293682 4.9160008264342143e-05 0.50394830548589342 0.0021305423451497556 83.086767674218493 53.822938829992069 68.143485315400838 1.3814745913887097e-07 1.3739761894893124e-07 0.00031431665607193086 0.0003133637623692343 0.00022360122501685622 0.00012658608346980676 -0.00047463089913896134 60.650592426921285 0.00019996833642653864 0.45000000000000007 -0.00033652218236140946 61.500000000000007 99.928768586341775 -1.369065298351124e-07 -0.00011692220735964874 -0.0014893049163060554 -0.0017249506549844582 -0.0022044437085020348 -0.00028402197685190028 101.50000000000001 -2.3662831072635001e-05 -0.00029586296867190048
decision_type=2 2 2 2 2 2 2 2 2 2 2 2 2 2 2 2 2 2 2 2 2 2 2 2 2 2 2 2 2 2
left_child=1 -1 -2 4 -4 6 -6 -8 9 10 17 12 -11 -10 -15 16 -16 18 19 20 -3 -21 -23 24 25 -24 27 -20 29 -29
right_child=2 8 3 -5 5 -7 7 -9 13 11 -12 -13 -14 14 15 -17 -18 -19 26 21 -22 22 23 -25 -26 -27 -28 28 -30 -31
leaf_value=-0.038135024358465254 0.018675031035836485 -0.0072719736725069279 -0.0026963339859717439 0.050608865078824977 0.004014770884489813 0.052729873385276439 -0.49128677718735514 -0.11119233627545536 0.0030778513752493081 -0.023890049411075191 0.033939632273579302 0.052412307133817997 -0.091009665094733919 0.033189284808191936 -0.017640232078576786 0.0036755038093019762 -0.056649548831088262 0.011208400833693738 0.016942889638601823 -0.0061450127601793761 -0.046459610883614742 0.023472805241515002 -0.053075662466455301 0.00017123571496936084 -0.0093802387909385984 0.3916291186842944 -0.00043568380385045053 0.016033969304429282 0.019718054978394926 -0.019805706067984336
leaf_weight=36.489962564781308 305.25188523996621 465.82266079355031 184.06754865683615 12.174061991274355 1.0257074749097226 1.2452718056738374 0.73539671953767516 0.91850139107555151 4521.8945477651432 37.524638798087835 41.840847462415695 5.3648042976856223 15.847138635814188 23.266877773217857 66.10864426381886 109.46257223747671 45.083332361653447 240.6485240617767 249.55417467281222 1221.128181586042 65.244820388965309 71.286025209352374 0.62860143091529597 984.83773162867874 3.1322037838399401 1.2393919713795183 11016.194881040603 34.850797548890114 78.24356846511364 121.39633017778397
leaf_count=4112 11803 6922 5685 1129 27 38 23 31 28912 207 315 35 87 161 452 801 269 1657 1574 11926 1849 646 16 8670 36 44 60656 164 388 616
internal_value=0.000247216 -2.52717e-05 0.0107372 -0.00136802 -0.00473395 -0.100294 -0.171407 -0.280199 4.63339e-05 -0.0007146 -0.000576511 -0.0350297 -0.0438192 0.00238619 -0.0104361 -0.0150361 -0.0334568 -0.000675739 -0.000875542 -0.00414385 -0.0120864 -0.00229567 0.00213411 0.000597347 0.0845242 0.241981 -7.60107e-05 0.00810965 -0.00129102 -0.0118117
internal_weight=19962.5 19457.1 505.418 200.166 187.992 3.92488 2.67961 1.6539 19420.6 14654.8 14596 58.7366 53.3718 4765.82 243.921 220.655 111.192 14554.2 14313.6 2813.32 531.067 2282.25 1061.12 989.838 5.0002 1.86799 11500.2 484.045 234.491 156.247
internal_count=149251 130515 18736 6933 5804 119 81 54 126403 95808 95479 329 294 30595 1683 1522 721 95164 93507 30109 8771 21338 9412 8766 96 60 63398 2742 1168 780
is_linear=0
shrinkage=0.05


Tree=97
num_leaves=31
num_cat=0
split_feature=16 17 11 6 0 6 0 1 2 1 16 3 4 16 11 3 2 4 6 3 1 1 0 11 6 2 4 4 7 4
split_gain=20.8765 21.616 18.5816 16.7869 18.0364 22.9209 14.7965 14.5587 15.0254 14.2083 12.5428 11.1703 20.5294 14.1155 11.0097 10.3028 17.083 15.5478 13.012 10.8636 9.56046 13.8076 9.48921 9.48332 19.2483 22.5779 12.6534 11.9576 21.0782 16.524
threshold=1.9435791002168969e-08 0.50141725614703836 -0.0030287820983844189 0.00012634095291894602 -0.00013424587270394192 0.00013352685940516703 0.00042041174776774609 0.00040869858719971846 0.00039181469954574505 0.00029338391315592022 -1.0000000180025095e-35 0.0021305423451497556 0.0019733031347111134 -1.6751781876997624e-08 0.0050239426122506989 0.00049442452035408657 0.00065017195598526822 -0.00026237230047582155 0.00025251110791664288 -0.00015129129536062266 -0.00054407797420985549 -3.4217712233552959e-05 -0.00023153481435850273 -0.0014421182021627785 0.00019722151139562653 -0.00014170194105728171 -0.00059522343061124683 -0.00049183936037577858 1.0000000180025095e-35 -0.00048083063918047392
decision_type=2 2 2 2 2 2 2 2 2 2 2 2 2 2 2 2 2 2 2 2 2 2 2 2 2 2 2 2 2 2
left_child=1 2 -1 11 5 22 7 15 10 -8 -9 -3 -13 -14 20 16 23 19 -17 -18 -7 -22 -5 24 -4 -26 -25 28 -28 -29
right_child=-2 3 6 4 -6 14 9 8 -10 -11 -12 12 13 -15 -16 18 17 -19 -20 -21 21 -23 -24 26 25 -27 27 29 -30 -31
leaf_value=-0.013028524908230091 0.0055009585929667003 0.020968464152194291 -0.0051692238881420527 -0.14842262591964481 0.0052862605894351822 -0.19426034790200505 -0.046894803492005477 -0.0052403182431168928 -0.0029931302991164262 -0.00094168067750663464 -0.049901415640624835 -0.39068371842301408 -0.2569556251151856 0.051647192534999775 0.022096817861812501 0.0040603631965783265 -0.051820873731452777 -0.045783653959268547 0.056133910280072113 0.046195309259369745 0.031937844117427519 -0.14796068872730381 -0.45815416110147456 0.011094418988251541 0.010330037413853028 0.12476793490190451 -0.026999612851572753 0.027172569093712042 -0.0015897508913912573 4.392681963355383e-05
leaf_weight=289.54792288597673 1719.7025059070438 210.39366482011974 1262.7277556601912 0.49925165809690952 25.579435022547841 1.6079556448385117 33.268290977925062 25.188608005642891 108.32562692277133 34.024013165384531 41.825067851692438 0.45013449806719963 0.47990025673061687 1.6260482994839542 3.4570147106423974 1101.6258875727654 4.0359232462942609 37.517232909798622 12.128438618034123 9.4372191131114924 2.3049771720543504 1.9852486858144383 0.4899789709597816 257.24302548915148 15.138187915086748 6.0256711654365054 111.97301079332829 56.351972632110119 301.02658342570066 14273.467471281067
leaf_count=11672 14563 11022 15516 27 1239 31 178 146 776 210 236 10 16 90 250 8049 28 200 72 67 66 45 20 1785 164 42 825 373 1930 79603
internal_value=0.000234759 -0.000262028 -0.000464587 0.0143727 -0.0172438 -0.0729554 -0.000258957 -0.000169606 -0.0145054 -0.0236602 -0.0331145 0.0197062 -0.0841884 -0.0186767 -0.0487532 -2.55486e-05 -0.000342799 -0.0292382 0.00462743 0.0168342 -0.0902795 -0.051308 -0.301837 -0.000252318 -0.00437664 0.0429122 0.000100692 -9.11338e-05 -0.00847891 0.00015061
internal_weight=19949.5 18229.8 17980.9 248.874 35.9239 10.3444 17691.3 17624 175.339 67.2923 67.0137 212.95 2.55608 2.10595 9.3552 17448.7 16334.9 50.9904 1113.75 13.4731 5.89818 4.29023 0.989231 16284 1283.89 21.1639 15000.1 14742.8 413 14329.8
internal_count=149251 134688 121872 12816 1678 439 110200 109812 1158 388 382 11138 116 106 392 108654 100533 295 8121 95 142 111 47 100238 15722 206 84516 82731 2755 79976
is_linear=0
shrinkage=0.05


Tree=98
num_leaves=31
num_cat=0
split_feature=17 4 4 13 4 5 3 2 4 6 6 6 6 2 3 3 2 7 1 6 4 5 5 5 3 3 3 3 4 3
split_gain=20.2537 19.9979 13.7047 16.0313 13.8566 21.6104 23.4741 19.3201 13.6192 15.9957 17.4031 14.2146 13.3575 36.6353 21.96 15.6132 14.0648 13.1499 19.6425 12.3877 12.3213 24.8552 23.2712 16.9948 31.6272 33.9375 26.9487 24.8503 19.2007 22.1327
threshold=0.50352184636074004 -0.0019971514738241765 0.00032799826252982728 121.50000000000001 0.00080855371271515441 1.81042353030237e-05 -0.00091620658941710109 0.00011507201357485731 0.00031931306902943662 1.5237120826613127e-05 8.3517157063616687e-06 2.3159841606262301e-05 3.8322444335777621e-05 9.1092673979442668e-06 -0.00042530097323628663 0.00064313247995928535 -0.00020986454373383975 0.45000000000000007 8.7966447611553824e-05 6.2926081734180264e-06 0.00068368253209516461 7.5900859026927697e-08 7.3996250451296074e-08 1.0000000180025095e-35 0.00019388218106164426 0.00013424743642420636 0.00013800097348692922 0.00035239868004732783 0.00036221464669916609 6.796017567500813e-05
decision_type=2 2 2 2 2 2 2 2 2 2 2 2 2 2 2 2 2 2 2 2 2 2 2 2 2 2 2 2 2 2
left_child=1 -1 8 4 20 6 -6 -7 17 10 19 -11 13 14 -5 16 -16 -3 -19 -10 23 22 -22 24 25 28 -27 -25 -4 -30
right_child=-2 2 3 12 5 7 -8 -9 9 11 -12 -13 -14 -15 15 -17 -18 18 -20 -21 21 -23 -24 27 -26 26 -28 -29 29 -31
leaf_value=-0.033730466791269752 0.046360178762222155 -0.00063215177353813802 0.057499117633614087 -0.063515840512882324 -0.081898837601548438 -0.0081608935773361188 0.029096395623598798 0.015771630149655696 -0.039516980471800252 0.047705890779178334 -0.11467934263480623 -0.014286152468542635 -0.0080963903168020605 0.018327144468439582 0.027512811318786148 0.025988746711719714 -0.0091180424216940389 0.019543820993468113 0.0016857283969915191 0.062432846310946845 -0.027446472716070876 0.0017137847990612524 -0.191905857302204 0.0064226371382384295 0.043568380290983484 -0.17330994902117469 -0.027472350682479427 -0.0086122450609964363 -0.0025426445437499402 0.057306760038499771
leaf_weight=43.411856172606349 23.759180629625916 15053.868391271681 21.456794451922178 15.844024268910287 4.8929243870079508 154.25079521909356 179.99774463288486 186.02945678588003 26.390802707523111 11.145961254835127 7.1916915848851195 54.275819800794125 498.79474039748311 242.6408465988934 28.161869050934911 40.494506843388081 377.08352357335389 196.91695459652692 706.19027732778341 3.3588297106325617 64.88401794526726 228.3772921487689 2.2247582003474227 1183.5569087304175 77.299880906008184 3.7994437590241459 19.049706606194377 357.95511135086417 105.15710757859051 18.107303008437157
leaf_count=4148 2346 92435 192 98 42 4051 6185 5300 158 66 42 302 4447 1856 188 531 2768 1290 4380 28 812 2783 30 9439 928 30 183 2949 1040 204
internal_value=0.00022338 0.000168332 0.000242396 0.00293833 0.00514152 0.0123992 0.026159 0.00492289 -0.000397212 -0.0185769 -0.0448799 -0.00372452 -0.00183615 0.00259792 -0.00567047 -0.00361433 -0.00657244 -0.00028059 0.00557958 -0.0280065 0.00331069 -0.00614713 -0.0328986 0.00487511 0.0171113 0.00490671 -0.0517228 0.00293138 0.0138476 0.00624912
internal_weight=19936.6 19912.8 19869.4 3810.06 2607.04 525.171 184.891 340.28 16059.3 102.363 36.9413 65.4218 1203.02 704.225 461.584 445.74 405.245 15957 903.107 29.7496 2081.87 295.486 67.1088 1786.38 244.87 167.57 22.8492 1541.51 144.721 123.264
internal_count=149251 146905 142757 44056 34168 15578 6227 9351 98701 596 228 368 9888 5441 3585 3487 2956 98105 5670 186 18590 3625 842 14965 2577 1649 213 12388 1436 1244
is_linear=0
shrinkage=0.05


Tree=99
num_leaves=31
num_cat=0
split_feature=17 11 16 0 1 17 1 15 0 6 17 4 6 13 4 2 6 4 7 17 6 11 6 15 16 6 4 4 6 4
split_gain=19.1783 19.0141 18.263 14.5178 33.9908 15.8136 17.3335 14.1321 12.7029 13.3752 14.7587 12.013 17.0215 18.4815 15.5301 16.0428 18.6129 14.5932 20.2687 19.7498 15.3371 15.0306 18.4444 14.3471 23.5521 20.5522 15.911 22.849 14.8649 15.3424
threshold=0.50352184636074004 -0.0057335389807293682 1.9435791002168969e-08 0.00015301519518440279 0.00016495599093058202 0.50121879757088084 0.00047643897197413582 72.134285269586229 -8.2011345512889009e-05 0.00012634095291894602 0.5014568886817744 -0.00033652218236140946 0.00025251110791664288 111.50000000000001 -0.00028402197685190028 -6.3854230204440907e-05 1.0570154322848141e-05 -0.00030094287203069609 1.0000000180025095e-35 0.49970378719766256 2.4245823931828572e-05 -0.00083602611152244755 2.0689427673921777e-05 99.85994397756258 -1.0000000180025095e-35 4.5974617648987766e-05 -0.0010588168865152123 -0.0012111699806186536 6.7877781892627719e-08 -0.0010849656212741363
decision_type=2 2 2 2 2 2 2 2 2 2 2 2 2 2 2 2 2 2 2 2 2 2 2 2 2 2 2 2 2 2
left_child=1 -1 3 5 -5 6 11 -8 9 -7 -11 12 13 -3 15 16 -13 18 -18 20 21 -19 -23 25 -25 -15 27 -26 29 -29
right_child=-2 2 -4 4 -6 8 7 -9 -10 10 -12 14 -14 23 -16 -17 17 19 -20 -21 -22 22 -24 24 26 -27 -28 28 -30 -31
leaf_value=-0.037199415264493878 0.046139261970374171 -0.0062023785927790452 0.0051698687726727914 -0.024846948074256123 0.00041639369034642134 0.0031751731988981327 -0.051831482190402345 -0.0077697547726637579 0.015104345938359704 0.012688949101713877 -0.085499921697553272 0.14592824966714538 0.036303482297194899 -0.0070207561676115405 0.00021977562293685251 0.0018860185609422707 -0.035057472474618788 0.1778615811552699 0.016321487958883024 -0.016754242399458288 0.033275363625145181 0.018414098088272959 0.15215945355332172 -0.036988494063306836 0.018088006705106876 0.0072972515314088217 0.010759023019707398 0.093082364610338961 0.0038104245366316503 0.24146234369815006
leaf_weight=33.997778240591288 22.705946421250701 1962.1712811086327 1706.8057827064767 197.99479351192713 406.4928817525506 57.349135022610426 28.333333264105022 50.872542877681553 288.12065750267357 6.1698922887444523 10.078534090891479 2.8582882285118094 27.64006628934294 639.24478286132216 13201.868186019361 340.64328468590975 22.811654176563025 3.767177887260913 121.08396166563034 14.646883726119993 45.222415752708912 7.7463779598474485 3.8634363263845444 23.771015460602939 19.985217721201483 412.26832953281701 255.97825176268816 5.0338576883077621 2.4861778579652309 2.6641689315438253
leaf_count=4112 2346 24332 13319 1472 3387 1781 161 376 10819 53 307 17 266 4858 72536 1922 167 28 644 71 236 43 20 205 345 3636 1688 57 26 21
internal_value=0.000213414 0.000161018 0.000224948 -0.000239781 -0.0078584 2.25332e-05 -0.000195112 -0.0235314 0.0103687 -0.00817053 -0.0482154 -8.71191e-05 -0.00277169 -0.00309665 0.000566493 0.00870187 0.0191603 0.0175068 0.00817642 0.0353497 0.0479432 0.09108 0.062921 0.0013795 0.010834 -0.00140707 0.0148067 0.04915 0.110105 0.144434
internal_weight=19924.7 19902 19868 18161.2 604.488 17556.7 17195 79.2059 361.718 73.5976 16.2484 17115.8 3351.24 3323.6 13764.5 562.643 222 219.142 143.896 75.2463 60.5994 15.377 11.6098 1361.43 309.919 1051.51 286.148 30.1694 10.1842 7.69803
internal_count=149251 146905 142793 129474 4859 124615 111655 537 12960 2141 360 111118 35434 35168 75684 3148 1226 1209 811 398 327 91 63 10836 2342 8494 2137 449 104 78
is_linear=0
shrinkage=0.05


end of trees

feature_importances:
ret_60s=401
vol_30s=387
ob_imbalance=333
rsi=314
ret_from_open=303
fair_up=278
seconds_left=254
vol_10s=140
ret_30s=108
up_ratio=95
ema_cross=92
ret_10s=90
ret_5s=80
time_decay=70
fair_dev=55

parameters:
[boosting: gbdt]
[objective: binary]
[metric: auc]
[tree_learner: serial]
[device_type: cpu]
[data_sample_strategy: bagging]
[data: ]
[valid: ]
[num_iterations: 500]
[learning_rate: 0.05]
[num_leaves: 31]
[num_threads: 0]
[seed: 42]
[deterministic: 0]
[force_col_wise: 0]
[force_row_wise: 0]
[histogram_pool_size: -1]
[max_depth: -1]
[min_data_in_leaf: 20]
[min_sum_hessian_in_leaf: 0.001]
[bagging_fraction: 0.8]
[pos_bagging_fraction: 1]
[neg_bagging_fraction: 1]
[bagging_freq: 5]
[bagging_seed: 400]
[bagging_by_query: 0]
[feature_fraction: 0.8]
[feature_fraction_bynode: 1]
[feature_fraction_seed: 30056]
[extra_trees: 0]
[extra_seed: 12879]
[early_stopping_round: 0]
[early_stopping_min_delta: 0]
[first_metric_only: 0]
[max_delta_step: 0]
[lambda_l1: 0]
[lambda_l2: 0]
[linear_lambda: 0]
[min_gain_to_split: 0]
[drop_rate: 0.1]
[max_drop: 50]
[skip_drop: 0.5]
[xgboost_dart_mode: 0]
[uniform_drop: 0]
[drop_seed: 17869]
[top_rate: 0.2]
[other_rate: 0.1]
[min_data_per_group: 100]
[max_cat_threshold: 32]
[cat_l2: 10]
[cat_smooth: 10]
[max_cat_to_onehot: 4]
[top_k: 20]
[monotone_constraints: ]
[monotone_constraints_method: basic]
[monotone_penalty: 0]
[feature_contri: ]
[forcedsplits_filename: ]
[refit_decay_rate: 0.9]
[cegb_tradeoff: 1]
[cegb_penalty_split: 0]
[cegb_penalty_feature_lazy: ]
[cegb_penalty_feature_coupled: ]
[path_smooth: 0]
[interaction_constraints: ]
[verbosity: -1]
[saved_feature_importance_type: 0]
[use_quantized_grad: 0]
[num_grad_quant_bins: 4]
[quant_train_renew_leaf: 0]
[stochastic_rounding: 1]
[linear_tree: 0]
[max_bin: 255]
[max_bin_by_feature: ]
[min_data_in_bin: 3]
[bin_construct_sample_cnt: 200000]
[data_random_seed: 175]
[is_enable_sparse: 1]
[enable_bundle: 1]
[use_missing: 1]
[zero_as_missing: 0]
[feature_pre_filter: 1]
[pre_partition: 0]
[two_round: 0]
[header: 0]
[label_column: ]
[weight_column: ]
[group_column: ]
[ignore_column: ]
[categorical_feature: ]
[forcedbins_filename: ]
[precise_float_parser: 0]
[parser_config_file: ]
[objective_seed: 16083]
[num_class: 1]
[is_unbalance: 0]
[scale_pos_weight: 1]
[sigmoid: 1]
[boost_from_average: 1]
[reg_sqrt: 0]
[alpha: 0.9]
[fair_c: 1]
[poisson_max_delta_step: 0.7]
[tweedie_variance_power: 1.5]
[lambdarank_truncation_level: 30]
[lambdarank_norm: 1]
[label_gain: ]
[lambdarank_position_bias_regularization: 0]
[eval_at: ]
[multi_error_top_k: 1]
[auc_mu_weights: ]
[num_machines: 1]
[local_listen_port: 12400]
[time_out: 120]
[machine_list_filename: ]
[machines: ]
[gpu_platform_id: -1]
[gpu_device_id: -1]
[gpu_use_dp: 0]
[num_gpu: 1]

end of parameters

pandas_categorical:null
